tradeDate,stockCode,stockName,openPrice,highPrice,lowPrice,closePrice,changeSign,change,totalShares,totalAmount,foreignNetShares,investmentNetShares,dealerNetShares,foreignBuyShares,investmentBuyShares,dealerBuyShares,foreignSellShares,investmentSellShares,dealerSellShares
20251014,00919,群益台灣精選高息,21.23,21.55,21.21,21.25,+,0.09,143916246,3083033358.0,34046594,0,57270247,42174260,0,70561408,8127666,0,13291161
20251014,00940,元大台灣價值高息,9.44,9.55,9.35,9.36,-,0.03,78995566,749310605.0,1297618,0,47381697,5414100,0,57214820,4116482,0,9833123
20251014,2883,凱基金,15.2,15.6,15.2,15.3,+,0.2,103916024,1602986365.0,36813393,5836286,3131447,68483500,6143286,3697447,31670107,307000,566000
20251014,2887,台新新光金,18.85,19.25,18.8,19.0,+,0.45,171866059,3280772339.0,37926271,3140376,2821585,91943903,7219376,3841585,54017632,4079000,1020000
20251014,00882,中信中國高股息,14.07,14.33,14.06,14.22,+,0.26,36549231,520219177.0,5710000,0,22776619,6557000,0,25814441,847000,0,3037822
20251014,2890,永豐金,26.05,26.5,26.05,26.25,+,0.1,40911180,1077632708.0,17382643,1546574,2271405,27330735,1741221,2799856,9948092,194647,528451
20251014,00939,統一台灣高息動能,14.21,14.33,14.05,14.05,,0.0,19012265,271099746.0,3009900,0,12346590,3431000,0,13980089,421100,0,1633499
20251014,2408,南亞科,98.1,101.0,87.1,89.1,-,6.5,371601393,34957584262.0,19497816,9382000,-14453632,101079574,9760000,5973079,81581758,378000,20426711
20251014,00713,元大台灣高息低波,51.35,51.75,51.1,51.15,+,0.05,17187550,885023200.0,7846129,0,5561152,7989129,0,6446531,143000,0,885379
20251014,00961,FT臺灣永續高息,9.47,9.6,9.4,9.42,+,0.03,15941121,151908233.0,1478790,0,9574464,1994000,0,12926188,515210,0,3351724
20251014,00757,統一FANG+,119.15,119.3,117.65,117.9,+,0.7,12898964,1523575916.0,2960467,0,8060911,3057217,0,9129911,96750,0,1069000
20251014,2027,大成鋼,39.0,40.3,38.75,39.6,+,0.8,35106132,1384251798.0,6415158,-922000,2855025,14225123,0,3345780,7809965,922000,490755
20251014,2618,長榮航,37.3,38.4,37.3,37.55,+,0.25,33688660,1276468905.0,8081664,-1320525,1161522,21075441,69046,1564516,12993777,1389571,402994
20251014,2606,裕民,56.7,60.2,56.6,59.0,+,4.2,36132035,2149976591.0,8756974,-1929994,739561,13411174,0,1555360,4654200,1929994,815799
20251014,2881,富邦金,88.8,90.2,88.2,88.2,+,0.4,25886313,2308712651.0,8658250,-991002,-107549,17839640,160150,672677,9181390,1151152,780226
20251014,2303,聯電,46.0,46.35,44.85,44.85,-,0.6,46680706,2125938933.0,8577291,-3633537,2223089,26322224,670602,3381820,17744933,4304139,1158731
20251014,2892,第一金,29.0,29.5,29.0,29.35,+,0.3,16594977,486428913.0,7373658,-165794,-80449,14950506,206,407551,7576848,166000,488000
20251014,00885,富邦越南,17.72,18.09,17.72,18.04,+,0.57,27077104,486776080.0,1886919,0,5061012,6620019,0,10341810,4733100,0,5280798
20251014,2886,兆豐金,41.5,42.25,41.5,42.1,+,0.45,17168431,722142462.0,5288874,50848,1266834,13091808,513213,2178834,7802934,462365,912000
20251014,2880,華南金,29.45,29.6,29.25,29.5,+,0.25,19779016,583581056.0,6548688,252162,-377000,14927182,428162,3005000,8378494,176000,3382000
20251014,00878,國泰永續高股息,21.48,21.55,21.19,21.2,-,0.11,55161311,1178689758.0,-6128794,0,12435110,858428,0,22513991,6987222,0,10078881
20251014,2882,國泰金,65.4,66.9,65.4,65.5,+,0.2,25653861,1697201999.0,7931995,-1526999,-121267,19660946,165171,1284216,11728951,1692170,1405483
20251014,8112,至上,46.75,50.2,46.65,48.5,+,2.8,40729225,2010813463.0,5388366,1121977,-328822,13619366,1124000,676058,8231000,2023,1004880
20251014,2867,三商壽,6.17,6.26,6.12,6.12,+,0.01,19315971,119510003.0,6977469,0,-1292000,8391469,0,96000,1414000,0,1388000
20251014,2481,強茂,75.0,80.4,74.8,77.1,+,3.7,48230794,3759124978.0,4148584,847000,470250,14687584,847000,994126,10539000,0,523876
20251014,2801,彰銀,20.2,20.45,20.15,20.2,,0.0,21775631,441752712.0,5056572,-41278,198000,13857649,88116,329000,8801077,129394,131000
20251014,4904,遠傳,91.1,92.7,91.0,91.6,+,0.4,9685580,891657928.0,4933847,348031,-161320,8498881,387031,130680,3565034,39000,292000
20251014,00915,凱基優選高股息30,22.56,22.75,22.41,22.42,+,0.03,7175478,162418182.0,-201161,0,5298649,210150,0,6447824,411311,0,1149175
20251014,00941,中信上游半導體,15.76,15.82,15.64,15.64,-,0.06,6395877,100697626.0,-36000,0,5006649,140000,0,5687639,176000,0,680990
20251014,2610,華航,20.4,21.0,20.4,20.45,+,0.15,35102672,726848114.0,4590419,-205658,535065,20534401,4050,953512,15943982,209708,418447
20251014,00929,復華台灣科技優息,18.6,18.67,18.14,18.15,-,0.28,24760700,455917332.0,-241299,0,4257643,1283701,0,11609350,1525000,0,7351707
20251014,2603,長榮,180.0,194.0,180.0,189.0,+,10.0,55505101,10529028850.0,3708441,-698968,970248,18927540,19220,1679436,15219099,718188,709188
20251014,2421,建準,132.5,138.5,131.0,135.0,+,4.0,13652547,1853831928.0,3447870,5000,368299,6450900,5000,487954,3003030,0,119655
20251014,00924,復華S&P500成長,27.97,28.0,27.7,27.73,-,0.02,6913573,192089170.0,202110,0,3419473,487110,0,5382999,285000,0,1963526
20251014,1314,中石化,7.39,7.44,7.27,7.29,-,0.04,11864759,87197219.0,3247996,0,231002,6583000,0,261002,3335004,0,30000
20251014,2457,飛宏,24.5,26.15,24.5,25.1,+,0.65,9160928,233985559.0,3065000,0,168244,4200000,0,210296,1135000,0,42052
20251014,2605,新興,23.35,24.8,23.35,24.8,+,2.25,14451067,354839300.0,2744000,0,454791,3972000,0,512977,1228000,0,58186
20251014,3045,台灣大,110.0,111.5,110.0,110.5,,0.0,6953267,770020719.0,3364497,-5969,-163088,4992728,29031,117232,1628231,35000,280320
20251014,2313,華通,89.2,90.5,83.7,84.0,-,4.1,56872389,4903282196.0,5369530,-1518000,-863377,21010351,4000,981011,15640821,1522000,1844388
20251014,00918,大華優利高填息30,22.45,22.52,22.13,22.16,-,0.1,19996747,446921221.0,1123300,0,1827461,1769300,0,7492946,646000,0,5665485
20251014,1316,上曜,16.2,17.15,15.9,16.2,+,0.6,28292374,466067381.0,2842000,0,14583,8427000,0,14583,5585000,0,0
20251014,8110,華東,24.5,24.8,22.0,22.5,-,0.95,43430124,1003691827.0,2778090,0,-15336,13986090,0,23447,11208000,0,38783
20251014,3036,文曄,140.5,144.0,140.0,140.0,+,1.0,8316572,1180566601.0,2112616,247000,399364,5659623,359000,501217,3547007,112000,101853
20251014,3450,聯鈞,266.0,268.0,240.0,241.0,-,21.5,18005226,4522630414.0,4635161,-1748000,-372300,7988981,0,512878,3353820,1748000,885178
20251014,2834,臺企銀,15.45,15.65,15.45,15.45,,0.0,20106693,312131822.0,2504611,-110682,43696,10065024,128,257696,7560413,110810,214000
20251014,2884,玉山金,32.5,33.1,32.5,32.8,+,0.3,31252464,1027441659.0,2557803,-94876,-41335,19492028,307258,445823,16934225,402134,487158
20251014,6191,精成科,115.0,115.5,106.0,107.0,-,5.5,17445090,1914716638.0,3070455,-6000,-671300,8589276,1000,160120,5518821,7000,831420
20251014,00951,台新日本半導體,10.39,10.57,10.2,10.2,+,0.03,5116829,53105689.0,-163000,0,2495210,329000,0,3694988,492000,0,1199778
20251014,2838,聯邦銀,19.5,19.95,19.45,19.55,+,0.55,5094074,100254258.0,2278140,0,53060,4097140,0,96060,1819000,0,43000
20251014,9945,潤泰新,29.15,29.75,29.15,29.35,+,0.25,6503904,191853882.0,2167743,-26000,171948,4436743,0,237573,2269000,26000,65625
20251014,8021,尖點,113.5,114.5,103.5,104.5,-,7.5,26063551,2795193729.0,2281227,6000,-27050,8446677,31000,71168,6165450,25000,98218
20251014,2498,宏達電,54.9,55.2,51.7,52.0,-,2.6,25670505,1359376866.0,3687617,-11000,-1441570,9916717,0,232233,6229100,11000,1673803
20251014,2891,中信金,42.2,43.0,42.2,42.35,+,0.2,36178151,1541935222.0,2056737,-2470278,2491192,25232570,855299,3110314,23175833,3325577,619122
20251014,00902,中信電池及儲能,11.83,12.0,11.61,11.69,+,0.24,6621485,78299417.0,22000,0,2046026,354000,0,4380926,332000,0,2334900
20251014,00909,國泰數位支付服務,49.93,49.93,48.54,48.6,-,0.51,10828613,532042613.0,1404550,0,621141,2165550,0,3461000,761000,0,2839859
20251014,1609,大亞,42.8,42.85,41.05,41.1,-,0.9,10541054,442688037.0,2060576,14000,-235901,4012576,14000,173794,1952000,0,409695
20251014,2337,旺宏,27.35,28.0,25.7,25.7,-,1.05,76490727,2040758692.0,2726940,0,-927146,26218000,0,1292501,23491060,0,2219647
20251014,2845,遠東銀,12.3,12.45,12.3,12.35,+,0.05,14678412,181931274.0,1999186,-57000,-158000,6939442,0,102000,4940256,57000,260000
20251014,3026,禾伸堂,103.0,103.5,99.5,100.5,-,1.5,3309736,334211319.0,1633200,0,56609,2023200,0,79831,390000,0,23222
20251014,4763,材料*-KY,60.9,61.5,59.4,59.5,-,1.2,7285391,439972753.0,1730046,-18000,-80398,3366206,2000,82898,1636160,20000,163296
20251014,1101,台泥,23.1,23.3,22.8,22.9,-,0.1,25371337,584351078.0,3264790,-1718881,82572,12393137,119,356288,9128347,1719000,273716
20251014,2543,皇昌,74.5,77.7,72.5,72.5,-,1.5,7176199,539494294.0,1426307,0,139783,2771197,0,216063,1344890,0,76280
20251014,9907,統一實,18.0,18.35,17.95,17.95,,0.0,4138513,75183976.0,1491087,0,19000,3105000,0,27000,1613913,0,8000
20251014,2363,矽統,58.2,60.1,56.4,56.8,-,1.0,10640378,620301306.0,1544000,-20000,-74479,3106000,0,134823,1562000,20000,209302
20251014,3017,奇鋐,1180.0,1230.0,1155.0,1155.0,-,5.0,13218749,15731062705.0,623237,633833,163877,4920188,636006,486977,4296951,2173,323100
20251014,1711,永光,19.65,19.8,18.8,18.9,-,0.7,6172365,118294059.0,1453000,0,-121041,2204000,0,11759,751000,0,132800
20251014,00923,群益台ESG低碳50,24.52,24.58,23.96,23.98,-,0.14,4732187,115338945.0,-24000,0,1344069,236000,0,3180944,260000,0,1836875
20251014,1104,環泥,30.55,30.9,30.3,30.4,+,0.45,1999160,61163620.0,1088210,36000,180548,1304210,36000,185000,216000,0,4452
20251014,00934,中信成長高股息,20.29,20.36,19.9,19.95,-,0.15,3825215,77158248.0,998000,0,303256,1210000,0,1981720,212000,0,1678464
20251014,2612,中航,52.8,55.2,52.8,55.2,+,5.0,4697974,257895171.0,1221505,0,54443,1540000,0,66089,318495,0,11646
20251014,00907,永豐優息存股,15.56,15.8,15.56,15.62,+,0.13,2091889,32824676.0,53000,0,1221476,73000,0,1883913,20000,0,662437
20251014,1608,華榮,32.0,32.3,29.7,29.95,-,1.65,9328092,285135770.0,1639000,-4000,-373242,3282000,0,12373,1643000,4000,385615
20251014,2548,華固,100.0,104.0,99.9,101.5,+,2.5,2877767,294941341.0,1154710,0,75195,1489000,0,210195,334290,0,135000
20251014,2476,鉅祥,102.5,103.5,96.9,97.8,-,3.7,5219996,516349048.0,1309000,0,-115898,2146000,0,16523,837000,0,132421
20251014,1513,中興電,156.5,159.5,154.5,155.0,-,0.5,3950786,620874295.0,1218981,-92467,60984,2182519,0,164640,963538,92467,103656
20251014,2375,凱美,78.2,78.8,74.5,74.8,-,2.6,5070866,385736751.0,1196000,0,-20871,2089000,0,5179,893000,0,26050
20251014,8926,台汽電,48.45,49.0,48.2,48.75,+,0.25,2560603,124889360.0,1109000,23000,13000,1650000,23000,17000,541000,0,4000
20251014,6239,力成,155.5,156.5,147.0,147.5,-,6.0,10016800,1513326813.0,2071545,-878708,-56187,5275867,8000,332903,3204322,886708,389090
20251014,1402,遠東新,27.2,27.7,27.2,27.4,+,0.2,8967441,246845754.0,1084121,-157949,209029,6080703,80051,322000,4996582,238000,112971
20251014,1312,國喬,10.2,10.3,9.94,10.0,+,0.05,5567406,56159999.0,915724,0,140909,2962724,0,229965,2047000,0,89056
20251014,00701,國泰股利精選30,27.6,27.87,27.6,27.8,+,0.21,2360796,65594158.0,111000,0,932891,111000,0,1952901,0,0,1020010
20251014,2637,慧洋-KY,63.0,68.2,63.0,66.6,+,4.3,38830802,2583656663.0,1646000,-1126700,489385,11846000,94300,1016677,10200000,1221000,527292
20251014,2495,普安,22.6,23.6,22.25,22.35,+,0.1,4964355,113344225.0,838000,-20000,188065,1556000,0,191677,718000,20000,3612
20251014,2211,長榮鋼,107.5,111.5,105.0,109.5,+,5.5,4603051,502242936.0,998337,6017,-403,2337000,11000,55556,1338663,4983,55959
20251014,1216,統一,77.5,78.6,77.5,78.0,+,0.4,10418858,814887033.0,-455961,458084,972457,6374499,544084,1227105,6830460,86000,254648
20251014,00927,群益半導體收益,20.36,20.47,19.73,19.77,-,0.26,5451600,109657984.0,-42009,0,1015700,504000,0,3225294,546009,0,2209594
20251014,00936,台新永續高息中小,15.78,15.86,15.45,15.47,-,0.15,3159922,49503322.0,-46000,0,996233,241000,0,2417897,287000,0,1421664
20251014,4739,康普,70.3,75.1,67.6,67.6,-,2.5,5869229,415468721.0,946016,0,-4020,2301000,0,27001,1354984,0,31021
20251014,6757,台灣虎航,75.3,77.6,75.3,75.4,+,0.1,3413057,261505315.0,922200,1000,612,1982200,1000,36979,1060000,0,36367
20251014,3704,合勤控,33.1,33.3,31.0,31.3,-,1.55,3935104,125500998.0,916847,0,190,1698847,0,24000,782000,0,23810
20251014,2501,國建,24.05,24.25,23.7,23.75,-,0.2,4045733,97242292.0,866000,48000,2000,2204000,48000,71000,1338000,0,69000
20251014,00946,群益科技高息成長,10.33,10.37,10.04,10.04,-,0.14,6989463,71382327.0,-304000,0,1214914,629000,0,3408389,933000,0,2193475
20251014,2401,凌陽,22.55,23.1,22.25,22.3,-,0.15,3502205,79289178.0,922170,0,-22524,1665170,0,33556,743000,0,56080
20251014,4967,十銓,132.0,136.0,120.0,121.0,-,4.0,65301791,8453094862.0,991457,0,-95205,18052457,0,295887,17061000,0,391092
20251014,6209,今國光,46.35,46.8,42.9,43.15,-,1.1,9225820,409310751.0,816035,0,63004,3039035,0,70000,2223000,0,6996
20251014,4915,致伸,77.0,77.6,74.6,74.7,-,1.4,3981048,302785746.0,887342,-30793,6876,2319342,25000,27000,1432000,55793,20124
20251014,2492,華新科,100.0,101.0,94.1,94.7,-,4.6,12155987,1175683262.0,1498671,0,-637693,4622671,0,63710,3124000,0,701403
20251014,2455,全新,154.0,155.0,148.0,148.0,-,4.0,4423288,667218877.0,972000,9000,-122005,2270000,49000,57451,1298000,40000,179456
20251014,2402,毅嘉,50.5,50.8,48.2,48.4,-,1.7,6132555,302836194.0,957000,-47000,-74151,2559000,0,19025,1602000,47000,93176
20251014,6962,奕力-KY,43.4,45.2,42.75,42.9,-,0.15,5503806,243079524.0,805000,0,20486,2211000,0,32652,1406000,0,12166
20251014,1514,亞力,101.5,103.5,99.9,99.9,-,1.6,1936805,197393701.0,806290,9000,2569,1093370,9000,38385,287080,0,35816
20251014,5880,合庫金,23.85,24.15,23.85,23.95,+,0.1,12399162,297843103.0,793665,-183264,140000,7000995,196,378000,6207330,183460,238000
20251014,8150,南茂,31.0,31.2,30.0,30.05,-,0.35,4532469,138665016.0,857000,0,-149568,2241000,0,62782,1384000,0,212350
20251014,2836,高雄銀,11.95,12.2,11.95,12.05,+,0.1,2106497,25458008.0,670000,0,25000,1018000,0,40000,348000,0,15000
20251014,4916,事欣科,59.8,60.9,54.5,55.8,-,2.8,8471798,489698362.0,705000,0,-11886,2873000,0,35226,2168000,0,47112
20251014,2885,元大金,34.2,34.95,34.2,34.5,+,0.1,24404615,846390517.0,-2729350,910289,2511434,13297673,1215190,2618874,16027023,304901,107440
20251014,6805,富世達,1180.0,1225.0,1155.0,1165.0,+,10.0,4825747,5720009095.0,336140,414000,-81864,1767450,419000,164710,1431310,5000,246574
20251014,3708,上緯投控,117.5,119.0,112.0,113.0,-,3.0,3628893,419363407.0,615102,0,31418,1276000,0,55817,660898,0,24399
20251014,1308,亞聚,13.7,13.7,13.05,13.2,-,0.45,5734585,76774428.0,630000,0,6803,1765000,0,11000,1135000,0,4197
20251014,2597,潤弘,158.0,166.5,158.0,164.5,+,7.0,1409168,230947904.0,577627,26000,25200,865520,27000,31000,287893,1000,5800
20251014,6443,元晶,14.55,14.8,14.35,14.4,-,0.05,2644116,38564430.0,608770,0,13612,1300770,0,18791,692000,0,5179
20251014,2405,輔信,19.1,19.45,18.7,18.7,-,0.3,2746200,52478804.0,621000,0,0,1123000,0,0,502000,0,0
20251014,9955,佳龍,30.55,31.25,30.2,30.2,+,0.05,1930459,59254018.0,618000,0,0,867000,0,0,249000,0,0
20251014,00926,凱基全球菁英55,23.0,23.0,22.86,22.89,+,0.18,1573656,36060976.0,3000,0,579204,17000,0,1397042,14000,0,817838
20251014,6541,泰福-KY,67.0,68.0,64.0,65.3,+,1.5,7156149,475134095.0,575149,0,-2298,2338149,0,6000,1763000,0,8298
20251014,00949,復華日本龍頭,17.25,17.31,17.05,17.1,+,0.05,2711152,46476138.0,331000,0,235054,333000,0,1991755,2000,0,1756701
20251014,1229,聯華,50.6,51.2,49.8,50.1,-,0.3,3092524,156172530.0,532850,0,32905,1332850,0,46905,800000,0,14000
20251014,6235,華孚,74.6,75.3,70.2,70.5,-,3.3,7049568,508474827.0,595635,0,-52714,2069000,0,49309,1473365,0,102023
20251014,00692,富邦公司治理,55.7,55.95,54.65,54.75,-,0.15,1443501,80106411.0,33100,0,505409,89100,0,787158,56000,0,281749
20251014,3002,歐格,20.9,20.95,19.1,19.3,+,0.25,4812633,98112879.0,431000,0,98718,898000,0,99718,467000,0,1000
20251014,2014,中鴻,15.65,16.35,15.65,15.85,+,0.15,11872203,190790290.0,197000,0,320456,3803000,0,398962,3606000,0,78506
20251014,2357,華碩,717.0,719.0,686.0,687.0,-,10.0,4449546,3111216117.0,381307,-41845,176583,2071366,27013,232696,1690059,68858,56113
20251014,4526,東台,33.7,34.5,32.75,32.95,-,0.35,2445437,82042885.0,506000,0,-1586,1061000,0,2000,555000,0,3586
20251014,8131,福懋科,34.4,35.35,32.65,32.65,-,0.55,3893543,132120035.0,489000,0,13284,1415000,0,21131,926000,0,7847
20251014,1528,恩德,15.35,15.85,15.0,15.05,-,0.15,2265004,34955504.0,514000,0,-14000,967000,0,0,453000,0,14000
20251014,6282,康舒,33.95,36.1,33.8,36.1,+,3.25,41072390,1465905581.0,769700,0,-271876,5874000,0,1176215,5104300,0,1448091
20251014,2820,華票,16.6,16.7,16.5,16.65,+,0.1,1562473,25996691.0,396000,69000,17000,768000,69000,29000,372000,0,12000
20251014,00700,富邦恒生國企,18.3,18.49,18.17,18.26,+,0.11,1635608,29962815.0,369000,0,111431,446000,0,832196,77000,0,720765
20251014,00645,富邦日本,44.21,44.39,43.58,43.79,+,0.09,1103527,48665508.0,136,0,476401,136,0,950120,0,0,473719
20251014,1714,和桐,8.3,8.42,8.18,8.22,+,0.01,5284115,43940414.0,476000,0,0,1274000,0,0,798000,0,0
20251014,4977,眾達-KY,117.0,119.5,106.5,107.5,-,4.5,5301795,598451476.0,492100,0,-16565,1399100,0,33227,907000,0,49792
20251014,2006,東和鋼鐵,61.3,62.8,61.3,62.1,+,1.0,2439616,151661383.0,255249,-86000,295472,1219000,14000,302790,963751,100000,7318
20251014,8271,宇瞻,95.3,100.5,92.5,93.6,+,1.1,49085872,4723081268.0,384942,0,76747,11269452,0,287581,10884510,0,210834
20251014,1612,宏泰,39.4,39.45,38.3,38.45,-,0.3,1793839,69610919.0,454473,-4000,8452,749500,0,13420,295027,4000,4968
20251014,1529,樂事綠能,21.8,22.25,21.35,21.4,-,0.4,1162416,25507923.0,458000,0,922,711000,0,4000,253000,0,3078
20251014,1503,士電,177.0,181.0,174.0,174.5,-,2.5,1938632,344287258.0,496772,-8199,-33560,1002076,0,71374,505304,8199,104934
20251014,9921,巨大,96.5,100.0,96.4,98.0,+,1.6,1967291,193016663.0,445265,-2451,8840,1120967,0,28451,675702,2451,19611
20251014,5222,全訊,158.0,163.0,150.0,150.5,-,4.5,6669151,1044263951.0,362702,167000,-79610,1748402,169000,54878,1385700,2000,134488
20251014,8033,雷虎,146.0,146.0,136.0,136.0,-,12.0,15519977,2182587815.0,558374,3000,-114667,3607005,3000,139000,3048631,0,253667
20251014,6196,帆宣,248.0,257.5,240.5,240.5,-,3.0,2446898,612771307.0,432843,22000,-9596,1688120,32000,29006,1255277,10000,38602
20251014,8404,百和興業-KY,25.2,25.5,24.4,24.6,-,0.4,1737505,43189559.0,420000,0,19000,724000,0,21000,304000,0,2000
20251014,1590,亞德客-KY,867.0,885.0,862.0,871.0,+,10.0,1570439,1373541027.0,425652,2002,9032,1318152,2002,40224,892500,0,31192
20251014,00932,兆豐永續高息等權,14.6,14.67,14.35,14.36,-,0.12,1253307,18192635.0,95000,0,339113,163000,0,932316,68000,0,593203
20251014,2913,農林,14.1,14.35,14.05,14.1,+,0.05,1495479,21287967.0,417000,0,16000,682000,0,19000,265000,0,3000
20251014,00930,永豐ESG低碳高息,17.2,17.39,17.05,17.05,-,0.13,1236648,21318347.0,-35000,0,465133,100000,0,819000,135000,0,353867
20251014,3013,晟銘電,119.5,120.0,112.5,113.5,-,4.0,3119896,359393464.0,456135,21000,-48097,1006135,24000,18000,550000,3000,66097
20251014,3528,安馳,78.2,81.7,76.9,77.1,+,0.3,2306852,182401204.0,427000,0,84,840000,0,84,413000,0,0
20251014,00938,凱基優選30,16.5,16.67,16.4,16.42,+,0.11,1634176,27030444.0,23000,0,401269,134000,0,1299246,111000,0,897977
20251014,2388,威盛,55.2,57.3,53.6,53.9,-,1.0,3623032,200966814.0,449500,0,-34769,1472500,0,31108,1023000,0,65877
20251014,2915,潤泰全,51.7,52.7,51.6,51.6,-,0.1,2341866,122291863.0,516948,-207000,99899,1381000,0,108853,864052,207000,8954
20251014,3443,創意,1550.0,1560.0,1435.0,1445.0,-,55.0,5808227,8646789845.0,545524,38956,-176186,1993838,41002,95123,1448314,2046,271309
20251014,2419,仲琦,23.35,24.0,22.75,22.8,-,0.45,1189894,27791526.0,402000,0,5148,631000,0,5704,229000,0,556
20251014,2451,創見,126.0,130.0,122.0,123.5,+,1.5,7658915,963201530.0,542597,-67248,-72750,2895597,2100,89255,2353000,69348,162005
20251014,3016,嘉晶,52.9,53.4,50.7,50.8,-,1.4,3371076,174435577.0,399000,0,-8381,1160000,0,14621,761000,0,23002
20251014,1773,勝一,146.0,148.5,144.0,144.0,-,1.0,1191435,173964955.0,376895,4000,8576,617000,4000,9576,240105,0,1000
20251014,5243,乙盛-KY,73.5,74.1,69.4,70.0,-,2.6,1842545,130951886.0,381000,-2000,-408,856000,0,12468,475000,2000,12876
20251014,3042,晶技,90.0,91.7,89.0,89.0,+,0.1,1882854,170528956.0,530000,-74806,-87776,1023000,0,18207,493000,74806,105983
20251014,9958,世紀鋼,171.0,174.0,168.0,168.0,-,2.0,1412495,241661619.0,496000,-4000,-126311,735000,0,51114,239000,4000,177425
20251014,8103,瀚荃,54.4,54.9,52.2,52.3,-,1.4,950537,50779930.0,354000,0,8000,545000,0,8000,191000,0,0
20251014,1708,東鹼,30.65,31.6,30.65,31.0,+,0.55,2995667,93658616.0,297000,0,64963,935000,0,71000,638000,0,6037
20251014,2472,立隆電,86.2,87.0,82.9,82.9,-,2.8,2265153,192096580.0,369000,0,-12877,918000,0,8479,549000,0,21356
20251014,2436,偉詮電,52.4,52.4,49.8,49.8,-,1.7,2127881,107727322.0,431317,-3000,-73234,954000,0,11000,522683,3000,84234
20251014,2614,東森,20.9,21.65,20.85,20.9,,0.0,1315030,27924699.0,350000,0,3000,547000,0,3000,197000,0,0
20251014,6753,龍德造船,143.0,145.0,136.0,136.0,-,7.0,2344456,325776155.0,431457,0,-78566,743300,0,12932,311843,0,91498
20251014,00971,野村美國研發龍頭,16.16,16.23,16.09,16.11,+,0.04,1821047,29450793.0,-37000,0,389030,0,0,1452261,37000,0,1063231
20251014,2537,聯上發,11.3,11.6,11.05,11.05,-,0.25,1351876,15293507.0,345000,0,0,547000,0,0,202000,0,0
20251014,2340,台亞,25.6,25.95,25.1,25.15,-,0.5,3352705,85515940.0,384000,0,-40084,1601000,0,62538,1217000,0,102622
20251014,2889,國票金,15.3,15.5,15.15,15.3,-,0.1,3451508,53018379.0,890618,-653000,103000,2307618,0,133000,1417000,653000,30000
20251014,6197,佳必琪,163.0,168.5,160.0,160.5,-,0.5,1957875,321693196.0,331756,0,5878,636000,0,46898,304244,0,41020
20251014,4566,時碩工業,55.7,58.5,55.7,56.7,+,1.4,1329757,75911492.0,340000,0,-5969,507000,0,2217,167000,0,8186
20251014,6589,台康生技,72.3,76.0,72.2,74.8,+,2.4,2759471,205275825.0,260000,0,73000,852000,0,74000,592000,0,1000
20251014,3031,佰鴻,21.85,21.9,21.0,21.2,-,0.3,1329101,28630978.0,256000,0,75000,506000,0,84000,250000,0,9000
20251014,4976,佳凌,36.55,36.95,35.1,35.2,-,1.3,1571522,56259275.0,329000,0,1714,832000,0,6028,503000,0,4314
20251014,2342,茂矽,31.0,31.75,28.4,28.7,-,2.15,6016840,179297214.0,328999,0,538,1458999,0,22000,1130000,0,21462
20251014,00770,國泰北美科技,55.3,55.45,54.75,54.9,+,0.35,654082,36041097.0,-47000,0,373669,6000,0,422319,53000,0,48650
20251014,3028,增你強,33.2,34.1,32.8,33.5,+,0.95,1981430,66365635.0,265000,0,57000,672000,0,60000,407000,0,3000
20251014,00897,富邦基因免疫生技,7.86,7.89,7.8,7.8,-,0.06,1014208,7941958.0,362000,0,-46423,369000,0,496171,7000,0,542594
20251014,2442,新美齊,25.05,25.95,25.05,25.45,+,0.4,803950,20540923.0,322386,0,-7053,513501,0,1000,191115,0,8053
20251014,1102,亞泥,36.75,37.25,36.75,36.85,-,0.1,5140240,190299584.0,-101562,-502169,917423,3557418,60041,935000,3658980,562210,17577
20251014,2607,榮運,57.3,60.8,57.3,58.6,+,2.2,2931551,174918132.0,312500,0,1001,1330500,0,5001,1018000,0,4000
20251014,1808,潤隆,28.05,28.85,28.0,28.1,-,0.05,1899346,54087499.0,278000,0,35239,1107000,0,41387,829000,0,6148
20251014,6669,緯穎,3525.0,3615.0,3470.0,3510.0,+,80.0,3170864,11237043160.0,152383,25942,134720,1164565,27002,212061,1012182,1060,77341
20251014,00643,群益深証中小,16.06,16.24,15.75,15.86,+,0.01,3780528,60244310.0,-507000,0,818297,88000,0,3311658,595000,0,2493361
20251014,00903,富邦元宇宙,17.65,17.7,17.49,17.53,+,0.34,1502653,26453846.0,-751000,0,1059994,0,0,1418500,751000,0,358506
20251014,00733,富邦臺灣中小,48.11,48.75,46.7,46.72,-,0.79,1695032,80868717.0,-1995,0,306456,132005,0,1024680,134000,0,718224
20251014,0061,元大寶滬深,21.8,22.09,21.78,21.78,+,0.1,733097,16068080.0,262000,0,40694,262000,0,182415,0,0,141721
20251014,2379,瑞昱,557.0,563.0,541.0,541.0,-,3.0,2447876,1345780000.0,346062,-185748,140090,2012325,17007,148197,1666263,202755,8107
20251014,1215,卜蜂,139.5,141.0,138.5,140.0,,0.0,732800,102337934.0,291098,4000,2700,592050,4000,5701,300952,0,3001
20251014,9938,百和,57.0,57.5,55.9,56.2,-,0.5,1482280,84135404.0,242001,80000,-31059,666000,80000,11761,423999,0,42820
20251014,2528,皇普,30.0,30.75,30.0,30.25,+,0.35,1489684,45355053.0,296500,0,-12000,844000,0,2000,547500,0,14000
20251014,6271,同欣電,112.0,113.0,107.5,108.0,-,2.5,2189034,240257319.0,290170,39000,-48616,940070,39000,15240,649900,0,63856
20251014,9902,台火,16.4,16.6,15.8,15.8,-,0.7,2405286,38810806.0,283000,0,-4753,678000,0,1000,395000,0,5753
20251014,00898,國泰基因免疫革命,7.24,7.27,7.15,7.16,-,0.11,645593,4651249.0,9000,0,266317,112000,0,278000,103000,0,11683
20251014,00896,中信綠能及電動車,19.15,19.24,18.63,18.64,-,0.28,2375714,45070227.0,-58000,0,332788,141000,0,1312242,199000,0,979454
20251014,8422,可寧衛*,203.5,207.5,203.0,204.5,+,0.5,657041,135258671.0,300000,0,-25819,352000,0,26181,52000,0,52000
20251014,3030,德律,155.0,156.0,149.0,149.0,-,4.5,2448994,372944143.0,270730,-16000,17995,815400,0,68574,544670,16000,50579
20251014,2617,台航,27.3,29.4,27.3,28.05,+,0.95,5949648,169875628.0,296000,-57000,32502,1577000,0,36000,1281000,57000,3498
20251014,2905,三商,12.25,12.55,12.15,12.15,+,0.15,947914,11705107.0,254000,0,13161,609000,0,19000,355000,0,5839
20251014,2464,盟立,64.6,65.0,62.4,62.5,-,1.3,1605612,102310303.0,253311,0,12543,609511,0,27650,356200,0,15107
20251014,00912,中信臺灣智慧50,20.77,21.09,20.66,20.66,-,0.04,828023,17347703.0,107000,0,155209,107000,0,584065,0,0,428856
20251014,1532,勤美,27.05,27.5,27.0,27.0,+,0.1,785603,21415786.0,303000,-17378,-30000,487000,0,16000,184000,17378,46000
20251014,5876,上海商銀,41.1,41.7,41.1,41.4,+,0.25,4761323,197387650.0,298830,-1245882,1202440,2785184,69,1271568,2486354,1245951,69128
20251014,1905,華紙,11.6,11.8,11.6,11.65,+,0.15,905131,10570473.0,231000,0,21538,476000,0,28000,245000,0,6462
20251014,2302,麗正,17.55,18.15,17.35,17.35,+,0.05,1154577,20530397.0,252000,0,10,363000,0,10,111000,0,0
20251014,6768,志強-KY,119.0,120.5,116.0,116.0,-,2.0,1485165,174676434.0,232000,4919,14194,736000,9000,32863,504000,4081,18669
20251014,2038,海光,15.0,16.0,14.9,15.45,+,0.55,1036758,16068802.0,250280,0,0,383280,0,3000,133000,0,3000
20251014,3535,晶彩科,82.1,84.5,77.7,78.3,-,2.6,10093091,817774166.0,266980,0,-19000,2981080,0,10000,2714100,0,29000
20251014,6591,動力-KY,80.2,81.2,77.2,77.7,-,1.7,1052305,83093843.0,244000,0,702,405000,0,4000,161000,0,3298
20251014,2393,億光,62.5,63.2,62.0,62.1,-,0.4,1074849,67191694.0,274769,-7371,-23568,787000,0,11000,512231,7371,34568
20251014,4540,全球傳動,40.55,41.5,39.85,39.95,-,0.15,1230250,50081643.0,256000,0,-13041,542000,0,2000,286000,0,15041
20251014,8072,陞泰,34.0,35.05,33.05,33.05,-,0.2,649578,22070706.0,241000,0,184,367000,0,4000,126000,0,3816
20251014,3062,建漢,24.6,25.05,23.9,23.9,-,0.35,3812947,93622641.0,235999,0,5081,1164000,0,6308,928001,0,1227
20251014,6269,台郡,66.6,67.4,62.7,62.7,-,3.4,2903344,187157599.0,254000,0,-14877,1067000,0,47331,813000,0,62208
20251014,3591,艾笛森,18.1,18.3,17.6,17.6,-,0.5,663320,11951672.0,-55000,0,293910,79000,0,303000,134000,0,9090
20251014,1709,和益,16.75,16.95,16.65,16.75,,0.0,585058,9837412.0,220000,0,17000,305000,0,17000,85000,0,0
20251014,1907,永豐餘,25.35,25.65,25.2,25.55,+,0.4,1297299,32969845.0,350962,0,-114000,956000,0,46000,605038,0,160000
20251014,3059,華晶科,50.5,51.0,48.0,48.0,-,1.9,5405532,265958319.0,332000,0,-97077,1621000,0,15119,1289000,0,112196
20251014,00908,富邦入息REITs+,13.31,13.33,13.27,13.29,+,0.09,419345,5575391.0,12000,0,220960,16000,0,244014,4000,0,23054
20251014,2374,佳能,84.3,85.0,80.0,80.5,-,3.3,13039970,1070053384.0,318664,0,-87335,3007150,0,77000,2688486,0,164335
20251014,1909,榮成,9.92,10.05,9.91,9.93,+,0.02,1116706,11134998.0,215000,0,16000,603000,0,28000,388000,0,12000
20251014,2515,中工,10.9,11.0,10.8,10.8,-,0.05,4723265,51534672.0,215633,0,14000,2937183,0,25000,2721550,0,11000
20251014,6558,興能高,44.0,44.0,41.8,41.8,-,1.55,1066953,45642705.0,229129,0,189,436129,0,7000,207000,0,6811
20251014,2539,櫻花建,48.7,50.3,48.7,48.95,+,0.05,1574212,78139403.0,234962,-9000,2045,714300,0,13000,479338,9000,10955
20251014,3543,州巧,35.85,36.1,34.7,34.7,-,0.75,933744,32918179.0,220000,0,909,455000,0,1020,235000,0,111
20251014,6706,惠特,72.5,73.0,69.5,70.0,-,2.3,2231944,158523923.0,274050,0,-53195,771050,0,1355,497000,0,54550
20251014,2428,興勤,170.0,170.0,164.0,164.5,-,3.5,1119201,186681998.0,218000,0,2138,451000,0,4000,233000,0,1862
20251014,2305,全友,11.1,11.3,10.9,10.95,+,0.05,985154,10951908.0,219000,0,0,373000,0,1000,154000,0,1000
20251014,4562,穎漢,41.8,43.3,41.65,41.7,+,0.05,631156,26821749.0,208000,0,10757,320000,0,12000,112000,0,1243
20251014,6885,全福生技,31.25,32.75,31.25,31.8,+,0.65,580007,18614480.0,216000,0,2000,310000,0,3000,94000,0,1000
20251014,3003,健和興,50.8,53.4,50.4,50.5,+,0.3,661593,34118431.0,211000,0,3600,390000,0,6970,179000,0,3370
20251014,3032,偉訓,92.3,93.2,89.2,89.6,-,2.1,1214272,110540297.0,219000,-1000,-9250,477000,0,13029,258000,1000,22279
20251014,4555,氣立,46.95,47.9,45.9,46.7,+,0.3,951931,44678547.0,207000,0,0,359000,0,0,152000,0,0
20251014,6189,豐藝,47.8,49.0,47.8,48.1,+,0.7,561778,27247620.0,208999,0,-2814,332000,0,5150,123001,0,7964
20251014,2236,百達-KY,106.0,107.5,99.2,99.2,-,8.8,880010,91010857.0,195000,0,8000,309000,0,8000,114000,0,0
20251014,3645,達邁,62.3,63.9,60.2,60.5,-,1.3,2251978,139364548.0,212020,0,-14883,763020,0,8068,551000,0,22951
20251014,00639,富邦深100,14.35,14.58,14.15,14.27,+,0.06,2797156,40099805.0,-1049930,0,1246700,255070,0,1931219,1305000,0,684519
20251014,00737,國泰AI機器人,36.99,36.99,36.36,36.4,+,0.13,414614,15125243.0,1000,0,194266,16000,0,283892,15000,0,89626
20251014,8499,鼎炫-KY,277.5,296.5,277.5,280.0,+,7.5,687805,197185097.0,194005,0,637,343005,0,2018,149000,0,1381
20251014,4722,國精化,207.5,207.5,191.0,192.0,-,12.0,1509314,296452267.0,20068,0,172198,178068,0,172198,158000,0,0
20251014,1723,中碳,87.6,87.6,84.8,85.0,-,2.3,903292,77833399.0,186318,0,4000,393318,0,5000,207000,0,1000
20251014,00899,FT潔淨能源,19.72,20.05,19.72,19.93,+,0.9,637351,12704192.0,-3000,0,192018,2000,0,255059,5000,0,63041
20251014,00731,復華富時高息低波,68.3,68.6,67.9,67.9,+,0.05,1051040,71901937.0,75000,0,113239,79000,0,959330,4000,0,846091
20251014,2365,昆盈,40.5,40.6,38.55,38.65,-,1.2,2424069,95498871.0,194000,0,-6703,706000,0,8525,512000,0,15228
20251014,2395,研華,323.0,331.0,318.5,318.5,-,2.0,2138251,694362062.0,253135,-63849,-5504,1433391,2009,24000,1180256,65858,29504
20251014,3416,融程電,170.5,172.5,163.5,164.5,-,6.0,661422,110229690.0,184000,0,-2096,294000,0,16000,110000,0,18096
20251014,6531,愛普*,368.0,369.0,341.0,342.5,-,18.0,5227972,1846427939.0,391258,-4000,-205805,1559100,1000,91068,1167842,5000,296873
20251014,00636,國泰中國A50,25.02,25.2,24.88,25.02,+,0.22,2479884,62153458.0,303000,0,-123584,303000,0,1754320,0,0,1877904
20251014,2360,致茂,654.0,708.0,654.0,663.0,+,19.0,10067357,6883879028.0,5602,329758,-156785,5893962,569000,136763,5888360,239242,293548
20251014,6944,兆聯實業,580.0,595.0,554.0,555.0,-,15.0,1210510,697223939.0,156654,2000,13594,419527,2000,17800,262873,0,4206
20251014,1727,中華化,40.05,40.4,37.7,37.8,-,1.9,3986925,153703655.0,165000,0,6286,1102000,0,11000,937000,0,4714
20251014,2467,志聖,183.5,188.0,178.0,178.0,-,3.5,1197476,218917298.0,158450,-1000,13525,592000,0,34638,433550,1000,21113
20251014,2855,統一證,23.9,24.1,23.45,23.5,-,0.3,3281490,77991991.0,122100,48000,0,1162100,48000,0,1040000,0,0
20251014,8464,億豐,403.0,417.0,403.0,406.0,+,3.0,820136,336563768.0,313744,-147458,3501,763278,3003,6781,449534,150461,3280
20251014,1903,士紙,55.2,56.6,54.5,54.6,-,1.5,1166093,64429555.0,169000,0,-2663,400000,0,1010,231000,0,3673
20251014,7799,禾榮科,615.0,659.0,615.0,627.0,+,17.0,704951,448341074.0,130000,0,33019,198000,0,33019,68000,0,0
20251014,2534,宏盛,22.15,22.55,21.95,22.2,+,0.05,1343280,29859560.0,166000,0,-5000,777000,0,9000,611000,0,14000
20251014,6526,達發,527.0,546.0,513.0,515.0,-,5.0,776320,413217181.0,131241,20000,5130,307434,27000,30024,176193,7000,24894
20251014,6449,鈺邦,211.0,214.0,199.5,203.5,-,2.0,3710601,768804393.0,-89170,227000,18067,1032000,228000,52360,1121170,1000,34293
20251014,1597,直得,78.8,80.5,77.5,77.7,-,1.0,412990,32589816.0,155398,0,-2190,238000,0,109,82602,0,2299
20251014,6672,騰輝電子-KY,90.7,91.5,87.0,87.1,-,2.7,941087,83188429.0,154000,0,-975,453000,0,11000,299000,0,11975
20251014,8011,台通,21.95,22.25,21.6,21.6,-,0.35,1203745,26514661.0,154000,0,-1000,434000,0,0,280000,0,1000
20251014,2108,南帝,23.4,24.25,23.4,23.45,+,0.05,1020778,24256097.0,149000,0,3998,441000,0,28000,292000,0,24002
20251014,1444,力麗,6.38,6.51,6.36,6.36,-,0.01,1215847,7821366.0,147000,0,5082,502000,0,12000,355000,0,6918
20251014,00661,元大日經225,61.1,61.5,60.05,60.3,+,0.25,362319,22023155.0,29000,0,121075,36000,0,252038,7000,0,130963
20251014,3705,永信,59.3,59.6,58.9,59.0,-,0.4,898246,53158050.0,154000,0,-8324,434000,0,1676,280000,0,10000
20251014,3305,昇貿,108.0,110.5,101.5,102.0,-,7.5,11384996,1197730017.0,231620,0,-86184,3094000,0,61000,2862380,0,147184
20251014,00935,野村臺灣新科技50,27.95,28.06,27.12,27.12,-,0.42,8127242,223883887.0,229000,0,-85407,538000,0,3631267,309000,0,3716674
20251014,3338,泰碩,56.0,56.8,54.1,55.2,-,0.3,412108,22962892.0,140000,0,1314,207000,0,3000,67000,0,1686
20251014,2102,泰豐,19.0,19.6,19.0,19.5,+,0.45,969964,18771474.0,136002,0,3000,434000,0,3000,297998,0,0
20251014,3048,益登,37.6,38.2,35.65,35.95,-,1.1,3981281,146414252.0,172696,0,-34873,1234696,0,16719,1062000,0,51592
20251014,1536,和大,61.5,62.3,59.7,59.7,-,0.8,2006525,122110027.0,241000,0,-103434,863000,0,12143,622000,0,115577
20251014,3050,鈺德,12.3,12.45,12.0,12.2,-,0.1,1015270,12423120.0,132000,0,5000,335000,0,5000,203000,0,0
20251014,2059,川湖,3810.0,3945.0,3785.0,3795.0,+,75.0,1177574,4581507430.0,-70686,262465,-55609,465190,264501,39596,535876,2036,95205
20251014,8213,志超,33.4,34.2,33.25,33.6,+,0.2,863800,29126792.0,131000,0,4000,366000,0,5000,235000,0,1000
20251014,4551,智伸科,152.0,158.0,148.0,148.0,-,0.5,1955124,298473098.0,43000,0,91317,635000,0,145805,592000,0,54488
20251014,2231,為升,120.0,120.5,113.5,114.5,-,4.5,1732981,201251666.0,180282,0,-46082,627000,0,95000,446718,0,141082
20251014,2351,順德,81.2,83.8,79.0,79.6,-,1.6,1394952,113255749.0,155781,0,-23119,614000,0,30855,458219,0,53974
20251014,1587,吉茂,38.9,40.7,38.9,39.15,+,0.75,729541,29028512.0,100161,0,29767,282000,0,30000,181839,0,233
20251014,6869,雲豹能源,121.0,125.5,120.0,121.0,+,3.0,1871926,229231960.0,126000,0,781,661000,0,4898,535000,0,4117
20251014,6901,鑽石投資,18.35,18.55,18.0,18.0,-,0.35,553909,10144241.0,126000,0,0,268000,0,4000,142000,0,4000
20251014,6698,旭暉應材,34.55,36.0,34.35,34.45,-,0.05,349091,12269057.0,126000,0,0,179000,0,0,53000,0,0
20251014,4571,鈞興-KY,167.0,170.5,160.5,162.0,-,3.0,678921,112116751.0,129095,0,-4161,273095,0,1498,144000,0,5659
20251014,1616,億泰,37.45,37.6,35.85,36.05,-,0.9,2286260,83650722.0,112000,-3000,15050,658000,0,47050,546000,3000,32000
20251014,0055,元大MSCI金融,30.56,31.17,30.56,30.94,+,0.21,197433,6115856.0,55000,0,68693,55000,0,86726,0,0,18033
20251014,2538,基泰,10.6,10.85,10.6,10.65,+,0.05,447152,4797372.0,123000,0,0,235000,0,0,112000,0,0
20251014,5306,桂盟,91.5,93.5,91.5,93.0,+,1.5,429671,39891288.0,123000,0,-3000,231000,0,1000,108000,0,4000
20251014,6605,帝寶,135.0,135.5,129.0,130.0,-,2.5,794427,105277697.0,113674,0,5972,432000,0,15000,318326,0,9028
20251014,5434,崇越,319.5,332.0,315.5,315.5,,0.0,1704220,551613646.0,91900,13000,14185,717000,16000,25378,625100,3000,11193
20251014,2466,冠西電,56.3,59.5,56.3,56.7,+,0.4,342157,19754115.0,123000,0,-7000,194000,0,2000,71000,0,9000
20251014,1560,中砂,326.0,332.5,313.0,314.0,-,8.5,3033590,977318017.0,130803,-5000,-10295,1043803,2000,57588,913000,7000,67883
20251014,3044,健鼎,316.0,323.5,305.5,305.5,-,5.5,6002904,1886095131.0,255054,-327417,186078,3200259,19000,251568,2945205,346417,65490
20251014,4912,聯德控股-KY,81.1,82.7,79.5,79.5,-,0.4,337652,27310700.0,111000,0,0,164000,0,0,53000,0,0
20251014,00735,國泰臺韓科技,45.6,45.65,44.4,44.47,-,0.16,234179,10624028.0,-37000,0,147000,3000,0,160000,40000,0,13000
20251014,9914,美利達,100.5,102.5,100.0,101.0,+,1.2,924621,93557339.0,116000,0,-6635,476000,0,37400,360000,0,44035
20251014,2441,超豐,65.0,65.6,60.9,63.3,-,1.4,1475749,94522913.0,127000,18000,-35976,646000,18000,26034,519000,0,62010
20251014,00690,兆豐藍籌30,43.05,43.2,42.15,42.16,-,0.34,1816430,77569807.0,160000,0,-51601,162000,0,1406777,2000,0,1458378
20251014,9919,康那香,17.05,17.2,16.9,16.9,-,0.05,369207,6289066.0,104000,0,4000,145000,0,4000,41000,0,0
20251014,3515,華擎,300.5,303.0,283.5,284.0,-,14.5,1828576,532083203.0,192000,-8000,-76186,684000,0,16051,492000,8000,92237
20251014,2331,精英,20.5,20.95,20.15,20.2,-,0.1,2494355,51304757.0,232000,0,-125038,1036000,0,21000,804000,0,146038
20251014,5225,東科-KY,109.5,109.5,105.0,105.5,-,2.5,837917,89759396.0,107040,0,-1148,222040,0,1178,115000,0,2326
20251014,6165,浪凡,54.8,55.0,53.0,53.1,-,0.7,535490,28944951.0,62000,0,42000,237000,0,42000,175000,0,0
20251014,3605,宏致,68.6,70.5,66.9,67.1,-,0.8,3125719,214304196.0,123272,0,-21952,1097000,0,7002,973728,0,28954
20251014,00895,富邦未來車,37.51,37.7,36.98,37.02,-,0.03,1699252,63265157.0,-72000,0,172952,79000,0,783000,151000,0,610048
20251014,1519,華城,561.0,570.0,551.0,551.0,-,4.0,1736501,976178196.0,116393,-15237,-242,563063,3,64721,446670,15240,64963
20251014,1522,堤維西,43.5,43.7,42.3,42.75,-,0.1,2169997,93720035.0,107000,-10245,3835,742000,0,10429,635000,10245,6594
20251014,6933,AMAX-KY,177.5,178.5,162.0,163.0,-,12.0,557297,93666089.0,100000,0,0,206000,0,6000,106000,0,6000
20251014,00921,兆豐龍頭等權重,17.3,17.32,17.02,17.03,-,0.11,597251,10238476.0,21000,0,77018,80000,0,337077,59000,0,260059
20251014,5471,松翰,36.65,37.2,36.1,36.1,-,0.15,334583,12256940.0,93770,0,2300,173770,0,4000,80000,0,1700
20251014,6861,睿生光電,64.7,67.7,64.7,66.4,+,1.7,335888,22276088.0,97000,0,-2000,142000,0,0,45000,0,2000
20251014,3010,華立,92.3,93.8,91.3,91.4,-,0.6,518903,48036960.0,93000,0,1256,311000,0,6008,218000,0,4752
20251014,6657,華安,50.4,51.6,50.4,50.4,+,0.1,209756,10720186.0,93000,0,0,118000,0,0,25000,0,0
20251014,4949,有成精密,39.05,40.2,38.15,38.3,-,0.2,455226,17778642.0,95000,0,-2000,217000,0,0,122000,0,2000
20251014,6133,金橋,16.75,17.05,16.5,16.6,,0.0,350074,5875667.0,92000,0,0,154000,0,0,62000,0,0
20251014,2105,正新,35.9,36.4,35.9,36.0,+,0.05,5504947,198804834.0,-811645,87521,815675,3293399,176031,868173,4105044,88510,52498
20251014,1218,泰山,19.6,19.65,19.1,19.1,-,0.4,1244607,24166201.0,85000,0,6000,640000,0,8000,555000,0,2000
20251014,00964,中信亞太高股息,10.88,10.92,10.84,10.85,+,0.19,1205040,13109273.0,0,0,90753,0,0,1134000,0,0,1043247
20251014,2431,聯昌,13.05,13.25,12.5,12.7,-,0.25,1153350,14788760.0,90000,0,676,347000,0,6000,257000,0,5324
20251014,2015,豐興,64.0,65.7,64.0,65.1,+,1.1,257574,16772926.0,84000,0,6000,233000,0,15000,149000,0,9000
20251014,3015,全漢,54.0,55.8,53.5,53.6,-,0.3,338604,18512910.0,85000,0,2455,182000,0,3455,97000,0,1000
20251014,6283,淳安,26.4,26.95,25.55,25.55,-,0.4,615984,16243581.0,87000,0,-1000,233000,0,0,146000,0,1000
20251014,2062,橋椿,21.7,22.1,21.4,21.4,,0.0,387873,8447370.0,86000,-5000,2000,169000,0,2000,83000,5000,0
20251014,4564,元翎,19.4,19.9,18.95,19.15,-,0.05,1277113,24547355.0,82803,0,-1718,438803,0,5000,356000,0,6718
20251014,00944,野村趨勢動能高息,14.17,14.3,14.08,14.08,-,0.05,684818,9700503.0,99000,0,-18837,99000,0,434000,0,0,452837
20251014,6668,中揚光,41.6,42.15,40.0,40.05,-,1.3,447690,18378439.0,79000,0,1000,165000,0,1000,86000,0,0
20251014,6412,群電,98.6,101.5,98.1,98.1,-,0.4,507333,50494788.0,69000,-4118,14792,332000,0,23792,263000,4118,9000
20251014,00920,富邦ESG綠色電力,17.13,17.32,17.13,17.15,+,0.25,250983,4323712.0,19000,0,59351,19000,0,101376,0,0,42025
20251014,3588,通嘉,49.7,50.3,48.25,48.4,-,0.45,323632,15885318.0,74000,0,0,150000,0,0,76000,0,0
20251014,6550,北極星藥業-KY,37.5,38.4,36.55,36.6,-,0.1,844284,31695088.0,63464,0,10000,257000,0,10000,193536,0,0
20251014,1466,聚隆,18.3,18.55,17.45,17.45,-,0.8,927112,16661655.0,72000,0,-1000,218000,0,0,146000,0,1000
20251014,1436,華友聯,65.3,66.3,64.7,65.0,+,0.1,588059,38485169.0,66921,0,3753,283921,0,4793,217000,0,1040
20251014,3051,力特,21.25,21.55,20.65,20.65,-,0.35,432826,9086268.0,77000,-10000,3000,169000,0,3000,92000,10000,0
20251014,00668,國泰美國道瓊,51.55,51.65,51.5,51.5,+,0.3,84825,4375389.0,-1000,0,69356,0,0,74519,1000,0,5163
20251014,2535,達欣工,58.3,59.6,58.3,59.1,+,1.2,971961,57330491.0,64668,0,3312,448000,0,5000,383332,0,1688
20251014,00894,中信小資高價30,25.68,25.84,25.04,25.04,-,0.29,2642901,67042410.0,208000,0,-140352,252000,0,911636,44000,0,1051988
20251014,3011,今皓,14.6,14.6,14.1,14.1,-,0.15,381919,5456215.0,62000,0,3000,158000,0,3000,96000,0,0
20251014,6830,汎銓,163.0,167.0,160.0,161.0,-,0.5,494569,80692794.0,60000,0,2607,163000,0,4838,103000,0,2231
20251014,3257,虹冠電,67.1,68.6,65.3,65.3,-,1.0,906582,60600529.0,61013,0,1000,311000,0,1000,249987,0,0
20251014,9934,成霖,10.1,10.2,10.0,10.0,-,0.05,818266,8278162.0,34000,0,28000,354000,0,28000,320000,0,0
20251014,1734,杏輝,30.85,31.95,30.85,31.5,+,0.65,791153,25010056.0,60000,0,1399,197000,0,1399,137000,0,0
20251014,8016,矽創,209.0,212.0,207.0,207.0,-,2.0,562812,117612902.0,56000,1823,3390,251000,5000,13706,195000,3177,10316
20251014,2601,益航,5.8,6.25,5.8,6.07,+,0.3,6182821,37737161.0,60000,0,1040,1410000,0,10040,1350000,0,9000
20251014,6166,凌華,60.7,61.4,59.0,59.2,+,0.2,706427,42656492.0,61000,0,-1093,358000,0,6969,297000,0,8062
20251014,6117,迎廣,81.0,82.1,79.2,79.5,-,0.9,549272,44269771.0,62000,0,-2811,217000,0,0,155000,0,2811
20251014,3055,蔚華科,59.5,60.6,57.7,57.8,-,1.2,381288,22563625.0,72000,0,-13301,161000,0,915,89000,0,14216
20251014,8478,東哥遊艇,204.5,212.0,202.0,202.5,,0.0,468376,96866928.0,51342,0,7187,188342,0,9538,137000,0,2351
20251014,6504,南六,45.4,48.9,45.4,48.25,+,2.85,307567,14605965.0,58000,0,0,81000,0,0,23000,0,0
20251014,1325,恆大,30.4,30.8,29.55,29.7,-,0.7,460905,13883334.0,58000,0,0,134000,0,0,76000,0,0
20251014,3041,揚智,30.25,30.25,30.25,30.25,+,2.75,2336610,70682398.0,40000,0,17769,69000,0,17769,29000,0,0
20251014,2468,華經,49.35,49.75,46.0,46.4,-,2.7,1000411,47622456.0,53000,0,-55,178000,0,14000,125000,0,14055
20251014,1540,喬福,23.6,23.85,23.0,23.0,-,0.5,242361,5667667.0,52000,0,0,119000,0,0,67000,0,0
20251014,2851,中再保,23.75,23.95,23.65,23.7,-,0.05,1143723,27253702.0,119000,0,-67000,539000,0,17000,420000,0,84000
20251014,8374,羅昇,93.7,94.4,90.0,90.0,-,3.0,448276,41156150.0,49976,0,2000,146050,0,6000,96074,0,4000
20251014,00739,元大MSCI A股,25.87,26.11,25.77,25.8,+,0.2,160760,4174176.0,-1000,0,52182,0,0,90117,1000,0,37935
20251014,1752,南光,36.85,37.5,36.85,37.5,+,0.7,174772,6535682.0,50000,0,0,60000,0,0,10000,0,0
20251014,2423,固緯,56.0,56.7,54.8,54.8,-,1.2,472979,26195839.0,48000,0,2000,137000,0,2000,89000,0,0
20251014,1795,美時,289.5,289.5,277.5,277.5,-,7.0,2513540,708983300.0,115000,0,-65039,450000,0,15025,335000,0,80064
20251014,6533,晶心科,292.0,306.0,283.0,284.5,+,2.5,1418773,420520848.0,42000,0,7270,616000,0,48455,574000,0,41185
20251014,6136,富爾特,23.95,24.0,23.4,23.4,-,0.5,154659,3671196.0,-2000,0,51000,13000,0,51000,15000,0,0
20251014,8996,高力,460.5,460.5,460.5,460.5,+,41.5,3065289,1411565260.0,-6178,48000,6160,125000,50000,97160,131178,2000,91000
20251014,8104,錸寶,35.25,35.6,34.2,34.2,-,0.9,817449,28562868.0,47431,0,0,303061,0,0,255630,0,0
20251014,3090,日電貿,76.5,76.5,73.5,73.7,-,2.2,1740595,130102648.0,63000,-6712,-9230,551000,0,16325,488000,6712,25555
20251014,2104,國際中橡,10.9,11.0,10.8,10.85,-,0.1,1273925,13870380.0,33000,0,12999,471000,0,18000,438000,0,5001
20251014,3694,海華,75.6,76.3,73.5,73.5,-,1.5,1527486,114418904.0,78776,-32000,-833,690000,0,2188,611224,32000,3021
20251014,3312,弘憶股,40.1,41.0,39.6,39.9,-,0.1,577538,23261253.0,43997,0,1682,230000,0,2000,186003,0,318
20251014,6438,迅得,164.5,166.0,157.5,158.0,-,5.0,1560017,250990450.0,130091,0,-86573,514091,0,9438,384000,0,96011
20251014,3447,展達,61.3,61.7,57.7,58.2,-,2.8,893669,53170959.0,43000,0,392,199000,0,8000,156000,0,7608
20251014,2420,新巨,51.1,51.7,50.6,50.6,-,0.3,297129,15208021.0,41000,0,2379,144000,0,2379,103000,0,0
20251014,9946,三發地產,19.1,19.15,18.25,18.25,-,0.6,748597,14059987.0,43000,0,0,236000,0,0,193000,0,0
20251014,4766,南寶,385.5,388.0,364.5,365.0,-,13.0,1135750,423849713.0,110000,-31314,-37621,355000,2000,34181,245000,33314,71802
20251014,6215,和椿,119.0,121.5,115.0,115.0,-,2.5,2815845,333653306.0,50153,0,-9310,531000,0,8503,480847,0,17813
20251014,1419,新紡,57.7,59.5,56.3,57.0,-,0.6,2668569,154034840.0,31000,0,9808,676000,0,32743,645000,0,22935
20251014,00703,台新MSCI中國,21.96,22.27,21.74,21.87,+,0.12,392556,8622001.0,1000,0,39793,1000,0,357022,0,0,317229
20251014,3622,洋華,54.7,56.5,54.7,54.9,+,0.3,477616,26554599.0,39000,0,1726,161000,0,2000,122000,0,274
20251014,3501,維熹,51.4,52.0,50.8,50.8,-,0.4,298417,15362926.0,40000,0,405,154000,0,2000,114000,0,1595
20251014,7750,新代,865.0,865.0,836.0,840.0,-,12.0,304361,258514474.0,40110,0,0,82110,0,0,42000,0,0
20251014,7780,大研生醫*,184.5,192.5,184.0,184.0,-,0.5,453045,85235189.0,39000,0,0,100000,0,0,61000,0,0
20251014,00913,兆豐台灣晶圓製造,22.84,22.97,22.15,22.15,-,0.3,510143,11549936.0,-1000,0,39705,0,0,415876,1000,0,376171
20251014,00709,富邦歐洲,33.15,34.0,33.15,33.9,+,0.05,140326,4748698.0,-1000,0,39156,0,0,68156,1000,0,29000
20251014,2478,大毅,52.4,52.9,49.8,49.85,-,2.15,1185231,60316368.0,39021,0,-874,350021,0,2126,311000,0,3000
20251014,6416,瑞祺電通,82.6,85.5,81.2,81.5,-,0.1,259713,21579921.0,37000,0,924,119000,0,1060,82000,0,136
20251014,6838,台新藥,29.5,30.2,29.0,29.0,-,0.5,249641,7372718.0,33000,0,2000,94000,0,2000,61000,0,0
20251014,1319,東陽,92.2,93.4,90.8,91.1,-,0.4,2152129,197476574.0,-46700,-72078,153325,900000,0,166100,946700,72078,12775
20251014,3437,榮創,15.8,16.0,15.15,15.2,-,0.4,340006,5265663.0,35000,0,-1000,132000,0,0,97000,0,1000
20251014,3150,鈺寶-創,21.45,21.75,20.0,21.5,+,0.4,156004,3240637.0,21000,0,13000,33000,0,57000,12000,0,44000
20251014,2233,宇隆,205.0,207.0,194.0,195.0,-,7.0,769745,153292377.0,136000,-1000,-101163,284000,0,3020,148000,1000,104183
20251014,3530,晶相光,61.5,62.4,59.5,59.5,-,1.8,176653,10675591.0,32000,0,1032,81000,0,2000,49000,0,968
20251014,3679,新至陞,115.0,120.0,115.0,118.0,+,3.0,123716,14607903.0,32000,0,1000,42000,0,1000,10000,0,0
20251014,5484,慧友,40.05,40.9,39.65,39.8,-,0.15,270133,10880738.0,33000,0,0,76000,0,0,43000,0,0
20251014,3504,揚明光,57.9,60.6,56.2,56.4,-,1.1,641518,37312826.0,80000,0,-47473,309000,0,1034,229000,0,48507
20251014,8163,達方,36.15,37.0,35.9,36.05,-,0.2,812747,29536209.0,38000,0,-6082,390000,0,5778,352000,0,11860
20251014,3135,凌航,49.5,49.8,44.1,44.1,-,2.85,6560452,310416105.0,33800,0,-2000,1237000,0,0,1203200,0,2000
20251014,2613,中櫃,25.3,27.3,25.2,27.3,+,2.45,3179901,86000379.0,24000,0,7515,248000,0,14515,224000,0,7000
20251014,6491,晶碩,307.0,309.5,301.0,302.0,-,4.0,205001,62591595.0,36000,0,-4509,107000,0,1004,71000,0,5513
20251014,9939,宏全,125.0,127.0,124.5,124.5,,0.0,742525,93378911.0,28000,0,2090,354000,0,15333,326000,0,13243
20251014,3716,中化控股,33.3,33.7,33.3,33.5,+,0.2,143221,4799263.0,30000,0,0,54000,0,0,24000,0,0
20251014,2417,圓剛,40.2,40.9,39.0,39.6,-,0.6,539338,21523331.0,26000,0,3622,196000,0,5000,170000,0,1378
20251014,1227,佳格,32.05,32.05,31.2,31.55,-,0.5,1384355,43908278.0,7346,0,22000,483000,0,26000,475654,0,4000
20251014,2397,友通,69.6,70.4,67.9,67.9,-,1.5,271431,18714407.0,28000,0,1000,88000,0,1000,60000,0,0
20251014,6906,現觀科,106.0,107.0,100.5,101.0,-,6.0,183788,18844158.0,28000,0,1000,67000,0,1000,39000,0,0
20251014,00893,國泰智能電動車,31.55,31.68,31.18,31.2,-,0.19,5524508,173132729.0,-77406,0,105770,55594,0,4307000,133000,0,4201230
20251014,4934,太極,14.5,15.5,14.45,14.65,,0.0,1484714,21986430.0,28000,0,0,341000,0,2000,313000,0,2000
20251014,6477,安集,40.2,40.8,38.85,39.15,-,1.05,926035,36751819.0,20817,0,6907,348817,0,7000,328000,0,93
20251014,2546,根基,85.4,89.0,85.4,85.8,,0.0,259854,22565960.0,27000,0,0,97000,0,7000,70000,0,7000
20251014,1733,五鼎,35.6,36.15,35.2,35.25,-,0.3,660611,23497431.0,27000,0,0,151000,0,0,124000,0,0
20251014,8462,柏文,160.0,162.5,159.0,160.5,+,2.5,126262,20300194.0,27000,0,0,51000,0,5000,24000,0,5000
20251014,3058,立德,11.3,11.4,10.9,11.1,,0.0,589756,6574070.0,25000,0,1000,135000,0,1000,110000,0,0
20251014,3094,聯傑,25.85,26.5,25.0,25.2,-,0.35,443828,11309390.0,29000,0,-3256,132000,0,2000,103000,0,5256
20251014,00728,第一金工業30,35.78,36.01,35.09,35.11,-,0.04,206667,7344618.0,8000,0,17333,8000,0,134563,0,0,117230
20251014,00717,富邦美國特別股,14.82,14.87,14.82,14.86,+,0.04,42811,635900.0,5000,0,20111,5000,0,21111,0,0,1000
20251014,6914,阜爾運通,154.0,154.5,149.5,150.5,+,4.0,400229,60921094.0,23000,0,2000,88000,0,2000,65000,0,0
20251014,6957,裕慶-KY,181.5,187.0,179.5,181.5,+,2.5,327532,60432897.0,25000,0,0,106000,0,0,81000,0,0
20251014,8341,日友,76.3,76.8,75.7,75.8,-,0.5,325569,24795297.0,18000,0,6930,120000,0,14000,102000,0,7070
20251014,00657,國泰日經225,55.9,56.2,54.95,55.25,+,0.35,410061,22658674.0,41000,0,-17189,43000,0,338073,2000,0,355262
20251014,00714,群益道瓊美國地產,19.7,19.71,19.67,19.67,+,0.09,134733,2652627.0,0,0,23730,0,0,114841,0,0,91111
20251014,00762,元大全球AI,85.0,85.1,84.15,84.25,+,0.35,511854,43286702.0,1282,0,21883,2282,0,167000,1000,0,145117
20251014,2109,華豐,15.1,15.55,15.1,15.1,+,0.05,584651,8979812.0,15000,0,8000,107000,0,8000,92000,0,0
20251014,8438,昶昕,30.8,32.0,30.8,31.8,+,1.0,246863,7769886.0,23000,0,-1000,32000,0,0,9000,0,1000
20251014,2483,百容,20.1,20.4,19.95,20.0,-,0.1,105372,2120645.0,21000,0,1000,26000,0,1000,5000,0,0
20251014,2488,漢平,45.35,45.4,44.65,44.7,+,0.1,256496,11560683.0,21000,0,966,89000,0,1000,68000,0,34
20251014,6782,視陽,196.0,199.0,191.0,191.0,-,6.0,218536,42544364.0,20000,0,1807,82000,0,4599,62000,0,2792
20251014,6715,嘉基,99.8,102.0,98.6,99.7,-,0.1,68361,6836966.0,20000,0,1000,33000,0,1000,13000,0,0
20251014,6789,采鈺,258.5,263.0,246.0,248.5,-,7.0,2318488,588021408.0,203324,-5000,-177916,790362,2000,54981,587038,7000,232897
20251014,2020,美亞,23.4,23.8,23.2,23.5,+,0.25,542868,12760609.0,16000,0,2854,243000,0,3000,227000,0,146
20251014,9910,豐泰,131.0,133.0,129.5,131.0,,0.0,966360,126629689.0,292845,-278050,3424,830512,10009,19424,537667,288059,16000
20251014,6579,研揚,128.5,130.0,125.0,126.0,-,1.5,389964,49620372.0,15000,0,2000,47000,0,2000,32000,0,0
20251014,1453,大將,13.3,13.55,13.2,13.2,-,0.05,404769,5387488.0,17000,0,-1000,28000,0,0,11000,0,1000
20251014,6202,盛群,40.5,41.1,39.1,39.2,-,0.6,766837,30666429.0,16000,0,-1976,330000,0,6311,314000,0,8287
20251014,4545,銘鈺,33.35,33.7,32.15,32.75,-,0.3,147974,4894435.0,14000,0,0,58000,0,1000,44000,0,1000
20251014,1598,岱宇,22.5,22.65,22.1,22.1,-,0.45,524402,11681656.0,12000,0,2000,127000,0,2000,115000,0,0
20251014,1103,嘉泥,13.0,13.1,13.0,13.05,+,0.05,293371,3833593.0,6000,0,8000,82000,0,12000,76000,0,4000
20251014,6582,申豐,35.8,38.5,34.7,37.2,+,2.2,1256291,47037762.0,3000,0,10835,140000,0,12835,137000,0,2000
20251014,8162,微矽電子-創,39.15,40.05,38.1,38.25,-,0.9,231545,8971876.0,7000,0,6306,46000,0,29306,39000,0,23000
20251014,3168,眾福科,44.2,45.7,44.2,45.2,+,0.25,15157,682217.0,13000,0,0,14000,0,0,1000,0,0
20251014,1437,勤益控,30.4,30.45,30.25,30.3,-,0.1,67224,2037641.0,11000,0,2000,24000,0,2000,13000,0,0
20251014,2444,兆勁,11.7,11.8,11.5,11.5,-,0.2,316138,3684562.0,13000,0,0,26000,0,0,13000,0,0
20251014,3592,瑞鼎,268.0,271.0,258.5,258.5,-,7.0,358896,94900091.0,18000,-3592,-1776,167000,0,1000,149000,3592,2776
20251014,00736,國泰新興市場,26.5,26.79,26.45,26.56,+,0.29,144829,3846170.0,0,0,11000,0,0,133000,0,0,122000
20251014,2426,鼎元,17.6,18.0,17.35,17.45,-,0.15,527177,9327121.0,7000,0,4000,215000,0,4000,208000,0,0
20251014,4737,華廣,65.0,65.4,61.0,64.0,-,1.0,138012,8677773.0,12000,0,-1000,28000,0,0,16000,0,1000
20251014,4956,光鋐,19.6,20.15,19.3,19.4,-,0.15,578874,11407052.0,36000,0,-25205,205000,0,2000,169000,0,27205
20251014,6515,穎崴,2325.0,2450.0,2260.0,2275.0,+,5.0,1911075,4505956370.0,-6003,27000,-10228,686657,33000,70690,692660,6000,80918
20251014,6645,金萬林-創,22.8,22.8,21.5,21.5,-,0.9,82702,1801279.0,11000,0,-924,19000,0,22107,8000,0,23031
20251014,6949,沛爾生醫-創,381.5,386.5,372.0,372.0,-,17.0,150171,56787520.0,-27000,0,37000,20000,0,38000,47000,0,1000
20251014,8367,建新國際,44.1,45.1,44.1,44.1,,0.0,82301,3670773.0,10000,0,0,14000,0,0,4000,0,0
20251014,1906,寶隆,13.2,13.45,13.15,13.2,,0.0,217951,2890446.0,6000,0,3959,25000,0,6004,19000,0,2045
20251014,00916,國泰全球品牌50,26.0,26.03,25.86,25.88,-,0.12,250432,6499980.0,-2000,0,11866,0,0,60000,2000,0,48134
20251014,3701,大眾控,37.8,38.4,36.5,36.6,-,1.4,701083,26186637.0,9000,0,379,254000,0,3000,245000,0,2621
20251014,5234,達興材料,378.0,395.0,369.0,370.5,-,4.5,1810436,693422944.0,36100,-100000,73159,604138,2000,109781,568038,102000,36622
20251014,00702,國泰標普低波高息,22.55,22.55,22.52,22.55,+,0.01,113394,2555829.0,0,0,9021,0,0,110021,0,0,101000
20251014,6281,全國電,68.0,68.5,68.0,68.2,-,0.1,49110,3356526.0,9000,0,0,11000,0,0,2000,0,0
20251014,2030,彰源,14.0,14.15,13.95,14.1,,0.0,213559,3001784.0,-3000,0,12000,29000,0,12000,32000,0,0
20251014,1220,台榮,13.1,13.1,13.0,13.05,-,0.05,46362,604833.0,9000,0,0,15000,0,0,6000,0,0
20251014,9906,欣巴巴,53.9,54.8,52.6,52.7,-,0.8,150893,8087313.0,7000,0,1598,51000,0,2292,44000,0,694
20251014,1460,宏遠,5.74,5.75,5.72,5.75,,0.0,374488,2148999.0,8000,0,0,22000,0,0,14000,0,0
20251014,6771,平和環保-創,50.6,50.6,50.0,50.3,-,0.2,57245,2876076.0,1000,0,7000,4000,0,10000,3000,0,3000
20251014,6988,威力暘-創,16.7,17.05,16.05,16.1,-,0.6,30000,497900.0,-2000,0,10000,1000,0,17000,3000,0,7000
20251014,00917,中信特選金融,22.97,23.11,22.97,23.0,+,0.08,67887,1563168.0,15000,0,-7794,15000,0,10000,0,0,17794
20251014,6606,建德工業,25.45,25.55,25.15,25.15,-,0.2,66777,1694570.0,6000,0,1000,8000,0,1000,2000,0,0
20251014,1475,業旺,34.0,37.15,34.0,37.15,+,3.35,196568,7205584.0,7000,0,0,20000,0,0,13000,0,0
20251014,8940,新天地,20.2,20.5,20.15,20.15,+,0.05,62435,1271213.0,8000,0,-2000,10000,0,0,2000,0,2000
20251014,6534,正瀚-創,109.0,109.5,104.5,104.5,-,4.5,83360,8857891.0,2000,0,3731,16000,0,11000,14000,0,7269
20251014,9927,泰銘,53.9,54.4,53.3,53.4,,0.0,293684,15779402.0,30000,-26000,1291,161000,0,2000,131000,26000,709
20251014,6951,青新-創,74.8,74.8,73.9,74.3,-,0.3,51435,3818137.0,1000,0,4000,2000,0,6000,1000,0,2000
20251014,2025,千興,10.7,11.0,10.6,10.7,,0.0,202667,2178493.0,-62000,0,67000,0,0,67000,62000,0,0
20251014,5258,虹堡,75.8,76.9,73.2,73.2,-,2.6,301426,22638107.0,3000,0,1952,121000,0,1976,118000,0,24
20251014,6409,旭隼,1070.0,1070.0,995.0,995.0,-,35.0,1138877,1155298981.0,5213,-1235,965,805401,2,1989,800188,1237,1024
20251014,00850,元大臺灣ESG永續,53.1,53.45,52.2,52.25,-,0.4,857846,45422177.0,39000,0,-34366,49000,0,267619,10000,0,301985
20251014,3617,碩天,239.5,240.0,230.5,230.5,-,8.5,470479,110677795.0,19720,0,-15215,151800,0,7720,132080,0,22935
20251014,2338,光罩,40.0,40.65,38.8,39.25,-,0.35,2320047,92077995.0,118000,0,-113497,1042000,0,9379,924000,0,122876
20251014,2491,吉祥全,12.65,12.85,12.5,12.55,-,0.05,33160,416951.0,3000,0,1000,5000,0,3000,2000,0,2000
20251014,1730,花仙子,52.4,52.4,52.3,52.3,-,0.1,25851,1354004.0,6000,0,-2000,8000,0,0,2000,0,2000
20251014,6955,邦睿生技-創,165.5,168.0,164.5,164.5,-,0.5,14842,2463630.0,-1000,0,5000,0,0,8000,1000,0,3000
20251014,6969,成信實業*-創,37.55,37.55,37.5,37.5,+,0.2,16000,600350.0,0,0,4000,0,0,4000,0,0,0
20251014,6781,AES-KY,1150.0,1170.0,1090.0,1090.0,-,35.0,1752634,1973410845.0,286924,-275000,-8070,729926,0,43837,443002,275000,51907
20251014,6641,基士德-KY,19.3,19.6,19.3,19.45,-,0.15,15090,293714.0,5000,0,-2000,6000,0,0,1000,0,2000
20251014,4581,光隆精密-KY,53.6,53.6,53.1,53.2,-,1.0,29000,1545700.0,-1000,0,4000,4000,0,4000,5000,0,0
20251014,2906,高林,14.0,14.1,13.9,14.0,+,0.1,54557,761793.0,-1000,0,4000,5000,0,4000,6000,0,0
20251014,2115,六暉-KY,26.55,26.6,26.45,26.45,-,0.05,31199,827028.0,2000,0,1000,7000,0,1000,5000,0,0
20251014,1521,大億,24.4,24.7,24.4,24.65,-,0.05,19661,483105.0,3000,0,0,5000,0,0,2000,0,0
20251014,1512,瑞利,8.2,8.2,8.08,8.14,+,0.07,50720,412233.0,4000,0,-1000,5000,0,0,1000,0,1000
20251014,1438,三地開發,36.7,37.05,36.55,36.6,-,0.1,75409,2775060.0,3000,0,0,10000,0,0,7000,0,0
20251014,2424,隴華,49.5,55.0,49.1,51.1,+,1.1,71598,3776894.0,4000,0,-1000,10000,0,0,6000,0,1000
20251014,2496,卓越,66.9,67.2,66.9,67.0,+,0.2,25646,1719324.0,3000,0,0,4000,0,0,1000,0,0
20251014,6794,向榮生技,80.4,81.7,77.0,77.8,-,2.2,38089,2996862.0,1000,0,1915,2000,0,10000,1000,0,8085
20251014,1342,八貫,86.7,86.7,85.0,85.0,-,1.3,113143,9692386.0,3000,0,-203,35000,0,0,32000,0,203
20251014,2352,佳世達,31.6,32.1,30.9,30.95,-,0.65,5099247,160863938.0,12931,-14000,3656,2092600,6000,110000,2079669,20000,106344
20251014,7631,聚賢研發-創,131.0,131.0,130.0,130.0,-,2.5,16589,2161733.0,0,0,2463,0,0,2463,0,0,0
20251014,00678,群益那斯達克生技,30.38,30.38,30.17,30.2,-,0.18,279754,8462720.0,0,0,2288,0,0,263288,0,0,261000
20251014,6936,永鴻生技,35.0,35.15,34.8,34.85,-,0.1,34450,1204520.0,2000,0,0,3000,0,0,1000,0,0
20251014,6887,寶綠特-KY,68.2,68.9,67.6,67.6,-,0.4,22000,1499200.0,2000,0,0,4000,0,0,2000,0,0
20251014,2910,統領,21.4,21.4,21.3,21.3,-,0.05,16000,341100.0,2000,0,0,4000,0,0,2000,0,0
20251014,2390,云辰,10.2,10.3,9.91,9.92,-,0.18,534381,5373223.0,6000,0,-4000,132000,0,0,126000,0,4000
20251014,2433,互盛電,48.85,48.9,48.85,48.9,+,0.05,8201,400728.0,0,0,2000,2000,0,2000,2000,0,0
20251014,8487,愛爾達-創,80.0,80.3,79.9,79.9,-,0.1,13032,1043278.0,2000,0,0,2000,0,0,0,0,0
20251014,8466,美吉吉-KY,23.6,24.35,23.2,23.4,-,0.2,67484,1594193.0,1000,0,1000,9000,0,1000,8000,0,0
20251014,9912,偉聯,11.9,12.0,11.75,11.85,,0.0,60179,715683.0,1000,0,0,1000,0,0,0,0,0
20251014,9944,新麗,16.95,16.95,16.75,16.9,+,0.05,11088,187126.0,1000,0,0,3000,0,0,2000,0,0
20251014,1233,天仁,30.85,30.85,30.8,30.8,+,0.05,6455,198861.0,1000,0,0,1000,0,0,0,0,0
20251014,1516,川飛,17.65,18.0,17.6,18.0,+,0.45,141132,2517656.0,1000,0,0,3000,0,0,2000,0,0
20251014,6671,三能-KY,36.6,36.6,35.9,36.2,-,0.7,325143,11771112.0,1000,0,-880,2000,0,0,1000,0,880
20251014,6573,虹揚-KY,10.2,10.2,9.85,10.0,+,0.04,83859,838052.0,-3000,0,3000,6000,0,3000,9000,0,0
20251014,5215,科嘉-KY,34.3,34.4,34.2,34.4,+,0.3,22020,754088.0,-1000,0,1000,3000,0,1000,4000,0,0
20251014,4994,傳奇,98.0,99.8,98.0,98.7,+,0.7,17499,1726612.0,-1000,0,1000,4000,0,1000,5000,0,0
20251014,4764,雙鍵,42.0,42.0,40.75,41.0,-,0.4,24128,991991.0,0,0,0,2000,0,0,2000,0,0
20251014,2702,華園,11.85,11.9,11.7,11.75,,0.0,82042,966309.0,0,0,0,5000,0,0,5000,0,0
20251014,3229,晟鈦,15.6,15.6,14.5,14.7,+,0.2,91681,1357648.0,0,0,0,4000,0,0,4000,0,0
20251014,1417,嘉裕,8.32,8.32,8.21,8.26,-,0.02,164063,1354087.0,-1000,0,1000,12000,0,1000,13000,0,0
20251014,1235,興泰,49.55,49.85,46.55,46.55,-,2.95,50394,2440591.0,-2000,0,2000,7000,0,3000,9000,0,1000
20251014,2028,威致,16.45,17.1,16.45,16.7,+,0.15,125713,2100139.0,2000,0,-2000,32000,0,0,30000,0,2000
20251014,8101,華冠,17.6,17.75,17.6,17.7,-,0.7,5092,89942.0,0,0,-3,0,0,0,0,0,3
20251014,1418,東華,20.65,20.65,20.5,20.5,-,0.15,17364,357168.0,0,0,-5,1000,0,0,1000,0,5
20251014,0057,富邦摩台,177.55,181.0,177.3,177.3,+,0.2,38177,6841940.0,0,0,-748,0,0,27272,0,0,28020
20251014,1445,大宇,14.55,14.8,14.55,14.6,-,0.1,22386,328600.0,-1000,0,0,0,0,1000,1000,0,1000
20251014,1443,立益物流,27.4,27.8,27.35,27.65,-,0.15,5126,141359.0,-1000,0,0,1000,0,0,2000,0,0
20251014,2114,鑫永銓,89.6,89.7,89.4,89.5,+,0.1,9625,862088.0,-1000,0,0,0,0,0,1000,0,0
20251014,4190,佐登-KY,33.55,33.65,33.3,33.45,+,0.2,28891,966084.0,-1000,0,0,1000,0,0,2000,0,0
20251014,2712,遠雄來,19.55,19.55,19.25,19.3,+,0.05,12827,248449.0,-1000,0,0,1000,0,0,2000,0,0
20251014,4930,燦星網,22.9,22.9,22.75,22.75,-,0.1,28582,652591.0,-1000,0,0,1000,0,0,2000,0,0
20251014,6807,峰源-KY,50.8,50.8,49.0,49.75,-,0.45,24500,1215600.0,-1000,0,0,6000,0,0,7000,0,0
20251014,6431,光麗-KY,16.0,16.0,15.55,15.8,,0.0,19304,304524.0,-1000,0,0,0,0,0,1000,0,0
20251014,6423,億而得-創,76.5,76.5,76.0,76.0,-,0.5,16355,1249360.0,-1000,0,0,1000,0,3000,2000,0,3000
20251014,6581,鋼聯,110.0,112.0,110.0,111.0,+,0.5,6630,736125.0,-1000,0,0,1000,0,1000,2000,0,1000
20251014,6674,鋐寶科技,21.55,21.55,20.7,20.7,-,0.6,16250,341686.0,-1000,0,0,5000,0,0,6000,0,0
20251014,6655,科定,112.5,114.5,112.5,114.5,-,0.5,3059,348230.0,-1000,0,0,0,0,0,1000,0,0
20251014,9136,巨騰-DR,7.19,7.9,7.19,7.61,+,0.22,1581020,12007256.0,-1000,0,0,53000,0,0,54000,0,0
20251014,9926,新海,49.85,49.95,49.85,49.95,+,0.15,3094,154394.0,-1000,0,0,0,0,0,1000,0,0
20251014,9918,欣天然,39.7,39.7,39.5,39.5,-,0.2,2537,100547.0,-2000,0,0,0,0,0,2000,0,0
20251014,8481,政伸,43.2,44.15,43.1,43.15,-,0.25,26224,1141917.0,-2000,0,0,1000,0,0,3000,0,0
20251014,4426,利勤,10.4,10.4,10.2,10.2,+,0.05,36898,378346.0,-2000,0,0,0,0,0,2000,0,0
20251014,4439,冠星-KY,93.3,93.3,90.5,91.1,,0.0,14016,1275155.0,-2000,0,0,1000,0,0,3000,0,0
20251014,4108,懷特,14.95,14.95,14.5,14.5,-,0.3,149922,2198897.0,-2000,0,0,18000,0,0,20000,0,0
20251014,2434,統懋,29.2,29.55,29.2,29.45,+,0.35,11281,331879.0,-2000,0,0,0,0,0,2000,0,0
20251014,2012,春雨,16.4,16.5,16.4,16.45,+,0.05,75416,1242225.0,-2000,0,0,13000,0,0,15000,0,0
20251014,1439,雋揚,28.15,28.75,28.1,28.3,+,0.05,19000,537850.0,-2000,0,0,0,0,0,2000,0,0
20251014,1410,南染,34.8,35.4,34.25,34.25,-,0.75,16101,557722.0,-2000,0,0,1000,0,0,3000,0,0
20251014,1315,達新,64.8,64.9,64.4,64.5,-,0.3,8528,551867.0,-2000,0,0,0,0,0,2000,0,0
20251014,1324,地球,11.05,11.4,10.9,11.1,+,0.05,98689,1092261.0,-1000,0,-1000,5000,0,0,6000,0,1000
20251014,6754,匯僑設計,48.5,48.8,47.9,48.3,+,0.25,28084,1355735.0,-2000,-71,0,3000,0,0,5000,71,0
20251014,1762,中化生,25.55,25.65,25.3,25.35,-,0.2,157871,4023639.0,-3168,0,799,12000,0,8000,15168,0,7201
20251014,2731,雄獅,158.0,160.0,156.5,157.0,-,0.5,546856,86591916.0,-21771,0,19321,238000,0,35391,259771,0,16070
20251014,2359,所羅門,136.0,136.5,130.5,131.0,-,4.0,1995703,266069533.0,28814,0,-31676,465000,0,42305,436186,0,73981
20251014,1583,程泰,49.5,49.5,48.8,48.8,-,0.45,16353,804374.0,-3000,0,0,0,0,0,3000,0,0
20251014,2254,巨鎧精密-創,59.3,60.2,59.3,59.5,-,0.7,9005,538001.0,-3000,0,0,0,0,3000,3000,0,3000
20251014,1338,廣華-KY,22.15,22.35,21.85,21.85,-,0.15,80330,1778552.0,-3000,0,0,1000,0,0,4000,0,0
20251014,1203,味王,39.3,39.9,39.3,39.35,+,0.05,13233,523734.0,-3000,0,0,1000,0,1000,4000,0,1000
20251014,1413,宏洲,10.45,10.45,10.35,10.35,-,0.15,66001,686060.0,-3000,0,0,0,0,0,3000,0,0
20251014,1423,利華,39.0,39.0,38.1,38.7,+,0.65,114831,4414768.0,-2000,0,-1000,1000,0,0,3000,0,1000
20251014,2904,匯僑,17.0,17.1,17.0,17.05,-,0.05,67137,1143250.0,-3000,0,0,2000,0,0,5000,0,0
20251014,3164,景岳,19.05,19.05,18.75,18.8,-,0.15,46338,875235.0,-3000,0,0,1000,0,0,4000,0,0
20251014,4552,力達-KY,22.55,22.85,22.55,22.55,-,0.05,63920,1448593.0,-4000,0,1000,0,0,1000,4000,0,0
20251014,6201,亞弘電,56.4,56.7,56.4,56.5,+,0.1,16220,918330.0,-3000,0,0,0,0,0,3000,0,0
20251014,5538,東明-KY,29.4,29.45,29.25,29.25,-,0.2,40000,1177250.0,-3000,0,0,0,0,0,3000,0,0
20251014,8443,阿瘦,11.9,11.9,11.75,11.75,-,0.2,51762,613070.0,-2000,0,-1000,1000,0,0,3000,0,1000
20251014,7736,虎山,96.8,100.0,95.9,97.4,-,0.1,43040,4227458.0,-3000,0,0,2000,0,0,5000,0,0
20251014,2362,藍天,39.6,40.4,39.2,39.3,-,0.2,541529,21556496.0,-7541,0,4232,251000,0,12538,258541,0,8306
20251014,1525,江申,67.8,67.8,66.7,66.8,-,0.5,15124,1015817.0,-4000,0,3,0,0,3003,4000,0,3000
20251014,1459,聯發,11.75,11.85,11.75,11.75,-,0.15,91625,1079196.0,-4000,0,0,5000,0,0,9000,0,0
20251014,1468,昶和,12.45,12.45,12.2,12.25,,0.0,45050,555557.0,-4000,0,0,0,0,0,4000,0,0
20251014,1341,富林-KY,57.7,58.5,57.7,58.1,-,1.1,9202,534159.0,-4000,0,0,1000,0,0,5000,0,0
20251014,1731,美吾華,21.9,22.0,21.85,21.85,,0.0,69455,1522085.0,-4000,0,0,0,0,0,4000,0,0
20251014,1726,永記,75.1,75.2,74.9,75.0,,0.0,36188,2713724.0,-4000,0,0,12000,0,1000,16000,0,1000
20251014,2373,震旦行,57.0,57.9,56.7,57.5,+,0.5,22486,1284885.0,-4000,0,0,3000,0,1000,7000,0,1000
20251014,6916,華凌,17.35,17.4,17.15,17.35,+,0.05,38289,662100.0,-4000,0,0,0,0,0,4000,0,0
20251014,6666,羅麗芬-KY,50.9,52.1,49.9,49.9,-,0.4,43533,2216925.0,-4000,0,0,2000,0,0,6000,0,0
20251014,6552,易華電,29.2,29.2,27.75,28.35,+,0.1,53485,1501324.0,-4000,0,0,6000,0,0,10000,0,0
20251014,6598,ABC-KY,22.7,23.0,22.7,22.75,-,0.25,57041,1298990.0,-4000,0,0,0,0,0,4000,0,0
20251014,3652,精聯,30.25,30.25,29.8,30.0,-,0.35,34128,1021990.0,-4000,0,0,2000,0,0,6000,0,0
20251014,2762,世界健身-KY,82.8,82.8,81.0,81.5,-,1.1,95784,7847576.0,-4000,0,0,32000,0,0,36000,0,0
20251014,7732,金興精密,36.45,36.45,35.3,35.4,-,0.9,15000,531700.0,-4000,0,0,0,0,0,4000,0,0
20251014,2008,高興昌,27.05,27.25,27.05,27.1,+,0.1,11278,306050.0,-4000,0,-17,3000,0,0,7000,0,17
20251014,2406,國碩,19.65,20.6,19.35,19.5,+,0.1,5060041,101424182.0,-29000,0,24796,1731000,0,35000,1760000,0,10204
20251014,2415,錩新,24.1,24.15,24.05,24.1,,0.0,54401,1310954.0,-6000,0,1000,4000,0,1000,10000,0,0
20251014,2432,倚天酷碁-創,27.8,27.9,27.7,27.75,-,0.05,29000,805600.0,1000,0,-6000,1000,0,1000,0,0,7000
20251014,2506,太設,9.52,9.53,9.5,9.5,-,0.01,94009,893995.0,-5000,0,0,20000,0,0,25000,0,0
20251014,1805,寶徠,10.5,10.65,10.45,10.55,,0.0,57106,602491.0,-5000,0,0,8000,0,0,13000,0,0
20251014,1626,艾美特-KY,11.9,12.0,11.7,11.7,-,0.3,171436,2037752.0,-5000,0,0,2000,0,0,7000,0,0
20251014,1465,偉全,13.2,13.2,12.85,13.1,,0.0,113859,1481009.0,-2000,0,-3000,1000,0,0,3000,0,3000
20251014,6931,青松健康,52.0,53.3,51.5,51.7,,0.0,139145,7301413.0,-6000,0,1000,3000,0,1000,9000,0,0
20251014,6168,宏齊,20.9,21.15,20.1,20.15,-,0.55,676582,13956450.0,-2000,0,-3000,300000,0,2000,302000,0,5000
20251014,8411,福貞-KY,12.7,12.75,12.6,12.75,+,0.05,78614,994612.0,-7000,0,2000,0,0,2000,7000,0,0
20251014,8463,潤泰材,25.0,25.4,25.0,25.0,-,0.2,72273,1809991.0,-6000,0,0,2000,0,0,8000,0,0
20251014,4935,茂林-KY,43.7,43.7,43.25,43.25,,0.0,39048,1698983.0,-8000,0,2000,8000,0,2000,16000,0,0
20251014,6155,鈞寶,23.9,24.0,23.2,23.2,-,0.8,271611,6392037.0,-6000,0,0,25000,0,0,31000,0,0
20251014,6183,關貿,98.0,99.0,97.9,98.4,-,0.4,33640,3313965.0,-8000,0,2000,9000,0,6000,17000,0,4000
20251014,6742,澤米,49.55,50.7,48.45,48.45,-,1.0,542128,26774302.0,-5000,0,-1000,169000,0,0,174000,0,1000
20251014,6226,光鼎,6.9,6.9,6.71,6.84,+,0.01,161232,1101076.0,-6000,0,0,2000,0,0,8000,0,0
20251014,4148,全宇生技-KY,40.25,40.7,40.0,40.0,-,0.6,21278,857518.0,-6000,0,0,1000,0,0,7000,0,0
20251014,1340,勝悅-KY,6.96,7.21,6.96,7.17,+,0.06,191532,1362445.0,-2000,0,-4000,29000,0,0,31000,0,4000
20251014,1236,宏亞,25.15,25.15,24.95,25.05,-,0.05,177131,4438527.0,-6000,0,0,10000,0,0,16000,0,0
20251014,2227,裕日車,54.7,54.7,54.5,54.6,-,0.1,25146,1374149.0,-6116,0,0,2000,0,0,8116,0,0
20251014,0053,元大電子,135.5,135.55,131.5,131.5,-,1.2,32842,4389096.0,1000,0,-7123,1000,0,4445,0,0,11568
20251014,00875,國泰網路資安,39.76,39.76,39.47,39.47,-,0.18,54847,2169456.0,0,0,-6468,0,0,24000,0,0,30468
20251014,2527,宏璟,23.6,23.7,22.95,23.05,-,0.45,435731,10104574.0,-10000,-329,3792,134000,0,8000,144000,329,4208
20251014,2430,燦坤,24.25,24.65,24.25,24.45,+,0.25,75096,1839744.0,-8000,0,1000,5000,0,1000,13000,0,0
20251014,2239,英利-KY,34.55,34.55,32.6,32.6,-,1.25,65181,2169967.0,-11000,0,4000,3000,0,4000,14000,0,0
20251014,1776,展宇,16.2,16.2,15.6,15.7,-,0.35,103829,1632109.0,-7000,0,0,3000,0,0,10000,0,0
20251014,1474,弘裕,11.85,11.85,11.55,11.55,-,0.25,121830,1427435.0,-7000,0,0,0,0,0,7000,0,0
20251014,8482,商億-KY,52.3,52.3,51.6,51.6,-,0.6,24468,1273022.0,-14000,0,7000,0,0,7000,14000,0,0
20251014,4583,台灣精銳,629.0,635.0,595.0,595.0,-,28.0,260622,159215756.0,1483,0,-8511,48000,0,8231,46517,0,16742
20251014,4952,凌通,39.7,39.7,38.65,38.65,-,0.35,177805,6961224.0,-7000,0,-495,46000,0,2000,53000,0,2495
20251014,5534,長虹,77.5,79.0,77.2,77.6,+,0.3,795508,62159400.0,50000,-80000,22401,332000,0,30842,282000,80000,8441
20251014,1783,和康生,44.6,45.6,43.5,43.7,-,0.65,153830,6781799.0,-9000,0,1005,16000,0,1005,25000,0,0
20251014,7765,中華資安,303.0,303.0,296.0,296.5,-,3.5,66115,19781053.0,-7997,0,0,3003,0,0,11000,0,0
20251014,3130,一零四,223.5,224.0,223.5,223.5,,0.0,21725,4858946.0,-7999,0,0,7000,0,0,14999,0,0
20251014,3057,喬鼎,12.8,12.85,12.3,12.4,-,0.25,117911,1482794.0,-9000,0,1000,2000,0,1000,11000,0,0
20251014,3321,同泰,16.9,16.9,15.4,15.4,-,0.95,69578,1106861.0,-8000,0,0,0,0,0,8000,0,0
20251014,3419,譁裕,13.85,14.05,13.75,13.95,-,0.05,173926,2412821.0,-8000,0,0,10000,0,0,18000,0,0
20251014,6464,台數科,77.1,77.8,77.1,77.5,+,0.1,23015,1784661.0,-8000,0,0,1000,0,1000,9000,0,1000
20251014,6958,日盛台駿,18.0,18.1,17.95,18.0,-,0.1,47021,846586.0,-8000,0,0,0,0,0,8000,0,0
20251014,1806,冠軍,9.26,9.38,9.12,9.12,-,0.14,451840,4174065.0,-16000,0,8000,130000,0,8000,146000,0,0
20251014,1539,巨庭,17.5,17.5,17.1,17.3,-,0.15,70880,1225931.0,-8000,0,0,1000,0,0,9000,0,0
20251014,1456,怡華,12.55,13.05,12.55,12.95,+,0.1,56785,729173.0,-9000,0,1000,2000,0,1000,11000,0,0
20251014,6924,榮惠-KY創,52.2,53.5,51.8,52.9,-,0.6,20011,1050316.0,-3000,0,-5011,0,0,5000,3000,0,10011
20251014,1735,日勝化,15.1,15.35,14.95,15.0,-,0.15,26151,397065.0,-7000,0,-1689,2000,0,1000,9000,0,2689
20251014,1454,台富,13.95,14.25,13.6,13.65,-,0.05,164964,2295738.0,-9000,0,0,3000,0,2000,12000,0,2000
20251014,1535,中宇,55.5,55.8,55.5,55.6,,0.0,33044,1839851.0,-9000,0,0,2000,0,0,11000,0,0
20251014,1506,正道,13.3,13.3,12.95,13.0,-,0.2,145666,1902058.0,-9000,0,0,15000,0,0,24000,0,0
20251014,1323,永裕,19.75,19.75,19.7,19.75,,0.0,39432,777876.0,-9000,0,0,2000,0,0,11000,0,0
20251014,2453,凌群,60.0,60.5,57.4,57.5,-,2.0,1324824,77860230.0,-10000,0,1000,316000,0,1000,326000,0,0
20251014,5546,永固-KY,24.25,24.8,23.95,24.75,+,0.15,19066,466033.0,-8000,0,-1000,1000,0,0,9000,0,1000
20251014,2816,旺旺保,26.6,26.95,26.55,26.65,+,0.05,107185,2864574.0,-9000,0,0,9000,0,0,18000,0,0
20251014,4133,亞諾法,26.0,26.0,25.5,25.5,-,0.5,42629,1097677.0,-10000,0,0,1000,0,0,11000,0,0
20251014,5607,遠雄港,50.4,51.5,49.7,49.7,+,0.05,421208,21212366.0,-10000,0,0,137000,0,2000,147000,0,2000
20251014,6952,大武山,45.8,45.8,45.05,45.65,-,0.15,21000,955481.0,-9000,0,-1000,0,0,0,9000,0,1000
20251014,1472,三洋實業,91.9,91.9,89.2,89.6,-,0.4,29206,2629287.0,-10000,0,0,1000,0,0,11000,0,0
20251014,1432,大魯閣,17.45,17.6,17.4,17.4,-,0.2,148928,2602168.0,-6000,0,-4000,0,0,0,6000,0,4000
20251014,1725,元禎,26.4,26.85,26.0,26.2,-,0.25,42151,1111178.0,-11000,0,1000,0,0,1000,11000,0,0
20251014,9908,大台北,29.9,30.0,29.9,30.0,+,0.1,78576,2354998.0,-19000,0,8960,4000,0,12000,23000,0,3040
20251014,6243,迅杰,34.25,34.45,33.0,33.0,-,0.7,164307,5523985.0,-10000,0,-143,42000,0,0,52000,0,143
20251014,4999,鑫禾,25.5,25.95,24.8,25.25,-,0.45,99574,2525551.0,-12000,0,1629,8000,0,4000,20000,0,2371
20251014,1339,昭輝,42.4,42.45,41.0,41.9,-,0.4,39375,1644872.0,-12000,0,1437,5000,0,3000,17000,0,1563
20251014,1337,再生-KY,5.09,5.15,5.06,5.07,+,0.03,322721,1644362.0,-11000,0,0,55000,0,0,66000,0,0
20251014,2069,運錩,15.1,15.3,15.0,15.3,+,0.25,300334,4552327.0,-12000,0,1000,20000,0,7000,32000,0,6000
20251014,1568,倉佑,23.1,23.1,22.35,22.55,-,0.35,87142,1981805.0,-8000,0,-3000,7000,0,0,15000,0,3000
20251014,00892,富邦台灣半導體,20.66,20.74,19.99,20.0,-,0.15,1859074,37957401.0,227000,0,-238525,357000,0,988617,130000,0,1227142
20251014,8201,無敵,15.75,15.8,15.3,15.3,-,0.35,156021,2426097.0,-10000,0,-2000,25000,0,1000,35000,0,3000
20251014,1732,毛寶,28.8,29.1,28.3,28.3,-,0.55,150515,4306712.0,-12000,0,0,38000,0,0,50000,0,0
20251014,2007,燁興,7.7,7.78,7.65,7.65,-,0.02,226542,1745866.0,-12000,0,0,31000,0,0,43000,0,0
20251014,1452,宏益,12.5,12.5,12.0,12.1,-,0.4,171297,2101122.0,-9000,0,-3000,18000,0,1000,27000,0,4000
20251014,1530,亞崴,27.2,27.2,26.8,27.15,-,0.05,28848,780169.0,-6000,0,-6000,0,0,0,6000,0,6000
20251014,3266,昇陽,13.8,13.95,13.65,13.7,-,0.1,60948,838788.0,-9000,0,-3000,2000,0,0,11000,0,3000
20251014,2705,六福,16.9,17.0,16.8,16.8,-,0.05,154934,2619162.0,-12000,0,0,4000,0,0,16000,0,0
20251014,6625,必應,81.6,83.1,80.1,80.2,-,1.4,191452,15542140.0,-11980,0,-119,44020,0,7000,56000,0,7119
20251014,2485,兆赫,14.6,14.9,14.05,14.05,-,0.1,5431131,78915792.0,17000,0,-29477,1056000,0,51000,1039000,0,80477
20251014,5907,大洋-KY,5.94,5.95,5.88,5.88,-,0.02,122510,724817.0,-13000,0,0,8000,0,0,21000,0,0
20251014,6128,上福,28.15,28.3,28.0,28.05,-,0.05,68544,1930308.0,-15000,0,2000,0,0,2000,15000,0,0
20251014,9929,秋雨,12.0,12.15,11.95,12.0,-,0.35,30160,362876.0,-13000,0,0,0,0,0,13000,0,0
20251014,6658,聯策,60.7,60.7,57.8,58.0,-,1.7,299843,17646395.0,-12822,0,-757,82178,0,1000,95000,0,1757
20251014,3027,盛達,24.2,24.6,24.05,24.2,,0.0,276995,6738007.0,-14000,0,0,91000,0,0,105000,0,0
20251014,1531,高林股,11.75,12.05,11.75,12.0,+,0.15,190957,2269163.0,-16000,0,2000,7000,0,2000,23000,0,0
20251014,1527,鑽全,32.95,33.2,32.65,32.65,-,0.15,224514,7389863.0,-14000,0,0,78000,0,0,92000,0,0
20251014,9937,全國,61.5,61.6,61.0,61.0,-,0.5,29294,1794998.0,-11000,-3000,0,0,0,1000,11000,3000,1000
20251014,2022,聚亨,7.96,8.04,7.8,7.89,-,0.07,680332,5371492.0,10000,0,-24001,85000,0,0,75000,0,24001
20251014,2029,盛餘,21.9,22.1,21.85,21.95,+,0.05,160526,3521674.0,-18000,0,3578,35000,0,4000,53000,0,422
20251014,9103,美德醫療-DR,4.83,4.86,4.81,4.82,,0.0,363115,1752396.0,-15000,0,70,2000,0,70,17000,0,0
20251014,2033,佳大,17.9,18.2,17.35,17.35,-,0.6,150879,2650225.0,-18000,0,3000,10000,0,3000,28000,0,0
20251014,3669,圓展,29.95,30.15,29.3,29.3,-,0.65,77644,2312948.0,-16000,0,0,2000,0,0,18000,0,0
20251014,1533,車王電,31.5,31.95,31.4,31.5,,0.0,52530,1659448.0,-16000,0,0,5000,0,0,21000,0,0
20251014,9905,大華,20.55,20.55,20.4,20.45,-,0.1,248217,5077719.0,-16000,0,0,11000,0,0,27000,0,0
20251014,1467,南緯,7.52,7.52,7.4,7.42,-,0.07,68229,507177.0,-14000,0,-3000,4000,0,0,18000,0,3000
20251014,7749,意騰-KY,533.0,539.0,502.0,503.0,-,21.0,360269,185188587.0,-16000,0,-1162,44000,0,42,60000,0,1204
20251014,2722,夏都,26.9,26.9,26.05,26.05,-,0.15,57018,1492814.0,-19612,0,2000,4388,0,2000,24000,0,0
20251014,4771,望隼,180.0,180.0,174.0,175.0,-,3.0,130554,23043072.0,-17702,0,0,26000,0,0,43702,0,0
20251014,3413,京鼎,326.0,326.0,308.0,308.5,-,12.0,2443522,771248261.0,234806,-2000,-250584,766000,0,31152,531194,2000,281736
20251014,4588,玖鼎電力,59.9,61.0,59.8,60.0,+,0.2,46561,2795027.0,-18000,0,0,7000,0,0,25000,0,0
20251014,6405,悅城,26.4,27.4,26.2,26.45,+,0.05,167587,4488806.0,-18000,0,0,9000,0,0,27000,0,0
20251014,1713,國化,48.85,49.2,48.55,48.65,-,0.2,115930,5656392.0,-18000,0,0,30000,0,0,48000,0,0
20251014,2248,華勝-KY,51.6,52.0,49.0,49.0,+,1.5,331638,16628182.0,-20000,0,2000,0,0,2000,20000,0,0
20251014,2460,建通,17.9,18.4,17.7,17.9,+,0.15,142936,2568157.0,-18000,0,-267,3000,0,2000,21000,0,2267
20251014,2509,全坤建,15.3,15.3,14.7,14.9,,0.0,140668,2096008.0,-19000,0,0,18000,0,0,37000,0,0
20251014,1416,廣豐,11.4,11.45,11.3,11.35,-,0.05,105224,1193825.0,-19000,0,0,6000,0,0,25000,0,0
20251014,4569,六方科-KY,158.5,159.0,152.0,154.0,-,2.0,51672,7984117.0,-19000,0,0,9000,0,0,28000,0,0
20251014,5288,豐祥-KY,115.5,116.5,114.5,114.5,,0.0,65824,7595079.0,-20000,0,1000,4000,0,1000,24000,0,0
20251014,3092,鴻碩,15.05,15.2,14.75,14.8,-,0.2,159555,2385499.0,-19000,0,0,13000,0,0,32000,0,0
20251014,4961,天鈺,162.0,166.0,159.0,161.0,,0.0,458998,74365973.0,-21008,0,1752,207500,0,10187,228508,0,8435
20251014,6592,和潤企業,64.5,65.4,64.3,64.5,,0.0,497989,32267754.0,-60523,33000,8183,192200,33000,13000,252723,0,4817
20251014,2852,第一保,26.1,26.3,26.05,26.1,+,0.05,282696,7403793.0,-19000,-1147,0,122000,0,0,141000,1147,0
20251014,8045,達運光電,88.7,89.9,87.1,87.3,-,1.2,246141,21731962.0,-22000,0,1439,113000,0,2000,135000,0,561
20251014,8476,台境*,18.8,18.85,18.0,18.5,-,0.3,162602,3000354.0,-18000,0,-3000,10000,0,4000,28000,0,7000
20251014,2616,山隆,14.4,14.4,14.15,14.2,,0.0,49830,708816.0,-21000,0,0,6000,0,0,27000,0,0
20251014,6230,尼得科超眾,138.0,140.5,133.5,133.5,-,3.0,193642,26587426.0,-24000,0,2632,33000,0,4000,57000,0,1368
20251014,3454,晶睿,85.9,87.5,84.0,84.0,-,1.2,131171,11266598.0,-22000,0,575,44000,0,2000,66000,0,1425
20251014,2207,和泰車,572.0,579.0,570.0,574.0,-,1.0,227203,130425624.0,-32597,6,10997,151806,6,15000,184403,0,4003
20251014,3494,誠研,10.95,10.95,10.4,10.75,-,0.05,139710,1481843.0,-22000,0,0,8000,0,0,30000,0,0
20251014,3308,聯德,16.45,16.45,15.8,15.8,-,0.45,83265,1339663.0,-23000,0,1000,1000,0,1000,24000,0,0
20251014,5525,順天,28.1,28.55,28.0,28.35,-,0.05,61040,1728284.0,-22000,0,0,13000,0,2000,35000,0,2000
20251014,5007,三星,50.7,51.5,50.7,51.2,+,0.3,60091,3071921.0,-22000,0,-1000,4000,0,2000,26000,0,3000
20251014,5283,禾聯碩,66.4,66.4,63.5,63.8,-,2.7,355619,23018805.0,-20000,0,-3000,23000,0,0,43000,0,3000
20251014,3557,嘉威,38.95,39.1,38.15,38.2,-,0.7,97608,3755483.0,-23000,0,0,6000,0,0,29000,0,0
20251014,1457,宜進,16.45,16.45,16.35,16.35,,0.0,99853,1636423.0,-27000,0,3000,5000,0,3000,32000,0,0
20251014,4807,日成-KY,18.55,19.35,18.1,18.1,+,0.5,203114,3843189.0,-26000,0,2000,9000,0,4000,35000,0,2000
20251014,6792,詠業,56.3,56.5,54.4,54.4,-,1.9,86500,4796998.0,-25000,0,0,11000,0,0,36000,0,0
20251014,2923,鼎固-KY,20.0,21.0,20.0,20.35,-,0.15,38232,773680.0,-26000,0,1000,3000,0,1000,29000,0,0
20251014,6277,宏正,61.6,61.7,61.1,61.1,-,0.1,115504,7096809.0,-26000,0,723,20000,0,5000,46000,0,4277
20251014,00783,富邦中証500,24.19,24.57,23.9,24.16,+,0.15,226796,5504022.0,0,0,-25945,0,0,166131,0,0,192076
20251014,6796,晉弘,88.0,88.0,82.6,82.9,-,2.6,97640,8302931.0,-26000,0,0,9000,0,0,35000,0,0
20251014,6902,GOGOLOOK,82.4,83.0,79.2,80.4,-,0.1,51432,4149483.0,-26000,0,0,6000,0,0,32000,0,0
20251014,3060,銘異,23.7,24.2,22.9,22.95,-,0.35,2699550,63502437.0,-28000,0,2000,674000,0,2000,702000,0,0
20251014,2438,翔耀,23.8,24.0,23.1,23.2,-,0.6,112561,2658681.0,-26000,0,0,1000,0,0,27000,0,0
20251014,1563,巧新,46.4,46.95,45.8,46.0,+,0.15,484951,22448355.0,-26000,0,0,187000,0,1000,213000,0,1000
20251014,2107,厚生,23.9,24.1,23.9,24.0,,0.0,187285,4494159.0,-26000,0,0,5000,0,0,31000,0,0
20251014,7705,三商餐飲,41.1,41.1,40.2,40.35,-,0.5,106553,4306614.0,-26000,0,0,2000,0,0,28000,0,0
20251014,00972,野村日本動能高息,15.91,15.98,15.83,15.88,+,0.16,279684,4454874.0,-6000,0,-20293,2000,0,215098,8000,0,235391
20251014,00901,永豐智能車供應鏈,26.14,26.46,25.6,25.6,-,0.37,113425,2958796.0,-6000,0,-20719,0,0,50996,6000,0,71715
20251014,7722,LINEPAY,588.0,594.0,576.0,576.0,-,10.0,145303,84716301.0,-26985,0,111,12015,0,1000,39000,0,889
20251014,8442,威宏-KY,68.9,69.9,67.1,67.8,-,0.8,92980,6382466.0,-27000,0,0,23000,0,0,50000,0,0
20251014,1217,愛之味,10.35,10.45,10.3,10.35,-,0.05,809522,8396030.0,-73000,0,46000,147000,0,46000,220000,0,0
20251014,2471,資通,50.8,50.8,49.0,49.2,-,0.9,363131,18106337.0,-27000,0,0,116000,0,0,143000,0,0
20251014,8261,富鼎,92.5,92.9,89.0,89.4,-,2.3,920600,83343131.0,-25000,0,-2801,297000,0,3121,322000,0,5922
20251014,2243,宏旭-KY,13.0,13.75,12.9,13.0,+,0.05,1024693,13570605.0,-6000,0,-22333,103000,0,7000,109000,0,29333
20251014,3346,麗清,22.35,22.5,22.0,22.0,-,0.15,321331,7147504.0,-29000,0,0,97000,0,0,126000,0,0
20251014,6108,競國,15.2,15.3,14.75,14.95,-,0.15,381105,5720082.0,-26000,0,-3000,24000,0,6000,50000,0,9000
20251014,6585,鼎基,96.0,96.0,92.3,93.1,-,1.3,93990,8839533.0,-28000,0,-1000,19000,0,0,47000,0,1000
20251014,9943,好樂迪,65.1,65.1,64.5,64.8,-,0.3,139767,9053247.0,-29000,0,0,8000,0,0,37000,0,0
20251014,00660,元大歐洲50,40.22,40.22,40.06,40.07,+,0.09,70641,2836562.0,0,0,-29000,0,0,2000,0,0,31000
20251014,6141,柏承,12.05,12.1,11.65,11.65,-,0.35,304951,3600640.0,-32000,0,2000,61000,0,2000,93000,0,0
20251014,4441,振大環球,268.0,269.5,256.0,256.0,-,10.5,163629,42918623.0,-18000,0,-12000,37000,0,0,55000,0,12000
20251014,5706,鳳凰,52.5,52.5,51.5,51.6,-,0.3,145074,7542300.0,-31756,0,1465,39000,0,2000,70756,0,535
20251014,6928,攸泰科技,61.1,62.0,57.8,57.9,-,2.7,402490,23908008.0,-31900,0,1586,97100,0,3000,129000,0,1414
20251014,8467,波力-KY,160.0,163.5,154.0,154.0,-,5.0,98975,15579901.0,-29000,0,-2000,10000,0,0,39000,0,2000
20251014,6994,富威電力,101.5,102.0,96.6,96.6,-,3.1,413120,40800221.0,-32100,0,1087,102000,0,1093,134100,0,6
20251014,6426,統新,71.9,72.5,69.9,70.0,-,1.2,131004,9332675.0,-32000,0,0,35000,0,0,67000,0,0
20251014,3296,勝德,20.65,21.1,20.1,20.1,-,0.3,173671,3567092.0,-33000,0,1000,18000,0,1000,51000,0,0
20251014,3043,科風,23.25,23.7,22.65,23.0,-,0.25,109964,2535226.0,-33000,0,1000,7000,0,1000,40000,0,0
20251014,1817,凱撒衛,38.8,39.0,38.5,38.65,-,0.15,78342,3029864.0,-32000,0,0,13000,0,0,45000,0,0
20251014,1232,大統益,146.0,146.0,145.5,146.0,,0.0,85069,12395017.0,-34000,0,2000,8000,0,3000,42000,0,1000
20251014,1201,味全,15.2,15.25,15.05,15.15,+,0.1,258903,3917393.0,-50000,0,17519,27000,0,18000,77000,0,481
20251014,1256,鮮活果汁-KY,159.5,161.0,153.5,153.5,-,11.5,169633,26844237.0,-31000,0,-2000,24000,0,0,55000,0,2000
20251014,1604,聲寶,24.9,25.1,24.8,24.85,-,0.05,242092,6037904.0,-38000,0,5000,32000,0,7000,70000,0,2000
20251014,2459,敦吉,62.7,63.2,62.4,62.5,-,0.1,82794,5207288.0,-34000,0,1000,1000,0,1000,35000,0,0
20251014,6790,永豐實,38.65,39.0,38.55,38.65,,0.0,169337,6567989.0,-33000,0,0,22000,0,1000,55000,0,1000
20251014,00911,兆豐洲際半導體,30.52,30.87,30.26,30.38,+,0.18,347373,10623093.0,0,0,-33017,0,0,148899,0,0,181916
20251014,2250,IKKA-KY,85.6,88.5,83.3,83.3,-,1.5,284049,24192162.0,-35931,0,2794,41142,0,3000,77073,0,206
20251014,6689,伊雲谷,74.2,74.2,70.1,70.2,-,2.0,232857,16663823.0,-34000,0,857,25000,0,3000,59000,0,2143
20251014,1789,神隆,19.05,19.35,18.45,18.5,-,0.55,1585563,29927595.0,-43500,0,9644,347500,0,19000,391000,0,9356
20251014,1414,東和,17.05,17.5,16.8,16.85,-,0.15,587039,9985053.0,-35000,0,1000,104000,0,1000,139000,0,0
20251014,6525,捷敏-KY,78.8,79.7,76.4,76.7,-,2.6,525860,40972443.0,-22000,0,-12000,130000,0,2000,152000,0,14000
20251014,2849,安泰銀,13.15,13.2,13.1,13.15,,0.0,90486,1190890.0,-34000,0,0,3000,0,7000,37000,0,7000
20251014,2642,宅配通,29.65,30.45,29.3,29.4,-,0.2,135762,4024059.0,-36000,0,2000,7000,0,2000,43000,0,0
20251014,2348,海悅,88.4,89.9,86.4,86.9,-,0.9,702896,62018650.0,-36000,0,1981,259000,0,4065,295000,0,2084
20251014,2013,中鋼構,41.15,41.75,41.1,41.3,+,0.25,69677,2881097.0,-33000,0,-1843,2000,0,3000,35000,0,4843
20251014,2707,晶華,193.0,193.5,191.0,191.0,-,0.5,230980,44289843.0,-14000,-21966,1101,61000,5000,3000,75000,26966,1899
20251014,4440,宜新實業,20.75,21.0,19.7,19.95,,0.0,746026,15227763.0,-36000,0,1000,48000,0,2000,84000,0,1000
20251014,6164,華興,10.05,10.05,9.92,9.92,-,0.03,119014,1187486.0,-35000,0,0,7000,0,0,42000,0,0
20251014,8429,金麗-KY,8.16,8.17,8.0,8.0,-,0.15,224384,1813674.0,-35000,0,0,13000,0,0,48000,0,0
20251014,4119,旭富,59.8,59.8,58.3,58.3,-,0.6,82267,4830775.0,-37000,0,1748,9000,0,2000,46000,0,252
20251014,6743,安普新,30.35,30.6,29.95,30.0,-,0.25,263220,7946737.0,-36000,0,0,73000,0,0,109000,0,0
20251014,1537,廣隆,128.5,129.0,127.0,128.5,,0.0,150595,19282129.0,7000,-14000,-29002,38000,0,1000,31000,14000,30002
20251014,1558,伸興,89.2,89.4,88.7,89.4,+,0.3,124316,11084112.0,-32150,-195,-4000,14000,0,4000,46150,195,8000
20251014,0051,元大中型100,87.5,88.6,86.0,86.0,-,1.2,118639,10310653.0,0,0,-36571,5000,0,15580,5000,0,52151
20251014,1219,福壽,13.55,13.65,13.45,13.5,,0.0,448744,6076918.0,-41000,0,4000,13000,0,4000,54000,0,0
20251014,6918,愛派司,88.7,88.7,86.8,86.9,-,1.8,70357,6170146.0,-37000,0,0,2000,0,0,39000,0,0
20251014,2497,怡利電,46.05,46.4,44.5,44.6,-,1.0,240867,10912140.0,-36000,0,-1149,76000,0,3000,112000,0,4149
20251014,4104,佳醫,85.1,85.1,84.7,85.0,-,0.1,258929,21984624.0,-38000,0,235,40000,0,3000,78000,0,2765
20251014,2511,太子,9.07,9.14,9.02,9.07,+,0.02,772431,7014569.0,-62000,0,24054,261000,0,33000,323000,0,8946
20251014,3138,耀登,96.0,96.0,92.0,92.5,-,1.5,142625,13313021.0,-38000,0,0,22000,0,0,60000,0,0
20251014,3021,鴻名,17.55,17.6,17.2,17.2,-,0.35,111432,1944278.0,-38000,0,0,1000,0,0,39000,0,0
20251014,3607,谷崧,13.5,13.6,13.35,13.35,-,0.05,193032,2589443.0,-38000,0,-1000,12000,0,0,50000,0,1000
20251014,1108,幸福,15.0,15.1,14.95,14.95,-,0.05,211223,3170434.0,-39000,0,0,3000,0,0,42000,0,0
20251014,4106,雃博,21.75,21.9,21.4,21.7,,0.0,144078,3114374.0,-42000,0,2094,2000,0,4000,44000,0,1906
20251014,5244,弘凱,41.4,41.9,40.5,40.5,-,0.7,322090,13234433.0,-40000,0,0,66000,0,0,106000,0,0
20251014,6115,鎰勝,47.45,47.5,46.95,47.2,-,0.1,86314,4073358.0,-43000,0,2244,2000,0,3000,45000,0,756
20251014,5285,界霖,53.7,53.7,49.85,49.85,-,3.25,511796,26402010.0,-41000,0,0,93000,0,0,134000,0,0
20251014,2516,新建,14.45,15.25,14.45,14.9,-,0.15,314225,4684449.0,-39000,0,-2000,22000,0,0,61000,0,2000
20251014,1524,耿鼎,27.7,28.0,26.9,26.9,-,0.7,974741,26700063.0,-41000,0,0,208000,0,0,249000,0,0
20251014,2524,京城,44.35,45.6,43.6,43.9,-,0.9,256244,11373378.0,-48000,0,6000,83000,0,8000,131000,0,2000
20251014,4557,永新-KY,70.4,71.5,69.5,69.7,-,0.2,296821,20872185.0,-42000,0,0,79000,0,0,121000,0,0
20251014,4942,嘉彰,36.55,36.55,35.95,35.95,-,0.15,74455,2689242.0,-44000,0,1811,16000,0,2000,60000,0,189
20251014,4560,強信-KY,32.6,32.6,31.6,31.8,-,0.15,261623,8372122.0,-43000,0,0,112000,0,0,155000,0,0
20251014,1737,臺鹽,32.0,33.0,31.95,31.95,,0.0,97851,3144873.0,-43000,0,0,3000,0,0,46000,0,0
20251014,2514,龍邦,14.65,14.8,14.6,14.75,+,0.1,93197,1365871.0,-49000,0,5699,5000,0,6000,54000,0,301
20251014,1617,榮星,15.6,15.6,15.25,15.25,-,0.25,209183,3226639.0,-46000,0,2450,25000,0,4000,71000,0,1550
20251014,2450,神腦,28.8,28.9,28.55,28.8,+,0.1,178811,5148365.0,-47000,0,3000,34000,0,3000,81000,0,0
20251014,2701,萬企,11.3,11.3,11.05,11.1,,0.0,117240,1307999.0,-44000,0,0,16000,0,0,60000,0,0
20251014,1451,年興,17.65,17.65,17.5,17.5,-,0.1,179883,3159901.0,-46000,0,0,7000,0,0,53000,0,0
20251014,9942,茂順,106.0,106.5,105.5,106.0,,0.0,136097,14414167.0,-32000,0,-14000,33000,0,1000,65000,0,15000
20251014,2462,良得電,23.6,24.85,23.3,23.3,-,0.1,562165,13476522.0,-49000,0,2792,155000,0,3000,204000,0,208
20251014,2323,中環,9.31,9.44,9.15,9.2,-,0.05,3402400,31601994.0,-61000,0,14000,906000,0,27000,967000,0,13000
20251014,4137,麗豐-KY,99.9,102.0,99.9,100.0,+,1.8,241302,24334355.0,-49000,0,1997,60000,0,2000,109000,0,3
20251014,1736,喬山,174.0,175.0,163.5,165.5,-,5.5,1543744,259001559.0,20002,-2000,-65248,891009,0,13000,871007,2000,78248
20251014,2482,連宇,18.35,18.7,18.05,18.15,-,0.2,142999,2629425.0,-49000,0,1358,11000,0,3000,60000,0,1642
20251014,6224,聚鼎,43.25,43.6,42.65,42.7,-,0.35,216376,9321597.0,-49000,0,1000,30000,0,1000,79000,0,0
20251014,6205,詮欣,41.45,41.45,40.1,40.1,-,0.65,176584,7171265.0,-49000,0,-1000,29000,0,0,78000,0,1000
20251014,2739,寒舍,37.55,37.75,37.25,37.35,-,0.15,110975,4165936.0,-48000,0,-3000,7000,0,0,55000,0,3000
20251014,1109,信大,15.5,15.55,15.45,15.5,,0.0,114334,1770831.0,-56000,0,4000,2000,0,4000,58000,0,0
20251014,3518,柏騰,21.1,21.4,20.35,20.45,-,0.55,415816,8664771.0,-46000,0,-6000,116000,0,0,162000,0,6000
20251014,4736,泰博,118.0,118.5,116.0,116.5,-,0.5,230861,27026950.0,-50000,0,-2062,80000,0,2000,130000,0,4062
20251014,1614,三洋電,36.4,36.65,35.7,36.15,-,0.35,177920,6462090.0,-55857,0,3000,11143,0,4000,67000,0,1000
20251014,2440,太空梭,12.15,12.3,12.1,12.1,-,0.25,117206,1425356.0,-53000,0,0,1000,0,0,54000,0,0
20251014,9925,新保,40.6,40.85,40.6,40.8,+,0.25,157286,6407310.0,-58000,0,5000,15000,0,7000,73000,0,2000
20251014,3038,全台,20.65,21.0,20.4,20.4,-,0.2,310052,6409220.0,-54000,-488,887,94000,0,4000,148000,488,3113
20251014,6414,樺漢,292.0,297.5,284.0,284.0,-,6.0,717902,207641530.0,36439,-73000,-17173,279000,14000,8164,242561,87000,25337
20251014,1321,大洋,36.05,36.1,35.65,35.9,-,0.1,332993,11926968.0,-58000,0,3950,17000,0,4000,75000,0,50
20251014,2032,新鋼,14.75,15.1,14.6,14.8,+,0.2,251655,3737006.0,-57000,0,0,21000,0,0,78000,0,0
20251014,2850,新產,116.0,117.5,115.0,115.0,-,1.0,234597,27225963.0,-74000,13000,3140,52000,13000,14000,126000,0,10860
20251014,4438,廣越,65.7,66.2,64.5,64.5,-,1.3,241125,15761527.0,-59000,0,1000,41000,0,1000,100000,0,0
20251014,3717,聯嘉投控,21.05,21.3,20.25,20.25,-,0.65,551978,11402051.0,-58000,0,0,96000,0,0,154000,0,0
20251014,6862,三集瑞-KY,165.0,166.0,153.5,155.0,-,9.0,537699,85049145.0,-48000,0,-12994,81000,0,6,129000,0,13000
20251014,6756,威鋒電子,88.0,91.3,86.3,86.4,-,1.0,194166,17158842.0,-62000,0,26,51000,0,2000,113000,0,1974
20251014,7721,微程式,63.6,63.7,61.9,61.9,-,1.5,171655,10759779.0,-62000,0,0,4000,0,0,66000,0,0
20251014,2477,美隆電,23.7,23.75,23.4,23.4,,0.0,200249,4712289.0,-65000,0,2000,17000,0,2000,82000,0,0
20251014,3004,豐達科,134.0,135.0,125.0,126.0,-,6.5,1273608,163982364.0,-52000,0,-11382,327000,0,0,379000,0,11382
20251014,9930,中聯資源,68.5,68.8,68.1,68.6,+,0.1,147961,10124553.0,-69000,0,4000,29000,0,5000,98000,0,1000
20251014,4746,台耀,63.4,64.2,62.9,62.9,-,0.4,458674,29139967.0,-64000,0,-1399,171000,0,450,235000,0,1849
20251014,6192,巨路,101.5,102.0,99.3,99.3,-,1.2,219932,22082270.0,-67000,0,51,61000,0,2000,128000,0,1949
20251014,3046,建碁,48.0,48.3,46.1,46.1,-,1.3,421608,19887927.0,-69000,0,1455,77000,0,3000,146000,0,1545
20251014,5269,祥碩,1500.0,1540.0,1435.0,1440.0,-,35.0,887727,1324605800.0,-93219,10000,15360,243863,19000,52354,337082,9000,36994
20251014,3550,聯穎,14.55,14.65,14.15,14.25,-,0.15,352294,5044734.0,-69000,0,858,91000,0,2000,160000,0,1142
20251014,5292,華懋,151.5,153.0,148.0,149.5,-,1.5,174735,26217458.0,-68200,0,0,7200,0,0,75400,0,0
20251014,2247,汎德永業,292.0,293.0,290.0,290.5,-,1.5,180655,52578766.0,-69020,0,614,23050,0,2000,92070,0,1386
20251014,00851,台新全球AI,55.85,56.0,55.15,55.15,-,0.5,133025,7391895.0,20,0,-69000,20,0,12000,0,0,81000
20251014,1615,大山,47.05,47.05,46.25,46.4,-,0.65,162567,7582442.0,-69000,0,0,9000,0,1000,78000,0,1000
20251014,2347,聯強,59.6,60.5,59.1,59.1,+,0.2,4913695,292777513.0,399302,-519082,50315,3185844,6024,341042,2786542,525106,290727
20251014,1477,聚陽,279.5,281.5,274.0,274.5,-,4.0,695203,192135801.0,-83985,-66656,80838,359080,11000,111418,443065,77656,30580
20251014,1473,台南,29.95,32.5,29.95,31.8,+,2.15,1792895,56218850.0,-65000,0,-5392,334000,0,608,399000,0,6000
20251014,6835,圓裕,40.95,40.95,39.1,39.35,-,0.75,194483,7698230.0,-71000,0,0,6000,0,0,77000,0,0
20251014,9935,慶豐富,19.25,19.35,18.9,19.05,-,0.1,395071,7538560.0,-73000,0,0,72000,0,0,145000,0,0
20251014,2908,特力,19.9,19.95,19.75,19.75,-,0.15,228196,4532129.0,-73000,0,0,30000,0,2000,103000,0,2000
20251014,2364,倫飛,71.9,71.9,70.0,70.0,-,1.1,176205,12499754.0,-72000,-1000,0,30000,0,0,102000,1000,0
20251014,6965,中傑-KY,97.1,97.5,94.1,96.0,-,0.6,285408,27319503.0,-72000,0,-2000,67000,0,0,139000,0,2000
20251014,9940,信義,23.55,23.75,23.5,23.75,+,0.2,331043,7812107.0,-85000,0,8498,127000,0,13000,212000,0,4502
20251014,3022,威強電,67.5,68.3,66.2,66.5,-,0.6,653726,43855960.0,-68000,0,-8621,231000,0,4000,299000,0,12621
20251014,1234,黑松,37.9,37.95,37.7,37.7,-,0.2,276040,10439917.0,-77000,0,0,13000,0,2000,90000,0,2000
20251014,4155,訊映,14.7,14.75,14.45,14.7,+,0.05,352517,5158342.0,-78000,0,0,57000,0,0,135000,0,0
20251014,4755,三福化,121.0,123.5,117.0,118.0,-,1.5,220549,26336846.0,-80000,0,1000,58000,0,1000,138000,0,0
20251014,2427,三商電,25.9,26.1,25.3,25.4,-,0.4,1123118,28884959.0,-97000,-2000,20000,301000,0,20000,398000,2000,0
20251014,1760,寶齡富錦,67.5,67.9,65.3,65.3,-,1.4,275918,18332523.0,-80000,0,0,34000,0,0,114000,0,0
20251014,2106,建大,20.0,20.05,19.9,20.05,+,0.15,512372,10236324.0,-100000,0,19863,171000,0,25000,271000,0,5137
20251014,8454,富邦媒,250.0,252.0,244.5,244.5,-,4.0,360306,89000223.0,-85896,0,4922,99271,0,7000,185167,0,2078
20251014,2748,雲品,44.8,45.1,44.15,44.15,-,0.6,242759,10814533.0,-83000,0,2000,30000,0,2000,113000,0,0
20251014,1526,日馳,18.65,19.55,18.65,19.55,+,1.75,2117141,40848121.0,-79000,0,-2424,138000,0,3696,217000,0,6120
20251014,4536,拓凱,188.0,191.0,184.0,185.5,-,2.5,418376,78264658.0,-81000,0,-776,138000,0,10418,219000,0,11194
20251014,5519,隆大,28.05,28.4,27.8,27.85,-,0.25,377944,10614761.0,-85000,0,2898,102000,0,8000,187000,0,5102
20251014,7610,聯友金屬-創,109.5,117.5,109.0,117.5,+,10.5,1986627,226122527.0,100000,0,-182287,268000,0,2713,168000,0,185000
20251014,00956,中信日經高股息,10.26,10.26,10.1,10.13,+,0.05,1555764,15798366.0,200000,0,-283524,202000,0,1187800,2000,0,1471324
20251014,6909,創控,39.3,39.7,38.1,38.15,-,1.1,158314,6161372.0,-84000,0,0,3000,0,0,87000,0,0
20251014,6776,展碁國際,52.5,53.2,51.6,51.6,-,0.7,225879,11793867.0,-77000,0,-7000,18000,0,0,95000,0,7000
20251014,6024,群益期,48.75,49.0,48.55,48.6,-,0.1,232762,11360743.0,-84000,0,0,33000,0,0,117000,0,0
20251014,3040,遠見,65.0,67.0,62.6,62.7,-,2.3,1025038,65661190.0,-184000,0,100000,155000,0,100000,339000,0,0
20251014,4720,德淵,15.25,15.4,14.75,15.0,-,0.2,410742,6187722.0,-83000,-511,-1000,30000,0,0,113000,511,1000
20251014,2228,劍麟,97.2,99.3,95.0,95.2,-,1.3,967563,93345450.0,-79526,0,-5640,221474,0,11100,301000,0,16740
20251014,5608,四維航,17.85,18.95,17.85,18.95,+,1.7,21322812,399725116.0,-101950,0,15996,3497000,0,40306,3598950,0,24310
20251014,1611,中電,13.0,13.1,12.8,12.8,-,0.2,485168,6282408.0,-90000,0,3996,57000,0,4000,147000,0,4
20251014,6670,復盛應用,256.0,257.5,253.0,253.0,-,2.5,410570,104914924.0,-79000,-5079,-3834,215000,0,3000,294000,5079,6834
20251014,6184,大豐電,49.0,49.0,48.7,48.75,-,0.1,231278,11282649.0,-88000,0,0,24000,0,0,112000,0,0
20251014,6446,藥華藥,525.0,533.0,514.0,515.0,-,8.0,2036164,1063450103.0,-89016,6,684,452449,6,51531,541465,0,50847
20251014,3686,達能,18.25,18.6,17.85,17.85,-,0.4,393585,7153272.0,-90000,0,0,34000,0,0,124000,0,0
20251014,2414,精技,42.7,43.0,42.2,42.35,-,0.35,227918,9698741.0,-93000,0,-85,29000,0,1000,122000,0,1085
20251014,6863,永道-KY,139.5,140.0,131.0,132.5,-,5.0,269165,36170750.0,-55000,-65000,26466,30000,0,33000,85000,65000,6534
20251014,6854,錼創科技-KY創,148.5,148.5,141.5,143.0,-,1.0,343684,49871472.0,-100383,0,4925,41000,0,14000,141383,0,9075
20251014,6415,矽力*-KY,241.0,245.0,232.0,234.5,-,4.5,2697117,642631659.0,-56780,-33994,-4803,1590090,2006,26984,1646870,36000,31787
20251014,6799,來頡,81.4,83.3,78.8,79.3,-,2.4,602436,48681160.0,-82000,-15000,1105,145000,0,7000,227000,15000,5895
20251014,6719,力智,198.0,200.5,189.5,190.5,-,7.0,432655,84128325.0,-103000,0,6561,105000,0,16464,208000,0,9903
20251014,1589,永冠-KY,23.15,23.6,22.65,22.65,-,0.4,1512891,34654855.0,-140832,0,42936,326168,0,49000,467000,0,6064
20251014,3703,欣陸,21.85,22.0,21.25,21.3,-,0.55,2371438,51291200.0,-126000,0,26744,758000,0,41000,884000,0,14256
20251014,6216,居易,27.35,27.35,26.85,27.05,-,0.15,207028,5603272.0,-101000,0,1066,28000,0,3000,129000,0,1934
20251014,5203,訊連,95.4,96.6,93.5,93.7,-,1.4,257097,24327239.0,-90948,0,-10848,55052,0,1000,146000,0,11848
20251014,8114,振樺電,213.0,216.0,205.5,205.5,-,6.5,412450,86184838.0,-91850,0,-11189,116300,0,11000,208150,0,22189
20251014,4572,駐龍,172.0,173.0,164.5,165.0,-,6.0,231471,38911053.0,-104000,0,306,14000,0,306,118000,0,0
20251014,2034,允強,19.8,21.5,19.7,20.45,+,0.8,5638755,115980787.0,-210001,0,103456,1518999,0,161140,1729000,0,57684
20251014,4919,新唐,61.5,62.8,59.8,60.2,-,0.9,1944836,118985466.0,-76538,-1000,-30493,718100,0,96966,794638,1000,127459
20251014,1515,力山,28.6,28.6,27.5,27.55,-,0.4,269198,7516195.0,-115000,0,6517,43000,0,8000,158000,0,1483
20251014,1720,生達,54.4,54.7,54.1,54.7,+,0.6,398623,21724164.0,-88000,-24000,3000,136000,0,4000,224000,24000,1000
20251014,1721,三晃,13.05,13.2,12.7,12.75,-,0.35,590891,7648756.0,-111000,0,27,106000,0,2000,217000,0,1973
20251014,6691,洋基工程,461.5,463.0,446.0,446.0,-,5.0,753606,341462178.0,-88630,-1000,-22120,281000,1000,6414,369630,2000,28534
20251014,2706,第一店,13.05,13.1,12.95,13.0,-,0.05,382855,4993028.0,-112000,0,0,12000,0,0,124000,0,0
20251014,1225,福懋油,29.95,30.4,29.45,29.45,-,0.5,191624,5710792.0,-112000,0,0,9000,0,0,121000,0,0
20251014,2646,星宇航空,24.55,24.85,24.45,24.55,,0.0,6861724,168969657.0,-161200,0,48581,3424800,0,66275,3586000,0,17694
20251014,2484,希華,22.0,22.0,21.25,21.3,-,0.35,298101,6402055.0,-115000,0,2352,40000,0,3000,155000,0,648
20251014,1904,正隆,17.5,17.7,17.5,17.6,+,0.1,1023261,18039219.0,-122000,0,9000,396000,0,19000,518000,0,10000
20251014,00652,富邦印度,35.91,36.04,35.91,35.97,+,0.06,430530,15492329.0,-8000,0,-105000,6000,0,57000,14000,0,162000
20251014,2536,宏普,26.65,26.75,26.45,26.5,-,0.1,299508,7960234.0,-114000,0,0,17000,0,0,131000,0,0
20251014,3025,星通,46.55,46.65,44.5,44.5,-,1.65,351294,15914331.0,-116000,0,2000,35000,0,2000,151000,0,0
20251014,6834,天二科技,28.85,28.85,28.05,28.1,-,0.7,199079,5654070.0,-116000,0,981,2000,0,1000,118000,0,19
20251014,7740,熙特爾-創,233.0,240.5,218.5,221.0,-,10.0,274157,62825794.0,-117000,0,398,23000,0,8000,140000,0,7602
20251014,2753,八方雲集,188.5,191.5,188.0,188.5,,0.0,368190,69845377.0,-135611,0,17166,108389,0,25000,244000,0,7834
20251014,3209,全科,31.15,31.45,30.7,30.9,-,0.25,653838,20283402.0,-134000,-1507,16403,160000,0,17000,294000,1507,597
20251014,1707,葡萄王,124.0,124.5,123.0,123.0,-,1.0,320274,39601128.0,-116000,0,-6421,25000,0,16000,141000,0,22421
20251014,2630,亞航,61.2,61.8,56.0,56.1,-,4.7,29342927,1719888989.0,-56990,0,-67896,8030510,0,66708,8087500,0,134604
20251014,2505,國揚,18.55,18.7,18.25,18.5,-,0.05,343975,6358927.0,-125000,0,-1000,56000,0,2000,181000,0,3000
20251014,6112,邁達特,51.7,51.7,49.75,49.85,-,1.05,1015540,51323910.0,-119979,0,-7745,294021,0,5245,414000,0,12990
20251014,1702,南僑,39.05,39.25,39.0,39.25,+,0.2,539009,21063433.0,-130000,0,2167,138000,0,6000,268000,0,3833
20251014,1463,強盛新,21.8,21.8,21.5,21.65,+,0.1,787604,17064268.0,-131000,0,0,66000,0,0,197000,0,0
20251014,1310,台苯,8.89,8.98,8.7,8.71,-,0.13,834364,7352702.0,-140000,0,6076,229000,0,11000,369000,0,4924
20251014,2530,華建,30.95,31.25,30.6,31.0,-,0.25,943898,29215950.0,-146000,0,10839,507000,0,41000,653000,0,30161
20251014,1110,東泥,16.9,17.0,16.6,16.9,+,0.05,314411,5290897.0,-137000,0,0,6000,0,3000,143000,0,3000
20251014,6139,亞翔,437.0,444.0,410.0,410.0,-,14.0,12126699,5150442424.0,-97578,190000,-230000,3120617,195000,279411,3218195,5000,509411
20251014,9911,櫻花,85.1,85.1,84.5,84.5,-,0.4,328648,27883852.0,-141000,0,3050,93000,0,9000,234000,0,5950
20251014,00646,元大S&P500,64.25,64.25,63.75,63.85,,0.0,1311233,83901523.0,-1718,0,-136289,13482,0,227000,15200,0,363289
20251014,3563,牧德,515.0,533.0,505.0,505.0,-,2.0,950707,494296204.0,-164236,0,25966,200119,0,50880,364355,0,24914
20251014,9924,福興,52.5,52.8,51.9,52.1,,0.0,394176,20658556.0,-140600,-450,2000,82000,0,7000,222600,450,5000
20251014,8081,致新,222.0,225.0,218.0,219.0,-,2.5,410529,90941012.0,-135900,-2000,-3227,142100,0,1000,278000,2000,4227
20251014,8222,寶一,50.1,50.1,47.3,47.35,-,2.3,950523,46111549.0,-142170,0,0,120000,0,0,262170,0,0
20251014,00962,台新AI優息動能,10.92,11.02,10.62,10.62,-,0.24,1302254,14055204.0,-30000,0,-112861,188000,0,586000,218000,0,698861
20251014,2461,光群雷,15.55,15.6,15.2,15.25,-,0.25,337623,5197342.0,-143000,0,0,18000,0,0,161000,0,0
20251014,5515,建國,25.1,25.8,25.0,25.15,,0.0,720683,18226718.0,-171000,0,25000,102000,0,53000,273000,0,28000
20251014,1722,台肥,48.85,49.2,48.45,48.5,-,0.35,1166039,56921769.0,-109425,1000,-37647,438575,1000,28000,548000,0,65647
20251014,1471,首利,9.3,9.34,8.98,9.01,-,0.19,400107,3636745.0,-148000,0,1000,6000,0,1000,154000,0,0
20251014,1447,力鵬,5.73,5.77,5.69,5.71,,0.0,638279,3653475.0,-149000,0,0,274000,0,0,423000,0,0
20251014,2929,淘帝-KY,8.95,9.05,8.76,8.79,-,0.17,370820,3301946.0,-149000,0,0,35000,0,0,184000,0,0
20251014,2425,承啟,31.5,31.75,30.35,30.45,-,0.75,536524,16468804.0,-151000,0,-1000,126000,0,0,277000,0,1000
20251014,8215,明基材,22.05,22.25,21.8,21.85,-,0.1,656662,14445368.0,-158000,0,4000,227000,0,4000,385000,0,0
20251014,2103,台橡,15.35,15.4,15.15,15.15,-,0.1,1410672,21557948.0,-171000,0,16783,628000,0,23000,799000,0,6217
20251014,8210,勤誠,616.0,629.0,597.0,599.0,-,16.0,1414401,866065942.0,-115444,-4000,-35589,444100,2000,30524,559544,6000,66113
20251014,1307,三芳,30.55,30.95,29.9,30.0,-,0.35,1043542,31687255.0,-186412,-11736,42000,311588,0,44000,498000,11736,2000
20251014,1455,集盛,8.35,8.39,8.26,8.26,-,0.09,599373,4979789.0,-163000,0,6508,57000,0,12000,220000,0,5492
20251014,1712,興農,43.4,43.5,43.3,43.35,-,0.05,488382,21210833.0,-164328,0,5000,117672,0,7000,282000,0,2000
20251014,5531,鄉林,9.08,9.11,9.03,9.07,-,0.01,432375,3919540.0,-155000,0,-5000,18000,0,0,173000,0,5000
20251014,2608,嘉里大榮,33.7,33.8,33.45,33.45,-,0.15,264571,8890209.0,-166000,0,4931,15000,0,9000,181000,0,4069
20251014,1434,福懋,15.2,15.3,15.1,15.1,,0.0,943320,14330214.0,-254000,74000,18598,247000,74000,29000,501000,0,10402
20251014,3356,奇偶,44.6,45.1,43.5,43.55,-,0.75,551144,24463521.0,-162000,0,-19,83000,0,3055,245000,0,3074
20251014,2241,艾姆勒,36.2,36.2,33.4,33.7,-,1.1,1677153,58256707.0,-167000,0,-1002,334000,0,5000,501000,0,6002
20251014,2723,美食-KY,72.0,72.3,70.6,70.9,-,0.5,382968,27262075.0,-157443,0,-11212,80000,0,7000,237443,0,18212
20251014,6923,中台,115.0,119.5,114.0,115.0,-,2.5,971505,112674446.0,-168000,0,-1935,220000,0,9000,388000,0,10935
20251014,2017,官田鋼,9.16,9.31,9.16,9.25,+,0.05,548551,5074509.0,-173940,0,474,77000,0,7000,250940,0,6526
20251014,00771,元大US高息特別股,15.87,16.01,15.85,15.9,+,0.01,554521,8834969.0,0,0,-174000,0,0,33000,0,0,207000
20251014,4585,達明,417.0,417.0,393.0,393.5,-,20.5,970815,391577789.0,-167720,0,-7000,29280,0,0,197000,0,7000
20251014,1582,信錦,67.6,68.3,66.6,66.8,-,0.7,654056,44121359.0,-180000,0,1889,198000,0,4098,378000,0,2209
20251014,6937,天虹,290.0,292.0,270.0,270.0,-,12.0,3049956,857667695.0,-64000,0,-115011,604000,0,24020,668000,0,139031
20251014,9933,中鼎,30.55,30.75,30.3,30.3,-,0.25,2741797,83760429.0,-17622,0,-163694,1194407,0,39000,1212029,0,202694
20251014,2636,台驊控股,67.6,72.3,67.6,70.0,+,2.6,1986375,140497254.0,-215000,0,30311,411000,0,38652,626000,0,8341
20251014,1446,宏和,19.1,19.1,18.45,18.5,-,0.3,487589,9127574.0,-185000,0,-1000,85000,0,0,270000,0,1000
20251014,3653,健策,2240.0,2305.0,2180.0,2195.0,-,30.0,1303836,2913436560.0,-77082,-47053,-62044,482340,60002,71630,559422,107055,133674
20251014,5871,中租-KY,106.5,110.5,105.5,106.5,+,1.0,7061206,762413819.0,-274181,-58971,143706,2894780,2029,213161,3168961,61000,69455
20251014,2031,新光鋼,40.0,40.85,40.0,40.25,+,0.3,909994,36720750.0,-184000,0,-10807,391000,0,7000,575000,0,17807
20251014,6873,泓德能源,128.0,132.0,126.0,128.0,+,4.0,1913795,246103474.0,-110000,0,-89961,475000,0,37000,585000,0,126961
20251014,1464,得力,11.2,11.5,11.15,11.15,-,0.05,457112,5141668.0,-186000,0,-18000,68000,0,0,254000,0,18000
20251014,4142,國光生,18.3,18.55,18.05,18.15,-,0.2,1709300,31277923.0,-215000,0,6847,420000,0,8000,635000,0,1153
20251014,1603,華電,39.55,39.6,38.2,38.35,-,0.9,986395,38199266.0,-213000,0,2000,185000,0,2000,398000,0,0
20251014,2413,環科,21.6,21.9,20.75,21.15,-,0.2,1171558,24984490.0,-213000,0,1000,235000,0,1000,448000,0,0
20251014,3023,信邦,221.0,223.0,216.0,216.5,-,3.5,1155346,253724521.0,-279000,1600,61388,537000,4000,75046,816000,2400,13658
20251014,6142,友勁,9.92,9.99,9.58,9.65,-,0.2,402287,3919862.0,-219000,0,0,13000,0,0,232000,0,0
20251014,3029,零壹,114.5,116.0,112.0,112.0,-,2.0,1534133,174895284.0,-231050,9000,2928,314050,9000,32607,545100,0,29679
20251014,6257,矽格,89.1,91.3,87.6,87.8,-,0.4,3602864,322010516.0,495000,-366267,-348102,1669000,16000,72336,1174000,382267,420438
20251014,1476,儒鴻,441.0,446.0,435.0,436.0,-,7.5,638397,281033923.0,-227443,-1540,6873,213709,4,31889,441152,1544,25016
20251014,2704,國賓,41.9,42.35,41.0,41.5,-,0.35,310165,12950532.0,-225000,0,0,23000,0,2000,248000,0,2000
20251014,2493,揚博,94.1,94.9,89.7,90.5,-,2.3,1702866,155785397.0,-258454,0,33145,567546,0,53000,826000,0,19855
20251014,4927,泰鼎-KY,24.2,24.6,22.65,22.65,-,1.2,10024857,234998146.0,-242670,0,16000,3443000,0,16000,3685670,0,0
20251014,2204,中華,60.7,61.0,59.3,59.3,-,0.9,920321,55126651.0,-158178,5973,-75167,276822,14000,11505,435000,8027,86672
20251014,1786,科妍,102.0,104.0,93.0,93.5,-,7.0,3067894,295632785.0,-109000,0,-120431,682000,0,9110,791000,0,129541
20251014,2832,台產,35.75,36.35,35.6,35.7,-,0.15,790468,28424258.0,-220000,0,-11728,261000,0,1000,481000,0,12728
20251014,3014,聯陽,131.0,133.0,128.5,128.5,-,2.0,799872,104308131.0,-218000,-15069,-542,210000,0,6516,428000,15069,7058
20251014,1304,台聚,11.2,11.25,10.6,10.65,-,0.4,4188363,45352541.0,-245900,0,8554,1111100,0,19000,1357000,0,10446
20251014,00876,元大全球5G,46.02,46.75,45.55,45.58,-,0.08,339064,15615770.0,20,0,-237783,3020,0,1000,3000,0,238783
20251014,1440,南紡,13.15,13.2,12.9,13.0,-,0.05,1261177,16407886.0,-258000,0,18961,428000,0,32000,686000,0,13039
20251014,6695,芯鼎,51.5,52.9,49.35,49.75,-,0.95,1721807,87337669.0,-241000,0,1894,314000,0,6000,555000,0,4106
20251014,1210,大成,51.4,52.1,51.4,51.6,+,0.2,2581730,133661452.0,-76500,-230000,67000,1167000,0,105000,1243500,230000,38000
20251014,3406,玉晶光,418.0,419.5,406.0,406.0,-,6.5,997351,409542861.0,-173195,1000,-67491,352205,2000,22000,525400,1000,89491
20251014,6206,飛捷,107.5,109.0,104.0,104.5,-,2.5,1067599,113075121.0,-188900,-49900,-1598,196100,100,16000,385000,50000,17598
20251014,5521,工信,11.75,11.95,11.6,11.7,-,0.05,1225759,14446527.0,-259000,0,15843,246000,0,17136,505000,0,1293
20251014,1442,名軒,36.85,37.3,36.35,36.9,+,0.15,1399377,51488741.0,-233000,0,-11427,898000,0,4000,1131000,0,15427
20251014,2458,義隆,130.5,131.5,126.5,127.0,-,2.5,1804454,232515369.0,-55731,-183439,-5957,822000,0,54013,877731,183439,59970
20251014,4989,榮科,41.05,41.05,37.5,37.5,-,4.15,11450273,441849886.0,-131600,0,-119000,312500,0,81000,444100,0,200000
20251014,4414,如興,11.3,11.35,10.65,10.75,-,0.45,645982,7088690.0,-258000,0,5000,11000,0,5000,269000,0,0
20251014,8249,菱光,57.5,58.4,54.6,55.0,-,2.0,1810189,101982199.0,-227148,0,-32838,289000,0,7000,516148,0,39838
20251014,4532,瑞智,24.7,24.9,24.05,24.1,-,0.4,2540539,62064673.0,-252000,-16407,5994,1598000,0,8000,1850000,16407,2006
20251014,00954,中信日本半導體,11.06,11.17,10.8,10.82,,0.0,2255746,24781734.0,163000,0,-432515,185000,0,1014000,22000,0,1446515
20251014,4770,上品,277.0,278.0,260.0,260.5,-,12.0,1345284,360180915.0,-103000,-162000,-5361,413000,0,20223,516000,162000,25584
20251014,00730,富邦臺灣優質高息,24.01,24.17,23.53,23.53,-,0.4,596569,14197640.0,-7000,0,-264714,44000,0,94000,51000,0,358714
20251014,3596,智易,210.0,213.5,202.5,202.5,-,7.5,1053264,217806856.0,-105315,-170000,-525,615000,0,14000,720315,170000,14525
20251014,3583,辛耘,384.0,390.0,365.0,365.0,-,12.0,1582266,594883162.0,-279950,-2000,5941,316050,0,36346,596000,2000,30405
20251014,3545,敦泰,63.1,63.7,61.1,61.2,-,0.7,1301256,80810433.0,-277785,0,492,405000,0,13121,682785,0,12629
20251014,5284,jpp-KY,291.0,293.5,275.0,277.0,-,11.0,1927309,543340989.0,-220047,-1000,-56455,454030,0,25895,674077,1000,82350
20251014,1231,聯華食,115.5,116.0,114.0,114.0,-,1.5,565051,64945562.0,-286200,0,4710,72400,0,15000,358600,0,10290
20251014,1309,台達化,11.6,11.6,11.05,11.1,-,0.3,1309185,14699203.0,-287000,0,4507,239000,0,6000,526000,0,1493
20251014,5533,皇鼎,14.6,14.6,14.55,14.55,,0.0,375523,5479801.0,-290000,0,0,13000,0,0,303000,0,0
20251014,2332,友訊,17.65,18.05,17.1,17.15,-,0.5,5655500,99369736.0,-355000,0,60858,1436000,0,133001,1791000,0,72143
20251014,00943,兆豐電子高息等權,14.95,14.98,14.5,14.53,-,0.31,551104,8081639.0,-30000,0,-265715,0,0,146089,30000,0,411804
20251014,6120,達運,12.1,12.2,11.55,11.6,-,0.45,1327508,15641193.0,-303000,0,7000,242000,0,7000,545000,0,0
20251014,6152,百一,9.17,9.17,8.9,8.9,-,0.25,561974,5065013.0,-297000,0,0,20000,0,0,317000,0,0
20251014,2439,美律,102.5,103.0,99.7,99.8,-,1.7,1958985,198446065.0,-336000,-6064,44451,532000,100,54851,868000,6164,10400
20251014,2611,志信,15.1,16.25,15.1,16.0,+,1.05,1991404,31743608.0,-298000,0,-919,227000,0,81,525000,0,1000
20251014,2429,銘旺科,123.0,123.0,111.0,111.0,-,11.0,2337977,268733915.0,-282000,0,-19280,406000,0,30000,688000,0,49280
20251014,1449,佳和,12.15,12.2,11.75,11.75,-,0.4,1021510,12215243.0,-302000,0,630,166000,0,2000,468000,0,1370
20251014,1313,聯成,10.95,11.0,10.45,10.5,-,0.3,3288967,35041365.0,-323000,0,19000,717000,0,26000,1040000,0,7000
20251014,6890,來億-KY,246.5,247.0,236.0,236.0,-,10.5,1332148,320921133.0,-245635,0,-65320,239795,0,7871,485430,0,73191
20251014,00963,中信全球高股息,10.6,10.61,10.55,10.57,+,0.05,1625894,17204509.0,-53000,0,-258000,15000,0,726000,68000,0,984000
20251014,4576,大銀微系統,116.0,116.5,108.5,109.0,-,5.0,917005,102219749.0,-232248,-66000,-21932,122752,0,12000,355000,66000,33932
20251014,3533,嘉澤,1480.0,1485.0,1425.0,1425.0,-,35.0,1657597,2404049627.0,-217011,-75999,-28791,935677,23001,20644,1152688,99000,49435
20251014,2385,群光,132.5,133.0,130.0,130.0,-,0.5,2200542,288988847.0,-281865,-31325,-8741,1058663,50100,153000,1340528,81425,161741
20251014,2465,麗臺,72.5,73.7,66.6,67.2,-,3.8,2007958,139526028.0,-346000,0,22000,256000,0,22000,602000,0,0
20251014,2633,台灣高鐵,27.0,27.45,27.0,27.15,+,0.15,3449763,93949260.0,-387780,44311,17841,1763680,52035,89000,2151460,7724,71159
20251014,5388,中磊,99.1,100.5,96.0,96.4,-,2.0,1317553,128689414.0,-300117,11000,-40441,415000,11000,31761,715117,0,72202
20251014,6456,GIS-KY,56.1,56.5,52.8,52.8,-,2.9,2289895,124222282.0,-315000,0,-17070,1004000,0,19000,1319000,0,36070
20251014,3056,富華新,20.5,20.55,19.95,20.05,-,0.3,2845188,57599849.0,-339285,0,6999,1218000,0,9001,1557285,0,2002
20251014,3035,智原,166.0,168.5,157.0,157.0,-,7.0,4836771,783474937.0,19030,-5000,-356163,1008030,0,42551,989000,5000,398714
20251014,8028,昇陽半導體,172.0,174.0,163.0,163.0,-,5.0,7735780,1295096412.0,-62208,43000,-323954,2056932,78000,196113,2119140,35000,520067
20251014,3665,貿聯-KY,1155.0,1200.0,1115.0,1125.0,+,30.0,6050203,7050931570.0,-363301,22000,-2520,1686264,71000,175377,2049565,49000,177897
20251014,8473,山林水,43.5,43.5,41.2,41.8,+,0.95,4950116,208661915.0,-550000,0,205538,801000,0,229000,1351000,0,23462
20251014,6505,台塑化,41.2,41.8,40.3,40.8,,0.0,6567086,268465341.0,-460555,0,115893,2612872,0,552388,3073427,0,436495
20251014,9941,裕融,98.2,98.4,96.8,96.9,-,1.0,1159077,112948226.0,-471662,49000,77442,379038,52000,92000,850700,3000,14558
20251014,2355,敬鵬,34.8,35.1,33.4,33.5,-,0.85,2365346,80354190.0,-320800,-14298,-13720,772000,0,14000,1092800,14298,27720
20251014,8046,南電,275.0,279.0,254.5,256.0,-,11.5,43651088,11576003636.0,-937204,1908000,-1321012,14100163,2140000,470961,15037367,232000,1791973
20251014,6285,啟碁,121.0,121.5,116.5,116.5,-,3.5,2952973,350452228.0,-265265,-220193,132498,1356225,35000,160000,1621490,255193,27502
20251014,2371,大同,38.9,39.5,37.5,37.55,-,0.95,13106476,501190936.0,-115767,-622,-243187,4799466,500,53915,4915233,1122,297102
20251014,4938,和碩,71.8,73.0,70.8,70.8,-,1.0,8915445,638925305.0,-463258,-644024,745882,5249634,44036,785602,5712892,688060,39720
20251014,00905,FT臺灣Smart,16.71,16.8,16.37,16.39,-,0.1,3242244,53667231.0,76876,0,-438349,242000,0,765095,165124,0,1203444
20251014,1305,華夏,11.7,11.85,11.45,11.5,-,0.2,861924,9988251.0,-369000,0,6000,161000,0,6000,530000,0,0
20251014,9917,中保科,109.0,109.5,108.0,108.5,-,0.5,780891,84843348.0,-361987,-1000,-1000,92863,0,8000,454850,1000,9000
20251014,2480,敦陽科,170.0,171.5,166.0,166.0,-,4.5,626926,105255882.0,-364000,0,-1506,48000,0,23000,412000,0,24506
20251014,6472,保瑞,657.0,667.0,640.0,640.0,-,9.0,1061290,692875140.0,-186934,-10000,-169649,162323,0,66190,349257,10000,235839
20251014,2912,統一超,245.0,245.0,243.0,243.0,-,1.5,2467179,601119404.0,-382522,9689,-751,1479312,11011,39000,1861834,1322,39751
20251014,4960,誠美材,14.3,14.4,14.0,14.0,-,0.2,1210068,17092177.0,-375000,0,-1,200000,0,0,575000,0,1
20251014,4968,立積,158.5,160.5,150.0,150.5,-,5.0,3646963,562768671.0,-187743,0,-197658,1012557,0,23487,1200300,0,221145
20251014,1618,合機,46.1,46.1,44.0,44.1,-,1.25,1683009,75259771.0,-398000,0,-13183,230000,0,108,628000,0,13291
20251014,1517,利奇,13.85,15.05,13.75,14.25,+,0.5,10499353,151361796.0,-412000,0,-2640,1243000,0,6118,1655000,0,8758
20251014,6451,訊芯-KY,145.0,148.5,136.5,137.0,-,4.0,1631712,231935597.0,-403000,0,-14011,570000,0,16626,973000,0,30637
20251014,00947,台新臺灣IC設計,16.4,16.47,15.6,15.6,-,0.6,3033644,48177859.0,24000,0,-442190,364000,0,1056304,340000,0,1498494
20251014,3052,夆典,11.15,11.25,11.0,11.1,-,0.05,1316587,14645304.0,-412000,0,-9000,278000,0,0,690000,0,9000
20251014,2368,金像電,431.0,434.0,410.0,411.5,-,14.0,6242950,2617880656.0,582068,-639000,-364793,2411462,5000,73701,1829394,644000,438494
20251014,3047,訊舟,18.6,18.75,17.85,17.85,-,0.6,2012928,36613684.0,-423000,0,-5000,427000,0,0,850000,0,5000
20251014,3712,永崴投控,37.75,39.5,37.25,38.35,+,1.15,10990572,420326861.0,-405000,-9555,-19774,1996000,0,143866,2401000,9555,163640
20251014,3532,台勝科,107.5,110.0,99.5,99.8,-,5.2,7305112,761774005.0,-313735,0,-122961,1874953,0,92836,2188688,0,215797
20251014,6278,台表科,109.0,109.0,104.5,104.5,-,3.0,1791587,190548894.0,-380000,-72467,-26946,498000,0,7600,878000,72467,34546
20251014,3380,明泰,32.25,35.0,31.4,31.4,-,0.85,9156995,300614545.0,-416000,-10000,-53477,2694000,0,252515,3110000,10000,305992
20251014,2727,王品,224.0,225.0,221.0,222.0,-,1.5,769179,171132907.0,-418000,-60000,-6391,104000,0,25000,522000,60000,31391
20251014,8105,凌巨,12.9,13.05,12.5,12.5,-,0.25,1423805,18218517.0,-486000,0,1000,241000,0,5000,727000,0,4000
20251014,2023,燁輝,14.9,15.0,14.8,14.85,+,0.05,1425875,21257606.0,-456000,0,-32000,338000,0,30000,794000,0,62000
20251014,2206,三陽工業,60.8,61.1,60.4,60.4,-,0.4,959828,58222921.0,-337900,-169000,18741,160100,0,28000,498000,169000,9259
20251014,3711,日月光投控,175.0,176.5,168.5,169.5,-,3.5,26312905,4544215029.0,313974,-794656,-7568,15979641,38057,752276,15665667,832713,759844
20251014,3008,大立光,2335.0,2335.0,2240.0,2240.0,-,80.0,1592992,3625463985.0,-486548,-4551,-11647,223587,2002,113164,710135,6553,124811
20251014,3049,精金,6.8,6.92,6.59,6.7,-,0.08,2278268,15292040.0,-511000,0,-2406,330000,0,1957,841000,0,4363
20251014,2540,愛山林,50.5,51.4,50.2,51.2,+,0.3,1330624,67429227.0,-539546,0,1359,398300,0,19000,937846,0,17641
20251014,9802,鈺齊-KY,103.0,104.5,101.5,101.5,-,1.5,1059723,108757754.0,-514500,0,-26014,245500,0,3857,760000,0,29871
20251014,4306,炎洲,13.6,13.65,13.3,13.35,-,0.2,1316356,17738725.0,-548000,0,0,181000,0,3000,729000,0,3000
20251014,3167,大量,187.0,187.0,168.5,169.0,-,14.0,6951716,1223145905.0,-512020,0,-41137,1126000,0,3000,1638020,0,44137
20251014,6213,聯茂,103.0,103.5,97.0,97.0,-,5.0,8662799,859294823.0,-82396,-148000,-327565,2600650,0,102210,2683046,148000,429775
20251014,2504,國產,34.35,34.65,33.75,33.8,-,0.55,3973585,135749646.0,-552000,6598,-29454,1710000,25000,34155,2262000,18402,63609
20251014,3034,聯詠,418.0,421.5,407.5,407.5,-,6.5,3458011,1425691784.0,-611177,-110566,141268,1337615,11012,314758,1948792,121578,173490
20251014,6153,嘉聯益,14.7,14.85,14.0,14.0,-,0.45,3987057,57251065.0,-399692,0,-185929,999000,0,26029,1398692,0,211958
20251014,6176,瑞儀,136.5,137.5,134.0,134.0,-,2.0,1411411,191263066.0,-479000,-52018,-61794,378000,2000,93000,857000,54018,154794
20251014,4906,正文,25.75,26.15,24.85,24.85,-,0.9,3662394,93150313.0,-472000,0,-121358,787000,0,42011,1259000,0,163369
20251014,3576,聯合再生,6.36,6.43,6.24,6.26,-,0.1,3702068,23416361.0,-602000,0,-1000,686000,0,18000,1288000,0,19000
20251014,3673,TPK-KY,38.35,38.7,36.75,36.75,-,1.55,2227714,83413439.0,-527000,0,-98400,551000,0,17270,1078000,0,115670
20251014,00861,元大全球未來通訊,50.35,50.6,50.1,50.1,-,0.15,747050,37746902.0,-164000,0,-465680,0,0,65323,164000,0,531003
20251014,6214,精誠,137.5,137.5,125.0,127.5,-,8.0,4985055,653247991.0,-685926,0,36935,852074,0,94000,1538000,0,57065
20251014,3714,富采,37.6,38.2,36.4,36.5,-,0.85,2503254,92930706.0,-642480,0,-27004,702000,0,22000,1344480,0,49004
20251014,3005,神基,146.5,147.0,138.5,138.5,-,8.0,4008919,568545693.0,-564046,-166343,58639,1420954,9000,203595,1985000,175343,144956
20251014,5522,遠雄,58.8,59.3,57.5,57.5,-,1.3,1180523,69020131.0,-433000,-198000,-60558,257000,0,16000,690000,198000,76558
20251014,1710,東聯,12.75,12.75,12.3,12.35,-,0.45,2046664,25498618.0,-710000,0,14158,283000,0,21097,993000,0,6939
20251014,2009,第一銅,44.0,44.2,41.45,42.25,-,1.1,10563008,450312724.0,-497900,0,-200119,2545100,0,170579,3043000,0,370698
20251014,3661,世芯-KY,3145.0,3295.0,3035.0,3075.0,-,295.0,5571573,17499578780.0,-287998,-329472,-90575,2000827,1,186557,2288825,329473,277132
20251014,2545,皇翔,43.6,43.7,42.25,42.4,-,1.85,1862176,79971481.0,-716000,0,6002,457000,0,13000,1173000,0,6998
20251014,3311,閎暉,39.2,40.1,35.2,35.5,-,1.6,20466795,784550057.0,-706000,0,-15290,2303000,0,12000,3009000,0,27290
20251014,00952,凱基台灣AI50,11.48,11.52,11.09,11.11,-,0.2,3913395,44155151.0,-8000,0,-715980,402000,0,1802661,410000,0,2518641
20251014,2258,鴻華先進-創,38.75,39.0,37.4,37.55,-,1.1,1488357,56911354.0,-731000,0,5009,70000,0,80000,801000,0,74991
20251014,2383,台光電,1220.0,1230.0,1165.0,1170.0,-,30.0,2742412,3267915345.0,-487730,-46159,-202983,825271,5006,28318,1313001,51165,231301
20251014,2201,裕隆,33.1,33.45,32.25,32.35,-,0.7,2643826,86550900.0,-726982,0,-27971,565018,0,41000,1292000,0,68971
20251014,2474,可成,180.0,181.0,178.0,179.0,-,0.5,2618292,468871639.0,-675923,-295388,214737,1311010,14107,234000,1986933,309495,19263
20251014,6442,光聖,904.0,915.0,797.0,797.0,-,88.0,6712463,5664892734.0,-766096,-8000,-12483,1139245,17000,88888,1905341,25000,101371
20251014,2101,南港,37.2,37.65,36.6,37.0,-,0.5,2364619,87711464.0,-808480,0,11675,399520,0,33980,1208000,0,22305
20251014,2367,燿華,26.9,27.0,25.75,25.8,-,0.85,6976245,182821805.0,-665964,0,-139886,1900036,0,24577,2566000,0,164463
20251014,2520,冠德,33.6,34.15,33.2,33.25,-,0.2,3512713,117892689.0,344416,-1090000,-93427,1529000,0,50254,1184584,1090000,143681
20251014,2392,正崴,48.75,49.0,47.2,47.5,-,1.55,5352404,257740916.0,-820000,0,-27851,895000,0,21750,1715000,0,49601
20251014,4164,承業醫,46.9,47.15,44.25,44.45,-,2.1,2786058,126152515.0,-841000,0,-17990,655000,0,24197,1496000,0,42187
20251014,2454,聯發科,1330.0,1340.0,1300.0,1305.0,-,10.0,5948388,7835373085.0,-380408,-545005,48963,2528203,17027,160482,2908611,562032,111519
20251014,0052,富邦科技,247.65,247.95,241.1,241.35,-,1.2,2412124,590637499.0,44020,0,-928277,60020,0,513000,16000,0,1441277
20251014,2547,日勝生,10.85,10.95,10.6,10.6,-,0.25,1780845,19114247.0,-902000,0,728,120000,0,10000,1022000,0,9272
20251014,8039,台虹,66.4,66.8,62.0,62.0,-,3.7,12919612,825357169.0,-745000,0,-179849,3552000,0,317536,4297000,0,497385
20251014,2349,錸德,10.05,10.15,9.79,9.8,-,0.2,3575001,35559639.0,-937000,0,0,411000,0,0,1348000,0,0
20251014,1718,中纖,6.52,6.6,6.41,6.43,-,0.07,3991675,25864194.0,-954000,0,16806,834000,0,36000,1788000,0,19194
20251014,00891,中信關鍵半導體,18.83,18.91,18.33,18.35,-,0.23,8428541,156796943.0,113054,0,-1056734,782054,0,2137578,669000,0,3194312
20251014,6177,達麗,47.35,47.8,46.25,46.3,-,0.95,1756273,82240642.0,-184700,-760000,-9779,473300,0,2000,658000,760000,11779
20251014,00830,國泰費城半導體,53.65,53.7,52.95,53.05,+,0.45,11716042,624905324.0,-534802,0,-436300,1946198,0,2606789,2481000,0,3043089
20251014,2903,遠百,22.2,22.35,21.75,21.8,-,0.45,3014058,66368720.0,-1043000,50000,15804,778000,50000,25000,1821000,0,9196
20251014,2345,智邦,1050.0,1055.0,1000.0,1000.0,-,35.0,5082279,5202073160.0,-752513,-160281,-74865,2659490,36007,77866,3412003,196288,152731
20251014,2399,映泰,21.75,22.6,20.75,21.35,-,0.45,11778205,254570447.0,-1016000,0,25000,2411000,0,25000,3427000,0,0
20251014,2812,台中銀,22.0,22.3,21.95,22.0,+,0.05,7943885,175743871.0,-864888,-169906,43060,2482785,0,170000,3347673,169906,126940
20251014,1809,中釉,20.25,20.3,18.85,18.85,-,1.95,4418737,87088245.0,-1089000,0,83000,363000,0,88000,1452000,0,5000
20251014,6806,森崴能源,62.6,64.1,61.1,61.1,+,0.5,9121280,571324315.0,-1005075,0,-8452,1817175,0,23000,2822250,0,31452
20251014,2387,精元,42.2,44.45,41.25,41.3,+,0.15,4051264,172959317.0,-1047000,0,3306,697000,0,12773,1744000,0,9467
20251014,2645,長榮航太,162.5,163.0,152.0,152.0,-,10.5,4237728,661998762.0,-909934,-78000,-63948,869110,7000,113000,1779044,85000,176948
20251014,00662,富邦NASDAQ,98.2,98.2,97.15,97.35,,0.0,3018937,294999670.0,-197887,0,-859105,97113,0,439000,295000,0,1298105
20251014,2404,漢唐,890.0,895.0,840.0,841.0,-,10.0,2984697,2576189963.0,-978890,-82001,3862,780174,9000,111065,1759064,91001,107203
20251014,3006,晶豪科,83.8,84.2,77.0,77.5,-,4.2,22422843,1788994811.0,412543,0,-1558541,7030000,0,468332,6617457,0,2026873
20251014,2316,楠梓電,98.1,102.5,94.8,94.9,-,2.1,10923350,1070945096.0,-1217960,-24000,85377,2807040,0,116544,4025000,24000,31167
20251014,3019,亞光,156.0,156.5,144.0,144.5,-,9.5,8993511,1340233180.0,-802622,0,-417328,1328000,0,158906,2130622,0,576234
20251014,8070,長華*,45.9,45.95,42.9,42.9,-,2.55,11960586,529666720.0,-1105000,-50000,-84390,2556000,30000,86337,3661000,80000,170727
20251014,3033,威健,29.2,29.45,28.7,29.2,+,0.2,3510510,101978016.0,-1160000,-15170,-65698,379000,0,36000,1539000,15170,101698
20251014,2330,台積電,1455.0,1460.0,1420.0,1425.0,+,10.0,44821332,64625249986.0,-1162453,213102,-311935,21510832,288580,847608,22673285,75478,1159543
20251014,3149,正達,44.0,44.6,40.8,40.8,-,1.75,11739152,501685976.0,-1334000,0,24858,1846000,0,41000,3180000,0,16142
20251014,2449,京元電子,172.0,173.5,161.5,161.5,-,8.5,28081441,4698039936.0,-240302,-218000,-860634,12573883,9000,740802,12814185,227000,1601436
20251014,5469,瀚宇博,89.0,92.3,86.5,86.7,-,2.1,9208407,817998721.0,-1388700,6000,47068,2634000,6000,111452,4022700,0,64384
20251014,2353,宏碁,30.35,30.7,29.75,29.8,-,0.4,16278665,491435586.0,-1414009,-682948,723380,6125700,14052,975639,7539709,697000,252259
20251014,6005,群益證,25.0,25.25,24.45,24.5,-,0.4,7483173,185456026.0,-1364783,-51123,0,1782217,195000,0,3147000,246123,0
20251014,2369,菱生,20.6,21.1,19.35,19.5,-,1.1,9506739,191397350.0,-1474000,0,5990,1622000,0,17055,3096000,0,11065
20251014,2412,中華電,132.0,133.0,132.0,132.5,,0.0,6655304,880982473.0,-1879946,252067,144844,2300922,323067,270916,4180868,71000,126072
20251014,2328,廣宇,54.5,54.8,50.4,50.9,-,3.3,16097664,841220284.0,-778198,0,-755349,2880000,0,275404,3658198,0,1030753
20251014,00910,第一金太空衛星,45.4,45.4,43.32,43.42,-,1.32,5083576,225278890.0,37270,0,-1582262,88400,0,321691,51130,0,1903953
20251014,2049,上銀,217.0,219.0,208.5,208.5,-,7.0,4574047,974465230.0,-1305377,-284,-270328,732515,0,55437,2037892,284,325765
20251014,2376,技嘉,293.0,296.0,280.0,280.0,-,9.0,7697613,2202406769.0,-1247726,-159990,-231045,2530119,8010,202380,3777845,168000,433425
20251014,2486,一詮,83.5,84.6,80.8,80.8,-,2.1,7503626,617820567.0,-1381950,0,-282651,1552050,0,29192,2934000,0,311843
20251014,1810,和成,20.25,20.55,19.7,19.75,+,0.1,6851618,137809354.0,-1774000,0,497,991000,0,5000,2765000,0,4503
20251014,00960,野村全球航運龍頭,13.36,13.56,13.36,13.55,+,0.25,4033509,54439647.0,65000,0,-1858854,217000,0,947011,152000,0,2805865
20251014,2609,陽明,52.0,56.7,51.9,56.7,+,5.1,94171725,5244868535.0,-1980815,-79021,257165,21869746,33,1602939,23850561,79054,1345774
20251014,2489,瑞軒,16.35,16.5,15.15,15.25,-,0.95,8912189,139939503.0,-1912851,0,63278,680000,0,323521,2592851,0,260243
20251014,1717,長興,41.6,42.0,39.5,39.95,-,1.35,10681132,431821648.0,-1410390,-227000,-236305,2828610,14000,93000,4239000,241000,329305
20251014,2897,王道銀行,8.99,9.02,8.96,8.96,-,0.03,5727219,51492845.0,-1579400,-307000,6024,1360000,125000,61000,2939400,432000,54976
20251014,00712,復華富時不動產,8.75,8.75,8.7,8.71,+,0.02,16207723,141253611.0,-493000,0,-1421577,1000,0,1083999,494000,0,2505576
20251014,3481,群創,15.45,15.6,14.65,14.7,-,0.55,120650787,1809946286.0,1248742,75452,-3264536,45609416,79637,1651352,44360674,4185,4915888
20251014,3024,憶聲,12.85,12.85,11.95,11.95,-,1.0,4984421,61530072.0,-2072000,0,0,431000,0,0,2503000,0,0
20251014,1409,新纖,13.85,14.0,13.35,13.35,-,0.45,8241014,112201548.0,-2202000,80000,-107727,1645000,80000,47000,3847000,0,154727
20251014,2542,興富發,38.95,39.55,38.7,38.7,-,0.25,6559783,255926590.0,-2292262,-9000,-32058,2315000,3000,220000,4607262,12000,252058
20251014,2010,春源,20.1,20.15,19.75,19.75,-,0.55,4105392,81900480.0,-2578000,0,-17792,265000,0,11000,2843000,0,28792
20251014,00752,中信中國50,26.85,27.05,26.44,26.6,+,0.22,5985577,160062201.0,-106000,0,-2682830,116000,0,818780,222000,0,3501610
20251014,3702,大聯大,61.6,62.2,60.7,60.9,-,0.6,7349530,450744552.0,-1343092,-1834973,320062,3044976,36027,586000,4388068,1871000,265938
20251014,2208,台船,23.7,23.7,22.2,22.25,-,1.3,17996860,411126103.0,-2909003,35000,-32021,1835050,35000,41000,4744053,0,73021
20251014,2301,光寶科,170.5,171.5,160.0,160.0,-,8.0,29250489,4797796204.0,-2243024,-392578,-393799,10573259,308038,819419,12816283,700616,1213218
20251014,00965,元大航太防衛科技,22.45,22.46,21.96,22.0,-,0.51,15998590,355571118.0,-93841,0,-3054050,402159,0,2700000,496000,0,5754050
20251014,3376,新日興,228.0,229.0,221.0,221.5,-,5.5,7488561,1685532770.0,-2386259,-519000,-394066,872229,0,125508,3258488,519000,519574
20251014,2324,仁寶,31.95,32.55,31.0,31.0,-,0.5,36075876,1145912872.0,-2345180,-1033925,75429,13306017,205075,1537893,15651197,1239000,1462464
20251014,3189,景碩,137.5,138.5,122.5,122.5,-,11.0,46539665,5992332682.0,-2956334,1096000,-1623772,13716765,1123000,309926,16673099,27000,1933698
20251014,4958,臻鼎-KY,160.0,160.5,144.5,145.5,-,14.0,29003225,4348226702.0,-1385560,-1960988,-349027,13180434,46012,464737,14565994,2007000,813764
20251014,6116,彩晶,8.01,8.18,7.75,7.75,-,0.23,10934821,86302059.0,-3595000,0,-142217,1882000,0,76000,5477000,0,218217
20251014,2615,萬海,76.3,83.8,76.3,83.8,+,7.6,45963816,3789276972.0,-2758765,-2017775,808106,8343330,13,1179146,11102095,2017788,371040
20251014,1326,台化,29.35,29.75,28.5,28.55,-,0.65,12345485,355724049.0,-3727976,61,-306869,3339111,61,265334,7067087,0,572203
20251014,2312,金寶,22.5,23.7,21.2,21.8,-,0.25,162802268,3671007024.0,-6797200,0,2695099,24558300,0,5137976,31355500,0,2442877
20251014,9904,寶成,29.05,29.25,28.55,28.55,-,0.45,15426774,445457079.0,-4846163,-53408,503481,4962837,0,662000,9809000,53408,158519
20251014,2308,台達電,1050.0,1060.0,990.0,992.0,-,38.0,21048517,21396134104.0,-4107681,-255280,-406170,6341857,105034,749467,10449538,360314,1155637
20251014,3231,緯創,148.5,149.5,137.5,138.0,-,7.5,77131366,10976311509.0,-1243478,-137401,-3452250,19484356,314054,1245876,20727834,451455,4698126
20251014,3037,欣興,155.5,157.5,146.0,146.0,-,7.5,24470429,3678576049.0,-3792735,-503651,-802138,6887616,7022,369385,10680351,510673,1171523
20251014,2329,華泰,50.1,50.5,45.25,45.35,-,4.25,30060140,1428494656.0,-4336739,0,-772818,4741002,0,510967,9077741,0,1283785
20251014,2634,漢翔,58.7,59.1,55.4,55.5,-,2.7,25278363,1437044433.0,-3789555,10000,-1358812,4968445,10000,162435,8758000,0,1521247
20251014,00881,國泰台灣科技龍頭,30.67,30.77,29.78,29.8,-,0.4,27783988,839302533.0,834506,0,-6078445,1540506,0,6276714,706000,0,12355159
20251014,1504,東元,115.0,115.0,103.5,104.0,-,8.5,75251718,8230247410.0,-6882428,1278437,-24299,21748870,1553000,1302908,28631298,274563,1327207
20251014,6919,康霈*,168.0,173.0,158.0,158.5,-,5.5,28512759,4713358721.0,-5533063,-139984,7976,4835065,16,46000,10368128,140000,38024
20251014,1301,台塑,38.3,38.65,37.35,37.35,-,0.85,17304140,654531376.0,-5832730,-333,1495,3798652,67,396000,9631382,400,394505
20251014,2327,國巨*,180.5,181.0,171.5,172.0,-,6.0,46992361,8225094177.0,-4950340,45018,-1026990,12143726,204032,523414,17094066,159014,1550404
20251014,2382,廣達,299.0,299.0,284.0,284.0,-,10.5,31282060,9065931250.0,-6627829,-162714,693065,8703699,31049,1220507,15331528,193763,527442
20251014,2377,微星,115.0,115.5,108.5,108.5,-,5.0,10705103,1190266330.0,-6244494,-204343,-16147,1553483,11011,359000,7797977,215354,375147
20251014,3715,定穎投控,103.0,105.0,92.6,93.8,-,7.7,56647075,5491992228.0,-6183050,0,-443741,12683100,0,589724,18866150,0,1033465
20251014,00904,台新臺灣半導體30,21.24,21.36,20.59,20.61,-,0.29,12624032,263980245.0,28000,0,-7041106,332000,0,2859526,304000,0,9900632
20251014,2354,鴻準,68.0,68.4,65.1,65.3,-,2.3,18147482,1206885927.0,-7015010,2267,-659190,1554990,5000,217000,8570000,2733,876190
20251014,1802,台玻,31.0,31.3,28.15,28.55,-,2.0,111548270,3263416663.0,-3217441,-283000,-4552955,28355222,22000,1064774,31572663,305000,5617729
20251014,6770,力積電,30.6,31.0,27.3,27.3,-,1.95,294354305,8467231829.0,5052327,30000,-14327333,79064212,30000,2911261,74011885,0,17238594
20251014,2356,英業達,45.25,45.4,43.0,43.05,-,2.2,26352976,1161327467.0,-8592991,-1545952,288696,3441504,12048,1161006,12034495,1558000,872310
20251014,2002,中鋼,19.0,19.05,18.85,18.85,-,0.15,35961529,680503628.0,-7749810,-2959091,388098,13264205,209,663000,21014015,2959300,274902
20251014,2344,華邦電,44.9,45.55,40.15,40.7,-,2.3,598421210,25505773372.0,-1387292,3391000,-13842933,164557980,10007000,7233014,165945272,6616000,21075947
20251014,9105,泰金寶-DR,6.57,7.12,6.45,6.45,-,0.04,116031436,784009461.0,-13764900,0,201003,14394100,0,317645,28159000,0,116642
20251014,1303,南亞,42.3,42.6,40.15,40.2,-,1.7,58573742,2400398868.0,-11533109,201590,-2371340,12626823,202090,1064584,24159932,500,3435924
20251014,00922,國泰台灣領袖50,25.91,25.93,25.32,25.37,-,0.06,42084607,1079466527.0,-13471850,0,-1946954,1487150,0,8879000,14959000,0,10825954
20251014,00900,富邦特選高股息30,13.62,13.67,13.45,13.46,-,0.06,30570538,414066156.0,123054,0,-17382975,247054,0,4616000,124000,0,21998975
20251014,2409,友達,13.7,13.85,13.2,13.2,-,0.35,68063874,910929242.0,-16522137,412,-1175804,20389503,96107,159803,36911640,95695,1335607
20251014,2317,鴻海,216.0,217.5,205.0,206.0,-,7.0,108702039,22810488993.0,-13897095,-2381172,-2049482,22064432,282222,1672876,35961527,2663394,3722358
20251014,3706,神達,98.0,100.5,90.0,91.2,-,5.2,157059830,14935469214.0,-30076543,-124100,-2063008,21882083,27000,2066127,51958626,151100,4129135
20251014,1605,華新,31.5,32.2,27.85,27.9,-,3.0,233555188,6856613010.0,-28717382,-2436,-12081287,39907618,0,2707885,68625000,2436,14789172
20251014,0050,元大台灣50,61.85,62.15,60.65,60.7,-,0.3,163441296,10048295024.0,-56494905,1185000,-2823595,3224111,1185000,28891000,59719016,0,31714595
20251014,0056,元大高股息,37.12,37.33,36.55,36.59,-,0.35,110814084,4085421124.0,-12366319,5419000,-64943992,3201443,5419000,1132522,15567762,0,66076514
