tradeDate,stockCode,stockName,openPrice,highPrice,lowPrice,closePrice,changeSign,change,totalShares,totalAmount,foreignNetShares,investmentNetShares,dealerNetShares,foreignBuyShares,investmentBuyShares,dealerBuyShares,foreignSellShares,investmentSellShares,dealerSellShares
20251125,6770,力積電,33.6,34.2,33.0,33.3,+,1.2,174398006,5845118958.0,33917843,0,-1572285,68024200,0,1463715,34106357,0,3036000
20251125,3037,欣興,168.0,178.0,166.5,176.0,+,12.0,45898480,7903196471.0,18581779,155024,665615,29090591,216000,1484438,10508812,60976,818823
20251125,2881,富邦金,91.8,94.0,91.0,92.9,+,0.9,77311040,7229177774.0,-28339329,46597000,-359748,13929913,46859000,377298,42269242,262000,737046
20251125,2883,凱基金,15.55,15.65,15.45,15.55,+,0.05,30945587,481890446.0,13106571,447000,552000,25071945,905000,600000,11965374,458000,48000
20251125,00881,國泰台灣科技龍頭,30.18,30.24,29.94,30.1,+,0.6,21574499,648246477.0,5356000,315000,5936712,6110000,315000,9845853,754000,0,3909141
20251125,2887,台新新光金,18.65,18.8,18.55,18.6,+,0.1,48311949,901504093.0,7244366,3891000,-756993,34368389,4622000,442884,27124023,731000,1199877
20251125,00919,群益台灣精選高息,21.42,21.49,21.34,21.37,+,0.05,42705224,914732523.0,15942784,0,-6058256,16778540,0,6993072,835756,0,13051328
20251125,00941,中信上游半導體,16.24,16.28,16.18,16.18,+,0.05,10127297,164199599.0,4174000,0,5187450,4174000,0,5553000,0,0,365550
20251125,6191,精成科,114.0,122.0,113.5,122.0,+,11.0,32256440,3882697982.0,8224084,349000,564956,12411123,349000,684956,4187039,0,120000
20251125,8021,尖點,132.0,139.5,131.0,139.5,+,12.5,54934697,7479012920.0,7731631,199000,192639,16471130,199000,213639,8739499,0,21000
20251125,2312,金寶,21.35,22.2,21.35,22.2,+,1.2,21543419,471308667.0,953000,5217000,1154175,6387000,5217000,1223437,5434000,0,69262
20251125,2606,裕民,56.5,60.5,56.2,59.2,+,2.7,15944780,933422961.0,5270250,65451,1879897,7260350,70000,2283386,1990100,4549,403489
20251125,2330,台積電,1425.0,1425.0,1405.0,1415.0,+,40.0,31006765,43841816781.0,6457799,-52169,-91646,22153406,182000,334154,15695607,234169,425800
20251125,00882,中信中國高股息,15.3,15.46,15.3,15.43,+,0.16,10538127,162297918.0,211000,0,5860936,214000,0,6772419,3000,0,911483
20251125,2027,大成鋼,36.8,37.35,36.65,37.2,+,1.0,10715808,396972349.0,5187515,0,283487,7685580,0,348499,2498065,0,65012
20251125,2324,仁寶,28.95,29.55,28.95,29.55,+,0.85,22796384,667847761.0,5933245,-1329000,436098,14066145,2918000,476173,8132900,4247000,40075
20251125,2006,東和鋼鐵,65.9,67.2,65.6,67.0,+,0.8,7544493,502959418.0,5005868,-2000,-4746,6769100,0,35254,1763232,2000,40000
20251125,00929,復華台灣科技優息,17.46,17.52,17.41,17.49,+,0.14,12492063,218320922.0,636325,0,3602809,1151325,0,7092441,515000,0,3489632
20251125,8150,南茂,45.75,46.5,43.55,44.35,+,0.05,23660185,1056933268.0,4142830,0,-174772,9467000,0,87952,5324170,0,262724
20251125,2605,新興,23.85,25.0,23.65,24.65,+,1.0,8577877,209346116.0,1699000,0,1676097,2807000,0,1723549,1108000,0,47452
20251125,2323,中環,9.12,9.32,9.12,9.3,+,0.24,3931792,36288082.0,2856000,0,74000,3068000,0,76000,212000,0,2000
20251125,2637,慧洋-KY,63.5,66.8,63.2,65.7,+,1.7,8688240,569070826.0,2337975,-18242,486706,4038000,0,533806,1700025,18242,47100
20251125,3450,聯鈞,222.0,236.5,218.5,236.5,+,21.5,12653073,2899776850.0,2507175,23000,272556,5205674,29000,307106,2698499,6000,34550
20251125,2515,中工,14.25,14.35,13.65,13.7,-,0.55,22458437,311440105.0,2652183,0,34769,10094000,0,199000,7441817,0,164231
20251125,8039,台虹,62.7,65.8,62.7,65.3,+,3.8,6805291,437922372.0,2238000,0,405579,2970000,0,425636,732000,0,20057
20251125,5469,瀚宇博,93.5,97.5,93.4,96.8,+,6.0,20987871,2018452120.0,1227700,972000,425609,6817100,972000,467372,5589400,0,41763
20251125,00885,富邦越南,16.77,16.9,16.73,16.8,+,0.06,5486488,92273904.0,1482000,0,1143231,1618000,0,1967314,136000,0,824083
20251125,9105,泰金寶-DR,5.84,5.9,5.83,5.87,+,0.1,8204751,48159829.0,2611000,0,0,3390000,0,0,779000,0,0
20251125,2481,強茂,82.0,84.2,81.8,82.5,+,2.5,17999499,1494670294.0,244279,1508000,757513,5785004,1508000,866162,5540725,0,108649
20251125,6005,群益證,25.15,25.2,24.9,25.2,+,0.15,4877698,122512502.0,2642356,-133000,0,4183356,0,0,1541000,133000,0
20251125,2867,三商壽,7.28,7.29,7.22,7.23,-,0.04,7326868,53100639.0,505094,0,1960000,1669000,0,1960000,1163906,0,0
20251125,3189,景碩,133.5,139.0,132.0,137.5,+,5.5,14459772,1963910283.0,1685350,223000,374192,5879430,228000,686864,4194080,5000,312672
20251125,2472,立隆電,105.0,108.5,104.5,107.5,+,3.5,7092944,760357172.0,1502070,683000,79410,2990070,683000,130510,1488000,0,51100
20251125,8422,可寧衛*,23.0,23.1,22.5,23.0,+,0.2,12458837,284897713.0,2413500,0,-394955,5971000,0,162431,3557500,0,557386
20251125,2903,遠百,23.85,24.0,23.7,23.9,+,0.05,3886370,92644045.0,2065000,0,-104000,3303000,0,7000,1238000,0,111000
20251125,2316,楠梓電,90.4,97.5,90.2,97.5,+,8.8,5792328,553548861.0,1606000,0,183198,2042000,0,191698,436000,0,8500
20251125,6116,彩晶,6.97,7.05,6.95,7.02,+,0.13,3559816,24953693.0,1735000,0,32000,2528000,0,32000,793000,0,0
20251125,2498,宏達電,48.15,48.8,47.9,48.35,+,0.7,6182100,298587633.0,1432912,3000,310572,2386925,3000,326630,954013,0,16058
20251125,3481,群創,12.3,12.5,12.25,12.4,+,0.1,24020272,298259044.0,1073712,-18506,673899,14317809,0,852558,13244097,18506,178659
20251125,2313,華通,78.4,79.4,78.4,79.3,+,2.3,5443669,430099923.0,1425433,0,270943,2602000,0,332943,1176567,0,62000
20251125,2614,東森,22.0,22.75,21.75,22.6,+,0.9,4218146,94684873.0,1650100,0,127,2056100,0,127,406000,0,0
20251125,2882,國泰金,65.5,66.0,65.0,65.1,-,0.4,21041862,1375605326.0,7710685,-5663139,-413238,17422562,0,60151,9711877,5663139,473389
20251125,00891,中信關鍵半導體,18.12,18.2,18.02,18.12,+,0.31,5291751,95796129.0,836000,0,788202,1058000,0,2070956,222000,0,1282754
20251125,2467,志聖,188.5,195.5,185.0,193.0,+,13.0,4077023,782359283.0,1246918,136000,144151,1906918,136000,217716,660000,0,73565
20251125,2208,台船,19.6,21.15,19.45,21.15,+,1.65,11412060,232407846.0,1507852,0,-110000,7340000,0,2000,5832148,0,112000
20251125,6443,元晶,12.1,12.35,12.1,12.3,+,0.35,2881967,35214902.0,1373896,0,-10000,1844896,0,1000,471000,0,11000
20251125,2371,大同,32.75,32.8,32.05,32.05,-,0.5,11204668,363440217.0,1281496,-4961,81032,4719652,0,83766,3438156,4961,2734
20251125,1795,美時,290.5,308.0,289.0,302.0,+,9.0,7003576,2109621284.0,959752,0,395191,2384752,0,493513,1425000,0,98322
20251125,2368,金像電,556.0,594.0,555.0,594.0,+,54.0,21699345,12734509069.0,-140732,1384000,81840,5850570,1547000,637799,5991302,163000,555959
20251125,5608,四維航,17.05,17.7,17.05,17.55,+,0.35,4406796,76796379.0,1315000,0,515,1758000,0,515,443000,0,0
20251125,1727,中華化,41.75,44.25,41.3,44.25,+,4.0,16065720,700115186.0,1249000,0,33948,3021000,0,97948,1772000,0,64000
20251125,2383,台光電,1380.0,1450.0,1380.0,1450.0,+,130.0,5394717,7665470115.0,413182,757269,52861,2382029,793000,233285,1968847,35731,180424
20251125,3711,日月光投控,216.5,218.0,209.5,212.0,+,1.5,23999776,5102637789.0,9203578,-8157574,163974,17048540,2000,261264,7844962,8159574,97290
20251125,00830,國泰費城半導體,54.3,54.45,54.2,54.35,+,1.95,5157690,280030941.0,1273100,0,-104329,1579300,0,1061000,306200,0,1165329
20251125,6282,康舒,38.05,38.4,37.6,38.3,+,1.0,8163132,310248541.0,1081507,0,-16086,3433000,0,136258,2351493,0,152344
20251125,2201,裕隆,36.55,36.55,35.25,35.25,-,0.85,5534548,197503329.0,968296,0,90944,2249750,0,115594,1281454,0,24650
20251125,8070,長華*,44.35,44.9,44.0,44.1,+,0.3,1971973,87525673.0,1069100,0,-13043,1279100,0,1012,210000,0,14055
20251125,00922,國泰台灣領袖50,24.1,24.16,23.91,24.0,+,0.24,7222396,173470827.0,-310981,0,1336170,331019,0,2997216,642000,0,1661046
20251125,00952,凱基台灣AI50,11.25,11.34,11.22,11.31,+,0.21,3073140,34763389.0,27000,0,984297,77000,0,2439071,50000,0,1454774
20251125,6919,康霈*,151.0,151.0,146.0,151.0,+,13.5,7690409,1154638259.0,885845,0,98110,3332000,0,119110,2446155,0,21000
20251125,00712,復華富時不動產,9.0,9.01,8.98,8.99,,0.0,8851048,79593859.0,-48000,0,1029209,2000,0,1207999,50000,0,178790
20251125,00963,中信全球高股息,10.99,10.99,10.96,10.96,-,0.03,1162164,12747760.0,7000,0,954138,11000,0,1004000,4000,0,49862
20251125,2367,燿華,23.25,23.6,23.25,23.6,+,0.6,2094284,49115688.0,954956,0,5000,1261956,0,8000,307000,0,3000
20251125,2612,中航,53.2,56.9,53.0,56.0,+,3.5,3973104,218314058.0,831674,0,93188,1252000,0,99019,420326,0,5831
20251125,4967,十銓,134.0,137.0,132.0,132.0,+,6.5,7161558,957412922.0,898000,0,3497,3043000,0,20648,2145000,0,17151
20251125,2352,佳世達,27.0,27.6,27.0,27.25,+,0.4,4270853,116543934.0,890480,-5000,12194,2703000,1000,12194,1812520,6000,0
20251125,2402,毅嘉,45.9,46.95,45.9,46.85,+,1.45,1733387,80747575.0,864000,0,32775,968000,0,40834,104000,0,8059
20251125,9933,中鼎,32.2,32.2,31.8,32.0,,0.0,2321952,74194978.0,873452,0,18000,1296694,0,20000,423242,0,2000
20251125,3042,晶技,81.3,81.9,80.7,81.8,+,1.4,1742637,141985805.0,912000,-40000,129,1446000,0,3100,534000,40000,2971
20251125,00636,國泰中國A50,25.91,26.14,25.89,26.04,+,0.18,1029881,26735753.0,8000,0,857864,9000,0,870559,1000,0,12695
20251125,2340,台亞,23.25,23.6,23.05,23.55,+,0.65,1738819,40606624.0,824000,0,26489,1116000,0,29489,292000,0,3000
20251125,1101,台泥,21.3,21.35,20.95,21.2,,0.0,23375276,494560639.0,2073910,-1262067,33379,14475772,0,202545,12401862,1262067,169166
20251125,1609,大亞,38.3,38.65,38.05,38.5,+,0.9,2590769,99428848.0,836740,0,3170,1343740,0,13274,507000,0,10104
20251125,00927,群益半導體收益,20.13,20.2,19.93,20.02,+,0.35,2033095,40795564.0,79150,0,757305,116150,0,1599443,37000,0,842138
20251125,6153,嘉聯益,14.35,14.8,14.35,14.6,+,0.45,2322599,33867709.0,842920,0,-6816,1268000,0,6355,425080,0,13171
20251125,1215,卜蜂,135.5,140.5,135.5,140.0,+,3.5,1351316,187766458.0,825110,0,9683,1098000,0,14683,272890,0,5000
20251125,3135,凌航,51.3,54.5,50.7,54.5,+,4.95,3640150,193605749.0,829000,0,2441,1316000,0,9441,487000,0,7000
20251125,3035,智原,163.5,168.0,163.0,167.5,+,7.0,2975870,492644388.0,683570,0,115902,1276570,0,156919,593000,0,41017
20251125,2905,三商,15.0,15.65,15.0,15.4,+,0.45,2683232,41407173.0,893000,0,-100000,1599000,0,0,706000,0,100000
20251125,00915,凱基優選高股息30,21.93,21.93,21.83,21.9,-,0.03,2735603,59874138.0,-53872,0,840516,20140,0,2058000,74012,0,1217484
20251125,3049,精金,6.58,6.78,6.57,6.68,+,0.14,1438743,9583962.0,743000,0,290,839000,0,1290,96000,0,1000
20251125,2603,長榮,179.5,182.0,179.5,180.5,+,1.5,5954320,1077883649.0,784584,-224806,174711,3588242,0,306253,2803658,224806,131542
20251125,2369,菱生,19.65,19.95,19.6,19.9,+,0.7,2638741,52232988.0,724000,0,-148,1412000,0,295,688000,0,443
20251125,00961,FT臺灣永續高息,9.37,9.43,9.33,9.35,+,0.08,2119580,19904655.0,12000,0,707769,30000,0,1813608,18000,0,1105839
20251125,00934,中信成長高股息,20.25,20.31,20.1,20.18,+,0.14,1512104,30589129.0,300000,0,415385,303000,0,1080576,3000,0,665191
20251125,2014,中鴻,14.55,14.75,14.45,14.65,+,0.3,2008813,29289673.0,698999,0,-3799,1176000,0,47201,477001,0,51000
20251125,3704,合勤控,34.1,35.0,33.9,34.7,+,1.0,1913975,66242265.0,681021,0,6000,1086021,0,6000,405000,0,0
20251125,2331,精英,19.9,20.15,19.8,20.1,+,0.45,1276303,25568226.0,681000,0,0,908000,0,2000,227000,0,2000
20251125,0061,元大寶滬深,21.99,22.23,21.99,22.11,+,0.21,755858,16711380.0,312000,0,361939,312000,0,368108,0,0,6169
20251125,2349,錸德,8.74,8.88,8.74,8.8,+,0.08,1542540,13596266.0,672000,0,0,796000,0,0,124000,0,0
20251125,5519,隆大,31.2,32.25,31.2,32.25,+,1.1,1107311,35328337.0,655200,0,9000,689200,0,9000,34000,0,0
20251125,2362,藍天,40.9,41.15,39.85,40.2,-,0.6,1045257,42097991.0,650000,0,4267,752000,0,4732,102000,0,465
20251125,1608,華榮,34.3,34.65,34.15,34.6,+,0.7,2949595,101514694.0,668000,0,-17377,1418000,0,6693,750000,0,24070
20251125,3059,華晶科,42.5,42.9,42.35,42.55,+,0.7,1878131,80112786.0,594000,0,44740,845000,0,45753,251000,0,1013
20251125,3231,緯創,141.5,142.5,139.0,139.5,+,0.5,20988691,2942322814.0,1599700,-913436,-48024,7383147,2000,133788,5783447,915436,181812
20251125,2489,瑞軒,14.45,14.6,14.4,14.6,+,0.3,1439830,20889696.0,618991,0,18294,922991,0,98294,304000,0,80000
20251125,1909,榮成,10.4,10.4,10.05,10.05,-,0.3,2732449,27731975.0,586997,0,50000,1061997,0,63000,475000,0,13000
20251125,00898,國泰基因免疫革命,7.8,7.84,7.77,7.82,+,0.12,1104569,8643167.0,381000,0,244935,391000,0,331050,10000,0,86115
20251125,3010,華立,106.0,108.0,104.5,107.0,+,2.5,2030687,217044233.0,755600,-1518,-130245,1277600,0,10755,522000,1518,141000
20251125,1104,環泥,31.2,31.8,31.1,31.55,+,0.55,1129250,35680080.0,598000,0,4000,697000,0,5000,99000,0,1000
20251125,3033,威健,29.8,30.25,29.75,30.0,+,0.55,1522091,45678583.0,574000,0,21660,906000,0,21660,332000,0,0
20251125,2211,長榮鋼,117.0,121.5,116.0,121.0,+,4.5,3361936,401438479.0,592176,-1343,3478,1955000,0,20098,1362824,1343,16620
20251125,3024,憶聲,10.1,10.25,10.0,10.25,+,0.2,1016051,10263509.0,589000,0,0,635000,0,0,46000,0,0
20251125,00639,富邦深100,14.18,14.51,14.18,14.41,+,0.26,1290653,18552246.0,25000,0,560398,25000,0,1019022,0,0,458624
20251125,1216,統一,74.8,75.4,74.8,74.9,,0.0,7549371,567170176.0,-2704193,3176000,108114,2968253,3237000,155000,5672446,61000,46886
20251125,1711,永光,17.55,18.15,17.55,17.9,+,0.55,2310160,41265824.0,571000,0,1501,933000,0,1501,362000,0,0
20251125,00892,富邦台灣半導體,20.41,20.56,20.36,20.52,+,0.52,1055817,21614722.0,142000,0,427028,249000,0,697132,107000,0,270104
20251125,3048,益登,38.25,38.9,37.2,38.05,+,0.45,4948124,188377615.0,569000,0,-1664,1657000,0,1492,1088000,0,3156
20251125,3056,富華新,18.1,18.4,18.1,18.35,+,0.3,1174724,21457603.0,549400,0,974,715400,0,2000,166000,0,1026
20251125,4919,新唐,50.5,51.8,50.2,51.8,+,2.0,1163328,59649834.0,553000,0,-8125,874000,0,5927,321000,0,14052
20251125,00902,中信電池及儲能,12.63,12.77,12.59,12.68,+,0.2,1848791,23426774.0,510000,0,29581,533000,0,541813,23000,0,512232
20251125,2388,威盛,49.1,49.8,49.1,49.55,+,0.75,1230427,60823449.0,505000,0,30399,631000,0,33399,126000,0,3000
20251125,2332,友訊,14.9,15.2,14.9,15.2,+,0.4,1540613,23211977.0,515000,0,19240,920000,0,19240,405000,0,0
20251125,6442,光聖,1260.0,1345.0,1230.0,1310.0,+,80.0,8906711,11448297445.0,139201,405000,-10363,2293002,405000,101396,2153801,0,111759
20251125,2401,凌陽,19.5,19.75,19.35,19.6,+,0.35,1239177,24201516.0,539000,0,-5475,878000,0,4033,339000,0,9508
20251125,2374,佳能,76.7,78.2,76.7,77.1,+,1.0,5605331,433813632.0,513551,0,6506,1617347,0,9506,1103796,0,3000
20251125,3090,日電貿,85.0,85.4,83.2,84.0,+,0.3,2831962,239412442.0,512500,-1840,-9416,1361000,0,10155,848500,1840,19571
20251125,00936,台新永續高息中小,15.35,15.43,15.32,15.34,+,0.07,599678,9216951.0,25000,0,470087,25000,0,480277,0,0,10190
20251125,00904,台新臺灣半導體30,20.86,20.91,20.67,20.77,+,0.44,1856969,38544091.0,41000,0,443247,58000,0,1488516,17000,0,1045269
20251125,2382,廣達,278.0,279.5,274.0,275.0,+,3.0,9487541,2621988947.0,1186792,-734352,29226,6502724,2000,58966,5315932,736352,29740
20251125,3036,文曄,133.5,135.0,132.0,134.0,+,2.0,7768284,1037145334.0,541040,-159000,98423,5357050,0,120260,4816010,159000,21837
20251125,3013,晟銘電,123.0,124.5,121.0,124.5,+,4.5,3313352,408109071.0,-60916,400000,133513,852000,400000,160513,912916,0,27000
20251125,1528,恩德,14.7,15.65,14.65,15.55,+,1.1,7170821,109784456.0,451000,0,20612,1670000,0,23057,1219000,0,2445
20251125,3019,亞光,135.5,137.0,134.5,135.5,+,3.5,1982789,269273762.0,454700,0,16651,774500,0,60922,319800,0,44271
20251125,3045,台灣大,108.0,109.0,107.5,107.5,-,0.5,8515680,921046320.0,-1383101,1834000,20287,4073299,1956000,63414,5456400,122000,43127
20251125,2441,超豐,69.6,71.4,69.6,71.0,+,2.1,1698977,120133825.0,512000,0,-57192,931000,0,4103,419000,0,61295
20251125,00646,元大S&P500,66.2,66.2,65.9,66.15,+,0.6,1570120,103727480.0,-57054,100000,406637,603,100000,637275,57657,0,230638
20251125,3034,聯詠,388.0,394.0,386.0,393.0,+,3.5,2618062,1023630187.0,397110,27647,24508,1643739,406000,116692,1246629,378353,92184
20251125,2617,台航,29.4,30.4,29.3,30.3,+,1.1,1896590,56858860.0,445000,0,-4000,630000,0,5000,185000,0,9000
20251125,6531,愛普*,399.0,403.0,392.5,392.5,+,4.0,2426137,965461559.0,124002,300000,16921,786002,300000,38143,662000,0,21222
20251125,00894,中信小資高價30,25.51,25.55,25.28,25.43,+,0.59,1542256,39227254.0,130000,0,301699,134000,0,800055,4000,0,498356
20251125,2457,飛宏,28.45,28.6,28.05,28.4,+,0.6,1437522,40674844.0,424000,0,3337,734000,0,3337,310000,0,0
20251125,2031,新光鋼,37.05,38.2,37.0,38.1,+,1.2,1043085,39561838.0,418000,0,-1,701000,0,0,283000,0,1
20251125,3028,增你強,36.0,36.3,35.35,35.4,-,0.05,1165142,41595329.0,412000,0,-2000,600000,0,0,188000,0,2000
20251125,00905,FT臺灣Smart,16.25,16.29,16.2,16.22,+,0.15,743381,12075245.0,23000,0,380996,26000,0,402680,3000,0,21684
20251125,00700,富邦恒生國企,18.54,18.71,18.54,18.6,+,0.17,563433,10496206.0,97000,0,306585,97000,0,385449,0,0,78864
20251125,1419,新紡,73.5,77.3,71.3,72.6,-,1.4,3266125,241113441.0,316000,0,73269,1067000,0,96371,751000,0,23102
20251125,1708,東鹼,31.7,32.2,31.6,32.1,+,0.65,912299,29169451.0,382000,0,5192,445000,0,5212,63000,0,20
20251125,2543,皇昌,60.6,61.2,60.2,60.5,+,0.5,1288451,78168618.0,392300,0,-6395,684000,0,28612,291700,0,35007
20251125,2393,億光,51.0,51.4,50.4,50.8,+,0.2,3002728,152477467.0,665754,-2235,-278000,1947000,0,57000,1281246,2235,335000
20251125,9955,佳龍,28.9,29.55,28.85,29.35,+,0.5,713708,20870570.0,385000,0,0,457000,0,0,72000,0,0
20251125,3535,晶彩科,70.7,73.4,70.7,72.1,+,3.1,1636805,118037841.0,371000,0,10218,720000,0,11000,349000,0,782
20251125,2355,敬鵬,29.85,30.35,29.85,30.2,+,0.55,849090,25553391.0,369634,-4066,9647,535634,0,13917,166000,4066,4270
20251125,1560,中砂,310.0,311.0,307.5,309.5,+,3.5,977223,302687135.0,402000,-15000,-14207,548000,7000,14379,146000,22000,28586
20251125,6285,啟碁,98.3,99.8,98.2,99.5,+,2.5,1907891,188954117.0,332440,-1852,41655,1250530,0,52687,918090,1852,11032
20251125,2832,台產,53.4,54.3,52.7,54.1,+,1.2,649345,34770472.0,196000,0,168696,246000,0,173209,50000,0,4513
20251125,4915,致伸,82.2,83.8,82.2,83.8,+,2.3,1673174,139222479.0,-345000,690165,8427,695000,692000,9427,1040000,1835,1000
20251125,8028,昇陽半導體,154.5,156.0,153.0,154.0,+,2.5,2414510,373119507.0,352499,-10000,-3421,947499,0,91862,595000,10000,95283
20251125,3149,正達,33.9,34.55,33.9,34.3,+,0.65,857193,29401532.0,327587,0,0,435000,0,0,107413,0,0
20251125,6213,聯茂,103.5,106.0,103.0,105.0,+,5.4,7359373,767728785.0,98810,0,226797,2298010,0,316741,2199200,0,89944
20251125,2363,矽統,47.6,48.0,47.5,47.95,+,0.85,1699230,81223436.0,231050,0,91979,570050,0,93979,339000,0,2000
20251125,2468,華經,42.45,43.5,42.3,43.5,+,1.5,586500,25282513.0,323000,0,0,425000,0,0,102000,0,0
20251125,2347,聯強,59.5,61.4,59.3,60.7,,0.0,6541029,396332759.0,288163,-43425,73135,5101225,0,90523,4813062,43425,17388
20251125,6414,樺漢,287.5,292.5,287.5,290.0,+,8.0,648900,188183541.0,320000,-11000,7066,521000,0,13066,201000,11000,6000
20251125,2492,華新科,120.5,121.5,115.0,117.0,-,2.0,7379158,867429397.0,465255,0,-152704,2066875,0,45360,1601620,0,198064
20251125,4526,東台,30.8,31.35,30.65,30.85,+,0.45,804719,24942774.0,308000,0,3184,443000,0,3186,135000,0,2
20251125,3714,富采,31.15,31.55,30.85,31.5,+,0.9,959772,30014784.0,287000,0,17430,584000,0,20000,297000,0,2570
20251125,3209,全科,32.95,33.35,32.95,33.3,+,0.5,588176,19506427.0,299000,0,3000,352000,0,3000,53000,0,0
20251125,00926,凱基全球菁英55,24.05,24.14,24.05,24.13,+,0.56,1042288,25125246.0,-9000,0,302952,0,0,834343,9000,0,531391
20251125,1536,和大,56.9,57.5,56.6,57.1,+,1.5,843785,48101561.0,297000,0,-3894,455000,0,40107,158000,0,44001
20251125,8404,百和興業-KY,24.95,25.5,24.65,24.85,+,0.15,952166,23872022.0,282000,0,9903,582000,0,10000,300000,0,97
20251125,2034,允強,19.8,20.2,19.75,20.05,+,0.2,1344072,26830670.0,308000,0,-21000,477000,0,97000,169000,0,118000
20251125,2049,上銀,182.5,184.0,181.0,184.0,+,3.0,2724529,497345820.0,260175,0,20990,1814475,0,35000,1554300,0,14010
20251125,2392,正崴,38.0,38.7,38.0,38.35,+,0.65,1331985,51098096.0,267000,0,12311,822000,0,16635,555000,0,4324
20251125,6625,必應,89.6,90.5,89.0,90.4,+,1.0,648898,58419358.0,278000,0,127,305000,0,127,27000,0,0
20251125,2527,宏璟,27.1,27.95,27.0,27.45,+,2.0,1526748,42252495.0,267000,0,6581,421000,0,7790,154000,0,1209
20251125,2413,環科,27.8,28.65,27.55,28.65,+,2.6,8667481,245940920.0,278000,0,-5238,920000,0,4806,642000,0,10044
20251125,2365,昆盈,33.2,33.45,32.9,33.2,+,0.5,919094,30478956.0,272000,0,-1104,553000,0,0,281000,0,1104
20251125,6558,興能高,35.4,36.1,35.35,35.8,+,0.85,547328,19520578.0,269000,0,486,393000,0,1000,124000,0,514
20251125,4968,立積,135.5,138.0,135.0,137.5,+,5.0,845523,115543225.0,243277,0,26094,444000,0,36898,200723,0,10804
20251125,2601,益航,5.37,5.47,5.36,5.4,+,0.04,856163,4631800.0,269000,0,-3000,340000,0,0,71000,0,3000
20251125,6691,洋基工程,462.0,468.0,459.0,465.0,+,9.0,591069,274447903.0,255159,2000,5793,348059,3000,7989,92900,1000,2196
20251125,8011,台通,20.6,21.0,20.5,20.95,+,0.6,1039576,21668875.0,260000,0,2000,313000,0,2000,53000,0,0
20251125,2406,國碩,20.25,20.5,19.95,20.2,+,0.25,2306575,46653141.0,262000,0,0,1070000,0,0,808000,0,0
20251125,2387,精元,39.15,40.0,39.15,39.9,+,1.1,386515,15314802.0,258000,0,4000,290000,0,5000,32000,0,1000
20251125,2634,漢翔,48.4,51.5,48.25,50.4,+,2.15,18840941,946781807.0,-203000,0,464594,5136000,0,777829,5339000,0,313235
20251125,00717,富邦美國特別股,14.69,14.72,14.67,14.71,+,0.02,287303,4220982.0,212000,0,49000,214000,0,54000,2000,0,5000
20251125,2359,所羅門,122.5,124.0,122.5,123.0,+,1.5,760287,93593432.0,255000,0,-1022,396000,0,1186,141000,0,2208
20251125,6591,動力-KY,75.9,77.3,75.9,77.0,+,2.0,486199,37233498.0,244000,0,9532,322000,0,10033,78000,0,501
20251125,3047,訊舟,17.2,17.3,16.95,17.05,+,0.15,776235,13256083.0,248000,0,0,277000,0,0,29000,0,0
20251125,6139,亞翔,447.0,451.0,441.0,441.0,+,1.5,3306174,1474486241.0,260961,15000,-28911,1022961,16000,50313,762000,1000,79224
20251125,00923,群益台ESG低碳50,24.23,24.3,24.01,24.1,+,0.25,1444255,34803700.0,16420,0,228746,17420,0,904084,1000,0,675338
20251125,2302,麗正,18.1,19.15,18.1,18.95,+,0.95,630558,11808588.0,243000,0,1000,292000,0,1000,49000,0,0
20251125,3645,達邁,52.2,52.6,51.3,51.5,+,0.3,1014347,52553235.0,208000,0,35232,470000,0,37233,262000,0,2001
20251125,00930,永豐ESG低碳高息,16.88,16.88,16.77,16.81,,0.0,668063,11241657.0,13000,0,227299,13000,0,383853,0,0,156554
20251125,2913,農林,13.35,13.45,13.3,13.45,+,0.1,590831,7913681.0,237000,0,-1000,324000,0,2000,87000,0,3000
20251125,3025,星通,43.45,45.0,43.45,44.85,+,1.95,389070,17266231.0,232000,0,2000,253000,0,2000,21000,0,0
20251125,2345,智邦,966.0,971.0,939.0,965.0,+,21.0,5354797,5135571416.0,349176,-157274,38765,2826571,86000,114203,2477395,243274,75438
20251125,00713,元大台灣高息低波,50.2,50.25,49.9,50.05,-,0.1,4920174,246296178.0,-178682,0,406993,43318,0,1577000,222000,0,1170007
20251125,3029,零壹,113.5,115.0,113.0,114.5,+,2.5,517330,58974098.0,228693,0,-1725,322000,0,10277,93307,0,12002
20251125,1582,信錦,66.1,67.1,66.1,67.0,+,1.2,333908,22306354.0,227042,0,-1366,258000,0,634,30958,0,2000
20251125,2010,春源,20.0,20.15,19.85,20.1,+,0.05,876712,17532722.0,200000,0,25000,286000,0,25000,86000,0,0
20251125,2009,第一銅,38.5,39.0,38.2,38.95,+,0.95,1631758,62952000.0,194000,0,25372,585000,0,26947,391000,0,1575
20251125,4977,眾達-KY,106.0,108.5,105.5,107.5,+,6.0,2319288,248577051.0,209005,0,10180,752005,0,10180,543000,0,0
20251125,1718,中纖,6.77,6.79,6.67,6.68,-,0.07,2386735,16020882.0,221000,0,-1834,1030000,0,3000,809000,0,4834
20251125,00932,兆豐永續高息等權,13.98,14.02,13.92,13.98,+,0.07,394404,5514336.0,2000,0,213170,2000,0,344813,0,0,131643
20251125,4306,炎洲,13.4,13.45,13.35,13.45,+,0.15,695482,9323179.0,214780,0,0,334780,0,0,120000,0,0
20251125,3055,蔚華科,58.8,60.6,58.8,60.2,+,1.7,362728,21765625.0,214000,0,486,246000,0,486,32000,0,0
20251125,4142,國光生,19.4,19.6,19.35,19.35,+,0.1,1669696,32421516.0,211000,0,1000,707000,0,1000,496000,0,0
20251125,5225,東科-KY,103.0,105.0,102.5,104.0,+,2.0,398549,41425748.0,213000,0,-1000,250000,0,0,37000,0,1000
20251125,2538,基泰,10.9,11.15,10.9,11.15,+,0.2,345160,3808123.0,211000,0,-1000,231000,0,0,20000,0,1000
20251125,6890,來億-KY,281.0,283.5,273.5,281.0,-,1.5,2871055,797437577.0,216971,23000,-30579,892447,23000,64565,675476,0,95144
20251125,3032,偉訓,84.2,85.3,82.0,82.0,-,1.7,1283317,106702203.0,262804,0,-54140,477000,0,6003,214196,0,60143
20251125,2308,台達電,913.0,926.0,899.0,910.0,+,17.0,10504174,9579043601.0,58124,69187,74515,5237943,169000,252766,5179819,99813,178251
20251125,2428,興勤,189.5,190.0,185.0,186.0,-,1.5,993562,185505619.0,174547,29000,-1852,334000,29000,2632,159453,0,4484
20251125,8249,菱光,50.4,51.5,50.4,50.8,+,0.7,552405,28218546.0,219750,0,-20001,287000,0,2000,67250,0,22001
20251125,4746,台耀,63.9,65.4,63.5,64.8,+,1.4,421126,27290815.0,194000,0,1221,318000,0,2888,124000,0,1667
20251125,6789,采鈺,234.0,239.5,234.0,238.0,+,7.0,751498,177747954.0,171702,-2000,23484,310176,0,43484,138474,2000,20000
20251125,4564,元翎,16.25,16.75,16.25,16.35,+,0.2,1023005,16884366.0,192000,0,-1,341000,0,0,149000,0,1
20251125,2241,艾姆勒,35.65,36.3,35.1,35.5,,0.0,460149,16335914.0,191000,0,0,265000,0,0,74000,0,0
20251125,6269,台郡,50.0,51.0,50.0,50.7,+,1.05,1086621,54935297.0,200000,0,-9645,508000,0,3625,308000,0,13270
20251125,8105,凌巨,10.35,10.45,10.3,10.35,+,0.1,551500,5716511.0,189000,0,0,245000,0,0,56000,0,0
20251125,3545,敦泰,50.1,51.4,50.0,51.3,+,2.2,1430758,72567815.0,130258,0,57547,497000,0,61142,366742,0,3595
20251125,6669,緯穎,4150.0,4200.0,4060.0,4170.0,+,140.0,1433338,5947030665.0,135375,44733,3796,665218,45000,41484,529843,267,37688
20251125,6805,富世達,1370.0,1390.0,1315.0,1370.0,+,30.0,2258856,3051965170.0,84785,50000,47839,766791,50000,88327,682006,0,40488
20251125,2379,瑞昱,506.0,513.0,503.0,511.0,+,3.0,2225215,1132728738.0,677710,-534129,38827,1651011,232000,59587,973301,766129,20760
20251125,6614,資拓宏宇,47.8,49.4,46.0,47.45,,0.0,2028113,96587824.0,0,0,182000,0,0,182000,0,0,0
20251125,3622,洋華,67.9,68.4,66.5,67.5,+,0.1,873725,59064123.0,199000,0,-17000,360000,0,4000,161000,0,21000
20251125,3712,永崴投控,25.6,26.15,25.45,26.15,+,0.7,547074,14123190.0,181000,0,749,311000,0,1108,130000,0,359
20251125,6278,台表科,98.7,100.0,98.7,99.5,+,1.6,785188,78066930.0,9700,156701,13822,311000,198000,13822,301300,41299,0
20251125,2493,揚博,90.5,91.5,90.0,91.0,+,1.5,395971,36007268.0,178648,0,585,258648,0,1585,80000,0,1000
20251125,6869,雲豹能源,93.8,94.9,92.6,94.3,+,1.0,718702,67321456.0,174000,0,2600,361000,0,3958,187000,0,1358
20251125,9941,裕融,94.4,95.1,94.0,95.1,+,1.5,522563,49410998.0,169077,0,6019,453000,0,6019,283923,0,0
20251125,2425,承啟,27.4,28.6,27.4,28.2,+,0.95,329140,9273710.0,175000,0,-1000,213000,0,1000,38000,0,2000
20251125,6283,淳安,25.35,26.2,25.2,26.05,+,1.05,336244,8672566.0,164000,0,5000,187000,0,5000,23000,0,0
20251125,9907,統一實,18.15,18.25,18.0,18.25,+,0.1,1495023,27161770.0,174000,-7781,2000,1257000,0,3000,1083000,7781,1000
20251125,2405,輔信,16.7,16.8,16.6,16.75,+,0.3,534358,8934327.0,163000,0,4000,260000,0,4000,97000,0,0
20251125,6672,騰輝電子-KY,85.8,87.7,85.7,87.0,+,2.0,370921,32232668.0,165000,0,0,249000,0,0,84000,0,0
20251125,3058,立德,9.99,10.05,9.93,10.05,+,0.06,371300,3715511.0,165000,0,0,195000,0,0,30000,0,0
20251125,2912,統一超,231.0,234.5,228.5,234.5,+,3.5,2987966,695096012.0,-868141,1087176,-54488,1248982,1233000,24077,2117123,145824,78565
20251125,2399,映泰,21.2,22.6,21.2,22.6,+,2.05,7923985,176746147.0,125000,0,35975,1462000,0,40300,1337000,0,4325
20251125,2390,云辰,9.09,9.22,9.09,9.14,+,0.06,317041,2902360.0,160000,0,0,163000,0,0,3000,0,0
20251125,3305,昇貿,94.7,97.4,94.7,95.9,+,2.8,2209579,212282665.0,179000,0,-19180,741000,0,3045,562000,0,22225
20251125,3023,信邦,210.0,213.5,209.0,213.5,+,4.0,1182647,250038319.0,-479881,634000,4006,398000,634000,6130,877881,0,2124
20251125,1611,中電,12.2,12.25,12.05,12.25,+,0.05,378989,4622403.0,157000,0,-941,178000,0,2000,21000,0,2941
20251125,00692,富邦公司治理,53.6,53.7,53.1,53.35,+,0.7,1292518,68965571.0,-33900,0,189759,18100,0,951394,52000,0,761635
20251125,6177,達麗,45.25,46.0,45.15,46.0,+,0.8,487135,22191876.0,225000,-60000,-9820,306000,0,400,81000,60000,10220
20251125,1903,士紙,56.5,58.8,56.3,57.0,-,0.7,896956,51617513.0,147000,0,5250,328000,0,6250,181000,0,1000
20251125,6120,達運,10.2,10.35,10.2,10.35,+,0.25,652860,6730463.0,151000,0,0,309000,0,0,158000,0,0
20251125,3051,力特,18.1,18.3,17.95,18.25,+,0.35,226656,4119995.0,151000,0,0,187000,0,0,36000,0,0
20251125,3312,弘憶股,36.5,37.15,36.25,36.55,+,0.3,442197,16218815.0,151567,0,-2000,258058,0,0,106491,0,2000
20251125,00703,台新MSCI中國,22.0,22.18,22.0,22.0,+,0.21,255527,5629549.0,0,0,148532,0,0,249021,0,0,100489
20251125,3050,鈺德,11.35,11.4,11.25,11.4,+,0.05,447830,5083810.0,148000,0,0,209000,0,0,61000,0,0
20251125,00938,凱基優選30,16.23,16.28,16.2,16.25,+,0.1,182502,2963805.0,-4000,0,151895,0,0,160000,4000,0,8105
20251125,2455,全新,141.0,144.5,138.0,138.5,+,0.5,7108185,995772336.0,-134000,146000,131960,4114000,146000,171344,4248000,0,39384
20251125,6806,森崴能源,38.0,38.5,37.15,38.45,+,0.4,1860309,70285205.0,146000,0,-3067,595000,0,4000,449000,0,7067
20251125,6449,鈺邦,165.5,169.0,164.5,169.0,+,4.0,732094,122029810.0,100000,0,42789,258000,0,44738,158000,0,1949
20251125,2338,光罩,33.75,34.25,33.6,34.1,+,0.55,494417,16781747.0,140000,0,1448,272000,0,3449,132000,0,2001
20251125,00940,元大台灣價值高息,9.14,9.15,9.09,9.11,+,0.02,11477317,104674349.0,-567800,0,708592,924200,0,3659000,1492000,0,2950408
20251125,2464,盟立,58.4,58.9,57.5,58.0,+,0.6,588775,34191922.0,136511,0,1102,273511,0,2103,137000,0,1001
20251125,9921,巨大,94.7,95.8,94.3,94.6,,0.0,574090,54544500.0,133053,0,3744,334914,0,4508,201861,0,764
20251125,2305,全友,10.4,10.6,10.4,10.45,+,0.2,256305,2685428.0,135000,0,0,170000,0,0,35000,0,0
20251125,1449,佳和,10.2,10.3,10.15,10.25,+,0.2,363332,3707892.0,133627,0,0,167747,0,0,34120,0,0
20251125,4763,材料*-KY,54.7,55.2,54.2,54.9,+,0.9,6059234,331449538.0,140175,43000,-52698,3621175,48000,7247,3481000,5000,59945
20251125,3607,谷崧,12.9,13.4,12.9,13.35,+,0.45,261104,3462528.0,128000,0,2000,136000,0,2000,8000,0,0
20251125,1810,和成,16.75,17.15,16.75,17.05,+,0.45,781036,13293168.0,129000,0,0,362000,0,0,233000,0,0
20251125,2419,仲琦,21.1,21.55,21.1,21.4,+,0.35,323322,6916075.0,126000,0,2520,167000,0,2520,41000,0,0
20251125,1409,新纖,15.5,15.6,15.15,15.3,-,0.1,4219097,64513731.0,116000,0,12239,1500000,0,16000,1384000,0,3761
20251125,2611,志信,14.65,14.75,14.55,14.75,+,0.3,190643,2796475.0,125000,0,1000,135000,0,1000,10000,0,0
20251125,1616,億泰,29.1,29.4,29.05,29.4,+,0.45,507171,14838037.0,126000,0,-134,277000,0,0,151000,0,134
20251125,4566,時碩工業,53.4,53.4,52.5,53.4,+,1.0,222682,11799978.0,123000,0,2015,151000,0,2015,28000,0,0
20251125,2458,義隆,129.0,130.0,127.5,128.0,-,0.5,647772,83218253.0,111000,-78,13720,425000,1000,25720,314000,1078,12000
20251125,00944,野村趨勢動能高息,13.97,14.03,13.96,13.96,+,0.08,568957,7963330.0,121000,0,3338,121000,0,423000,0,0,419662
20251125,2022,聚亨,7.9,7.99,7.85,7.99,+,0.09,282369,2236826.0,121000,0,3000,121000,0,3000,0,0,0
20251125,2630,亞航,48.4,51.3,48.3,49.7,+,1.5,9504393,475812516.0,78000,0,43528,2349000,0,61015,2271000,0,17487
20251125,3717,聯嘉投控,17.1,17.25,16.6,16.75,-,0.2,498636,8459239.0,121000,0,0,170000,0,0,49000,0,0
20251125,4906,正文,25.85,26.25,25.6,25.6,+,0.05,1201614,31113582.0,116000,-5424,9111,599000,0,10605,483000,5424,1494
20251125,2351,順德,80.4,82.1,79.7,80.0,+,1.0,1008376,81486955.0,118000,0,1082,408000,0,4425,290000,0,3343
20251125,4912,聯德控股-KY,78.9,82.6,78.9,82.5,+,4.7,318672,25902927.0,118000,0,0,162000,0,0,44000,0,0
20251125,1210,大成,51.5,52.0,51.4,51.8,+,0.3,702726,36424814.0,106000,13000,-2534,405000,13000,2000,299000,0,4534
20251125,1568,倉佑,21.25,21.25,20.6,21.1,-,0.2,285433,5933712.0,115000,0,1000,143000,0,2000,28000,0,1000
20251125,6451,訊芯-KY,143.0,145.5,141.5,143.0,+,2.5,988856,141915072.0,132000,0,-16547,439000,0,6029,307000,0,22576
20251125,1597,直得,70.3,72.0,70.3,72.0,+,2.2,183109,13075405.0,112000,0,2434,133000,0,2434,21000,0,0
20251125,00935,野村臺灣新科技50,27.7,27.76,27.45,27.6,+,0.46,2738988,75524873.0,109000,0,4718,150000,0,1780551,41000,0,1775833
20251125,1612,宏泰,34.95,35.15,34.75,34.95,+,0.4,515911,18000285.0,41000,0,71749,239000,0,72155,198000,0,406
20251125,3016,嘉晶,49.0,49.75,48.5,49.05,+,1.25,1174313,57774427.0,114000,0,-1469,475000,0,10358,361000,0,11827
20251125,9940,信義,21.65,23.0,21.65,22.1,+,0.7,1520273,33731108.0,233000,0,-121000,688000,0,0,455000,0,121000
20251125,9902,台火,17.45,18.0,17.15,17.25,-,0.35,947645,16569299.0,112000,0,0,262000,0,1000,150000,0,1000
20251125,6831,邁科,152.5,181.0,149.5,178.5,,0.0,3302113,536443340.0,-35291,0,147000,502000,0,147000,537291,0,0
20251125,00897,富邦基因免疫生技,8.85,8.85,8.82,8.82,+,0.06,538867,4759729.0,29000,0,82085,35000,0,183136,6000,0,101051
20251125,00916,國泰全球品牌50,26.55,26.63,26.55,26.62,+,0.26,166154,4421045.0,10000,0,99872,11000,0,102000,1000,0,2128
20251125,5515,建國,32.15,32.8,31.7,32.7,+,0.55,558754,18055213.0,105000,0,3000,151000,0,3000,46000,0,0
20251125,4956,光鋐,18.0,18.5,18.0,18.2,+,0.35,219339,4003242.0,106000,0,992,130000,0,1000,24000,0,8
20251125,2329,華泰,48.0,48.6,47.35,48.3,+,1.8,12594975,604926195.0,147712,0,-41519,3552000,0,175756,3404288,0,217275
20251125,3002,歐格,23.0,23.1,22.45,22.95,+,0.45,970247,22127486.0,103056,0,3000,309701,0,3000,206645,0,0
20251125,00960,野村全球航運龍頭,14.0,14.0,13.9,13.93,-,0.05,381981,5328937.0,-2000,0,106194,0,0,209000,2000,0,102806
20251125,8104,錸寶,29.1,29.5,29.0,29.0,+,0.2,308878,9010917.0,104153,0,0,153967,0,0,49814,0,0
20251125,1316,上曜,14.55,14.7,14.45,14.55,+,0.2,1421584,20759323.0,102000,0,1000,582000,0,1000,480000,0,0
20251125,2613,中櫃,24.2,24.45,23.85,24.35,+,0.35,531197,12865818.0,97000,0,6000,222000,0,6000,125000,0,0
20251125,2852,第一保,27.9,27.9,27.5,27.65,-,0.25,405743,11228814.0,97000,0,6000,111000,0,6000,14000,0,0
20251125,5484,慧友,33.6,35.6,33.55,35.3,+,1.75,155270,5426920.0,102000,0,0,106000,0,1000,4000,0,1000
20251125,1618,合機,40.7,41.1,40.65,41.0,+,0.5,252824,10342159.0,97000,0,4804,126000,0,4804,29000,0,0
20251125,3443,創意,2055.0,2175.0,2030.0,2175.0,+,195.0,6955259,14700569220.0,-523721,362298,261496,1681695,362500,450599,2205416,202,189103
20251125,2427,三商電,26.65,26.85,26.55,26.65,+,0.1,351187,9363458.0,100000,0,0,142000,0,0,42000,0,0
20251125,3027,盛達,22.7,23.0,22.65,22.95,+,0.35,167759,3838122.0,96000,0,2000,109000,0,2000,13000,0,0
20251125,4927,泰鼎-KY,20.8,20.95,20.35,20.6,+,0.25,1625229,33547430.0,165093,0,-68478,802000,0,1000,636907,0,69478
20251125,1721,三晃,10.75,11.3,10.75,11.0,+,0.3,446402,4912487.0,95000,0,1498,191000,0,3000,96000,0,1502
20251125,1789,神隆,17.25,17.4,17.25,17.35,+,0.15,270785,4682654.0,96000,0,0,146000,0,0,50000,0,0
20251125,6541,泰福-KY,52.3,52.5,51.5,52.1,+,0.5,378455,19688220.0,95000,0,1000,162000,0,1000,67000,0,0
20251125,1590,亞德客-KY,920.0,930.0,897.0,901.0,+,8.0,442269,402270273.0,99678,-2000,-2571,396341,0,3010,296663,2000,5581
20251125,3550,聯穎,12.75,12.8,12.5,12.75,+,0.2,172089,2176016.0,94000,0,0,98000,0,0,4000,0,0
20251125,00924,復華S&P500成長,28.64,28.66,28.57,28.6,+,0.43,1866439,53397255.0,28005,0,65438,29005,0,951999,1000,0,886561
20251125,2597,潤弘,165.0,167.0,164.0,167.0,+,2.0,253751,42057189.0,94140,0,-1000,164000,0,0,69860,0,1000
20251125,4949,有成精密,37.8,38.65,37.35,38.6,+,1.45,279487,10628180.0,90000,0,0,123000,0,0,33000,0,0
20251125,3592,瑞鼎,209.0,213.5,207.5,209.0,+,2.0,371849,78005319.0,106862,-20000,2162,204000,0,2165,97138,20000,3
20251125,6133,金橋,15.6,15.8,15.6,15.8,+,0.4,164817,2597454.0,89000,0,0,109000,0,0,20000,0,0
20251125,4552,力達-KY,22.85,23.4,22.8,23.35,+,0.5,191088,4411245.0,89000,0,-1000,92000,0,0,3000,0,1000
20251125,4739,康普,64.7,65.0,63.5,64.1,+,0.1,436423,28041681.0,88000,0,-34,221000,0,623,133000,0,657
20251125,2017,官田鋼,8.37,8.45,8.32,8.4,,0.0,256867,2147583.0,89000,0,-1168,92000,0,2000,3000,0,3168
20251125,2537,聯上發,10.5,10.5,10.35,10.4,-,0.05,471055,4919569.0,88000,0,-761,171000,0,2000,83000,0,2761
20251125,1522,堤維西,48.8,48.8,47.8,47.8,-,0.35,897441,43170824.0,89870,-3259,341,311870,0,1511,222000,3259,1170
20251125,6838,台新藥,26.7,28.2,26.7,28.0,+,1.65,507916,14065095.0,86950,0,-1000,189000,0,0,102050,0,1000
20251125,6235,華孚,58.9,59.2,58.3,59.0,+,1.0,445866,26224828.0,85000,0,231,173000,0,231,88000,0,0
20251125,3708,上緯投控,106.0,107.5,103.5,106.0,+,1.5,823014,86736509.0,92000,0,-7443,273000,0,0,181000,0,7443
20251125,6923,中台,98.4,100.0,97.7,99.5,+,2.3,235847,23428121.0,83000,0,876,133000,0,1097,50000,0,221
20251125,00714,群益道瓊美國地產,20.14,20.18,20.14,20.18,+,0.02,291528,5881207.0,2000,0,80188,2000,0,286491,0,0,206303
20251125,6141,柏承,10.35,10.8,10.35,10.6,+,0.35,147001,1559350.0,87000,0,-5000,87000,0,0,0,0,5000
20251125,5244,弘凱,37.7,38.95,37.7,38.6,+,1.3,223035,8548846.0,81000,0,0,102000,0,0,21000,0,0
20251125,8222,寶一,41.2,42.5,41.2,42.1,+,1.3,953523,40084740.0,81000,0,0,353000,0,0,272000,0,0
20251125,6477,安集,33.6,34.25,33.45,33.95,+,0.7,245498,8314392.0,80000,0,0,137000,0,0,57000,0,0
20251125,6830,汎銓,151.5,153.5,151.0,153.0,+,5.0,186058,28394595.0,75520,0,4401,110000,0,5550,34480,0,1149
20251125,6405,悅城,24.55,25.15,24.55,24.65,+,0.3,182531,4541875.0,77000,0,1001,101000,0,2001,24000,0,1000
20251125,00939,統一台灣高息動能,13.82,13.86,13.77,13.81,+,0.02,3187558,44061946.0,-441000,0,518941,87000,0,1682000,528000,0,1163059
20251125,4540,全球傳動,34.2,34.5,34.0,34.35,+,0.7,393027,13482828.0,76000,0,0,196000,0,1000,120000,0,1000
20251125,2836,高雄銀,12.1,12.15,12.0,12.05,-,0.05,869030,10461273.0,61000,0,15000,330000,0,15000,269000,0,0
20251125,00908,富邦入息REITs+,13.57,13.59,13.57,13.59,+,0.03,86899,1180053.0,10000,0,65896,12000,0,67073,2000,0,1177
20251125,4576,大銀微系統,101.0,101.0,99.9,100.5,+,0.9,287369,28869177.0,75000,0,0,176000,0,2000,101000,0,2000
20251125,6854,錼創科技-KY創,130.0,130.5,128.5,129.0,-,0.5,271287,35132822.0,76000,0,-2018,123000,0,0,47000,0,2018
20251125,8429,金麗-KY,7.61,7.67,7.59,7.65,+,0.04,212742,1621024.0,73000,0,0,108000,0,0,35000,0,0
20251125,6168,宏齊,18.55,18.9,18.55,18.65,+,0.35,131075,2450476.0,73000,0,0,83000,0,0,10000,0,0
20251125,1446,宏和,17.7,17.85,17.5,17.7,+,0.15,115387,2041342.0,69000,0,4000,74000,0,5000,5000,0,1000
20251125,1806,冠軍,8.87,9.0,8.85,8.96,+,0.09,119541,1066973.0,74000,0,-1000,94000,0,0,20000,0,1000
20251125,6962,奕力-KY,39.15,39.6,38.9,38.9,+,0.1,1884385,73893998.0,71705,0,509,521081,0,2001,449376,0,1492
20251125,1437,勤益控,32.2,32.35,32.15,32.2,+,0.05,213592,6884368.0,72000,0,0,76000,0,0,4000,0,0
20251125,3022,威強電,62.6,63.9,62.6,63.8,+,1.5,260729,16542440.0,71000,0,998,168000,0,1000,97000,0,2
20251125,2453,凌群,52.0,52.1,51.4,51.9,+,0.6,274793,14210191.0,69000,0,1000,151000,0,1000,82000,0,0
20251125,6224,聚鼎,41.0,41.4,40.7,41.2,+,0.7,222902,9150506.0,71000,0,-2000,109000,0,1000,38000,0,3000
20251125,3346,麗清,18.2,18.65,18.2,18.3,+,0.2,223189,4105133.0,66650,0,2000,125288,0,2000,58638,0,0
20251125,3038,全台,20.1,20.4,20.05,20.3,+,0.2,125247,2537809.0,69000,0,-1000,81000,0,0,12000,0,1000
20251125,2062,橋椿,19.6,19.95,19.6,19.95,+,0.55,292227,5779675.0,138193,-75000,4622,180000,0,5000,41807,75000,378
20251125,6902,GOGOLOOK,80.0,81.9,79.6,81.0,+,1.5,162184,13144812.0,60000,0,7000,70000,0,7000,10000,0,0
20251125,6658,聯策,46.7,47.9,46.7,47.5,+,0.9,149079,7074130.0,67000,0,-1000,94000,0,0,27000,0,1000
20251125,8072,陞泰,30.8,30.8,30.45,30.7,+,0.4,142367,4351960.0,65000,0,556,94000,0,1000,29000,0,444
20251125,3311,閎暉,31.5,31.75,31.35,31.55,+,0.3,172937,5446831.0,66000,0,-503,86000,0,0,20000,0,503
20251125,3011,今皓,12.5,12.6,12.4,12.5,+,0.1,133338,1666136.0,65037,0,0,66037,0,0,1000,0,0
20251125,2530,華建,27.85,28.1,27.7,28.05,+,0.35,429884,11974582.0,104000,0,-40000,213000,0,50000,109000,0,90000
20251125,6799,來頡,73.8,75.8,73.8,75.0,+,2.5,226094,16943304.0,63050,0,-7,93050,0,0,30000,0,7
20251125,00903,富邦元宇宙,17.11,17.13,17.1,17.11,+,0.27,98762,1689691.0,3000,0,59618,4000,0,69182,1000,0,9564
20251125,2375,凱美,94.8,95.2,92.1,92.3,-,1.6,5878809,548083075.0,142000,0,-80116,1340000,0,6671,1198000,0,86787
20251125,3437,榮創,13.2,13.45,13.2,13.35,+,0.2,215967,2887931.0,62000,0,-1000,99000,0,0,37000,0,1000
20251125,8215,明基材,19.05,19.55,19.05,19.35,+,0.4,313493,6059168.0,61000,0,0,120000,0,0,59000,0,0
20251125,9934,成霖,9.59,9.69,9.59,9.68,+,0.11,190538,1837342.0,62000,0,-1000,119000,0,0,57000,0,1000
20251125,4585,達明,295.0,298.5,291.5,295.5,+,5.5,254746,75197430.0,60010,0,244,97010,0,244,37000,0,0
20251125,4555,氣立,40.8,41.5,40.55,41.1,+,0.95,114804,4728331.0,60000,0,0,71000,0,0,11000,0,0
20251125,2484,希華,19.95,20.2,19.9,20.1,+,0.4,138794,2779025.0,59000,0,0,70000,0,0,11000,0,0
20251125,4571,鈞興-KY,161.5,165.0,160.5,160.5,,0.0,200672,32629882.0,58000,0,878,93000,0,1000,35000,0,122
20251125,00943,兆豐電子高息等權,14.24,14.24,14.15,14.2,+,0.17,67467,960079.0,0,0,58560,0,0,64000,0,0,5440
20251125,2231,為升,96.1,104.5,96.1,102.0,+,6.5,2063435,206818050.0,-19000,0,76808,631000,0,138057,650000,0,61249
20251125,3046,建碁,46.65,48.1,46.65,47.45,+,1.3,166575,7903436.0,57000,0,776,82000,0,1001,25000,0,225
20251125,5222,全訊,128.5,130.5,127.5,129.5,+,1.5,260268,33555781.0,52990,0,4485,118000,0,7000,65010,0,2515
20251125,6472,保瑞,533.0,537.0,530.0,534.0,-,1.0,302751,161542305.0,26581,0,30534,95181,0,38743,68600,0,8209
20251125,00899,FT潔淨能源,19.68,19.7,19.66,19.68,+,0.15,142896,2811192.0,1000,0,54195,1000,0,85384,0,0,31189
20251125,2915,潤泰全,54.1,54.3,53.7,54.2,+,0.2,1221303,66011293.0,46473,-23000,30898,553473,0,42000,507000,23000,11102
20251125,6534,正瀚-創,95.0,95.0,89.5,89.6,-,2.7,444304,40083950.0,53000,0,857,92000,0,11000,39000,0,10143
20251125,7740,熙特爾-創,145.5,145.5,135.5,139.5,-,1.0,145263,20348090.0,55000,0,-2183,79000,0,6000,24000,0,8183
20251125,2228,劍麟,92.0,92.0,91.2,92.0,+,0.8,109753,10063757.0,52544,0,-134,79544,0,0,27000,0,134
20251125,2364,倫飛,67.3,68.2,67.0,68.2,+,1.4,229986,15528014.0,52300,0,0,71600,0,0,19300,0,0
20251125,1540,喬福,21.45,21.6,21.3,21.5,+,0.45,105114,2256825.0,52000,0,0,60000,0,0,8000,0,0
20251125,3031,佰鴻,18.6,18.85,18.6,18.75,+,0.3,128360,2406173.0,52000,0,0,69000,0,0,17000,0,0
20251125,1603,華電,37.5,37.8,37.25,37.65,+,0.6,177592,6657013.0,48000,0,3000,84000,0,3000,36000,0,0
20251125,00730,富邦臺灣優質高息,21.75,21.8,21.7,21.77,+,0.17,168086,3654875.0,6000,0,44792,7000,0,111111,1000,0,66319
20251125,5203,訊連,98.0,99.5,97.6,99.5,+,2.2,88087,8708586.0,45000,0,5373,58000,0,5374,13000,0,1
20251125,2516,新建,14.2,14.3,14.1,14.15,,0.0,120220,1705595.0,50000,0,0,62000,0,0,12000,0,0
20251125,1515,力山,27.25,27.6,27.1,27.55,+,0.5,81605,2230039.0,49300,0,0,55000,0,0,5700,0,0
20251125,1809,中釉,17.45,17.7,17.3,17.35,+,0.1,356458,6220716.0,49000,0,0,132000,0,0,83000,0,0
20251125,8103,瀚荃,72.5,77.0,70.1,75.4,+,4.4,2778307,205123226.0,43930,0,5018,860080,0,7018,816150,0,2000
20251125,3563,牧德,452.0,465.5,452.0,463.0,+,15.0,587134,270191559.0,34409,0,13769,245609,0,23339,211200,0,9570
20251125,6412,群電,91.6,91.6,90.0,90.0,-,0.9,319483,28912621.0,52000,-1418,-2427,197000,0,4160,145000,1418,6587
20251125,3257,虹冠電,60.0,60.7,59.7,60.0,+,0.6,248955,14978185.0,51000,0,-3000,104000,0,0,53000,0,3000
20251125,5471,松翰,32.85,33.3,32.85,33.15,+,0.3,90714,2999686.0,48000,0,-147,63000,0,0,15000,0,147
20251125,2417,圓剛,35.2,35.85,35.2,35.55,+,0.45,153175,5444278.0,46000,0,0,90000,0,0,44000,0,0
20251125,2929,淘帝-KY,8.02,8.12,8.0,8.08,+,0.06,126536,1018106.0,47000,0,-1000,53000,0,0,6000,0,1000
20251125,3583,辛耘,310.0,312.5,309.5,309.5,+,5.5,205503,63841365.0,44513,0,1259,93040,0,1629,48527,0,370
20251125,6589,台康生技,72.9,75.2,72.6,73.7,+,1.3,611089,45134126.0,44412,0,999,215412,0,1000,171000,0,1
20251125,8016,矽創,176.5,178.5,175.5,178.0,+,4.0,457247,80966235.0,45000,-668,1000,252000,0,1000,207000,668,0
20251125,00702,國泰標普低波高息,23.05,23.05,22.99,23.0,-,0.02,163152,3753881.0,0,0,45312,0,0,159312,0,0,114000
20251125,2250,IKKA-KY,73.6,73.7,72.6,73.7,+,1.4,75541,5528663.0,45000,0,0,47000,0,0,2000,0,0
20251125,00912,中信臺灣智慧50,20.1,20.34,20.1,20.22,+,0.26,208817,4219810.0,12000,0,31064,13000,0,154000,1000,0,122936
20251125,8045,達運光電,73.0,74.0,72.5,73.4,+,1.3,71113,5207151.0,43000,0,0,54000,0,0,11000,0,0
20251125,00971,野村美國研發龍頭,16.95,16.95,16.85,16.89,+,0.27,237924,4017249.0,-2000,0,44635,0,0,134101,2000,0,89466
20251125,3356,奇偶,47.5,47.5,46.45,47.05,+,0.2,228695,10713690.0,42000,0,0,78000,0,0,36000,0,0
20251125,6901,鑽石投資,16.6,16.7,16.4,16.7,+,0.3,274216,4535828.0,43000,0,-1000,150000,0,0,107000,0,1000
20251125,6155,鈞寶,36.6,36.6,33.1,33.8,-,2.2,1215676,42032357.0,41000,0,0,44000,0,0,3000,0,0
20251125,5285,界霖,51.8,52.0,50.5,50.9,+,0.95,254000,12985300.0,41000,0,0,129000,0,0,88000,0,0
20251125,6743,安普新,29.0,30.0,28.5,30.0,+,1.25,210679,6141683.0,41000,0,0,67000,0,4000,26000,0,4000
20251125,3532,台勝科,87.8,90.2,87.4,90.0,+,3.3,799159,71368740.0,8555,0,32282,223675,0,44675,215120,0,12393
20251125,6243,迅杰,27.45,27.8,27.3,27.65,+,0.45,77680,2134774.0,40000,0,0,44000,0,0,4000,0,0
20251125,6585,鼎基,89.1,91.4,88.1,88.5,+,1.0,103252,9204824.0,39000,0,59,61000,0,61,22000,0,2
20251125,4108,懷特,14.15,14.15,13.9,14.1,+,0.1,114504,1601795.0,33000,0,6000,34000,0,6000,1000,0,0
20251125,4119,旭富,47.85,48.7,47.45,48.7,+,1.25,139065,6700386.0,42000,0,-3000,71000,0,13000,29000,0,16000
20251125,3591,艾笛森,17.6,17.9,17.6,17.75,+,0.25,165438,2942332.0,40000,0,-1221,50000,0,1000,10000,0,2221
20251125,3052,夆典,11.35,11.35,11.25,11.25,-,0.05,260562,2943505.0,22000,0,16000,30000,0,16000,8000,0,0
20251125,1217,愛之味,10.3,10.35,10.25,10.25,-,0.05,271482,2795948.0,38000,0,0,56000,0,0,18000,0,0
20251125,6668,中揚光,37.8,37.9,36.85,37.25,+,0.55,154501,5793718.0,37950,0,0,67000,0,0,29050,0,0
20251125,2461,光群雷,15.1,15.25,15.05,15.05,-,0.05,178582,2700045.0,37000,0,0,82000,0,0,45000,0,0
20251125,3338,泰碩,47.15,48.2,47.15,47.6,+,0.7,139195,6633678.0,37000,0,-4,75000,0,0,38000,0,4
20251125,00920,富邦ESG綠色電力,17.49,17.72,17.49,17.61,+,0.16,449791,7946946.0,-387000,0,423992,0,0,425054,387000,0,1062
20251125,00739,元大MSCI A股,25.04,25.26,25.04,25.19,+,0.28,51981,1307796.0,3974,0,32961,4000,0,40076,26,0,7115
20251125,00731,復華富時高息低波,66.8,66.8,66.0,66.15,-,0.6,670516,44422276.0,-7000,0,43908,0,0,645000,7000,0,601092
20251125,2015,豐興,62.9,62.9,61.9,62.4,-,0.6,218813,13613590.0,33860,0,3000,84000,0,8000,50140,0,5000
20251125,6216,居易,25.8,26.2,25.8,26.2,+,0.4,51697,1344509.0,31000,0,5001,32000,0,5001,1000,0,0
20251125,7749,意騰-KY,408.5,417.0,404.0,407.0,+,3.0,259219,105941669.0,36406,0,-660,145006,0,41,108600,0,701
20251125,2020,美亞,22.9,23.05,22.9,23.0,+,0.1,154583,3548658.0,35600,0,0,79600,0,0,44000,0,0
20251125,4737,華廣,58.6,59.6,57.6,58.9,+,0.3,66079,3884501.0,34781,0,0,53000,0,0,18219,0,0
20251125,6128,上福,22.6,23.3,22.6,23.1,+,0.55,169686,3912753.0,36000,0,-1381,51000,0,1000,15000,0,2381
20251125,6416,瑞祺電通,77.0,78.0,76.8,77.3,+,1.3,84672,6540732.0,34000,0,0,62000,0,0,28000,0,0
20251125,7788,松川精密,106.0,109.5,106.0,108.0,+,3.0,66248,7156421.0,34000,0,0,38000,0,0,4000,0,0
20251125,2431,聯昌,11.15,11.3,11.1,11.15,+,0.1,167291,1874502.0,34000,0,-2,45000,0,0,11000,0,2
20251125,4572,駐龍,143.0,151.5,143.0,151.0,+,6.0,90377,13409342.0,33441,0,0,60000,0,0,26559,0,0
20251125,4764,雙鍵,52.9,55.7,51.8,55.7,+,5.0,256039,13807588.0,12000,0,21247,50000,0,23247,38000,0,2000
20251125,6689,伊雲谷,62.5,62.5,61.8,62.3,+,1.0,79839,4955344.0,32000,0,1019,53000,0,1019,21000,0,0
20251125,9908,大台北,29.95,30.1,29.95,30.1,,0.0,141175,4231256.0,33000,0,0,34000,0,0,1000,0,0
20251125,3015,全漢,51.3,52.5,51.3,51.8,+,1.0,261313,13540908.0,33012,-2591,2000,141000,0,2000,107988,2591,0
20251125,3530,晶相光,56.9,58.2,56.8,58.2,+,1.9,102185,5878020.0,32000,0,129,47000,0,129,15000,0,0
20251125,3494,誠研,7.95,8.15,7.8,8.0,+,0.05,98334,787839.0,31000,0,1000,31000,0,4000,0,0,3000
20251125,4755,三福化,101.0,101.0,98.2,99.1,-,0.1,87254,8639149.0,32000,0,0,41000,0,0,9000,0,0
20251125,6164,華興,9.6,9.6,9.53,9.55,+,0.01,105581,1009852.0,32000,0,0,32000,0,0,0,0,0
20251125,2033,佳大,15.7,15.7,15.05,15.65,+,0.1,72159,1120487.0,32000,0,0,36000,0,1000,4000,0,1000
20251125,00913,兆豐台灣晶圓製造,23.03,23.2,23.03,23.15,+,0.68,229364,5300692.0,1000,0,30681,1000,0,226681,0,0,196000
20251125,1432,大魯閣,17.6,17.7,17.3,17.6,,0.0,204240,3580789.0,32000,0,-947,52000,0,0,20000,0,947
20251125,1464,得力,10.95,10.95,10.85,10.95,,0.0,116741,1274893.0,33000,0,-2000,45000,0,0,12000,0,2000
20251125,6504,南六,43.0,43.85,43.0,43.35,-,0.05,87118,3775435.0,30000,0,0,40000,0,0,10000,0,0
20251125,3043,科風,20.15,21.25,20.15,20.4,+,0.5,131912,2734810.0,30000,0,0,41000,0,1000,11000,0,1000
20251125,3008,大立光,2160.0,2175.0,2145.0,2165.0,+,25.0,248272,536604810.0,36268,-4250,-2747,172629,2000,3627,136361,6250,6374
20251125,2536,宏普,25.7,25.75,25.5,25.75,-,0.05,99040,2537640.0,28000,0,0,31000,0,0,3000,0,0
20251125,3701,大眾控,29.55,30.65,29.55,30.35,+,0.95,300779,9113910.0,30000,0,-2000,98000,0,0,68000,0,2000
20251125,00645,富邦日本,46.25,46.27,45.87,45.98,-,0.27,614971,28376443.0,-94700,0,122536,5300,0,493000,100000,0,370464
20251125,3094,聯傑,23.0,23.65,23.0,23.65,+,0.85,123400,2867472.0,31000,0,-3982,52000,0,18,21000,0,4000
20251125,3518,柏騰,19.8,20.45,19.55,19.6,-,0.2,102357,2020689.0,27000,0,0,46000,0,0,19000,0,0
20251125,7791,皇家可口,72.7,73.2,72.4,72.9,+,0.7,83079,6054099.0,27000,0,0,30000,0,0,3000,0,0
20251125,4952,凌通,34.6,35.65,34.6,35.1,+,0.7,99622,3506487.0,27000,0,-372,47000,0,1000,20000,0,1372
20251125,3665,貿聯-KY,1605.0,1630.0,1430.0,1545.0,-,15.0,9397198,14268998085.0,1308206,-1250197,-31507,4839571,53803,179404,3531365,1304000,210911
20251125,3557,嘉威,35.5,35.6,34.4,35.3,+,0.1,96572,3388820.0,26000,0,0,42000,0,0,16000,0,0
20251125,4942,嘉彰,38.05,38.05,37.65,37.95,+,0.15,79070,2993808.0,23000,0,3000,40000,0,3000,17000,0,0
20251125,6776,展碁國際,50.2,50.7,50.1,50.4,+,0.3,83424,4197152.0,25000,0,1000,27000,0,1000,2000,0,0
20251125,6491,晶碩,310.0,311.5,308.0,311.0,+,3.0,142456,44175453.0,26000,0,0,83000,0,0,57000,0,0
20251125,2397,友通,61.3,61.7,61.1,61.7,+,1.1,81284,5001022.0,26000,0,0,36000,0,0,10000,0,0
20251125,2509,全坤建,14.4,14.55,14.4,14.5,+,0.1,54744,792102.0,26000,0,0,27000,0,0,1000,0,0
20251125,1517,利奇,11.25,11.25,11.1,11.15,,0.0,120253,1340185.0,26000,0,-23,53000,0,0,27000,0,23
20251125,00783,富邦中証500,23.27,23.81,23.27,23.68,+,0.55,239575,5634000.0,1000,0,24690,1000,0,235757,0,0,211067
20251125,6431,光麗-KY,20.65,20.65,20.0,20.65,+,1.85,2218951,45759777.0,25000,0,610,82000,0,610,57000,0,0
20251125,1463,強盛新,18.85,18.85,18.65,18.8,+,0.05,77632,1455264.0,25000,0,0,26000,0,0,1000,0,0
20251125,2243,宏旭-KY,10.6,11.15,10.6,11.15,+,0.6,94537,1029552.0,27000,0,-3000,27000,0,0,0,0,3000
20251125,6796,晉弘,87.5,92.9,87.5,91.9,+,4.1,88508,8048688.0,24000,0,0,27000,0,0,3000,0,0
20251125,5283,禾聯碩,59.6,60.6,59.6,60.0,+,0.5,51013,3063499.0,24000,0,0,36000,0,0,12000,0,0
20251125,9938,百和,55.6,55.6,54.7,54.7,-,0.4,682218,37514723.0,100000,0,-76019,310000,0,4289,210000,0,80308
20251125,4545,銘鈺,32.2,32.8,32.0,32.8,+,0.8,78279,2533232.0,23656,0,0,34700,0,0,11044,0,0
20251125,6215,和椿,100.0,102.0,100.0,101.0,+,2.2,609101,61631326.0,19070,0,4507,157070,0,5507,138000,0,1000
20251125,1617,榮星,14.2,14.2,13.9,13.9,-,0.2,148395,2077109.0,16000,0,7523,19000,0,11000,3000,0,3477
20251125,2497,怡利電,41.1,42.0,41.05,41.9,+,0.85,113071,4694922.0,22000,0,1000,63000,0,1000,41000,0,0
20251125,1110,東泥,16.55,16.65,16.45,16.65,+,0.1,132001,2182566.0,22000,0,1000,29000,0,2000,7000,0,1000
20251125,6598,ABC-KY,21.2,21.55,21.1,21.35,+,0.15,78487,1681483.0,23000,0,0,35000,0,1000,12000,0,1000
20251125,5269,祥碩,1210.0,1230.0,1185.0,1230.0,+,55.0,559648,676974860.0,928,0,22034,181749,0,35799,180821,0,13765
20251125,2545,皇翔,38.25,38.7,38.25,38.45,-,0.05,282246,10865286.0,21994,0,760,146000,0,1000,124006,0,240
20251125,6533,晶心科,274.0,276.0,268.5,271.0,-,2.0,584854,159218673.0,5605,0,16368,202576,0,32369,196971,0,16001
20251125,00947,台新臺灣IC設計,17.04,17.07,16.72,16.81,+,0.38,2290824,38623477.0,9000,0,12407,13000,0,1946188,4000,0,1933781
20251125,7799,禾榮科,540.0,546.0,530.0,537.0,-,6.0,168250,90708911.0,23000,0,-1898,67000,0,102,44000,0,2000
20251125,9935,慶豐富,20.2,20.4,20.2,20.3,,0.0,63114,1279761.0,21000,0,0,31000,0,0,10000,0,0
20251125,1219,福壽,13.7,13.7,13.5,13.55,-,0.15,117925,1595403.0,21000,0,0,21000,0,0,0,0,0
20251125,8162,微矽電子-創,33.3,34.05,33.3,33.5,-,0.1,55281,1862716.0,18000,0,2990,23000,0,19000,5000,0,16010
20251125,3596,智易,183.5,185.5,183.0,185.0,+,2.5,315181,58094781.0,20000,0,105,235000,0,4000,215000,0,3895
20251125,6142,友勁,9.06,9.12,9.03,9.09,+,0.03,129162,1169768.0,20000,0,0,48000,0,0,28000,0,0
20251125,5706,鳳凰,51.2,51.5,51.2,51.4,,0.0,53307,2740690.0,19000,0,1000,27000,0,1000,8000,0,0
20251125,2849,安泰銀,13.25,13.25,13.1,13.25,,0.0,49174,648867.0,20000,0,0,24000,0,0,4000,0,0
20251125,00921,兆豐龍頭等權重,17.12,17.16,17.02,17.07,+,0.04,69677,1191302.0,-4000,0,23829,0,0,43000,4000,0,19171
20251125,3041,揚智,24.4,25.4,24.4,24.9,+,0.65,620101,15344675.0,20000,0,-809,255000,0,191,235000,0,1000
20251125,9919,康那香,16.7,16.7,16.55,16.7,,0.0,79206,1318745.0,19000,0,0,23000,0,0,4000,0,0
20251125,8442,威宏-KY,68.2,70.0,68.2,69.8,+,1.6,36221,2501341.0,19000,0,0,26000,0,0,7000,0,0
20251125,2816,旺旺保,30.05,30.1,29.8,29.95,-,0.05,114504,3432679.0,13000,0,6000,15000,0,6000,2000,0,0
20251125,1506,正道,11.55,11.6,11.5,11.6,+,0.05,111431,1284433.0,19000,0,0,19000,0,0,0,0,0
20251125,6994,富威電力,86.9,88.0,86.7,88.0,+,1.2,87091,7602239.0,19000,0,-104,41000,0,60,22000,0,164
20251125,4583,台灣精銳,619.0,624.0,611.0,614.0,+,5.0,85734,52858120.0,18856,0,0,43131,0,0,24275,0,0
20251125,1707,葡萄王,128.0,128.5,128.0,128.5,+,0.5,40302,5166008.0,18522,0,0,22000,0,0,3478,0,0
20251125,3454,晶睿,84.2,84.8,83.7,84.6,+,0.7,99397,8385221.0,18000,0,0,41000,0,0,23000,0,0
20251125,6573,虹揚-KY,16.1,16.55,15.15,15.55,-,0.5,347955,5501126.0,16000,0,2000,27000,0,5000,11000,0,3000
20251125,8213,志超,32.9,33.0,32.6,32.95,+,0.3,122879,4027249.0,12000,0,5000,56000,0,5000,44000,0,0
20251125,6885,全福生技,28.95,29.35,28.7,29.3,+,0.4,116150,3367039.0,17000,0,0,43000,0,0,26000,0,0
20251125,6426,統新,65.7,67.2,65.7,66.9,+,1.5,53174,3546159.0,17000,0,0,26000,0,0,9000,0,0
20251125,4414,如興,10.35,10.6,10.3,10.55,+,0.25,144298,1505735.0,17000,0,0,24000,0,5000,7000,0,5000
20251125,1709,和益,16.55,16.8,16.3,16.6,+,0.1,323531,5345970.0,26000,0,-9000,38000,0,0,12000,0,9000
20251125,00861,元大全球未來通訊,52.3,52.85,52.3,52.8,+,0.95,93505,4935667.0,39220,0,-23011,40220,0,15000,1000,0,38011
20251125,5258,虹堡,65.6,65.6,63.8,63.8,-,0.3,101473,6548414.0,14000,0,2080,49000,0,2225,35000,0,145
20251125,6957,裕慶-KY,213.0,218.0,207.0,217.5,+,7.0,137695,29312008.0,16000,0,4,46000,0,4,30000,0,0
20251125,3138,耀登,83.4,86.0,83.4,86.0,+,2.6,46618,3965757.0,16000,0,0,27000,0,0,11000,0,0
20251125,1529,樂事綠能,18.8,18.9,18.65,18.75,+,0.2,181472,3408029.0,16000,0,0,54000,0,0,38000,0,0
20251125,2444,兆勁,10.55,10.75,10.45,10.55,,0.0,131937,1390520.0,16000,0,0,18000,0,0,2000,0,0
20251125,6117,迎廣,81.8,81.8,81.8,81.8,+,7.4,2290073,187327954.0,-14528,0,30055,9000,0,30055,23528,0,0
20251125,6706,惠特,81.3,85.8,80.6,85.8,+,6.1,3485312,290072686.0,8438,0,6950,741438,0,16925,733000,0,9975
20251125,2462,良得電,21.1,21.35,21.1,21.2,+,0.2,80672,1713025.0,15000,0,-45,23000,0,0,8000,0,45
20251125,2460,建通,14.9,14.9,14.55,14.7,+,0.3,124028,1817799.0,17000,0,-2198,33000,0,0,16000,0,2198
20251125,2436,偉詮電,44.2,44.85,44.15,44.5,+,0.75,409513,18211892.0,14000,0,477,166000,0,1477,152000,0,1000
20251125,3528,安馳,66.3,67.1,66.0,66.9,+,0.8,67890,4513188.0,14000,0,448,35000,0,1000,21000,0,552
20251125,3376,新日興,180.5,182.0,179.5,181.0,+,0.5,1293209,234167162.0,11000,29000,-25596,448000,29000,16333,437000,0,41929
20251125,1558,伸興,97.1,98.4,97.1,97.5,,0.0,48675,4767854.0,12000,0,2260,15000,0,12260,3000,0,10000
20251125,1233,天仁,31.2,31.55,31.2,31.55,+,0.55,20230,636975.0,0,0,14000,0,0,14000,0,0,0
20251125,1108,幸福,15.0,15.0,14.9,15.0,,0.0,182455,2724161.0,2000,0,12000,10000,0,12000,8000,0,0
20251125,4771,望隼,179.5,181.0,178.5,180.5,+,1.0,55730,10011127.0,14000,0,0,17000,0,0,3000,0,0
20251125,6861,睿生光電,57.3,57.5,56.7,56.9,+,0.6,48319,2750135.0,14000,0,0,21000,0,0,7000,0,0
20251125,3447,展達,50.8,52.5,50.6,52.2,+,1.8,302445,15721263.0,16000,0,-2047,100000,0,0,84000,0,2047
20251125,7610,聯友金屬-創,99.5,102.0,98.2,99.7,+,2.2,116853,11694116.0,14000,0,-761,32000,0,3239,18000,0,4000
20251125,7765,中華資安,270.0,275.0,269.0,273.5,+,3.5,37660,10248247.0,13000,0,0,14000,0,0,1000,0,0
20251125,6906,現觀科,86.9,88.0,85.6,88.0,+,0.9,39535,3435705.0,20000,-7000,0,21000,0,0,1000,7000,0
20251125,4426,利勤,10.05,10.05,9.95,10.0,+,0.02,45025,450307.0,13000,0,0,19000,0,0,6000,0,0
20251125,4560,強信-KY,31.65,31.7,31.3,31.7,+,0.3,60035,1886607.0,13000,0,0,39000,0,0,26000,0,0
20251125,2748,雲品,43.0,43.2,42.7,43.0,+,0.05,64025,2751923.0,13000,0,0,21000,0,0,8000,0,0
20251125,1733,五鼎,30.4,30.65,30.3,30.35,+,0.1,63217,1923254.0,13000,0,0,30000,0,0,17000,0,0
20251125,9925,新保,40.8,40.8,40.6,40.75,-,0.1,75148,3056361.0,13000,0,-10,35000,0,0,22000,0,10
20251125,2482,連宇,16.65,16.9,16.45,16.7,+,0.1,94064,1564262.0,12000,0,233,30000,0,2000,18000,0,1767
20251125,2023,燁輝,14.75,14.8,14.7,14.75,+,0.05,409645,6035022.0,12000,0,0,195000,0,0,183000,0,0
20251125,1338,廣華-KY,20.45,20.55,20.25,20.45,,0.0,51064,1042458.0,12000,0,0,26000,0,0,14000,0,0
20251125,6834,天二科技,27.9,27.95,27.4,27.45,-,0.25,202649,5601644.0,12000,0,0,46000,0,0,34000,0,0
20251125,00668,國泰美國道瓊,53.1,53.15,53.05,53.15,,0.0,137556,7302994.0,-1000,0,12789,0,0,128087,1000,0,115298
20251125,4137,麗豐-KY,97.8,99.2,97.7,99.1,+,1.4,73095,7204119.0,11297,0,405,31297,0,1000,20000,0,595
20251125,4588,玖鼎電力,59.9,60.3,59.7,60.3,+,0.8,29108,1746021.0,11000,0,0,18000,0,0,7000,0,0
20251125,6205,詮欣,38.1,38.5,37.8,37.95,-,0.05,61156,2324917.0,10000,0,1000,24000,0,1000,14000,0,0
20251125,8473,山林水,35.7,36.15,35.5,36.05,+,0.35,180116,6453641.0,7000,0,4000,68000,0,4000,61000,0,0
20251125,1416,廣豐,11.7,11.7,11.65,11.7,+,0.05,80696,943953.0,12000,0,-1000,13000,0,0,1000,0,1000
20251125,1451,年興,17.3,17.3,17.25,17.3,+,0.05,99557,1720314.0,11000,0,0,13000,0,0,2000,0,0
20251125,2514,龍邦,14.6,14.7,14.55,14.65,+,0.05,360767,5269832.0,0,0,10999,7000,0,11000,7000,0,1
20251125,6756,威鋒電子,73.6,75.5,73.6,74.6,+,0.9,79959,5955249.0,11000,0,-419,37000,0,0,26000,0,419
20251125,7722,LINEPAY,542.0,559.0,537.0,544.0,+,19.0,85385,46463751.0,10442,0,36,38442,0,36,28000,0,0
20251125,6526,達發,435.5,441.5,435.5,436.0,+,2.0,192930,84340618.0,11483,-1000,-139,100704,0,3000,89221,1000,3139
20251125,2528,皇普,29.5,29.5,29.0,29.25,-,0.25,594005,17334523.0,4200,0,6000,267200,0,6000,263000,0,0
20251125,6515,穎崴,2530.0,2565.0,2470.0,2515.0,+,40.0,1166464,2930981875.0,-4111,23000,-8705,408738,23000,18199,412849,0,26904
20251125,3040,遠見,53.7,53.8,53.1,53.6,-,0.1,190041,10177200.0,10000,0,0,17000,0,0,7000,0,0
20251125,8488,吉源-KY,10.2,10.2,10.15,10.15,-,0.1,20000,203950.0,10000,0,0,12000,0,0,2000,0,0
20251125,2440,太空梭,12.5,12.8,12.5,12.55,-,0.1,110300,1387487.0,7000,0,3000,8000,0,3000,1000,0,0
20251125,2028,威致,15.55,15.55,15.4,15.4,-,0.1,34404,531740.0,11000,0,-1000,13000,0,0,2000,0,1000
20251125,1225,福懋油,30.45,30.95,30.45,30.8,+,0.3,31381,964921.0,10000,0,0,21000,0,0,11000,0,0
20251125,8374,羅昇,77.3,78.6,76.6,76.7,+,0.4,154879,11993989.0,9000,0,896,51000,0,1000,42000,0,104
20251125,6949,沛爾生醫-創,353.5,365.5,353.5,362.5,+,9.5,76695,27481715.0,10000,0,-172,21000,0,0,11000,0,172
20251125,00733,富邦臺灣中小,44.5,44.8,44.41,44.57,+,0.37,429422,19128284.0,-12000,0,21238,4000,0,279047,16000,0,257809
20251125,3588,通嘉,45.35,46.75,45.0,45.2,+,0.6,141638,6483571.0,9000,0,38,47000,0,38,38000,0,0
20251125,4133,亞諾法,22.65,22.7,22.6,22.65,,0.0,39986,904907.0,8000,0,1000,10000,0,1000,2000,0,0
20251125,4720,德淵,13.7,13.85,13.65,13.7,+,0.05,82332,1130737.0,9000,0,0,16000,0,0,7000,0,0
20251125,6281,全國電,62.8,63.3,62.8,63.3,+,0.5,38555,2426438.0,9000,0,0,11000,0,0,2000,0,0
20251125,1218,泰山,18.05,18.1,18.0,18.1,,0.0,186225,3361074.0,-1000,0,10000,50000,0,10000,51000,0,0
20251125,1760,寶齡富錦,65.5,66.5,65.5,66.4,+,0.7,50091,3304924.0,9000,0,0,17000,0,0,8000,0,0
20251125,1474,弘裕,11.75,11.75,11.65,11.7,,0.0,19840,231958.0,4000,0,5000,5000,0,5000,1000,0,0
20251125,2505,國揚,19.25,19.3,18.8,18.9,,0.0,184278,3521043.0,8000,0,1000,40000,0,1000,32000,0,0
20251125,6969,成信實業*-創,30.0,30.15,29.85,29.85,-,0.65,61005,1829799.0,12000,0,-3001,12000,0,0,0,0,3001
20251125,6715,嘉基,85.5,86.0,85.5,86.0,+,0.5,15568,1331701.0,8624,0,118,11000,0,118,2376,0,0
20251125,5534,長虹,77.3,77.3,75.9,75.9,-,1.0,232297,17719433.0,12000,0,-3613,62000,0,5000,50000,0,8613
20251125,6024,群益期,49.0,49.25,48.9,49.25,+,0.25,164837,8085769.0,8000,0,0,13000,0,0,5000,0,0
20251125,3679,新至陞,114.5,114.5,113.5,114.0,,0.0,18332,2090170.0,8000,0,0,11000,0,0,3000,0,0
20251125,3321,同泰,17.5,17.75,16.9,17.4,+,0.6,128023,2213800.0,7000,0,1000,14000,0,4000,7000,0,3000
20251125,6771,平和環保-創,48.6,48.6,46.55,47.0,+,0.3,58392,2744165.0,0,0,8000,6000,0,16000,6000,0,8000
20251125,7750,新代,717.0,717.0,699.0,708.0,+,5.0,82803,58377508.0,8000,0,0,28000,0,0,20000,0,0
20251125,2007,燁興,7.1,7.11,7.03,7.11,+,0.02,109445,775885.0,9000,0,-1000,9000,0,0,0,0,1000
20251125,1234,黑松,37.75,37.75,37.65,37.75,+,0.05,31932,1203852.0,4000,0,4000,10000,0,4000,6000,0,0
20251125,3504,揚明光,49.0,49.35,48.5,48.65,+,0.1,60273,2942740.0,8000,0,-113,26000,0,37,18000,0,150
20251125,6698,旭暉應材,30.2,30.2,29.45,29.95,+,0.45,29196,867354.0,9000,0,-1182,15000,0,0,6000,0,1182
20251125,00875,國泰網路資安,38.8,38.86,38.8,38.81,+,0.27,18756,728690.0,0,0,7730,0,0,11000,0,0,3270
20251125,00652,富邦印度,37.68,37.68,37.5,37.5,-,0.18,130466,4902400.0,2000,0,5280,2000,0,26508,0,0,21228
20251125,3130,一零四,226.5,226.5,225.0,225.5,-,1.0,29306,6618820.0,7241,0,0,22000,0,0,14759,0,0
20251125,3669,圓展,27.95,27.95,27.7,27.9,+,0.15,38000,1056250.0,7000,0,0,12000,0,0,5000,0,0
20251125,4106,雃博,21.8,21.95,21.8,21.95,+,0.1,35492,777043.0,6000,0,1000,7000,0,1000,1000,0,0
20251125,5525,順天,28.25,28.3,28.0,28.25,+,0.05,24693,694570.0,3000,0,4000,4000,0,4000,1000,0,0
20251125,7736,虎山,91.0,91.5,91.0,91.2,+,1.0,17200,1566438.0,7000,0,0,8000,0,0,1000,0,0
20251125,7705,三商餐飲,40.1,40.25,40.05,40.1,+,0.05,17768,712825.0,7000,0,0,8000,0,0,1000,0,0
20251125,9937,全國,57.4,57.4,56.7,56.7,-,0.4,39002,2216413.0,7000,0,0,8000,0,0,1000,0,0
20251125,1220,台榮,12.35,12.4,12.3,12.4,+,0.05,41276,509283.0,7000,0,0,8000,0,0,1000,0,0
20251125,2025,千興,9.01,9.1,9.01,9.07,+,0.01,30657,277601.0,6000,0,1000,6000,0,1000,0,0,0
20251125,1537,廣隆,123.0,124.0,123.0,123.5,,0.0,37524,4633040.0,7000,0,0,17000,0,0,10000,0,0
20251125,6719,力智,203.0,203.0,196.5,197.5,-,2.5,288320,57254153.0,6000,0,252,79000,0,2069,73000,0,1817
20251125,3057,喬鼎,13.85,14.2,13.55,14.0,+,0.45,118844,1648332.0,9000,0,-3000,19000,0,2000,10000,0,5000
20251125,9942,茂順,103.5,104.5,103.5,104.5,+,1.0,38872,4039097.0,6000,0,0,9000,0,0,3000,0,0
20251125,9905,大華,19.95,20.05,19.85,19.95,,0.0,54208,1080460.0,6000,0,0,6000,0,0,0,0,0
20251125,6914,阜爾運通,147.5,148.0,147.0,147.5,-,0.5,17372,2561569.0,6000,0,0,7000,0,0,1000,0,0
20251125,2471,資通,50.2,50.2,49.7,49.7,-,0.15,60581,3022215.0,6000,0,0,18000,0,0,12000,0,0
20251125,1459,聯發,11.8,11.85,11.55,11.85,,0.0,121506,1429295.0,6000,0,0,9000,0,0,3000,0,0
20251125,1460,宏遠,5.67,5.67,5.59,5.67,,0.0,194614,1097702.0,5000,0,1000,13000,0,1000,8000,0,0
20251125,1413,宏洲,10.0,10.1,9.98,10.1,+,0.05,217100,2171040.0,6000,0,0,10000,0,0,4000,0,0
20251125,00771,元大US高息特別股,16.03,16.07,16.02,16.07,+,0.04,21527,345623.0,0,0,6000,0,0,6000,0,0,0
20251125,2236,百達-KY,89.7,90.5,88.8,88.8,-,0.8,183925,16493345.0,5983,0,0,26983,0,0,21000,0,0
20251125,2233,宇隆,193.5,196.5,190.5,196.0,+,7.5,428312,83296686.0,-7000,0,12969,98000,0,15169,105000,0,2200
20251125,4916,事欣科,45.6,46.75,45.4,46.0,+,1.05,2781854,128540040.0,4322,0,1542,864322,0,1544,860000,0,2
20251125,00917,中信特選金融,23.57,23.61,23.56,23.6,+,0.03,122135,2882406.0,-1000,0,6713,0,0,112000,1000,0,105287
20251125,4562,穎漢,36.2,36.2,35.15,35.45,+,0.05,152884,5431796.0,5000,0,290,76000,0,1000,71000,0,710
20251125,3004,豐達科,103.0,105.0,103.0,105.0,+,2.0,154768,16101964.0,5000,0,100,60000,0,100,55000,0,0
20251125,2906,高林,13.15,13.3,13.15,13.3,+,0.15,58446,773472.0,6000,0,-1000,7000,0,0,1000,0,1000
20251125,2904,匯僑,17.05,17.05,16.95,17.0,,0.0,20200,342900.0,5000,0,0,5000,0,0,0,0,0
20251125,5007,三星,53.5,53.8,53.2,53.8,+,0.3,1043175,54812475.0,5000,0,0,6000,0,0,1000,0,0
20251125,4190,佐登-KY,30.35,30.5,30.35,30.4,,0.0,29889,910235.0,5000,0,0,6000,0,0,1000,0,0
20251125,6916,華凌,17.0,17.05,16.9,16.95,+,0.05,20000,339700.0,5000,0,0,6000,0,0,1000,0,0
20251125,9914,美利達,90.0,90.8,89.5,90.4,+,1.0,656619,59255609.0,7000,0,-2000,441000,0,1000,434000,0,3000
20251125,8466,美吉吉-KY,22.9,22.9,22.15,22.65,+,0.35,39575,886993.0,5000,0,0,7000,0,1000,2000,0,1000
20251125,2012,春雨,15.0,15.1,15.0,15.05,,0.0,40628,610121.0,5000,0,0,6000,0,0,1000,0,0
20251125,2488,漢平,45.35,45.35,44.7,45.05,+,0.3,105026,4738055.0,2000,0,3000,43000,0,4000,41000,0,1000
20251125,1445,大宇,13.8,14.0,13.5,13.95,+,0.05,29594,406959.0,6000,0,-1000,7000,0,1000,1000,0,2000
20251125,2426,鼎元,15.2,15.6,15.2,15.6,+,0.35,285025,4424717.0,5000,0,-1,79000,0,0,74000,0,1
20251125,6958,日盛台駿,16.15,16.25,16.1,16.25,+,0.15,17034,275097.0,4680,0,0,7000,0,0,2320,0,0
20251125,2636,台驊控股,65.7,66.1,65.4,65.6,+,0.1,148117,9730084.0,3985,0,403,54000,0,1200,50015,0,797
20251125,3406,玉晶光,461.5,462.0,448.0,453.0,-,6.0,1009952,457831043.0,-177267,191000,-9504,314400,192000,23573,491667,1000,33077
20251125,3229,晟鈦,15.2,15.4,14.85,15.15,+,0.05,52023,788799.0,4000,0,0,4000,0,1000,0,0,1000
20251125,6794,向榮生技,72.5,78.9,72.0,78.8,+,7.0,109225,8218048.0,16000,0,-12000,18000,0,0,2000,0,12000
20251125,6525,捷敏-KY,74.3,75.0,74.0,74.7,+,0.7,80151,5969438.0,4000,0,0,22000,0,0,18000,0,0
20251125,7730,暉盛-創,80.1,82.0,80.1,82.0,+,2.8,12020,975389.0,4000,0,0,4000,0,0,0,0,0
20251125,2420,新巨,49.2,49.45,49.05,49.25,+,0.4,72909,3589619.0,20000,0,-16000,31000,0,0,11000,0,16000
20251125,1726,永記,75.8,75.8,75.2,75.8,,0.0,12185,920640.0,4000,0,0,4000,0,0,0,0,0
20251125,1598,岱宇,21.8,22.35,21.7,22.35,+,0.5,109472,2413449.0,6000,0,-2000,32000,0,0,26000,0,2000
20251125,4104,佳醫,81.9,82.3,81.8,82.0,-,0.4,148266,12153145.0,3780,0,-96,23000,0,6000,19220,0,6096
20251125,6862,三集瑞-KY,162.5,164.5,158.0,158.5,-,1.0,184213,29483157.0,4000,0,-421,33000,0,0,29000,0,421
20251125,2038,海光,13.3,13.4,13.25,13.3,+,0.1,118082,1572226.0,4201,0,-1000,46000,0,0,41799,0,1000
20251125,2115,六暉-KY,25.15,25.15,24.85,25.05,-,0.15,11754,294019.0,3000,0,0,3000,0,0,0,0,0
20251125,1752,南光,37.55,37.7,37.55,37.6,+,0.05,19717,741170.0,3000,0,0,4000,0,0,1000,0,0
20251125,2483,百容,19.1,19.3,19.0,19.0,-,0.1,64703,1233198.0,3000,0,0,4000,0,0,1000,0,0
20251125,2701,萬企,11.2,11.2,11.15,11.2,,0.0,16927,189024.0,3000,0,0,4000,0,0,1000,0,0
20251125,2706,第一店,13.0,13.05,12.95,13.05,,0.0,19587,254853.0,3000,0,0,6000,0,0,3000,0,0
20251125,9944,新麗,16.75,16.85,16.65,16.85,,0.0,29920,501517.0,3000,0,0,3000,0,0,0,0,0
20251125,9946,三發地產,16.5,16.95,16.5,16.95,+,0.4,117410,1969477.0,7000,0,-4000,33000,0,3000,26000,0,7000
20251125,8463,潤泰材,25.8,25.9,25.7,25.9,+,0.25,17028,439725.0,3000,0,0,4000,0,0,1000,0,0
20251125,8487,愛爾達-創,76.5,77.3,75.2,76.0,-,0.2,24511,1857981.0,5000,0,-2000,5000,0,6000,0,0,8000
20251125,8201,無敵,14.4,14.4,14.05,14.25,-,0.15,48743,690895.0,0,0,3000,9000,0,3000,9000,0,0
20251125,8367,建新國際,43.95,44.05,43.95,44.0,-,0.1,36000,1583750.0,3000,0,0,4000,0,0,1000,0,0
20251125,4930,燦星網,21.7,21.85,21.7,21.8,+,0.15,14948,324798.0,3000,0,0,3000,0,0,0,0,0
20251125,2923,鼎固-KY,20.15,20.15,20.15,20.15,,0.0,5760,115949.0,3000,0,0,4000,0,0,1000,0,0
20251125,2910,統領,21.0,21.15,21.0,21.15,-,0.05,8000,168450.0,3000,0,0,4000,0,0,1000,0,0
20251125,6277,宏正,61.4,61.4,61.1,61.2,-,0.2,20830,1276296.0,3000,0,-90,4000,0,0,1000,0,90
20251125,1762,中化生,24.5,24.5,24.35,24.5,,0.0,33845,827268.0,3000,0,-106,4000,0,0,1000,0,106
20251125,9906,欣巴巴,45.25,45.95,45.25,45.8,-,0.1,9250,421515.0,2000,0,210,5000,0,1210,3000,0,1000
20251125,6645,金萬林-創,18.6,18.7,18.35,18.6,,0.0,12311,227902.0,2000,0,98,2000,0,3098,0,0,3000
20251125,8499,鼎炫-KY,238.0,245.0,238.0,243.5,+,7.0,22543,5461863.0,3000,0,-924,9000,0,90,6000,0,1014
20251125,9943,好樂迪,61.4,61.4,60.9,61.1,+,0.2,17698,1080736.0,2000,0,0,3000,0,0,1000,0,0
20251125,9926,新海,49.4,49.7,49.4,49.7,,0.0,3201,158782.0,2000,0,0,2000,0,0,0,0,0
20251125,9918,欣天然,39.65,39.75,39.4,39.75,+,0.1,11013,436960.0,2000,0,0,2000,0,0,0,0,0
20251125,7631,聚賢研發-創,124.0,125.0,123.5,125.0,-,2.0,13001,1614138.0,1000,0,1000,1000,0,8000,0,0,7000
20251125,6952,大武山,43.0,43.0,42.5,42.5,-,0.55,15519,662825.0,2000,0,0,3000,0,0,1000,0,0
20251125,6928,攸泰科技,48.0,49.8,48.0,49.2,+,1.5,141406,6954576.0,2000,0,0,52000,0,0,50000,0,0
20251125,6136,富爾特,23.35,23.6,23.3,23.5,+,0.15,96788,2262057.0,2000,0,0,10000,0,0,8000,0,0
20251125,4569,六方科-KY,145.5,148.0,145.0,147.5,+,3.5,10654,1560308.0,2000,0,0,4000,0,0,2000,0,0
20251125,3716,中化控股,34.1,34.4,34.0,34.1,-,0.1,100800,3441483.0,-8000,0,10000,6000,0,10000,14000,0,0
20251125,2945,三商家購,37.8,37.8,37.5,37.5,-,0.5,31250,1175491.0,2000,0,0,2000,0,0,0,0,0
20251125,1731,美吾華,21.8,21.9,21.75,21.9,+,0.1,41804,913177.0,2000,0,0,3000,0,0,1000,0,0
20251125,1525,江申,64.4,64.8,63.3,64.8,-,0.1,23207,1485406.0,2000,0,0,2000,0,7000,0,0,7000
20251125,1465,偉全,12.8,12.8,12.7,12.8,,0.0,44736,569392.0,2000,0,0,3000,0,0,1000,0,0
20251125,1468,昶和,11.4,11.45,11.25,11.4,,0.0,39000,442350.0,2000,0,0,2000,0,0,0,0,0
20251125,1457,宜進,16.05,16.1,16.0,16.1,+,0.05,78215,1255061.0,2000,0,0,7000,0,0,5000,0,0
20251125,1516,川飛,19.5,20.55,19.25,20.4,+,1.2,204116,4080571.0,1000,0,1000,4000,0,1000,3000,0,0
20251125,2008,高興昌,28.2,28.45,28.0,28.45,+,0.3,15481,434795.0,2000,0,0,2000,0,0,0,0,0
20251125,2707,晶華,190.0,190.5,189.5,190.5,+,1.0,53113,10098629.0,-1000,0,3000,14000,0,4000,15000,0,1000
20251125,2430,燦坤,23.4,23.55,23.4,23.55,+,0.15,10150,238873.0,-1000,0,3000,2000,0,3000,3000,0,0
20251125,1109,信大,15.5,15.5,15.4,15.5,,0.0,35779,552889.0,2000,0,0,6000,0,0,4000,0,0
20251125,1410,南染,34.2,34.55,34.0,34.5,,0.0,13004,446381.0,2000,0,0,2000,0,0,0,0,0
20251125,1438,三地開發,33.4,33.4,33.35,33.35,-,0.25,6100,203589.0,2000,0,0,4000,0,0,2000,0,0
20251125,1439,雋揚,28.15,28.15,26.95,26.95,-,0.25,12000,325200.0,2000,0,0,2000,0,0,0,0,0
20251125,2227,裕日車,56.2,56.2,55.5,56.0,-,0.7,27937,1564020.0,1981,0,0,7000,0,0,5019,0,0
20251125,2348,海悅,80.1,81.1,79.7,80.2,+,0.8,153041,12298777.0,3000,0,-1331,75000,0,189,72000,0,1520
20251125,2029,盛餘,20.15,20.3,20.1,20.3,,0.0,79043,1595142.0,1000,0,182,12000,0,1000,11000,0,818
20251125,6464,台數科,77.3,78.3,77.3,78.3,,0.0,18113,1413910.0,0,0,1003,1000,0,5003,1000,0,4000
20251125,6606,建德工業,25.0,25.2,25.0,25.2,+,0.4,26250,659122.0,1000,0,0,2000,0,0,1000,0,0
20251125,6792,詠業,50.8,51.3,50.8,51.3,+,0.3,3630,185199.0,1000,0,0,1000,0,0,0,0,0
20251125,3164,景岳,18.4,18.55,18.3,18.4,+,0.05,13343,245407.0,1000,0,0,2000,0,0,1000,0,0
20251125,4807,日成-KY,18.0,18.25,17.8,17.8,+,0.15,9001,161861.0,1000,0,0,2000,0,0,1000,0,0
20251125,4994,傳奇,94.4,95.9,94.4,95.5,+,1.0,8001,762095.0,1000,0,0,2000,0,0,1000,0,0
20251125,5292,華懋,145.5,145.5,143.5,144.0,,0.0,21786,3150716.0,1000,0,0,6000,0,0,5000,0,0
20251125,6183,關貿,96.1,96.1,96.1,96.1,+,0.1,1093,105063.0,1000,0,0,1000,0,0,0,0,0
20251125,2901,欣欣,24.65,24.75,24.5,24.55,-,0.3,6195,152596.0,1000,0,0,1000,0,0,0,0,0
20251125,6936,永鴻生技,34.3,34.5,34.3,34.3,+,0.1,27377,941745.0,1000,0,0,3000,0,0,2000,0,0
20251125,7732,金興精密,38.8,39.0,38.6,38.65,+,0.05,15000,581100.0,1000,0,0,1000,0,0,0,0,0
20251125,6887,寶綠特-KY,61.0,62.2,61.0,62.2,-,0.3,5195,318347.0,1000,0,0,1000,0,0,0,0,0
20251125,9929,秋雨,9.99,10.35,9.99,10.3,+,0.3,10341,104042.0,2000,0,-1000,2000,0,0,0,0,1000
20251125,8481,政伸,40.6,40.7,40.6,40.65,+,0.05,16075,653914.0,1000,0,0,8000,0,0,7000,0,0
20251125,8482,商億-KY,46.4,46.4,45.9,46.4,+,0.45,6086,281070.0,2000,0,-1000,3000,0,0,1000,0,1000
20251125,9912,偉聯,11.8,11.9,11.75,11.9,-,0.05,7888,93192.0,1000,0,0,1000,0,0,0,0,0
20251125,2024,志聯,16.25,16.25,16.25,16.25,,0.0,1019,16554.0,1000,0,0,1000,0,0,0,0,0
20251125,1452,宏益,11.55,11.65,11.55,11.6,,0.0,55851,647100.0,2000,0,-1000,3000,0,0,1000,0,1000
20251125,1521,大億,25.0,25.0,24.2,24.2,-,0.15,8098,196789.0,1000,0,0,1000,0,0,0,0,0
20251125,1530,亞崴,26.75,26.8,26.6,26.8,-,0.25,15443,413273.0,1000,0,0,2000,0,0,1000,0,0
20251125,1541,錩泰,23.65,23.65,23.5,23.5,+,0.2,6531,153457.0,1000,0,0,1000,0,0,0,0,0
20251125,1614,三洋電,34.05,34.25,34.0,34.1,,0.0,23754,811272.0,-1000,0,2000,5000,0,2000,6000,0,0
20251125,1583,程泰,46.0,46.0,45.8,45.8,-,0.15,8000,367000.0,1000,0,0,2000,0,0,1000,0,0
20251125,2496,卓越,68.2,69.1,67.8,68.2,,0.0,30114,2054909.0,1000,0,0,2000,0,1000,1000,0,1000
20251125,2506,太設,9.6,9.6,9.5,9.57,+,0.02,78846,754754.0,1000,0,0,4000,0,0,3000,0,0
20251125,2477,美隆電,23.2,23.2,23.0,23.05,+,0.1,39435,910755.0,1000,0,0,9000,0,0,8000,0,0
20251125,2450,神腦,29.0,29.0,28.85,28.9,-,0.05,25282,730743.0,1000,0,0,4000,0,0,3000,0,0
20251125,2712,遠雄來,18.7,18.75,18.7,18.75,+,0.05,3000,56150.0,1000,0,0,2000,0,0,1000,0,0
20251125,1342,八貫,84.5,84.7,84.1,84.2,-,0.3,81104,6852530.0,1000,0,0,13000,0,0,12000,0,0
20251125,1323,永裕,19.6,19.6,19.5,19.6,,0.0,21666,423153.0,1000,0,0,2000,0,0,1000,0,0
20251125,2013,中鋼構,40.45,40.85,40.45,40.7,+,0.1,29504,1199250.0,1000,0,-16,4000,0,1000,3000,0,1016
20251125,0051,元大中型100,86.85,87.3,86.6,87.3,+,1.55,47980,4174714.0,3000,0,-2140,3000,0,9000,0,0,11140
20251125,6582,申豐,32.5,32.8,32.3,32.6,+,0.3,19033,617759.0,1000,0,-154,6000,0,0,5000,0,154
20251125,2548,華固,100.5,100.5,99.1,99.9,-,0.6,240837,23997754.0,-5412,0,5885,109580,0,6550,114992,0,665
20251125,2702,華園,11.55,11.55,11.5,11.55,,0.0,12802,147563.0,1000,0,-1000,2000,0,0,1000,0,1000
20251125,2069,運錩,15.75,15.85,15.7,15.8,+,0.05,109557,1727966.0,-10000,0,10000,9000,0,11000,19000,0,1000
20251125,2254,巨鎧精密-創,59.2,59.2,59.2,59.2,+,0.2,1003,59368.0,0,0,0,0,0,1000,0,0,1000
20251125,2373,震旦行,57.0,57.5,56.8,57.0,-,0.4,17984,1024409.0,0,0,0,2000,0,0,2000,0,0
20251125,1805,寶徠,12.05,12.25,12.0,12.0,-,0.2,28463,343209.0,1000,0,-1000,7000,0,0,6000,0,1000
20251125,1527,鑽全,33.35,33.35,32.7,32.95,-,0.45,96043,3160810.0,0,0,0,17000,0,0,17000,0,0
20251125,1453,大將,12.15,12.25,12.1,12.25,+,0.2,23141,281241.0,1000,0,-1000,2000,0,0,1000,0,1000
20251125,1456,怡華,12.15,12.55,12.15,12.55,+,0.3,12200,150900.0,1000,0,-1000,2000,0,0,1000,0,1000
20251125,1475,業旺,37.2,37.2,36.9,37.2,,0.0,18013,668483.0,0,0,0,2000,0,0,2000,0,0
20251125,1203,味王,39.7,39.7,39.4,39.7,+,0.05,4056,160690.0,1000,0,-1000,2000,0,0,1000,0,1000
20251125,1324,地球,10.45,10.5,10.45,10.45,,0.0,15495,162232.0,0,0,0,1000,0,0,1000,0,0
20251125,1235,興泰,48.3,48.3,48.3,48.3,+,0.55,2226,107267.0,0,0,0,1000,0,0,1000,0,0
20251125,1423,利華,38.6,38.65,38.5,38.65,-,0.2,18707,720693.0,0,0,0,3000,0,0,3000,0,0
20251125,1443,立益物流,27.55,27.55,27.55,27.55,-,0.05,1014,27922.0,0,0,0,1000,0,0,1000,0,0
20251125,6581,鋼聯,110.0,110.0,110.0,110.0,,0.0,2034,223735.0,0,0,0,1000,0,0,1000,0,0
20251125,6666,羅麗芬-KY,45.1,45.1,44.35,44.75,+,0.75,5401,241003.0,0,0,0,1000,0,0,1000,0,0
20251125,6226,光鼎,6.74,6.74,6.55,6.58,,0.0,76131,502892.0,0,0,0,4000,0,0,4000,0,0
20251125,5533,皇鼎,14.45,14.45,14.45,14.45,+,0.05,8113,117198.0,0,0,0,3000,0,0,3000,0,0
20251125,5538,東明-KY,29.05,29.2,29.05,29.2,-,0.05,5184,150772.0,0,0,0,1000,0,0,1000,0,0
20251125,3021,鴻名,16.75,17.0,16.7,16.85,+,0.2,29349,492560.0,0,0,0,5000,0,0,5000,0,0
20251125,8411,福貞-KY,12.5,12.5,12.35,12.45,,0.0,33963,421668.0,-1000,0,1000,3000,0,1000,4000,0,0
20251125,9931,欣高,33.8,33.8,33.8,33.8,-,0.1,1000,33800.0,0,0,0,1000,0,0,1000,0,0
20251125,6951,青新-創,73.2,73.2,72.8,72.9,,0.0,8752,638045.0,0,0,0,1000,0,0,1000,0,0
20251125,1735,日勝化,14.5,14.5,14.5,14.5,+,0.1,1058,15339.0,0,0,-5,1000,0,0,1000,0,5
20251125,4999,鑫禾,23.45,23.5,23.3,23.3,-,0.15,26152,611036.0,-1000,0,267,1000,0,1000,2000,0,733
20251125,5215,科嘉-KY,37.75,37.9,37.3,37.45,-,0.3,12000,449750.0,-1000,0,0,1000,0,0,2000,0,0
20251125,4581,光隆精密-KY,53.8,53.8,53.3,53.5,-,0.3,6032,322913.0,-1000,0,0,1000,0,0,2000,0,0
20251125,3308,聯德,14.4,14.55,14.35,14.45,-,0.05,27747,400811.0,0,0,-1000,4000,0,0,4000,0,1000
20251125,3054,立萬利,23.2,23.2,22.65,23.05,+,0.3,8123,186647.0,-1000,0,0,0,0,0,1000,0,0
20251125,4148,全宇生技-KY,39.6,40.25,39.55,40.25,+,0.05,19155,764986.0,-1000,0,0,1000,0,0,2000,0,0
20251125,4441,振大環球,270.5,270.5,267.0,268.5,-,2.5,32222,8646618.0,-1000,0,0,3000,0,0,4000,0,0
20251125,2911,麗嬰房,4.35,4.35,4.35,4.35,,0.0,30339,132388.0,-1000,0,0,0,0,0,1000,0,0
20251125,9928,中視,18.05,18.05,17.75,17.9,+,0.2,55301,990766.0,0,0,-1000,0,0,0,0,0,1000
20251125,9136,巨騰-DR,7.12,7.12,7.09,7.12,,0.0,35066,249163.0,-1000,0,0,0,0,0,1000,0,0
20251125,1776,展宇,14.8,14.9,14.8,14.9,,0.0,5000,74400.0,-1000,0,0,0,0,0,1000,0,0
20251125,1472,三洋實業,90.9,91.1,90.9,91.1,-,0.3,3060,278471.0,-1000,0,0,0,0,0,1000,0,0
20251125,1512,瑞利,7.7,7.73,7.65,7.69,+,0.04,35025,268209.0,-1000,0,0,2000,0,0,3000,0,0
20251125,1454,台富,12.95,13.0,12.9,13.0,+,0.05,12781,165424.0,-1000,0,0,2000,0,0,3000,0,0
20251125,2414,精技,41.0,41.0,40.85,40.95,,0.0,23116,946340.0,-1000,0,0,3000,0,0,4000,0,0
20251125,2424,隴華,34.3,36.5,34.2,35.1,-,0.2,21107,736237.0,-3000,0,2000,2000,0,2000,5000,0,0
20251125,2314,台揚,22.35,23.4,22.35,23.4,+,2.1,189903,4421696.0,-1000,0,0,0,0,0,1000,0,0
20251125,2030,彰源,13.8,13.8,13.7,13.8,,0.0,51470,707416.0,-1000,0,0,3000,0,0,4000,0,0
20251125,2433,互盛電,47.85,47.9,47.85,47.9,+,0.05,18325,877189.0,-1000,0,0,2000,0,0,3000,0,0
20251125,2434,統懋,32.35,32.45,31.1,31.4,-,0.45,88276,2785991.0,-1000,0,0,8000,0,0,9000,0,0
20251125,2739,寒舍,35.35,35.75,35.25,35.6,+,0.3,33676,1195152.0,-1000,0,0,8000,0,2000,9000,0,2000
20251125,1418,東華,20.0,20.0,19.95,19.95,-,0.05,6208,123956.0,-1000,0,0,2000,0,0,3000,0,0
20251125,1315,達新,64.8,64.8,64.4,64.4,-,0.4,2011,129923.0,-1000,0,0,0,0,0,1000,0,0
20251125,1103,嘉泥,13.8,13.8,13.6,13.7,-,0.05,201505,2757942.0,-1000,0,0,48000,0,0,49000,0,0
20251125,6988,威力暘-創,14.55,14.55,14.45,14.45,+,0.15,2001,29015.0,0,0,-1001,0,0,0,0,0,1001
20251125,1817,凱撒衛,38.5,38.85,38.4,38.4,-,0.25,52202,2013421.0,-8000,0,6998,5000,0,20000,13000,0,13002
20251125,1730,花仙子,52.4,53.3,52.4,52.8,+,0.2,44433,2350282.0,0,0,-1164,3000,0,11000,3000,0,12164
20251125,1436,華友聯,61.4,61.8,60.6,61.3,-,0.4,93632,5718398.0,-1085,0,-204,32915,0,0,34000,0,204
20251125,3062,建漢,23.55,24.1,23.3,23.35,+,0.15,2161878,51060191.0,12000,0,-13369,695000,0,4000,683000,0,17369
20251125,2107,厚生,23.75,23.8,23.65,23.75,,0.0,48502,1149930.0,-900,0,-1000,6000,0,0,6900,0,1000
20251125,2032,新鋼,14.1,14.2,13.9,14.0,,0.0,148040,2074810.0,-2000,0,0,26000,0,0,28000,0,0
20251125,2415,錩新,26.1,26.15,25.8,26.0,+,0.3,97086,2526295.0,2000,0,-4000,12000,0,0,10000,0,4000
20251125,2380,虹光,4.59,4.59,4.52,4.52,+,0.02,93534,427515.0,-2000,0,0,0,0,0,2000,0,0
20251125,1615,大山,47.55,47.85,47.35,47.55,,0.0,33531,1592436.0,-2000,0,0,6000,0,0,8000,0,0
20251125,1737,臺鹽,31.9,31.9,31.7,31.75,-,0.15,20816,661190.0,-2000,0,0,3000,0,0,5000,0,0
20251125,1535,中宇,54.7,54.7,54.2,54.4,+,0.1,14227,775838.0,-2000,0,0,2000,0,0,4000,0,0
20251125,1467,南緯,6.97,6.98,6.95,6.98,+,0.02,24305,169325.0,0,0,-2000,3000,0,0,3000,0,2000
20251125,1232,大統益,145.5,145.5,144.0,144.5,-,1.0,37225,5374304.0,-2000,0,0,8000,0,0,10000,0,0
20251125,4935,茂林-KY,40.6,41.0,40.6,40.65,+,0.3,30224,1228707.0,-2000,0,0,1000,0,0,3000,0,0
20251125,5531,鄉林,9.02,9.05,9.0,9.05,-,0.01,143419,1294331.0,0,0,-2000,14000,0,0,14000,0,2000
20251125,6201,亞弘電,56.1,57.0,55.9,56.5,+,0.4,27001,1514061.0,-2000,0,0,2000,0,0,4000,0,0
20251125,6835,圓裕,39.05,39.65,38.95,39.15,+,0.4,29017,1136879.0,-2000,0,0,10000,0,0,12000,0,0
20251125,6955,邦睿生技-創,161.0,162.0,161.0,161.5,+,0.5,7251,1168838.0,0,0,-2000,0,0,1000,0,0,3000
20251125,1906,寶隆,12.1,12.1,12.0,12.05,,0.0,19345,232591.0,-1000,0,-1001,2000,0,0,3000,0,1001
20251125,0053,元大電子,130.15,130.15,129.2,129.8,+,1.95,11747,1522632.0,-1000,0,-1273,0,0,3,1000,0,1276
20251125,9958,世紀鋼,139.5,141.0,138.0,139.0,+,0.5,1070548,149355643.0,-9118,0,6798,427882,0,27000,437000,0,20202
20251125,8438,昶昕,28.05,28.45,28.05,28.45,+,0.4,30001,847480.0,-3000,0,0,3000,0,0,6000,0,0
20251125,5288,豐祥-KY,136.0,136.5,135.0,135.5,,0.0,57576,7820767.0,-4000,0,1000,7000,0,1000,11000,0,0
20251125,3432,台端,13.8,14.15,13.8,13.95,+,0.1,22462,315399.0,-3000,0,0,0,0,0,3000,0,0
20251125,4439,冠星-KY,107.5,108.0,105.5,108.0,,0.0,40672,4337743.0,-4000,0,1000,3000,0,1000,7000,0,0
20251125,1531,高林股,11.5,11.65,11.4,11.65,+,0.15,32738,375657.0,-1000,0,-2000,3000,0,0,4000,0,2000
20251125,2459,敦吉,66.4,66.7,66.0,66.5,+,0.1,40234,2671992.0,-3000,0,0,4000,0,0,7000,0,0
20251125,1321,大洋,36.0,36.35,35.85,36.0,+,0.1,214003,7706908.0,-3000,0,0,36000,0,0,39000,0,0
20251125,1236,宏亞,25.0,25.3,24.5,24.7,+,0.1,109166,2685569.0,-3000,0,0,3000,0,0,6000,0,0
20251125,1256,鮮活果汁-KY,136.0,137.5,136.0,136.0,+,1.0,13245,1807678.0,-3000,0,0,1000,0,0,4000,0,0
20251125,00736,國泰新興市場,27.34,27.34,27.23,27.27,+,0.12,104926,2857324.0,0,0,-3000,0,0,101000,0,0,104000
20251125,00851,台新全球AI,54.05,54.05,53.7,54.05,+,0.4,8385,451769.0,0,0,-3000,0,0,0,0,0,3000
20251125,6579,研揚,108.0,108.0,107.5,108.0,+,0.5,82361,8873686.0,-4000,0,882,16000,0,1014,20000,0,132
20251125,1532,勤美,27.25,27.3,26.9,27.1,-,0.15,493090,13347769.0,-5000,-5192,7008,155000,0,7008,160000,5192,0
20251125,2404,漢唐,785.0,790.0,773.0,780.0,+,10.0,1192003,932789169.0,270129,-286393,12790,619231,5000,53181,349102,291393,40391
20251125,6115,鎰勝,46.75,46.75,46.45,46.6,+,0.3,36791,1712347.0,-1000,0,-2520,7000,0,0,8000,0,2520
20251125,5306,桂盟,90.0,91.0,90.0,90.3,+,0.5,46713,4222845.0,-4000,0,0,16000,0,0,20000,0,0
20251125,6655,科定,102.0,104.5,102.0,104.5,-,0.5,9000,933500.0,-4000,0,0,2000,0,0,6000,0,0
20251125,6754,匯僑設計,46.35,46.55,46.35,46.55,+,0.2,16118,748815.0,-4000,0,0,0,0,0,4000,0,0
20251125,2109,華豐,15.2,15.2,15.1,15.15,-,0.05,29880,452345.0,-4000,0,0,4000,0,0,8000,0,0
20251125,2442,新美齊,23.65,24.0,23.55,23.95,+,0.45,306732,7302047.0,-4000,0,0,109000,0,0,113000,0,0
20251125,2432,倚天酷碁-創,25.65,26.25,25.65,26.25,+,0.6,20001,518976.0,2000,0,-6000,2000,0,3000,0,0,9000
20251125,0057,富邦摩台,177.65,177.65,177.0,177.1,+,2.15,13305,2356157.0,0,0,-4200,0,0,8017,0,0,12217
20251125,2616,山隆,13.55,13.6,13.5,13.6,+,0.05,41739,566106.0,-5000,0,0,4000,0,0,9000,0,0
20251125,1714,和桐,8.15,8.19,8.11,8.14,-,0.01,704223,5730055.0,-2000,0,-3000,239000,0,0,241000,0,3000
20251125,1526,日馳,16.95,16.95,16.6,16.7,+,0.1,17267,288605.0,-5000,0,0,1000,0,0,6000,0,0
20251125,6924,榮惠-KY創,58.0,58.0,54.4,55.9,,0.0,18000,1001200.0,-1000,0,-4000,1000,0,6000,2000,0,10000
20251125,7711,永擎,256.0,271.0,254.0,266.5,+,12.0,915897,242856475.0,-5000,0,0,75000,0,0,80000,0,0
20251125,8940,新天地,19.9,20.2,19.75,19.95,+,0.05,46668,928605.0,-5000,0,0,2000,0,0,7000,0,0
20251125,6641,基士德-KY,19.5,19.5,19.1,19.45,-,0.15,31647,611862.0,2000,0,-7000,2000,0,1000,0,0,8000
20251125,6674,鋐寶科技,20.4,20.8,20.15,20.25,,0.0,50106,1018995.0,-5000,0,0,8000,0,1000,13000,0,1000
20251125,4934,太極,11.95,12.2,11.75,12.1,+,0.4,544453,6558890.0,-4000,0,-1000,130000,0,3000,134000,0,4000
20251125,5546,永固-KY,24.15,24.15,22.7,22.7,-,1.05,49030,1127462.0,-5000,0,0,2000,0,0,7000,0,0
20251125,6423,億而得-創,74.5,76.3,74.0,75.8,+,1.6,57253,4298558.0,2000,0,-7002,6000,0,13000,4000,0,20002
20251125,8341,日友,79.6,80.0,79.1,79.7,+,0.1,65458,5212093.0,-5000,0,-152,13000,0,0,18000,0,152
20251125,6790,永豐實,38.1,38.1,37.8,38.05,,0.0,77348,2932934.0,-5000,0,-234,16000,0,0,21000,0,234
20251125,1783,和康生,42.5,43.0,42.1,42.5,+,0.5,28512,1211644.0,-6000,0,3,3000,0,3,9000,0,0
20251125,1466,聚隆,14.5,14.6,14.25,14.6,+,0.1,74104,1067895.0,-6000,0,0,15000,0,0,21000,0,0
20251125,5907,大洋-KY,5.48,5.48,5.44,5.45,-,0.01,132701,724559.0,-6000,0,0,14000,0,0,20000,0,0
20251125,7721,微程式,46.5,47.05,45.05,46.5,,0.0,22743,1048855.0,-6000,0,0,3000,0,0,9000,0,0
20251125,2642,宅配通,26.35,26.4,26.0,26.3,+,0.1,54799,1437355.0,-7100,0,1000,6000,0,1000,13100,0,0
20251125,6671,三能-KY,35.7,35.7,35.5,35.5,-,0.2,33765,1201421.0,-6000,0,-555,0,0,0,6000,0,555
20251125,3026,禾伸堂,106.5,107.5,103.0,104.0,-,1.5,2934383,306030753.0,-8001,0,1260,738000,0,6000,746001,0,4740
20251125,2762,世界健身-KY,79.8,80.1,79.1,79.9,+,0.1,29436,2351176.0,-7000,0,0,3000,0,0,10000,0,0
20251125,2722,夏都,28.3,28.6,28.25,28.55,+,0.3,26664,757795.0,-3000,0,-4000,1000,0,0,4000,0,4000
20251125,1539,巨庭,17.0,17.0,16.7,16.8,,0.0,30180,505678.0,-7000,0,0,2000,0,0,9000,0,0
20251125,00972,野村日本動能高息,17.25,17.25,17.12,17.19,-,0.06,103780,1783608.0,0,0,-7885,0,0,67000,0,0,74885
20251125,1604,聲寶,24.75,24.75,24.6,24.65,-,0.1,27786,684413.0,-8000,0,0,1000,0,0,9000,0,0
20251125,2704,國賓,43.85,43.9,43.35,43.6,-,0.25,121318,5299029.0,-8000,0,0,45000,0,0,53000,0,0
20251125,6184,大豐電,46.7,47.15,46.45,46.6,-,0.1,65193,3037237.0,-8000,0,0,13000,0,0,21000,0,0
20251125,3652,精聯,28.55,29.15,28.25,29.0,+,0.15,42538,1214768.0,-8000,0,0,3000,0,2000,11000,0,2000
20251125,9910,豐泰,129.0,129.5,125.5,126.0,-,4.0,690149,87657924.0,-8308,0,223,423998,0,1000,432306,0,777
20251125,2239,英利-KY,31.05,31.6,30.7,31.4,+,0.5,153003,4771497.0,-9000,0,6,12000,0,1006,21000,0,1000
20251125,3419,譁裕,12.5,12.65,12.25,12.6,+,0.1,135839,1684757.0,-9000,0,0,4000,0,0,13000,0,0
20251125,3296,勝德,19.55,19.8,19.55,19.8,+,0.3,36369,715610.0,-9000,0,0,3000,0,0,12000,0,0
20251125,4770,上品,208.0,209.5,205.0,207.0,+,1.0,141785,29336824.0,-8000,0,-1315,48000,0,1011,56000,0,2326
20251125,2247,汎德永業,290.0,294.0,289.0,293.0,+,4.0,74336,21670160.0,-10744,0,1182,12256,0,1182,23000,0,0
20251125,2608,嘉里大榮,34.0,34.0,33.5,33.55,-,0.45,76457,2568373.0,-19000,0,9391,13000,0,11000,32000,0,1609
20251125,6206,飛捷,93.8,95.5,93.8,94.6,+,1.6,347881,32898392.0,-7000,-1305,-1417,107000,0,1972,114000,1305,3389
20251125,1339,昭輝,46.2,46.2,45.15,45.15,+,0.35,31687,1443053.0,-2000,0,-8000,5000,0,0,7000,0,8000
20251125,00660,元大歐洲50,39.73,39.83,39.73,39.83,-,0.15,20674,822496.0,0,0,-10000,0,0,5000,0,0,15000
20251125,6202,盛群,36.65,36.85,36.2,36.6,+,0.15,382141,13955993.0,-7961,0,-2578,141039,0,1002,149000,0,3580
20251125,2328,廣宇,46.7,46.95,46.15,46.35,+,0.35,2439301,113631797.0,-31000,0,20214,764000,0,51000,795000,0,30786
20251125,6230,尼得科超眾,108.5,109.5,107.5,108.5,+,0.5,63541,6907666.0,-11000,0,148,21000,0,1150,32000,0,1002
20251125,8443,阿瘦,11.0,11.0,10.85,10.9,-,0.1,34532,376821.0,-11000,0,0,1000,0,0,12000,0,0
20251125,2423,固緯,52.6,52.7,52.0,52.0,,0.0,41323,2160996.0,-11000,0,0,12000,0,0,23000,0,0
20251125,1533,車王電,32.0,32.6,31.35,31.75,+,0.25,77270,2456462.0,-9000,0,-2000,18000,0,1000,27000,0,3000
20251125,1589,永冠-KY,17.2,17.5,17.05,17.1,-,0.05,492348,8481553.0,-12000,0,520,261000,0,3000,273000,0,2480
20251125,3653,健策,2675.0,2690.0,2585.0,2595.0,-,10.0,1393731,3647766645.0,-52916,68758,-27646,449811,102000,30992,502727,33242,58638
20251125,9911,櫻花,83.7,84.0,83.5,83.5,-,0.1,86626,7249076.0,-12000,0,138,24000,0,1000,36000,0,862
20251125,1473,台南,24.3,24.35,23.3,24.25,+,0.05,79152,1902471.0,-12000,0,0,6000,0,2000,18000,0,2000
20251125,8476,台境*,18.0,18.0,17.85,17.85,-,0.15,61636,1103536.0,-13000,0,0,4000,0,0,17000,0,0
20251125,5284,jpp-KY,279.0,282.5,272.0,278.0,+,7.0,1575296,436874814.0,22956,0,-35996,481000,0,13941,458044,0,49937
20251125,6873,泓德能源,93.0,94.4,92.6,93.8,+,0.4,429489,40156204.0,-14000,0,954,166000,0,1785,180000,0,831
20251125,00964,中信亞太高股息,11.25,11.29,11.22,11.25,+,0.06,1112452,12514103.0,30000,0,-43915,30000,0,981112,0,0,1025027
20251125,1471,首利,8.4,8.86,8.4,8.8,+,0.4,193325,1664826.0,-17000,0,3000,22000,0,5000,39000,0,2000
20251125,2476,鉅祥,87.7,87.7,85.9,86.6,+,0.5,557755,48395514.0,-3098,0,-11861,184902,0,2000,188000,0,13861
20251125,2524,京城,42.0,43.1,41.6,42.55,+,0.55,246335,10523017.0,-15000,0,0,56000,0,0,71000,0,0
20251125,1626,艾美特-KY,12.5,12.5,12.2,12.45,-,0.05,176168,2175639.0,-15000,0,0,11000,0,3000,26000,0,3000
20251125,2908,特力,20.4,20.4,20.25,20.4,,0.0,383354,7802401.0,-16000,0,1000,10000,0,1000,26000,0,0
20251125,4736,泰博,125.0,125.5,123.5,123.5,-,1.5,122914,15282913.0,-19000,0,4000,28000,0,5000,47000,0,1000
20251125,6446,藥華藥,486.0,491.0,482.5,487.5,,0.0,1204538,587064250.0,-12387,0,-2852,533518,0,3231,545905,0,6083
20251125,3003,健和興,47.0,47.35,46.6,46.95,+,0.3,124059,5816953.0,-16905,0,1437,35000,0,1465,51905,0,28
20251125,3150,鈺寶-創,17.2,17.5,17.15,17.35,+,0.2,30632,527947.0,-8000,0,-7609,1000,0,12392,9000,0,20001
20251125,3092,鴻碩,14.9,15.25,14.2,14.7,-,0.1,182543,2704141.0,-15000,0,-1000,25000,0,0,40000,0,1000
20251125,2439,美律,103.0,103.0,101.5,102.5,+,1.0,912218,93437148.0,-14899,-1376,-219,485000,0,4698,499899,1376,4917
20251125,1725,元禎,26.3,26.95,26.1,26.1,+,0.25,110093,2905879.0,-14000,0,-3000,12000,0,3000,26000,0,6000
20251125,9930,中聯資源,72.6,72.6,71.9,71.9,-,0.7,86473,6229738.0,-18000,0,1000,7000,0,1000,25000,0,0
20251125,00876,元大全球5G,46.9,47.23,46.9,47.17,+,1.15,157675,7429381.0,20721,0,-37847,41721,0,22000,21000,0,59847
20251125,8467,波力-KY,152.5,152.5,147.5,148.5,-,1.0,44565,6667766.0,-17000,0,-147,5000,0,19,22000,0,166
20251125,4440,宜新實業,18.3,18.5,18.0,18.3,+,0.25,154200,2805210.0,-17000,0,-1000,8000,0,1000,25000,0,2000
20251125,4155,訊映,14.85,14.85,14.7,14.8,,0.0,66832,986211.0,-18000,0,0,17000,0,0,35000,0,0
20251125,2705,六福,16.55,16.55,16.4,16.5,+,0.15,109423,1798814.0,-18000,0,0,6000,0,0,24000,0,0
20251125,00690,兆豐藍籌30,41.25,41.33,41.05,41.22,+,0.59,545496,22473499.0,61000,0,-79812,75000,0,344166,14000,0,423978
20251125,3006,晶豪科,83.6,84.0,81.5,81.6,+,0.9,5214677,430965254.0,-70110,0,51133,1306890,0,149790,1377000,0,98657
20251125,3686,達能,17.4,18.1,17.3,17.4,+,0.1,137946,2404774.0,-19000,0,1,39000,0,1001,58000,0,1000
20251125,3266,昇陽,13.5,13.5,13.35,13.5,,0.0,51101,685053.0,-18000,0,-1000,4000,0,0,22000,0,1000
20251125,6695,芯鼎,42.75,43.15,42.45,42.85,+,1.0,222446,9507775.0,-19000,0,0,81000,0,0,100000,0,0
20251125,00657,國泰日經225,57.6,57.65,57.1,57.15,-,0.45,637352,36688117.0,0,0,-19844,0,0,612032,0,0,631876
20251125,1732,毛寶,28.95,28.95,28.55,28.75,-,0.25,77064,2213338.0,-20000,0,0,11000,0,0,31000,0,0
20251125,4960,誠美材,13.3,13.3,13.1,13.2,+,0.1,307153,4064763.0,-21000,0,0,104000,0,0,125000,0,0
20251125,2546,根基,89.5,89.5,88.4,88.8,-,0.7,74958,6643224.0,-20000,0,-1000,7000,0,0,27000,0,1000
20251125,1337,再生-KY,4.85,4.89,4.82,4.85,+,0.02,134662,653718.0,-20000,0,-1000,14000,0,0,34000,0,1000
20251125,8462,柏文,157.5,158.5,155.5,156.0,-,2.0,55722,8716040.0,-21000,0,-1,9000,0,0,30000,0,1
20251125,3416,融程電,143.5,146.0,143.0,146.0,+,3.5,213821,31020484.0,-24000,0,2321,73000,0,6059,97000,0,3738
20251125,4164,承業醫,39.0,39.35,38.95,39.3,+,0.35,384812,15078834.0,-11000,0,-11000,149000,0,5000,160000,0,16000
20251125,6863,永道-KY,112.0,113.5,111.0,111.5,+,0.5,127560,14297033.0,-24000,0,1907,38000,0,2000,62000,0,93
20251125,6552,易華電,24.25,24.65,24.05,24.05,+,0.05,65795,1606907.0,-23000,0,0,14000,0,0,37000,0,0
20251125,2248,華勝-KY,49.7,49.9,49.25,49.55,-,0.45,52047,2576995.0,-6000,0,-18000,0,0,12000,6000,0,30000
20251125,00678,群益那斯達克生技,34.43,34.64,34.43,34.61,+,0.29,283675,9817715.0,1000,0,-25251,1000,0,215069,0,0,240320
20251125,00737,國泰AI機器人,34.62,34.73,34.61,34.61,+,0.45,86775,3006922.0,23000,0,-47273,24000,0,5000,1000,0,52273
20251125,6965,中傑-KY,77.1,77.1,75.0,75.6,-,0.4,45000,3411600.0,-27000,0,2000,3000,0,2000,30000,0,0
20251125,9917,中保科,107.5,107.5,106.5,107.0,-,0.5,282683,30199167.0,-22115,-3000,0,61725,0,0,83840,3000,0
20251125,1455,集盛,7.76,7.78,7.7,7.72,-,0.05,243407,1883144.0,-25000,0,-527,43000,0,2000,68000,0,2527
20251125,4438,廣越,84.0,84.0,82.0,82.6,-,1.3,110810,9182428.0,-28000,0,2000,25000,0,2000,53000,0,0
20251125,1340,勝悅-KY,7.1,7.22,7.0,7.05,-,0.03,139240,981540.0,-30000,0,3000,8000,0,4000,38000,0,1000
20251125,2535,達欣工,61.6,62.2,61.6,62.0,+,0.4,178580,11045206.0,-27000,0,-3,69000,0,0,96000,0,3
20251125,3705,永信,55.8,56.3,55.7,56.1,+,0.3,141177,7912525.0,-27000,0,-76,38000,0,56,65000,0,132
20251125,1907,永豐餘,27.5,27.5,27.15,27.3,-,0.45,1155680,31549272.0,-34961,0,6000,367030,0,14000,401991,0,8000
20251125,9103,美德醫療-DR,4.6,4.65,4.5,4.6,+,0.02,374699,1715822.0,-29000,0,0,6000,0,0,35000,0,0
20251125,00956,中信日經高股息,10.86,10.86,10.77,10.8,-,0.08,193932,2096714.0,-14000,0,-15384,1000,0,127000,15000,0,142384
20251125,7780,大研生醫*,182.0,185.5,180.0,180.0,-,2.0,308822,56246218.0,-30000,0,0,51000,0,0,81000,0,0
20251125,9927,泰銘,66.3,67.8,66.3,67.8,+,1.1,292659,19647496.0,70839,0,-101000,166556,0,6000,95717,0,107000
20251125,2491,吉祥全,13.55,14.65,13.5,14.65,+,1.3,1327664,19324917.0,-30000,0,-1000,11000,0,3000,41000,0,4000
20251125,8163,達方,30.6,30.85,30.45,30.65,+,0.2,582764,17859065.0,-27000,-3853,-544,268000,0,2025,295000,3853,2569
20251125,1417,嘉裕,9.04,9.07,8.75,8.85,-,0.19,347943,3082709.0,-30000,0,-2000,16000,0,1000,46000,0,3000
20251125,1723,中碳,75.1,75.1,72.8,72.8,-,2.3,1138929,83732934.0,-32000,0,0,225000,0,0,257000,0,0
20251125,1773,勝一,134.5,136.0,134.0,134.5,+,0.5,101173,13634899.0,-35107,0,-81,18000,0,0,53107,0,81
20251125,2207,和泰車,621.0,621.0,593.0,602.0,-,16.0,333777,201079064.0,-36876,-3000,3960,196069,0,8175,232945,3000,4215
20251125,4976,佳凌,31.1,31.95,31.05,31.1,+,0.45,367923,11589419.0,-36000,0,0,116000,0,0,152000,0,0
20251125,9924,福興,53.0,53.5,52.7,53.4,-,0.1,162138,8617267.0,-32000,0,-5000,29000,0,14000,61000,0,19000
20251125,0055,元大MSCI金融,29.68,29.68,29.49,29.52,-,0.16,142254,4210087.0,-45000,0,7784,0,0,38000,45000,0,30216
20251125,3617,碩天,199.0,200.0,197.5,199.5,+,3.5,229233,45552635.0,-31000,0,-7199,97000,0,3000,128000,0,10199
20251125,6192,巨路,101.0,102.0,100.5,101.0,+,0.5,236602,23951861.0,110000,0,-150000,118000,0,1000,8000,0,151000
20251125,5234,達興材料,316.5,319.0,316.0,318.0,+,5.0,272722,86673453.0,-55435,0,15158,95565,0,17273,151000,0,2115
20251125,4551,智伸科,113.5,116.0,112.0,113.5,+,2.0,280718,31955576.0,-39000,0,-2197,80000,0,3000,119000,0,5197
20251125,6112,邁達特,47.8,48.05,47.1,47.1,-,0.2,427207,20270532.0,-43000,0,1183,137000,0,4156,180000,0,2973
20251125,1734,杏輝,30.75,30.9,30.6,30.65,-,0.15,106384,3265034.0,-42000,0,0,16000,0,0,58000,0,0
20251125,8464,億豐,371.5,374.0,367.0,371.5,-,2.0,433918,161058066.0,-141373,87000,11295,263699,87000,11448,405072,0,153
20251125,6214,精誠,120.5,121.0,119.5,120.5,,0.0,348941,41918924.0,-43312,0,-592,91875,0,1000,135187,0,1592
20251125,2465,麗臺,52.5,53.2,52.1,52.4,+,0.1,221119,11627684.0,-865,0,-44000,45031,0,0,45896,0,44000
20251125,4557,永新-KY,72.8,73.4,71.6,71.7,-,0.2,355596,25742898.0,-45000,0,0,70000,0,0,115000,0,0
20251125,6931,青松健康,60.8,62.9,60.5,62.5,+,1.7,2090132,130169885.0,-46000,0,0,59000,0,0,105000,0,0
20251125,2342,茂矽,28.65,29.6,28.6,29.2,+,1.15,1548094,45234268.0,-46000,0,-18,413000,0,0,459000,0,18
20251125,1201,味全,14.95,15.0,14.8,14.85,-,0.1,263985,3930958.0,-47000,0,699,14000,0,1000,61000,0,301
20251125,1720,生達,63.9,63.9,62.7,63.0,-,0.5,590960,37227141.0,-47000,0,0,203000,0,0,250000,0,0
20251125,3501,維熹,47.6,47.6,47.3,47.45,-,0.15,76117,3607443.0,-51000,0,3098,9000,0,4000,60000,0,902
20251125,6197,佳必琪,141.5,142.0,139.0,139.5,-,0.5,463806,64975190.0,-48399,0,-470,129000,0,4000,177399,0,4470
20251125,2206,三陽工業,62.5,62.5,61.5,61.7,-,0.4,325995,20126832.0,-46000,-3000,-194,103000,0,0,149000,3000,194
20251125,6937,天虹,212.0,212.5,208.5,210.0,+,2.0,164822,34770008.0,-36000,-13000,-365,38000,0,2017,74000,13000,2382
20251125,5521,工信,14.15,14.85,14.15,14.8,+,0.75,4694874,68103866.0,-62000,0,12000,1796000,0,12000,1858000,0,0
20251125,3167,大量,201.5,203.5,198.0,198.0,+,1.0,8029054,1612049356.0,-93000,18000,24253,1938000,18000,35000,2031000,0,10747
20251125,6782,視陽,177.0,179.0,175.5,176.5,-,0.5,127201,22466022.0,-51000,0,17,39000,0,1074,90000,0,1057
20251125,00762,元大全球AI,82.0,82.55,82.0,82.2,+,1.9,476406,39153422.0,52750,0,-104007,59000,0,143000,6250,0,247007
20251125,4766,南寶,326.5,326.5,319.0,321.0,-,0.5,164037,52752695.0,-53579,0,-822,46000,0,5063,99579,0,5885
20251125,6757,台灣虎航,66.8,66.9,66.1,66.7,+,0.4,686362,45576951.0,-63995,18000,-9826,329005,18000,2003,393000,0,11829
20251125,9802,鈺齊-KY,109.0,112.0,109.0,110.0,-,0.5,1469358,162322190.0,-80621,20000,3466,614379,20000,27410,695000,0,23944
20251125,4961,天鈺,138.5,140.5,137.5,137.5,-,1.0,721713,99908720.0,280749,-339000,1049,436000,0,10206,155251,339000,9157
20251125,9939,宏全,124.0,125.0,123.5,124.5,+,1.0,359169,44682189.0,-67159,10000,-241,122995,10000,0,190154,0,241
20251125,1786,科妍,80.6,81.5,79.4,81.4,+,2.4,490136,39418572.0,-58000,0,-1152,157000,0,3954,215000,0,5106
20251125,8261,富鼎,89.4,90.6,88.8,89.8,+,1.7,1131707,101500973.0,-64585,0,1177,282000,0,8478,346585,0,7301
20251125,2108,南帝,22.5,22.85,22.3,22.55,+,0.2,358980,8094728.0,-14000,0,-50000,87000,0,0,101000,0,50000
20251125,2438,翔耀,26.3,26.3,24.2,24.75,+,0.45,226670,5621021.0,-64000,0,-7,5000,0,0,69000,0,7
20251125,6271,同欣電,123.0,124.0,119.5,123.0,+,2.0,1181308,143570356.0,-67314,0,2864,436082,0,15830,503396,0,12966
20251125,2850,新產,118.0,118.0,116.0,116.5,-,1.5,114007,13315182.0,-69600,0,4999,7400,0,5000,77000,0,1
20251125,2753,八方雲集,195.5,195.5,189.5,190.0,-,5.5,476366,91251506.0,-71900,0,7112,77100,0,18000,149000,0,10888
20251125,1447,力鵬,5.31,5.44,5.29,5.31,,0.0,366620,1959004.0,-63000,0,-2000,55000,0,1000,118000,0,3000
20251125,2480,敦陽科,150.0,150.0,147.5,148.0,,0.0,118956,17661917.0,-65800,0,-187,16200,0,6000,82000,0,6187
20251125,6152,百一,8.3,8.3,8.12,8.25,+,0.14,261305,2147690.0,-66000,0,0,16000,0,0,82000,0,0
20251125,4536,拓凱,166.0,167.0,164.5,165.0,-,1.0,203452,33708865.0,-125000,58000,-510,42000,58000,2000,167000,0,2510
20251125,1309,台達化,10.55,10.65,10.45,10.55,,0.0,420601,4425864.0,-66000,0,-1945,133000,0,1000,199000,0,2945
20251125,1563,巧新,40.8,41.15,40.35,40.5,-,0.3,289065,11733480.0,-68000,0,0,57000,0,0,125000,0,0
20251125,1713,國化,42.95,43.0,42.6,42.95,-,0.3,154594,6630459.0,35000,0,-104000,61000,0,0,26000,0,104000
20251125,2534,宏盛,20.4,20.45,20.25,20.25,-,0.25,200403,4069831.0,-69350,0,0,19000,0,0,88350,0,0
20251125,6768,志強-KY,114.5,115.0,113.0,113.5,-,0.5,276431,31495528.0,-70000,-1184,1575,40000,0,6003,110000,1184,4428
20251125,6166,凌華,57.5,58.6,56.9,58.2,+,0.9,879572,50762323.0,-98000,0,25177,434000,0,27177,532000,0,2000
20251125,2731,雄獅,180.5,180.5,177.0,178.5,-,2.0,577993,103206813.0,-65931,0,-7000,167069,0,1000,233000,0,8000
20251125,3543,州巧,41.85,43.1,41.85,42.3,+,0.85,1194186,50598185.0,-73000,0,-297,277000,0,0,350000,0,297
20251125,6933,AMAX-KY,156.0,164.5,156.0,163.5,+,10.5,350833,56407042.0,-75000,0,1422,62000,0,2002,137000,0,580
20251125,00896,中信綠能及電動車,18.87,18.95,18.75,18.8,+,0.11,856897,16152147.0,-103000,0,29034,1000,0,499000,104000,0,469966
20251125,6456,GIS-KY,41.65,42.0,41.3,41.6,+,0.65,750202,31209707.0,-69848,0,-6377,476152,0,1000,546000,0,7377
20251125,00895,富邦未來車,37.1,37.16,37.07,37.13,+,0.51,533050,19783581.0,-7000,0,-69825,21000,0,194000,28000,0,263825
20251125,1231,聯華食,98.1,98.5,97.4,97.9,+,0.8,288629,28252495.0,-77000,0,159,109000,0,5000,186000,0,4841
20251125,00661,元大日經225,63.3,63.3,62.65,62.65,-,0.5,218466,13749693.0,6000,0,-83389,8000,0,108000,2000,0,191389
20251125,00949,復華日本龍頭,18.04,18.09,17.95,17.97,-,0.07,734236,13231719.0,15000,0,-92659,21000,0,360323,6000,0,452982
20251125,6657,華安,46.0,47.2,45.45,46.3,+,1.6,479159,22139704.0,-78000,0,-3,112000,0,0,190000,0,3
20251125,1904,正隆,18.3,18.3,18.05,18.15,-,0.2,313638,5688835.0,-66000,0,-13000,64000,0,3000,130000,0,16000
20251125,6670,復盛應用,242.5,242.5,238.0,238.0,-,3.5,179952,43126575.0,-80000,-547,9,61000,0,1000,141000,547,991
20251125,8478,東哥遊艇,190.0,191.0,186.0,187.5,-,2.5,264047,49629783.0,-81095,0,222,57000,0,4210,138095,0,3988
20251125,2429,銘旺科,73.3,76.7,72.7,74.8,+,1.5,357622,26842621.0,-81049,0,0,86000,0,0,167049,0,0
20251125,2258,鴻華先進-創,41.0,41.0,40.3,40.4,-,0.35,429918,17435596.0,-84000,0,2738,70000,0,10000,154000,0,7262
20251125,2421,建準,173.0,173.0,169.5,170.5,+,1.5,3133828,536210992.0,-95000,0,13013,1140000,0,43137,1235000,0,30124
20251125,00728,第一金工業30,35.77,35.77,35.53,35.63,+,0.31,132011,4707056.0,-11000,0,-71093,0,0,29000,11000,0,100093
20251125,5388,中磊,82.0,82.1,81.1,81.2,-,0.6,509764,41534316.0,-75093,0,-8382,245000,0,3000,320093,0,11382
20251125,8081,致新,203.5,205.0,201.0,202.0,+,1.5,268027,54313763.0,-82900,0,-687,116100,0,1000,199000,0,1687
20251125,3533,嘉澤,1185.0,1215.0,1170.0,1200.0,+,35.0,1040925,1246512060.0,-63622,-47000,26063,671565,0,35449,735187,47000,9386
20251125,3703,欣陸,22.25,22.3,22.0,22.25,,0.0,437932,9695571.0,-86000,0,0,127000,0,0,213000,0,0
20251125,2385,群光,118.5,119.0,116.0,116.5,-,1.0,3312645,387371567.0,278957,-21070,-345104,1602757,0,15000,1323800,21070,360104
20251125,00962,台新AI優息動能,10.63,10.66,10.53,10.55,+,0.04,214317,2269216.0,0,0,-87899,0,0,29765,0,0,117664
20251125,00709,富邦歐洲,34.32,34.39,34.32,34.36,-,0.16,131338,4514012.0,1000,0,-90000,2000,0,1000,1000,0,91000
20251125,6108,競國,13.0,13.0,12.8,12.85,-,0.05,190509,2451861.0,-93000,0,610,62000,0,1000,155000,0,390
20251125,8131,福懋科,40.45,41.15,39.6,39.95,+,1.35,4254771,171367905.0,-102692,0,3264,1208308,0,28362,1311000,0,25098
20251125,3694,海華,64.0,65.5,63.9,64.0,+,0.4,967146,62500472.0,-98861,0,-596,221139,0,2000,320000,0,2596
20251125,6550,北極星藥業-KY,30.1,30.65,29.8,30.45,+,0.45,522526,15845442.0,-103708,0,4000,95000,0,4000,198708,0,0
20251125,00911,兆豐洲際半導體,30.5,30.84,30.5,30.76,+,1.02,318267,9793816.0,-489,0,-99244,511,0,142000,1000,0,241244
20251125,1414,東和,17.05,17.25,16.65,16.65,-,0.4,382327,6454892.0,-100000,0,0,25000,0,0,125000,0,0
20251125,2102,泰豐,19.95,20.0,19.5,19.7,-,0.15,318784,6270038.0,-103000,0,1000,113000,0,1000,216000,0,0
20251125,00946,群益科技高息成長,9.74,9.76,9.7,9.71,+,0.06,2297416,22347288.0,29000,0,-131554,44000,0,1243188,15000,0,1374742
20251125,2851,中再保,26.2,26.35,26.1,26.35,-,0.1,1016734,26689470.0,-77800,0,-35000,280200,0,6000,358000,0,41000
20251125,6605,帝寶,140.5,140.5,138.0,138.0,-,2.5,324783,45136991.0,-120000,0,449,97000,0,2015,217000,0,1566
20251125,3673,TPK-KY,40.95,41.25,40.4,41.0,+,0.35,2159398,88127288.0,-164000,0,44382,937000,0,59332,1101000,0,14950
20251125,6189,豐藝,44.6,44.9,44.2,44.6,+,0.5,454905,20281172.0,-115798,0,-5246,169202,0,0,285000,0,5246
20251125,7786,東方風能,165.0,169.5,163.0,169.0,+,3.5,887867,148723139.0,-137000,0,15929,8000,0,18000,145000,0,2071
20251125,2727,王品,216.0,216.0,213.0,214.0,-,2.5,226749,48598469.0,-122142,0,646,46000,0,15000,168142,0,14354
20251125,2478,大毅,63.8,64.2,59.6,60.8,-,3.3,5053467,310723878.0,-97000,0,-25236,1203000,0,3000,1300000,0,28236
20251125,2838,聯邦銀,19.4,19.5,19.2,19.4,,0.0,738671,14261176.0,-134000,0,11000,278000,0,11000,412000,0,0
20251125,1310,台苯,8.46,8.46,8.3,8.41,+,0.03,551707,4621182.0,-124000,0,-419,138000,0,4000,262000,0,4419
20251125,2495,普安,27.05,27.05,26.15,26.45,-,0.2,6777096,179935627.0,-127000,0,294,1378000,0,1538,1505000,0,1244
20251125,5607,遠雄港,47.1,47.15,46.85,46.95,-,0.15,307779,14480184.0,-131000,0,0,68000,0,0,199000,0,0
20251125,1227,佳格,30.8,30.8,30.35,30.55,-,0.25,353844,10802885.0,-131106,0,-215,95000,0,3000,226106,0,3215
20251125,1736,喬山,161.5,162.0,158.0,159.0,-,3.0,865777,138320217.0,-74000,-50000,-7514,329000,0,1514,403000,50000,9028
20251125,1514,亞力,96.0,96.3,94.5,94.5,-,0.8,1536151,145859250.0,-137770,0,-1178,480845,0,18000,618615,0,19178
20251125,00752,中信中國50,26.55,26.88,26.55,26.73,+,0.23,3035526,81200311.0,451000,0,-591794,472000,0,781423,21000,0,1373217
20251125,1229,聯華,48.1,48.1,47.5,47.65,-,0.4,878464,41909289.0,-148300,0,-276,236700,0,2000,385000,0,2276
20251125,1503,士電,164.0,164.5,162.0,162.5,,0.0,981288,159879057.0,-136705,-4878,-7757,215812,0,7000,352517,4878,14757
20251125,1307,三芳,33.35,33.7,33.25,33.5,+,0.15,610434,20396650.0,-159000,0,7000,116000,0,7000,275000,0,0
20251125,2723,美食-KY,64.0,65.7,64.0,65.1,+,1.1,565447,36761123.0,-152220,0,0,214000,0,0,366220,0,0
20251125,6909,創控,35.5,35.6,34.05,34.15,-,1.25,247205,8565405.0,-153000,0,0,3000,0,0,156000,0,0
20251125,3014,聯陽,121.5,121.5,119.5,120.5,,0.0,401713,48257128.0,-152000,-1070,6,153000,0,4000,305000,1070,3994
20251125,8996,高力,509.0,525.0,488.5,525.0,+,47.0,6645241,3390325071.0,36903,-64000,-126874,1752008,123000,138056,1715105,187000,264930
20251125,4722,國精化,154.5,157.5,148.0,151.0,+,2.5,1647595,250013752.0,-155000,0,-2509,420000,0,3403,575000,0,5912
20251125,2501,國建,21.2,21.25,21.1,21.2,-,0.1,582221,12336173.0,-164000,0,6000,175000,0,8000,339000,0,2000
20251125,1905,華紙,11.85,11.85,11.7,11.8,,0.0,656865,7727015.0,-159000,0,-9,178000,0,0,337000,0,9
20251125,8454,富邦媒,226.5,226.5,221.5,222.0,-,5.5,433589,96574195.0,-161440,-1000,955,179250,0,10000,340690,1000,9045
20251125,6753,龍德造船,117.5,122.5,117.0,119.5,+,2.5,2711002,325068444.0,-189005,0,23764,732000,0,34407,921005,0,10643
20251125,1524,耿鼎,29.75,29.75,28.85,28.9,-,0.5,800539,23312056.0,-167000,0,571,158000,0,5000,325000,0,4429
20251125,2454,聯發科,1175.0,1205.0,1175.0,1185.0,+,35.0,7621993,9041655833.0,-702339,479631,53344,4922587,554000,124186,5624926,74369,70842
20251125,00770,國泰北美科技,56.8,56.8,56.4,56.5,+,1.45,396171,22392665.0,17250,0,-186695,23250,0,24000,6000,0,210695
20251125,3515,華擎,247.5,258.0,244.0,251.0,+,10.5,1293082,326035900.0,-192727,0,22581,455000,0,36318,647727,0,13737
20251125,1712,興農,42.5,42.6,42.2,42.4,-,0.25,305767,12958802.0,-240000,0,67990,9000,0,70000,249000,0,2010
20251125,2103,台橡,13.8,14.7,13.8,14.55,+,0.95,6420448,92481687.0,-94209,0,-86313,2562791,0,12000,2657000,0,98313
20251125,00850,元大臺灣ESG永續,51.75,52.2,51.5,51.75,+,0.45,791152,40933087.0,10019,0,-191334,13019,0,327206,3000,0,518540
20251125,2059,川湖,3625.0,3660.0,3450.0,3460.0,-,45.0,985382,3451872290.0,70592,-240962,-12904,441416,12000,20499,370824,252962,33403
20251125,2633,台灣高鐵,27.8,27.85,27.55,27.85,,0.0,1958193,54319433.0,-199697,-9000,24000,1358003,0,26000,1557700,9000,2000
20251125,2540,愛山林,47.25,47.3,45.95,47.3,+,0.2,676702,31605560.0,-186636,0,0,180000,0,0,366636,0,0
20251125,6742,澤米,41.35,43.65,41.25,42.9,+,1.85,686555,29444731.0,-187000,0,0,141000,0,0,328000,0,0
20251125,6438,迅得,122.0,123.5,121.5,123.5,+,3.0,620854,76271720.0,-190222,0,1000,151642,0,1000,341864,0,0
20251125,3030,德律,147.5,151.0,146.5,148.0,+,2.5,1419807,210894764.0,-191066,0,1133,355334,0,34053,546400,0,32920
20251125,6409,旭隼,997.0,1080.0,997.0,1065.0,+,82.0,1056612,1122586295.0,-205685,-6637,22313,453519,4000,52781,659204,10637,30468
20251125,1444,力麗,6.04,6.06,5.92,5.99,-,0.04,1438127,8580315.0,-190000,0,-1387,65000,0,30000,255000,0,31387
20251125,6257,矽格,94.8,96.0,94.3,96.0,+,2.3,2799570,266786130.0,-514727,298000,17103,782273,298000,31049,1297000,0,13946
20251125,1702,南僑,37.4,37.4,37.0,37.1,-,0.3,665175,24711865.0,-198800,-3577,-32,49200,0,10000,248000,3577,10032
20251125,8210,勤誠,898.0,899.0,861.0,891.0,+,11.0,1629363,1437309710.0,3325,-217000,7506,522335,13000,42851,519010,230000,35345
20251125,2539,櫻花建,44.95,45.0,44.0,44.55,-,0.15,534977,23789130.0,-222886,0,10545,105640,0,16000,328526,0,5455
20251125,6781,AES-KY,1285.0,1295.0,1215.0,1230.0,-,20.0,1583626,1965752550.0,-241621,47000,-18587,414332,47000,31445,655953,0,50032
20251125,2607,榮運,58.2,58.4,57.7,58.2,+,0.4,590316,34267315.0,-235500,0,3000,225000,0,3000,460500,0,0
20251125,2820,華票,16.65,16.65,16.5,16.6,-,0.05,666422,11046059.0,-137000,0,-97000,68000,0,0,205000,0,97000
20251125,3605,宏致,62.6,63.0,61.4,61.5,-,0.4,1102160,68340975.0,-233000,0,-2133,271000,0,2000,504000,0,4133
20251125,2547,日勝生,10.65,10.65,10.5,10.6,+,0.1,667284,7026266.0,-236003,0,-436,54000,0,0,290003,0,436
20251125,00643,群益深証中小,15.6,15.99,15.6,15.9,+,0.39,3018816,47882353.0,48000,0,-301234,50000,0,2494015,2000,0,2795249
20251125,3413,京鼎,294.0,295.5,291.5,293.0,+,6.0,1063772,311975069.0,7219,-280000,17797,377000,0,22997,369781,280000,5200
20251125,2106,建大,20.65,20.65,20.15,20.25,-,0.4,371528,7571166.0,-257000,0,-1294,46000,0,0,303000,0,1294
20251125,6944,兆聯實業,563.0,569.0,544.0,555.0,-,17.0,841883,466840216.0,-276872,0,14520,157000,0,22000,433872,0,7480
20251125,6592,和潤企業,64.5,64.5,62.2,62.7,-,2.0,672372,42318864.0,-277245,0,3527,129000,0,11000,406245,0,7473
20251125,1325,恆大,32.4,32.4,31.1,31.2,-,1.45,934094,29483988.0,-275000,0,0,92000,0,0,367000,0,0
20251125,1313,聯成,9.46,9.55,9.27,9.5,+,0.11,1560548,14664845.0,-286000,0,9000,248000,0,9000,534000,0,0
20251125,1442,名軒,31.8,32.4,31.5,32.2,+,0.9,754602,24165653.0,-281000,0,350,360000,0,1010,641000,0,660
20251125,9904,寶成,29.85,30.0,29.55,29.85,,0.0,6997092,208515448.0,-1678750,1296184,98858,1437250,1328000,132000,3116000,31816,33142
20251125,5434,崇越,299.0,299.0,292.5,294.5,+,1.5,493688,145369311.0,-288000,0,2947,120000,0,4861,408000,0,1914
20251125,3005,神基,122.0,123.0,119.0,120.5,+,1.5,2584828,310706670.0,544010,-907000,71402,1725010,67000,83999,1181000,974000,12597
20251125,2812,台中銀,21.1,21.2,20.95,21.0,,0.0,4491844,94530656.0,-309104,0,15005,1516311,0,22000,1825415,0,6995
20251125,00907,永豐優息存股,15.15,15.16,15.0,15.07,-,0.12,392425,5911893.0,2747,0,-298646,3000,0,33000,253,0,331646
20251125,2451,創見,199.0,199.0,187.5,189.0,+,2.5,1529678,294101570.0,-311425,-5145,20000,131575,0,31000,443000,5145,11000
20251125,6176,瑞儀,117.5,118.5,116.0,117.5,+,0.5,1803783,211521991.0,-176129,-133050,11916,1118100,0,22000,1294229,133050,10084
20251125,2104,國際中橡,9.46,9.57,9.38,9.48,+,0.06,1223690,11571122.0,-298570,0,-22,399000,0,4000,697570,0,4022
20251125,00900,富邦特選高股息30,13.1,13.16,13.05,13.09,+,0.1,12554237,164466998.0,2764450,0,-3064262,2933450,0,2745790,169000,0,5810052
20251125,8114,振樺電,187.0,189.5,182.0,184.0,-,2.5,948916,175288225.0,-282999,0,-19847,194001,0,4000,477000,0,23847
20251125,1477,聚陽,307.0,308.5,301.5,308.5,-,0.5,1224405,373924579.0,-335481,9499,17915,546000,13000,34984,881481,3501,17069
20251125,4532,瑞智,23.5,23.65,23.3,23.6,+,0.1,917394,21583832.0,-303000,-5701,0,112000,0,0,415000,5701,0
20251125,2357,華碩,589.0,594.0,584.0,590.0,+,5.0,3906167,2303990317.0,-1540801,1236183,-10120,1419575,1284000,41164,2960376,47817,51284
20251125,1440,南紡,13.8,13.9,13.5,13.65,-,0.15,742737,10125955.0,-317897,0,1396,123103,0,6000,441000,0,4604
20251125,5522,遠雄,58.3,58.3,57.0,57.9,-,0.4,1548862,89258181.0,-318000,0,0,769000,0,13000,1087000,0,13000
20251125,2301,光寶科,158.0,158.5,154.0,154.5,-,0.5,22922967,3561255788.0,8024104,-8392935,49302,14171305,0,476719,6147201,8392935,427417
20251125,1710,東聯,11.75,11.85,11.6,11.7,,0.0,695779,8171585.0,-337000,0,8766,88000,0,11000,425000,0,2234
20251125,00735,國泰臺韓科技,47.32,47.32,46.14,46.6,+,0.52,770862,35892703.0,-35000,0,-300000,10000,0,355000,45000,0,655000
20251125,00951,台新日本半導體,10.4,10.43,10.31,10.32,+,0.01,1884121,19558883.0,-180000,0,-167401,65000,0,545081,245000,0,712482
20251125,1476,儒鴻,433.0,433.0,418.0,420.0,-,16.5,755270,319408906.0,-361061,5000,-1633,313524,5000,22172,674585,0,23805
20251125,6196,帆宣,223.0,229.0,219.5,227.0,+,5.5,2549323,573412375.0,93556,-564000,100840,949556,0,108216,856000,564000,7376
20251125,2360,致茂,834.0,864.0,820.0,829.0,+,19.0,7567617,6366567274.0,-731138,367931,-16233,3093738,434000,104826,3824876,66069,121059
20251125,6239,力成,155.0,155.0,151.0,152.0,+,0.5,4108361,626781386.0,735621,-1106000,-13835,2060880,25000,106158,1325259,1131000,119993
20251125,00909,國泰數位支付服務,39.98,40.1,39.93,40.1,+,1.61,3797345,151943624.0,86540,0,-484010,274540,0,689000,188000,0,1173010
20251125,3661,世芯-KY,3070.0,3070.0,2910.0,2950.0,-,20.0,2573987,7648758880.0,244222,-656000,11516,1023861,1000,86765,779639,657000,75249
20251125,6165,浪凡,49.45,50.3,48.15,48.55,-,0.9,1257950,61698923.0,-408000,0,0,156000,0,0,564000,0,0
20251125,1519,華城,720.0,721.0,677.0,681.0,-,25.0,4210877,2917531202.0,-371025,1380,-49448,805909,2000,86680,1176934,620,136128
20251125,2354,鴻準,63.9,64.1,62.8,63.1,+,0.1,6370557,403101912.0,-435375,-4244,14512,2469625,0,77000,2905000,4244,62488
20251125,00757,統一FANG+,122.15,122.3,121.95,122.2,+,2.95,2802092,342163551.0,-642261,0,216840,3000,0,1217550,645261,0,1000710
20251125,8926,台汽電,41.3,41.35,40.8,41.0,-,0.2,894804,36693061.0,-457000,0,-1098,215000,0,11000,672000,0,12098
20251125,1722,台肥,47.45,47.45,47.0,47.05,-,0.45,1695031,79918539.0,-470100,13000,-1309,200900,16000,2000,671000,3000,3309
20251125,00893,國泰智能電動車,30.79,30.98,30.79,30.86,+,0.48,1428057,44106966.0,6114,0,-465454,61114,0,535000,55000,0,1000454
20251125,1308,亞聚,12.45,12.45,12.0,12.15,-,0.15,909365,11044182.0,-469000,0,-1365,89000,0,4000,558000,0,5365
20251125,3702,大聯大,62.8,65.0,62.3,65.0,+,1.6,28343802,1814514671.0,15590884,-16087094,11889,21235900,43000,106929,5645016,16130094,95040
20251125,2889,國票金,16.2,16.3,16.15,16.3,+,0.15,7639790,124057794.0,-462452,-15000,-8973,2628824,0,1027,3091276,15000,10000
20251125,1434,福懋,15.85,15.85,15.5,15.75,+,0.1,1504468,23626496.0,-488000,0,-1581,284000,0,1000,772000,0,2581
20251125,2377,微星,103.0,107.5,102.5,107.5,+,5.0,15810761,1668288090.0,2268460,-2951571,193209,8596505,0,282158,6328045,2951571,88949
20251125,2646,星宇航空,23.3,23.35,23.1,23.25,-,0.05,2438062,56589508.0,-500765,0,0,843235,0,0,1344000,0,0
20251125,00701,國泰股利精選30,27.68,27.7,27.44,27.52,-,0.14,1673499,46099502.0,-130000,0,-371183,136000,0,750000,266000,0,1121183
20251125,00910,第一金太空衛星,37.44,37.9,37.43,37.5,+,0.7,963923,36154227.0,-47334,0,-464859,35666,0,28000,83000,0,492859
20251125,2466,冠西電,55.5,56.4,49.95,49.95,-,5.55,1626551,84797871.0,-532000,0,3000,124000,0,4000,656000,0,1000
20251125,00954,中信日本半導體,11.24,11.25,11.03,11.08,+,0.11,1560685,17396418.0,-54900,0,-475835,1100,0,481000,56000,0,956835
20251125,2511,太子,8.05,8.26,8.04,8.26,+,0.32,7524425,61480680.0,-205000,0,-339000,4284000,0,0,4489000,0,339000
20251125,3044,健鼎,309.5,313.0,307.0,307.0,+,2.0,2447227,755865788.0,201499,-754000,-7135,1045499,0,40566,844000,754000,47701
20251125,2395,研華,287.0,289.0,283.0,285.0,-,2.0,2796646,796682829.0,-451629,-120856,2880,1576783,0,52155,2028412,120856,49275
20251125,00662,富邦NASDAQ,100.65,100.65,100.35,100.55,+,1.75,1645674,165418463.0,-32000,0,-539000,0,0,0,32000,0,539000
20251125,1305,華夏,10.65,10.65,10.3,10.4,-,0.1,1166180,12152797.0,-579000,0,-730,156000,0,1000,735000,0,1730
20251125,2376,技嘉,246.5,246.5,242.0,242.5,-,1.0,3490708,850292929.0,326771,-877391,-32439,1903379,0,63037,1576608,877391,95476
20251125,1319,東陽,96.3,96.5,94.3,95.2,-,0.1,1386277,131924778.0,-574144,-2513,-18585,351000,0,37000,925144,2513,55585
20251125,1402,遠東新,28.1,28.3,27.8,27.95,-,0.1,6455861,180939331.0,1074327,-1539000,-139220,4261406,0,6000,3187079,1539000,145220
20251125,2204,中華,60.7,60.9,59.9,60.3,-,0.7,1138002,68679719.0,-464225,-142320,1993,185775,0,1999,650000,142320,6
20251125,2897,王道銀行,9.11,9.12,9.05,9.07,-,0.04,2917598,26513713.0,-646000,0,0,1257000,0,0,1903000,0,0
20251125,3017,奇鋐,1300.0,1340.0,1240.0,1315.0,+,70.0,10653298,13747004185.0,-1297143,401237,222312,3049747,602000,478078,4346890,200763,255766
20251125,2542,興富發,37.5,37.5,37.0,37.35,-,0.05,2212272,82344410.0,-253299,64000,-487079,895000,64000,24000,1148299,0,511079
20251125,2610,華航,19.1,19.2,19.05,19.2,+,0.2,15065307,288231021.0,-7418178,6841000,-116619,2414822,7341000,130000,9833000,500000,246619
20251125,1587,吉茂,44.3,44.3,41.25,42.45,-,1.7,2661199,112612667.0,-712000,0,4150,306000,0,5000,1018000,0,850
20251125,5871,中租-KY,104.0,105.0,103.5,104.5,-,0.5,5950978,619351701.0,327692,-1046324,10092,3884828,30000,45000,3557136,1076324,34908
20251125,1808,潤隆,35.15,35.15,32.8,34.25,-,1.1,2705629,91096413.0,-731700,0,8184,863000,0,10214,1594700,0,2030
20251125,1513,中興電,151.5,152.0,148.0,149.0,-,2.5,4766972,710824368.0,-1773402,1104791,-56977,741698,1106000,44000,2515100,1209,100977
20251125,3380,明泰,28.9,29.25,28.25,28.5,-,0.65,2817454,81199919.0,-668000,0,-90718,1298000,0,9366,1966000,0,100084
20251125,2520,冠德,32.65,32.7,31.95,31.95,-,0.85,1852800,59607440.0,-779189,0,13723,481000,0,27179,1260189,0,13456
20251125,2855,統一證,24.25,24.3,24.0,24.1,+,0.05,1820711,43929418.0,-806500,0,0,408100,0,0,1214600,0,0
20251125,1102,亞泥,38.3,38.4,37.7,37.85,-,0.5,5431606,206096332.0,-983588,32945,132592,3578662,66000,144034,4562250,33055,11442
20251125,2101,南港,37.95,38.1,36.65,36.65,-,1.3,1532612,56982984.0,-850122,0,21669,187000,0,22471,1037122,0,802
20251125,8033,雷虎,125.5,133.0,123.5,130.5,+,8.5,24197586,3128626349.0,-798655,0,-53465,5615345,0,87542,6414000,0,141007
20251125,00901,永豐智能車供應鏈,23.66,23.87,23.12,23.24,,0.0,5073958,117987953.0,29000,0,-888713,87000,0,2416000,58000,0,3304713
20251125,1304,台聚,10.25,10.25,10.05,10.15,+,0.05,1953319,19757318.0,-894000,0,9832,412000,0,12000,1306000,0,2168
20251125,5243,乙盛-KY,84.7,86.2,79.9,80.6,-,2.8,4056706,333409921.0,-903500,0,-28183,842000,0,14246,1745500,0,42429
20251125,2474,可成,204.5,206.5,202.0,205.5,,0.0,3285987,671763540.0,-564826,-354383,-67567,1446239,301000,48314,2011065,655383,115881
20251125,6209,今國光,60.7,62.2,58.7,58.9,-,0.3,26317058,1598141824.0,-1048504,0,4402,5052000,0,31000,6100504,0,26598
20251125,3576,聯合再生,6.22,6.38,6.13,6.3,+,0.12,5709857,35567249.0,-1065000,0,-1000,590000,0,0,1655000,0,1000
20251125,2801,彰銀,20.2,20.25,20.0,20.15,+,0.1,28025489,563778696.0,-13525293,12409000,12000,8153333,12409000,24000,21678626,0,12000
20251125,2645,長榮航太,145.5,155.0,144.5,149.5,+,6.5,6883382,1029136286.0,-1257523,20000,130353,1883000,20000,217649,3140523,0,87296
20251125,00965,元大航太防衛科技,22.11,22.11,21.83,21.85,-,0.01,4009351,87744831.0,-1775325,300000,310039,33675,300000,887000,1809000,0,576961
20251125,3706,神達,89.5,90.8,88.0,88.3,+,0.3,16117342,1432903547.0,-1045982,0,-132148,2675324,0,411000,3721306,0,543148
20251125,8110,華東,34.7,35.8,34.35,35.8,+,2.8,9779410,343586009.0,-1410109,0,196000,288900,0,208000,1699009,0,12000
20251125,6415,矽力*-KY,186.5,197.0,185.5,193.0,+,13.0,6469327,1240486676.0,-1272148,-79288,49739,3533990,0,78958,4806138,79288,29219
20251125,1717,長興,39.5,39.95,38.45,38.8,-,0.2,5013788,195613562.0,-1396363,0,9704,823575,0,22000,2219938,0,12296
20251125,2356,英業達,41.4,41.45,41.0,41.05,,0.0,8592752,353874455.0,1160079,-2651000,99513,4401729,2000,125000,3241650,2653000,25487
20251125,8112,至上,70.0,70.3,67.8,68.4,+,1.2,20496058,1406777223.0,-1266998,-3056,-127883,5092002,0,259997,6359000,3056,387880
20251125,8046,南電,254.0,256.5,241.0,250.0,+,3.0,13505177,3337166206.0,52350,-1457000,-29269,4643575,0,470701,4591225,1457000,499970
20251125,1312,國喬,10.35,10.4,10.05,10.15,-,0.15,2868172,29101672.0,-1518000,0,-13383,501000,0,12000,2019000,0,25383
20251125,2504,國產,35.3,35.4,34.7,34.8,-,0.5,2655400,92571320.0,-1648222,-4066,-2435,802000,0,1614,2450222,4066,4049
20251125,8271,宇瞻,100.0,102.5,97.6,100.5,+,6.1,12563113,1258852726.0,-1735578,0,-8103,3176000,0,23625,4911578,0,31728
20251125,2486,一詮,91.0,95.5,89.0,93.8,+,3.9,16737455,1550468237.0,-2173042,0,350221,2953000,0,476385,5126042,0,126164
20251125,1605,華新,29.4,29.7,28.85,29.2,+,0.35,32194136,942023312.0,-1893350,-160773,195270,8845650,0,630422,10739000,160773,435152
20251125,6505,台塑化,55.8,55.8,50.9,52.1,-,3.4,14949880,788408172.0,-1490775,-5000,-503731,5009725,0,230555,6500500,5000,734286
20251125,9945,潤泰新,30.15,30.15,29.4,29.6,-,0.5,3249637,96388822.0,-2012150,-7000,12800,575850,0,38000,2588000,7000,25200
20251125,2485,兆赫,19.4,19.7,18.55,19.0,,0.0,24065008,461044247.0,-2239000,0,32745,3938000,0,301220,6177000,0,268475
20251125,3060,銘異,27.5,27.9,27.05,27.9,+,0.9,14519274,400715204.0,-2333000,0,-1096,2492000,0,0,4825000,0,1096
20251125,2449,京元電子,210.0,212.0,205.0,205.0,+,1.5,29202498,6075766938.0,-7988232,4746000,707159,9697075,4808000,908757,17685307,62000,201598
20251125,2105,正新,32.4,32.45,31.65,31.9,-,0.5,7013830,224175271.0,-1505372,-1077165,-27306,2875778,0,100555,4381150,1077165,127861
20251125,0050,元大台灣50,60.7,60.75,60.1,60.35,+,0.8,64411018,3893075835.0,-4271889,0,1605232,8342761,0,13159265,12614650,0,11554033
20251125,2834,臺企銀,15.8,15.8,15.6,15.65,-,0.15,9077768,142224232.0,-2918786,-1000,29000,3300471,0,47000,6219257,1000,18000
20251125,2886,兆豐金,40.05,40.15,39.45,39.55,-,0.8,21955610,870677285.0,2138631,-5244000,51707,13893410,105000,325000,11754779,5349000,273293
20251125,4989,榮科,42.6,43.65,39.9,40.8,-,1.0,21471274,890768695.0,-3094000,0,-1000,2411000,0,1000,5505000,0,2000
20251125,4958,臻鼎-KY,141.0,142.0,138.0,138.5,-,2.0,12580784,1752620585.0,-4947610,1670000,-16458,4466778,1719000,114100,9414388,49000,130558
20251125,4938,和碩,70.7,70.7,69.6,70.1,-,0.6,10174174,713580476.0,-2587483,-864034,110586,4639444,0,192000,7226927,864034,81414
20251125,2892,第一金,28.6,28.6,28.2,28.2,-,0.45,11927469,337841178.0,-3442762,-99000,91935,6330589,0,136182,9773351,99000,44247
20251125,2880,華南金,29.75,29.75,28.8,29.0,-,0.5,15594836,450934205.0,-5788287,1814000,417856,7814864,1858000,539000,13603151,44000,121144
20251125,2337,旺宏,35.6,36.2,34.4,34.5,+,0.65,99139326,3482812823.0,-4493224,300000,595410,35041050,300000,1858122,39534274,0,1262712
20251125,2890,永豐金,27.2,27.2,26.65,26.95,-,0.2,30307386,813732536.0,-16158758,12137000,394689,9126488,12193000,544000,25285246,56000,149311
20251125,2412,中華電,131.5,132.0,130.5,131.0,-,1.0,7643993,1001773528.0,-3085685,-687000,31436,1646230,0,154000,4731915,687000,122564
20251125,00918,大華優利高填息30,22.22,22.22,21.99,21.99,-,0.11,12303225,271967601.0,-1769000,0,-2736684,2070000,0,2422000,3839000,0,5158684
20251125,2609,陽明,52.4,52.5,51.3,51.3,-,1.0,16206122,837571860.0,2759638,-7231000,-242984,6940388,0,125027,4180750,7231000,368011
20251125,4904,遠傳,92.0,92.1,88.8,89.0,-,3.7,14242184,1277054541.0,-2929127,-1946000,155068,8620794,0,216000,11549921,1946000,60932
20251125,1314,中石化,8.18,8.25,7.93,8.0,-,0.11,29706704,238961215.0,-4557939,0,-220557,6438150,0,41000,10996089,0,261557
20251125,3715,定穎投控,113.5,119.0,111.0,119.0,+,10.5,47937661,5544355553.0,-6088209,575000,700866,8978115,575000,830307,15066324,0,129441
20251125,2615,萬海,80.0,80.7,78.1,78.5,-,1.0,24008206,1899958921.0,9077768,-14216000,63970,11717251,0,193490,2639483,14216000,129520
20251125,2618,長榮航,33.6,33.7,33.4,33.55,-,0.1,12499560,419223341.0,-6238478,1008256,142138,2458155,1087000,199000,8696633,78744,56862
20251125,2845,遠東銀,12.6,12.65,12.4,12.45,-,0.15,8449281,105592806.0,-5289935,-12000,36720,1072808,0,47000,6362743,12000,10280
20251125,2317,鴻海,225.0,226.0,219.0,219.0,-,1.0,73643136,16338521691.0,-4719602,-979210,-237290,31392756,5000,345706,36112358,984210,582996
20251125,00878,國泰永續高股息,20.62,20.65,20.47,20.54,-,0.02,29974118,616435731.0,190770,0,-6178965,2078389,0,5554000,1887619,0,11732965
20251125,2327,國巨*,236.5,238.0,227.5,228.5,-,4.0,30781524,7126450442.0,-5756063,-436268,-26793,6255941,29000,439061,12012004,465268,465854
20251125,5880,合庫金,24.3,24.3,23.85,23.85,-,0.45,13678998,327706940.0,-6637406,-118000,-16136,3311160,0,36000,9948566,118000,52136
20251125,1326,台化,32.25,32.35,30.5,30.85,-,1.1,18397504,573811576.0,-8988367,-15000,44843,2805899,0,466049,11794266,15000,421206
20251125,2002,中鋼,18.0,18.1,17.8,17.8,-,0.25,23582662,421676243.0,-6791839,-2417704,188376,7333940,0,406217,14125779,2417704,217841
20251125,5876,上海商銀,40.5,40.5,39.5,39.5,-,1.2,13795271,548596446.0,-8610983,-1064000,-40498,2297396,0,227000,10908379,1064000,267498
20251125,1802,台玻,33.8,34.2,31.9,32.45,-,0.55,100777785,3315121691.0,-11581743,0,887061,18735030,0,3242335,30316773,0,2355274
20251125,2408,南亞科,153.5,156.0,142.0,143.5,+,0.5,195798197,29035785562.0,-14537938,-42000,3364634,46050435,1000000,4687109,60588373,1042000,1322475
20251125,2353,宏碁,27.45,27.9,27.05,27.15,-,0.35,25629473,701594087.0,-11466420,-23649,54125,7570450,0,284000,19036870,23649,229875
20251125,2409,友達,10.95,11.25,10.9,11.05,+,0.2,56969427,632072214.0,-11357721,-96404,-227730,19939510,0,79270,31297231,96404,307000
20251125,2885,元大金,35.95,36.0,35.05,35.25,-,0.8,36151738,1276172066.0,-1906487,-10709000,-68597,18912326,2222000,401000,20818813,12931000,469597
20251125,2884,玉山金,30.7,30.7,30.1,30.1,-,0.7,39342655,1191681635.0,-12586459,-237000,-480795,18412311,131000,173000,30998770,368000,653795
20251125,2891,中信金,43.75,44.0,43.25,43.3,-,0.8,35627587,1546855328.0,-1844493,-12854000,43015,15152595,456000,287000,16997088,13310000,243985
20251125,2303,聯電,46.05,46.1,45.05,45.1,-,1.45,48758161,2213057160.0,-7433271,-6910122,-387295,24124020,8000,643000,31557291,6918122,1030295
20251125,0056,元大高股息,35.28,35.39,35.04,35.15,,0.0,29883503,1052112175.0,-6809176,0,-8375716,287325,0,1292000,7096501,0,9667716
20251125,1504,東元,95.0,95.0,87.6,88.5,-,4.4,52066846,4682266073.0,-10916123,-3302722,-1231867,15211730,0,352001,26127853,3302722,1583868
20251125,1301,台塑,41.0,41.0,38.4,38.9,-,1.6,30337777,1191410722.0,-16741117,0,-338497,4146947,0,548000,20888064,0,886497
20251125,2344,華邦電,59.1,59.4,55.9,57.5,+,2.9,219802494,12648467241.0,-22391603,1373000,-2485271,52718052,1470000,3174724,75109655,97000,5659995
20251125,1303,南亞,56.4,56.5,50.9,52.4,-,2.4,126477283,6744255965.0,-27633519,21000,-1547085,28861959,21000,1751010,56495478,0,3298095
