tradeDate,stockCode,stockName,openPrice,highPrice,lowPrice,closePrice,changeSign,change,totalShares,totalAmount,foreignNetShares,investmentNetShares,dealerNetShares,foreignBuyShares,investmentBuyShares,dealerBuyShares,foreignSellShares,investmentSellShares,dealerSellShares
20251021,00919,群益台灣精選高息,21.4,21.5,21.39,21.42,+,0.09,116963815,2510060849.0,16817903,0,65942658,27983375,0,67961810,11165472,0,2019152
20251021,00940,元大台灣價值高息,9.56,9.6,9.51,9.52,+,0.01,83492933,798122235.0,22097900,0,52734277,22168000,0,58008761,70100,0,5274484
20251021,00929,復華台灣科技優息,18.6,18.79,18.56,18.64,,0.0,52617962,984272980.0,6888112,0,38019082,7357201,0,40077739,469089,0,2058657
20251021,00878,國泰永續高股息,21.56,21.6,21.5,21.5,+,0.04,46622373,1005058087.0,9769210,0,18911692,10180560,0,20822692,411350,0,1911000
20251021,00918,大華優利高填息30,22.76,22.79,22.68,22.7,+,0.08,17978541,408854026.0,659100,0,12815330,837100,0,13044739,178000,0,229409
20251021,2881,富邦金,89.6,91.7,89.6,90.6,+,1.5,24387441,2217108687.0,13211056,-1294597,831221,19345453,1056000,1047537,6134397,2350597,216316
20251021,00939,統一台灣高息動能,14.37,14.39,14.29,14.29,+,0.03,14326179,205618289.0,2681000,0,9638931,2705000,0,10824931,24000,0,1186000
20251021,00882,中信中國高股息,14.54,14.67,14.54,14.59,+,0.13,19288904,281811887.0,3056100,0,9195207,3067100,0,11695660,11000,0,2500453
20251021,2883,凱基金,15.8,15.95,15.75,15.75,+,0.05,26573577,420143396.0,10107763,131000,628000,15838695,1827000,716000,5730932,1696000,88000
20251021,2324,仁寶,33.15,35.65,32.6,34.3,+,1.35,124189946,4282171776.0,3988347,-304984,6466040,33433227,2818000,7846592,29444880,3122984,1380552
20251021,00713,元大台灣高息低波,51.7,51.8,51.55,51.6,+,0.1,12949961,669309287.0,3528029,0,6578087,3833130,0,6578087,305101,0,0
20251021,2408,南亞科,107.0,109.5,104.0,105.5,-,1.5,105119091,11208661844.0,5465726,1505000,2763438,27152919,1543000,3535553,21687193,38000,772115
20251021,2327,國巨*,198.5,208.5,196.5,205.0,+,9.0,127719747,26093451235.0,5107641,4217000,312395,37443468,4304000,2469524,32335827,87000,2157129
20251021,00934,中信成長高股息,20.5,20.6,20.48,20.48,+,0.1,10415062,214020204.0,745000,0,8842596,749000,0,9444731,4000,0,602135
20251021,00961,FT臺灣永續高息,9.53,9.58,9.5,9.51,+,0.02,10479217,99997564.0,850000,0,7216509,952000,0,9148509,102000,0,1932000
20251021,1303,南亞,42.1,42.4,41.55,41.9,-,0.15,26973952,1132814612.0,7088567,-756543,1057670,11206183,3138000,1398400,4117616,3894543,340730
20251021,2885,元大金,34.4,34.7,34.2,34.6,+,0.55,14519762,501759205.0,7013487,19000,289013,11434535,1310000,390569,4421048,1291000,101556
20251021,00941,中信上游半導體,16.25,16.34,16.25,16.28,+,0.15,8671214,141434218.0,5238000,0,1608025,5261000,0,2854025,23000,0,1246000
20251021,00915,凱基優選高股息30,22.76,22.82,22.74,22.75,+,0.09,8037634,183130638.0,541000,0,6234000,616000,0,7118000,75000,0,884000
20251021,6770,力積電,30.45,30.75,29.45,30.7,+,0.4,182443230,5475015752.0,3234912,204000,2786970,48804964,204000,5868275,45570052,0,3081305
20251021,2481,強茂,95.0,98.7,94.0,98.7,+,8.9,61314458,5957280793.0,2824048,2579000,737904,11951048,2579000,1363499,9127000,0,625595
20251021,2882,國泰金,65.8,66.7,65.6,65.7,+,0.4,18493636,1221368168.0,8298835,-2994247,592319,13049943,999000,1235319,4751108,3993247,643000
20251021,2884,玉山金,32.45,32.6,32.3,32.5,+,0.2,15133422,490440412.0,6747939,-1337000,449103,10636805,189000,483000,3888866,1526000,33897
20251021,00712,復華富時不動產,8.72,8.76,8.72,8.75,+,0.07,14948933,130761890.0,6678965,0,-1004271,6823000,0,467999,144035,0,1472270
20251021,2890,永豐金,26.25,26.25,25.95,26.1,+,0.05,14307617,373058088.0,5330873,-40000,319000,8996557,493000,396000,3665684,533000,77000
20251021,3711,日月光投控,200.0,200.0,194.0,195.0,-,5.0,25981186,5102846204.0,3064181,1304000,1167253,13685156,1712000,1479907,10620975,408000,312654
20251021,9105,泰金寶-DR,6.34,6.43,6.34,6.38,+,0.07,20479372,130880090.0,5350000,0,59495,8053000,0,59505,2703000,0,10
20251021,00927,群益半導體收益,20.59,20.79,20.59,20.65,+,0.16,7882134,163027055.0,272210,0,4917513,292250,0,6904907,20040,0,1987394
20251021,2317,鴻海,241.5,245.5,238.0,239.0,+,0.5,120698819,29149120621.0,8152664,-2909911,-227787,40062781,903000,3813837,31910117,3812911,4041624
20251021,1795,美時,278.5,306.5,274.5,306.5,+,27.5,14677758,4350943784.0,2560580,1797000,380864,3895100,1797000,547972,1334520,0,167108
20251021,00946,群益科技高息成長,10.35,10.39,10.32,10.34,+,0.05,6840867,70855861.0,38000,0,4641032,61000,0,5436150,23000,0,795118
20251021,8112,至上,55.3,56.5,54.3,56.0,+,0.7,24455623,1362145138.0,4775730,176583,-275186,8756000,200000,512193,3980270,23417,787379
20251021,6209,今國光,40.1,44.2,40.0,43.9,+,3.7,13791244,601686065.0,4125000,0,7949,5675000,0,23893,1550000,0,15944
20251021,00900,富邦特選高股息30,13.56,13.61,13.55,13.57,+,0.03,12984373,176458406.0,665025,0,3228380,822025,0,5605121,157000,0,2376741
20251021,2375,凱美,99.4,103.0,94.9,95.7,+,0.5,66955370,6615930088.0,3830040,0,-113480,11840040,0,319557,8010000,0,433037
20251021,1808,潤隆,34.75,36.1,34.6,35.95,+,1.6,7935392,281698662.0,3617749,0,18167,4825749,0,23170,1208000,0,5003
20251021,4904,遠傳,93.3,93.3,92.3,93.2,+,0.4,5919022,548979304.0,3971772,-553000,3000,5201092,0,78000,1229320,553000,75000
20251021,6285,啟碁,117.5,123.0,117.5,122.5,+,6.0,5901852,716229484.0,2973000,-22000,155758,4015000,10000,194758,1042000,32000,39000
20251021,00943,兆豐電子高息等權,15.01,15.18,15.01,15.05,+,0.11,3484562,52734531.0,482000,0,2551820,482000,0,2970820,0,0,419000
20251021,2356,英業達,45.3,45.7,44.9,45.4,+,0.3,13091301,593548945.0,1805440,873000,251719,4695180,2083000,444313,2889740,1210000,192594
20251021,2887,台新新光金,19.75,19.75,19.45,19.7,-,0.05,73379001,1440926064.0,1721697,-1222000,2422898,33725773,6399000,2495898,32004076,7621000,73000
20251021,2405,輔信,18.85,19.95,18.85,19.4,+,0.75,7844909,153007556.0,2870000,0,0,3826000,0,0,956000,0,0
20251021,00936,台新永續高息中小,15.73,15.88,15.72,15.75,+,0.13,4493482,71068292.0,124000,0,2694794,129000,0,4254231,5000,0,1559437
20251021,00930,永豐ESG低碳高息,17.53,17.71,17.52,17.6,+,0.09,3401178,60052998.0,151000,0,2576195,151000,0,3081195,0,0,505000
20251021,3189,景碩,151.5,151.5,147.5,150.0,-,1.0,18718561,2798634793.0,2286240,-326000,735221,7044270,12000,856060,4758030,338000,120839
20251021,1216,統一,78.8,79.2,78.6,79.1,+,0.4,5299097,418429238.0,2605318,-154471,33639,4413085,57000,158566,1807767,211471,124927
20251021,1802,台玻,28.2,28.8,28.05,28.1,+,0.1,36982433,1049709349.0,1098000,0,1270296,11024000,0,2195862,9926000,0,925566
20251021,2886,兆豐金,41.9,41.95,41.65,41.8,+,0.05,6245685,260919317.0,3517874,-1312000,112000,5008367,120000,380000,1490493,1432000,268000
20251021,3090,日電貿,81.2,84.1,80.5,82.9,+,1.8,13194404,1092029296.0,2541000,-29,-253299,5119000,113000,87802,2578000,113029,341101
20251021,2313,華通,88.0,92.7,87.8,88.7,+,2.1,73469011,6613699876.0,720035,107000,1408648,21011070,107000,2393703,20291035,0,985055
20251021,2328,廣宇,56.4,57.1,55.4,56.2,+,0.4,17079055,960882628.0,2516900,0,-288472,4941000,0,464843,2424100,0,753315
20251021,2354,鴻準,69.1,69.7,68.6,68.9,+,0.2,9642678,666580881.0,2138111,22000,-32687,3787211,22000,177640,1649100,0,210327
20251021,00902,中信電池及儲能,12.2,12.43,12.2,12.35,+,0.25,5292437,65299595.0,478000,0,1625333,750000,0,2963789,272000,0,1338456
20251021,1609,大亞,42.9,43.05,42.1,42.1,-,0.35,8619318,367765692.0,1839058,-13687,248724,3396058,0,269724,1557000,13687,21000
20251021,00891,中信關鍵半導體,19.29,19.37,19.25,19.27,+,0.1,7684971,148462224.0,104000,0,1887499,133000,0,4054740,29000,0,2167241
20251021,3715,定穎投控,92.4,94.5,91.6,93.0,+,1.1,13045427,1212587281.0,1872000,40000,77773,4564000,40000,171067,2692000,0,93294
20251021,00951,台新日本半導體,10.9,11.03,10.86,10.86,+,0.03,4957256,54342809.0,2173000,0,-206948,2173000,0,1151000,0,0,1357948
20251021,5880,合庫金,24.15,24.15,24.0,24.05,+,0.05,5565055,133866122.0,1899206,-272000,313000,2839420,25000,313000,940214,297000,0
20251021,3037,欣興,161.0,163.0,159.5,160.0,,0.0,18055061,2911149526.0,3151076,-1391000,152714,7691994,59000,387562,4540918,1450000,234848
20251021,2449,京元電子,181.0,187.5,179.0,184.0,+,6.0,33733675,6204269602.0,2845418,-751000,-211594,12691638,291000,967676,9846220,1042000,1179270
20251021,2208,台船,21.0,21.3,20.75,21.15,-,0.05,10050394,211340572.0,2412004,0,-600000,3290004,0,0,878000,0,600000
20251021,2308,台達電,1015.0,1030.0,1000.0,1020.0,+,5.0,7996535,8158683090.0,1953738,-248000,95566,4321667,23000,319771,2367929,271000,224205
20251021,6269,台郡,62.6,66.0,62.4,64.9,+,3.1,3882664,250619158.0,1645000,0,113912,2706000,0,138149,1061000,0,24237
20251021,6505,台塑化,44.1,44.15,43.2,43.5,-,0.35,4558694,198088342.0,1731393,-9959,10532,2832893,3000,119139,1101500,12959,108607
20251021,2855,統一證,23.95,24.25,23.95,24.2,+,0.25,3314095,79994330.0,998890,681000,0,1524000,681000,0,525110,0,0
20251021,00947,台新臺灣IC設計,16.45,16.59,16.45,16.52,+,0.22,2251798,37233638.0,-304,0,1637174,0,0,1973414,304,0,336240
20251021,2367,燿華,27.05,27.7,27.05,27.15,+,0.3,7102178,194163840.0,1615000,0,-69159,2824000,0,122000,1209000,0,191159
20251021,2330,台積電,1485.0,1500.0,1480.0,1480.0,,0.0,37067269,55189404010.0,-300178,1583055,236291,16654515,1694000,1491429,16954693,110945,1255138
20251021,6278,台表科,108.5,111.5,108.0,109.0,+,2.0,4196594,459718315.0,1823000,-356522,50000,2458000,0,52000,635000,356522,2000
20251021,3543,州巧,45.0,46.75,42.65,43.6,-,0.55,22361428,987393285.0,1505028,0,14,5342028,0,11195,3837000,0,11181
20251021,2634,漢翔,55.4,56.1,55.2,55.9,+,0.5,7654286,426295419.0,1368810,0,131569,3279050,0,306857,1910240,0,175288
20251021,1326,台化,30.0,30.25,29.4,29.55,-,0.25,7307059,216763283.0,1234714,0,224079,3227000,0,350922,1992286,0,126843
20251021,8150,南茂,32.6,32.75,31.8,32.05,-,0.4,5152036,166780025.0,1342040,-22240,69681,2582040,0,91942,1240000,22240,22261
20251021,2316,楠梓電,98.7,102.0,98.5,101.5,+,3.7,7890031,791006713.0,1296900,0,90189,2753000,0,119706,1456100,0,29517
20251021,6005,群益證,25.0,25.35,25.0,25.15,+,0.05,5752686,144861403.0,794000,584623,0,2852000,1399000,0,2058000,814377,0
20251021,2363,矽統,57.0,58.7,57.0,58.3,+,1.5,9174501,533697632.0,1234000,-2000,142318,2460000,0,190011,1226000,2000,47693
20251021,6919,康霈*,163.0,167.0,161.5,164.0,+,5.0,6351945,1045165918.0,1325100,6900,26000,2494533,6900,31000,1169433,0,5000
20251021,2421,建準,138.0,141.0,135.0,139.0,+,2.5,6151776,851099247.0,1328884,-2000,12924,2940884,0,184011,1612000,2000,171087
20251021,2342,茂矽,33.0,34.85,33.0,34.85,+,3.15,8560510,294951104.0,1285000,0,41958,1657000,0,41958,372000,0,0
20251021,2812,台中銀,22.5,22.5,22.25,22.25,-,0.15,9562448,213332318.0,4203000,-2971000,62073,5639000,0,73000,1436000,2971000,10927
20251021,8039,台虹,61.6,63.8,61.5,62.5,+,1.7,4506783,282849490.0,972000,148000,169565,1729000,153000,190233,757000,5000,20668
20251021,4763,材料*-KY,58.1,58.5,57.8,57.9,,0.0,4818080,279962165.0,1277100,5218,6208,2250100,54000,26018,973000,48782,19810
20251021,2392,正崴,49.35,50.5,49.35,49.6,+,0.65,4551441,227120670.0,1153000,0,91847,1862000,0,103349,709000,0,11502
20251021,3016,嘉晶,55.6,61.0,55.6,61.0,+,5.5,13520755,805672148.0,1167000,0,43866,2725000,0,75990,1558000,0,32124
20251021,2880,華南金,29.9,29.9,29.45,29.65,-,0.05,4499122,133329741.0,1079352,-177000,270816,3061634,187000,383000,1982282,364000,112184
20251021,3443,創意,1570.0,1675.0,1570.0,1675.0,+,150.0,6809999,11185536155.0,813088,42000,269035,1561157,101000,359251,748069,59000,90216
20251021,2049,上銀,212.5,219.0,211.5,216.0,+,5.0,3451036,746611389.0,833197,-1000,277029,1517757,0,294512,684560,1000,17483
20251021,1717,長興,39.05,39.05,38.3,38.55,,0.0,5605968,216210030.0,1631000,-559000,35393,2498000,0,43000,867000,559000,7607
20251021,3576,聯合再生,6.24,6.37,6.22,6.33,+,0.09,5630951,35509553.0,1098000,0,-15000,2132000,0,0,1034000,0,15000
20251021,3035,智原,165.0,169.5,165.0,167.0,+,2.0,4941211,830565945.0,1041950,-146000,161071,1759000,0,273804,717050,146000,112733
20251021,8103,瀚荃,79.5,82.9,76.3,76.7,+,1.3,14337113,1134688411.0,1052432,0,-19813,4159432,0,8045,3107000,0,27858
20251021,2401,凌陽,23.35,23.7,23.2,23.35,+,0.35,3431215,80650056.0,897000,0,133448,1486000,0,138650,589000,0,5202
20251021,2515,中工,11.3,11.4,11.25,11.3,,0.0,2659288,30091335.0,1018000,0,-20324,1529000,0,1676,511000,0,22000
20251021,2331,精英,20.9,21.45,20.8,21.1,+,0.45,3076739,65220381.0,894000,0,89000,1282000,0,96000,388000,0,7000
20251021,1409,新纖,13.35,13.5,13.35,13.35,,0.0,2405270,32271748.0,912000,0,32889,1353000,0,34000,441000,0,1111
20251021,2351,順德,82.8,85.6,82.5,85.0,+,2.8,2501672,211430387.0,877000,0,64644,1139000,0,66723,262000,0,2079
20251021,00893,國泰智能電動車,32.14,32.34,32.14,32.27,+,0.41,2598930,83883520.0,43239,0,895884,44293,0,2039000,1054,0,1143116
20251021,2352,佳世達,31.25,31.7,31.25,31.25,+,0.15,2669751,83985459.0,852000,19000,59624,1520000,26000,69624,668000,7000,10000
20251021,8261,富鼎,98.4,105.5,98.4,105.5,+,9.2,17488173,1811094268.0,706050,60000,137141,3495050,60000,174024,2789000,0,36883
20251021,00733,富邦臺灣中小,47.55,48.39,47.55,48.04,+,0.52,1744681,84113507.0,4000,0,897671,46000,0,1252267,42000,0,354596
20251021,00898,國泰基因免疫革命,7.44,7.49,7.44,7.49,+,0.23,1616844,12094235.0,1008000,0,-146467,1025000,0,229533,17000,0,376000
20251021,8070,長華*,44.3,44.95,44.1,44.3,+,0.1,2961197,131724225.0,1023000,-193505,22252,1353000,0,23598,330000,193505,1346
20251021,9945,潤泰新,30.3,30.35,30.0,30.0,-,0.15,3048803,91896099.0,925001,-1000,-92907,1705000,0,77093,779999,1000,170000
20251021,3062,建漢,24.35,24.7,24.35,24.5,+,0.3,1992370,48853617.0,827000,0,3092,1173000,0,3092,346000,0,0
20251021,8271,宇瞻,109.5,109.5,103.5,109.5,+,1.5,3482870,371047782.0,804500,65000,-45674,1131000,65000,3326,326500,0,49000
20251021,00952,凱基台灣AI50,11.55,11.62,11.51,11.53,+,0.07,2074090,23980832.0,41200,0,778618,61200,0,1213281,20000,0,434663
20251021,6191,精成科,107.5,111.5,107.0,109.5,+,4.0,10064773,1101128271.0,551184,25000,236353,4217380,706000,368809,3666196,681000,132456
20251021,00932,兆豐永續高息等權,14.66,14.8,14.66,14.72,+,0.07,976754,14410350.0,91000,0,716988,91000,0,831988,0,0,115000
20251021,2637,慧洋-KY,64.0,64.2,63.2,63.7,+,0.3,3330171,212164169.0,1095000,-289000,-1659,2166000,0,30434,1071000,289000,32093
20251021,2617,台航,29.2,29.35,28.9,29.15,+,0.1,1536459,44740681.0,921000,-132000,3000,1003000,0,3000,82000,132000,0
20251021,2501,國建,24.15,24.15,23.8,24.15,+,0.15,2371071,57033253.0,413000,424000,-50000,1361000,424000,14000,948000,0,64000
20251021,1528,恩德,14.95,15.3,14.95,15.05,+,0.25,1799051,27171725.0,768000,0,0,1078000,0,0,310000,0,0
20251021,2388,威盛,55.2,56.1,54.9,55.1,+,0.5,2819548,156432528.0,719950,0,47554,1308000,0,157584,588050,0,110030
20251021,2458,義隆,129.0,130.5,129.0,129.0,+,1.0,1796580,232626627.0,879780,-135230,22444,1060000,178000,28991,180220,313230,6547
20251021,00636,國泰中國A50,25.39,25.8,25.32,25.79,+,0.52,1055263,26995706.0,-17000,0,783413,0,0,909873,17000,0,126460
20251021,2472,立隆電,97.0,103.0,96.7,103.0,+,9.2,29808678,2981466729.0,404000,390000,-52377,5853000,390000,355905,5449000,0,408282
20251021,4916,事欣科,53.7,54.5,53.5,53.6,+,0.2,2721789,146577787.0,716000,0,12204,1224000,0,17016,508000,0,4812
20251021,9933,中鼎,31.0,31.65,30.9,31.3,+,0.5,1980735,62099269.0,713964,0,8338,1138404,0,8338,424440,0,0
20251021,3014,聯陽,131.5,134.5,131.5,133.5,+,2.5,1060693,141755922.0,717000,-15844,2018,813000,0,5018,96000,15844,3000
20251021,2402,毅嘉,50.2,50.7,50.1,50.3,+,0.2,2644545,133086346.0,682000,-80000,62501,1051000,0,63958,369000,80000,1457
20251021,00971,野村美國研發龍頭,16.38,16.44,16.38,16.42,+,0.17,999263,16413115.0,6000,0,655860,15000,0,710098,9000,0,54238
20251021,1519,華城,596.0,604.0,593.0,600.0,+,11.0,2735432,1640099051.0,768929,-145126,27294,1428697,0,49697,659768,145126,22403
20251021,00692,富邦公司治理,56.95,57.35,56.9,56.9,+,0.05,1293762,73902264.0,16000,0,634323,28000,0,862036,12000,0,227713
20251021,2355,敬鵬,33.5,34.1,33.5,33.8,+,0.35,1366298,46252649.0,638000,-20299,31289,796000,0,36446,158000,20299,5157
20251021,2323,中環,9.14,9.23,9.11,9.12,+,0.01,2850673,26102376.0,583000,0,53000,1046000,0,53000,463000,0,0
20251021,1316,上曜,15.75,15.85,15.45,15.8,+,0.15,3853482,60450245.0,399875,211000,-7000,1194875,211000,0,795000,0,7000
20251021,1612,宏泰,38.5,39.4,38.4,39.1,+,0.9,3078323,120309399.0,681100,-112000,31960,1100100,0,32960,419000,112000,1000
20251021,2535,達欣工,61.9,62.5,61.5,62.5,+,1.0,783350,48665980.0,471000,0,103016,545000,0,103016,74000,0,0
20251021,9955,佳龍,31.25,32.7,31.25,31.65,+,0.45,4637104,148180895.0,574000,0,0,1244000,0,0,670000,0,0
20251021,6271,同欣電,115.5,117.5,114.5,115.5,+,1.5,1763341,204713267.0,521000,11000,40228,803000,11000,57474,282000,0,17246
20251021,4967,十銓,130.0,130.0,127.0,128.5,+,0.5,2369368,303713032.0,596900,54000,-81000,697000,54000,1000,100100,0,82000
20251021,3033,威健,29.6,29.9,29.6,29.9,+,0.3,1953425,58141231.0,550100,-3883,23011,699100,44000,41011,149000,47883,18000
20251021,1104,環泥,32.05,32.85,31.9,32.75,+,1.25,4791672,155194245.0,733000,0,-165000,1426000,0,56000,693000,0,221000
20251021,3406,玉晶光,430.0,436.0,428.0,430.5,+,9.0,1212453,524622076.0,543176,-8000,29047,843176,4000,52225,300000,12000,23178
20251021,2399,映泰,21.4,22.6,21.2,22.55,+,1.2,7886531,173377938.0,557000,0,3259,1983000,0,5259,1426000,0,2000
20251021,00926,凱基全球菁英55,23.1,23.26,23.1,23.23,+,0.2,1397067,32456049.0,2000,0,558147,15000,0,1188147,13000,0,630000
20251021,3019,亞光,150.5,154.0,150.5,151.5,+,2.5,4175388,636490925.0,461447,0,67979,1495568,0,140435,1034121,0,72456
20251021,6443,元晶,14.05,14.5,14.05,14.3,+,0.3,2609663,37284363.0,522000,0,5531,1005000,0,14700,483000,0,9169
20251021,8422,可寧衛*,213.0,225.5,213.0,224.5,+,12.5,2389686,524692018.0,85000,10000,429405,535000,10000,484092,450000,0,54687
20251021,4540,全球傳動,40.3,41.85,40.3,41.2,+,0.95,1532773,63215810.0,502000,0,-258,667000,0,0,165000,0,258
20251021,2211,長榮鋼,112.0,113.5,110.0,112.0,,0.0,1734960,193958782.0,505000,-12983,3454,937000,182000,17454,432000,194983,14000
20251021,2548,華固,104.0,105.5,103.0,105.0,+,1.5,824245,86148444.0,467000,0,28249,621000,0,37249,154000,0,9000
20251021,2332,友訊,17.05,17.3,17.0,17.05,+,0.1,1724516,29570154.0,372000,0,118001,819000,0,138001,447000,0,20000
20251021,8011,台通,22.3,22.6,22.3,22.3,,0.0,1188340,26660580.0,490000,0,-1000,538000,0,0,48000,0,1000
20251021,3044,健鼎,321.5,333.0,318.5,320.5,+,3.5,3538652,1149232392.0,908775,-692417,271206,1706005,109000,313439,797230,801417,42233
20251021,3042,晶技,92.5,94.2,92.4,92.6,+,0.9,2444266,227896648.0,498000,-61806,48846,900000,0,89614,402000,61806,40768
20251021,4526,東台,32.85,34.45,32.85,33.9,+,1.05,2662869,90133140.0,465000,0,0,969000,0,0,504000,0,0
20251021,3051,力特,20.3,20.5,19.95,20.2,,0.0,832697,16902725.0,464000,0,0,497000,0,0,33000,0,0
20251021,00897,富邦基因免疫生技,8.1,8.14,8.1,8.12,+,0.19,607381,4931062.0,148000,0,314648,153000,0,314648,5000,0,0
20251021,2537,聯上發,11.2,11.5,11.2,11.3,+,0.15,977020,11081372.0,467000,0,-7000,550000,0,0,83000,0,7000
20251021,2419,仲琦,24.0,24.25,23.85,23.9,+,0.05,838061,20168688.0,456000,0,3078,493000,0,3078,37000,0,0
20251021,00924,復華S&P500成長,27.8,27.95,27.8,27.92,+,0.17,1700748,47472862.0,257033,0,192736,257040,0,366999,7,0,174263
20251021,3665,貿聯-KY,1300.0,1320.0,1280.0,1290.0,,0.0,2624783,3414518474.0,361670,116000,-33344,1474368,168000,36673,1112698,52000,70017
20251021,00903,富邦元宇宙,17.99,18.04,17.99,18.0,+,0.35,535897,9651958.0,241000,0,190450,245000,0,242450,4000,0,52000
20251021,2353,宏碁,31.65,31.7,31.3,31.3,-,0.05,15752152,495545798.0,2128884,-1481000,-219954,6793914,65000,262869,4665030,1546000,482823
20251021,3006,晶豪科,85.6,86.0,83.2,84.2,-,1.0,9763660,824340119.0,479020,0,-53742,2519120,0,333236,2040100,0,386978
20251021,6806,森崴能源,61.3,61.8,60.8,61.4,+,0.1,1194175,73282130.0,439000,0,-14000,572000,0,4000,133000,0,18000
20251021,3041,揚智,30.9,30.9,30.15,30.45,+,0.1,1372618,41848906.0,410001,0,0,560001,0,0,150000,0,0
20251021,1514,亞力,101.5,102.5,101.0,101.5,+,1.0,1147458,116829151.0,383932,20000,2000,588932,20000,3000,205000,0,1000
20251021,3003,健和興,50.5,51.8,50.5,51.5,+,1.3,624555,32049034.0,401000,0,1845,453000,0,1895,52000,0,50
20251021,8404,百和興業-KY,25.8,26.0,25.7,25.9,+,0.35,755654,19553910.0,282000,108000,7000,372000,108000,7000,90000,0,0
20251021,2338,光罩,39.8,40.15,39.5,39.7,+,0.6,1107660,44106829.0,401981,0,-7201,630981,0,2138,229000,0,9339
20251021,3380,明泰,32.95,33.2,32.35,32.75,+,0.3,2167697,71133362.0,356000,-1000,39472,792000,0,93472,436000,1000,54000
20251021,3135,凌航,45.0,45.9,43.05,43.95,-,1.05,2098980,92576374.0,391000,0,1000,503000,0,1000,112000,0,0
20251021,3047,訊舟,18.0,18.15,17.9,17.95,+,0.1,1291133,23297695.0,382000,0,0,620000,0,0,238000,0,0
20251021,1611,中電,13.2,13.45,13.2,13.3,+,0.15,762358,10177197.0,377000,0,2999,420000,0,3000,43000,0,1
20251021,6901,鑽石投資,18.3,18.55,18.1,18.1,-,0.1,625810,11445541.0,370000,0,8000,390000,0,8000,20000,0,0
20251021,6591,動力-KY,78.9,81.6,78.9,80.9,+,2.1,874794,70643021.0,337000,0,40000,432000,0,40000,95000,0,0
20251021,2614,東森,21.45,21.9,21.35,21.8,+,0.45,1557468,33738329.0,169000,205000,-1000,537000,205000,0,368000,0,1000
20251021,00757,統一FANG+,119.2,119.5,119.1,119.3,+,1.85,2883342,343949461.0,144867,0,226015,174025,0,851015,29158,0,625000
20251021,1536,和大,59.6,61.4,59.5,60.7,+,1.9,2094134,126964319.0,304000,0,64183,613000,0,108056,309000,0,43873
20251021,5469,瀚宇博,90.6,92.8,89.5,90.4,+,0.9,6927764,630307328.0,346300,0,21334,2131300,0,68325,1785000,0,46991
20251021,2892,第一金,29.05,29.1,28.85,29.0,+,0.1,9611472,278193896.0,472492,-492000,385420,5492934,3000,422000,5020442,495000,36580
20251021,4576,大銀微系統,110.0,115.0,110.0,114.5,+,5.5,1101704,124960789.0,318870,0,39794,574000,0,48425,255130,0,8631
20251021,6415,矽力*-KY,239.5,243.5,235.5,240.0,+,5.0,3423481,820342390.0,347666,17000,-7660,1533230,20000,25697,1185564,3000,33357
20251021,2836,高雄銀,12.3,12.3,12.2,12.2,,0.0,1050725,12857004.0,335000,0,22000,441000,0,22000,106000,0,0
20251021,2455,全新,147.5,151.5,147.0,150.0,+,4.5,4055560,608216335.0,1224000,-915000,46049,2377000,8000,108868,1153000,923000,62819
20251021,8341,日友,80.0,84.2,79.5,84.0,+,4.5,917513,75824254.0,332100,0,21189,443100,0,22089,111000,0,900
20251021,1905,華紙,12.55,12.55,12.25,12.25,-,0.2,925667,11464396.0,336000,0,15000,485000,0,15000,149000,0,0
20251021,6525,捷敏-KY,80.7,87.5,80.6,86.2,+,6.2,1799377,152692361.0,362000,0,-11048,661000,0,1079,299000,0,12127
20251021,5258,虹堡,71.7,75.5,71.7,75.0,+,3.3,551466,41101824.0,347000,0,1294,395000,0,1294,48000,0,0
20251021,1304,台聚,10.6,10.6,10.4,10.45,-,0.05,1700513,17840047.0,336000,0,8592,770000,0,11000,434000,0,2408
20251021,1810,和成,18.9,19.0,18.8,18.8,,0.0,1056376,19936789.0,342000,0,1999,575000,0,2000,233000,0,1
20251021,2492,華新科,115.5,121.0,113.0,113.5,,0.0,58786425,6856177536.0,784201,0,-443868,12438201,0,444864,11654000,0,888732
20251021,2489,瑞軒,15.4,15.75,15.3,15.3,+,0.05,3539088,54942843.0,323486,0,14277,1247486,0,14277,924000,0,0
20251021,6176,瑞儀,132.0,134.5,131.5,132.5,+,1.5,1340693,178550243.0,702000,-366644,678,929000,10000,8177,227000,376644,7499
20251021,2233,宇隆,229.0,234.5,223.0,227.0,+,4.0,2777652,636535161.0,212000,-24000,147271,980000,0,197681,768000,24000,50410
20251021,2630,亞航,54.6,55.7,54.6,55.3,+,0.5,2442789,134643616.0,324780,0,9318,947000,0,10581,622220,0,1263
20251021,3049,精金,6.73,6.95,6.7,6.76,+,0.11,1626327,11065548.0,334000,0,-118,509000,0,249,175000,0,367
20251021,1529,樂事綠能,21.2,21.6,21.2,21.45,+,0.3,659756,14155320.0,332000,0,0,376000,0,0,44000,0,0
20251021,3376,新日興,224.0,227.5,222.0,225.0,+,4.5,3465677,780988199.0,425000,-110000,14361,1619000,0,121862,1194000,110000,107501
20251021,8033,雷虎,128.0,128.0,125.5,126.0,-,2.0,1514339,190682170.0,102963,0,223428,292000,0,228319,189037,0,4891
20251021,2357,華碩,691.0,698.0,689.0,691.0,+,5.0,1534653,1063097555.0,588181,-296007,31786,920453,16000,49986,332272,312007,18200
20251021,3022,威強電,67.8,70.5,67.8,70.1,+,2.6,1435665,99693136.0,319000,-3000,2530,601000,0,4000,282000,3000,1470
20251021,3518,柏騰,20.85,22.25,20.85,22.25,+,1.55,1145966,24946928.0,309000,0,8000,542000,0,11000,233000,0,3000
20251021,6862,三集瑞-KY,191.5,200.5,189.0,200.5,+,18.0,3493008,693840632.0,309780,0,3668,673000,0,21322,363220,0,17654
20251021,00944,野村趨勢動能高息,14.24,14.31,14.23,14.24,+,0.02,398508,5683737.0,28000,0,284274,31000,0,311890,3000,0,27616
20251021,00770,國泰北美科技,55.6,55.7,55.6,55.65,+,0.45,457591,25455175.0,49000,0,259570,52000,0,265570,3000,0,6000
20251021,6531,愛普*,373.0,396.0,371.5,384.5,+,11.5,5434279,2098626574.0,295150,-71000,81088,1410150,24000,117889,1115000,95000,36801
20251021,8996,高力,534.0,538.0,515.0,520.0,-,9.0,1875952,977666416.0,325920,-26000,3998,709020,0,61398,383100,26000,57400
20251021,6409,旭隼,1185.0,1200.0,1140.0,1165.0,+,25.0,2297620,2681725505.0,337982,-24000,-13107,1444991,0,6293,1107009,24000,19400
20251021,1312,國喬,10.45,10.45,10.25,10.35,,0.0,2365345,24452904.0,324000,0,-23879,1047000,0,10133,723000,0,34012
20251021,2605,新興,24.3,24.55,24.1,24.5,+,0.25,3062654,74495113.0,37000,0,262694,856000,0,283250,819000,0,20556
20251021,3717,聯嘉投控,19.45,20.2,19.45,20.05,+,0.65,446205,8920482.0,299000,0,0,313000,0,0,14000,0,0
20251021,8016,矽創,218.0,221.5,215.0,215.0,-,0.5,1093708,238470231.0,337000,-66810,26246,537000,0,49299,200000,66810,23053
20251021,3031,佰鴻,21.6,21.8,21.45,21.5,,0.0,699802,15155208.0,295000,0,-165,348000,0,2000,53000,0,2165
20251021,00892,富邦台灣半導體,21.06,21.12,20.95,20.99,+,0.11,856987,18039281.0,106000,0,188221,173000,0,493277,67000,0,305056
20251021,1809,中釉,19.05,19.25,18.85,19.0,+,0.2,738838,14121714.0,292000,0,1608,446000,0,3000,154000,0,1392
20251021,6589,台康生技,69.0,72.2,69.0,69.7,+,1.2,931625,65742447.0,288000,0,4000,510000,0,4000,222000,0,0
20251021,4585,達明,398.0,435.0,395.0,435.0,+,39.5,1583856,671525044.0,263535,0,25237,351000,0,25237,87465,0,0
20251021,2201,裕隆,32.7,33.2,32.65,32.65,-,0.05,1466713,48198247.0,279000,-3000,12689,705000,0,22000,426000,3000,9311
20251021,3058,立德,11.2,12.05,11.2,11.75,+,0.55,1635326,19317509.0,288000,0,0,550000,0,0,262000,0,0
20251021,2451,創見,133.0,136.0,127.0,131.5,+,0.5,5672328,750319074.0,-132800,389652,27427,1869400,735000,141804,2002200,345348,114377
20251021,3060,銘異,23.0,23.5,23.0,23.2,+,0.35,1048118,24375006.0,283000,0,1000,437000,0,1000,154000,0,0
20251021,3305,昇貿,99.0,107.0,99.0,107.0,+,9.5,14710683,1538509670.0,61443,0,222209,3833443,0,292417,3772000,0,70208
20251021,00905,FT臺灣Smart,16.72,16.79,16.72,16.73,+,0.09,2010880,33700914.0,-89000,0,371341,40000,0,745341,129000,0,374000
20251021,8210,勤誠,733.0,738.0,712.0,714.0,-,13.0,2106254,1520435175.0,383004,-16000,-88714,871050,28000,24380,488046,44000,113094
20251021,2597,潤弘,171.0,172.5,168.5,171.0,+,2.0,484049,82718283.0,265400,-5000,4000,368000,0,4000,102600,5000,0
20251021,1307,三芳,30.55,31.25,30.55,31.05,+,0.5,940013,29139000.0,275000,-11737,0,463000,0,0,188000,11737,0
20251021,6477,安集,39.3,39.95,39.05,39.3,+,0.15,657734,26015581.0,260000,0,967,376000,0,1000,116000,0,33
20251021,00916,國泰全球品牌50,26.48,26.57,26.48,26.52,+,0.28,328318,8713855.0,127130,0,132435,127130,0,150435,0,0,18000
20251021,00962,台新AI優息動能,11.14,11.27,11.14,11.19,+,0.09,760712,8527083.0,-5000,0,263460,2000,0,480296,7000,0,216836
20251021,2645,長榮航太,154.0,154.5,150.0,153.0,,0.0,1873673,286220496.0,264000,0,-7542,1018000,0,22118,754000,0,29660
20251021,3545,敦泰,61.2,63.2,61.2,62.9,+,2.1,1617828,100868356.0,253365,-1000,2874,721000,0,7040,467635,1000,4166
20251021,1618,合機,44.8,45.0,44.6,44.75,+,0.2,589957,26453883.0,255000,0,-52,333000,0,1000,78000,0,1052
20251021,00954,中信日本半導體,11.59,11.63,11.44,11.46,+,0.03,1166952,13501861.0,141000,0,111014,141000,0,336367,0,0,225353
20251021,3413,京鼎,330.0,337.5,328.0,330.0,+,5.0,2461748,817561269.0,151700,-13000,112476,667000,0,157272,515300,13000,44796
20251021,00639,富邦深100,14.08,14.47,14.08,14.46,+,0.4,822391,11772804.0,-81000,0,332108,7000,0,473468,88000,0,141360
20251021,4566,時碩工業,59.1,60.0,58.5,59.4,+,0.7,834610,49558939.0,254000,0,-2895,376000,0,1105,122000,0,4000
20251021,2102,泰豐,19.6,19.95,19.6,19.85,+,0.25,578134,11475771.0,250000,0,0,344000,0,0,94000,0,0
20251021,2913,農林,14.15,14.15,13.95,14.0,+,0.05,936169,13151655.0,229000,0,19000,491000,0,19000,262000,0,0
20251021,4934,太極,14.85,16.05,14.8,16.05,+,1.45,2814381,44667360.0,241850,0,5683,322000,0,5683,80150,0,0
20251021,5225,東科-KY,109.5,113.5,109.0,113.0,+,4.0,918089,102459041.0,244252,0,975,493267,0,1162,249015,0,187
20251021,1308,亞聚,13.1,13.15,12.8,12.95,-,0.05,1024683,13287872.0,239000,0,4897,452000,0,6000,213000,0,1103
20251021,3673,TPK-KY,37.35,37.7,37.3,37.3,+,0.1,854421,32038616.0,235004,0,7870,507004,0,9051,272000,0,1181
20251021,2427,三商電,25.85,26.0,25.55,25.65,-,0.05,1039453,26802332.0,307784,-65000,0,456000,0,1000,148216,65000,1000
20251021,00643,群益深証中小,15.57,15.86,15.54,15.86,+,0.39,2615991,41315092.0,-42000,0,278068,121000,0,2390234,163000,0,2112166
20251021,2485,兆赫,13.85,14.2,13.8,13.8,,0.0,975213,13622147.0,207000,0,27417,378000,0,28522,171000,0,1105
20251021,2062,橋椿,22.55,23.2,22.3,22.9,+,0.5,550306,12532719.0,249000,-13000,-2000,295000,0,2000,46000,13000,4000
20251021,1721,三晃,12.55,12.9,12.4,12.7,+,0.3,649585,8223098.0,231000,0,997,297000,0,1000,66000,0,3
20251021,2439,美律,101.5,103.0,101.5,101.5,+,0.5,1440431,147087590.0,396000,-171056,4274,784000,0,9650,388000,171056,5376
20251021,3015,全漢,55.6,56.0,55.4,55.5,+,0.3,410179,22827959.0,227000,0,2000,304000,0,2000,77000,0,0
20251021,8213,志超,34.65,35.5,34.5,34.5,+,0.15,560591,19644161.0,227000,0,2000,345000,0,2000,118000,0,0
20251021,6533,晶心科,280.0,288.0,280.0,281.5,+,5.5,899857,255775111.0,226001,0,1168,430001,0,9454,204000,0,8286
20251021,00912,中信臺灣智慧50,20.83,21.01,20.83,20.91,+,0.08,943551,19775730.0,7200,0,218860,8200,0,906000,1000,0,687140
20251021,4551,智伸科,151.0,153.0,149.0,152.0,+,4.0,1074753,162883311.0,203000,0,21109,500000,0,32109,297000,0,11000
20251021,3605,宏致,68.2,70.0,68.2,69.5,+,1.5,1922321,133481277.0,207000,0,17090,631000,0,20326,424000,0,3236
20251021,2420,新巨,50.0,50.8,50.0,50.4,+,0.2,460182,23164731.0,218000,0,2457,254000,0,2457,36000,0,0
20251021,6139,亞翔,432.0,438.5,428.0,433.0,+,5.0,3658920,1585333881.0,147431,-17000,87654,1011729,5000,120711,864298,22000,33057
20251021,3311,閎暉,35.75,36.4,35.5,36.4,+,1.0,1261037,45483307.0,216000,0,1000,339000,0,1000,123000,0,0
20251021,3013,晟銘電,136.0,136.5,128.0,128.0,-,4.0,15084763,1991625772.0,434200,194000,-412032,3010200,280000,81849,2576000,86000,493881
20251021,8081,致新,225.0,227.5,223.5,223.5,-,0.5,465626,104795603.0,227000,-12456,1485,302000,0,1485,75000,12456,0
20251021,3530,晶相光,62.2,68.2,62.2,66.8,+,4.7,1579007,105799664.0,218000,0,-2004,442000,0,3943,224000,0,5947
20251021,00965,元大航太防衛科技,22.47,22.59,22.47,22.51,+,0.31,7693132,173345439.0,871759,0,-657196,947759,0,2560000,76000,0,3217196
20251021,9958,世紀鋼,161.0,163.0,161.0,161.0,,0.0,1045246,169051600.0,314000,-118000,17980,554000,0,41000,240000,118000,23020
20251021,00960,野村全球航運龍頭,13.56,13.56,13.51,13.53,-,0.02,710313,9612004.0,-6000,0,219151,0,0,306000,6000,0,86849
20251021,2426,鼎元,17.45,17.8,17.3,17.55,+,0.3,412303,7251225.0,208000,0,3000,249000,0,3000,41000,0,0
20251021,4961,天鈺,159.5,160.5,157.5,158.5,+,1.0,642615,102140330.0,246020,-39644,2882,353020,0,5158,107000,39644,2276
20251021,00923,群益台ESG低碳50,25.1,25.22,25.05,25.07,+,0.11,4108118,103360267.0,234000,0,-27330,244000,0,1944509,10000,0,1971839
20251021,0061,元大寶滬深,21.75,22.05,21.75,22.0,+,0.25,278851,6122063.0,25000,0,180538,25000,0,187646,0,0,7108
20251021,2915,潤泰全,53.1,53.2,52.5,52.5,-,0.2,1454926,76838816.0,365000,-64000,-98826,784000,0,59312,419000,64000,158138
20251021,00876,元大全球5G,47.02,47.4,47.02,47.3,+,0.51,333127,15747428.0,381,0,197901,1381,0,246555,1000,0,48654
20251021,6753,龍德造船,131.0,131.5,128.0,129.0,-,1.5,1913022,247378338.0,202000,0,-3988,927000,0,18415,725000,0,22403
20251021,1590,亞德客-KY,885.0,893.0,880.0,893.0,+,19.0,716854,637041078.0,196185,0,-112,642341,0,7888,446156,0,8000
20251021,1102,亞泥,37.05,37.1,36.8,37.0,+,0.1,2415382,89253499.0,931959,-742884,6000,1709305,76000,34000,777346,818884,28000
20251021,8046,南電,280.0,283.0,272.5,273.5,-,4.0,16245032,4496683257.0,93600,-216,101683,4657635,5000,412493,4564035,5216,310810
20251021,1589,永冠-KY,22.55,22.55,22.2,22.35,+,0.15,723530,16178277.0,193000,0,1235,286000,0,2000,93000,0,765
20251021,3504,揚明光,59.0,61.6,58.7,59.6,+,1.5,864774,51981860.0,236000,0,-42795,392000,0,1084,156000,0,43879
20251021,6206,飛捷,107.0,109.0,107.0,107.5,+,1.0,704085,76136568.0,261000,-70000,2131,366000,0,6263,105000,70000,4132
20251021,00911,兆豐洲際半導體,31.13,31.35,31.11,31.11,+,0.25,437808,13646057.0,22255,0,170103,25255,0,306000,3000,0,135897
20251021,3209,全科,30.7,31.05,30.7,30.8,+,0.1,411960,12740794.0,214000,-23937,989,252000,0,1000,38000,23937,11
20251021,6405,悅城,27.1,29.45,27.1,28.15,+,1.35,1615051,46881866.0,181000,0,5447,267000,0,5447,86000,0,0
20251021,2417,圓剛,40.95,41.7,40.55,41.2,+,1.0,686491,28317818.0,186000,0,0,322000,0,0,136000,0,0
20251021,1598,岱宇,23.4,24.6,23.1,24.35,+,1.1,1330956,32026753.0,182000,0,2000,268000,0,2000,86000,0,0
20251021,2851,中再保,24.55,24.65,24.3,24.6,+,0.05,992603,24373538.0,234000,0,-50000,334000,0,10000,100000,0,60000
20251021,7610,聯友金屬-創,103.5,113.5,102.0,113.5,+,10.0,705496,76418436.0,190000,0,-6756,198000,0,6244,8000,0,13000
20251021,3588,通嘉,51.8,52.7,51.0,51.6,+,1.8,646962,33729875.0,183000,0,0,268000,0,0,85000,0,0
20251021,8473,山林水,42.85,42.85,41.75,42.25,-,0.4,1056545,44469967.0,150000,0,32000,296000,0,33000,146000,0,1000
20251021,6202,盛群,41.0,41.65,40.9,40.9,+,0.2,558898,23036247.0,177000,0,3985,275000,0,3985,98000,0,0
20251021,3346,麗清,21.6,21.9,21.5,21.55,+,0.15,431658,9360051.0,180000,0,0,232000,0,0,52000,0,0
20251021,2258,鴻華先進-創,39.0,39.6,38.8,39.05,+,0.3,565097,22210512.0,180000,0,0,256000,0,8000,76000,0,8000
20251021,2539,櫻花建,48.2,48.65,47.95,48.35,+,0.35,875941,42354159.0,469000,-293983,-78,562000,0,1000,93000,293983,1078
20251021,9904,寶成,29.4,29.45,29.2,29.25,+,0.05,5298322,155351637.0,411463,-218000,-20323,2001000,0,58677,1589537,218000,79000
20251021,9921,巨大,104.5,104.5,102.0,103.5,-,0.5,1069626,110749413.0,169070,0,2736,751005,0,3998,581935,0,1262
20251021,00896,中信綠能及電動車,19.51,19.64,19.45,19.47,+,0.09,1566663,30638875.0,8150,0,163641,42150,0,1159030,34000,0,995389
20251021,1587,吉茂,41.0,41.75,40.75,40.8,,0.0,512777,21068066.0,170000,0,0,229000,0,0,59000,0,0
20251021,6491,晶碩,307.5,317.5,307.5,314.0,+,8.0,516952,162363809.0,164000,0,5678,303000,0,5689,139000,0,11
20251021,3437,榮創,16.1,16.3,15.85,15.9,+,0.05,552198,8829621.0,167000,0,0,239000,0,0,72000,0,0
20251021,6283,淳安,25.7,26.75,25.7,26.1,+,0.2,329615,8649212.0,168000,0,-2000,182000,0,0,14000,0,2000
20251021,1540,喬福,23.1,24.1,23.1,24.1,+,1.2,719184,17116688.0,152000,0,14000,292000,0,17000,140000,0,3000
20251021,00921,兆豐龍頭等權重,17.22,17.23,17.11,17.12,+,0.01,257308,4415729.0,18100,0,147498,18100,0,173341,0,0,25843
20251021,2425,承啟,29.8,31.55,29.8,30.25,+,0.65,745006,22800188.0,165000,0,0,281000,0,0,116000,0,0
20251021,1563,巧新,47.15,49.0,46.9,48.4,+,1.9,658953,31628223.0,164000,0,0,245000,0,0,81000,0,0
20251021,1325,恆大,29.65,30.3,29.65,30.1,+,0.5,334021,10051800.0,164000,0,0,175000,0,0,11000,0,0
20251021,4555,氣立,45.0,46.7,45.0,45.6,+,1.0,427600,19734914.0,168000,0,-5000,259000,0,0,91000,0,5000
20251021,4739,康普,66.4,69.2,66.4,67.2,+,0.5,1309515,88482961.0,157000,-1000,6605,490000,0,8427,333000,1000,1822
20251021,2412,中華電,133.5,133.5,133.0,133.0,,0.0,2450203,326200028.0,227809,-159000,93626,1019237,0,167927,791428,159000,74301
20251021,6550,北極星藥業-KY,35.8,36.25,35.8,35.9,+,0.1,357150,12870889.0,162308,0,0,180308,0,0,18000,0,0
20251021,8249,菱光,56.6,57.5,55.9,56.3,+,0.8,1725256,97638659.0,145000,0,16793,433000,0,18032,288000,0,1239
20251021,2349,錸德,9.89,9.99,9.89,9.89,,0.0,1282709,12728300.0,161000,0,0,424000,0,0,263000,0,0
20251021,1603,華電,39.05,39.2,38.7,39.15,+,0.4,343493,13394666.0,74000,89000,-2000,180000,89000,0,106000,0,2000
20251021,4720,德淵,15.2,15.35,14.5,14.95,-,0.15,566491,8525932.0,163000,-3080,0,191000,0,0,28000,3080,0
20251021,5471,松翰,36.4,37.3,36.4,36.9,+,0.45,383223,14194506.0,160000,0,-757,246000,0,0,86000,0,757
20251021,00731,復華富時高息低波,68.7,69.25,68.5,68.5,-,0.15,876860,60220689.0,20000,0,137371,20000,0,825592,0,0,688221
20251021,1473,台南,31.5,33.15,30.25,32.45,+,1.3,1939171,61915729.0,154160,0,3000,392160,0,3000,238000,0,0
20251021,6558,興能高,41.85,42.2,41.6,41.9,+,0.5,716982,30044551.0,157000,0,-13,311000,0,0,154000,0,13
20251021,6166,凌華,59.9,60.8,59.6,60.0,+,0.7,443443,26721987.0,157000,0,-240,282000,0,2760,125000,0,3000
20251021,4164,承業醫,43.95,45.8,43.95,44.75,+,0.85,1005600,45302827.0,141000,0,15158,493000,0,33283,352000,0,18125
20251021,00949,復華日本龍頭,17.94,18.01,17.88,17.89,+,0.07,994386,17858960.0,116000,0,40057,118000,0,361521,2000,0,321464
20251021,1449,佳和,11.85,11.95,11.75,11.85,+,0.15,472565,5602788.0,156000,0,-105,212000,0,1000,56000,0,1105
20251021,1503,士電,177.5,178.5,176.0,176.0,+,0.5,702590,124339134.0,138030,-3000,20671,313030,0,23671,175000,3000,3000
20251021,5285,界霖,50.5,51.7,50.4,51.6,+,1.1,446531,22740051.0,154000,0,1000,192000,0,1000,38000,0,0
20251021,3023,信邦,227.0,233.0,227.0,230.5,+,4.0,1166560,268599377.0,164965,-11000,-1511,737000,7000,2004,572035,18000,3515
20251021,3338,泰碩,56.5,57.5,56.5,57.3,+,1.4,386027,22050906.0,151000,0,1000,213000,0,1000,62000,0,0
20251021,4919,新唐,64.6,65.5,63.6,64.0,,0.0,1908406,123122303.0,146000,0,3034,539000,0,21236,393000,0,18202
20251021,4956,光鋐,19.85,20.15,19.85,19.85,+,0.1,382800,7653028.0,149000,0,0,219000,0,0,70000,0,0
20251021,3312,弘憶股,41.0,41.6,40.95,41.0,-,0.05,816585,33713443.0,148000,0,-442,360000,0,2558,212000,0,3000
20251021,2368,金像電,417.0,426.0,415.0,420.5,+,6.5,3938080,1660883347.0,198562,16000,-68641,1763609,27000,127285,1565047,11000,195926
20251021,3052,夆典,11.0,11.05,11.0,11.05,+,0.05,860924,9488869.0,144000,0,0,193000,0,0,49000,0,0
20251021,00917,中信特選金融,23.2,23.21,23.15,23.15,+,0.25,176136,4080691.0,-3000,0,145050,0,0,148398,3000,0,3348
20251021,4766,南寶,369.5,370.0,363.5,366.0,+,0.5,526086,192859553.0,222000,-83314,1318,302000,0,7003,80000,83314,5685
20251021,2020,美亞,23.5,23.7,23.45,23.6,+,0.15,303913,7180090.0,137000,0,2200,220000,0,3000,83000,0,800
20251021,1907,永豐餘,25.9,26.15,25.85,26.05,+,0.2,365710,9516935.0,41000,0,98007,148000,0,99007,107000,0,1000
20251021,8222,寶一,45.9,46.4,45.9,45.9,+,0.2,373847,17210537.0,137000,0,84,192000,0,84,55000,0,0
20251021,6243,迅杰,33.75,35.8,33.75,35.2,+,1.75,520402,18327219.0,137000,0,-177,194000,0,0,57000,0,177
20251021,1560,中砂,328.0,329.5,320.5,321.0,-,2.5,2537229,820899553.0,250007,-91000,-22818,893007,0,24458,643000,91000,47276
20251021,00645,富邦日本,45.67,45.74,45.39,45.53,+,0.34,637029,29037846.0,0,0,134444,0,0,442763,0,0,308319
20251021,9919,康那香,17.1,17.2,17.0,17.05,,0.0,238497,4075073.0,132000,0,2000,136000,0,2000,4000,0,0
20251021,6799,來頡,80.6,83.5,80.6,81.7,+,1.1,316381,26000131.0,154000,-20000,-520,188000,0,0,34000,20000,520
20251021,5283,禾聯碩,68.5,71.5,68.5,71.5,+,3.0,400016,27960223.0,130000,0,1000,150000,0,1000,20000,0,0
20251021,2540,愛山林,50.5,51.4,50.5,51.4,+,0.9,836858,42810087.0,-62000,182000,11000,279000,182000,11000,341000,0,0
20251021,8072,陞泰,32.35,33.2,32.25,32.8,+,0.45,343256,11290360.0,131000,0,-7,181000,0,7000,50000,0,7007
20251021,2369,菱生,20.5,20.85,20.15,20.25,-,0.2,4296714,87644173.0,154000,0,-23366,1070000,0,11637,916000,0,35003
20251021,6657,華安,49.75,50.8,49.4,49.45,+,0.15,226741,11353139.0,129000,0,0,145000,0,0,16000,0,0
20251021,8215,明基材,22.75,22.95,22.55,22.8,+,0.2,414908,9454113.0,128000,-2000,3000,248000,0,3000,120000,2000,0
20251021,6526,達發,513.0,517.0,506.0,507.0,+,1.0,289450,148009572.0,122933,1000,2425,140933,2000,6432,18000,1000,4007
20251021,4949,有成精密,37.3,38.55,37.3,38.45,+,1.3,367143,13977790.0,121000,0,5000,181000,0,5000,60000,0,0
20251021,6213,聯茂,99.5,102.0,99.4,100.5,+,1.9,4022062,405659023.0,-80450,0,204531,1207150,0,234407,1287600,0,29876
20251021,5534,長虹,77.5,78.3,77.4,77.8,+,0.7,315962,24613519.0,114478,0,8886,251000,0,9148,136522,0,262
20251021,6805,富世達,1220.0,1320.0,1215.0,1320.0,+,120.0,4178814,5373113655.0,-45000,98000,67539,956030,132000,137759,1001030,34000,70220
20251021,4942,嘉彰,36.5,36.9,36.5,36.75,+,0.5,165946,6098576.0,120000,0,-7,124000,0,0,4000,0,7
20251021,2547,日勝生,10.65,10.7,10.55,10.65,+,0.1,970042,10305805.0,119000,0,0,310000,0,0,191000,0,0
20251021,7780,大研生醫*,181.5,185.0,180.5,182.5,+,1.5,305626,55708081.0,118030,0,0,124030,0,0,6000,0,0
20251021,3028,增你強,33.4,33.55,33.2,33.3,-,0.05,332168,11097179.0,115000,0,0,141000,0,0,26000,0,0
20251021,00895,富邦未來車,37.85,38.07,37.85,37.96,+,0.23,933616,35485778.0,7963,0,106000,16000,0,417000,8037,0,311000
20251021,3094,聯傑,25.75,26.05,25.75,25.85,+,0.3,228281,5922323.0,112000,0,1000,136000,0,1000,24000,0,0
20251021,3515,華擎,292.5,299.0,292.0,295.5,+,4.0,540291,159515677.0,74650,0,36638,186000,0,46738,111350,0,10100
20251021,2497,怡利電,43.6,45.05,43.55,44.7,+,1.15,301982,13468053.0,111000,0,-541,181000,0,0,70000,0,541
20251021,3622,洋華,55.5,56.0,55.1,55.6,+,0.8,240497,13375592.0,109000,0,1000,126000,0,1000,17000,0,0
20251021,1597,直得,77.5,81.0,77.5,78.4,+,1.0,498127,39539551.0,111000,0,-1477,221000,0,1464,110000,0,2941
20251021,7749,意騰-KY,505.0,523.0,505.0,514.0,+,12.0,289043,148758388.0,107000,0,375,145000,0,375,38000,0,0
20251021,2471,資通,50.3,51.0,50.3,51.0,+,0.8,188176,9524123.0,106000,0,0,113000,0,0,7000,0,0
20251021,6168,宏齊,20.35,21.8,20.3,21.35,+,1.05,1771851,37748192.0,105000,0,1000,417000,0,2000,312000,0,1000
20251021,3607,谷崧,13.5,14.25,13.5,13.85,+,0.45,598281,8312300.0,108000,0,-3000,157000,0,0,49000,0,3000
20251021,6756,威鋒電子,86.5,89.9,86.5,88.7,+,2.7,165679,14697410.0,107000,0,-2000,128000,0,0,21000,0,2000
20251021,3038,全台,20.4,20.6,20.35,20.4,+,0.2,246109,5036738.0,106000,-2943,1000,138000,0,1000,32000,2943,0
20251021,5244,弘凱,42.4,42.9,42.2,42.2,-,0.05,250506,10640243.0,102000,0,0,115000,0,0,13000,0,0
20251021,1727,中華化,36.95,37.4,36.35,36.75,+,0.25,1363864,50068614.0,101000,0,221,414000,0,5000,313000,0,4779
20251021,2611,志信,15.15,15.25,15.1,15.2,-,0.05,233408,3539648.0,101000,0,0,126000,0,0,25000,0,0
20251021,6698,旭暉應材,35.25,36.25,35.25,35.7,+,0.45,337110,12077894.0,101000,0,0,175000,0,0,74000,0,0
20251021,6719,力智,190.0,196.5,190.0,194.5,+,5.5,343326,66712288.0,59000,42000,-383,146000,42000,3330,87000,0,3713
20251021,00771,元大US高息特別股,16.15,16.18,16.14,16.14,+,0.01,117313,1895155.0,0,0,100169,0,0,100169,0,0,0
20251021,2453,凌群,57.6,58.6,57.6,57.9,+,0.3,546788,31783250.0,99000,0,1000,233000,0,1000,134000,0,0
20251021,4989,榮科,36.4,36.4,34.5,34.6,-,1.9,4163759,145817398.0,99750,0,0,203000,0,0,103250,0,0
20251021,3714,富采,36.6,36.8,36.2,36.3,+,0.05,1014592,36984501.0,73000,0,26000,415000,0,26000,342000,0,0
20251021,2442,新美齊,25.25,25.5,25.25,25.25,,0.0,408543,10353963.0,99000,0,0,236000,0,0,137000,0,0
20251021,6446,藥華藥,518.0,524.0,513.0,518.0,+,5.0,1496531,775509077.0,-75933,184000,-11187,545714,184000,13220,621647,0,24407
20251021,2406,國碩,20.6,21.7,20.3,20.65,+,0.25,9454396,199388883.0,93000,0,3752,2899000,0,6752,2806000,0,3000
20251021,3027,盛達,24.2,24.5,24.2,24.2,+,0.2,271508,6603086.0,95045,0,0,125045,0,0,30000,0,0
20251021,2348,海悅,86.0,86.4,85.0,85.9,+,0.6,255577,21923771.0,95000,0,0,146000,0,2000,51000,0,2000
20251021,3032,偉訓,89.5,90.3,88.3,88.8,+,0.5,683855,60840722.0,141000,-45000,-1105,302000,0,61,161000,45000,1166
20251021,2379,瑞昱,540.0,542.0,535.0,537.0,+,6.0,964766,518205056.0,196694,-104000,1673,715468,29000,21673,518774,133000,20000
20251021,3011,今皓,15.2,15.5,15.0,15.15,-,0.05,522351,7942263.0,94000,0,0,241000,0,0,147000,0,0
20251021,6672,騰輝電子-KY,89.3,90.4,88.9,89.4,+,1.4,462541,41458566.0,94000,0,-38,208000,0,0,114000,0,38
20251021,9927,泰銘,54.1,54.7,53.7,54.7,+,0.5,312779,16940161.0,120000,-59000,30000,180000,0,30000,60000,59000,0
20251021,5531,鄉林,9.09,9.1,9.0,9.03,-,0.05,393276,3552817.0,91000,0,0,130000,0,0,39000,0,0
20251021,3055,蔚華科,61.0,61.7,60.4,60.8,+,0.1,337034,20538693.0,89000,0,475,126000,0,530,37000,0,55
20251021,2204,中華,60.9,60.9,59.8,60.3,-,0.1,815098,49086494.0,-91000,175513,4774,293000,192000,8853,384000,16487,4079
20251021,2633,台灣高鐵,27.45,27.45,27.3,27.35,+,0.05,1290043,35308715.0,91086,0,-2000,681000,0,23000,589914,0,25000
20251021,4562,穎漢,41.5,43.3,41.5,42.6,+,1.35,653111,27807140.0,89000,0,-25,236000,0,0,147000,0,25
20251021,3591,艾笛森,18.05,18.15,17.75,17.9,,0.0,225179,4038360.0,86200,0,745,120200,0,2000,34000,0,1255
20251021,6861,睿生光電,64.6,66.5,64.6,66.5,+,2.6,242427,15963059.0,73000,13000,500,104000,13000,4000,31000,0,3500
20251021,9938,百和,58.7,59.0,58.0,58.2,,0.0,822615,47965643.0,67000,-11000,29227,352000,0,29305,285000,11000,78
20251021,2305,全友,11.2,11.4,11.15,11.3,+,0.2,309165,3490032.0,85000,0,0,109000,0,0,24000,0,0
20251021,2468,華經,46.0,47.35,45.75,45.85,+,0.1,761095,35246690.0,84000,0,249,240000,0,1000,156000,0,751
20251021,6742,澤米,48.5,50.4,48.3,49.65,+,0.9,321771,16010786.0,83000,0,0,134000,0,0,51000,0,0
20251021,6120,達運,11.7,12.0,11.6,11.6,-,0.05,2197363,25787810.0,77100,0,5000,872000,0,5000,794900,0,0
20251021,6205,詮欣,40.95,42.1,40.9,41.5,+,0.55,215636,8945603.0,82000,0,0,92000,0,0,10000,0,0
20251021,6416,瑞祺電通,84.0,85.0,84.0,84.6,+,0.8,118343,9999761.0,81000,0,998,92000,0,1000,11000,0,2
20251021,5607,遠雄港,50.0,50.7,49.65,49.65,,0.0,441392,22129427.0,67000,0,14000,180000,0,15000,113000,0,1000
20251021,3703,欣陸,21.65,22.05,21.6,21.85,+,0.35,1454415,31820141.0,69000,0,9865,561000,0,10000,492000,0,135
20251021,6189,豐藝,48.15,48.6,47.9,47.9,-,0.05,504562,24270940.0,84893,-9282,3000,241000,0,3000,156107,9282,0
20251021,6782,視陽,187.5,192.5,187.5,192.0,+,4.5,192041,36683682.0,77000,0,1385,133000,0,1579,56000,0,194
20251021,00728,第一金工業30,36.0,36.28,35.76,35.76,-,0.1,128731,4656361.0,5000,0,73241,5000,0,88297,0,0,15056
20251021,3550,聯穎,14.5,15.1,14.5,14.6,+,0.5,618510,9117156.0,81000,0,-2820,195000,0,4011,114000,0,6831
20251021,5484,慧友,42.4,43.0,41.6,42.05,-,0.35,326869,13844004.0,78000,0,0,113000,0,0,35000,0,0
20251021,6605,帝寶,128.5,136.0,128.5,134.0,+,6.0,964152,128618393.0,80000,-11000,8857,362000,7000,16409,282000,18000,7552
20251021,2106,建大,20.05,20.2,19.95,20.05,,0.0,656582,13156293.0,68000,0,8000,348000,0,8000,280000,0,0
20251021,3686,達能,17.95,18.9,17.95,18.6,+,0.5,271090,4979897.0,74000,0,2000,97000,0,2000,23000,0,0
20251021,6928,攸泰科技,57.3,58.6,57.0,57.2,+,0.3,244208,14103375.0,76000,0,-227,122000,0,0,46000,0,227
20251021,3024,憶聲,12.05,12.05,11.75,11.8,-,0.15,1038682,12358517.0,75000,0,0,284000,0,0,209000,0,0
20251021,4142,國光生,17.7,17.95,17.7,17.75,,0.0,712708,12668067.0,72000,0,2289,258000,0,6000,186000,0,3711
20251021,6117,迎廣,82.0,82.9,81.6,82.2,+,0.3,292059,24058486.0,74000,0,4,114000,0,4,40000,0,0
20251021,2462,良得電,23.4,23.9,23.4,23.7,+,0.4,157164,3732467.0,74000,0,0,103000,0,0,29000,0,0
20251021,3040,遠見,64.3,64.7,63.3,64.5,+,0.3,388541,24905074.0,43000,0,30000,134000,0,30000,91000,0,0
20251021,4746,台耀,61.1,62.3,61.1,62.2,+,1.5,468546,28972044.0,70000,0,2376,206000,0,3376,136000,0,1000
20251021,2231,為升,112.5,115.5,112.5,114.0,+,2.0,563621,64107788.0,23000,0,48940,204000,0,64716,181000,0,15776
20251021,1466,聚隆,18.7,18.95,18.4,18.8,+,0.15,572173,10712676.0,70000,0,0,207000,0,0,137000,0,0
20251021,2613,中櫃,25.4,25.45,25.1,25.15,-,0.05,509850,12848753.0,10000,0,60000,120000,0,60000,110000,0,0
20251021,2731,雄獅,164.0,164.0,161.5,161.5,-,1.0,548373,89075170.0,43000,0,26000,216000,0,27000,173000,0,1000
20251021,6689,伊雲谷,71.0,72.0,70.9,71.4,+,0.9,153677,11005745.0,74000,-6032,1000,95000,0,1000,21000,6032,0
20251021,00762,元大全球AI,84.85,85.15,84.85,84.9,+,0.5,312383,26548847.0,2376,0,66159,3401,0,135000,1025,0,68841
20251021,4119,旭富,58.4,58.8,57.9,58.3,+,0.2,151689,8840626.0,67000,0,1000,74000,0,5000,7000,0,4000
20251021,1220,台榮,12.9,12.95,12.85,12.85,-,0.05,148005,1908250.0,68000,0,0,73000,0,0,5000,0,0
20251021,4571,鈞興-KY,161.0,167.5,161.0,165.5,+,6.0,560820,92957358.0,80000,-23000,10882,221000,0,10882,141000,23000,0
20251021,3092,鴻碩,15.1,15.15,14.95,14.95,-,0.1,204874,3077027.0,67000,0,0,69000,0,1000,2000,0,1000
20251021,2397,友通,68.8,70.5,68.8,70.2,+,1.4,219962,15416293.0,68000,0,-2000,108000,0,1000,40000,0,3000
20251021,6133,金橋,17.3,17.75,17.25,17.25,+,0.2,1162291,20335658.0,64000,0,2000,318000,0,2000,254000,0,0
20251021,6142,友勁,9.78,9.86,9.77,9.82,+,0.06,216298,2121475.0,66000,0,0,74000,0,0,8000,0,0
20251021,1455,集盛,8.13,8.13,8.09,8.09,-,0.01,183385,1486128.0,60000,0,4982,79000,0,5000,19000,0,18
20251021,00901,永豐智能車供應鏈,27.0,27.1,26.93,26.93,+,0.1,153995,4162339.0,-8000,0,72470,0,0,98188,8000,0,25718
20251021,4569,六方科-KY,167.0,170.5,166.0,170.0,+,3.0,135521,22839489.0,64000,0,0,71000,0,0,7000,0,0
20251021,4915,致伸,76.7,78.4,76.7,77.0,+,0.6,2114798,164213013.0,293700,-235727,5265,1197000,0,5583,903300,235727,318
20251021,3356,奇偶,43.85,44.7,43.85,44.4,+,0.3,225011,10003389.0,63000,0,48,103000,0,1349,40000,0,1301
20251021,2250,IKKA-KY,84.3,88.9,84.3,87.1,+,2.3,326785,28531907.0,68000,0,-5512,113000,0,488,45000,0,6000
20251021,2516,新建,14.85,14.9,14.55,14.75,+,0.15,183678,2708307.0,55000,0,7000,67000,0,7000,12000,0,0
20251021,3050,鈺德,12.3,12.35,12.15,12.25,,0.0,337609,4127599.0,61000,0,1000,92000,0,1000,31000,0,0
20251021,1760,寶齡富錦,65.7,67.0,65.7,66.7,+,1.0,143876,9561461.0,62000,0,0,85000,0,0,23000,0,0
20251021,8104,錸寶,33.9,34.25,33.75,33.75,+,0.05,593352,20160146.0,60008,0,0,254008,0,0,194000,0,0
20251021,2428,興勤,185.5,196.0,184.0,186.0,+,1.5,5042053,950675945.0,105000,52000,-97294,1235000,52000,79105,1130000,0,176399
20251021,2608,嘉里大榮,34.15,34.3,34.05,34.3,+,0.25,136301,4669026.0,55000,0,4000,66000,0,4000,11000,0,0
20251021,4438,廣越,67.3,69.2,67.0,69.1,+,1.8,141958,9685801.0,55000,0,4000,59000,0,5000,4000,0,1000
20251021,8926,台汽電,50.3,50.6,49.65,50.2,+,0.1,1825543,91444365.0,49000,0,10000,853000,0,10000,804000,0,0
20251021,00700,富邦恒生國企,18.6,18.8,18.6,18.74,+,0.34,545545,10223322.0,87000,0,-28485,87000,0,150784,0,0,179269
20251021,4906,正文,26.45,26.55,26.0,26.1,-,0.15,2100550,55099682.0,50000,-21618,29790,596000,0,31416,546000,21618,1626
20251021,6472,保瑞,647.0,652.0,644.0,649.0,+,8.0,518113,335864196.0,139013,-95765,14737,266013,0,25844,127000,95765,11107
20251021,00972,野村日本動能高息,16.29,16.38,16.27,16.28,+,0.04,495770,8079866.0,4000,0,53908,4000,0,477000,0,0,423092
20251021,8464,億豐,398.5,405.0,390.5,391.0,-,6.0,1581497,622096462.0,212033,-157243,1874,1181527,0,2150,969494,157243,276
20251021,6743,安普新,30.05,30.45,30.0,30.15,+,0.05,121389,3664737.0,56000,0,0,68000,0,0,12000,0,0
20251021,6918,愛派司,86.4,88.8,86.4,87.0,+,0.6,115427,10096066.0,56000,0,0,59000,0,0,3000,0,0
20251021,6863,永道-KY,137.0,139.5,136.0,138.5,+,2.5,104046,14342139.0,47000,0,9000,54000,0,9000,7000,0,0
20251021,2059,川湖,3740.0,3890.0,3740.0,3860.0,+,110.0,567977,2175558710.0,28336,19900,7278,274065,27600,17333,245729,7700,10055
20251021,00739,元大MSCI A股,25.67,26.08,25.67,26.07,+,0.44,164048,4249340.0,3000,0,52373,3000,0,93355,0,0,40982
20251021,00701,國泰股利精選30,27.89,27.9,27.8,27.8,-,0.02,1092597,30405685.0,7000,0,47892,7000,0,517887,0,0,469995
20251021,00908,富邦入息REITs+,13.45,13.49,13.45,13.47,+,0.07,241991,3261540.0,35000,0,19638,37000,0,145000,2000,0,125362
20251021,8462,柏文,164.0,167.0,162.5,163.0,,0.0,104424,17158634.0,53000,0,1000,61000,0,1000,8000,0,0
20251021,3501,維熹,52.0,52.5,52.0,52.2,+,0.3,140085,7330879.0,53000,0,1000,70000,0,1000,17000,0,0
20251021,6582,申豐,34.8,35.5,34.2,34.55,-,0.3,309219,10693319.0,54000,0,-999,71000,0,0,17000,0,999
20251021,1217,愛之味,10.35,10.4,10.3,10.35,,0.0,366577,3790362.0,49000,0,4000,71000,0,4000,22000,0,0
20251021,00730,富邦臺灣優質高息,23.65,23.78,23.65,23.71,+,0.1,291351,6908368.0,2000,0,50147,2000,0,138640,0,0,88493
20251021,8201,無敵,14.95,15.35,14.4,15.3,+,0.6,261703,3901615.0,48000,0,2000,75000,0,3000,27000,0,1000
20251021,6155,鈞寶,29.5,29.5,29.5,29.5,+,2.65,1026944,30294835.0,-4000,0,53997,0,0,53997,4000,0,0
20251021,2538,基泰,10.6,10.75,10.6,10.7,+,0.1,215664,2308035.0,49000,0,0,101000,0,0,52000,0,0
20251021,00717,富邦美國特別股,14.85,14.85,14.78,14.79,+,0.1,102016,1508704.0,0,0,48000,0,0,87000,0,0,39000
20251021,1516,川飛,18.15,19.5,18.0,19.4,+,1.35,222656,4277823.0,53000,0,-5994,60000,0,1006,7000,0,7000
20251021,1789,神隆,18.15,18.45,18.15,18.15,+,0.05,690763,12637939.0,39000,0,7972,319000,0,8000,280000,0,28
20251021,4564,元翎,18.5,18.6,18.35,18.4,+,0.05,566768,10439359.0,39000,0,7585,183000,0,8000,144000,0,415
20251021,1319,東陽,93.4,96.3,93.3,94.5,+,1.8,3543946,336982146.0,-2725,-47000,95881,1275275,0,109762,1278000,47000,13881
20251021,7750,新代,817.0,817.0,786.0,804.0,-,14.0,392434,312949089.0,46051,0,0,57051,0,0,11000,0,0
20251021,3454,晶睿,85.8,87.2,85.2,86.6,+,2.4,155843,13474748.0,45000,0,1000,98000,0,1000,53000,0,0
20251021,1712,興農,44.1,44.25,43.95,44.0,-,0.1,363363,16028435.0,43000,0,2928,154000,0,3000,111000,0,72
20251021,00737,國泰AI機器人,36.8,36.93,36.79,36.79,+,0.5,171461,6314124.0,12000,0,33500,12000,0,80500,0,0,47000
20251021,2509,全坤建,14.9,14.95,14.8,14.85,+,0.05,92995,1383835.0,45000,0,0,57000,0,0,12000,0,0
20251021,1616,億泰,35.45,35.6,35.05,35.2,+,0.05,822564,29046729.0,129000,-84000,-379,311000,0,0,182000,84000,379
20251021,5388,中磊,98.2,99.7,98.2,99.0,+,1.0,750525,74423564.0,241000,-200000,3527,475000,0,6148,234000,200000,2621
20251021,4960,誠美材,14.0,14.1,13.95,13.95,-,0.1,469082,6575925.0,49000,0,-5001,210000,0,0,161000,0,5001
20251021,6933,AMAX-KY,170.0,172.5,169.0,169.0,,0.0,181368,31005331.0,44000,0,-204,69000,0,0,25000,0,204
20251021,00850,元大臺灣ESG永續,54.1,54.5,54.1,54.2,+,0.2,629569,34216753.0,8000,0,35254,9000,0,237572,1000,0,202318
20251021,9934,成霖,10.45,10.5,10.3,10.45,+,0.05,569045,5914955.0,45000,0,-2000,95000,0,0,50000,0,2000
20251021,2477,美隆電,23.65,24.1,23.6,24.0,+,0.5,133363,3187830.0,42000,0,1000,59000,0,1000,17000,0,0
20251021,1527,鑽全,33.3,33.3,33.0,33.0,-,0.1,147219,4867834.0,43000,0,-324,49000,0,0,6000,0,324
20251021,6108,競國,14.9,15.05,14.8,14.8,+,0.05,167538,2495524.0,28000,0,13000,30000,0,13000,2000,0,0
20251021,4976,佳凌,35.0,36.8,35.0,35.75,+,0.85,1146146,41287138.0,40000,0,262,426000,0,2000,386000,0,1738
20251021,4306,炎洲,13.65,13.7,13.6,13.6,,0.0,819755,11169595.0,40000,0,0,272000,0,0,232000,0,0
20251021,9911,櫻花,85.3,86.5,84.8,85.6,+,0.8,352687,30246515.0,40000,0,-16,104000,0,3000,64000,0,3016
20251021,1532,勤美,26.7,27.1,26.65,26.7,+,0.15,451149,12120747.0,59000,-24218,4366,208000,0,4366,149000,24218,0
20251021,1225,福懋油,30.65,30.9,30.25,30.7,+,0.05,267574,8163257.0,39001,0,0,72001,0,0,33000,0,0
20251021,4952,凌通,39.7,40.6,39.7,40.15,+,0.45,96633,3877560.0,38000,0,1001,50000,0,1001,12000,0,0
20251021,6184,大豐電,48.4,48.75,48.4,48.5,+,0.15,118962,5773908.0,40000,0,-1000,66000,0,0,26000,0,1000
20251021,3046,建碁,48.95,49.8,48.5,48.5,-,0.3,261426,12807741.0,65000,-27000,1000,100000,0,1000,35000,27000,0
20251021,6962,奕力-KY,44.25,44.4,43.5,43.5,-,0.45,1920119,84346301.0,40000,0,-1176,476000,0,1271,436000,0,2447
20251021,3617,碩天,238.5,241.0,234.5,234.5,-,2.0,347658,82671168.0,84000,-48000,2332,134000,0,3337,50000,48000,1005
20251021,2207,和泰車,573.0,575.0,571.0,575.0,+,5.0,116552,66871703.0,30849,0,7305,97799,0,9305,66950,0,2000
20251021,00714,群益道瓊美國地產,20.22,20.26,20.22,20.24,+,0.16,294278,5956307.0,-2000,0,40036,0,0,242036,2000,0,202000
20251021,9930,中聯資源,69.0,69.4,68.7,69.0,+,0.2,127715,8817279.0,34000,0,4000,68000,0,4000,34000,0,0
20251021,1236,宏亞,24.9,26.3,24.8,26.05,+,1.1,485296,12400496.0,38000,0,0,51000,0,0,13000,0,0
20251021,4771,望隼,178.0,178.5,176.5,177.5,+,1.0,67898,12084191.0,38000,0,0,42000,0,0,4000,0,0
20251021,2642,宅配通,30.35,30.9,30.35,30.5,-,0.15,135094,4134379.0,37800,0,0,43000,0,0,5200,0,0
20251021,4736,泰博,123.0,124.5,122.5,124.0,+,1.0,123247,15193689.0,37000,0,0,53000,0,0,16000,0,0
20251021,6451,訊芯-KY,144.5,146.5,144.0,145.0,+,1.5,563361,81718734.0,43000,0,-6097,196000,0,10005,153000,0,16102
20251021,00668,國泰美國道瓊,52.1,52.2,52.1,52.1,+,0.55,47975,2499441.0,-1000,0,37828,0,0,41828,1000,0,4000
20251021,8162,微矽電子-創,38.3,40.95,38.3,39.55,+,1.55,197330,7873874.0,28000,0,8107,58000,0,53107,30000,0,45000
20251021,6835,圓裕,39.8,40.2,39.55,39.55,,0.0,84691,3373237.0,36000,0,0,38000,0,0,2000,0,0
20251021,4545,銘鈺,32.3,32.5,32.0,32.1,+,0.1,86437,2786579.0,36000,0,0,40000,0,0,4000,0,0
20251021,2438,翔耀,23.0,23.35,22.75,22.95,-,0.55,95481,2195930.0,36000,0,0,37000,0,0,1000,0,0
20251021,00920,富邦ESG綠色電力,17.55,17.59,17.5,17.53,,0.0,578044,10150462.0,358000,0,-322968,358000,0,26100,0,0,349068
20251021,1720,生達,55.3,55.3,54.9,55.0,+,0.1,196124,10793151.0,89000,-56000,2000,111000,0,2000,22000,56000,0
20251021,9902,台火,15.45,15.5,15.35,15.45,+,0.15,174859,2696929.0,34000,0,1000,40000,0,1000,6000,0,0
20251021,00875,國泰網路資安,39.6,39.67,39.57,39.57,+,0.66,112150,4442238.0,-50,0,34660,0,0,89692,50,0,55032
20251021,3528,安馳,75.5,77.0,74.5,76.1,+,1.4,305670,23135280.0,35000,0,-811,117000,0,0,82000,0,811
20251021,1446,宏和,18.75,18.75,18.55,18.6,+,0.05,166466,3111669.0,34000,0,0,88000,0,0,54000,0,0
20251021,0051,元大中型100,88.95,89.55,88.95,89.2,+,1.0,101102,9016354.0,0,0,33282,0,0,46683,0,0,13401
20251021,2414,精技,42.4,42.55,42.25,42.4,+,0.05,255874,10865609.0,33050,0,0,84050,0,0,51000,0,0
20251021,1219,福壽,13.65,13.65,13.55,13.55,-,0.05,209696,2847324.0,30000,0,3000,35000,0,3000,5000,0,0
20251021,6674,鋐寶科技,20.2,20.8,20.05,20.55,+,0.35,59655,1223711.0,33000,0,0,36000,0,0,3000,0,0
20251021,1436,華友聯,62.7,63.1,62.2,62.6,,0.0,245359,15381888.0,29875,0,2791,128000,0,2791,98125,0,0
20251021,2109,華豐,15.25,15.35,15.15,15.2,-,0.05,180743,2753121.0,32002,0,0,46002,0,0,14000,0,0
20251021,1419,新紡,58.0,58.4,56.7,57.6,-,0.3,342645,19695305.0,18000,0,13963,94000,0,16000,76000,0,2037
20251021,2362,藍天,40.4,41.05,40.4,40.4,+,0.3,264713,10763213.0,37000,-6000,94,80000,0,94,43000,6000,0
20251021,3138,耀登,94.7,96.8,94.3,95.7,+,1.0,90566,8662312.0,31000,0,0,47000,0,0,16000,0,0
20251021,1476,儒鴻,433.5,433.5,426.0,430.0,+,5.0,284150,122115261.0,35527,-6243,1714,223173,0,5289,187646,6243,3575
20251021,2436,偉詮電,52.3,53.4,51.9,52.1,+,0.6,1414423,74286064.0,134000,-106000,2320,508000,0,5619,374000,106000,3299
20251021,00830,國泰費城半導體,54.45,54.6,54.4,54.4,+,0.3,3204667,174675412.0,264595,0,-234399,501671,0,330601,237076,0,565000
20251021,2748,雲品,45.3,45.3,44.55,44.7,-,0.2,85345,3816039.0,29000,0,1000,44000,0,1000,15000,0,0
20251021,6949,沛爾生醫-創,366.0,370.0,356.0,359.0,-,3.5,118983,43107415.0,-40000,0,69768,5000,0,70000,45000,0,232
20251021,2460,建通,17.85,17.9,17.55,17.7,,0.0,183268,3242740.0,29000,0,741,59000,0,1000,30000,0,259
20251021,1617,榮星,15.5,15.55,15.4,15.4,-,0.1,95368,1474063.0,30000,0,-428,38000,0,1000,8000,0,1428
20251021,6115,鎰勝,47.05,47.05,46.5,46.55,-,0.45,143741,6713528.0,27000,0,1945,40000,0,18000,13000,0,16055
20251021,00956,中信日經高股息,10.33,10.36,10.28,10.29,+,0.01,282447,2920081.0,39000,0,-10772,41000,0,134204,2000,0,144976
20251021,6944,兆聯實業,555.0,565.0,555.0,560.0,+,4.0,254490,142502623.0,48100,-20000,53,92100,0,53,44000,20000,0
20251021,1342,八貫,83.4,83.8,83.1,83.5,+,0.6,69081,5770882.0,27000,0,0,39000,0,0,12000,0,0
20251021,4557,永新-KY,71.6,72.2,70.9,71.8,+,0.9,104092,7452095.0,27000,0,0,50000,0,0,23000,0,0
20251021,6838,台新藥,29.6,30.1,29.5,29.55,+,0.1,75613,2249704.0,29000,0,-2088,41000,0,0,12000,0,2088
20251021,00652,富邦印度,37.33,37.33,37.01,37.02,-,0.31,688967,25541381.0,27405,0,-550,30005,0,39538,2600,0,40088
20251021,6585,鼎基,93.3,95.7,93.3,94.0,+,0.7,63129,5976476.0,26000,0,415,40000,0,415,14000,0,0
20251021,6902,GOGOLOOK,81.1,83.9,81.1,81.5,+,0.8,100157,8250921.0,26000,0,0,29000,0,0,3000,0,0
20251021,6216,居易,27.2,27.2,27.0,27.1,+,0.2,118756,3221567.0,25000,0,1000,44000,0,1000,19000,0,0
20251021,2390,云辰,10.15,10.25,10.05,10.05,,0.0,216806,2188775.0,26000,0,0,38000,0,0,12000,0,0
20251021,1568,倉佑,22.75,23.45,22.75,22.9,+,0.15,166447,3845836.0,26000,0,-188,43000,0,0,17000,0,188
20251021,2527,宏璟,23.95,24.05,23.8,23.8,,0.0,119022,2847230.0,24000,-1986,3000,52000,0,3000,28000,1986,0
20251021,1526,日馳,18.8,19.0,18.7,18.8,-,0.15,151014,2839382.0,24000,0,1000,26000,0,1000,2000,0,0
20251021,7788,松川精密,115.5,119.0,115.0,117.0,+,2.5,243866,28525500.0,25000,0,0,32000,0,0,7000,0,0
20251021,1582,信錦,67.5,69.2,67.5,68.5,+,1.2,554164,38012878.0,26000,-4000,2691,192000,0,2691,166000,4000,0
20251021,1340,勝悅-KY,6.67,6.94,6.67,6.71,+,0.04,131758,887183.0,24000,0,0,52000,0,0,28000,0,0
20251021,5519,隆大,28.3,28.3,28.1,28.15,+,0.05,103399,2914678.0,22000,0,2000,48000,0,2000,26000,0,0
20251021,7722,LINEPAY,580.0,593.0,578.0,586.0,+,16.0,115990,68040772.0,17689,0,5498,46411,0,5528,28722,0,30
20251021,6796,晉弘,86.9,93.2,86.9,92.0,+,6.0,358691,32209132.0,23000,0,0,35000,0,0,12000,0,0
20251021,6224,聚鼎,46.45,47.6,45.8,45.85,-,0.45,403557,18791505.0,22000,0,1000,112000,0,1000,90000,0,0
20251021,2030,彰源,14.05,14.05,13.7,13.85,-,0.1,234507,3245472.0,20000,0,2000,48000,0,2000,28000,0,0
20251021,2488,漢平,46.3,46.5,46.0,46.05,-,0.1,108413,5013110.0,21000,0,979,37000,0,1000,16000,0,21
20251021,1456,怡華,12.55,12.55,12.3,12.4,-,0.4,151541,1880854.0,18000,0,3000,20000,0,3000,2000,0,0
20251021,4108,懷特,14.25,14.45,14.25,14.35,+,0.1,107000,1533931.0,21000,0,0,26000,0,0,5000,0,0
20251021,00938,凱基優選30,16.82,16.89,16.81,16.84,+,0.05,179449,3026489.0,0,0,20886,0,0,80000,0,0,59114
20251021,6658,聯策,59.3,62.7,59.2,60.7,+,2.5,340888,20809827.0,20000,0,-45,115000,0,0,95000,0,45
20251021,2723,美食-KY,71.4,71.7,70.4,70.8,+,0.5,201771,14370374.0,17549,0,1556,85000,0,3000,67451,0,1444
20251021,3447,展達,59.2,62.4,59.2,61.9,+,3.2,1003751,61557978.0,20000,0,-1000,306000,0,0,286000,0,1000
20251021,2413,環科,21.45,22.0,21.15,21.2,,0.0,409786,8822995.0,19000,0,0,141000,0,0,122000,0,0
20251021,2025,千興,10.1,10.1,9.97,9.98,-,0.12,175865,1763007.0,15000,0,4000,19000,0,4000,4000,0,0
20251021,8476,台境*,19.7,20.3,19.7,19.85,+,0.2,104158,2082190.0,15000,0,4000,29000,0,4000,14000,0,0
20251021,00851,台新全球AI,54.9,54.9,54.8,54.9,+,0.7,37228,2042305.0,-1000,0,20000,0,0,20000,1000,0,0
20251021,9103,美德醫療-DR,4.8,4.85,4.78,4.79,+,0.01,329709,1585613.0,18000,0,627,22000,0,627,4000,0,0
20251021,6625,必應,81.8,82.5,81.5,81.7,-,0.1,80342,6576830.0,18000,0,0,35000,0,0,17000,0,0
20251021,2524,京城,42.85,43.4,42.55,42.55,-,0.8,210813,9063487.0,14000,0,4000,78000,0,4000,64000,0,0
20251021,2906,高林,13.95,13.95,13.8,13.8,-,0.05,85351,1180985.0,16000,0,1000,19000,0,2000,3000,0,1000
20251021,2908,特力,20.3,20.45,20.3,20.45,+,0.05,258497,5276550.0,17000,0,0,33000,0,0,16000,0,0
20251021,2440,太空梭,12.05,12.25,12.05,12.25,+,0.05,65539,796799.0,17000,0,0,18000,0,0,1000,0,0
20251021,2314,台揚,22.95,24.0,22.95,24.0,+,1.1,377334,8810410.0,17000,0,0,17000,0,0,0,0,0
20251021,1709,和益,17.0,17.0,16.8,16.85,,0.0,134255,2259220.0,17000,0,0,45000,0,0,28000,0,0
20251021,8114,振樺電,206.0,209.5,206.0,206.5,+,1.5,137092,28480307.0,15000,0,1501,61000,0,2000,46000,0,499
20251021,6776,展碁國際,52.4,52.7,52.0,52.1,,0.0,73779,3857533.0,16000,0,0,22000,0,0,6000,0,0
20251021,1201,味全,15.25,15.25,15.1,15.1,-,0.1,131246,1987891.0,11000,0,4000,34000,0,4000,23000,0,0
20251021,1783,和康生,44.4,44.65,43.9,44.5,+,0.7,100362,4442103.0,13000,0,2000,26000,0,2000,13000,0,0
20251021,6573,虹揚-KY,9.9,10.75,9.9,10.75,+,0.94,267100,2819180.0,16000,0,-1000,17000,0,1000,1000,0,2000
20251021,6994,富威電力,93.4,94.4,93.3,93.8,+,0.4,73362,6866993.0,15000,0,0,18000,0,0,3000,0,0
20251021,3034,聯詠,417.0,421.0,417.0,417.0,+,3.0,2219272,929322795.0,285611,-285306,14236,1106378,84000,100736,820767,369306,86500
20251021,6192,巨路,100.5,100.5,100.0,100.0,-,0.5,86483,8670744.0,14000,0,438,16000,0,1000,2000,0,562
20251021,1906,寶隆,12.75,12.75,12.5,12.55,-,0.15,74313,936704.0,11000,0,3015,13000,0,6000,2000,0,2985
20251021,6906,現觀科,103.5,105.0,103.0,103.0,-,0.5,63675,6595157.0,13000,0,0,21000,0,0,8000,0,0
20251021,5521,工信,11.7,11.8,11.6,11.7,+,0.05,428406,5018433.0,7000,0,6000,140000,0,6000,133000,0,0
20251021,4104,佳醫,85.2,85.4,85.0,85.0,-,0.2,87651,7461668.0,13000,0,0,27000,0,0,14000,0,0
20251021,9941,裕融,98.6,98.9,97.8,97.8,-,0.6,616582,60580506.0,15970,-8000,5000,318000,0,7000,302030,8000,2000
20251021,6438,迅得,162.5,164.0,161.5,162.5,+,1.0,606827,98691355.0,9000,0,3595,216000,0,10000,207000,0,6405
20251021,2707,晶華,190.0,192.5,190.0,191.5,+,2.5,87978,16826516.0,14000,-1967,0,27000,0,2000,13000,1967,2000
20251021,3296,勝德,22.05,22.05,21.75,21.8,-,0.25,128727,2815361.0,11000,0,1000,29000,0,1000,18000,0,0
20251021,1732,毛寶,29.4,29.4,28.6,28.65,+,0.25,133237,3851997.0,12000,0,0,46000,0,0,34000,0,0
20251021,8463,潤泰材,25.3,25.6,25.3,25.3,+,0.05,75030,1911118.0,12000,0,0,14000,0,0,2000,0,0
20251021,4137,麗豐-KY,102.0,102.5,101.5,102.5,+,1.5,85434,8730364.0,11000,0,1000,26000,0,1000,15000,0,0
20251021,4764,雙鍵,59.5,59.5,55.0,59.5,+,5.4,1839234,107529496.0,12000,0,0,71000,0,100000,59000,0,100000
20251021,6128,上福,28.1,28.2,28.0,28.0,-,0.05,58795,1653015.0,11000,0,1000,12000,0,1000,1000,0,0
20251021,2013,中鋼構,41.5,41.5,41.2,41.2,-,0.3,46620,1926405.0,10000,0,1883,15000,0,2000,5000,0,117
20251021,00661,元大日經225,64.25,64.35,63.5,63.7,+,0.55,664515,42562023.0,-3000,0,14802,19000,0,512861,22000,0,498059
20251021,00703,台新MSCI中國,22.25,22.45,22.23,22.33,+,0.48,56012,1251423.0,1000,0,10505,1000,0,37505,0,0,27000
20251021,00678,群益那斯達克生技,31.14,31.14,31.08,31.1,+,0.33,264891,8239842.0,5000,0,6451,5000,0,248575,0,0,242124
20251021,9906,欣巴巴,52.3,52.7,51.7,52.1,-,0.2,60381,3156475.0,10000,0,1150,30000,0,1150,20000,0,0
20251021,1734,杏輝,31.85,31.85,31.6,31.65,-,0.2,130906,4148403.0,11000,0,0,37000,0,0,26000,0,0
20251021,1417,嘉裕,8.25,8.26,8.15,8.15,-,0.08,115613,945423.0,11000,0,0,18000,0,0,7000,0,0
20251021,6668,中揚光,41.1,42.25,41.1,41.3,+,0.5,220153,9155316.0,10000,0,871,76000,0,1000,66000,0,129
20251021,3596,智易,209.5,213.5,209.0,211.0,+,2.0,351977,74477583.0,2594,0,7981,250000,0,11000,247406,0,3019
20251021,3669,圓展,30.1,30.1,29.9,29.9,,0.0,38532,1157534.0,10000,0,0,12000,0,0,2000,0,0
20251021,6230,尼得科超眾,136.5,139.0,135.5,136.0,-,0.5,85046,11662986.0,9000,0,1000,32000,0,1000,23000,0,0
20251021,0053,元大電子,138.65,139.45,138.4,138.7,+,1.3,26010,3607436.0,0,0,9767,0,0,11927,0,0,2160
20251021,00702,國泰標普低波高息,22.8,22.8,22.75,22.77,+,0.07,138912,3164681.0,0,0,9000,0,0,133000,0,0,124000
20251021,1533,車王電,31.35,31.5,31.15,31.15,-,0.2,68451,2142014.0,8000,0,1000,18000,0,1000,10000,0,0
20251021,1437,勤益控,30.25,30.35,30.25,30.3,+,0.05,51848,1571099.0,9000,0,0,18000,0,0,9000,0,0
20251021,7721,微程式,61.0,61.5,60.6,60.9,-,0.1,48697,2973377.0,9000,0,0,12000,0,0,3000,0,0
20251021,6606,建德工業,25.35,25.75,25.3,25.4,+,0.05,41215,1047552.0,9000,0,0,11000,0,0,2000,0,0
20251021,6426,統新,73.0,73.6,72.3,72.8,+,0.5,70661,5152942.0,9000,0,0,23000,0,0,14000,0,0
20251021,9802,鈺齊-KY,104.5,104.5,102.5,103.0,-,0.5,1094610,112908800.0,7725,0,1138,492000,0,2000,484275,0,862
20251021,3008,大立光,2240.0,2280.0,2240.0,2255.0,+,45.0,534327,1205497455.0,-17676,-221,26044,251658,4000,27908,269334,4221,1864
20251021,1444,力麗,6.45,6.45,6.39,6.41,-,0.01,448493,2877514.0,-995,0,9000,148000,0,9000,148995,0,0
20251021,1451,年興,17.15,17.15,17.0,17.05,-,0.1,411943,7014112.0,8000,0,0,18000,0,0,10000,0,0
20251021,1475,業旺,35.5,36.3,35.5,36.0,-,0.4,24198,867431.0,8000,0,0,11000,0,0,3000,0,0
20251021,1604,聲寶,24.9,24.95,24.85,24.85,-,0.05,99014,2463068.0,4000,0,4000,15000,0,4000,11000,0,0
20251021,2450,神腦,29.15,29.15,28.95,29.0,+,0.05,72597,2107806.0,6000,0,2000,15000,0,2000,9000,0,0
20251021,2461,光群雷,15.5,15.55,15.3,15.35,,0.0,214983,3315293.0,8000,0,0,33000,0,0,25000,0,0
20251021,2012,春雨,15.9,16.0,15.85,15.9,+,0.05,48186,766420.0,8000,0,0,12000,0,0,4000,0,0
20251021,8482,商億-KY,53.3,53.9,53.1,53.1,-,0.2,31059,1654643.0,-10000,0,18000,1000,0,18000,11000,0,0
20251021,6988,威力暘-創,15.9,15.9,15.15,15.5,-,0.7,44010,686410.0,4000,0,4000,5000,0,17000,1000,0,13000
20251021,4190,佐登-KY,33.2,33.2,33.15,33.2,-,0.1,32975,1094930.0,8000,0,0,11000,0,0,3000,0,0
20251021,4560,強信-KY,31.8,31.9,31.55,31.7,,0.0,120321,3815204.0,8000,0,0,71000,0,0,63000,0,0
20251021,4552,力達-KY,22.8,22.95,22.65,22.95,+,0.25,133033,3029596.0,8000,0,0,20000,0,0,12000,0,0
20251021,4414,如興,10.65,10.9,10.65,10.8,+,0.1,146873,1583021.0,8000,0,0,24000,0,0,16000,0,0
20251021,3716,中化控股,33.55,33.55,33.35,33.4,+,0.05,47971,1603004.0,8000,0,0,14000,0,0,6000,0,0
20251021,1477,聚陽,284.0,286.5,283.0,284.5,+,0.5,615422,175174546.0,-52000,58967,886,306000,164000,7799,358000,105033,6913
20251021,8478,東哥遊艇,199.0,200.5,195.5,195.5,-,0.5,228346,45147140.0,24000,-16000,-176,76000,0,1000,52000,16000,1176
20251021,8467,波力-KY,155.0,157.5,155.0,156.5,+,2.5,25649,4013018.0,7000,0,93,11000,0,129,4000,0,36
20251021,6957,裕慶-KY,188.5,189.0,181.0,181.0,-,4.5,101925,18732201.0,7000,0,0,14000,0,0,7000,0,0
20251021,5288,豐祥-KY,117.0,118.5,117.0,117.5,-,0.5,60388,7127491.0,7000,0,0,15000,0,0,8000,0,0
20251021,1713,國化,48.4,48.65,48.35,48.55,-,0.3,123539,5993850.0,7000,0,0,36000,0,0,29000,0,0
20251021,1256,鮮活果汁-KY,148.0,151.5,148.0,149.5,+,2.0,32147,4819899.0,7000,0,0,9000,0,0,2000,0,0
20251021,6792,詠業,54.6,55.5,54.5,55.2,+,0.7,50643,2788982.0,8000,0,-1045,18000,0,0,10000,0,1045
20251021,5234,達興材料,363.0,365.0,349.5,352.5,-,7.5,2204354,779202772.0,724330,-764000,46067,988330,0,53869,264000,764000,7802
20251021,6715,嘉基,96.3,97.9,96.3,96.6,+,0.5,17596,1701822.0,6000,0,194,11000,0,194,5000,0,0
20251021,8454,富邦媒,236.5,238.5,235.5,235.5,+,1.0,137192,32450898.0,2451,0,3727,37451,0,3903,35000,0,176
20251021,3679,新至陞,119.0,120.0,119.0,119.0,,0.0,24432,2916277.0,6000,0,0,8000,0,0,2000,0,0
20251021,2033,佳大,16.8,17.15,16.8,17.0,-,0.05,74258,1260548.0,6000,0,0,10000,0,0,4000,0,0
20251021,1806,冠軍,9.14,9.15,9.07,9.09,-,0.01,328307,2988881.0,49000,-46676,3000,93000,0,3000,44000,46676,0
20251021,2441,超豐,68.5,69.4,67.6,68.0,+,0.5,2306444,157635302.0,-48000,-1000,54192,640000,0,90361,688000,1000,36169
20251021,3057,喬鼎,12.7,13.25,12.55,12.85,+,0.15,111458,1442095.0,5000,0,0,25000,0,0,20000,0,0
20251021,3419,譁裕,14.15,14.15,13.8,14.0,-,0.1,229720,3201980.0,5000,0,0,9000,0,0,4000,0,0
20251021,1471,首利,9.19,9.39,9.19,9.27,,0.0,182607,1692830.0,5000,0,0,18000,0,0,13000,0,0
20251021,3557,嘉威,37.85,38.0,37.5,37.75,-,0.05,90357,3410339.0,5000,0,0,16000,0,0,11000,0,0
20251021,6277,宏正,60.6,61.0,60.5,60.7,-,0.2,41341,2508800.0,4000,0,1000,10000,0,1000,6000,0,0
20251021,7705,三商餐飲,40.35,40.8,40.35,40.7,+,0.35,39457,1604101.0,5000,0,0,6000,0,0,1000,0,0
20251021,00736,國泰新興市場,27.43,27.43,27.27,27.35,+,0.21,262534,7180937.0,0,0,5000,0,0,256000,0,0,251000
20251021,2415,錩新,24.3,24.6,24.2,24.2,+,0.1,52676,1282980.0,4000,0,9,8000,0,9,4000,0,0
20251021,2424,隴華,49.9,50.0,49.3,50.0,+,0.05,19038,947200.0,3000,0,1000,3000,0,1000,0,0,0
20251021,2444,兆勁,11.6,11.95,11.6,11.85,+,0.35,279872,3294915.0,5000,0,-1000,25000,0,0,20000,0,1000
20251021,2701,萬企,11.1,11.1,11.05,11.1,-,0.05,117473,1303896.0,4000,0,0,11000,0,0,7000,0,0
20251021,2816,旺旺保,26.5,26.75,26.45,26.5,,0.0,56503,1499652.0,4000,0,0,11000,0,0,7000,0,0
20251021,1438,三地開發,36.0,36.2,35.9,36.2,-,0.4,31115,1122340.0,4000,0,0,7000,0,0,3000,0,0
20251021,1418,東華,20.5,20.6,20.05,20.4,-,0.1,74629,1519004.0,4000,0,-24,8000,0,0,4000,0,24
20251021,1234,黑松,37.7,37.7,37.5,37.6,+,0.1,73839,2775880.0,3000,0,886,14000,0,1000,11000,0,114
20251021,1513,中興電,154.5,155.0,153.5,154.0,,0.0,2718125,419343485.0,-30656,-9000,43327,1487344,0,49327,1518000,9000,6000
20251021,1474,弘裕,11.45,11.45,11.3,11.4,+,0.05,45136,512710.0,3000,0,0,5000,0,0,2000,0,0
20251021,1452,宏益,11.8,12.0,11.8,11.95,+,0.1,33949,404018.0,5000,0,-2000,11000,0,0,6000,0,2000
20251021,1535,中宇,55.9,56.1,55.7,55.7,-,0.2,33215,1856592.0,3000,0,0,4000,0,0,1000,0,0
20251021,1108,幸福,15.0,15.05,15.0,15.0,,0.0,89697,1346474.0,3000,0,0,12000,0,0,9000,0,0
20251021,3645,達邁,60.6,61.6,60.6,61.0,+,0.8,1201063,73399218.0,12000,0,-9108,382000,0,1000,370000,0,10108
20251021,1762,中化生,25.6,25.65,25.45,25.45,,0.0,39615,1011267.0,2000,0,891,6000,0,1000,4000,0,109
20251021,2248,華勝-KY,47.6,49.15,47.5,49.15,+,0.45,29790,1434361.0,2000,0,830,3000,0,1000,1000,0,170
20251021,1453,大將,13.2,13.2,13.05,13.05,-,0.15,369115,4851191.0,2000,0,0,3000,0,0,1000,0,0
20251021,1443,立益物流,27.55,29.6,27.55,28.45,+,0.85,28735,814211.0,2000,0,0,4000,0,0,2000,0,0
20251021,1470,大統新創,22.8,23.2,22.5,22.5,,0.0,12000,274500.0,2000,0,0,3000,0,0,1000,0,0
20251021,4536,拓凱,185.5,187.0,185.5,186.0,+,0.5,118529,22058342.0,-23000,0,25000,26000,0,25000,49000,0,0
20251021,6024,群益期,49.1,49.35,49.1,49.2,+,0.1,152382,7499290.0,2000,0,0,36000,0,0,34000,0,0
20251021,5215,科嘉-KY,35.0,35.0,34.75,34.75,,0.0,14900,518725.0,2000,0,0,4000,0,0,2000,0,0
20251021,6951,青新-創,74.0,74.5,73.8,74.4,,0.0,53037,3932291.0,2000,0,0,2000,0,0,0,0,0
20251021,8045,達運光電,88.8,89.3,87.2,87.3,-,0.9,200521,17627712.0,2000,0,0,94000,0,0,92000,0,0
20251021,4106,雃博,21.6,21.65,21.4,21.65,+,0.1,52287,1123844.0,1000,0,984,3000,0,2000,2000,0,1016
20251021,3652,精聯,29.85,29.85,29.7,29.7,,0.0,27150,808430.0,1000,0,0,3000,0,0,2000,0,0
20251021,4994,傳奇,97.4,97.9,96.4,97.1,+,1.7,13200,1284130.0,1000,0,0,4000,0,0,3000,0,0
20251021,4588,玖鼎電力,60.4,60.4,59.0,59.5,-,0.3,23535,1397972.0,1000,0,0,3000,0,0,2000,0,0
20251021,4807,日成-KY,17.8,18.2,17.8,18.0,,0.0,7452,133914.0,1000,0,0,1000,0,0,0,0,0
20251021,8481,政伸,42.55,42.8,42.55,42.55,-,0.15,29043,1236623.0,1000,0,0,3000,0,0,2000,0,0
20251021,6655,科定,115.0,115.0,115.0,115.0,,0.0,3125,359297.0,1000,0,0,1000,0,0,0,0,0
20251021,6969,成信實業*-創,37.75,37.75,35.8,36.0,-,1.8,52026,1892736.0,0,0,1000,4000,0,11000,4000,0,10000
20251021,1506,正道,12.8,12.85,12.6,12.6,-,0.25,187978,2386752.0,0,0,1000,3000,0,2000,3000,0,1000
20251021,1530,亞崴,27.3,27.5,27.25,27.25,-,0.2,19633,537320.0,1000,0,0,3000,0,0,2000,0,0
20251021,1521,大億,24.9,25.0,24.65,24.65,,0.0,25054,621440.0,1000,0,0,3000,0,0,2000,0,0
20251021,1454,台富,13.75,13.85,13.3,13.6,-,0.2,159304,2156430.0,-1000,0,2000,4000,0,2000,5000,0,0
20251021,1423,利華,38.0,38.4,38.0,38.0,+,0.1,15587,595184.0,1000,0,0,3000,0,0,2000,0,0
20251021,1752,南光,38.45,38.85,38.45,38.8,+,0.1,111973,4337693.0,1000,0,0,8000,0,0,7000,0,0
20251021,1725,元禎,26.0,26.0,25.6,25.85,-,0.15,34660,894872.0,1000,0,0,8000,0,0,7000,0,0
20251021,1726,永記,75.4,75.4,75.2,75.2,-,0.2,12408,933795.0,1000,0,0,4000,0,0,3000,0,0
20251021,3321,同泰,15.2,15.45,15.1,15.35,+,0.2,50516,766323.0,1000,0,0,1000,0,0,0,0,0
20251021,3164,景岳,18.8,18.95,18.8,18.95,+,0.05,8301,156690.0,1000,0,0,3000,0,0,2000,0,0
20251021,2505,國揚,18.45,18.5,18.25,18.3,,0.0,105560,1942733.0,-3000,0,4000,27000,0,4000,30000,0,0
20251021,1903,士紙,54.5,54.5,53.7,54.1,+,0.1,169660,9167186.0,-1000,0,2000,35000,0,2000,36000,0,0
20251021,1339,昭輝,41.4,41.95,41.25,41.95,+,0.75,15650,649879.0,0,0,909,2000,0,1000,2000,0,91
20251021,9925,新保,40.85,40.85,40.65,40.65,-,0.2,86160,3506602.0,-3999,0,4000,14000,0,4000,17999,0,0
20251021,9944,新麗,16.9,16.95,16.85,16.95,,0.0,14343,242662.0,0,0,0,2000,0,0,2000,0,0
20251021,1315,達新,64.2,64.2,64.0,64.0,-,0.2,8541,546809.0,-1000,0,1000,0,0,1000,1000,0,0
20251021,1432,大魯閣,17.4,17.4,17.35,17.4,,0.0,43853,761969.0,0,0,0,1000,0,0,1000,0,0
20251021,1410,南染,34.65,34.65,34.3,34.3,-,0.25,2829,97209.0,0,0,0,1000,0,0,1000,0,0
20251021,1445,大宇,14.65,14.75,14.6,14.6,-,0.15,40444,591816.0,0,0,0,2000,0,0,2000,0,0
20251021,1468,昶和,11.8,11.8,11.35,11.5,-,0.2,40084,462928.0,-1000,0,1000,0,0,3000,1000,0,2000
20251021,1472,三洋實業,90.3,90.5,89.8,89.9,-,0.3,162043,14582872.0,0,0,0,15000,0,0,15000,0,0
20251021,2254,巨鎧精密-創,60.5,62.0,59.5,59.9,-,0.3,8100,487200.0,1000,0,-1000,1000,0,0,0,0,1000
20251021,1817,凱撒衛,38.65,38.7,38.5,38.55,+,0.05,46423,1791746.0,0,0,0,10000,0,1000,10000,0,1000
20251021,2491,吉祥全,12.25,12.5,12.1,12.5,+,0.2,65067,804750.0,5000,0,-5000,7000,0,0,2000,0,5000
20251021,3043,科風,22.8,22.95,22.5,22.55,-,0.25,72471,1643872.0,0,0,0,8000,0,0,8000,0,0
20251021,6671,三能-KY,36.7,36.7,36.55,36.55,,0.0,2000,73250.0,0,0,0,1000,0,0,1000,0,0
20251021,6666,羅麗芬-KY,49.95,50.3,49.95,50.3,+,0.1,6262,313846.0,0,0,0,1000,0,0,1000,0,0
20251021,6423,億而得-創,78.3,78.5,77.8,78.5,+,0.3,30291,2367998.0,-1000,0,1000,0,0,3000,1000,0,2000
20251021,6226,光鼎,6.8,6.86,6.8,6.82,-,0.01,105588,719997.0,0,0,0,3000,0,0,3000,0,0
20251021,4581,光隆精密-KY,52.4,52.5,52.4,52.5,,0.0,14000,734700.0,0,0,0,2000,0,0,2000,0,0
20251021,5906,台南-KY,50.0,50.8,50.0,50.8,+,0.8,3720,188016.0,0,0,0,1000,0,0,1000,0,0
20251021,2433,互盛電,49.05,49.05,48.75,48.8,-,0.1,14210,694733.0,-1000,0,991,1000,0,1000,2000,0,9
20251021,6936,永鴻生技,34.7,34.8,34.7,34.75,,0.0,13150,457603.0,-1000,0,0,0,0,0,1000,0,0
20251021,6887,寶綠特-KY,67.5,67.5,66.3,66.4,,0.0,5009,333602.0,-1000,0,0,0,0,0,1000,0,0
20251021,6464,台數科,77.9,78.0,77.7,78.0,,0.0,67065,5230257.0,-1000,0,0,1000,0,0,2000,0,0
20251021,8488,吉源-KY,10.35,10.35,10.35,10.35,,0.0,2000,20700.0,-1000,0,0,0,0,0,1000,0,0
20251021,8442,威宏-KY,68.2,68.2,67.0,67.4,-,0.8,58400,3939798.0,-1000,0,0,6000,0,0,7000,0,0
20251021,4148,全宇生技-KY,39.6,39.6,39.6,39.6,-,0.2,2026,80235.0,-1000,0,0,0,0,0,1000,0,0
20251021,5546,永固-KY,24.8,24.9,24.25,24.7,-,0.25,12000,296350.0,-1000,0,0,1000,0,0,2000,0,0
20251021,4737,華廣,62.9,62.9,62.7,62.7,+,0.2,20003,1255390.0,-1000,0,0,4000,0,0,5000,0,0
20251021,2434,統懋,29.6,29.75,29.3,29.6,,0.0,6036,178506.0,-1000,0,0,0,0,0,1000,0,0
20251021,2432,倚天酷碁-創,28.5,28.75,28.25,28.3,+,0.05,34182,972073.0,-2000,0,1000,0,0,6000,2000,0,5000
20251021,2430,燦坤,24.75,24.75,24.35,24.4,-,0.25,57586,1407124.0,-2000,0,1000,3000,0,1000,5000,0,0
20251021,2364,倫飛,70.2,71.7,70.2,70.3,+,0.3,188485,13363894.0,21000,-22000,0,69000,0,0,48000,22000,0
20251021,2536,宏普,26.05,26.15,26.0,26.0,-,0.05,170510,4443410.0,-1000,0,0,21000,0,0,22000,0,0
20251021,2939,永邑-KY,27.0,27.1,26.0,26.0,-,1.45,27246,726088.0,-1000,0,0,0,0,0,1000,0,0
20251021,3168,眾福科,43.1,43.4,43.0,43.3,+,0.2,15040,648431.0,-1000,0,0,2000,0,0,3000,0,0
20251021,3432,台端,14.35,14.85,14.35,14.85,-,0.05,35374,516445.0,-1000,0,0,2000,0,0,3000,0,0
20251021,3054,立萬利,24.0,24.0,24.0,24.0,,0.0,1021,24483.0,-1000,0,0,0,0,0,1000,0,0
20251021,2904,匯僑,17.15,17.35,17.05,17.2,-,0.05,50332,864549.0,-1000,0,0,0,0,0,1000,0,0
20251021,2712,遠雄來,19.4,19.5,19.25,19.25,-,0.35,7100,138010.0,-1000,0,0,0,0,0,1000,0,0
20251021,2706,第一店,13.1,13.2,13.1,13.1,-,0.1,131375,1723482.0,-1000,0,0,12000,0,0,13000,0,0
20251021,2008,高興昌,27.1,27.2,27.05,27.05,,0.0,7068,191644.0,-1000,0,0,1000,0,0,2000,0,0
20251021,1235,興泰,48.75,49.0,48.3,48.35,+,0.25,11177,542976.0,-3000,0,2000,0,0,2000,3000,0,0
20251021,1583,程泰,48.9,49.0,48.65,48.65,-,0.15,7368,360190.0,-1000,0,0,1000,0,0,2000,0,0
20251021,1541,錩泰,24.8,24.9,24.8,24.8,-,0.1,8001,198524.0,-1000,0,0,0,0,0,1000,0,0
20251021,1776,展宇,15.3,15.3,15.05,15.1,-,0.05,79139,1198957.0,-1000,0,0,0,0,0,1000,0,0
20251021,1731,美吾華,21.9,21.95,21.85,21.85,-,0.05,55329,1211553.0,-1000,0,0,1000,0,0,2000,0,0
20251021,1735,日勝化,14.8,14.9,14.7,14.8,,0.0,12447,183933.0,-1000,0,0,1000,0,0,2000,0,0
20251021,1465,偉全,13.15,13.3,13.0,13.3,+,0.05,24582,324647.0,-1000,0,0,0,0,0,1000,0,0
20251021,1512,瑞利,7.92,7.92,7.88,7.91,-,0.02,34367,271481.0,-1000,0,0,0,0,0,1000,0,0
20251021,1435,中福,27.25,27.95,27.2,27.95,+,0.6,5280,143851.0,-1000,0,0,0,0,0,1000,0,0
20251021,1441,大東,11.2,11.2,11.15,11.15,-,0.05,16352,182412.0,-1000,0,0,0,0,0,1000,0,0
20251021,1413,宏洲,10.35,10.45,10.35,10.35,,0.0,17432,180984.0,-1000,0,0,0,0,0,1000,0,0
20251021,1439,雋揚,28.35,28.35,28.2,28.2,+,0.25,24755,698023.0,-1000,0,0,1000,0,0,2000,0,0
20251021,1323,永裕,19.75,19.75,19.6,19.75,+,0.05,11538,226897.0,-1000,0,0,0,0,0,1000,0,0
20251021,1324,地球,11.15,11.2,11.1,11.2,+,0.1,90309,1007145.0,-1000,0,0,1000,0,0,2000,0,0
20251021,9912,偉聯,12.05,12.05,11.95,12.0,-,0.05,22388,268639.0,-1000,0,0,0,0,0,1000,0,0
20251021,9931,欣高,33.75,33.75,33.75,33.75,,0.0,1004,33882.0,-1000,0,0,0,0,0,1000,0,0
20251021,2431,聯昌,13.4,13.45,12.9,12.95,-,0.25,883562,11601102.0,-2000,0,693,258000,0,3000,260000,0,2307
20251021,2901,欣欣,25.3,25.35,25.3,25.35,,0.0,7032,178105.0,-2000,0,0,0,0,0,2000,0,0
20251021,2945,三商家購,37.2,37.25,37.2,37.2,+,0.05,5137,191271.0,-2000,0,0,0,0,0,2000,0,0
20251021,2024,志聯,16.8,16.8,16.5,16.6,-,0.2,23352,387899.0,-2000,0,0,0,0,0,2000,0,0
20251021,1539,巨庭,17.8,17.9,17.6,17.6,,0.0,43171,764329.0,-3000,0,1000,2000,0,1000,5000,0,0
20251021,5538,東明-KY,28.5,28.55,28.35,28.5,,0.0,16035,456651.0,-2000,0,0,0,0,0,2000,0,0
20251021,4999,鑫禾,25.3,25.8,25.15,25.3,+,0.25,37429,951632.0,1000,0,-3000,3000,0,0,2000,0,3000
20251021,4133,亞諾法,25.3,25.3,25.2,25.2,+,0.1,35544,897407.0,-2000,0,0,1000,0,0,3000,0,0
20251021,8438,昶昕,32.0,32.0,31.25,31.45,-,0.05,98145,3107795.0,-2000,0,0,5000,0,0,7000,0,0
20251021,8411,福貞-KY,12.7,12.7,12.55,12.7,+,0.05,53597,676377.0,-1000,0,-1000,4000,0,0,5000,0,1000
20251021,6581,鋼聯,111.5,111.5,110.0,111.0,-,0.5,14294,1587712.0,-2000,0,0,0,0,0,2000,0,0
20251021,6931,青松健康,51.3,51.5,51.0,51.0,-,0.3,10380,531224.0,-2000,0,0,0,0,0,2000,0,0
20251021,7732,金興精密,35.2,36.15,35.2,35.75,-,0.7,12002,429521.0,-2000,0,0,0,0,0,2000,0,0
20251021,7736,虎山,96.1,96.1,95.5,95.5,-,0.6,4231,405785.0,-2000,0,0,0,0,0,2000,0,0
20251021,7765,中華資安,294.0,294.0,290.0,290.5,-,1.5,68909,20061866.0,-2000,0,0,1000,0,0,3000,0,0
20251021,9905,大華,20.25,20.25,20.05,20.05,-,0.2,314696,6338590.0,-2000,0,0,11000,0,0,13000,0,0
20251021,8499,鼎炫-KY,279.0,282.5,274.0,278.0,+,3.0,125021,34822768.0,-2000,0,-228,32000,0,0,34000,0,228
20251021,9943,好樂迪,64.0,64.4,63.2,63.3,-,0.7,132352,8393568.0,-2500,0,0,10000,0,0,12500,0,0
20251021,2467,志聖,181.5,183.5,180.5,182.0,+,1.0,458291,83337684.0,-7000,0,4445,116000,0,5295,123000,0,850
20251021,6830,汎銓,166.0,172.5,165.5,171.0,+,6.5,657167,111717187.0,-12000,0,9301,137000,0,9301,149000,0,0
20251021,6794,向榮生技,70.9,70.9,70.0,70.6,+,0.6,58473,4108808.0,-3000,0,0,0,0,0,3000,0,0
20251021,6807,峰源-KY,49.3,49.5,49.25,49.35,-,0.15,15040,742326.0,-3000,0,0,3000,0,0,6000,0,0
20251021,6431,光麗-KY,16.65,16.65,15.75,15.95,,0.0,44020,699167.0,-3000,0,0,0,0,0,3000,0,0
20251021,8940,新天地,20.3,20.4,20.2,20.35,,0.0,23136,469483.0,-3000,0,0,1000,0,0,4000,0,0
20251021,4930,燦星網,23.0,23.15,22.8,22.8,-,0.2,39496,907217.0,-3000,0,0,1000,0,0,4000,0,0
20251021,6183,關貿,98.2,98.3,98.0,98.1,-,0.4,8594,843458.0,-3000,0,0,0,0,0,3000,0,0
20251021,2373,震旦行,56.6,58.0,56.5,57.0,+,0.1,66905,3828164.0,-3000,0,0,1000,0,0,4000,0,0
20251021,3308,聯德,15.8,15.95,15.8,15.8,,0.0,117926,1867567.0,-3000,0,0,2000,0,0,5000,0,0
20251021,2910,統領,20.8,20.8,20.6,20.65,-,0.1,23149,479550.0,-3000,0,0,0,0,0,3000,0,0
20251021,2923,鼎固-KY,20.35,20.35,20.05,20.05,-,0.3,6894,139587.0,-3000,0,0,0,0,0,3000,0,0
20251021,3494,誠研,10.4,10.7,10.35,10.65,,0.0,73049,767083.0,-3000,0,0,0,0,0,3000,0,0
20251021,1109,信大,15.7,15.7,15.6,15.6,,0.0,33364,522099.0,-6000,0,3000,3000,0,3000,9000,0,0
20251021,1341,富林-KY,58.5,59.1,58.3,58.3,,0.0,6233,365862.0,-3000,0,0,0,0,0,3000,0,0
20251021,1531,高林股,12.1,12.1,11.9,11.9,-,0.15,44617,533545.0,-2000,0,-1000,0,0,0,2000,0,1000
20251021,9908,大台北,30.0,30.0,29.9,29.9,-,0.05,165895,4965512.0,-10000,0,7000,1000,0,7000,11000,0,0
20251021,9929,秋雨,11.6,11.85,11.05,11.7,+,0.05,42624,482154.0,-3000,0,0,0,0,0,3000,0,0
20251021,0057,富邦摩台,185.55,185.6,185.15,185.4,+,1.4,19729,3654170.0,0,0,-3000,0,0,10000,0,0,13000
20251021,3130,一零四,222.0,223.0,222.0,222.0,,0.0,19987,4449038.0,-3999,0,0,9000,0,0,12999,0,0
20251021,3021,鴻名,18.35,18.55,18.05,18.5,+,0.15,217992,4007246.0,-5000,0,1000,10000,0,2000,15000,0,1000
20251021,2705,六福,17.1,17.1,16.95,16.95,-,0.1,46445,788248.0,-4000,0,0,0,0,0,4000,0,0
20251021,2028,威致,16.5,16.5,16.35,16.4,+,0.05,27117,445521.0,-4000,0,0,3000,0,0,7000,0,0
20251021,1467,南緯,7.38,7.38,7.31,7.34,-,0.01,97351,714785.0,-4000,0,0,6000,0,0,10000,0,0
20251021,1203,味王,39.85,39.85,39.7,39.7,,0.0,8461,335578.0,-4000,0,0,0,0,0,4000,0,0
20251021,6281,全國電,67.4,67.5,67.2,67.3,-,0.3,80033,5387773.0,-4000,0,0,1000,0,0,5000,0,0
20251021,4935,茂林-KY,43.2,43.35,42.65,42.9,-,0.05,120189,5174765.0,-5000,0,1000,17000,0,1000,22000,0,0
20251021,4426,利勤,10.2,10.25,10.1,10.15,-,0.05,101577,1032226.0,-4000,0,0,3000,0,0,7000,0,0
20251021,8443,阿瘦,11.65,11.75,11.65,11.7,,0.0,20718,242410.0,-4000,0,0,0,0,0,4000,0,0
20251021,6598,ABC-KY,23.15,23.3,23.0,23.0,-,0.1,169793,3923369.0,-4000,0,0,2000,0,0,6000,0,0
20251021,6534,正瀚-創,108.0,108.0,105.0,105.5,-,0.5,23894,2539756.0,-4000,0,0,2000,0,0,6000,0,0
20251021,7631,聚賢研發-創,134.0,138.0,131.5,137.0,,0.0,12317,1652795.0,-1000,0,-3000,0,0,6000,1000,0,9000
20251021,9926,新海,49.85,49.85,49.75,49.75,-,0.05,6038,300588.0,-4000,0,0,0,0,0,4000,0,0
20251021,4968,立積,149.0,152.0,148.5,150.0,+,1.0,2379287,357514841.0,175000,-229000,49723,1389000,0,71904,1214000,229000,22181
20251021,6958,日盛台駿,18.0,18.0,17.9,17.9,-,0.25,41929,753791.0,-6000,0,1465,1000,0,2000,7000,0,535
20251021,4722,國精化,208.0,211.0,205.0,208.0,,0.0,745255,155057863.0,7000,52000,-63621,34000,52000,6379,27000,0,70000
20251021,5907,大洋-KY,5.88,5.88,5.82,5.85,-,0.04,167903,983027.0,-5000,0,0,11000,0,0,16000,0,0
20251021,9136,巨騰-DR,7.62,7.67,7.51,7.58,,0.0,532694,4025288.0,-5000,0,0,1000,0,0,6000,0,0
20251021,1459,聯發,11.85,11.85,11.75,11.75,-,0.1,37224,437374.0,-5000,0,0,0,0,0,5000,0,0
20251021,1457,宜進,16.4,16.5,16.3,16.4,-,0.05,34870,571362.0,-5000,0,0,0,0,0,5000,0,0
20251021,1338,廣華-KY,21.6,21.6,21.45,21.5,,0.0,72242,1556659.0,-4000,0,-1000,0,0,0,4000,0,1000
20251021,1805,寶徠,10.05,10.2,10.05,10.2,+,0.15,41439,421943.0,-5000,0,0,2000,0,0,7000,0,0
20251021,2459,敦吉,64.3,64.4,64.0,64.1,-,0.1,74576,4783068.0,-6000,0,1000,8000,0,1000,14000,0,0
20251021,2511,太子,9.07,9.08,9.02,9.03,-,0.01,604511,5466011.0,-24000,0,19000,206000,0,19000,230000,0,0
20251021,2496,卓越,67.0,67.1,66.9,67.1,+,0.1,10610,711271.0,1000,0,-6000,1000,0,0,0,0,6000
20251021,9942,茂順,106.0,107.0,105.5,105.5,+,0.5,66780,7063692.0,-5000,0,0,8000,0,0,13000,0,0
20251021,6754,匯僑設計,48.0,48.0,47.35,47.35,-,0.65,27129,1294052.0,-5000,-426,0,1000,0,0,6000,426,0
20251021,6771,平和環保-創,50.0,50.2,49.9,49.9,,0.0,27000,1349750.0,0,0,-6000,1000,0,1000,1000,0,7000
20251021,6790,永豐實,38.65,38.7,38.6,38.6,,0.0,40925,1580737.0,-6000,0,0,4000,0,0,10000,0,0
20251021,6952,大武山,44.95,44.95,44.8,44.9,-,0.1,23112,1037643.0,-2000,0,-4000,1000,0,0,3000,0,4000
20251021,6924,榮惠-KY創,49.45,49.95,48.0,49.95,+,0.2,13000,629500.0,0,0,-6000,0,0,1000,0,0,7000
20251021,5007,三星,51.2,51.7,51.1,51.6,+,0.6,78073,4011224.0,-6000,0,0,10000,0,0,16000,0,0
20251021,2616,山隆,14.25,14.25,14.2,14.2,,0.0,39953,567919.0,-6000,0,0,0,0,0,6000,0,0
20251021,3056,富華新,19.95,20.1,19.9,19.95,,0.0,1297027,25903008.0,-11000,0,5000,378000,0,6000,389000,0,1000
20251021,1416,廣豐,11.3,11.35,11.25,11.3,,0.0,24687,278719.0,-6000,0,0,0,0,0,6000,0,0
20251021,1730,花仙子,52.5,52.5,52.2,52.2,,0.0,29175,1525142.0,-2000,0,-4000,0,0,0,2000,0,4000
20251021,1614,三洋電,35.4,35.65,35.4,35.45,-,0.05,96245,3417322.0,-7000,0,0,6000,0,0,13000,0,0
20251021,1626,艾美特-KY,11.4,11.5,11.3,11.45,+,0.15,51884,593488.0,-7000,0,0,1000,0,0,8000,0,0
20251021,2702,華園,12.25,12.25,11.85,11.95,-,0.15,62602,750998.0,-8000,0,1000,0,0,1000,8000,0,0
20251021,2465,麗臺,72.2,73.4,70.3,70.7,-,1.0,996882,71238055.0,-7000,0,0,259000,0,0,266000,0,0
20251021,6112,邁達特,49.8,50.4,49.6,49.8,+,0.05,631987,31551260.0,-9000,0,1360,255000,0,3000,264000,0,1640
20251021,5525,順天,28.4,28.65,27.95,28.1,-,0.25,101452,2857255.0,-8000,0,0,8000,0,0,16000,0,0
20251021,6965,中傑-KY,92.0,92.9,92.0,92.1,-,0.5,64909,5992493.0,-8000,0,0,12000,0,0,20000,0,0
20251021,2722,夏都,30.55,30.6,28.7,28.7,-,2.1,244683,7215436.0,-9000,0,1000,18000,0,4000,27000,0,3000
20251021,00660,元大歐洲50,40.8,40.83,40.7,40.82,+,0.42,61000,2485844.0,0,0,-8000,0,0,2000,0,0,10000
20251021,2227,裕日車,54.1,54.5,54.1,54.3,+,0.2,19650,1067016.0,-8058,0,0,1000,0,0,9058,0,0
20251021,2739,寒舍,38.05,38.5,37.7,37.8,-,0.2,66562,2534231.0,-9000,0,0,7000,0,0,16000,0,0
20251021,2483,百容,20.35,20.35,20.0,20.15,,0.0,75304,1516276.0,-10000,0,1000,0,0,1000,10000,0,0
20251021,2546,根基,87.3,87.3,85.7,85.8,-,0.5,35692,3075482.0,-9000,0,0,1000,0,0,10000,0,0
20251021,1337,再生-KY,5.09,5.13,5.04,5.07,,0.0,477667,2435015.0,-9000,0,0,13000,0,0,22000,0,0
20251021,5292,華懋,149.0,149.5,148.5,148.5,-,0.5,21564,3216187.0,-9000,0,0,0,0,0,9000,0,0
20251021,4440,宜新實業,22.25,22.25,20.0,20.0,-,2.05,782419,16418544.0,-9000,0,0,55000,0,0,64000,0,0
20251021,00690,兆豐藍籌30,43.24,43.63,43.24,43.46,+,0.32,785587,34172045.0,-13000,0,3855,4000,0,605855,17000,0,602000
20251021,5608,四維航,17.55,17.6,17.35,17.45,,0.0,1643999,28732256.0,-9000,0,-253,444000,0,0,453000,0,253
20251021,8466,美吉吉-KY,23.1,23.2,22.6,22.6,-,0.65,94656,2157358.0,-10000,0,0,6000,0,0,16000,0,0
20251021,6552,易華電,26.9,27.0,25.9,26.55,+,0.15,175718,4649146.0,-9000,0,-1000,12000,0,0,21000,0,1000
20251021,6645,金萬林-創,21.5,22.0,21.15,21.8,,0.0,128473,2757964.0,-2000,0,-8000,6000,0,36000,8000,0,44000
20251021,2506,太設,9.55,9.55,9.48,9.48,-,0.01,43851,416291.0,-10000,0,0,0,0,0,10000,0,0
20251021,3266,昇陽,13.65,13.7,13.5,13.55,-,0.1,68436,928461.0,-10000,0,0,2000,0,0,12000,0,0
20251021,2704,國賓,42.25,42.25,42.05,42.05,-,0.15,27021,1137776.0,-11000,0,0,7000,0,0,18000,0,0
20251021,1232,大統益,146.5,146.5,145.0,145.0,-,0.5,36087,5247137.0,-13000,0,2000,3000,0,2000,16000,0,0
20251021,6916,華凌,18.0,19.25,18.0,18.65,+,1.15,582403,10956275.0,-12000,0,569,37000,0,1000,49000,0,431
20251021,6136,富爾特,24.0,24.0,23.65,23.85,,0.0,98803,2354696.0,-13000,0,1000,1000,0,1000,14000,0,0
20251021,4155,訊映,14.5,14.75,14.35,14.35,-,0.1,159844,2305500.0,-12000,0,0,3000,0,0,15000,0,0
20251021,3592,瑞鼎,253.0,254.0,247.5,247.5,-,1.5,485795,121657216.0,55014,-69588,2000,246014,0,2000,191000,69588,0
20251021,2115,六暉-KY,26.2,26.5,26.2,26.3,-,0.1,50087,1321835.0,-13000,0,0,0,0,0,13000,0,0
20251021,1103,嘉泥,13.3,13.35,13.25,13.25,,0.0,108530,1439669.0,-19000,0,6000,0,0,6000,19000,0,0
20251021,1525,江申,64.4,64.4,64.3,64.3,,0.0,16195,1041733.0,-4000,0,-10000,0,0,0,4000,0,10000
20251021,6201,亞弘電,56.1,56.2,56.0,56.0,-,0.1,45159,2531643.0,-14000,0,0,4000,0,0,18000,0,0
20251021,5706,鳳凰,53.0,53.2,52.8,52.9,-,0.1,122554,6492993.0,-15000,0,1000,15000,0,1000,30000,0,0
20251021,6937,天虹,284.0,288.5,279.0,279.0,-,5.0,547796,155250693.0,-28000,21000,-7904,57000,21000,5000,85000,0,12904
20251021,8367,建新國際,43.5,43.6,43.5,43.5,,0.0,26372,1147980.0,0,0,-15000,3000,0,0,3000,0,15000
20251021,6152,百一,8.9,9.04,8.88,8.91,+,0.05,192954,1728720.0,-15000,0,0,49000,0,0,64000,0,0
20251021,2114,鑫永銓,92.9,93.4,90.0,90.5,-,0.8,190283,17463571.0,-15000,0,0,24000,0,5000,39000,0,5000
20251021,1707,葡萄王,124.0,124.0,123.0,123.5,+,0.5,64644,7993611.0,-17000,0,1732,18000,0,2000,35000,0,268
20251021,3257,虹冠電,72.5,75.3,72.2,73.5,+,2.0,7033208,521296157.0,-22000,0,6000,1270000,0,6000,1292000,0,0
20251021,2762,世界健身-KY,85.2,85.3,83.7,84.0,-,1.4,55718,4693289.0,-16000,0,0,5000,0,0,21000,0,0
20251021,2601,益航,5.8,5.9,5.8,5.8,-,0.05,1057928,6152770.0,-16000,0,0,231000,0,0,247000,0,0
20251021,1615,大山,45.55,46.0,45.5,45.55,-,0.15,85867,3919426.0,-16052,0,0,10000,0,0,26052,0,0
20251021,2514,龍邦,14.8,14.8,14.65,14.65,-,0.05,37976,558789.0,-20000,0,3901,2000,0,4000,22000,0,99
20251021,00913,兆豐台灣晶圓製造,23.2,23.5,23.2,23.35,+,0.25,432976,10144491.0,0,0,-16685,0,0,371434,0,0,388119
20251021,2032,新鋼,14.65,14.75,14.55,14.6,-,0.05,126200,1845018.0,-17000,0,0,10000,0,0,27000,0,0
20251021,2243,宏旭-KY,12.5,12.6,12.25,12.3,-,0.15,155605,1926924.0,-22000,0,5000,13000,0,9000,35000,0,4000
20251021,1737,臺鹽,32.0,32.0,31.95,31.95,,0.0,156994,5021725.0,-17000,0,0,2000,0,0,19000,0,0
20251021,6914,阜爾運通,154.0,154.5,151.5,154.5,+,0.5,124416,19032262.0,-17000,0,0,34000,0,0,51000,0,0
20251021,00783,富邦中証500,23.73,23.78,23.73,23.77,+,0.33,38526,914713.0,1000,0,-18383,1000,0,13624,0,0,32007
20251021,6757,台灣虎航,72.0,72.0,70.0,70.6,-,1.4,2972350,209899458.0,-40000,20000,2114,660000,20000,53000,700000,0,50886
20251021,4572,駐龍,165.5,166.0,165.0,165.5,,0.0,71647,11834768.0,-17000,0,-1000,36000,0,0,53000,0,1000
20251021,2069,運錩,15.45,15.45,15.2,15.3,-,0.05,86724,1328486.0,-21000,0,3000,7000,0,3000,28000,0,0
20251021,1460,宏遠,5.81,5.85,5.76,5.81,,0.0,199014,1153250.0,-20000,0,0,0,0,0,20000,0,0
20251021,3025,星通,47.1,47.4,46.35,46.8,-,0.15,273470,12780599.0,-20100,0,0,26000,0,0,46100,0,0
20251021,1537,廣隆,125.5,125.5,124.0,124.5,,0.0,132434,16482690.0,10000,-31000,893,25000,0,3000,15000,31000,2107
20251021,1558,伸興,91.3,91.4,90.9,90.9,-,1.0,54391,4957299.0,-11000,-1178,-8000,7000,0,0,18000,1178,8000
20251021,2239,英利-KY,32.35,33.05,30.8,31.2,-,1.15,222887,7009393.0,-24000,0,3740,18000,0,9001,42000,0,5261
20251021,9924,福興,52.8,52.8,52.5,52.6,+,0.1,111740,5888121.0,-19000,-2713,1000,16000,0,1000,35000,2713,0
20251021,2543,皇昌,72.5,72.7,71.6,71.7,+,0.1,1386770,99818001.0,-29000,0,7651,214000,0,28000,243000,0,20349
20251021,00657,國泰日經225,58.6,58.95,58.2,58.45,+,0.55,521085,30558591.0,-1000,0,-20859,5000,0,481402,6000,0,502261
20251021,2912,統一超,245.5,246.5,244.0,245.0,+,1.0,1243106,304542458.0,420091,-427976,-14178,921564,0,30000,501473,427976,44178
20251021,8487,愛爾達-創,77.6,78.0,77.1,77.9,+,0.3,56137,4369284.0,-3000,0,-21000,0,0,0,3000,0,21000
20251021,6504,南六,44.65,45.55,44.6,44.8,,0.0,72845,3268882.0,-24000,0,-111,7000,0,0,31000,0,111
20251021,6141,柏承,11.4,12.25,11.35,12.2,+,0.95,509099,6114699.0,-23000,0,-1443,88000,0,557,111000,0,2000
20251021,3563,牧德,539.0,542.0,531.0,537.0,,0.0,582619,311995140.0,46647,0,-71215,218007,0,10634,171360,0,81849
20251021,2247,汎德永業,291.5,291.5,290.0,290.0,-,4.5,69412,20167712.0,-25000,0,0,3000,0,0,28000,0,0
20251021,1515,力山,28.4,28.4,28.0,28.2,-,0.05,179533,5056381.0,-27000,0,2000,43000,0,2000,70000,0,0
20251021,6164,華興,10.15,10.15,10.1,10.1,,0.0,154881,1566881.0,-26000,0,0,0,0,0,26000,0,0
20251021,2612,中航,56.8,57.0,56.1,56.7,-,0.1,852521,48214877.0,-21000,0,-5250,276000,0,3000,297000,0,8250
20251021,5269,祥碩,1455.0,1540.0,1445.0,1505.0,+,70.0,1243852,1882788865.0,-64302,1000,36238,373221,1000,70185,437523,0,33947
20251021,4755,三福化,117.0,117.5,111.0,113.0,-,3.5,819071,92634464.0,-14000,-15000,1056,132000,0,6000,146000,15000,4944
20251021,6515,穎崴,2405.0,2465.0,2350.0,2450.0,+,55.0,770955,1865814435.0,-48952,34000,-13048,201331,50000,11219,250283,16000,24267
20251021,8429,金麗-KY,7.95,8.0,7.93,7.94,-,0.01,268188,2135234.0,-28000,0,0,11000,0,0,39000,0,0
20251021,3533,嘉澤,1410.0,1435.0,1395.0,1430.0,+,40.0,776854,1100165725.0,18982,-70895,23523,427974,13000,38940,408992,83895,15417
20251021,6691,洋基工程,450.5,451.0,446.5,447.0,-,1.5,335590,150467400.0,-32647,3000,675,145000,3000,2675,177647,0,2000
20251021,6592,和潤企業,64.7,64.7,63.6,64.1,-,0.3,489415,31359377.0,-22000,0,-7108,121000,0,15000,143000,0,22108
20251021,2850,新產,117.0,117.0,115.0,115.0,-,1.0,225077,26023481.0,6000,-39000,3660,50000,0,5000,44000,39000,1340
20251021,2387,精元,43.35,43.4,42.8,42.8,-,0.1,741672,31933016.0,-21000,-10871,2000,205000,0,2000,226000,10871,0
20251021,2486,一詮,79.0,80.0,78.5,78.6,,0.0,1932211,153108786.0,-66000,0,35291,544000,0,55112,610000,0,19821
20251021,1773,勝一,147.0,147.5,143.5,144.0,-,1.5,602998,87586294.0,-34000,0,3060,164000,0,3061,198000,0,1
20251021,5515,建國,25.25,25.3,25.2,25.25,,0.0,176491,4458746.0,-32000,0,0,32000,0,0,64000,0,0
20251021,3150,鈺寶-創,20.5,22.55,20.25,22.2,+,1.7,200898,4308969.0,-8000,0,-24671,21000,0,45329,29000,0,70000
20251021,2038,海光,15.35,15.45,15.0,15.0,-,0.25,284202,4298530.0,-35620,0,2000,21380,0,2000,57000,0,0
20251021,2423,固緯,56.6,56.8,55.4,55.4,-,0.6,202786,11321147.0,-35000,0,1000,33000,0,1000,68000,0,0
20251021,3010,華立,93.0,94.0,92.9,92.9,+,0.4,390046,36366968.0,-1000,-36493,1786,157000,0,2370,158000,36493,584
20251021,2329,華泰,49.15,50.1,48.2,48.9,-,0.15,13939927,683913466.0,122000,0,-158047,3352000,0,279488,3230000,0,437535
20251021,7740,熙特爾-創,209.0,212.0,204.0,207.0,-,4.5,151446,31425706.0,-37000,0,747,4000,0,9000,41000,0,8253
20251021,6177,達麗,48.3,48.3,47.55,47.85,-,0.3,570468,27336364.0,-47000,0,10004,287000,0,10004,334000,0,0
20251021,2107,厚生,23.85,24.0,23.85,23.9,+,0.05,82341,1971669.0,-37000,0,0,4000,0,0,41000,0,0
20251021,2636,台驊控股,69.4,69.4,69.0,69.2,,0.0,143099,9888024.0,-38000,0,1000,17000,0,1000,55000,0,0
20251021,1227,佳格,32.5,32.5,32.2,32.2,-,0.15,345298,11170233.0,-46999,0,9000,54000,0,9000,100999,0,0
20251021,7799,禾榮科,727.0,737.0,703.0,722.0,-,23.0,863679,621419656.0,-136000,99000,-1000,112000,99000,29000,248000,0,30000
20251021,2429,銘旺科,104.0,113.0,104.0,108.0,+,2.5,1060577,115448976.0,-59000,0,19996,221000,0,27000,280000,0,7004
20251021,1723,中碳,84.2,84.4,83.5,83.8,-,0.6,278400,23348199.0,-41000,0,671,77000,0,2000,118000,0,1329
20251021,6923,中台,104.5,105.5,104.0,105.0,+,0.5,517925,54242532.0,-39000,0,-1763,95000,0,1000,134000,0,2763
20251021,2022,聚亨,7.94,7.94,7.83,7.89,-,0.01,174434,1373112.0,-41000,0,0,6000,0,0,47000,0,0
20251021,1110,東泥,16.5,16.6,16.3,16.3,-,0.3,153224,2519008.0,-42000,0,0,25000,0,0,67000,0,0
20251021,1321,大洋,35.85,35.9,35.55,35.55,-,0.15,103400,3687595.0,-45000,0,2000,3000,0,2000,48000,0,0
20251021,4583,台灣精銳,607.0,629.0,607.0,621.0,+,18.0,341836,211885348.0,4305,-50000,2444,82605,0,6366,78300,50000,3922
20251021,2029,盛餘,21.9,21.9,21.7,21.75,-,0.1,133397,2907309.0,-44000,0,-106,8000,0,5000,52000,0,5106
20251021,1231,聯華食,113.0,113.0,111.0,111.0,-,2.0,543764,60680378.0,-54000,0,3729,66000,0,5000,120000,0,1271
20251021,00963,中信全球高股息,10.6,10.61,10.6,10.6,,0.0,852026,9033084.0,6000,0,-58036,8000,0,359000,2000,0,417036
20251021,2849,安泰銀,13.2,13.2,13.05,13.05,-,0.15,78213,1026953.0,-53000,0,0,2000,0,0,55000,0,0
20251021,3167,大量,163.0,164.0,159.5,161.0,-,0.5,2520722,407320017.0,-53000,0,-217,1115000,0,1000,1168000,0,1217
20251021,6890,來億-KY,238.0,238.5,232.0,233.5,-,1.0,346985,81309093.0,-54858,0,1613,65000,0,2000,119858,0,387
20251021,5306,桂盟,91.7,92.0,90.6,91.4,-,0.3,124003,11298722.0,-54000,0,0,17000,0,0,71000,0,0
20251021,1722,台肥,48.1,48.4,48.1,48.25,+,0.15,670804,32371419.0,-31000,18000,-41080,216000,18000,9000,247000,0,50080
20251021,6909,創控,38.85,38.95,38.0,38.1,+,0.05,139020,5357392.0,-56000,0,0,6000,0,0,62000,0,0
20251021,6706,惠特,71.5,72.5,70.8,71.2,-,0.3,709227,50803511.0,-55000,0,-1737,129000,0,1955,184000,0,3692
20251021,2007,燁興,7.57,7.57,7.45,7.45,-,0.12,221209,1655908.0,-57000,0,0,1000,0,0,58000,0,0
20251021,00964,中信亞太高股息,11.07,11.09,11.01,11.01,+,0.02,617219,6815771.0,4000,0,-61084,4000,0,525000,0,0,586084
20251021,6414,樺漢,299.0,299.0,295.0,295.0,-,0.5,394276,116863773.0,-53000,-15000,10314,173000,0,13681,226000,15000,3367
20251021,9914,美利達,104.0,104.0,102.0,102.0,-,1.0,361190,37051311.0,-60000,0,2000,182000,0,3000,242000,0,1000
20251021,8374,羅昇,91.8,95.5,91.8,92.3,+,2.1,924130,86600934.0,-63000,0,4041,225000,0,4041,288000,0,0
20251021,1414,東和,17.3,17.4,16.95,17.2,-,0.05,818533,13998273.0,-131000,72000,0,108000,72000,0,239000,0,0
20251021,2545,皇翔,41.25,41.9,41.15,41.75,+,0.5,496157,20631357.0,-64000,0,3786,158000,0,5000,222000,0,1214
20251021,6412,群電,99.8,100.0,98.4,98.4,-,0.2,559892,55493589.0,143050,-208119,2934,373050,0,4000,230000,208119,1066
20251021,2480,敦陽科,165.0,166.0,164.5,164.5,-,0.5,177253,29271229.0,-60000,-4553,2000,43000,0,2000,103000,4553,0
20251021,2753,八方雲集,191.5,192.0,190.0,191.0,+,0.5,268505,51222253.0,-94000,27000,4000,98000,27000,5000,192000,0,1000
20251021,6670,復盛應用,248.0,249.0,245.0,245.0,-,1.0,192222,47297932.0,-28000,-37015,1431,41000,0,3000,69000,37015,1569
20251021,1711,永光,19.2,20.05,18.95,19.5,+,0.5,7057872,138106347.0,-113000,0,49276,1945000,0,83256,2058000,0,33980
20251021,2103,台橡,15.2,15.35,15.2,15.2,,0.0,395033,6025486.0,-72000,0,7660,61000,0,8000,133000,0,340
20251021,6695,芯鼎,52.0,54.5,51.7,51.9,+,1.2,4476111,238041987.0,-64000,0,-638,996000,0,0,1060000,0,638
20251021,3694,海華,71.9,73.7,71.9,72.8,+,1.4,1026711,74807062.0,-10000,-56000,388,332000,0,1072,342000,56000,684
20251021,1463,強盛新,17.45,17.45,17.0,17.1,-,0.15,250825,4299922.0,-65997,0,0,10003,0,0,76000,0,0
20251021,6854,錼創科技-KY創,149.5,159.5,149.5,151.5,+,4.0,276779,42680767.0,-62000,0,-6566,39000,0,9005,101000,0,15571
20251021,4441,振大環球,280.0,289.0,278.5,286.0,+,8.5,404116,115280782.0,-40000,8000,-37000,39000,8000,1000,79000,0,38000
20251021,1786,科妍,94.9,95.2,93.3,93.6,-,0.5,385830,36270506.0,-88000,0,18548,113000,0,19001,201000,0,453
20251021,4958,臻鼎-KY,152.0,165.0,151.5,165.0,+,15.0,25351878,4085629117.0,-959800,619000,271060,10739100,1071000,1049163,11698900,452000,778103
20251021,2727,王品,224.0,224.0,222.0,222.0,-,1.0,245132,54583968.0,0,-70101,-120,99000,0,3000,99000,70101,3120
20251021,2832,台產,35.5,36.0,35.4,36.0,+,0.1,815992,29152887.0,-315001,168000,76747,39000,168000,91000,354001,0,14253
20251021,5434,崇越,327.0,330.5,322.5,322.5,-,3.0,602224,196190920.0,-41000,-34000,3505,183000,4000,16627,224000,38000,13122
20251021,6869,雲豹能源,124.5,124.5,121.0,122.5,-,2.0,995395,122027880.0,-71000,0,-1096,273000,0,3293,344000,0,4389
20251021,5243,乙盛-KY,78.5,79.6,76.2,77.2,+,1.0,5632432,438735143.0,-23000,-69000,19764,1392000,0,29037,1415000,69000,9273
20251021,6196,帆宣,238.5,239.0,234.5,236.0,+,0.5,910034,215099284.0,-3000,-67000,-2799,537000,0,1752,540000,67000,4551
20251021,1708,東鹼,30.45,30.45,30.3,30.3,,0.0,631510,19165114.0,-75000,0,1563,139000,0,2000,214000,0,437
20251021,2903,遠百,22.0,22.15,21.95,22.1,-,0.05,1817945,40085058.0,-856000,716000,66104,316000,716000,69000,1172000,0,2896
20251021,1447,力鵬,5.67,5.67,5.59,5.59,-,0.07,444527,2496445.0,-76442,0,0,0,0,0,76442,0,0
20251021,2845,遠東銀,12.8,12.8,12.65,12.7,-,0.05,7237619,92202138.0,-61499,-75000,59000,2409000,0,59000,2470499,75000,0
20251021,1702,南僑,38.75,38.8,38.6,38.6,-,0.15,497905,19253185.0,-74000,0,-3993,71000,0,3000,145000,0,6993
20251021,2228,劍麟,97.0,100.5,97.0,99.2,+,2.3,663907,65850046.0,-79000,0,668,154000,0,668,233000,0,0
20251021,4770,上品,254.5,257.0,251.0,251.5,-,2.5,456544,115762933.0,89000,-168000,-10,161000,0,1000,72000,168000,1010
20251021,6669,緯穎,3945.0,4130.0,3945.0,4065.0,+,185.0,2564675,10373606965.0,-248588,102800,65216,974472,103800,99524,1223060,1000,34308
20251021,1309,台達化,11.3,11.3,11.0,11.0,-,0.15,544604,6025751.0,-85000,0,3999,50000,0,4000,135000,0,1
20251021,2929,淘帝-KY,8.77,8.8,8.7,8.73,-,0.03,179508,1569612.0,-86000,0,0,10000,0,0,96000,0,0
20251021,1714,和桐,8.25,8.29,8.21,8.21,-,0.02,924766,7624492.0,-86000,0,0,166000,0,0,252000,0,0
20251021,2466,冠西電,55.6,55.6,52.5,52.8,-,1.9,301125,16109069.0,-84000,0,-2152,73000,0,0,157000,0,2152
20251021,2493,揚博,91.6,94.0,91.5,91.8,+,0.8,522305,48225103.0,-88000,0,1828,164000,0,2000,252000,0,172
20251021,1310,台苯,8.77,8.79,8.72,8.72,-,0.03,533580,4666336.0,-78000,0,-9000,112000,0,4000,190000,0,13000
20251021,2236,百達-KY,89.6,92.1,89.4,90.0,+,0.7,484693,44013045.0,-87000,0,-532,84000,0,0,171000,0,532
20251021,9907,統一實,18.3,18.35,18.2,18.25,,0.0,1767645,32313457.0,41000,0,-130000,698000,0,15000,657000,0,145000
20251021,2404,漢唐,852.0,862.0,846.0,848.0,-,3.0,1307846,1115278820.0,207910,-309826,12142,564010,6000,50218,356100,315826,38076
20251021,2393,億光,62.4,62.5,61.9,62.2,+,0.4,777027,48316475.0,231000,-326849,3817,457000,0,4000,226000,326849,183
20251021,6579,研揚,139.0,140.5,136.0,139.0,+,1.0,458305,63407963.0,-94000,0,-150,48000,0,1000,142000,0,1150
20251021,00899,FT潔淨能源,20.15,20.26,20.12,20.13,+,0.04,317368,6397322.0,13000,0,-107835,15000,0,53165,2000,0,161000
20251021,1210,大成,51.8,52.1,51.6,51.6,,0.0,1202068,62231253.0,302900,-412000,11997,500000,15000,12000,197100,427000,3
20251021,5222,全訊,145.5,149.0,145.0,145.5,,0.0,750451,109892664.0,-42000,-52000,-4594,154000,0,10048,196000,52000,14642
20251021,2504,國產,33.95,35.4,33.95,35.35,+,1.6,5540162,193797018.0,110050,-222010,12864,2129050,0,14708,2019000,222010,1844
20251021,3701,大眾控,38.95,39.3,37.8,37.9,-,1.05,631352,24154469.0,-103000,0,958,182000,0,3000,285000,0,2042
20251021,3029,零壹,113.0,113.5,112.0,113.0,+,1.0,676143,76320561.0,-104100,0,1993,151000,0,8000,255100,0,6007
20251021,6834,天二科技,30.55,31.2,29.55,29.55,-,0.7,684405,20747290.0,-103000,0,0,59000,0,0,162000,0,0
20251021,2852,第一保,26.5,26.6,26.45,26.45,-,0.05,176759,4684061.0,-98000,-6921,0,3000,0,0,101000,6921,0
20251021,00894,中信小資高價30,26.05,26.26,26.05,26.17,+,0.22,1326511,34729145.0,73900,0,-181729,124000,0,318344,50100,0,500073
20251021,1464,得力,11.3,11.35,11.1,11.1,-,0.15,320970,3595807.0,-108000,0,0,34000,0,0,142000,0,0
20251021,8105,凌巨,12.3,12.4,12.2,12.25,,0.0,957593,11761166.0,-119000,0,4000,192000,0,4000,311000,0,0
20251021,2104,國際中橡,10.75,10.75,10.65,10.65,-,0.05,796065,8498872.0,-125000,0,9000,203000,0,9000,328000,0,0
20251021,3705,永信,58.0,58.0,57.1,57.7,,0.0,277508,15961950.0,-112000,0,-4998,56000,0,2,168000,0,5000
20251021,2476,鉅祥,102.5,106.5,102.5,102.5,+,1.5,3825920,400115313.0,-123000,0,4444,1137000,0,64224,1260000,0,59780
20251021,5203,訊連,95.3,95.9,94.2,94.7,-,0.6,169908,16133698.0,-122000,0,972,13000,0,1000,135000,0,28
20251021,2482,連宇,18.35,20.1,18.35,20.1,+,1.8,1172372,23316117.0,-129000,0,4774,105000,0,7029,234000,0,2255
20251021,3004,豐達科,120.5,121.5,119.0,119.5,-,1.0,446969,53720457.0,-117000,0,-7441,98000,0,0,215000,0,7441
20251021,1305,華夏,11.45,11.45,11.15,11.2,-,0.1,563120,6315934.0,-130000,0,4006,120000,0,5006,250000,0,1000
20251021,2015,豐興,63.9,64.2,63.0,63.0,-,0.9,464429,29406429.0,167000,-298000,4795,232000,0,7000,65000,298000,2205
20251021,9937,全國,57.0,58.5,55.3,57.5,+,0.1,416165,23726352.0,-18000,-105000,-4000,60000,0,20000,78000,105000,24000
20251021,6873,泓德能源,131.5,131.5,126.5,127.0,-,3.0,1016558,130195083.0,-119985,-2390,-5378,222015,0,12000,342000,2390,17378
20251021,1736,喬山,162.5,163.0,153.0,153.5,-,6.5,1248452,193401034.0,-88000,-61000,19878,314000,0,27000,402000,61000,7122
20251021,5284,jpp-KY,276.0,283.0,273.0,274.0,-,1.0,1159883,322540321.0,-196000,-22000,82507,236000,0,98682,432000,22000,16175
20251021,0055,元大MSCI金融,30.99,31.2,30.98,31.11,+,0.12,208040,6471923.0,9000,0,-146624,10000,0,2445,1000,0,149069
20251021,6215,和椿,116.5,124.5,116.0,121.0,+,6.5,6449897,786083750.0,-222900,0,85072,978100,0,97427,1201000,0,12355
20251021,6235,華孚,72.0,74.8,72.0,74.0,+,2.9,7218137,532581585.0,-335000,99000,95837,1667000,99000,132654,2002000,0,36817
20251021,2010,春源,19.6,19.65,19.4,19.5,+,0.05,838919,16384125.0,-150000,0,6000,191000,0,6000,341000,0,0
20251021,3708,上緯投控,112.5,115.0,112.0,113.5,+,1.5,1557583,176761977.0,-221000,0,74041,367000,0,79695,588000,0,5654
20251021,6165,浪凡,53.9,54.0,53.2,53.9,+,0.2,279730,14982536.0,-148000,0,0,27000,0,0,175000,0,0
20251021,2206,三陽工業,61.1,61.4,60.7,60.8,+,0.2,980721,59721664.0,486000,-650641,13856,529000,0,14000,43000,650641,144
20251021,2108,南帝,23.45,23.45,23.1,23.15,-,0.1,373007,8662308.0,-157000,0,4465,67000,0,5000,224000,0,535
20251021,00735,國泰臺韓科技,47.67,48.03,47.47,47.48,+,0.19,298078,14229450.0,-103000,0,-51000,1000,0,106000,104000,0,157000
20251021,9917,中保科,109.5,110.5,109.5,109.5,+,0.5,539166,59297189.0,-81730,-80000,3201,147270,0,4000,229000,80000,799
20251021,1522,堤維西,43.6,45.35,43.6,45.3,+,2.1,4814603,215965524.0,-234300,-17187,89198,1185000,0,94077,1419300,17187,4879
20251021,2017,官田鋼,9.06,9.06,8.88,8.92,-,0.08,642766,5748372.0,-167000,0,4288,6000,0,7000,173000,0,2712
20251021,4977,眾達-KY,120.0,121.0,117.5,118.5,+,0.5,6399630,763578063.0,-107000,0,-57690,1223000,0,52164,1330000,0,109854
20251021,3045,台灣大,111.5,111.5,111.0,111.0,-,0.5,2356622,261998085.0,319721,-431000,-55758,804375,1000,67070,484654,432000,122828
20251021,3416,融程電,166.5,170.5,166.5,168.5,+,3.5,510138,86379939.0,-174000,0,4907,100000,0,8000,274000,0,3093
20251021,2360,致茂,667.0,691.0,666.0,677.0,+,21.0,2860932,1950824581.0,-1233,-172000,2687,1495588,96000,54345,1496821,268000,51658
20251021,2034,允強,20.0,20.05,19.75,19.8,-,0.2,966707,19207183.0,-164000,0,-11004,214000,0,4000,378000,0,15004
20251021,00709,富邦歐洲,34.84,34.84,34.51,34.61,+,0.05,262827,9094330.0,-1850,0,-178000,150,0,40000,2000,0,218000
20251021,2383,台光電,1150.0,1155.0,1120.0,1130.0,+,5.0,1555620,1766270630.0,-66036,-116600,2023,517353,6000,60188,583389,122600,58165
20251021,2534,宏盛,21.6,21.6,21.3,21.3,-,0.15,305125,6530169.0,-188000,0,6000,58000,0,6000,246000,0,0
20251021,3149,正達,39.0,39.0,38.25,38.35,-,0.35,2634388,101604488.0,-182000,0,0,562000,0,0,744000,0,0
20251021,2241,艾姆勒,37.95,38.7,36.75,37.05,-,0.85,1639525,61476943.0,-186000,0,3000,268000,0,3000,454000,0,0
20251021,00907,永豐優息存股,15.77,15.79,15.63,15.64,-,0.03,1053979,16537513.0,-9500,0,-178236,0,0,446000,9500,0,624236
20251021,3030,德律,152.0,154.0,151.5,152.0,+,1.5,1185205,181020667.0,-205000,-21000,37071,221000,0,67373,426000,21000,30302
20251021,2838,聯邦銀,19.95,19.95,19.45,19.85,-,0.1,6315859,124670220.0,-2780850,2539000,50352,1082000,2539000,52000,3862850,0,1648
20251021,1440,南紡,13.0,13.0,12.8,12.8,-,0.05,598400,7674861.0,-209000,0,15482,28000,0,16000,237000,0,518
20251021,6197,佳必琪,168.5,171.5,167.0,167.5,+,1.5,3700539,625203693.0,-243147,-59000,104578,743000,0,113559,986147,59000,8981
20251021,1608,華榮,31.3,31.45,30.65,30.75,-,0.35,2503253,77460320.0,-206000,4000,3902,574000,4000,11487,780000,0,7585
20251021,6885,全福生技,32.25,32.5,31.9,31.95,-,0.55,423495,13594056.0,-202000,0,-73,21000,0,0,223000,0,73
20251021,6449,鈺邦,201.5,205.5,193.0,193.0,-,9.0,4394279,871114205.0,-143684,-32000,-32951,715316,0,40116,859000,32000,73067
20251021,2530,華建,30.15,30.15,29.75,30.05,+,0.1,791073,23662537.0,-124000,0,-86000,332000,0,90000,456000,0,176000
20251021,6153,嘉聯益,15.45,16.35,15.45,15.55,+,0.3,7703024,121209514.0,-189000,0,-23001,2573000,0,15000,2762000,0,38001
20251021,1904,正隆,17.45,17.45,17.25,17.25,-,0.05,534733,9243043.0,-193000,-29814,5918,79000,0,11000,272000,29814,5082
20251021,3583,辛耘,373.5,375.5,366.0,366.5,-,4.0,767681,283323601.0,-174380,-41000,-7395,147030,0,20077,321410,41000,27472
20251021,3532,台勝科,103.5,112.0,103.0,112.0,+,10.0,10741465,1182634796.0,-465920,-7778,240258,2096100,0,339771,2562020,7778,99513
20251021,2006,東和鋼鐵,62.5,62.8,62.1,62.3,+,0.2,1202624,75137505.0,-106000,-125997,-3943,652000,0,7057,758000,125997,11000
20251021,6456,GIS-KY,52.5,53.0,52.1,52.2,+,0.2,752810,39520125.0,-239000,0,513,240000,0,7020,479000,0,6507
20251021,6781,AES-KY,1065.0,1095.0,1050.0,1080.0,+,30.0,1392451,1489069825.0,91500,-359000,27157,473500,0,55018,382000,359000,27861
20251021,3653,健策,2290.0,2290.0,2220.0,2240.0,-,25.0,1191989,2672361110.0,143901,-374383,-17873,442850,22500,22725,298949,396883,40598
20251021,9939,宏全,130.0,131.5,129.5,130.0,+,0.5,1023365,133559293.0,-104000,-146000,285,285000,29000,6000,389000,175000,5715
20251021,2395,研華,324.0,326.0,320.5,325.0,+,3.0,1873596,606621756.0,-241721,-1000,-7143,1269761,11000,18000,1511482,12000,25143
20251021,9910,豐泰,135.0,135.0,128.0,128.5,-,4.5,1130349,145944311.0,-651895,397755,3555,299853,407000,9026,951748,9245,5471
20251021,9946,三發地產,18.05,18.05,17.75,17.8,-,0.25,425737,7600331.0,-255000,0,0,22000,0,0,277000,0,0
20251021,2905,三商,12.6,12.65,12.5,12.55,,0.0,522425,6557186.0,-274000,0,9998,41000,0,10000,315000,0,2
20251021,9935,慶豐富,20.0,20.15,19.6,19.85,-,0.4,648295,12860800.0,-267000,0,-1057,72000,0,0,339000,0,1057
20251021,1710,東聯,12.1,12.2,12.05,12.15,+,0.1,697918,8465569.0,-284000,0,10814,93000,0,11000,377000,0,186
20251021,2457,飛宏,27.05,27.8,27.05,27.2,-,0.2,7518755,206067544.0,-361000,0,85182,1510000,0,151715,1871000,0,66533
20251021,3535,晶彩科,77.4,78.0,74.8,75.2,-,0.4,2523499,192183230.0,-283940,0,175,559060,0,4522,843000,0,4347
20251021,2009,第一銅,41.85,42.2,40.9,41.0,-,0.85,3608351,149517019.0,-275900,0,-11201,784100,0,58331,1060000,0,69532
20251021,3002,歐格,25.0,25.3,23.3,23.3,-,1.7,3493034,83759228.0,-277000,0,-15972,441000,0,4000,718000,0,19972
20251021,6541,泰福-KY,60.4,61.5,59.9,60.0,,0.0,1191734,72204409.0,-294000,0,736,194000,0,1000,488000,0,264
20251021,3704,合勤控,34.9,35.7,34.75,34.75,-,0.65,4734852,166180867.0,-301000,0,5327,1391000,0,7000,1692000,0,1673
20251021,9940,信義,22.95,22.95,22.5,22.7,-,0.1,1138155,25736568.0,-303000,0,7088,242000,0,12000,545000,0,4912
20251021,1517,利奇,13.5,13.5,12.95,13.15,-,0.15,860288,11282047.0,-304000,0,1846,62000,0,2000,366000,0,154
20251021,2498,宏達電,52.2,53.7,52.2,52.7,+,0.7,10261275,542626497.0,-1000079,0,693442,1961921,0,907286,2962000,0,213844
20251021,2031,新光鋼,41.2,41.2,40.35,40.4,-,0.5,645270,26202954.0,-310000,0,2086,158000,0,6000,468000,0,3914
20251021,2528,皇普,29.45,29.45,29.0,29.1,-,0.4,743021,21685840.0,-315000,0,0,216000,0,0,531000,0,0
20251021,4927,泰鼎-KY,22.4,22.8,22.2,22.2,,0.0,2599415,58447197.0,-318000,0,3000,780000,0,3000,1098000,0,0
20251021,00909,國泰數位支付服務,49.27,49.37,48.86,48.91,+,0.2,7416260,364586097.0,-847381,0,530127,161578,0,3293000,1008959,0,2762873
20251021,6641,基士德-KY,21.35,21.35,20.3,20.5,-,0.15,354124,7265506.0,-323000,0,1000,3000,0,1000,326000,0,0
20251021,2606,裕民,56.6,56.6,56.0,56.4,+,0.2,2468742,138826232.0,-292000,-33994,2682,666000,0,50765,958000,33994,48083
20251021,2520,冠德,33.15,33.6,32.9,33.5,+,0.35,2625775,87340488.0,459000,-778900,-8633,1259000,0,16117,800000,778900,24750
20251021,2484,希華,24.0,24.05,23.2,23.3,-,0.15,1357888,32074133.0,-331000,0,1000,114000,0,1000,445000,0,0
20251021,2607,榮運,57.0,57.3,56.2,56.4,-,0.5,928218,52465921.0,-278000,-58000,4000,295000,0,4000,573000,58000,0
20251021,1218,泰山,18.9,18.9,18.65,18.7,-,0.1,848028,15891373.0,-336000,0,3975,110000,0,4000,446000,0,25
20251021,3712,永崴投控,39.95,39.95,38.85,38.85,-,1.1,2084213,81625924.0,-282000,-20573,-39541,248000,0,3049,530000,20573,42590
20251021,4912,聯德控股-KY,94.0,94.1,85.5,85.5,-,2.8,1301623,115950244.0,-344000,0,-1835,144000,0,0,488000,0,1835
20251021,1434,福懋,15.45,15.45,15.1,15.1,-,0.2,1030477,15666794.0,-337000,-28000,15171,182000,0,21000,519000,28000,5829
20251021,6768,志強-KY,118.0,118.0,114.0,114.5,-,2.5,992327,114606309.0,-304000,-11081,-41160,98000,0,21000,402000,11081,62160
20251021,6442,光聖,872.0,872.0,834.0,834.0,-,23.0,4815339,4106588748.0,-363823,5000,1349,878227,47000,37614,1242050,42000,36265
20251021,6789,采鈺,251.0,254.5,247.5,248.0,-,0.5,2210010,555201825.0,-321674,-58000,20096,950100,8000,59780,1271774,66000,39684
20251021,2101,南港,38.2,38.55,37.7,38.0,-,0.2,1695168,64325552.0,-371000,0,11310,393000,0,11310,764000,0,0
20251021,1909,榮成,9.76,9.76,9.66,9.67,-,0.03,1813030,17553092.0,-402000,0,29000,266000,0,29000,668000,0,0
20251021,2867,三商壽,6.2,6.23,6.15,6.19,,0.0,7177419,44383905.0,-374000,0,0,1428000,0,0,1802000,0,0
20251021,3661,世芯-KY,3280.0,3365.0,3260.0,3355.0,+,120.0,2720881,9043963465.0,-493517,17300,84887,532771,23000,140252,1026288,5700,55365
20251021,00922,國泰台灣領袖50,25.13,25.2,25.03,25.07,+,0.07,25932380,651619394.0,1333550,0,-1727339,1658550,0,6132000,325000,0,7859339
20251021,8131,福懋科,36.2,36.3,35.1,35.25,-,0.95,2625777,93274136.0,-299800,0,-95722,415200,0,5000,715000,0,100722
20251021,2478,大毅,61.1,65.0,59.5,60.6,-,0.5,18815145,1167911930.0,-269000,0,-129624,3190000,0,27384,3459000,0,157008
20251021,1524,耿鼎,29.0,30.35,29.0,29.85,+,2.2,8987240,266139100.0,-415450,0,10849,1146050,0,10849,1561500,0,0
20251021,2820,華票,16.85,16.85,16.6,16.6,-,0.2,1046340,17425256.0,-419000,0,13000,44000,0,16000,463000,0,3000
20251021,2385,群光,132.0,132.5,130.5,130.5,-,0.5,1457982,191417850.0,151611,-571758,13915,587156,14000,24000,435545,585758,10085
20251021,3036,文曄,134.0,135.0,132.0,132.5,-,1.0,5521094,736699418.0,-149932,-270000,7142,3632068,433000,132000,3782000,703000,124858
20251021,1733,五鼎,37.5,38.7,36.0,37.5,+,1.75,4970062,186350707.0,-488000,53000,-1968,704000,53000,32,1192000,0,2000
20251021,5533,皇鼎,14.7,14.75,14.65,14.65,-,0.05,555415,8161647.0,-446000,0,0,8000,0,0,454000,0,0
20251021,1442,名軒,36.0,36.4,35.35,36.0,,0.0,1080042,38582553.0,-427000,0,-27722,475000,0,2016,902000,0,29738
20251021,6257,矽格,95.3,96.2,94.4,94.4,-,1.6,2796426,266019366.0,-25000,-306267,-125490,1037000,0,65344,1062000,306267,190834
20251021,1215,卜蜂,137.5,138.0,134.0,135.5,-,1.0,1362234,184773997.0,-391960,-73000,-234,300040,113000,35000,692000,186000,35234
20251021,2897,王道銀行,9.06,9.06,9.01,9.02,-,0.01,2648148,23899245.0,518000,-1018000,34373,973000,0,35000,455000,1018000,627
20251021,6239,力成,158.0,158.0,152.0,152.0,-,4.0,4200477,648684909.0,220955,-914116,210756,1499955,84000,296544,1279000,998116,85788
20251021,5522,遠雄,54.6,54.7,54.0,54.0,-,0.1,962940,52305228.0,-491000,0,4664,286000,0,9000,777000,0,4336
20251021,00861,元大全球未來通訊,52.2,52.35,51.95,51.95,+,0.15,723251,37807250.0,-23000,0,-469165,2000,0,88835,25000,0,558000
20251021,2302,麗正,19.75,21.3,19.5,20.15,+,0.5,12085001,244903447.0,-611000,116000,1851,1599000,116000,4003,2210000,0,2152
20251021,3017,奇鋐,1150.0,1200.0,1150.0,1155.0,+,15.0,5845773,6827866455.0,-495843,-197000,185247,1868020,50000,311858,2363863,247000,126611
20251021,3450,聯鈞,273.5,275.5,267.0,269.0,-,3.0,14511381,3930958811.0,-158726,25000,-381359,3125577,25000,202604,3284303,0,583963
20251021,1301,台塑,39.1,39.35,38.35,38.45,-,0.4,9358944,361120044.0,-518741,-3000,-9278,2516723,3000,194570,3035464,6000,203848
20251021,4938,和碩,75.3,76.6,74.9,75.1,+,0.6,9238035,698192174.0,693962,-1318503,77489,3195042,43000,278816,2501080,1361503,201327
20251021,2542,興富發,38.4,38.8,38.25,38.5,+,0.25,4763618,183556521.0,-1975000,1377000,27895,1366000,1416000,54017,3341000,39000,26122
20251021,3005,神基,139.5,144.5,139.5,140.5,+,1.5,2671385,378750685.0,-372264,-351343,122221,856000,9000,176965,1228264,360343,54744
20251021,1313,聯成,10.5,10.5,10.1,10.25,-,0.05,2009581,20508204.0,-659000,0,38000,336000,0,38000,995000,0,0
20251021,8163,達方,37.8,39.3,37.7,38.6,+,0.95,4683361,181786804.0,-756000,-15081,133450,1164000,0,163180,1920000,15081,29730
20251021,1229,聯華,48.65,48.7,48.05,48.1,-,0.55,1759027,84943344.0,-645380,-1000,8511,193620,0,43000,839000,1000,34489
20251021,6214,精誠,132.0,134.5,132.0,133.5,+,2.0,4619199,615351760.0,-669000,-6524,8156,880000,0,34387,1549000,6524,26231
20251021,4532,瑞智,24.15,24.15,23.7,23.7,-,0.15,1426330,34020023.0,-664524,-16408,3418,227000,0,4002,891524,16408,584
20251021,2377,微星,110.0,111.5,109.0,109.5,+,0.5,5679720,625189691.0,-807127,12000,42029,2192229,15000,85573,2999356,3000,43544
20251021,2376,技嘉,285.5,288.0,283.0,288.0,+,3.0,4386444,1253724546.0,-1268254,362000,131814,1183542,371000,253645,2451796,9000,121831
20251021,2454,聯發科,1350.0,1355.0,1335.0,1340.0,,0.0,4220554,5679766675.0,-636824,-241044,91129,1786177,64000,126475,2423001,305044,35346
20251021,3026,禾伸堂,116.0,119.0,110.0,113.5,-,2.0,19926381,2286791012.0,-1096940,204000,40485,4152060,204000,114062,5249000,0,73577
20251021,00646,元大S&P500,64.5,64.75,64.5,64.55,+,0.6,2168434,140160422.0,11012,0,-872433,32012,0,242221,21000,0,1114654
20251021,2303,聯電,46.2,46.3,45.45,45.45,-,0.65,26102343,1192270216.0,6167145,-6957716,-80012,12305559,1673000,1514306,6138414,8630716,1594318
20251021,00935,野村臺灣新科技50,28.31,28.51,28.31,28.37,+,0.18,4268822,121312722.0,4200,0,-933386,172200,0,1588787,168000,0,2522173
20251021,2359,所羅門,135.0,141.0,134.5,134.5,+,3.0,4707214,646017543.0,-982900,0,26254,734000,0,49471,1716900,0,23217
20251021,2344,華邦電,45.7,45.75,44.6,44.6,-,1.75,77971629,3513569071.0,-6935405,49000,5870617,10706608,69000,6889769,17642013,20000,1019152
20251021,2646,星宇航空,24.85,24.85,24.55,24.55,-,0.2,4115841,101345028.0,-1050900,0,24000,1075100,0,24000,2126000,0,0
20251021,2474,可成,195.5,199.5,195.5,195.5,-,1.0,6268528,1233829863.0,-912884,-380349,252467,1937674,92000,345577,2850558,472349,93110
20251021,2365,昆盈,39.0,40.3,39.0,39.2,+,0.8,4165659,165120966.0,-1040000,0,-7420,805000,0,0,1845000,0,7420
20251021,2347,聯強,59.3,59.6,58.8,58.8,-,0.1,4504625,266016313.0,723615,-1801918,6922,2645757,27000,47001,1922142,1828918,40079
20251021,2610,華航,21.1,21.1,20.8,20.8,-,0.2,9015218,188416905.0,-805314,-142000,-175314,2058400,383000,56000,2863714,525000,231314
20251021,00910,第一金太空衛星,42.9,43.11,42.9,43.02,+,0.26,2073599,89229473.0,-485640,0,-671359,29360,0,110000,515000,0,781359
20251021,3059,華晶科,48.35,50.0,48.35,49.05,+,0.75,6658275,329165710.0,-1279000,0,52663,1655000,0,71205,2934000,0,18542
20251021,8028,昇陽半導體,179.0,180.5,172.5,173.5,-,4.0,9363452,1647368865.0,-1327870,-16000,3845,1423130,97000,218000,2751000,113000,214155
20251021,2023,燁輝,14.95,14.95,14.65,14.75,-,0.1,2452275,36127017.0,-1357000,0,16000,106000,0,16000,1463000,0,0
20251021,2014,中鴻,15.8,15.95,15.5,15.55,-,0.05,4169864,65244279.0,-1356000,0,-25750,832000,0,31825,2188000,0,57575
20251021,3048,益登,35.5,38.7,35.2,38.7,+,3.5,10962488,407964459.0,-1574818,0,5404,2008000,0,17705,3582818,0,12301
20251021,2345,智邦,976.0,977.0,960.0,960.0,-,19.0,4167477,4032713101.0,-710634,-952647,76245,1378465,60000,168844,2089099,1012647,92599
20251021,2889,國票金,15.45,15.45,15.1,15.15,-,0.2,3365104,51124161.0,-396000,-1281000,44000,839000,0,44000,1235000,1281000,0
20251021,6282,康舒,38.7,41.0,38.5,39.0,+,1.3,80909391,3212519836.0,-3694000,-2000,2023935,17756000,0,3684662,21450000,2000,1660727
20251021,3702,大聯大,62.8,62.8,61.6,61.7,-,0.6,5666819,351322001.0,-602636,-1157122,3807,3149000,85000,145213,3751636,1242122,141406
20251021,00752,中信中國50,26.94,27.23,26.94,27.15,+,0.58,4513534,122463197.0,67048,0,-1855970,162100,0,683114,95052,0,2539084
20251021,1718,中纖,6.34,6.34,6.26,6.26,-,0.04,2902841,18222465.0,-1805000,0,12151,86000,0,23000,1891000,0,10849
20251021,0052,富邦科技,256.75,256.75,253.1,253.2,+,0.35,2915514,742640485.0,46225,0,-1922015,125225,0,332000,79000,0,2254015
20251021,2609,陽明,54.5,54.5,53.8,53.8,-,0.2,12357133,667839923.0,-2326149,-411000,832894,2462893,0,972459,4789042,411000,139565
20251021,1314,中石化,7.35,7.35,7.25,7.28,-,0.03,6620608,48207365.0,-1973000,0,-10000,1145000,0,32000,3118000,0,42000
20251021,2105,正新,33.45,33.55,33.0,33.2,-,0.1,6502173,216390404.0,-1397810,-725458,139467,3153270,0,173000,4551080,725458,33533
20251021,00662,富邦NASDAQ,99.0,99.2,99.0,99.05,+,1.1,2914159,288839801.0,13050,0,-2095781,41050,0,0,28000,0,2095781
20251021,2340,台亞,26.4,28.25,26.35,27.55,+,1.4,16286527,449642932.0,-2021996,0,-218561,3094004,0,203727,5116000,0,422288
20251021,2464,盟立,66.5,68.5,64.6,68.2,+,3.6,10022648,672974775.0,-2276000,0,5859,1069000,0,83794,3345000,0,77935
20251021,1402,遠東新,27.2,27.2,27.0,27.0,,0.0,4915425,133028872.0,-2282725,-31000,36811,1253939,397000,51000,3536664,428000,14189
20251021,2374,佳能,79.5,84.6,79.5,82.9,+,4.3,29757499,2452899364.0,-3065396,188000,417499,5826250,188000,461502,8891646,0,44003
20251021,3706,神達,92.5,93.2,91.1,91.2,-,0.4,26082022,2401518564.0,-2175055,-786800,472341,5435475,20000,861286,7610530,806800,388945
20251021,2301,光寶科,166.0,169.5,164.0,165.5,+,1.0,23784896,3976374671.0,-2081676,-1019000,499958,6107124,137000,854648,8188800,1156000,354690
20251021,2495,普安,25.55,25.55,24.2,24.5,-,1.2,11591789,288282255.0,-2940000,-2000,-39457,1072000,0,6325,4012000,2000,45782
20251021,6116,彩晶,7.55,7.55,7.4,7.41,-,0.16,9440738,70469612.0,-3080000,0,46055,1697000,0,63000,4777000,0,16945
20251021,5876,上海商銀,40.95,41.15,40.5,40.6,-,0.05,5312140,215774615.0,-239355,-2944000,112584,1533311,0,161000,1772666,2944000,48416
20251021,2801,彰銀,20.3,20.3,20.1,20.2,+,0.05,11673760,235288857.0,-2880085,-360000,142000,2742511,0,142000,5622596,360000,0
20251021,2027,大成鋼,38.95,39.15,38.15,38.15,-,0.25,14568168,560411518.0,-3945408,-1275000,1675481,2809000,0,1842444,6754408,1275000,166963
20251021,2834,臺企銀,15.45,15.45,15.3,15.35,,0.0,10649203,163568027.0,-3832360,-191000,209360,1377174,0,209360,5209534,191000,0
20251021,2891,中信金,42.65,42.75,42.3,42.3,-,0.1,20641856,876247184.0,2986929,-7392537,557589,11157318,0,1158589,8170389,7392537,601000
20251021,2371,大同,39.9,41.3,38.65,38.65,+,0.65,82776772,3299526062.0,-5694043,-49000,1101389,11378000,0,1707733,17072043,49000,606344
20251021,00881,國泰台灣科技龍頭,31.35,31.52,31.27,31.29,+,0.11,14081780,442292576.0,-649000,0,-4474713,109000,0,3543879,758000,0,8018592
20251021,2615,萬海,80.0,80.0,77.8,77.8,-,1.5,12341250,969918649.0,-2654617,-2607000,-24417,1881125,0,214000,4535742,2607000,238417
20251021,2603,長榮,185.5,186.0,182.0,182.0,-,2.5,12295394,2256487299.0,-3678243,-1851158,98238,2740787,0,395000,6419030,1851158,296762
20251021,5871,中租-KY,106.0,106.0,103.0,103.0,-,2.0,10723093,1116630762.0,-5886545,20688,77499,1868763,193000,127000,7755308,172312,49501
20251021,8021,尖點,113.0,115.0,108.0,110.0,+,0.5,36600987,4063817944.0,-5764300,25000,-56070,6245730,25000,129191,12010030,0,185261
20251021,8110,華東,25.95,26.5,24.0,24.6,-,0.75,99842195,2512513474.0,-7072001,0,-117705,11856000,0,808140,18928001,0,925845
20251021,2382,廣達,297.0,297.5,291.0,291.0,-,5.5,17705613,5192281054.0,-6213178,-2531684,940425,3664405,65700,1122000,9877583,2597384,181575
20251021,2312,金寶,22.2,22.7,21.65,21.65,-,0.25,42139663,937175001.0,-10693000,-9000,2331198,5174000,0,2887581,15867000,9000,556383
20251021,1101,台泥,23.35,23.35,22.85,22.9,-,0.35,24423223,562121624.0,-5849257,-5731599,-178780,3156358,0,332000,9005615,5731599,510780
20251021,2002,中鋼,19.05,19.1,18.75,18.75,-,0.15,25707367,484285947.0,-6201230,-6949000,349905,4519984,7000,629000,10721214,6956000,279095
20251021,00885,富邦越南,16.58,16.72,16.26,16.36,-,0.88,30126801,496450699.0,-6904860,0,-5962047,1753200,0,3503306,8658060,0,9465353
20251021,2618,長榮航,38.15,38.3,37.7,37.7,-,0.4,27825547,1053526459.0,-11332372,-2072000,-608,8298330,474000,381000,19630702,2546000,381608
20251021,00904,台新臺灣半導體30,21.88,21.97,21.83,21.9,+,0.21,21419332,469241681.0,-110000,0,-15356448,206000,0,1849000,316000,0,17205448
20251021,0056,元大高股息,37.66,37.8,37.62,37.66,+,0.17,72283684,2725114741.0,-17867804,660000,850644,3129739,660000,6092505,20997543,0,5241861
20251021,3231,緯創,146.5,146.5,142.0,142.5,+,0.5,63374056,9124308239.0,-20435484,2697000,-1200082,10387760,3425000,657327,30823244,728000,1857409
20251021,1605,華新,30.9,31.05,29.25,29.6,-,0.95,114471509,3444083088.0,-28084215,4068000,-3248165,13304485,4073000,1374759,41388700,5000,4622924
20251021,2409,友達,13.25,13.25,13.0,13.05,-,0.2,53885675,703547443.0,-32550605,4624408,-491826,5334800,4695000,77000,37885405,70592,568826
20251021,2337,旺宏,30.0,30.2,27.85,28.25,-,1.15,164681537,4721948467.0,-26349503,-3000,-2485373,26038300,0,1312836,52387803,3000,3798209
20251021,1504,東元,125.0,127.5,113.0,113.5,-,6.0,162734611,19317105833.0,-32326835,1982000,96192,30415515,2073000,1723000,62742350,91000,1626808
20251021,3481,群創,14.3,14.3,13.8,13.8,-,0.55,128233612,1785588389.0,-37200410,164000,-1468032,27574556,164000,696000,64774966,0,2164032
20251021,0050,元大台灣50,63.4,63.65,63.05,63.2,+,0.1,128793394,8163510301.0,-63767773,3500000,-16800695,244935,3500000,14578638,64012708,0,31379333
