tradeDate,stockCode,stockName,openPrice,highPrice,lowPrice,closePrice,changeSign,change,totalShares,totalAmount,foreignNetShares,investmentNetShares,dealerNetShares,foreignBuyShares,investmentBuyShares,dealerBuyShares,foreignSellShares,investmentSellShares,dealerSellShares
20251128,1802,台玻,33.35,36.3,33.2,35.75,+,2.65,249526607,8799857494.0,25230651,6890000,2508853,72184180,6890000,9281953,46953529,0,6773100
20251128,00891,中信關鍵半導體,19.06,19.39,19.04,19.37,+,0.4,28678271,552385855.0,4713000,0,17999136,5301000,0,19414136,588000,0,1415000
20251128,6770,力積電,33.3,34.9,32.8,34.1,+,0.95,208217839,7088542469.0,11269020,48000,3915077,70265437,85000,4912986,58996417,37000,997909
20251128,00712,復華富時不動產,9.25,9.27,9.22,9.25,+,0.01,30140155,278685562.0,15996000,0,-1298592,16171000,0,3141365,175000,0,4439957
20251128,00881,國泰台灣科技龍頭,31.07,31.38,31.05,31.24,+,0.2,19637947,613288328.0,4017000,0,7594150,7018000,0,9764501,3001000,0,2170351
20251128,0050,元大台灣50,61.95,62.4,61.85,62.35,+,0.45,68386478,4252497861.0,-15209273,0,26462163,9276238,0,32711071,24485511,0,6248908
20251128,2867,三商壽,7.25,7.26,7.24,7.26,+,0.01,13015763,94354834.0,9530000,0,1213000,10325000,0,1214000,795000,0,1000
20251128,8039,台虹,73.0,78.6,69.2,78.6,+,7.1,81725800,6125592648.0,6861138,0,1958013,20055254,0,2693919,13194116,0,735906
20251128,2454,聯發科,1375.0,1410.0,1365.0,1395.0,+,55.0,20747611,28860055665.0,7180329,539463,384329,14687971,631000,1122914,7507642,91537,738585
20251128,8422,可寧衛*,24.0,24.85,23.75,24.5,+,0.5,27376482,667941645.0,6663000,0,220249,12253000,0,282141,5590000,0,61892
20251128,00940,元大台灣價值高息,9.29,9.31,9.26,9.29,+,0.01,13990947,129911943.0,4081200,0,2785431,4406200,0,4942569,325000,0,2157138
20251128,5469,瀚宇博,107.0,112.5,101.5,108.0,+,1.5,45222182,4824898331.0,5305110,816000,154163,15332110,816000,566734,10027000,0,412571
20251128,6191,精成科,129.0,132.0,126.5,131.5,+,3.0,28961105,3748921901.0,5302075,8000,-74954,11532145,8000,755984,6230070,0,830938
20251128,00900,富邦特選高股息30,13.23,13.32,13.21,13.32,+,0.09,11500882,152861576.0,1841500,0,3148118,1847500,0,4381545,6000,0,1233427
20251128,00929,復華台灣科技優息,17.72,17.81,17.67,17.75,,0.0,10715333,190336471.0,2414053,0,1968005,2418053,0,4780164,4000,0,2812159
20251128,1409,新纖,15.95,16.25,15.7,16.2,+,0.35,13274997,213034865.0,4487000,0,-131636,8318000,0,124364,3831000,0,256000
20251128,2605,新興,26.05,27.3,25.8,26.5,+,1.2,18329746,485651862.0,2128000,0,2140555,5866000,0,2414855,3738000,0,274300
20251128,3706,神達,90.1,91.8,89.4,91.7,+,1.5,20252416,1841645153.0,968252,3023000,57493,4622150,3023000,540969,3653898,0,483476
20251128,00904,台新臺灣半導體30,21.46,21.9,21.46,21.88,+,0.47,5622912,122425445.0,8000,0,3965880,38000,0,4910888,30000,0,945008
20251128,3481,群創,13.6,13.95,13.5,13.55,,0.0,75093899,1030770690.0,3477655,195000,187974,40477000,195000,1582979,36999345,0,1395005
20251128,2884,玉山金,30.5,30.55,30.3,30.35,-,0.05,26889097,816953639.0,3295356,-69000,524330,20241854,18000,785875,16946498,87000,261545
20251128,2371,大同,32.85,33.75,32.6,33.45,+,0.75,25788951,854657778.0,2773200,0,772195,8906500,0,950434,6133300,0,178239
20251128,2303,聯電,45.5,46.0,45.2,45.8,-,0.15,24694702,1129152132.0,2905028,-386456,1001513,18671128,324000,1161874,15766100,710456,160361
20251128,2002,中鋼,18.2,18.35,18.1,18.25,+,0.05,20627809,376607334.0,2786600,12000,672961,11465600,13000,725016,8679000,1000,52055
20251128,6153,嘉聯益,15.8,16.2,15.6,16.1,+,0.35,7391970,118113840.0,3354000,0,33000,4531000,0,208000,1177000,0,175000
20251128,3535,晶彩科,78.3,84.8,77.2,83.3,+,5.6,8831992,727514040.0,3241140,0,6814,4760500,0,16814,1519360,0,10000
20251128,2316,楠梓電,118.5,120.0,112.5,119.0,+,1.5,32551755,3797927966.0,3016000,0,-257923,12838000,0,75838,9822000,0,333761
20251128,1312,國喬,10.8,11.2,10.8,11.1,+,0.3,6246460,68864098.0,1775742,0,787924,2925003,0,872925,1149261,0,85001
20251128,2409,友達,11.5,11.75,11.5,11.6,+,0.1,44422127,517133791.0,2097801,126000,295559,22809000,156000,553559,20711199,30000,258000
20251128,00927,群益半導體收益,20.65,20.94,20.64,20.92,+,0.3,4174074,87022782.0,201000,0,2313722,404000,0,3432722,203000,0,1119000
20251128,4977,眾達-KY,120.0,128.5,117.0,124.0,+,4.0,17084983,2119963706.0,1892003,480000,140090,4808003,480000,188009,2916000,0,47919
20251128,1402,遠東新,28.15,28.4,28.1,28.2,+,0.15,7000541,197812801.0,2046000,-15000,469151,5402000,0,490151,3356000,15000,21000
20251128,3715,定穎投控,118.5,120.0,116.0,118.5,+,0.5,23493502,2774633840.0,2212613,0,187344,8164613,0,352003,5952000,0,164659
20251128,00922,國泰台灣領袖50,24.62,24.82,24.6,24.79,+,0.17,5814374,143801564.0,1034243,0,1332221,1171243,0,1829068,137000,0,496847
20251128,6116,彩晶,7.34,7.46,7.34,7.37,+,0.05,5363919,39717198.0,2151000,0,125432,3296000,0,127432,1145000,0,2000
20251128,1304,台聚,10.75,11.2,10.75,10.95,+,0.2,4463579,48989569.0,2001900,0,195862,2655000,0,196959,653100,0,1097
20251128,2606,裕民,61.1,63.3,60.6,61.4,+,1.0,12451686,767276254.0,1503000,-4000,606455,5012000,0,962842,3509000,4000,356387
20251128,1717,長興,39.6,40.45,39.3,40.25,+,0.7,8360012,335087983.0,1890000,0,183946,3702000,0,220947,1812000,0,37001
20251128,1326,台化,33.15,33.65,32.8,33.4,+,0.25,19686445,656168419.0,2100000,-18000,-12811,9231000,0,475455,7131000,18000,488266
20251128,3013,晟銘電,127.5,133.5,126.5,131.5,+,4.0,5885455,770659245.0,1708992,0,139415,2635000,0,162415,926008,0,23000
20251128,2486,一詮,97.2,102.0,96.7,98.3,+,2.8,21649208,2143269185.0,1323603,0,509612,6783316,0,638852,5459713,0,129240
20251128,6005,群益證,25.3,25.45,25.25,25.4,+,0.15,3455909,87617708.0,1727000,-64905,0,2976000,0,0,1249000,64905,0
20251128,1301,台塑,41.6,42.25,41.15,41.65,+,0.1,22553224,939704070.0,1550000,5000,96768,10233000,5000,661339,8683000,0,564571
20251128,00885,富邦越南,16.84,16.97,16.81,16.95,+,0.07,3960075,66987149.0,523900,0,1107529,627000,0,2110727,103100,0,1003198
20251128,3704,合勤控,35.7,36.55,35.3,36.3,+,0.85,3649836,131819696.0,1558846,0,19000,1978000,0,19000,419154,0,0
20251128,9904,寶成,30.5,30.8,30.4,30.6,,0.0,5605521,171387116.0,951939,0,570112,2385000,0,694593,1433061,0,124481
20251128,3189,景碩,142.0,143.0,139.0,142.5,+,1.5,6172126,872018780.0,1235845,200000,63999,2504000,234000,223275,1268155,34000,159276
20251128,1313,聯成,9.89,10.35,9.89,10.35,+,0.49,4353738,44205175.0,1390000,0,44000,1933000,0,57000,543000,0,13000
20251128,2880,華南金,29.1,29.45,29.1,29.45,+,0.35,9808304,287800668.0,1224906,-269310,474486,8216260,12000,533486,6991354,281310,59000
20251128,6451,訊芯-KY,153.5,169.5,152.5,166.0,+,11.5,4588890,752049624.0,1244000,0,158028,1747000,0,176333,503000,0,18305
20251128,00935,野村臺灣新科技50,28.79,29.08,28.75,29.06,+,0.38,3585350,103883859.0,647035,0,738865,664035,0,1946570,17000,0,1207705
20251128,1905,華紙,12.2,12.7,12.2,12.55,+,0.35,2412216,30159619.0,1350000,0,30359,1630000,0,48359,280000,0,18000
20251128,1101,台泥,22.5,23.0,22.35,22.85,+,0.75,52859340,1200424499.0,-318918,0,1639005,18161001,0,1924996,18479919,0,285991
20251128,00901,永豐智能車供應鏈,23.95,24.12,23.9,24.12,+,0.24,1829576,43946762.0,310000,0,965936,310000,0,1322000,0,0,356064
20251128,2312,金寶,22.55,22.75,22.2,22.5,,0.0,13314953,300112623.0,-2267000,3046000,469541,2403000,3046000,617312,4670000,0,147771
20251128,2467,志聖,198.5,208.0,198.0,205.0,+,7.5,3126615,637810280.0,1199531,9000,38897,1668062,10000,170283,468531,1000,131386
20251128,2455,全新,139.5,146.0,137.0,142.5,+,4.5,5666956,812073577.0,843000,-100000,438720,2440000,0,616694,1597000,100000,177974
20251128,00878,國泰永續高股息,20.9,20.94,20.82,20.83,-,0.09,31833206,664271428.0,-123938,0,1302101,2717062,0,12029500,2841000,0,10727399
20251128,00941,中信上游半導體,16.61,16.75,16.61,16.68,-,0.08,1406960,23511082.0,589100,0,558655,603100,0,558663,14000,0,8
20251128,3056,富華新,18.8,19.65,18.75,19.5,+,0.8,3686364,71371398.0,1110121,0,22163,2058121,0,30163,948000,0,8000
20251128,00934,中信成長高股息,20.54,20.7,20.54,20.7,+,0.16,1622853,33514209.0,148000,0,960074,165000,0,1349280,17000,0,389206
20251128,6706,惠特,82.4,90.2,82.1,88.9,+,6.9,10432421,913213055.0,958900,0,117119,3028000,0,130013,2069100,0,12894
20251128,9907,統一實,18.45,18.9,18.45,18.75,+,0.2,3840438,71952544.0,990000,0,71000,3302000,0,71000,2312000,0,0
20251128,00905,FT臺灣Smart,16.66,16.77,16.65,16.76,+,0.11,1401688,23446345.0,128000,0,928958,136000,0,979758,8000,0,50800
20251128,7769,鴻勁,2990.0,3040.0,2935.0,3000.0,+,60.0,2402607,7208773850.0,820336,222200,13000,1171252,314200,16000,350916,92000,3000
20251128,00898,國泰基因免疫革命,7.99,7.99,7.93,7.97,,0.0,1266531,10071505.0,925000,0,121522,926000,0,122162,1000,0,640
20251128,2612,中航,59.3,61.5,58.2,59.6,+,1.4,3553900,212780588.0,1000989,0,31967,1579000,0,35125,578011,0,3158
20251128,6443,元晶,12.9,13.4,12.8,13.4,+,0.45,4139732,54691317.0,1067973,0,-51887,2770973,0,26316,1703000,0,78203
20251128,00944,野村趨勢動能高息,14.18,14.26,14.16,14.24,+,0.06,1704788,24270094.0,-500,0,998007,0,0,1698313,500,0,700306
20251128,1718,中纖,6.82,6.99,6.82,6.98,+,0.14,3987552,27605106.0,981000,0,1931,1287000,0,78000,306000,0,76069
20251128,6139,亞翔,447.0,457.0,445.0,455.5,+,8.5,2860744,1296219443.0,1003964,-122000,97654,1508000,19000,129467,504036,141000,31813
20251128,2903,遠百,24.15,24.15,23.7,24.1,-,0.05,3005997,72203644.0,917000,0,60000,2411000,0,60000,1494000,0,0
20251128,00915,凱基優選高股息30,22.15,22.15,22.05,22.08,-,0.11,1881976,41543654.0,14975,0,873420,26000,0,1206905,11025,0,333485
20251128,6531,愛普*,420.0,435.0,416.5,433.0,+,16.5,6151374,2637440269.0,790775,-3000,99673,1982000,2000,271615,1191225,5000,171942
20251128,3703,欣陸,22.85,23.2,22.8,23.0,+,0.2,2351605,54011200.0,846000,0,40000,1279000,0,40000,433000,0,0
20251128,6691,洋基工程,489.0,505.0,488.0,503.0,+,17.0,1725690,859973756.0,849814,0,32733,1077064,0,79336,227250,0,46603
20251128,00892,富邦台灣半導體,21.22,21.71,21.22,21.71,+,0.61,1934793,41697351.0,366000,0,512827,383000,0,1166827,17000,0,654000
20251128,5608,四維航,18.55,18.7,18.15,18.3,+,0.15,3905620,71972154.0,860000,0,2018,1526000,0,3018,666000,0,1000
20251128,5521,工信,14.9,15.05,14.85,15.0,+,0.1,1944844,29048408.0,840000,0,18000,1205000,0,18000,365000,0,0
20251128,00936,台新永續高息中小,15.63,15.79,15.59,15.78,+,0.14,887655,13961399.0,134000,0,700013,145000,0,703451,11000,0,3438
20251128,8033,雷虎,141.5,143.5,135.0,140.5,-,1.0,13733605,1912923012.0,849466,0,-20247,3793686,0,19300,2944220,0,39547
20251128,2211,長榮鋼,118.5,120.0,117.5,118.0,-,0.5,2234455,264964710.0,807000,0,14638,1746000,0,16638,939000,0,2000
20251128,2646,星宇航空,23.25,23.45,23.2,23.4,+,0.15,2782527,64902682.0,584994,0,227000,1503000,0,227000,918006,0,0
20251128,00713,元大台灣高息低波,50.5,50.5,50.35,50.35,-,0.15,3717379,187422690.0,41327,0,761933,41332,0,1354000,5,0,592067
20251128,00961,FT臺灣永續高息,9.44,9.44,9.39,9.44,,0.0,2153523,20273154.0,26000,0,752121,46000,0,1889000,20000,0,1136879
20251128,9945,潤泰新,30.35,30.4,30.1,30.15,-,0.15,2830385,85578793.0,553000,-22000,240352,1724000,0,240375,1171000,22000,23
20251128,3563,牧德,497.0,525.0,490.5,516.0,+,31.0,2440901,1246136352.0,704785,0,48779,1149000,0,95597,444215,0,46818
20251128,6282,康舒,38.85,38.95,38.4,38.5,-,0.4,5938954,229286814.0,501695,0,228287,1925000,0,356331,1423305,0,128044
20251128,2489,瑞軒,15.0,15.25,14.85,15.15,+,0.2,2130556,32077023.0,683000,0,42128,878000,0,150128,195000,0,108000
20251128,2104,國際中橡,9.91,10.2,9.91,10.1,+,0.23,3479380,34862651.0,694000,0,26000,2104000,0,42000,1410000,0,16000
20251128,3033,威健,30.3,30.6,30.15,30.55,+,0.25,1223884,37273221.0,785000,-4278,-62445,898000,0,17555,113000,4278,80000
20251128,3029,零壹,116.0,118.0,115.5,117.5,+,2.0,1268709,148855168.0,535000,0,153714,693000,0,164714,158000,0,11000
20251128,1310,台苯,8.82,8.96,8.78,8.92,+,0.19,1219197,10825691.0,658000,0,14289,784000,0,15000,126000,0,711
20251128,2340,台亞,24.75,25.7,24.75,25.5,+,0.7,1979388,50208048.0,621000,0,49407,934000,0,67638,313000,0,18231
20251128,2331,精英,20.9,21.1,20.8,21.0,+,0.1,1304302,27341787.0,592000,0,71000,771000,0,98000,179000,0,27000
20251128,2614,東森,22.6,22.85,22.45,22.75,+,0.35,1491460,33823333.0,657000,0,1000,784000,0,1000,127000,0,0
20251128,6269,台郡,53.4,55.9,53.3,55.6,+,2.3,2084955,114398813.0,514000,0,143950,895000,0,158000,381000,0,14050
20251128,2838,聯邦銀,19.55,19.75,19.35,19.75,+,0.25,2475511,48554344.0,454000,0,194918,1872000,0,222000,1418000,0,27082
20251128,1308,亞聚,12.8,13.4,12.8,13.1,+,0.15,2136489,27970588.0,632000,0,11727,845000,0,20000,213000,0,8273
20251128,2458,義隆,131.0,133.5,130.5,133.0,+,2.0,1327207,175986973.0,453000,91531,65982,891000,100000,75982,438000,8469,10000
20251128,00930,永豐ESG低碳高息,17.07,17.1,17.03,17.1,+,0.03,988505,16882501.0,195000,0,412655,196000,0,703918,1000,0,291263
20251128,2330,台積電,1440.0,1455.0,1435.0,1440.0,+,5.0,26130506,37773913469.0,-2299451,1148000,1748087,14459976,1306000,2096402,16759427,158000,348315
20251128,1528,恩德,15.0,15.05,14.65,14.8,-,0.1,2055252,30452620.0,573000,0,3503,919000,0,4000,346000,0,497
20251128,2367,燿華,24.0,24.45,24.0,24.4,+,0.3,2299858,55901983.0,544331,0,24000,842000,0,51000,297669,0,27000
20251128,1305,華夏,10.85,11.25,10.85,11.15,+,0.35,1455547,16109865.0,553000,0,15000,815000,0,15000,262000,0,0
20251128,2449,京元電子,223.0,233.0,216.5,229.0,+,7.0,40719791,9184394915.0,-1149774,-757000,2468548,11950471,88000,3451406,13100245,845000,982858
20251128,00921,兆豐龍頭等權重,17.56,17.61,17.53,17.6,+,0.09,642307,11287945.0,17000,0,544500,18000,0,595955,1000,0,51455
20251128,0061,元大寶滬深,22.36,22.36,22.2,22.21,-,0.13,589990,13151576.0,106000,0,443882,107000,0,448082,1000,0,4200
20251128,2328,廣宇,47.5,47.5,46.85,47.45,+,0.25,2023846,95532325.0,509000,0,39479,1032000,0,80000,523000,0,40521
20251128,6757,台灣虎航,68.1,69.2,68.1,69.0,+,1.2,1292597,88951753.0,353011,0,172631,669000,0,184243,315989,0,11612
20251128,3576,聯合再生,6.2,6.28,6.2,6.28,+,0.08,3122283,19451539.0,437000,0,73000,893000,0,73000,456000,0,0
20251128,1560,中砂,317.5,322.0,317.5,321.0,+,2.5,957543,306577116.0,470000,-3000,34175,593000,0,43175,123000,3000,9000
20251128,2388,威盛,51.3,52.1,51.1,52.0,+,0.7,1410366,72809885.0,404000,0,90764,609000,0,104791,205000,0,14027
20251128,00947,台新臺灣IC設計,17.23,17.74,17.23,17.74,+,0.55,2049568,36132826.0,662000,0,-167522,681000,0,509121,19000,0,676643
20251128,2441,超豐,69.8,71.0,69.5,70.7,+,0.9,1194840,84281212.0,470000,0,20106,800000,0,25106,330000,0,5000
20251128,3673,TPK-KY,41.7,41.8,41.35,41.7,+,0.25,1220113,50717921.0,441133,0,30247,583133,0,40399,142000,0,10152
20251128,1722,台肥,47.0,47.3,47.0,47.25,+,0.2,1534454,72403307.0,432000,-3000,35000,807000,0,47000,375000,3000,12000
20251128,3037,欣興,187.5,188.0,184.0,186.5,-,0.5,20954146,3908562399.0,785179,-656000,326988,7376422,136000,932591,6591243,792000,605603
20251128,8046,南電,261.0,264.0,256.0,262.5,+,2.0,7532551,1958976030.0,1358000,-1503000,600049,3221000,5000,765705,1863000,1508000,165656
20251128,8028,昇陽半導體,153.5,163.0,153.5,162.5,+,8.5,4237181,676805201.0,194970,8000,248519,942000,8000,334519,747030,0,86000
20251128,2009,第一銅,39.5,39.9,39.25,39.7,+,0.5,1555987,61663897.0,432000,0,17182,788000,0,19534,356000,0,2352
20251128,3653,健策,2740.0,2965.0,2730.0,2905.0,+,190.0,3016418,8718165185.0,87290,314000,31658,1144193,334000,93437,1056903,20000,61779
20251128,2498,宏達電,49.4,50.0,48.95,49.95,+,0.85,6085789,302011850.0,38000,0,378850,1804000,0,440341,1766000,0,61491
20251128,1102,亞泥,38.9,39.0,38.6,38.8,-,0.05,4472553,173721403.0,314651,-164000,260792,3248151,0,265000,2933500,164000,4208
20251128,2383,台光電,1535.0,1560.0,1505.0,1525.0,+,30.0,4316056,6615762165.0,149968,-46000,306648,1974439,44000,382595,1824471,90000,75947
20251128,1711,永光,18.3,18.5,18.15,18.4,+,0.15,1524522,27916580.0,392000,0,12937,626000,0,13000,234000,0,63
20251128,6962,奕力-KY,39.85,40.2,39.7,39.95,+,0.35,1788184,71492637.0,385000,0,9678,803000,0,10005,418000,0,327
20251128,3035,智原,172.5,174.0,170.5,174.0,+,2.0,2812841,485492608.0,383388,0,5805,1147006,0,76177,763618,0,70372
20251128,2023,燁輝,14.85,15.05,14.85,14.9,,0.0,1472291,22057565.0,298000,0,82003,943000,0,82003,645000,0,0
20251128,00971,野村美國研發龍頭,17.04,17.07,17.03,17.06,+,0.02,798028,13617409.0,64000,0,310901,73000,0,575000,9000,0,264099
20251128,3450,聯鈞,248.5,256.5,242.5,252.5,+,7.5,15634095,3909611962.0,227988,0,146111,3420000,0,317995,3192012,0,171884
20251128,8150,南茂,42.7,43.5,42.0,42.75,-,0.5,11409099,487919317.0,1000,0,369892,4034000,0,540438,4033000,0,170546
20251128,4927,泰鼎-KY,20.85,22.25,20.65,22.0,+,1.4,4170105,90336122.0,367128,0,3379,1448128,0,11001,1081000,0,7622
20251128,00896,中信綠能及電動車,19.35,19.49,19.35,19.49,+,0.19,902982,17530513.0,137000,0,233448,145000,0,425810,8000,0,192362
20251128,5519,隆大,32.8,33.15,32.7,32.95,+,0.15,631182,20789483.0,330000,0,22335,404000,0,22335,74000,0,0
20251128,6789,采鈺,243.5,267.0,243.5,263.0,+,18.0,2693305,698130231.0,181645,-1000,171416,702642,2000,205754,520997,3000,34338
20251128,2401,凌陽,20.05,20.3,19.95,20.3,+,0.3,957606,19330488.0,326000,0,19971,448000,0,30009,122000,0,10038
20251128,5284,jpp-KY,283.5,292.0,278.5,292.0,+,8.5,1622872,465139266.0,242612,0,90254,577000,0,97208,334388,0,6954
20251128,2597,潤弘,168.5,171.5,166.5,171.5,+,3.0,432237,73630563.0,300931,0,17000,355000,0,17000,54069,0,0
20251128,4968,立積,140.5,143.0,139.5,141.5,+,1.5,635006,89902660.0,303000,0,13781,389000,0,24788,86000,0,11007
20251128,2049,上銀,189.5,193.0,189.0,193.0,+,4.0,1593532,305259766.0,256364,0,52335,946884,0,69375,690520,0,17040
20251128,1904,正隆,18.2,18.55,18.15,18.55,+,0.3,653820,12012414.0,235000,0,72000,333000,0,72000,98000,0,0
20251128,1587,吉茂,43.1,44.5,43.1,43.35,+,0.35,895786,39293654.0,301000,0,2556,393000,0,3000,92000,0,444
20251128,3002,歐格,23.85,26.1,23.8,26.1,+,2.35,5027237,129181700.0,318299,0,-17589,960000,0,10669,641701,0,28258
20251128,2912,統一超,239.0,241.0,238.5,239.5,+,0.5,2081659,499373018.0,-63172,305000,44969,1299828,309000,45000,1363000,4000,31
20251128,3305,昇貿,96.4,96.4,94.5,95.8,-,0.4,1458810,139512393.0,280000,0,2234,533000,0,6349,253000,0,4115
20251128,00946,群益科技高息成長,9.86,9.96,9.85,9.94,+,0.07,3500389,34705701.0,31000,0,249177,65000,0,1891052,34000,0,1641875
20251128,6177,達麗,48.1,48.4,47.6,48.0,+,0.2,891499,42778004.0,317963,0,-38783,478963,0,14217,161000,0,53000
20251128,1714,和桐,8.15,8.3,8.15,8.22,+,0.07,714203,5871396.0,257000,0,17000,351000,0,17000,94000,0,0
20251128,3059,華晶科,43.85,43.85,43.2,43.45,-,0.1,1442710,62719232.0,258000,0,13135,572000,0,13183,314000,0,48
20251128,2236,百達-KY,96.4,99.9,93.9,99.9,+,5.5,772701,74517557.0,180999,0,88000,271000,0,92000,90001,0,4000
20251128,2360,致茂,817.0,845.0,811.0,819.0,+,8.0,5315314,4387293376.0,264371,-65000,64726,2875362,91000,103064,2610991,156000,38338
20251128,4958,臻鼎-KY,144.0,146.5,141.5,145.5,+,2.5,6263471,903640447.0,632413,-297000,-74522,3117882,17000,98833,2485469,314000,173355
20251128,3049,精金,6.8,6.91,6.77,6.9,+,0.17,1111880,7635720.0,252000,0,5001,350000,0,5001,98000,0,0
20251128,00949,復華日本龍頭,18.37,18.38,18.29,18.38,+,0.01,764538,14032448.0,-7000,0,259786,0,0,556000,7000,0,296214
20251128,2905,三商,15.65,15.85,15.5,15.8,+,0.15,1005085,15816065.0,206000,0,45000,420000,0,45000,214000,0,0
20251128,3022,威強電,65.9,67.8,65.9,67.6,+,2.5,824515,55150457.0,239072,0,11058,362000,0,11182,122928,0,124
20251128,00692,富邦公司治理,54.6,55.1,54.6,55.0,+,0.4,556693,30536549.0,33170,0,213485,37170,0,306262,4000,0,92777
20251128,00923,群益台ESG低碳50,24.82,24.99,24.79,24.98,+,0.14,1654378,41188549.0,271000,0,-25467,286000,0,930590,15000,0,956057
20251128,4306,炎洲,13.65,13.7,13.55,13.6,,0.0,564496,7692028.0,232000,0,13000,308000,0,13000,76000,0,0
20251128,3048,益登,39.35,40.2,38.8,39.1,+,0.6,7070273,279174805.0,230000,0,10902,1819000,0,11199,1589000,0,297
20251128,00850,元大臺灣ESG永續,53.1,53.5,53.1,53.5,+,0.4,423526,22592000.0,15000,0,222640,18000,0,234725,3000,0,12085
20251128,00952,凱基台灣AI50,11.62,11.71,11.59,11.69,+,0.07,1870883,21808055.0,231049,0,3922,247049,0,1054000,16000,0,1050078
20251128,6283,淳安,26.3,26.95,26.3,26.4,+,0.1,546613,14571972.0,229000,0,2000,263000,0,2000,34000,0,0
20251128,2006,東和鋼鐵,67.9,68.8,67.3,68.2,+,0.4,3511718,239092988.0,222000,-52000,60000,2463000,0,60000,2241000,52000,0
20251128,2354,鴻準,65.0,65.3,64.1,65.2,+,0.3,3458469,224146783.0,-17247,26000,220204,1345000,26000,232339,1362247,0,12135
20251128,00960,野村全球航運龍頭,13.95,13.97,13.93,13.96,+,0.01,349451,4875997.0,24000,0,204849,27000,0,206000,3000,0,1151
20251128,1710,東聯,12.05,12.25,12.05,12.15,+,0.1,732436,8883240.0,165000,0,60998,322000,0,61000,157000,0,2
20251128,6533,晶心科,278.0,284.0,277.5,282.5,+,4.5,629223,177622036.0,221055,0,4390,353055,0,17707,132000,0,13317
20251128,2338,光罩,35.8,37.0,35.65,36.65,+,1.2,913956,33264372.0,184000,0,39352,379000,0,61352,195000,0,22000
20251128,3047,訊舟,17.5,17.65,17.25,17.65,+,0.15,797955,13971403.0,218000,0,-5000,304000,0,1000,86000,0,6000
20251128,2913,農林,13.6,13.8,13.6,13.8,+,0.15,577832,7947469.0,191000,0,20000,252000,0,28000,61000,0,8000
20251128,00643,群益深証中小,15.98,16.13,15.93,16.11,+,0.03,3593601,57801635.0,39000,0,170926,39000,0,3377516,0,0,3206590
20251128,3209,全科,33.35,33.35,33.1,33.2,-,0.15,380701,12638357.0,197000,-2993,13200,218000,0,13200,21000,2993,0
20251128,6672,騰輝電子-KY,88.5,89.6,88.1,89.6,+,1.6,462892,41205584.0,202000,0,2000,273000,0,2000,71000,0,0
20251128,2548,華固,103.0,105.0,102.5,105.0,+,1.5,643705,66762514.0,264336,0,-60764,374000,0,60139,109664,0,120903
20251128,00972,野村日本動能高息,17.55,17.6,17.53,17.58,+,0.03,209963,3688752.0,-1000,0,204411,0,0,204931,1000,0,520
20251128,2617,台航,31.0,31.5,30.85,31.05,+,0.4,1122600,34993119.0,170000,0,32000,371000,0,32000,201000,0,0
20251128,00962,台新AI優息動能,10.8,10.82,10.73,10.81,+,0.03,351427,3786119.0,14000,0,186241,17000,0,246000,3000,0,59759
20251128,6831,邁科,220.0,238.0,214.0,236.0,+,16.0,2611540,600421062.0,154000,0,45000,531000,0,52000,377000,0,7000
20251128,00916,國泰全球品牌50,26.96,27.03,26.96,27.03,+,0.06,456727,12332629.0,357000,0,-158546,359000,0,43454,2000,0,202000
20251128,00733,富邦臺灣中小,45.87,46.05,45.75,45.99,+,0.19,446005,20482927.0,25000,0,169577,37000,0,280577,12000,0,111000
20251128,2351,順德,79.6,80.9,79.6,80.0,+,0.4,551112,44259990.0,185247,0,3530,328247,0,5784,143000,0,2254
20251128,2365,昆盈,33.6,33.8,33.45,33.75,+,0.15,757881,25498438.0,186000,0,902,359000,0,1000,173000,0,98
20251128,1316,上曜,15.3,15.35,15.1,15.15,-,0.1,1724935,26197811.0,184000,0,2000,525000,0,2000,341000,0,0
20251128,00912,中信臺灣智慧50,20.69,20.92,20.69,20.9,+,0.21,274303,5713720.0,98000,0,87140,99000,0,124140,1000,0,37000
20251128,9934,成霖,9.79,9.95,9.76,9.89,+,0.13,394947,3899397.0,180000,0,3000,212000,0,3000,32000,0,0
20251128,00932,兆豐永續高息等權,14.19,14.28,14.19,14.22,+,0.03,211749,3009748.0,1000,0,177238,2000,0,178558,1000,0,1320
20251128,00956,中信日經高股息,11.01,11.08,11.01,11.08,+,0.07,231388,2554057.0,105000,0,72512,105000,0,105000,0,0,32488
20251128,2369,菱生,20.15,20.45,20.0,20.15,+,0.05,1896503,38241555.0,167000,0,9409,705000,0,10000,538000,0,591
20251128,2355,敬鵬,31.15,31.2,30.95,31.15,,0.0,405847,12620824.0,161000,0,14909,208000,0,15010,47000,0,101
20251128,2349,錸德,8.88,8.99,8.86,8.9,+,0.02,985677,8794002.0,171000,0,4000,348000,0,4000,177000,0,0
20251128,3058,立德,10.05,10.25,10.05,10.25,+,0.15,296398,3018837.0,172000,0,3000,178000,0,3000,6000,0,0
20251128,2852,第一保,28.05,28.2,28.0,28.05,,0.0,393707,11061491.0,169000,-2278,2000,186000,0,2000,17000,2278,0
20251128,00911,兆豐洲際半導體,31.6,31.85,31.48,31.85,+,0.25,316826,10032311.0,22200,0,144517,24200,0,245517,2000,0,101000
20251128,1201,味全,14.9,15.0,14.85,14.85,-,0.05,435453,6486848.0,149000,0,16000,174000,0,16000,25000,0,0
20251128,00770,國泰北美科技,57.25,57.45,57.2,57.4,+,0.15,490399,28107699.0,10050,0,154286,13050,0,232286,3000,0,78000
20251128,1907,永豐餘,27.25,27.75,27.15,27.65,+,0.35,680590,18756748.0,95000,0,68000,262000,0,70000,167000,0,2000
20251128,3010,華立,105.0,106.5,104.0,106.0,+,1.0,852358,89921565.0,204000,0,-46904,436000,0,16096,232000,0,63000
20251128,2323,中環,9.4,9.49,9.37,9.46,+,0.07,2164286,20392583.0,216000,0,-63000,697000,0,49000,481000,0,112000
20251128,2347,聯強,62.6,62.9,62.1,62.9,+,0.9,4140638,259126005.0,177521,-103000,78025,2575521,32000,91251,2398000,135000,13226
20251128,3011,今皓,12.45,12.75,12.35,12.75,+,0.4,391747,4904366.0,147000,0,2000,160000,0,3000,13000,0,1000
20251128,3346,麗清,19.1,19.5,19.1,19.45,+,0.5,333195,6417080.0,149000,0,-1000,180000,0,0,31000,0,1000
20251128,6944,兆聯實業,530.0,550.0,529.0,547.0,+,18.0,405497,219416237.0,127879,0,18130,209000,0,18130,81121,0,0
20251128,6426,統新,70.4,76.4,69.8,76.4,+,6.9,967575,72443157.0,137000,0,5774,186000,0,5774,49000,0,0
20251128,9941,裕融,96.4,97.3,95.5,96.3,-,0.1,1126541,108682787.0,197223,-79000,22919,878350,0,23919,681127,79000,1000
20251128,2468,華經,44.0,44.2,43.55,43.95,+,0.2,357804,15728453.0,141000,0,0,247000,0,0,106000,0,0
20251128,5522,遠雄,60.4,60.8,60.1,60.4,-,0.5,1158100,70081133.0,95000,0,45000,846000,0,45000,751000,0,0
20251128,4960,誠美材,13.15,13.4,13.15,13.3,+,0.15,298415,3968328.0,134000,0,4000,184000,0,4000,50000,0,0
20251128,00913,兆豐台灣晶圓製造,23.7,24.17,23.7,24.17,+,0.52,322254,7742263.0,30000,0,105193,30000,0,234193,0,0,129000
20251128,1618,合機,42.1,42.5,41.9,42.35,+,0.25,453019,19107064.0,133000,0,-346,206000,0,0,73000,0,346
20251128,3406,玉晶光,445.0,448.5,442.5,447.0,+,2.0,568079,253048552.0,124137,2000,5924,435137,2000,9433,311000,0,3509
20251128,2530,華建,28.3,28.7,28.2,28.55,+,0.15,641979,18253440.0,153000,0,-23000,303000,0,103000,150000,0,126000
20251128,6166,凌華,61.0,62.3,61.0,62.3,+,0.5,367986,22699332.0,117000,0,11001,229000,0,11001,112000,0,0
20251128,2471,資通,50.7,51.1,50.6,51.1,+,0.5,161145,8197226.0,128000,0,0,133000,0,0,5000,0,0
20251128,6446,藥華藥,523.0,523.0,513.0,516.0,-,7.0,1488255,769898814.0,108100,0,19787,678300,0,28812,570200,0,9025
20251128,1309,台達化,11.05,11.35,11.05,11.15,+,0.15,508300,5680880.0,124000,0,3000,239000,0,9000,115000,0,6000
20251128,2377,微星,107.0,107.5,106.5,107.5,+,0.5,3234432,346641520.0,58100,18000,50396,1648100,18000,82468,1590000,0,32072
20251128,3607,谷崧,13.45,13.9,13.15,13.9,+,0.35,349089,4763768.0,127000,0,-2000,144000,0,0,17000,0,2000
20251128,6168,宏齊,19.25,19.55,19.25,19.5,+,0.3,184112,3582816.0,118000,0,6000,131000,0,6000,13000,0,0
20251128,2611,志信,15.2,15.25,14.95,15.1,+,0.05,270416,4074243.0,121000,0,1000,139000,0,1000,18000,0,0
20251128,3052,夆典,11.35,11.4,11.35,11.35,+,0.05,592329,6745684.0,120000,0,1000,130000,0,1000,10000,0,0
20251128,6830,汎銓,158.5,161.0,156.5,161.0,+,4.0,228172,36400162.0,113000,0,6103,124000,0,6811,11000,0,708
20251128,1215,卜蜂,142.0,145.0,142.0,143.0,+,1.5,1911914,274564679.0,65000,0,53869,1450000,0,57869,1385000,0,4000
20251128,2419,仲琦,22.1,22.35,22.05,22.3,+,0.2,326137,7244401.0,110000,0,8371,145000,0,8371,35000,0,0
20251128,6541,泰福-KY,53.8,55.0,53.3,54.5,+,0.8,368327,20011977.0,112000,0,5999,168000,0,7000,56000,0,1001
20251128,1103,嘉泥,13.8,14.05,13.8,13.9,-,0.05,506203,7066487.0,87000,0,30000,120000,0,30000,33000,0,0
20251128,2022,聚亨,8.3,8.36,8.2,8.31,+,0.01,551248,4568180.0,109000,0,8000,156000,0,8000,47000,0,0
20251128,2504,國產,35.35,35.75,35.3,35.55,+,0.15,1373143,48894015.0,68000,-8132,57000,979000,0,57000,911000,8132,0
20251128,2543,皇昌,62.4,62.8,61.6,62.4,+,0.4,1106222,68804932.0,114000,0,2557,400000,0,33768,286000,0,31211
20251128,9955,佳龍,30.7,30.7,30.25,30.3,-,0.2,468742,14248978.0,114000,0,1000,305000,0,1000,191000,0,0
20251128,3591,艾笛森,18.25,18.6,18.15,18.35,+,0.15,244909,4490265.0,112000,0,3000,139000,0,3000,27000,0,0
20251128,00730,富邦臺灣優質高息,22.17,22.32,22.16,22.3,+,0.17,273726,6085968.0,-1000,0,115983,0,0,180000,1000,0,64017
20251128,3312,弘憶股,37.0,37.2,36.55,36.7,-,0.15,451565,16646739.0,109458,0,4000,225458,0,4000,116000,0,0
20251128,1314,中石化,8.27,8.37,8.19,8.23,+,0.03,17954035,148388785.0,-78000,0,191000,5886000,0,193000,5964000,0,2000
20251128,1590,亞德客-KY,903.0,913.0,893.0,903.0,+,6.0,357659,322140618.0,100392,0,11779,304384,0,14805,203992,0,3026
20251128,2613,中櫃,24.6,24.8,24.4,24.4,,0.0,356338,8752614.0,110000,0,2000,148000,0,2000,38000,0,0
20251128,6202,盛群,37.3,38.0,37.3,37.95,+,0.65,213770,8079447.0,105916,0,5998,129916,0,6000,24000,0,2
20251128,7780,大研生醫*,181.0,184.0,179.0,184.0,+,5.0,221872,40487252.0,109000,0,1000,110000,0,1000,1000,0,0
20251128,1440,南紡,13.8,13.85,13.65,13.85,,0.0,947579,13036665.0,36000,0,73133,275000,0,75000,239000,0,1867
20251128,6515,穎崴,2735.0,2865.0,2700.0,2830.0,+,80.0,1361927,3797489675.0,68278,37700,2134,542303,43000,33191,474025,5300,31057
20251128,5269,祥碩,1270.0,1295.0,1260.0,1295.0,+,25.0,403197,517488310.0,84221,0,23057,174221,1000,34998,90000,1000,11941
20251128,2352,佳世達,28.15,28.25,27.9,28.1,-,0.1,1557605,43638392.0,24000,25000,57611,722000,31000,57611,698000,6000,0
20251128,4526,東台,31.65,31.8,31.1,31.45,+,0.15,703903,22103080.0,104000,0,1281,303000,0,2413,199000,0,1132
20251128,00893,國泰智能電動車,31.42,31.51,31.4,31.45,+,0.03,564790,17770239.0,86107,0,18248,108107,0,99000,22000,0,80752
20251128,1437,勤益控,32.4,33.15,32.4,33.05,+,0.45,221433,7284920.0,89250,0,14071,103000,0,14071,13750,0,0
20251128,2493,揚博,93.7,94.6,92.9,93.8,+,0.5,447188,42072117.0,96000,0,7182,184000,0,7182,88000,0,0
20251128,3055,蔚華科,64.0,65.0,63.6,63.8,-,0.1,331853,21332291.0,102437,0,383,166000,0,1383,63563,0,1000
20251128,6719,力智,198.5,202.0,198.0,200.0,+,0.5,232473,46533465.0,100000,0,2767,117000,0,3996,17000,0,1229
20251128,00907,永豐優息存股,15.23,15.25,15.18,15.23,-,0.03,365780,5563396.0,25000,0,76292,25000,0,181300,0,0,105008
20251128,2108,南帝,23.1,23.65,23.1,23.55,+,0.25,496532,11659489.0,81000,0,20000,256000,0,20000,175000,0,0
20251128,6271,同欣電,124.5,126.0,122.0,126.0,+,2.5,1360525,169827193.0,62850,0,36456,471900,0,42551,409050,0,6095
20251128,2062,橋椿,20.5,21.1,20.5,21.0,+,0.5,330740,6885528.0,95000,0,3000,119000,0,7000,24000,0,4000
20251128,9939,宏全,127.0,128.5,125.5,128.0,+,1.0,783736,100050226.0,88000,0,9446,497000,0,13502,409000,0,4056
20251128,00645,富邦日本,47.08,47.21,47.02,47.2,+,0.15,228190,10748130.0,-265,0,96520,735,0,161000,1000,0,64480
20251128,6133,金橋,16.45,17.15,16.3,16.95,+,0.55,1009578,17007891.0,99000,0,-3000,226000,0,1000,127000,0,4000
20251128,3550,聯穎,13.1,13.4,13.05,13.3,+,0.3,288282,3822790.0,93000,0,3000,110000,0,3000,17000,0,0
20251128,00903,富邦元宇宙,17.17,17.26,17.17,17.22,,0.0,136355,2348923.0,75000,0,18905,75000,0,39703,0,0,20798
20251128,2379,瑞昱,522.0,524.0,518.0,521.0,,0.0,1347844,703102918.0,128725,-35000,-200,1086725,14000,21200,958000,49000,21400
20251128,3437,榮創,13.9,14.25,13.85,14.05,+,0.3,336870,4735022.0,96000,0,-3000,150000,0,0,54000,0,3000
20251128,3038,全台,20.75,21.0,20.75,20.85,+,0.15,153214,3199243.0,89000,-969,4000,105000,0,4000,16000,969,0
20251128,1229,聯華,48.0,48.15,47.75,47.9,-,0.15,701587,33618089.0,57000,0,34679,267000,0,82000,210000,0,47321
20251128,6799,來頡,77.9,79.8,77.9,79.5,+,0.9,214827,16990964.0,88323,0,2000,117000,0,2000,28677,0,0
20251128,00894,中信小資高價30,26.3,26.57,26.21,26.57,+,0.38,1237004,32721072.0,90000,0,-169,103000,0,472289,13000,0,472458
20251128,3532,台勝科,90.8,92.1,90.5,91.7,+,1.2,652427,59742532.0,79000,0,10177,265000,0,69062,186000,0,58885
20251128,6742,澤米,43.2,45.0,43.2,44.55,+,1.35,295435,13097285.0,89000,0,0,139000,0,0,50000,0,0
20251128,9917,中保科,108.0,108.5,107.5,108.5,+,0.5,258264,27938339.0,70000,-2000,21000,126000,0,21000,56000,2000,0
20251128,00639,富邦深100,14.68,14.71,14.54,14.65,-,0.04,1392501,20326694.0,-123000,0,211011,27000,0,1131606,150000,0,920595
20251128,3149,正達,34.8,34.95,34.5,34.7,,0.0,652267,22638246.0,87000,0,1000,279000,0,1000,192000,0,0
20251128,6278,台表科,102.5,103.0,102.0,102.5,,0.0,550832,56469102.0,25000,51000,11000,211000,51000,17000,186000,0,6000
20251128,6412,群電,92.4,97.6,91.3,97.6,+,5.2,1708413,162798732.0,65344,0,21529,1006000,0,21972,940656,0,443
20251128,1597,直得,73.4,74.2,73.3,74.0,+,0.7,144664,10688200.0,86000,0,13,103000,0,13,17000,0,0
20251128,4919,新唐,53.0,53.4,52.5,53.4,+,0.4,373270,19833134.0,35000,-1000,51569,141000,0,52000,106000,1000,431
20251128,6909,創控,34.8,35.4,34.5,35.4,+,0.65,130204,4542598.0,83000,0,2000,83000,0,2000,0,0,0
20251128,3545,敦泰,52.9,53.4,52.6,52.9,+,0.3,738612,39117520.0,128034,0,-44891,355000,0,15259,226966,0,60150
20251128,3016,嘉晶,49.55,50.0,49.1,49.55,+,0.2,527604,26173280.0,68000,0,14125,272000,0,15168,204000,0,1043
20251128,2302,麗正,19.2,19.4,19.0,19.0,-,0.05,482151,9216926.0,82000,0,0,131000,0,0,49000,0,0
20251128,6197,佳必琪,143.0,144.0,141.5,143.5,+,1.0,402795,57638394.0,71000,0,10875,210000,0,11585,139000,0,710
20251128,6120,達運,10.45,10.65,10.4,10.55,,0.0,475761,4990143.0,58000,0,22000,155000,0,22000,97000,0,0
20251128,00717,富邦美國特別股,14.78,14.8,14.76,14.8,+,0.02,89650,1326266.0,33000,0,47000,34000,0,47000,1000,0,0
20251128,1522,堤維西,49.2,49.2,48.35,48.8,-,0.4,1226721,59873234.0,53732,-2739,28537,456000,0,29640,402268,2739,1103
20251128,00926,凱基全球菁英55,24.45,24.5,24.44,24.49,+,0.04,196325,4805844.0,2253,0,76764,3253,0,78000,1000,0,1236
20251128,4562,穎漢,36.05,36.3,35.2,35.9,-,0.1,161667,5815771.0,76000,0,2955,100000,0,3000,24000,0,45
20251128,2425,承啟,28.65,28.95,28.4,28.65,+,0.1,123753,3557627.0,77000,0,1000,88000,0,1000,11000,0,0
20251128,8215,明基材,19.85,20.2,19.85,20.05,+,0.1,217753,4366716.0,69000,0,9000,104000,0,9000,35000,0,0
20251128,4137,麗豐-KY,99.9,100.5,99.5,99.7,-,0.2,128339,12834360.0,72000,0,5887,85000,0,6000,13000,0,113
20251128,6215,和椿,106.0,107.0,104.5,106.0,-,1.0,646774,68368345.0,75115,0,1327,204115,0,2027,129000,0,700
20251128,6235,華孚,60.5,60.6,59.8,60.3,+,0.4,468628,28254818.0,68000,0,8001,203000,0,9001,135000,0,1000
20251128,2390,云辰,9.29,9.38,9.26,9.36,+,0.08,172310,1607337.0,76000,0,0,88000,0,0,12000,0,0
20251128,2241,艾姆勒,36.8,36.8,36.25,36.3,+,0.1,272485,9943615.0,74000,0,1000,134000,0,1000,60000,0,0
20251128,3050,鈺德,11.55,11.75,11.45,11.75,+,0.15,348009,4035049.0,69000,0,4000,128000,0,4000,59000,0,0
20251128,1809,中釉,18.05,18.3,17.9,18.05,,0.0,406710,7378703.0,72000,0,0,176000,0,0,104000,0,0
20251128,6781,AES-KY,1320.0,1405.0,1315.0,1405.0,+,125.0,3178303,4377981390.0,-110912,170000,12706,762541,170000,52854,873453,0,40148
20251128,00951,台新日本半導體,10.77,10.77,10.69,10.76,-,0.03,824406,8836533.0,37000,0,34343,46000,0,332075,9000,0,297732
20251128,5285,界霖,50.4,52.3,50.4,51.8,+,1.0,188069,9722298.0,69000,0,2000,88000,0,2000,19000,0,0
20251128,2820,華票,16.65,16.7,16.55,16.7,+,0.05,375578,6252073.0,-7000,0,78000,70000,0,78000,77000,0,0
20251128,4164,承業醫,39.1,39.5,38.95,39.3,,0.0,391016,15298876.0,46000,0,24471,156000,0,33000,110000,0,8529
20251128,6526,達發,450.0,462.5,449.0,458.0,+,8.5,404740,185867915.0,64596,1000,4635,155599,1000,11000,91003,0,6365
20251128,2032,新鋼,14.3,14.5,14.15,14.4,+,0.1,215255,3072973.0,68000,0,2000,79000,0,2000,11000,0,0
20251128,2836,高雄銀,12.05,12.1,12.05,12.1,,0.0,363676,4392437.0,-36000,0,105000,63000,0,105000,99000,0,0
20251128,3518,柏騰,20.4,21.0,20.15,20.7,+,0.3,232889,4812459.0,70000,0,-1000,88000,0,0,18000,0,1000
20251128,00938,凱基優選30,16.43,16.5,16.43,16.5,+,0.02,417621,6881334.0,-68000,0,136933,32000,0,339000,100000,0,202067
20251128,2601,益航,5.52,5.59,5.51,5.52,-,0.03,761592,4219345.0,66000,0,2000,181000,0,4000,115000,0,2000
20251128,00917,中信特選金融,24.1,24.15,24.09,24.15,+,0.08,83721,2018681.0,30000,0,37078,30000,0,37078,0,0,0
20251128,6885,全福生技,29.3,29.5,28.5,29.15,-,0.15,135436,3952828.0,65000,0,2000,74000,0,2000,9000,0,0
20251128,2387,精元,40.0,40.4,40.0,40.2,+,0.05,152286,6131038.0,63000,0,4000,84000,0,4000,21000,0,0
20251128,6505,台塑化,52.1,52.4,51.4,52.3,+,0.3,4947775,257143954.0,-165090,-6000,238002,1904000,1000,470055,2069090,7000,232053
20251128,2404,漢唐,788.0,814.0,785.0,801.0,+,10.0,1108169,887264713.0,24102,-51000,93387,380073,0,117423,355971,51000,24036
20251128,00690,兆豐藍籌30,42.6,43.11,42.55,43.04,+,0.5,517232,22227465.0,4000,0,61997,15000,0,312403,11000,0,250406
20251128,3665,貿聯-KY,1580.0,1620.0,1565.0,1610.0,+,70.0,3987016,6358654565.0,7269,-29000,87402,1850811,44000,148408,1843542,73000,61006
20251128,6923,中台,102.5,103.5,102.0,102.5,+,0.5,241740,24800400.0,48000,0,16000,99000,0,16000,51000,0,0
20251128,6805,富世達,1570.0,1615.0,1560.0,1570.0,+,10.0,1983480,3134857630.0,-70914,150000,-15564,548195,150000,61744,619109,0,77308
20251128,6414,樺漢,296.0,298.5,293.0,298.0,+,2.0,670534,198716011.0,-137000,200000,381,242000,200000,8381,379000,0,8000
20251128,2707,晶華,192.0,193.0,191.0,191.0,-,1.0,173489,33350853.0,-29000,0,92000,25000,0,112000,54000,0,20000
20251128,5258,虹堡,66.0,66.4,64.7,66.3,+,1.1,182553,12019875.0,60000,0,2915,81000,0,3041,21000,0,126
20251128,9958,世紀鋼,141.5,141.5,139.0,140.5,-,0.5,800978,111993447.0,34072,0,28786,509072,0,39550,475000,0,10764
20251128,2106,建大,20.25,20.45,20.15,20.25,-,0.05,428034,8686728.0,14000,0,48849,215000,0,49000,201000,0,151
20251128,5234,達興材料,345.0,352.0,336.5,337.0,-,4.5,730739,250755711.0,71000,0,-8354,292000,0,16988,221000,0,25342
20251128,2491,吉祥全,14.8,15.35,14.6,15.0,+,0.4,448388,6747077.0,59000,0,3000,98000,0,4000,39000,0,1000
20251128,8072,陞泰,31.1,31.4,30.95,31.2,+,0.25,105335,3286360.0,62000,0,0,74000,0,0,12000,0,0
20251128,3583,辛耘,319.5,319.5,316.0,316.5,+,0.5,300918,95622935.0,61000,0,802,116000,0,5032,55000,0,4230
20251128,6405,悅城,24.95,25.35,24.85,25.25,+,0.3,129907,3250406.0,61000,0,335,72000,0,1000,11000,0,665
20251128,00897,富邦基因免疫生技,9.07,9.09,9.06,9.09,+,0.03,367562,3338335.0,95000,0,-33767,96000,0,15323,1000,0,49090
20251128,6743,安普新,29.5,29.6,29.25,29.5,-,0.05,144195,4247151.0,60000,0,1000,76000,0,1000,16000,0,0
20251128,3003,健和興,47.8,48.5,47.8,48.5,+,0.45,177260,8549415.0,57000,0,3989,79000,0,4003,22000,0,14
20251128,00876,元大全球5G,48.42,48.65,48.33,48.35,-,0.33,108956,5286764.0,7938,0,52940,9150,0,53740,1212,0,800
20251128,00910,第一金太空衛星,37.72,37.81,37.71,37.73,+,0.05,804611,30375126.0,6400,0,54182,11400,0,230767,5000,0,176585
20251128,1708,東鹼,32.8,32.9,32.4,32.45,-,0.2,708556,23089952.0,45000,0,15421,202000,0,18451,157000,0,3030
20251128,1444,力麗,6.0,6.05,6.0,6.04,+,0.03,391993,2363768.0,30000,0,29971,108000,0,30000,78000,0,29
20251128,2426,鼎元,16.05,16.35,16.0,16.2,+,0.1,367700,5953151.0,50200,0,8000,132200,0,8000,82000,0,0
20251128,1702,南僑,37.8,38.6,37.8,38.35,+,0.5,609164,23256271.0,44000,0,14055,111000,0,14055,67000,0,0
20251128,2102,泰豐,19.9,20.05,19.8,19.85,-,0.15,277802,5536098.0,51000,0,7000,106000,0,7000,55000,0,0
20251128,6698,旭暉應材,30.35,30.45,29.35,30.05,-,0.3,175396,5263097.0,57000,0,-410,72000,0,4000,15000,0,4410
20251128,00728,第一金工業30,36.32,36.8,36.32,36.78,+,0.59,111341,4078944.0,10000,0,45697,11000,0,55697,1000,0,10000
20251128,4155,訊映,15.2,15.25,14.95,15.1,,0.0,163635,2477662.0,55000,0,0,68000,0,0,13000,0,0
20251128,3311,閎暉,31.75,32.6,31.75,32.35,+,0.5,131164,4240047.0,52000,0,2842,74000,0,3000,22000,0,158
20251128,1517,利奇,11.55,11.7,11.5,11.6,-,0.05,145075,1679931.0,47000,0,7012,64000,0,8000,17000,0,988
20251128,8478,東哥遊艇,195.5,198.0,194.5,197.0,-,1.0,136182,26758168.0,52074,0,1200,74074,0,2200,22000,0,1000
20251128,3028,增你強,36.4,36.4,35.85,35.95,-,0.4,813959,29327339.0,51000,0,2000,207000,0,2000,156000,0,0
20251128,2305,全友,10.65,10.8,10.6,10.7,+,0.05,180730,1928299.0,51000,0,1000,74000,0,1000,23000,0,0
20251128,7786,東方風能,162.0,162.5,158.5,160.0,-,1.5,235800,37665120.0,70000,0,-18000,73000,0,0,3000,0,18000
20251128,3504,揚明光,49.15,49.6,48.7,49.5,+,0.3,92950,4594000.0,47000,0,4690,61000,0,4690,14000,0,0
20251128,9911,櫻花,83.8,84.6,83.8,84.6,+,0.6,128345,10807607.0,16216,0,35000,65000,0,35000,48784,0,0
20251128,2528,皇普,30.35,30.5,30.05,30.35,,0.0,396886,12023027.0,30800,0,20000,216000,0,20000,185200,0,0
20251128,2534,宏盛,20.4,20.4,20.25,20.35,-,0.05,241677,4913096.0,28000,0,22438,90000,0,23000,62000,0,562
20251128,7799,禾榮科,557.0,590.0,537.0,590.0,+,53.0,762226,431983370.0,18000,0,32297,177000,0,48297,159000,0,16000
20251128,6957,裕慶-KY,214.5,221.0,212.5,219.5,+,6.5,197297,42941596.0,50000,0,0,65000,0,0,15000,0,0
20251128,8249,菱光,52.1,52.7,51.6,52.0,-,0.1,326539,16985583.0,43000,0,7000,113000,0,7000,70000,0,0
20251128,2849,安泰銀,13.2,13.4,13.2,13.4,+,0.1,90730,1209100.0,8000,0,42000,23000,0,42000,15000,0,0
20251128,1589,永冠-KY,17.55,17.65,17.35,17.6,+,0.05,412077,7219101.0,46000,0,3349,238000,0,4000,192000,0,651
20251128,00908,富邦入息REITs+,13.76,13.78,13.74,13.74,-,0.02,90964,1251286.0,34000,0,14051,34000,0,46051,0,0,32000
20251128,6152,百一,8.16,8.53,8.16,8.5,+,0.21,429077,3629128.0,49000,0,-1000,156000,0,0,107000,0,1000
20251128,2524,京城,44.45,44.9,44.4,44.75,+,0.35,156299,6975138.0,42000,0,6000,95000,0,6000,53000,0,0
20251128,6994,富威電力,91.5,93.4,91.5,92.6,+,1.1,141219,13081066.0,47000,0,548,73000,0,548,26000,0,0
20251128,2748,雲品,43.45,44.0,43.45,43.9,+,0.45,97147,4244243.0,43000,0,4000,51000,0,4000,8000,0,0
20251128,2059,川湖,3620.0,3920.0,3560.0,3815.0,+,210.0,1803731,6799823050.0,-138113,138000,46725,606445,139000,111749,744558,1000,65024
20251128,6695,芯鼎,44.25,45.2,44.15,44.35,+,0.45,393499,17594538.0,46000,0,311,154000,0,1000,108000,0,689
20251128,2207,和泰車,600.0,610.0,597.0,610.0,+,8.0,230488,139961214.0,27607,-2000,20576,198707,0,22772,171100,2000,2196
20251128,2477,美隆電,23.75,24.0,23.7,23.8,-,0.15,105763,2524867.0,29000,0,17000,33000,0,17000,4000,0,0
20251128,5243,乙盛-KY,82.5,82.5,80.7,81.8,-,0.8,1896087,154424312.0,57000,0,-11132,510000,0,10300,453000,0,21432
20251128,2476,鉅祥,87.9,87.9,86.9,87.8,+,0.7,461141,40320203.0,26755,0,18765,160000,0,19000,133245,0,235
20251128,6416,瑞祺電通,79.1,81.0,78.6,80.8,+,2.1,151668,12103352.0,43000,0,2000,62000,0,2000,19000,0,0
20251128,3094,聯傑,23.85,24.0,23.55,23.9,+,0.05,88985,2116439.0,42000,0,3000,55000,0,3000,13000,0,0
20251128,8016,矽創,181.0,183.5,181.0,182.5,+,1.5,471702,85938686.0,34000,0,10489,245000,0,12000,211000,0,1511
20251128,1436,華友聯,65.4,65.8,64.8,65.8,+,0.6,208070,13609870.0,39200,0,5281,86200,0,6281,47000,0,1000
20251128,1446,宏和,17.9,18.45,17.9,18.3,+,0.4,175983,3220312.0,37000,0,7000,53000,0,7000,16000,0,0
20251128,1529,樂事綠能,19.15,19.3,19.1,19.25,+,0.1,185280,3561804.0,43000,0,1000,85000,0,1000,42000,0,0
20251128,3588,通嘉,46.8,47.75,46.4,46.9,+,0.1,151766,7147617.0,42000,0,2000,73000,0,2000,31000,0,0
20251128,4755,三福化,101.0,101.5,99.6,100.5,-,0.5,116517,11708153.0,42000,0,2000,47000,0,2000,5000,0,0
20251128,6834,天二科技,27.45,28.6,27.3,28.55,+,1.1,190204,5324741.0,45000,0,-1400,70000,0,2000,25000,0,3400
20251128,4576,大銀微系統,105.0,106.0,104.0,106.0,+,1.0,218588,23016568.0,37000,0,6013,109000,0,8014,72000,0,2001
20251128,6165,浪凡,49.4,50.8,49.0,49.95,+,0.85,453759,22643312.0,45000,0,-2000,162000,0,0,117000,0,2000
20251128,6668,中揚光,38.1,38.7,38.1,38.2,+,0.1,179190,6884409.0,41000,0,2000,89000,0,2000,48000,0,0
20251128,2536,宏普,26.05,26.25,25.95,26.1,-,0.1,103662,2703765.0,41000,0,2000,62000,0,2000,21000,0,0
20251128,2247,汎德永業,295.0,297.5,294.0,297.0,+,2.0,75772,22439444.0,41000,0,2000,42000,0,2000,1000,0,0
20251128,4583,台灣精銳,620.0,648.0,617.0,641.0,+,21.0,211208,134764113.0,36597,0,5792,80757,0,7209,44160,0,1417
20251128,2731,雄獅,175.0,176.5,173.0,173.5,-,2.0,691511,120476218.0,31000,0,11319,139000,0,24492,108000,0,13173
20251128,6835,圓裕,39.9,40.15,39.7,39.9,+,0.05,66614,2660712.0,37000,0,5000,40000,0,5000,3000,0,0
20251128,1219,福壽,13.55,13.65,13.5,13.6,-,0.05,118148,1602937.0,31000,0,10000,38000,0,10000,7000,0,0
20251128,2417,圓剛,36.15,36.5,35.95,36.4,,0.0,199626,7229616.0,38000,0,3000,74000,0,3000,36000,0,0
20251128,1773,勝一,140.5,140.5,138.0,139.0,-,1.0,261113,36345309.0,26000,0,13999,152000,0,14000,126000,0,1
20251128,2392,正崴,39.35,39.35,38.85,39.15,-,0.05,1199037,46809595.0,31944,0,7640,569944,0,30091,538000,0,22451
20251128,2461,光群雷,15.1,15.35,15.1,15.3,+,0.15,106612,1629661.0,38000,0,1000,59000,0,1000,21000,0,0
20251128,6589,台康生技,73.8,75.6,73.0,74.5,+,0.7,917771,68256403.0,26000,0,13000,510000,0,13000,484000,0,0
20251128,2332,友訊,15.85,15.9,15.6,15.9,+,0.15,1216402,19193406.0,4900,0,33979,336000,0,76000,331100,0,42021
20251128,1218,泰山,18.1,18.25,18.05,18.2,+,0.05,252840,4587295.0,15000,0,23847,68000,0,24000,53000,0,153
20251128,4956,光鋐,19.4,20.7,19.4,20.25,+,0.85,2434700,49360396.0,42000,0,-3263,592000,0,3000,550000,0,6263
20251128,1762,中化生,25.0,25.0,24.8,24.9,+,0.1,91080,2270310.0,36000,0,1502,39000,0,2000,3000,0,498
20251128,3686,達能,18.1,18.4,17.8,18.25,,0.0,211970,3856572.0,37000,0,0,57000,0,0,20000,0,0
20251128,2431,聯昌,11.4,11.55,11.35,11.45,+,0.05,186826,2140572.0,44000,0,-7100,79000,0,1000,35000,0,8100
20251128,2537,聯上發,10.9,10.9,10.65,10.75,-,0.1,216214,2324977.0,34000,0,2000,99000,0,2000,65000,0,0
20251128,00861,元大全球未來通訊,53.95,54.15,53.95,54.0,+,0.05,54690,2948084.0,24100,0,11859,25100,0,11859,1000,0,0
20251128,5484,慧友,35.5,36.5,35.4,36.1,+,0.7,132208,4747963.0,34000,0,1000,48000,0,1000,14000,0,0
20251128,5534,長虹,77.7,78.1,77.3,77.7,,0.0,469850,36557049.0,23000,0,11038,272000,0,17099,249000,0,6061
20251128,3701,大眾控,31.35,31.95,31.35,31.9,+,0.6,348756,11066224.0,32000,0,2000,127000,0,2000,95000,0,0
20251128,1598,岱宇,22.0,22.45,22.0,22.45,+,0.25,143091,3186447.0,33000,0,1000,58000,0,4000,25000,0,3000
20251128,00652,富邦印度,37.8,37.8,37.64,37.69,,0.0,221871,8362263.0,11049,0,22352,16049,0,53610,5000,0,31258
20251128,4119,旭富,49.9,49.9,49.1,49.2,-,0.55,145552,7180505.0,30000,0,3000,59000,0,3000,29000,0,0
20251128,5471,松翰,34.05,34.25,34.0,34.1,+,0.05,68366,2332135.0,30000,0,3000,39000,0,3000,9000,0,0
20251128,3041,揚智,25.35,25.9,25.35,25.75,+,0.4,283740,7296638.0,33000,0,0,105000,0,0,72000,0,0
20251128,1540,喬福,21.95,22.05,21.85,21.9,,0.0,104968,2305403.0,32000,0,1000,43000,0,1000,11000,0,0
20251128,8213,志超,33.35,33.4,33.15,33.4,+,0.05,140717,4690314.0,22000,0,11000,61000,0,11000,39000,0,0
20251128,1806,冠軍,9.02,9.09,9.02,9.06,+,0.05,117086,1059045.0,20000,0,12000,43000,0,12000,23000,0,0
20251128,3257,虹冠電,61.4,61.5,61.0,61.1,-,0.2,232260,14226159.0,30000,0,2000,80000,0,2000,50000,0,0
20251128,7722,LINEPAY,560.0,569.0,560.0,566.0,+,11.0,68139,38589682.0,29452,0,2500,33452,0,2500,4000,0,0
20251128,4585,達明,304.5,305.5,302.0,303.0,,0.0,203502,61716443.0,30000,0,1000,66000,0,1000,36000,0,0
20251128,6024,群益期,49.95,50.0,49.7,49.9,-,0.05,187779,9355231.0,36000,0,-5000,44000,0,0,8000,0,5000
20251128,5292,華懋,145.5,147.0,145.5,146.5,+,0.5,67649,9901430.0,31000,0,0,31000,0,0,0,0,0
20251128,4976,佳凌,31.9,32.25,31.5,31.9,+,0.25,233664,7449697.0,29000,0,1955,88000,0,3000,59000,0,1045
20251128,1467,南緯,6.96,7.03,6.96,6.99,+,0.01,99740,696948.0,30000,0,0,33000,0,0,3000,0,0
20251128,1615,大山,48.4,49.3,48.4,48.65,+,0.35,167274,8182882.0,24000,0,6000,47000,0,6000,23000,0,0
20251128,00701,國泰股利精選30,27.71,27.71,27.57,27.62,-,0.09,1023606,28265026.0,-9000,0,38358,0,0,513000,9000,0,474642
20251128,0051,元大中型100,89.1,90.5,89.1,90.5,+,1.15,78760,7084579.0,0,0,29096,0,0,43107,0,0,14011
20251128,3030,德律,155.0,155.0,152.5,154.5,+,1.0,1233393,189768324.0,-3000,0,31278,593000,0,35030,596000,0,3752
20251128,5244,弘凱,39.95,41.75,39.95,41.0,+,1.4,549194,22535223.0,27000,0,1000,170000,0,1000,143000,0,0
20251128,2908,特力,20.45,20.5,20.3,20.45,,0.0,424015,8657767.0,13000,0,15000,41000,0,15000,28000,0,0
20251128,1527,鑽全,33.15,33.25,33.0,33.2,+,0.05,42674,1412052.0,27000,0,1000,30000,0,1000,3000,0,0
20251128,1604,聲寶,24.55,24.7,24.55,24.7,+,0.1,62950,1551448.0,12000,0,16000,14000,0,16000,2000,0,0
20251128,00661,元大日經225,64.5,64.65,64.4,64.65,+,0.05,124091,7998963.0,-1000,0,28150,0,0,94150,1000,0,66000
20251128,4949,有成精密,38.4,38.85,38.15,38.7,+,0.45,111694,4305745.0,27000,0,0,48000,0,0,21000,0,0
20251128,4952,凌通,35.95,36.15,35.7,36.0,+,0.05,71507,2575129.0,23000,0,4000,28000,0,4000,5000,0,0
20251128,8940,新天地,20.1,20.25,20.0,20.1,,0.0,41745,839795.0,27000,0,0,28000,0,0,1000,0,0
20251128,3413,京鼎,299.0,300.0,296.0,300.0,+,1.5,371704,110881410.0,42450,-11000,-4742,185000,0,4115,142550,11000,8857
20251128,1721,三晃,11.1,11.3,11.1,11.3,+,0.15,216223,2421257.0,21000,0,4834,76000,0,6000,55000,0,1166
20251128,00731,復華富時高息低波,66.7,66.7,66.5,66.7,-,0.1,288601,19220574.0,0,0,25495,0,0,279050,0,0,253555
20251128,1906,寶隆,12.55,12.85,12.5,12.7,+,0.2,107189,1363090.0,25000,0,0,29000,0,2000,4000,0,2000
20251128,1563,巧新,41.35,41.55,40.85,41.35,+,0.15,201045,8281776.0,19000,0,6000,63000,0,6000,44000,0,0
20251128,00899,FT潔淨能源,20.13,20.13,20.08,20.09,-,0.04,70523,1417411.0,1000,0,23783,1000,0,24000,0,0,217
20251128,6224,聚鼎,42.05,42.95,42.05,42.7,+,0.65,106829,4552827.0,21100,0,3000,46100,0,3000,25000,0,0
20251128,4737,華廣,57.3,58.8,57.3,58.8,+,0.2,44595,2610862.0,24000,0,0,32000,0,0,8000,0,0
20251128,3717,聯嘉投控,17.25,17.5,17.2,17.25,-,0.05,174832,3023884.0,23000,0,1000,49000,0,1000,26000,0,0
20251128,6906,現觀科,90.0,92.0,90.0,90.7,+,1.7,51615,4675743.0,24000,0,0,30000,0,0,6000,0,0
20251128,1220,台榮,12.45,12.55,12.45,12.55,,0.0,68075,852030.0,23000,0,1000,26000,0,1000,3000,0,0
20251128,1321,大洋,35.8,36.2,35.8,36.2,+,0.2,62000,2232850.0,18000,0,6000,24000,0,6000,6000,0,0
20251128,1805,寶徠,11.8,12.05,11.6,12.05,-,0.1,177754,2096541.0,25000,0,-1000,29000,0,3000,4000,0,4000
20251128,9946,三發地產,17.55,18.4,17.55,17.8,+,0.1,279352,4978650.0,18000,0,6000,52000,0,7000,34000,0,1000
20251128,9924,福興,53.6,54.2,53.4,53.8,+,0.2,73371,3951802.0,20000,-893,4000,31000,0,4000,11000,893,0
20251128,3027,盛達,23.0,23.25,22.95,23.0,-,0.05,53114,1225405.0,23000,0,0,27000,0,0,4000,0,0
20251128,6205,詮欣,39.2,39.2,38.3,39.0,+,0.15,50127,1947308.0,22000,0,1000,31000,0,1000,9000,0,0
20251128,6243,迅杰,28.3,29.15,28.3,28.8,+,0.5,71872,2077773.0,23000,0,0,27000,0,0,4000,0,0
20251128,5525,順天,28.45,28.7,28.45,28.7,+,0.2,74417,2126204.0,16000,0,7000,25000,0,7000,9000,0,0
20251128,3530,晶相光,60.8,61.1,59.5,60.6,+,0.9,82841,4997011.0,19000,0,3000,30000,0,3000,11000,0,0
20251128,6592,和潤企業,63.2,63.8,63.0,63.8,+,0.3,508919,32303759.0,-10000,0,32000,324000,0,32000,334000,0,0
20251128,1234,黑松,37.7,38.05,37.7,37.95,,0.0,70097,2661517.0,15000,0,7000,24000,0,7000,9000,0,0
20251128,1533,車王電,31.25,31.9,31.1,31.5,+,0.3,72198,2278318.0,22000,0,0,26000,0,0,4000,0,0
20251128,1537,廣隆,124.0,125.0,123.5,125.0,+,0.5,44974,5590588.0,19000,0,2999,27000,0,3000,8000,0,1
20251128,4540,全球傳動,35.3,35.6,35.0,35.55,+,0.3,329788,11677484.0,21000,0,479,142000,0,1000,121000,0,521
20251128,9902,台火,17.35,17.35,17.05,17.05,-,0.15,218656,3742779.0,19000,0,2000,57000,0,2000,38000,0,0
20251128,6965,中傑-KY,78.4,81.0,77.1,80.7,+,3.2,82043,6506668.0,23000,0,-2000,39000,0,1000,16000,0,3000
20251128,3031,佰鴻,19.8,19.8,19.5,19.5,-,0.05,373646,7316344.0,17000,0,3475,90000,0,4000,73000,0,525
20251128,1732,毛寶,28.8,29.1,28.8,28.95,-,0.1,93365,2706680.0,14000,0,6000,19000,0,6000,5000,0,0
20251128,2227,裕日車,55.6,56.9,55.6,56.7,+,0.6,57050,3198245.0,12000,0,8000,18000,0,9000,6000,0,1000
20251128,6949,沛爾生醫-創,380.0,383.0,376.0,382.0,+,1.0,103161,39030245.0,19000,0,1000,31000,0,3000,12000,0,2000
20251128,9906,欣巴巴,49.05,50.3,49.0,49.85,+,0.5,116671,5816367.0,17510,0,2314,46510,0,3810,29000,0,1496
20251128,00895,富邦未來車,37.66,37.88,37.66,37.85,+,0.19,546017,20619305.0,27362,0,-7964,27400,0,297753,38,0,305717
20251128,3138,耀登,88.1,90.5,88.1,89.8,+,2.5,107034,9567300.0,19000,0,0,45000,0,0,26000,0,0
20251128,1471,首利,8.82,8.97,8.62,8.87,-,0.02,185800,1625939.0,16000,0,3000,29000,0,3000,13000,0,0
20251128,9919,康那香,16.85,16.9,16.75,16.8,-,0.15,163038,2738777.0,13000,0,6000,20000,0,6000,7000,0,0
20251128,00943,兆豐電子高息等權,14.45,14.52,14.45,14.51,+,0.07,62079,899247.0,0,0,18793,0,0,35793,0,0,17000
20251128,4566,時碩工業,53.4,53.9,53.2,53.2,-,0.3,198710,10619751.0,17000,0,1100,60000,0,1100,43000,0,0
20251128,00875,國泰網路資安,39.17,39.23,39.15,39.23,+,0.14,127478,4993250.0,115000,0,-96966,116000,0,3121,1000,0,100087
20251128,1616,億泰,30.1,30.3,29.85,29.95,-,0.05,392520,11784976.0,18000,0,3,155000,0,1002,137000,0,999
20251128,6525,捷敏-KY,74.8,75.6,74.4,75.4,+,0.4,103187,7741861.0,11000,0,7002,36000,0,7002,25000,0,0
20251128,6216,居易,26.5,26.7,26.2,26.5,+,0.15,57682,1519838.0,16000,0,2000,26000,0,2000,10000,0,0
20251128,3454,晶睿,87.2,87.4,85.3,85.5,-,1.7,168618,14469214.0,15000,0,3000,31000,0,3000,16000,0,0
20251128,3694,海華,65.1,65.6,64.5,65.2,+,0.1,507433,32981993.0,12000,0,6000,189000,0,7000,177000,0,1000
20251128,3092,鴻碩,15.1,15.3,14.9,15.3,+,0.35,237166,3575393.0,30000,0,-12000,56000,0,1000,26000,0,13000
20251128,1256,鮮活果汁-KY,139.0,143.0,138.5,140.5,+,3.5,44765,6294139.0,5000,0,13000,11000,0,13000,6000,0,0
20251128,8996,高力,514.0,522.0,508.0,515.0,+,10.0,2004491,1034870033.0,21952,-20000,16033,475000,0,43529,453048,20000,27496
20251128,6438,迅得,132.0,133.5,132.0,133.5,+,1.5,485879,64547309.0,-8858,0,26693,104192,0,51065,113050,0,24372
20251128,00762,元大全球AI,83.9,83.9,83.25,83.25,-,0.25,190495,15922634.0,42025,0,-24387,42025,0,24613,0,0,49000
20251128,4763,材料*-KY,55.6,56.3,55.0,55.5,-,0.1,7727639,430316536.0,-6349,0,23585,5554211,0,62698,5560560,0,39113
20251128,5283,禾聯碩,62.0,62.8,62.0,62.8,+,0.9,53143,3314190.0,17000,0,0,20000,0,0,3000,0,0
20251128,2616,山隆,13.55,13.75,13.55,13.7,+,0.05,68165,932863.0,14000,0,3000,21000,0,3000,7000,0,0
20251128,2414,精技,41.2,41.55,41.2,41.4,+,0.2,51628,2138563.0,10000,0,7000,17000,0,7000,7000,0,0
20251128,1453,大將,12.3,12.5,12.25,12.5,+,0.15,41151,506825.0,16000,0,1000,19000,0,1000,3000,0,0
20251128,1417,嘉裕,8.88,8.96,8.82,8.95,+,0.05,257463,2295688.0,14000,0,3000,27000,0,3000,13000,0,0
20251128,7705,三商餐飲,40.3,40.45,40.2,40.25,-,0.2,84979,3424257.0,17000,0,0,21000,0,0,4000,0,0
20251128,2488,漢平,45.55,45.75,45.55,45.6,+,0.05,67414,3073395.0,15000,0,1995,24000,0,2000,9000,0,5
20251128,3447,展達,51.8,52.8,51.6,51.6,,0.0,269798,14021671.0,12000,0,4833,81000,0,5000,69000,0,167
20251128,4571,鈞興-KY,167.5,167.5,164.5,165.0,-,0.5,125128,20677615.0,17000,0,-577,53000,0,169,36000,0,746
20251128,6796,晉弘,95.5,95.7,93.2,94.1,+,1.6,165978,15679682.0,16098,0,0,19098,0,0,3000,0,0
20251128,6552,易華電,24.9,25.25,24.8,25.1,+,0.65,79222,1982336.0,14000,0,2000,19000,0,2000,5000,0,0
20251128,2514,龍邦,14.7,14.8,14.7,14.75,,0.0,218889,3228450.0,4000,0,12000,14000,0,12000,10000,0,0
20251128,2453,凌群,52.2,52.5,52.2,52.5,+,0.3,225533,11807501.0,14000,0,2000,65000,0,2000,51000,0,0
20251128,1752,南光,37.65,38.5,37.65,38.15,+,0.15,66386,2530798.0,16000,0,0,27000,0,0,11000,0,0
20251128,1452,宏益,11.75,12.1,11.7,11.95,+,0.2,137636,1640536.0,22000,0,-6000,27000,0,1000,5000,0,7000
20251128,6838,台新藥,27.6,27.95,27.5,27.6,+,0.05,67739,1874067.0,16000,0,-10,34000,0,1000,18000,0,1010
20251128,00703,台新MSCI中國,21.87,21.88,21.8,21.87,-,0.13,26105,569600.0,0,0,15852,0,0,18002,0,0,2150
20251128,2466,冠西電,53.0,55.6,53.0,53.4,+,0.3,796133,43325725.0,12000,0,3000,192000,0,5000,180000,0,2000
20251128,6914,阜爾運通,147.0,148.5,146.5,148.5,+,1.5,35295,5198311.0,11000,0,3384,14000,0,3384,3000,0,0
20251128,2538,基泰,11.05,11.2,11.0,11.1,,0.0,299638,3310488.0,-4000,0,18242,39000,0,19242,43000,0,1000
20251128,1217,愛之味,10.35,10.45,10.35,10.4,+,0.05,184755,1919443.0,-1999,0,16198,38001,0,16198,40000,0,0
20251128,1734,杏輝,31.15,31.25,31.0,31.1,-,0.05,97604,3037791.0,13000,0,1000,46000,0,1000,33000,0,0
20251128,4569,六方科-KY,148.0,151.5,148.0,149.5,+,0.5,22384,3339179.0,14000,0,0,17000,0,0,3000,0,0
20251128,9927,泰銘,67.2,67.7,67.1,67.5,,0.0,57367,3869215.0,10000,0,4000,15000,0,4000,5000,0,0
20251128,00714,群益道瓊美國地產,20.28,20.31,20.28,20.31,+,0.01,292031,5926219.0,11000,0,2998,11000,0,274072,0,0,271074
20251128,3025,星通,51.2,51.2,51.2,51.2,+,4.65,1383216,70820633.0,5000,0,8966,6000,0,8966,1000,0,0
20251128,5215,科嘉-KY,36.6,37.35,36.55,37.0,+,0.15,35248,1294444.0,12000,0,1933,14000,0,3000,2000,0,1067
20251128,1434,福懋,15.8,15.85,15.65,15.75,,0.0,752900,11860883.0,-60000,0,73901,210000,0,74000,270000,0,99
20251128,6128,上福,22.6,23.15,22.6,23.1,+,0.1,53770,1230657.0,15000,0,-1158,20000,0,4000,5000,0,5158
20251128,2636,台驊控股,66.8,67.1,66.7,67.0,+,0.2,149875,10030512.0,11000,0,2122,60000,0,4000,49000,0,1878
20251128,2608,嘉里大榮,33.6,33.85,33.6,33.85,+,0.1,53963,1821719.0,-4000,0,17061,12000,0,17061,16000,0,0
20251128,1760,寶齡富錦,67.0,67.2,66.3,66.8,-,0.2,58120,3878597.0,12000,0,1000,28000,0,1000,16000,0,0
20251128,3528,安馳,67.6,67.6,67.0,67.5,+,0.4,60703,4079518.0,13000,0,0,29000,0,0,16000,0,0
20251128,8105,凌巨,10.6,10.8,10.6,10.75,+,0.15,617008,6603890.0,1000,0,12000,150000,0,12000,149000,0,0
20251128,1515,力山,27.4,27.85,27.4,27.8,+,0.25,94136,2600971.0,8000,0,4932,27000,0,5000,19000,0,68
20251128,2482,連宇,17.25,17.35,17.05,17.2,,0.0,61282,1052111.0,11000,0,1735,12000,0,2000,1000,0,265
20251128,1233,天仁,32.0,32.05,32.0,32.0,+,0.35,17006,544412.0,-1000,0,13000,0,0,13000,1000,0,0
20251128,5007,三星,53.9,54.5,53.8,54.5,+,0.6,124316,6717005.0,6000,0,6000,10000,0,6000,4000,0,0
20251128,9908,大台北,29.95,30.15,29.95,30.15,+,0.05,85872,2581905.0,-12000,0,24000,8000,0,24000,20000,0,0
20251128,9929,秋雨,10.0,10.7,10.0,10.5,+,0.2,28010,289703.0,11000,0,1000,11000,0,3000,0,0,2000
20251128,4770,上品,216.5,216.5,212.0,214.0,,0.0,190147,40658931.0,6114,0,5634,103114,0,7000,97000,0,1366
20251128,6790,永豐實,38.0,38.1,37.6,38.05,,0.0,95947,3638035.0,23000,0,-12000,31000,0,7000,8000,0,19000
20251128,1438,三地開發,33.45,34.0,33.45,33.65,-,0.45,37972,1277973.0,10000,0,1000,13000,0,1000,3000,0,0
20251128,1903,士紙,55.8,56.7,55.3,56.4,+,0.6,159102,8909192.0,4000,0,7000,42000,0,7000,38000,0,0
20251128,2923,鼎固-KY,19.6,21.25,19.6,20.55,+,0.3,30920,642045.0,-12000,0,23000,2000,0,23000,14000,0,0
20251128,2442,新美齊,24.65,25.15,24.45,25.0,+,0.35,394928,9800805.0,39000,0,-28000,129000,0,2000,90000,0,30000
20251128,8429,金麗-KY,7.76,7.81,7.73,7.79,+,0.03,173419,1347989.0,10000,0,1000,29000,0,1000,19000,0,0
20251128,8011,台通,21.55,21.65,21.4,21.6,+,0.1,336741,7255294.0,11000,0,0,71000,0,0,60000,0,0
20251128,6115,鎰勝,46.85,46.9,46.6,46.9,+,0.05,56264,2631771.0,7000,0,3840,11000,0,4250,4000,0,410
20251128,00702,國泰標普低波高息,23.22,23.22,23.2,23.21,,0.0,16052,372489.0,0,0,10435,0,0,11435,0,0,1000
20251128,5533,皇鼎,14.45,14.55,14.4,14.55,+,0.05,65000,942800.0,8000,0,2000,22000,0,2000,14000,0,0
20251128,2701,萬企,11.1,11.3,11.1,11.2,+,0.05,151650,1698658.0,7000,0,2804,11000,0,2804,4000,0,0
20251128,6937,天虹,217.5,220.5,217.5,219.0,+,1.5,134989,29575627.0,4000,-1000,6110,37000,0,7042,33000,1000,932
20251128,9943,好樂迪,61.2,61.3,60.6,61.1,,0.0,20892,1277912.0,9000,0,0,11000,0,0,2000,0,0
20251128,1416,廣豐,11.7,11.75,11.7,11.75,,0.0,54493,638733.0,8000,0,1000,13000,0,1000,5000,0,0
20251128,1568,倉佑,21.1,21.35,21.1,21.35,+,0.15,166542,3530206.0,8000,0,1000,13000,0,1000,5000,0,0
20251128,1614,三洋電,34.1,34.7,34.1,34.5,+,0.4,52100,1790770.0,2000,0,7000,11000,0,7000,9000,0,0
20251128,1110,東泥,16.6,16.7,16.55,16.65,+,0.05,128401,2135753.0,-3000,0,12000,11000,0,12000,14000,0,0
20251128,00657,國泰日經225,58.85,59.0,58.85,59.0,+,0.05,16441,968141.0,-1000,0,9724,0,0,11740,1000,0,2016
20251128,8462,柏文,156.5,158.0,156.0,157.5,+,2.0,44198,6951610.0,3629,0,4439,14000,0,4439,10371,0,0
20251128,9925,新保,40.65,40.85,40.65,40.7,-,0.05,73593,2998254.0,-8000,0,16000,18000,0,16000,26000,0,0
20251128,3021,鴻名,17.1,17.35,17.1,17.3,+,0.05,63642,1097639.0,8000,0,0,17000,0,0,9000,0,0
20251128,4994,傳奇,97.9,97.9,94.7,96.7,-,1.2,41951,4033236.0,5000,0,3000,10000,0,3000,5000,0,0
20251128,6579,研揚,110.5,111.5,109.5,111.0,+,0.5,71418,7894665.0,2000,0,6000,17000,0,6000,15000,0,0
20251128,2015,豐興,62.3,63.1,62.2,62.8,+,0.1,241498,15112065.0,-15000,0,23000,116000,0,23000,131000,0,0
20251128,2033,佳大,15.6,15.65,15.5,15.6,,0.0,58351,910251.0,7000,0,1000,9000,0,1000,2000,0,0
20251128,1447,力鵬,5.38,5.47,5.38,5.45,+,0.05,405705,2200582.0,5000,0,3000,45000,0,3000,40000,0,0
20251128,2496,卓越,68.1,68.5,67.8,68.1,-,0.1,45435,3090329.0,8000,0,0,9000,0,0,1000,0,0
20251128,2739,寒舍,36.3,36.7,36.3,36.55,+,0.25,48725,1776743.0,8000,0,-1000,14000,0,0,6000,0,1000
20251128,1337,再生-KY,4.9,4.98,4.9,4.93,+,0.01,170840,845342.0,6000,0,1000,35000,0,1000,29000,0,0
20251128,6902,GOGOLOOK,81.0,82.0,80.0,81.0,-,0.2,37635,3033119.0,6000,0,1000,12000,0,1000,6000,0,0
20251128,4807,日成-KY,17.85,18.0,17.75,17.8,+,0.1,16358,291066.0,7000,0,0,8000,0,0,1000,0,0
20251128,4557,永新-KY,73.4,73.4,72.5,72.5,-,0.1,40631,2957496.0,7000,0,0,14000,0,0,7000,0,0
20251128,4560,強信-KY,31.55,31.75,31.3,31.75,+,0.25,89000,2800450.0,7000,0,0,49000,0,0,42000,0,0
20251128,3308,聯德,14.6,14.75,14.55,14.7,+,0.05,29789,435480.0,8000,0,-1000,8000,0,0,0,0,1000
20251128,8341,日友,81.1,81.5,80.7,81.5,+,0.7,73373,5956964.0,3000,0,4000,15000,0,4000,12000,0,0
20251128,2642,宅配通,26.85,27.45,26.65,27.0,+,0.15,51614,1389497.0,6976,0,0,16000,0,0,9024,0,0
20251128,9930,中聯資源,71.2,71.5,70.8,71.2,-,0.1,82019,5834259.0,-7000,0,13670,8000,0,14000,15000,0,330
20251128,00678,群益那斯達克生技,35.26,35.46,35.25,35.46,+,0.21,231571,8182545.0,-1000,0,7659,0,0,208659,1000,0,201000
20251128,6933,AMAX-KY,162.0,165.5,161.5,163.5,+,2.0,178027,29120226.0,7000,0,-690,48000,0,0,41000,0,690
20251128,00739,元大MSCI A股,25.38,25.47,25.2,25.44,+,0.04,52150,1320087.0,10000,0,-3784,11000,0,31483,1000,0,35267
20251128,4438,廣越,83.0,83.5,82.0,83.2,-,0.1,35575,2951356.0,-6000,0,12064,8000,0,12064,14000,0,0
20251128,4106,雃博,21.85,21.95,21.8,21.95,-,0.05,31902,697989.0,3000,0,3000,4000,0,3000,1000,0,0
20251128,3652,精聯,28.75,29.15,28.55,28.95,-,0.15,78090,2248616.0,6000,0,0,10000,0,0,4000,0,0
20251128,4552,力達-KY,23.45,23.75,23.45,23.65,+,0.15,89708,2118887.0,6000,0,0,14000,0,0,8000,0,0
20251128,3150,鈺寶-創,17.9,18.45,17.4,18.25,+,0.4,79001,1427617.0,-1000,0,7000,8000,0,26000,9000,0,19000
20251128,4930,燦星網,21.7,21.95,21.7,21.95,+,0.15,15539,338955.0,6000,0,0,7000,0,0,1000,0,0
20251128,2816,旺旺保,30.1,30.1,29.95,30.05,,0.0,41876,1258042.0,4000,0,2000,8000,0,2000,4000,0,0
20251128,1611,中電,12.4,12.55,12.3,12.5,+,0.1,349369,4355907.0,-3000,0,9000,62000,0,9000,65000,0,0
20251128,1789,神隆,17.45,17.75,17.45,17.65,+,0.1,339089,5973831.0,-35000,0,41000,53000,0,41000,88000,0,0
20251128,1445,大宇,14.0,14.0,13.95,13.95,-,0.05,32529,454894.0,5000,0,1000,8000,0,1000,3000,0,0
20251128,1463,強盛新,19.05,19.3,19.0,19.2,+,0.15,102049,1949430.0,5000,0,1000,10000,0,1000,5000,0,0
20251128,9937,全國,57.0,57.2,56.7,57.1,,0.0,67054,3816764.0,-1000,0,7000,6000,0,7000,7000,0,0
20251128,8201,無敵,14.45,14.8,14.45,14.7,+,0.1,25250,370357.0,7000,0,-1000,8000,0,1000,1000,0,2000
20251128,2362,藍天,40.95,41.15,40.65,40.9,-,0.05,362298,14810158.0,-21000,0,26608,203000,0,26621,224000,0,13
20251128,6183,關貿,97.5,97.5,96.0,96.2,-,0.8,16292,1575691.0,0,0,5558,4000,0,10000,4000,0,4442
20251128,1558,伸興,99.2,100.5,98.7,100.5,+,1.6,200244,19979675.0,4000,-388,1613,20000,0,15613,16000,388,14000
20251128,3008,大立光,2205.0,2215.0,2190.0,2205.0,,0.0,302777,667414810.0,-4964,1000,9162,215084,3000,11465,220048,2000,2303
20251128,2424,隴華,32.05,33.0,32.05,32.9,-,0.1,15794,518698.0,5000,0,0,5000,0,0,0,0,0
20251128,2380,虹光,4.72,4.86,4.6,4.74,+,0.17,56956,271883.0,5000,0,0,5000,0,0,0,0,0
20251128,1506,正道,11.7,11.7,11.45,11.65,-,0.1,245372,2833760.0,4000,0,1000,8000,0,1000,4000,0,0
20251128,1720,生達,62.9,63.3,62.5,63.3,+,0.3,261601,16435295.0,-10000,0,15000,105000,0,15000,115000,0,0
20251128,2025,千興,9.05,9.18,9.05,9.06,-,0.11,57071,518408.0,-1000,0,6000,6000,0,6000,7000,0,0
20251128,1441,大東,10.65,10.95,10.6,10.8,+,0.1,160749,1722874.0,4000,0,1000,6000,0,1000,2000,0,0
20251128,1324,地球,10.5,10.65,10.45,10.55,+,0.05,36744,387233.0,5000,0,0,7000,0,0,2000,0,0
20251128,1109,信大,15.6,15.8,15.5,15.65,+,0.1,65733,1029909.0,-4000,0,9000,2000,0,9000,6000,0,0
20251128,6225,天瀚,17.0,17.5,17.0,17.15,,0.0,9619,164873.0,5000,0,0,5000,0,0,0,0,0
20251128,6464,台數科,77.9,78.9,77.9,78.5,+,0.1,310231,24203438.0,-2000,0,7000,2000,0,7000,4000,0,0
20251128,4440,宜新實業,18.0,18.3,18.0,18.3,+,0.15,23101,419731.0,5000,0,0,7000,0,0,2000,0,0
20251128,00735,國泰臺韓科技,48.34,48.34,48.17,48.24,-,0.06,39062,1884591.0,-3000,0,8000,0,0,10000,3000,0,2000
20251128,8463,潤泰材,26.2,26.25,26.15,26.15,+,0.05,60400,1582872.0,4000,0,1000,7000,0,1000,3000,0,0
20251128,6951,青新-創,73.1,73.1,72.0,72.5,-,0.5,132627,9619514.0,1000,0,4000,3000,0,13000,2000,0,9000
20251128,4720,德淵,14.05,14.05,13.8,13.95,-,0.1,223014,3102496.0,3000,-1014,3000,17000,0,3000,14000,1014,0
20251128,4771,望隼,181.0,181.0,180.0,180.5,-,0.5,20840,3760772.0,3900,0,1000,7000,0,1000,3100,0,0
20251128,4439,冠星-KY,105.5,105.5,104.5,105.0,+,0.5,20485,2143721.0,3000,0,1374,4000,0,1374,1000,0,0
20251128,6277,宏正,63.9,65.0,63.5,64.3,+,0.9,167119,10715513.0,3000,0,1322,61000,0,10000,58000,0,8678
20251128,2546,根基,88.8,89.4,88.8,89.0,-,0.2,37243,3318068.0,-2000,0,6249,9000,0,6249,11000,0,0
20251128,3046,建碁,47.6,47.85,47.35,47.75,+,0.15,54768,2605741.0,-7000,0,11099,14000,0,11099,21000,0,0
20251128,4935,茂林-KY,42.7,42.95,42.5,42.6,-,0.2,27103,1156104.0,0,0,4000,5000,0,4000,5000,0,0
20251128,4441,振大環球,275.0,275.0,269.5,270.0,-,5.5,33839,9158046.0,4000,0,0,5000,0,0,1000,0,0
20251128,4736,泰博,124.5,125.5,124.0,125.0,+,0.5,74723,9322672.0,3000,0,1000,12000,0,1000,9000,0,0
20251128,3164,景岳,18.65,18.75,18.45,18.6,,0.0,32653,605152.0,2000,0,2000,3000,0,2000,1000,0,0
20251128,3229,晟鈦,15.0,15.4,15.0,15.15,-,0.05,56760,856616.0,4000,0,0,6000,0,0,2000,0,0
20251128,3494,誠研,7.1,7.33,7.05,7.21,-,0.03,357465,2555588.0,4000,0,0,15000,0,0,11000,0,0
20251128,6582,申豐,32.8,32.95,32.75,32.8,,0.0,18053,592305.0,3000,0,1000,5000,0,1000,2000,0,0
20251128,00709,富邦歐洲,35.11,35.22,35.11,35.2,+,0.09,61459,2161014.0,-2000,0,6000,0,0,19000,2000,0,13000
20251128,2450,神腦,28.8,29.0,28.8,29.0,+,0.1,41342,1195424.0,-3000,0,7000,9000,0,7000,12000,0,0
20251128,2433,互盛電,47.9,48.3,47.9,48.25,+,0.4,13903,668138.0,0,0,4000,1000,0,4000,1000,0,0
20251128,1338,廣華-KY,20.4,20.5,20.25,20.45,+,0.05,32466,661004.0,4000,0,0,8000,0,0,4000,0,0
20251128,1339,昭輝,46.35,46.4,45.3,45.75,-,0.45,27154,1242175.0,3000,0,1000,4000,0,2000,1000,0,1000
20251128,1460,宏遠,5.8,5.94,5.78,5.94,+,0.14,454540,2667448.0,0,0,4000,19000,0,4000,19000,0,0
20251128,7791,皇家可口,74.2,74.4,73.8,74.0,+,0.2,89226,6611829.0,4000,0,0,8000,0,0,4000,0,0
20251128,6969,成信實業*-創,35.55,35.55,33.0,33.3,-,1.7,68047,2292811.0,-11000,0,15000,3000,0,20000,14000,0,5000
20251128,9942,茂順,105.0,105.5,104.5,105.0,,0.0,42669,4482059.0,3000,0,1000,11000,0,1000,8000,0,0
20251128,2031,新光鋼,39.1,39.25,38.6,38.9,-,0.2,492790,19156578.0,-9242,0,13000,253000,0,13000,262242,0,0
20251128,4999,鑫禾,23.5,23.55,23.35,23.45,+,0.05,47668,1117586.0,1000,0,2745,6000,0,4000,5000,0,1255
20251128,2535,達欣工,62.8,63.3,62.7,63.2,+,0.2,67674,4266453.0,-11000,0,14233,11000,0,14233,22000,0,0
20251128,2704,國賓,43.05,43.5,43.05,43.5,+,0.15,38165,1655791.0,-5000,0,8000,13000,0,8000,18000,0,0
20251128,2438,翔耀,25.3,25.3,24.6,24.95,-,0.5,91896,2285375.0,2000,0,1000,6000,0,1000,4000,0,0
20251128,2440,太空梭,12.45,12.5,12.3,12.45,-,0.1,101483,1258716.0,2000,0,1000,5000,0,1000,3000,0,0
20251128,1525,江申,66.2,67.2,65.8,66.0,+,0.6,39121,2592426.0,3000,0,0,5000,0,9000,2000,0,9000
20251128,1526,日馳,17.1,17.2,17.1,17.1,,0.0,39334,673058.0,2000,0,1000,4000,0,1000,2000,0,0
20251128,6504,南六,44.1,44.25,44.0,44.25,-,0.5,24629,1086143.0,3000,0,0,6000,0,0,3000,0,0
20251128,3679,新至陞,115.5,116.5,115.5,116.5,+,1.0,19930,2311297.0,-2000,0,5000,4000,0,5000,6000,0,0
20251128,4133,亞諾法,22.8,22.8,22.65,22.75,-,0.25,63686,1449646.0,2000,0,1000,4000,0,1000,2000,0,0
20251128,3716,中化控股,34.2,34.2,33.9,34.1,-,0.05,57139,1946831.0,1000,0,2000,4000,0,2000,3000,0,0
20251128,3043,科風,21.35,21.35,20.8,21.05,+,0.25,76358,1602682.0,3000,0,0,14000,0,0,11000,0,0
20251128,6936,永鴻生技,34.5,34.6,34.35,34.5,,0.0,47367,1630466.0,3000,0,0,3000,0,0,0,0,0
20251128,9136,巨騰-DR,7.1,7.13,7.03,7.12,-,0.01,141000,1001060.0,3000,0,0,4000,0,0,1000,0,0
20251128,8476,台境*,17.9,18.0,17.8,18.0,+,0.1,25553,458095.0,2000,0,1000,7000,0,1000,5000,0,0
20251128,1626,艾美特-KY,12.3,12.35,12.05,12.35,+,0.05,84864,1037502.0,-4131,0,7000,1000,0,7000,5131,0,0
20251128,00783,富邦中証500,23.68,23.93,23.66,23.92,+,0.07,80559,1911144.0,0,0,2683,0,0,75698,0,0,73015
20251128,2250,IKKA-KY,74.9,76.6,74.9,76.1,+,0.8,26434,2003435.0,1009,0,1009,9009,0,1009,8000,0,0
20251128,2069,運錩,16.1,16.2,16.0,16.15,+,0.05,160739,2594877.0,2000,0,0,28000,0,0,26000,0,0
20251128,1776,展宇,15.15,15.25,15.0,15.1,,0.0,18043,272898.0,2000,0,0,2000,0,0,0,0,0
20251128,1474,弘裕,11.6,11.6,11.5,11.5,-,0.05,24520,283318.0,2000,0,0,4000,0,0,2000,0,0
20251128,1340,勝悅-KY,7.0,7.1,6.94,7.06,+,0.13,78664,551881.0,1000,0,1000,16000,0,1000,15000,0,0
20251128,1468,昶和,11.55,12.1,11.55,11.85,+,0.3,57369,673866.0,-2000,0,4000,4000,0,4000,6000,0,0
20251128,6887,寶綠特-KY,61.5,62.5,61.5,62.5,+,0.4,10000,617000.0,2000,0,0,3000,0,0,1000,0,0
20251128,6581,鋼聯,110.5,110.5,109.5,110.5,,0.0,3210,353714.0,1000,0,1000,1000,0,1000,0,0,0
20251128,6655,科定,108.0,111.0,108.0,111.0,+,5.0,12001,1307607.0,1000,0,1000,3000,0,1000,2000,0,0
20251128,6792,詠業,51.4,51.9,51.2,51.5,+,0.1,18079,930114.0,2000,0,0,5000,0,0,3000,0,0
20251128,6776,展碁國際,52.0,52.2,51.7,51.8,+,0.1,76854,3986809.0,2000,0,0,11000,0,0,9000,0,0
20251128,4581,光隆精密-KY,54.1,54.2,54.1,54.2,+,0.3,5000,270900.0,2000,0,0,3000,0,0,1000,0,0
20251128,6142,友勁,9.16,9.5,9.16,9.31,+,0.1,294469,2739866.0,-3000,0,5000,38000,0,7000,41000,0,2000
20251128,6164,華興,9.73,9.75,9.72,9.75,+,0.03,60854,592506.0,2000,0,0,7000,0,0,5000,0,0
20251128,5906,台南-KY,52.8,52.8,51.3,52.1,+,1.0,9000,466200.0,1000,0,1000,2000,0,1000,1000,0,0
20251128,9905,大華,20.0,20.1,20.0,20.05,-,0.1,29613,593847.0,0,0,2000,4000,0,2000,4000,0,0
20251128,8481,政伸,41.1,41.2,40.65,40.7,-,0.2,27578,1125663.0,2000,0,0,2000,0,0,0,0,0
20251128,9926,新海,49.5,50.0,49.5,49.95,+,0.15,10511,524450.0,0,0,2000,1000,0,5000,1000,0,3000
20251128,8162,微矽電子-創,33.95,34.1,33.9,34.1,+,0.2,26299,894878.0,2000,0,0,5000,0,0,3000,0,0
20251128,6955,邦睿生技-創,158.5,158.5,158.0,158.0,-,1.0,6650,1053159.0,0,0,2000,0,0,4000,0,0,2000
20251128,6988,威力暘-創,15.25,15.3,15.0,15.3,+,0.2,10002,152280.0,2000,0,0,2000,0,1000,0,0,1000
20251128,2038,海光,14.2,14.25,13.8,14.1,+,0.2,256844,3613887.0,-2000,0,3960,46000,0,4000,48000,0,40
20251128,00668,國泰美國道瓊,54.3,54.3,54.15,54.25,+,0.05,11268,610488.0,2000,0,-355,2000,0,2645,0,0,3000
20251128,3705,永信,57.2,57.4,56.7,56.9,-,0.3,98929,5645071.0,-6534,0,7718,38466,0,8000,45000,0,282
20251128,0057,富邦摩台,182.6,183.4,182.6,183.4,+,2.15,20450,3744298.0,0,0,1090,0,0,17090,0,0,16000
20251128,00660,元大歐洲50,40.8,40.8,40.71,40.71,-,0.02,10139,412678.0,0,0,1000,0,0,1000,0,0,0
20251128,4190,佐登-KY,30.45,31.05,30.3,30.35,-,0.1,16594,504779.0,-1000,0,2000,2000,0,2000,3000,0,0
20251128,3557,嘉威,35.8,35.9,35.4,35.6,-,0.2,25632,912585.0,2000,0,-1000,9000,0,1000,7000,0,2000
20251128,3432,台端,13.9,14.0,13.9,14.0,-,0.05,20190,280838.0,0,0,1000,0,0,1000,0,0,0
20251128,6136,富爾特,23.65,23.75,23.55,23.7,,0.0,54702,1294553.0,-2000,0,3000,6000,0,3000,8000,0,0
20251128,5546,永固-KY,22.6,22.6,22.05,22.05,-,0.4,8000,177450.0,0,0,1000,1000,0,1000,1000,0,0
20251128,6201,亞弘電,56.2,56.8,56.2,56.6,-,0.2,6255,352697.0,1000,0,0,1000,0,0,0,0,0
20251128,6423,億而得-創,78.0,78.0,76.0,76.6,-,1.4,41943,3225137.0,-2000,0,3000,3000,0,17000,5000,0,14000
20251128,6671,三能-KY,35.75,35.75,35.65,35.65,+,0.1,18000,642450.0,-1000,0,2000,0,0,7000,1000,0,5000
20251128,2115,六暉-KY,25.1,25.2,25.05,25.15,+,0.05,20968,526484.0,0,0,1000,2000,0,1000,2000,0,0
20251128,1530,亞崴,26.8,26.8,26.8,26.8,-,0.2,7975,214183.0,1000,0,0,1000,0,0,0,0,0
20251128,1521,大億,24.95,24.95,24.45,24.5,,0.0,7469,183865.0,1000,0,0,1000,0,0,0,0,0
20251128,1726,永記,75.7,76.0,75.5,75.8,-,0.2,15482,1173351.0,0,0,1000,3000,0,1000,3000,0,0
20251128,1435,中福,24.15,25.5,24.1,24.3,+,0.1,4890,119538.0,0,0,1000,0,0,1000,0,0,0
20251128,2712,遠雄來,19.3,19.3,18.85,18.85,-,0.35,10055,192792.0,0,0,1000,1000,0,1000,1000,0,0
20251128,2434,統懋,30.8,32.6,30.8,32.45,+,1.65,73789,2360377.0,1000,0,0,7000,0,3000,6000,0,3000
20251128,1108,幸福,14.95,15.05,14.95,15.05,+,0.1,68669,1030865.0,-2000,0,3000,3000,0,3000,5000,0,0
20251128,1817,凱撒衛,38.8,38.8,38.25,38.5,-,0.05,122159,4697083.0,-4000,0,4969,15000,0,33000,19000,0,28031
20251128,1418,東華,20.1,20.1,19.95,20.0,-,0.1,10449,209727.0,1000,0,-113,2000,0,0,1000,0,113
20251128,4108,懷特,14.2,14.2,14.05,14.15,-,0.1,64886,916510.0,-118,0,1000,6000,0,1000,6118,0,0
20251128,1541,錩泰,23.95,24.05,23.95,24.05,+,0.3,6009,144055.0,0,0,331,1000,0,331,1000,0,0
20251128,6666,羅麗芬-KY,45.25,45.25,44.7,44.7,+,0.35,2597,116685.0,-1000,0,1250,0,0,1250,1000,0,0
20251128,2415,錩新,26.0,26.05,25.65,25.9,-,0.1,54138,1400646.0,-3000,0,3121,8000,0,4121,11000,0,1000
20251128,6715,嘉基,90.6,90.6,88.8,89.8,+,0.6,16275,1462560.0,-2000,0,2100,1000,0,2100,3000,0,0
20251128,1423,利華,38.6,38.6,38.6,38.6,-,0.1,1723,66087.0,-1000,0,1040,0,0,1040,1000,0,0
20251128,1410,南染,34.8,35.3,34.35,34.45,,0.0,19693,682780.0,-1000,0,1000,2000,0,1000,3000,0,0
20251128,1535,中宇,54.9,55.0,54.8,54.8,-,0.1,14027,769972.0,0,0,0,1000,0,0,1000,0,0
20251128,2254,巨鎧精密-創,60.3,60.3,60.3,60.3,+,0.1,1000,60300.0,0,0,0,0,0,1000,0,0,1000
20251128,2008,高興昌,29.35,29.55,29.25,29.55,+,0.15,11307,333090.0,-1000,0,1000,1000,0,1000,2000,0,0
20251128,2702,華園,11.8,12.05,11.8,12.05,+,0.3,96338,1148410.0,-1000,0,1000,2000,0,1000,3000,0,0
20251128,2910,統領,20.75,21.05,20.75,21.05,-,0.1,2000,41800.0,-1000,0,1000,0,0,1000,1000,0,0
20251128,1203,味王,39.4,39.8,39.0,39.75,+,0.15,35627,1401361.0,-6000,0,6000,1000,0,6000,7000,0,0
20251128,1235,興泰,47.85,49.85,47.85,47.85,,0.0,4119,200161.0,-1000,0,1000,0,0,1000,1000,0,0
20251128,6794,向榮生技,80.6,80.6,78.0,79.2,-,0.5,38129,3013252.0,0,0,0,6000,0,0,6000,0,0
20251128,6641,基士德-KY,19.65,19.65,19.45,19.5,+,0.25,9236,180688.0,-1000,0,1000,0,0,1000,1000,0,0
20251128,6916,華凌,17.65,17.8,17.6,17.8,+,0.05,11000,194900.0,0,0,0,2000,0,0,2000,0,0
20251128,4912,聯德控股-KY,85.0,85.5,83.9,85.0,-,0.5,113685,9634625.0,0,0,0,35000,0,0,35000,0,0
20251128,00736,國泰新興市場,27.46,27.51,27.46,27.5,+,0.02,107235,2947629.0,0,0,0,0,0,102000,0,0,102000
20251128,00771,元大US高息特別股,16.05,16.05,16.03,16.03,-,0.02,7148,114562.0,0,0,0,0,0,1000,0,0,1000
20251128,8438,昶昕,28.45,30.0,28.4,29.4,+,0.95,113411,3320878.0,1000,0,-1000,12000,0,10000,11000,0,11000
20251128,8367,建新國際,44.0,44.0,43.7,43.95,-,0.1,12001,526294.0,0,0,0,2000,0,0,2000,0,0
20251128,7788,松川精密,105.5,107.0,105.5,106.0,-,0.5,39148,4150202.0,5000,0,-5000,5000,0,0,0,0,5000
20251128,7736,虎山,92.3,92.3,91.0,92.0,-,0.3,5248,480590.0,0,0,0,1000,0,0,1000,0,0
20251128,1443,立益物流,27.55,27.6,27.55,27.6,+,0.25,3888,106664.0,-1015,0,1000,0,0,1000,1015,0,0
20251128,6689,伊雲谷,65.6,65.6,63.9,64.2,+,0.5,87321,5610836.0,-2000,0,1932,43000,0,3000,45000,0,1068
20251128,0053,元大電子,134.1,134.8,133.35,134.8,+,1.7,13230,1773996.0,0,0,-887,0,0,1113,0,0,2000
20251128,6606,建德工業,25.1,25.5,24.95,25.15,,0.0,25101,632190.0,-2000,0,1000,1000,0,1000,3000,0,0
20251128,6614,資拓宏宇,55.0,55.0,51.5,52.3,-,2.7,1040116,54666424.0,-1000,0,0,76000,0,0,77000,0,0
20251128,6918,愛派司,87.8,89.6,87.2,87.9,+,0.8,21545,1891268.0,-2000,0,1000,2000,0,1000,4000,0,0
20251128,4588,玖鼎電力,60.2,60.5,60.1,60.3,-,0.2,27424,1651500.0,-2000,0,1000,1000,0,1000,3000,0,0
20251128,3168,眾福科,44.2,44.2,44.2,44.2,-,0.05,1000,44200.0,0,0,-1000,0,0,0,0,0,1000
20251128,5538,東明-KY,29.0,29.15,29.0,29.15,+,0.05,10001,290779.0,-1000,0,0,0,0,0,1000,0,0
20251128,1451,年興,17.25,17.35,17.2,17.35,,0.0,193642,3341600.0,-4000,0,3000,8000,0,3000,12000,0,0
20251128,1457,宜進,16.05,16.05,15.95,16.0,-,0.1,87791,1405335.0,-3000,0,2000,7000,0,2000,10000,0,0
20251128,1413,宏洲,10.05,10.15,10.05,10.15,,0.0,6580,66486.0,-1000,0,0,0,0,0,1000,0,0
20251128,1439,雋揚,27.55,27.6,27.05,27.15,+,0.1,10040,273889.0,-2000,0,1000,0,0,1000,2000,0,0
20251128,1315,達新,64.7,64.7,64.6,64.6,-,0.1,2817,183905.0,-1000,0,0,0,0,0,1000,0,0
20251128,2114,鑫永銓,90.5,90.5,89.6,89.9,,0.0,27664,2486464.0,-1000,0,0,2000,0,0,3000,0,0
20251128,2314,台揚,23.25,23.5,23.1,23.5,-,0.2,107086,2491865.0,-1000,0,0,1000,0,0,2000,0,0
20251128,1709,和益,16.7,16.8,16.65,16.75,,0.0,80437,1343180.0,-4000,0,3000,14000,0,3000,18000,0,0
20251128,1475,業旺,37.2,37.2,36.6,36.6,-,0.3,30131,1109919.0,-1000,0,0,6000,0,0,7000,0,0
20251128,1531,高林股,11.65,11.7,11.65,11.7,-,0.05,28625,334835.0,-2000,0,1000,4000,0,1000,6000,0,0
20251128,1512,瑞利,7.73,7.73,7.66,7.68,-,0.04,11065,85044.0,-1000,0,0,0,0,0,1000,0,0
20251128,2722,夏都,29.25,29.3,28.5,28.65,+,0.05,20805,598006.0,-4000,0,3000,4000,0,3000,8000,0,0
20251128,2506,太設,9.55,9.6,9.47,9.59,,0.0,138651,1322655.0,-3000,0,2000,10000,0,2000,13000,0,0
20251128,1236,宏亞,24.7,24.7,24.6,24.7,+,0.05,9468,233391.0,-2000,0,1000,0,0,1000,2000,0,0
20251128,6958,日盛台駿,15.9,16.2,15.9,16.0,-,0.2,15687,251871.0,-3000,0,2000,1000,0,2000,4000,0,0
20251128,6952,大武山,42.4,42.55,42.25,42.55,+,0.05,12226,517843.0,-1000,0,0,1000,0,0,2000,0,0
20251128,7631,聚賢研發-創,125.0,129.0,125.0,129.0,-,0.5,5000,634500.0,0,0,-1000,0,0,1000,0,0,2000
20251128,7732,金興精密,39.5,39.6,39.35,39.35,-,0.15,7040,278126.0,-1000,0,0,0,0,0,1000,0,0
20251128,8411,福貞-KY,12.35,12.4,12.2,12.4,,0.0,157245,1932826.0,-2000,0,1000,0,0,1000,2000,0,0
20251128,8443,阿瘦,11.15,11.15,11.05,11.05,,0.0,3822,42466.0,-1000,0,0,0,0,0,1000,0,0
20251128,8482,商億-KY,49.55,49.8,49.55,49.75,+,0.2,4002,198747.0,-2000,0,1000,0,0,1000,2000,0,0
20251128,9103,美德醫療-DR,4.6,4.64,4.58,4.59,+,0.01,176169,809809.0,-1000,0,0,1000,0,0,2000,0,0
20251128,8466,美吉吉-KY,22.95,22.95,22.7,22.75,-,0.25,6247,142324.0,-1000,0,0,0,0,0,1000,0,0
20251128,9918,欣天然,39.45,39.75,39.45,39.55,-,0.25,15402,610253.0,-2000,0,1000,1000,0,1000,3000,0,0
20251128,6754,匯僑設計,46.6,46.65,46.6,46.6,,0.0,11162,520260.0,-1000,-140,0,0,0,0,1000,140,0
20251128,3130,一零四,225.0,225.0,224.5,224.5,-,0.5,9818,2208320.0,-1217,0,-50,6000,0,10,7217,0,60
20251128,1783,和康生,43.75,43.75,42.95,43.35,+,0.35,27359,1181859.0,-2000,0,636,5000,0,2636,7000,0,2000
20251128,1725,元禎,26.05,26.25,25.8,25.9,-,0.3,32882,852444.0,-4000,0,2000,3000,0,2000,7000,0,0
20251128,1516,川飛,20.25,20.3,19.9,19.95,-,0.3,97367,1950602.0,-3000,0,1000,2000,0,1000,5000,0,0
20251128,1583,程泰,44.2,44.95,44.15,44.15,-,1.0,19583,867853.0,-3000,0,1000,1000,0,1000,4000,0,0
20251128,2364,倫飛,69.7,69.8,68.8,69.7,+,0.6,124008,8601495.0,-2000,0,0,34000,0,0,36000,0,0
20251128,2243,宏旭-KY,11.05,11.15,10.95,11.0,,0.0,56580,625172.0,-3000,0,1000,0,0,1000,3000,0,0
20251128,2012,春雨,15.3,15.3,15.05,15.05,-,0.35,37300,565946.0,-3000,0,1000,3000,0,1000,6000,0,0
20251128,1472,三洋實業,91.8,91.9,91.7,91.7,-,0.1,34416,3159437.0,-2000,0,0,3000,0,0,5000,0,0
20251128,2430,燦坤,23.25,23.45,23.2,23.45,,0.0,34275,799996.0,-4000,0,2000,1000,0,2000,5000,0,0
20251128,2911,麗嬰房,4.36,4.36,4.3,4.3,-,0.06,31266,135361.0,-2000,0,0,0,0,0,2000,0,0
20251128,1232,大統益,144.0,146.0,144.0,145.5,+,1.5,44170,6391382.0,-6000,0,4000,1000,0,4000,7000,0,0
20251128,3054,立萬利,23.75,23.75,23.15,23.65,-,0.1,6492,152799.0,-3000,0,1000,0,0,1000,3000,0,0
20251128,6771,平和環保-創,46.5,47.1,46.5,46.95,+,0.55,14597,683188.0,-2000,0,0,0,0,0,2000,0,0
20251128,9944,新麗,16.75,16.85,16.6,16.75,,0.0,25621,428643.0,-3000,0,1000,0,0,1000,3000,0,0
20251128,6869,雲豹能源,96.6,97.1,95.9,97.0,+,0.5,388079,37449636.0,-6000,0,3374,96000,0,4048,102000,0,674
20251128,6585,鼎基,90.0,91.2,89.6,89.6,-,0.5,23929,2153583.0,-3000,0,60,6000,0,90,9000,0,30
20251128,4414,如興,10.55,10.65,10.45,10.55,-,0.05,134407,1417000.0,-3000,0,0,13000,0,0,16000,0,0
20251128,1731,美吾華,21.8,21.9,21.75,21.75,-,0.05,28746,626839.0,-4000,0,1000,1000,0,1000,5000,0,0
20251128,1730,花仙子,52.8,53.0,52.8,52.8,,0.0,23474,1241424.0,-4000,0,995,0,0,1000,4000,0,5
20251128,6112,邁達特,48.5,48.6,48.0,48.2,,0.0,259366,12504787.0,-7000,0,3722,80000,0,4000,87000,0,278
20251128,2462,良得電,21.7,22.2,21.65,21.8,+,0.1,103029,2252205.0,-4630,0,950,25000,0,1000,29630,0,50
20251128,8467,波力-KY,162.0,162.0,157.0,158.5,-,0.5,35694,5653659.0,-4000,0,5,9000,0,25,13000,0,20
20251128,2762,世界健身-KY,79.1,79.2,78.2,78.9,-,0.2,26167,2058896.0,-6000,0,2000,4000,0,2000,10000,0,0
20251128,2906,高林,13.3,13.55,13.3,13.5,+,0.2,39539,532886.0,-5000,0,1000,2000,0,5000,7000,0,4000
20251128,2373,震旦行,56.8,57.1,56.7,57.0,,0.0,23715,1349877.0,-10000,0,6000,1000,0,6000,11000,0,0
20251128,1465,偉全,12.7,12.85,12.65,12.7,,0.0,128364,1633035.0,-5000,0,1000,4000,0,1000,9000,0,0
20251128,1466,聚隆,14.4,14.6,14.35,14.6,+,0.2,30641,444150.0,-5000,0,1000,6000,0,1000,11000,0,0
20251128,1307,三芳,34.0,34.15,33.55,33.8,,0.0,402608,13600042.0,-25000,0,21000,110000,0,21000,135000,0,0
20251128,6674,鋐寶科技,20.35,20.75,20.35,20.45,+,0.15,15311,312862.0,-4000,0,0,1000,0,0,5000,0,0
20251128,3356,奇偶,48.4,48.4,47.8,48.2,-,0.1,106356,5108537.0,-4000,0,-2,18000,0,0,22000,0,2
20251128,6658,聯策,49.65,51.4,49.0,50.1,+,1.3,220957,11059978.0,-5000,0,949,65000,0,1021,70000,0,72
20251128,1617,榮星,14.3,14.4,14.15,14.3,,0.0,107920,1544643.0,-1000,0,-3412,3000,0,1000,4000,0,4412
20251128,1733,五鼎,30.25,31.15,30.2,30.75,+,0.5,204584,6268449.0,-5000,0,0,63000,0,0,68000,0,0
20251128,2109,華豐,15.2,15.35,15.2,15.25,+,0.05,95531,1458508.0,-6000,0,1000,3000,0,1000,9000,0,0
20251128,1432,大魯閣,17.7,18.0,17.6,17.85,+,0.15,178084,3174544.0,-5000,0,0,4000,0,0,9000,0,0
20251128,1456,怡華,13.1,13.65,13.1,13.5,+,0.05,22251,298658.0,-5000,0,0,0,0,1000,5000,0,1000
20251128,3266,昇陽,13.65,13.85,13.65,13.75,,0.0,17372,239234.0,-3000,0,-2000,2000,0,1000,5000,0,3000
20251128,4555,氣立,42.05,42.35,41.4,41.45,-,0.05,87050,3629100.0,-4000,0,-1000,28000,0,0,32000,0,1000
20251128,5531,鄉林,9.03,9.08,9.03,9.08,+,0.01,158413,1435196.0,-25000,0,20000,6000,0,20000,31000,0,0
20251128,8442,威宏-KY,71.5,71.6,71.1,71.4,-,0.1,26261,1873951.0,-5000,0,0,4000,0,0,9000,0,0
20251128,4942,嘉彰,38.25,38.35,38.1,38.1,+,0.1,39510,1511343.0,-14000,0,8773,6000,0,9000,20000,0,227
20251128,5706,鳳凰,52.0,52.2,51.7,51.7,-,0.2,63017,3270856.0,-9000,0,3000,12000,0,3000,21000,0,0
20251128,6230,尼得科超眾,114.0,116.5,113.0,116.5,+,3.5,64678,7425443.0,-9000,0,3000,17000,0,3000,26000,0,0
20251128,2444,兆勁,11.15,11.2,10.85,11.1,-,0.05,122069,1339187.0,-8000,0,2000,15000,0,2000,23000,0,0
20251128,1707,葡萄王,129.0,129.0,128.0,128.5,-,0.5,49128,6318265.0,-9000,0,3000,19000,0,5000,28000,0,2000
20251128,7765,中華資安,279.0,281.0,277.5,281.0,-,3.0,21755,6069393.0,-6000,0,0,0,0,0,6000,0,0
20251128,2013,中鋼構,41.95,42.4,41.9,42.35,+,0.35,113221,4771976.0,-11000,0,4926,19000,0,10000,30000,0,5074
20251128,2706,第一店,13.05,13.1,13.05,13.1,,0.0,23897,312659.0,-9000,0,2000,0,0,2000,9000,0,0
20251128,6184,大豐電,47.65,47.9,47.6,47.8,+,0.15,45726,2186030.0,-8000,0,1000,9000,0,1000,17000,0,0
20251128,4426,利勤,9.98,10.0,9.87,9.91,-,0.09,68015,675817.0,-8000,0,1000,0,0,1000,8000,0,0
20251128,6108,競國,12.95,12.95,12.7,12.8,-,0.05,105364,1347776.0,-12000,0,4703,12000,0,5000,24000,0,297
20251128,7740,熙特爾-創,151.0,156.0,149.5,153.0,+,4.0,126262,19305020.0,-4000,0,-3926,43000,0,5000,47000,0,8926
20251128,7730,暉盛-創,85.6,87.7,84.0,84.4,-,0.6,23770,2039823.0,-9000,0,1000,0,0,4000,9000,0,3000
20251128,6192,巨路,103.0,103.5,102.5,103.0,,0.0,104253,10763319.0,18000,0,-26000,27000,0,2000,9000,0,28000
20251128,6477,安集,34.65,34.85,34.3,34.6,,0.0,532436,18441264.0,-11000,0,3000,158000,0,3000,169000,0,0
20251128,6861,睿生光電,58.8,59.8,58.8,59.4,+,0.6,82184,4881860.0,-6000,0,-2000,34000,0,0,40000,0,2000
20251128,1539,巨庭,17.4,17.4,17.15,17.2,,0.0,20040,344688.0,-8000,0,0,0,0,0,8000,0,0
20251128,2007,燁興,7.22,7.26,7.21,7.25,+,0.07,125851,911154.0,-10000,0,2000,7000,0,2000,17000,0,0
20251128,8104,錸寶,29.7,30.75,29.7,29.8,+,0.3,1038987,31334453.0,-9351,0,1000,235649,0,1000,245000,0,0
20251128,2484,希華,20.55,20.7,20.35,20.65,+,0.15,166585,3419639.0,-12000,0,3331,47000,0,4000,59000,0,669
20251128,2753,八方雲集,194.0,196.5,194.0,194.5,+,0.5,202588,39497895.0,-32000,0,23177,48000,0,27177,80000,0,4000
20251128,2432,倚天酷碁-創,26.6,26.6,26.35,26.45,-,0.15,22000,581950.0,-14000,0,5000,0,0,11000,14000,0,6000
20251128,2028,威致,16.4,16.4,16.1,16.2,-,0.2,62171,1008508.0,-11000,0,2000,3000,0,2000,14000,0,0
20251128,6281,全國電,64.5,65.1,64.5,65.0,,0.0,29901,1942718.0,-9000,0,0,3000,0,0,12000,0,0
20251128,6226,光鼎,6.7,6.76,6.59,6.76,+,0.06,105492,705099.0,-10000,0,1000,2000,0,1000,12000,0,0
20251128,3419,譁裕,12.65,13.0,12.6,12.9,+,0.25,150103,1919165.0,-8000,0,-1000,13000,0,0,21000,0,1000
20251128,7721,微程式,49.0,49.0,47.8,47.9,-,1.1,35946,1731438.0,-9000,0,0,6000,0,0,15000,0,0
20251128,2233,宇隆,198.0,198.0,194.0,197.0,-,0.5,269964,52854759.0,-8000,0,-1140,64000,0,4001,72000,0,5141
20251128,6598,ABC-KY,22.05,22.4,22.0,22.1,+,0.4,48590,1078820.0,-9000,0,-1000,1000,0,0,10000,0,1000
20251128,2030,彰源,13.85,13.9,13.75,13.85,+,0.05,147630,2043832.0,-18000,0,8000,20000,0,8000,38000,0,0
20251128,2705,六福,16.7,16.7,16.5,16.6,+,0.1,71749,1189235.0,-12000,0,2000,7000,0,2000,19000,0,0
20251128,3661,世芯-KY,3330.0,3370.0,3275.0,3305.0,+,20.0,2040218,6780077975.0,-111697,83000,18343,752779,95000,60242,864476,12000,41899
20251128,3321,同泰,17.55,17.6,17.25,17.55,,0.0,116550,2038994.0,-11000,0,0,2000,0,0,13000,0,0
20251128,4104,佳醫,82.1,82.3,82.0,82.1,,0.0,69424,5700841.0,-18000,0,7000,5000,0,7000,23000,0,0
20251128,2397,友通,62.5,62.6,62.2,62.2,-,0.2,64824,4039276.0,-14000,0,3000,20000,0,3000,34000,0,0
20251128,2929,淘帝-KY,8.24,8.24,8.14,8.14,-,0.1,134006,1095072.0,-13000,0,2000,4000,0,2000,17000,0,0
20251128,1713,國化,42.9,43.1,42.85,42.95,,0.0,124449,5349642.0,60000,0,-71000,70000,0,1000,10000,0,72000
20251128,4545,銘鈺,33.45,33.7,32.55,32.55,-,0.1,110797,3663763.0,-10030,0,-1000,26000,0,0,36030,0,1000
20251128,3708,上緯投控,110.0,110.0,108.0,108.0,-,1.0,417291,45334899.0,-14000,0,2245,142000,0,4000,156000,0,1755
20251128,00636,國泰中國A50,26.27,26.3,26.04,26.26,-,0.09,259597,6801365.0,5000,0,-17122,5000,0,111096,0,0,128218
20251128,3669,圓展,29.5,30.15,29.5,29.9,+,0.4,54837,1639364.0,-13000,0,0,0,0,0,13000,0,0
20251128,2423,固緯,52.6,53.4,52.4,52.8,-,0.2,105176,5558833.0,-14000,0,1000,22000,0,3000,36000,0,2000
20251128,2239,英利-KY,33.5,34.0,33.25,34.0,+,0.85,133449,4499162.0,-16000,0,3000,20000,0,3000,36000,0,0
20251128,2107,厚生,23.7,23.75,23.6,23.65,-,0.05,174940,4141482.0,-15000,0,2000,14000,0,2000,29000,0,0
20251128,6756,威鋒電子,76.6,77.5,76.4,77.5,+,0.9,133757,10302538.0,-15000,0,1813,16000,0,2000,31000,0,187
20251128,4739,康普,68.5,69.2,67.3,68.4,+,0.1,470740,32018133.0,-17000,0,3296,157000,0,4001,174000,0,705
20251128,6670,復盛應用,241.5,243.0,240.0,243.0,+,2.5,257723,62427513.0,-16226,-1553,3946,169000,0,4000,185226,1553,54
20251128,3296,勝德,20.15,20.4,20.1,20.4,+,0.3,71242,1439437.0,-13000,0,-1000,4000,0,0,17000,0,1000
20251128,1737,臺鹽,31.55,31.75,31.55,31.7,+,0.05,43045,1361379.0,-16000,0,2000,0,0,2000,16000,0,0
20251128,3062,建漢,23.9,24.0,23.7,23.85,,0.0,1255932,29977693.0,-22000,0,7964,352000,0,8165,374000,0,201
20251128,7610,聯友金屬-創,105.0,105.0,101.5,102.0,-,1.5,129447,13272504.0,-15000,0,1,24000,0,2001,39000,0,2000
20251128,2459,敦吉,66.6,66.8,66.3,66.6,,0.0,28327,1886854.0,-4000,0,-11000,0,0,5000,4000,0,16000
20251128,7750,新代,727.0,753.0,726.0,753.0,+,22.0,131138,97604443.0,-15063,0,0,16000,0,0,31063,0,0
20251128,9933,中鼎,33.5,33.65,33.15,33.4,-,0.2,3019217,100727647.0,-42797,0,27663,1631000,0,27663,1673797,0,0
20251128,4551,智伸科,116.5,117.5,115.0,116.0,+,1.0,137631,15998349.0,-22000,0,6834,33000,0,8000,55000,0,1166
20251128,00964,中信亞太高股息,11.39,11.39,11.34,11.36,+,0.01,896399,10174823.0,0,0,-15270,0,0,829000,0,0,844270
20251128,3338,泰碩,49.2,49.45,48.7,49.25,+,0.55,187994,9244592.0,-19000,0,3646,36000,0,4000,55000,0,354
20251128,5222,全訊,136.0,136.0,131.0,132.5,-,2.5,538903,71348365.0,-122714,0,107251,68600,0,116000,191314,0,8749
20251128,5203,訊連,99.5,100.0,99.5,100.0,+,0.5,56568,5641770.0,-18000,0,2016,20000,0,2016,38000,0,0
20251128,3024,憶聲,10.45,10.65,10.35,10.6,+,0.2,649858,6835255.0,-17000,0,1000,115000,0,1000,132000,0,0
20251128,1454,台富,13.15,13.6,13.15,13.5,-,0.1,76581,1025373.0,-17000,0,1000,3000,0,1000,20000,0,0
20251128,2478,大毅,62.8,64.5,60.8,61.7,-,0.2,2591902,161430956.0,-19000,0,2255,834000,0,3255,853000,0,1000
20251128,1473,台南,24.6,24.7,24.25,24.4,-,0.1,80654,1965527.0,-17000,0,0,6000,0,1000,23000,0,1000
20251128,2547,日勝生,10.7,10.75,10.7,10.7,,0.0,649541,6959325.0,-36000,0,18789,248000,0,19000,284000,0,211
20251128,00920,富邦ESG綠色電力,18.18,18.18,18.05,18.17,+,0.02,77600,1403525.0,22000,0,-39616,22000,0,8596,0,0,48212
20251128,1532,勤美,28.2,28.5,28.05,28.2,,0.0,556693,15702579.0,-47000,-2699,32049,194000,0,32049,241000,2699,0
20251128,2465,麗臺,56.3,57.3,55.0,57.1,+,1.3,400585,22529716.0,-18000,0,0,46000,0,0,64000,0,0
20251128,6645,金萬林-創,18.45,18.9,18.35,18.9,+,0.65,57314,1066089.0,-6000,0,-12781,0,0,14219,6000,0,27000
20251128,2464,盟立,59.6,59.6,58.8,58.9,-,0.5,529919,31256242.0,-38000,0,19104,133000,0,25000,171000,0,5896
20251128,4934,太極,12.5,12.7,12.4,12.6,+,0.1,278509,3505693.0,-17000,0,-2000,45000,0,1000,62000,0,3000
20251128,3501,維熹,48.0,48.0,47.6,47.7,-,0.1,54896,2618334.0,-21000,0,1932,8000,0,2000,29000,0,68
20251128,2101,南港,37.75,38.35,37.55,37.55,-,0.2,1454144,55108404.0,-57000,0,37045,672000,0,57045,729000,0,20000
20251128,6657,華安,45.95,46.0,45.25,45.4,-,0.65,110096,5017311.0,-21000,0,1000,16000,0,1000,37000,0,0
20251128,8222,寶一,42.9,43.2,42.1,42.1,-,0.9,1141163,48447313.0,-15000,0,-5000,318000,0,0,333000,0,5000
20251128,2480,敦陽科,151.0,152.5,151.0,152.5,+,2.0,113756,17265960.0,-25000,0,4740,29000,0,5000,54000,0,260
20251128,1459,聯發,11.75,11.9,11.75,11.85,-,0.05,146650,1733824.0,-24000,0,2773,3000,0,2773,27000,0,0
20251128,7749,意騰-KY,438.0,452.5,435.0,445.0,+,7.0,252916,112800014.0,-17000,0,-4356,77000,0,6644,94000,0,11000
20251128,1476,儒鴻,435.0,441.0,425.0,438.5,+,8.0,546404,237587265.0,-33973,0,12598,316709,0,21067,350682,0,8469
20251128,2248,華勝-KY,49.75,49.75,49.1,49.7,-,0.3,30000,1487150.0,1000,0,-23000,1000,0,0,0,0,23000
20251128,2029,盛餘,20.7,20.75,20.6,20.75,+,0.05,85778,1773315.0,-30000,0,8000,4000,0,8000,34000,0,0
20251128,2020,美亞,23.05,23.4,22.9,23.15,+,0.1,175800,4058975.0,-13000,0,-9000,43000,0,9000,56000,0,18000
20251128,5288,豐祥-KY,136.5,137.0,134.5,136.0,,0.0,87107,11793632.0,-21000,0,-1000,9000,0,2000,30000,0,3000
20251128,2359,所羅門,128.5,136.0,128.5,133.5,+,3.5,3126621,414039044.0,-63000,0,40861,573000,0,55030,636000,0,14169
20251128,8473,山林水,36.6,37.2,36.6,36.7,+,0.3,226772,8340676.0,-24936,0,2000,46064,0,2000,71000,0,0
20251128,9935,慶豐富,20.8,21.0,20.75,20.9,-,0.1,137558,2872021.0,-24000,0,1000,9000,0,1000,33000,0,0
20251128,2505,國揚,19.15,19.35,19.05,19.3,+,0.15,184381,3544283.0,-40000,0,17000,19000,0,17000,59000,0,0
20251128,6625,必應,88.7,88.9,87.0,87.1,-,1.7,369955,32330525.0,-40780,0,15950,38220,0,16000,79000,0,50
20251128,1582,信錦,68.0,68.7,67.5,67.5,-,0.5,141747,9610592.0,-28000,0,3121,23000,0,4121,51000,0,1000
20251128,8045,達運光電,78.4,79.0,76.8,77.9,+,0.6,128232,9976790.0,-27000,0,995,48000,0,1000,75000,0,5
20251128,6206,飛捷,96.1,96.7,95.7,96.1,,0.0,332498,31926781.0,-29000,0,2828,65000,0,5275,94000,0,2447
20251128,3515,華擎,252.5,252.5,248.5,251.5,-,0.5,430605,108111042.0,-19900,0,-6308,195100,0,11363,215000,0,17671
20251128,1514,亞力,97.5,97.6,96.2,96.9,-,0.2,1934140,187058281.0,-58455,0,31622,1088564,0,43000,1147019,0,11378
20251128,2886,兆豐金,40.4,40.55,40.05,40.1,-,0.45,11253101,452074226.0,-494971,-53000,521000,8841029,14000,550000,9336000,67000,29000
20251128,5515,建國,33.15,33.15,32.4,32.6,-,0.4,485366,15860619.0,-32000,0,5000,131000,0,5000,163000,0,0
20251128,5306,桂盟,92.1,92.4,91.1,91.2,-,1.3,69454,6354414.0,-28000,0,1000,17000,0,1000,45000,0,0
20251128,4766,南寶,333.0,333.0,326.5,329.5,-,1.0,195151,64248230.0,-6583,-25000,4401,91417,0,10000,98000,25000,5599
20251128,2483,百容,18.75,18.9,18.6,18.6,-,0.25,239393,4485304.0,-31000,0,3000,1000,0,3000,32000,0,0
20251128,6591,動力-KY,77.9,77.9,76.7,77.6,-,0.2,362982,28068971.0,-30000,0,988,82000,0,1000,112000,0,12
20251128,00737,國泰AI機器人,35.41,35.41,35.34,35.37,+,0.05,123111,4356987.0,19000,0,-48025,21000,0,9000,2000,0,57025
20251128,2545,皇翔,39.2,39.35,38.9,39.0,-,0.35,128016,5003075.0,-49000,0,19791,24000,0,21000,73000,0,1209
20251128,6928,攸泰科技,53.2,53.8,51.6,51.6,-,1.1,178932,9329329.0,-31000,0,1000,43000,0,1000,74000,0,0
20251128,2420,新巨,49.65,50.0,49.65,50.0,+,0.35,94917,4729826.0,0,0,-32000,18000,0,3000,18000,0,35000
20251128,3023,信邦,219.0,221.5,217.0,218.5,-,3.5,1131715,248364067.0,-591281,545000,14013,272719,545000,15102,864000,0,1089
20251128,6534,正瀚-創,85.2,86.3,82.9,85.7,+,1.2,3747834,295369478.0,-32000,0,-1534,79000,0,4000,111000,0,5534
20251128,1786,科妍,82.1,82.7,80.9,81.1,-,1.2,209972,17103677.0,-40000,0,6073,35000,0,7000,75000,0,927
20251128,1104,環泥,31.75,31.9,31.4,31.45,-,0.2,456882,14410049.0,-80000,0,46068,89000,0,46068,169000,0,0
20251128,3051,力特,18.6,19.15,18.6,19.1,+,0.5,212827,4019101.0,-32000,0,-2000,57000,0,0,89000,0,2000
20251128,1342,八貫,86.9,86.9,85.8,85.9,+,0.3,83926,7236595.0,-35000,0,48,8000,0,48,43000,0,0
20251128,2727,王品,215.5,216.5,215.0,215.0,-,0.5,127616,27491247.0,-39000,0,3930,25000,0,5000,64000,0,1070
20251128,5388,中磊,82.9,83.3,82.4,82.4,-,0.9,467675,38720007.0,-49000,0,13375,202000,0,16100,251000,0,2725
20251128,8374,羅昇,77.9,79.0,77.0,77.6,-,0.2,185683,14373105.0,1000,0,-37280,52000,0,2000,51000,0,39280
20251128,2374,佳能,80.3,80.4,79.2,80.2,-,0.2,3508424,280336633.0,-51817,0,14156,921183,0,27017,973000,0,12861
20251128,1419,新紡,70.4,70.8,69.9,70.7,-,0.1,362535,25511360.0,-51000,0,13081,96000,0,13081,147000,0,0
20251128,1414,東和,17.6,17.75,17.3,17.6,,0.0,131174,2294795.0,-39000,0,1000,13000,0,2000,52000,0,1000
20251128,2509,全坤建,14.7,15.3,14.7,15.2,+,0.45,209002,3159625.0,-37000,0,-1000,8000,0,2000,45000,0,3000
20251128,4572,駐龍,154.0,156.5,152.5,154.5,+,0.5,110344,17104559.0,-38000,0,0,28000,0,0,66000,0,0
20251128,8210,勤誠,963.0,981.0,951.0,963.0,-,2.0,1503968,1450854147.0,-9798,-24000,-5144,431002,26000,41332,440800,50000,46476
20251128,6863,永道-KY,115.5,122.0,115.5,118.5,+,4.5,331408,39356150.0,-38000,0,-1598,85000,0,6000,123000,0,7598
20251128,9940,信義,22.85,22.85,22.6,22.7,-,0.15,338326,7685179.0,-76000,0,36000,119000,0,36000,195000,0,0
20251128,8454,富邦媒,226.0,228.0,224.5,227.0,-,1.0,251612,56906330.0,-56149,0,15249,132938,0,16000,189087,0,751
20251128,2516,新建,14.3,14.55,14.25,14.45,+,0.05,711174,9535066.0,-35000,0,-6000,17000,0,2000,52000,0,8000
20251128,3714,富采,32.45,32.8,32.1,32.15,-,0.2,921237,29868504.0,-70000,0,29000,297000,0,29000,367000,0,0
20251128,6141,柏承,11.3,11.3,11.1,11.25,,0.0,142079,1590119.0,-42000,0,1000,7000,0,1000,49000,0,0
20251128,6431,光麗-KY,21.5,22.1,21.5,21.8,+,0.55,514151,11221441.0,-42000,0,0,22000,0,0,64000,0,0
20251128,6862,三集瑞-KY,169.5,172.5,164.5,166.5,-,1.0,236479,39540736.0,-37900,0,-4827,29100,0,8000,67000,0,12827
20251128,5607,遠雄港,48.25,49.3,48.25,48.5,-,0.4,272376,13324255.0,-59000,0,16000,64000,0,16000,123000,0,0
20251128,2428,興勤,191.0,195.0,187.5,189.0,+,1.0,1388314,264291861.0,-35000,0,-8677,448000,0,12259,483000,0,20936
20251128,2348,海悅,86.5,86.5,84.3,84.3,-,2.2,623916,52941411.0,-87000,0,43244,221000,0,44244,308000,0,1000
20251128,5907,大洋-KY,5.65,5.85,5.65,5.73,+,0.05,146008,841385.0,-45000,0,1000,11000,0,1000,56000,0,0
20251128,2421,建準,167.0,168.5,164.0,166.5,+,0.5,3471679,578765960.0,-116000,0,70908,1789000,0,100961,1905000,0,30053
20251128,6189,豐藝,46.85,46.85,46.0,46.5,-,0.05,442589,20537296.0,-57787,0,12179,167199,0,13000,224986,0,821
20251128,00954,中信日本半導體,11.55,11.55,11.45,11.5,-,0.06,664719,7642729.0,-6000,0,-39949,0,0,148000,6000,0,187949
20251128,1503,士電,168.5,169.0,167.0,168.5,,0.0,884572,148402348.0,-37613,0,-9676,312268,0,39000,349881,0,48676
20251128,6669,緯穎,4480.0,4635.0,4415.0,4570.0,+,120.0,1377881,6269832935.0,-154874,58300,48125,343656,63300,79989,498530,5000,31864
20251128,2497,怡利電,42.8,43.35,42.2,42.6,+,0.4,163821,7014192.0,-49000,0,0,33000,0,2000,82000,0,2000
20251128,1210,大成,52.1,52.4,52.0,52.0,,0.0,944522,49263064.0,-90630,0,40338,573000,0,41000,663630,0,662
20251128,2017,官田鋼,8.83,8.9,8.78,8.81,-,0.04,182943,1613052.0,-62000,0,11000,10000,0,12000,72000,0,1000
20251128,9910,豐泰,129.0,130.0,127.5,129.0,,0.0,818269,105257529.0,-84241,0,31902,635759,0,53000,720000,0,21098
20251128,00757,統一FANG+,122.85,123.35,122.85,123.35,+,0.5,1003114,123500768.0,-34001,0,-19052,9,0,221928,34010,0,240980
20251128,6472,保瑞,554.0,554.0,537.0,546.0,-,2.0,575720,313597025.0,-47995,0,-5696,287005,0,7000,335000,0,12696
20251128,3015,全漢,52.8,54.7,52.7,54.3,+,1.5,1010121,54579066.0,-62840,0,8964,412160,0,10000,475000,0,1036
20251128,1603,華電,37.8,37.8,37.45,37.45,-,0.3,252275,9467545.0,-55000,0,0,23000,0,0,78000,0,0
20251128,1455,集盛,7.61,7.72,7.56,7.69,+,0.08,219372,1670958.0,-72000,0,15058,23000,0,17000,95000,0,1942
20251128,1736,喬山,164.0,164.0,159.5,162.0,-,1.0,801259,129373440.0,-24000,-54000,20929,351000,0,22000,375000,54000,1071
20251128,00902,中信電池及儲能,13.16,13.23,13.08,13.18,-,0.08,3339927,43960875.0,-225000,0,167881,60000,0,2253259,285000,0,2085378
20251128,6782,視陽,175.5,177.0,173.5,173.5,-,2.0,213370,37295736.0,-62000,0,3645,75000,0,6000,137000,0,2355
20251128,8163,達方,31.75,31.75,31.4,31.55,,0.0,423132,13356565.0,-53000,0,-5923,139000,0,13215,192000,0,19138
20251128,2405,輔信,17.1,17.55,16.95,17.5,+,0.4,1343109,23175673.0,-61000,0,2000,251000,0,2000,312000,0,0
20251128,7711,永擎,266.0,268.0,261.5,262.5,-,3.5,221756,58398270.0,-60000,0,0,0,0,0,60000,0,0
20251128,0055,元大MSCI金融,29.68,29.68,29.45,29.51,-,0.26,149853,4424738.0,-15000,0,-45837,0,0,4000,15000,0,49837
20251128,1712,興農,42.85,43.0,42.8,42.85,,0.0,203779,8742194.0,-78000,0,16826,48000,0,17000,126000,0,174
20251128,6931,青松健康,67.5,70.8,63.5,65.1,-,2.0,2945013,199219065.0,-61000,0,-201,339000,0,0,400000,0,201
20251128,2368,金像電,630.0,638.0,618.0,633.0,+,6.0,10583556,6659993926.0,135740,-253000,55705,3571494,143000,327697,3435754,396000,271992
20251128,6491,晶碩,313.5,313.5,309.5,310.5,-,3.0,209663,65185568.0,-64000,0,2319,105000,0,4000,169000,0,1681
20251128,4746,台耀,66.2,66.2,64.7,65.1,-,0.5,300875,19563825.0,-58000,0,-4696,87000,0,0,145000,0,4696
20251128,2520,冠德,33.0,33.15,32.7,33.0,,0.0,899059,29655083.0,-129201,0,66301,467999,0,73243,597200,0,6942
20251128,2206,三陽工業,62.5,62.7,62.0,62.1,-,0.4,389323,24234265.0,-100000,-2000,39000,132000,0,39000,232000,2000,0
20251128,2645,長榮航太,153.0,153.0,146.5,147.5,-,6.0,4919964,732395006.0,-86312,0,21392,2435280,0,164000,2521592,0,142608
20251128,1612,宏泰,35.0,35.45,35.0,35.0,-,0.3,537933,18895131.0,-90000,0,24009,159000,0,26025,249000,0,2016
20251128,3416,融程電,149.5,150.0,145.0,146.0,-,2.5,281912,41187157.0,-58990,0,-7197,48010,0,4000,107000,0,11197
20251128,4764,雙鍵,60.1,62.0,59.5,60.1,+,0.3,309983,18693271.0,-67000,0,0,45000,0,1000,112000,0,1000
20251128,6605,帝寶,140.5,141.5,139.5,139.5,-,1.0,418960,58589172.0,-42000,-28000,1002,224000,0,5002,266000,28000,4000
20251128,2010,春源,20.45,20.45,20.2,20.35,-,0.05,1019978,20701703.0,-120000,0,50338,328000,0,50338,448000,0,0
20251128,6196,帆宣,232.0,237.0,231.0,235.0,+,3.5,842494,197375887.0,-96000,0,24583,307000,0,54032,403000,0,29449
20251128,4536,拓凱,167.5,168.0,166.0,167.0,-,0.5,103181,17231848.0,-74000,0,1623,11000,0,2000,85000,0,377
20251128,2103,台橡,15.1,15.65,15.1,15.5,+,0.25,2796974,43263861.0,-108800,0,32000,878200,0,32000,987000,0,0
20251128,2228,劍麟,100.5,108.5,100.0,106.0,+,4.0,4006723,421183312.0,-78000,0,749,832000,0,42839,910000,0,42090
20251128,6155,鈞寶,37.0,38.5,37.0,37.4,+,0.75,1393595,52456336.0,-79000,0,1000,0,0,1000,79000,0,0
20251128,2850,新產,118.5,118.5,117.5,117.5,-,1.0,147633,17390555.0,-98000,0,19769,15000,0,20000,113000,0,231
20251128,3057,喬鼎,15.1,16.1,14.5,15.7,+,0.65,593805,9232045.0,-78142,0,-1026,17000,0,2000,95142,0,3026
20251128,3592,瑞鼎,218.5,219.0,215.0,217.0,-,2.0,202897,43989342.0,-82400,-1560,1884,36000,0,2000,118400,1560,116
20251128,2258,鴻華先進-創,40.55,40.8,39.95,40.45,-,0.2,430542,17338262.0,-160000,0,77311,34000,0,79000,194000,0,1689
20251128,4564,元翎,16.8,16.95,16.5,16.5,-,0.3,676455,11243830.0,-91000,0,7181,142000,0,9000,233000,0,1819
20251128,6456,GIS-KY,42.45,42.9,42.25,42.7,-,0.05,542781,23111282.0,-101950,0,17939,286050,0,18000,388000,0,61
20251128,6214,精誠,121.5,122.0,119.5,120.5,-,1.5,751885,90401848.0,-95875,0,11736,302125,0,18000,398000,0,6264
20251128,1231,聯華食,100.0,101.0,99.0,100.0,,0.0,305550,30503764.0,-67000,0,-18362,50000,0,22000,117000,0,40362
20251128,6573,虹揚-KY,17.6,17.9,17.15,17.65,+,0.9,1093003,19161585.0,-86000,0,-3129,126000,0,1000,212000,0,4129
20251128,3617,碩天,203.5,205.5,202.0,203.0,+,0.5,294691,59989540.0,-95000,0,5050,127000,0,6050,222000,0,1000
20251128,1325,恆大,32.3,32.35,31.75,31.8,-,0.5,289559,9248911.0,-91000,0,1000,28000,0,1000,119000,0,0
20251128,6873,泓德能源,101.0,102.0,100.5,101.5,+,0.5,269728,27269201.0,-56574,0,-34410,55426,0,3000,112000,0,37410
20251128,6550,北極星藥業-KY,31.75,31.75,30.65,30.9,-,0.75,471763,14603533.0,-127000,0,35000,37000,0,35000,164000,0,0
20251128,8499,鼎炫-KY,279.5,282.0,262.5,281.5,+,23.0,353494,96224943.0,-96000,0,3922,63000,0,4070,159000,0,148
20251128,3605,宏致,62.9,63.2,62.4,62.5,+,0.1,850650,53349834.0,-90995,0,-3137,181005,0,4020,272000,0,7157
20251128,3622,洋華,66.2,66.8,65.5,66.2,,0.0,484079,31991231.0,-66000,0,-28165,108000,0,18000,174000,0,46165
20251128,2527,宏璟,28.65,28.65,27.8,28.0,-,0.8,421075,11828699.0,-106000,-654,11999,70000,0,12000,176000,654,1
20251128,1477,聚陽,320.5,322.0,316.0,316.5,-,2.0,790321,251477987.0,-132000,-3439,33571,467000,0,44828,599000,3439,11257
20251128,2540,愛山林,48.3,48.7,47.8,48.6,+,0.1,588564,28372349.0,-149400,0,45000,117600,0,45000,267000,0,0
20251128,8464,億豐,375.0,378.0,371.5,372.5,-,4.5,536135,200145740.0,-130821,-1000,26806,371000,0,27051,501821,1000,245
20251128,6890,來億-KY,280.5,287.0,267.5,271.5,-,9.0,2781247,763997450.0,103375,-167000,-45830,639980,0,29587,536605,167000,75417
20251128,3014,聯陽,120.5,121.5,120.0,120.5,-,0.5,292557,35337249.0,-110000,-2443,2747,59000,0,8000,169000,2443,5253
20251128,9921,巨大,103.0,104.5,100.0,100.5,-,3.0,1125092,114391855.0,-127000,0,16462,463000,0,22566,590000,0,6104
20251128,1449,佳和,10.35,10.7,10.3,10.35,+,0.15,543767,5688624.0,-110000,0,-2520,76000,0,2000,186000,0,4520
20251128,2402,毅嘉,50.0,50.0,48.7,49.2,-,0.05,2161041,106494987.0,-251102,0,136656,393000,0,178756,644102,0,42100
20251128,1227,佳格,30.6,30.65,30.45,30.5,-,0.25,352598,10758532.0,-159000,0,38927,34000,0,42000,193000,0,3073
20251128,3019,亞光,140.5,140.5,137.5,139.0,-,1.0,2210811,307028764.0,-184015,0,62269,1195000,0,95028,1379015,0,32759
20251128,2429,銘旺科,85.3,85.3,80.5,81.6,-,4.3,842991,69309721.0,-135586,0,11864,103000,0,17000,238586,0,5136
20251128,3040,遠見,56.3,60.0,56.3,59.8,+,3.6,566246,33255375.0,-116000,0,-8000,41000,0,1000,157000,0,9000
20251128,2034,允強,20.55,20.55,20.2,20.3,-,0.25,1781106,36258724.0,-50000,0,-76000,573000,0,29002,623000,0,105002
20251128,1524,耿鼎,30.0,30.0,29.5,29.5,-,0.4,432598,12814883.0,-130000,0,1148,32000,0,3000,162000,0,1852
20251128,5225,東科-KY,109.5,109.5,108.0,108.5,-,0.5,397312,43250221.0,-131000,0,2000,42000,0,2000,173000,0,0
20251128,4142,國光生,19.7,19.9,19.55,19.7,,0.0,1501363,29583859.0,-143000,0,13838,433000,0,14000,576000,0,162
20251128,8081,致新,206.5,208.0,204.5,205.0,-,0.5,344436,70900490.0,-88000,-46000,3385,135000,0,6000,223000,46000,2615
20251128,6117,迎廣,82.4,82.6,80.8,80.8,-,1.3,676611,55120202.0,-142000,0,10959,76000,0,14000,218000,0,3041
20251128,8261,富鼎,92.2,93.4,91.3,93.0,+,1.5,2362876,218548152.0,-134000,0,2073,241000,0,10758,375000,0,8685
20251128,2723,美食-KY,69.9,71.3,68.2,68.2,-,1.7,614122,42501352.0,-144000,0,10964,213000,0,11000,357000,0,36
20251128,4906,正文,26.8,26.8,26.2,26.2,-,0.45,1146017,30179232.0,-75000,0,-58166,226000,0,17520,301000,0,75686
20251128,1225,福懋油,30.7,30.75,30.4,30.45,-,0.3,370136,11324767.0,-132470,0,-1000,26000,0,1000,158470,0,2000
20251128,2630,亞航,51.5,51.8,50.1,51.0,-,0.1,2916850,148058524.0,-144000,0,5962,867000,0,9726,1011000,0,3764
20251128,00700,富邦恒生國企,18.77,18.77,18.53,18.61,-,0.14,261261,4864933.0,-27000,0,-113261,0,0,34000,27000,0,147261
20251128,2607,榮運,58.2,58.7,58.1,58.3,,0.0,636900,37192284.0,-161000,0,18000,343000,0,18000,504000,0,0
20251128,6901,鑽石投資,16.7,17.6,16.7,16.9,+,0.2,707993,12152070.0,-164000,0,19000,190000,0,19000,354000,0,0
20251128,2342,茂矽,29.5,29.5,28.8,28.85,-,0.25,745993,21665470.0,-141000,0,-5338,162000,0,1000,303000,0,6338
20251128,00963,中信全球高股息,11.17,11.18,11.16,11.17,,0.0,314808,3517902.0,-1000,0,-148000,1000,0,30000,2000,0,178000
20251128,8114,振樺電,189.5,189.5,186.5,188.0,-,2.0,374052,70157478.0,-149680,0,329,124320,0,5000,274000,0,4671
20251128,6753,龍德造船,127.5,129.0,122.5,123.0,-,4.5,1600493,198531026.0,-127070,0,-24106,256000,0,13000,383070,0,37106
20251128,2832,台產,54.9,54.9,53.3,53.3,-,1.3,546644,29441255.0,-244000,0,90702,60000,0,99000,304000,0,8298
20251128,3032,偉訓,84.4,84.4,82.7,82.8,-,1.1,724059,60200033.0,-206000,0,51023,156000,0,58000,362000,0,6977
20251128,6768,志強-KY,116.0,117.0,113.5,114.0,-,2.5,591183,67590911.0,-210000,25000,28931,59000,25000,34000,269000,0,5069
20251128,6854,錼創科技-KY創,130.5,139.0,130.5,132.0,+,1.5,497489,67042777.0,-154000,0,-5038,134000,0,7009,288000,0,12047
20251128,2474,可成,202.5,202.5,199.5,201.0,-,0.5,1911679,383410074.0,-201741,4890,31293,1399000,14000,75386,1600741,9110,44093
20251128,4961,天鈺,143.5,143.5,141.0,142.0,-,1.0,437700,62070606.0,-170181,0,3668,123819,0,8000,294000,0,4332
20251128,1536,和大,58.4,58.6,57.5,57.7,-,0.7,654999,37891737.0,-207987,0,37291,86013,0,44000,294000,0,6709
20251128,2427,三商電,28.5,28.55,28.1,28.3,-,0.15,1967848,55697413.0,-172000,0,1000,383000,0,1000,555000,0,0
20251128,6409,旭隼,1160.0,1210.0,1150.0,1160.0,+,20.0,1265876,1494738615.0,-190289,0,10814,469464,0,22853,659753,0,12039
20251128,1513,中興電,151.5,152.0,149.5,149.5,-,1.0,1948281,292436392.0,-90956,-77000,-18323,572044,0,25000,663000,77000,43323
20251128,3712,永崴投控,26.6,26.6,26.05,26.1,-,0.5,465710,12203557.0,-189000,0,1836,66000,0,4000,255000,0,2164
20251128,2231,為升,107.5,108.0,102.5,103.0,-,4.5,1499253,155833817.0,-163000,0,-25142,245000,0,33000,408000,0,58142
20251128,2539,櫻花建,45.65,46.55,45.35,46.5,+,0.85,759933,35064695.0,-215000,0,24000,218000,0,24000,433000,0,0
20251128,2345,智邦,1030.0,1040.0,1010.0,1025.0,-,5.0,4688223,4808715030.0,-136491,-70500,13621,2346698,23000,143907,2483189,93500,130286
20251128,2915,潤泰全,55.3,55.3,54.8,54.8,-,0.6,1233246,67836017.0,-265000,-4000,71000,425000,0,73000,690000,4000,2000
20251128,3543,州巧,44.95,46.0,44.15,44.15,-,0.85,1289082,57955784.0,-199000,0,-2000,231000,0,0,430000,0,2000
20251128,5434,崇越,303.0,303.5,300.5,302.5,+,1.5,371426,112281400.0,-156000,-53000,6147,68000,5000,10470,224000,58000,4323
20251128,8404,百和興業-KY,25.6,25.85,24.9,25.2,-,0.4,792837,19980766.0,-227000,0,22000,119000,0,22000,346000,0,0
20251128,6285,啟碁,102.5,104.0,102.0,102.0,-,0.5,1735384,178150363.0,-104235,-132000,30311,786000,0,44000,890235,132000,13689
20251128,2501,國建,22.05,22.45,22.05,22.45,+,0.25,1500635,33437957.0,-334000,0,124099,404000,0,124099,738000,0,0
20251128,1727,中華化,40.1,41.15,38.25,41.15,+,0.6,12078380,481314148.0,-219000,0,1832,2803000,0,10000,3022000,0,8168
20251128,1464,得力,11.4,11.4,11.25,11.35,-,0.05,354953,4032170.0,-220000,0,2000,13000,0,2000,233000,0,0
20251128,3034,聯詠,393.5,395.0,389.5,389.5,-,4.0,2229988,871929988.0,-189932,-73938,43546,1568068,16000,67196,1758000,89938,23650
20251128,2413,環科,30.25,30.25,28.2,28.85,-,0.4,12418876,361455390.0,-185000,0,-35712,2180000,0,1000,2365000,0,36712
20251128,2439,美律,104.0,104.5,102.0,103.0,-,1.0,2408376,248862335.0,-502945,209706,66356,1401000,214000,69232,1903945,4294,2876
20251128,6449,鈺邦,180.0,182.0,175.5,176.5,-,1.0,1520456,270506747.0,-235000,0,5300,322000,0,56510,557000,0,51210
20251128,2436,偉詮電,46.8,47.5,46.2,47.4,+,2.65,3119188,146287860.0,-256000,0,22997,868000,0,28969,1124000,0,5972
20251128,2393,億光,52.0,52.8,51.8,51.9,-,0.2,2357340,123004482.0,-403700,137260,30790,997300,141000,35000,1401000,3740,4210
20251128,2851,中再保,26.4,26.4,26.15,26.25,-,0.15,658547,17277391.0,-290000,0,49000,71000,0,49000,361000,0,0
20251128,00939,統一台灣高息動能,14.02,14.06,13.95,14.05,-,0.03,2746116,38446352.0,-127000,0,-115443,0,0,920384,127000,0,1035827
20251128,6415,矽力*-KY,198.0,208.5,197.0,205.5,+,8.5,4404669,905291700.0,-319280,-3000,75289,1976389,9000,94746,2295669,12000,19457
20251128,9938,百和,56.2,56.4,55.5,55.7,-,0.5,609518,33966455.0,-212000,-43000,7456,65000,0,38000,277000,43000,30544
20251128,2329,華泰,47.2,48.0,46.85,47.1,+,0.1,4731891,223848316.0,-322000,0,64371,1311000,0,134867,1633000,0,70496
20251128,3042,晶技,84.0,84.5,83.3,83.8,-,0.2,910461,76405245.0,-288000,0,27935,270000,0,30771,558000,0,2836
20251128,2385,群光,120.0,121.0,119.0,120.0,+,0.5,2312133,276933706.0,625,-313234,40888,775625,111000,45000,775000,424234,4112
20251128,3004,豐達科,107.5,107.5,101.0,101.5,-,6.5,1371211,140543099.0,-145000,-120000,-12425,241000,0,0,386000,120000,12425
20251128,2460,建通,17.0,17.9,17.0,17.9,+,1.6,1801820,31769592.0,-272000,0,-6608,59000,0,5578,331000,0,12186
20251128,4916,事欣科,47.5,47.9,46.35,46.8,-,0.6,3658039,171448411.0,-317000,0,20880,1126000,0,27039,1443000,0,6159
20251128,2204,中華,60.5,60.6,59.7,60.3,-,0.5,958420,57566760.0,-118000,-203339,22825,310000,0,23021,428000,203339,196
20251128,1810,和成,17.95,18.05,17.5,17.7,-,0.25,1672822,29599514.0,-313000,0,8973,389000,0,10000,702000,0,1027
20251128,6176,瑞儀,120.5,121.0,119.0,120.5,,0.0,1311262,157364593.0,-339847,3566,26356,705000,12000,45000,1044847,8434,18644
20251128,2363,矽統,48.75,49.2,48.35,48.5,-,0.25,2195701,106949244.0,-315000,0,4330,425000,0,23000,740000,0,18670
20251128,2634,漢翔,52.5,53.3,51.5,51.7,-,1.2,13016459,677384690.0,-429269,0,115439,2746183,0,246409,3175452,0,130970
20251128,8070,長華*,45.95,45.95,44.75,44.9,-,0.55,2113266,95220307.0,-341000,0,26876,511000,0,30041,852000,0,3165
20251128,3596,智易,186.5,186.5,183.0,183.0,-,3.5,702111,128980091.0,-372000,0,11734,287000,0,16000,659000,0,4266
20251128,4532,瑞智,23.85,24.0,23.7,23.95,,0.0,818194,19520603.0,-385541,0,25000,38459,0,25000,424000,0,0
20251128,00752,中信中國50,26.52,26.66,26.4,26.53,-,0.19,1784552,47316321.0,-378900,0,5722,100,0,578998,379000,0,573276
20251128,1442,名軒,33.05,33.2,32.5,33.15,-,0.1,760984,25100336.0,-390000,0,7915,281000,0,8136,671000,0,221
20251128,00830,國泰費城半導體,56.1,56.6,56.1,56.35,+,0.25,2848772,160414493.0,-277939,0,-110286,338,0,662714,278277,0,773000
20251128,9802,鈺齊-KY,113.0,113.0,109.0,111.0,-,2.0,2836073,315122206.0,-596500,190000,8436,730500,250000,59000,1327000,60000,50564
20251128,2890,永豐金,27.2,27.3,26.9,26.95,-,0.3,18723290,505846484.0,-2263573,1358000,486641,11614168,1453000,574999,13877741,95000,88358
20251128,2457,飛宏,29.2,29.25,28.4,28.6,-,0.45,1687396,48504156.0,-458518,0,38767,335000,0,44000,793518,0,5233
20251128,3645,達邁,53.7,55.9,53.3,54.6,+,1.4,2416476,132571389.0,-418000,0,-3999,484000,0,7431,902000,0,11430
20251128,6442,光聖,1245.0,1250.0,1185.0,1190.0,-,65.0,5129114,6219157355.0,-220979,-138000,-63794,1241021,0,73821,1462000,138000,137615
20251128,6919,康霈*,161.0,161.5,152.5,157.0,-,2.0,10043120,1574748931.0,-611524,115000,68000,2558591,115000,74000,3170115,0,6000
20251128,3135,凌航,58.7,60.7,57.1,58.5,-,0.2,2243525,131432195.0,-423000,0,-9000,429000,0,0,852000,0,9000
20251128,2395,研華,287.0,290.0,285.0,288.0,,0.0,1558855,448187030.0,-487715,11000,41392,842284,12000,60000,1329999,1000,18608
20251128,9914,美利達,95.7,95.8,92.3,92.5,-,2.8,1980924,185284201.0,-449985,0,4177,1086015,0,40000,1536000,0,35823
20251128,1216,統一,76.6,77.0,76.2,76.5,-,0.1,4750594,363401972.0,-503381,-180000,228402,3481507,6000,254186,3984888,186000,25784
20251128,00965,元大航太防衛科技,22.22,22.22,22.11,22.14,-,0.07,2944662,65229487.0,-709528,0,235873,27472,0,550000,737000,0,314127
20251128,3443,創意,2145.0,2280.0,2115.0,2260.0,+,125.0,4335823,9588448655.0,-635349,37000,107889,1007227,40000,166320,1642576,3000,58431
20251128,3380,明泰,30.2,30.45,29.65,29.7,-,0.5,1725464,51612222.0,-477000,0,-17137,646000,0,32000,1123000,0,49137
20251128,00924,復華S&P500成長,29.06,29.16,29.04,29.15,+,0.1,1564548,45537688.0,-76000,0,-419112,0,0,37399,76000,0,456511
20251128,1909,榮成,10.65,11.55,10.55,11.45,+,0.85,14512754,160793496.0,-747000,0,251545,3985000,0,356545,4732000,0,105000
20251128,4989,榮科,40.2,41.3,39.45,39.9,-,0.15,10531689,424308226.0,-502000,0,6000,2563000,0,7000,3065000,0,1000
20251128,00909,國泰數位支付服務,42.29,42.6,42.0,42.42,+,0.2,3867254,163733790.0,-235500,0,-283901,71500,0,629973,307000,0,913874
20251128,00646,元大S&P500,67.1,67.35,67.0,67.3,+,0.35,1058890,71162857.0,-32309,0,-510145,691,0,0,33000,0,510145
20251128,2208,台船,21.8,22.0,20.8,21.45,-,0.35,10464056,224097449.0,-589930,0,47264,1224000,0,47264,1813930,0,0
20251128,3005,神基,124.0,127.0,122.5,125.5,+,1.5,2102315,263212006.0,-892000,297000,29447,508000,297000,51347,1400000,0,21900
20251128,3167,大量,197.0,207.5,194.0,203.5,+,7.0,8100215,1628086978.0,-989000,377000,43502,1926000,377000,58208,2915000,0,14706
20251128,4967,十銓,129.0,136.0,127.0,132.0,+,3.5,6225912,821482192.0,-617000,0,44920,1533000,0,52565,2150000,0,7645
20251128,4915,致伸,83.2,83.8,82.3,82.3,-,1.2,1656735,136823445.0,-598000,0,17548,746000,0,22000,1344000,0,4452
20251128,4938,和碩,71.5,72.5,71.1,72.1,+,0.6,6351589,457458489.0,-952059,190000,180450,3623050,353000,196694,4575109,163000,16244
20251128,3533,嘉澤,1315.0,1325.0,1300.0,1310.0,+,5.0,1565726,2051039600.0,-553110,-42000,12800,457052,21000,56195,1010162,63000,43395
20251128,6806,森崴能源,40.9,40.9,39.1,39.3,-,1.1,1488337,58724698.0,-597932,0,14000,432068,0,14000,1030000,0,0
20251128,8926,台汽電,41.65,41.8,41.35,41.5,-,0.2,1130918,47011357.0,-623000,0,38363,378000,0,41000,1001000,0,2637
20251128,2889,國票金,16.75,17.05,16.7,16.75,+,0.05,11480340,193511828.0,-787000,0,184000,4418639,0,190000,5205639,0,6000
20251128,2201,裕隆,36.05,36.4,35.5,35.75,-,0.25,2787968,99861231.0,-751000,0,140865,525000,0,145189,1276000,0,4324
20251128,1609,大亞,39.2,39.25,38.5,38.7,-,0.3,3332007,129005719.0,-619082,0,5171,1577051,0,50748,2196133,0,45577
20251128,3702,大聯大,68.7,68.7,67.6,68.3,+,0.2,5825641,397193123.0,-644821,-25000,46367,2896478,41000,107423,3541299,66000,61056
20251128,1723,中碳,73.8,73.8,71.5,71.5,-,2.3,1765223,127533146.0,-636000,0,11000,161000,0,13000,797000,0,2000
20251128,3017,奇鋐,1405.0,1410.0,1375.0,1375.0,-,20.0,4674610,6498432335.0,-687839,-13000,72574,1158912,167000,204637,1846751,180000,132063
20251128,2897,王道銀行,9.08,9.11,9.05,9.07,-,0.03,1734045,15735364.0,-803000,0,166000,339000,0,166000,1142000,0,0
20251128,1608,華榮,34.9,35.0,34.5,34.6,-,0.3,2317741,80430077.0,-682000,0,44282,286000,0,46184,968000,0,1902
20251128,3026,禾伸堂,108.0,109.0,105.0,105.0,-,1.5,1938737,206096159.0,-628000,0,-12490,341000,0,8000,969000,0,20490
20251128,6239,力成,156.5,158.5,155.0,157.0,+,1.5,3164560,496902031.0,-576892,-283000,192431,981000,18000,250568,1557892,301000,58137
20251128,00662,富邦NASDAQ,101.9,102.3,101.8,102.25,+,0.5,1590319,162282957.0,33940,0,-714999,66040,0,25000,32100,0,739999
20251128,2481,強茂,85.8,87.4,84.7,86.1,+,0.4,14833780,1276891934.0,-708000,0,17966,3154000,0,256072,3862000,0,238106
20251128,2357,華碩,611.0,612.0,601.0,601.0,-,10.0,3405189,2057143055.0,-667343,-55387,26915,2113976,18000,83074,2781319,73387,56159
20251128,2375,凱美,96.0,97.5,92.0,93.6,+,0.4,7405848,696412192.0,-695984,0,-5195,1553000,0,9889,2248984,0,15084
20251128,3045,台灣大,108.0,109.0,108.0,108.0,-,0.5,3716959,402255021.0,-853998,-40000,166203,2140002,1000,173679,2994000,41000,7476
20251128,2105,正新,31.8,32.15,31.75,31.8,-,0.2,3761263,119931921.0,-556890,-347000,154255,1815379,0,192000,2372269,347000,37745
20251128,3044,健鼎,309.0,311.0,305.5,306.0,-,2.5,2094473,643973638.0,-724000,-46000,-13347,779000,12000,79000,1503000,58000,92347
20251128,3036,文曄,141.5,143.5,139.5,143.0,+,1.0,4551518,647607461.0,-802500,6000,10505,2619000,17000,101765,3421500,11000,91260
20251128,2399,映泰,22.85,23.0,22.2,22.6,+,0.15,3254324,73707013.0,-814000,0,1000,211000,0,1000,1025000,0,0
20251128,2511,太子,8.29,8.31,8.23,8.28,-,0.04,1675994,13847312.0,-912114,0,80447,290021,0,81000,1202135,0,553
20251128,4722,國精化,172.0,183.0,168.5,183.0,+,12.0,6463384,1136032506.0,-826000,0,-35403,689000,0,25000,1515000,0,60403
20251128,1795,美時,321.0,323.5,308.5,312.0,-,5.5,5912878,1860276882.0,-1224000,478000,-125973,1144000,478000,87453,2368000,0,213426
20251128,00882,中信中國高股息,15.45,15.46,15.26,15.32,-,0.13,4627292,70895257.0,-214995,0,-694718,33005,0,561000,248000,0,1255718
20251128,2308,台達電,946.0,946.0,928.0,932.0,-,10.0,8363698,7820188511.0,-1039685,-219000,241698,3630241,12000,351000,4669926,231000,109302
20251128,2542,興富發,38.25,38.25,37.9,37.95,-,0.3,2203135,83721117.0,-1066000,-50000,95050,362000,0,122000,1428000,50000,26950
20251128,2633,台灣高鐵,27.85,28.05,27.7,27.95,+,0.1,3730653,104100920.0,-1169931,-11000,147000,1577069,0,147000,2747000,11000,0
20251128,2492,華新科,122.5,124.0,118.5,119.5,,0.0,10562000,1272929387.0,-928000,-207000,96082,2895000,0,181258,3823000,207000,85176
20251128,2472,立隆電,110.0,111.5,105.5,106.5,-,2.0,5757091,619663728.0,-790980,0,-248043,920020,0,13000,1711000,0,261043
20251128,2845,遠東銀,12.65,12.65,12.55,12.6,-,0.05,2777816,34998606.0,-1322000,-14000,274479,540000,0,275000,1862000,14000,521
20251128,2014,中鴻,15.4,15.4,14.8,14.95,-,0.3,4211293,63157587.0,-1136040,0,29143,1355000,0,73000,2491040,0,43857
20251128,1808,潤隆,33.15,33.55,32.0,32.0,-,1.05,1795629,58627643.0,-1107260,0,-251,447500,0,42000,1554760,0,42251
20251128,1319,東陽,99.2,99.2,96.7,96.8,-,2.3,2649272,257677044.0,-1479000,247000,98735,616000,276000,186000,2095000,29000,87265
20251128,6257,矽格,99.1,102.0,97.7,100.5,+,2.0,5235173,524696680.0,-1409000,-16000,273839,755000,0,328835,2164000,16000,54996
20251128,3376,新日興,200.5,203.0,195.0,197.0,-,2.5,5320653,1052443127.0,57000,-1200000,-41051,1783000,0,119097,1726000,1200000,160148
20251128,3006,晶豪科,80.1,80.4,78.5,78.5,-,0.8,5627554,445019145.0,-1383065,0,134947,1328400,0,216000,2711465,0,81053
20251128,2855,統一證,24.85,24.85,24.45,24.5,-,0.25,2377959,58485369.0,-1290450,0,0,486000,0,0,1776450,0,0
20251128,6558,興能高,37.0,40.2,36.85,38.75,+,2.2,8957475,352479161.0,-1298100,0,959,1138000,0,16061,2436100,0,15102
20251128,2376,技嘉,247.0,247.0,241.5,243.5,-,3.5,3270797,798176801.0,-1438293,9000,123352,1112014,15000,201000,2550307,6000,77648
20251128,3060,銘異,28.9,28.9,27.9,27.95,-,0.95,10674865,301236986.0,-1335000,0,3187,1671000,0,10000,3006000,0,6813
20251128,9105,泰金寶-DR,5.84,5.86,5.81,5.81,-,0.06,8314835,48452223.0,-1339000,0,-1711,935000,0,0,2274000,0,1711
20251128,2515,中工,14.25,14.55,14.2,14.45,+,0.25,7458527,107414290.0,-1607000,0,178669,1858000,0,217714,3465000,0,39045
20251128,5871,中租-KY,103.0,103.5,102.0,103.0,-,1.0,5089296,522613056.0,-1504724,-7000,52633,2453990,2000,81000,3958714,9000,28367
20251128,2406,國碩,21.35,21.4,20.4,20.5,-,1.1,7514227,155465219.0,-1590000,0,10026,1281000,0,18000,2871000,0,7974
20251128,2412,中華電,130.5,131.0,130.5,130.5,-,0.5,4642104,606536135.0,-1802045,-165000,306873,1532955,5000,397665,3335000,170000,90792
20251128,2609,陽明,52.2,52.4,51.6,52.0,-,0.1,9595024,498703387.0,-1774542,-16000,129932,3713324,2000,237000,5487866,18000,107068
20251128,6213,聯茂,113.0,113.5,110.0,111.0,+,1.5,12272331,1369932431.0,-2430060,550000,164111,2584000,550000,244837,5014060,0,80726
20251128,2301,光寶科,160.5,160.5,156.5,159.0,+,1.0,9048721,1436098926.0,-1120175,-792000,162831,3449980,54000,218744,4570155,846000,55913
20251128,8131,福懋科,40.4,40.6,39.15,39.8,-,1.15,7059822,280124094.0,-1796000,0,26091,1186000,0,37000,2982000,0,10909
20251128,8112,至上,67.8,71.3,66.9,69.4,+,1.9,25195295,1753932323.0,-2372483,-4017,571503,8285517,0,778651,10658000,4017,207148
20251128,2495,普安,28.25,28.4,27.5,28.0,-,0.85,12923589,361823268.0,-1870000,0,4155,1278000,0,7000,3148000,0,2845
20251128,8271,宇瞻,97.5,102.0,96.2,100.0,+,3.2,10187468,1016781073.0,-2101995,0,109702,2197005,0,165083,4299000,0,55381
20251128,2834,臺企銀,15.85,15.9,15.75,15.85,-,0.05,10527913,166855495.0,-2635146,0,533000,2248854,0,533000,4884000,0,0
20251128,1519,華城,738.0,738.0,698.0,700.0,-,29.0,4456494,3163492460.0,-2077364,18000,-47434,632324,18000,98646,2709688,0,146080
20251128,5880,合庫金,23.85,23.95,23.8,23.85,,0.0,7624190,181855939.0,-2813316,12000,644000,3086684,12000,645000,5900000,0,1000
20251128,2382,廣達,281.0,284.0,276.0,282.0,+,0.5,13070062,3658596350.0,-2490936,-82866,322529,6347303,73000,529135,8838239,155866,206606
20251128,8021,尖點,134.5,137.5,133.0,135.5,+,2.0,21442352,2903363925.0,-2298230,0,22402,4075000,0,25000,6373230,0,2598
20251128,4904,遠傳,88.9,89.2,88.1,88.1,-,0.8,5154350,456377841.0,-2377815,-43000,106741,2465185,2000,127000,4843000,45000,20259
20251128,2610,華航,19.3,19.4,19.2,19.2,-,0.1,10358108,199631792.0,-2863000,-75000,477616,3972000,0,566000,6835000,75000,88384
20251128,2324,仁寶,29.7,29.7,29.25,29.35,-,0.25,11713050,344581728.0,-2611265,54000,-3824,4659300,112000,304000,7270565,58000,307824
20251128,2637,慧洋-KY,66.7,67.7,65.1,65.6,-,0.1,9885748,653368453.0,-2816000,-3000,244066,4127000,0,268400,6943000,3000,24334
20251128,2603,長榮,181.0,181.5,179.5,179.5,-,1.0,6404964,1152741325.0,-2721159,-98000,180033,1364241,1000,282402,4085400,99000,102369
20251128,2618,長榮航,34.15,34.35,34.05,34.1,-,0.05,11644247,397657573.0,-2779059,-253000,364551,4790847,0,377000,7569906,253000,12449
20251128,1504,東元,89.0,89.0,87.1,87.7,-,0.9,16281325,1429040476.0,-2809243,-237000,222796,6995071,25000,565070,9804314,262000,342274
20251128,2485,兆赫,21.6,23.65,20.9,23.65,+,2.15,63631792,1438238473.0,-2766000,0,-218849,8492000,0,632270,11258000,0,851119
20251128,2451,創見,183.5,208.0,177.5,183.0,-,9.0,16471257,3143805035.0,-4064880,863000,37856,2660120,869000,213770,6725000,6000,175914
20251128,2615,萬海,81.5,81.8,80.6,80.6,-,0.8,8252870,667438786.0,-3424775,-11000,251907,829000,1000,307000,4253775,12000,55093
20251128,2313,華通,85.6,85.6,83.0,83.3,-,2.0,11074287,928260040.0,-3047972,-94000,-100427,2305028,26000,400710,5353000,120000,501137
20251128,6209,今國光,59.8,59.9,56.5,56.8,-,2.6,10321052,596188109.0,-3812749,0,-658,986000,0,34000,4798749,0,34658
20251128,2885,元大金,36.45,36.45,35.9,36.1,-,0.4,17390107,628601283.0,-3213290,-686000,-108827,11228000,13000,164993,14441290,699000,273820
20251128,1605,華新,29.6,29.9,29.3,29.5,+,0.3,43480034,1286186640.0,-4445799,0,337416,11109401,0,803505,15555200,0,466089
20251128,2883,凱基金,15.9,15.9,15.65,15.75,-,0.15,28147872,443357142.0,-6666870,2472000,66717,13576121,2554000,774000,20242991,82000,707283
20251128,3711,日月光投控,229.0,230.5,225.0,229.5,-,1.0,25774907,5873994672.0,-5798356,1431000,218705,9791079,1660000,641967,15589435,229000,423262
20251128,0056,元大高股息,36.06,36.13,35.93,36.02,-,0.11,26708743,961925580.0,-1346612,0,-2981000,4553944,0,1743000,5900556,0,4724000
20251128,3090,日電貿,91.8,93.5,87.5,88.9,+,0.1,18655441,1679331929.0,-4423064,0,47484,2654000,0,139023,7077064,0,91539
20251128,2801,彰銀,20.4,20.5,20.15,20.2,-,0.25,16974120,344228395.0,-5073048,-609000,651999,6516000,0,653999,11589048,609000,2000
20251128,5876,上海商銀,39.25,39.35,39.05,39.1,-,0.3,7217780,282364048.0,-4411820,-411000,-279501,1165180,4000,252000,5577000,415000,531501
20251128,00918,大華優利高填息30,22.55,22.57,22.39,22.52,-,0.07,14490192,325674298.0,-2982000,0,-2205718,30000,0,5218255,3012000,0,7423973
20251128,2881,富邦金,93.2,94.1,92.5,92.6,-,1.3,21212945,1971868729.0,-6886428,372565,877967,9823872,835000,947779,16710300,462435,69812
20251128,2337,旺宏,33.8,35.35,33.25,34.1,+,0.4,71151109,2445084858.0,-3705050,-3584000,1474734,18463250,100000,1965885,22168300,3684000,491151
20251128,2353,宏碁,27.3,27.4,27.15,27.25,,0.0,14311669,390001837.0,-6044000,57000,165292,5560000,77000,226000,11604000,20000,60708
20251128,2356,英業達,44.25,44.3,43.3,43.6,+,0.1,23062490,1009635373.0,-7109308,25000,-3265,4023692,69000,220000,11133000,44000,223265
20251128,1303,南亞,57.8,60.9,57.2,59.0,+,2.8,252999258,14894089882.0,-14711063,6939000,223432,70062616,6939000,4899365,84773679,0,4675933
20251128,2812,台中銀,21.05,21.1,20.8,20.85,-,0.2,12296425,256557192.0,-8678297,0,312872,1273703,0,333000,9952000,0,20128
20251128,00919,群益台灣精選高息,21.5,21.54,21.46,21.47,-,0.07,37541542,806901221.0,-3467239,0,-5389167,1432783,0,6491746,4900022,0,11880913
20251128,2327,國巨*,242.0,244.5,234.0,235.0,-,1.0,44258058,10513854363.0,-10451991,-805000,996008,9050404,44000,1576043,19502395,849000,580035
20251128,3231,緯創,146.0,146.0,140.5,144.5,-,1.0,42676115,6091586358.0,-9323598,-1175000,-345952,11951402,83000,562795,21275000,1258000,908747
20251128,2408,南亞科,146.0,149.5,142.5,146.0,,0.0,109499388,16022753648.0,-11438317,-201000,340280,25441113,486000,1434924,36879430,687000,1094644
20251128,2027,大成鋼,38.3,38.3,36.95,37.1,-,1.1,25637968,955972477.0,-13961313,-117000,1664419,6913687,0,1959000,20875000,117000,294581
20251128,2891,中信金,43.65,43.95,43.3,43.45,-,0.55,29045918,1263022044.0,-13174738,-1872561,745448,11814223,21000,885000,24988961,1893561,139552
20251128,2344,華邦電,57.3,59.5,55.8,58.0,+,1.1,184303003,10672260748.0,-18869199,671000,2271454,35493914,718000,4410686,54363113,47000,2139232
20251128,8110,華東,35.2,37.95,34.2,36.95,+,1.15,91692903,3328372468.0,-17467450,0,163704,7565550,0,320058,25033000,0,156354
20251128,2882,國泰金,65.2,65.5,64.2,64.2,-,1.6,29390376,1898493246.0,-19478991,-78236,825206,8228645,11000,989000,27707636,89236,163794
20251128,2892,第一金,27.85,27.9,27.6,27.6,-,0.25,30290551,838580486.0,-22138721,-818000,581150,4633118,13000,785000,26771839,831000,203850
20251128,2317,鴻海,229.5,229.5,225.0,225.5,-,5.5,56939840,12896392543.0,-25140624,-1005250,628528,11088460,448000,1865384,36229084,1453250,1236856
20251128,0052,富邦科技,35.75,36.08,35.71,36.01,+,0.33,58627470,2106645759.0,-4916600,67000,-36944070,166400,67000,4917352,5083000,0,41861422
20251128,2887,台新新光金,18.4,18.4,18.0,18.05,-,0.6,129770386,2353829528.0,-54754850,4958000,7312430,19174186,5246000,7654000,73929036,288000,341570
