tradeDate,stockCode,stockName,openPrice,highPrice,lowPrice,closePrice,changeSign,change,totalShares,totalAmount,foreignNetShares,investmentNetShares,dealerNetShares,foreignBuyShares,investmentBuyShares,dealerBuyShares,foreignSellShares,investmentSellShares,dealerSellShares
20251217,2887,台新新光金,20.2,21.6,20.15,21.25,+,1.2,641237051,13568986044.0,19271249,159002000,-7365576,260930915,171100000,6000697,241659666,12098000,13366273
20251217,00919,群益台灣精選高息,21.75,22.2,21.75,22.1,+,0.46,209177193,4614399732.0,106658347,0,62987031,110966837,0,72275613,4308490,0,9288582
20251217,2303,聯電,49.45,50.9,49.3,50.4,+,1.2,121851626,6125197554.0,72998539,-23633730,4929670,94107885,1001000,6051771,21109346,24634730,1122101
20251217,00878,國泰永續高股息,21.2,21.46,21.19,21.35,+,0.18,66416173,1419594760.0,9190651,0,40289240,10925351,0,43414240,1734700,0,3125000
20251217,00900,富邦特選高股息30,13.44,13.62,13.44,13.54,+,0.19,41016517,556160221.0,4099000,0,29367720,4416000,0,31159720,317000,0,1792000
20251217,2883,凱基金,17.2,17.7,17.15,17.45,+,0.35,74376120,1299015006.0,28443993,283000,1065602,46234031,1792000,1633602,17790038,1509000,568000
20251217,2344,華邦電,71.3,74.4,70.2,73.9,+,3.3,454004106,32964599251.0,22929721,193000,4727378,124376485,193000,11100703,101446764,0,6373325
20251217,6770,力積電,34.1,35.0,33.3,34.8,+,1.0,156274375,5360214709.0,17391599,1223000,5109742,58770150,1223000,6943920,41378551,0,1834178
20251217,2882,國泰金,70.2,73.5,70.1,73.2,+,3.0,77256481,5606502028.0,36555168,-19031119,781354,55980603,116000,1952409,19425435,19147119,1171055
20251217,2890,永豐金,28.2,29.3,28.2,28.9,+,0.85,66087932,1913156228.0,16504483,-459696,2163760,43468694,1680000,2301207,26964211,2139696,137447
20251217,00939,統一台灣高息動能,14.38,14.6,14.38,14.48,+,0.17,17538868,254706650.0,1019000,0,13981025,1359000,0,15484018,340000,0,1502993
20251217,2884,玉山金,33.2,33.8,33.1,33.5,+,0.55,66951780,2241963331.0,183349,14073828,170558,41401317,14211000,527558,41217968,137172,357000
20251217,00713,元大台灣高息低波,51.05,51.5,51.05,51.2,+,0.35,17004909,872140227.0,147500,0,10476543,365600,0,12220127,218100,0,1743584
20251217,00929,復華台灣科技優息,17.59,17.77,17.59,17.65,,0.0,16722317,295927942.0,4374261,0,6168731,4640261,0,8853268,266000,0,2684537
20251217,2891,中信金,46.9,49.4,46.85,48.95,+,2.3,126074237,6145127306.0,35130381,-24579534,-137660,92130184,684000,2024678,56999803,25263534,2162338
20251217,2313,華通,87.9,94.9,87.1,94.9,+,8.6,87263422,8117952797.0,4122000,4000000,2013544,16105000,4000000,2683925,11983000,0,670381
20251217,2337,旺宏,37.4,38.35,36.5,37.65,+,0.5,100179489,3765397624.0,8294877,900000,845337,35233677,900000,2776669,26938800,0,1931332
20251217,1216,統一,74.8,77.1,74.7,76.9,+,2.2,31370212,2394054979.0,-18751357,24900804,204607,4504200,24933000,422218,23255557,32196,217611
20251217,2801,彰銀,20.6,21.0,20.55,20.7,+,0.1,28732396,597171996.0,6299250,-9438,-147707,18280000,0,719293,11980750,9438,867000
20251217,5880,合庫金,24.6,24.85,24.6,24.75,+,0.15,19394980,479201405.0,5416787,-14495,113122,12653027,0,315122,7236240,14495,202000
20251217,00915,凱基優選高股息30,22.44,22.85,22.44,22.63,+,0.34,6876504,155918266.0,-175000,0,5637758,102000,0,6396758,277000,0,759000
20251217,00940,元大台灣價值高息,9.16,9.25,9.16,9.19,+,0.03,13522674,124434352.0,814300,0,4511693,925300,0,7237032,111000,0,2725339
20251217,2329,華泰,49.35,52.3,49.05,51.6,+,2.85,39813913,2019567679.0,4201000,0,987010,14374025,0,1185010,10173025,0,198000
20251217,2486,一詮,91.3,98.1,91.3,98.0,+,8.8,26261327,2539455499.0,4807200,0,140769,8353200,0,725097,3546000,0,584328
20251217,5522,遠雄,66.5,71.8,66.5,71.8,+,6.5,9449070,674367905.0,4923195,35000,-63829,6429195,35000,203171,1506000,0,267000
20251217,2881,富邦金,96.0,97.9,96.0,97.3,+,1.3,33741813,3279810715.0,11792022,-6302154,-615039,26585722,446000,399961,14793700,6748154,1015000
20251217,2880,華南金,31.35,31.9,31.2,31.8,+,0.45,25147823,796642356.0,-6988025,11455000,207019,10656585,11789000,439019,17644610,334000,232000
20251217,1303,南亞,58.5,59.1,56.5,57.4,-,0.8,61407692,3540216583.0,4338846,926335,-686709,22853850,1268000,1613650,18515004,341665,2300359
20251217,2618,長榮航,35.8,36.0,35.65,35.8,+,0.25,18961799,679481701.0,4430619,-201611,90849,13493500,49000,723469,9062881,250611,632620
20251217,2542,興富發,37.5,39.0,37.5,38.3,+,0.95,11979334,461090183.0,6102309,-1662000,-179267,8416759,0,90020,2314450,1662000,269287
20251217,2812,台中銀,21.15,21.7,21.15,21.35,+,0.1,14714230,315302510.0,4464682,-5933,-437046,6941075,0,326731,2476393,5933,763777
20251217,2637,慧洋-KY,66.0,68.4,66.0,68.3,+,2.3,8510145,574969282.0,3545000,0,464741,5845000,0,511741,2300000,0,47000
20251217,2834,臺企銀,15.85,16.15,15.85,16.05,+,0.2,20923172,335165370.0,3557160,-5837,56862,9298540,0,182863,5741380,5837,126001
20251217,2867,三商壽,7.9,8.0,7.9,7.97,+,0.11,23592398,187787714.0,3618204,0,-65000,10552000,0,214000,6933796,0,279000
20251217,00885,富邦越南,16.72,16.81,16.72,16.78,+,0.46,6298768,105617368.0,2817495,0,490795,3070595,0,1400000,253100,0,909205
20251217,8110,華東,50.9,51.5,48.6,51.3,+,0.9,8762134,436842159.0,2352000,0,932000,2491000,0,992000,139000,0,60000
20251217,2845,遠東銀,12.7,12.9,12.7,12.8,+,0.05,8806777,112892104.0,3296770,-13000,-12565,4654000,0,4435,1357230,13000,17000
20251217,2605,新興,26.3,27.2,26.15,26.75,+,0.95,19252501,512912023.0,2650000,1313000,-715284,7194000,1313000,526568,4544000,0,1241852
20251217,6443,元晶,25.55,25.55,22.0,23.1,-,0.15,43507714,1035100983.0,1154213,0,1806980,1661213,0,2210783,507000,0,403803
20251217,2408,南亞科,160.5,164.5,158.5,164.5,+,6.5,30151093,4916932625.0,-367336,13000,3246757,4780203,13000,4125131,5147539,0,878374
20251217,4927,泰鼎-KY,30.25,30.8,29.6,30.15,-,0.15,14875829,449573518.0,2567104,0,3000,5132760,0,3000,2565656,0,0
20251217,6239,力成,156.5,165.0,156.0,162.0,+,6.5,12984458,2104070851.0,7213300,-4539000,-110892,9646300,6000,386287,2433000,4545000,497179
20251217,5521,工信,22.6,22.65,21.3,21.95,-,0.3,41964039,923972155.0,2536000,0,-39825,14916000,0,25090,12380000,0,64915
20251217,8150,南茂,44.3,45.15,43.8,44.75,+,0.95,12009534,535943550.0,3327000,-11000,-1034510,7292000,0,115064,3965000,11000,1149574
20251217,00861,元大全球未來通訊,54.55,54.55,54.0,54.0,+,0.25,2382999,128899196.0,102547,0,1934265,104547,0,2145000,2000,0,210735
20251217,4967,十銓,134.0,145.0,134.0,145.0,+,13.0,15793431,2254623303.0,1744804,0,158454,3296109,0,198934,1551305,0,40480
20251217,6116,彩晶,7.4,7.68,7.4,7.59,+,0.21,12086886,91707005.0,1522000,0,373961,4561000,0,551961,3039000,0,178000
20251217,00850,元大臺灣ESG永續,53.45,53.5,52.9,53.2,-,0.1,2841422,151236527.0,-30630,0,1905269,57370,0,2241000,88000,0,335731
20251217,1319,東陽,89.6,93.6,89.2,92.6,+,3.9,4944440,455002941.0,1034000,718137,49726,2495000,721000,123418,1461000,2863,73692
20251217,2606,裕民,62.3,64.2,61.6,63.0,+,1.3,14699705,923409895.0,-1139870,3148000,-214552,3306160,3182000,946395,4446030,34000,1160947
20251217,3030,德律,168.0,176.0,168.0,172.5,+,6.0,9549784,1653369019.0,2961150,-1479000,311229,4955000,0,397586,1993850,1479000,86357
20251217,2892,第一金,29.0,29.8,29.0,29.25,+,0.35,84327797,2479834352.0,38809825,-36629000,-443546,62671000,0,331454,23861175,36629000,775000
20251217,3006,晶豪科,78.6,82.8,78.6,81.7,+,3.4,5211629,423419018.0,1261015,0,339125,2340015,0,501973,1079000,0,162848
20251217,2324,仁寶,29.6,29.9,29.45,29.55,+,0.15,23491213,695995921.0,8566300,-8159000,1152174,17075000,31000,1414827,8508700,8190000,262653
20251217,2603,長榮,184.0,185.0,183.5,184.0,+,0.5,5908874,1088121877.0,1938640,-26269,-361142,3950760,21000,75156,2012120,47269,436298
20251217,6209,今國光,59.3,62.3,59.2,61.7,+,2.7,14251290,871798229.0,1442000,0,10589,4998000,0,22000,3556000,0,11411
20251217,9945,潤泰新,29.95,30.4,29.95,30.1,+,0.15,3695365,111501980.0,1516000,-7000,-79812,2394000,0,23293,878000,7000,103105
20251217,6191,精成科,117.0,119.0,115.0,117.5,+,1.5,5475397,641983954.0,1233746,-33000,226884,2518000,2000,244538,1284254,35000,17654
20251217,3056,富華新,17.7,18.6,17.65,18.1,+,0.5,2846172,51890078.0,899185,0,503991,1575773,0,538843,676588,0,34852
20251217,2609,陽明,51.5,52.0,51.3,51.6,+,0.1,16644708,859858853.0,2522659,-1609087,489226,11036332,0,741000,8513673,1609087,251774
20251217,3044,健鼎,303.0,309.0,301.5,304.5,+,5.5,5271661,1610164866.0,2790831,-1397000,2237,4636000,33000,61159,1845169,1430000,58922
20251217,8112,至上,70.3,73.2,69.5,72.3,+,2.5,13649206,978272549.0,899000,-2009,414142,4976000,0,657475,4077000,2009,243333
20251217,2495,普安,28.6,30.1,28.1,28.65,+,0.25,19676367,578064959.0,1253000,-4000,5718,4157000,0,13075,2904000,4000,7357
20251217,3535,晶彩科,86.0,92.5,85.8,90.3,+,5.0,8016111,723855148.0,1223900,0,1061,2481000,0,5360,1257100,0,4299
20251217,2836,高雄銀,12.4,12.5,12.35,12.35,-,0.05,3079606,38269110.0,1226370,0,-14000,1593000,0,0,366630,0,14000
20251217,2301,光寶科,152.5,156.0,152.0,154.5,+,3.0,9846989,1519718865.0,226036,874000,-95787,5643243,1725000,209549,5417207,851000,305336
20251217,6271,同欣電,121.0,126.0,121.0,122.5,+,3.0,2437468,301998896.0,898407,0,70704,1420000,0,92229,521593,0,21525
20251217,6944,兆聯實業,686.0,724.0,682.0,706.0,+,28.0,3253701,2289534603.0,610194,290000,35258,1341503,290000,96300,731309,0,61042
20251217,00946,群益科技高息成長,9.59,9.72,9.59,9.65,+,0.08,4083299,39474757.0,800000,0,133926,843000,0,1716204,43000,0,1582278
20251217,2889,國票金,16.45,16.75,16.45,16.55,+,0.1,5106419,84651305.0,884880,-8000,52000,2995000,0,52000,2110120,8000,0
20251217,2354,鴻準,61.4,62.0,60.7,60.9,-,0.3,5115183,313559072.0,678201,6000,241268,2217201,7000,269392,1539000,1000,28124
20251217,00923,群益台ESG低碳50,24.79,24.92,24.7,24.73,-,0.06,1926459,47866057.0,51000,0,863423,73000,0,1190315,22000,0,326892
20251217,1409,新纖,15.0,15.35,15.0,15.05,+,0.1,4724701,71678370.0,817000,0,70979,2378000,0,72000,1561000,0,1021
20251217,8422,可寧衛*,24.75,24.95,24.1,24.7,+,0.2,48118065,1185447286.0,-9291000,10871000,-693294,9282000,10871000,137044,18573000,0,830338
20251217,00927,群益半導體收益,20.7,20.99,20.7,20.85,+,0.25,1677391,34986407.0,-102000,0,968590,9000,0,1403336,111000,0,434746
20251217,00961,FT臺灣永續高息,9.29,9.34,9.24,9.26,-,0.01,2459864,22876864.0,28000,0,800111,31000,0,1499972,3000,0,699861
20251217,2451,創見,172.0,184.0,172.0,180.5,+,10.5,6829240,1230634066.0,747000,-408000,473123,2710000,0,550471,1963000,408000,77348
20251217,2454,聯發科,1435.0,1455.0,1425.0,1425.0,+,5.0,9223276,13269409475.0,-215989,482528,534994,4405562,508000,582393,4621551,25472,47399
20251217,00701,國泰股利精選30,28.64,29.08,28.64,28.95,+,0.48,2506439,72428184.0,-2000,0,783145,26000,0,1777797,28000,0,994652
20251217,00936,台新永續高息中小,15.59,15.72,15.55,15.59,+,0.04,1401883,21946256.0,-40000,0,799758,39000,0,1208356,79000,0,408598
20251217,1316,上曜,15.25,15.5,15.25,15.4,+,0.25,1847769,28419335.0,760881,-4000,-4000,980881,0,0,220000,4000,4000
20251217,4763,材料*-KY,49.95,53.7,49.85,52.9,+,3.4,17627212,921768967.0,-2152235,2672144,228940,5281765,2680000,339767,7434000,7856,110827
20251217,00930,永豐ESG低碳高息,17.06,17.26,17.06,17.14,+,0.18,873944,15021299.0,18000,0,712471,22000,0,785044,4000,0,72573
20251217,00926,凱基全球菁英55,22.88,22.97,22.87,22.94,+,0.06,1767711,40527019.0,1600,0,724301,1600,0,1252000,0,0,527699
20251217,7769,鴻勁,3185.0,3300.0,3175.0,3270.0,+,80.0,1401215,4554310450.0,519300,194000,-8000,769300,194000,6000,250000,0,14000
20251217,1504,東元,83.0,83.2,82.0,82.6,+,0.1,10330904,852378013.0,2845145,-1890743,-250183,5896145,2000,112759,3051000,1892743,362942
20251217,2406,國碩,26.9,28.5,24.45,24.65,-,2.35,50137773,1311294172.0,678000,0,22816,12661000,0,52000,11983000,0,29184
20251217,00965,元大航太防衛科技,22.6,22.68,22.59,22.59,-,0.07,2264368,51246210.0,-217000,0,904965,24000,0,1212000,241000,0,307035
20251217,5243,乙盛-KY,80.7,82.8,80.3,80.7,+,1.0,1624156,132305599.0,602000,50000,32069,907000,50000,43255,305000,0,11186
20251217,3033,威健,30.85,31.3,30.65,30.65,,0.0,1725195,53484620.0,677000,-2139,-16575,854000,0,4425,177000,2139,21000
20251217,1522,堤維西,46.3,47.5,46.3,47.45,+,1.35,936274,44241359.0,627900,-1370,4213,708000,0,6415,80100,1370,2202
20251217,2491,吉祥全,21.75,23.65,21.45,23.65,+,2.15,1501414,34736482.0,-4000,0,616000,0,0,616000,4000,0,0
20251217,6133,金橋,22.15,22.45,21.1,21.3,-,0.95,7026245,152122395.0,613000,0,-5000,1669000,0,3000,1056000,0,8000
20251217,00700,富邦恒生國企,17.91,18.01,17.91,17.99,+,0.14,1151605,20723097.0,-56000,0,655798,4000,0,1044305,60000,0,388507
20251217,3028,增你強,39.0,39.4,38.85,38.95,+,0.2,1733813,67819557.0,567000,0,-14000,839000,0,2000,272000,0,16000
20251217,2464,盟立,59.1,62.4,59.1,62.0,+,3.0,3291381,201610457.0,530000,0,15155,904000,0,24155,374000,0,9000
20251217,00960,野村全球航運龍頭,14.37,14.37,14.28,14.29,-,0.01,653285,9340087.0,13000,0,531000,19000,0,532000,6000,0,1000
20251217,00731,復華富時高息低波,68.35,69.05,68.35,68.7,+,0.75,933343,64264840.0,62000,0,465874,65000,0,841874,3000,0,376000
20251217,2610,華航,19.8,19.8,19.55,19.65,+,0.1,25735090,505281608.0,494601,-278753,284589,16140000,0,1203470,15645399,278753,918881
20251217,5534,長虹,80.2,82.9,80.2,81.8,+,1.6,1471926,120652639.0,599000,0,-106528,942000,0,46472,343000,0,153000
20251217,00944,野村趨勢動能高息,14.32,14.41,14.28,14.32,,0.0,509109,7316730.0,1000,0,489373,1000,0,497000,0,0,7627
20251217,00897,富邦基因免疫生技,8.7,8.73,8.7,8.72,-,0.02,785834,6857078.0,-102000,0,553794,200,0,696000,102200,0,142206
20251217,2472,立隆電,101.0,104.5,100.5,102.5,+,2.0,1904827,195525864.0,216000,0,235152,755000,0,245423,539000,0,10271
20251217,2528,皇普,29.85,30.6,29.85,29.9,+,0.05,900292,27189814.0,428850,0,14000,589000,0,14000,160150,0,0
20251217,00907,永豐優息存股,15.25,15.39,15.25,15.28,+,0.08,642563,9849114.0,9000,0,431161,9000,0,504435,0,0,73274
20251217,00639,富邦深100,14.72,14.95,14.72,14.93,+,0.21,1218112,18117283.0,104000,0,320140,104000,0,999079,0,0,678939
20251217,6120,達運,13.2,13.35,12.8,13.0,-,0.2,2341618,30461155.0,412780,0,7000,702080,0,7000,289300,0,0
20251217,3047,訊舟,20.65,21.3,19.35,19.35,-,0.5,37843636,766153585.0,258000,0,153519,5750000,0,196000,5492000,0,42481
20251217,00941,中信上游半導體,17.1,17.19,17.1,17.16,+,0.01,926298,15904924.0,95700,0,314935,97000,0,532882,1300,0,217947
20251217,2905,三商,16.7,17.05,16.7,16.8,+,0.1,1490917,25179170.0,380000,0,1000,825000,0,5000,445000,0,4000
20251217,8131,福懋科,45.9,46.65,45.3,45.75,+,0.3,4546949,209348794.0,387000,0,-10439,1728000,0,2032,1341000,0,12471
20251217,00730,富邦臺灣優質高息,23.31,23.58,23.14,23.14,+,0.1,506466,11859554.0,12000,0,360888,12000,0,400833,0,0,39945
20251217,6605,帝寶,139.0,143.5,139.0,142.0,+,2.0,1178732,167825372.0,810000,-454000,14451,947000,0,19451,137000,454000,5000
20251217,2501,國建,22.3,22.75,22.3,22.55,+,0.3,2024274,45599535.0,45000,-6000,320999,797000,0,325000,752000,6000,4001
20251217,4958,臻鼎-KY,138.0,141.0,137.0,140.0,+,2.5,5980645,832959003.0,974448,-1103000,487586,4086699,7000,546886,3112251,1110000,59300
20251217,5469,瀚宇博,95.1,95.4,93.7,94.1,-,0.3,5824912,550156347.0,437000,0,-89036,1828000,0,26512,1391000,0,115548
20251217,2405,輔信,18.8,18.95,18.55,18.65,,0.0,1511595,28319486.0,346000,0,0,532000,0,4000,186000,0,4000
20251217,00932,兆豐永續高息等權,14.07,14.22,14.07,14.1,+,0.04,380511,5389762.0,8000,0,330353,9000,0,337497,1000,0,7144
20251217,2504,國產,36.35,36.6,36.3,36.45,+,0.1,4931975,179908828.0,2796000,-2460066,-3296,4069000,0,0,1273000,2460066,3296
20251217,8271,宇瞻,90.6,94.9,90.6,93.0,+,2.7,4531026,423155227.0,334005,-1000,-6445,1357005,0,9118,1023000,1000,15563
20251217,2349,錸德,15.1,15.1,14.6,14.6,-,1.6,13575831,199625096.0,325100,0,1000,331100,0,1000,6000,0,0
20251217,2548,華固,105.0,106.0,104.0,105.0,+,1.0,938180,98683240.0,405850,0,-80148,594000,0,25852,188150,0,106000
20251217,2419,仲琦,25.95,26.1,24.85,24.85,-,0.65,3600847,91250518.0,341995,0,-17332,1076000,0,5715,734005,0,23047
20251217,6155,鈞寶,42.9,45.3,42.3,45.3,+,4.1,8224265,363403179.0,333000,0,-15635,1279000,0,11095,946000,0,26730
20251217,8070,長華*,44.1,44.9,44.1,44.6,+,0.55,1355704,60479875.0,323000,0,-13397,619000,0,2000,296000,0,15397
20251217,4915,致伸,77.0,77.9,76.7,76.9,+,0.6,2254494,174454372.0,703000,-394000,-1695,1841000,0,4227,1138000,394000,5922
20251217,6196,帆宣,259.5,275.5,257.5,260.5,+,4.5,8629434,2295025650.0,1125990,-1052000,228609,3186000,0,300780,2060010,1052000,72171
20251217,6414,樺漢,288.5,296.5,287.5,293.5,+,5.0,1149469,337592994.0,-289000,593000,-3307,321000,600000,23033,610000,7000,26340
20251217,00902,中信電池及儲能,12.83,12.98,12.83,12.95,+,0.15,1375312,17795779.0,426000,0,-138701,453000,0,622605,27000,0,761306
20251217,00636,國泰中國A50,26.24,26.43,26.24,26.39,+,0.14,967895,25517827.0,168000,0,111903,168000,0,758774,0,0,646871
20251217,1307,三芳,32.25,32.65,32.25,32.5,+,0.25,710465,23062277.0,343000,0,-67000,467000,0,15000,124000,0,82000
20251217,2009,第一銅,42.9,43.55,42.65,43.35,+,0.5,2099009,90624810.0,229000,0,43794,666000,0,55807,437000,0,12013
20251217,1560,中砂,374.0,379.0,363.5,366.0,-,4.0,3302991,1222788643.0,290000,-1000,-17625,1519000,0,45470,1229000,1000,63095
20251217,2365,昆盈,35.5,36.15,35.15,35.95,+,0.7,1346869,48170999.0,257000,0,-820,562000,0,1520,305000,0,2340
20251217,00938,凱基優選30,16.85,17.05,16.85,16.93,+,0.13,593140,10067811.0,-1000,0,255376,0,0,550566,1000,0,295190
20251217,6962,奕力-KY,39.85,40.55,39.6,39.65,-,0.1,1669011,66917501.0,252000,0,1889,586000,0,4787,334000,0,2898
20251217,2524,京城,41.05,44.6,41.05,43.2,+,2.65,1342157,59244418.0,244000,0,8000,467000,0,13000,223000,0,5000
20251217,2345,智邦,1160.0,1205.0,1140.0,1185.0,+,25.0,6644754,7843664980.0,-446928,537680,157605,2961265,544000,264315,3408193,6320,106710
20251217,2375,凱美,90.2,91.3,89.4,90.8,+,1.4,1303441,117923404.0,247000,0,-4450,453000,0,4575,206000,0,9025
20251217,5608,四維航,18.15,18.5,18.05,18.25,+,0.2,2094529,38241720.0,244000,0,-6721,757000,0,3280,513000,0,10001
20251217,8011,台通,23.3,23.45,22.95,23.15,,0.0,1722121,39873502.0,232000,0,0,503000,0,3000,271000,0,3000
20251217,00752,中信中國50,25.64,26.0,25.64,25.89,+,0.24,1492577,38643098.0,49000,0,181446,76000,0,1035798,27000,0,854352
20251217,2537,聯上發,10.6,10.9,10.6,10.65,+,0.15,1134691,12212398.0,243000,0,-13003,443000,0,0,200000,0,13003
20251217,1712,興農,44.1,44.4,43.8,44.2,+,0.25,545276,24112305.0,155100,0,69968,309100,0,70000,154000,0,32
20251217,2369,菱生,23.05,23.6,22.75,23.4,-,0.4,13123730,304337635.0,136000,0,88714,4518000,0,113719,4382000,0,25005
20251217,4919,新唐,51.7,52.4,50.3,50.6,-,0.4,2318052,118302129.0,44000,0,180686,825000,0,200059,781000,0,19373
20251217,0061,元大寶滬深,22.43,22.62,22.43,22.56,+,0.21,283911,6399354.0,23000,0,200052,23000,0,206313,0,0,6261
20251217,5519,隆大,32.05,33.05,32.05,32.7,+,0.75,612486,20078973.0,218000,0,4975,347000,0,6000,129000,0,1025
20251217,3661,世芯-KY,3050.0,3280.0,3005.0,3200.0,+,185.0,2411258,7632673940.0,309148,-125000,34626,1089677,11000,117301,780529,136000,82675
20251217,8210,勤誠,870.0,908.0,864.0,894.0,+,32.0,2341105,2093633955.0,-136715,309000,44404,807005,309000,64730,943720,0,20326
20251217,6139,亞翔,610.0,619.0,586.0,589.0,-,8.0,9229360,5568925268.0,308939,0,-93799,3538119,31000,215352,3229180,31000,309151
20251217,3645,達邁,54.1,55.1,53.7,54.0,+,0.6,1033310,56196644.0,213000,0,1451,465000,0,2224,252000,0,773
20251217,3048,益登,39.05,39.5,38.7,38.7,-,0.3,1822524,71043543.0,214000,0,-53,476000,0,5000,262000,0,5053
20251217,00646,元大S&P500,67.05,67.35,67.05,67.2,+,0.15,1884429,126690965.0,37199,0,170165,94199,0,913000,57000,0,742835
20251217,8404,百和興業-KY,24.4,24.45,23.7,24.05,-,0.1,887935,21413441.0,213900,-2000,-12535,388000,0,6000,174100,2000,18535
20251217,1536,和大,58.7,59.6,58.5,58.9,+,0.6,1193222,70447058.0,109000,0,88780,509000,0,158780,400000,0,70000
20251217,3550,聯穎,12.6,13.8,12.55,13.8,+,1.25,1671237,22454909.0,189000,0,8389,301000,0,11440,112000,0,3051
20251217,3533,嘉澤,1305.0,1340.0,1290.0,1315.0,+,35.0,1266106,1669570290.0,123017,54823,17948,858000,55000,48754,734983,177,30806
20251217,2399,映泰,24.5,24.55,24.0,24.0,-,0.15,1522757,36783771.0,191000,0,2993,478000,0,3000,287000,0,7
20251217,00733,富邦臺灣中小,45.13,45.61,45.01,45.09,-,0.04,663523,30119390.0,-112882,0,306320,7118,0,582577,120000,0,276257
20251217,3059,華晶科,41.0,41.9,41.0,41.2,+,0.5,1345454,55753875.0,191000,-5000,38,508000,0,3925,317000,5000,3887
20251217,3025,星通,61.8,63.5,61.5,61.6,+,0.4,1995781,124474805.0,184000,0,1000,537000,0,2000,353000,0,1000
20251217,9939,宏全,118.0,119.0,117.5,118.0,-,0.5,903282,106737206.0,204000,31000,-50396,643000,31000,5000,439000,0,55396
20251217,5234,達興材料,328.0,330.0,318.0,318.5,-,7.5,755573,243948127.0,181050,0,3486,372050,0,16734,191000,0,13248
20251217,00893,國泰智能電動車,32.29,32.35,32.26,32.27,+,0.3,787719,25446514.0,23492,0,160817,38492,0,510000,15000,0,349183
20251217,2383,台光電,1505.0,1550.0,1495.0,1495.0,,0.0,3562182,5402411347.0,6798,252704,-81315,1870700,253000,104058,1863902,296,185373
20251217,2543,皇昌,61.2,61.7,60.5,60.7,+,0.4,921527,56218266.0,170980,0,-635,398000,0,5365,227020,0,6000
20251217,2316,楠梓電,103.0,104.0,102.0,103.5,+,2.0,1496792,154521687.0,151000,0,17420,508000,0,23668,357000,0,6248
20251217,3019,亞光,139.5,146.0,138.5,140.0,+,6.0,12406898,1760072307.0,-564400,0,732668,2734000,0,837761,3298400,0,105093
20251217,2363,矽統,47.05,48.3,47.05,47.95,+,1.05,2001846,95716547.0,174900,0,-7915,626000,0,2334,451100,0,10249
20251217,2539,櫻花建,48.2,48.7,48.0,48.0,+,0.1,919856,44459222.0,174800,-4931,-6545,538000,0,4455,363200,4931,11000
20251217,2478,大毅,54.8,56.8,54.8,56.1,+,1.4,792937,44364583.0,160000,0,1000,314000,0,1000,154000,0,0
20251217,00898,國泰基因免疫革命,7.84,7.84,7.8,7.81,-,0.03,288202,2251328.0,-5000,0,159880,0,0,161016,5000,0,1136
20251217,3257,虹冠電,63.0,63.6,62.5,62.8,+,0.3,331080,20890501.0,154000,0,0,200000,0,0,46000,0,0
20251217,8261,富鼎,86.7,91.9,86.7,90.6,+,4.1,3056610,277216670.0,145000,-1000,8783,838000,0,23468,693000,1000,14685
20251217,2458,義隆,123.0,124.0,121.5,123.5,+,1.5,2628581,322989793.0,-1329000,1399265,75957,443000,1410000,96000,1772000,10735,20043
20251217,3149,正達,33.95,34.85,33.85,34.15,+,0.55,1432624,49271071.0,145000,0,0,506000,0,1000,361000,0,1000
20251217,3022,威強電,66.1,67.2,66.1,66.3,+,0.3,423489,28209344.0,120000,0,24024,236000,0,24570,116000,0,546
20251217,00717,富邦美國特別股,15.03,15.07,15.03,15.06,+,0.02,184560,2777062.0,89000,0,55000,89000,0,55000,0,0,0
20251217,3715,定穎投控,115.0,115.5,112.5,114.0,-,0.5,11723619,1336760125.0,611500,103000,-570962,4797000,103000,108664,4185500,0,679626
20251217,6177,達麗,47.65,50.5,47.65,48.6,+,0.95,1395752,68345397.0,242850,-100000,-3805,563000,0,13195,320150,100000,17000
20251217,3049,精金,7.28,7.92,7.28,7.92,+,0.72,6118276,48201550.0,110000,0,28144,338000,0,28144,228000,0,0
20251217,1325,恆大,31.25,31.6,31.0,31.35,+,0.15,229805,7188415.0,138000,0,0,149000,0,0,11000,0,0
20251217,6558,興能高,37.6,38.7,37.6,37.8,+,0.4,804433,30634076.0,138000,0,-390,282000,0,0,144000,0,390
20251217,6189,豐藝,44.5,45.35,44.45,44.5,+,0.05,404698,18143329.0,132208,0,3943,237000,0,7000,104792,0,3057
20251217,9904,寶成,31.3,31.6,31.0,31.2,-,0.05,10196558,319205598.0,141000,380544,-387437,5796000,437000,158981,5655000,56456,546418
20251217,2540,愛山林,47.8,49.35,47.8,48.1,+,0.45,1015114,49251848.0,129500,-3000,4241,519000,0,6241,389500,3000,2000
20251217,8213,志超,32.8,33.45,32.55,32.75,-,0.05,351844,11605658.0,128000,0,2000,206000,0,2000,78000,0,0
20251217,2530,華建,27.8,28.2,27.65,27.7,+,0.1,424998,11859472.0,165000,0,-36000,311000,0,5000,146000,0,41000
20251217,3605,宏致,60.8,61.7,60.8,60.8,,0.0,710620,43457117.0,128000,0,97,352000,0,1100,224000,0,1003
20251217,2498,宏達電,49.55,50.4,49.45,49.45,+,0.05,9281266,461582544.0,-2681000,0,2808679,2000000,0,3361568,4681000,0,552889
20251217,6206,飛捷,90.0,91.8,89.6,90.5,+,0.7,798168,72375069.0,320000,-185000,-7501,452000,0,3296,132000,185000,10797
20251217,2474,可成,189.0,192.5,188.5,190.5,+,4.0,3138622,600342195.0,830595,-581056,-124235,2621011,4000,48765,1790416,585056,173000
20251217,8072,陞泰,29.3,30.35,29.3,29.65,+,0.4,317508,9516021.0,123000,0,0,175000,0,0,52000,0,0
20251217,6719,力智,197.0,203.5,197.0,198.0,+,1.5,325945,65452540.0,103000,0,18466,170000,0,19083,67000,0,617
20251217,4545,銘鈺,35.2,37.6,35.2,36.3,+,1.2,1048229,38278721.0,122000,0,-2000,278000,0,3000,156000,0,5000
20251217,3015,全漢,54.6,54.8,53.6,53.8,-,0.2,269214,14623679.0,111000,1000,7998,184000,1000,8000,73000,0,2
20251217,9919,康那香,16.75,16.85,16.6,16.7,-,0.05,302589,5074293.0,118000,0,1000,135000,0,1000,17000,0,0
20251217,6805,富世達,1475.0,1500.0,1450.0,1450.0,-,30.0,1206691,1773740935.0,114215,22500,-19232,380255,27000,19009,266040,4500,38241
20251217,8039,台虹,96.9,97.5,92.3,92.9,-,2.6,18734004,1767124258.0,772200,-2000,-654242,5483200,0,189468,4711000,2000,843710
20251217,6202,盛群,38.0,38.8,38.0,38.1,+,0.2,458367,17610072.0,115000,0,247,280000,0,1355,165000,0,1108
20251217,3138,耀登,110.0,115.0,103.5,107.5,+,2.5,7734451,846619750.0,143000,0,-28857,1216000,0,2170,1073000,0,31027
20251217,2617,台航,30.5,31.0,30.5,30.8,+,0.35,536533,16519899.0,90000,0,19255,264000,0,20000,174000,0,745
20251217,2852,第一保,28.2,28.35,27.35,28.1,-,0.1,630406,17750161.0,105000,-1139,4000,207000,0,4000,102000,1139,0
20251217,1532,勤美,26.85,27.1,26.6,27.0,+,0.3,473896,12763839.0,101000,-1350,7000,269000,0,7000,168000,1350,0
20251217,1711,永光,18.1,18.25,17.95,18.0,-,0.1,940001,17038745.0,108000,0,-2050,446000,0,0,338000,0,2050
20251217,3052,夆典,11.65,11.8,11.55,11.55,-,0.1,1387457,16225340.0,105000,0,0,380000,0,0,275000,0,0
20251217,9955,佳龍,30.6,31.65,30.3,31.35,+,1.05,801453,25056251.0,105000,0,-1000,216000,0,0,111000,0,1000
20251217,6591,動力-KY,76.2,77.5,76.2,77.0,+,0.8,233740,18003447.0,104000,0,-804,130000,0,196,26000,0,1000
20251217,6531,愛普*,380.0,383.5,377.5,378.0,+,1.5,988132,375525188.0,169015,-73000,3485,345015,3000,16707,176000,76000,13222
20251217,2727,王品,214.0,216.0,214.0,215.5,+,2.0,375144,80693343.0,99644,-1038,-1000,218000,0,0,118356,1038,1000
20251217,00908,富邦入息REITs+,13.69,13.7,13.65,13.68,+,0.02,335252,4584131.0,0,0,95040,0,0,295041,0,0,200001
20251217,5258,虹堡,73.8,75.4,73.5,74.1,+,1.1,297747,22176007.0,94000,0,1024,141000,0,1024,47000,0,0
20251217,1806,冠軍,9.56,9.57,9.31,9.31,-,0.15,758863,7139885.0,118000,-23054,0,336000,0,0,218000,23054,0
20251217,00678,群益那斯達克生技,34.69,34.7,34.6,34.66,-,0.08,361225,12525298.0,-50000,0,144023,0,0,346000,50000,0,201977
20251217,8478,東哥遊艇,191.5,196.0,191.5,194.0,+,1.5,163512,31828102.0,94000,0,-1,124000,0,3000,30000,0,3001
20251217,1437,勤益控,34.8,34.9,34.75,34.8,+,0.1,205892,7168927.0,89000,0,1000,106000,0,1000,17000,0,0
20251217,3437,榮創,14.6,15.0,14.4,14.45,-,0.05,477214,7018264.0,88000,0,1000,212000,0,2000,124000,0,1000
20251217,00921,兆豐龍頭等權重,17.37,17.42,17.24,17.25,-,0.12,168370,2920878.0,2909,0,82940,3000,0,112000,91,0,29060
20251217,6269,台郡,56.0,56.8,55.5,55.5,-,0.5,808265,45313721.0,-11606,0,95076,428394,0,112452,440000,0,17376
20251217,2442,新美齊,25.7,26.1,25.4,25.65,-,0.05,728210,18786924.0,80953,0,0,313000,0,4000,232047,0,4000
20251217,6994,富威電力,96.3,98.9,96.3,97.0,+,1.0,163238,15961115.0,71000,0,9423,95000,0,9423,24000,0,0
20251217,3588,通嘉,48.25,49.65,48.25,48.8,+,0.6,208158,10213658.0,76942,0,4,99000,0,1004,22058,0,1000
20251217,2239,英利-KY,37.9,38.9,37.9,38.35,+,0.95,148425,5706219.0,72000,0,1015,82000,0,2015,10000,0,1000
20251217,1217,愛之味,10.45,10.55,10.45,10.5,+,0.05,477621,5015230.0,70000,0,1000,157000,0,1000,87000,0,0
20251217,5607,遠雄港,48.95,49.8,48.6,48.6,-,0.05,381316,18779186.0,68920,0,2000,193000,0,2000,124080,0,0
20251217,5225,東科-KY,98.5,99.4,98.3,98.4,+,0.5,149088,14733326.0,69000,0,577,91000,0,1000,22000,0,423
20251217,1340,勝悅-KY,7.27,7.5,7.2,7.26,+,0.07,250121,1833487.0,68000,0,0,91000,0,0,23000,0,0
20251217,1563,巧新,40.15,40.9,40.15,40.45,+,0.3,222924,9032461.0,71000,0,-4000,139000,0,0,68000,0,4000
20251217,4960,誠美材,13.8,13.85,13.6,13.6,-,0.15,496409,6817379.0,62000,0,4000,250000,0,4000,188000,0,0
20251217,2387,精元,39.0,40.0,39.0,39.5,+,0.6,489256,19381389.0,66000,0,-1226,198000,0,0,132000,0,1226
20251217,2611,志信,14.95,15.05,14.9,14.9,+,0.05,178379,2673164.0,60000,0,4000,84000,0,4000,24000,0,0
20251217,8429,金麗-KY,7.55,7.64,7.54,7.54,,0.0,291359,2215701.0,63000,0,1000,83000,0,2000,20000,0,1000
20251217,3406,玉晶光,420.0,428.0,415.0,417.5,-,2.5,1352905,570671967.0,-286000,386000,-36151,574000,407000,34659,860000,21000,70810
20251217,1809,中釉,17.4,17.55,17.25,17.25,-,0.1,311053,5412913.0,62000,0,-1000,109000,0,7000,47000,0,8000
20251217,2427,三商電,26.9,27.4,26.9,27.05,+,0.35,992235,26949737.0,60000,0,0,240000,0,0,180000,0,0
20251217,2440,太空梭,15.0,15.65,14.15,14.75,-,0.95,2846221,41947852.0,66000,0,-6009,223000,0,0,157000,0,6009
20251217,6277,宏正,61.8,62.2,61.6,61.6,-,0.2,114774,7095312.0,54000,0,5892,66000,0,16000,12000,0,10108
20251217,1419,新紡,70.4,71.6,69.5,71.4,+,0.9,300271,21236362.0,60000,0,-999,161000,0,6001,101000,0,7000
20251217,2850,新產,119.5,122.0,119.0,121.5,+,2.5,552440,66927000.0,28000,32000,-1000,214000,32000,0,186000,0,1000
20251217,2484,希華,20.7,20.9,20.65,20.8,+,0.1,211974,4398530.0,60000,0,-2000,86000,0,2000,26000,0,4000
20251217,2102,泰豐,19.85,20.05,19.85,19.9,+,0.15,310713,6207030.0,55000,0,3000,131000,0,3000,76000,0,0
20251217,2428,興勤,173.0,175.0,172.5,172.5,+,1.0,227535,39515888.0,53000,-1000,5848,110000,0,7898,57000,1000,2050
20251217,3665,貿聯-KY,1465.0,1470.0,1430.0,1435.0,-,5.0,1799975,2602485010.0,118670,-43826,-17492,1047042,4000,27751,928372,47826,45243
20251217,6742,澤米,47.45,48.2,46.4,46.6,,0.0,234287,11097615.0,56000,0,1000,102000,0,1000,46000,0,0
20251217,5471,松翰,33.2,33.65,33.2,33.2,+,0.05,123796,4133216.0,58000,0,-1230,92000,0,0,34000,0,1230
20251217,2364,倫飛,66.6,67.6,66.6,67.3,+,0.7,187921,12612976.0,56000,0,0,87000,0,0,31000,0,0
20251217,2538,基泰,11.2,11.3,11.15,11.2,,0.0,268347,3015171.0,49000,0,6000,89000,0,6000,40000,0,0
20251217,4949,有成精密,37.55,38.8,37.3,38.3,+,1.05,279332,10662483.0,56000,0,-1000,124000,0,0,68000,0,1000
20251217,2348,海悅,80.9,82.8,80.8,81.1,+,0.9,488908,40006666.0,56000,0,-2829,219000,0,7365,163000,0,10194
20251217,2545,皇翔,37.5,38.8,37.5,38.05,+,0.55,672943,25749207.0,53478,0,-348,287000,0,0,233522,0,348
20251217,3686,達能,19.55,20.0,18.35,18.5,-,0.9,439328,8298775.0,52000,0,-11,115000,0,0,63000,0,11
20251217,3029,零壹,109.5,111.0,109.5,110.5,+,1.5,409404,45140883.0,52000,-3000,2758,191000,0,8000,139000,3000,5242
20251217,6166,凌華,66.6,67.1,66.1,66.1,-,0.3,420734,27992080.0,33030,0,18180,213030,0,18722,180000,0,542
20251217,1789,神隆,17.2,17.6,17.2,17.45,+,0.35,1057650,18477770.0,67000,0,-19000,554000,0,0,487000,0,19000
20251217,1524,耿鼎,27.55,28.2,27.55,27.8,+,0.2,424610,11863392.0,47000,0,-432,173000,0,0,126000,0,432
20251217,4766,南寶,317.0,320.0,316.5,318.0,+,4.0,216752,69021574.0,49000,-3000,506,155000,0,1214,106000,3000,708
20251217,2453,凌群,52.5,54.0,52.5,52.7,+,0.2,265598,14156741.0,44000,0,1000,90000,0,1000,46000,0,0
20251217,4576,大銀微系統,106.5,108.5,106.0,106.0,-,0.5,184015,19664086.0,43000,0,2000,99000,0,2000,56000,0,0
20251217,6668,中揚光,37.85,38.85,37.8,38.0,+,0.15,221946,8514913.0,45000,0,0,108000,0,0,63000,0,0
20251217,1436,華友聯,62.2,64.0,61.4,61.8,-,0.5,285469,17922749.0,36891,0,7944,144000,0,15177,107109,0,7233
20251217,6834,天二科技,27.35,28.0,27.35,27.4,+,0.05,107540,2971923.0,44000,0,0,63000,0,0,19000,0,0
20251217,2351,順德,75.6,77.2,75.6,75.7,-,0.2,459290,35105272.0,50000,0,-6643,162000,0,3050,112000,0,9693
20251217,3032,偉訓,76.7,78.3,76.7,77.7,+,0.7,334410,25959200.0,47000,0,-4172,161000,0,1000,114000,0,5172
20251217,3094,聯傑,24.2,24.6,24.0,24.15,+,0.05,126998,3086084.0,42000,0,0,58000,0,0,16000,0,0
20251217,6672,騰輝電子-KY,89.8,91.5,89.5,89.5,-,0.2,484433,43782037.0,18000,0,24000,198000,0,24000,180000,0,0
20251217,2534,宏盛,20.3,20.5,20.15,20.25,+,0.05,530484,10795064.0,39000,0,2955,220000,0,3000,181000,0,45
20251217,3596,智易,180.5,183.5,178.5,179.5,+,1.5,543400,98193038.0,40171,0,1000,369171,0,1000,329000,0,0
20251217,3058,立德,11.2,11.35,10.8,10.8,-,0.3,964800,10625255.0,47000,0,-6000,225000,0,0,178000,0,6000
20251217,6525,捷敏-KY,74.4,75.3,74.3,74.8,+,0.7,88793,6650995.0,41000,0,0,59000,0,0,18000,0,0
20251217,00652,富邦印度,36.91,37.35,36.91,37.09,+,0.18,282355,10476604.0,0,0,40856,0,0,247000,0,0,206144
20251217,6449,鈺邦,160.0,161.5,159.5,160.5,+,2.0,363972,58476954.0,11707,0,28138,108100,0,30037,96393,0,1899
20251217,1733,五鼎,30.8,31.4,30.8,31.1,+,0.3,120143,3737291.0,41000,-1000,-1000,54000,0,0,13000,1000,1000
20251217,00947,台新臺灣IC設計,17.3,17.62,17.26,17.47,+,0.15,471980,8240502.0,-37000,0,75553,4000,0,201000,41000,0,125447
20251217,2367,燿華,26.95,28.8,26.8,27.65,+,0.8,42855522,1195150655.0,-2007000,0,2045141,7477000,0,2353315,9484000,0,308174
20251217,8442,威宏-KY,67.5,68.3,67.4,67.8,+,0.3,72000,4876500.0,35000,0,3000,43000,0,3000,8000,0,0
20251217,9958,世紀鋼,137.5,137.5,136.0,136.5,,0.0,423648,57930413.0,-39000,0,76180,186000,0,81761,225000,0,5581
20251217,3321,同泰,18.6,18.6,17.7,17.75,-,0.85,513708,9198922.0,37000,0,0,102000,0,0,65000,0,0
20251217,00739,元大MSCI A股,25.43,25.75,25.43,25.75,+,0.32,61606,1576490.0,4000,0,31221,4000,0,52334,0,0,21113
20251217,7750,新代,837.0,860.0,828.0,850.0,-,10.0,122084,103309047.0,35975,0,-1000,81000,0,0,45025,0,1000
20251217,3312,弘憶股,36.5,36.75,35.75,35.8,-,0.2,451495,16351346.0,34066,0,0,213262,0,0,179196,0,0
20251217,2636,台驊控股,65.6,65.6,64.8,65.0,,0.0,205054,13390163.0,33000,0,911,88000,0,1000,55000,0,89
20251217,2731,雄獅,164.0,166.0,164.0,166.0,+,2.5,671634,111058179.0,16000,1000,16280,333000,1000,22000,317000,0,5720
20251217,6799,來頡,86.3,88.0,85.6,85.6,,0.0,294148,25472213.0,33200,0,0,98200,0,0,65000,0,0
20251217,3046,建碁,52.9,53.2,51.4,51.4,-,1.0,370906,19313881.0,29000,0,4000,68000,0,4000,39000,0,0
20251217,1516,川飛,20.1,21.2,20.05,20.6,+,0.5,166506,3454358.0,31000,0,2000,36000,0,2000,5000,0,0
20251217,1533,車王電,32.35,32.9,31.85,32.55,+,0.2,158510,5153664.0,33000,0,-1000,55000,0,2000,22000,0,3000
20251217,6224,聚鼎,43.2,43.2,42.2,42.55,+,0.1,92527,3930986.0,32000,0,0,62000,0,0,30000,0,0
20251217,2029,盛餘,20.75,20.95,20.6,20.8,+,0.2,247811,5168804.0,30000,0,1000,78000,0,1000,48000,0,0
20251217,00875,國泰網路資安,39.03,39.12,39.03,39.09,+,0.21,155507,6071538.0,-103000,0,133948,0,0,139000,103000,0,5052
20251217,1702,南僑,38.65,38.85,38.55,38.6,,0.0,266141,10286866.0,29000,0,1000,102000,0,1000,73000,0,0
20251217,4557,永新-KY,77.7,78.4,77.7,77.7,+,0.1,68251,5317424.0,30000,0,0,41000,0,0,11000,0,0
20251217,6658,聯策,50.3,50.5,49.2,49.2,-,0.1,102298,5091540.0,30000,0,0,50000,0,0,20000,0,0
20251217,6782,視陽,173.0,177.0,173.0,174.5,+,1.5,86073,15082640.0,30000,0,0,60000,0,0,30000,0,0
20251217,1786,科妍,74.9,76.1,74.5,74.5,+,0.3,421580,31626394.0,31000,0,-1012,112000,0,1115,81000,0,2127
20251217,2462,良得電,22.65,22.85,22.55,22.55,+,0.1,90500,2053169.0,30000,0,-99,41000,0,0,11000,0,99
20251217,3034,聯詠,375.0,382.5,374.5,377.0,+,2.5,3138947,1186089902.0,719803,-679969,-10339,2206566,181000,59014,1486763,860969,69353
20251217,00943,兆豐電子高息等權,14.22,14.34,14.22,14.29,+,0.06,131378,1882948.0,1000,0,28295,1000,0,128304,0,0,100009
20251217,4737,華廣,58.8,58.8,57.0,58.0,+,1.0,85042,4903652.0,29000,0,0,64000,0,0,35000,0,0
20251217,2015,豐興,64.5,64.6,63.3,63.4,-,0.9,406087,25842687.0,-104000,123000,9550,197000,123000,12000,301000,0,2450
20251217,3041,揚智,25.05,25.75,25.05,25.3,+,0.35,427280,10841700.0,28000,0,-5,179000,0,0,151000,0,5
20251217,1597,直得,71.9,72.3,71.2,71.3,+,0.1,128145,9189241.0,30000,0,-2267,69000,0,72,39000,0,2339
20251217,2417,圓剛,36.45,36.85,36.05,36.1,-,0.25,342790,12451564.0,31000,0,-3320,127000,0,2000,96000,0,5320
20251217,6235,華孚,59.4,60.3,59.0,59.0,+,0.4,808205,48232950.0,28000,-2000,1088,286000,0,9000,258000,2000,7912
20251217,5285,界霖,49.55,49.75,48.75,48.95,-,0.2,72815,3590673.0,27000,0,0,37000,0,0,10000,0,0
20251217,00920,富邦ESG綠色電力,18.18,18.22,18.16,18.17,-,0.01,197045,3586108.0,-102000,0,128594,0,0,136187,102000,0,7593
20251217,6838,台新藥,27.25,27.55,26.9,27.0,-,0.05,152421,4136430.0,25000,0,1000,69000,0,1000,44000,0,0
20251217,00771,元大US高息特別股,16.08,16.15,16.07,16.15,+,0.07,28744,461048.0,0,0,25031,0,0,25031,0,0,0
20251217,6164,華興,12.65,13.3,12.6,13.3,+,1.2,4361302,56870968.0,-4000,0,28983,287000,0,34983,291000,0,6000
20251217,2439,美律,97.0,98.5,96.4,97.1,+,0.8,4310574,418827035.0,2244100,-2322148,103014,2877100,0,141254,633000,2322148,38240
20251217,2236,百達-KY,114.5,114.5,112.0,113.5,,0.0,211100,23929921.0,24000,0,0,58000,0,1000,34000,0,1000
20251217,2471,資通,50.0,51.7,49.95,50.1,+,0.5,196296,9954501.0,26000,0,-2000,64000,0,0,38000,0,2000
20251217,6861,睿生光電,58.5,60.1,58.0,58.1,+,0.3,128709,7604156.0,24000,-1000,1000,45000,0,2000,21000,1000,1000
20251217,00737,國泰AI機器人,35.52,35.79,35.52,35.62,+,0.1,138617,4931222.0,16000,0,7612,20000,0,91409,4000,0,83797
20251217,3003,健和興,47.1,47.65,47.05,47.5,+,0.75,113927,5391008.0,13000,0,10533,49000,0,13000,36000,0,2467
20251217,1231,聯華食,96.8,97.7,96.0,96.8,+,0.5,196801,19095497.0,24900,0,-1649,100000,0,3000,75100,0,4649
20251217,3543,州巧,42.9,43.9,42.45,43.1,,0.0,1330336,57378995.0,28000,0,-5000,506000,0,0,478000,0,5000
20251217,1503,士電,167.0,169.0,166.0,166.5,+,0.5,707424,118437028.0,18080,-9000,13556,224080,0,34482,206000,9000,20926
20251217,2597,潤弘,165.0,167.5,165.0,165.5,,0.0,217324,36133305.0,22200,0,0,136000,0,1000,113800,0,1000
20251217,1903,士紙,55.7,56.2,55.0,55.3,-,0.2,183059,10165717.0,34000,0,-12000,80000,0,4000,46000,0,16000
20251217,3416,融程電,149.0,150.5,148.0,149.5,+,1.0,94241,14049018.0,21000,0,1000,52000,0,3000,31000,0,2000
20251217,00895,富邦未來車,38.8,38.9,38.8,38.83,+,0.52,563047,21866208.0,-80652,0,102617,348,0,249000,81000,0,146383
20251217,3026,禾伸堂,101.0,101.5,100.0,100.5,,0.0,444114,44777463.0,25000,-1000,-2457,153000,0,1000,128000,1000,3457
20251217,3356,奇偶,44.9,45.8,44.9,45.25,+,0.25,106219,4833418.0,18000,0,3002,38000,0,3002,20000,0,0
20251217,2022,聚亨,8.31,8.38,8.26,8.29,+,0.04,355278,2950228.0,21000,0,0,74000,0,0,53000,0,0
20251217,2107,厚生,24.5,24.6,24.4,24.45,-,0.1,173266,4245412.0,21000,0,0,45000,0,0,24000,0,0
20251217,00964,中信亞太高股息,11.17,11.21,11.14,11.18,+,0.03,1093967,12227199.0,0,0,19959,0,0,909030,0,0,889071
20251217,6456,GIS-KY,43.8,44.35,43.6,43.6,+,0.45,800302,35164082.0,-8000,0,27640,448000,0,30002,456000,0,2362
20251217,5244,弘凱,40.55,41.1,40.3,40.35,-,0.15,69607,2831978.0,19000,0,0,30000,0,0,11000,0,0
20251217,3504,揚明光,52.0,52.4,51.5,51.5,-,0.1,137602,7133848.0,19000,0,-1000,62000,0,0,43000,0,1000
20251217,6585,鼎基,90.8,91.5,90.0,90.0,-,1.3,63738,5773206.0,18000,0,-237,32000,0,1000,14000,0,1237
20251217,2477,美隆電,23.55,23.85,23.55,23.55,,0.0,63802,1509253.0,17600,0,0,27600,0,0,10000,0,0
20251217,1337,再生-KY,5.0,5.0,4.95,4.95,,0.0,432849,2153965.0,16000,0,0,33000,0,0,17000,0,0
20251217,2908,特力,20.5,20.5,20.3,20.3,-,0.2,331346,6766011.0,15000,0,1000,77000,0,1000,62000,0,0
20251217,1342,八貫,87.2,87.5,86.6,86.7,+,0.1,66253,5764812.0,16000,0,-41,21000,0,1959,5000,0,2000
20251217,6906,現觀科,81.7,82.9,80.9,82.0,+,0.5,33731,2759074.0,22000,-7000,0,25000,0,0,3000,7000,0
20251217,9103,美德醫療-DR,4.65,4.65,4.59,4.59,,0.0,141628,651759.0,15000,0,0,15000,0,0,0,0,0
20251217,7610,聯友金屬-創,114.0,114.5,111.5,112.5,-,1.0,190456,21414067.0,11000,0,3000,42000,0,5000,31000,0,2000
20251217,2421,建準,154.0,155.0,152.0,153.0,+,0.5,1979702,303476580.0,104971,-5000,-86836,1293000,0,34272,1188029,5000,121108
20251217,3494,誠研,8.41,8.44,8.24,8.42,+,0.01,84386,706760.0,12000,0,0,17000,0,0,5000,0,0
20251217,4569,六方科-KY,150.5,162.0,150.5,162.0,+,14.5,250184,39819963.0,12000,0,0,63000,0,0,51000,0,0
20251217,6835,圓裕,39.8,39.8,38.85,38.85,+,0.1,67036,2621306.0,12000,0,0,22000,0,0,10000,0,0
20251217,6283,淳安,25.0,25.25,24.8,24.9,+,0.05,158536,3967792.0,14000,0,-2000,76000,0,0,62000,0,2000
20251217,2465,麗臺,63.8,63.9,61.5,61.8,-,1.2,465014,28888952.0,11000,0,1000,78000,0,1000,67000,0,0
20251217,1732,毛寶,28.5,28.95,28.45,28.6,+,0.15,148028,4247048.0,14000,0,-2000,44000,0,3000,30000,0,5000
20251217,3528,安馳,67.7,68.6,67.6,68.0,+,1.0,122396,8346588.0,12950,0,-1000,51000,0,0,38050,0,1000
20251217,8467,波力-KY,171.0,171.5,158.0,158.0,-,6.0,445955,73814520.0,16000,0,-4347,88000,0,1000,72000,0,5347
20251217,3311,閎暉,30.95,31.1,30.8,30.9,+,0.25,78086,2416942.0,11248,0,-154,26000,0,2000,14752,0,2154
20251217,2424,隴華,38.9,41.45,38.9,41.45,+,3.75,267244,11038075.0,9000,0,2043,11000,0,2043,2000,0,0
20251217,6405,悅城,25.1,25.4,24.9,25.05,-,0.05,76558,1924580.0,18000,0,-7000,30000,0,0,12000,0,7000
20251217,7788,松川精密,130.5,132.5,128.5,132.0,,0.0,218542,28525604.0,11000,0,0,40000,0,1000,29000,0,1000
20251217,2032,新鋼,14.35,14.4,14.1,14.15,,0.0,123341,1754981.0,9000,0,1997,31000,0,2000,22000,0,3
20251217,3557,嘉威,35.45,35.95,35.45,35.8,+,0.35,30088,1072202.0,10950,0,0,18000,0,0,7050,0,0
20251217,2250,IKKA-KY,72.6,72.6,70.8,70.8,-,0.8,40830,2902261.0,10906,0,0,17000,0,0,6094,0,0
20251217,00916,國泰全球品牌50,27.13,27.32,27.13,27.29,+,0.16,220415,6011736.0,-1000,0,11347,0,0,178347,1000,0,167000
20251217,2613,中櫃,23.55,23.85,23.5,23.55,,0.0,350222,8264685.0,5000,0,5000,107000,0,5000,102000,0,0
20251217,4588,玖鼎電力,62.1,62.6,61.9,62.6,+,0.6,22585,1401005.0,10000,0,0,10000,0,0,0,0,0
20251217,6695,芯鼎,45.85,46.75,45.4,45.4,-,0.45,234651,10796978.0,10000,0,0,92000,0,0,82000,0,0
20251217,3057,喬鼎,16.0,16.05,15.8,15.8,-,0.2,103761,1650385.0,8700,0,1000,14000,0,1000,5300,0,0
20251217,2359,所羅門,130.0,130.0,126.5,126.5,-,3.5,1176755,150461995.0,11210,0,-1760,233210,0,17000,222000,0,18760
20251217,6216,居易,26.5,26.65,26.3,26.6,+,0.3,43452,1154871.0,9000,0,0,15000,0,0,6000,0,0
20251217,9136,巨騰-DR,7.02,7.03,6.92,7.02,-,0.02,50000,349000.0,9000,0,0,11000,0,0,2000,0,0
20251217,2431,聯昌,11.6,11.75,11.45,11.5,-,0.1,302298,3519966.0,12000,0,-3190,55000,0,3000,43000,0,6190
20251217,6789,采鈺,266.5,269.0,260.0,261.0,-,4.0,686716,181252481.0,22875,-1000,-13398,243435,0,10010,220560,1000,23408
20251217,0055,元大MSCI金融,31.11,32.0,31.11,31.78,+,0.7,401173,12741194.0,42471,0,-34121,61471,0,69720,19000,0,103841
20251217,00951,台新日本半導體,10.89,11.02,10.89,10.96,+,0.05,689072,7573252.0,-90000,0,98263,6000,0,176000,96000,0,77737
20251217,5907,大洋-KY,5.61,5.77,5.54,5.6,-,0.01,314148,1756919.0,7000,0,1000,18000,0,1000,11000,0,0
20251217,5706,鳳凰,50.0,50.7,50.0,50.3,+,0.2,49058,2468679.0,7800,0,0,16000,0,0,8200,0,0
20251217,4952,凌通,35.75,36.75,35.75,35.9,-,0.4,72846,2640476.0,12000,0,-4614,27000,0,0,15000,0,4614
20251217,8114,振樺電,173.0,179.0,173.0,173.5,+,1.0,364499,63823952.0,-27000,0,34045,143000,0,36000,170000,0,1955
20251217,9906,欣巴巴,50.8,52.1,50.6,50.8,-,0.1,74738,3825218.0,7000,0,0,37000,0,3000,30000,0,3000
20251217,3591,艾笛森,19.2,19.25,18.8,18.95,-,0.05,369017,7022019.0,7000,0,0,65000,0,0,58000,0,0
20251217,1463,強盛新,19.5,19.65,19.45,19.45,-,0.05,42667,832034.0,-2000,0,9000,5000,0,9000,7000,0,0
20251217,1446,宏和,18.2,18.3,18.0,18.3,+,0.05,81764,1487686.0,3000,0,3000,18000,0,3000,15000,0,0
20251217,1338,廣華-KY,20.35,20.45,20.25,20.3,+,0.1,93663,1908212.0,6000,0,0,18000,0,0,12000,0,0
20251217,1233,天仁,31.9,31.9,31.85,31.85,-,0.05,8641,275395.0,0,0,6000,1000,0,6000,1000,0,0
20251217,6909,創控,35.6,35.6,35.0,35.0,,0.0,69977,2459853.0,6000,0,0,8000,0,0,2000,0,0
20251217,6192,巨路,104.0,104.5,103.0,103.0,-,0.5,140395,14552323.0,65000,0,-59000,77000,0,0,12000,0,59000
20251217,1707,葡萄王,127.0,127.0,125.5,126.5,,0.0,61346,7740366.0,-6000,0,11759,17000,0,14000,23000,0,2241
20251217,2929,淘帝-KY,7.77,7.84,7.75,7.75,-,0.01,124026,966052.0,5000,0,0,34000,0,0,29000,0,0
20251217,4552,力達-KY,23.35,23.4,23.35,23.35,,0.0,24007,561211.0,5000,0,0,11000,0,0,6000,0,0
20251217,4942,嘉彰,38.9,39.5,38.7,39.1,+,0.2,121350,4762333.0,4000,0,1000,43000,0,1000,39000,0,0
20251217,7721,微程式,51.2,52.1,50.2,51.0,-,0.2,66132,3359324.0,5000,0,0,13000,0,0,8000,0,0
20251217,00702,國泰標普低波高息,23.34,23.34,23.26,23.3,-,0.04,119248,2776284.0,0,0,5000,0,0,108000,0,0,103000
20251217,1219,福壽,13.5,13.55,13.45,13.5,,0.0,99247,1339687.0,-1000,0,6000,17000,0,6000,18000,0,0
20251217,1454,台富,12.75,13.05,12.75,12.95,+,0.2,75825,980704.0,5000,0,0,13000,0,0,8000,0,0
20251217,6796,晉弘,95.0,99.5,95.0,96.7,+,1.6,82043,7911368.0,4800,0,0,14000,0,0,9200,0,0
20251217,4106,雃博,22.05,22.25,22.0,22.25,-,0.15,80603,1785023.0,5000,0,-259,11000,0,0,6000,0,259
20251217,3679,新至陞,116.5,116.5,114.5,115.0,-,1.5,29901,3448137.0,4000,0,0,15000,0,0,11000,0,0
20251217,6582,申豐,33.5,33.9,33.45,33.65,+,0.3,18251,612528.0,3000,0,1000,5000,0,2000,2000,0,1000
20251217,6552,易華電,25.1,25.1,24.75,24.9,+,0.15,49031,1225721.0,4000,0,0,10000,0,0,6000,0,0
20251217,6230,尼得科超眾,113.5,115.0,111.5,113.5,,0.0,45854,5204810.0,4000,0,-201,21000,0,0,17000,0,201
20251217,7749,意騰-KY,415.5,420.0,414.0,415.5,+,1.0,97100,40493086.0,2000,0,1337,49000,0,1338,47000,0,1
20251217,6952,大武山,43.1,43.7,43.1,43.15,-,0.1,22505,971964.0,3000,0,0,4000,0,0,1000,0,0
20251217,9935,慶豐富,20.55,20.7,20.5,20.65,+,0.1,102471,2114853.0,-5000,0,8000,28000,0,8000,33000,0,0
20251217,6423,億而得-創,71.2,71.6,71.2,71.5,-,0.8,6000,427900.0,0,0,3000,0,0,3000,0,0,0
20251217,6641,基士德-KY,19.15,19.3,19.1,19.2,+,0.05,18000,345350.0,2000,0,1000,3000,0,1000,1000,0,0
20251217,4935,茂林-KY,40.55,41.1,40.55,40.7,,0.0,42019,1715829.0,3000,0,0,9000,0,0,6000,0,0
20251217,2025,千興,9.69,9.69,9.56,9.56,+,0.01,62454,599319.0,2000,0,1000,9000,0,1000,7000,0,0
20251217,2433,互盛電,47.5,47.5,47.35,47.4,-,0.1,49555,2350354.0,3000,0,0,8000,0,0,5000,0,0
20251217,2420,新巨,50.2,50.8,50.2,50.3,+,0.2,37986,1918583.0,3000,0,0,15000,0,0,12000,0,0
20251217,2415,錩新,26.35,26.35,25.95,25.95,-,0.15,59760,1561210.0,3000,0,0,12000,0,0,9000,0,0
20251217,2642,宅配通,26.15,26.3,26.15,26.15,-,0.05,31220,819269.0,2998,0,0,6000,0,1000,3002,0,1000
20251217,2546,根基,86.4,86.6,85.6,86.2,-,0.2,57620,4966039.0,942,0,2000,19002,0,2000,18060,0,0
20251217,3501,維熹,48.3,49.15,48.2,48.6,+,0.6,207104,10098261.0,6000,0,-3183,67000,0,1000,61000,0,4183
20251217,00783,富邦中証500,24.13,24.22,24.13,24.22,+,0.24,16448,397607.0,0,0,2428,0,0,13441,0,0,11013
20251217,00899,FT潔淨能源,19.97,20.17,19.97,20.12,+,0.09,71419,1438356.0,1000,0,1004,1000,0,1004,0,0,0
20251217,3130,一零四,223.5,224.0,223.5,223.5,-,0.5,13879,3104499.0,2001,0,0,7000,0,0,4999,0,0
20251217,5484,慧友,38.2,38.55,38.0,38.0,,0.0,110215,4222950.0,3000,0,-1000,27000,0,0,24000,0,1000
20251217,4560,強信-KY,32.5,32.7,32.45,32.7,+,0.2,91001,2962733.0,2000,0,0,47000,0,0,45000,0,0
20251217,6201,亞弘電,55.6,55.9,55.6,55.9,+,0.3,16003,890767.0,1000,0,1000,2000,0,1000,1000,0,0
20251217,6807,峰源-KY,45.8,45.95,45.7,45.95,+,0.15,12053,552063.0,1000,0,1000,2000,0,1000,1000,0,0
20251217,2432,倚天酷碁-創,25.95,26.0,25.8,25.9,-,0.05,23105,598558.0,2000,0,0,2000,0,8000,0,0,8000
20251217,2254,巨鎧精密-創,59.3,59.7,59.0,59.0,-,0.2,5000,296300.0,-1000,0,3000,0,0,5000,1000,0,2000
20251217,1537,廣隆,124.0,125.0,124.0,124.5,-,0.5,38658,4806544.0,-2000,0,4000,12000,0,4000,14000,0,0
20251217,1475,業旺,30.3,30.75,30.25,30.3,+,0.15,43024,1311530.0,2000,0,0,6000,0,0,4000,0,0
20251217,1236,宏亞,25.05,25.2,24.8,24.9,-,0.05,33140,827455.0,0,0,2000,6000,0,2000,6000,0,0
20251217,2302,麗正,17.6,17.85,17.55,17.55,+,0.1,206874,3659801.0,4000,-1000,-1430,57000,0,0,53000,1000,1430
20251217,00913,兆豐台灣晶圓製造,23.9,24.07,23.78,23.78,-,0.01,163326,3915548.0,-5000,0,6369,0,0,127000,5000,0,120631
20251217,0057,富邦摩台,182.5,182.55,181.3,181.3,-,0.45,19990,3633537.0,0,0,1000,0,0,15000,0,0,14000
20251217,00660,元大歐洲50,41.69,41.69,41.55,41.58,-,0.02,9709,403549.0,0,0,1000,0,0,2000,0,0,1000
20251217,1467,南緯,7.02,7.05,7.02,7.03,+,0.01,59494,418763.0,1000,0,0,10000,0,0,9000,0,0
20251217,2397,友通,60.9,61.7,60.9,61.2,+,0.4,185631,11398496.0,1000,0,0,67000,0,0,66000,0,0
20251217,1525,江申,63.8,64.1,63.6,63.7,,0.0,6003,382891.0,1000,0,0,3000,0,2000,2000,0,2000
20251217,1735,日勝化,14.6,14.7,14.3,14.55,-,0.2,29513,429384.0,0,0,1000,4000,0,1000,4000,0,0
20251217,2461,光群雷,15.35,15.6,15.3,15.45,+,0.1,186400,2876461.0,-6000,0,7000,9000,0,7000,15000,0,0
20251217,4581,光隆精密-KY,51.3,51.7,51.3,51.3,,0.0,15291,786268.0,1000,0,0,1000,0,0,0,0,0
20251217,3652,精聯,28.6,28.6,28.3,28.4,-,0.1,20080,570964.0,1000,0,0,3000,0,0,2000,0,0
20251217,3164,景岳,18.1,18.35,18.1,18.15,-,0.05,44806,812844.0,1000,0,0,3000,0,0,2000,0,0
20251217,7730,暉盛-創,83.5,84.0,83.5,84.0,+,0.5,5000,418500.0,1000,0,0,1000,0,0,0,0,0
20251217,1339,昭輝,44.1,44.55,43.65,44.35,+,0.25,32864,1451499.0,2000,0,-1060,7000,0,0,5000,0,1060
20251217,6754,匯僑設計,46.5,46.9,46.5,46.9,+,0.7,4663,217731.0,0,-70,1000,1000,0,1000,1000,70,0
20251217,1817,凱撒衛,38.35,38.45,38.3,38.4,+,0.1,14206,545340.0,0,0,930,1000,0,1000,1000,0,70
20251217,1453,大將,12.5,12.6,12.5,12.5,+,0.05,142371,1785361.0,-1150,0,2000,10000,0,2000,11150,0,0
20251217,4934,太極,14.9,15.15,14.0,14.0,-,0.9,2106506,30652778.0,-160,0,976,469000,0,4000,469160,0,3024
20251217,2017,官田鋼,8.42,8.52,8.42,8.44,-,0.03,306982,2595672.0,-1000,0,1762,81000,0,5000,82000,0,3238
20251217,9928,中視,19.3,21.2,19.3,20.7,+,1.4,708507,14451617.0,0,0,558,0,0,558,0,0,0
20251217,3583,辛耘,333.0,333.0,323.5,325.0,-,6.5,276904,90748594.0,2010,0,-1463,98010,0,5224,96000,0,6687
20251217,2379,瑞昱,516.0,519.0,510.0,514.0,,0.0,2352391,1209558203.0,-714983,724000,-8603,1305930,758000,19100,2020913,34000,27703
20251217,8033,雷虎,141.0,142.5,139.0,140.0,,0.0,866808,121440392.0,64206,0,-64000,117000,0,0,52794,0,64000
20251217,1468,昶和,11.75,11.8,11.6,11.7,-,0.1,40000,467600.0,-1000,0,1000,1000,0,2000,2000,0,1000
20251217,1413,宏洲,10.05,10.05,9.99,9.99,+,0.05,7000,70080.0,-1000,0,1000,1000,0,1000,2000,0,0
20251217,1323,永裕,19.5,19.55,19.5,19.55,+,0.05,19056,371988.0,0,0,0,3000,0,0,3000,0,0
20251217,1324,地球,10.55,10.65,10.5,10.5,-,0.05,7447,78922.0,0,0,0,1000,0,0,1000,0,0
20251217,8481,政伸,40.5,40.85,40.45,40.5,-,0.05,26000,1054250.0,-1000,0,1000,1000,0,1000,2000,0,0
20251217,8482,商億-KY,48.65,48.65,48.45,48.45,-,0.2,5028,244335.0,0,0,0,2000,0,0,2000,0,0
20251217,6951,青新-創,72.0,72.3,71.9,71.9,-,0.5,30393,2189025.0,-1000,0,1000,0,0,1000,1000,0,0
20251217,1539,巨庭,17.15,17.2,17.1,17.15,+,0.05,19001,326017.0,-2000,0,2000,0,0,2000,2000,0,0
20251217,1583,程泰,45.9,46.0,45.5,45.5,+,0.25,8080,370272.0,0,0,0,2000,0,0,2000,0,0
20251217,2739,寒舍,35.3,35.9,35.3,35.6,+,0.25,10200,362680.0,0,0,0,2000,0,0,2000,0,0
20251217,2483,百容,18.5,18.8,18.5,18.65,+,0.15,26000,486450.0,1000,0,-1000,6000,0,1000,5000,0,2000
20251217,2536,宏普,26.2,26.4,26.05,26.15,+,0.1,71094,1864199.0,-1000,0,1000,21000,0,1000,22000,0,0
20251217,4190,佐登-KY,30.0,30.55,30.0,30.15,+,0.05,30806,938355.0,0,0,0,4000,0,0,4000,0,0
20251217,4439,冠星-KY,103.0,104.5,103.0,103.5,,0.0,8225,853750.0,0,0,0,3000,0,0,3000,0,0
20251217,4771,望隼,178.5,178.5,176.5,176.5,-,0.5,12279,2174588.0,0,0,0,4000,0,0,4000,0,0
20251217,4994,傳奇,94.0,95.7,94.0,95.1,+,0.4,8116,769883.0,0,0,0,1000,0,0,1000,0,0
20251217,5546,永固-KY,22.75,23.0,22.2,22.5,+,0.25,15000,340300.0,0,0,0,1000,0,0,1000,0,0
20251217,6918,愛派司,87.7,88.6,87.7,88.0,-,0.8,32268,2840084.0,1000,0,-1000,5000,0,0,4000,0,1000
20251217,5906,台南-KY,50.5,51.0,50.5,50.5,-,1.0,6040,305402.0,-40,0,0,0,0,0,40,0,0
20251217,1598,岱宇,21.4,21.85,20.8,21.0,-,0.4,242275,5112803.0,7000,0,-7238,66000,0,5000,59000,0,12238
20251217,1721,三晃,11.1,11.35,11.05,11.25,+,0.15,291727,3273014.0,0,0,-310,51000,0,1000,51000,0,1310
20251217,00714,群益道瓊美國地產,19.92,19.99,19.92,19.99,-,0.06,863912,17243538.0,-1000,0,299,0,0,861136,1000,0,860837
20251217,4571,鈞興-KY,160.5,162.5,160.0,160.0,,0.0,88406,14220083.0,-1000,0,100,18000,0,100,19000,0,0
20251217,6645,金萬林-創,18.45,18.45,17.95,17.95,-,0.25,9547,173830.0,0,0,-996,0,0,1004,0,0,2000
20251217,6655,科定,118.0,118.0,115.5,115.5,,0.0,2000,233500.0,-1000,0,0,0,0,0,1000,0,0
20251217,5215,科嘉-KY,35.95,35.95,35.2,35.2,-,0.3,2174,77312.0,-1000,0,0,0,0,0,1000,0,0
20251217,3669,圓展,29.2,29.2,29.1,29.1,-,0.05,10447,304500.0,-1000,0,0,3000,0,0,4000,0,0
20251217,1726,永記,75.9,76.0,75.6,75.7,,0.0,8224,623144.0,-1000,0,0,2000,0,0,3000,0,0
20251217,1776,展宇,14.9,14.9,14.85,14.85,-,0.1,21660,322557.0,-1000,0,0,0,0,0,1000,0,0
20251217,1541,錩泰,23.55,23.55,23.3,23.4,-,0.15,35230,823893.0,-1000,0,0,0,0,0,1000,0,0
20251217,1512,瑞利,7.54,7.54,7.47,7.49,+,0.03,23754,177791.0,-1000,0,0,4000,0,0,5000,0,0
20251217,1474,弘裕,11.2,11.2,11.05,11.1,,0.0,22369,248986.0,-1000,0,0,3000,0,0,4000,0,0
20251217,2434,統懋,30.5,30.7,30.35,30.35,-,0.4,30100,917610.0,-1000,0,0,3000,0,1000,4000,0,1000
20251217,2248,華勝-KY,49.6,49.6,49.3,49.45,+,0.3,6000,296500.0,0,0,-1000,0,0,0,0,0,1000
20251217,2114,鑫永銓,90.0,90.0,89.8,89.8,,0.0,7559,680005.0,-1000,0,0,0,0,0,1000,0,0
20251217,2901,欣欣,25.4,25.55,25.1,25.1,-,0.05,6378,161201.0,-1000,0,0,0,0,0,1000,0,0
20251217,2910,統領,21.05,21.05,20.8,20.8,,0.0,5000,104250.0,-2000,0,1000,1000,0,1000,3000,0,0
20251217,2945,三商家購,37.75,37.8,37.65,37.8,+,0.05,11220,423487.0,-1000,0,0,0,0,0,1000,0,0
20251217,9943,好樂迪,61.8,61.9,61.2,61.2,-,0.6,22772,1399721.0,-1000,0,0,5000,0,0,6000,0,0
20251217,9929,秋雨,10.7,10.7,10.3,10.3,-,0.4,4000,41750.0,-1000,0,0,1000,0,0,2000,0,0
20251217,8466,美吉吉-KY,22.0,22.5,22.0,22.05,+,0.05,14570,322302.0,-1000,0,0,1000,0,0,2000,0,0
20251217,1256,鮮活果汁-KY,136.0,139.5,136.0,137.0,+,1.0,18360,2530655.0,-1000,0,0,3000,0,0,4000,0,0
20251217,1203,味王,39.8,39.8,39.45,39.45,-,0.05,8071,319806.0,-2000,0,1000,3000,0,1000,5000,0,0
20251217,1417,嘉裕,8.93,9.07,8.88,8.88,-,0.05,121667,1091097.0,-2000,0,1000,21000,0,1000,23000,0,0
20251217,1441,大東,10.5,10.5,10.45,10.5,,0.0,41770,438284.0,-1000,0,0,0,0,0,1000,0,0
20251217,1465,偉全,12.75,13.05,12.65,12.8,,0.0,84754,1087032.0,-4000,0,3000,3000,0,4000,7000,0,1000
20251217,6671,三能-KY,35.55,35.65,35.5,35.65,-,0.1,13001,461835.0,-1000,0,-1,0,0,0,1000,0,1
20251217,6955,邦睿生技-創,150.5,153.0,150.5,153.0,+,2.0,2150,325400.0,-150,0,-852,0,0,1148,150,0,2000
20251217,3530,晶相光,72.3,75.5,72.0,72.0,-,0.5,410603,30046488.0,-6000,0,4894,93000,0,5000,99000,0,106
20251217,3040,遠見,55.8,56.9,55.8,56.9,+,0.4,91780,5172523.0,-387,0,-1000,8000,0,0,8387,0,1000
20251217,6854,錼創科技-KY創,133.5,136.5,131.0,131.0,-,2.0,240342,32136142.0,7000,0,-8459,67000,0,4541,60000,0,13000
20251217,00657,國泰日經225,58.3,58.5,58.15,58.35,+,0.05,62711,3663629.0,0,0,-1652,0,0,54348,0,0,56000
20251217,6715,嘉基,101.0,102.0,100.0,101.0,,0.0,36890,3725745.0,-2000,0,18,5000,0,18,7000,0,0
20251217,1432,大魯閣,18.15,18.15,18.05,18.1,-,0.05,75272,1362958.0,-1999,0,0,6001,0,1000,8000,0,1000
20251217,1423,利華,37.85,37.85,37.85,37.85,-,0.4,2833,106973.0,-2000,0,0,0,0,0,2000,0,0
20251217,1438,三地開發,33.8,33.8,33.55,33.7,+,0.25,4009,134901.0,-2000,0,0,0,0,0,2000,0,0
20251217,6771,平和環保-創,44.4,44.7,44.4,44.4,-,0.15,33101,1473364.0,0,0,-2000,1000,0,1000,1000,0,3000
20251217,6776,展碁國際,48.8,49.3,48.8,48.85,,0.0,66095,3239401.0,-2000,0,0,19000,0,0,21000,0,0
20251217,6581,鋼聯,105.5,106.0,105.0,105.5,+,0.5,10000,1056500.0,-2000,0,0,1000,0,0,3000,0,0
20251217,6183,關貿,95.8,95.8,95.0,95.0,-,0.8,33878,3222040.0,-3000,0,1000,2000,0,1000,5000,0,0
20251217,6887,寶綠特-KY,60.0,62.4,60.0,62.4,+,0.9,8140,503252.0,-2000,0,0,1000,0,1000,3000,0,1000
20251217,3168,眾福科,43.75,43.8,42.85,42.85,+,0.1,14000,609600.0,-2000,0,0,0,0,0,2000,0,0
20251217,4133,亞諾法,23.1,23.1,22.9,22.9,+,0.05,56788,1305177.0,-2000,0,0,2000,0,0,4000,0,0
20251217,5288,豐祥-KY,130.0,130.0,129.5,129.5,+,0.5,17884,2318854.0,-2000,0,0,6000,0,0,8000,0,0
20251217,4572,駐龍,152.0,152.0,151.0,151.5,-,1.0,9514,1440820.0,-3000,0,1000,1000,0,1000,4000,0,0
20251217,2904,匯僑,17.1,17.1,17.05,17.05,-,0.1,15375,262515.0,-2000,0,0,0,0,0,2000,0,0
20251217,2712,遠雄來,18.3,18.4,18.05,18.4,+,0.1,14411,263019.0,-3000,0,1000,0,0,1000,3000,0,0
20251217,2762,世界健身-KY,77.4,77.7,76.8,77.4,-,0.1,29315,2264477.0,-2000,0,0,3000,0,0,5000,0,0
20251217,2616,山隆,13.75,13.8,13.7,13.7,-,0.05,47561,653104.0,-5000,0,3000,1000,0,3000,6000,0,0
20251217,2497,怡利電,46.8,47.1,46.55,47.05,+,0.65,178558,8377733.0,-3000,0,1000,48000,0,1000,51000,0,0
20251217,2115,六暉-KY,25.3,25.3,24.7,24.75,,0.0,43046,1069540.0,-3000,0,1000,3000,0,2000,6000,0,1000
20251217,2438,翔耀,22.05,22.55,22.0,22.55,,0.0,61686,1363831.0,-2000,0,0,0,0,0,2000,0,0
20251217,1526,日馳,16.85,16.95,16.75,16.75,-,0.05,36035,605149.0,-1000,0,-1000,6000,0,0,7000,0,1000
20251217,1521,大億,23.9,23.9,23.9,23.9,,0.0,6463,154738.0,-2000,0,0,0,0,0,2000,0,0
20251217,2024,志聯,15.5,15.6,15.4,15.4,+,0.05,15055,234156.0,-2000,0,0,0,0,0,2000,0,0
20251217,2008,高興昌,29.05,29.05,29.0,29.0,-,0.05,9407,273079.0,-2000,0,0,1000,0,0,3000,0,0
20251217,8443,阿瘦,11.15,11.15,11.15,11.15,+,0.05,2702,30231.0,-2000,0,0,0,0,0,2000,0,0
20251217,8488,吉源-KY,10.0,10.1,10.0,10.05,,0.0,8000,80350.0,-2000,0,0,0,0,0,2000,0,0
20251217,7786,東方風能,162.0,162.5,159.0,160.0,-,2.0,101746,16340186.0,-2000,0,0,18000,0,0,20000,0,0
20251217,7736,虎山,89.1,89.9,89.1,89.7,+,0.6,18022,1612980.0,-2000,0,0,4000,0,0,6000,0,0
20251217,9926,新海,49.5,49.6,49.4,49.4,-,0.05,6000,296900.0,-2000,0,0,1000,0,0,3000,0,0
20251217,9918,欣天然,39.65,39.65,39.45,39.55,+,0.15,13261,524190.0,-2000,0,0,2000,0,0,4000,0,0
20251217,9931,欣高,34.2,34.2,34.0,34.0,-,0.2,5041,172093.0,-2000,0,0,0,0,0,2000,0,0
20251217,6988,威力暘-創,12.6,12.6,12.35,12.35,-,0.6,65150,810964.0,-9000,0,6850,0,0,17000,9000,0,10150
20251217,5283,禾聯碩,61.9,62.2,61.0,61.7,-,0.1,110638,6803421.0,-1000,0,-1200,29000,0,1000,30000,0,2200
20251217,3150,鈺寶-創,19.55,19.6,19.5,19.5,-,0.15,7557,147327.0,-2000,0,-561,0,0,439,2000,0,1000
20251217,2455,全新,133.5,135.5,132.5,133.0,+,1.5,1783061,238674864.0,16000,0,-18742,656000,0,96340,640000,0,115082
20251217,2314,台揚,22.5,23.55,22.5,23.15,+,0.65,108166,2508797.0,-3000,0,0,0,0,0,3000,0,0
20251217,2012,春雨,14.95,15.0,14.95,14.95,,0.0,21978,329123.0,-3000,0,0,5000,0,0,8000,0,0
20251217,1730,花仙子,52.9,53.3,52.8,52.9,,0.0,25307,1341389.0,-3000,0,0,0,0,2000,3000,0,2000
20251217,1530,亞崴,27.35,27.7,27.3,27.3,-,0.05,8764,240009.0,-2000,0,-1000,1000,0,0,3000,0,1000
20251217,3004,豐達科,97.5,97.8,96.8,96.8,,0.0,166411,16178877.0,6000,0,-9000,46000,0,0,40000,0,9000
20251217,3308,聯德,16.15,16.15,15.7,15.85,,0.0,63566,1007468.0,-4000,0,1000,1000,0,1000,5000,0,0
20251217,5007,三星,55.9,55.9,55.3,55.3,-,0.5,25065,1389867.0,-6000,0,3000,9000,0,3000,15000,0,0
20251217,6598,ABC-KY,21.1,21.15,21.05,21.1,,0.0,35225,742897.0,-4000,0,1000,1000,0,1000,5000,0,0
20251217,6924,榮惠-KY創,65.4,66.0,61.4,65.9,+,0.8,54000,3468600.0,-2000,0,-1000,2000,0,13000,4000,0,14000
20251217,7765,中華資安,268.0,269.0,267.0,269.0,-,1.0,47667,12765790.0,-3000,0,0,5000,0,0,8000,0,0
20251217,8463,潤泰材,26.9,27.15,26.9,27.0,,0.0,48061,1299592.0,-5000,0,2000,3000,0,2000,8000,0,0
20251217,8438,昶昕,29.55,29.65,29.5,29.5,+,0.05,15010,443745.0,-3000,0,0,0,0,0,3000,0,0
20251217,9944,新麗,16.95,16.95,16.7,16.7,-,0.2,28588,482474.0,-3000,0,0,1000,0,0,4000,0,0
20251217,1416,廣豐,11.7,11.75,11.7,11.75,,0.0,112011,1314448.0,-3000,0,0,8000,0,0,11000,0,0
20251217,1315,達新,64.7,64.7,64.1,64.2,-,0.6,10191,655317.0,-4000,0,1000,1000,0,1000,5000,0,0
20251217,1456,怡華,12.8,12.8,12.45,12.7,+,0.1,8377,106200.0,-3000,0,0,0,0,0,3000,0,0
20251217,1472,三洋實業,89.8,90.0,89.5,89.7,-,0.1,24116,2164355.0,-2000,0,-1000,0,0,0,2000,0,1000
20251217,4148,全宇生技-KY,40.25,40.3,38.0,38.15,-,2.15,198567,7721240.0,-6050,0,3000,14000,0,3000,20050,0,0
20251217,2233,宇隆,184.5,191.5,184.0,185.5,+,1.0,332625,62475984.0,-7030,0,3859,71000,0,7031,78030,0,3172
20251217,1235,興泰,48.85,48.85,47.2,47.2,-,0.95,5501,260821.0,-3200,0,0,0,0,0,3200,0,0
20251217,3447,展達,47.9,48.8,47.6,47.7,+,0.4,217853,10470149.0,-4000,0,639,73000,0,1000,77000,0,361
20251217,4555,氣立,39.0,39.5,38.85,38.85,,0.0,92480,3617774.0,-3000,0,-427,34000,0,1000,37000,0,1427
20251217,4999,鑫禾,22.7,23.15,22.7,23.1,,0.0,49584,1140560.0,-4000,0,34,3000,0,2000,7000,0,1966
20251217,4930,燦星網,21.8,21.85,21.75,21.8,+,0.2,23201,505165.0,3000,0,-7000,5000,0,0,2000,0,7000
20251217,4137,麗豐-KY,98.8,98.8,98.2,98.4,-,0.7,36896,3632205.0,-6000,0,2000,11000,0,2000,17000,0,0
20251217,3716,中化控股,33.8,33.8,33.6,33.6,-,0.2,21976,739096.0,-4000,0,0,1000,0,0,5000,0,0
20251217,6606,建德工業,25.2,25.2,25.05,25.1,+,0.05,15129,379908.0,-4000,0,0,0,0,0,4000,0,0
20251217,2430,燦坤,23.15,23.15,22.85,22.95,-,0.1,21568,496608.0,-4000,0,0,1000,0,0,5000,0,0
20251217,1535,中宇,52.9,53.2,52.7,52.9,,0.0,24730,1309120.0,-4000,0,0,2000,0,0,6000,0,0
20251217,6969,成信實業*-創,31.0,31.05,30.3,30.5,-,0.1,34005,1038803.0,-7000,0,3000,0,0,3000,7000,0,0
20251217,1435,中福,21.75,21.85,21.7,21.8,-,0.2,21450,466680.0,-4000,0,0,1000,0,0,5000,0,0
20251217,6128,上福,22.9,22.9,22.7,22.8,-,0.1,57702,1320816.0,-4000,0,-9,1000,0,0,5000,0,9
20251217,6464,台數科,77.2,77.2,76.0,76.0,-,0.7,7827,597187.0,-5030,0,1000,1000,0,1000,6030,0,0
20251217,1558,伸興,102.0,103.5,102.0,102.0,,0.0,99669,10256730.0,-4000,-194,-533,9000,0,14467,13000,194,15000
20251217,1590,亞德客-KY,949.0,953.0,927.0,928.0,-,12.0,516749,485682983.0,10067,-2000,-12813,428451,0,4440,418384,2000,17253
20251217,2020,美亞,23.15,23.3,23.1,23.15,,0.0,185120,4292348.0,-5000,0,0,50000,0,0,55000,0,0
20251217,1906,寶隆,12.0,12.0,11.85,11.9,-,0.1,67326,805066.0,-4000,0,-1000,3000,0,6000,7000,0,7000
20251217,2243,宏旭-KY,11.85,11.95,11.5,11.65,-,0.2,187278,2183301.0,-4000,0,-1000,0,0,4000,4000,0,5000
20251217,6281,全國電,62.5,62.8,62.5,62.7,+,0.2,25320,1587456.0,-2000,0,-3000,4000,0,0,6000,0,3000
20251217,3021,鴻名,17.55,17.85,17.55,17.8,+,0.2,37422,662653.0,-6000,0,1000,2000,0,3000,8000,0,2000
20251217,5292,華懋,145.5,146.0,144.0,144.5,-,0.5,25118,3647305.0,-6000,0,1000,3000,0,1000,9000,0,0
20251217,6957,裕慶-KY,204.0,204.5,198.0,199.0,-,1.0,81701,16407217.0,-5000,0,0,16000,0,0,21000,0,0
20251217,8411,福貞-KY,12.2,12.2,12.0,12.05,-,0.25,70228,848052.0,-6000,0,1000,3000,0,2000,9000,0,1000
20251217,7791,皇家可口,71.7,71.7,71.2,71.5,+,0.1,44293,3162222.0,-5000,0,0,0,0,0,5000,0,0
20251217,1443,立益物流,26.85,26.9,26.7,26.8,-,0.15,9153,245436.0,-5000,0,0,0,0,0,5000,0,0
20251217,1445,大宇,13.2,13.5,13.2,13.4,+,0.15,42642,571821.0,-6000,0,1000,0,0,1000,6000,0,0
20251217,4562,穎漢,36.3,36.6,35.95,36.0,+,0.05,185235,6718383.0,-5076,0,0,57000,0,0,62076,0,0
20251217,2227,裕日車,54.7,55.4,54.7,54.7,+,0.2,13995,767963.0,-6100,0,1000,1000,0,1000,7100,0,0
20251217,6790,永豐實,38.6,38.7,38.55,38.6,+,0.2,47430,1830831.0,-6000,0,800,13000,0,1000,19000,0,200
20251217,1762,中化生,25.05,25.1,24.85,24.85,-,0.2,38629,964000.0,-6000,0,767,3000,0,2000,9000,0,1233
20251217,8016,矽創,177.5,184.0,177.5,181.0,+,3.5,1262711,228282440.0,551400,-560000,3345,842400,35000,5000,291000,595000,1655
20251217,6958,日盛台駿,15.75,15.75,15.5,15.5,-,0.15,15750,245262.0,-5280,0,0,3200,0,0,8480,0,0
20251217,8487,愛爾達-創,77.8,78.4,77.3,78.4,+,0.5,13238,1033288.0,-2000,0,-4000,0,0,2000,2000,0,6000
20251217,1731,美吾華,21.7,21.8,21.65,21.7,,0.0,70518,1531156.0,-6000,0,0,2000,0,0,8000,0,0
20251217,2425,承啟,29.3,29.8,29.0,29.0,,0.0,132591,3900338.0,-5000,0,-1000,50000,0,0,55000,0,1000
20251217,2423,固緯,54.5,55.1,54.0,54.2,+,0.1,97582,5330027.0,-6000,0,0,26000,0,1000,32000,0,1000
20251217,2488,漢平,45.25,45.55,45.25,45.35,+,0.1,62611,2841745.0,-6000,0,0,6000,0,0,12000,0,0
20251217,4155,訊映,15.05,15.05,14.95,14.95,+,0.05,44206,662610.0,-6000,0,0,4000,0,0,10000,0,0
20251217,00703,台新MSCI中國,21.29,21.42,21.29,21.36,+,0.12,34820,744239.0,1000,0,-7552,1000,0,24257,0,0,31809
20251217,6933,AMAX-KY,151.0,152.5,148.0,149.0,-,2.5,108953,16363071.0,-7000,0,185,31000,0,2000,38000,0,1815
20251217,8367,建新國際,43.75,44.15,43.75,43.8,+,0.05,25000,1101300.0,-7000,0,0,0,0,0,7000,0,0
20251217,8940,新天地,20.4,20.45,20.2,20.2,+,0.15,22825,462727.0,-7000,0,0,0,0,0,7000,0,0
20251217,6862,三集瑞-KY,158.0,161.5,158.0,160.0,+,2.0,99826,16007886.0,-7000,0,0,18000,0,0,25000,0,0
20251217,6743,安普新,27.5,28.15,27.4,27.8,+,0.6,103900,2888115.0,-5000,0,-2000,30000,0,1000,35000,0,3000
20251217,2705,六福,16.55,16.6,16.5,16.55,+,0.05,119508,1978934.0,-7000,0,0,16000,0,0,23000,0,0
20251217,1725,元禎,25.75,25.75,25.35,25.35,-,0.15,15350,391915.0,-7000,0,0,0,0,0,7000,0,0
20251217,1531,高林股,11.8,11.95,11.75,11.85,-,0.05,153581,1817409.0,-8000,0,1000,2000,0,1000,10000,0,0
20251217,1506,正道,11.7,11.7,11.5,11.7,,0.0,119002,1378038.0,-10000,0,3000,0,0,3000,10000,0,0
20251217,1709,和益,16.8,16.8,16.7,16.7,-,0.05,164904,2765014.0,-7000,0,0,36000,0,0,43000,0,0
20251217,1232,大統益,145.5,145.5,144.5,144.5,-,1.5,35069,5074296.0,-9000,0,2000,5000,0,2000,14000,0,0
20251217,1470,大統新創,22.25,22.75,22.05,22.05,-,1.0,8034,179046.0,-7000,0,0,0,0,0,7000,0,0
20251217,0053,元大電子,133.65,133.75,132.8,132.8,-,0.65,13523,1803397.0,-2000,0,-5020,0,0,38,2000,0,5058
20251217,1517,利奇,11.25,11.25,11.1,11.1,,0.0,98802,1103822.0,-4000,0,-3042,25000,0,1000,29000,0,4042
20251217,00949,復華日本龍頭,18.53,18.54,18.44,18.47,-,0.08,769457,14224888.0,-1180,0,-6248,2000,0,257235,3180,0,263483
20251217,6412,群電,87.5,91.1,87.0,87.5,+,0.9,1660237,147031245.0,815000,-814000,-8873,1233000,0,4735,418000,814000,13608
20251217,3617,碩天,194.5,199.5,194.5,198.0,+,3.5,338964,67081356.0,86000,-92000,-1876,208000,0,2170,122000,92000,4046
20251217,4440,宜新實業,17.95,18.0,17.3,17.85,-,0.1,155000,2744448.0,-9000,0,1000,11000,0,4000,20000,0,3000
20251217,3054,立萬利,27.6,27.8,26.95,27.45,+,0.75,82076,2251025.0,-8000,0,0,4000,0,0,12000,0,0
20251217,3018,隆銘綠能,11.8,11.8,11.7,11.7,-,0.15,28683,336656.0,-8000,0,0,0,0,0,8000,0,0
20251217,6504,南六,41.75,41.8,41.45,41.45,-,0.1,24058,999582.0,-8000,0,0,5000,0,0,13000,0,0
20251217,1805,寶徠,10.8,11.0,10.8,10.8,-,0.1,29100,316839.0,-6000,0,-2000,0,0,0,6000,0,2000
20251217,2748,雲品,43.85,43.85,42.75,42.95,,0.0,51229,2198007.0,-8000,0,0,4000,0,0,12000,0,0
20251217,8473,山林水,35.7,35.7,35.2,35.2,-,0.05,89690,3166875.0,-9000,0,1000,17000,0,1000,26000,0,0
20251217,8341,日友,78.3,78.8,78.2,78.4,+,0.2,106446,8353683.0,-8000,0,0,29000,0,0,37000,0,0
20251217,8249,菱光,50.9,51.8,50.5,50.5,-,0.5,395553,20239558.0,-9000,0,1000,116000,0,1000,125000,0,0
20251217,8162,微矽電子-創,34.2,34.45,33.85,33.85,-,0.15,18010,613939.0,-7000,0,-1000,0,0,1000,7000,0,2000
20251217,1220,台榮,12.45,12.45,12.4,12.45,,0.0,103623,1287497.0,-8000,0,0,2000,0,0,10000,0,0
20251217,5222,全訊,130.0,130.0,127.5,127.5,-,0.5,151998,19522382.0,-6300,-1000,-1002,42000,0,1000,48300,1000,2002
20251217,6949,沛爾生醫-創,382.0,388.0,379.0,381.0,-,1.0,102030,39039456.0,-9000,0,541,40000,0,1135,49000,0,594
20251217,3038,全台,22.95,23.45,22.8,23.15,+,0.35,703959,16276797.0,-76000,-484,67924,82000,0,91000,158000,484,23076
20251217,7722,LINEPAY,564.0,564.0,555.0,557.0,-,5.0,35604,19890275.0,-8384,0,-318,7000,0,0,15384,0,318
20251217,6614,資拓宏宇,48.5,48.5,48.05,48.1,-,0.4,98719,4757787.0,-9000,0,0,1000,0,0,10000,0,0
20251217,6792,詠業,50.0,50.8,49.8,49.9,+,0.15,27337,1371392.0,-8000,0,-1000,0,0,0,8000,0,1000
20251217,1626,艾美特-KY,11.55,11.65,11.55,11.55,-,0.15,38489,446742.0,-7000,0,-2000,0,0,0,7000,0,2000
20251217,1473,台南,24.65,25.15,24.5,24.8,+,0.1,37968,941599.0,-8000,0,-1000,6000,0,0,14000,0,1000
20251217,1439,雋揚,27.55,29.25,27.1,29.25,+,2.2,56638,1645688.0,-2000,0,-7000,1000,0,0,3000,0,7000
20251217,6579,研揚,106.0,107.5,105.0,105.0,-,1.0,76911,8176300.0,-12000,0,2991,26000,0,3000,38000,0,9
20251217,8454,富邦媒,213.0,213.5,209.5,210.5,+,0.5,385910,81515133.0,-8177,0,-1067,268300,0,1165,276477,0,2232
20251217,5525,順天,28.5,28.6,28.35,28.35,-,0.1,41649,1184503.0,-10280,0,1000,4000,0,1000,14280,0,0
20251217,4108,懷特,13.85,13.9,13.7,13.75,-,0.1,86682,1197157.0,-11000,0,1000,0,0,1000,11000,0,0
20251217,3266,昇陽,13.75,13.9,13.6,13.65,+,0.1,34170,470788.0,-10000,0,0,1000,0,0,11000,0,0
20251217,6914,阜爾運通,144.0,144.5,143.0,143.0,-,0.5,26174,3764482.0,-7000,0,-3000,1000,0,1000,8000,0,4000
20251217,1614,三洋電,34.1,34.5,34.0,34.05,-,0.05,59010,2012245.0,-9000,0,-1000,7000,0,0,16000,0,1000
20251217,1540,喬福,22.9,23.1,22.8,22.8,+,0.2,185503,4253598.0,-11000,0,1000,50000,0,1000,61000,0,0
20251217,2414,精技,41.0,41.25,40.85,41.0,+,0.1,86065,3529670.0,-10000,0,0,24000,0,0,34000,0,0
20251217,00876,元大全球5G,49.58,50.15,49.58,50.05,+,0.05,71061,3549688.0,-10800,0,448,200,0,16000,11000,0,15552
20251217,00762,元大全球AI,82.4,82.6,82.35,82.5,+,1.25,241811,19947167.0,-3000,0,-7443,0,0,109557,3000,0,117000
20251217,6670,復盛應用,259.0,261.0,255.5,257.5,+,0.5,707886,182471313.0,414000,-424777,-191,575000,0,3000,161000,424777,3191
20251217,6136,富爾特,24.0,24.1,23.85,23.9,-,0.1,223050,5348010.0,-11000,0,0,12000,0,0,23000,0,0
20251217,2816,旺旺保,29.0,29.3,29.0,29.1,+,0.2,143035,4178379.0,-11000,0,0,16000,0,0,27000,0,0
20251217,2373,震旦行,57.0,57.0,56.4,56.6,-,0.4,24012,1358742.0,-12000,0,1000,2000,0,1000,14000,0,0
20251217,7732,金興精密,42.25,42.25,41.35,41.35,-,0.1,37268,1553586.0,-12000,0,1000,0,0,1000,12000,0,0
20251217,8201,無敵,14.15,14.25,14.0,14.1,-,0.05,72493,1019298.0,-12000,0,1000,0,0,1000,12000,0,0
20251217,6115,鎰勝,47.2,47.25,46.6,46.95,,0.0,52798,2477570.0,-11000,0,-77,9000,0,0,20000,0,77
20251217,6902,GOGOLOOK,76.4,78.3,76.0,76.0,-,0.1,21188,1627333.0,-3000,0,-9000,6000,0,0,9000,0,9000
20251217,4551,智伸科,114.0,115.5,111.0,115.5,+,1.5,131594,15067638.0,34000,-45000,-1000,73000,0,0,39000,45000,1000
20251217,4426,利勤,9.73,9.8,9.73,9.73,-,0.02,105821,1032196.0,-12000,0,0,1000,0,0,13000,0,0
20251217,2702,華園,11.85,11.95,11.85,11.9,-,0.05,37037,441008.0,-12000,0,0,1000,0,0,13000,0,0
20251217,1452,宏益,11.95,12.0,11.9,11.9,-,0.05,78795,943382.0,-9000,0,-3000,3000,0,0,12000,0,3000
20251217,1108,幸福,14.9,14.95,14.85,14.9,,0.0,96000,1430874.0,-14000,0,1000,4000,0,1000,18000,0,0
20251217,6863,永道-KY,116.5,117.0,112.0,112.5,-,3.0,146540,16664015.0,-12000,0,-1000,25000,0,0,37000,0,1000
20251217,6674,鋐寶科技,19.75,20.0,19.75,19.8,-,0.05,22000,437100.0,-13000,0,0,0,0,0,13000,0,0
20251217,6431,光麗-KY,30.8,31.75,28.8,29.95,-,0.85,802167,24056309.0,-13000,0,0,43000,0,0,56000,0,0
20251217,2753,八方雲集,195.5,195.5,194.0,194.0,-,0.5,436319,80814161.0,-11000,-1000,-1009,58000,0,3000,69000,1000,4009
20251217,2832,台產,50.2,50.8,50.2,50.2,-,0.3,231996,11703706.0,-25600,-1000,12999,77000,0,17000,102600,1000,4001
20251217,2706,第一店,13.0,13.0,12.9,12.95,,0.0,112401,1456166.0,-16000,0,2000,3000,0,2000,19000,0,0
20251217,2247,汎德永業,287.0,288.0,285.0,286.5,+,1.0,56649,16232692.0,-16000,0,2000,6000,0,2000,22000,0,0
20251217,1568,倉佑,21.7,21.85,21.7,21.7,+,0.05,60906,1326257.0,-14000,0,0,4000,0,0,18000,0,0
20251217,6184,大豐電,49.5,49.5,49.1,49.1,-,0.1,39775,1958242.0,-14000,0,0,8000,0,0,22000,0,0
20251217,9942,茂順,105.5,105.5,104.5,105.0,,0.0,47226,4950205.0,-14000,0,0,5000,0,0,19000,0,0
20251217,7711,永擎,268.0,269.5,265.5,265.5,-,2.0,240152,64153164.0,-14000,0,0,1000,0,0,15000,0,0
20251217,6931,青松健康,63.9,64.9,63.4,63.6,,0.0,69950,4481832.0,3000,0,-17000,13000,0,1000,10000,0,18000
20251217,9937,全國,59.1,60.2,58.0,58.3,+,0.1,133350,7888033.0,-20000,0,5994,23000,0,14000,43000,0,8006
20251217,2436,偉詮電,48.6,49.65,48.35,48.35,+,0.15,1498409,73356124.0,-15000,0,371,439000,0,3371,454000,0,3000
20251217,3055,蔚華科,78.5,78.6,75.2,77.4,,0.0,900288,69468545.0,-43980,0,29037,265020,0,29052,309000,0,15
20251217,3346,麗清,19.0,19.2,18.85,18.9,-,0.05,108022,2048741.0,-15000,0,0,23000,0,0,38000,0,0
20251217,4755,三福化,99.6,100.5,99.1,99.2,-,0.4,40946,4073552.0,-14000,0,-1000,6000,0,0,20000,0,1000
20251217,2450,神腦,28.9,29.1,28.85,28.85,-,0.05,65188,1889325.0,-15000,0,0,7000,0,0,22000,0,0
20251217,6936,永鴻生技,37.0,37.0,36.4,36.6,+,0.05,164583,6038578.0,-15000,0,0,3000,0,2000,18000,0,2000
20251217,7740,熙特爾-創,156.5,156.5,148.0,149.0,-,1.0,50248,7556065.0,-15000,0,0,4000,0,4000,19000,0,4000
20251217,6698,旭暉應材,28.5,28.85,28.4,28.4,-,0.05,55623,1591009.0,-15000,0,-312,11000,0,1000,26000,0,1312
20251217,3229,晟鈦,29.45,29.5,26.5,26.95,-,2.05,1318080,36379728.0,-18000,0,2539,82000,0,3000,100000,0,461
20251217,2505,國揚,19.15,19.35,19.15,19.2,+,0.15,203034,3906969.0,-17000,0,1000,28000,0,1000,45000,0,0
20251217,1471,首利,9.0,9.05,8.92,8.92,-,0.04,273080,2453925.0,-16000,0,0,14000,0,0,30000,0,0
20251217,4583,台灣精銳,642.0,650.0,633.0,635.0,-,7.0,166728,106615074.0,-15712,0,-446,34463,0,3024,50175,0,3470
20251217,6215,和椿,103.5,105.5,103.0,103.0,-,0.5,441789,46081853.0,-17000,0,327,85000,0,593,102000,0,266
20251217,6117,迎廣,79.3,80.5,78.7,78.7,-,0.6,259141,20594089.0,-13000,0,-3779,56000,0,3000,69000,0,6779
20251217,5538,東明-KY,29.0,29.45,29.0,29.0,,0.0,23000,672050.0,-18000,0,1000,0,0,1000,18000,0,0
20251217,4564,元翎,17.05,17.15,16.8,16.95,-,0.05,336043,5676923.0,-14000,0,-3000,117000,0,1000,131000,0,4000
20251217,3518,柏騰,20.15,20.65,20.1,20.2,-,0.1,141845,2880207.0,-12000,0,-5000,38000,0,2000,50000,0,7000
20251217,2722,夏都,26.5,26.95,26.5,26.55,-,0.25,59206,1574467.0,-17000,0,0,4000,0,0,21000,0,0
20251217,7705,三商餐飲,40.1,40.2,39.9,39.95,-,0.05,62380,2495063.0,-17000,0,0,3000,0,0,20000,0,0
20251217,9905,大華,20.05,20.1,19.9,19.95,,0.0,93412,1866190.0,-18000,0,1000,2000,0,1000,20000,0,0
20251217,1459,聯發,11.85,11.85,11.7,11.75,,0.0,144801,1696809.0,-18000,0,1000,0,0,1000,18000,0,0
20251217,1109,信大,15.55,15.6,15.5,15.55,-,0.1,48172,749039.0,-19000,0,1000,1000,0,1000,20000,0,0
20251217,9908,大台北,30.05,30.05,29.95,29.95,-,0.1,86601,2595664.0,-18000,0,0,2000,0,0,20000,0,0
20251217,3419,譁裕,13.05,13.2,13.0,13.2,+,0.05,147638,1932234.0,-16000,0,-2000,7000,0,0,23000,0,2000
20251217,3338,泰碩,49.25,50.4,49.25,49.3,+,0.05,234427,11652205.0,-19000,0,1000,81000,0,1000,100000,0,0
20251217,4540,全球傳動,34.75,35.15,34.6,34.6,,0.0,204755,7131900.0,-18000,0,-50,68000,0,1000,86000,0,1050
20251217,2482,連宇,18.1,18.1,17.55,17.6,-,0.1,168965,3003719.0,-16998,0,-1223,22002,0,0,39000,0,1223
20251217,4746,台耀,60.0,60.5,60.0,60.2,+,0.7,235306,14189596.0,-22000,0,3635,78000,0,3637,100000,0,2
20251217,5515,建國,34.2,35.95,34.2,35.5,+,1.6,2056383,72193882.0,-26000,0,7000,518000,0,15000,544000,0,8000
20251217,6928,攸泰科技,52.0,52.0,50.3,50.3,-,1.1,58506,2971373.0,-19000,0,0,1000,0,0,20000,0,0
20251217,8462,柏文,149.5,149.5,148.0,148.0,-,1.5,60884,9073951.0,-18000,0,-1110,7000,0,0,25000,0,1110
20251217,1615,大山,49.05,49.3,48.8,48.85,-,0.15,58580,2873192.0,-21150,0,2000,4000,0,2000,25150,0,0
20251217,6916,華凌,20.85,21.3,20.2,21.3,+,1.9,1867776,39424400.0,-21000,0,1104,35000,0,5317,56000,0,4213
20251217,3454,晶睿,98.9,98.9,98.7,98.7,-,0.1,161610,15961709.0,-21000,0,1000,2000,0,1000,23000,0,0
20251217,2509,全坤建,15.05,15.05,14.85,14.85,-,0.2,85880,1281430.0,-21000,0,1000,8000,0,3000,29000,0,2000
20251217,1457,宜進,15.7,15.7,15.65,15.65,-,0.05,56711,890015.0,-22000,0,2000,2000,0,2000,24000,0,0
20251217,6213,聯茂,109.0,110.5,107.5,108.0,-,1.0,3426599,373526896.0,-115970,0,95722,1281030,0,159472,1397000,0,63750
20251217,6592,和潤企業,61.4,62.1,60.8,61.1,-,0.3,253010,15528241.0,-30000,0,9406,93000,0,11000,123000,0,1594
20251217,8374,羅昇,78.3,79.5,77.4,77.4,-,0.8,174932,13688537.0,-21348,0,537,29652,0,2599,51000,0,2062
20251217,8045,達運光電,81.3,81.3,79.4,79.7,-,0.3,68276,5478018.0,-22000,0,1000,22000,0,1000,44000,0,0
20251217,2109,華豐,15.05,15.05,15.0,15.0,-,0.05,70301,1056187.0,-22000,0,1000,2000,0,1000,24000,0,0
20251217,3717,聯嘉投控,17.35,17.4,17.05,17.1,-,0.2,159691,2748105.0,-20000,0,-2000,42000,0,1000,62000,0,3000
20251217,2459,敦吉,66.0,66.0,64.8,64.9,-,0.3,45481,2964796.0,-23000,0,0,1000,0,0,24000,0,0
20251217,1604,聲寶,24.6,24.65,24.5,24.55,-,0.05,55671,1367937.0,-23000,0,0,6000,0,0,29000,0,0
20251217,1527,鑽全,32.55,33.1,32.55,32.8,+,0.25,121096,3966005.0,-26000,0,3000,20000,0,4000,46000,0,1000
20251217,8464,億豐,370.5,374.5,368.5,371.0,+,0.5,797973,296447335.0,-28711,-2077,7234,747000,0,10324,775711,2077,3090
20251217,9925,新保,40.85,40.85,40.7,40.7,-,0.05,95274,3883077.0,-25000,0,1000,26000,0,1000,51000,0,0
20251217,3708,上緯投控,107.0,111.0,106.5,107.5,+,1.0,1291850,140208078.0,-28000,1000,2798,396000,1000,28799,424000,0,26001
20251217,4438,廣越,78.3,79.0,77.6,77.9,-,0.4,47704,3723058.0,-25292,0,1000,9000,0,1000,34292,0,0
20251217,1752,南光,37.55,37.7,37.25,37.35,-,0.2,72510,2715983.0,-27000,0,2000,0,0,2000,27000,0,0
20251217,6965,中傑-KY,85.0,85.5,83.5,84.4,+,0.1,49303,4158938.0,-24000,0,-1000,10000,0,1000,34000,0,2000
20251217,8476,台境*,18.8,18.85,18.6,18.65,-,0.05,139473,2617140.0,-26000,0,1000,3000,0,1000,29000,0,0
20251217,9930,中聯資源,71.1,71.1,70.4,70.6,-,0.2,77959,5505567.0,-26000,0,964,7000,0,2000,33000,0,1036
20251217,4104,佳醫,81.8,81.8,81.0,81.1,-,0.4,108850,8854424.0,-25150,0,0,12000,0,0,37150,0,0
20251217,7780,大研生醫*,161.5,165.5,161.5,162.5,+,1.0,164926,27027064.0,-16000,0,-10003,15000,0,0,31000,0,10003
20251217,8499,鼎炫-KY,398.5,401.0,384.5,384.5,-,13.0,344427,134445887.0,-8000,0,-18993,89000,0,2610,97000,0,21603
20251217,1321,大洋,34.95,35.0,34.7,34.9,,0.0,104200,3634879.0,-28000,0,1000,7000,0,1000,35000,0,0
20251217,1737,臺鹽,31.7,31.7,31.45,31.5,+,0.15,59000,1861003.0,-28000,0,1000,10000,0,1000,38000,0,0
20251217,6794,向榮生技,80.7,81.9,78.2,79.7,-,0.5,63321,5040681.0,-27000,0,0,1000,0,0,28000,0,0
20251217,3703,欣陸,22.75,23.0,22.6,22.6,-,0.05,628831,14340818.0,-7000,0,-20000,199000,0,3000,206000,0,23000
20251217,3092,鴻碩,15.8,16.3,15.8,15.9,+,0.1,365240,5837922.0,-27000,0,0,88000,0,0,115000,0,0
20251217,6214,精誠,118.0,119.5,117.0,118.0,,0.0,630539,74612866.0,-23000,-5235,893,445000,0,9000,468000,5235,8107
20251217,9927,泰銘,68.2,68.2,67.9,67.9,-,0.2,63161,4295416.0,-17717,0,-10000,14000,0,0,31717,0,10000
20251217,6885,全福生技,29.8,30.2,29.6,29.6,-,0.25,179808,5373714.0,-28000,0,0,38000,0,0,66000,0,0
20251217,1110,東泥,16.3,16.5,16.25,16.45,+,0.15,103000,1685050.0,-28000,0,0,8000,0,1000,36000,0,1000
20251217,2468,華經,40.95,44.25,40.9,44.25,+,4.0,1068190,46958883.0,-29000,0,998,76000,0,1998,105000,0,1000
20251217,2028,威致,17.05,17.35,16.8,16.8,-,0.3,76592,1305502.0,-31000,0,2000,3000,0,2000,34000,0,0
20251217,3296,勝德,24.0,24.45,24.0,24.05,-,0.15,203669,4922859.0,-23000,0,-6000,4000,0,0,27000,0,6000
20251217,3031,佰鴻,20.2,20.25,19.8,19.8,-,0.1,394762,7912276.0,-28000,0,-1000,70000,0,0,98000,0,1000
20251217,00668,國泰美國道瓊,55.45,55.5,55.3,55.5,,0.0,89446,4957404.0,-1000,0,-28936,0,0,42259,1000,0,71195
20251217,3027,盛達,23.35,23.6,22.75,23.0,-,0.3,250024,5760161.0,-31000,0,1000,37000,0,3000,68000,0,2000
20251217,6205,詮欣,39.0,40.25,39.0,39.05,+,0.05,165696,6561422.0,-23000,0,-7000,32000,0,0,55000,0,7000
20251217,6108,競國,14.4,14.6,14.0,14.2,,0.0,201927,2861646.0,-19000,0,-11001,33000,0,3000,52000,0,14001
20251217,2231,為升,91.4,92.5,91.1,91.1,-,0.5,316107,28990858.0,-8000,0,-22184,110000,0,7000,118000,0,29184
20251217,1582,信錦,65.0,65.4,64.5,64.6,+,0.1,217570,14122466.0,-29000,0,-1843,75000,0,2000,104000,0,3843
20251217,2923,鼎固-KY,21.15,21.15,20.05,20.25,-,0.45,43549,893302.0,-33000,0,2000,1000,0,2000,34000,0,0
20251217,9946,三發地產,18.6,18.75,18.3,18.4,+,0.1,174640,3234948.0,-32000,0,1000,49000,0,1000,81000,0,0
20251217,1234,黑松,38.1,38.1,37.75,38.05,+,0.15,63460,2408031.0,-33000,0,1000,22000,0,1000,55000,0,0
20251217,6416,瑞祺電通,85.5,87.3,84.8,84.8,-,0.7,225287,19410109.0,-32000,0,0,59000,0,0,91000,0,0
20251217,4912,聯德控股-KY,84.1,84.5,83.1,83.5,-,0.6,150510,12611252.0,-33050,0,1000,41000,0,1000,74050,0,0
20251217,2849,安泰銀,13.3,13.35,13.2,13.25,+,0.05,75124,998666.0,-37000,0,4000,7000,0,4000,44000,0,0
20251217,1713,國化,43.75,43.85,43.4,43.4,-,0.2,96186,4191869.0,-37000,0,4000,7000,0,4000,44000,0,0
20251217,4119,旭富,48.6,48.6,47.9,48.1,-,0.1,93212,4496352.0,-29000,0,-4135,14000,0,1000,43000,0,5135
20251217,2013,中鋼構,41.85,41.85,41.35,41.5,-,0.3,82628,3436058.0,-34000,0,776,15000,0,6000,49000,0,5224
20251217,2906,高林,13.05,13.05,12.85,12.85,-,0.1,168097,2175818.0,-34000,0,0,41000,0,0,75000,0,0
20251217,6534,正瀚-創,89.0,89.0,86.3,86.4,-,1.7,105286,9148351.0,-35000,0,870,14000,0,4000,49000,0,3130
20251217,00661,元大日經225,63.6,63.9,63.5,63.6,-,0.1,61981,3945329.0,50,0,-34368,50,0,8000,0,0,42368
20251217,4441,振大環球,244.0,244.0,235.0,235.5,-,6.5,81043,19233584.0,-36000,0,1000,3000,0,1000,39000,0,0
20251217,5269,祥碩,1210.0,1215.0,1180.0,1180.0,-,10.0,298308,356580840.0,-35435,39896,-39491,85100,40000,13708,120535,104,53199
20251217,1734,杏輝,30.7,30.75,30.45,30.45,-,0.1,77536,2371641.0,-36100,0,1000,2000,0,1000,38100,0,0
20251217,6689,伊雲谷,61.6,62.7,61.3,61.3,-,0.3,112390,6947115.0,-34000,-2979,822,30000,0,1000,64000,2979,178
20251217,3413,京鼎,287.0,296.0,286.5,286.5,-,0.5,1118740,325395076.0,-78920,38000,4680,358080,42000,14040,437000,4000,9360
20251217,8996,高力,478.5,496.5,478.5,496.5,+,15.5,367855,178759127.0,76547,-104000,-9000,164000,6000,6000,87453,110000,15000
20251217,1760,寶齡富錦,64.5,65.0,63.9,64.2,-,0.4,78492,5049424.0,-36000,0,-1000,7000,0,0,43000,0,1000
20251217,2033,佳大,15.7,15.75,15.6,15.65,+,0.1,102003,1597546.0,-37000,0,0,1000,0,0,38000,0,0
20251217,3209,全科,31.5,32.0,31.5,31.55,-,0.25,185398,5882804.0,-34000,-1497,-2000,53000,0,0,87000,1497,2000
20251217,00709,富邦歐洲,36.12,36.28,36.12,36.26,+,0.14,97582,3537746.0,-900,0,-37000,100,0,11000,1000,0,48000
20251217,3035,智原,172.5,174.5,169.0,169.0,-,3.0,2955695,507755356.0,-510000,0,472052,492000,0,540113,1002000,0,68061
20251217,6937,天虹,216.5,217.5,212.0,213.5,-,2.0,144620,30999639.0,-37000,-1000,-173,24000,0,3000,61000,1000,3173
20251217,6756,威鋒電子,85.0,86.3,82.3,82.6,-,1.9,191772,16168728.0,-38000,0,-209,54000,0,5000,92000,0,5209
20251217,6873,泓德能源,102.0,102.5,98.5,98.5,-,1.5,261339,26215308.0,-44852,-1180,7086,65000,0,8281,109852,1180,1195
20251217,2241,艾姆勒,37.1,37.45,36.3,36.3,-,0.8,625788,22977459.0,-41000,0,2000,141000,0,3000,182000,0,1000
20251217,3043,科風,21.9,22.3,21.8,21.8,-,0.05,109422,2411879.0,-38189,0,-1000,10000,0,0,48189,0,1000
20251217,6438,迅得,137.5,139.5,137.0,137.5,,0.0,315921,43661491.0,-39000,0,-390,88000,0,741,127000,0,1131
20251217,3705,永信,56.5,56.8,56.2,56.3,-,0.1,216257,12214986.0,-38000,0,-2000,33000,0,2000,71000,0,4000
20251217,2460,建通,20.35,20.4,19.7,19.75,-,0.25,201376,4008868.0,-41000,0,1000,31000,0,3000,72000,0,2000
20251217,2516,新建,15.0,15.2,14.85,14.9,-,0.1,229774,3438364.0,-41000,0,1000,2000,0,1000,43000,0,0
20251217,1218,泰山,18.25,18.25,18.0,18.05,-,0.15,592999,10726744.0,-36000,0,-4000,81000,0,1000,117000,0,5000
20251217,1225,福懋油,29.75,29.9,29.5,29.5,-,0.15,131370,3892680.0,-40000,0,0,10000,0,0,50000,0,0
20251217,2527,宏璟,28.45,28.75,28.1,28.1,-,0.35,156084,4422031.0,-44000,-327,4000,53000,0,4000,97000,327,0
20251217,4585,達明,327.5,327.5,316.0,316.0,-,8.0,211349,67593310.0,-40980,0,0,11020,0,0,52000,0,0
20251217,4976,佳凌,30.45,31.45,30.45,30.55,-,0.1,315946,9795591.0,-40000,0,-1000,79000,0,0,119000,0,1000
20251217,2069,運錩,16.9,16.95,16.8,16.9,+,0.05,158773,2680863.0,-41000,0,0,2000,0,0,43000,0,0
20251217,8081,致新,210.5,212.5,208.5,208.5,-,0.5,578645,121735932.0,-85000,42000,229,241000,42000,229,326000,0,0
20251217,2514,龍邦,15.15,15.2,15.05,15.05,-,0.05,118412,1786028.0,-44000,0,1000,4000,0,1000,48000,0,0
20251217,0051,元大中型100,89.25,89.4,88.7,88.75,-,0.3,111396,9932544.0,-988,0,-42956,12,0,52000,1000,0,94956
20251217,6831,邁科,246.0,251.0,237.0,247.0,+,9.5,1292838,315257032.0,-92000,58000,-10000,143000,58000,10000,235000,0,20000
20251217,00645,富邦日本,47.0,47.18,46.89,47.07,-,0.13,163936,7715675.0,-900,0,-43228,100,0,54000,1000,0,97228
20251217,1612,宏泰,34.45,34.45,34.2,34.2,,0.0,419900,14406977.0,-42000,0,-2631,165000,0,33,207000,0,2664
20251217,4720,德淵,14.45,14.55,14.2,14.3,-,0.2,291665,4188481.0,-56000,-507,11000,4000,0,13000,60000,507,2000
20251217,2059,川湖,3640.0,3675.0,3535.0,3545.0,-,45.0,424748,1528163565.0,-66273,12853,6689,146352,13000,37307,212625,147,30618
20251217,00728,第一金工業30,36.26,36.28,35.83,35.87,-,0.09,148285,5350806.0,-4000,0,-42852,0,0,38153,4000,0,81005
20251217,4736,泰博,122.0,123.5,122.0,122.0,,0.0,124285,15245838.0,-45272,0,-2000,48000,0,0,93272,0,2000
20251217,2480,敦陽科,147.0,149.0,147.0,147.0,+,1.0,90750,13444190.0,-46849,0,-565,18000,0,0,64849,0,565
20251217,1616,億泰,28.1,28.2,27.85,27.85,-,0.25,493485,13793558.0,-45000,0,-2746,183000,0,1000,228000,0,3746
20251217,3701,大眾控,38.5,40.0,38.2,39.5,+,1.0,3793891,148559737.0,-47800,0,-1000,703200,0,1000,751000,0,2000
20251217,1451,年興,17.3,17.35,17.25,17.3,,0.0,124401,2154055.0,-50000,0,1000,4000,0,1000,54000,0,0
20251217,9924,福興,54.8,56.0,53.5,53.5,-,1.2,170098,9319389.0,-48600,-447,0,40000,0,10000,88600,447,10000
20251217,3014,聯陽,115.0,117.5,115.0,115.0,,0.0,647257,75270026.0,-124900,76279,-636,227100,177000,4034,352000,100721,4670
20251217,6477,安集,36.5,37.25,34.55,34.8,-,1.2,2282622,81438149.0,-48000,0,-1446,408000,0,0,456000,0,1446
20251217,6657,華安,41.9,42.25,41.15,41.9,-,0.05,171795,7160934.0,-48000,0,-2000,34000,0,0,82000,0,2000
20251217,00736,國泰新興市場,27.32,27.36,27.28,27.3,,0.0,173995,4754934.0,0,0,-50000,0,0,112000,0,0,162000
20251217,8163,達方,30.3,30.85,30.3,30.35,+,0.1,471114,14387928.0,-28920,0,-21389,174080,0,24000,203000,0,45389
20251217,1783,和康生,42.4,42.8,41.6,42.05,-,0.35,134472,5662302.0,-51000,0,0,5000,0,0,56000,0,0
20251217,1466,聚隆,14.6,14.6,14.1,14.3,-,0.3,169710,2426006.0,-52000,0,1000,18000,0,1000,70000,0,0
20251217,2838,聯邦銀,19.5,19.75,19.4,19.5,+,0.05,2662852,52075927.0,-54640,-40000,43258,1566000,0,48000,1620640,40000,4742
20251217,00690,兆豐藍籌30,42.92,43.0,42.63,42.68,-,0.06,491885,21060783.0,-6000,0,-46517,0,0,358000,6000,0,404517
20251217,6781,AES-KY,1300.0,1330.0,1290.0,1300.0,+,20.0,1321206,1730062760.0,-45607,-18065,10878,336095,72000,29768,381702,90065,18890
20251217,2038,海光,14.45,14.5,14.15,14.15,-,0.15,152578,2180437.0,-54160,0,1000,6000,0,1000,60160,0,0
20251217,1227,佳格,30.5,30.6,30.3,30.35,-,0.15,300953,9159148.0,-55000,0,1481,77000,0,5000,132000,0,3519
20251217,6197,佳必琪,132.0,134.0,130.5,131.0,-,0.5,651750,85929879.0,82000,-136000,-253,272000,0,6291,190000,136000,6544
20251217,2010,春源,20.6,20.7,20.55,20.55,-,0.1,566462,11686049.0,-70000,0,15169,134000,0,16000,204000,0,831
20251217,6024,群益期,51.2,51.4,51.1,51.4,+,0.2,357251,18338198.0,28000,0,-83000,80000,0,0,52000,0,83000
20251217,1455,集盛,7.84,7.89,7.8,7.8,-,0.04,241607,1895147.0,-56000,0,1000,58000,0,1000,114000,0,0
20251217,5434,崇越,300.0,306.0,300.0,300.5,+,3.0,613791,185571226.0,114155,-176000,6778,405155,1000,12623,291000,177000,5845
20251217,3008,大立光,2025.0,2065.0,2025.0,2040.0,+,15.0,387829,791734660.0,-106042,42662,7950,191783,44000,23790,297825,1338,15840
20251217,2851,中再保,26.05,26.45,26.0,26.45,+,0.4,1240124,32594361.0,-27000,0,-29000,355000,0,41000,382000,0,70000
20251217,2476,鉅祥,89.2,89.6,88.0,88.6,,0.0,729797,64840840.0,-58000,0,1386,198000,0,2477,256000,0,1091
20251217,4961,天鈺,138.5,151.0,138.5,148.5,+,10.5,2934068,431671973.0,-317000,240000,20084,734000,350000,35276,1051000,110000,15192
20251217,9934,成霖,9.98,10.0,9.93,9.93,,0.0,183940,1832099.0,-48000,0,-10000,29000,0,6000,77000,0,16000
20251217,6141,柏承,11.2,11.25,11.0,11.1,-,0.1,115921,1287401.0,-59000,0,0,0,0,0,59000,0,0
20251217,2535,達欣工,62.5,62.6,62.1,62.2,,0.0,141507,8822102.0,-60000,0,1000,27000,0,1000,87000,0,0
20251217,1720,生達,59.4,59.9,59.4,59.5,,0.0,268294,16003229.0,-60000,0,1000,97000,0,1000,157000,0,0
20251217,1723,中碳,69.0,69.5,69.0,69.0,-,0.3,242836,16784435.0,-57000,0,-2000,64000,0,0,121000,0,2000
20251217,9940,信義,23.0,23.15,22.8,22.85,-,0.1,253927,5818926.0,-73000,0,13987,102000,0,14000,175000,0,13
20251217,2466,冠西電,65.6,67.2,65.0,65.3,-,0.5,1302268,86034431.0,-62000,0,2000,161000,0,2000,223000,0,0
20251217,6243,迅杰,36.95,37.1,35.1,35.1,-,2.0,980405,35286283.0,-60000,0,-1,199000,0,0,259000,0,1
20251217,8222,寶一,40.6,40.85,40.2,40.2,-,0.5,271151,10978030.0,-59000,0,-2000,44000,0,1000,103000,0,3000
20251217,6168,宏齊,20.2,20.6,19.85,19.85,-,0.15,517970,10501985.0,-64000,0,1000,114000,0,1000,178000,0,0
20251217,6573,虹揚-KY,15.5,15.5,14.95,15.1,-,0.4,208164,3154411.0,-67000,0,3000,12000,0,3000,79000,0,0
20251217,5533,皇鼎,14.25,14.35,14.2,14.2,-,0.05,113102,1613223.0,-65000,0,1000,2000,0,1000,67000,0,0
20251217,00962,台新AI優息動能,10.58,10.63,10.5,10.5,-,0.08,210315,2223563.0,-1000,0,-64368,0,0,71000,1000,0,135368
20251217,2493,揚博,101.0,101.5,98.5,98.5,-,1.3,544682,54338552.0,-65540,0,-1439,127000,0,0,192540,0,1439
20251217,5306,桂盟,89.1,89.1,87.9,87.9,-,1.1,97409,8613617.0,-67000,0,0,3000,0,0,70000,0,0
20251217,3380,明泰,32.6,32.85,31.8,31.8,-,0.5,1802106,58101598.0,-50000,0,-18171,693000,0,28572,743000,0,46743
20251217,00912,中信臺灣智慧50,20.75,20.85,20.65,20.67,-,0.08,149471,3107753.0,-19000,0,-50503,2000,0,32901,21000,0,83404
20251217,1773,勝一,136.0,136.0,134.0,134.5,-,1.0,279947,37709299.0,400,-68000,-2046,121400,0,0,121000,68000,2046
20251217,1515,力山,28.3,28.35,27.85,27.9,-,0.15,154420,4322921.0,-70000,0,0,34000,0,0,104000,0,0
20251217,2506,太設,9.46,9.46,9.31,9.35,-,0.04,145195,1358057.0,-57000,0,-13000,0,0,0,57000,0,13000
20251217,1907,永豐餘,26.35,26.4,25.9,25.9,-,0.3,1204033,31465581.0,-163000,0,90296,485000,0,95000,648000,0,4704
20251217,2328,廣宇,46.55,46.95,45.95,45.95,-,0.25,2751414,127671583.0,69000,0,-141876,1243000,0,20000,1174000,0,161876
20251217,9910,豐泰,123.0,124.0,120.5,120.5,,0.0,454276,55155231.0,-17000,-10166,-46636,284000,0,3771,301000,10166,50407
20251217,2007,燁興,7.45,7.47,7.32,7.32,-,0.11,157076,1165742.0,-74000,0,0,0,0,0,74000,0,0
20251217,2601,益航,5.6,5.66,5.59,5.6,-,0.01,747173,4192235.0,-88000,0,13000,103000,0,13000,191000,0,0
20251217,4968,立積,130.0,132.0,129.0,129.5,,0.0,431896,56307012.0,-67000,0,-8077,124000,0,6000,191000,0,14077
20251217,6472,保瑞,498.0,502.0,490.0,491.5,-,7.0,713098,352923829.0,-128299,-378,50731,210000,0,89446,338299,378,38715
20251217,6541,泰福-KY,61.0,61.9,59.8,60.0,-,0.6,875238,53087024.0,-80261,0,2000,220000,0,5000,300261,0,3000
20251217,1617,榮星,14.4,14.4,14.15,14.35,-,0.05,282533,4037973.0,-91000,0,9707,54000,0,14000,145000,0,4293
20251217,6142,友勁,9.6,9.7,9.38,9.43,-,0.13,404447,3855401.0,-83000,0,0,24000,0,5000,107000,0,5000
20251217,3673,TPK-KY,41.4,42.7,41.1,41.4,+,0.15,2199178,92058921.0,-110000,0,26648,862000,0,71650,972000,0,45002
20251217,6625,必應,78.8,79.5,78.8,79.1,+,0.5,130790,10364370.0,-82000,0,-1448,12000,0,2000,94000,0,3448
20251217,2062,橋椿,21.6,21.6,21.05,21.05,-,0.5,202644,4325718.0,-87000,-1000,3000,7000,0,3000,94000,1000,0
20251217,4566,時碩工業,57.3,58.7,56.3,57.1,+,0.2,920903,53174824.0,-136000,0,50781,195000,0,56567,331000,0,5786
20251217,00643,群益深証中小,16.14,16.28,16.11,16.26,+,0.23,3069255,49857134.0,67000,0,-153174,67000,0,2768944,0,0,2922118
20251217,4414,如興,11.7,12.25,11.65,11.65,-,0.05,1349678,16130558.0,-94000,0,7458,159000,0,22000,253000,0,14542
20251217,1603,華電,37.6,37.65,37.1,37.15,-,0.25,221205,8252211.0,-86000,-2000,1000,14000,0,1000,100000,2000,0
20251217,6533,晶心科,260.0,260.0,248.0,249.5,-,0.5,284383,71863742.0,-88001,0,677,32000,0,12000,120001,0,11323
20251217,6491,晶碩,283.5,284.5,279.5,280.0,-,2.0,282587,79462418.0,-88000,0,162,33000,0,15000,121000,0,14838
20251217,2390,云辰,9.87,10.15,9.87,9.89,+,0.05,446525,4448833.0,-90000,0,2000,77000,0,7000,167000,0,5000
20251217,1447,力鵬,5.62,5.68,5.55,5.56,-,0.06,381773,2134283.0,-88000,0,0,35000,0,0,123000,0,0
20251217,2323,中環,10.8,10.85,10.3,10.4,-,0.4,13930501,147145673.0,465000,0,-553321,3396000,0,83679,2931000,0,637000
20251217,1201,味全,14.85,14.85,14.65,14.7,-,0.05,207175,3053150.0,-90000,0,377,8000,0,5000,98000,0,4623
20251217,2707,晶華,189.0,189.5,188.5,188.5,-,1.0,154877,29275918.0,-84950,0,-5000,5050,0,6000,90000,0,11000
20251217,6919,康霈*,158.5,159.5,152.0,154.0,-,3.5,5067464,787974553.0,-90890,0,204,1217599,0,7204,1308489,0,7000
20251217,3024,憶聲,10.95,11.05,10.9,10.95,+,0.1,373576,4104452.0,-91000,0,0,48000,0,0,139000,0,0
20251217,1589,永冠-KY,17.2,17.6,17.0,17.1,-,0.15,529139,9117931.0,-92000,0,965,89000,0,3000,181000,0,2035
20251217,1444,力麗,6.06,6.08,6.01,6.02,-,0.04,440327,2656089.0,-93000,0,751,119000,0,2000,212000,0,1249
20251217,4164,承業醫,38.75,39.3,38.2,38.35,-,0.05,904862,34944589.0,-92000,0,-1416,288000,0,17000,380000,0,18416
20251217,8104,錸寶,35.7,35.7,32.9,33.45,-,2.05,3134466,106495413.0,-94113,0,-1,144000,0,1000,238113,0,1001
20251217,6526,達發,440.0,443.0,434.0,434.0,-,4.0,217937,95569012.0,-93000,1000,-2619,59000,1000,5228,152000,0,7847
20251217,4142,國光生,19.3,19.45,19.1,19.15,-,0.1,980339,18881590.0,-92000,0,-4520,281000,0,5000,373000,0,9520
20251217,2355,敬鵬,32.55,33.3,32.35,32.35,+,0.1,1876635,61505760.0,-73000,0,-23716,514000,0,3284,587000,0,27000
20251217,8103,瀚荃,87.7,89.2,85.7,86.0,-,1.9,1645483,143423176.0,-102550,0,5000,476100,0,5000,578650,0,0
20251217,2031,新光鋼,37.8,37.9,37.45,37.45,-,0.15,270589,10178597.0,-95000,0,-3709,61000,0,2000,156000,0,5709
20251217,5531,鄉林,9.23,9.23,9.08,9.13,-,0.04,293644,2679786.0,-107000,0,7000,60000,0,7000,167000,0,0
20251217,9911,櫻花,84.0,84.0,83.0,83.0,-,0.3,182140,15178314.0,-112000,0,11614,19000,0,22000,131000,0,10386
20251217,00905,FT臺灣Smart,16.66,16.78,16.64,16.66,-,0.01,1157780,19333256.0,-90000,0,-12926,11000,0,713000,101000,0,725926
20251217,9902,台火,18.1,18.1,17.6,17.65,-,0.25,338346,5995035.0,-104000,0,1000,26000,0,14000,130000,0,13000
20251217,2374,佳能,78.1,80.0,78.1,78.2,+,0.5,3224934,254064082.0,-106239,-3000,3971,752000,0,5124,858239,3000,1153
20251217,3002,歐格,27.3,27.45,26.35,26.45,-,0.45,1180675,31670684.0,-110000,0,1904,130000,0,8000,240000,0,6096
20251217,00735,國泰臺韓科技,48.12,48.25,47.94,48.04,+,0.08,253092,12164166.0,28059,0,-138000,28059,0,75000,0,0,213000
20251217,4770,上品,237.0,239.5,233.5,237.0,,0.0,374338,88651788.0,-114000,0,3190,105000,0,9508,219000,0,6318
20251217,2030,彰源,13.95,14.05,13.8,13.95,-,0.05,223501,3116085.0,-111000,0,0,1000,0,1000,112000,0,1000
20251217,00901,永豐智能車供應鏈,23.89,23.89,23.64,23.65,-,0.19,712113,16952479.0,-3000,0,-109385,0,0,431000,3000,0,540385
20251217,6226,光鼎,8.37,8.43,7.63,7.64,-,0.42,1755200,14154104.0,-118000,0,4364,32000,0,7000,150000,0,2636
20251217,00911,兆豐洲際半導體,32.31,32.55,32.31,32.47,+,0.1,239643,7796361.0,-393,0,-114332,607,0,100000,1000,0,214332
20251217,5203,訊連,90.3,90.8,89.4,89.4,-,0.8,328404,29599162.0,-116000,0,537,97000,0,2000,213000,0,1463
20251217,3051,力特,19.05,19.7,18.95,19.0,+,0.3,564721,10881944.0,-116000,0,0,109000,0,0,225000,0,0
20251217,3515,華擎,248.0,251.0,243.5,243.5,-,1.5,665072,164123235.0,-109000,0,-7670,242000,0,4000,351000,0,11670
20251217,7799,禾榮科,565.0,568.0,535.0,539.0,-,22.0,432723,238052843.0,-118000,0,0,105000,0,3000,223000,0,3000
20251217,6669,緯穎,4120.0,4265.0,4115.0,4175.0,+,15.0,921064,3869702040.0,-114640,2000,-6009,310084,14000,41227,424724,12000,47236
20251217,2376,技嘉,236.0,240.0,235.5,236.0,+,0.5,2377422,565022939.0,-152067,-411000,444083,1052772,6000,474092,1204839,417000,30009
20251217,1476,儒鴻,388.5,394.0,388.0,390.0,+,3.0,726580,283642296.0,-177836,-1161,57733,475258,0,70554,653094,1161,12821
20251217,1460,宏遠,6.16,6.17,6.05,6.15,+,0.1,938989,5753169.0,-82000,0,-40000,31000,0,0,113000,0,40000
20251217,6112,邁達特,45.9,47.4,45.9,46.05,+,0.45,806364,37713786.0,-128000,0,-243,173000,0,0,301000,0,243
20251217,3622,洋華,65.8,67.2,65.4,66.2,+,1.3,1114493,73822387.0,-91000,0,-37807,230000,0,5000,321000,0,42807
20251217,6515,穎崴,2770.0,2775.0,2565.0,2570.0,-,200.0,1159325,3071503620.0,-12124,-125260,7322,329561,0,62744,341685,125260,55422
20251217,3443,創意,2040.0,2055.0,1995.0,2010.0,-,10.0,2697456,5452732380.0,34005,-162000,-2191,1137764,6000,72119,1103759,168000,74310
20251217,6550,北極星藥業-KY,33.05,33.9,31.9,32.15,-,0.9,1953252,64184368.0,-121000,0,-9872,283000,0,6000,404000,0,15872
20251217,00956,中信日經高股息,11.38,11.39,11.35,11.39,-,0.03,214635,2442767.0,-102000,0,-29293,1000,0,0,103000,0,29293
20251217,6165,浪凡,46.25,46.35,45.6,45.65,-,0.4,214655,9856787.0,-133000,0,0,5000,0,0,138000,0,0
20251217,2608,嘉里大榮,33.5,33.5,33.1,33.15,-,0.1,178836,5933307.0,-134995,0,1099,5005,0,2000,140000,0,901
20251217,1618,合機,41.15,41.55,40.8,40.9,-,0.15,452414,18561616.0,-132000,0,-2699,60000,0,95,192000,0,2794
20251217,00972,野村日本動能高息,18.06,18.06,17.95,17.99,-,0.08,273274,4915850.0,0,0,-134894,0,0,99000,0,0,233894
20251217,6409,旭隼,985.0,998.0,967.0,974.0,-,6.0,489954,481173548.0,-130956,0,-5212,205579,0,6407,336535,0,11619
20251217,1708,東鹼,32.75,32.95,32.45,32.55,-,0.05,712629,23279284.0,-160000,0,23541,84000,0,24100,244000,0,559
20251217,2704,國賓,43.3,43.5,42.95,43.15,-,0.05,144388,6232788.0,-139000,0,1000,0,0,1000,139000,0,0
20251217,00954,中信日本半導體,11.68,11.81,11.68,11.72,+,0.04,528659,6220157.0,-224855,0,85057,1045,0,179000,225900,0,93943
20251217,1810,和成,17.1,17.15,16.85,17.0,-,0.05,410455,6974610.0,-132000,0,-8085,48000,0,4000,180000,0,12085
20251217,1464,得力,11.2,11.2,11.05,11.05,-,0.05,266934,2968503.0,-143704,0,0,9000,0,0,152704,0,0
20251217,2701,萬企,11.0,11.1,10.95,11.05,+,0.05,238484,2633544.0,-147000,0,2000,3000,0,2000,150000,0,0
20251217,2413,環科,32.7,33.95,31.7,32.1,-,0.9,10224421,331687689.0,-207000,0,59995,1521000,0,62000,1728000,0,2005
20251217,6451,訊芯-KY,161.0,161.0,157.5,158.0,-,1.5,639284,101642806.0,-142000,0,-5507,103000,0,2000,245000,0,7507
20251217,1309,台達化,11.65,11.8,11.15,11.2,-,0.35,1893943,21612929.0,-154000,0,5378,434000,0,25000,588000,0,19622
20251217,00770,國泰北美科技,57.0,57.3,57.0,57.2,+,0.55,382545,21878937.0,-10647,0,-138948,2353,0,73000,13000,0,211948
20251217,1414,東和,16.9,17.05,16.6,17.05,+,0.15,250988,4219863.0,-152000,-1000,-1000,13000,0,0,165000,1000,1000
20251217,2429,銘旺科,74.6,74.6,71.6,71.6,-,3.0,712052,51631648.0,-155000,0,340,66000,0,5000,221000,0,4660
20251217,2101,南港,38.0,38.35,37.5,37.5,-,0.55,1385747,52279429.0,-149400,0,-6001,355000,0,10000,504400,0,16001
20251217,00924,復華S&P500成長,28.86,28.97,28.86,28.93,+,0.23,1496120,43277111.0,1010,0,-156520,1010,0,712000,0,0,868520
20251217,2332,友訊,15.95,16.2,15.75,15.75,-,0.1,3366651,53653268.0,178856,0,-336428,1451856,0,120000,1273000,0,456428
20251217,3042,晶技,83.7,84.1,82.7,82.7,-,0.1,1381794,114993519.0,-59000,-112000,13178,915000,0,50478,974000,112000,37300
20251217,00934,中信成長高股息,20.25,20.42,20.25,20.26,+,0.06,1590919,32384945.0,-232000,0,72373,0,0,663013,232000,0,590640
20251217,6869,雲豹能源,94.8,95.3,92.9,92.9,-,1.6,501936,47047084.0,-160000,0,-506,53000,0,4000,213000,0,4506
20251217,00892,富邦台灣半導體,21.15,21.16,20.89,20.92,-,0.14,846803,17806958.0,-155000,0,-6419,0,0,551000,155000,0,557419
20251217,2426,鼎元,17.15,17.4,16.9,17.1,,0.0,395776,6777040.0,-162000,0,0,49000,0,3000,211000,0,3000
20251217,9917,中保科,107.0,107.5,106.5,106.5,,0.0,381589,40695543.0,16000,-182000,3426,111000,0,3426,95000,182000,0
20251217,2206,三陽工業,60.7,60.8,60.0,60.3,,0.0,673482,40642385.0,-88000,-60774,-15763,215000,0,2836,303000,60774,18599
20251217,2467,志聖,245.0,246.5,231.0,232.5,-,9.0,4216456,994936769.0,-116115,0,-50716,1256000,0,17305,1372115,0,68021
20251217,9802,鈺齊-KY,107.0,107.5,105.5,106.5,,0.0,483414,51503562.0,-155000,0,-16717,108000,0,17000,263000,0,33717
20251217,2820,華票,16.85,16.9,16.8,16.8,-,0.05,673032,11330092.0,-176000,0,2000,135000,0,2000,311000,0,0
20251217,2207,和泰車,596.0,599.0,580.0,585.0,-,12.0,733188,430067562.0,-459881,294000,-11666,201000,295000,5000,660881,1000,16666
20251217,1727,中華化,38.4,38.5,37.8,38.2,+,0.2,1012515,38623393.0,-182000,0,77,162000,0,2000,344000,0,1923
20251217,1103,嘉泥,14.0,14.0,13.75,13.75,-,0.15,423753,5864980.0,-184000,0,2000,36000,0,2000,220000,0,0
20251217,2547,日勝生,10.7,10.85,10.65,10.65,,0.0,689048,7398941.0,-158000,0,-28002,144000,0,7000,302000,0,35002
20251217,00917,中信特選金融,25.0,25.06,24.99,25.05,+,0.05,292579,7324792.0,-110000,0,-82088,2000,0,57000,112000,0,139088
20251217,4536,拓凱,158.5,163.5,158.5,161.5,+,4.5,518627,84050844.0,-187000,0,-6644,111000,0,3000,298000,0,9644
20251217,2228,劍麟,108.5,112.5,108.0,111.5,+,2.5,3882916,430815683.0,-190000,0,-5001,568000,0,15000,758000,0,20001
20251217,1449,佳和,11.3,11.75,11.15,11.3,+,0.15,1526385,17333796.0,-201400,0,2224,211000,0,12000,412400,0,9776
20251217,3010,華立,122.0,122.0,116.5,117.5,-,3.0,2221621,263687899.0,-665000,448000,16362,657000,448000,39020,1322000,0,22658
20251217,2340,台亞,27.45,29.0,27.45,27.45,+,0.2,7029182,197916152.0,-1246000,0,1043598,1630000,0,1078115,2876000,0,34517
20251217,2607,榮運,57.1,58.2,57.1,57.4,,0.0,1766207,101780099.0,392500,-601000,2000,1115000,0,2000,722500,601000,0
20251217,6768,志強-KY,113.0,114.5,112.0,112.0,-,1.5,416999,47193384.0,-158000,-10000,-39315,121000,0,1094,279000,10000,40409
20251217,1718,中纖,6.85,6.93,6.85,6.87,+,0.02,1925790,13251551.0,-142000,0,-69176,447000,0,9000,589000,0,78176
20251217,1904,正隆,17.9,18.05,17.75,17.8,-,0.05,561085,10012131.0,-188000,-14725,-9087,185000,0,37000,373000,14725,46087
20251217,2723,美食-KY,68.4,69.4,67.0,67.0,-,1.4,482344,32905435.0,-212000,0,0,204000,0,0,416000,0,0
20251217,3694,海華,57.8,59.8,57.6,58.2,+,1.1,1289075,75869268.0,-212000,0,-2914,231000,0,1000,443000,0,3914
20251217,1795,美時,286.0,289.0,282.0,283.5,-,2.0,2346641,671132661.0,-180616,3000,-53075,815384,3000,96666,996000,0,149741
20251217,00963,中信全球高股息,11.42,11.42,11.28,11.3,-,0.03,468061,5293326.0,-52000,0,-182100,4000,0,150000,56000,0,332100
20251217,4739,康普,67.9,68.9,67.0,67.2,-,0.5,677131,45744202.0,-194000,1000,-43636,189000,1000,2533,383000,0,46169
20251217,2305,全友,11.2,11.35,10.9,10.9,-,0.2,769011,8560860.0,-238000,0,1000,78000,0,2000,316000,0,1000
20251217,2208,台船,20.15,20.2,19.85,19.85,-,0.15,2411524,48120330.0,-230000,-2000,-6000,273000,0,3000,503000,2000,9000
20251217,3714,富采,33.35,33.55,32.35,32.35,-,0.65,1216020,39913626.0,-193000,0,-45111,229000,0,40000,422000,0,85111
20251217,4306,炎洲,14.05,14.35,14.05,14.15,+,0.05,1133291,16118267.0,-248100,0,9000,231000,0,9000,479100,0,0
20251217,2103,台橡,16.0,16.05,15.55,15.7,-,0.35,2348797,36872390.0,-242000,0,158,495000,0,3000,737000,0,2842
20251217,00910,第一金太空衛星,41.52,41.52,41.37,41.44,-,0.24,881513,36555651.0,3979,0,-245997,7000,0,10000,3021,0,255997
20251217,8215,明基材,19.8,19.95,19.1,19.15,-,0.5,563409,10980973.0,-254000,0,4000,66000,0,7000,320000,0,3000
20251217,1514,亞力,99.6,100.5,98.3,98.3,-,0.5,2087926,207336134.0,-224799,0,-26210,399280,0,12000,624079,0,38210
20251217,00903,富邦元宇宙,17.24,17.33,17.24,17.32,+,0.13,470703,8145271.0,-135000,0,-118917,4000,0,150196,139000,0,269113
20251217,2201,裕隆,33.5,34.6,33.2,33.2,+,0.05,4503716,152623960.0,-244000,-7000,-3045,1419000,0,102409,1663000,7000,105454
20251217,2108,南帝,22.95,22.95,22.5,22.55,-,0.3,382800,8665317.0,-249000,0,-5294,36000,0,1000,285000,0,6294
20251217,8105,凌巨,11.3,11.5,11.15,11.15,-,0.1,1048755,11895122.0,-259000,0,1000,181000,0,2000,440000,0,1000
20251217,2360,致茂,744.0,756.0,738.0,740.0,-,6.0,2577403,1922117860.0,-150207,-82000,-30617,1610018,4000,17044,1760225,86000,47661
20251217,2630,亞航,50.0,50.2,49.0,49.1,-,0.6,920876,45559204.0,-253000,0,-14611,92000,0,2000,345000,0,16611
20251217,2511,太子,8.13,8.19,8.09,8.11,+,0.02,760126,6180129.0,-272000,0,4000,163000,0,4000,435000,0,0
20251217,2612,中航,62.0,63.5,61.8,62.3,+,0.6,3434763,214910886.0,-447000,0,177812,689000,0,205630,1136000,0,27818
20251217,6890,來億-KY,249.5,250.0,243.0,243.0,-,3.5,558355,137838116.0,-184051,0,-88518,87000,0,9000,271051,0,97518
20251217,2049,上銀,197.5,198.5,194.0,195.5,-,1.5,2007528,394033533.0,-674730,-1285,402858,893270,0,433036,1568000,1285,30178
20251217,2401,凌陽,20.9,21.2,20.45,20.45,-,0.3,2313016,48120802.0,-376000,0,102459,560000,0,124000,936000,0,21541
20251217,1528,恩德,16.2,16.2,15.7,15.8,-,0.4,2872663,45638890.0,-275000,0,-2000,413000,0,3000,688000,0,5000
20251217,1229,聯華,46.6,46.95,46.55,46.6,-,0.25,1365792,63800592.0,-283455,-2000,6231,328045,0,34718,611500,2000,28487
20251217,6901,鑽石投資,16.9,16.9,16.3,16.35,-,0.45,485535,8002163.0,-286000,0,2000,49000,0,5000,335000,0,3000
20251217,6830,汎銓,186.0,186.0,170.0,170.0,-,9.0,2464932,436712808.0,-262000,0,-22831,412000,0,26031,674000,0,48862
20251217,1477,聚陽,301.0,308.5,301.0,303.0,+,4.5,2577966,786572681.0,973000,-1271064,7526,1689000,42000,51931,716000,1313064,44405
20251217,2392,正崴,37.6,38.05,37.15,37.15,-,0.45,1086929,40782071.0,-281000,0,-9774,241000,0,21000,522000,0,30774
20251217,2338,光罩,34.65,35.35,33.85,33.95,-,0.65,894058,30758078.0,-280000,0,-12706,246000,0,24000,526000,0,36706
20251217,2106,建大,20.6,20.6,20.2,20.25,-,0.3,666057,13538172.0,-299000,0,5821,146000,0,11000,445000,0,5179
20251217,6176,瑞儀,114.0,118.0,114.0,115.0,+,1.5,5051719,586442707.0,2319870,-2597217,-19473,3328870,4000,61012,1009000,2601217,80485
20251217,1513,中興電,147.5,148.0,146.0,146.5,,0.0,2473235,363421780.0,204344,-316200,-186072,1032344,278000,14716,828000,594200,200788
20251217,2913,農林,13.8,13.9,13.6,13.6,-,0.15,609653,8381624.0,-276000,0,-25000,63000,0,9000,339000,0,34000
20251217,00692,富邦公司治理,54.75,55.0,54.5,54.55,-,0.05,840164,46054963.0,-68000,0,-243772,4000,0,228300,72000,0,472072
20251217,2395,研華,274.0,276.5,273.5,273.5,-,0.5,1883651,517573097.0,-310372,-3000,50,1379148,5000,16000,1689520,8000,15950
20251217,2258,鴻華先進-創,38.45,38.5,37.7,37.8,-,0.25,584581,22206924.0,-350000,0,33061,36000,0,34000,386000,0,939
20251217,6426,統新,103.0,109.0,99.9,102.0,+,2.7,11905752,1250578345.0,-345100,0,24747,1854000,0,29206,2199100,0,4459
20251217,1529,樂事綠能,19.35,19.35,18.8,18.8,-,0.35,832392,15792500.0,-315000,0,-9217,149000,0,3000,464000,0,12217
20251217,2404,漢唐,963.0,1000.0,943.0,957.0,+,12.0,8885668,8638853267.0,-587615,277548,-19149,2923867,550000,366713,3511482,272452,385862
20251217,1714,和桐,8.44,8.46,8.33,8.33,-,0.07,832285,6973571.0,-272000,0,-67000,126000,0,2000,398000,0,69000
20251217,3712,永崴投控,25.85,26.1,25.25,25.25,-,0.6,734775,18811345.0,-319000,0,-22489,86000,0,8000,405000,0,30489
20251217,2362,藍天,40.75,41.2,39.35,39.4,-,1.15,982487,39432146.0,-341000,0,-2029,246000,0,3000,587000,0,5029
20251217,3607,谷崧,14.4,14.85,14.3,14.35,-,0.05,1147583,16735446.0,-342000,0,-7000,109000,0,13000,451000,0,20000
20251217,00757,統一FANG+,118.05,118.55,118.0,118.3,+,1.4,2029960,240179802.0,-244931,-300000,190670,61069,0,1008000,306000,300000,817330
20251217,5871,中租-KY,104.0,107.5,103.5,103.5,-,1.0,17468600,1835104790.0,1716960,-2163130,87850,9755905,1112000,136120,8038945,3275130,48270
20251217,00909,國泰數位支付服務,39.24,39.3,39.09,39.22,+,0.33,1776013,69630156.0,-303258,0,-55259,12002,0,232000,315260,0,287259
20251217,2444,兆勁,12.9,13.0,12.0,12.05,+,0.1,1777145,22025529.0,-371000,0,1998,40000,0,2000,411000,0,2
20251217,6589,台康生技,64.0,64.9,63.1,63.1,-,1.1,897696,57310241.0,-371000,0,1000,112000,0,6000,483000,0,5000
20251217,1104,環泥,30.55,30.55,30.2,30.25,-,0.2,697789,21164937.0,-389000,0,17000,205000,0,17000,594000,0,0
20251217,6691,洋基工程,618.0,631.0,602.0,602.0,-,20.0,1640791,1005985004.0,-324705,-8000,-43374,493245,0,10367,817950,8000,53741
20251217,4764,雙鍵,98.7,107.5,97.0,107.5,+,9.4,5847669,612514188.0,-348000,0,-28551,755000,0,3449,1103000,0,32000
20251217,9938,百和,52.4,52.9,51.8,51.8,-,0.2,981778,51278619.0,-333000,-15000,-29638,284000,0,18000,617000,15000,47638
20251217,1736,喬山,151.5,152.0,146.0,146.0,-,4.5,681674,101272468.0,-307800,-59000,-11612,81200,0,13000,389000,59000,24612
20251217,3592,瑞鼎,230.0,241.0,226.5,234.0,+,8.0,3214352,751563786.0,325000,-717280,2005,1334000,330000,3982,1009000,1047280,1977
20251217,3135,凌航,62.9,67.4,62.9,65.3,+,2.5,2482187,162718655.0,-377000,0,-15000,435000,0,1000,812000,0,16000
20251217,00935,野村臺灣新科技50,28.95,29.02,28.73,28.73,-,0.11,1817703,52506914.0,-317000,0,-80737,19000,0,776738,336000,0,857475
20251217,6753,龍德造船,131.0,131.5,125.5,125.5,-,3.5,1195173,152946734.0,-379000,0,-20932,61000,0,11000,440000,0,31932
20251217,6278,台表科,97.4,98.1,96.0,96.2,,0.0,2192219,212070150.0,872000,-1254000,-21519,1269000,0,18547,397000,1254000,40066
20251217,2646,星宇航空,23.15,23.35,23.0,23.05,,0.0,2990804,69089934.0,-430480,0,18000,1138520,0,22000,1569000,0,4000
20251217,3563,牧德,502.0,506.0,482.5,485.0,-,15.0,1141726,561452676.0,-405900,0,-9220,116600,0,27671,522500,0,36891
20251217,2204,中華,59.5,61.0,58.9,59.1,-,0.1,1582261,94523486.0,-409000,-4670,-4146,551000,0,2933,960000,4670,7079
20251217,00904,台新臺灣半導體30,21.9,22.04,21.79,21.86,+,0.04,1288976,28273549.0,-201000,0,-219300,11000,0,342871,212000,0,562171
20251217,00952,凱基台灣AI50,11.35,11.47,11.35,11.37,+,0.02,1342942,15345210.0,-57000,0,-372030,1000,0,462475,58000,0,834505
20251217,2520,冠德,33.1,34.5,33.05,33.05,-,0.05,11773436,395630629.0,4836430,-5446000,177678,7018000,0,235680,2181570,5446000,58002
20251217,3653,健策,2860.0,2870.0,2705.0,2705.0,-,135.0,2079289,5750801730.0,-54573,-286521,-94693,883909,0,89630,938482,286521,184323
20251217,3545,敦泰,50.4,52.9,50.4,51.3,+,0.7,1600044,82742060.0,-457990,-4000,15945,309010,0,23912,767000,4000,7967
20251217,3016,嘉晶,50.3,54.6,50.3,54.6,+,4.9,8414172,451622786.0,-542000,0,81707,1296000,0,89550,1838000,0,7843
20251217,5388,中磊,80.6,82.3,79.8,80.1,-,0.5,2127148,171131183.0,918000,-1077000,-313281,1220000,0,20414,302000,1077000,333695
20251217,1710,東聯,12.1,12.2,11.9,11.95,-,0.1,1485508,17831722.0,-476000,0,1797,228000,0,10000,704000,0,8203
20251217,3023,信邦,208.0,209.5,202.5,202.5,-,4.0,1181705,242478916.0,-490000,17000,-2468,491000,62000,4526,981000,45000,6994
20251217,2034,允強,20.35,20.65,20.1,20.15,+,0.05,1202128,24336796.0,-460120,0,-15999,73880,0,14001,534000,0,30000
20251217,6152,百一,10.75,11.35,10.3,10.3,-,0.25,7524162,81882397.0,-475951,0,-1242,357049,0,8000,833000,0,9242
20251217,6806,森崴能源,39.35,39.45,38.3,38.3,-,0.8,929238,35893418.0,-469602,0,-14165,82398,0,0,552000,0,14165
20251217,1305,華夏,11.35,11.35,11.05,11.1,-,0.1,1111072,12389034.0,-480000,0,-4006,131000,0,2000,611000,0,6006
20251217,9921,巨大,94.5,95.2,92.3,93.0,-,1.0,1191070,111163110.0,-457290,-20000,-6798,472000,0,27000,929290,20000,33798
20251217,1313,聯成,10.4,10.5,10.05,10.4,,0.0,4478968,45750254.0,-469000,0,-17000,601000,0,14000,1070000,0,31000
20251217,3704,合勤控,32.6,32.75,32.1,32.1,-,0.25,1278288,41422208.0,-492000,0,-693,391000,0,1000,883000,0,1693
20251217,1587,吉茂,49.0,51.3,48.3,49.7,+,2.3,7776297,387361002.0,-511000,0,12585,1703000,0,14102,2214000,0,1517
20251217,1808,潤隆,32.6,34.15,32.55,33.0,+,0.4,2681715,89135449.0,-498500,0,-2000,1107000,0,3000,1605500,0,5000
20251217,1308,亞聚,13.4,13.45,13.1,13.2,-,0.2,1629024,21500122.0,-503000,0,-2488,135000,0,14000,638000,0,16488
20251217,00971,野村美國研發龍頭,15.8,15.93,15.8,15.91,+,0.12,1461002,23231053.0,13000,0,-525798,13000,0,336000,0,0,861798
20251217,2457,飛宏,30.05,30.3,29.5,29.5,-,0.65,4058942,120732648.0,-619000,0,102749,616000,0,213952,1235000,0,111203
20251217,4989,榮科,40.65,41.0,39.6,39.65,-,1.0,4269426,171165014.0,-519518,0,1000,717050,0,3000,1236568,0,2000
20251217,3167,大量,228.0,229.0,220.5,220.5,-,5.0,4108802,919862000.0,-522029,0,3064,963000,0,12000,1485029,0,8936
20251217,1440,南紡,13.7,14.0,13.6,13.65,+,0.05,1397241,19225331.0,-611000,0,89508,195000,0,118000,806000,0,28492
20251217,3011,今皓,14.45,14.45,13.8,13.8,-,0.9,2865644,40516605.0,-535000,0,1448,197000,0,11000,732000,0,9552
20251217,1442,名軒,30.85,33.4,30.1,30.55,+,0.15,9434027,295974211.0,3396000,-3890000,-45944,5407000,0,7210,2011000,3890000,53154
20251217,6446,藥華藥,511.0,516.0,502.0,502.0,-,9.0,1282811,651707427.0,-540266,-1000,-7750,224788,2000,23485,765054,3000,31235
20251217,6923,中台,106.0,108.5,98.5,98.6,-,6.4,1606197,162792224.0,-562000,0,-5777,147000,0,7000,709000,0,12777
20251217,3060,銘異,32.85,33.95,31.8,31.8,-,0.55,30231924,993226647.0,-606000,0,23442,6626000,0,29000,7232000,0,5558
20251217,6757,台灣虎航,67.0,67.3,66.2,66.2,-,0.4,2946651,195930700.0,915010,-1583000,49034,1909010,0,67000,994000,1583000,17966
20251217,3017,奇鋐,1350.0,1380.0,1340.0,1340.0,-,5.0,2963422,4005968095.0,-244668,-234000,-140667,1028620,26000,46301,1273288,260000,186968
20251217,2855,統一證,24.3,24.5,24.05,24.05,-,0.1,2411873,58617587.0,-613500,-10000,0,888000,0,0,1501500,10000,0
20251217,5284,jpp-KY,298.5,300.0,288.0,288.0,-,10.0,2004984,585576766.0,-620950,0,-9964,309050,0,22116,930000,0,32080
20251217,2489,瑞軒,14.85,15.05,14.5,14.6,-,0.2,3635575,53642332.0,-591279,0,-43000,1011000,0,38000,1602279,0,81000
20251217,2385,群光,115.0,117.0,114.0,114.0,,0.0,3453459,397136385.0,606755,-1327618,79432,2083600,5000,121373,1476845,1332618,41941
20251217,8926,台汽電,40.5,40.7,40.15,40.2,-,0.25,1382978,55743876.0,-647000,0,461,237000,0,8000,884000,0,7539
20251217,8021,尖點,159.5,164.5,159.5,160.5,+,2.0,26254767,4254635400.0,-685050,21000,-7000,5719000,22000,4000,6404050,1000,11000
20251217,2645,長榮航太,142.0,143.5,140.0,140.0,-,2.0,1524396,215103580.0,-686000,-1000,14092,350000,0,39000,1036000,1000,24908
20251217,4916,事欣科,55.7,56.7,53.8,54.5,-,1.2,8155915,449669444.0,-653000,0,-22285,1140000,0,1000,1793000,0,23285
20251217,4906,正文,29.2,29.55,28.2,28.45,-,0.75,6535586,187937881.0,-610000,0,-67254,1156000,0,46930,1766000,0,114184
20251217,2412,中華電,130.5,130.5,129.5,129.5,-,1.0,4591685,597095394.0,-846553,7000,155685,2000381,38000,231000,2846934,31000,75315
20251217,6415,矽力*-KY,205.5,213.0,202.5,203.0,-,2.0,3809089,786517091.0,-881351,212000,-17581,1323305,212000,55323,2204656,0,72904
20251217,4722,國精化,168.5,168.5,160.5,162.5,-,4.0,3039647,497236665.0,-693000,-1000,4923,291000,0,36000,984000,1000,31077
20251217,4956,光鋐,21.9,22.85,20.85,20.95,-,0.95,4110350,89759981.0,-701000,0,9832,489000,0,11000,1190000,0,1168
20251217,3050,鈺德,14.7,14.7,13.6,13.65,-,0.85,4247164,59066014.0,-695000,0,-8000,578000,0,2000,1273000,0,10000
20251217,4977,眾達-KY,136.0,138.0,134.0,136.0,+,1.5,5097359,691727143.0,-625000,0,-101565,858000,0,1000,1483000,0,102565
20251217,2342,茂矽,28.3,30.6,28.3,29.15,+,0.85,5059139,150864257.0,-737000,0,806,1006000,0,7009,1743000,0,6203
20251217,1314,中石化,7.81,7.87,7.73,7.75,,0.0,12759510,99368249.0,185500,0,-929327,4462500,0,464000,4277000,0,1393327
20251217,3005,神基,117.5,119.0,115.5,116.5,-,0.5,2847542,333013738.0,289600,-977000,-101626,1637100,3000,49892,1347500,980000,151518
20251217,9941,裕融,92.4,92.5,90.4,90.7,-,1.4,2191886,199884118.0,-1021300,222000,3777,501000,223000,52408,1522300,1000,48631
20251217,4532,瑞智,24.75,24.75,24.2,24.25,-,0.5,1382372,33699819.0,-782000,0,-20874,213000,0,1000,995000,0,21874
20251217,3376,新日興,212.0,213.0,204.0,206.0,-,2.0,3814112,790362677.0,-478862,0,-330514,914000,0,26661,1392862,0,357175
20251217,3189,景碩,140.5,141.0,135.5,136.0,-,2.5,7591934,1043913150.0,-521790,-3000,-305370,2538010,0,97000,3059800,3000,402370
20251217,3036,文曄,148.0,150.0,145.0,146.0,-,0.5,14895430,2194022383.0,-3886910,3124000,-67478,5801000,4359000,129084,9687910,1235000,196562
20251217,3532,台勝科,94.1,101.5,94.1,95.1,+,1.0,4832958,474859433.0,-744000,0,-89007,744000,0,55280,1488000,0,144287
20251217,9933,中鼎,31.65,31.85,31.4,31.45,-,0.15,1670653,52760222.0,-845165,3000,8253,241000,3000,16150,1086165,0,7897
20251217,2368,金像電,596.0,599.0,583.0,586.0,-,8.0,7220545,4262236471.0,-594847,-77000,-162390,2152624,51000,157711,2747471,128000,320101
20251217,2441,超豐,83.7,88.5,80.7,86.2,+,3.9,29255660,2502046116.0,-3257910,1579000,833335,6098100,1583000,1080029,9356010,4000,246694
20251217,6442,光聖,1350.0,1385.0,1215.0,1215.0,-,120.0,5029355,6510487430.0,-986572,109000,18597,683644,172000,105582,1670216,63000,86985
20251217,6153,嘉聯益,15.15,15.35,14.9,14.95,-,0.1,2029451,30626995.0,-949000,0,52282,328000,0,56000,1277000,0,3718
20251217,3305,昇貿,116.0,118.0,107.5,109.0,-,4.5,43277996,4911402304.0,-698955,0,-234257,5213045,0,79000,5912000,0,313257
20251217,1310,台苯,8.65,8.66,8.47,8.48,-,0.17,1649474,14080076.0,-940000,0,-13019,172000,0,14000,1112000,0,27019
20251217,4526,東台,28.85,29.75,28.75,29.4,+,0.55,2838827,83394878.0,-956000,0,-4969,482000,0,0,1438000,0,4969
20251217,2614,東森,22.5,22.5,22.0,22.1,-,0.2,1404116,31132668.0,-957260,-3000,-1000,89000,0,0,1046260,3000,1000
20251217,1905,華紙,11.85,11.95,11.7,11.75,-,0.15,1547364,18266669.0,-988000,0,-2669,217000,0,46000,1205000,0,48669
20251217,2492,華新科,113.5,115.0,113.0,113.5,,0.0,3649037,415017441.0,-1090000,1000,95809,697000,1000,190108,1787000,0,94299
20251217,2915,潤泰全,54.5,55.3,54.5,54.9,+,0.4,2870407,157811631.0,-961000,-53000,17156,723000,0,23156,1684000,53000,6000
20251217,3090,日電貿,94.0,96.8,93.1,95.9,+,1.6,7084029,673859906.0,-1036445,-145000,177027,2110000,0,191271,3146445,145000,14244
20251217,1611,中電,14.0,14.2,12.95,13.1,-,0.3,8564361,116682242.0,-1023427,0,-3042,1148325,0,9000,2171752,0,12042
20251217,2023,燁輝,14.9,14.95,14.7,14.8,-,0.1,1933267,28626282.0,-1040000,0,8000,300000,0,41000,1340000,0,33000
20251217,1434,福懋,15.85,15.95,15.55,15.6,-,0.25,1779349,27908834.0,-1049000,-37000,12335,203000,0,17000,1252000,37000,4665
20251217,00894,中信小資高價30,26.02,26.14,25.83,25.83,-,0.19,2086749,54164476.0,-39000,0,-1040085,20000,0,541000,59000,0,1581085
20251217,00662,富邦NASDAQ,101.5,101.95,101.5,101.8,+,1.0,2174969,221449127.0,12066,0,-1106295,26066,0,436000,14000,0,1542295
20251217,3013,晟銘電,132.5,133.5,127.5,127.5,-,4.0,3923711,507131569.0,-893520,-150000,-66683,610500,0,34000,1504020,150000,100683
20251217,9914,美利達,86.5,87.2,83.2,83.4,-,2.5,2799959,235851064.0,-1189860,0,77191,848140,0,132000,2038000,0,54809
20251217,2388,威盛,58.9,59.5,57.0,57.0,-,1.6,6225500,360618053.0,-279929,0,-857343,1761071,0,185001,2041000,0,1042344
20251217,2393,億光,52.0,52.9,51.2,51.6,-,0.1,13642013,707040552.0,6474200,-7754870,125908,8567200,186000,175000,2093000,7940870,49092
20251217,1402,遠東新,28.05,28.15,27.7,27.9,,0.0,5610028,156362104.0,-248194,-916000,6713,3051000,0,39107,3299194,916000,32394
20251217,1909,榮成,10.9,10.9,10.35,10.35,-,0.45,3419035,35985126.0,-741000,0,-418000,492000,0,15000,1233000,0,433000
20251217,2897,王道銀行,9.16,9.2,9.13,9.15,+,0.02,3819895,35001187.0,-1261000,0,70000,1798000,0,70000,3059000,0,0
20251217,3450,聯鈞,253.0,257.5,247.0,247.5,-,3.0,6966816,1750650863.0,-1210000,-1000,19942,1654000,0,87113,2864000,1000,67171
20251217,00922,國泰台灣領袖50,24.75,24.9,24.68,24.72,-,0.04,5898419,146172994.0,-187909,0,-1034708,71091,0,1950851,259000,0,2985559
20251217,6706,惠特,109.0,114.0,106.5,108.0,-,1.0,7745442,845598099.0,-1263000,0,-7477,1480000,0,41366,2743000,0,48843
20251217,00881,國泰台灣科技龍頭,31.09,31.2,30.91,30.92,-,0.17,7814978,242836341.0,-1864700,0,570148,88300,0,3723018,1953000,0,3152870
20251217,1101,台泥,22.3,22.5,22.25,22.4,+,0.1,20861415,466605224.0,-1754000,10000,439415,11547000,10000,886915,13301000,0,447500
20251217,2357,華碩,590.0,595.0,577.0,577.0,-,9.0,9745442,5707610225.0,-5622546,4263306,20344,1647580,4627000,133559,7270126,363694,113215
20251217,8028,昇陽半導體,168.5,172.0,164.0,164.0,-,4.5,5298591,887121142.0,-1327887,-22000,6385,699113,0,148563,2027000,22000,142178
20251217,5876,上海商銀,40.3,40.9,40.3,40.35,,0.0,10447311,423962889.0,673028,-2230974,208968,5544028,0,319000,4871000,2230974,110032
20251217,2449,京元電子,217.5,220.0,213.0,215.0,-,1.0,16508137,3570117127.0,486037,-1432000,-428392,6725045,22000,309749,6239008,1454000,738141
20251217,6505,台塑化,49.6,50.2,48.15,48.25,-,1.0,6537079,318432117.0,-1674910,525599,-251303,2671090,538000,468028,4346000,12401,719331
20251217,1312,國喬,11.75,11.8,11.4,11.5,-,0.2,4774567,55015623.0,-1367000,0,-36931,1111000,0,253142,2478000,0,290073
20251217,1210,大成,51.3,51.5,50.8,50.8,-,0.4,2744772,140108316.0,-1713000,323000,-18896,619000,351000,31000,2332000,28000,49896
20251217,2104,國際中橡,11.5,11.5,10.75,10.75,-,0.8,7630487,84017172.0,-1426000,0,11910,897000,0,35000,2323000,0,23090
20251217,1519,華城,803.0,806.0,764.0,765.0,-,33.0,7082079,5523746873.0,-1364793,32444,-103183,1155968,33000,143135,2520761,556,246318
20251217,2014,中鴻,15.5,15.55,15.25,15.25,-,0.1,5860367,89970506.0,-1638000,0,161057,1931000,0,557032,3569000,0,395975
20251217,2634,漢翔,50.5,50.5,49.5,49.5,-,0.6,4432990,220892551.0,-942000,-2000,-588073,756000,0,114000,1698000,2000,702073
20251217,2402,毅嘉,58.7,59.0,55.9,56.3,-,2.4,11235478,640253073.0,-1636000,0,73436,2032000,0,209343,3668000,0,135907
20251217,1722,台肥,46.9,47.05,46.8,46.85,-,0.05,3416573,160168105.0,-321651,-1237000,-11974,1342000,0,8105,1663651,1237000,20079
20251217,3062,建漢,24.8,25.15,24.35,24.5,+,0.05,5512078,136615574.0,-1585000,0,-1807,727000,0,1001,2312000,0,2808
20251217,6257,矽格,97.2,98.1,96.2,96.5,,0.0,6972886,676332988.0,1861000,-3239000,-223288,3242000,0,119000,1381000,3239000,342288
20251217,2912,統一超,226.5,226.5,222.0,222.0,-,3.5,3003903,671307157.0,-1546837,-66801,-29577,512180,0,107000,2059017,66801,136577
20251217,3706,神達,81.0,81.5,80.6,80.7,+,0.5,8286432,671620061.0,-1605090,6000,-92825,1486110,6000,189629,3091200,0,282454
20251217,6282,康舒,41.5,42.4,40.35,40.9,-,0.75,28897147,1185413091.0,-1150950,2000,-547423,7506050,2000,181212,8657000,0,728635
20251217,00896,中信綠能及電動車,18.44,18.5,18.34,18.35,-,0.07,3576903,65894007.0,-33000,0,-1727971,113000,0,739050,146000,0,2467021
20251217,1608,華榮,37.15,37.25,36.5,36.6,-,0.35,4323110,158544165.0,-1773000,-2000,-14230,510000,0,11122,2283000,2000,25352
20251217,4904,遠傳,88.3,88.6,87.7,87.7,-,0.6,4460990,393241502.0,-1721951,-88000,-15972,2030037,32000,98624,3751988,120000,114596
20251217,2485,兆赫,29.5,31.0,29.1,29.55,+,0.75,106076356,3208069627.0,-2235744,0,401204,18968256,0,953835,21204000,0,552631
20251217,2903,遠百,22.75,22.75,22.25,22.3,-,0.25,8031822,180506574.0,-5880000,3843000,185000,1297000,3854000,189000,7177000,11000,4000
20251217,2481,強茂,80.5,80.9,79.0,79.2,-,0.8,7708296,614891562.0,-1345220,-27000,-481010,1274000,0,110000,2619220,27000,591010
20251217,2377,微星,103.0,104.0,100.0,100.5,-,2.5,5656383,575795434.0,-1752397,-11000,-101245,1368020,6000,79399,3120417,17000,180644
20251217,6285,啟碁,102.5,106.5,101.0,101.0,,0.0,6100425,630475434.0,-2029967,53000,765,1203033,61000,163446,3233000,8000,162681
20251217,00882,中信中國高股息,15.12,15.2,15.11,15.17,+,0.05,5027809,76102395.0,-166990,0,-1823116,17010,0,497075,184000,0,2320191
20251217,1304,台聚,11.4,11.5,11.05,11.1,-,0.3,4783591,53457923.0,-2022000,0,22894,698000,0,65000,2720000,0,42106
20251217,00830,國泰費城半導體,56.5,56.9,56.45,56.8,+,0.4,3699252,209933800.0,-984941,0,-1038078,92059,0,727000,1077000,0,1765078
20251217,1609,大亞,37.9,38.15,37.4,37.4,-,0.5,4199883,158180210.0,-2641092,-4760,366799,236058,2000,470000,2877150,6760,103201
20251217,2615,萬海,78.7,79.1,78.0,78.0,-,0.1,7903673,618488329.0,-2412360,-1797,104635,2430640,0,890712,4843000,1797,786077
20251217,1215,卜蜂,141.0,141.5,133.0,134.5,-,6.5,7654703,1038975005.0,-4714000,2114000,-11488,790000,2116000,62000,5504000,2000,73488
20251217,8046,南電,253.0,253.5,242.5,243.5,-,5.5,10179298,2505685317.0,-1417679,-1006000,-214855,3581103,2000,243271,4998782,1008000,458126
20251217,2211,長榮鋼,111.5,111.5,102.5,102.5,-,8.5,8689159,923295457.0,-4954000,2256000,-24560,1350000,2260000,30000,6304000,4000,54560
20251217,00891,中信關鍵半導體,19.25,19.42,19.22,19.25,+,0.01,6116691,118098551.0,-1138000,0,-1637925,167000,0,1227275,1305000,0,2865200
20251217,2633,台灣高鐵,27.55,27.55,27.25,27.4,-,0.05,4528957,124036143.0,-2868000,-17760,-68455,1151000,0,40545,4019000,17760,109000
20251217,2327,國巨*,224.5,225.5,220.5,221.0,-,2.0,14299261,3187646415.0,-2574326,-55000,-333300,5281335,72000,361567,7855661,127000,694867
20251217,9105,泰金寶-DR,5.91,6.07,5.83,5.86,-,0.01,15420349,91348167.0,-2999000,0,-765,3339000,0,0,6338000,0,765
20251217,3711,日月光投控,226.0,230.5,226.0,228.5,-,0.5,14265332,3252279794.0,-2939067,-283000,169710,7202729,145000,387885,10141796,428000,218175
20251217,2356,英業達,42.5,43.05,42.35,42.35,-,0.15,9258339,394303083.0,-4641990,-30000,1517237,2178010,24000,1653680,6820000,54000,136443
20251217,2331,精英,24.0,24.2,22.8,22.9,-,1.2,12671675,294942982.0,-3004000,0,-226083,1842000,0,77000,4846000,0,303083
20251217,1717,長興,39.35,39.35,38.15,38.25,-,0.6,5880808,226479531.0,-3120000,0,-175410,484000,0,72000,3604000,0,247410
20251217,4938,和碩,70.5,70.6,69.2,69.2,-,1.3,12368682,861467713.0,-3757500,-219000,562426,4528000,2522000,672000,8285500,2741000,109574
20251217,2006,東和鋼鐵,68.2,68.4,65.4,65.4,-,4.0,8386943,558893425.0,-3643025,-43950,167353,3431900,2000,229070,7074925,45950,61717
20251217,9907,統一實,18.45,18.45,17.85,17.9,-,0.35,7684062,138706072.0,-6528000,2849000,-18617,650000,2849000,8000,7178000,0,26617
20251217,2308,台達電,900.0,907.0,890.0,890.0,-,11.0,14101199,12652403859.0,-4677028,-260000,1237997,5328578,102000,1934400,10005606,362000,696403
20251217,0056,元大高股息,36.11,36.35,36.11,36.2,+,0.13,23392415,848080638.0,-2105821,0,-1752350,2716324,0,1443926,4822145,0,3196276
20251217,3037,欣興,220.0,221.0,211.5,212.0,-,2.0,21114961,4530457125.0,-4778783,457000,359062,5963379,457000,910796,10742162,0,551734
20251217,2885,元大金,38.8,40.1,38.75,39.35,+,0.55,43805458,1729589981.0,-1625787,-3074726,367317,21339010,0,1031220,22964797,3074726,663903
20251217,3045,台灣大,105.5,105.5,104.0,104.5,-,0.5,8475079,888914344.0,-4632565,225000,6054,2166170,242000,223631,6798735,17000,217577
20251217,2330,台積電,1435.0,1445.0,1425.0,1430.0,-,5.0,33103549,47488282612.0,-9375782,271801,4192182,13036594,572000,4793215,22412376,300199,601033
20251217,1326,台化,32.45,32.9,31.7,32.05,-,0.4,18847748,605586010.0,-5465055,-16000,14735,4259000,0,400689,9724055,16000,385954
20251217,3576,聯合再生,9.1,9.35,8.3,8.38,-,0.13,59857300,530399300.0,-5878250,0,-29878,3692750,0,25020,9571000,0,54898
20251217,2515,中工,13.3,13.55,12.9,12.9,-,0.3,15330908,201462546.0,-5866000,0,-202009,4679000,0,37000,10545000,0,239009
20251217,2409,友達,11.4,11.5,11.25,11.3,,0.0,23234280,264098177.0,-5728010,-87000,-334655,8174000,43000,129784,13902010,130000,464439
20251217,1802,台玻,34.95,35.15,33.55,33.95,-,0.6,54437496,1859861652.0,-5024070,0,-1607367,12698030,0,640116,17722100,0,2247483
20251217,1301,台塑,40.8,41.15,39.7,39.9,-,0.25,16954278,679836799.0,-7157134,0,501193,3786000,0,1006000,10943134,0,504807
20251217,1102,亞泥,36.9,37.15,36.2,36.3,-,0.4,20365503,744000407.0,-9095000,2307489,-17938,5503000,7231000,78083,14598000,4923511,96021
20251217,2105,正新,30.85,31.15,30.3,30.5,-,0.3,11307602,345952414.0,-5726950,-1200721,-98407,2467050,4000,55930,8194000,1204721,154337
20251217,1605,華新,30.4,30.8,29.7,29.9,+,0.45,54441068,1637093634.0,-6247900,-11000,-939666,13132100,30000,1604809,19380000,41000,2544475
20251217,2347,聯強,59.4,59.4,57.3,57.3,-,1.9,19577339,1136568770.0,-1700000,-6240490,304151,10894000,9000,505401,12594000,6249490,201250
20251217,2352,佳世達,26.9,27.1,25.5,25.7,-,1.2,16390754,427752946.0,-8752040,-110000,21389,4897000,15000,142884,13649040,125000,121495
20251217,3702,大聯大,61.3,61.9,59.7,59.8,-,1.0,24205634,1464535124.0,-13650450,4405000,25363,5103000,6330000,201883,18753450,1925000,176520
20251217,2353,宏碁,26.75,27.1,26.0,26.05,-,0.4,23975795,632385761.0,-6224350,-4247000,541453,3944150,21000,933897,10168500,4268000,392444
20251217,6005,群益證,24.95,25.1,24.05,24.15,-,0.65,23452144,575929425.0,-15384000,3396984,0,4943000,4899000,0,20327000,1502016,0
20251217,2886,兆豐金,40.55,41.0,40.3,40.35,,0.0,32692086,1325110393.0,-13687400,901906,322239,12804600,986000,544997,26492000,84094,222758
20251217,3231,緯創,140.0,140.5,138.0,138.0,-,1.0,25230020,3511199393.0,-12175098,-101000,-294978,5277428,33000,185000,17452526,134000,479978
20251217,00712,復華富時不動產,9.04,9.04,9.0,9.04,,0.0,28124422,253810918.0,-13097000,0,443817,269000,0,3688999,13366000,0,3245182
20251217,2371,大同,31.2,31.6,30.2,30.2,-,1.3,56822753,1734568801.0,-3856495,-8970000,-328944,16387005,3000,251228,20243500,8973000,580172
20251217,2002,中鋼,18.55,18.65,18.4,18.4,-,0.15,27909107,515618493.0,-15638800,11000,1811415,2888200,13000,1889000,18527000,2000,77585
20251217,2312,金寶,24.2,24.6,23.0,23.2,-,0.2,59155526,1401105713.0,-11954000,-24000,-3148670,7723000,0,432000,19677000,24000,3580670
20251217,00918,大華優利高填息30,22.79,23.0,22.79,22.99,+,0.26,50408949,1155974676.0,-1441000,0,-15666184,1539000,0,5008094,2980000,0,20674278
20251217,2027,大成鋼,37.2,37.35,36.15,36.15,-,0.75,33375789,1221171191.0,-23866885,6780000,-268865,4364500,6780000,274383,28231385,0,543248
20251217,2317,鴻海,218.0,219.5,216.0,216.5,-,1.5,51129639,11120465506.0,-28109930,251875,8501895,12077013,351000,8850880,40186943,99125,348985
20251217,0052,富邦科技,35.64,35.79,35.44,35.46,-,0.19,37191719,1324489297.0,2579950,0,-24083827,2644950,0,3055000,65000,0,27138827
20251217,0050,元大台灣50,62.15,62.45,61.85,61.9,-,0.35,98504980,6122747371.0,-24499871,-1000000,1688385,11057940,0,26563851,35557811,1000000,24875466
20251217,2382,廣達,269.5,271.0,265.0,265.0,-,8.0,50920956,13626509549.0,-36038970,-153719,173333,8209391,71000,1581000,44248361,224719,1407667
20251217,3481,群創,12.95,13.0,12.65,12.65,-,0.25,72748102,928576305.0,-36591199,-64000,467897,23285500,53000,1265180,59876699,117000,797283
