tradeDate,stockCode,stockName,openPrice,highPrice,lowPrice,closePrice,changeSign,change,totalShares,totalAmount,foreignNetShares,investmentNetShares,dealerNetShares,foreignBuyShares,investmentBuyShares,dealerBuyShares,foreignSellShares,investmentSellShares,dealerSellShares
20250905,2344,華邦電,20.65,22.55,20.6,22.55,+,2.05,227254069,4992131427.0,59513010,228000,7853664,82017000,245000,9546560,22503990,17000,1692896
20250905,2408,南亞科,49.4,53.0,49.1,53.0,+,4.8,162013609,8401615241.0,31302080,640810,3183286,51556350,648000,4316887,20254270,7190,1133601
20250905,2208,台船,24.7,24.9,22.9,24.85,+,2.2,101247786,2467181886.0,28980450,62000,-301136,33471450,62000,47864,4491000,0,349000
20250905,2317,鴻海,205.5,206.5,203.0,205.0,+,2.0,39235404,8029752712.0,17085201,-354797,468498,24774725,307000,685999,7689524,661797,217501
20250905,2374,佳能,83.0,87.2,83.0,85.1,+,5.5,68793276,5849787130.0,14813982,0,508399,23899902,0,809914,9085920,0,301515
20250905,0056,元大高股息,35.05,35.12,35.0,35.11,+,0.2,24635754,864164390.0,10863020,0,3348920,11423555,0,4290466,560535,0,941546
20250905,0050,元大台灣50,52.7,52.9,52.65,52.85,+,0.55,38976905,2057938532.0,8170182,300000,5154943,9011871,300000,11829781,841689,0,6674838
20250905,3059,華晶科,54.6,59.1,54.3,59.1,+,5.3,55657372,3249806109.0,12870000,0,-426327,17242000,0,1343740,4372000,0,1770067
20250905,2330,台積電,1175.0,1180.0,1170.0,1180.0,+,20.0,27931124,32835192457.0,11887505,-147052,348574,19257373,302000,540694,7369868,449052,192120
20250905,00929,復華台灣科技優息,17.86,17.9,17.81,17.85,+,0.12,13664101,243811541.0,3787465,0,7752296,3872764,0,7982294,85299,0,229998
20250905,00940,元大台灣價值高息,9.29,9.33,9.27,9.28,+,0.01,18003316,167201308.0,3269990,0,7953570,3592000,0,9714000,322010,0,1760430
20250905,00882,中信中國高股息,13.83,13.99,13.83,13.97,+,0.14,14997937,208665342.0,3534000,0,7597050,3677000,0,7904000,143000,0,306950
20250905,00878,國泰永續高股息,20.49,20.52,20.45,20.5,+,0.1,33467980,685712269.0,13545147,0,-2511848,13893170,0,4086398,348023,0,6598246
20250905,2884,玉山金,34.1,34.3,34.0,34.3,+,0.3,23929347,817003262.0,8548388,409743,-128155,18816186,648000,161000,10267798,238257,289155
20250905,2449,京元電子,152.5,161.5,152.5,160.0,+,9.0,57271319,9045487899.0,4953879,1674927,1727387,19412941,1709000,2001308,14459062,34073,273921
20250905,00891,中信關鍵半導體,17.68,17.77,17.65,17.77,+,0.25,8868860,157191140.0,1649400,0,6488775,1656000,0,6576602,6600,0,87827
20250905,2882,國泰金,64.1,64.6,63.8,64.6,+,0.5,19526204,1256318617.0,5274759,2549469,-32179,13983759,2760000,264821,8709000,210531,297000
20250905,00927,群益半導體收益,18.05,18.21,18.03,18.2,+,0.34,9083410,164580222.0,1682000,0,6027933,1744000,0,6929933,62000,0,902000
20250905,6177,達麗,49.8,53.0,48.3,50.9,+,2.6,30478732,1549475255.0,49205,7237000,386887,7067955,7237000,443524,7018750,0,56637
20250905,00885,富邦越南,16.4,16.5,16.35,16.46,+,0.32,12227553,200858413.0,6680400,0,983794,6950500,0,2425794,270100,0,1442000
20250905,00946,群益科技高息成長,10.07,10.12,10.03,10.11,+,0.15,9108679,91944302.0,2031000,0,5394782,2180000,0,6004996,149000,0,610214
20250905,6770,力積電,15.8,16.2,15.75,16.05,+,0.35,18322440,293898337.0,6238486,-18000,783618,9065000,0,941618,2826514,18000,158000
20250905,2885,元大金,33.25,33.85,33.2,33.8,+,0.7,17927226,602728460.0,7499889,-421000,-178179,11623291,0,126412,4123402,421000,304591
20250905,2542,興富發,45.9,46.3,44.7,45.2,-,0.4,24971980,1138030726.0,4915680,2350000,-758299,10759780,2350000,1033482,5844100,0,1791781
20250905,2308,台達電,720.0,726.0,711.0,726.0,+,35.0,15305812,11016077981.0,4836494,783255,295366,9361037,815000,442825,4524543,31745,147459
20250905,00830,國泰費城半導體,45.04,45.1,44.97,44.99,+,0.61,8037392,361796749.0,2846795,0,2718932,3175795,0,3173000,329000,0,454068
20250905,2454,聯發科,1400.0,1435.0,1395.0,1435.0,+,50.0,9434638,13369682190.0,4433847,-70280,61277,6000225,23000,202354,1566378,93280,141077
20250905,2498,宏達電,72.7,74.6,72.2,72.7,+,0.7,62365958,4573221454.0,4116980,-4124,63172,15155000,2000,1221085,11038020,6124,1157913
20250905,2356,英業達,41.65,41.7,41.15,41.7,+,0.4,8793422,365171791.0,3896100,-41000,42877,5507100,0,71190,1611000,41000,28313
20250905,00713,元大台灣高息低波,51.6,51.85,51.45,51.5,,0.0,8364393,431088154.0,1468857,500000,1713588,2016156,500000,1927000,547299,0,213412
20250905,00961,FT臺灣永續高息,9.04,9.05,8.99,9.02,+,0.03,6607370,59578660.0,2207000,0,1400611,2238000,0,1765000,31000,0,364389
20250905,2313,華通,76.8,77.2,75.3,75.8,+,0.2,18332996,1393994322.0,3427100,-6000,150661,9075100,0,286375,5648000,6000,135714
20250905,00939,統一台灣高息動能,13.81,13.83,13.76,13.81,+,0.06,3913490,54003540.0,282000,0,3136209,314000,0,3189329,32000,0,53120
20250905,2890,永豐金,24.4,24.45,24.2,24.3,-,0.1,18212448,442817240.0,3858098,-184817,-304586,9838098,0,204000,5980000,184817,508586
20250905,00934,中信成長高股息,19.55,19.65,19.49,19.65,+,0.29,4170192,81701202.0,300646,0,2948949,619146,0,3382958,318500,0,434009
20250905,00770,國泰北美科技,50.8,51.15,50.8,50.9,+,0.35,3656939,186090221.0,1342000,0,1873296,1348000,0,2076296,6000,0,203000
20250905,2886,兆豐金,41.1,41.4,41.05,41.25,+,0.15,8527592,351370001.0,4015290,-912000,38510,7044290,47000,131000,3029000,959000,92490
20250905,2476,鉅祥,104.5,112.5,102.5,110.5,+,7.0,20686890,2244498598.0,2637000,0,311259,6155000,0,507428,3518000,0,196169
20250905,4958,臻鼎-KY,177.5,178.5,170.0,174.0,,0.0,25540571,4439732494.0,6021726,-3293038,191330,12916042,0,518477,6894316,3293038,327147
20250905,1316,上曜,15.2,15.65,14.75,14.8,-,0.15,57582777,872272560.0,2908120,0,-23530,14670320,0,7000,11762200,0,30530
20250905,3019,亞光,167.5,170.0,166.0,167.5,+,3.5,16595218,2783367064.0,2484800,166000,208148,5548000,166000,428419,3063200,0,220271
20250905,2880,華南金,29.1,29.2,28.9,29.15,+,0.05,5680668,165286033.0,2936938,-99000,9839,4724856,40000,117000,1787918,139000,107161
20250905,2486,一詮,81.2,85.6,80.0,83.0,+,4.8,25043681,2078623862.0,2492287,0,339574,7466287,0,432059,4974000,0,92485
20250905,00918,大華優利高填息30,22.62,22.63,22.56,22.63,+,0.13,11186770,252930354.0,17409,0,2813790,199000,0,4268000,181591,0,1454210
20250905,00947,台新臺灣IC設計,14.4,14.57,14.36,14.56,+,0.41,3723863,53916664.0,1358000,0,1390402,1394000,0,1996402,36000,0,606000
20250905,00922,國泰台灣領袖50,22.71,22.79,22.69,22.77,+,0.25,5978832,136030671.0,-56670,0,2679061,130,0,4229184,56800,0,1550123
20250905,00923,群益台ESG低碳50,21.69,21.73,21.64,21.71,+,0.22,4119806,89377349.0,827250,0,1746844,872000,0,2824255,44750,0,1077411
20250905,00900,富邦特選高股息30,13.28,13.3,13.25,13.29,+,0.08,10677103,141782824.0,1804950,0,766063,1906000,0,3509000,101050,0,2742937
20250905,5534,長虹,85.0,88.0,82.9,85.0,+,1.0,10796131,917562986.0,1916963,929000,-304231,4478063,1450000,343606,2561100,521000,647837
20250905,00902,中信電池及儲能,10.07,10.49,10.07,10.42,+,0.35,7260352,75426705.0,491000,0,1954289,562000,0,5464831,71000,0,3510542
20250905,1504,東元,68.2,68.4,67.1,68.0,+,1.3,18168237,1231475536.0,2397712,12965,34255,10094000,100000,243933,7696288,87035,209678
20250905,00915,凱基優選高股息30,22.72,22.74,22.62,22.66,-,0.02,3772575,85498073.0,715344,0,1493357,753000,0,2063723,37656,0,570366
20250905,00952,凱基台灣AI50,10.53,10.6,10.5,10.6,+,0.19,3419470,36084455.0,248000,0,1901899,280000,0,2634767,32000,0,732868
20250905,6116,彩晶,7.4,7.46,7.27,7.45,+,0.11,5334933,39354996.0,2019000,0,22412,2881000,0,27000,862000,0,4588
20250905,00938,凱基優選30,15.15,15.2,15.13,15.13,+,0.06,2623038,39776690.0,2150,0,2026515,2150,0,2540312,0,0,513797
20250905,00905,FT臺灣Smart,15.15,15.19,15.13,15.17,+,0.15,2449053,37141461.0,49000,0,1939655,57000,0,1940909,8000,0,1254
20250905,00962,台新AI優息動能,10.32,10.43,10.28,10.41,+,0.2,2595335,26827509.0,-519000,0,2383630,6000,0,2404018,525000,0,20388
20250905,8039,台虹,62.5,67.4,61.1,63.7,+,2.1,41345805,2666452593.0,931720,-10000,929351,9382965,0,1789114,8451245,10000,859763
20250905,2352,佳世達,31.15,31.3,30.6,31.15,+,0.25,5226018,162090355.0,1460800,-18000,286125,1944000,0,335000,483200,18000,48875
20250905,2855,統一證,21.6,21.85,21.45,21.55,+,0.5,3903097,84223671.0,1508800,-3000,0,1993800,0,0,485000,3000,0
20250905,00892,富邦台灣半導體,18.34,18.43,18.33,18.41,+,0.3,2665370,49016110.0,534000,0,930677,555000,0,1771677,21000,0,841000
20250905,2349,錸德,11.2,11.75,11.15,11.65,+,0.5,7798682,89551085.0,1399000,0,-2016,2329000,0,1085,930000,0,3101
20250905,2231,為升,131.0,138.5,124.0,131.0,+,1.5,12725084,1666368473.0,274035,1037000,73111,3196035,1037000,281887,2922000,0,208776
20250905,00935,野村臺灣新科技50,24.74,24.95,24.74,24.94,+,0.45,2682296,66693917.0,46000,0,1325621,95000,0,1508496,49000,0,182875
20250905,6789,采鈺,279.0,298.0,276.5,298.0,+,27.0,10093537,2945710738.0,1156663,7000,180989,2179771,7000,256525,1023108,0,75536
20250905,3005,神基,163.5,166.0,162.0,163.5,+,1.0,5074881,830312515.0,1074394,156600,98625,2387000,205000,127885,1312606,48400,29260
20250905,2301,光寶科,128.0,131.5,127.0,130.5,+,5.0,21545379,2796289213.0,-858650,1793263,368617,5422375,1941000,727979,6281025,147737,359362
20250905,00881,國泰台灣科技龍頭,26.85,27.0,26.83,26.98,+,0.44,9589244,258189166.0,1941537,100000,-747841,1969537,100000,3469011,28000,0,4216852
20250905,2402,毅嘉,56.6,57.4,55.9,56.7,+,0.3,9727032,551253794.0,1280000,3000,-40958,3091000,3000,26163,1811000,0,67121
20250905,9933,中鼎,32.3,33.0,32.1,33.0,+,0.95,9404183,306280683.0,1206624,-2000,9721,4817000,0,16504,3610376,2000,6783
20250905,6209,今國光,37.3,38.15,37.3,37.85,+,0.9,3119203,118014443.0,1108000,0,2000,1661000,0,2000,553000,0,0
20250905,00936,台新永續高息中小,15.58,15.59,15.48,15.52,+,0.06,1220794,18940840.0,296183,0,802986,315183,0,823036,19000,0,20050
20250905,9904,寶成,28.6,28.8,28.45,28.55,+,0.05,7292851,208407006.0,1125000,-32000,5736,3961000,0,30000,2836000,32000,24264
20250905,00941,中信上游半導體,13.7,13.78,13.7,13.73,+,0.13,1449318,19911829.0,991000,0,104754,1003000,0,306799,12000,0,202045
20250905,2323,中環,9.2,9.41,9.2,9.41,+,0.85,10096589,94551667.0,1077000,-20000,28980,1274000,0,30980,197000,20000,2000
20250905,2520,冠德,40.5,41.3,38.7,40.2,+,0.55,19908845,794250322.0,225962,1000000,-175254,6230862,1000000,284334,6004900,0,459588
20250905,2338,光罩,40.8,42.55,40.1,41.85,+,1.65,4172004,173498183.0,850001,0,192253,1384001,0,221367,534000,0,29114
20250905,00951,台新日本半導體,8.38,8.4,8.33,8.35,+,0.09,1456635,12211394.0,543000,0,441449,556000,0,793020,13000,0,351571
20250905,2329,華泰,43.6,44.35,43.05,44.0,+,0.4,4409887,193003584.0,1016000,-1000,-36921,2039000,0,85667,1023000,1000,122588
20250905,1717,長興,41.45,43.85,40.85,43.65,+,2.8,28176726,1204739352.0,447115,2000,523444,6055500,3000,665808,5608385,1000,142364
20250905,00960,野村全球航運龍頭,14.29,14.31,14.26,14.28,+,0.11,1143641,16336749.0,-10000,0,977087,0,0,1007087,10000,0,30000
20250905,5234,達興材料,395.0,426.5,394.0,426.5,+,38.5,3416251,1415943069.0,473820,297000,180902,1121020,333000,185486,647200,36000,4584
20250905,2881,富邦金,86.4,87.0,86.2,87.0,+,0.5,8850668,767955146.0,958524,-71388,21883,6037403,630000,124996,5078879,701388,103113
20250905,2363,矽統,55.9,56.7,54.8,56.3,+,1.2,7075687,395432660.0,693600,0,212113,1905000,0,230113,1211400,0,18000
20250905,8271,宇瞻,64.6,66.0,64.4,65.4,+,3.1,4502614,293748504.0,879000,0,1000,1556000,0,1000,677000,0,0
20250905,6257,矽格,85.2,86.5,84.5,85.9,+,1.4,3798725,326036305.0,1035563,-258020,96535,1869563,2000,138516,834000,260020,41981
20250905,00639,富邦深100,13.26,13.56,13.26,13.51,+,0.16,2341590,31443114.0,-53000,0,905944,12000,0,1916257,65000,0,1010313
20250905,3711,日月光投控,155.0,156.5,154.5,156.0,+,2.0,6327710,984283951.0,1135767,-203608,-92773,4606292,0,83427,3470525,203608,176200
20250905,00894,中信小資高價30,22.2,22.36,22.18,22.36,+,0.42,1719650,38293081.0,348000,0,491281,372000,0,868244,24000,0,376963
20250905,00904,台新臺灣半導體30,18.52,18.7,18.52,18.68,+,0.32,950045,17696681.0,0,0,824666,0,0,899772,0,0,75106
20250905,6139,亞翔,357.0,363.0,352.0,361.0,+,8.0,2954580,1059436396.0,808000,19000,-54430,1300000,28000,93242,492000,9000,147672
20250905,3447,展達,79.0,84.0,79.0,82.4,+,3.6,7297573,597172435.0,797000,0,-27477,2104000,0,10000,1307000,0,37477
20250905,6753,龍德造船,178.5,191.0,168.0,180.5,+,6.5,43672510,7891064387.0,578210,81000,105227,7777210,81000,555036,7199000,0,449809
20250905,2809,京城銀,56.5,56.6,56.3,56.5,,0.0,1218434,68760839.0,410000,-4710,357476,571000,0,358000,161000,4710,524
20250905,3665,貿聯-KY,1085.0,1100.0,1040.0,1075.0,+,15.0,6145247,6573926940.0,763122,28370,-29959,2752154,198370,183542,1989032,170000,213501
20250905,2451,創見,102.5,105.0,102.0,104.5,+,3.0,1556068,162054117.0,728275,-31390,61212,996000,0,75974,267725,31390,14762
20250905,3006,晶豪科,58.0,63.3,58.0,63.3,+,5.7,10480127,647239921.0,230000,0,481360,1919000,0,657063,1689000,0,175703
20250905,3231,緯創,114.5,115.5,113.0,115.5,+,2.5,19819198,2272507129.0,-1182757,1980840,-88097,4694219,2222000,191261,5876976,241160,279358
20250905,3035,智原,156.0,158.0,155.0,157.5,+,2.0,2243297,351420384.0,531000,-4000,160317,933000,0,192345,402000,4000,32028
20250905,8021,尖點,81.0,82.0,80.5,82.0,+,3.0,2214660,180160214.0,666000,0,21000,751000,0,21000,85000,0,0
20250905,4976,佳凌,58.0,58.2,54.2,54.5,-,3.0,17464896,978278902.0,711727,0,-25246,3825000,0,23000,3113273,0,48246
20250905,1104,環泥,29.75,30.05,29.0,29.15,-,0.4,2747650,80367280.0,708000,0,-24021,1086000,0,6000,378000,0,30021
20250905,00692,富邦公司治理,48.01,48.13,47.94,48.11,+,0.49,1015451,48811736.0,206000,0,470148,215000,0,550587,9000,0,80439
20250905,00930,永豐ESG低碳高息,17.12,17.12,17.04,17.05,,0.0,1002932,17116771.0,68000,0,590958,78000,0,782959,10000,0,192001
20250905,3040,遠見,63.7,68.0,62.3,67.5,+,5.3,2341122,152362743.0,155000,0,500486,531000,0,510486,376000,0,10000
20250905,4526,東台,37.2,38.2,37.2,37.9,+,0.9,6083537,230254513.0,653000,0,0,2030000,0,0,1377000,0,0
20250905,2388,威盛,61.8,62.2,61.0,62.2,+,1.1,2448967,151285914.0,455100,0,184964,1058100,0,191358,603000,0,6394
20250905,2406,國碩,21.15,21.6,20.8,21.2,+,0.1,4698799,99556734.0,632000,0,5930,1466000,0,6000,834000,0,70
20250905,8070,長華*,41.35,42.0,40.85,41.4,+,0.75,4081956,169404762.0,612000,-1000,8412,1473000,0,14527,861000,1000,6115
20250905,6668,中揚光,46.9,49.4,46.25,48.85,+,2.35,2341407,113217197.0,614000,0,-2000,1029000,0,0,415000,0,2000
20250905,5225,東科-KY,114.5,119.0,113.5,114.0,+,4.5,3415243,395801911.0,610050,0,-1685,1153100,0,8984,543050,0,10669
20250905,4967,十銓,73.5,78.0,73.4,76.6,+,2.9,3736166,284428754.0,587000,0,15799,1308000,0,18020,721000,0,2221
20250905,1409,新纖,14.6,14.75,14.3,14.5,-,0.1,6694957,96785524.0,528100,-1000,59654,2171100,0,65000,1643000,1000,5346
20250905,00932,兆豐永續高息等權,14.5,14.52,14.43,14.47,+,0.06,636419,9211405.0,110000,0,472397,113000,0,484000,3000,0,11603
20250905,2345,智邦,995.0,1025.0,992.0,1020.0,+,45.0,4434047,4477155807.0,377366,81000,99172,2175565,86000,194065,1798199,5000,94893
20250905,3013,晟銘電,127.0,129.5,127.0,129.0,+,2.0,3441664,441858834.0,424011,9000,124191,923011,9000,129818,499000,0,5627
20250905,6691,洋基工程,482.0,503.0,482.0,492.5,+,14.0,1426722,705097269.0,499000,-3000,54127,770000,0,57227,271000,3000,3100
20250905,00903,富邦元宇宙,16.12,16.14,16.09,16.1,+,0.18,597746,9630525.0,-5000,0,546274,0,0,590274,5000,0,44000
20250905,1103,嘉泥,13.35,13.45,13.0,13.15,-,0.2,1593383,20987988.0,526000,0,6000,648000,0,6000,122000,0,0
20250905,00850,元大臺灣ESG永續,47.52,47.68,47.44,47.64,+,0.54,940994,44781341.0,-2000,0,522634,6000,0,691309,8000,0,168675
20250905,4739,康普,58.8,64.4,58.1,63.4,+,4.8,4287818,269498171.0,513000,-15000,10222,1047000,0,12790,534000,15000,2568
20250905,2489,瑞軒,13.65,13.8,13.5,13.75,+,0.15,1393303,19018933.0,476837,0,21925,680837,0,41925,204000,0,20000
20250905,00912,中信臺灣智慧50,19.12,19.24,19.12,19.24,+,0.2,670896,12882060.0,5000,0,489757,11000,0,651757,6000,0,162000
20250905,3450,聯鈞,198.0,206.0,198.0,201.0,+,4.5,7319600,1479102096.0,343324,-16000,152806,1928324,0,164130,1585000,16000,11324
20250905,2316,楠梓電,98.5,101.5,98.0,100.5,+,2.8,8921569,889380805.0,477015,0,2542,2647015,0,18117,2170000,0,15575
20250905,2332,友訊,17.6,17.75,17.5,17.65,+,0.1,1723499,30396851.0,459000,0,4324,726000,0,10763,267000,0,6439
20250905,00907,永豐優息存股,15.17,15.18,15.12,15.16,+,0.07,583962,8846423.0,6000,0,447748,11000,0,476268,5000,0,28520
20250905,2405,輔信,18.85,18.85,18.55,18.7,+,0.05,2039744,38071405.0,447000,0,0,740000,0,0,293000,0,0
20250905,2548,華固,109.0,109.5,104.5,105.0,-,2.5,3764484,400339937.0,457500,148000,-159618,1373000,148000,172344,915500,0,331962
20250905,2327,國巨*,137.0,137.0,134.5,135.0,-,0.5,8392457,1136547786.0,380914,-67018,123889,3168914,0,254000,2788000,67018,130111
20250905,00926,凱基全球菁英55,22.37,22.37,22.27,22.29,+,0.04,597667,13330601.0,-5000,0,439654,0,0,467874,5000,0,28220
20250905,4540,全球傳動,45.2,46.0,45.15,45.6,+,0.8,1616946,73759896.0,465000,0,-36000,651000,0,0,186000,0,36000
20250905,3167,大量,190.0,195.0,186.5,191.5,+,6.5,9953831,1900422949.0,397000,0,22705,2211000,0,37032,1814000,0,14327
20250905,6589,台康生技,62.7,64.0,62.4,63.5,+,1.9,1482819,93847759.0,413000,0,4000,652000,0,4000,239000,0,0
20250905,5880,合庫金,24.15,24.35,24.15,24.2,+,0.15,6249770,151338493.0,414536,-90000,89930,3371736,49000,116000,2957200,139000,26070
20250905,1528,恩德,17.3,17.35,16.95,16.95,-,0.15,2411524,41224084.0,410000,0,411,804000,0,1000,394000,0,589
20250905,3305,昇貿,121.0,130.5,118.0,126.0,+,7.0,23874986,3008928880.0,468175,0,-68071,4783180,0,197772,4315005,0,265843
20250905,2457,飛宏,24.35,24.7,24.05,24.4,+,0.3,2131225,51927008.0,288767,0,100143,678000,0,108881,389233,0,8738
20250905,6120,達運,11.25,11.5,11.15,11.2,-,0.05,1891930,21374047.0,288000,0,96000,702000,0,96000,414000,0,0
20250905,3058,立德,12.1,12.8,11.85,12.7,+,0.8,2151862,26854959.0,384000,0,0,665000,0,0,281000,0,0
20250905,1560,中砂,341.5,344.0,339.0,340.0,+,2.5,2302693,786806606.0,361000,2000,18450,901000,10000,43154,540000,8000,24704
20250905,2369,菱生,17.45,17.65,17.35,17.6,+,0.25,1529159,26815390.0,374000,0,4000,664000,0,4000,290000,0,0
20250905,2429,銘旺科,110.0,124.5,108.5,123.5,+,9.5,5327122,624487600.0,425000,0,-52194,1605000,0,18084,1180000,0,70278
20250905,00971,野村美國研發龍頭,15.49,15.58,15.49,15.53,+,0.11,1199711,18633076.0,0,0,368010,0,0,753385,0,0,385375
20250905,6531,愛普*,311.5,314.0,307.0,313.5,+,6.0,1570945,489033671.0,378000,-9000,-1787,653000,0,22548,275000,9000,24335
20250905,2357,華碩,640.0,647.0,638.0,645.0,+,10.0,1804339,1160730238.0,550145,-180311,-3428,928639,0,18672,378494,180311,22100
20250905,3583,辛耘,376.0,385.0,375.0,385.0,+,12.0,1326782,507160252.0,328000,0,37170,501000,0,65681,173000,0,28511
20250905,00956,中信日經高股息,10.63,10.66,10.62,10.66,+,0.09,564023,5997972.0,0,0,364525,5000,0,436102,5000,0,71577
20250905,2633,台灣高鐵,27.8,27.9,27.75,27.9,+,0.1,1214634,33828678.0,330000,-4972,34000,829000,0,34000,499000,4972,0
20250905,4977,眾達-KY,115.0,117.0,112.5,116.0,+,7.0,8293526,953459565.0,307985,0,33257,1823000,0,35111,1515015,0,1854
20250905,6781,AES-KY,1240.0,1340.0,1240.0,1340.0,+,120.0,1979310,2605717065.0,231589,49916,58081,510649,60000,86081,279060,10084,28000
20250905,6672,騰輝電子-KY,111.5,121.0,111.0,117.5,+,7.0,20758508,2418362876.0,330340,0,8531,4218340,0,31696,3888000,0,23165
20250905,3011,今皓,15.1,15.35,14.9,15.1,,0.0,839852,12673408.0,338000,0,0,496000,0,0,158000,0,0
20250905,00965,元大航太防衛科技,20.88,20.93,20.87,20.89,+,0.09,1563147,32649275.0,87891,0,249628,102891,0,370000,15000,0,120372
20250905,2850,新產,118.0,120.0,116.0,119.5,+,1.5,567293,67129065.0,343000,0,-12000,401000,0,4000,58000,0,16000
20250905,6456,GIS-KY,66.0,66.7,62.4,65.9,+,0.7,5962160,383950154.0,372000,0,-50836,1963000,0,37761,1591000,0,88597
20250905,6525,捷敏-KY,80.7,81.7,80.3,80.6,+,0.3,590205,47874169.0,308000,0,10000,373000,0,10000,65000,0,0
20250905,2436,偉詮電,52.7,56.1,51.8,55.2,+,3.0,10067367,546413312.0,25000,0,291239,2259000,0,341736,2234000,0,50497
20250905,1477,聚陽,282.0,284.5,279.0,282.5,+,1.0,1344184,378712971.0,292000,16748,7284,790000,30000,30925,498000,13252,23641
20250905,4555,氣立,45.6,46.8,45.35,45.95,+,0.5,1099392,50511211.0,316000,0,-410,464000,0,1000,148000,0,1410
20250905,2376,技嘉,267.5,271.0,264.5,269.0,+,4.0,1613837,432662316.0,1457,267000,43424,609467,274000,94000,608010,7000,50576
20250905,3338,泰碩,62.0,63.0,62.0,62.4,+,0.8,760267,47553802.0,287000,0,9000,393000,0,9000,106000,0,0
20250905,6206,飛捷,113.0,115.0,112.5,115.0,+,3.0,1209587,137814596.0,263000,0,31020,377000,0,32545,114000,0,1525
20250905,1101,台泥,22.7,22.75,22.45,22.65,,0.0,12688197,287372577.0,497584,-52804,-156290,4933584,27000,88000,4436000,79804,244290
20250905,3312,弘憶股,42.55,43.7,42.35,42.85,+,0.35,874182,37362868.0,283000,0,2272,406000,0,2272,123000,0,0
20250905,8926,台汽電,47.3,47.6,47.15,47.6,+,0.3,787887,37372640.0,274620,-2000,12000,334150,0,12000,59530,2000,0
20250905,00944,野村趨勢動能高息,14.39,14.4,14.35,14.37,+,0.04,427503,6145328.0,0,0,283552,0,0,395000,0,0,111448
20250905,00636,國泰中國A50,24.5,24.69,24.5,24.63,+,0.19,795846,19548760.0,104000,0,177505,106000,0,580200,2000,0,402695
20250905,3149,正達,39.15,39.8,38.65,39.3,+,0.5,2792428,109503398.0,280000,0,0,867000,0,0,587000,0,0
20250905,8033,雷虎,173.5,177.0,168.5,177.0,+,6.0,1947249,337634867.0,269000,0,9000,286000,0,18000,17000,0,9000
20250905,6477,安集,43.1,43.9,42.35,42.5,-,0.4,1588042,67920116.0,266000,0,6000,592000,0,6000,326000,0,0
20250905,1436,華友聯,84.6,84.6,75.1,81.5,+,2.9,2484048,198440370.0,283719,0,-12900,923719,0,13197,640000,0,26097
20250905,6165,浪凡,59.4,59.8,58.6,59.3,,0.0,895717,53089493.0,270000,0,0,453000,0,0,183000,0,0
20250905,9955,佳龍,29.9,31.35,29.15,29.95,+,0.25,4609653,140855606.0,267000,0,1000,1422000,0,1000,1155000,0,0
20250905,3533,嘉澤,1420.0,1510.0,1420.0,1495.0,+,85.0,1164937,1719884320.0,237277,-69228,99896,484424,2000,112489,247147,71228,12593
20250905,3014,聯陽,135.5,136.0,135.0,135.5,+,1.0,515048,69693276.0,281010,-17811,2678,318010,0,2678,37000,17811,0
20250905,4927,泰鼎-KY,25.3,25.6,24.7,25.5,+,0.4,3855139,97188929.0,257000,0,3000,1201000,0,3000,944000,0,0
20250905,6533,晶心科,298.0,309.5,296.5,307.5,+,12.5,1258676,382310166.0,186910,0,70658,377010,0,72659,190100,0,2001
20250905,2614,東森,18.95,19.55,18.75,19.35,+,0.65,1869527,36035130.0,251000,0,16,550000,0,16,299000,0,0
20250905,00728,第一金工業30,32.52,32.74,32.52,32.6,+,0.32,322905,10532911.0,-3000,0,253187,0,0,302187,3000,0,49000
20250905,2820,華票,17.05,17.05,16.9,17.0,-,0.05,849644,14438588.0,225000,0,18000,278000,0,18000,53000,0,0
20250905,2441,超豐,59.7,60.5,59.3,60.2,+,0.5,690918,41532972.0,227000,-4000,10821,279000,0,13051,52000,4000,2230
20250905,00896,中信綠能及電動車,17.6,17.74,17.6,17.73,+,0.22,1063797,18826797.0,83000,0,150127,83000,0,464589,0,0,314462
20250905,0052,富邦科技,206.15,207.8,206.15,207.5,+,2.5,620139,128556875.0,9000,310000,-90560,15000,310000,196740,6000,0,287300
20250905,6235,華孚,61.0,61.2,59.8,60.0,-,0.7,981333,59209351.0,228000,0,-3412,328000,0,4000,100000,0,7412
20250905,3041,揚智,27.95,28.7,27.8,27.95,+,0.3,1058138,29922241.0,223000,0,-1,423000,0,0,200000,0,1
20250905,2838,聯邦銀,16.9,17.0,16.9,17.0,+,0.1,596250,10113503.0,173000,-5000,54000,319000,0,54000,146000,5000,0
20250905,00963,中信全球高股息,10.66,10.73,10.66,10.71,+,0.07,484475,5188228.0,8000,0,208000,12000,0,313000,4000,0,105000
20250905,3518,柏騰,23.9,24.3,23.6,23.8,+,0.4,710088,17018847.0,209350,0,1000,284350,0,1000,75000,0,0
20250905,00954,中信日本半導體,8.81,8.83,8.76,8.78,+,0.09,908819,8003503.0,70000,0,136857,78000,0,629000,8000,0,492143
20250905,1442,名軒,57.2,58.0,55.0,56.6,-,0.2,2024676,113622835.0,163210,50000,-8145,1055210,50000,1564,892000,0,9709
20250905,1476,儒鴻,409.0,414.0,406.0,410.0,+,3.5,626886,257272902.0,187809,18986,-2183,417059,61000,10817,229250,42014,13000
20250905,6669,緯穎,3010.0,3040.0,2985.0,3025.0,+,90.0,1948709,5870856026.0,146762,32999,24844,932093,63000,42404,785331,30001,17560
20250905,2331,精英,19.4,19.45,19.15,19.3,,0.0,873782,16874022.0,187000,0,16420,399000,0,26058,212000,0,9638
20250905,2472,立隆電,85.6,87.4,84.9,86.9,+,2.2,2375934,205581745.0,178000,0,23042,670000,0,24388,492000,0,1346
20250905,1515,力山,32.3,32.3,31.3,32.3,+,0.1,676755,21438445.0,195500,0,2000,267000,0,2000,71500,0,0
20250905,2509,全坤建,17.5,17.5,17.4,17.5,+,1.55,4254541,74439197.0,172000,0,19326,213000,0,247326,41000,0,228000
20250905,6757,台灣虎航,86.3,86.8,85.5,86.6,+,0.8,3055408,263208777.0,-320000,403000,107000,509000,403000,109000,829000,0,2000
20250905,2399,映泰,18.55,18.8,18.55,18.65,+,0.15,531742,9917831.0,188000,0,0,245000,0,0,57000,0,0
20250905,5522,遠雄,65.3,66.5,63.2,64.5,-,0.7,2027694,130949804.0,184000,0,-1110,740000,0,11441,556000,0,12551
20250905,0061,元大寶滬深,20.82,20.99,20.76,20.99,+,0.17,375206,7834313.0,4000,0,178804,7000,0,225995,3000,0,47191
20250905,3661,世芯-KY,3950.0,3980.0,3900.0,3970.0,+,120.0,1351464,5333988075.0,195074,-21700,9345,574952,27300,25747,379878,49000,16402
20250905,3094,聯傑,25.6,26.4,25.3,25.95,+,0.55,581509,14970504.0,179000,0,971,227000,0,1000,48000,0,29
20250905,6133,金橋,17.65,17.8,17.55,17.7,+,0.1,503484,8907721.0,179000,0,0,233000,0,0,54000,0,0
20250905,6558,興能高,52.3,55.0,51.9,53.7,+,1.9,9964989,536237971.0,175175,0,1282,1939180,0,3000,1764005,0,1718
20250905,00709,富邦歐洲,33.22,33.26,33.04,33.08,+,0.03,317766,10524733.0,-3000,0,177000,0,0,248000,3000,0,71000
20250905,1809,中釉,19.75,19.85,19.25,19.4,-,0.25,1156177,22466546.0,174000,0,0,397000,0,0,223000,0,0
20250905,8103,瀚荃,54.7,55.0,53.4,53.8,-,0.1,766756,41385000.0,170000,0,991,303000,0,1000,133000,0,9
20250905,2466,冠西電,71.5,75.5,70.8,75.0,+,3.9,1255984,91981175.0,167000,0,1000,553000,0,1000,386000,0,0
20250905,6901,鑽石投資,20.55,20.75,20.4,20.65,+,0.25,352207,7240856.0,165000,0,0,211000,0,0,46000,0,0
20250905,6451,訊芯-KY,161.0,165.5,160.5,161.0,+,4.0,1176615,191386104.0,137000,0,25531,420000,0,28602,283000,0,3071
20250905,6005,群益證,22.55,22.65,22.35,22.55,+,0.15,5161928,116270833.0,320000,-160932,0,2358000,0,0,2038000,160932,0
20250905,1449,佳和,12.15,12.3,12.1,12.15,+,0.05,407144,4961515.0,158000,0,0,190000,0,0,32000,0,0
20250905,2852,第一保,26.8,26.8,26.5,26.75,+,0.05,528525,14072876.0,156000,-1154,0,223000,0,0,67000,1154,0
20250905,00913,兆豐台灣晶圓製造,20.14,20.25,20.12,20.25,+,0.25,344394,6953730.0,55000,0,99126,55000,0,271126,0,0,172000
20250905,3090,日電貿,71.3,72.0,70.9,71.4,+,1.0,1512715,108010058.0,152000,-2170,2778,439000,0,5000,287000,2170,2222
20250905,6526,達發,554.0,563.0,551.0,561.0,+,13.0,327722,182959275.0,147327,0,2510,161479,0,10399,14152,0,7889
20250905,6415,矽力*-KY,299.0,301.0,294.5,297.5,+,1.0,1421160,422280910.0,150134,-6000,3612,1051634,0,14000,901500,6000,10388
20250905,00916,國泰全球品牌50,25.62,25.69,25.59,25.61,+,0.17,229214,5872965.0,51000,0,96263,51000,0,120263,0,0,24000
20250905,3016,嘉晶,43.65,43.85,41.1,41.5,-,1.8,8790046,373094855.0,124000,0,20152,1697000,0,35036,1573000,0,14884
20250905,3048,益登,45.0,47.1,45.0,46.95,+,4.1,14742063,683788413.0,-27000,0,171000,258000,0,171000,285000,0,0
20250905,00733,富邦臺灣中小,45.72,46.19,45.7,46.19,+,1.19,1295109,59528877.0,387000,0,-245283,452000,0,323903,65000,0,569186
20250905,00762,元大全球AI,76.3,76.3,76.1,76.2,+,0.9,300488,22905350.0,118600,0,22250,121000,0,71250,2400,0,49000
20250905,00735,國泰臺韓科技,37.71,37.83,37.71,37.82,+,0.37,263873,9973705.0,104000,0,33000,104000,0,153000,0,0,120000
20250905,6949,沛爾生醫-創,410.0,451.0,410.0,451.0,+,41.0,590806,258623866.0,124000,0,11665,191000,0,22665,67000,0,11000
20250905,00737,國泰AI機器人,33.47,33.6,33.47,33.52,+,0.12,245656,8230975.0,35000,0,93120,37000,0,142000,2000,0,48880
20250905,00717,富邦美國特別股,14.89,14.89,14.85,14.86,+,0.03,140006,2079526.0,125000,0,2000,126000,0,3000,1000,0,1000
20250905,00876,元大全球5G,39.22,39.63,39.22,39.62,+,0.54,188169,7431974.0,5500,0,120589,5500,0,171589,0,0,51000
20250905,5484,慧友,44.1,44.55,43.7,44.2,+,0.5,385127,16954785.0,126000,0,0,169000,0,0,43000,0,0
20250905,4562,穎漢,49.5,50.0,49.0,49.0,,0.0,503907,24835373.0,125000,0,719,192000,0,1000,67000,0,281
20250905,2731,雄獅,172.0,172.5,166.0,167.0,-,3.5,2282081,384010153.0,184100,0,-59151,917100,0,7332,733000,0,66483
20250905,00668,國泰美國道瓊,51.0,51.0,50.8,50.9,+,0.35,174195,8858054.0,-1000,0,123459,0,0,166459,1000,0,43000
20250905,00643,群益深証中小,14.5,14.77,14.47,14.75,+,0.23,3131840,46085823.0,-54000,0,174139,127000,0,2738301,181000,0,2564162
20250905,9802,鈺齊-KY,111.0,111.5,107.0,108.0,-,3.0,867483,93968362.0,-18000,0,136006,240000,0,146491,258000,0,10485
20250905,2236,百達-KY,103.0,108.0,102.5,107.0,+,5.5,429122,45508175.0,118000,0,0,180000,0,0,62000,0,0
20250905,9941,裕融,99.0,99.0,98.3,99.0,+,0.3,361569,35694548.0,111000,-1000,5345,207000,0,6000,96000,1000,655
20250905,6695,芯鼎,51.3,51.3,49.9,50.3,-,0.2,723442,36508570.0,115000,0,0,255000,0,0,140000,0,0
20250905,2468,華經,51.6,51.7,50.1,50.8,-,0.4,1184797,60035166.0,112000,0,0,366000,0,0,254000,0,0
20250905,4722,國精化,133.0,135.5,131.5,134.0,+,3.0,683661,91538999.0,101000,0,11000,118000,0,11000,17000,0,0
20250905,2455,全新,154.0,158.0,153.0,154.5,+,1.5,3296926,514074042.0,-9000,54000,66662,738000,56000,176667,747000,2000,110005
20250905,2495,普安,21.6,21.7,21.25,21.45,-,0.15,499157,10671391.0,123000,-14000,2163,197000,0,10000,74000,14000,7837
20250905,00690,兆豐藍籌30,37.84,38.16,37.84,38.14,+,0.59,846445,32251860.0,-7000,0,117800,1000,0,672379,8000,0,554579
20250905,00899,FT潔淨能源,16.63,16.67,16.63,16.66,+,0.11,118415,1972798.0,0,0,109259,0,0,109259,0,0,0
20250905,1310,台苯,9.08,9.1,8.93,8.96,-,0.12,854701,7673052.0,102000,0,6598,327000,0,7000,225000,0,402
20250905,4737,華廣,76.0,78.9,75.9,78.3,+,2.4,657736,51126150.0,108000,0,0,149000,0,0,41000,0,0
20250905,3029,零壹,122.5,124.0,122.0,123.0,+,1.5,959597,117833356.0,103000,0,200,338000,0,6897,235000,0,6697
20250905,8210,勤誠,574.0,614.0,574.0,606.0,+,37.0,3055725,1833375396.0,-44195,26000,121067,769005,28000,141039,813200,2000,19972
20250905,00949,復華日本龍頭,17.21,17.26,17.17,17.23,+,0.07,1477773,25419951.0,155000,0,-53487,169000,0,728938,14000,0,782425
20250905,1563,巧新,50.3,50.3,49.7,50.2,+,0.2,276416,13814741.0,101000,0,0,157000,0,0,56000,0,0
20250905,2467,志聖,185.0,189.0,185.0,188.5,+,3.0,1039512,194751354.0,69000,-1000,32941,336000,0,35892,267000,1000,2951
20250905,4564,元翎,18.95,20.0,18.85,19.65,+,0.8,5415025,106244018.0,104000,0,-3613,1393000,0,11000,1289000,0,14613
20250905,2636,台驊控股,71.5,72.0,71.4,71.5,+,0.1,208842,14975004.0,94000,0,3999,105000,0,3999,11000,0,0
20250905,2707,晶華,196.5,197.0,195.5,197.0,+,1.5,160620,31514216.0,95000,-640,1000,105000,0,1000,10000,640,0
20250905,3413,京鼎,287.0,288.0,285.0,288.0,+,4.0,416173,119413857.0,120010,-27000,2315,155010,0,4824,35000,27000,2509
20250905,00901,永豐智能車供應鏈,22.91,23.0,22.87,23.0,+,0.28,112949,2592705.0,29000,0,65863,30000,0,67000,1000,0,1137
20250905,6805,富世達,995.0,1065.0,978.0,1040.0,+,58.0,4446356,4514405004.0,86327,-230000,238120,1520688,81000,334589,1434361,311000,96469
20250905,5284,jpp-KY,300.0,301.5,292.5,298.0,+,1.5,2744261,817279202.0,158453,0,-66240,811187,0,13417,652734,0,79657
20250905,00917,中信特選金融,23.35,23.43,23.35,23.36,+,0.11,249955,5846191.0,11000,0,80797,13000,0,206797,2000,0,126000
20250905,2059,川湖,3075.0,3250.0,3060.0,3210.0,+,215.0,1364888,4359737685.0,-21864,78809,34752,487136,83000,62309,509000,4191,27557
20250905,4770,上品,307.0,317.5,303.5,313.0,+,9.5,1068602,332213747.0,72000,2000,16429,223000,2000,39754,151000,0,23325
20250905,00660,元大歐洲50,38.9,38.99,38.9,38.91,+,0.12,105443,4102731.0,0,0,90000,0,0,90000,0,0,0
20250905,3056,富華新,22.5,22.9,21.85,22.05,-,0.4,4933386,109958124.0,106665,0,-17657,1657665,0,22000,1551000,0,39657
20250905,6412,群電,106.0,107.0,105.0,106.5,+,1.5,384423,40711612.0,98000,-13340,2671,211000,0,5000,113000,13340,2329
20250905,00897,富邦基因免疫生技,7.31,7.31,7.28,7.3,-,0.03,536073,3910398.0,-116000,0,202368,0,0,385000,116000,0,182632
20250905,8464,億豐,449.5,458.0,446.0,451.5,+,4.5,565331,255743772.0,14892,55000,15933,369489,55000,16543,354597,0,610
20250905,8249,菱光,59.4,60.9,59.4,59.5,+,0.6,1663356,99824972.0,62000,0,23813,415000,0,27288,353000,0,3475
20250905,2506,太設,10.5,10.7,9.95,10.2,+,0.2,2466325,25231058.0,96000,0,-13000,284000,0,6000,188000,0,19000
20250905,3031,佰鴻,19.55,19.6,19.2,19.35,-,0.15,312872,6066843.0,81000,0,1878,93000,0,2000,12000,0,122
20250905,1732,毛寶,28.15,28.5,28.05,28.35,+,0.15,134635,3799028.0,79000,0,0,90000,0,0,11000,0,0
20250905,00662,富邦NASDAQ,93.1,93.35,93.0,93.2,+,0.9,1580663,147216825.0,2111,0,76815,17111,0,242000,15000,0,165185
20250905,2484,希華,22.1,22.2,21.95,22.15,+,0.15,232726,5135550.0,76000,0,1000,95000,0,1000,19000,0,0
20250905,2428,興勤,147.5,148.5,147.0,148.5,+,2.5,274465,40558280.0,73000,0,1281,112000,0,2000,39000,0,719
20250905,2601,益航,5.93,5.93,5.89,5.93,+,0.01,713151,4216631.0,126000,0,-52000,232000,0,9000,106000,0,61000
20250905,6438,迅得,186.5,188.5,184.5,188.0,+,3.0,1243639,232556187.0,48000,0,25874,256000,0,39929,208000,0,14055
20250905,2492,華新科,80.7,80.7,79.4,80.5,+,0.8,706061,56581242.0,73000,0,139,259000,0,9000,186000,0,8861
20250905,2102,泰豐,20.55,21.25,20.45,20.6,+,0.1,497028,10372446.0,68000,0,5000,136000,0,5000,68000,0,0
20250905,00657,國泰日經225,50.45,50.65,50.45,50.65,+,0.55,79262,4006003.0,0,0,72286,1000,0,73286,1000,0,1000
20250905,1587,吉茂,33.5,35.9,33.3,34.7,+,1.25,512896,17894472.0,70000,0,999,171000,0,2000,101000,0,1001
20250905,2392,正崴,48.05,48.2,47.35,47.95,+,0.2,1139048,54376200.0,46000,0,24586,418000,0,27502,372000,0,2916
20250905,9910,豐泰,114.0,115.0,113.5,115.0,+,1.0,342862,39279055.0,61686,-1000,9851,266000,0,13000,204314,1000,3149
20250905,6862,三集瑞-KY,146.0,153.0,145.0,153.0,+,7.5,305558,45964869.0,51000,0,19344,108000,0,20000,57000,0,656
20250905,6214,精誠,119.5,119.5,118.0,119.5,+,1.0,464136,55196066.0,75100,-4000,-847,171100,0,2153,96000,4000,3000
20250905,3717,聯嘉投控,19.3,20.55,19.0,20.2,+,1.0,915389,17934940.0,74000,0,-4000,207000,0,0,133000,0,4000
20250905,6743,安普新,33.4,34.55,33.05,34.5,+,1.5,367637,12506883.0,71000,0,-2000,140000,0,1000,69000,0,3000
20250905,2431,聯昌,12.1,12.1,11.8,11.95,,0.0,347037,4155613.0,69000,0,-226,122000,0,0,53000,0,226
20250905,3022,威強電,71.2,71.4,70.4,70.4,-,0.4,764096,53982629.0,71000,0,-3010,301000,0,2000,230000,0,5010
20250905,3032,偉訓,105.0,105.5,103.5,104.0,,0.0,1075023,112318277.0,85000,0,-17121,424000,0,16000,339000,0,33121
20250905,6112,邁達特,52.2,52.2,51.3,51.7,+,0.2,692356,35818762.0,68000,0,-1186,215000,0,1814,147000,0,3000
20250905,6215,和椿,127.0,130.0,124.5,128.5,+,3.5,3439895,439379411.0,-321920,0,387634,573080,0,398087,895000,0,10453
20250905,2387,精元,41.65,41.85,41.45,41.7,+,0.2,361338,15031277.0,63000,0,2641,175000,0,3000,112000,0,359
20250905,3576,聯合再生,6.25,6.28,6.2,6.22,-,0.02,2108668,13142337.0,64000,0,0,549000,0,0,485000,0,0
20250905,8478,東哥遊艇,195.5,195.5,191.5,195.0,+,2.0,156310,30291474.0,61999,0,1040,81000,0,1190,19001,0,150
20250905,3535,晶彩科,69.4,73.5,69.3,73.5,+,6.6,8889635,648099815.0,33000,0,29145,1201000,0,101145,1168000,0,72000
20250905,3060,銘異,20.1,20.4,19.85,20.3,+,0.4,345421,6969152.0,61000,0,999,108000,0,1000,47000,0,1
20250905,2417,圓剛,45.2,45.6,44.65,44.65,+,0.05,818226,36907384.0,61100,0,-270,285100,0,0,224000,0,270
20250905,1201,味全,15.7,15.7,15.6,15.6,-,0.05,234196,3661802.0,56000,0,4684,63000,0,5000,7000,0,316
20250905,4566,時碩工業,61.5,62.2,61.3,61.5,+,0.2,564143,34806142.0,57000,0,2237,190000,0,4237,133000,0,2000
20250905,2206,三陽工業,66.4,66.6,66.1,66.5,+,0.4,390555,25936551.0,50000,1000,8042,125000,2000,12235,75000,1000,4193
20250905,2616,山隆,14.55,14.95,14.55,14.9,+,0.5,230169,3396433.0,59000,0,0,69000,0,0,10000,0,0
20250905,6933,AMAX-KY,187.5,191.0,185.0,189.0,+,2.0,130273,24527651.0,58000,0,-301,80000,0,0,22000,0,301
20250905,3050,鈺德,12.85,12.95,12.6,12.9,+,0.15,511422,6547220.0,57000,0,-1000,152000,0,1000,95000,0,2000
20250905,5258,虹堡,72.7,74.7,71.8,72.4,-,0.3,409235,29948402.0,53000,0,2380,165000,0,2380,112000,0,0
20250905,00861,元大全球未來通訊,45.92,45.92,45.61,45.65,+,0.56,64837,2961488.0,-1000,0,56199,0,0,56199,1000,0,0
20250905,3002,歐格,17.25,17.65,17.2,17.5,+,0.3,171495,2992558.0,52000,0,3000,64000,0,3000,12000,0,0
20250905,6239,力成,121.0,121.0,119.5,120.5,+,0.5,2015341,242599311.0,535000,-477851,-2580,820000,0,9380,285000,477851,11960
20250905,6756,威鋒電子,92.5,93.0,91.4,93.0,+,0.6,155879,14397073.0,52000,0,0,92000,0,0,40000,0,0
20250905,8215,明基材,24.25,24.6,24.1,24.15,+,0.25,309083,7496540.0,49000,0,3000,129000,0,3000,80000,0,0
20250905,2204,中華,58.7,59.3,58.3,58.7,+,0.3,639399,37557950.0,51000,-7722,8468,310000,0,8468,259000,7722,0
20250905,6243,迅杰,35.95,36.0,35.4,35.8,+,0.1,105486,3773709.0,51000,0,0,63000,0,0,12000,0,0
20250905,1517,利奇,10.7,10.9,10.6,10.65,+,0.1,496443,5331472.0,48000,0,2381,63000,0,5000,15000,0,2619
20250905,00908,富邦入息REITs+,13.49,13.5,13.47,13.48,+,0.07,464665,6263679.0,196000,0,-146904,196000,0,263096,0,0,410000
20250905,2414,精技,44.9,44.9,44.2,44.6,+,0.25,188366,8368797.0,50000,0,-1000,103000,0,0,53000,0,1000
20250905,00731,復華富時高息低波,66.95,66.95,66.6,66.65,-,0.15,580928,38748292.0,2000,0,45580,7000,0,554000,5000,0,508420
20250905,3607,谷崧,14.0,14.4,13.85,14.35,+,0.4,269926,3812323.0,49000,0,-2000,77000,0,0,28000,0,2000
20250905,1522,堤維西,41.25,41.5,40.7,40.85,-,0.05,397297,16271664.0,47000,-4328,4000,173000,0,4000,126000,4328,0
20250905,3030,德律,194.5,198.0,192.5,194.5,+,1.0,2287892,446141130.0,-41000,19000,68161,749000,19000,111875,790000,0,43714
20250905,6658,聯策,64.3,64.6,63.5,63.7,+,0.2,197411,12638167.0,46000,0,0,90000,0,0,44000,0,0
20250905,8422,可寧衛*,198.5,199.5,198.0,198.5,,0.0,192932,38365702.0,29000,0,16001,69000,0,17001,40000,0,1000
20250905,4142,國光生,18.45,18.45,18.25,18.35,,0.0,640404,11736547.0,38000,0,6000,212000,0,6000,174000,0,0
20250905,4746,台耀,68.3,68.8,67.3,68.0,-,0.1,451613,30564889.0,44000,0,-321,249000,0,0,205000,0,321
20250905,4766,南寶,416.5,433.0,410.0,430.5,+,18.5,2710521,1147781393.0,9641,-8430,42427,745000,1000,90526,735359,9430,48099
20250905,1455,集盛,9.2,9.21,9.15,9.21,+,0.04,331610,3048542.0,38000,0,4662,41000,0,5000,3000,0,338
20250905,4755,三福化,127.0,127.0,125.5,126.5,+,0.5,91613,11567345.0,21000,0,21000,39000,0,21000,18000,0,0
20250905,6117,迎廣,90.0,90.7,89.5,90.3,+,0.9,329558,29708720.0,22000,0,20000,109000,0,20000,87000,0,0
20250905,8072,陞泰,37.1,37.7,37.0,37.65,+,0.7,507714,19014959.0,42000,0,-99,168000,0,0,126000,0,99
20250905,6491,晶碩,324.5,326.0,321.5,323.0,-,0.5,215611,69606240.0,40000,0,1517,131000,0,1518,91000,0,1
20250905,4164,承業醫,49.5,50.5,49.3,50.0,+,1.0,1933608,96539000.0,71000,0,-29995,533000,0,57001,462000,0,86996
20250905,6449,鈺邦,173.5,178.0,170.5,174.0,+,2.0,1781718,310141434.0,35000,0,5101,520000,0,88587,485000,0,83486
20250905,2314,台揚,11.9,11.9,11.3,11.45,+,0.15,1907651,22289550.0,39000,0,0,44000,0,0,5000,0,0
20250905,00964,中信亞太高股息,10.67,10.71,10.66,10.71,+,0.07,535374,5714559.0,0,0,38138,0,0,516000,0,0,477862
20250905,1721,三晃,12.6,12.9,12.6,12.8,+,0.35,595883,7613033.0,38000,0,-3,122000,0,0,84000,0,3
20250905,6155,鈞寶,22.6,23.1,22.6,22.9,+,0.3,136635,3132865.0,38000,0,-1000,43000,0,0,5000,0,1000
20250905,3015,全漢,56.5,56.5,55.8,56.5,+,0.5,251164,14123419.0,35000,0,1680,113000,0,3000,78000,0,1320
20250905,4426,利勤,10.75,10.75,10.15,10.45,-,0.3,314532,3291058.0,36000,0,0,57000,0,0,21000,0,0
20250905,1325,恆大,28.2,28.3,28.0,28.25,+,0.1,161290,4541584.0,35000,0,0,64000,0,0,29000,0,0
20250905,1540,喬福,25.25,25.3,24.95,25.05,,0.0,244868,6144541.0,32000,0,0,72000,0,0,40000,0,0
20250905,6698,旭暉應材,38.2,41.3,37.6,38.35,+,0.45,1947313,76430874.0,30000,0,1049,480000,0,1049,450000,0,0
20250905,3494,誠研,12.7,13.1,12.7,13.1,+,0.2,79463,1027766.0,31000,0,0,31000,0,0,0,0,0
20250905,3504,揚明光,61.0,61.5,60.7,61.2,+,0.7,361337,22069875.0,29000,0,1511,125000,0,2000,96000,0,489
20250905,00875,國泰網路資安,38.07,38.14,38.03,38.04,-,0.03,46707,1778490.0,28093,0,1952,28093,0,2000,0,0,48
20250905,1598,岱宇,21.45,21.7,21.4,21.5,,0.0,100217,2157555.0,28000,0,2000,38000,0,2000,10000,0,0
20250905,2239,英利-KY,31.2,32.5,31.2,32.5,+,1.1,367492,11801470.0,28000,0,2000,41000,0,2000,13000,0,0
20250905,00783,富邦中証500,22.16,22.51,22.16,22.51,+,0.19,331833,7410939.0,0,0,29361,0,0,319516,0,0,290155
20250905,2460,建通,18.65,18.8,18.5,18.75,+,0.1,98745,1839952.0,28000,0,995,30000,0,1000,2000,0,5
20250905,4906,正文,25.45,25.55,25.25,25.4,+,0.1,1274761,32356667.0,5000,0,23488,415000,0,24000,410000,0,512
20250905,2030,彰源,14.1,14.2,14.05,14.15,+,0.05,138105,1952879.0,25000,0,3000,48000,0,3000,23000,0,0
20250905,5269,祥碩,1630.0,1640.0,1610.0,1635.0,+,20.0,355963,578924105.0,108869,-83143,2054,180869,0,6286,72000,83143,4232
20250905,00911,兆豐洲際半導體,26.21,26.24,26.2,26.22,+,0.3,330667,8671622.0,-1000,0,27818,0,0,303818,1000,0,276000
20250905,0051,元大中型100,84.1,84.45,84.0,84.25,+,0.5,59163,4982793.0,1000,0,24233,1000,0,27400,0,0,3167
20250905,2471,資通,50.8,50.8,50.1,50.1,-,0.6,174556,8783665.0,25000,0,0,76000,0,0,51000,0,0
20250905,6283,淳安,27.7,27.9,27.1,27.6,+,0.5,260291,7161430.0,24000,0,1000,43000,0,1000,19000,0,0
20250905,4952,凌通,41.25,41.5,41.0,41.45,+,0.2,80318,3312388.0,24000,0,1000,34000,0,1000,10000,0,0
20250905,6965,中傑-KY,100.0,101.5,99.1,101.0,+,1.3,69711,7003360.0,25000,0,0,31000,0,0,6000,0,0
20250905,6742,澤米,61.2,62.2,60.5,60.8,-,0.4,1394518,85406748.0,45000,0,-20000,203000,0,0,158000,0,20000
20250905,3528,安馳,69.5,69.8,68.8,69.4,+,0.3,213405,14790885.0,25000,0,-257,85000,0,1000,60000,0,1257
20250905,6830,汎銓,178.5,178.5,173.5,175.0,-,3.5,933561,163829147.0,14000,0,10392,72000,0,12000,58000,0,1608
20250905,3038,全台,21.75,21.75,21.45,21.7,+,0.05,166917,3597556.0,24000,-491,748,52000,0,1000,28000,491,252
20250905,2832,台產,33.3,33.55,33.2,33.3,+,0.05,232765,7765579.0,24000,0,0,87000,0,0,63000,0,0
20250905,4960,誠美材,14.0,14.15,13.9,14.1,+,0.15,1168571,16420060.0,23000,0,1000,313000,0,1000,290000,0,0
20250905,00898,國泰基因免疫革命,6.65,6.65,6.61,6.62,-,0.03,249078,1651190.0,2200,0,21351,4200,0,104000,2000,0,82649
20250905,1305,華夏,11.55,11.7,11.35,11.7,+,0.2,660400,7645556.0,20050,0,3000,316000,0,8000,295950,0,5000
20250905,2109,華豐,16.45,16.65,16.4,16.55,+,0.15,206042,3408019.0,23000,0,0,43000,0,0,20000,0,0
20250905,1506,正道,13.9,14.1,13.7,14.05,+,0.05,221134,3083860.0,22000,0,1000,31000,0,1000,9000,0,0
20250905,2816,旺旺保,26.05,26.3,26.05,26.2,+,0.05,53195,1391308.0,20000,0,3000,20000,0,3000,0,0,0
20250905,3046,建碁,45.1,45.75,45.1,45.4,-,0.3,188594,8543406.0,23000,0,0,49000,0,0,26000,0,0
20250905,00920,富邦ESG綠色電力,14.84,14.98,14.84,14.96,+,0.27,226520,3388698.0,-171000,0,193777,3000,0,202777,174000,0,9000
20250905,3557,嘉威,41.25,41.25,40.5,40.75,-,0.3,89776,3654323.0,22000,0,0,31000,0,0,9000,0,0
20250905,4956,光鋐,21.85,21.85,21.4,21.65,+,0.1,215730,4658265.0,22000,0,0,79000,0,0,57000,0,0
20250905,6792,詠業,67.9,67.9,63.1,63.5,-,5.3,394657,25487087.0,22000,0,0,75000,0,0,53000,0,0
20250905,9958,世紀鋼,176.0,176.0,172.5,174.0,+,0.5,1334284,232303204.0,18480,0,2951,500000,0,68843,481520,0,65892
20250905,8016,矽創,211.5,211.5,208.0,210.0,+,1.5,316008,66283834.0,23000,-1690,0,117000,79000,1000,94000,80690,1000
20250905,8442,威宏-KY,78.1,79.0,78.0,78.4,+,0.1,66436,5206957.0,21000,0,0,25000,0,0,4000,0,0
20250905,6515,穎崴,1645.0,1745.0,1645.0,1745.0,+,155.0,409895,708405555.0,-6050,0,26590,23000,0,38693,29050,0,12103
20250905,6861,睿生光電,54.8,55.0,54.4,54.8,-,0.1,61912,3381892.0,20000,0,0,25000,0,0,5000,0,0
20250905,6909,創控,48.1,48.95,46.8,47.0,-,0.3,328131,15680224.0,20000,0,0,78000,0,0,58000,0,0
20250905,2007,燁興,8.2,8.2,8.05,8.08,-,0.16,317231,2569804.0,20000,0,0,29000,0,0,9000,0,0
20250905,2364,倫飛,76.3,77.4,75.3,76.8,+,1.5,374416,28620875.0,20000,0,0,154000,0,0,134000,0,0
20250905,3532,台勝科,81.5,81.9,80.6,80.8,-,0.4,260392,21088057.0,14000,0,5985,118000,0,7001,104000,0,1016
20250905,2015,豐興,65.3,65.5,64.9,65.5,+,0.1,143332,9337227.0,13000,-1000,7650,42000,0,12000,29000,1000,4350
20250905,3092,鴻碩,17.0,17.05,16.9,16.95,+,0.05,105761,1794788.0,19000,0,0,28000,0,0,9000,0,0
20250905,6585,鼎基,107.5,108.5,105.5,106.5,-,0.5,117870,12546465.0,23000,0,-4000,52000,0,0,29000,0,4000
20250905,3010,華立,98.4,98.4,97.2,97.7,,0.0,263277,25698553.0,16000,0,2733,58000,0,3000,42000,0,267
20250905,6579,研揚,125.5,126.0,124.0,125.5,+,1.0,92409,11548768.0,17084,0,1000,31000,0,1000,13916,0,0
20250905,8201,無敵,17.5,17.5,17.0,17.3,-,0.2,191892,3292932.0,18000,0,0,18000,0,0,0,0,0
20250905,1539,巨庭,17.9,18.0,17.7,17.85,-,0.15,74132,1321069.0,18000,0,0,22000,0,0,4000,0,0
20250905,2929,淘帝-KY,9.22,9.22,9.16,9.17,+,0.01,155853,1431500.0,17000,0,0,31000,0,0,14000,0,0
20250905,6504,南六,49.9,51.0,49.85,50.7,+,0.9,121255,6111192.0,16000,0,1000,65000,0,1000,49000,0,0
20250905,2207,和泰車,559.0,562.0,558.0,562.0,+,3.0,126851,71105385.0,17720,-5000,4000,96720,0,5000,79000,5000,1000
20250905,4438,廣越,74.3,74.5,73.3,74.3,+,0.8,82774,6132390.0,23000,0,-7000,29000,0,0,6000,0,7000
20250905,9919,康那香,17.05,17.1,16.95,17.05,,0.0,135050,2297737.0,13000,0,2000,45000,0,2000,32000,0,0
20250905,3057,喬鼎,9.65,9.68,9.64,9.65,,0.0,76308,736848.0,15000,0,0,15000,0,0,0,0,0
20250905,5007,三星,51.8,52.0,51.7,52.0,+,0.4,34037,1767725.0,15000,0,0,16000,0,0,1000,0,0
20250905,8374,羅昇,104.5,105.5,103.5,104.0,+,1.0,532298,55595408.0,9000,0,5978,134000,0,6000,125000,0,22
20250905,7740,熙特爾-創,245.5,254.5,245.5,250.0,+,4.5,187893,47016454.0,39000,0,-24311,76000,0,1000,37000,0,25311
20250905,00645,富邦日本,42.9,43.06,42.9,43.06,+,0.29,152281,6542265.0,16083,0,-1415,17149,0,46000,1066,0,47415
20250905,00972,野村日本動能高息,16.89,16.92,16.87,16.91,+,0.08,141815,2395226.0,0,0,14572,0,0,93001,0,0,78429
20250905,6902,GOGOLOOK,78.3,80.8,78.1,80.6,+,2.6,67824,5384840.0,14004,0,0,21004,0,0,7000,0,0
20250905,6916,華凌,19.6,19.85,19.5,19.85,+,0.15,50000,982700.0,14000,0,0,15000,0,0,1000,0,0
20250905,5292,華懋,167.0,168.5,165.5,168.5,+,3.0,66656,11131468.0,14000,0,0,20000,0,0,6000,0,0
20250905,1568,倉佑,24.1,24.35,23.95,24.25,+,0.15,85156,2057382.0,14000,0,0,17000,0,0,3000,0,0
20250905,1337,再生-KY,5.28,5.33,5.27,5.28,+,0.01,176042,931374.0,14000,0,0,16000,0,0,2000,0,0
20250905,2375,凱美,58.0,58.3,57.4,57.7,-,0.2,129892,7508121.0,12000,0,1000,43000,0,1000,31000,0,0
20250905,2438,翔耀,26.25,26.5,26.05,26.15,+,0.1,59048,1548197.0,12000,0,1000,18000,0,1000,6000,0,0
20250905,4133,亞諾法,25.8,26.1,25.8,26.0,+,0.25,31124,808266.0,13000,0,0,15000,0,0,2000,0,0
20250905,6834,天二科技,28.6,28.85,28.5,28.6,+,0.1,51800,1483078.0,13000,0,0,15000,0,0,2000,0,0
20250905,4949,有成精密,43.45,43.7,42.7,42.8,-,0.55,811485,35049959.0,12000,0,660,278000,0,2000,266000,0,1340
20250905,6591,動力-KY,84.0,84.2,82.5,83.3,+,0.3,1054002,87743219.0,-27000,0,39276,245000,0,40000,272000,0,724
20250905,6994,富威電力,87.8,88.1,86.8,88.0,+,0.2,88625,7738298.0,12000,0,253,37000,0,253,25000,0,0
20250905,2753,八方雲集,204.5,205.0,198.0,201.5,-,1.0,560241,113147796.0,-35000,0,47082,146000,0,51082,181000,0,4000
20250905,6715,嘉基,107.5,108.5,107.0,108.5,+,1.5,28906,3118295.0,11000,0,1022,13000,0,1061,2000,0,39
20250905,6534,正瀚-創,112.5,117.0,112.5,116.5,+,4.0,88950,10271919.0,13000,0,-983,27000,0,3017,14000,0,4000
20250905,7705,三商餐飲,43.7,44.0,43.7,44.0,-,0.3,41540,1819114.0,12000,0,0,13000,0,0,1000,0,0
20250905,9908,大台北,30.0,30.1,30.0,30.1,+,0.1,71577,2151690.0,2000,0,10000,5000,0,10000,3000,0,0
20250905,2440,太空梭,12.85,12.85,12.65,12.7,-,0.1,100224,1274488.0,12000,0,0,17000,0,0,5000,0,0
20250905,9927,泰銘,57.0,57.0,56.4,57.0,+,0.2,156543,8877560.0,10000,0,1998,44000,0,2000,34000,0,2
20250905,00739,元大MSCI A股,24.63,24.94,24.63,24.9,+,0.06,34353,852054.0,-11000,0,22968,1000,0,23132,12000,0,164
20250905,3530,晶相光,64.2,64.2,62.2,62.9,-,0.3,225453,14140601.0,12000,0,-322,73000,0,0,61000,0,322
20250905,4545,銘鈺,30.9,31.2,30.8,31.2,+,0.3,53050,1641209.0,10000,0,1000,14000,0,1000,4000,0,0
20250905,0055,元大MSCI金融,30.3,30.35,30.18,30.25,+,0.05,92539,2799524.0,-2000,0,13000,1000,0,28000,3000,0,15000
20250905,1541,錩泰,24.7,25.5,24.7,25.4,+,0.7,50016,1261855.0,11000,0,0,14000,0,0,3000,0,0
20250905,00730,富邦臺灣優質高息,25.5,25.7,25.45,25.61,+,0.33,322030,8254223.0,-1000,0,11878,0,0,130190,1000,0,118312
20250905,4148,全宇生技-KY,41.65,42.05,41.65,41.7,,0.0,30009,1254546.0,10850,0,0,12200,0,0,1350,0,0
20250905,9939,宏全,134.0,135.5,133.0,133.5,,0.0,1287939,172337006.0,4030,-3000,9529,447030,0,14000,443000,3000,4471
20250905,6958,日盛台駿,19.05,19.05,19.0,19.0,,0.0,65546,1246532.0,10000,0,0,18000,0,0,8000,0,0
20250905,3168,眾福科,49.95,50.1,49.5,49.9,+,0.3,90399,4504493.0,10000,0,0,11000,0,0,1000,0,0
20250905,3454,晶睿,96.1,96.8,95.5,96.5,+,0.2,65391,6284191.0,9000,0,1000,31000,0,1000,22000,0,0
20250905,6552,易華電,27.8,28.45,27.8,28.3,,0.0,35670,1000410.0,11000,0,-1000,14000,0,0,3000,0,1000
20250905,1256,鮮活果汁-KY,158.5,165.0,154.0,163.5,+,9.0,273702,43523333.0,13000,0,-3000,58000,0,0,45000,0,3000
20250905,6592,和潤企業,71.0,71.2,70.1,70.6,,0.0,91720,6459510.0,6000,-1000,4998,44000,0,6000,38000,1000,1002
20250905,4994,傳奇,94.0,94.5,91.0,93.4,-,0.4,36201,3366686.0,8000,0,1000,12000,0,1000,4000,0,0
20250905,3311,閎暉,36.0,36.05,35.25,35.6,-,0.1,772991,27465306.0,20000,0,-11000,158000,0,1000,138000,0,12000
20250905,1340,勝悅-KY,6.11,6.13,6.08,6.13,+,0.03,36862,225229.0,9000,0,0,10000,0,0,1000,0,0
20250905,1906,寶隆,13.2,13.2,12.85,13.1,,0.0,227297,2952959.0,7000,0,1995,12000,0,2000,5000,0,5
20250905,6863,永道-KY,155.0,158.0,152.5,155.5,+,1.5,176086,27279646.0,7750,0,998,68000,0,1000,60250,0,2
20250905,6957,裕慶-KY,171.0,173.0,170.0,172.0,+,1.5,68212,11685207.0,8300,0,0,28000,0,0,19700,0,0
20250905,6931,青松健康,49.25,49.9,49.25,49.6,-,0.3,14374,713297.0,8000,0,0,8000,0,0,0,0,0
20250905,4572,駐龍,179.0,179.0,172.0,174.0,-,1.0,178614,31062181.0,8000,0,0,59000,0,0,51000,0,0
20250905,6573,虹揚-KY,10.0,10.25,9.96,10.1,,0.0,84734,851670.0,5000,0,3000,7000,0,3000,2000,0,0
20250905,1417,嘉裕,8.47,8.52,8.42,8.49,+,0.02,102413,865587.0,8000,0,0,9000,0,0,1000,0,0
20250905,1445,大宇,15.2,15.35,15.1,15.25,-,0.3,141506,2155640.0,8000,0,0,14000,0,0,6000,0,0
20250905,2524,京城,52.5,54.0,49.1,49.1,-,0.05,6044320,313554446.0,-53000,0,60141,1000000,0,82005,1053000,0,21864
20250905,2424,隴華,64.1,66.7,63.2,64.0,-,2.7,26426,1698409.0,7000,0,0,7000,0,0,0,0,0
20250905,2114,鑫永銓,92.7,93.0,92.5,92.9,+,0.2,28090,2605954.0,7000,0,0,7000,0,0,0,0,0
20250905,6281,全國電,70.6,70.6,70.1,70.5,+,0.2,26934,1896157.0,7000,0,0,8000,0,0,1000,0,0
20250905,2762,世界健身-KY,79.7,79.7,78.9,79.1,-,0.6,36302,2873965.0,7000,0,0,16000,0,0,9000,0,0
20250905,3308,聯德,16.25,16.4,16.1,16.35,+,0.05,90336,1466112.0,7000,0,0,14000,0,0,7000,0,0
20250905,3138,耀登,93.5,93.5,91.9,92.0,-,0.1,41224,3802730.0,7000,0,0,13000,0,0,6000,0,0
20250905,3419,譁裕,12.8,13.05,12.8,13.05,+,0.4,358544,4655892.0,7000,0,0,19000,0,0,12000,0,0
20250905,8011,台通,23.1,23.35,22.75,22.95,-,0.15,758917,17424377.0,9000,0,-2000,190000,0,0,181000,0,2000
20250905,8476,台境*,20.55,20.6,20.4,20.4,-,0.2,60142,1230232.0,7000,0,0,9000,0,0,2000,0,0
20250905,8454,富邦媒,255.5,255.5,252.5,255.0,+,1.0,79595,20185552.0,3828,-93,2825,30015,0,3000,26187,93,175
20250905,2258,鴻華先進-創,39.45,39.45,39.05,39.25,-,0.1,191478,7509599.0,5000,0,1236,24000,0,7000,19000,0,5764
20250905,00943,兆豐電子高息等權,14.47,14.47,14.4,14.42,,0.0,119779,1727701.0,-1000,0,7062,0,0,110000,1000,0,102938
20250905,1713,國化,49.9,50.3,49.75,49.95,,0.0,261812,13085701.0,6000,0,0,94000,0,0,88000,0,0
20250905,2461,光群雷,16.9,17.0,16.85,16.85,-,0.05,83720,1413291.0,6000,0,0,8000,0,0,2000,0,0
20250905,2444,兆勁,11.15,11.2,11.05,11.1,-,0.05,135459,1502765.0,6000,0,0,8000,0,0,2000,0,0
20250905,6224,聚鼎,42.2,42.2,41.45,41.65,+,0.15,56835,2371119.0,5000,0,1000,18000,0,1000,13000,0,0
20250905,6196,帆宣,264.0,268.5,263.0,265.0,+,2.0,993056,263358553.0,43000,-18000,-19347,367000,1000,29121,324000,19000,48468
20250905,1339,昭輝,44.0,44.3,43.9,44.0,+,0.1,80575,3547975.0,4025,0,1000,11025,0,4000,7000,0,3000
20250905,1467,南緯,7.58,7.62,7.53,7.6,+,0.07,78647,596169.0,5000,0,0,6000,0,0,1000,0,0
20250905,1614,三洋電,37.3,37.3,37.0,37.2,+,0.05,23000,852050.0,5000,0,0,5000,0,0,0,0,0
20250905,1783,和康生,43.7,44.35,43.2,43.2,,0.0,61220,2657759.0,4000,0,1000,4000,0,1000,0,0,0
20250905,1219,福壽,13.65,13.65,13.55,13.6,-,0.1,69868,948744.0,2000,0,3000,5000,0,3000,3000,0,0
20250905,4104,佳醫,88.7,88.7,87.5,88.1,-,0.3,196754,17304932.0,5000,0,-293,55000,0,0,50000,0,293
20250905,2201,裕隆,33.35,33.4,32.5,32.85,-,0.15,1311253,43092693.0,-26000,-8000,38503,369000,0,62077,395000,8000,23574
20250905,6794,向榮生技,78.3,78.3,76.8,78.0,+,0.2,30105,2340010.0,4000,0,100,4000,0,100,0,0,0
20250905,9136,巨騰-DR,6.26,6.26,6.09,6.09,-,0.13,296030,1822593.0,4000,0,0,4000,0,0,0,0,0
20250905,3229,晟鈦,14.7,14.8,14.5,14.55,-,0.05,45083,658604.0,4000,0,0,4000,0,0,0,0,0
20250905,6641,基士德-KY,21.0,21.1,20.9,21.1,,0.0,19100,401529.0,4000,0,0,4000,0,0,0,0,0
20250905,1752,南光,39.0,39.2,38.35,38.45,-,0.05,233000,9020279.0,4000,0,0,22000,0,0,18000,0,0
20250905,1626,艾美特-KY,12.1,12.15,12.0,12.1,-,0.1,24548,296126.0,1000,0,3000,1000,0,3000,0,0,0
20250905,1314,中石化,7.29,7.31,7.16,7.24,-,0.02,7861228,56857360.0,81000,0,-77000,2355000,0,77000,2274000,0,154000
20250905,2483,百容,19.55,19.7,19.5,19.5,,0.0,97406,1904986.0,1000,0,3000,3000,0,3000,2000,0,0
20250905,2380,虹光,6.41,6.45,6.08,6.35,-,0.38,493724,3088813.0,4000,0,0,4000,0,0,0,0,0
20250905,2478,大毅,42.3,42.5,42.3,42.35,+,0.1,60870,2580203.0,2000,0,1000,4000,0,1000,2000,0,0
20250905,1108,幸福,15.45,15.45,15.35,15.4,,0.0,234708,3613759.0,3000,0,0,8000,0,0,5000,0,0
20250905,1234,黑松,39.35,39.45,39.2,39.3,-,0.05,36616,1439806.0,3000,0,0,4000,0,2000,1000,0,2000
20250905,1324,地球,11.0,11.25,10.95,11.0,+,0.05,121888,1355631.0,3000,0,0,5000,0,0,2000,0,0
20250905,1443,立益物流,29.3,29.3,29.2,29.3,,0.0,8001,234229.0,3000,0,0,3000,0,0,0,0,0
20250905,1512,瑞利,8.14,8.14,7.87,7.95,-,0.01,77341,615607.0,-1000,0,4000,0,0,4000,1000,0,0
20250905,6666,羅麗芬-KY,56.9,56.9,55.5,56.5,-,0.7,82795,4639645.0,3000,0,0,14000,0,0,11000,0,0
20250905,3021,鴻名,18.35,18.4,18.1,18.25,-,0.25,60288,1102707.0,2000,0,1000,8000,0,1000,6000,0,0
20250905,4440,宜新實業,17.1,17.15,17.05,17.05,-,0.1,34000,581550.0,3000,0,0,4000,0,0,1000,0,0
20250905,8443,阿瘦,12.05,12.1,11.95,12.05,,0.0,59851,718059.0,2000,0,1000,3000,0,1000,1000,0,0
20250905,6988,威力暘-創,17.55,17.55,17.45,17.5,,0.0,26000,455200.0,1000,0,2000,1000,0,8000,0,0,6000
20250905,3356,奇偶,50.4,50.6,49.95,50.5,+,0.1,199380,10015750.0,3000,0,-70,50000,0,930,47000,0,1000
20250905,8162,微矽電子-創,42.0,45.5,42.0,44.0,+,2.5,416567,18404903.0,-3000,0,5922,14000,0,34432,17000,0,28510
20250905,00702,國泰標普低波高息,22.85,22.98,22.85,22.94,+,0.09,110320,2529616.0,0,0,2245,0,0,105245,0,0,103000
20250905,00851,台新全球AI,50.8,51.05,50.8,50.9,+,0.3,12176,619607.0,1000,0,1000,1000,0,2000,0,0,1000
20250905,00736,國泰新興市場,25.18,25.26,25.14,25.16,+,0.06,113194,2845574.0,0,0,2000,0,0,105000,0,0,103000
20250905,2025,千興,11.4,11.4,11.2,11.2,-,0.2,37224,420645.0,2000,0,0,2000,0,0,0,0,0
20250905,2008,高興昌,25.6,26.15,25.6,26.15,+,0.55,46382,1192029.0,2000,0,0,2000,0,0,0,0,0
20250905,1726,永記,74.9,75.1,74.9,75.0,-,0.2,32312,2423687.0,2000,0,0,3000,0,0,1000,0,0
20250905,2722,夏都,30.4,30.4,29.5,29.8,-,0.05,16223,484306.0,-1000,0,3000,0,0,3000,1000,0,0
20250905,6936,永鴻生技,36.0,36.0,35.55,35.9,-,0.05,30766,1101274.0,2000,0,0,3000,0,0,1000,0,0
20250905,8466,美吉吉-KY,25.9,26.45,25.9,26.1,+,0.1,49400,1291193.0,2000,0,0,3000,0,0,1000,0,0
20250905,3652,精聯,31.5,31.9,31.4,31.5,+,0.05,27510,866475.0,2000,0,0,3000,0,0,1000,0,0
20250905,4190,佐登-KY,34.0,34.2,34.0,34.2,+,0.3,13242,452071.0,2000,0,0,2000,0,0,0,0,0
20250905,4560,強信-KY,33.9,33.9,33.7,33.9,+,0.05,71045,2402419.0,2000,0,0,31000,0,0,29000,0,0
20250905,6136,富爾特,23.8,23.85,23.55,23.55,,0.0,46862,1107562.0,1000,0,1000,11000,0,1000,10000,0,0
20250905,6405,悅城,24.9,25.35,24.55,25.3,+,0.3,77395,1925356.0,2000,0,0,7000,0,0,5000,0,0
20250905,6754,匯僑設計,48.8,49.5,48.8,49.35,+,0.55,25171,1234235.0,3000,-71,-1000,4000,0,0,1000,71,1000
20250905,4583,台灣精銳,702.0,706.0,696.0,698.0,+,3.0,215271,150623886.0,-1894,0,3689,47106,0,4951,49000,0,1262
20250905,00700,富邦恒生國企,17.82,17.87,17.8,17.87,+,0.07,278493,4963835.0,16000,0,-14721,23000,0,73000,7000,0,87721
20250905,1225,福懋油,30.25,30.55,30.05,30.55,+,0.25,65489,1986623.0,1000,0,0,19000,0,0,18000,0,0
20250905,1323,永裕,19.75,19.8,19.65,19.8,+,0.05,13051,257660.0,1000,0,0,1000,0,0,0,0,0
20250905,1338,廣華-KY,21.5,21.6,21.25,21.5,+,0.1,32331,692958.0,1000,0,0,2000,0,0,1000,0,0
20250905,1583,程泰,52.0,52.1,51.8,52.0,,0.0,17348,901573.0,1000,0,0,3000,0,0,2000,0,0
20250905,1530,亞崴,28.0,28.15,28.0,28.05,+,0.15,10959,307558.0,1000,0,0,1000,0,0,0,0,0
20250905,1526,日馳,17.8,17.9,17.8,17.8,,0.0,14742,262993.0,1000,0,0,1000,0,0,0,0,0
20250905,1465,偉全,13.15,13.2,13.0,13.2,+,0.05,64620,845930.0,1000,0,0,2000,0,0,1000,0,0
20250905,1439,雋揚,29.5,29.5,29.2,29.2,-,0.3,20131,590422.0,1000,0,0,2000,0,0,1000,0,0
20250905,1434,福懋,15.75,15.85,15.55,15.65,-,0.1,448744,7027575.0,-16000,-1000,18000,182000,0,18000,198000,1000,0
20250905,3150,鈺寶-創,24.8,24.8,22.85,23.5,-,0.25,122071,2843493.0,-1000,0,2000,4000,0,24000,5000,0,22000
20250905,2939,永邑-KY,26.7,26.7,26.7,26.7,,0.0,1000,26700.0,1000,0,0,1000,0,0,0,0,0
20250905,9931,欣高,33.9,34.1,33.9,34.05,+,0.05,11149,379066.0,1000,0,0,1000,0,0,0,0,0
20250905,8487,愛爾達-創,80.3,80.5,80.3,80.5,+,0.1,4832,388275.0,1000,0,0,1000,0,0,0,0,0
20250905,6969,成信實業*-創,40.5,40.6,39.55,39.6,-,0.4,37215,1488896.0,5000,0,-4000,5000,0,2000,0,0,6000
20250905,5215,科嘉-KY,34.5,34.85,34.5,34.85,+,0.15,20320,702884.0,0,0,999,2000,0,1000,2000,0,1
20250905,2536,宏普,29.3,29.3,28.25,28.25,-,0.85,605753,17228300.0,0,0,999,76000,0,1000,76000,0,1
20250905,3003,健和興,51.9,52.2,51.1,51.8,+,0.3,141215,7278251.0,0,0,460,56000,0,1005,56000,0,545
20250905,3443,創意,1325.0,1350.0,1310.0,1345.0,+,45.0,2064458,2758992820.0,-86571,16974,70040,427289,17000,103413,513860,26,33373
20250905,6115,鎰勝,46.7,46.8,46.55,46.8,,0.0,30111,1405763.0,-1000,0,1280,1000,0,2000,2000,0,720
20250905,1432,大魯閣,17.1,17.5,17.0,17.35,+,0.3,311229,5381755.0,2,0,0,2,0,0,0,0,0
20250905,1418,東華,21.4,21.4,20.9,21.2,-,0.05,10004,212082.0,0,0,1,1000,0,1,1000,0,0
20250905,1423,利華,38.0,38.05,37.95,38.05,+,0.1,25523,969868.0,0,0,0,1000,0,0,1000,0,0
20250905,1315,達新,64.5,65.6,64.3,65.2,+,0.7,45796,2977506.0,0,0,0,2000,0,0,2000,0,0
20250905,1468,昶和,13.5,13.85,13.3,13.85,+,0.15,60111,808950.0,0,0,0,0,0,1000,0,0,1000
20250905,1521,大億,25.05,25.05,24.75,24.85,,0.0,28659,711073.0,0,0,0,1000,0,0,1000,0,0
20250905,1535,中宇,55.6,55.6,55.2,55.5,+,0.1,32655,1811886.0,0,0,0,4000,0,0,4000,0,0
20250905,2012,春雨,17.7,17.7,17.45,17.5,-,0.2,25228,441624.0,0,0,0,7000,0,0,7000,0,0
20250905,2115,六暉-KY,27.1,27.2,27.1,27.1,,0.0,65299,1773933.0,0,0,0,3000,0,0,3000,0,0
20250905,1220,台榮,13.1,13.1,13.05,13.1,+,0.05,91510,1197707.0,0,0,0,22000,0,0,22000,0,0
20250905,1203,味王,40.2,40.5,39.4,39.7,-,0.3,21091,845976.0,0,0,0,2000,0,0,2000,0,0
20250905,2496,卓越,68.2,68.6,68.0,68.6,+,0.4,9100,622035.0,0,0,0,1000,0,0,1000,0,0
20250905,2373,震旦行,57.1,57.5,56.9,57.0,,0.0,18299,1045052.0,0,0,0,1000,0,0,1000,0,0
20250905,2432,倚天酷碁-創,28.1,28.1,27.8,28.1,+,0.05,50008,1396224.0,0,0,0,0,0,1000,0,0,1000
20250905,2430,燦坤,24.9,24.95,24.75,24.85,,0.0,27425,680496.0,-1000,0,1000,1000,0,1000,2000,0,0
20250905,5906,台南-KY,52.0,52.0,49.8,49.8,+,1.3,11051,555889.0,0,0,0,1000,0,0,1000,0,0
20250905,6183,關貿,97.2,97.5,97.2,97.5,+,0.3,13929,1355894.0,-1000,0,1000,1000,0,1000,2000,0,0
20250905,6201,亞弘電,58.0,58.4,57.4,58.4,+,0.8,34329,1990002.0,0,0,0,1000,0,0,1000,0,0
20250905,6606,建德工業,25.5,25.55,25.3,25.3,-,0.3,47029,1192992.0,0,0,0,12000,0,0,12000,0,0
20250905,3432,台端,15.5,15.65,15.5,15.55,-,0.25,15103,235075.0,0,0,0,1000,0,0,1000,0,0
20250905,3686,達能,15.6,15.75,15.5,15.5,-,0.15,102628,1598485.0,0,0,0,5000,0,0,5000,0,0
20250905,4930,燦星網,24.1,24.1,23.8,23.9,-,0.15,135036,3234894.0,0,0,0,1000,0,0,1000,0,0
20250905,3027,盛達,26.85,26.85,26.45,26.8,-,0.05,218722,5824919.0,0,0,0,58000,0,0,58000,0,0
20250905,6952,大武山,47.3,47.65,47.2,47.5,+,0.1,12146,574828.0,0,0,0,1000,0,0,1000,0,0
20250905,6918,愛派司,96.8,97.0,96.5,96.7,+,0.7,40263,3895042.0,0,0,0,2000,0,0,2000,0,0
20250905,6887,寶綠特-KY,71.1,71.7,71.0,71.7,-,0.1,11018,787081.0,0,0,0,1000,0,0,1000,0,0
20250905,9944,新麗,17.0,17.0,17.0,17.0,,0.0,6810,115869.0,0,0,0,2000,0,0,2000,0,0
20250905,2505,國揚,20.0,20.1,19.4,19.45,-,0.45,622816,12259123.0,-13000,0,12999,146000,0,16000,159000,0,3001
20250905,2514,龍邦,15.35,15.55,15.3,15.45,+,0.1,103185,1589814.0,-4000,0,3995,4000,0,4000,8000,0,5
20250905,2433,互盛電,48.95,49.05,48.95,49.05,+,0.05,10938,535989.0,-1000,0,972,0,0,1000,1000,0,28
20250905,6108,競國,14.1,14.1,14.0,14.05,,0.0,34261,482038.0,-1000,0,958,0,0,1000,1000,0,42
20250905,2321,東訊,19.45,19.95,17.55,19.95,,0.0,41525,787307.0,0,0,-98,0,0,0,0,0,98
20250905,0053,元大電子,115.5,115.55,115.2,115.55,+,1.15,9543,1099352.0,0,0,-442,0,0,558,0,0,1000
20250905,1525,江申,70.2,70.5,69.9,70.1,+,0.6,47305,3318240.0,-1000,0,23,4000,0,23,5000,0,0
20250905,1472,三洋實業,91.5,91.5,90.5,91.3,,0.0,16056,1464683.0,-1000,0,0,0,0,0,1000,0,0
20250905,1531,高林股,12.05,12.1,12.0,12.1,+,0.1,42565,512546.0,-1000,0,0,1000,0,0,2000,0,0
20250905,1441,大東,11.55,11.55,11.5,11.5,-,0.05,21450,247524.0,-1000,0,0,0,0,0,1000,0,0
20250905,1725,元禎,29.1,29.2,28.75,29.0,-,0.1,32096,927790.0,-1000,0,0,0,0,0,1000,0,0
20250905,1233,天仁,30.8,30.85,30.8,30.8,,0.0,3055,94157.0,-1000,0,0,0,0,0,1000,0,0
20250905,2434,統懋,29.0,29.25,28.95,29.05,+,0.1,35447,1032791.0,-1000,0,0,1000,0,0,2000,0,0
20250905,2415,錩新,26.0,26.0,25.5,25.95,+,0.4,53315,1368731.0,-1000,0,0,2000,0,0,3000,0,0
20250905,2712,遠雄來,20.25,20.25,20.0,20.0,-,0.25,7000,141500.0,-1000,0,0,0,0,0,1000,0,0
20250905,2706,第一店,13.5,13.55,13.45,13.5,+,0.05,48152,650357.0,-1000,0,0,1000,0,0,2000,0,0
20250905,2701,萬企,11.2,11.2,11.15,11.15,-,0.05,18110,202673.0,-1000,0,0,0,0,0,1000,0,0
20250905,0057,富邦摩台,156.3,157.05,156.2,157.05,+,1.5,82154,12852609.0,0,0,-1000,0,0,80000,0,0,81000
20250905,6581,鋼聯,111.5,111.5,111.0,111.5,+,1.0,12194,1357407.0,-1000,0,0,2000,0,0,3000,0,0
20250905,6464,台數科,78.0,78.0,77.8,77.8,-,0.5,13000,1013300.0,-1000,0,0,0,0,0,1000,0,0
20250905,6431,光麗-KY,16.55,16.7,16.5,16.55,,0.0,28167,466617.0,-1000,0,0,0,0,0,1000,0,0
20250905,2901,欣欣,26.2,26.2,25.8,25.8,-,0.25,11565,299729.0,-1000,0,0,0,0,0,1000,0,0
20250905,2904,匯僑,17.35,17.55,17.35,17.5,+,0.1,22913,400777.0,-1000,0,0,0,0,0,1000,0,0
20250905,3054,立萬利,23.65,23.65,23.65,23.65,-,0.1,2403,56439.0,-1000,0,0,0,0,0,1000,0,0
20250905,3055,蔚華科,56.0,56.5,55.4,56.2,+,0.9,129892,7271679.0,-1000,0,0,21000,0,0,22000,0,0
20250905,4807,日成-KY,15.15,15.35,15.05,15.1,-,0.05,18169,274726.0,-1000,0,0,0,0,0,1000,0,0
20250905,4581,光隆精密-KY,55.5,55.6,55.5,55.5,+,0.2,14489,804271.0,-1000,0,0,0,0,0,1000,0,0
20250905,4552,力達-KY,23.7,23.85,23.65,23.85,,0.0,75373,1788955.0,-1000,0,0,7000,0,0,8000,0,0
20250905,4557,永新-KY,84.5,84.6,83.0,84.3,-,0.1,285357,23938847.0,-2000,0,1000,82000,0,1000,84000,0,0
20250905,6796,晉弘,73.2,73.2,72.8,72.8,-,1.1,13135,958900.0,-1000,0,0,0,0,0,1000,0,0
20250905,9943,好樂迪,66.2,66.2,66.0,66.1,-,0.2,28822,1905276.0,-1000,0,0,2000,0,0,3000,0,0
20250905,8481,政伸,43.55,43.55,43.55,43.55,+,0.05,3000,130650.0,-1000,0,0,0,0,0,1000,0,0
20250905,8438,昶昕,31.6,31.6,31.25,31.35,+,0.05,63110,1980266.0,-1000,0,0,3000,0,0,4000,0,0
20250905,7732,金興精密,36.8,36.9,36.55,36.85,+,0.3,6000,220750.0,0,0,-1000,0,0,0,0,0,1000
20250905,8411,福貞-KY,12.85,12.95,12.75,12.85,-,0.1,114068,1460307.0,-2000,0,1000,0,0,1000,2000,0,0
20250905,1109,信大,16.0,16.0,15.95,16.0,+,0.05,18336,293178.0,-4000,0,2919,1000,0,3000,5000,0,81
20250905,2465,麗臺,60.8,62.0,60.2,60.7,+,0.2,264260,16123348.0,-2731,0,1000,88269,0,1000,91000,0,0
20250905,2491,吉祥全,14.1,14.5,14.0,14.05,-,0.05,90202,1269278.0,-1000,0,-1000,8000,0,2000,9000,0,3000
20250905,2413,環科,19.9,19.9,19.6,19.6,-,0.25,181108,3573241.0,-2000,0,0,30000,0,0,32000,0,0
20250905,2642,宅配通,26.9,29.15,26.8,29.15,+,2.65,416756,12050163.0,1000,0,-3000,4000,0,0,3000,0,3000
20250905,1731,美吾華,22.1,22.2,22.05,22.05,-,0.05,63721,1408991.0,-2000,0,0,0,0,0,2000,0,0
20250905,2028,威致,17.75,17.8,17.6,17.8,+,0.05,16075,284682.0,-2000,0,0,1000,0,0,3000,0,0
20250905,1410,南染,35.2,35.7,35.15,35.7,+,0.25,20011,710489.0,-2000,0,0,0,0,0,2000,0,0
20250905,1474,弘裕,12.2,12.25,12.0,12.1,+,0.05,34468,416923.0,-2000,0,0,0,0,0,2000,0,0
20250905,7736,虎山,91.5,92.1,90.7,90.7,-,1.5,4755,436321.0,-2000,0,0,0,0,0,2000,0,0
20250905,6807,峰源-KY,50.7,50.7,50.1,50.1,-,0.2,12153,610088.0,-2000,0,0,0,0,0,2000,0,0
20250905,3679,新至陞,114.5,114.5,113.5,114.0,+,0.5,17830,2029804.0,-2000,0,0,0,0,0,2000,0,0
20250905,3669,圓展,33.8,33.8,33.5,33.5,-,0.4,25250,847219.0,-2000,0,0,0,0,0,2000,0,0
20250905,4439,冠星-KY,96.5,96.5,95.8,95.8,+,1.5,8000,770300.0,-2000,0,0,0,0,0,2000,0,0
20250905,2906,高林,14.8,14.8,14.5,14.75,,0.0,110077,1611424.0,-5000,0,3000,0,0,3000,5000,0,0
20250905,6205,詮欣,44.8,44.8,44.4,44.55,+,0.05,76392,3397967.0,-2000,0,0,20000,0,0,22000,0,0
20250905,6226,光鼎,7.24,7.27,7.18,7.26,+,0.02,33129,238920.0,-2000,0,0,0,0,0,2000,0,0
20250905,3617,碩天,228.5,228.5,224.0,225.5,-,1.5,204418,46132628.0,-4000,0,1902,88000,0,3000,92000,0,1098
20250905,1735,日勝化,15.3,15.45,15.2,15.35,+,0.05,16567,254313.0,-2000,0,-606,0,0,1000,2000,0,1606
20250905,1454,台富,14.4,14.5,14.4,14.4,+,0.05,17997,260433.0,-3000,0,0,0,0,0,3000,0,0
20250905,8940,新天地,20.4,20.4,20.0,20.1,,0.0,33156,669653.0,-3000,0,0,0,0,0,3000,0,0
20250905,1904,正隆,18.1,18.1,17.8,17.85,-,0.15,519438,9301555.0,-25000,0,21869,125000,0,27000,150000,0,5131
20250905,6230,尼得科超眾,138.5,138.5,133.5,136.5,-,2.0,280658,38073173.0,-3000,0,-189,85000,0,3000,88000,0,3189
20250905,6645,金萬林-創,23.35,23.65,23.3,23.4,+,0.1,55012,1289821.0,-3000,0,-202,3000,0,5798,6000,0,6000
20250905,2020,美亞,25.55,25.7,25.3,25.5,+,0.05,208176,5301345.0,-6000,0,2001,55000,0,2001,61000,0,0
20250905,2227,裕日車,55.7,56.0,55.6,55.6,-,0.4,8615,480099.0,-4000,0,0,0,0,0,4000,0,0
20250905,1730,花仙子,52.7,52.8,52.6,52.7,+,0.2,22126,1166006.0,-2000,0,-2000,1000,0,0,3000,0,2000
20250905,1452,宏益,13.75,13.8,13.65,13.8,+,0.1,183665,2523406.0,-4000,0,0,1000,0,0,5000,0,0
20250905,2702,華園,12.7,12.7,12.65,12.7,-,0.05,19599,248691.0,-4000,0,0,0,0,0,4000,0,0
20250905,6955,邦睿生技-創,169.0,171.0,169.0,171.0,,0.0,12340,2095300.0,0,0,-4000,0,0,4000,0,0,8000
20250905,6799,來頡,88.7,88.7,86.2,86.6,-,0.4,152303,13223937.0,-15000,0,10999,48000,0,11000,63000,0,1
20250905,2013,中鋼構,42.3,42.55,42.25,42.4,-,0.2,31996,1357113.0,-5000,0,735,3000,0,1000,8000,0,265
20250905,2017,官田鋼,9.93,9.93,9.81,9.88,,0.0,203047,2002704.0,-8000,0,3640,27000,0,5000,35000,0,1360
20250905,4999,鑫禾,27.15,27.15,26.75,26.8,-,0.05,32212,865314.0,-5000,0,410,2000,0,1000,7000,0,590
20250905,00703,台新MSCI中國,20.98,21.06,20.96,21.05,+,0.13,139352,2925485.0,-1000,0,-3643,0,0,102403,1000,0,106046
20250905,5525,順天,31.25,31.25,30.3,30.7,-,0.2,53088,1633989.0,-5000,0,0,8000,0,0,13000,0,0
20250905,6152,百一,9.45,9.66,9.28,9.5,+,0.09,633912,6002931.0,-3000,0,-2000,164000,0,0,167000,0,2000
20250905,4588,玖鼎電力,64.9,64.9,63.6,63.7,-,1.2,54215,3462615.0,-5000,0,0,6000,0,0,11000,0,0
20250905,1419,新紡,55.9,56.3,54.3,54.9,-,0.8,593068,32634272.0,-7000,0,1985,205000,0,21000,212000,0,19015
20250905,1558,伸興,94.6,94.7,94.5,94.6,-,0.1,29628,2801524.0,-4847,-196,0,0,0,0,4847,196,0
20250905,00678,群益那斯達克生技,28.41,28.42,28.37,28.37,-,0.16,264434,7503024.0,0,0,-5340,0,0,255000,0,0,260340
20250905,1737,臺鹽,32.3,32.4,32.25,32.35,+,0.05,62982,2034319.0,-6000,0,0,3000,0,0,9000,0,0
20250905,1236,宏亞,22.45,22.45,22.25,22.4,-,0.05,54642,1219953.0,-6000,0,0,1000,0,0,7000,0,0
20250905,8482,商億-KY,53.7,54.5,53.7,53.7,,0.0,14206,764124.0,-6000,0,0,0,0,0,6000,0,0
20250905,9937,全國,62.2,62.3,61.6,61.8,,0.0,16271,1006656.0,-6000,0,0,1000,0,0,7000,0,0
20250905,7631,聚賢研發-創,139.0,147.5,139.0,147.5,+,4.5,35019,5050301.0,0,0,-6000,0,0,13000,0,0,19000
20250905,5306,桂盟,93.3,93.5,92.8,93.3,+,0.1,35741,3331581.0,-6000,0,0,5000,0,0,11000,0,0
20250905,6128,上福,28.9,29.1,28.85,29.0,+,0.1,35794,1037290.0,-7000,0,817,7000,0,1000,14000,0,183
20250905,2645,長榮航太,195.0,198.0,189.0,193.0,-,3.0,10182858,1964816853.0,-161504,317000,-161739,3060000,317000,152233,3221504,0,313972
20250905,3062,建漢,24.7,24.9,24.25,24.4,-,0.15,1321521,32350546.0,-8058,0,1678,446000,0,3000,454058,0,1322
20250905,6657,華安,56.2,56.5,55.5,56.3,+,0.1,271035,15179042.0,-7000,0,0,73000,0,0,80000,0,0
20250905,8367,建新國際,45.3,45.45,45.1,45.1,-,0.15,32166,1453023.0,-7000,0,0,6000,0,0,13000,0,0
20250905,6914,阜爾運通,142.5,142.5,141.0,141.0,-,2.0,32426,4592801.0,-7000,0,0,4000,0,0,11000,0,0
20250905,1475,業旺,33.5,33.55,33.15,33.3,+,0.15,24000,798100.0,-7000,0,0,5000,0,0,12000,0,0
20250905,1470,大統新創,20.2,21.6,20.2,21.05,+,1.3,54166,1138557.0,-7000,0,0,0,0,0,7000,0,0
20250905,1457,宜進,17.0,17.0,16.9,16.95,-,0.05,49093,832054.0,-7000,0,0,0,0,0,7000,0,0
20250905,9925,新保,40.65,40.85,40.65,40.85,+,0.2,72040,2939578.0,-11000,0,3787,1000,0,4000,12000,0,213
20250905,6719,力智,190.0,191.0,188.0,189.5,+,1.0,112642,21332259.0,-8000,0,711,22000,0,1107,30000,0,396
20250905,1615,大山,50.8,50.8,50.1,50.2,-,0.3,76884,3868564.0,-7600,0,0,1000,0,0,8600,0,0
20250905,1527,鑽全,32.9,33.2,32.6,33.1,+,0.15,275194,9057261.0,-8000,0,0,92000,0,0,100000,0,0
20250905,2423,固緯,57.4,57.9,56.8,57.4,+,0.7,137016,7862943.0,-9000,0,1000,49000,0,1000,58000,0,0
20250905,5533,皇鼎,16.75,16.8,16.55,16.55,-,0.25,138769,2313681.0,-8000,0,0,12000,0,0,20000,0,0
20250905,4989,榮科,29.5,31.5,28.9,31.5,+,2.85,6530426,198768097.0,-288000,0,280000,854000,0,282000,1142000,0,2000
20250905,6598,ABC-KY,21.15,21.75,19.8,20.85,-,1.15,1077123,22330422.0,-5000,0,-3247,17000,0,0,22000,0,3247
20250905,3296,勝德,23.25,23.5,22.7,23.3,+,0.45,129509,2982372.0,22000,0,-31000,61000,0,0,39000,0,31000
20250905,2849,安泰銀,13.3,13.3,13.25,13.25,,0.0,26027,346242.0,-9000,0,0,0,0,0,9000,0,0
20250905,9942,茂順,110.0,111.0,110.0,110.0,,0.0,35654,3938272.0,-9000,0,0,1000,0,0,10000,0,0
20250905,1232,大統益,149.5,149.5,148.5,148.5,-,1.0,38215,5680821.0,-10000,0,818,1000,0,1000,11000,0,182
20250905,1463,強盛新,20.0,20.1,19.9,19.95,-,0.05,60699,1213109.0,-10000,0,0,16000,0,0,26000,0,0
20250905,2397,友通,76.1,76.5,75.5,75.5,-,0.2,565072,42832721.0,-11000,0,1000,72000,0,1000,83000,0,0
20250905,6906,現觀科,124.0,126.0,121.5,122.0,-,2.0,119039,14670442.0,-12000,0,2000,15000,0,2000,27000,0,0
20250905,8429,金麗-KY,8.0,8.0,7.91,7.94,-,0.02,229340,1822231.0,-10000,0,0,29000,0,0,39000,0,0
20250905,5907,大洋-KY,6.1,6.14,6.01,6.08,-,0.01,130549,789767.0,-10000,0,0,13000,0,0,23000,0,0
20250905,6423,億而得-創,79.4,80.2,79.4,80.0,,0.0,14361,1147729.0,-1000,0,-9000,0,0,0,1000,0,9000
20250905,2534,宏盛,22.7,22.9,22.15,22.3,-,0.4,974338,21853404.0,-16000,0,5999,233000,0,6000,249000,0,1
20250905,2247,汎德永業,295.0,295.0,291.5,292.0,-,1.5,87149,25523355.0,-11000,0,598,20000,0,1000,31000,0,402
20250905,1471,首利,10.0,10.0,9.85,9.95,+,0.03,170087,1693036.0,-11000,0,0,4000,0,0,15000,0,0
20250905,6689,伊雲谷,75.9,76.0,74.9,75.2,-,0.6,152876,11509057.0,-11000,0,0,24000,0,0,35000,0,0
20250905,9905,大華,21.4,21.4,21.25,21.3,+,0.05,65236,1392833.0,-11000,0,0,1000,0,0,12000,0,0
20250905,6277,宏正,58.6,58.6,58.3,58.4,-,0.1,70171,4099562.0,-12000,0,376,1000,0,1000,13000,0,624
20250905,7721,微程式,69.0,70.3,67.8,69.3,-,1.2,288411,19930409.0,-10985,0,-1000,46015,0,0,57000,0,1000
20250905,2459,敦吉,64.5,64.9,64.2,64.4,-,0.1,37259,2403242.0,-13000,0,1000,1000,0,1000,14000,0,0
20250905,1447,力鵬,5.83,5.83,5.77,5.79,-,0.03,223338,1293174.0,-12000,0,0,40000,0,0,52000,0,0
20250905,2107,厚生,24.3,24.3,24.05,24.05,-,0.2,286912,6936847.0,-12000,0,0,11000,0,0,23000,0,0
20250905,7722,LINEPAY,596.0,602.0,585.0,598.0,+,2.0,162714,96608833.0,-10820,0,-1399,53340,0,0,64160,0,1399
20250905,9103,美德醫療-DR,4.86,4.87,4.84,4.85,-,0.03,168500,817824.0,-12000,0,-301,4000,0,0,16000,0,301
20250905,00893,國泰智能電動車,26.91,27.03,26.91,26.99,+,0.14,2198614,59330250.0,-44000,0,31625,5000,0,1677000,49000,0,1645375
20250905,9911,櫻花,87.0,87.7,86.7,86.8,-,0.2,196923,17176422.0,-14000,0,1544,52000,0,3000,66000,0,1456
20250905,2029,盛餘,22.8,22.9,22.65,22.85,+,0.1,118050,2689553.0,-16000,0,3000,15000,0,3000,31000,0,0
20250905,1805,寶徠,12.85,12.9,12.4,12.6,+,0.05,100331,1260525.0,-15000,0,2000,10000,0,2000,25000,0,0
20250905,1617,榮星,15.75,15.75,15.4,15.5,-,0.15,80985,1256321.0,-13000,0,0,7000,0,0,20000,0,0
20250905,2390,云辰,10.8,10.8,10.7,10.7,-,0.1,199381,2141604.0,-13000,0,0,35000,0,0,48000,0,0
20250905,4137,麗豐-KY,113.0,113.0,111.0,111.0,-,2.0,56853,6338136.0,-14000,0,996,11000,0,1000,25000,0,4
20250905,6923,中台,102.5,103.0,99.6,99.6,-,1.4,391355,39433082.0,-13000,0,-530,90000,0,0,103000,0,530
20250905,1762,中化生,27.8,28.15,27.8,28.15,+,0.05,69068,1930051.0,-13000,0,-744,7000,0,2000,20000,0,2744
20250905,3130,一零四,230.5,230.5,229.0,229.0,,0.0,34219,7849010.0,-13999,0,0,9000,0,0,22999,0,0
20250905,8463,潤泰材,25.7,25.95,25.4,25.8,+,0.1,42106,1081453.0,-14000,0,0,7000,0,0,21000,0,0
20250905,4106,雃博,22.45,22.5,22.25,22.5,+,0.1,48716,1089839.0,-15000,0,738,1000,0,1000,16000,0,262
20250905,6184,大豐電,50.8,50.8,50.4,50.7,+,0.1,147398,7456589.0,-12000,0,-2377,2000,0,0,14000,0,2377
20250905,5288,豐祥-KY,131.0,131.0,127.5,128.5,-,1.5,127010,16340162.0,-15000,0,0,20000,0,0,35000,0,0
20250905,4119,旭富,61.3,61.3,60.5,60.5,-,0.7,88262,5365438.0,-17000,0,2000,8000,0,6000,25000,0,4000
20250905,1110,東泥,17.4,17.55,17.3,17.35,+,0.05,97000,1685400.0,-15000,0,0,12000,0,0,27000,0,0
20250905,1817,凱撒衛,40.7,40.7,39.75,39.75,-,0.15,25275,1008744.0,-16000,0,901,0,0,1000,16000,0,99
20250905,1537,廣隆,131.0,131.5,130.5,131.5,+,1.0,67044,8791361.0,-7000,0,-8242,16000,0,2000,23000,0,10242
20250905,3209,全科,32.25,32.35,32.0,32.05,,0.0,309697,9945640.0,-14000,-1517,-13,87000,0,0,101000,1517,13
20250905,3346,麗清,23.4,23.6,23.1,23.2,-,0.15,256986,5967992.0,-15955,0,0,65045,0,0,81000,0,0
20250905,1451,年興,17.9,17.9,17.65,17.75,-,0.05,115487,2051171.0,-17000,0,0,10000,0,0,27000,0,0
20250905,6924,榮惠-KY創,63.0,65.6,63.0,65.5,+,2.5,34000,2184400.0,-8000,0,-9000,2000,0,5000,10000,0,14000
20250905,6164,華興,10.35,10.4,10.3,10.3,,0.0,154782,1597181.0,-17000,0,0,0,0,0,17000,0,0
20250905,2748,雲品,47.5,47.6,47.05,47.3,-,0.2,74813,3533593.0,-18000,0,1000,13000,0,1000,31000,0,0
20250905,1437,勤益控,32.05,32.05,31.65,31.85,+,0.05,170424,5427239.0,-18000,0,0,15000,0,0,33000,0,0
20250905,9921,巨大,104.0,104.0,102.5,103.5,,0.0,322356,33196145.0,-21099,0,2796,94901,0,10000,116000,0,7204
20250905,5283,禾聯碩,73.9,73.9,72.8,73.0,-,0.9,76290,5577154.0,-19000,0,0,14000,0,0,33000,0,0
20250905,6674,鋐寶科技,22.45,22.65,21.55,21.55,-,0.4,169021,3726010.0,-19000,0,0,18000,0,0,37000,0,0
20250905,3266,昇陽,14.4,14.45,14.15,14.15,-,0.15,63502,908102.0,-19000,0,0,0,0,0,19000,0,0
20250905,1760,寶齡富錦,73.3,73.3,72.0,73.2,+,0.4,116391,8433163.0,2000,0,-21338,36000,0,0,34000,0,21338
20250905,1808,潤隆,32.6,32.85,32.0,32.1,-,0.55,2284214,73675749.0,-32000,0,12180,691000,0,15315,723000,0,3135
20250905,3008,大立光,2420.0,2420.0,2395.0,2405.0,+,10.0,273936,658868845.0,-29107,6420,2846,142793,11000,10679,171900,4580,7833
20250905,2739,寒舍,38.95,39.1,38.05,38.15,-,0.8,192019,7378334.0,-20000,0,0,27000,0,0,47000,0,0
20250905,5285,界霖,48.8,48.95,47.5,48.2,-,0.15,139283,6685108.0,-21000,0,1000,22000,0,1000,43000,0,0
20250905,1456,怡華,12.7,12.7,12.3,12.65,+,0.05,78470,980545.0,-21000,0,1000,8000,0,2000,29000,0,1000
20250905,1416,廣豐,11.6,11.6,11.5,11.5,-,0.05,97550,1124235.0,-20000,0,0,0,0,0,20000,0,0
20250905,2546,根基,82.0,83.0,81.6,82.1,+,0.2,224420,18410921.0,-20000,0,0,63000,0,0,83000,0,0
20250905,6409,旭隼,1015.0,1020.0,1000.0,1010.0,-,5.0,188683,190227250.0,-22238,-9,1939,100848,0,2000,123086,9,61
20250905,5203,訊連,96.0,98.8,95.5,97.7,+,2.4,327828,32000941.0,-21000,-1000,1512,93000,0,1645,114000,1000,133
20250905,3376,新日興,235.0,237.5,232.0,234.5,+,4.0,3881590,910388922.0,75150,-197178,101259,1250150,50000,246323,1175000,247178,145064
20250905,2250,IKKA-KY,93.9,97.5,93.9,94.3,+,2.0,458750,43793908.0,40037,0,-61000,162000,0,0,121963,0,61000
20250905,1473,台南,25.7,25.8,25.5,25.55,-,0.2,64118,1642603.0,-21000,0,0,10000,0,0,31000,0,0
20250905,8499,鼎炫-KY,271.5,282.5,271.5,275.0,+,3.5,285613,78828867.0,-21000,0,-295,72000,0,2000,93000,0,2295
20250905,2480,敦陽科,170.0,170.5,169.0,169.5,+,0.5,107222,18212687.0,-21900,-1000,1126,37100,0,4000,59000,1000,2874
20250905,1597,直得,84.1,84.7,83.1,83.5,+,0.5,365492,30586462.0,-20000,0,-1845,113000,0,10,133000,0,1855
20250905,3043,科風,26.0,26.1,25.45,25.5,-,0.25,122652,3143917.0,-23000,0,0,28000,0,0,51000,0,0
20250905,2022,聚亨,8.23,8.3,8.15,8.23,,0.0,201839,1652691.0,-23000,0,0,24000,0,0,47000,0,0
20250905,2312,金寶,19.0,19.05,18.7,18.8,,0.0,5590396,105335100.0,-5000,-22000,3996,1444000,0,17000,1449000,22000,13004
20250905,6416,瑞祺電通,87.1,88.2,87.0,87.1,-,0.2,112816,9843618.0,-24000,0,992,24000,0,1000,48000,0,8
20250905,2243,宏旭-KY,13.95,14.0,13.2,13.3,-,0.95,1188682,16184449.0,-5000,0,-18409,157000,0,2000,162000,0,20409
20250905,1707,葡萄王,130.0,131.5,129.0,129.5,,0.0,112851,14698929.0,-27000,0,3000,12000,0,4000,39000,0,1000
20250905,2608,嘉里大榮,34.8,35.3,34.75,35.05,+,0.3,327658,11500500.0,-28000,0,4000,69000,0,4000,97000,0,0
20250905,00771,元大US高息特別股,16.03,16.03,16.02,16.02,+,0.05,35198,563979.0,0,0,-24000,0,0,5000,0,0,29000
20250905,1720,生達,56.9,56.9,56.3,56.6,-,0.1,88035,4986717.0,-27000,0,2051,12000,0,3000,39000,0,949
20250905,2069,運錩,15.15,15.2,15.05,15.15,,0.0,73748,1116343.0,-25000,0,0,1000,0,0,26000,0,0
20250905,1414,東和,17.15,17.45,17.05,17.45,+,0.15,275920,4767486.0,-25000,0,0,54000,0,0,79000,0,0
20250905,6582,申豐,32.7,32.75,32.45,32.65,-,0.05,57441,1872835.0,-26000,0,0,4000,0,0,30000,0,0
20250905,2477,美隆電,25.5,25.75,25.2,25.2,-,0.3,165543,4203340.0,-27000,0,1000,31000,0,1000,58000,0,0
20250905,1702,南僑,39.75,39.75,39.55,39.7,,0.0,176037,6980414.0,-28000,0,1699,42000,0,2000,70000,0,301
20250905,8341,日友,74.5,74.5,74.0,74.2,-,0.3,58931,4374172.0,-30000,0,3667,1000,0,4000,31000,0,333
20250905,2351,順德,83.3,84.5,82.5,84.3,+,1.0,1432961,119883918.0,-10000,0,-17958,407000,0,10884,417000,0,28842
20250905,5471,松翰,35.9,36.1,35.7,35.8,-,0.05,153674,5503597.0,-29000,0,914,16000,0,1000,45000,0,86
20250905,8467,波力-KY,180.0,180.0,172.5,172.5,-,5.5,100637,17602232.0,-27000,0,-1407,19000,0,0,46000,0,1407
20250905,2211,長榮鋼,90.9,91.4,90.1,90.9,+,0.4,672684,60994382.0,-35415,-5610,12000,216000,0,14000,251415,5610,2000
20250905,2705,六福,17.4,17.45,17.25,17.25,-,0.15,84215,1457114.0,-30000,0,0,16000,0,0,46000,0,0
20250905,2836,高雄銀,11.7,11.75,11.65,11.7,,0.0,756832,8868516.0,-56120,-1000,26000,43000,0,26000,99120,1000,0
20250905,4569,六方科-KY,172.5,180.0,171.5,172.5,+,1.0,248692,43475585.0,-32000,0,0,54000,0,0,86000,0,0
20250905,3588,通嘉,47.45,48.8,47.05,47.6,+,0.25,143898,6863025.0,-32000,0,0,20000,0,0,52000,0,0
20250905,2305,全友,12.15,12.15,11.85,12.05,+,0.05,478291,5721088.0,17000,0,-49000,142000,0,0,125000,0,49000
20250905,4912,聯德控股-KY,78.8,78.8,77.3,77.9,-,0.1,79278,6166177.0,-33000,0,-537,16000,0,0,49000,0,537
20250905,3550,聯穎,15.4,15.4,15.0,15.25,-,0.05,186783,2831297.0,-34000,0,229,39000,0,2000,73000,0,1771
20250905,6550,北極星藥業-KY,38.6,38.6,38.1,38.25,-,0.35,503769,19270910.0,-36000,0,0,49000,0,0,85000,0,0
20250905,2450,神腦,29.75,30.1,29.75,30.05,+,0.3,259691,7797892.0,-38000,0,2000,96000,0,2000,134000,0,0
20250905,6141,柏承,12.65,12.65,12.5,12.55,-,0.1,370524,4650238.0,-37000,0,0,2000,0,0,39000,0,0
20250905,2527,宏璟,25.8,25.8,25.15,25.2,-,0.3,262989,6683698.0,-35000,-331,-2000,54000,0,3000,89000,331,5000
20250905,6426,統新,78.1,79.4,76.3,78.7,+,2.4,568165,44372222.0,-38000,0,0,191000,0,0,229000,0,0
20250905,8462,柏文,160.0,161.0,158.5,160.0,+,0.5,106432,17011943.0,-39000,0,1000,18000,0,1000,57000,0,0
20250905,9935,慶豐富,20.85,20.9,20.65,20.7,-,0.1,101085,2097567.0,-38000,0,0,13000,0,0,51000,0,0
20250905,5519,隆大,30.65,30.8,29.75,30.05,-,0.6,1818381,54922620.0,-49967,0,11012,422033,0,17000,472000,0,5988
20250905,9930,中聯資源,72.0,72.0,71.8,72.0,,0.0,56813,4085246.0,-41000,-1000,3000,1000,0,3000,42000,1000,0
20250905,2511,太子,9.63,9.63,9.31,9.33,-,0.17,1162171,10943443.0,-58000,0,19000,268000,0,19000,326000,0,0
20250905,7749,意騰-KY,594.0,611.0,594.0,610.0,+,19.0,179293,108497748.0,-39930,0,0,34070,0,0,74000,0,0
20250905,6835,圓裕,42.45,42.65,41.55,41.95,-,0.15,125978,5282309.0,-40000,0,0,9000,0,0,49000,0,0
20250905,1611,中電,13.5,13.5,13.1,13.2,-,0.2,335954,4438888.0,-44000,0,4000,87000,0,4000,131000,0,0
20250905,9906,欣巴巴,77.0,77.4,71.9,73.7,+,3.3,1587958,119520688.0,-38000,0,-2537,508000,0,3572,546000,0,6109
20250905,6024,群益期,49.25,49.4,49.1,49.25,,0.0,123462,6074571.0,-41000,0,0,14000,0,0,55000,0,0
20250905,1734,杏輝,31.55,31.55,31.35,31.45,-,0.1,79080,2487714.0,-41800,0,0,0,0,0,41800,0,0
20250905,2032,新鋼,15.2,15.2,14.9,15.05,+,0.05,139100,2085719.0,-42000,0,0,18000,0,0,60000,0,0
20250905,2033,佳大,18.2,19.1,18.2,18.3,+,0.1,199603,3718528.0,-43000,0,1000,11000,0,1000,54000,0,0
20250905,1903,士紙,55.0,55.1,53.6,53.6,-,0.9,191555,10345559.0,-43000,0,1000,20000,0,1000,63000,0,0
20250905,3026,禾伸堂,84.4,85.0,84.0,84.5,-,0.4,190568,16050788.0,-47000,0,5000,43000,0,8000,90000,0,3000
20250905,2908,特力,20.2,20.3,20.15,20.3,+,0.05,352953,7144098.0,-42000,0,0,22000,0,0,64000,0,0
20250905,3716,中化控股,34.3,34.3,33.9,34.0,-,0.2,97136,3301452.0,-42000,0,0,0,0,0,42000,0,0
20250905,2362,藍天,42.4,42.7,41.9,42.15,-,0.25,279195,11773867.0,-47000,-1000,4959,59000,0,5087,106000,1000,128
20250905,8045,達運光電,118.0,121.0,115.0,120.0,+,2.0,775654,91593523.0,-3000,0,-40064,222000,0,15000,225000,0,55064
20250905,1532,勤美,25.9,25.9,25.3,25.45,-,0.3,717229,18268740.0,-37000,-9607,3212,240000,0,6212,277000,9607,3000
20250905,2912,統一超,253.5,253.5,252.0,252.5,,0.0,291867,73793530.0,5940,-8008,-42523,120940,0,15000,115000,8008,57523
20250905,8131,福懋科,27.3,27.8,26.6,27.45,+,0.45,943795,25900373.0,-45773,-1000,1582,263000,0,4000,308773,1000,2418
20250905,2401,凌陽,23.95,24.35,23.65,23.7,-,0.25,4258246,101317442.0,-91000,0,43195,1199000,0,94391,1290000,0,51196
20250905,2613,中櫃,27.05,27.05,26.5,26.55,-,0.35,233908,6222058.0,-48000,0,0,51000,0,0,99000,0,0
20250905,4736,泰博,132.0,132.0,129.5,129.5,-,1.0,154369,20070196.0,-48000,0,0,19000,0,0,67000,0,0
20250905,2038,海光,15.2,15.2,14.95,15.05,-,0.1,118914,1788090.0,-52000,0,2000,21000,0,2000,73000,0,0
20250905,2704,國賓,45.4,45.45,44.75,44.75,-,0.65,102536,4620507.0,-52000,0,2000,30000,0,2000,82000,0,0
20250905,1321,大洋,36.75,36.8,35.85,35.95,-,0.65,427126,15412808.0,-51999,0,1873,41000,0,2000,92999,0,127
20250905,3051,力特,23.45,23.7,23.0,23.2,-,0.3,257280,5992124.0,-55000,0,2000,32000,0,2000,87000,0,0
20250905,1438,三地開發,38.9,41.2,37.45,37.65,-,1.0,273660,10742631.0,-54000,0,1000,36000,0,3000,90000,0,2000
20250905,6782,視陽,210.0,210.0,203.0,207.0,+,1.5,218650,44959929.0,-58000,0,4702,51000,0,10703,109000,0,6001
20250905,6189,豐藝,51.5,51.8,50.9,51.7,+,0.2,537194,27553224.0,-56397,0,2566,205401,0,4000,261798,0,1434
20250905,4155,訊映,16.3,16.4,16.05,16.3,,0.0,147503,2391606.0,-54000,0,0,13000,0,0,67000,0,0
20250905,1533,車王電,30.7,33.75,30.7,32.85,+,2.15,1187806,38893252.0,-55000,0,1000,95000,0,1000,150000,0,0
20250905,8213,志超,35.5,35.5,35.0,35.2,-,0.1,404160,14217830.0,-57000,0,2000,106000,0,2000,163000,0,0
20250905,1319,東陽,103.0,104.5,100.0,101.0,-,1.0,3379040,343040804.0,-318580,226000,36763,1057020,230000,68000,1375600,4000,31237
20250905,3135,凌航,32.1,32.95,31.8,32.55,+,0.65,327110,10597462.0,-56000,0,0,31000,0,0,87000,0,0
20250905,6166,凌華,63.5,63.5,62.5,63.5,+,0.6,355349,22428200.0,-58000,0,1907,83000,0,2206,141000,0,299
20250905,6869,雲豹能源,131.5,131.5,127.5,129.0,-,2.0,532212,68588330.0,-62000,0,5825,78000,0,10000,140000,0,4175
20250905,2611,志信,16.25,16.25,16.05,16.1,-,0.05,176344,2850423.0,-57000,0,0,27000,0,0,84000,0,0
20250905,5244,弘凱,46.65,47.3,46.3,46.35,+,0.1,814783,38126685.0,-70000,0,11000,240000,0,11000,310000,0,0
20250905,2302,麗正,16.7,16.7,16.25,16.5,+,0.15,204038,3353071.0,-52000,0,-8000,9000,0,0,61000,0,8000
20250905,3622,洋華,52.8,53.6,52.5,52.7,-,0.1,154521,8147757.0,-62000,0,1999,18000,0,2000,80000,0,1
20250905,4108,懷特,17.8,17.9,16.35,16.6,-,0.5,1959871,33261022.0,-55000,0,-5231,80000,0,1000,135000,0,6231
20250905,3437,榮創,16.15,16.15,15.7,15.85,+,0.1,331426,5237803.0,-61000,0,0,60000,0,0,121000,0,0
20250905,3028,增你強,31.45,31.45,31.1,31.2,-,0.25,135117,4216073.0,-61000,0,0,8000,0,0,69000,0,0
20250905,2482,連宇,21.5,22.3,21.5,21.9,+,0.6,739562,16209353.0,-63000,0,851,137000,0,1000,200000,0,149
20250905,5706,鳳凰,55.5,55.5,54.5,54.8,-,0.5,135471,7426314.0,-63697,0,1000,21000,0,1000,84697,0,0
20250905,3515,華擎,261.5,264.0,257.0,260.5,+,1.0,650778,168945199.0,126500,-187000,-2361,377000,1000,8139,250500,188000,10500
20250905,5388,中磊,104.5,105.0,103.5,103.5,-,0.5,511326,53129756.0,-68900,0,6027,148000,0,6027,216900,0,0
20250905,1516,川飛,14.4,14.4,13.95,14.05,-,0.4,90192,1267557.0,-63000,0,0,0,0,0,63000,0,0
20250905,2425,承啟,32.45,32.5,32.0,32.0,-,0.15,228452,7346437.0,-64000,0,0,45000,0,0,109000,0,0
20250905,6216,居易,28.6,28.6,28.2,28.4,-,0.2,316891,8973797.0,-67000,0,970,19000,0,3000,86000,0,2030
20250905,9924,福興,45.35,46.3,45.35,45.4,+,0.25,637727,29186471.0,-90000,-558,24000,57000,0,41000,147000,558,17000
20250905,6854,錼創科技-KY創,167.5,169.5,164.5,167.5,+,1.5,409767,68392677.0,12000,0,-78658,97000,0,9000,85000,0,87658
20250905,1582,信錦,69.9,70.0,68.7,69.5,,0.0,489008,33829573.0,70000,-144000,7261,168000,0,8000,98000,144000,739
20250905,6890,來億-KY,234.0,234.0,226.5,227.0,-,5.0,610328,139754610.0,-73000,0,5809,211000,0,9000,284000,0,3191
20250905,6625,必應,88.9,89.5,87.6,87.7,-,0.4,287496,25351990.0,-68000,0,0,62000,0,0,130000,0,0
20250905,2897,王道銀行,9.04,9.05,9.01,9.02,+,0.01,1236445,11151125.0,-114000,6000,40000,329000,7000,40000,443000,1000,0
20250905,1604,聲寶,24.8,24.8,24.6,24.7,-,0.1,132201,3260296.0,-72000,0,4000,8000,0,4000,80000,0,0
20250905,3592,瑞鼎,295.0,295.0,292.0,292.5,-,3.5,140088,41021577.0,-69000,-714,1099,22000,0,2000,91000,714,901
20250905,8112,至上,43.0,43.05,42.35,42.8,-,0.15,1416084,60515526.0,-74000,-15035,19943,635000,0,25691,709000,15035,5748
20250905,6937,天虹,216.5,228.5,216.0,227.5,+,13.5,1459671,326766635.0,-140000,0,70176,305000,0,94528,445000,0,24352
20250905,3024,憶聲,13.4,13.6,13.15,13.5,+,0.25,1913977,25618078.0,-70000,0,0,458000,0,0,528000,0,0
20250905,6670,復盛應用,271.0,271.5,268.0,269.5,-,1.5,295674,79603614.0,-12000,-62197,2000,108000,20000,2000,120000,82197,0
20250905,6605,帝寶,142.5,142.5,141.0,141.5,-,0.5,190539,26989193.0,-76000,0,2102,35000,0,7000,111000,0,4898
20250905,1590,亞德客-KY,799.0,799.0,786.0,787.0,-,6.0,428657,338043824.0,-75636,0,1634,263550,1000,4000,339186,1000,2366
20250905,5434,崇越,285.5,287.0,284.5,285.0,+,1.0,336592,96031414.0,-72000,-4000,1470,199000,0,4000,271000,4000,2530
20250905,3563,牧德,609.0,620.0,601.0,607.0,+,7.0,1356518,827153551.0,-133000,25000,32274,287000,25000,40037,420000,0,7763
20250905,2420,新巨,56.0,56.2,55.1,55.3,-,0.4,213671,11814281.0,-77000,0,1000,45000,0,1000,122000,0,0
20250905,3705,永信,56.9,57.2,56.6,56.8,-,0.1,248077,14089605.0,-79000,0,-60,40000,0,3000,119000,0,3060
20250905,1444,力麗,6.72,6.72,6.65,6.68,-,0.03,415183,2769646.0,-88904,0,9000,59096,0,9000,148000,0,0
20250905,2515,中工,11.8,11.8,11.5,11.7,,0.0,6926294,80449138.0,-277920,-2000,200000,1728080,0,253000,2006000,2000,53000
20250905,8081,致新,231.0,231.0,228.0,229.0,-,1.5,231204,52961750.0,-70000,-9000,-927,70000,0,1000,140000,9000,1927
20250905,2727,王品,225.0,225.0,222.5,223.0,-,2.0,280052,62569249.0,-82100,-1000,-134,47000,0,4000,129100,1000,4134
20250905,4942,嘉彰,37.2,37.4,36.85,37.3,+,0.1,155765,5784160.0,-87000,0,1000,14000,0,2000,101000,0,1000
20250905,2241,艾姆勒,25.75,25.75,25.35,25.45,-,0.35,196961,5024020.0,-86000,0,0,25000,0,0,111000,0,0
20250905,1446,宏和,21.4,21.4,20.65,20.65,-,0.55,297013,6192625.0,-82000,0,-4000,66000,0,0,148000,0,4000
20250905,3673,TPK-KY,39.35,39.55,38.7,39.1,-,0.15,1929757,75397095.0,77999,0,-164048,653000,0,7352,575001,0,171400
20250905,2535,達欣工,60.0,60.5,59.0,59.1,-,0.8,375299,22324220.0,-88000,-2000,3412,63000,0,4000,151000,2000,588
20250905,2108,南帝,24.85,25.1,24.7,25.05,+,0.15,387974,9645192.0,-91000,0,4000,66000,0,4000,157000,0,0
20250905,1733,五鼎,30.85,31.3,30.7,31.0,+,0.25,262840,8132644.0,-87000,0,0,14000,0,0,101000,0,0
20250905,2617,台航,27.6,27.6,27.3,27.4,+,0.1,364363,9971486.0,-93000,1000,3599,79000,1000,4000,172000,0,401
20250905,5515,建國,24.4,24.5,23.85,23.95,-,0.45,279112,6700075.0,-89000,0,0,21000,0,0,110000,0,0
20250905,1440,南紡,13.9,14.0,13.7,13.85,-,0.1,637843,8807443.0,-97000,-1000,7998,203000,0,16000,300000,1000,8002
20250905,4961,天鈺,174.0,174.5,172.0,172.5,-,1.5,269857,46579615.0,-90000,0,-48,34000,0,3000,124000,0,3048
20250905,1342,八貫,92.5,92.9,90.5,90.5,-,1.4,247420,22540086.0,-97000,0,6711,16000,0,7052,113000,0,341
20250905,6873,泓德能源,142.5,143.0,140.0,142.5,+,0.5,559777,79121335.0,-71858,0,-18613,121000,0,4393,192858,0,23006
20250905,3501,維熹,53.0,53.4,52.7,52.9,+,0.1,250946,13284345.0,-91000,0,193,15000,0,1000,106000,0,807
20250905,1718,中纖,6.77,6.83,6.71,6.72,-,0.02,1766388,11909822.0,-108000,0,17000,610000,0,17000,718000,0,0
20250905,5243,乙盛-KY,73.9,74.4,72.8,73.6,+,0.2,1150401,84420677.0,-71005,0,-21266,296000,0,2000,367005,0,23266
20250905,6282,康舒,28.65,28.8,28.25,28.45,-,0.2,1909228,54311890.0,-134000,-1000,41060,685000,0,41060,819000,1000,0
20250905,2062,橋椿,22.4,22.6,22.1,22.35,+,0.15,290293,6471048.0,-91000,-1000,-2000,37000,0,2000,128000,1000,4000
20250905,1229,聯華,48.4,48.55,48.1,48.55,+,0.2,606438,29338885.0,-101707,-7000,14446,96293,0,21000,198000,7000,6554
20250905,6472,保瑞,741.0,743.0,728.0,732.0,-,5.0,672653,493156438.0,-103000,1000,7370,169000,1000,38300,272000,0,30930
20250905,9902,台火,17.0,17.0,16.5,16.55,-,0.25,283497,4710967.0,-51000,0,-44000,27000,0,1000,78000,0,45000
20250905,2488,漢平,49.65,49.8,49.45,49.55,+,0.05,225666,11177819.0,-96000,0,988,13000,0,1000,109000,0,12
20250905,00921,兆豐龍頭等權重,17.68,17.7,17.58,17.62,+,0.03,316030,5573753.0,4000,0,-101970,6000,0,115000,2000,0,216970
20250905,1529,樂事綠能,25.7,25.75,25.2,25.35,-,0.25,239141,6063041.0,-99000,0,1000,42000,0,1000,141000,0,0
20250905,2421,建準,130.0,130.5,128.0,129.0,,0.0,1860856,240134134.0,-116000,24000,-6210,886000,28000,6500,1002000,4000,12710
20250905,6790,永豐實,39.05,39.05,38.55,38.8,-,0.05,248802,9618035.0,-16000,-83000,0,33000,0,0,49000,83000,0
20250905,1723,中碳,83.7,83.7,82.3,83.0,-,0.2,227794,18862814.0,-102000,0,2000,25000,0,2000,127000,0,0
20250905,1712,興農,42.6,42.6,42.4,42.55,-,0.05,208454,8857749.0,-105000,-1000,3853,13000,0,4000,118000,1000,147
20250905,4916,事欣科,63.0,64.3,62.0,63.6,+,0.8,10061864,635941389.0,-96800,0,-7239,2234200,0,1313,2331000,0,8552
20250905,2851,中再保,23.8,23.8,23.65,23.8,,0.0,517005,12265176.0,-50000,0,-55000,141000,0,10000,191000,0,65000
20250905,3049,精金,6.4,6.55,6.37,6.47,+,0.07,878740,5675670.0,-105000,0,-2,163000,0,0,268000,0,2
20250905,1308,亞聚,12.05,12.05,11.8,11.95,-,0.05,761845,9088098.0,-113000,0,7477,273000,0,10000,386000,0,2523
20250905,8114,振樺電,250.0,252.0,248.0,249.0,,0.0,358436,89573629.0,-99745,-7000,1062,148511,0,6000,248256,7000,4938
20250905,1227,佳格,30.4,30.55,30.3,30.45,+,0.1,354907,10785348.0,-114000,0,8000,19000,0,8000,133000,0,0
20250905,1714,和桐,7.85,7.88,7.79,7.81,-,0.02,550730,4302941.0,-107000,0,0,36000,0,0,143000,0,0
20250905,1789,神隆,18.3,18.35,17.95,18.2,+,0.1,403752,7304132.0,-120000,0,11304,58000,0,13000,178000,0,1696
20250905,4571,鈞興-KY,185.0,185.5,180.0,183.0,+,0.5,762270,139135713.0,-96000,0,-13000,128000,0,3000,224000,0,16000
20250905,2106,建大,20.75,20.75,20.4,20.6,+,0.05,340799,6998494.0,-118000,-1000,9853,43000,0,10000,161000,1000,147
20250905,9917,中保科,113.0,113.0,112.0,113.0,+,0.5,279562,31462760.0,-118000,-1000,4000,54000,0,4000,172000,1000,0
20250905,4934,太極,11.25,11.25,10.65,10.7,-,0.35,687349,7414443.0,-116000,0,0,119000,0,0,235000,0,0
20250905,2464,盟立,73.5,74.6,73.0,74.0,+,0.2,3902867,288029802.0,-163000,0,45885,618000,0,49041,781000,0,3156
20250905,4935,茂林-KY,52.8,53.6,50.8,51.1,+,2.1,778564,40537897.0,-117000,0,-1006,70000,0,1044,187000,0,2050
20250905,6192,巨路,113.5,113.5,111.0,111.0,-,2.0,308893,34546022.0,-120000,0,0,30000,0,1000,150000,0,1000
20250905,6414,樺漢,309.5,311.0,307.5,309.5,+,2.0,610500,188465180.0,-137000,-4000,20169,211000,0,36000,348000,4000,15831
20250905,4771,望隼,179.0,180.5,176.0,178.0,-,3.5,297358,52997064.0,-121000,0,0,31000,0,0,152000,0,0
20250905,2395,研華,335.5,342.5,335.0,341.0,+,7.5,1354655,459973967.0,-136924,-14005,28552,518576,0,33000,655500,14005,4448
20250905,3596,智易,231.5,233.0,229.5,229.5,-,2.0,402699,93082484.0,-124472,0,355,115000,0,2082,239472,0,1727
20250905,6944,兆聯實業,556.0,566.0,550.0,556.0,+,6.0,771349,430697922.0,-145880,0,20000,153120,0,20000,299000,0,0
20250905,2723,美食-KY,81.1,81.3,80.2,80.3,-,0.7,284619,22974570.0,-128000,0,1846,81000,0,2010,209000,0,164
20250905,6269,台郡,65.4,66.2,64.8,65.0,,0.0,1305560,85193701.0,-101000,0,-25763,403000,0,8210,504000,0,33973
20250905,3591,艾笛森,18.7,18.8,18.35,18.6,-,0.05,509577,9477730.0,-126000,0,-2155,30000,0,1000,156000,0,3155
20250905,1307,三芳,31.15,31.3,30.85,30.85,-,0.1,512603,15869738.0,-122435,-6690,955,153000,0,4000,275435,6690,3045
20250905,2419,仲琦,24.75,24.85,23.7,23.95,-,0.85,3382202,81571543.0,-132980,0,3692,623020,0,10500,756000,0,6808
20250905,2891,中信金,41.9,42.1,41.75,41.85,-,0.05,15484250,648270203.0,-918478,839137,-50439,8108522,1987000,295000,9027000,1147863,345439
20250905,6806,森崴能源,56.5,56.5,55.5,56.1,-,0.1,927441,51936459.0,-135000,0,4268,295000,0,5000,430000,0,732
20250905,3645,達邁,77.5,79.5,76.3,76.4,-,0.6,10845183,841737015.0,-143000,0,11056,1889000,0,26815,2032000,0,15759
20250905,2453,凌群,60.0,60.0,58.9,59.0,-,0.6,676050,40021606.0,-134000,0,1000,73000,0,1000,207000,0,0
20250905,1709,和益,16.7,16.75,16.6,16.7,+,0.05,256589,4279163.0,-133000,0,0,5000,0,0,138000,0,0
20250905,00714,群益道瓊美國地產,20.04,20.04,20.0,20.0,+,0.09,372482,7451020.0,-1000,0,-133460,0,0,220666,1000,0,354126
20250905,4938,和碩,70.6,70.7,70.0,70.2,+,0.3,3213725,225950975.0,175781,-223000,-88124,2012781,0,32000,1837000,223000,120124
20250905,1589,永冠-KY,21.8,21.8,21.15,21.3,-,0.2,592357,12610340.0,-136000,0,211,80000,0,12000,216000,0,11789
20250905,1460,宏遠,6.15,6.15,6.07,6.14,-,0.02,434150,2653994.0,-137000,0,0,18000,0,0,155000,0,0
20250905,5608,四維航,17.5,17.55,17.05,17.25,-,0.1,1134885,19518777.0,-134214,0,-3000,270000,0,6000,404214,0,9000
20250905,1603,華電,39.55,39.55,38.65,38.8,-,0.65,283045,11030928.0,-138000,0,0,27000,0,0,165000,0,0
20250905,1218,泰山,18.9,18.95,18.75,18.85,-,0.05,331871,6247585.0,-144000,0,5000,24000,0,5000,168000,0,0
20250905,3023,信邦,216.0,218.5,216.0,216.5,+,1.0,647594,140526702.0,-139300,-2000,907,274000,0,2112,413300,2000,1205
20250905,1309,台達化,11.25,11.4,11.15,11.3,,0.0,488121,5492920.0,-145000,0,3255,129000,0,5000,274000,0,1745
20250905,1524,耿鼎,28.8,28.9,28.35,28.55,+,0.1,753312,21499529.0,-143000,0,0,91000,0,0,234000,0,0
20250905,2493,揚博,135.0,137.5,131.0,134.5,+,2.0,1527061,204839938.0,-148444,0,3220,246300,0,16639,394744,0,13419
20250905,1231,聯華食,137.0,137.0,135.5,136.0,-,2.0,248533,33848413.0,-148988,0,2970,9012,0,12000,158000,0,9030
20250905,2485,兆赫,13.15,13.15,12.9,12.9,-,0.05,486325,6301941.0,-148000,0,73,112000,0,2079,260000,0,2006
20250905,4532,瑞智,24.4,24.4,24.1,24.2,,0.0,757456,18365060.0,-148000,-5300,4000,203000,0,4000,351000,5300,0
20250905,9940,信義,25.75,26.0,25.15,25.2,-,0.85,613015,15571402.0,-162000,0,11848,73000,0,12000,235000,0,152
20250905,3416,融程電,191.0,193.5,187.5,191.0,,0.0,1326524,251765551.0,-162480,0,11309,279520,0,22394,442000,0,11085
20250905,1466,聚隆,15.5,16.65,15.45,16.15,+,1.0,1218195,19887402.0,-160000,0,351,154000,0,3351,314000,0,3000
20250905,3543,州巧,30.9,32.8,30.4,32.8,+,2.95,1732495,55888902.0,-167000,0,6982,142000,0,8982,309000,0,2000
20250905,2462,良得電,24.95,24.95,24.2,24.55,-,0.15,348311,8515940.0,-162000,0,630,51000,0,1000,213000,0,370
20250905,3052,夆典,12.05,12.05,11.7,11.75,-,0.2,795153,9385049.0,-151800,0,-10000,100000,0,0,251800,0,10000
20250905,2597,潤弘,158.5,161.5,153.5,153.5,-,2.5,424781,66228906.0,-163000,-4000,3583,53000,0,7000,216000,4000,3417
20250905,5531,鄉林,9.8,9.84,9.57,9.61,-,0.14,785255,7591339.0,-164000,0,0,97000,0,0,261000,0,0
20250905,1536,和大,67.7,68.5,67.2,67.5,+,0.1,2975354,201552815.0,-178000,0,11972,511000,0,57739,689000,0,45767
20250905,2103,台橡,17.05,17.1,16.9,17.0,,0.0,374612,6356535.0,-175000,-2000,9909,33000,0,10000,208000,2000,91
20250905,2404,漢唐,1050.0,1065.0,1025.0,1035.0,,0.0,1985151,2059970795.0,60285,-241290,13772,920134,107000,33564,859849,348290,19792
20250905,6776,展碁國際,56.4,56.5,55.2,55.3,-,1.4,489254,27180748.0,-172639,0,0,40361,0,0,213000,0,0
20250905,9946,三發地產,20.25,20.25,19.1,19.85,+,0.2,759867,14930188.0,-172000,0,-2455,99000,0,3000,271000,0,5455
20250905,3044,健鼎,302.0,304.0,297.0,298.5,+,2.0,3208429,959625778.0,262240,-416880,-20464,2182240,5000,14325,1920000,421880,34789
20250905,8473,山林水,37.4,37.7,36.6,37.4,+,0.05,528199,19638134.0,-186000,0,10000,79000,0,10000,265000,0,0
20250905,1453,大將,14.4,15.2,13.95,14.2,+,0.25,976852,14023674.0,-177000,0,1000,71000,0,2000,248000,0,1000
20250905,00701,國泰股利精選30,27.53,27.53,27.4,27.44,,0.0,1957876,53733932.0,101000,-822000,544330,119000,0,1024000,18000,822000,479670
20250905,1513,中興電,169.5,172.5,165.0,165.5,-,1.0,11599009,1948187535.0,-39256,0,-140614,5184712,0,58985,5223968,0,199599
20250905,4551,智伸科,154.0,156.0,148.5,151.5,-,0.5,1363163,206972355.0,-170998,14000,-23638,399002,173000,5012,570000,159000,28650
20250905,1905,華紙,12.45,12.45,12.15,12.3,-,0.05,1025250,12575844.0,-192000,0,10992,321000,0,11000,513000,0,8
20250905,2228,劍麟,103.5,106.0,100.0,105.0,+,2.0,1817244,187838227.0,-185000,0,1773,361000,0,9000,546000,0,7227
20250905,3025,星通,48.75,48.85,48.0,48.05,-,0.35,622966,30045473.0,-188000,0,4000,35000,0,4000,223000,0,0
20250905,00661,元大日經225,55.15,55.25,55.0,55.2,+,0.6,260031,14338680.0,-2000,0,-182639,0,0,33361,2000,0,216000
20250905,2612,中航,52.8,52.9,51.8,52.0,-,0.5,655390,34193010.0,-133000,0,-54330,182000,0,0,315000,0,54330
20250905,3042,晶技,87.8,87.8,86.9,87.1,,0.0,585494,51055347.0,-195000,-4550,9124,101000,0,9145,296000,4550,21
20250905,6706,惠特,63.3,63.3,61.7,62.7,+,0.5,864141,53982777.0,-193000,0,1492,186000,0,1498,379000,0,6
20250905,1217,愛之味,11.05,11.1,10.95,10.95,-,0.1,476026,5228006.0,-197000,0,5000,21000,0,5000,218000,0,0
20250905,6928,攸泰科技,76.1,76.9,73.6,74.1,-,1.5,1600509,119996750.0,-175000,0,-22092,324000,0,0,499000,0,22092
20250905,1736,喬山,143.0,143.0,139.0,139.5,-,2.0,465639,65279469.0,-200940,0,2750,94060,0,3000,295000,0,250
20250905,3033,威健,28.25,28.35,28.15,28.25,+,0.05,1084523,30643178.0,-212000,-10298,20897,196000,0,21000,408000,10298,103
20250905,1727,中華化,38.0,39.75,37.6,38.9,+,1.4,4192002,162533741.0,-202000,0,-253,645000,0,6000,847000,0,6253
20250905,6768,志強-KY,103.0,103.0,100.5,103.0,+,1.5,860793,87703674.0,-193949,-1330,-8114,237000,0,1000,430949,1330,9114
20250905,1907,永豐餘,25.3,25.3,24.95,25.2,,0.0,448756,11252245.0,-224000,-1000,20000,69000,0,20000,293000,1000,0
20250905,2903,遠百,21.45,21.45,21.2,21.25,-,0.05,929917,19791308.0,-171000,-7000,-27000,258000,0,13000,429000,7000,40000
20250905,00652,富邦印度,35.98,35.98,35.5,35.56,-,0.42,663699,23745395.0,-5000,0,-200461,0,0,262000,5000,0,462461
20250905,1313,聯成,9.9,9.91,9.7,9.78,-,0.11,1384637,13552023.0,-219000,0,13000,392000,0,13000,611000,0,0
20250905,2049,上銀,207.5,209.0,206.0,208.0,+,2.0,1015289,210577190.0,-202940,-1141,-2448,197060,0,18000,400000,1141,20448
20250905,9914,美利達,114.5,115.0,112.5,113.0,-,1.0,524638,59407100.0,-209000,-1000,-1340,180000,0,6000,389000,1000,7340
20250905,3406,玉晶光,452.5,452.5,441.0,444.0,-,2.0,582076,258450398.0,-162000,-4000,-45659,57000,0,39230,219000,4000,84889
20250905,2023,燁輝,15.25,15.25,15.05,15.15,-,0.05,719402,10868200.0,-229000,-1000,18000,77000,0,18000,306000,1000,0
20250905,2905,三商,13.0,13.0,12.8,12.95,,0.0,529335,6807272.0,-224000,0,8951,166000,0,10000,390000,0,1049
20250905,4915,致伸,82.0,82.0,80.6,81.0,-,0.1,1809785,146500505.0,-76000,-147890,-5198,955000,50000,4000,1031000,197890,9198
20250905,2031,新光鋼,44.65,44.65,43.55,43.9,-,0.7,488703,21404658.0,-239000,0,2616,99000,0,3010,338000,0,394
20250905,1464,得力,11.25,11.3,11.1,11.2,,0.0,386432,4323336.0,-240000,0,0,17000,0,0,257000,0,0
20250905,3712,永崴投控,35.0,35.05,34.25,34.6,-,0.25,747676,25777697.0,-237000,-3150,-127,158000,0,5000,395000,3150,5127
20250905,6443,元晶,15.0,15.0,14.7,14.75,-,0.2,1910051,28302193.0,-253000,0,12693,455000,0,15000,708000,0,2307
20250905,6142,友勁,10.95,11.6,10.65,11.15,+,0.4,2058464,23109225.0,-247000,0,6003,185000,0,6003,432000,0,0
20250905,1215,卜蜂,133.0,133.5,132.0,132.0,-,2.0,370916,49140631.0,-188000,0,-53398,19000,0,13000,207000,0,66398
20250905,00910,第一金太空衛星,36.53,36.7,36.53,36.63,+,0.16,666907,24437198.0,-1500,0,-241263,2500,0,16737,4000,0,258000
20250905,6202,盛群,40.7,40.7,39.55,39.85,-,0.6,692137,27636934.0,-255000,0,1790,139000,0,3092,394000,0,1302
20250905,8105,凌巨,13.75,13.75,13.4,13.5,-,0.1,643581,8694084.0,-259000,0,3000,75000,0,3000,334000,0,0
20250905,6838,台新藥,32.25,32.25,31.2,31.35,-,0.85,623413,19725346.0,-259000,0,0,38000,0,0,297000,0,0
20250905,2530,華建,33.15,33.4,32.1,32.65,-,0.35,3387981,116764492.0,-262000,0,0,499000,0,0,761000,0,0
20250905,3701,大眾控,45.85,46.35,45.0,45.05,-,0.6,2488405,113219219.0,-262000,0,-184,372000,0,1000,634000,0,1184
20250905,4576,大銀微系統,122.5,125.0,122.0,123.0,+,1.5,1553065,191859718.0,-264000,0,362,307000,0,24000,571000,0,23638
20250905,2360,致茂,550.0,575.0,546.0,572.0,+,29.0,3247190,1836123147.0,-825246,439668,121397,1335451,441000,138010,2160697,1332,16613
20250905,2615,萬海,82.7,82.7,81.2,82.2,-,0.2,4741513,388907767.0,-395100,62863,61946,2028900,165000,104219,2424000,102137,42273
20250905,2538,基泰,12.2,12.25,11.75,11.8,-,0.45,1168731,14029947.0,-272000,0,-20,194000,0,0,466000,0,20
20250905,8150,南茂,26.35,27.25,26.25,26.95,+,0.4,6067193,162329652.0,-308500,-6000,41891,2020000,0,81000,2328500,6000,39109
20250905,5222,全訊,163.5,163.5,157.0,162.0,+,1.5,2110882,337299739.0,-238000,1000,-35972,343000,1000,11081,581000,0,47053
20250905,2342,茂矽,21.7,22.3,21.25,21.9,+,0.5,1662300,36433729.0,-275000,0,0,508000,0,0,783000,0,0
20250905,8163,達方,36.8,36.8,35.95,36.0,-,0.45,626316,22614717.0,-296957,0,21744,127043,0,25000,424000,0,3256
20250905,4904,遠傳,84.7,84.8,84.1,84.4,-,0.3,1836901,154908044.0,-326802,-22080,69795,797198,9000,77000,1124000,31080,7205
20250905,1304,台聚,10.3,10.3,10.15,10.3,,0.0,1040382,10632753.0,-306000,0,19692,283000,0,27000,589000,0,7308
20250905,4720,德淵,16.1,16.6,16.0,16.1,+,0.1,1409729,22923150.0,-285000,-514,-1000,114000,0,0,399000,514,1000
20250905,1773,勝一,149.5,150.0,146.0,148.0,+,0.5,1107495,163431632.0,-303000,0,9302,237000,0,11000,540000,0,1698
20250905,1795,美時,195.5,195.5,191.5,192.5,-,2.0,852900,164082337.0,-265280,0,-31911,86000,0,25000,351280,0,56911
20250905,4536,拓凱,192.0,192.0,186.0,188.5,-,4.5,555725,104551865.0,-325000,0,9901,42000,0,21000,367000,0,11099
20250905,3034,聯詠,441.5,441.5,437.0,438.5,+,0.5,1128277,495468469.0,-285085,-75334,42654,390212,1000,65000,675297,76334,22346
20250905,1806,冠軍,10.1,10.1,9.85,9.9,-,0.1,527663,5237492.0,-331000,0,3000,16000,0,3000,347000,0,0
20250905,00757,統一FANG+,114.25,114.45,114.15,114.25,+,1.35,2761319,315696880.0,-22782,0,-307282,1698,0,670718,24480,0,978000
20250905,1722,台肥,51.0,51.1,50.7,50.7,-,0.3,697216,35429351.0,-338000,-3000,10495,44000,0,17000,382000,3000,6505
20250905,2385,群光,139.5,139.5,137.5,137.5,-,0.5,1698140,234316294.0,-194000,-145640,7866,762000,0,20000,956000,145640,12134
20250905,3545,敦泰,67.7,68.0,67.1,67.7,+,0.1,1294053,87397578.0,-359800,-2000,28205,217200,0,37065,577000,2000,8860
20250905,6442,光聖,985.0,1010.0,933.0,934.0,-,26.0,8363648,8102085192.0,-167937,-142000,-29355,2019337,63000,164084,2187274,205000,193439
20250905,3714,富采,38.25,38.3,37.35,37.5,-,0.35,1342534,50526663.0,-326000,-1690,-13000,271000,0,15000,597000,1690,28000
20250905,6278,台表科,106.5,107.5,104.5,105.0,-,1.0,1253364,131987394.0,-380000,48550,-9423,196000,50000,7000,576000,1450,16423
20250905,6885,全福生技,35.65,35.65,33.7,33.75,-,1.6,1152915,39557611.0,-340000,0,-1000,118000,0,1000,458000,0,2000
20250905,6962,奕力-KY,43.2,44.3,42.8,44.05,+,1.0,4413295,192761276.0,-350000,0,5633,1717000,0,7633,2067000,0,2000
20250905,8222,寶一,55.7,56.0,54.6,54.9,-,1.1,3623832,199556820.0,-350000,0,0,607000,0,0,957000,0,0
20250905,1514,亞力,108.5,109.5,106.0,106.5,-,1.0,1242146,132997823.0,-349694,0,-3646,267048,0,14000,616742,0,17646
20250905,6271,同欣電,115.5,116.0,112.5,113.5,-,0.5,1293723,147269611.0,-359000,16000,-19058,308000,16000,15000,667000,0,34058
20250905,2426,鼎元,18.3,18.3,17.75,17.75,-,0.65,875828,15692937.0,-366000,0,3000,51000,0,3000,417000,0,0
20250905,8996,高力,331.0,338.5,328.5,335.0,+,6.5,2627998,877944411.0,-424000,104000,-46247,694000,110000,25636,1118000,6000,71883
20250905,2010,春源,20.35,20.4,20.15,20.25,,0.0,791014,16022055.0,-377000,0,6237,96000,0,7000,473000,0,763
20250905,2104,國際中橡,11.05,11.15,10.9,11.0,-,0.05,861333,9440622.0,-381000,0,9984,132000,0,10000,513000,0,16
20250905,2915,潤泰全,54.9,54.9,53.9,54.0,-,0.5,972197,52730038.0,-362000,-8000,-4500,137000,0,19565,499000,8000,24065
20250905,1710,東聯,12.3,12.3,12.05,12.1,-,0.1,888030,10754799.0,-390000,0,6800,110000,0,13000,500000,0,6200
20250905,2603,長榮,186.5,187.0,185.0,186.5,+,1.5,5192803,966982213.0,-156305,-108022,-121401,2209742,0,48804,2366047,108022,170205
20250905,4968,立積,150.0,152.0,147.0,149.5,-,0.5,2692434,401005535.0,-400000,0,8496,558000,0,32093,958000,0,23597
20250905,2340,台亞,23.5,23.8,22.85,22.85,-,0.6,2270529,52621748.0,-376000,0,-16206,437000,0,51351,813000,0,67557
20250905,1708,東鹼,31.7,31.8,31.35,31.4,-,0.3,791384,24893967.0,-396000,0,2422,135000,0,3000,531000,0,578
20250905,9938,百和,54.5,54.5,53.3,53.7,-,0.5,739761,39806536.0,-403000,0,2950,78000,0,4000,481000,0,1050
20250905,2889,國票金,15.2,15.3,15.15,15.15,,0.0,1457358,22152244.0,-461000,8000,44000,487000,13000,47000,948000,5000,3000
20250905,3653,健策,2445.0,2495.0,2385.0,2410.0,-,25.0,2854076,6936966195.0,-454655,30713,11655,645849,235000,133774,1100504,204287,122119
20250905,2497,怡利電,52.1,52.5,49.6,49.6,-,1.8,2618350,133293529.0,-425000,0,1578,604000,0,8000,1029000,0,6422
20250905,5607,遠雄港,52.5,52.5,51.2,52.0,-,0.1,854289,44104036.0,-483200,0,57879,62000,0,58000,545200,0,121
20250905,2528,皇普,31.2,31.55,30.4,30.75,-,0.15,1951740,60582967.0,-429000,0,430,514000,0,1000,943000,0,570
20250905,6541,泰福-KY,52.5,52.8,51.1,51.4,-,1.1,892834,46078044.0,-423677,0,-9000,84323,0,0,508000,0,9000
20250905,3189,景碩,104.5,105.0,102.5,103.0,,0.0,3590793,371988599.0,-465940,-1000,24142,1124570,0,36925,1590510,1000,12783
20250905,2516,新建,15.1,15.1,14.2,14.3,-,0.7,834811,12022891.0,-445000,0,0,12000,0,0,457000,0,0
20250905,2233,宇隆,234.0,243.0,232.0,235.5,+,6.0,2397358,570226682.0,-477000,0,30406,514000,0,54988,991000,0,24582
20250905,9934,成霖,10.65,10.7,10.4,10.55,-,0.05,1595050,16872023.0,-450000,0,979,257000,0,1000,707000,0,21
20250905,2359,所羅門,145.0,146.5,144.0,145.5,+,1.5,2363434,342849201.0,-449700,0,-4627,283800,0,19000,733500,0,23627
20250905,2481,強茂,71.3,73.0,69.3,72.9,+,3.2,29348410,2092124906.0,365959,-1188000,366777,6238000,13000,965365,5872041,1201000,598588
20250905,1786,科妍,90.1,90.1,87.7,89.2,-,0.5,899806,79602142.0,-501000,0,18480,54000,0,30000,555000,0,11520
20250905,1312,國喬,9.66,9.68,9.55,9.61,-,0.03,1177727,11316987.0,-500000,0,11587,149000,0,12639,649000,0,1052
20250905,2034,允強,20.05,20.05,19.8,19.8,-,0.15,979323,19460994.0,-504000,0,4119,187000,0,8000,691000,0,3881
20250905,2458,義隆,135.0,135.0,130.5,133.5,-,1.0,2670585,353364692.0,-656600,168032,-27951,575000,200000,3130,1231600,31968,31081
20250905,2637,慧洋-KY,60.1,60.1,57.9,58.4,-,0.6,2521721,147575404.0,-478000,-14000,-24707,708000,0,19449,1186000,14000,44156
20250905,4306,炎洲,14.7,14.7,14.4,14.55,-,0.05,1239756,17959333.0,-527000,0,-1000,61000,0,0,588000,0,1000
20250905,00752,中信中國50,25.15,25.3,25.15,25.3,+,0.15,3213294,81096148.0,7000,0,-540845,40000,0,1292092,33000,0,1832937
20250905,2539,櫻花建,54.7,55.1,51.6,51.8,-,1.3,3265851,173254902.0,-531816,0,-6914,787580,0,6000,1319396,0,12914
20250905,3004,豐達科,140.0,140.5,136.0,137.5,-,1.5,3168841,436965419.0,-603817,50000,13607,632183,50000,47521,1236000,0,33914
20250905,8261,富鼎,92.0,92.7,89.3,91.8,+,0.8,2122515,193992908.0,-516000,0,-24264,331000,0,3150,847000,0,27414
20250905,2605,新興,22.8,22.8,22.45,22.55,-,0.15,1032430,23315629.0,-537000,0,-15524,94000,0,11000,631000,0,26524
20250905,2377,微星,131.5,131.5,129.5,129.5,,0.0,2195320,285294051.0,-513764,10000,-55887,734236,20000,35000,1248000,10000,90887
20250905,3045,台灣大,106.5,107.0,106.0,106.0,-,0.5,3146225,334170968.0,-647976,-10775,86060,720024,10000,108259,1368000,20775,22199
20250905,00895,富邦未來車,32.99,33.03,32.93,32.97,+,0.03,1174241,38730357.0,19,0,-573961,19,0,259000,0,0,832961
20250905,2365,昆盈,46.6,48.5,46.6,47.0,+,0.85,11107355,526850831.0,-557000,0,-18415,2211000,0,14414,2768000,0,32829
20250905,8110,華東,13.7,14.35,13.6,14.25,+,0.55,5715253,80532244.0,-580000,0,3999,1166000,0,4000,1746000,0,1
20250905,6285,啟碁,124.0,124.0,121.5,122.0,-,1.0,1489730,182038283.0,-132950,-466000,22660,350050,16000,32000,483000,482000,9340
20250905,2537,聯上發,12.0,12.3,11.5,11.65,,0.0,10992758,129903961.0,-573000,0,-4055,2326000,0,4000,2899000,0,8055
20250905,6168,宏齊,22.3,22.7,21.8,21.9,-,0.25,3607339,80190548.0,-456000,0,-126000,500000,0,4000,956000,0,130000
20250905,1102,亞泥,36.6,36.8,36.35,36.4,,0.0,3977162,144976287.0,-84700,-532031,28440,2206300,10000,49000,2291000,542031,20560
20250905,2607,榮運,35.2,35.25,34.85,35.0,-,0.05,1403102,49076756.0,-590000,-1000,0,264000,0,0,854000,1000,0
20250905,2474,可成,189.5,190.5,187.5,187.5,-,0.5,1441650,271893574.0,-542836,-44786,-12317,520864,101000,14000,1063700,145786,26317
20250905,1216,統一,78.2,78.5,78.1,78.1,,0.0,4947791,387317513.0,-554362,-136000,89632,2221638,18000,152515,2776000,154000,62883
20250905,4414,如興,14.0,14.0,12.75,12.85,+,0.1,6802138,92253911.0,-293317,0,-328384,308683,0,288000,602000,0,616384
20250905,1210,大成,53.6,53.6,53.1,53.1,-,0.4,1028282,54694479.0,-625906,-4000,7948,67094,0,20000,693000,4000,12052
20250905,3257,虹冠電,70.2,73.5,68.5,73.5,+,5.3,12260731,875798457.0,-729880,67000,-2000,1662120,67000,25000,2392000,0,27000
20250905,2009,第一銅,35.2,35.2,33.85,34.75,-,0.4,1996200,68622404.0,-668000,0,1099,347000,0,4100,1015000,0,3001
20250905,2439,美律,103.5,103.5,102.0,102.0,-,0.5,1547099,158809322.0,-244000,-424456,953,558000,0,2000,802000,424456,1047
20250905,2367,燿華,28.55,28.7,28.15,28.2,-,0.05,5136436,145461152.0,-683391,0,9549,1165000,0,19000,1848391,0,9451
20250905,1519,華城,634.0,635.0,617.0,622.0,-,7.0,2777302,1731415193.0,-698927,87000,-82851,341663,87000,37942,1040590,0,120793
20250905,3481,群創,13.7,13.7,13.35,13.5,,0.0,35874636,484053246.0,-938395,-40000,281684,13720605,0,487516,14659000,40000,205832
20250905,6446,藥華藥,525.0,525.0,507.0,510.0,-,9.0,1689970,865334344.0,-678025,-2000,-21505,272000,0,40574,950025,2000,62079
20250905,2547,日勝生,11.6,11.8,11.3,11.3,-,0.2,2355501,26983031.0,-701843,-1000,-3,500000,0,0,1201843,1000,3
20250905,3703,欣陸,24.5,24.5,23.6,23.7,-,0.7,1446356,34447233.0,-722000,0,693,74000,0,17000,796000,0,16307
20250905,1618,合機,47.75,47.75,46.45,46.8,-,0.7,1682970,78733552.0,-745000,0,-3892,82000,0,2000,827000,0,5892
20250905,6153,嘉聯益,14.6,14.75,14.2,14.2,-,0.25,3765648,54331069.0,-766000,0,7656,905000,0,20090,1671000,0,12434
20250905,2913,農林,15.0,15.0,14.7,14.7,-,0.3,1359881,20128757.0,-781000,0,10085,109000,0,17000,890000,0,6915
20250905,8404,百和興業-KY,24.3,25.7,24.2,25.3,+,1.1,4273606,106283495.0,-775000,0,-8000,677000,0,8000,1452000,0,16000
20250905,2105,正新,38.5,38.6,37.8,38.1,-,0.3,2667224,101427452.0,-580529,-206000,636,1362471,0,42001,1943000,206000,41365
20250905,3380,明泰,28.95,29.15,28.2,28.55,-,0.3,2315317,66063769.0,-783212,-3000,-2319,327000,0,30514,1110212,3000,32833
20250905,00924,復華S&P500成長,26.72,26.75,26.68,26.72,+,0.25,3056119,81667120.0,179366,0,-973810,208366,0,490999,29000,0,1464809
20250905,2383,台光電,1155.0,1165.0,1130.0,1165.0,+,50.0,6042014,6951336705.0,-869491,-13500,86155,3008099,207000,157987,3877590,220500,71832
20250905,8104,錸寶,44.15,45.5,43.35,45.0,+,1.15,5717443,255349039.0,-855000,0,-109,1021000,0,1000,1876000,0,1109
20250905,1909,榮成,10.25,10.35,10.05,10.25,-,0.05,2334257,23754610.0,-22000,0,-848000,674000,0,14000,696000,0,862000
20250905,2348,海悅,107.0,107.0,101.5,103.5,+,5.9,12038910,1264339662.0,-950373,0,79023,2006127,0,111450,2956500,0,32427
20250905,6176,瑞儀,143.0,143.0,140.0,140.5,-,1.5,1407714,198191353.0,-718000,-171067,-15418,127000,2000,15000,845000,173067,30418
20250905,2006,東和鋼鐵,62.0,62.0,61.1,61.1,-,0.7,1323707,81181692.0,-947950,-10000,8089,167050,0,18000,1115000,10000,9911
20250905,1503,士電,195.0,197.5,189.0,190.0,-,3.0,3427130,656990132.0,-488942,-265000,-196395,742472,0,92000,1231414,265000,288395
20250905,2812,台中銀,21.75,21.9,21.6,21.75,+,0.05,3248882,70528922.0,-1043000,18000,74000,865000,19000,74000,1908000,1000,0
20250905,5521,工信,14.05,14.1,13.5,13.6,-,0.35,4327075,59079171.0,-959000,0,6999,726000,0,7000,1685000,0,1
20250905,3702,大聯大,65.9,65.9,64.8,64.9,-,0.7,1955373,127178391.0,-831333,-176026,6832,736667,0,39000,1568000,176026,32168
20250905,5871,中租-KY,118.0,118.0,116.0,116.5,-,0.5,2878236,335725484.0,-840947,-160000,80,855373,0,41000,1696320,160000,40920
20250905,00712,復華富時不動產,9.31,9.35,9.31,9.35,+,0.15,23207166,216632880.0,-114000,0,-888295,690000,0,2222999,804000,0,3111294
20250905,3037,欣興,136.0,137.5,133.0,134.0,+,0.5,16038706,2165387955.0,-796373,-35000,-180834,5168030,0,157373,5964403,35000,338207
20250905,3708,上緯投控,117.5,118.5,114.5,115.0,-,1.0,2971619,345413086.0,-1030500,0,9797,464500,0,41000,1495000,0,31203
20250905,2412,中華電,135.0,135.5,134.0,134.5,-,0.5,4359568,586308660.0,-1071433,-34329,81357,1489577,20000,141000,2561010,54329,59643
20250905,2545,皇翔,46.25,46.3,42.7,43.05,-,1.25,7571568,333364023.0,-1049219,0,-5530,1272781,0,19000,2322000,0,24530
20250905,5469,瀚宇博,82.2,83.2,80.2,80.2,-,1.3,6266132,510052394.0,-1137200,5000,19982,1341000,5000,28082,2478200,0,8100
20250905,6919,康霈*,245.0,264.5,245.0,255.0,+,11.0,47159347,12013809425.0,-1208360,-1000,96260,14182132,0,228369,15390492,1000,132109
20250905,1612,宏泰,36.8,37.15,36.2,36.2,-,1.15,2680890,97681164.0,-1115000,0,1426,372000,0,9054,1487000,0,7628
20250905,6505,台塑化,39.75,39.8,39.0,39.45,-,0.15,4372408,171759033.0,-1022000,-33000,-74244,1203000,0,122000,2225000,33000,196244
20250905,1810,和成,23.2,23.25,22.0,22.15,-,1.05,10052433,224830776.0,-1150000,0,1796,2322000,0,12000,3472000,0,10204
20250905,3694,海華,90.7,92.0,84.1,84.5,-,5.5,11046812,959348973.0,-1105000,0,-54060,2291000,0,37048,3396000,0,91108
20250905,2867,三商壽,6.21,6.21,6.13,6.14,-,0.02,8473764,52222166.0,-1114000,0,-60000,968000,0,0,2082000,0,60000
20250905,6191,精成科,139.5,143.0,133.0,135.0,-,1.5,47989980,6625538698.0,-2170995,361000,622861,10325005,877000,1243711,12496000,516000,620850
20250905,2355,敬鵬,37.8,38.0,37.15,37.4,-,0.2,6112544,229127832.0,-1171000,-4580,-13236,1276000,0,79509,2447000,4580,92745
20250905,2606,裕民,55.5,55.6,54.4,54.6,-,0.6,3245504,177401423.0,-841233,-377540,11087,876000,0,85000,1717233,377540,73913
20250905,2379,瑞昱,540.0,541.0,532.0,539.0,+,7.0,2527246,1360486487.0,-1262575,-63024,8346,584290,0,19500,1846865,63024,11154
20250905,5876,上海商銀,41.3,41.65,41.2,41.3,,0.0,2757114,114059956.0,-389922,-860098,-75008,1108078,15000,42000,1498000,875098,117008
20250905,2368,金像電,450.0,453.0,439.0,439.0,+,2.5,7819841,3472377187.0,-1574540,312000,-66356,2650460,762000,73685,4225000,450000,140041
20250905,2630,亞航,70.0,70.9,66.4,67.8,-,1.6,15074367,1034584055.0,-1405000,0,36242,2505000,0,243755,3910000,0,207513
20250905,2540,愛山林,85.8,89.8,79.1,80.4,-,3.2,9646390,808142905.0,-1373916,0,-5895,2040384,0,32110,3414300,0,38005
20250905,2328,廣宇,54.8,55.2,54.0,54.5,+,0.1,13022688,711488076.0,-1527000,0,128349,2758000,0,358850,4285000,0,230501
20250905,2609,陽明,58.4,58.4,57.5,57.9,-,0.1,8687524,502465954.0,-1552947,-80000,233562,3416053,0,308000,4969000,80000,74438
20250905,2801,彰銀,19.45,19.55,19.4,19.45,+,0.05,10997472,214113119.0,-1450182,19439,28777,3641852,39000,106000,5092034,19561,77223
20250905,3036,文曄,127.0,127.0,123.5,123.5,-,2.5,2438815,303579384.0,-1257000,-128000,-24621,309000,0,27947,1566000,128000,52568
20250905,2442,新美齊,30.0,30.0,27.8,27.8,-,2.2,5397674,153418541.0,-1045009,0,-378416,575000,0,28000,1620009,0,406416
20250905,2382,廣達,258.5,259.5,256.5,258.5,+,1.5,7876262,2034465407.0,-1282391,-303638,137196,3948609,0,200998,5231000,303638,63802
20250905,1616,億泰,40.0,40.5,38.55,38.95,-,0.75,6719634,263463764.0,-1240950,0,-213282,1094200,0,0,2335150,0,213282
20250905,2504,國產,38.1,38.35,37.05,37.05,-,0.8,2767040,103835739.0,-1430000,-42450,16618,381000,0,17570,1811000,42450,952
20250905,2834,臺企銀,15.3,15.35,15.2,15.3,,0.0,8322346,126978891.0,-1601809,-4000,126370,2042191,33000,152000,3644000,37000,25630
20250905,00909,國泰數位支付服務,36.71,36.71,36.6,36.66,-,0.39,3208151,117526026.0,-583450,0,-916249,1100,0,180000,584550,0,1096249
20250905,2347,聯強,60.2,60.2,59.6,59.6,-,0.1,3036126,181393455.0,-1344400,-197950,11079,762000,6000,39000,2106400,203950,27921
20250905,2501,國建,23.8,23.9,22.15,22.4,-,0.6,14813998,339600274.0,-1650816,-1000,22223,3053184,0,83000,4704000,1000,60777
20250905,3047,訊舟,22.0,23.2,21.7,21.8,,0.0,8923694,199194835.0,-1636000,0,0,1183000,0,0,2819000,0,0
20250905,2646,星宇航空,24.95,24.95,24.75,24.9,-,0.05,4446507,110425911.0,-1668900,0,32788,767100,0,36000,2436000,0,3212
20250905,1608,華榮,30.9,31.05,29.9,31.0,-,0.05,11168805,340353053.0,-1927310,0,287396,1149000,0,320746,3076310,0,33350
20250905,9105,泰金寶-DR,5.95,5.95,5.87,5.9,-,0.02,7425719,43727521.0,-1690000,0,-4159,232000,0,0,1922000,0,4159
20250905,6197,佳必琪,182.5,188.0,174.5,176.0,-,2.5,10387796,1874718984.0,-1507369,0,-188916,1651731,0,73483,3159100,0,262399
20250905,1711,永光,18.25,19.0,18.05,18.65,+,0.6,10108005,189337625.0,-1908000,0,105133,1716000,0,126164,3624000,0,21031
20250905,1326,台化,29.15,29.3,28.5,28.55,-,0.45,6810279,195362836.0,-1899429,-2000,57071,1759571,0,117000,3659000,2000,59929
20250905,8028,昇陽半導體,176.5,177.5,170.0,176.0,+,3.5,20357047,3550200664.0,-1090347,-840000,33717,4296901,60000,379689,5387248,900000,345972
20250905,3605,宏致,77.1,77.3,75.0,75.0,-,1.2,9492070,720987251.0,-1892000,0,-129222,1322000,0,11975,3214000,0,141197
20250905,00646,元大S&P500,62.35,62.55,62.3,62.4,+,0.5,4098483,255768714.0,-81380,0,-1952747,19620,0,462000,101000,0,2414747
20250905,2014,中鴻,16.0,16.0,15.55,15.8,-,0.15,4804031,75564747.0,-1447000,-1000,-626075,345000,0,15000,1792000,1000,641075
20250905,9945,潤泰新,32.0,32.1,31.1,31.2,-,0.75,11153192,350446994.0,-1895000,-1000,-270729,2595000,0,225892,4490000,1000,496621
20250905,2887,台新新光金,17.2,17.25,16.9,17.1,-,0.15,63066547,1075132435.0,-1594500,-680501,69565,29542500,51000,778000,31137000,731501,708435
20250905,4763,材料*-KY,72.6,72.8,71.3,71.4,-,0.8,8282363,593995057.0,-2162000,-60000,-56920,651000,0,67000,2813000,60000,123920
20250905,2393,億光,67.0,67.1,63.1,63.4,-,3.6,3866126,250615050.0,-1182000,-1051625,-103632,480000,0,38000,1662000,1051625,141632
20250905,3017,奇鋐,950.0,952.0,924.0,944.0,+,9.0,9202548,8635050234.0,-2114352,-449000,87381,2020181,40000,269300,4134533,489000,181919
20250905,8046,南電,188.0,191.0,185.0,187.5,+,2.0,12982390,2435951622.0,-2203128,-698000,380516,3568162,500000,559098,5771290,1198000,178582
20250905,2543,皇昌,78.1,78.2,74.8,75.1,-,2.8,7346429,557905661.0,-1953790,0,-568154,664210,0,57033,2618000,0,625187
20250905,2610,華航,21.8,21.85,21.55,21.65,-,0.05,10818686,234349546.0,-2715280,-126291,311679,4153220,0,476000,6868500,126291,164321
20250905,4919,新唐,63.5,63.7,61.2,61.5,-,1.0,6996458,436438311.0,-2498000,-1000,-95478,616000,0,49127,3114000,1000,144605
20250905,2409,友達,12.4,12.5,12.25,12.3,,0.0,30941664,382610971.0,-2798000,-37240,116635,11237000,0,215635,14035000,37240,99000
20250905,9907,統一實,18.5,18.55,18.0,18.1,-,0.4,5007509,90776178.0,171928,-2908000,14627,1875928,0,19000,1704000,2908000,4373
20250905,3704,合勤控,37.1,37.4,35.0,36.9,+,1.1,29783756,1076629508.0,-2828911,0,101643,4761109,0,312000,7590020,0,210357
20250905,2892,第一金,29.35,29.4,29.05,29.2,-,0.15,8357037,243991902.0,-3124853,-93455,188426,3027147,52000,217000,6152000,145455,28574
20250905,2353,宏碁,35.6,35.6,33.25,33.4,+,0.95,111309517,3790055163.0,-2152581,-259200,-819327,21617419,0,447404,23770000,259200,1266731
20250905,2618,長榮航,39.75,39.8,39.4,39.55,-,0.1,13127880,519017290.0,-3840563,730704,-164359,4186437,1000000,125000,8027000,269296,289359
20250905,2845,遠東銀,12.55,12.6,12.5,12.5,-,0.05,7709913,96617343.0,-3679000,-8000,391594,169000,0,457000,3848000,8000,65406
20250905,1303,南亞,39.3,39.3,38.2,38.45,-,0.45,44176048,1700499094.0,-4027918,-76000,803045,15987208,0,1390730,20015126,76000,587685
20250905,2427,三商電,29.6,29.8,29.15,29.15,+,0.5,13101628,385178646.0,-3334000,0,0,793000,0,0,4127000,0,0
20250905,2324,仁寶,28.0,28.15,27.85,28.1,+,0.4,12852420,360173787.0,-2680799,-345452,-321163,3426390,0,59000,6107189,345452,380163
20250905,1301,台塑,38.25,38.7,37.4,37.8,-,0.45,15253376,578223749.0,-3581785,-47000,143546,3256164,0,831000,6837949,47000,687454
20250905,2337,旺宏,20.0,20.8,19.95,20.45,+,0.55,22452455,460621646.0,-4271383,-1000,752418,4373000,0,928241,8644383,1000,175823
20250905,1402,遠東新,27.85,27.85,27.45,27.45,-,0.3,5886578,162271274.0,-3564998,-113088,62873,1478003,0,77000,5043001,113088,14127
20250905,3706,神達,84.2,85.5,83.3,84.0,+,0.5,26535162,2235537742.0,-2428029,-942000,-258483,4608361,4000,445448,7036390,946000,703931
20250905,2371,大同,39.7,39.7,38.6,38.75,-,0.75,10427371,405796261.0,-4280000,298000,-75483,1538000,300000,40207,5818000,2000,115690
20250905,1609,大亞,42.85,43.0,41.7,42.0,-,1.85,21196974,896001203.0,-4809544,0,-182200,2273276,0,152974,7082820,0,335174
20250905,3715,定穎投控,94.8,97.0,92.0,92.3,-,0.1,27654572,2596731008.0,-5201000,-111000,31638,4271000,0,271325,9472000,111000,239687
20250905,6213,聯茂,128.5,131.5,121.5,121.5,-,0.5,32081968,4020916553.0,-6255000,165000,-73337,4229000,367000,502031,10484000,202000,575368
20250905,2354,鴻準,70.3,70.6,68.5,68.7,-,1.0,13902652,959406479.0,-7160141,-6000,-428183,1409200,0,125000,8569341,6000,553183
20250905,2634,漢翔,65.9,66.0,64.0,64.8,-,0.1,65805907,4270411003.0,-8818016,79000,117552,10960100,79000,1398097,19778116,0,1280545
20250905,2303,聯電,41.85,41.9,41.05,41.2,-,0.8,36623180,1512186733.0,-7714320,-109720,-862835,7225780,1000000,289000,14940100,1109720,1151835
20250905,2027,大成鋼,38.45,38.6,37.25,37.5,-,0.75,26111355,982063765.0,2545349,-11691000,-723659,6016000,7000,1150092,3470651,11698000,1873751
20250905,1802,台玻,28.35,29.4,26.3,27.65,,0.0,133740522,3708608703.0,-10001062,-1157000,-1156690,30066938,0,4203034,40068000,1157000,5359724
20250905,1605,華新,22.85,23.5,22.35,23.3,-,0.6,71665879,1639389235.0,-15412421,-2000,394566,12378151,0,2331300,27790572,2000,1936734
20250905,2883,凱基金,15.35,15.45,15.2,15.25,-,0.05,32345700,494267822.0,-15406739,-690315,73008,8697261,0,144000,24104000,690315,70992
20250905,2002,中鋼,19.9,20.0,19.5,19.55,-,0.3,34348117,673903658.0,-18086911,-75068,-411606,5668089,49000,553000,23755000,124068,964606
20250905,00919,群益台灣精選高息,21.6,21.6,21.47,21.5,+,0.03,61445481,1321479433.0,4361353,0,-28894033,5332724,0,4515385,971371,0,33409418
