tradeDate,stockCode,stockName,openPrice,highPrice,lowPrice,closePrice,changeSign,change,totalShares,totalAmount,foreignNetShares,investmentNetShares,dealerNetShares,foreignBuyShares,investmentBuyShares,dealerBuyShares,foreignSellShares,investmentSellShares,dealerSellShares
20251201,2887,台新新光金,18.1,18.5,18.1,18.35,+,0.3,65276984,1197575425.0,31396345,-773000,-816684,50599427,28000,953316,19203082,801000,1770000
20251201,2303,聯電,45.8,46.6,45.8,46.5,+,0.7,40233494,1864929455.0,21727452,-64000,455098,30268460,2370000,1260098,8541008,2434000,805000
20251201,3037,欣興,190.0,201.0,190.0,197.0,+,10.5,71599696,14128614878.0,15400982,1718000,1022783,33732646,3329000,1984883,18331664,1611000,962100
20251201,00878,國泰永續高股息,20.83,20.98,20.83,20.86,+,0.03,34952016,730954048.0,920156,0,13485418,2341988,0,17595992,1421832,0,4110574
20251201,2027,大成鋼,37.15,38.5,37.15,38.4,+,1.3,27780579,1061872430.0,15260610,0,-963169,21086088,0,772941,5825478,0,1736110
20251201,00712,復華富時不動產,9.26,9.29,9.25,9.25,,0.0,21727923,201320400.0,8557000,0,3241657,8766000,0,3398999,209000,0,157342
20251201,2867,三商壽,7.26,7.28,7.25,7.27,+,0.01,12815279,93158146.0,6922483,0,2588000,7461729,0,2588000,539246,0,0
20251201,2002,中鋼,18.25,18.8,18.25,18.6,+,0.35,34932825,649755177.0,7622778,14000,640597,18479902,15000,1018487,10857124,1000,377890
20251201,2882,國泰金,64.1,65.2,64.1,64.8,+,0.6,22489125,1458832168.0,7523616,247000,1832,19369145,538000,372747,11845529,291000,370915
20251201,2884,玉山金,30.5,30.7,30.4,30.55,+,0.2,27041966,825918966.0,8031670,-255000,-704763,21909526,20000,196170,13877856,275000,900933
20251201,2637,慧洋-KY,66.6,70.5,66.3,68.9,+,3.3,15100799,1041933168.0,5775000,-243000,527607,8075000,0,607381,2300000,243000,79774
20251201,3481,群創,13.5,13.8,13.5,13.6,+,0.05,48391046,659597035.0,6006772,630000,-675814,34151972,630000,115703,28145200,0,791517
20251201,2382,廣達,283.0,288.0,282.0,287.0,+,5.0,17764157,5080885578.0,5318864,320000,298335,12946331,389000,413413,7627467,69000,115078
20251201,2454,聯發科,1420.0,1450.0,1400.0,1445.0,+,50.0,20715349,29651936810.0,3201189,1929900,376717,11564533,1977900,1202926,8363344,48000,826209
20251201,2408,南亞科,147.0,152.0,144.0,149.5,+,3.5,97816970,14504940820.0,3128803,1570000,564598,27732739,2260000,2170736,24603936,690000,1606138
20251201,3711,日月光投控,227.0,230.0,223.0,224.5,-,5.0,28174890,6373952083.0,3252873,1334000,417303,15998539,1716000,630206,12745666,382000,212903
20251201,1402,遠東新,28.1,28.6,28.1,28.6,+,0.4,8292209,235953807.0,3429511,828000,-105000,5799511,828000,41000,2370000,0,146000
20251201,00885,富邦越南,16.95,17.25,16.95,17.08,+,0.13,8984155,153752960.0,910510,0,2739540,2198510,0,4376714,1288000,0,1637174
20251201,2356,英業達,43.5,45.2,43.35,44.05,+,0.45,24521739,1090948382.0,2828620,37000,690151,9435987,150000,809558,6607367,113000,119407
20251201,1304,台聚,11.0,11.35,10.95,11.15,+,0.2,6620171,74172143.0,3476475,0,77348,4354075,0,94348,877600,0,17000
20251201,1312,國喬,11.2,11.85,11.2,11.65,+,0.55,12940609,149940094.0,2176000,0,1363385,4906000,0,1455601,2730000,0,92216
20251201,00881,國泰台灣科技龍頭,31.13,31.2,30.92,30.96,-,0.28,12250116,380186079.0,211000,0,3253618,1456000,0,5558502,1245000,0,2304884
20251201,00882,中信中國高股息,15.33,15.44,15.28,15.34,+,0.02,7392779,113563668.0,626217,0,2785206,778217,0,3885922,152000,0,1100716
20251201,9904,寶成,30.55,31.2,30.55,31.1,+,0.5,14405811,446356862.0,3660000,-255000,-173172,7958000,0,174828,4298000,255000,348000
20251201,2308,台達電,936.0,978.0,932.0,973.0,+,41.0,17532398,16856373921.0,561713,230000,2215422,7518412,490000,2412936,6956699,260000,197514
20251201,1301,台塑,41.65,42.6,41.65,41.9,+,0.25,23016544,967953577.0,3141220,162000,-389298,11266220,162000,559813,8125000,0,949111
20251201,2006,東和鋼鐵,67.6,70.6,67.6,70.5,+,2.3,4538631,316762499.0,2619000,72000,51002,3757000,72000,82002,1138000,0,31000
20251201,2889,國票金,16.75,17.1,16.75,17.0,+,0.25,13488204,229202206.0,2483000,0,225113,7217000,0,268113,4734000,0,43000
20251201,2834,臺企銀,15.8,15.95,15.8,15.8,-,0.05,9144741,144989034.0,2478371,0,-143560,4517371,0,32440,2039000,0,176000
20251201,3535,晶彩科,84.5,91.6,82.0,91.6,+,8.3,14859969,1311318743.0,2024470,0,55637,4830000,0,64772,2805530,0,9135
20251201,2481,強茂,86.0,89.8,85.3,88.1,+,2.0,35799797,3156407351.0,684002,458000,872317,8482002,458000,1469124,7798000,0,596807
20251201,00909,國泰數位支付服務,41.5,42.1,41.11,41.46,-,0.96,7411605,308660059.0,60758,0,1635716,987205,0,3028008,926447,0,1392292
20251201,1326,台化,33.65,34.5,33.55,33.65,+,0.25,15994026,543008635.0,1711682,0,-96417,6868456,0,277455,5156774,0,373872
20251201,00830,國泰費城半導體,56.4,56.6,55.95,55.95,-,0.4,4489758,252495842.0,-348500,0,1963608,451500,0,2803390,800000,0,839782
20251201,00941,中信上游半導體,16.75,16.82,16.66,16.66,-,0.02,2231793,37368415.0,1484000,0,-9077,1485000,0,506763,1000,0,515840
20251201,1313,聯成,10.3,10.8,10.3,10.7,+,0.35,6273160,66856122.0,1396900,0,-15000,2523000,0,0,1126100,0,15000
20251201,00757,統一FANG+,123.25,123.3,122.35,122.4,-,0.95,3254292,399658469.0,815970,0,485943,894270,0,1291000,78300,0,805057
20251201,00902,中信電池及儲能,13.1,13.37,13.1,13.22,+,0.04,2612443,34712270.0,104000,0,1190394,278000,0,1797000,174000,0,606606
20251201,00940,元大台灣價值高息,9.28,9.31,9.25,9.25,-,0.04,9625117,89222398.0,779102,0,513393,1019102,0,2604000,240000,0,2090607
20251201,1710,東聯,12.2,12.55,12.2,12.45,+,0.3,1969255,24445013.0,1211000,0,-11966,1366000,0,1498,155000,0,13464
20251201,6269,台郡,56.0,56.2,54.1,54.6,-,1.0,2319046,127148896.0,1113000,0,42175,1437000,0,102060,324000,0,59885
20251201,1308,亞聚,12.95,13.4,12.8,13.25,+,0.15,2176461,28786010.0,1079000,0,-10000,1245000,0,4000,166000,0,14000
20251201,6153,嘉聯益,16.2,16.3,16.0,16.15,+,0.05,3312871,53501271.0,1027000,0,33000,1843000,0,51000,816000,0,18000
20251201,00713,元大台灣高息低波,50.3,50.45,50.15,50.15,-,0.2,5799924,291664060.0,-33864,0,997058,295835,0,1974000,329699,0,976942
20251201,2009,第一銅,41.4,43.65,41.15,42.9,+,3.2,26054835,1119604938.0,566905,0,381320,4861200,0,431674,4294295,0,50354
20251201,9955,佳龍,30.6,31.95,30.6,31.6,+,1.3,3143233,99249500.0,916000,0,0,1516000,0,0,600000,0,0
20251201,1519,華城,717.0,727.0,707.0,707.0,+,7.0,3523660,2526492754.0,710917,93000,70802,1328347,93000,109630,617430,0,38828
20251201,1720,生達,62.7,63.8,62.1,62.2,-,1.1,1338143,84303553.0,860000,0,0,919000,0,2000,59000,0,2000
20251201,00961,FT臺灣永續高息,9.44,9.45,9.37,9.38,-,0.06,1744171,16408896.0,-26000,0,848312,0,0,1206000,26000,0,357688
20251201,2014,中鴻,15.05,15.75,15.0,15.3,+,0.35,8828059,136280625.0,830000,0,-9709,3325000,0,94071,2495000,0,103780
20251201,00898,國泰基因免疫革命,7.97,8.01,7.97,7.99,+,0.02,1243703,9946124.0,-73000,0,870828,47000,0,920828,120000,0,50000
20251201,2612,中航,62.0,64.9,61.7,62.8,+,3.2,5661023,358319129.0,697000,0,70922,1850000,0,120655,1153000,0,49733
20251201,1310,台苯,8.92,9.47,8.92,9.34,+,0.42,3425433,31854517.0,750000,0,-8219,1285000,0,13000,535000,0,21219
20251201,1102,亞泥,38.5,39.05,38.5,39.0,+,0.2,5649676,219433847.0,185650,555000,-23277,4045150,556000,35000,3859500,1000,58277
20251201,2345,智邦,1035.0,1060.0,1000.0,1020.0,-,5.0,7069203,7281765005.0,539306,59900,105955,4830581,120000,239708,4291275,60100,133753
20251201,2903,遠百,24.0,24.3,24.0,24.1,,0.0,1531739,36896363.0,802000,-138000,31000,1029000,0,43000,227000,138000,12000
20251201,2023,燁輝,14.8,15.3,14.8,15.0,+,0.1,1363942,20584902.0,639000,38000,-15000,939000,38000,1000,300000,0,16000
20251201,8021,尖點,135.5,135.5,130.0,134.5,-,1.0,10172225,1350139689.0,610246,49000,-1156,2773276,49000,10000,2163030,0,11156
20251201,2379,瑞昱,526.0,533.0,522.0,533.0,+,12.0,2152828,1137252211.0,-154446,795000,13423,1085458,817000,22619,1239904,22000,9196
20251201,1609,大亞,38.8,39.7,38.8,38.85,+,0.15,3824004,149708471.0,551399,0,95601,1653399,0,122601,1102000,0,27000
20251201,00960,野村全球航運龍頭,14.01,14.08,14.01,14.05,+,0.09,1035210,14562223.0,32000,0,592123,32000,0,826123,0,0,234000
20251201,00930,永豐ESG低碳高息,17.07,17.15,17.02,17.04,-,0.06,1448158,24791471.0,107000,0,473563,121000,0,1216000,14000,0,742437
20251201,2354,鴻準,65.1,65.4,64.6,64.8,-,0.4,2632561,171007372.0,511000,59000,-19041,1205000,59000,54000,694000,0,73041
20251201,9933,中鼎,33.0,33.85,33.0,33.2,-,0.2,3667380,122801691.0,525100,104000,-100000,1441100,104000,2000,916000,0,102000
20251201,00964,中信亞太高股息,11.36,11.41,11.32,11.34,-,0.02,1694672,19258606.0,174000,0,352914,174000,0,1398549,0,0,1045635
20251201,1434,福懋,15.75,16.0,15.75,15.9,+,0.15,1379922,21984919.0,205000,320000,-15000,464000,320000,1000,259000,0,16000
20251201,6781,AES-KY,1435.0,1535.0,1435.0,1500.0,+,95.0,4885519,7308783250.0,184846,289000,34459,1723922,289000,116730,1539076,0,82271
20251201,2603,長榮,180.5,182.5,180.0,181.5,+,2.0,4722174,855709114.0,460632,-49000,89613,1844302,17000,114363,1383670,66000,24750
20251201,0061,元大寶滬深,22.28,22.47,22.25,22.42,+,0.21,582085,13032958.0,301000,0,195736,301000,0,247297,0,0,51561
20251201,1305,華夏,11.1,11.45,11.05,11.4,+,0.25,1585701,17988697.0,505000,0,-10003,890000,0,0,385000,0,10003
20251201,4968,立積,141.5,144.5,139.5,139.5,-,2.0,1335017,188847892.0,496000,0,-4280,808000,0,24944,312000,0,29224
20251201,00915,凱基優選高股息30,22.05,22.11,21.93,21.94,-,0.14,2179041,48000831.0,-106067,0,596666,23100,0,1136000,129167,0,539334
20251201,2609,陽明,51.8,52.7,51.8,52.4,+,0.4,9570503,500459684.0,219818,-99000,366536,5180791,5000,502723,4960973,104000,136187
20251201,6768,志強-KY,114.0,119.5,114.0,117.5,+,3.5,845644,99418121.0,268000,170000,35651,339000,170000,46433,71000,0,10782
20251201,1309,台達化,11.0,11.45,11.0,11.35,+,0.2,803672,9098286.0,465000,0,-7001,497000,0,0,32000,0,7001
20251201,8039,台虹,80.0,85.0,76.5,82.6,+,4.0,86397191,7016492424.0,-989962,79000,1305926,20173630,79000,2372831,21163592,0,1066905
20251201,9914,美利達,92.7,94.2,91.8,93.5,+,1.0,1336865,124537335.0,359001,0,27320,859001,0,67000,500000,0,39680
20251201,1314,中石化,8.23,8.33,8.14,8.16,-,0.07,17437161,143459189.0,896000,0,-525081,5879000,0,20000,4983000,0,545081
20251201,2323,中環,9.46,9.56,9.37,9.39,-,0.07,2273725,21498851.0,156000,0,208000,873000,0,217000,717000,0,9000
20251201,5608,四維航,18.65,18.95,18.5,18.5,+,0.2,5820335,108781895.0,363000,0,864,1770000,0,1864,1407000,0,1000
20251201,7769,鴻勁,2975.0,2975.0,2785.0,2890.0,-,110.0,1995380,5721218235.0,134792,186000,38000,838157,186000,41000,703365,0,3000
20251201,00639,富邦深100,14.68,14.84,14.68,14.81,+,0.16,1993514,29446188.0,112000,0,238236,126000,0,1652325,14000,0,1414089
20251201,2905,三商,15.95,16.15,15.85,16.1,+,0.3,1489996,23854523.0,359000,0,-9000,554000,0,0,195000,0,9000
20251201,1904,正隆,18.6,18.8,18.5,18.65,+,0.1,1281884,23970178.0,350000,0,-998,601000,0,12002,251000,0,13000
20251201,2211,長榮鋼,118.0,119.5,116.0,119.5,+,1.5,2718720,319140761.0,424000,0,-83999,1243000,0,4000,819000,0,87999
20251201,2102,泰豐,19.85,20.25,19.85,19.95,+,0.1,763153,15328952.0,340000,0,0,419000,0,0,79000,0,0
20251201,2633,台灣高鐵,27.75,28.0,27.7,27.95,,0.0,3893784,108663274.0,758911,-303000,-124000,2757911,0,5000,1999000,303000,129000
20251201,3023,信邦,217.5,222.5,217.5,220.0,+,1.5,1010100,223211429.0,-131000,447000,-1629,410000,447000,371,541000,0,2000
20251201,1795,美時,316.0,324.5,314.5,315.5,+,3.5,5960836,1902600466.0,-266250,434000,133074,1905000,434000,154212,2171250,0,21138
20251201,3704,合勤控,36.7,36.7,35.95,36.15,-,0.15,2733286,99340991.0,237021,0,57000,952021,0,61000,715000,0,4000
20251201,2912,統一超,241.0,243.0,240.0,240.0,+,0.5,1430429,344671840.0,384006,-79000,-13789,1092906,63000,6206,708900,142000,19995
20251201,00643,群益深証中小,16.19,16.3,16.15,16.28,+,0.17,3760559,61072668.0,579500,0,-291155,617000,0,2609123,37500,0,2900278
20251201,2301,光寶科,158.5,162.0,156.0,159.0,,0.0,11319678,1804310071.0,-223100,79000,430232,5385950,115000,734501,5609050,36000,304269
20251201,2369,菱生,20.15,20.2,19.75,20.0,-,0.15,1768653,35383295.0,287000,0,-3414,784000,0,5,497000,0,3419
20251201,00891,中信關鍵半導體,19.32,19.39,19.16,19.19,-,0.18,9383399,180751521.0,237000,0,42307,729000,0,3795508,492000,0,3753201
20251201,6890,來億-KY,274.0,294.5,271.0,288.0,+,16.5,4096861,1170687676.0,273011,-55000,60628,1057162,0,153671,784151,55000,93043
20251201,8404,百和興業-KY,25.15,25.6,25.15,25.2,,0.0,738720,18726642.0,367000,0,-89000,419000,0,0,52000,0,89000
20251201,00951,台新日本半導體,10.72,10.72,10.68,10.69,-,0.07,1276875,13659559.0,-7000,0,283340,6000,0,642000,13000,0,358660
20251201,4989,榮科,39.95,40.65,38.3,39.65,-,0.25,6557015,258397592.0,266000,0,-4000,1923000,0,0,1657000,0,4000
20251201,2357,華碩,602.0,614.0,602.0,603.0,+,2.0,2335806,1415940028.0,284072,-29000,1622,1580275,101000,24812,1296203,130000,23190
20251201,3060,銘異,27.65,27.75,27.05,27.1,-,0.85,2854351,77730125.0,256000,0,-4420,764000,0,2000,508000,0,6420
20251201,6278,台表科,102.5,103.5,101.5,102.0,-,0.5,1520716,156060872.0,-341000,593000,-7999,329000,593000,6001,670000,0,14000
20251201,00636,國泰中國A50,26.26,26.44,26.26,26.41,+,0.15,2486406,65579255.0,184000,0,57422,188000,0,2092001,4000,0,2034579
20251201,1714,和桐,8.23,8.31,8.23,8.28,+,0.06,751115,6221957.0,224000,0,15000,292000,0,15000,68000,0,0
20251201,00936,台新永續高息中小,15.77,15.77,15.6,15.61,-,0.17,656361,10277411.0,-82000,0,313615,91000,0,385000,173000,0,71385
20251201,6116,彩晶,7.43,7.43,7.26,7.33,-,0.04,3139363,22984611.0,237000,0,-10000,1506000,0,15000,1269000,0,25000
20251201,2332,友訊,15.8,15.95,15.75,15.8,-,0.1,1045937,16555966.0,228000,0,-2061,666000,0,9000,438000,0,11061
20251201,4919,新唐,53.1,53.8,52.4,52.5,-,0.9,1085340,57324444.0,202980,0,20126,469000,0,39158,266020,0,19032
20251201,1419,新紡,70.8,71.0,68.1,70.0,-,0.7,758609,52523635.0,218000,0,4505,367000,0,14515,149000,0,10010
20251201,4306,炎洲,13.7,13.85,13.7,13.8,+,0.2,741552,10212863.0,218000,0,3000,298000,0,3000,80000,0,0
20251201,00901,永豐智能車供應鏈,23.99,24.0,23.86,23.9,-,0.22,1316531,31487409.0,-10000,0,230503,6000,0,1033000,16000,0,802497
20251201,00927,群益半導體收益,20.9,20.95,20.65,20.65,-,0.27,2536129,52800972.0,-19140,0,238508,76000,0,1977975,95140,0,1739467
20251201,1708,東鹼,32.45,32.9,32.45,32.6,+,0.15,757249,24741591.0,221000,0,-1759,322000,0,241,101000,0,2000
20251201,1905,華紙,12.45,12.65,12.45,12.55,,0.0,814011,10216101.0,229000,0,-13999,463000,0,1,234000,0,14000
20251201,2030,彰源,13.8,14.1,13.8,13.9,+,0.05,778116,10858924.0,218000,0,-3000,223000,0,0,5000,0,3000
20251201,2010,春源,20.3,20.5,20.3,20.45,+,0.1,754840,15423148.0,217000,0,-5000,351000,0,1000,134000,0,6000
20251201,00903,富邦元宇宙,17.29,17.29,17.16,17.16,-,0.06,367674,6334823.0,-138100,0,345969,1000,0,346788,139100,0,819
20251201,2399,映泰,22.5,22.55,22.0,22.05,-,0.55,1245830,27683764.0,213000,0,-8000,296000,0,0,83000,0,8000
20251201,3019,亞光,140.5,140.5,137.5,138.0,-,1.0,1263218,175221150.0,227955,0,-23478,539055,0,23000,311100,0,46478
20251201,2897,王道銀行,9.07,9.11,9.07,9.09,+,0.02,1176391,10690027.0,204000,29000,-31000,457000,29000,3000,253000,0,34000
20251201,2383,台光電,1515.0,1515.0,1460.0,1475.0,-,50.0,2990569,4440109875.0,199519,-8000,7880,1430894,123000,127825,1231375,131000,119945
20251201,5258,虹堡,66.4,71.7,66.4,70.7,+,4.4,865465,60370888.0,188000,0,9294,306000,0,11485,118000,0,2191
20251201,2101,南港,37.55,38.25,37.45,37.45,-,0.1,849409,32064925.0,229000,0,-40345,513000,0,904,284000,0,41249
20251201,9921,巨大,100.0,102.5,100.0,101.5,+,1.0,700641,71194069.0,191215,0,-3792,445205,0,4180,253990,0,7972
20251201,8131,福懋科,39.65,40.4,38.8,39.9,+,0.1,4051872,161148896.0,89000,165000,-66908,1142000,165000,1368,1053000,0,68276
20251201,2601,益航,5.52,5.65,5.5,5.53,+,0.01,1016566,5646972.0,183000,0,0,325000,0,0,142000,0,0
20251201,2441,超豐,70.5,71.3,69.6,69.9,-,0.8,1212439,84997412.0,152000,118000,-88876,663000,118000,10000,511000,0,98876
20251201,2851,中再保,26.15,26.4,26.1,26.35,+,0.1,744389,19570543.0,34000,193000,-50000,280000,193000,0,246000,0,50000
20251201,4739,康普,68.5,71.4,68.1,69.1,+,0.7,883830,61639312.0,154000,0,22282,379000,0,27550,225000,0,5268
20251201,1325,恆大,32.35,33.2,32.3,32.65,+,0.85,1111061,36380108.0,165950,0,-1000,363000,0,0,197050,0,1000
20251201,1103,嘉泥,13.8,14.15,13.8,14.15,+,0.25,356119,4999236.0,169000,0,-6000,185000,0,0,16000,0,6000
20251201,9907,統一實,18.7,19.1,18.55,18.55,-,0.2,2666657,50206952.0,301000,17000,-156000,1683000,17000,1000,1382000,0,157000
20251201,6213,聯茂,112.0,112.0,108.5,109.5,-,1.5,3398895,372699108.0,103000,0,58789,1051000,0,127125,948000,0,68336
20251201,7786,東方風能,161.0,161.0,154.5,156.0,-,4.0,509892,79682335.0,159000,0,0,167000,0,0,8000,0,0
20251201,00944,野村趨勢動能高息,14.24,14.26,14.14,14.16,-,0.08,786390,11143990.0,0,0,158775,0,0,633000,0,0,474225
20251201,2458,義隆,132.5,133.5,130.0,130.0,-,3.0,1479258,193877533.0,496286,-397000,50000,870000,0,73000,373714,397000,23000
20251201,2344,華邦電,57.9,59.0,56.3,57.6,-,0.4,113248893,6548802262.0,-2002328,2477000,-326447,27385550,2501000,1897102,29387878,24000,2223549
20251201,2421,建準,167.5,167.5,161.5,163.5,-,3.0,2619185,427124876.0,439000,-188000,-105601,1309000,33000,21043,870000,221000,126644
20251201,6805,富世達,1570.0,1595.0,1490.0,1585.0,+,15.0,2171696,3348968730.0,-91958,240000,-6241,560484,243000,69445,652442,3000,75686
20251201,2419,仲琦,22.15,22.85,22.15,22.6,+,0.3,696614,15728070.0,63000,0,76276,217000,0,86276,154000,0,10000
20251201,3029,零壹,117.5,119.5,117.5,118.0,+,0.5,835173,98899238.0,74000,0,64875,279000,0,73963,205000,0,9088
20251201,00762,元大全球AI,84.35,84.4,83.85,83.85,+,0.6,276440,23272577.0,-29141,0,167084,1000,0,186084,30141,0,19000
20251201,9958,世紀鋼,141.0,145.0,141.0,143.0,+,2.5,999152,142703815.0,143000,0,-5179,618000,0,2482,475000,0,7661
20251201,00954,中信日本半導體,11.48,11.49,11.42,11.43,-,0.07,490904,5617255.0,7000,0,129354,11000,0,228000,4000,0,98646
20251201,00652,富邦印度,37.69,37.8,37.64,37.64,-,0.05,234748,8854328.0,126,0,134219,2126,0,144000,2000,0,9781
20251201,2355,敬鵬,31.15,31.55,30.9,31.35,+,0.2,986606,30937658.0,-191000,328000,-5097,215000,328000,2355,406000,0,7452
20251201,2890,永豐金,26.95,27.1,26.85,26.9,-,0.05,13055067,351693361.0,75771,18000,36799,10091404,19000,206000,10015633,1000,169201
20251201,00876,元大全球5G,48.67,48.9,48.53,48.72,+,0.37,217227,10590125.0,22150,0,101023,23150,0,147704,1000,0,46681
20251201,00934,中信成長高股息,20.64,20.72,20.55,20.55,-,0.15,960759,19803429.0,5000,0,116981,20000,0,674273,15000,0,557292
20251201,00910,第一金太空衛星,37.77,38.03,37.75,37.88,+,0.15,947802,35875055.0,-93950,0,215129,1050,0,487998,95000,0,272869
20251201,2388,威盛,51.8,52.4,50.9,50.9,-,1.1,945092,48541979.0,105100,0,15181,335100,0,31076,230000,0,15895
20251201,4960,誠美材,13.2,13.35,13.1,13.15,-,0.15,596532,7867455.0,117000,0,0,214000,0,1000,97000,0,1000
20251201,8499,鼎炫-KY,285.0,302.0,284.0,292.5,+,11.0,624238,183965964.0,100000,0,16811,261000,0,20476,161000,0,3665
20251201,6166,凌華,62.0,62.6,61.7,61.9,-,0.4,307967,19130530.0,113000,0,919,187000,0,919,74000,0,0
20251201,00700,富邦恒生國企,18.65,18.74,18.56,18.56,-,0.05,338239,6310484.0,2000,0,111107,2000,0,186794,0,0,75687
20251201,00938,凱基優選30,16.42,16.42,16.27,16.27,-,0.23,476165,7800143.0,-27000,0,139912,0,0,381000,27000,0,241088
20251201,7780,大研生醫*,183.0,187.5,181.0,186.0,+,2.0,289409,53570583.0,100000,0,12000,140000,0,12000,40000,0,0
20251201,1219,福壽,13.55,13.65,13.55,13.55,-,0.05,195691,2658144.0,112000,0,-1000,115000,0,2000,3000,0,3000
20251201,3413,京鼎,298.5,300.0,295.5,297.0,-,3.0,821951,244904558.0,-144000,262000,-7495,223000,262000,2240,367000,0,9735
20251201,3010,華立,107.0,107.0,104.5,105.5,-,0.5,594621,62750110.0,36000,47000,24204,269000,47000,29204,233000,0,5000
20251201,3030,德律,155.5,157.5,154.0,156.0,+,1.5,1890479,294442754.0,63000,0,43407,564000,0,80386,501000,0,36979
20251201,00921,兆豐龍頭等權重,17.6,17.7,17.54,17.54,-,0.06,138316,2438726.0,1000,0,104436,1000,0,112546,0,0,8110
20251201,2468,華經,44.2,45.0,43.8,43.8,-,0.15,494496,21953823.0,104000,0,0,225000,0,0,121000,0,0
20251201,6120,達運,10.45,10.5,10.35,10.4,-,0.15,824407,8586285.0,109000,0,-6000,207001,0,0,98001,0,6000
20251201,2022,聚亨,8.31,8.36,8.25,8.31,,0.0,542940,4513099.0,101000,0,0,148000,0,0,47000,0,0
20251201,1455,集盛,7.7,7.83,7.69,7.81,+,0.12,301261,2337285.0,97000,0,1609,126000,0,7000,29000,0,5391
20251201,2460,建通,18.0,18.85,17.85,18.75,+,0.85,1423542,25877168.0,103000,0,-4969,221000,0,31,118000,0,5000
20251201,6533,晶心科,285.0,294.0,282.5,283.5,+,1.0,895808,258429905.0,96001,0,1585,327001,0,16349,231000,0,14764
20251201,3052,夆典,11.35,11.5,11.35,11.45,+,0.1,421284,4814058.0,93000,0,3000,113000,0,3000,20000,0,0
20251201,1736,喬山,162.0,163.5,160.0,163.0,+,1.0,315343,51178355.0,115509,-3000,-16895,186000,0,105,70491,3000,17000
20251201,2617,台航,31.4,31.95,31.2,31.45,+,0.4,1901623,60049808.0,60000,0,33000,568000,0,36000,508000,0,3000
20251201,1718,中纖,7.0,7.07,6.93,6.95,-,0.03,3184738,22296303.0,53000,0,39000,915000,0,90000,862000,0,51000
20251201,4916,事欣科,46.8,47.45,46.45,47.1,+,0.3,1774300,83256594.0,58000,0,31359,493000,0,31993,435000,0,634
20251201,1477,聚陽,316.5,322.0,316.5,320.0,+,3.5,838338,268450511.0,20550,32000,31023,603000,33000,38023,582450,1000,7000
20251201,4557,永新-KY,73.3,75.7,73.3,75.6,+,3.1,229244,17166919.0,83000,0,0,112000,0,0,29000,0,0
20251201,1440,南紡,13.8,13.9,13.7,13.85,,0.0,785502,10837590.0,97000,0,-16471,206000,0,7000,109000,0,23471
20251201,6719,力智,199.0,202.0,198.5,200.5,+,0.5,208580,41743384.0,68000,0,12000,109000,0,13000,41000,0,1000
20251201,4976,佳凌,31.9,32.05,30.9,31.2,-,0.7,264552,8313037.0,72000,0,-1,132000,0,3000,60000,0,3001
20251201,5007,三星,54.5,55.7,54.0,55.4,+,0.9,157861,8696493.0,-2000,0,73000,16000,0,73000,18000,0,0
20251201,9927,泰銘,67.5,68.6,67.4,68.0,+,0.5,158812,10803784.0,68434,0,0,86000,0,1000,17566,0,1000
20251201,1218,泰山,18.1,18.25,18.05,18.2,,0.0,241821,4387379.0,72000,0,-4000,108000,0,1000,36000,0,5000
20251201,1532,勤美,28.2,28.35,27.5,27.95,-,0.25,596645,16721207.0,70000,0,-2000,233000,0,2000,163000,0,4000
20251201,6799,來頡,79.8,82.5,79.8,80.0,+,0.5,320301,25939188.0,70000,0,-2547,124000,0,453,54000,0,3000
20251201,3038,全台,20.8,20.8,20.4,20.7,-,0.15,172478,3554995.0,68000,0,-1282,99000,0,0,31000,0,1282
20251201,2908,特力,20.35,20.5,20.35,20.45,,0.0,395084,8080786.0,63000,0,2000,85000,0,2000,22000,0,0
20251201,2613,中櫃,24.45,25.0,24.4,24.4,,0.0,389305,9606302.0,68000,0,-3000,123000,0,0,55000,0,3000
20251201,1522,堤維西,49.0,49.0,48.0,48.1,-,0.7,989903,47778674.0,68000,0,-3487,360000,0,580,292000,0,4067
20251201,3055,蔚華科,64.0,64.5,63.0,64.2,+,0.4,258426,16474239.0,64000,0,272,142000,0,272,78000,0,0
20251201,3149,正達,34.8,34.8,33.95,34.0,-,0.7,797737,27224823.0,64000,0,0,314000,0,0,250000,0,0
20251201,1589,永冠-KY,17.5,17.8,17.45,17.6,,0.0,360254,6354384.0,64000,0,-834,175000,0,2000,111000,0,2834
20251201,3406,玉晶光,447.0,451.5,441.0,445.0,-,2.0,771541,343337349.0,63810,-2000,81,554000,5000,11136,490190,7000,11055
20251201,6830,汎銓,161.0,163.5,161.0,163.0,+,2.0,177160,28758128.0,57000,0,3631,79000,0,3631,22000,0,0
20251201,2467,志聖,206.0,207.5,198.5,201.0,-,4.0,1700941,344033540.0,221020,0,-160747,659020,0,24811,438000,0,185558
20251201,8442,威宏-KY,71.4,72.5,71.4,71.6,+,0.2,120618,8670466.0,60000,0,0,62000,0,0,2000,0,0
20251201,6155,鈞寶,38.0,38.5,37.6,38.0,+,0.6,1277183,48628556.0,-14000,0,73000,15000,0,79000,29000,0,6000
20251201,3321,同泰,17.85,19.3,17.7,19.3,+,1.75,372995,7135023.0,48000,0,8884,49000,0,8884,1000,0,0
20251201,1560,中砂,321.5,326.0,316.5,317.0,-,4.0,997208,319519039.0,58000,1000,-3228,356000,1000,9785,298000,0,13013
20251201,6024,群益期,49.85,50.2,49.7,49.95,+,0.05,380391,18990914.0,80000,0,-25000,124000,0,0,44000,0,25000
20251201,00911,兆豐洲際半導體,32.05,32.05,31.66,31.66,-,0.19,243629,7752539.0,6470,0,48383,6500,0,151716,30,0,103333
20251201,1709,和益,16.7,16.75,16.65,16.7,-,0.05,178895,2987899.0,52000,0,2000,68000,0,2000,16000,0,0
20251201,1806,冠軍,9.07,9.11,9.0,9.07,+,0.01,181092,1642900.0,53000,0,1000,77000,0,4000,24000,0,3000
20251201,00932,兆豐永續高息等權,14.22,14.23,14.1,14.1,-,0.12,180058,2554259.0,0,0,53737,0,0,93419,0,0,39682
20251201,2239,英利-KY,34.1,36.3,34.0,35.5,+,1.5,186632,6614293.0,54000,0,-1000,66000,0,0,12000,0,1000
20251201,00739,元大MSCI A股,25.57,25.67,25.44,25.6,+,0.16,126594,3239005.0,81000,0,-29560,81000,0,15128,0,0,44688
20251201,2017,官田鋼,8.68,8.86,8.68,8.7,-,0.11,286179,2507015.0,59000,0,-8054,85000,0,0,26000,0,8054
20251201,00917,中信特選金融,24.2,24.28,24.18,24.18,+,0.03,69843,1692355.0,30000,0,20350,30000,0,20561,0,0,211
20251201,2390,云辰,9.46,9.54,9.33,9.4,+,0.04,308504,2906983.0,60000,0,-10000,96000,0,2000,36000,0,12000
20251201,00783,富邦中証500,24.02,24.37,24.02,24.18,+,0.26,176773,4258815.0,0,0,48708,0,0,168054,0,0,119346
20251201,00678,群益那斯達克生技,35.1,35.27,35.09,35.25,-,0.21,698633,24555276.0,364000,0,-315941,367000,0,292820,3000,0,608761
20251201,00645,富邦日本,46.87,46.87,46.6,46.63,-,0.57,625840,29254695.0,-69500,0,115890,500,0,470000,70000,0,354110
20251201,7610,聯友金屬-創,102.0,105.5,102.0,102.0,,0.0,154904,16029276.0,46000,0,109,57000,0,109,11000,0,0
20251201,6541,泰福-KY,54.3,54.9,53.6,54.6,+,0.1,401063,21791319.0,44000,0,1000,163000,0,1000,119000,0,0
20251201,2025,千興,9.17,9.96,9.1,9.96,+,0.9,451399,4328323.0,50000,0,-5000,66000,0,1000,16000,0,6000
20251201,00908,富邦入息REITs+,13.75,13.89,13.75,13.82,+,0.08,241410,3339929.0,67000,0,-22100,69000,0,148034,2000,0,170134
20251201,1227,佳格,30.4,31.2,30.35,30.95,+,0.45,588081,18110387.0,-112000,165000,-8136,108000,165000,1000,220000,0,9136
20251201,2351,順德,80.0,81.0,80.0,80.1,+,0.1,498223,39986230.0,45000,0,-152,254000,0,3432,209000,0,3584
20251201,6670,復盛應用,243.0,249.5,242.0,249.5,+,6.5,329323,80949511.0,21500,13000,9870,207000,13000,31091,185500,0,21221
20251201,1789,神隆,17.7,17.95,17.65,17.7,+,0.05,413546,7366136.0,53000,0,-9000,158000,0,0,105000,0,9000
20251201,00717,富邦美國特別股,14.8,14.85,14.8,14.81,+,0.01,52109,772093.0,28000,0,16000,29000,0,16000,1000,0,0
20251201,3043,科風,21.05,23.15,21.05,23.15,+,2.1,264941,6055582.0,40000,0,3778,48000,0,3778,8000,0,0
20251201,1702,南僑,38.35,38.8,38.15,38.25,-,0.1,230180,8829155.0,47000,0,-3968,123000,0,1233,76000,0,5201
20251201,3591,艾笛森,18.3,18.45,18.15,18.3,-,0.05,90762,1660443.0,21000,0,22000,33000,0,26000,12000,0,4000
20251201,6202,盛群,37.65,38.05,37.55,38.0,+,0.05,176415,6668933.0,-10000,0,52418,51000,0,57000,61000,0,4582
20251201,3034,聯詠,388.5,393.5,388.0,392.5,+,3.0,2015739,789259195.0,-550579,546000,46900,889497,648000,62632,1440076,102000,15732
20251201,2429,銘旺科,81.6,83.1,79.1,80.0,-,1.6,565247,45548689.0,41000,0,-64,152000,0,3000,111000,0,3064
20251201,3592,瑞鼎,216.0,217.5,212.0,214.5,-,2.5,544604,116342451.0,-17000,58000,-798,240000,58000,202,257000,0,1000
20251201,00668,國泰美國道瓊,54.45,54.45,54.25,54.3,+,0.05,100789,5474933.0,-1000,0,41166,0,0,69166,1000,0,28000
20251201,6438,迅得,133.5,135.5,131.5,133.5,,0.0,666534,88838323.0,38010,0,2082,206010,0,8000,168000,0,5918
20251201,2832,台產,53.4,53.8,53.1,53.2,-,0.1,379038,20249395.0,29000,0,11008,138000,0,19010,109000,0,8002
20251201,6657,華安,45.5,45.5,44.1,44.35,-,1.05,169558,7561482.0,40000,0,0,63000,0,0,23000,0,0
20251201,6552,易華電,24.0,24.35,23.95,24.25,-,0.85,164235,3958349.0,41000,0,-1000,45000,0,0,4000,0,1000
20251201,00731,復華富時高息低波,66.7,66.85,66.6,66.7,,0.0,790604,52724578.0,0,200000,-160651,0,200000,532769,0,0,693420
20251201,2108,南帝,23.55,24.0,23.45,23.55,,0.0,455938,10833659.0,43000,0,-4000,194000,0,0,151000,0,4000
20251201,00971,野村美國研發龍頭,17.06,17.11,17.0,17.0,-,0.06,319146,5441959.0,111000,0,-73092,113000,0,54000,2000,0,127092
20251201,1321,大洋,35.9,36.45,35.9,36.3,+,0.1,116012,4195682.0,38000,0,-1000,43000,0,1000,5000,0,2000
20251201,5531,鄉林,9.04,9.08,9.01,9.05,-,0.03,228495,2067066.0,37000,0,0,51000,0,0,14000,0,0
20251201,2913,農林,13.75,13.95,13.65,13.65,-,0.15,533672,7379711.0,46000,0,-10000,172000,0,0,126000,0,10000
20251201,2537,聯上發,10.7,10.85,10.55,10.6,-,0.15,351898,3737397.0,34000,0,1801,110000,0,3000,76000,0,1199
20251201,2015,豐興,62.1,64.0,62.1,64.0,+,1.2,374247,23758001.0,39000,0,-5000,175000,0,8000,136000,0,13000
20251201,6426,統新,77.3,81.4,75.5,80.5,+,4.1,2370030,187436866.0,39000,0,-5774,502000,0,0,463000,0,5774
20251201,1903,士紙,56.3,56.6,55.6,55.8,-,0.6,125786,7053598.0,33000,0,0,50000,0,0,17000,0,0
20251201,2032,新鋼,14.4,15.0,14.4,14.5,+,0.1,546638,8027016.0,36000,0,-3000,139000,0,1000,103000,0,4000
20251201,2527,宏璟,28.0,28.3,27.55,27.95,-,0.05,273090,7617848.0,35000,0,-2568,90000,0,1000,55000,0,3568
20251201,00737,國泰AI機器人,35.54,35.54,35.3,35.32,-,0.05,172864,6119705.0,-12000,0,43179,0,0,112748,12000,0,69569
20251201,5225,東科-KY,108.5,109.0,107.5,107.5,-,1.0,233857,25266497.0,53025,0,-21997,86025,0,3,33000,0,22000
20251201,3588,通嘉,46.8,47.5,46.8,47.1,+,0.2,107541,5070536.0,31000,0,0,51000,0,0,20000,0,0
20251201,1732,毛寶,29.2,29.9,29.15,29.3,+,0.35,169326,4975151.0,29000,0,2000,43000,0,2000,14000,0,0
20251201,6715,嘉基,90.3,95.7,89.1,95.3,+,5.5,78300,7276372.0,30000,0,778,34000,0,778,4000,0,0
20251201,6862,三集瑞-KY,167.0,170.5,164.0,167.0,+,0.5,212358,35653029.0,31000,0,-611,74000,0,32,43000,0,643
20251201,8467,波力-KY,159.0,160.5,155.5,155.5,-,3.0,81707,12968514.0,30000,0,0,31000,0,0,1000,0,0
20251201,1463,強盛新,19.2,19.35,19.2,19.3,+,0.1,77634,1495280.0,30000,0,0,31000,0,0,1000,0,0
20251201,00771,元大US高息特別股,16.03,16.05,16.01,16.05,+,0.02,35177,563321.0,0,0,30000,0,0,30000,0,0,0
20251201,6214,精誠,121.0,122.0,119.5,119.5,-,1.0,389456,46896164.0,23000,0,6962,168000,0,18031,145000,0,11069
20251201,2033,佳大,15.65,16.0,15.6,15.6,,0.0,215227,3397142.0,30000,0,-67,32000,0,0,2000,0,67
20251201,6416,瑞祺電通,80.8,81.8,80.6,81.1,+,0.3,130326,10577389.0,30000,0,-1000,62000,0,0,32000,0,1000
20251201,1713,國化,42.95,43.25,42.95,43.0,+,0.05,176600,7614594.0,113000,0,-84000,115000,0,0,2000,0,84000
20251201,1340,勝悅-KY,7.08,7.25,7.0,7.09,+,0.03,151613,1074740.0,29000,0,0,47000,0,0,18000,0,0
20251201,00893,國泰智能電動車,31.54,31.58,31.41,31.41,-,0.04,606042,19088606.0,106357,0,-78600,150357,0,149000,44000,0,227600
20251201,2034,允強,20.35,21.2,20.35,20.65,+,0.35,4087718,85106848.0,97000,0,-69431,1017000,0,75001,920000,0,144432
20251201,2201,裕隆,35.6,36.05,33.4,34.75,-,1.0,5777870,200589774.0,-94995,0,122551,1696005,0,240000,1791000,0,117449
20251201,6923,中台,103.5,103.5,99.4,100.5,-,2.0,338762,34184231.0,27000,0,16,108000,0,2000,81000,0,1984
20251201,9924,福興,53.3,55.2,53.3,53.5,-,0.3,187912,10183976.0,-28000,0,55000,48000,0,57000,76000,0,2000
20251201,3057,喬鼎,15.15,15.8,14.8,15.0,-,0.7,271576,4111764.0,29000,0,-2303,40000,0,0,11000,0,2303
20251201,6431,光麗-KY,21.95,22.2,21.5,22.1,+,0.3,658771,14478553.0,26000,0,0,71000,0,0,45000,0,0
20251201,9937,全國,56.8,57.2,56.8,57.2,+,0.1,84120,4788424.0,26000,0,0,30000,0,0,4000,0,0
20251201,3532,台勝科,99.9,100.5,99.8,100.5,+,8.8,1548841,155541677.0,9002,0,15551,35000,0,24551,25998,0,9000
20251201,7721,微程式,47.9,48.5,47.5,48.0,+,0.1,52730,2515878.0,24025,0,0,26025,0,0,2000,0,0
20251201,6504,南六,45.4,45.4,44.0,44.0,-,0.25,74415,3306821.0,24000,0,0,27000,0,0,3000,0,0
20251201,2069,運錩,16.3,16.4,16.25,16.3,+,0.15,192485,3140549.0,26000,0,-2000,28000,0,0,2000,0,2000
20251201,3311,閎暉,32.05,32.35,32.05,32.1,-,0.25,83521,2686216.0,25000,0,-1308,32000,0,0,7000,0,1308
20251201,5283,禾聯碩,61.8,63.6,61.8,63.0,+,0.2,58008,3643001.0,23001,0,0,26001,0,0,3000,0,0
20251201,4414,如興,10.55,10.55,10.3,10.35,-,0.2,221898,2299091.0,23000,0,0,27000,0,0,4000,0,0
20251201,2836,高雄銀,12.0,12.1,12.0,12.0,-,0.1,402542,4840982.0,42000,0,-19001,129000,0,3000,87000,0,22001
20251201,8478,東哥遊艇,196.5,199.0,195.5,196.0,-,1.0,104408,20590643.0,33000,0,-10055,46000,0,2000,13000,0,12055
20251201,00861,元大全球未來通訊,53.6,54.2,53.6,53.95,-,0.05,48265,2606892.0,17150,0,5696,17150,0,16783,0,0,11087
20251201,1617,榮星,14.45,14.9,14.45,14.7,+,0.4,108250,1589298.0,23000,0,-1506,26000,0,1000,3000,0,2506
20251201,2338,光罩,36.45,37.45,35.9,36.05,-,0.6,703435,25702885.0,23001,0,-1626,240001,0,16445,217000,0,18071
20251201,1773,勝一,139.0,140.0,138.5,139.5,+,0.5,148543,20679328.0,52000,-28000,-3000,85000,0,0,33000,28000,3000
20251201,2820,華票,16.55,16.7,16.55,16.7,,0.0,422991,7033482.0,14000,20000,-13000,61000,20000,4000,47000,0,17000
20251201,1604,聲寶,24.55,24.75,24.4,24.55,-,0.15,99806,2452335.0,24000,0,-3000,27000,0,1000,3000,0,4000
20251201,3031,佰鴻,19.5,19.5,19.2,19.35,-,0.15,267923,5182509.0,22000,0,-1513,54000,0,1000,32000,0,2513
20251201,2465,麗臺,56.5,57.6,56.0,57.0,-,0.1,213677,12087422.0,20320,0,0,49000,0,0,28680,0,0
20251201,00920,富邦ESG綠色電力,18.14,18.3,18.14,18.24,+,0.07,207314,3783451.0,-134000,0,154151,1000,0,155211,135000,0,1060
20251201,2491,吉祥全,15.4,16.5,15.3,16.5,+,1.5,1382352,22435681.0,24000,0,-3891,137000,0,3109,113000,0,7000
20251201,2471,資通,50.6,51.0,50.5,50.7,-,0.4,49842,2529761.0,20000,0,0,23000,0,0,3000,0,0
20251201,2038,海光,14.1,14.7,14.0,14.15,+,0.05,631478,9080824.0,34000,0,-14000,162000,0,0,128000,0,14000
20251201,3058,立德,10.15,10.25,9.98,10.05,-,0.2,488758,4913289.0,21000,0,-1000,127000,0,0,106000,0,1000
20251201,2707,晶華,191.0,192.5,191.0,192.0,+,1.0,121531,23304099.0,18000,-27000,29000,31000,0,46000,13000,27000,17000
20251201,4552,力達-KY,23.75,23.75,23.45,23.5,-,0.15,93046,2191279.0,20000,0,0,21000,0,0,1000,0,0
20251201,5519,隆大,33.1,33.4,32.15,32.2,-,0.75,766551,25090425.0,30000,0,-10000,263000,0,0,233000,0,10000
20251201,3530,晶相光,60.2,60.9,60.2,60.6,,0.0,54660,3304742.0,21000,0,-1000,31000,0,0,10000,0,1000
20251201,1234,黑松,37.95,38.15,37.65,37.65,-,0.3,101368,3844666.0,15000,0,5000,19000,0,10000,4000,0,5000
20251201,1444,力麗,6.01,6.08,6.0,6.03,-,0.01,300556,1813645.0,34000,0,-14000,57000,0,0,23000,0,14000
20251201,3003,健和興,47.9,48.9,47.9,48.05,-,0.45,104043,5010724.0,21000,0,-1231,46000,0,0,25000,0,1231
20251201,3011,今皓,12.85,13.15,12.8,13.0,+,0.25,289031,3746512.0,20000,0,-1000,77000,0,0,57000,0,1000
20251201,6885,全福生技,29.15,29.55,28.65,28.9,-,0.25,125318,3612034.0,20000,0,-1000,29000,0,2000,9000,0,3000
20251201,00733,富邦臺灣中小,45.95,46.0,45.4,45.4,-,0.59,514135,23466473.0,-101940,0,119939,11060,0,260141,113000,0,140202
20251201,4770,上品,214.0,214.0,209.5,212.0,-,2.0,154690,32681395.0,12000,0,5977,39000,0,11000,27000,0,5023
20251201,5244,弘凱,40.75,42.35,40.75,41.85,+,0.85,403970,16899410.0,20000,0,-3094,101000,0,0,81000,0,3094
20251201,6534,正瀚-創,85.1,93.4,85.1,93.2,+,7.5,180659,16256662.0,19000,0,-2095,78000,0,9204,59000,0,11299
20251201,3447,展達,52.1,52.1,51.0,51.4,-,0.2,178271,9155060.0,17000,0,-109,53000,0,0,36000,0,109
20251201,4927,泰鼎-KY,22.1,22.95,22.1,22.1,+,0.1,3151428,70578786.0,19000,0,-2446,874000,0,1000,855000,0,3446
20251201,00899,FT潔淨能源,20.1,20.4,20.1,20.29,+,0.2,127630,2594664.0,-6000,0,22064,1000,0,38064,7000,0,16000
20251201,5471,松翰,34.05,34.2,33.65,33.85,-,0.25,120004,4060376.0,16001,0,0,52001,0,0,36000,0,0
20251201,5907,大洋-KY,5.67,5.92,5.61,5.77,+,0.04,253520,1453659.0,16000,0,0,25000,0,0,9000,0,0
20251201,2248,華勝-KY,49.65,50.6,49.65,50.6,+,0.9,27120,1354116.0,0,0,16000,1000,0,16000,1000,0,0
20251201,00702,國泰標普低波高息,23.3,23.31,23.28,23.3,+,0.09,128579,2995548.0,0,0,15325,0,0,119325,0,0,104000
20251201,6698,旭暉應材,30.05,30.15,29.75,30.05,,0.0,89916,2687668.0,13000,0,2240,43000,0,3000,30000,0,760
20251201,3686,達能,18.25,18.75,18.2,18.3,+,0.05,137549,2543010.0,14000,0,1000,44000,0,1000,30000,0,0
20251201,3557,嘉威,35.5,35.9,35.5,35.5,-,0.1,56417,2007014.0,15000,0,0,23000,0,0,8000,0,0
20251201,2488,漢平,45.3,45.8,45.3,45.8,+,0.2,106326,4844811.0,15000,0,0,37000,0,1000,22000,0,1000
20251201,1527,鑽全,33.2,33.3,32.85,32.95,-,0.25,56092,1850188.0,14000,0,0,15000,0,1000,1000,0,1000
20251201,4155,訊映,15.1,15.15,14.95,15.0,-,0.1,77317,1164845.0,14000,0,0,15000,0,0,1000,0,0
20251201,4108,懷特,14.2,14.35,14.0,14.15,,0.0,98340,1395746.0,14000,0,0,14000,0,0,0,0,0
20251201,6909,創控,35.6,36.25,35.6,36.1,+,0.7,67603,2421816.0,14000,0,0,14000,0,0,0,0,0
20251201,7788,松川精密,107.0,107.0,103.5,105.5,-,0.5,43317,4566981.0,13000,0,0,14000,0,0,1000,0,0
20251201,4560,強信-KY,31.75,32.0,31.55,32.0,+,0.25,147044,4661395.0,13000,0,0,93000,0,0,80000,0,0
20251201,4737,華廣,58.3,58.8,57.8,58.0,-,0.8,60192,3502926.0,13000,0,0,23000,0,0,10000,0,0
20251201,00703,台新MSCI中國,21.94,22.08,21.94,22.07,+,0.2,88843,1957830.0,0,0,12149,0,0,86105,0,0,73956
20251201,6579,研揚,110.0,112.5,107.5,108.0,-,3.0,210643,22987417.0,13000,0,-924,61000,0,3000,48000,0,3924
20251201,2364,倫飛,69.7,70.5,69.1,70.0,+,0.3,152311,10623017.0,12001,0,0,42001,0,0,30000,0,0
20251201,2247,汎德永業,296.0,298.0,292.5,292.5,-,4.5,59473,17515467.0,9000,0,3000,13000,0,3000,4000,0,0
20251201,2904,匯僑,17.2,17.4,17.05,17.4,+,0.25,70679,1219324.0,12000,0,0,12000,0,0,0,0,0
20251201,4569,六方科-KY,148.0,149.5,146.0,148.5,-,1.0,49566,7323900.0,12000,0,0,22000,0,0,10000,0,0
20251201,3454,晶睿,85.5,85.6,84.3,85.1,-,0.4,94979,8067934.0,13000,0,-1000,30000,0,0,17000,0,1000
20251201,1614,三洋電,34.5,34.5,34.1,34.2,-,0.3,41200,1409000.0,12000,0,0,14000,0,0,2000,0,0
20251201,1615,大山,48.65,48.85,48.5,48.75,+,0.1,91690,4460625.0,12000,0,0,31000,0,0,19000,0,0
20251201,8476,台境*,18.0,18.0,17.4,17.8,-,0.2,128385,2271763.0,12000,0,-1000,22000,0,2000,10000,0,3000
20251201,2701,萬企,11.2,11.2,11.15,11.15,-,0.05,161142,1804332.0,11000,0,0,12000,0,0,1000,0,0
20251201,2425,承啟,28.5,28.9,28.45,28.8,+,0.15,86439,2481714.0,12000,0,-1000,36000,0,0,24000,0,1000
20251201,4915,致伸,82.3,83.8,82.2,83.5,+,1.2,2186522,181910303.0,28000,-13000,-4349,1346000,209000,12247,1318000,222000,16596
20251201,4562,穎漢,36.0,36.9,35.6,35.85,-,0.05,153066,5530626.0,12000,0,-1585,64000,0,0,52000,0,1585
20251201,6165,浪凡,49.95,50.5,49.25,49.6,-,0.35,394456,19647508.0,11000,0,-1000,182000,0,0,171000,0,1000
20251201,7791,皇家可口,73.6,73.7,73.2,73.5,-,0.5,48853,3590388.0,10000,0,0,15000,0,0,5000,0,0
20251201,2497,怡利電,42.7,43.5,42.1,42.85,+,0.25,70321,3007609.0,10000,0,0,22000,0,2000,12000,0,2000
20251201,1558,伸興,99.8,100.0,99.8,99.8,-,0.7,44372,4435561.0,11000,0,-1000,18000,0,0,7000,0,1000
20251201,1417,嘉裕,9.05,9.09,8.9,8.99,+,0.04,273832,2464419.0,20000,0,-10000,29000,0,1000,9000,0,11000
20251201,4106,雃博,21.75,22.0,21.65,22.0,+,0.05,78108,1701899.0,11000,0,-1140,12000,0,0,1000,0,1140
20251201,1597,直得,74.8,74.8,72.9,73.1,-,0.9,97766,7162205.0,9000,0,231,38000,0,231,29000,0,0
20251201,00714,群益道瓊美國地產,20.42,20.46,20.32,20.36,+,0.05,263952,5377356.0,34000,0,-24963,34000,0,216819,0,0,241782
20251201,1338,廣華-KY,20.45,20.45,20.2,20.45,,0.0,44431,902883.0,9000,0,0,12000,0,0,3000,0,0
20251201,4440,宜新實業,18.05,18.35,18.0,18.3,,0.0,39161,711682.0,9000,0,0,11000,0,0,2000,0,0
20251201,4755,三福化,100.0,101.0,99.5,100.5,,0.0,76799,7683532.0,10000,0,-1000,22000,0,0,12000,0,1000
20251201,8463,潤泰材,26.2,26.65,26.2,26.4,+,0.25,150202,3978561.0,9000,0,0,9000,0,0,0,0,0
20251201,2020,美亞,23.05,23.35,23.05,23.15,,0.0,120602,2801501.0,11000,0,-2000,38000,0,0,27000,0,2000
20251201,5215,科嘉-KY,36.6,36.6,36.1,36.5,-,0.5,49313,1788534.0,9000,0,-115,11000,0,1000,2000,0,1115
20251201,6965,中傑-KY,81.8,83.8,81.7,82.9,+,2.2,89903,7454590.0,8000,0,0,32000,0,0,24000,0,0
20251201,6969,成信實業*-創,33.3,33.3,32.7,32.9,-,0.4,34220,1129876.0,3000,0,5000,3000,0,6000,0,0,1000
20251201,9943,好樂迪,61.4,61.4,61.0,61.2,+,0.1,29361,1795615.0,7000,0,1000,7000,0,1000,0,0,0
20251201,1537,廣隆,125.0,125.0,124.0,124.0,-,1.0,50240,6263477.0,9000,0,-1001,27000,0,0,18000,0,1001
20251201,0051,元大中型100,90.55,90.55,89.3,89.5,-,1.0,140371,12608842.0,16,0,6970,16,0,77000,0,0,70030
20251201,1590,亞德客-KY,909.0,911.0,874.0,875.0,-,28.0,633925,564686028.0,9526,0,-2645,488587,0,3000,479061,0,5645
20251201,3416,融程電,146.0,146.0,143.0,145.0,-,1.0,198353,28613982.0,6020,0,148,73020,0,2417,67000,0,2269
20251201,6919,康霈*,159.0,160.0,156.0,157.0,,0.0,4149952,654960241.0,18115,2000,-14000,1073315,2000,8000,1055200,0,22000
20251201,2482,連宇,17.2,17.25,17.0,17.05,-,0.15,58712,1002733.0,7000,0,-973,7000,0,27,0,0,1000
20251201,2438,翔耀,24.5,24.9,24.05,24.9,-,0.05,114840,2805376.0,6000,0,0,15000,0,0,9000,0,0
20251201,2440,太空梭,12.35,12.4,12.25,12.35,-,0.1,148100,1820229.0,3000,0,3000,3000,0,4000,0,0,1000
20251201,1734,杏輝,31.0,31.2,30.95,30.95,-,0.15,105260,3264515.0,4000,0,2000,30000,0,2000,26000,0,0
20251201,6695,芯鼎,44.6,44.6,43.7,43.7,-,0.65,89811,3952417.0,6000,0,0,28000,0,0,22000,0,0
20251201,8367,建新國際,43.8,44.1,43.8,44.1,+,0.15,46093,2028371.0,6000,0,0,7000,0,0,1000,0,0
20251201,5292,華懋,146.5,146.5,145.0,146.0,-,0.5,32898,4792157.0,6000,0,0,11000,0,0,5000,0,0
20251201,4572,駐龍,151.5,153.5,151.5,153.5,-,1.0,52280,8004399.0,36000,-30000,0,43000,0,0,7000,30000,0
20251201,1618,合機,42.35,43.2,42.25,42.5,+,0.15,477222,20355858.0,1000,0,5000,129000,0,5000,128000,0,0
20251201,1307,三芳,33.65,33.85,33.5,33.6,-,0.2,567755,19102425.0,6000,0,0,191000,0,0,185000,0,0
20251201,1217,愛之味,10.4,10.5,10.4,10.45,+,0.05,330199,3453928.0,8000,0,-2000,36000,0,3000,28000,0,5000
20251201,1473,台南,24.75,24.8,24.3,24.55,+,0.15,73936,1812915.0,11000,0,-5081,26000,0,0,15000,0,5081
20251201,1786,科妍,82.0,82.5,79.6,80.5,-,0.6,337712,27273066.0,9000,0,-3123,154000,0,50,145000,0,3173
20251201,2363,矽統,48.8,49.4,48.35,48.75,+,0.25,2099849,102356358.0,-38000,0,43514,644000,0,71625,682000,0,28111
20251201,2029,盛餘,20.6,21.1,20.6,20.8,+,0.05,125443,2620996.0,8000,0,-3000,41000,0,0,33000,0,3000
20251201,4581,光隆精密-KY,53.8,53.8,53.0,53.3,-,0.9,29077,1551539.0,5000,0,0,6000,0,4000,1000,0,4000
20251201,6128,上福,22.95,23.45,22.95,23.0,-,0.1,88597,2047634.0,9000,0,-4000,24000,0,0,15000,0,4000
20251201,7732,金興精密,39.35,39.65,39.1,39.65,+,0.3,16308,643332.0,5000,0,0,6000,0,0,1000,0,0
20251201,1233,天仁,32.0,32.0,32.0,32.0,,0.0,6557,209605.0,0,0,5000,0,0,5000,0,0,0
20251201,00735,國泰臺韓科技,48.19,48.19,47.65,47.73,-,0.51,157153,7512512.0,40000,0,-35000,51000,0,68000,11000,0,103000
20251201,6614,資拓宏宇,52.4,52.4,50.2,50.2,-,2.1,452148,22845657.0,4974,0,0,33000,0,0,28026,0,0
20251201,2106,建大,20.15,20.35,20.15,20.35,+,0.1,156814,3182535.0,13000,0,-8346,86000,0,0,73000,0,8346
20251201,6235,華孚,60.4,60.7,59.5,59.6,-,0.7,409181,24501236.0,14000,0,-9899,187000,0,0,173000,0,9899
20251201,6142,友勁,9.31,9.41,9.24,9.3,-,0.01,57373,533559.0,4000,0,0,16000,0,0,12000,0,0
20251201,3652,精聯,28.95,29.55,28.95,29.3,+,0.35,55200,1611110.0,5000,0,-1000,8000,0,0,3000,0,1000
20251201,1805,寶徠,12.0,12.0,11.65,11.7,-,0.35,100240,1180337.0,-1000,0,5000,3000,0,5000,4000,0,0
20251201,1730,花仙子,52.7,53.0,52.6,52.7,-,0.1,33587,1772119.0,4000,0,0,4000,0,0,0,0,0
20251201,1726,永記,75.8,76.0,75.4,75.8,,0.0,25014,1895595.0,4000,0,0,8000,0,0,4000,0,0
20251201,2302,麗正,19.2,19.25,18.85,18.85,-,0.15,234618,4456393.0,5000,0,-1000,78000,0,0,73000,0,1000
20251201,2496,卓越,68.3,68.3,68.0,68.0,-,0.1,18046,1229140.0,4000,0,0,4000,0,0,0,0,0
20251201,2477,美隆電,23.85,23.85,23.6,23.65,-,0.15,48756,1154225.0,5000,0,-1000,8000,0,0,3000,0,1000
20251201,2816,旺旺保,30.05,30.1,29.7,30.1,+,0.05,66631,1989516.0,4000,0,0,8000,0,0,4000,0,0
20251201,00851,台新全球AI,54.6,54.8,54.35,54.45,+,0.15,13333,726596.0,-1000,0,5000,0,0,5000,1000,0,0
20251201,6216,居易,26.4,26.7,26.35,26.4,-,0.1,44871,1190646.0,6000,0,-2030,18000,0,0,12000,0,2030
20251201,1735,日勝化,14.6,14.6,14.55,14.55,-,0.05,15419,225344.0,4000,0,-325,5000,0,0,1000,0,325
20251201,6645,金萬林-創,18.95,18.95,18.75,18.8,-,0.1,21635,407315.0,0,0,3449,2000,0,7449,2000,0,4000
20251201,6689,伊雲谷,64.0,64.5,63.7,64.1,-,0.1,88379,5662234.0,5000,0,-2000,32000,0,0,27000,0,2000
20251201,6936,永鴻生技,34.75,35.1,34.7,35.0,+,0.5,40729,1420822.0,3000,0,0,4000,0,0,1000,0,0
20251201,6771,平和環保-創,46.6,47.3,46.45,47.3,+,0.35,33199,1549343.0,4000,0,-1000,4000,0,5000,0,0,6000
20251201,3716,中化控股,34.0,34.1,33.8,34.0,-,0.1,46116,1562915.0,1000,0,2000,4000,0,2000,3000,0,0
20251201,2483,百容,18.6,18.75,18.3,18.45,-,0.15,191838,3545140.0,0,0,3000,2000,0,4000,2000,0,1000
20251201,2906,高林,13.5,13.6,13.2,13.25,-,0.25,200624,2673796.0,-5000,0,8000,2000,0,12000,7000,0,4000
20251201,3150,鈺寶-創,18.0,18.05,17.95,18.05,-,0.2,14000,252000.0,5000,0,-2000,7000,0,5000,2000,0,7000
20251201,3229,晟鈦,15.05,15.1,15.0,15.0,-,0.15,29398,442499.0,3000,0,0,3000,0,0,0,0,0
20251201,9136,巨騰-DR,7.11,7.15,7.11,7.13,+,0.01,339000,2420040.0,3000,0,0,6000,0,0,3000,0,0
20251201,1475,業旺,37.25,37.25,36.75,36.75,+,0.15,11030,406707.0,2000,0,1000,2000,0,1000,0,0,0
20251201,1451,年興,17.35,17.4,17.25,17.35,,0.0,115177,1995627.0,3000,0,0,4000,0,0,1000,0,0
20251201,1535,中宇,55.0,55.0,54.7,54.7,-,0.1,10438,572348.0,2000,0,1000,3000,0,1000,1000,0,0
20251201,1108,幸福,15.05,15.05,14.95,14.95,-,0.1,134016,2007229.0,1000,0,2000,3000,0,2000,2000,0,0
20251201,1410,南染,34.45,34.45,34.2,34.35,-,0.1,8000,274900.0,2000,0,0,2000,0,0,0,0,0
20251201,1416,廣豐,11.75,11.75,11.65,11.7,-,0.05,38398,449235.0,2000,0,0,3000,0,0,1000,0,0
20251201,1626,艾美特-KY,12.2,12.2,12.1,12.1,-,0.25,6639,81015.0,2000,0,0,2000,0,0,0,0,0
20251201,1453,大將,12.45,12.45,12.25,12.3,-,0.2,30424,374815.0,2000,0,0,3000,0,0,1000,0,0
20251201,1459,聯發,11.85,11.95,11.85,11.9,+,0.05,51499,612309.0,2000,0,0,2000,0,0,0,0,0
20251201,1468,昶和,11.75,11.75,11.6,11.6,-,0.25,38000,443550.0,2000,0,0,2000,0,0,0,0,0
20251201,1516,川飛,19.95,20.05,19.85,20.0,+,0.05,54954,1097222.0,2000,0,0,2000,0,0,0,0,0
20251201,3164,景岳,18.55,18.55,18.5,18.5,-,0.1,15166,280957.0,2000,0,0,3000,0,0,1000,0,0
20251201,3308,聯德,14.65,14.75,14.5,14.6,-,0.1,21654,316385.0,2000,0,0,6000,0,0,4000,0,0
20251201,2849,安泰銀,13.25,13.3,13.25,13.3,-,0.1,8223,109367.0,1000,0,1000,4000,0,1000,3000,0,0
20251201,2028,威致,16.25,16.7,16.1,16.45,+,0.25,94263,1551329.0,7000,0,-5000,19000,0,0,12000,0,5000
20251201,4133,亞諾法,22.85,22.95,22.6,22.65,-,0.1,44864,1018116.0,2000,0,0,3000,0,0,1000,0,0
20251201,6835,圓裕,40.25,40.25,39.05,39.45,-,0.45,46316,1829172.0,2000,0,0,10000,0,0,8000,0,0
20251201,6958,日盛台駿,16.0,16.25,15.95,16.25,+,0.25,18976,304542.0,3000,0,-1000,4000,0,0,1000,0,1000
20251201,6183,關貿,96.6,96.6,96.5,96.5,+,0.3,4973,479944.0,-1000,0,2964,0,0,3000,1000,0,36
20251201,5546,永固-KY,22.05,22.4,22.05,22.2,+,0.15,4000,89000.0,1000,0,0,1000,0,0,0,0,0
20251201,4930,燦星網,21.95,21.95,21.9,21.95,,0.0,11634,255392.0,1000,0,0,1000,0,0,0,0,0
20251201,4935,茂林-KY,42.35,42.6,42.25,42.25,-,0.35,48090,2039437.0,2000,0,-1000,4000,0,0,2000,0,1000
20251201,7705,三商餐飲,40.4,40.85,40.3,40.45,+,0.2,38759,1566617.0,1000,0,0,3000,0,0,2000,0,0
20251201,6807,峰源-KY,45.7,45.8,45.7,45.8,,0.0,5200,237860.0,1000,0,0,3000,0,0,2000,0,0
20251201,6606,建德工業,25.2,25.5,25.05,25.05,-,0.1,55296,1393656.0,1000,0,0,2000,0,0,1000,0,0
20251201,6581,鋼聯,109.0,109.0,109.0,109.0,-,1.5,2606,285756.0,1000,0,0,1000,0,0,0,0,0
20251201,8481,政伸,40.7,40.7,40.4,40.7,,0.0,21320,865720.0,1000,0,0,2000,0,0,1000,0,0
20251201,2107,厚生,23.65,23.8,23.55,23.7,+,0.05,282416,6686952.0,0,0,1000,15000,0,1000,15000,0,0
20251201,2254,巨鎧精密-創,59.5,59.9,59.5,59.9,-,0.4,2000,119400.0,-1000,0,2000,0,0,2000,1000,0,0
20251201,2227,裕日車,56.7,56.7,55.4,55.4,-,1.3,16575,926274.0,-1000,0,2000,1000,0,2000,2000,0,0
20251201,2414,精技,41.4,41.5,41.2,41.25,-,0.15,34329,1419527.0,1000,0,0,2000,0,0,1000,0,0
20251201,2424,隴華,32.8,32.8,31.6,31.6,-,1.3,18540,592573.0,1000,0,0,2000,0,0,1000,0,0
20251201,2702,華園,12.0,12.0,11.85,11.85,-,0.2,36138,429028.0,1000,0,0,1000,0,0,0,0,0
20251201,2722,夏都,29.3,29.3,28.25,28.25,-,0.4,24008,680247.0,-1000,0,2000,1000,0,3000,2000,0,1000
20251201,1472,三洋實業,91.7,91.7,91.0,91.0,-,0.7,30477,2783999.0,1000,0,0,1000,0,0,0,0,0
20251201,1460,宏遠,5.94,5.94,5.89,5.94,,0.0,359181,2125407.0,-4000,0,5000,0,0,5000,4000,0,0
20251201,1452,宏益,11.8,12.05,11.75,11.85,-,0.1,33492,395950.0,-2000,0,3000,2000,0,3000,4000,0,0
20251201,1438,三地開發,33.65,34.3,33.65,34.15,+,0.5,5120,174592.0,0,0,1000,1000,0,1000,1000,0,0
20251201,1530,亞崴,26.8,26.9,26.4,26.8,,0.0,15101,403460.0,1000,0,0,2000,0,0,1000,0,0
20251201,1220,台榮,12.55,12.6,12.55,12.6,+,0.05,61261,769414.0,-1000,0,2000,0,0,2000,1000,0,0
20251201,00660,元大歐洲50,40.72,40.96,40.71,40.71,,0.0,17638,719090.0,-1000,0,2000,0,0,2000,1000,0,0
20251201,1504,東元,87.5,87.5,84.7,85.0,-,2.7,16762955,1432793005.0,704935,-657000,-46999,7238060,0,314350,6533125,657000,361349
20251201,6505,台塑化,52.2,53.6,51.7,52.4,+,0.1,4599781,242134545.0,-71029,2000,69928,1995998,2000,230182,2067027,0,160254
20251201,7631,聚賢研發-創,129.0,130.0,129.0,130.0,+,1.0,3098,400690.0,0,0,0,0,0,1000,0,0,1000
20251201,6951,青新-創,72.3,72.4,72.3,72.4,-,0.1,11213,811811.0,0,0,0,1000,0,0,1000,0,0
20251201,6924,榮惠-KY創,53.6,56.7,53.6,56.7,-,0.4,7000,384900.0,0,0,0,0,0,1000,0,0,1000
20251201,8411,福貞-KY,12.3,12.3,12.2,12.25,-,0.15,72892,891746.0,0,0,0,2000,0,0,2000,0,0
20251201,6201,亞弘電,56.2,56.9,56.0,56.3,-,0.3,10672,600939.0,0,0,0,1000,0,0,1000,0,0
20251201,6115,鎰勝,46.7,47.1,46.7,46.9,,0.0,38259,1797460.0,2000,0,-2000,2000,0,0,0,0,2000
20251201,2762,世界健身-KY,78.7,78.9,77.7,78.0,-,0.9,21421,1680884.0,0,0,0,4000,0,0,4000,0,0
20251201,3168,眾福科,44.25,44.25,44.25,44.25,+,0.05,1000,44250.0,-1000,0,1000,0,0,1000,1000,0,0
20251201,2538,基泰,11.0,11.2,11.0,11.0,-,0.1,161626,1785694.0,-3000,0,3000,28000,0,3000,31000,0,0
20251201,1776,展宇,15.0,15.15,15.0,15.1,,0.0,10549,159292.0,0,0,0,1000,0,0,1000,0,0
20251201,9931,欣高,33.9,34.1,33.9,33.9,,0.0,10000,339750.0,0,0,0,2000,0,0,2000,0,0
20251201,1418,東華,19.9,20.1,19.8,20.1,+,0.1,14050,280710.0,0,0,0,1000,0,0,1000,0,0
20251201,1432,大魯閣,17.95,17.95,17.6,17.9,+,0.05,108643,1927332.0,0,0,0,4000,0,0,4000,0,0
20251201,1454,台富,13.35,13.6,13.35,13.55,+,0.05,35802,486068.0,0,0,0,1000,0,0,1000,0,0
20251201,1583,程泰,44.15,44.55,44.15,44.55,+,0.4,5627,249024.0,-1000,0,1000,0,0,1000,1000,0,0
20251201,1235,興泰,49.35,49.35,49.35,49.35,+,1.5,2524,124125.0,1000,0,-1000,2000,0,0,1000,0,1000
20251201,00736,國泰新興市場,27.38,27.44,27.28,27.28,-,0.22,104375,2857429.0,0,0,0,0,0,101000,0,0,101000
20251201,1256,鮮活果汁-KY,142.0,142.0,137.0,137.0,-,3.5,34884,4822224.0,-3060,0,3000,8000,0,3000,11060,0,0
20251201,0053,元大電子,134.2,134.2,132.6,133.3,-,1.5,22053,2935003.0,0,0,-127,0,0,6000,0,0,6127
20251201,1109,信大,15.5,15.75,15.5,15.65,,0.0,190048,2974108.0,3000,0,-3152,5000,0,0,2000,0,3152
20251201,00897,富邦基因免疫生技,9.05,9.06,9.03,9.03,-,0.06,768156,6947924.0,386000,0,-386370,400000,0,22147,14000,0,408517
20251201,00905,FT臺灣Smart,16.7,16.7,16.56,16.56,-,0.2,1118298,18578964.0,-12000,0,11318,2000,0,294000,14000,0,282682
20251201,7722,LINEPAY,566.0,568.0,559.0,565.0,-,1.0,44445,25098616.0,146,0,-1000,18000,0,1000,17854,0,2000
20251201,7736,虎山,92.2,92.2,92.2,92.2,+,0.2,1120,103235.0,-1000,0,0,0,0,0,1000,0,0
20251201,6916,華凌,17.7,17.8,17.5,17.8,,0.0,10010,176323.0,-1000,0,0,0,0,0,1000,0,0
20251201,6918,愛派司,87.8,87.9,86.3,86.3,-,1.6,13330,1158417.0,-1000,0,0,0,0,0,1000,0,0
20251201,6792,詠業,51.5,52.9,51.5,51.6,+,0.1,14257,741073.0,-2000,0,1000,0,0,1000,2000,0,0
20251201,6796,晉弘,93.5,94.0,93.0,93.8,-,0.3,69397,6498119.0,-1000,0,0,3000,0,0,4000,0,0
20251201,6666,羅麗芬-KY,44.5,44.5,44.15,44.5,-,0.2,4187,185985.0,-1000,0,0,0,0,0,1000,0,0
20251201,6464,台數科,79.2,79.7,78.6,78.6,+,0.1,468588,36580146.0,0,0,-1000,5000,0,3000,5000,0,4000
20251201,8488,吉源-KY,10.25,10.25,10.2,10.2,-,0.1,5017,51376.0,-1000,0,0,1000,0,0,2000,0,0
20251201,6136,富爾特,23.6,23.65,23.5,23.5,-,0.2,242463,5708200.0,0,0,-1000,0,0,0,0,0,1000
20251201,4994,傳奇,96.7,97.9,95.7,95.7,-,1.0,15932,1537674.0,0,0,-1000,2000,0,0,2000,0,1000
20251201,4807,日成-KY,17.85,18.05,17.65,17.7,-,0.1,24868,443406.0,-1000,0,0,0,0,0,1000,0,0
20251201,4148,全宇生技-KY,39.65,39.8,39.65,39.8,-,0.2,2260,89746.0,-1000,0,0,0,0,0,1000,0,0
20251201,4190,佐登-KY,30.35,30.95,30.3,30.6,+,0.25,11232,343077.0,-1000,0,0,1000,0,0,2000,0,0
20251201,1752,南光,38.5,38.5,37.8,38.15,,0.0,34280,1312551.0,-1000,0,0,0,0,0,1000,0,0
20251201,1731,美吾華,21.75,21.8,21.75,21.75,,0.0,56221,1224149.0,-1000,0,0,0,0,0,1000,0,0
20251201,2114,鑫永銓,89.7,90.5,89.7,89.8,-,0.1,24418,2194406.0,-1000,0,0,0,0,0,1000,0,0
20251201,2314,台揚,23.5,23.7,23.15,23.7,+,0.2,112902,2656967.0,-1000,0,0,0,0,0,1000,0,0
20251201,2373,震旦行,56.6,57.2,56.6,57.2,+,0.2,7066,402070.0,-1000,0,0,0,0,0,1000,0,0
20251201,2423,固緯,52.4,53.2,52.4,52.8,,0.0,70307,3722032.0,0,0,-1000,28000,0,0,28000,0,1000
20251201,2432,倚天酷碁-創,26.45,26.45,26.25,26.25,-,0.2,2040,53755.0,0,0,-1000,0,0,0,0,0,1000
20251201,2433,互盛電,47.9,48.2,47.85,47.9,-,0.35,9049,435056.0,-1000,0,0,0,0,1000,1000,0,1000
20251201,9905,大華,20.05,20.1,19.9,20.0,-,0.05,63407,1269400.0,-1000,0,0,0,0,0,1000,0,0
20251201,9908,大台北,29.95,30.15,29.95,30.05,-,0.1,79032,2373990.0,6000,0,-7000,12000,0,0,6000,0,7000
20251201,9944,新麗,16.75,16.75,16.55,16.55,-,0.2,32408,540870.0,-1000,0,0,0,0,0,1000,0,0
20251201,1110,東泥,16.5,16.7,16.4,16.6,-,0.05,120401,1997946.0,-1000,0,0,18000,0,0,19000,0,0
20251201,1339,昭輝,46.05,46.1,45.3,45.4,-,0.35,24528,1118252.0,0,0,-1000,1000,0,0,1000,0,1000
20251201,1236,宏亞,24.6,24.75,24.4,24.65,-,0.05,30045,739773.0,-1000,0,0,0,0,0,1000,0,0
20251201,1531,高林股,11.7,11.75,11.7,11.75,+,0.05,18177,212801.0,-1000,0,0,0,0,0,1000,0,0
20251201,1541,錩泰,23.7,24.0,23.65,23.8,-,0.25,8622,204960.0,-1000,0,0,0,0,0,1000,0,0
20251201,1568,倉佑,21.35,21.4,21.25,21.4,+,0.05,50506,1076944.0,-1000,0,0,3000,0,0,4000,0,0
20251201,1456,怡華,13.15,13.5,13.1,13.3,-,0.2,28123,374167.0,-2000,0,1000,0,0,3000,2000,0,2000
20251201,1443,立益物流,27.6,27.6,27.6,27.6,,0.0,1001,27627.0,-1000,0,0,0,0,0,1000,0,0
20251201,1437,勤益控,33.1,33.1,32.6,33.1,+,0.05,83014,2738979.0,-1000,0,0,21000,0,1000,22000,0,1000
20251201,1439,雋揚,28.1,28.1,27.25,27.25,+,0.1,2000,55350.0,-1000,0,0,0,0,0,1000,0,0
20251201,1506,正道,11.65,11.7,11.5,11.65,,0.0,97098,1121057.0,3000,0,-4000,3000,0,0,0,0,4000
20251201,1525,江申,67.5,67.6,65.9,66.5,+,0.5,17089,1136831.0,-1000,0,0,3000,0,4000,4000,0,4000
20251201,6405,悅城,25.0,25.0,24.6,24.75,-,0.5,57864,1431397.0,-1000,0,-499,10000,0,1000,11000,0,1499
20251201,6838,台新藥,27.8,28.15,27.45,27.5,-,0.1,93797,2592966.0,-2500,0,963,26000,0,2000,28500,0,1037
20251201,9939,宏全,127.0,128.5,126.0,126.0,-,2.0,442620,56061950.0,-3000,7000,-5629,224000,7000,5000,227000,0,10629
20251201,2415,錩新,25.75,25.9,25.7,25.75,-,0.15,35931,926107.0,-3000,0,1008,2000,0,1008,5000,0,0
20251201,2430,燦坤,23.35,23.5,23.35,23.45,,0.0,12662,296926.0,-2000,0,0,0,0,1000,2000,0,1000
20251201,2706,第一店,13.2,13.2,13.1,13.2,+,0.1,63764,839740.0,-4000,0,2000,0,0,2000,4000,0,0
20251201,2923,鼎固-KY,20.0,20.0,20.0,20.0,-,0.55,10332,206714.0,-2000,0,0,8000,0,0,10000,0,0
20251201,3266,昇陽,13.85,13.95,13.75,13.75,,0.0,77250,1071300.0,-2000,0,0,0,0,0,2000,0,0
20251201,6776,展碁國際,51.6,51.6,50.9,51.0,-,0.8,159144,8139375.0,-2000,0,0,16000,0,0,18000,0,0
20251201,6168,宏齊,19.45,19.75,19.25,19.25,-,0.25,139914,2724593.0,0,0,-2000,58000,0,0,58000,0,2000
20251201,9935,慶豐富,20.95,20.95,20.55,20.55,-,0.35,126851,2619469.0,-3000,0,1000,8000,0,1000,11000,0,0
20251201,9929,秋雨,10.15,10.75,10.15,10.6,+,0.1,13200,139200.0,-2000,0,0,0,0,2000,2000,0,2000
20251201,8940,新天地,20.25,20.9,20.1,20.4,+,0.3,41878,849646.0,-2000,0,0,7000,0,1000,9000,0,1000
20251201,1474,弘裕,11.5,11.5,11.35,11.35,-,0.15,169469,1925953.0,-3000,0,1000,0,0,1000,3000,0,0
20251201,1447,力鵬,5.47,5.5,5.41,5.46,+,0.01,274458,1500776.0,1000,0,-3000,20000,0,1000,19000,0,4000
20251201,1203,味王,39.75,39.8,39.4,39.6,-,0.15,11184,444442.0,-2000,0,0,0,0,0,2000,0,0
20251201,0057,富邦摩台,181.65,181.65,181.4,181.4,-,2.0,11292,2048842.0,0,0,-2071,0,0,9000,0,0,11071
20251201,2362,藍天,40.55,40.9,40.4,40.55,-,0.35,475881,19314676.0,284000,-283000,-3214,348000,0,2008,64000,283000,5222
20251201,8464,億豐,369.5,378.0,369.5,372.5,,0.0,452827,169596910.0,-3878,0,1570,408932,0,8570,412810,0,7000
20251201,2461,光群雷,15.3,15.4,15.25,15.3,,0.0,298830,4562974.0,-2999,0,0,35001,0,0,38000,0,0
20251201,8443,阿瘦,11.05,11.05,10.95,11.0,-,0.05,14326,157732.0,-3000,0,0,1000,0,0,4000,0,0
20251201,8162,微矽電子-創,34.1,34.2,34.05,34.05,-,0.05,34114,1163231.0,0,0,-3000,3000,0,0,3000,0,3000
20251201,6226,光鼎,6.76,6.76,6.6,6.68,-,0.08,87418,582182.0,-3000,0,0,4000,0,0,7000,0,0
20251201,6423,億而得-創,76.5,76.5,76.3,76.3,-,0.3,3000,229300.0,-1000,0,-2000,0,0,0,1000,0,2000
20251201,5306,桂盟,91.9,91.9,91.0,91.2,,0.0,15886,1451037.0,-3000,0,0,3000,0,0,6000,0,0
20251201,4426,利勤,9.92,9.98,9.92,9.92,+,0.01,49782,494437.0,-3000,0,0,0,0,0,3000,0,0
20251201,1471,首利,8.87,8.88,8.68,8.87,,0.0,129040,1139362.0,-1000,0,-2000,18000,0,2000,19000,0,4000
20251201,1465,偉全,12.75,12.8,12.7,12.75,+,0.05,17424,222119.0,-3000,0,0,0,0,0,3000,0,0
20251201,1457,宜進,16.0,16.1,15.95,15.95,-,0.05,127762,2040687.0,-3000,0,0,0,0,0,3000,0,0
20251201,4952,凌通,35.95,35.95,35.15,35.3,-,0.7,44775,1586205.0,-2000,0,-1073,12000,0,0,14000,0,1073
20251201,6962,奕力-KY,39.95,40.7,39.85,39.9,-,0.05,1967375,79166390.0,-404000,399000,1373,368000,399000,2351,772000,0,978
20251201,6625,必應,87.9,87.9,86.4,87.0,-,0.1,99856,8664108.0,-3893,0,0,18107,0,0,22000,0,0
20251201,4439,冠星-KY,106.5,106.5,103.5,104.0,-,1.0,20810,2176732.0,-4000,0,20,2000,0,20,6000,0,0
20251201,2250,IKKA-KY,76.8,76.8,74.9,74.9,-,1.2,27418,2068271.0,-3987,0,0,6013,0,0,10000,0,0
20251201,2243,宏旭-KY,11.0,11.0,10.8,10.95,-,0.05,51028,554562.0,-5000,0,1000,3000,0,2000,8000,0,1000
20251201,2012,春雨,15.0,15.3,15.0,15.1,+,0.05,30419,458799.0,-4000,0,0,1000,0,0,5000,0,0
20251201,2459,敦吉,66.4,66.6,66.3,66.3,-,0.3,21309,1414060.0,-3000,0,-1000,3000,0,0,6000,0,1000
20251201,2506,太設,9.57,9.58,9.47,9.57,-,0.02,63800,607909.0,-4000,0,0,0,0,0,4000,0,0
20251201,2616,山隆,13.7,13.85,13.65,13.8,+,0.1,41628,572763.0,-2000,0,-2000,4000,0,0,6000,0,2000
20251201,2739,寒舍,36.95,36.95,35.85,35.95,-,0.6,24847,897299.0,-5000,0,1000,1000,0,1000,6000,0,0
20251201,6671,三能-KY,36.0,36.0,35.8,35.8,+,0.15,14000,502550.0,-3000,0,-1000,1000,0,5000,4000,0,6000
20251201,6914,阜爾運通,148.5,149.0,147.5,147.5,-,1.0,25163,3726802.0,-4000,0,0,2000,0,0,6000,0,0
20251201,6902,GOGOLOOK,81.2,81.2,78.4,81.2,+,0.2,53828,4298530.0,-4000,0,0,22000,0,0,26000,0,0
20251201,1445,大宇,13.95,13.95,13.75,13.9,-,0.05,7570,105006.0,-4000,0,0,0,0,0,4000,0,0
20251201,4766,南寶,328.0,329.5,322.5,329.0,-,0.5,222508,72484676.0,-8000,0,3579,95000,0,8000,103000,0,4421
20251201,3679,新至陞,116.0,116.0,115.5,116.0,-,0.5,14841,1718476.0,-6000,0,1000,0,0,1000,6000,0,0
20251201,6582,申豐,33.0,34.1,33.0,34.1,+,1.3,47680,1595335.0,-4000,0,-1000,7000,0,0,11000,0,1000
20251201,2434,統懋,32.65,32.65,31.85,31.85,-,0.6,24023,775187.0,-5000,0,0,1000,0,0,6000,0,0
20251201,2413,環科,28.6,28.8,27.5,27.6,-,1.25,3294674,92116571.0,-3000,0,-2000,661000,0,0,664000,0,2000
20251201,1725,元禎,25.85,26.0,25.8,25.85,-,0.05,20377,527612.0,-5000,0,0,0,0,0,5000,0,0
20251201,1533,車王電,31.5,31.8,31.35,31.4,-,0.1,60302,1901410.0,-5000,0,0,6000,0,0,11000,0,0
20251201,4438,廣越,83.2,83.6,82.0,82.3,-,0.9,21945,1811457.0,-5815,0,206,3000,0,206,8815,0,0
20251201,1315,達新,64.7,64.9,64.3,64.8,+,0.2,9896,639307.0,-5720,0,0,1000,0,0,6720,0,0
20251201,1210,大成,53.0,53.5,52.4,52.5,+,0.5,1278773,67390840.0,-4000,0,-1827,514000,0,7173,518000,0,9000
20251201,1342,八貫,85.8,86.4,85.3,86.0,+,0.1,130025,11188258.0,-6000,0,0,18000,0,0,24000,0,0
20251201,1540,喬福,21.8,21.9,21.6,21.65,-,0.25,58106,1265063.0,-6000,0,0,20000,0,0,26000,0,0
20251201,5525,順天,28.6,28.6,28.2,28.4,-,0.3,15524,441626.0,-6000,0,0,0,0,0,6000,0,0
20251201,6863,永道-KY,119.0,120.0,118.0,119.0,+,0.5,88675,10582104.0,-6000,0,0,24000,0,0,30000,0,0
20251201,3419,譁裕,12.9,12.9,12.6,12.85,-,0.05,115325,1464901.0,-6000,0,0,1000,0,1000,7000,0,1000
20251201,2442,新美齊,24.95,25.2,24.55,24.6,-,0.4,247832,6123396.0,-7000,0,1000,93000,0,1000,100000,0,0
20251201,6794,向榮生技,79.8,79.8,78.1,78.5,-,0.7,22490,1770199.0,-6000,0,-200,0,0,0,6000,0,200
20251201,00875,國泰網路資安,39.23,39.23,39.04,39.04,-,0.19,17364,679865.0,0,0,-6487,0,0,571,0,0,7058
20251201,3130,一零四,225.0,225.5,224.5,224.5,,0.0,12378,2785821.0,-6685,0,0,4000,0,0,10685,0,0
20251201,2535,達欣工,63.0,63.5,62.6,63.1,-,0.1,141096,8907031.0,-53904,0,47000,29000,0,50000,82904,0,3000
20251201,2444,兆勁,11.1,11.1,10.8,10.8,-,0.3,165959,1807806.0,-7000,0,0,5000,0,0,12000,0,0
20251201,2450,神腦,28.9,29.15,28.85,28.95,-,0.05,42962,1246025.0,-7000,0,0,0,0,2000,7000,0,2000
20251201,3138,耀登,89.5,89.5,88.2,88.2,-,1.6,25624,2272600.0,-7000,0,0,4000,0,0,11000,0,0
20251201,6928,攸泰科技,52.4,52.4,50.7,51.1,-,0.5,119738,6167215.0,-7000,0,0,42000,0,0,49000,0,0
20251201,7730,暉盛-創,86.9,86.9,84.2,84.2,-,0.2,11220,950426.0,-7000,0,0,0,0,0,7000,0,0
20251201,1466,聚隆,14.7,14.7,14.25,14.25,-,0.35,63713,919144.0,-9000,0,2000,1000,0,3000,10000,0,1000
20251201,1526,日馳,17.1,17.1,16.9,17.0,-,0.1,45183,768960.0,-8000,0,0,0,0,0,8000,0,0
20251201,1529,樂事綠能,19.15,19.45,19.1,19.1,-,0.15,211232,4060272.0,-7000,0,-1000,63000,0,0,70000,0,1000
20251201,1598,岱宇,22.2,22.4,21.8,21.8,-,0.65,129974,2860248.0,-10000,0,2000,21000,0,2000,31000,0,0
20251201,8429,金麗-KY,7.79,7.79,7.67,7.67,-,0.12,138085,1067883.0,-8000,0,0,23000,0,0,31000,0,0
20251201,6674,鋐寶科技,20.35,20.75,20.25,20.45,,0.0,34040,695215.0,-8000,0,0,0,0,0,8000,0,0
20251201,6598,ABC-KY,22.1,22.1,21.55,21.75,-,0.35,29319,642902.0,-8000,0,0,1000,0,0,9000,0,0
20251201,2397,友通,62.0,62.5,61.6,61.6,-,0.6,59557,3686291.0,-8000,0,0,11000,0,0,19000,0,0
20251201,2514,龍邦,14.65,14.75,14.65,14.65,-,0.1,41211,605213.0,-7000,0,-1000,2000,0,3000,9000,0,4000
20251201,2704,國賓,43.7,43.85,42.9,43.5,,0.0,38449,1666537.0,-13000,0,5000,8000,0,5000,21000,0,0
20251201,2705,六福,16.6,16.65,16.5,16.55,-,0.05,248624,4115424.0,-9000,0,1000,3000,0,1000,12000,0,0
20251201,2109,華豐,15.35,15.35,15.2,15.3,+,0.05,58908,898570.0,-8000,0,0,4000,0,0,12000,0,0
20251201,00916,國泰全球品牌50,27.04,27.17,27.03,27.03,,0.0,107872,2923636.0,3000,0,-11892,6000,0,18863,3000,0,30755
20251201,3607,谷崧,13.7,14.05,13.65,13.7,-,0.2,274292,3783896.0,-8000,0,-1000,50000,0,1000,58000,0,2000
20251201,9942,茂順,104.5,105.0,104.0,104.5,-,0.5,34688,3614317.0,-9000,0,0,0,0,0,9000,0,0
20251201,00657,國泰日經225,58.2,58.25,57.85,57.85,-,1.15,189601,10997765.0,-1000,0,-8157,0,0,172104,1000,0,180261
20251201,3669,圓展,29.95,30.0,29.25,29.65,-,0.25,29049,861303.0,-10000,0,0,1000,0,0,11000,0,0
20251201,6164,華興,9.75,9.75,9.68,9.72,-,0.03,26614,259025.0,-7000,0,-3000,4000,0,0,11000,0,3000
20251201,7765,中華資安,279.0,279.0,274.5,274.5,-,6.5,31667,8747839.0,-10000,0,0,0,0,0,10000,0,0
20251201,3296,勝德,20.4,20.4,20.25,20.4,,0.0,20519,417165.0,-10000,0,0,0,0,0,10000,0,0
20251201,00913,兆豐台灣晶圓製造,24.13,24.13,23.72,23.72,-,0.45,179460,4274242.0,-2000,0,-8815,0,0,131957,2000,0,140772
20251201,3027,盛達,23.0,23.3,22.7,23.0,,0.0,96859,2229695.0,-12000,0,1000,15000,0,1000,27000,0,0
20251201,2462,良得電,21.7,21.9,21.7,21.75,-,0.05,33786,735898.0,-12000,0,1000,2000,0,1000,14000,0,0
20251201,6906,現觀科,90.7,90.7,88.6,89.9,-,0.8,21855,1957718.0,-11000,0,0,1000,0,0,12000,0,0
20251201,4588,玖鼎電力,59.8,60.0,59.7,59.9,-,0.4,27909,1672279.0,-11000,0,0,1000,0,0,12000,0,0
20251201,4576,大銀微系統,106.0,106.5,103.5,103.5,-,2.5,171659,17999896.0,-5000,0,-6040,51000,0,2000,56000,0,8040
20251201,2642,宅配通,27.0,27.0,26.6,26.8,-,0.2,31470,839932.0,-11118,0,0,2000,0,0,13118,0,0
20251201,00770,國泰北美科技,57.4,57.7,57.2,57.2,-,0.2,544013,31226477.0,-103984,0,92814,0,0,254814,103984,0,162000
20251201,2352,佳世達,28.0,28.1,27.7,27.7,-,0.4,1733073,48271849.0,-68000,68000,-11201,797000,68000,1000,865000,0,12201
20251201,00972,野村日本動能高息,17.66,17.66,17.57,17.57,-,0.01,119031,2097939.0,41000,0,-52259,52000,0,21000,11000,0,73259
20251201,5515,建國,32.6,32.6,31.2,31.2,-,1.4,799981,25301027.0,-16400,0,5000,187600,0,19000,204000,0,14000
20251201,6933,AMAX-KY,164.0,164.0,159.5,160.0,-,3.5,129559,20838792.0,-12000,0,360,23000,0,1000,35000,0,640
20251201,6994,富威電力,92.6,92.8,90.1,91.0,-,1.6,74122,6745513.0,-12000,0,42,18000,0,50,30000,0,8
20251201,6873,泓德能源,100.5,103.0,100.5,102.5,+,1.0,314872,31960897.0,-22000,0,10039,106000,0,15039,128000,0,5000
20251201,7749,意騰-KY,445.0,445.0,439.5,441.0,-,4.0,115923,51181298.0,-13000,0,990,33000,0,1002,46000,0,12
20251201,6861,睿生光電,59.4,60.5,58.5,59.0,-,0.4,85247,5063675.0,-13000,0,0,36000,0,4000,49000,0,4000
20251201,9103,美德醫療-DR,4.64,4.79,4.64,4.69,+,0.1,609100,2860576.0,-13000,0,0,59000,0,0,72000,0,0
20251201,1762,中化生,25.4,25.45,24.9,25.0,+,0.1,58322,1465305.0,-12000,0,-1160,3000,0,0,15000,0,1160
20251201,1215,卜蜂,144.0,147.0,141.0,144.5,+,1.5,1907212,274768108.0,542000,-507000,-48856,1380000,18000,3636,838000,525000,52492
20251201,1232,大統益,144.0,145.5,144.0,145.0,-,0.5,41765,6049718.0,-12000,0,-2000,3000,0,0,15000,0,2000
20251201,6277,宏正,64.3,65.0,63.4,63.5,-,0.8,117566,7504121.0,-14000,0,0,9000,0,1000,23000,0,1000
20251201,4441,振大環球,270.0,270.5,267.5,270.0,,0.0,51907,13995471.0,-14000,0,0,2000,0,0,16000,0,0
20251201,9930,中聯資源,70.9,71.2,70.7,70.8,-,0.4,49630,3518051.0,-12000,0,-2004,4000,0,1000,16000,0,3004
20251201,1906,寶隆,12.8,12.8,12.5,12.55,-,0.15,47404,596142.0,-15000,0,661,1000,0,1000,16000,0,339
20251201,3047,訊舟,17.75,17.75,17.4,17.4,-,0.25,642959,11273957.0,-8000,0,-6524,157000,0,1000,165000,0,7524
20251201,2472,立隆電,106.5,106.5,102.0,102.5,-,4.0,3246124,335940723.0,2000,80000,-96526,798000,80000,5000,796000,0,101526
20251201,1515,力山,27.55,27.7,27.3,27.6,-,0.2,88968,2443952.0,-12000,0,-2750,21000,0,1000,33000,0,3750
20251201,2013,中鋼構,42.4,42.75,42.2,42.35,,0.0,154296,6552199.0,-13000,0,-1751,8000,0,249,21000,0,2000
20251201,6472,保瑞,540.0,546.0,535.0,537.0,-,9.0,426669,229968173.0,2000,-5000,-11940,158000,0,5637,156000,5000,17577
20251201,7711,永擎,265.5,267.0,262.0,262.5,,0.0,179184,47353621.0,-15000,0,0,9000,0,0,24000,0,0
20251201,5706,鳳凰,51.7,51.7,51.0,51.3,-,0.4,124613,6406313.0,-15000,0,0,25000,0,1000,40000,0,1000
20251201,5484,慧友,36.1,36.1,35.2,35.2,-,0.9,75668,2681748.0,-14000,0,-1000,12000,0,0,26000,0,1000
20251201,3094,聯傑,23.6,23.95,23.5,23.9,,0.0,70820,1675401.0,-14000,0,-1000,12000,0,0,26000,0,1000
20251201,6949,沛爾生醫-創,381.5,381.5,374.0,380.0,-,2.0,78322,29547029.0,-16000,0,-172,15000,0,2000,31000,0,2172
20251201,0055,元大MSCI金融,29.51,29.64,29.4,29.47,-,0.04,101020,2983936.0,-3044,0,-13812,15000,0,0,18044,0,13812
20251201,2855,統一證,24.65,24.85,24.4,24.5,,0.0,1593316,39187949.0,-21000,4000,0,844300,4000,0,865300,0,0
20251201,1760,寶齡富錦,67.5,67.5,65.9,66.1,-,0.7,47540,3148636.0,-17000,0,0,5000,0,0,22000,0,0
20251201,3705,永信,56.9,56.9,56.4,56.5,-,0.4,94250,5328971.0,-17000,0,-36,16000,0,0,33000,0,36
20251201,2340,台亞,25.5,25.95,25.2,25.35,-,0.15,1109996,28260089.0,-81000,0,63376,359000,0,70501,440000,0,7125
20251201,2007,燁興,6.91,7.38,6.91,7.3,+,0.05,213755,1528385.0,-16000,0,-2000,6000,0,0,22000,0,2000
20251201,4720,德淵,14.0,14.05,13.85,13.95,,0.0,99330,1385218.0,-18000,0,0,1000,0,0,19000,0,0
20251201,6281,全國電,64.5,64.5,63.7,63.8,-,1.2,56084,3590622.0,-18000,0,0,1000,0,0,19000,0,0
20251201,6658,聯策,50.2,50.4,49.0,49.0,-,1.1,98300,4866031.0,-18000,0,0,18000,0,0,36000,0,0
20251201,3501,維熹,47.7,48.05,47.6,47.6,-,0.1,83525,3990050.0,-17000,0,-1000,21000,0,0,38000,0,1000
20251201,9946,三發地產,17.9,17.9,17.45,17.8,,0.0,96496,1704029.0,-18000,0,0,17000,0,2000,35000,0,2000
20251201,1707,葡萄王,129.0,129.0,128.0,128.5,,0.0,65661,8447682.0,-16000,0,-2000,20000,0,0,36000,0,2000
20251201,3008,大立光,2205.0,2230.0,2175.0,2180.0,-,25.0,284322,624821765.0,-21658,0,3614,166938,6000,11639,188596,6000,8025
20251201,2608,嘉里大榮,33.55,33.8,33.55,33.55,-,0.3,81252,2734895.0,-18000,0,-225,5000,0,4000,23000,0,4225
20251201,1817,凱撒衛,38.25,38.45,38.25,38.3,-,0.2,21360,818709.0,-19000,0,640,0,0,1000,19000,0,360
20251201,3701,大眾控,31.75,31.75,30.85,30.85,-,1.05,181831,5675193.0,-17000,0,-1521,33000,0,0,50000,0,1521
20251201,2748,雲品,44.0,44.4,43.4,43.6,-,0.3,45717,2007864.0,-20000,0,1000,3000,0,2000,23000,0,1000
20251201,9925,新保,40.6,40.8,40.6,40.65,-,0.05,50614,2059099.0,-17000,0,-2000,11000,0,2000,28000,0,4000
20251201,1539,巨庭,17.3,17.3,16.85,17.1,-,0.1,39377,670854.0,-18000,0,-1000,0,0,0,18000,0,1000
20251201,1446,宏和,18.45,18.45,18.05,18.4,+,0.1,96264,1754407.0,-18000,0,-1000,5000,0,1000,23000,0,2000
20251201,6477,安集,34.6,35.0,34.0,34.25,-,0.35,383054,13176520.0,-18000,0,-1210,115000,0,1000,133000,0,2210
20251201,4912,聯德控股-KY,85.0,85.0,83.3,83.7,-,1.3,98088,8257426.0,-31238,0,12000,9002,0,12000,40240,0,0
20251201,2049,上銀,194.0,195.5,189.0,191.5,-,1.5,1854297,355217880.0,-31420,0,12018,716080,0,71000,747500,0,58982
20251201,00943,兆豐電子高息等權,14.52,14.52,14.4,14.4,-,0.11,293899,4245001.0,0,0,-19836,0,0,254000,0,0,273836
20251201,3021,鴻名,17.35,17.45,17.35,17.4,+,0.1,66057,1150696.0,-20000,0,0,2000,0,0,22000,0,0
20251201,3437,榮創,14.35,14.35,13.9,13.9,-,0.15,116698,1632787.0,-18000,0,-2000,34000,0,0,52000,0,2000
20251201,1449,佳和,10.45,10.45,10.25,10.25,-,0.1,223612,2308189.0,-18000,0,-2008,11000,0,0,29000,0,2008
20251201,3504,揚明光,50.0,50.0,48.6,49.0,-,0.5,74537,3668104.0,-20000,0,-505,14000,0,0,34000,0,505
20251201,8072,陞泰,30.95,31.0,30.7,30.75,-,0.45,109750,3382967.0,-20000,0,-678,30000,0,0,50000,0,678
20251201,6957,裕慶-KY,218.0,224.0,215.0,216.0,-,3.5,225040,49277109.0,-21000,0,0,47000,0,0,68000,0,0
20251201,4771,望隼,180.0,181.0,178.0,180.0,-,0.5,71561,12824390.0,-21000,0,0,12000,0,0,33000,0,0
20251201,4736,泰博,125.0,125.5,124.0,124.0,-,1.0,62594,7808878.0,-22000,0,0,4000,0,0,26000,0,0
20251201,6743,安普新,29.6,29.6,29.0,29.2,-,0.3,78151,2289489.0,-26000,0,4000,5000,0,4000,31000,0,0
20251201,6285,啟碁,102.0,103.0,101.5,101.5,-,0.5,956085,97529182.0,-159000,140000,-3230,286000,150000,11000,445000,10000,14230
20251201,6937,天虹,219.0,219.0,214.0,216.5,-,2.5,106606,23024904.0,-19000,0,-3990,19000,0,1010,38000,0,5000
20251201,8438,昶昕,30.2,30.2,28.95,29.2,-,0.2,76541,2247824.0,-22000,0,-1000,1000,0,1000,23000,0,2000
20251201,3041,揚智,25.55,25.9,25.4,25.4,-,0.35,215459,5510322.0,-23000,0,-356,60000,0,0,83000,0,356
20251201,5388,中磊,82.4,83.3,82.1,82.4,,0.0,233375,19259724.0,-25319,0,1727,80000,0,6000,105319,0,4273
20251201,00895,富邦未來車,37.88,37.88,37.46,37.46,-,0.39,730084,27448753.0,-74900,0,51088,100,0,379000,75000,0,327912
20251201,4934,太極,12.7,12.85,12.3,12.3,-,0.3,344936,4334693.0,-27000,0,3000,81000,0,3000,108000,0,0
20251201,7750,新代,747.0,747.0,730.0,738.0,-,15.0,61724,45412293.0,-24000,0,0,6000,0,0,30000,0,0
20251201,3518,柏騰,20.75,21.45,20.75,20.75,+,0.05,180636,3803708.0,-24000,0,0,38000,0,0,62000,0,0
20251201,1783,和康生,43.3,43.75,42.7,42.7,-,0.65,36716,1574425.0,-25000,0,988,1000,0,1000,26000,0,12
20251201,3528,安馳,67.0,67.0,65.8,66.5,-,1.0,128150,8487206.0,-25000,0,67,37000,0,2000,62000,0,1933
20251201,6184,大豐電,47.8,48.25,47.55,47.55,-,0.25,51787,2474034.0,-25000,0,0,10000,0,0,35000,0,0
20251201,00949,復華日本龍頭,18.3,18.32,18.2,18.21,-,0.17,1046171,19115521.0,200000,0,-225915,200000,0,608348,0,0,834263
20251201,9919,康那香,17.0,17.35,16.9,17.0,+,0.2,661967,11322073.0,-21000,0,-5000,204000,0,1000,225000,0,6000
20251201,6585,鼎基,89.7,89.7,89.0,89.3,-,0.3,48698,4351628.0,-26000,0,-16,2000,0,0,28000,0,16
20251201,8215,明基材,19.9,20.15,19.8,19.9,-,0.15,194159,3862298.0,-24000,0,-3000,76000,0,1000,100000,0,4000
20251201,6152,百一,8.5,8.66,8.36,8.59,+,0.09,132426,1122568.0,-23000,0,-4000,13000,0,0,36000,0,4000
20251201,9902,台火,17.25,17.3,16.8,16.8,-,0.25,258999,4397349.0,-27000,0,0,47000,0,1000,74000,0,1000
20251201,6189,豐藝,46.15,46.5,45.6,46.0,-,0.5,534730,24590276.0,-245805,218000,29,103195,218000,4000,349000,0,3971
20251201,3515,華擎,251.5,252.0,249.0,249.0,-,2.5,307073,76822434.0,-23000,1000,-5881,97000,1000,14268,120000,0,20149
20251201,2417,圓剛,36.4,36.4,35.9,35.9,-,0.5,171248,6181173.0,-28000,0,0,32000,0,0,60000,0,0
20251201,1414,東和,17.7,17.7,17.4,17.6,,0.0,143399,2508577.0,-28000,0,0,20000,0,0,48000,0,0
20251201,4942,嘉彰,37.95,38.2,37.75,37.85,-,0.25,79547,3017208.0,-27000,0,-1208,18000,0,0,45000,0,1208
20251201,6230,尼得科超眾,116.0,116.0,114.0,114.0,-,2.5,48381,5551651.0,-28000,0,-605,3000,0,2000,31000,0,2605
20251201,4999,鑫禾,23.8,23.8,23.45,23.5,+,0.05,83353,1961980.0,-27000,0,-1824,2000,0,0,29000,0,1824
20251201,2536,宏普,25.9,25.95,25.75,25.95,-,0.15,51752,1337071.0,-28000,0,-1000,6000,0,0,34000,0,1000
20251201,1337,再生-KY,4.94,4.96,4.9,4.92,-,0.01,406386,2007190.0,-29000,0,0,8000,0,0,37000,0,0
20251201,4555,氣立,41.45,41.45,40.7,40.8,-,0.65,59623,2438942.0,-29000,0,-111,6000,0,0,35000,0,111
20251201,6756,威鋒電子,77.8,78.7,76.5,76.6,-,0.9,89513,6912981.0,-30000,0,61,14000,0,1000,44000,0,939
20251201,8222,寶一,42.25,42.3,41.35,41.6,-,0.5,810948,33799465.0,-30000,0,0,246000,0,0,276000,0,0
20251201,00923,群益台ESG低碳50,24.84,24.88,24.71,24.72,-,0.26,2208353,54719763.0,-38000,0,7957,30000,0,1389486,68000,0,1381529
20251201,4137,麗豐-KY,99.7,100.0,98.8,98.8,-,0.9,70389,6984729.0,-30000,0,-251,8000,0,1000,38000,0,1251
20251201,3583,辛耘,317.0,319.0,308.0,310.0,-,6.5,321615,100333563.0,-35970,0,5589,66030,0,17000,102000,0,11411
20251201,4564,元翎,16.6,16.85,16.35,16.4,-,0.1,279382,4594486.0,-28000,0,-2877,69000,0,6000,97000,0,8877
20251201,3443,創意,2250.0,2255.0,2170.0,2185.0,-,75.0,3064042,6750018750.0,67213,-22000,-76486,1023902,61000,68514,956689,83000,145000
20251201,6205,詮欣,38.6,38.6,38.1,38.2,-,0.8,65450,2508245.0,-32000,0,0,2000,0,0,34000,0,0
20251201,5288,豐祥-KY,135.5,136.0,134.0,134.0,-,2.0,94161,12711733.0,-29000,0,-3000,9000,0,0,38000,0,3000
20251201,6668,中揚光,38.2,38.6,37.4,37.75,-,0.45,162330,6112480.0,-27000,0,-5000,36000,0,0,63000,0,5000
20251201,1733,五鼎,30.75,31.1,30.4,30.85,+,0.1,250239,7710384.0,46000,0,-78000,84000,0,0,38000,0,78000
20251201,2349,錸德,8.91,9.03,8.87,8.93,+,0.03,1140317,10195487.0,-32000,0,0,321000,0,1000,353000,0,1000
20251201,6742,澤米,45.35,45.35,43.9,44.0,-,0.55,162868,7218260.0,-33000,0,0,34000,0,0,67000,0,0
20251201,2428,興勤,189.0,189.0,183.0,183.5,-,5.5,742465,137220859.0,-44000,17000,-6212,264000,17000,10000,308000,0,16212
20251201,8011,台通,22.0,22.05,21.45,21.45,-,0.15,1280096,27897235.0,-38000,0,4000,129000,0,4000,167000,0,0
20251201,4119,旭富,49.0,49.35,48.4,48.75,-,0.45,73717,3588614.0,-34000,0,-1002,3000,0,1000,37000,0,2002
20251201,2753,八方雲集,194.0,194.0,190.0,191.5,-,3.0,291426,55792621.0,-36028,0,649,45000,0,11000,81028,0,10351
20251201,2231,為升,103.0,103.5,101.0,101.0,-,2.0,735008,74847672.0,-26000,0,-9723,180000,0,3600,206000,0,13323
20251201,2387,精元,40.35,40.8,40.25,40.3,+,0.1,206680,8360765.0,-36000,0,0,53000,0,1000,89000,0,1000
20251201,2850,新產,117.0,118.0,117.0,117.5,,0.0,71357,8380638.0,-33000,0,-3000,10000,0,1000,43000,0,4000
20251201,3661,世芯-KY,3305.0,3400.0,3280.0,3290.0,-,15.0,1644808,5461277165.0,-65778,53000,-23360,590362,67000,30989,656140,14000,54349
20251201,2420,新巨,49.8,50.1,49.5,49.5,-,0.5,119563,5957935.0,-22000,0,-14978,24000,0,1022,46000,0,16000
20251201,3494,誠研,7.19,7.23,6.96,6.96,-,0.25,317180,2231366.0,-37000,0,0,23000,0,0,60000,0,0
20251201,5234,達興材料,337.0,342.5,328.0,328.5,-,8.5,536182,177831360.0,12000,-19000,-30688,186000,0,11000,174000,19000,41688
20251201,5533,皇鼎,14.6,14.6,14.45,14.45,-,0.1,71153,1035687.0,-43000,0,5000,1000,0,5000,44000,0,0
20251201,2524,京城,44.4,44.4,42.95,42.95,-,1.8,111850,4893184.0,-38000,0,0,38000,0,0,76000,0,0
20251201,2305,全友,10.7,10.8,10.6,10.6,-,0.1,145565,1550730.0,-38000,0,0,38000,0,0,76000,0,0
20251201,4566,時碩工業,53.4,53.4,52.0,52.2,-,1.0,212197,11141568.0,-38000,0,-2,36000,0,1000,74000,0,1002
20251201,2484,希華,20.8,20.8,20.4,20.4,-,0.25,165493,3389649.0,-36999,0,-1104,17001,0,1000,54000,0,2104
20251201,6141,柏承,11.3,11.3,10.8,10.95,-,0.3,108534,1202642.0,-35000,0,-4000,7000,0,0,42000,0,4000
20251201,9934,成霖,9.89,9.97,9.86,9.87,-,0.02,160815,1591087.0,-38000,0,-1000,30000,0,0,68000,0,1000
20251201,2534,宏盛,20.25,20.5,20.15,20.3,-,0.05,285860,5791816.0,-33999,0,-5494,80001,0,1000,114000,0,6494
20251201,1517,利奇,11.5,11.75,11.45,11.5,-,0.1,108778,1261748.0,-35000,0,-4880,15000,0,2000,50000,0,6880
20251201,4551,智伸科,118.0,118.0,115.0,115.5,-,0.5,124636,14439343.0,-40000,0,-107,29000,0,2000,69000,0,2107
20251201,1721,三晃,11.4,11.45,11.25,11.25,-,0.05,219325,2487503.0,-35000,0,-5266,49000,0,3000,84000,0,8266
20251201,6525,捷敏-KY,75.4,75.6,74.1,74.1,-,1.3,166489,12398549.0,-19000,0,-22000,13000,0,12000,32000,0,34000
20251201,2062,橋椿,21.0,21.0,20.5,20.65,-,0.35,174550,3609336.0,-38000,0,-3000,19000,0,0,57000,0,3000
20251201,5203,訊連,101.0,101.0,98.3,98.6,-,1.4,105831,10495200.0,-41000,0,-51,21000,0,170,62000,0,221
20251201,3622,洋華,66.1,66.3,65.0,65.0,-,1.2,486403,31792546.0,-40000,0,-1357,118000,0,0,158000,0,1357
20251201,6243,迅杰,29.4,29.65,28.85,29.0,+,0.2,83772,2442169.0,-43000,0,0,3000,0,0,46000,0,0
20251201,2103,台橡,15.5,15.8,15.5,15.6,+,0.1,1866840,29254490.0,-34600,0,-9166,487400,0,0,522000,0,9166
20251201,2031,新光鋼,38.6,39.5,38.6,38.8,-,0.1,455261,17787244.0,-41000,0,-3000,161000,0,0,202000,0,3000
20251201,3356,奇偶,48.15,48.5,47.6,47.6,-,0.6,143756,6894854.0,-43999,0,-75,13001,0,25,57000,0,100
20251201,3346,麗清,19.45,19.45,19.0,19.2,-,0.25,101129,1938227.0,-46000,0,1000,14000,0,1000,60000,0,0
20251201,2636,台驊控股,66.7,67.5,66.6,66.6,-,0.4,223454,14974140.0,-44000,0,-1000,48000,0,0,92000,0,1000
20251201,1225,福懋油,30.4,30.45,30.15,30.3,-,0.15,126942,3848027.0,-45001,0,-265,27000,0,0,72001,0,265
20251201,2236,百達-KY,102.0,104.0,100.5,102.0,+,2.1,541892,55511640.0,-45932,0,0,90000,0,0,135932,0,0
20251201,2607,榮運,57.8,58.7,57.8,58.2,-,0.1,366979,21353038.0,-43000,0,-4000,175000,0,0,218000,0,4000
20251201,2723,美食-KY,68.1,68.5,66.6,66.9,-,1.3,464569,31218934.0,-27000,0,-21000,277000,0,0,304000,0,21000
20251201,6224,聚鼎,42.8,42.8,41.65,41.65,-,1.05,87325,3662358.0,-48000,0,0,2000,0,0,50000,0,0
20251201,6283,淳安,26.4,26.7,26.15,26.5,+,0.1,163808,4322714.0,-48000,0,0,43000,0,0,91000,0,0
20251201,1201,味全,14.85,14.95,14.8,14.85,,0.0,141232,2100087.0,-43000,0,-5143,4000,0,1000,47000,0,6143
20251201,9906,欣巴巴,49.85,52.3,48.5,48.5,-,1.35,123776,6149214.0,-47500,0,-681,26500,0,1000,74000,0,1681
20251201,3209,全科,33.35,33.35,32.8,32.9,-,0.3,248730,8198244.0,-49000,0,0,65000,0,0,114000,0,0
20251201,8045,達運光電,79.2,81.9,78.5,80.1,+,2.2,210795,16925358.0,-50000,0,461,77000,0,3000,127000,0,2539
20251201,8341,日友,81.1,81.1,79.6,80.4,-,1.1,201486,16152015.0,-52000,0,2045,48000,0,3000,100000,0,955
20251201,4571,鈞興-KY,165.0,165.0,161.5,162.0,-,3.0,168077,27357467.0,-47000,0,-3716,12000,0,0,59000,0,3716
20251201,2852,第一保,28.0,28.05,27.85,27.95,-,0.1,212584,5940230.0,-51000,0,0,20000,0,0,71000,0,0
20251201,3376,新日興,197.0,199.5,195.0,196.5,-,0.5,2709607,533472551.0,-149278,0,97572,1320000,0,166982,1469278,0,69410
20251201,6117,迎廣,80.8,81.3,79.0,79.2,-,1.6,534371,42638066.0,-60000,0,7900,95000,0,14000,155000,0,6100
20251201,3040,遠見,59.7,61.1,59.1,59.4,-,0.4,308269,18416923.0,-46000,0,-6500,40000,0,0,86000,0,6500
20251201,1603,華電,37.5,38.1,37.3,37.5,+,0.05,313796,11808004.0,-53000,0,0,57000,0,0,110000,0,0
20251201,7740,熙特爾-創,149.0,151.5,146.0,146.5,-,6.5,90600,13439402.0,-55000,0,1507,2000,0,2000,57000,0,493
20251201,4540,全球傳動,35.75,36.0,34.95,35.2,-,0.35,459495,16244954.0,-53999,0,239,99001,0,4000,153000,0,3761
20251201,6108,競國,12.85,14.05,12.85,13.85,+,1.05,806728,11028586.0,-54000,0,-1579,45000,0,4180,99000,0,5759
20251201,3257,虹冠電,61.0,61.2,60.1,60.1,-,1.0,322251,19495157.0,-55000,0,-1000,44000,0,0,99000,0,1000
20251201,2241,艾姆勒,36.55,37.8,36.55,37.05,+,0.75,572905,21264326.0,-56000,0,0,175000,0,0,231000,0,0
20251201,4545,銘鈺,32.55,32.55,31.6,31.85,-,0.7,122588,3914056.0,-59000,0,1000,8000,0,1000,67000,0,0
20251201,00912,中信臺灣智慧50,20.9,20.9,20.59,20.6,-,0.3,229678,4757216.0,-9950,0,-48796,50,0,131000,10000,0,179796
20251201,4764,雙鍵,61.7,66.1,61.7,66.1,+,6.0,568603,36784259.0,-47000,0,-12654,76000,0,4346,123000,0,17000
20251201,5222,全訊,133.5,133.5,130.0,131.5,-,1.0,338426,44425288.0,-66072,0,5904,78000,0,13000,144072,0,7096
20251201,2727,王品,215.0,215.5,213.5,213.5,-,1.5,150600,32267923.0,-62999,0,-92,25001,0,3000,88000,0,3092
20251201,3017,奇鋐,1380.0,1385.0,1330.0,1340.0,-,35.0,4953191,6674854415.0,-51454,24998,-36676,1460947,253000,205132,1512401,228002,241808
20251201,1611,中電,12.5,12.55,12.3,12.4,-,0.1,279780,3474754.0,-59925,0,-3366,21075,0,1000,81000,0,4366
20251201,6491,晶碩,309.0,310.5,305.5,307.0,-,3.5,144472,44361050.0,-62000,0,-1430,30000,0,2000,92000,0,3430
20251201,2505,國揚,19.35,19.35,19.05,19.25,-,0.05,128808,2473815.0,-63000,0,-1000,12000,0,3000,75000,0,4000
20251201,2206,三陽工業,61.7,62.3,61.6,61.8,-,0.3,218733,13521320.0,-58000,0,-7000,65000,0,1000,123000,0,8000
20251201,8016,矽創,182.0,183.0,180.5,180.5,-,2.0,420035,76265438.0,-39000,-26000,-69,229000,0,2000,268000,26000,2069
20251201,2426,鼎元,16.2,16.55,16.2,16.4,+,0.2,389941,6397626.0,-63000,0,-4000,61000,0,1000,124000,0,5000
20251201,8462,柏文,160.0,160.0,154.5,155.5,-,2.0,125057,19520190.0,-67000,0,0,15000,0,0,82000,0,0
20251201,8374,羅昇,77.8,77.8,75.1,75.5,-,2.1,236310,17981362.0,-65000,0,-2778,60000,0,0,125000,0,2778
20251201,4104,佳醫,82.0,82.3,81.5,81.5,-,0.6,163647,13393856.0,-67550,0,-339,9000,0,5000,76550,0,5339
20251201,2431,聯昌,11.5,11.6,11.4,11.45,,0.0,231488,2661175.0,-67000,0,-1000,31000,0,0,98000,0,1000
20251201,2233,宇隆,197.5,197.5,191.5,192.5,-,4.5,257398,49862726.0,-43000,0,-25232,38000,0,1000,81000,0,26232
20251201,9911,櫻花,84.2,84.6,83.5,83.7,-,0.9,180446,15152157.0,-88000,0,19682,11000,0,25000,99000,0,5318
20251201,6112,邁達特,48.15,48.7,47.55,47.55,-,0.65,365406,17498274.0,-69000,0,32,61000,0,2219,130000,0,2187
20251201,6757,台灣虎航,69.0,69.8,68.4,69.1,+,0.1,1137403,78540424.0,-99995,50000,-19818,486005,50000,3182,586000,0,23000
20251201,2546,根基,89.0,89.0,87.3,87.7,-,1.3,114010,10016406.0,-71000,0,1000,6000,0,1000,77000,0,0
20251201,2611,志信,15.2,15.3,14.9,14.9,-,0.2,252840,3821098.0,-67000,0,-3000,45000,0,1000,112000,0,4000
20251201,6592,和潤企業,62.9,63.9,62.1,62.2,-,1.6,555106,34972198.0,-65000,0,-5006,238000,0,5000,303000,0,10006
20251201,6782,視陽,172.0,172.5,170.0,170.0,-,3.5,161466,27641956.0,-67282,0,-3503,26000,0,0,93282,0,3503
20251201,6589,台康生技,75.1,76.2,73.9,74.4,-,0.1,550272,41104736.0,-68000,0,-3000,136000,0,0,204000,0,3000
20251201,6834,天二科技,28.5,28.5,27.65,27.75,-,0.8,116863,3253814.0,-71000,0,-439,6000,0,0,77000,0,439
20251201,00709,富邦歐洲,35.34,35.36,35.25,35.33,+,0.13,188969,6670606.0,-1000,0,-71076,0,0,42924,1000,0,114000
20251201,4583,台灣精銳,635.0,639.0,618.0,625.0,-,16.0,172199,107808632.0,-72051,0,-1825,29171,0,2033,101222,0,3858
20251201,6215,和椿,107.0,107.0,103.0,103.0,-,3.0,474731,49721223.0,-74870,0,-13,58130,0,4000,133000,0,4013
20251201,1464,得力,11.35,11.4,11.25,11.25,-,0.1,260786,2962132.0,-77000,0,2000,21000,0,2000,98000,0,0
20251201,6526,達發,457.0,472.0,455.0,460.5,+,2.5,335111,155274853.0,-88995,15000,-1359,57109,16000,2000,146104,1000,3359
20251201,2406,國碩,20.35,20.75,20.0,20.1,-,0.4,3364355,68199321.0,-72000,0,-3499,1092000,0,2000,1164000,0,5499
20251201,2645,長榮航太,148.0,149.0,145.0,147.0,-,0.5,1673773,246029966.0,-24000,-27000,-24792,699000,0,32109,723000,27000,56901
20251201,2466,冠西電,53.0,53.9,52.2,52.2,-,1.2,362881,19220033.0,-76000,0,0,45000,0,0,121000,0,0
20251201,2929,淘帝-KY,8.16,8.22,8.03,8.07,-,0.07,212140,1716650.0,-77000,0,1000,0,0,1000,77000,0,0
20251201,3717,聯嘉投控,17.2,17.3,16.95,16.95,-,0.3,295017,5043632.0,-77000,0,1000,27000,0,1000,104000,0,0
20251201,1436,華友聯,65.8,67.0,64.6,64.9,-,0.9,170533,11203033.0,-78000,0,899,14000,0,1118,92000,0,219
20251201,2480,敦陽科,153.0,154.5,152.5,153.0,+,0.5,217695,33440159.0,-150850,81000,-8335,13150,81000,8000,164000,0,16335
20251201,3092,鴻碩,15.45,15.45,14.8,14.85,-,0.45,297738,4446390.0,-77000,0,-2000,15000,0,0,92000,0,2000
20251201,2365,昆盈,34.1,34.15,33.35,33.35,-,0.4,689694,23227254.0,-79870,0,-640,184130,0,0,264000,0,640
20251201,3050,鈺德,11.7,11.75,11.5,11.6,-,0.15,323215,3738479.0,-80000,0,-1000,65000,0,0,145000,0,1000
20251201,9910,豐泰,127.0,129.5,126.5,127.5,-,1.5,361546,46165920.0,-58820,-13000,-9185,233580,0,1003,292400,13000,10188
20251201,2457,飛宏,28.6,28.9,28.0,28.4,-,0.2,1492729,42298319.0,-106100,0,24666,486000,0,50000,592100,0,25334
20251201,3712,永崴投控,26.05,26.3,25.6,25.65,-,0.45,422572,10900378.0,-57000,0,-26001,148000,0,1000,205000,0,27001
20251201,6573,虹揚-KY,17.65,17.65,16.7,16.8,-,0.85,457294,7759437.0,-82000,0,-1130,40000,0,3000,122000,0,4130
20251201,8249,菱光,51.7,52.5,51.4,52.1,+,0.1,350890,18193097.0,-79000,0,-4497,51000,0,1000,130000,0,5497
20251201,6605,帝寶,139.5,141.5,138.5,138.5,-,1.0,340346,47568950.0,-55000,-28000,-602,105000,0,4000,160000,28000,4602
20251201,6931,青松健康,64.8,69.2,64.1,66.5,+,1.4,1403532,95314344.0,-85000,0,0,106000,0,0,191000,0,0
20251201,6446,藥華藥,515.0,519.0,507.0,515.0,-,1.0,1600151,819802650.0,-110558,-25000,50350,655806,0,56401,766364,25000,6051
20251201,00956,中信日經高股息,11.08,11.08,11.02,11.07,-,0.01,117924,1304286.0,5000,0,-90279,5000,0,3000,0,0,93279
20251201,00962,台新AI優息動能,10.79,10.79,10.67,10.67,-,0.14,193362,2072883.0,0,0,-91588,1000,0,34000,1000,0,125588
20251201,1231,聯華食,100.0,102.0,99.8,99.8,-,0.2,241801,24283491.0,-90000,0,-2742,37000,0,3000,127000,0,5742
20251201,6944,兆聯實業,553.0,553.0,532.0,534.0,-,13.0,301337,162269854.0,4517,-94000,-5108,74517,0,0,70000,94000,5108
20251201,2543,皇昌,62.5,62.5,60.0,60.9,-,1.5,1640752,99784469.0,-68530,0,-26549,420000,0,39238,488530,0,65787
20251201,3049,精金,6.97,6.97,6.75,6.82,-,0.08,442191,3028566.0,-96000,0,416,28000,0,428,124000,0,12
20251201,8213,志超,33.4,33.4,32.8,32.85,-,0.55,225677,7464619.0,-95000,0,-1000,4000,0,1000,99000,0,2000
20251201,4536,拓凱,166.5,167.5,166.0,166.0,-,1.0,122533,20385139.0,-95000,0,-1146,7000,0,0,102000,0,1146
20251201,9938,百和,55.5,56.5,55.5,55.8,+,0.1,429934,24095719.0,-41000,-54000,-1387,92000,0,6020,133000,54000,7407
20251201,6790,永豐實,38.05,38.5,37.85,38.4,+,0.35,253253,9655896.0,-4000,0,-94003,24000,0,6000,28000,0,100003
20251201,6854,錼創科技-KY創,132.0,132.0,128.0,128.5,-,3.5,224278,28993297.0,-99270,0,1052,24000,0,3000,123270,0,1948
20251201,00850,元大臺灣ESG永續,53.45,53.45,52.9,53.05,-,0.45,419597,22291799.0,-17000,0,-81450,1000,0,41000,18000,0,122450
20251201,3550,聯穎,13.4,13.4,12.75,12.75,-,0.55,529631,6843914.0,-98000,0,-619,49000,0,1000,147000,0,1619
20251201,1712,興農,42.7,43.1,42.7,42.75,-,0.1,339053,14552212.0,-113000,0,13696,83000,0,18000,196000,0,4304
20251201,3596,智易,183.0,186.5,183.0,184.5,+,1.5,792004,147021002.0,-99225,0,-286,448000,0,3156,547225,0,3442
20251201,8105,凌巨,10.75,10.8,10.65,10.7,-,0.05,380550,4078376.0,-96000,0,-5000,44000,0,0,140000,0,5000
20251201,1723,中碳,71.5,71.6,70.5,71.3,-,0.2,737567,52295518.0,-133000,0,32000,150000,0,37000,283000,0,5000
20251201,1563,巧新,41.45,42.95,41.45,42.1,+,0.75,457429,19316544.0,-101000,0,0,107000,0,1000,208000,0,1000
20251201,3645,達邁,54.6,54.6,53.1,53.2,-,1.4,781934,41904126.0,-99000,0,-2415,170000,0,2367,269000,0,4782
20251201,3653,健策,2880.0,2885.0,2730.0,2800.0,-,105.0,2153926,6048756210.0,-222374,137000,-17599,632191,181000,83788,854565,44000,101387
20251201,00661,元大日經225,63.95,63.95,63.35,63.5,-,1.15,311933,19836246.0,-6000,0,-97282,0,0,33000,6000,0,130282
20251201,3090,日電貿,88.6,88.6,86.5,86.5,-,2.4,3140776,273630819.0,-97000,0,-6878,888000,0,23000,985000,0,29878
20251201,00907,永豐優息存股,15.2,15.25,15.15,15.15,-,0.08,391602,5957413.0,3000,0,-107207,5000,0,177000,2000,0,284207
20251201,6901,鑽石投資,16.85,17.0,16.5,16.55,-,0.35,380973,6335682.0,-113000,0,8000,64000,0,8000,177000,0,0
20251201,3046,建碁,47.8,47.8,46.75,46.8,-,0.95,181979,8556782.0,-105000,0,-87,6000,0,1000,111000,0,1087
20251201,8473,山林水,36.65,36.65,35.9,36.0,-,0.7,288671,10436314.0,-121000,0,15000,37000,0,15000,158000,0,0
20251201,4585,達明,304.5,315.0,303.0,304.0,+,1.0,290425,89519897.0,-105000,0,-1000,46000,0,0,151000,0,1000
20251201,00952,凱基台灣AI50,11.65,11.65,11.55,11.55,-,0.14,1806656,20942642.0,-57000,0,-50564,11000,0,932000,68000,0,982564
20251201,2402,毅嘉,49.65,51.6,48.85,50.1,+,0.9,4527263,227250101.0,-221999,0,113666,1298001,0,206814,1520000,0,93148
20251201,6449,鈺邦,176.5,178.5,171.0,175.5,-,1.0,1062724,185991855.0,-129000,0,20237,248000,0,47729,377000,0,27492
20251201,2509,全坤建,15.2,16.2,15.2,15.2,,0.0,500484,7807095.0,-114000,0,5000,29000,0,5000,143000,0,0
20251201,7799,禾榮科,590.0,590.0,559.0,564.0,-,26.0,396859,227532647.0,-123000,0,13703,24000,0,18000,147000,0,4297
20251201,8114,振樺電,189.0,189.5,185.0,185.5,-,2.5,386298,72063121.0,-112000,0,709,130000,0,4000,242000,0,3291
20251201,6672,騰輝電子-KY,89.7,89.9,87.2,87.2,-,2.4,390905,34484684.0,-114000,0,0,60000,0,0,174000,0,0
20251201,00728,第一金工業30,36.64,36.64,35.98,35.98,-,0.8,123840,4484984.0,-24000,0,-91336,0,0,0,24000,0,91336
20251201,2258,鴻華先進-創,40.45,40.5,39.4,39.55,-,0.9,1136349,45246485.0,-137000,0,20456,195000,0,63196,332000,0,42740
20251201,2393,億光,51.7,52.6,51.6,51.7,-,0.2,2428831,126567970.0,-571500,458000,-4000,1002000,458000,0,1573500,0,4000
20251201,2493,揚博,93.6,95.4,93.3,93.8,,0.0,478336,45179453.0,-104000,0,-14215,116000,0,785,220000,0,15000
20251201,1612,宏泰,35.05,35.65,35.05,35.05,+,0.05,613249,21656005.0,-165000,0,46170,132000,0,50001,297000,0,3831
20251201,3167,大量,205.0,206.0,197.0,202.0,-,1.5,6540020,1318312368.0,-173700,60000,-7202,1883300,60000,8000,2057000,0,15202
20251201,5434,崇越,301.5,301.5,296.5,298.0,-,4.5,433445,129336401.0,-61163,8000,-68204,182837,10000,4000,244000,2000,72204
20251201,6192,巨路,103.0,105.5,102.5,104.0,+,1.0,437196,45685187.0,16000,0,-140000,78000,0,1000,62000,0,141000
20251201,00730,富邦臺灣優質高息,22.3,22.41,22.03,22.03,-,0.27,178611,3957525.0,0,0,-124324,0,0,15000,0,0,139324
20251201,3714,富采,32.05,32.25,31.8,32.0,-,0.15,836859,26772254.0,-183000,0,58607,239000,0,65000,422000,0,6393
20251201,8454,富邦媒,225.0,225.0,222.0,222.5,-,4.5,267012,59487654.0,-124426,0,-2834,77000,0,1000,201426,0,3834
20251201,2453,凌群,53.1,53.3,52.6,52.6,+,0.1,270323,14277948.0,-127000,0,-1000,20000,0,0,147000,0,1000
20251201,1229,聯華,47.9,48.05,47.45,47.45,-,0.45,957722,45647580.0,-115000,0,-14274,274000,0,15000,389000,0,29274
20251201,2392,正崴,39.2,39.3,38.6,38.7,-,0.45,799356,31066389.0,-133000,0,2721,221000,0,26000,354000,0,23279
20251201,6669,緯穎,4570.0,4570.0,4370.0,4430.0,-,140.0,1552226,6900293555.0,-170750,33947,6456,408163,54950,79417,578913,21003,72961
20251201,1467,南緯,6.99,7.03,6.99,7.03,+,0.04,272390,1909061.0,-132000,0,0,5000,0,0,137000,0,0
20251201,5534,長虹,77.7,78.0,76.7,76.7,-,1.0,379866,29279792.0,-96000,0,-36597,82000,0,1000,178000,0,37597
20251201,1711,永光,18.2,18.45,18.1,18.3,-,0.1,972193,17772662.0,-132000,0,-758,338000,0,0,470000,0,758
20251201,3051,力特,19.3,19.3,18.6,18.7,-,0.4,214590,4033610.0,-134000,0,0,9000,0,0,143000,0,0
20251201,6197,佳必琪,143.5,143.5,139.5,139.5,-,4.0,464843,65375087.0,-130000,0,-4351,69000,0,16000,199000,0,20351
20251201,00963,中信全球高股息,11.2,11.27,11.2,11.24,+,0.07,606779,6825091.0,17000,0,-152828,32000,0,186172,15000,0,339000
20251201,00690,兆豐藍籌30,43.04,43.04,42.6,42.73,-,0.31,424182,18134881.0,-7000,0,-129853,1000,0,219102,8000,0,348955
20251201,2838,聯邦銀,19.7,19.8,19.45,19.45,-,0.3,1566610,30746023.0,-168570,333000,-301960,565000,333000,3000,733570,0,304960
20251201,8163,達方,31.6,31.6,31.25,31.25,-,0.3,262057,8228212.0,-133000,0,-5413,39000,0,4000,172000,0,9413
20251201,00926,凱基全球菁英55,24.49,24.5,24.38,24.38,-,0.11,733809,17943323.0,-7000,0,-133050,0,0,413000,7000,0,546050
20251201,2331,精英,21.0,21.2,20.6,21.0,,0.0,2272247,47598346.0,-286000,0,143567,583000,0,197567,869000,0,54000
20251201,3617,碩天,202.0,203.0,199.0,199.0,-,4.0,303832,60820046.0,-16000,-124000,-3031,92000,0,1041,108000,124000,4072
20251201,2375,凱美,94.2,94.4,91.7,92.8,-,0.8,2680650,248814489.0,-109000,0,-34081,547000,0,4931,656000,0,39012
20251201,3026,禾伸堂,105.5,105.5,102.0,102.5,-,2.5,1090362,112246212.0,-139995,32000,-35161,172005,67000,4000,312000,35000,39161
20251201,6550,北極星藥業-KY,30.6,30.6,29.95,30.0,-,0.9,518257,15601898.0,-141000,0,-7000,44000,0,0,185000,0,7000
20251201,6206,飛捷,97.4,97.4,94.9,95.0,-,1.1,563128,53805510.0,-21000,-113000,-16298,127000,0,10000,148000,113000,26298
20251201,1524,耿鼎,29.8,29.8,29.15,29.15,-,0.35,329251,9638380.0,-151000,0,-846,19000,0,1000,170000,0,1846
20251201,1587,吉茂,43.8,43.8,42.0,42.2,-,1.15,669334,28446894.0,-152000,0,0,96000,0,0,248000,0,0
20251201,3024,憶聲,10.65,10.65,10.45,10.6,,0.0,392755,4136618.0,-153000,0,0,24000,0,0,177000,0,0
20251201,2530,華建,28.8,28.8,28.05,28.25,-,0.3,721672,20418309.0,-273000,0,120000,74000,0,182000,347000,0,62000
20251201,2207,和泰車,602.0,607.0,589.0,589.0,-,21.0,368993,219445102.0,-158270,1000,3821,182980,1000,11000,341250,0,7179
20251201,5284,jpp-KY,293.0,309.5,290.0,297.5,+,5.5,4629528,1388377049.0,-305750,80000,71312,1107250,80000,169278,1413000,0,97966
20251201,3033,威健,30.55,30.6,29.9,30.1,-,0.45,1280452,38604872.0,125000,-253000,-29099,572000,0,0,447000,253000,29099
20251201,00692,富邦公司治理,54.65,54.7,54.25,54.25,-,0.75,811481,44209595.0,-26703,0,-131913,6297,0,333000,33000,0,464913
20251201,3059,華晶科,43.8,43.85,42.7,42.7,-,0.75,1443620,62175913.0,-210000,0,50950,153000,0,59191,363000,0,8241
20251201,00904,台新臺灣半導體30,21.84,21.88,21.63,21.64,-,0.24,1537752,33428660.0,42000,0,-203184,86000,0,584000,44000,0,787184
20251201,3006,晶豪科,78.5,78.5,76.5,77.0,-,1.5,5197229,401618553.0,-330200,0,167475,1775900,0,375306,2106100,0,207831
20251201,1476,儒鴻,435.0,440.0,431.5,431.5,-,7.0,492163,214429479.0,-153212,-6000,-4057,271788,0,4165,425000,6000,8222
20251201,4526,東台,31.45,31.55,30.95,31.0,-,0.45,730490,22774182.0,-163000,0,-996,137000,0,0,300000,0,996
20251201,1907,永豐餘,27.3,27.95,27.3,27.75,+,0.1,711633,19716686.0,-132000,0,-33000,165000,0,17000,297000,0,50000
20251201,2516,新建,14.5,15.85,14.5,15.85,+,1.4,2344757,36679203.0,-173000,0,6174,195000,0,7174,368000,0,1000
20251201,2405,輔信,17.5,17.6,17.2,17.5,,0.0,819459,14261349.0,-165000,0,-2000,170000,0,1000,335000,0,3000
20251201,6753,龍德造船,124.0,125.0,119.5,123.5,+,0.5,1109950,135756687.0,-203000,0,34950,177000,0,52564,380000,0,17614
20251201,4746,台耀,64.6,65.8,63.7,64.2,-,0.9,282988,18184508.0,-171000,0,-822,28000,0,193,199000,0,1015
20251201,3576,聯合再生,6.28,6.3,6.15,6.16,-,0.12,4204136,26023394.0,-161000,0,-11000,448000,0,1000,609000,0,12000
20251201,1104,環泥,31.3,31.45,31.15,31.15,-,0.3,566107,17709023.0,91000,-161000,-102000,223000,0,1000,132000,161000,103000
20251201,1809,中釉,18.1,18.15,17.8,17.85,-,0.2,377614,6765882.0,-172000,0,-2000,42000,0,0,214000,0,2000
20251201,8081,致新,205.0,206.5,204.0,205.0,,0.0,297198,61020545.0,-131000,-45000,512,77000,0,2000,208000,45000,1488
20251201,3042,晶技,83.7,84.3,82.5,82.5,-,1.3,674340,56007309.0,21000,-193000,-4621,310000,0,1197,289000,193000,5818
20251201,2464,盟立,58.9,59.1,57.2,57.6,-,1.3,829227,48000872.0,-168974,0,-8810,110026,0,0,279000,0,8810
20251201,6209,今國光,56.0,56.7,54.0,56.7,-,0.1,8804785,488635322.0,-135000,0,-47060,2424000,0,8000,2559000,0,55060
20251201,6177,達麗,48.1,48.15,46.7,46.75,-,1.25,759013,35800963.0,-177000,-2000,-3075,182000,0,0,359000,2000,3075
20251201,3022,威強電,67.6,68.0,66.4,66.9,-,0.7,423413,28360936.0,-224000,0,41483,45000,0,44000,269000,0,2517
20251201,2348,海悅,83.7,83.9,81.5,82.0,-,2.3,533119,43925302.0,-195000,0,6614,102000,0,21000,297000,0,14386
20251201,3694,海華,65.3,65.3,62.9,62.9,-,2.3,722750,46032477.0,-182278,0,-6386,117000,0,5000,299278,0,11386
20251201,3533,嘉澤,1310.0,1310.0,1265.0,1275.0,-,35.0,1038375,1329364250.0,-201132,3000,5401,474330,6000,64018,675462,3000,58617
20251201,1616,億泰,30.2,30.6,29.85,29.9,-,0.05,646557,19476158.0,-194000,0,54,108000,0,192,302000,0,138
20251201,1528,恩德,14.95,15.0,14.75,14.85,+,0.05,787429,11693997.0,-198000,0,-121,121000,0,0,319000,0,121
20251201,3044,健鼎,306.0,306.0,300.5,303.5,-,2.5,2991587,905237338.0,-595800,419000,-21785,1532200,613000,34039,2128000,194000,55824
20251201,9940,信義,22.45,22.7,22.2,22.4,-,0.3,321263,7199443.0,-192000,0,-7101,35000,0,1000,227000,0,8101
20251201,5269,祥碩,1285.0,1290.0,1235.0,1235.0,-,60.0,745653,934438290.0,-182781,7000,-25486,284261,7000,21084,467042,0,46570
20251201,4961,天鈺,142.0,142.0,139.0,139.0,-,3.0,430181,60195068.0,-269000,68000,-1003,62000,68000,4000,331000,0,5003
20251201,2731,雄獅,173.5,174.0,168.5,168.5,-,5.0,872885,148898940.0,-202000,0,-3296,125000,0,19000,327000,0,22296
20251201,9917,中保科,108.0,109.0,106.5,106.5,-,2.0,507501,54502999.0,-202470,0,-2978,94000,0,2000,296470,0,4978
20251201,2476,鉅祥,87.5,89.0,86.8,87.1,-,0.7,1014230,88951847.0,-213000,0,5947,237000,0,28000,450000,0,22053
20251201,9802,鈺齊-KY,111.0,113.5,109.0,113.5,+,2.5,1857728,207767240.0,-214000,0,4043,378000,122000,8602,592000,122000,4559
20251201,5285,界霖,51.1,51.8,49.6,50.2,-,1.6,376616,18883342.0,-211000,0,0,12000,0,0,223000,0,0
20251201,8261,富鼎,92.7,92.7,91.1,91.2,-,1.8,731213,67053931.0,-208000,0,-4271,117000,0,4241,325000,0,8512
20251201,3305,昇貿,97.2,97.3,95.1,95.6,-,0.2,1360645,130833542.0,-203000,0,-11048,326000,0,1000,529000,0,12048
20251201,4906,正文,26.25,26.45,25.95,25.95,-,0.25,943753,24653131.0,-293000,0,76458,211000,0,82000,504000,0,5542
20251201,6456,GIS-KY,42.7,42.95,41.9,42.15,-,0.55,700637,29580093.0,-255000,0,37682,210000,0,42000,465000,0,4318
20251201,3135,凌航,59.0,59.0,56.0,57.1,-,1.4,1343266,76679249.0,-219000,0,0,265000,0,0,484000,0,0
20251201,6196,帆宣,234.5,238.0,229.0,232.0,-,3.0,767881,178357416.0,-180000,-17000,-23291,187000,0,12000,367000,17000,35291
20251201,2367,燿華,24.4,24.6,24.15,24.35,-,0.05,1925731,46955911.0,-197900,0,-22402,495100,0,43000,693000,0,65402
20251201,5607,遠雄港,48.35,48.6,47.25,47.3,-,1.2,334586,15953872.0,-224472,0,0,13528,0,0,238000,0,0
20251201,3563,牧德,516.0,519.0,495.0,497.5,-,18.5,1151342,578001508.0,-162470,0,-62581,386530,0,10977,549000,0,73558
20251201,2548,華固,104.0,104.5,100.5,101.0,-,4.0,487776,49687972.0,-266235,0,38131,31580,0,68193,297815,0,30062
20251201,3062,建漢,23.85,24.0,23.4,23.45,-,0.4,1302589,30701748.0,-217000,0,-11614,171000,0,0,388000,0,11614
20251201,8996,高力,520.0,531.0,507.0,514.0,-,1.0,2845580,1471570817.0,-300246,46000,25276,908000,46000,64778,1208246,0,39502
20251201,6806,森崴能源,39.4,39.7,38.4,38.7,-,0.6,1116892,43262255.0,-194000,0,-35103,289000,0,3000,483000,0,38103
20251201,3014,聯陽,120.0,121.5,118.5,118.5,-,2.0,559247,66744931.0,-191000,-39000,-1971,204000,0,6000,395000,39000,7971
20251201,3665,貿聯-KY,1610.0,1640.0,1580.0,1600.0,-,10.0,2995344,4806572310.0,-688210,445000,10529,800375,552000,80732,1488585,107000,70203
20251201,6515,穎崴,2830.0,2830.0,2550.0,2550.0,-,280.0,1063154,2785702490.0,-48583,-152000,-32171,308633,12000,38526,357216,164000,70697
20251201,2204,中華,60.3,60.6,59.3,59.4,-,0.9,793664,47393904.0,-28000,-200000,-5386,384000,0,2201,412000,200000,7587
20251201,8104,錸寶,30.25,31.05,29.85,29.85,+,0.05,981573,29823594.0,-239000,0,0,169000,0,0,408000,0,0
20251201,3605,宏致,62.7,62.8,61.2,61.2,-,1.3,1045291,64412809.0,-240000,0,-2292,197000,0,4000,437000,0,6292
20251201,6442,光聖,1200.0,1215.0,1175.0,1180.0,-,10.0,992219,1186748130.0,-91000,-145000,-7057,108000,53000,9184,199000,198000,16241
20251201,3708,上緯投控,107.5,108.0,104.0,104.5,-,3.5,694884,73164650.0,-223000,0,-20877,87000,0,4000,310000,0,24877
20251201,4763,材料*-KY,55.2,56.0,54.6,55.2,-,0.3,5018630,276740029.0,-207872,0,-36466,2734005,0,41037,2941877,0,77503
20251201,6409,旭隼,1155.0,1170.0,1105.0,1105.0,-,55.0,958125,1073888760.0,-242157,0,-4183,391937,0,7366,634094,0,11549
20251201,6414,樺漢,297.0,297.0,288.0,288.0,-,10.0,758079,220218804.0,-225000,-6000,-16950,263000,2000,5200,488000,8000,22150
20251201,2597,潤弘,169.5,170.0,165.0,165.5,-,6.0,577729,96379585.0,-246900,0,-4000,162000,0,0,408900,0,4000
20251201,5522,遠雄,60.2,60.2,58.0,58.4,-,2.0,1525593,89923866.0,-303999,0,42000,886001,0,60000,1190000,0,18000
20251201,6869,雲豹能源,97.0,97.5,94.8,95.4,-,1.6,766618,73599865.0,-257000,0,-5520,150000,0,1521,407000,0,7041
20251201,1536,和大,58.0,58.5,56.7,56.8,-,0.9,745681,42739810.0,-263000,0,-3807,89000,0,12001,352000,0,15808
20251201,9941,裕融,95.6,96.4,93.3,94.0,-,2.3,1037336,97958833.0,-27100,-237000,-3014,592000,0,7000,619100,237000,10014
20251201,3338,泰碩,50.0,52.0,49.0,49.15,-,0.1,484053,24134364.0,-269000,0,-1486,50000,0,0,319000,0,1486
20251201,1514,亞力,96.8,97.7,95.2,95.2,-,1.7,1237634,119055310.0,-308251,0,30580,163747,0,41000,471998,0,10420
20251201,2540,愛山林,48.45,48.7,47.5,47.7,-,0.9,599938,28767022.0,-289000,0,11000,77000,0,22000,366000,0,11000
20251201,1503,士電,168.0,169.5,165.0,165.0,-,3.5,1145482,191054515.0,-259491,0,-20592,267509,0,14000,527000,0,34592
20251201,2545,皇翔,38.7,39.0,38.15,38.4,-,0.6,373229,14335826.0,-277000,0,-4284,15000,0,4000,292000,0,8284
20251201,3025,星通,56.0,56.0,52.4,53.8,+,2.6,7676804,416618596.0,-295000,0,8056,1167000,0,19022,1462000,0,10966
20251201,3312,弘憶股,36.75,36.75,35.95,36.1,-,0.6,421268,15271336.0,-287509,0,0,38000,0,0,325509,0,0
20251201,2614,東森,22.95,22.95,22.2,22.5,-,0.25,1699868,38344179.0,-366000,0,76000,257000,0,77000,623000,0,1000
20251201,3028,增你強,35.9,35.9,35.2,35.2,-,0.75,999853,35380847.0,-157000,0,-136000,182000,0,0,339000,0,136000
20251201,1316,上曜,15.15,15.3,14.8,14.9,-,0.25,1124458,16843390.0,-297000,0,1000,178000,0,1000,475000,0,0
20251201,3035,智原,174.0,175.5,171.0,172.5,-,1.5,2597457,449340359.0,-360997,0,62583,527003,0,118726,888000,0,56143
20251201,4956,光鋐,20.35,20.7,19.95,20.3,+,0.05,1111315,22482763.0,-304000,0,-1,129000,0,0,433000,0,1
20251201,3543,州巧,44.7,44.85,42.5,43.0,-,1.15,967134,41864914.0,-307000,0,-60,177000,0,1000,484000,0,1060
20251201,1582,信錦,67.2,67.4,66.2,66.4,-,1.1,554849,36965674.0,-59000,-250000,-152,175000,0,1002,234000,250000,1154
20251201,1808,潤隆,32.05,33.05,31.75,32.25,+,0.25,1980726,63876430.0,-306900,0,-6000,1077000,0,13000,1383900,0,19000
20251201,6831,邁科,242.0,242.5,222.0,230.0,-,6.0,2008877,462058888.0,-297000,0,-17051,162000,0,21000,459000,0,38051
20251201,8210,勤誠,963.0,963.0,907.0,911.0,-,52.0,2399268,2221597563.0,-297944,11900,-30713,741698,88000,69145,1039642,76100,99858
20251201,3545,敦泰,52.2,53.0,51.5,51.5,-,1.4,744701,38784374.0,-326000,0,-1766,125000,0,4000,451000,0,5766
20251201,3004,豐達科,102.0,102.0,97.0,98.1,-,3.4,1172103,115296140.0,76000,-410000,1072,305000,0,7058,229000,410000,5986
20251201,00896,中信綠能及電動車,19.45,19.5,19.3,19.31,-,0.18,1327896,25781043.0,-5000,0,-342745,14000,0,689122,19000,0,1031867
20251201,3032,偉訓,83.5,84.4,81.8,82.2,-,0.6,776152,64299280.0,-354000,0,1018,118000,0,25303,472000,0,24285
20251201,2501,國建,22.3,22.45,22.0,22.2,-,0.25,1636412,36240552.0,-380000,25000,-11000,554000,25000,3000,934000,0,14000
20251201,3380,明泰,29.65,29.65,29.0,29.1,-,0.6,1233362,36011706.0,-364000,0,-3470,368000,0,38299,732000,0,41769
20251201,2059,川湖,3815.0,3820.0,3460.0,3460.0,-,355.0,1557328,5566593020.0,-227930,-137400,-6687,465054,30000,133849,692984,167400,140536
20251201,1909,榮成,11.4,11.4,11.0,11.25,-,0.2,5305567,59509656.0,-351000,0,-26000,1016000,0,68000,1367000,0,94000
20251201,00701,國泰股利精選30,27.57,27.66,27.53,27.53,-,0.09,1040450,28703008.0,98500,0,-479620,121000,0,194000,22500,0,673620
20251201,5521,工信,15.1,15.2,14.8,14.95,-,0.05,2515459,37663955.0,-371000,0,-11000,720000,0,0,1091000,0,11000
20251201,6691,洋基工程,503.0,508.0,479.5,483.5,-,19.5,1178206,579144556.0,-344050,0,-38588,256000,0,14606,600050,0,53194
20251201,2401,凌陽,20.3,20.45,19.9,19.9,-,0.4,1556767,31288747.0,-288000,0,-95131,483000,0,5000,771000,0,100131
20251201,2478,大毅,61.7,61.7,58.7,58.7,-,3.0,1507785,89591591.0,-354000,0,-30330,222000,0,3000,576000,0,33330
20251201,4532,瑞智,23.75,23.85,23.45,23.45,-,0.5,763605,18018842.0,-390000,0,-1700,115000,0,4000,505000,0,5700
20251201,2395,研華,290.5,295.0,288.0,288.0,,0.0,1645970,477361416.0,-371567,-15000,-6699,865356,66000,23000,1236923,81000,29699
20251201,00935,野村臺灣新科技50,28.94,29.03,28.75,28.86,-,0.2,3008352,86903155.0,-127000,0,-267490,35000,0,1382619,162000,0,1650109
20251201,6591,動力-KY,77.2,77.3,75.0,75.2,-,2.4,700548,53009993.0,-357000,0,-41566,35000,0,4000,392000,0,45566
20251201,2539,櫻花建,46.5,46.5,45.05,45.7,-,0.8,806013,36734089.0,-436000,0,24916,128000,0,30000,564000,0,5084
20251201,4142,國光生,19.95,20.15,19.6,19.95,+,0.25,2494917,49543237.0,-400999,0,-14386,478001,0,2000,879000,0,16386
20251201,3703,欣陸,23.0,23.25,22.65,22.65,-,0.35,725927,16575413.0,-421000,0,-10000,55000,0,1000,476000,0,11000
20251201,2359,所羅門,133.5,133.5,126.5,126.5,-,7.0,3394497,439637139.0,-401000,0,-35480,630000,0,20000,1031000,0,55480
20251201,00892,富邦台灣半導體,21.54,21.58,21.14,21.15,-,0.56,1959771,41800024.0,-182000,0,-256303,181000,0,1010167,363000,0,1266470
20251201,2528,皇普,30.2,30.3,29.2,29.5,-,0.85,1116267,32971593.0,-385000,0,-56000,241000,0,1000,626000,0,57000
20251201,4949,有成精密,39.3,41.8,39.3,39.75,+,1.05,1286678,52081265.0,-443000,0,0,148000,0,0,591000,0,0
20251201,1442,名軒,32.95,33.2,31.15,31.65,-,1.5,986629,31286400.0,-450000,0,-1778,390000,0,5004,840000,0,6782
20251201,6271,同欣電,127.0,127.0,122.5,122.5,-,3.5,1142713,141995103.0,-442082,-10000,-1695,193000,0,32971,635082,10000,34666
20251201,2436,偉詮電,46.85,48.0,46.5,47.5,+,0.1,2102148,99575538.0,-462000,0,5905,779000,0,14189,1241000,0,8284
20251201,2542,興富發,38.0,38.2,37.65,37.7,-,0.25,2443159,92400306.0,-379000,0,-100661,1103000,0,15200,1482000,0,115861
20251201,2474,可成,199.5,201.5,199.0,201.5,+,0.5,1560688,312903190.0,-303776,-221000,44859,832514,41000,60041,1136290,262000,15182
20251201,2342,茂矽,29.6,30.55,29.5,29.6,+,0.75,2832508,85024650.0,-479000,0,-2045,509000,0,2000,988000,0,4045
20251201,4164,承業醫,39.15,39.35,37.6,37.75,-,1.55,1412323,53888614.0,-502000,0,7641,163000,0,48000,665000,0,40359
20251201,6531,愛普*,433.0,434.0,420.0,420.0,-,13.0,2979235,1267339764.0,-312955,21000,-206493,625045,23000,24384,938000,2000,230877
20251201,2404,漢唐,800.0,805.0,767.0,782.0,-,19.0,2160770,1684295686.0,-146308,-311000,-42476,600052,229000,97106,746360,540000,139582
20251201,2886,兆豐金,39.8,40.5,39.8,40.3,+,0.2,15397229,620932712.0,-594383,-3000,87000,12422792,15000,231000,13017175,18000,144000
20251201,2511,太子,8.24,8.31,8.2,8.22,-,0.06,1020080,8408414.0,-493997,0,-17282,180003,0,4000,674000,0,21282
20251201,00947,台新臺灣IC設計,17.64,17.76,17.49,17.58,-,0.16,1284033,22638722.0,105000,0,-616534,163000,0,149127,58000,0,765661
20251201,1722,台肥,47.75,48.65,47.75,47.85,+,0.6,4228796,203810489.0,-827000,12000,299935,983000,12000,352000,1810000,0,52065
20251201,6451,訊芯-KY,167.0,168.0,156.0,157.0,-,9.0,3383629,546704952.0,-420000,0,-100501,639000,0,20651,1059000,0,121152
20251201,1513,中興電,149.5,150.0,147.0,147.0,-,2.5,2220256,328620253.0,-511828,-21000,8406,398172,0,42432,910000,21000,34026
20251201,6412,群電,96.0,96.9,93.0,93.1,-,4.5,1296960,122489657.0,-292351,-196000,-39230,586000,0,2000,878351,196000,41230
20251201,2547,日勝生,10.75,10.75,10.55,10.55,-,0.15,1015902,10790908.0,-535000,0,1660,55000,0,2000,590000,0,340
20251201,2489,瑞軒,15.15,15.25,15.0,15.1,-,0.05,2070577,31331492.0,-474000,0,-63000,285000,0,20000,759000,0,83000
20251201,3015,全漢,54.0,55.3,53.6,53.7,-,0.6,1237286,67352553.0,-557000,0,-2583,87000,0,1000,644000,0,3583
20251201,2915,潤泰全,54.8,55.7,54.2,54.3,-,0.5,1569723,86036791.0,-422000,-122000,-18009,301000,63000,4000,723000,185000,22009
20251201,2374,佳能,80.5,80.7,78.7,78.8,-,1.4,3251349,258347725.0,-552949,0,-14771,554000,0,11997,1106949,0,26768
20251201,2228,劍麟,106.0,109.0,104.0,105.0,-,1.0,3468494,372054297.0,-582000,0,3021,379000,0,7112,961000,0,4091
20251201,1319,東陽,96.8,97.7,95.6,95.6,-,1.2,1141660,109744113.0,-611200,1000,20233,104300,1000,43065,715500,0,22832
20251201,2630,亞航,52.1,52.3,50.5,50.7,-,0.3,3846886,197522686.0,-605889,0,12966,931111,0,22000,1537000,0,9034
20251201,6789,采鈺,262.5,275.0,261.5,262.0,-,1.0,3684293,982937047.0,-658304,4000,57970,695422,6000,152918,1353726,2000,94948
20251201,2316,楠梓電,120.5,123.0,116.5,121.0,+,2.0,14781916,1774431573.0,-295990,16000,-318784,4587010,16000,72721,4883000,0,391505
20251201,3013,晟銘電,131.5,133.0,128.5,129.0,-,2.5,3567915,464461063.0,-545005,0,-56686,752000,0,76443,1297005,0,133129
20251201,2328,廣宇,47.5,47.55,46.75,47.2,-,0.25,2454219,115358212.0,-648000,0,42189,605000,0,67000,1253000,0,24811
20251201,2451,創見,183.0,188.0,177.5,178.5,-,4.5,6279667,1142242503.0,-703945,87000,-6754,1901055,89000,75641,2605000,2000,82395
20251201,6133,金橋,18.3,18.6,17.35,18.6,+,1.65,6083691,109970901.0,-626950,0,1044,846050,0,3044,1473000,0,2000
20251201,00752,中信中國50,26.54,26.84,26.54,26.62,+,0.09,2708757,72296899.0,-60000,0,-573300,21000,0,832333,81000,0,1405633
20251201,4958,臻鼎-KY,147.0,151.5,145.0,147.5,+,2.0,9615583,1423359664.0,-1168567,215000,303841,3403173,300000,458222,4571740,85000,154381
20251201,3673,TPK-KY,41.25,41.25,40.0,40.55,-,1.15,2097848,85382322.0,-668000,0,10872,531000,0,69145,1199000,0,58273
20251201,2439,美律,102.5,103.0,100.5,100.5,-,2.5,3043532,309160111.0,-828900,145000,24397,1181100,145000,56000,2010000,0,31603
20251201,8926,台汽電,41.5,41.8,41.05,41.05,-,0.45,1347469,55608632.0,-534000,-102000,-38863,417000,0,14000,951000,102000,52863
20251201,2368,金像電,628.0,628.0,594.0,622.0,-,11.0,17609699,10753626086.0,-967728,284989,6601,4634086,1014000,637793,5601814,729011,631192
20251201,6558,興能高,38.65,41.75,38.15,39.6,+,0.85,8507318,342220662.0,-687000,0,-787,1576000,0,6001,2263000,0,6788
20251201,5243,乙盛-KY,81.5,81.8,78.8,79.5,-,2.3,1975745,157826160.0,-379000,-300000,-17447,358000,0,12271,737000,300000,29718
20251201,3005,神基,125.5,126.0,123.0,124.0,-,1.5,2947566,366850792.0,-1368000,664000,6301,765500,667000,42181,2133500,3000,35880
20251201,1810,和成,17.85,17.95,17.25,17.25,-,0.45,1785269,31142025.0,-704000,0,-3690,242000,0,2000,946000,0,5690
20251201,6706,惠特,89.1,92.8,87.1,92.1,+,3.2,8397750,758943200.0,-845936,0,129233,1347109,0,167188,2193045,0,37955
20251201,2605,新興,27.95,28.9,27.15,27.35,+,0.85,24472893,680186700.0,-1944000,0,1193299,5460000,0,1976179,7404000,0,782880
20251201,3450,聯鈞,252.5,255.0,246.0,247.0,-,5.5,8700954,2169937711.0,-569377,-4000,-178170,1959780,0,84726,2529157,4000,262896
20251201,6176,瑞儀,120.5,120.5,117.5,119.0,-,1.5,1541162,182846034.0,-740500,32000,-59883,449500,33000,29000,1190000,1000,88883
20251201,2376,技嘉,243.5,245.5,241.5,243.0,-,0.5,1921334,468444241.0,-735678,10000,-56988,490502,31000,38000,1226180,21000,94988
20251201,3002,歐格,27.1,28.7,27.05,28.7,+,2.6,15384832,430580604.0,-668000,0,-120501,2401000,0,4031,3069000,0,124532
20251201,2646,星宇航空,23.35,23.35,23.1,23.15,-,0.25,2208021,51224585.0,-786000,0,-14000,237000,0,9000,1023000,0,23000
20251201,2615,萬海,80.7,81.9,80.3,81.2,+,0.6,9354077,757492521.0,-440956,-567000,196722,3184244,3000,322762,3625200,570000,126040
20251201,4938,和碩,71.9,73.0,71.8,71.9,-,0.2,5909103,427138863.0,-3068210,2172000,79150,1396878,2248000,136806,4465088,76000,57656
20251201,2360,致茂,820.0,821.0,782.0,785.0,-,34.0,4467964,3548622332.0,-131131,-723013,27655,2225830,36000,110013,2356961,759013,82358
20251201,8112,至上,69.3,69.4,67.3,68.0,-,1.4,8671973,592063182.0,-936000,5000,97675,2889000,5000,150936,3825000,0,53261
20251201,3048,益登,39.25,39.25,37.9,38.15,-,0.95,2970663,113700297.0,-802000,0,-33072,544000,0,0,1346000,0,33072
20251201,6005,群益證,25.4,25.65,24.85,25.1,-,0.3,5558182,139567364.0,-703000,-169000,0,2757000,0,0,3460000,169000,0
20251201,2880,華南金,29.05,29.5,29.05,29.45,,0.0,12413100,365050105.0,-1125461,60000,149994,8709149,61000,258000,9834610,1000,108006
20251201,00646,元大S&P500,67.25,67.35,67.0,67.0,-,0.3,1992195,133933637.0,-119303,-50000,-749855,1697,0,499000,121000,50000,1248855
20251201,6443,元晶,13.25,13.35,12.9,12.9,-,0.5,2347521,30605272.0,-920000,0,-10222,238000,0,8000,1158000,0,18222
20251201,3045,台灣大,108.0,108.5,107.0,107.0,-,1.0,3651329,392901499.0,-902966,-82000,44624,2017599,6000,90317,2920565,88000,45693
20251201,2634,漢翔,52.5,52.5,51.4,51.8,+,0.1,7738979,401628943.0,-757292,0,-191783,1467051,0,239157,2224343,0,430940
20251201,3056,富華新,19.45,19.45,18.7,18.85,-,0.65,1998895,37736294.0,-1091754,0,119681,83246,0,150000,1175000,0,30319
20251201,9105,泰金寶-DR,5.81,5.86,5.79,5.84,+,0.03,6647000,38741846.0,-976000,0,-132,1321000,0,0,2297000,0,132
20251201,8046,南電,265.0,269.0,260.5,266.5,+,4.0,13221901,3515357763.0,-1029778,-27000,-29976,5141290,13000,392378,6171068,40000,422354
20251201,00929,復華台灣科技優息,17.74,17.76,17.6,17.61,-,0.14,10332207,182658244.0,707014,0,-1803562,1532014,0,1682204,825000,0,3485766
20251201,2520,冠德,32.8,32.9,32.1,32.3,-,0.7,1691571,54699787.0,-1079000,0,-33337,279000,0,23000,1358000,0,56337
20251201,3036,文曄,141.5,142.0,137.0,138.0,-,5.0,5048294,700358976.0,-719655,-414000,9325,2930345,88000,82000,3650000,502000,72675
20251201,8070,長華*,44.9,45.7,44.1,45.2,+,0.3,4308922,193873793.0,-1192000,5000,51527,1045000,5000,70447,2237000,0,18920
20251201,6415,矽力*-KY,205.5,216.5,203.5,205.0,-,0.5,4057909,846129289.0,-1181532,16000,-3790,1279802,19000,47434,2461334,3000,51224
20251201,00900,富邦特選高股息30,13.33,13.38,13.27,13.28,-,0.04,12282175,163560153.0,-174372,0,-1099703,267000,0,2988000,441372,0,4087703
20251201,3016,嘉晶,51.5,52.4,49.1,49.1,-,0.45,3741483,189886839.0,-1321000,0,4236,646000,0,18999,1967000,0,14763
20251201,4967,十銓,135.0,137.0,130.0,130.5,-,1.5,5963672,791282611.0,-1363350,0,-3106,1245000,0,40677,2608350,0,43783
20251201,2385,群光,119.5,120.0,117.5,118.0,-,2.0,2274693,269097428.0,-920370,-454000,-9956,549030,38000,11000,1469400,492000,20956
20251201,2455,全新,143.0,144.0,138.5,139.0,-,3.5,3168529,445612206.0,-1195000,-8000,-207703,496000,0,37000,1691000,8000,244703
20251201,2329,華泰,47.4,47.4,46.15,46.15,-,0.95,4405201,204746782.0,-1382000,0,-29791,567000,0,53508,1949000,0,83299
20251201,8271,宇瞻,99.0,99.1,96.4,96.8,-,3.2,4597890,447751726.0,-1406000,0,-31174,965000,0,14204,2371000,0,45378
20251201,00662,富邦NASDAQ,102.2,102.3,101.75,101.75,-,0.5,2542514,259469181.0,47560,0,-1488750,301560,0,66000,254000,0,1554750
20251201,00919,群益台灣精選高息,21.45,21.57,21.42,21.45,-,0.02,43283374,930939403.0,-1716157,0,265474,6076992,0,7101911,7793149,0,6836437
20251201,4904,遠傳,88.0,88.9,88.0,88.4,+,0.3,5501208,486705101.0,-1745469,274000,18010,3212531,369000,62000,4958000,95000,43990
20251201,4722,國精化,179.0,179.5,167.5,169.0,-,14.0,6075235,1038881947.0,-1443000,0,-21513,619000,0,28000,2062000,0,49513
20251201,2801,彰銀,20.15,20.35,20.15,20.2,,0.0,8581696,173454970.0,-2695321,1311000,-100000,2550528,1311000,40000,5245849,0,140000
20251201,8028,昇陽半導體,161.0,161.5,156.0,156.5,-,6.0,3408089,537698716.0,-1356752,25000,-174134,338090,120000,82000,1694842,95000,256134
20251201,2312,金寶,22.55,23.0,22.5,22.9,+,0.4,26884386,614128740.0,-2427000,231000,685747,4160000,231000,795327,6587000,0,109580
20251201,6282,康舒,38.6,38.85,37.55,37.55,-,0.95,7335239,278462246.0,-1605800,0,54689,1711200,0,132370,3317000,0,77681
20251201,2208,台船,21.5,21.8,21.05,21.1,-,0.35,6069462,129244720.0,-1562000,0,-12000,416000,0,0,1978000,0,12000
20251201,5871,中租-KY,103.0,103.5,101.0,101.5,-,1.5,6025240,614895096.0,-1394658,-171000,-13965,2452667,3000,32000,3847325,174000,45965
20251201,2371,大同,33.55,33.7,32.55,32.55,-,0.9,17578673,581469833.0,-1514440,0,-67780,4883560,0,292742,6398000,0,360522
20251201,2498,宏達電,50.0,50.2,48.8,48.95,-,1.0,6477386,319770748.0,-1409995,0,-190626,1041005,0,78331,2451000,0,268957
20251201,2495,普安,27.5,27.6,26.8,26.8,-,1.2,6073540,164358330.0,-1590000,0,-11067,342000,0,10000,1932000,0,21067
20251201,4977,眾達-KY,127.5,130.0,123.5,125.0,+,1.0,11500847,1451143478.0,-1482000,0,-123639,2033000,0,19043,3515000,0,142682
20251201,00924,復華S&P500成長,29.04,29.08,28.9,28.92,-,0.23,2888186,83740025.0,-258033,0,-1372773,3067,0,347000,261100,0,1719773
20251201,9945,潤泰新,30.15,30.25,29.7,29.8,-,0.35,3207912,95937965.0,-1556000,0,-119285,562000,0,6000,2118000,0,125285
20251201,6139,亞翔,456.0,457.5,439.0,440.5,-,15.0,3822186,1698120893.0,-746926,-792000,-151270,631074,46000,68553,1378000,838000,219823
20251201,2492,華新科,119.5,120.0,115.0,115.0,-,4.5,5598370,650650470.0,-1047960,-630000,-12346,899000,0,96453,1946960,630000,108799
20251201,2504,國產,35.45,35.55,34.9,35.05,-,0.5,2478140,87054398.0,-1671000,-12000,-12000,465000,19000,2000,2136000,31000,14000
20251201,6239,力成,159.0,159.0,153.0,153.5,-,3.5,6457847,1002908474.0,-218612,-1474000,-33267,2284000,40000,315763,2502612,1514000,349030
20251201,1101,台泥,22.85,23.45,22.75,22.8,-,0.05,36403182,840200561.0,-1414302,0,-364728,11958698,0,528509,13373000,0,893237
20251201,3706,神達,92.2,92.3,90.0,90.1,-,1.6,18144061,1649305055.0,-1454000,-38000,-387302,3072000,52000,273415,4526000,90000,660717
20251201,2618,長榮航,34.1,34.6,34.1,34.4,+,0.3,13084078,448851634.0,-1896160,-24000,23000,6078462,75000,151000,7974622,99000,128000
20251201,00965,元大航太防衛科技,22.14,22.14,21.89,21.9,-,0.24,5392551,118367787.0,-2227841,0,316680,40159,0,1357000,2268000,0,1040320
20251201,2427,三商電,28.9,29.45,28.5,29.2,+,0.9,13163227,382436650.0,-1934000,0,0,1329000,0,0,3263000,0,0
20251201,00894,中信小資高價30,26.6,26.6,26.03,26.03,-,0.54,3678300,96144178.0,-139000,0,-1811384,158000,0,1022000,297000,0,2833384
20251201,3702,大聯大,67.9,67.9,65.8,66.2,-,2.1,9451722,628138924.0,-1940744,-12000,-10470,4192800,120000,54048,6133544,132000,64518
20251201,2313,華通,83.6,83.7,81.9,82.7,-,0.6,11983203,992265178.0,-1163500,-827000,19230,4923000,134000,354322,6086500,961000,335092
20251201,2353,宏碁,27.25,27.6,27.2,27.3,+,0.05,14075477,385864167.0,-7170000,4901000,188561,2719000,4901000,287000,9889000,0,98439
20251201,2606,裕民,62.5,64.4,61.7,61.9,+,0.5,16464075,1033832840.0,-2709005,-11000,506769,4202000,0,919266,6911005,11000,412497
20251201,2324,仁寶,29.55,29.75,29.3,29.45,+,0.1,13724475,404297900.0,-2473288,-108000,353477,6304719,247000,535000,8778007,355000,181523
20251201,1717,長興,40.5,40.65,39.1,39.1,-,1.15,5475163,216663540.0,-2165000,-100000,-9378,1007000,0,66000,3172000,100000,75378
20251201,8033,雷虎,142.0,147.0,135.5,145.5,+,5.0,19497701,2772927484.0,-2274511,0,-2079,3668489,0,68001,5943000,0,70080
20251201,3231,緯創,143.5,144.0,141.0,141.0,-,3.5,23058775,3271331875.0,-1772191,-559000,-60126,6318217,181000,359000,8090408,740000,419126
20251201,1216,統一,76.2,77.1,76.1,76.5,,0.0,6017144,461294303.0,-2690986,6000,271101,1943381,6000,319000,4634367,0,47899
20251201,2105,正新,31.7,31.9,31.6,31.6,-,0.2,4534874,143644660.0,-2216297,-219000,-499,1093703,0,68000,3310000,219000,68499
20251201,2515,中工,14.6,14.8,14.25,14.4,-,0.05,7323393,106273696.0,-1925999,-239000,-317127,1310001,0,25000,3236000,239000,342127
20251201,1409,新纖,16.2,16.4,16.0,16.05,-,0.15,10249986,165928906.0,-2109000,-367000,-43449,1929000,0,154380,4038000,367000,197829
20251201,5469,瀚宇博,109.0,112.5,107.0,111.5,+,3.5,28069580,3082210058.0,-2718025,255000,-76383,7467005,255000,278360,10185030,0,354743
20251201,8150,南茂,42.8,43.8,41.95,42.45,-,0.3,14479134,620173901.0,-2666000,154000,-34299,3765000,154000,520335,6431000,0,554634
20251201,2347,聯強,62.4,62.5,60.3,60.7,-,2.2,11920474,725589074.0,-3001962,513000,-74223,6566040,643000,78896,9568002,130000,153119
20251201,2845,遠東銀,12.55,12.6,12.5,12.5,-,0.1,4236723,53107461.0,-2640343,0,-62000,385000,0,4000,3025343,0,66000
20251201,2885,元大金,35.95,36.1,35.65,35.75,-,0.35,12505939,447689565.0,-2562417,-360000,215296,7620120,62000,277222,10182537,422000,61926
20251201,2812,台中銀,20.9,21.05,20.65,20.75,-,0.1,7076568,147152915.0,-2964770,0,178437,897230,0,287000,3862000,0,108563
20251201,2486,一詮,99.5,105.0,96.6,96.6,-,1.7,24353037,2429510051.0,-2853487,0,59792,4719000,0,408444,7572487,0,348652
20251201,2485,兆赫,23.8,25.8,22.4,22.75,-,0.9,116824786,2786747803.0,-2598900,0,-279143,14119100,0,937021,16718000,0,1216164
20251201,00946,群益科技高息成長,9.94,9.98,9.83,9.83,-,0.11,4956263,48983077.0,-179000,0,-2721019,443000,0,547000,622000,0,3268019
20251201,3715,定穎投控,118.0,118.0,112.0,116.0,-,2.5,21860321,2505435165.0,-2830890,70000,-186858,6555165,70000,250000,9386055,0,436858
20251201,2881,富邦金,92.5,93.7,91.8,91.8,-,0.8,14153247,1306964187.0,-2942133,-274000,261478,7499693,184000,429975,10441826,458000,168497
20251201,1608,華榮,34.95,36.65,34.85,35.25,+,0.65,14625624,522861516.0,-3198000,0,42985,2601000,0,89372,5799000,0,46387
20251201,1727,中華化,39.6,40.0,38.1,38.1,-,3.05,9420500,364146543.0,-3316000,0,-2951,747000,0,14000,4063000,0,16951
20251201,2327,國巨*,235.0,235.0,229.0,229.0,-,6.0,21310865,4913428897.0,-2697038,-504000,-247111,4835093,116000,261287,7532131,620000,508398
20251201,0056,元大高股息,36.0,36.12,35.95,36.0,-,0.02,24326752,876327988.0,-1062963,200000,-2801716,2700562,200000,952229,3763525,0,3753945
20251201,2104,國際中橡,10.2,10.75,10.1,10.5,+,0.4,15669878,163352766.0,-3817207,0,-45002,7357000,0,9003,11174207,0,54005
20251201,00922,國泰台灣領袖50,24.61,24.67,24.48,24.5,-,0.29,6908407,169674570.0,-792798,0,-3071885,12202,0,996000,805000,0,4067885
20251201,2330,台積電,1445.0,1445.0,1410.0,1410.0,-,30.0,33722188,47998505254.0,-6204366,1496099,808474,12796506,1858100,1520621,19000872,362001,712147
20251201,5880,合庫金,23.8,23.9,23.7,23.8,-,0.05,12906185,307036936.0,-3921821,12000,-111795,4458125,13000,95000,8379946,1000,206795
20251201,6191,精成科,132.0,132.5,125.5,128.0,-,3.5,25249171,3254921393.0,-3789736,120000,-386573,6359030,156000,191383,10148766,36000,577956
20251201,2883,凱基金,15.8,15.95,15.65,15.65,-,0.1,23885577,375787323.0,-4125343,-630000,411021,13286730,20000,578000,17412073,650000,166979
20251201,6257,矽格,100.0,101.0,94.6,94.6,-,5.9,10249906,986086495.0,-3610634,-550000,-317138,3126000,33000,65749,6736634,583000,382887
20251201,2377,微星,106.5,106.5,102.5,102.5,-,5.0,9159802,949480551.0,-4533460,12000,-73033,1948440,40000,140000,6481900,28000,213033
20251201,2337,旺宏,34.1,34.45,33.1,33.85,-,0.25,49613738,1677882708.0,-4234044,-3263000,2671151,11819103,193000,3245041,16053147,3456000,573890
20251201,3189,景碩,143.5,147.0,140.5,141.5,-,1.0,24304585,3485470228.0,-5148986,-4000,280232,4974864,0,698712,10123850,4000,418480
20251201,00939,統一台灣高息動能,14.01,14.02,13.9,13.91,-,0.14,6609577,92252491.0,-68000,0,-4853273,26000,0,272000,94000,0,5125273
20251201,8110,華東,37.05,40.6,37.0,40.6,+,3.65,122474120,4796232270.0,-5430530,13000,371764,20664520,13000,641637,26095050,0,269873
20251201,5876,上海商銀,39.05,39.2,39.0,39.0,-,0.1,7308587,285398948.0,-5252640,-2000,-82167,907545,5000,28000,6160185,7000,110167
20251201,1303,南亞,63.1,63.9,59.5,61.1,+,2.1,234435298,14435017956.0,-11367815,4516000,1039590,65986374,4572000,5319873,77354189,56000,4280283
20251201,2891,中信金,43.3,43.7,43.25,43.4,-,0.05,22268620,968276145.0,-6174851,133000,126261,12921537,634000,460919,19096388,501000,334658
20251201,2412,中華電,131.0,131.0,130.0,130.0,-,0.5,8706958,1134270994.0,-5878001,-108000,-17103,1224644,5000,207038,7102645,113000,224141
20251201,2317,鴻海,225.0,226.0,222.0,222.0,-,3.5,52409098,11697363425.0,-5027487,-1475000,-316600,20748817,1754000,984602,25776304,3229000,1301202
20251201,8422,可寧衛*,24.5,24.5,23.55,23.9,-,0.6,21213182,507596285.0,-8068900,-158000,-316874,4169100,0,104000,12238000,158000,420874
20251201,2610,華航,19.15,19.4,19.0,19.05,-,0.15,20744973,396099611.0,-10832953,-244000,215079,5717547,1000,404000,16550500,245000,188921
20251201,2449,京元電子,228.0,228.5,216.5,217.5,-,11.5,32917410,7236437932.0,-10588218,-97000,-425760,6040913,1839000,574483,16629131,1936000,1000243
20251201,1802,台玻,36.45,36.8,33.3,35.25,-,0.5,209940502,7394287385.0,-12762000,2353000,-901138,48818185,2353000,4244261,61580185,0,5145399
20251201,1605,華新,29.65,30.05,29.35,29.4,-,0.1,48838319,1449242545.0,-14144900,0,950239,8205100,0,1297590,22350000,0,347351
20251201,6770,力積電,34.5,35.0,33.1,34.0,-,0.1,164700403,5610829266.0,-17550036,360000,3528123,39582000,385000,5799673,57132036,25000,2271550
20251201,2409,友達,11.6,11.6,11.35,11.35,-,0.25,44725504,511818828.0,-20061496,105000,-6304,12176301,343000,236000,32237797,238000,242304
20251201,2892,第一金,27.5,27.7,27.4,27.4,-,0.2,31895774,875884386.0,-23133025,-1841000,-52709,3239012,13000,231250,26372037,1854000,283959
20251201,00918,大華優利高填息30,22.51,22.58,22.39,22.41,-,0.11,34660484,778691660.0,-5754000,0,-20850347,29000,0,2869000,5783000,0,23719347
20251201,0050,元大台灣50,61.8,61.95,61.4,61.5,-,0.85,103003085,6350023506.0,-55407994,2600000,-14731717,3294506,2600000,10128376,58702500,0,24860093
20251201,0052,富邦科技,35.8,35.81,35.35,35.36,-,0.65,103756610,3687236084.0,-8510319,0,-75960996,99381,0,5754000,8609700,0,81714996
