tradeDate,stockCode,stockName,openPrice,highPrice,lowPrice,closePrice,changeSign,change,totalShares,totalAmount,foreignNetShares,investmentNetShares,dealerNetShares,foreignBuyShares,investmentBuyShares,dealerBuyShares,foreignSellShares,investmentSellShares,dealerSellShares
20251029,00940,元大台灣價值高息,9.65,9.7,9.64,9.68,+,0.07,109431442,1059542096.0,27728000,0,70719892,28344000,0,76726892,616000,0,6007000
20251029,0056,元大高股息,37.33,37.59,37.33,37.47,+,0.34,91187427,3419601243.0,23023290,0,49561256,24882787,0,49775336,1859497,0,214080
20251029,00929,復華台灣科技優息,19.07,19.18,18.98,19.01,+,0.06,78438928,1496707417.0,8506335,0,58041460,9253050,0,59285657,746715,0,1244197
20251029,00919,群益台灣精選高息,21.53,21.62,21.51,21.55,+,0.07,88550305,1910898202.0,25537850,0,36593142,32079640,0,37768142,6541790,0,1175000
20251029,2337,旺宏,38.0,39.7,36.9,38.5,+,2.05,412967018,15826054208.0,50631541,2856000,-559146,140978042,2856000,5580960,90346501,0,6140106
20251029,6770,力積電,32.0,33.4,30.55,32.25,+,0.3,388352347,12412659768.0,36587554,-25000,3112759,131732946,16000,8460268,95145392,41000,5347509
20251029,00878,國泰永續高股息,21.75,21.85,21.74,21.76,+,0.1,46362751,1009890770.0,13162059,560000,12113614,13948325,560000,13215614,786266,0,1102000
20251029,3706,神達,93.8,97.2,93.6,95.2,+,2.4,99399235,9545084856.0,20804926,86000,722311,35368287,86000,1962688,14563361,0,1240377
20251029,00918,大華優利高填息30,22.94,23.06,22.94,22.98,+,0.18,22688769,522063276.0,6042000,0,13012708,6064000,0,13034708,22000,0,22000
20251029,00939,統一台灣高息動能,14.47,14.53,14.47,14.49,+,0.12,19113062,277210817.0,6589000,0,10997898,6611000,0,11395898,22000,0,398000
20251029,2328,廣宇,55.8,59.7,55.8,58.5,+,3.2,62604355,3641410612.0,10380612,0,2511225,19996000,0,2876620,9615388,0,365395
20251029,2354,鴻準,71.5,74.6,71.5,73.2,+,2.4,42941195,3150046134.0,9945320,35000,1726747,17485950,35000,1943535,7540630,0,216788
20251029,1314,中石化,7.47,7.8,7.42,7.68,+,0.25,39252645,298521589.0,7787950,0,2496887,13529950,0,2515000,5742000,0,18113
20251029,00941,中信上游半導體,16.52,16.68,16.52,16.66,+,0.23,11659383,193843512.0,6846900,0,2387597,6849000,0,4481597,2100,0,2094000
20251029,00922,國泰台灣領袖50,25.39,25.57,25.39,25.52,+,0.3,15759975,401767706.0,5473000,0,3713294,5629000,0,4480482,156000,0,767188
20251029,00713,元大台灣高息低波,51.65,51.7,51.4,51.5,,0.0,12171071,627072191.0,3830150,-75000,4911799,3958150,0,5001799,128000,75000,90000
20251029,2344,華邦電,54.4,54.5,51.9,54.0,,0.0,70726750,3805166699.0,10721181,-2084000,-312077,25846531,16000,2225923,15125350,2100000,2538000
20251029,2887,台新新光金,19.1,19.15,18.9,19.0,,0.0,44895073,855640497.0,10238785,-2337000,93000,25207885,1467000,728000,14969100,3804000,635000
20251029,2317,鴻海,254.0,263.0,253.0,260.0,+,10.0,125297120,32456157743.0,1770466,893697,5238655,40374785,1169000,6465269,38604319,275303,1226614
20251029,00646,元大S&P500,66.05,66.1,65.9,65.95,+,0.05,10309430,680089085.0,973612,-600000,7488599,1301632,0,7669000,328020,600000,180401
20251029,2330,台積電,1495.0,1515.0,1490.0,1505.0,+,30.0,32775105,49265956549.0,6208814,220577,557411,18189353,271000,948293,11980539,50423,390882
20251029,3231,緯創,149.0,153.0,148.0,152.5,+,4.5,68151885,10328210271.0,4587465,1383000,905134,24815553,1910000,1883259,20228088,527000,978125
20251029,00951,台新日本半導體,11.38,11.6,11.37,11.59,+,0.71,9578680,110151360.0,3160500,0,3682760,3290500,0,4141559,130000,0,458799
20251029,8046,南電,279.0,294.0,275.5,290.5,+,14.5,26763959,7647962238.0,4824950,49000,1390936,8342070,71000,1792653,3517120,22000,401717
20251029,2316,楠梓電,102.0,110.0,102.0,110.0,+,10.0,29452440,3175339096.0,5521930,73000,566333,9917200,73000,643212,4395270,0,76879
20251029,00946,群益科技高息成長,10.54,10.63,10.53,10.56,+,0.07,8255339,87425288.0,1242000,0,4386314,1361000,0,5342856,119000,0,956542
20251029,2609,陽明,55.4,56.7,55.0,56.5,+,1.4,27281118,1529880227.0,4496150,-361000,1406352,10603500,2000,1744896,6107350,363000,338544
20251029,2301,光寶科,189.0,197.0,188.0,195.0,+,6.5,57329638,11090039016.0,4905337,587000,-117513,21826504,1777000,1891171,16921167,1190000,2008684
20251029,0050,元大台灣50,63.7,64.45,63.7,64.4,+,1.05,67414369,4326680379.0,-4416920,1400000,8235443,3169039,1400000,15316443,7585959,0,7081000
20251029,3037,欣興,164.5,167.0,162.0,166.0,+,3.5,22661349,3741596686.0,4681051,31000,491469,10641606,31000,950651,5960555,0,459182
20251029,00934,中信成長高股息,21.25,21.25,21.12,21.2,+,0.14,6948242,147307279.0,891000,0,4202551,1093000,0,5160913,202000,0,958362
20251029,00881,國泰台灣科技龍頭,31.97,32.32,31.97,32.21,+,0.55,16974241,545988008.0,2883000,0,2165288,3045000,0,7028816,162000,0,4863528
20251029,2883,凱基金,16.1,16.15,15.95,16.0,-,0.05,26061339,417356914.0,6780470,-288000,-1796516,14784282,1142000,82559,8003812,1430000,1879075
20251029,00927,群益半導體收益,20.93,21.19,20.93,21.12,+,0.33,5965667,125924559.0,781225,0,3879437,793225,0,4687624,12000,0,808187
20251029,2449,京元電子,199.0,207.0,197.0,207.0,+,18.5,58898222,12056850446.0,1074987,2759000,762867,13817846,3009000,1939530,12742859,250000,1176663
20251029,00885,富邦越南,16.59,16.68,16.57,16.67,+,0.48,9039822,150289297.0,1140950,0,3241859,2007050,0,4201859,866100,0,960000
20251029,3711,日月光投控,205.0,222.5,204.5,221.0,+,18.0,43197354,9306544526.0,3309613,-392000,1411611,21525181,331000,2134608,18215568,723000,722997
20251029,00904,台新臺灣半導體30,21.28,21.5,21.28,21.43,+,0.31,6141263,131458122.0,40000,0,4240255,118000,0,5086691,78000,0,846436
20251029,00936,台新永續高息中小,15.91,15.99,15.91,15.96,+,0.12,4117828,65690505.0,1294000,0,2646533,1294000,0,2647533,0,0,1000
20251029,6239,力成,180.0,185.5,175.0,182.0,+,5.5,50000697,9075281940.0,5650622,-2148000,325344,18019770,1418000,1774541,12369148,3566000,1449197
20251029,2881,富邦金,91.1,92.0,91.1,91.8,+,0.9,8516678,781048714.0,3413161,36838,200755,6873161,338000,383755,3460000,301162,183000
20251029,2867,三商壽,7.17,7.21,7.08,7.17,,0.0,34006459,243593188.0,3611294,0,29000,9433294,0,29000,5822000,0,0
20251029,2834,臺企銀,15.6,15.6,15.4,15.45,-,0.05,24151057,373586293.0,3293177,0,118514,8835595,0,119000,5542418,0,486
20251029,00900,富邦特選高股息30,13.62,13.67,13.6,13.63,+,0.03,12467211,170012338.0,931700,0,2362231,1488000,0,4184231,556300,0,1822000
20251029,8110,華東,24.05,24.1,23.15,23.55,-,0.35,19209330,454106157.0,3233000,0,-20860,6000000,0,5612,2767000,0,26472
20251029,00915,凱基優選高股息30,22.58,22.63,22.52,22.53,-,0.01,5064196,114323734.0,445221,0,2666364,543221,0,3409950,98000,0,743586
20251029,2890,永豐金,26.1,26.1,25.9,26.0,+,0.1,12108780,314805587.0,5033404,-521000,-1597000,9355778,53000,139000,4322374,574000,1736000
20251029,00891,中信關鍵半導體,19.31,19.51,19.28,19.43,+,0.29,7021661,136368022.0,830000,0,2031462,980000,0,3242808,150000,0,1211346
20251029,2882,國泰金,65.2,65.4,64.8,64.8,,0.0,11904998,774326181.0,3029261,-14415,-263323,8330261,280000,382996,5301000,294415,646319
20251029,3035,智原,173.0,184.5,173.0,184.5,+,16.5,16279681,2969681845.0,2551950,-1000,172417,4227000,0,233417,1675050,1000,61000
20251029,00902,中信電池及儲能,13.1,13.33,13.1,13.33,+,0.27,5775991,76579419.0,342000,0,2371321,600000,0,2898321,258000,0,527000
20251029,4763,材料*-KY,59.0,62.8,58.9,61.2,+,2.7,14860009,907360162.0,1949741,-19000,652792,6313741,0,678355,4364000,19000,25563
20251029,00961,FT臺灣永續高息,9.77,9.83,9.76,9.78,+,0.06,3598018,35265599.0,457000,0,2081983,466000,0,2581983,9000,0,500000
20251029,1303,南亞,42.2,42.5,41.45,41.95,-,0.25,29214651,1222679119.0,7063120,-5326000,727477,13760040,6000,1142244,6696920,5332000,414767
20251029,2886,兆豐金,40.95,41.1,40.55,40.7,-,0.25,15003414,610653699.0,4008554,-633000,-1057929,7933554,54000,327000,3925000,687000,1384929
20251029,2412,中華電,132.0,133.0,131.5,132.0,,0.0,6248913,825008627.0,2283750,-47000,43706,4476000,18000,105121,2192250,65000,61415
20251029,1808,潤隆,36.1,37.2,35.25,37.0,+,0.85,4662632,170605913.0,2116028,0,12687,3680028,0,15697,1564000,0,3010
20251029,8112,至上,66.5,70.6,66.2,69.4,+,3.3,62974413,4309118465.0,1439123,-601068,1254422,16072123,0,1631402,14633000,601068,376980
20251029,2313,華通,87.0,88.4,86.4,86.6,+,0.5,18154746,1585443828.0,2021096,9000,-66873,6673096,9000,208420,4652000,0,275293
20251029,2323,中環,9.24,9.38,9.24,9.35,+,0.13,4069750,37942045.0,1788080,0,66000,2169080,0,68000,381000,0,2000
20251029,3059,華晶科,49.8,50.6,49.55,50.2,+,1.05,5650329,283529025.0,1649000,0,86296,2201000,0,103687,552000,0,17391
20251029,2421,建準,148.5,151.5,144.0,150.5,+,3.5,11815592,1760490672.0,1518600,0,93878,4123600,0,364008,2605000,0,270130
20251029,4915,致伸,80.0,84.5,80.0,83.7,+,4.1,7930435,658208427.0,2185102,-331000,-260319,3677000,0,70287,1491898,331000,330606
20251029,2880,華南金,29.45,29.7,29.35,29.55,+,0.1,10945230,323396447.0,3423818,18000,-1882023,10213848,42000,107000,6790030,24000,1989023
20251029,2634,漢翔,54.3,54.6,53.2,53.2,-,1.0,8316083,445610829.0,1746000,0,-201930,2893000,0,130035,1147000,0,331965
20251029,2603,長榮,188.0,191.0,187.5,190.0,+,2.5,12888317,2440887371.0,1674444,-1220000,1075154,4985835,2000,1500482,3311391,1222000,425328
20251029,2332,友訊,16.65,17.5,16.65,17.15,+,0.6,8253997,142153658.0,1360720,0,81269,2988720,0,94497,1628000,0,13228
20251029,2367,燿華,27.5,27.75,27.05,27.2,,0.0,5330838,145840234.0,1447060,0,-10568,2746380,0,8000,1299320,0,18568
20251029,3543,州巧,41.5,45.1,41.1,45.1,+,4.1,11876011,529782978.0,1339000,0,5040,2846000,0,6263,1507000,0,1223
20251029,00930,永豐ESG低碳高息,17.66,17.77,17.66,17.68,+,0.04,1645098,29151862.0,52000,0,1243294,52000,0,1501323,0,0,258029
20251029,00947,台新臺灣IC設計,16.92,17.02,16.78,16.88,+,0.05,2080194,35240484.0,854000,0,349666,868000,0,953617,14000,0,603951
20251029,00905,FT臺灣Smart,16.99,17.1,16.99,17.09,+,0.24,1888790,32223340.0,383100,0,744009,400100,0,809009,17000,0,65000
20251029,1316,上曜,15.85,16.0,15.55,15.9,+,0.1,4016592,63227822.0,1045086,0,1000,1663086,0,1000,618000,0,0
20251029,2392,正崴,50.7,51.3,50.6,51.0,+,0.6,2273576,115798790.0,938000,0,54810,1146000,0,56936,208000,0,2126
20251029,00960,野村全球航運龍頭,13.86,13.89,13.8,13.89,+,0.11,1290936,17882194.0,4000,0,943159,16000,0,993159,12000,0,50000
20251029,1326,台化,30.5,30.6,30.05,30.35,-,0.1,5479362,166112851.0,903600,0,35492,2997600,0,142727,2094000,0,107235
20251029,2885,元大金,34.45,34.65,34.3,34.3,-,0.05,10882687,374160271.0,3526035,-1078000,-1520808,8455135,281000,66086,4929100,1359000,1586894
20251029,2855,統一證,24.05,24.4,24.05,24.25,+,0.25,2011332,48796767.0,903490,0,0,1166490,0,0,263000,0,0
20251029,2419,仲琦,23.75,25.3,23.75,24.7,+,1.4,7331386,181965913.0,848000,0,32353,1992000,0,64134,1144000,0,31781
20251029,00923,群益台ESG低碳50,25.55,25.75,25.55,25.72,+,0.39,3856411,98988894.0,182000,0,679685,218000,0,2204614,36000,0,1524929
20251029,2615,萬海,78.4,80.2,77.9,79.5,+,1.7,13136082,1040352041.0,2488944,-2020000,389092,4560944,2000,605904,2072000,2022000,216812
20251029,2605,新興,24.0,24.5,23.95,24.45,+,0.5,1954895,47494787.0,732220,0,105530,1006220,0,116530,274000,0,11000
20251029,2349,錸德,10.0,10.05,9.94,9.95,-,0.04,1893030,18896654.0,804110,0,13000,933210,0,13000,129100,0,0
20251029,8011,台通,22.75,24.55,22.65,24.1,+,1.55,11668811,280552748.0,794000,0,-2991,2384000,0,1009,1590000,0,4000
20251029,6271,同欣電,119.5,121.0,118.5,119.0,,0.0,1978108,236120759.0,764141,15000,11730,1072141,15000,35377,308000,0,23647
20251029,00692,富邦公司治理,57.6,58.1,57.6,58.0,+,0.8,1270272,73562398.0,107715,0,681976,119000,0,745976,11285,0,64000
20251029,2548,華固,103.5,106.0,103.0,105.0,+,1.5,1180117,123309109.0,762230,0,22938,876230,0,24038,114000,0,1100
20251029,2352,佳世達,32.8,33.95,32.8,33.0,+,0.35,5259207,175211625.0,741140,11000,19503,2544160,11000,64863,1803020,0,45360
20251029,2528,皇普,30.65,31.55,30.65,31.35,+,1.05,1521135,47255505.0,742500,0,11000,1103500,0,11000,361000,0,0
20251029,2356,英業達,47.5,49.8,47.3,47.55,+,0.55,48701174,2348858742.0,2977608,-1670000,-563886,16093608,23000,851890,13116000,1693000,1415776
20251029,2023,燁輝,14.7,14.85,14.7,14.8,+,0.05,2181500,32242047.0,717593,0,10000,1584593,0,10000,867000,0,0
20251029,6139,亞翔,443.0,469.5,436.5,456.5,+,18.0,10655904,4852022869.0,272564,21000,397422,3280564,37000,569476,3008000,16000,172054
20251029,2258,鴻華先進-創,38.6,41.15,38.55,40.1,+,1.5,1586663,63600475.0,687000,0,2054,801000,0,38351,114000,0,36297
20251029,2845,遠東銀,12.85,12.9,12.75,12.75,-,0.05,5070283,64930167.0,655304,0,31000,2313304,0,31000,1658000,0,0
20251029,4916,事欣科,53.1,53.9,53.0,53.2,+,0.4,1796161,95916430.0,677000,0,-644,910000,0,2000,233000,0,2644
20251029,4968,立積,148.0,152.0,148.0,151.0,+,4.5,1866879,280465952.0,464720,0,186621,973720,0,213370,509000,0,26749
20251029,3714,富采,35.6,35.95,35.3,35.45,+,0.15,2504330,89121587.0,645274,0,3852,1592675,0,7000,947401,0,3148
20251029,3013,晟銘電,125.5,130.0,125.0,129.5,+,5.5,7337003,941460728.0,-229140,523000,349790,1379600,523000,396790,1608740,0,47000
20251029,6257,矽格,98.1,101.5,97.5,99.5,+,3.4,7178970,715236743.0,466200,-65000,237213,2103200,32000,376458,1637000,97000,139245
20251029,3413,京鼎,327.5,346.5,327.5,339.0,+,14.0,3999688,1357153367.0,584000,-45000,91291,1346000,12000,145610,762000,57000,54319
20251029,6112,邁達特,51.3,52.0,50.9,51.4,+,0.7,1377119,70932111.0,572510,0,5563,743510,0,8000,171000,0,2437
20251029,2645,長榮航太,152.0,152.5,146.5,148.0,-,3.0,2453582,363994301.0,613000,-20000,-27132,1021000,0,31793,408000,20000,58925
20251029,2601,益航,5.77,5.8,5.73,5.77,+,0.02,1015242,5850148.0,542150,0,20000,551150,0,31000,9000,0,11000
20251029,2049,上銀,220.0,221.5,219.0,219.5,+,0.5,1605137,353415069.0,495410,-1000,15651,1068410,0,35797,573000,1000,20146
20251029,1312,國喬,10.65,10.65,10.45,10.55,-,0.1,2290607,24172123.0,515276,0,-15999,1135276,0,17002,620000,0,33001
20251029,2617,台航,29.0,29.1,28.8,28.9,+,0.15,729574,21130721.0,491000,0,8000,570000,0,8000,79000,0,0
20251029,1714,和桐,8.32,8.32,8.23,8.3,+,0.04,1204121,9964233.0,479000,0,4000,598000,0,4000,119000,0,0
20251029,6806,森崴能源,58.8,60.5,58.8,60.0,+,1.4,1338398,80146226.0,481000,0,1000,672000,0,1000,191000,0,0
20251029,2542,興富發,39.2,39.3,38.85,39.25,+,0.3,2707365,105909778.0,467228,-25000,26829,1346228,0,32000,879000,25000,5171
20251029,2501,國建,23.25,23.45,23.15,23.35,,0.0,1240030,28874642.0,464000,0,-4051,693000,0,5000,229000,0,9051
20251029,5284,jpp-KY,282.5,302.0,282.0,290.5,+,13.0,3972208,1159252473.0,287836,80000,84109,1397000,80000,118864,1109164,0,34755
20251029,5243,乙盛-KY,79.4,87.0,79.1,87.0,+,7.9,8687148,737584580.0,280950,0,167209,1275000,0,190397,994050,0,23188
20251029,6442,光聖,987.0,994.0,964.0,981.0,+,35.0,8701519,8545540187.0,176979,243000,18727,2269984,243000,117827,2093005,0,99100
20251029,2436,偉詮電,50.4,50.6,48.9,49.35,-,0.55,1815062,89882911.0,442600,0,-7637,755600,0,11245,313000,0,18882
20251029,3312,弘憶股,39.55,40.3,39.5,39.9,+,0.55,806777,32204378.0,413805,0,12656,483805,0,15000,70000,0,2344
20251029,2489,瑞軒,14.65,14.75,14.4,14.5,-,0.2,2349320,34088886.0,424458,0,-2073,630119,0,5000,205661,0,7073
20251029,3017,奇鋐,1320.0,1335.0,1290.0,1330.0,+,30.0,7916687,10420710390.0,-111255,436000,90640,2854442,462000,240168,2965697,26000,149528
20251029,2405,輔信,19.4,19.6,19.2,19.25,,0.0,2362392,45788588.0,412000,0,2000,886000,0,2000,474000,0,0
20251029,00893,國泰智能電動車,33.68,33.9,33.68,33.88,+,0.54,2520517,85218822.0,1182999,0,-770209,1204000,0,714791,21001,0,1485000
20251029,1536,和大,62.3,62.5,61.6,62.0,+,0.4,1051373,65158747.0,433000,0,-30167,605000,0,2270,172000,0,32437
20251029,00932,兆豐永續高息等權,14.83,14.92,14.8,14.8,+,0.02,1247263,18545138.0,129000,0,265151,129000,0,588651,0,0,323500
20251029,00892,富邦台灣半導體,20.94,21.12,20.94,20.95,+,0.21,766814,16117821.0,215000,0,171441,238000,0,416178,23000,0,244737
20251029,00639,富邦深100,14.94,14.99,14.89,14.99,+,0.05,776688,11610923.0,-154000,0,532594,0,0,583724,154000,0,51130
20251029,3049,精金,6.65,6.67,6.58,6.62,,0.0,1151865,7623999.0,352000,0,7000,507000,0,7000,155000,0,0
20251029,8070,長華*,45.0,46.2,44.2,46.0,+,1.25,6917878,315794506.0,395000,-216000,172119,1968000,0,196526,1573000,216000,24407
20251029,6887,寶綠特-KY,64.5,64.8,63.9,64.7,-,0.3,368234,23748247.0,-3000,0,351000,1000,0,351000,4000,0,0
20251029,3042,晶技,92.0,92.7,91.3,91.7,+,0.3,2014798,185023196.0,343000,-10000,11699,812000,0,32207,469000,10000,20508
20251029,6278,台表科,109.0,110.5,108.5,109.5,+,1.0,1615703,176994154.0,603000,-319000,59366,893000,0,76366,290000,319000,17000
20251029,2476,鉅祥,94.6,96.0,94.4,94.5,-,0.3,2727116,259193658.0,391000,0,-50042,1146000,0,25591,755000,0,75633
20251029,00643,群益深証中小,16.38,16.52,16.37,16.51,+,0.14,2252645,37142403.0,-188000,0,521144,32000,0,2092486,220000,0,1571342
20251029,00911,兆豐洲際半導體,32.34,32.64,32.34,32.47,+,0.23,579268,18802199.0,0,0,331211,0,0,466222,0,0,135011
20251029,4526,東台,33.05,33.4,32.5,32.6,-,0.2,1624227,53203438.0,325000,0,4492,570000,0,5630,245000,0,1138
20251029,3528,安馳,76.0,79.8,76.0,76.4,+,1.2,1100153,86016713.0,329000,0,377,449000,0,377,120000,0,0
20251029,2355,敬鵬,33.75,34.3,33.5,33.55,-,0.05,1820376,61738217.0,318000,-5000,10796,882000,0,35797,564000,5000,25001
20251029,3356,奇偶,47.25,48.2,47.05,47.6,+,0.85,941999,44795894.0,320070,0,900,451070,0,1000,131000,0,100
20251029,2365,昆盈,38.95,39.8,38.95,39.0,+,0.4,1860040,73019516.0,318000,0,1040,687000,0,2050,369000,0,1010
20251029,00944,野村趨勢動能高息,14.25,14.31,14.23,14.25,+,0.04,999680,14243390.0,65000,0,252875,65000,0,874059,0,0,621184
20251029,6944,兆聯實業,568.0,584.0,568.0,579.0,+,14.0,930931,537307574.0,292010,3000,15851,553010,3000,15851,261000,0,0
20251029,6505,台塑化,45.55,45.9,44.55,45.25,-,0.3,4772709,215092205.0,391799,-29000,-52649,2284049,6000,131000,1892250,35000,183649
20251029,3406,玉晶光,423.5,427.0,423.0,424.5,+,1.0,682655,289797418.0,314426,-33000,27626,434426,1000,42626,120000,34000,15000
20251029,3047,訊舟,18.0,19.45,18.0,19.45,+,1.75,5151107,99142030.0,278000,0,26336,891000,0,26336,613000,0,0
20251029,5608,四維航,17.05,17.3,17.0,17.3,+,0.25,1393318,23864643.0,293966,0,4000,588990,0,6000,295024,0,2000
20251029,4934,太極,15.15,15.3,14.85,15.0,-,0.05,1390858,20906067.0,296954,0,1000,451954,0,1000,155000,0,0
20251029,6120,達運,11.25,12.25,11.25,11.7,+,0.3,3686722,43532356.0,293800,0,3000,1264800,0,3000,971000,0,0
20251029,9958,世紀鋼,157.5,160.0,155.5,155.5,-,2.0,1603012,251841269.0,305000,-60000,50270,696000,0,94438,391000,60000,44168
20251029,6515,穎崴,2450.0,2630.0,2450.0,2630.0,+,235.0,1306765,3370563260.0,143550,78000,58771,469600,169000,74491,326050,91000,15720
20251029,1905,華紙,12.8,12.85,12.55,12.7,-,0.05,2013043,25657589.0,267000,0,12000,1204000,0,12000,937000,0,0
20251029,00897,富邦基因免疫生技,8.16,8.16,8.13,8.14,-,0.03,411704,3354748.0,-3000,0,279925,0,0,305001,3000,0,25076
20251029,1529,樂事綠能,20.8,20.85,20.35,20.35,-,0.3,836456,17217196.0,278103,0,-2000,468103,0,0,190000,0,2000
20251029,1514,亞力,98.5,99.1,97.6,97.9,+,0.5,955020,93817468.0,267595,0,8121,463595,0,16000,196000,0,7879
20251029,2485,兆赫,13.4,13.8,13.35,13.75,+,0.35,1440695,19657054.0,249000,0,24574,657000,0,36000,408000,0,11426
20251029,4904,遠傳,93.3,93.3,92.3,92.5,,0.0,3722904,344547586.0,1455358,-1320000,135896,2510358,9000,182000,1055000,1329000,46104
20251029,4927,泰鼎-KY,21.05,22.3,21.05,21.35,-,0.35,3615177,78060860.0,269893,0,0,1133893,0,3000,864000,0,3000
20251029,2357,華碩,712.0,716.0,708.0,709.0,,0.0,1912467,1358077297.0,620074,-261405,-93190,1266507,34000,82310,646433,295405,175500
20251029,2495,普安,24.05,24.3,23.75,23.75,-,0.25,1719508,41136602.0,268000,0,-6470,625000,0,3653,357000,0,10123
20251029,00938,凱基優選30,16.81,16.91,16.81,16.88,+,0.15,801626,13531015.0,-7000,0,266674,0,0,704128,7000,0,437454
20251029,3026,禾伸堂,120.5,121.0,115.0,115.5,-,3.5,5072347,593588221.0,502000,0,-244178,1628000,0,9696,1126000,0,253874
20251029,2637,慧洋-KY,63.1,63.5,62.5,63.4,+,0.3,2423843,152890902.0,273975,-13000,-4633,1333975,0,35430,1060000,13000,40063
20251029,00921,兆豐龍頭等權重,17.21,17.22,17.15,17.16,,0.0,315897,5429798.0,113000,0,137476,115000,0,144000,2000,0,6524
20251029,6269,台郡,65.1,65.7,64.9,65.2,+,0.2,913183,59587235.0,278000,0,-32432,470000,0,3193,192000,0,35625
20251029,1104,環泥,31.85,32.05,31.4,31.55,-,0.4,905773,28625973.0,239848,0,3000,318848,0,19000,79000,0,16000
20251029,00926,凱基全球菁英55,23.8,24.05,23.8,24.03,+,0.31,1082313,25984685.0,-4000,0,243997,6000,0,841997,10000,0,598000
20251029,3605,宏致,71.3,71.6,69.1,69.1,-,1.8,3084452,216274363.0,245000,0,-5529,788000,0,10000,543000,0,15529
20251029,3673,TPK-KY,37.25,38.0,37.25,37.5,+,0.45,1078164,40546887.0,202000,0,36697,543000,0,47046,341000,0,10349
20251029,2208,台船,20.25,20.45,20.0,20.0,-,0.25,4485354,90163683.0,232886,0,5000,558886,0,5000,326000,0,0
20251029,2108,南帝,22.65,22.9,22.6,22.8,+,0.25,660755,15047140.0,235900,0,-57,373900,0,2000,138000,0,2057
20251029,2467,志聖,176.0,181.0,176.0,181.0,+,5.5,725273,129804476.0,205670,0,23588,406670,0,23588,201000,0,0
20251029,2393,億光,59.5,60.0,58.7,59.9,+,0.4,1677750,100060205.0,392000,-168787,4855,1320000,0,9000,928000,168787,4145
20251029,6869,雲豹能源,119.0,122.0,119.0,120.5,+,2.5,638338,76944810.0,222000,0,5145,331000,0,5748,109000,0,603
20251029,2429,銘旺科,91.5,93.8,89.1,89.8,-,2.1,1509519,137929014.0,204000,0,21365,658000,0,23000,454000,0,1635
20251029,3019,亞光,153.0,154.0,152.0,152.0,+,0.5,2803277,428530509.0,148200,0,72352,717200,0,118931,569000,0,46579
20251029,3661,世芯-KY,3075.0,3310.0,3075.0,3250.0,+,185.0,3238142,10456973495.0,319964,-167400,66625,1298474,34600,142504,978510,202000,75879
20251029,1229,聯華,48.25,48.75,48.1,48.35,+,0.2,1130857,54687206.0,208732,-5000,14367,508732,0,18000,300000,5000,3633
20251029,8033,雷虎,122.0,125.5,122.0,125.5,+,4.0,1224197,152338523.0,19000,0,198642,126000,0,198642,107000,0,0
20251029,00896,中信綠能及電動車,20.05,20.16,20.05,20.14,+,0.25,1512516,30430003.0,31000,0,186421,32000,0,945692,1000,0,759271
20251029,8996,高力,603.0,603.0,575.0,603.0,+,54.0,2658274,1588203244.0,29475,0,185345,324000,0,208845,294525,0,23500
20251029,3041,揚智,29.5,30.15,29.3,29.65,+,0.3,946140,28167355.0,204822,0,6000,382822,0,6000,178000,0,0
20251029,3016,嘉晶,60.6,61.0,58.0,58.8,-,1.3,4343259,256268910.0,243000,0,-33361,947000,0,16000,704000,0,49361
20251029,3189,景碩,137.5,140.0,135.5,139.0,+,1.5,13470048,1860159401.0,533420,-429000,104509,4510005,57000,282005,3976585,486000,177496
20251029,1524,耿鼎,33.4,33.55,32.8,33.2,-,0.2,4626782,152957675.0,213920,0,-7491,520920,0,3000,307000,0,10491
20251029,3708,上緯投控,120.0,120.0,116.0,118.5,-,0.5,1294122,152497665.0,166000,0,38545,411000,0,46000,245000,0,7455
20251029,3044,健鼎,333.0,343.5,328.5,329.5,+,1.0,4358419,1460985005.0,928483,-860000,135647,2099000,31000,292568,1170517,891000,156921
20251029,1904,正隆,17.3,17.35,17.25,17.3,+,0.05,465505,8044578.0,194500,0,8790,297000,0,9000,102500,0,210
20251029,00850,元大臺灣ESG永續,55.1,55.45,55.05,55.35,+,0.65,529620,29272566.0,28000,0,170208,35000,0,237208,7000,0,67000
20251029,2305,全友,11.2,11.35,11.0,11.15,,0.0,723930,8087905.0,201000,0,-3000,302000,0,1000,101000,0,4000
20251029,1215,卜蜂,137.5,138.0,135.5,137.5,,0.0,1065472,145794579.0,282000,-64000,-21204,674000,0,11225,392000,64000,32429
20251029,8473,山林水,41.6,42.3,41.4,41.5,-,0.35,512447,21416122.0,173182,0,16000,255182,0,17000,82000,0,1000
20251029,1810,和成,18.3,18.5,18.0,18.1,-,0.2,927995,16839477.0,176320,0,5571,333320,0,9000,157000,0,3429
20251029,2362,藍天,40.35,41.05,40.35,41.0,+,0.55,371843,15158380.0,183000,-5000,3081,240000,0,4093,57000,5000,1012
20251029,00733,富邦臺灣中小,48.32,48.76,48.11,48.19,-,0.01,1110396,53710840.0,175198,0,5736,279101,0,306341,103903,0,300605
20251029,3028,增你強,35.7,35.7,34.75,35.05,-,0.4,1398138,49129267.0,234200,0,-55000,500200,0,20000,266000,0,75000
20251029,00912,中信臺灣智慧50,20.95,21.2,20.95,21.17,+,0.22,386712,8184844.0,8000,0,169054,11000,0,312289,3000,0,143235
20251029,6415,矽力*-KY,229.5,234.5,229.0,230.0,+,4.0,2638796,609151120.0,156627,-3000,22661,1910650,1000,29190,1754023,4000,6529
20251029,6449,鈺邦,194.0,195.5,184.5,188.0,-,4.0,2085925,392670713.0,200851,0,-25704,508851,0,16014,308000,0,41718
20251029,6116,彩晶,7.5,7.6,7.42,7.45,+,0.01,6453180,48350782.0,147000,0,28000,2602000,0,30000,2455000,0,2000
20251029,2442,新美齊,25.95,26.35,25.9,26.15,+,0.15,620573,16180962.0,131309,0,43000,273309,0,103000,142000,0,60000
20251029,8464,億豐,378.0,381.0,373.0,374.0,-,3.0,950483,357104939.0,235907,-64000,2052,609934,0,2052,374027,64000,0
20251029,4576,大銀微系統,114.5,115.5,113.0,113.0,,0.0,501647,57076207.0,165876,0,3675,246876,0,6675,81000,0,3000
20251029,3051,力特,20.45,20.5,20.1,20.2,+,0.1,436869,8836089.0,168545,0,-3000,243545,0,1000,75000,0,4000
20251029,2201,裕隆,32.5,32.8,32.1,32.65,,0.0,1914784,62122790.0,103703,0,59815,641703,0,67000,538000,0,7185
20251029,2375,凱美,101.5,103.5,95.7,97.3,-,2.5,14355001,1408212035.0,268819,0,-108344,3266820,0,38308,2998001,0,146652
20251029,9941,裕融,100.5,101.0,99.8,100.0,,0.0,669607,67170513.0,202208,-2000,-41132,379358,0,6868,177150,2000,48000
20251029,5388,中磊,98.1,100.0,98.0,98.6,+,0.8,943058,93200405.0,313000,-170000,13925,510000,0,25245,197000,170000,11320
20251029,4555,氣立,44.55,44.6,42.6,43.7,-,0.8,541483,23602223.0,155000,0,1443,234000,0,1443,79000,0,0
20251029,2836,高雄銀,12.35,12.4,12.3,12.35,+,0.05,897179,11067370.0,143022,0,12000,258022,0,12000,115000,0,0
20251029,2504,國產,35.7,36.45,35.6,36.1,+,0.3,2411548,87212113.0,479708,-304234,-24128,1074708,0,10872,595000,304234,35000
20251029,3005,神基,142.0,144.0,141.5,142.5,+,1.5,1963050,279793464.0,563200,-344000,-68083,1186200,2000,117202,623000,346000,185285
20251029,2891,中信金,41.95,42.5,41.95,42.0,+,0.1,32464764,1368781121.0,1810476,166155,-1825957,20750767,2800000,566554,18940291,2633845,2392511
20251029,6166,凌華,60.5,61.5,60.5,60.8,+,0.7,360243,21961464.0,154000,0,-6430,207000,0,2092,53000,0,8522
20251029,2537,聯上發,11.35,11.35,11.15,11.2,-,0.05,584250,6556328.0,145000,0,1517,222000,0,2000,77000,0,483
20251029,00935,野村臺灣新科技50,29.0,29.18,28.93,29.11,+,0.32,2838281,82509002.0,-6000,0,148297,19000,0,1241035,25000,0,1092738
20251029,2417,圓剛,39.85,40.4,39.75,39.95,+,0.2,402273,16083857.0,145600,0,-4000,187200,0,0,41600,0,4000
20251029,6491,晶碩,318.5,322.5,317.0,321.5,+,7.5,383613,122778693.0,136000,0,2173,224000,0,2268,88000,0,95
20251029,1503,士電,177.5,179.0,175.0,175.0,-,0.5,1282142,225927086.0,146800,0,-10854,467800,0,6000,321000,0,16854
20251029,2478,大毅,62.7,63.6,59.0,60.2,-,2.0,4604386,279079592.0,134041,0,-1376,1144041,0,4000,1010000,0,5376
20251029,1473,台南,28.45,28.9,27.2,27.8,-,1.0,497013,13890417.0,130000,0,2000,172000,0,2000,42000,0,0
20251029,00943,兆豐電子高息等權,15.19,15.24,15.09,15.11,+,0.01,151097,2289027.0,68999,0,58791,69000,0,75050,1,0,16259
20251029,2534,宏盛,21.25,21.55,21.2,21.4,+,0.15,487737,10439154.0,113964,0,13000,224964,0,13000,111000,0,0
20251029,6531,愛普*,383.0,385.0,376.5,380.0,+,1.0,3551447,1348676349.0,118514,-5000,9776,1547514,1000,29899,1429000,6000,20123
20251029,3003,健和興,51.3,51.6,50.6,51.1,+,0.2,277126,14153965.0,122000,0,344,166000,0,540,44000,0,196
20251029,8213,志超,35.3,35.6,35.1,35.3,+,0.1,293177,10381661.0,118000,0,3000,167000,0,3000,49000,0,0
20251029,1786,科妍,90.0,90.2,88.0,89.4,-,0.7,1132406,100637631.0,134675,0,-14709,376675,0,6000,242000,0,20709
20251029,4977,眾達-KY,124.5,125.5,120.5,123.0,+,1.5,6238548,765593814.0,62360,0,56578,1155360,0,83000,1093000,0,26422
20251029,2527,宏璟,24.25,25.3,24.25,25.0,+,0.75,368635,9152555.0,114000,-662,5000,149000,0,5000,35000,662,0
20251029,6668,中揚光,40.5,43.2,40.0,42.85,+,2.55,831169,34966360.0,116000,0,0,246000,0,1000,130000,0,1000
20251029,00899,FT潔淨能源,20.3,20.47,20.19,20.33,+,0.3,539629,10949485.0,8000,0,107924,9000,0,256000,1000,0,148076
20251029,6592,和潤企業,63.8,63.8,63.2,63.6,+,0.1,300065,19048416.0,113710,0,516,148710,0,4000,35000,0,3484
20251029,3025,星通,45.95,47.1,45.95,46.6,+,0.75,358940,16716899.0,110200,0,4000,154200,0,4000,44000,0,0
20251029,1325,恆大,30.65,30.7,30.2,30.45,,0.0,315364,9593263.0,112000,0,1000,135000,0,1000,23000,0,0
20251029,00876,元大全球5G,48.83,49.22,48.83,49.2,+,0.15,316597,15564674.0,1000,0,111523,2000,0,267013,1000,0,155490
20251029,7750,新代,843.0,866.0,838.0,857.0,+,17.0,280337,238046583.0,102020,10000,0,119020,10000,0,17000,0,0
20251029,1308,亞聚,13.2,13.2,12.85,12.95,-,0.25,1277931,16598959.0,102707,0,8663,345707,0,19000,243000,0,10337
20251029,4583,台灣精銳,633.0,675.0,631.0,664.0,+,34.0,645570,425084720.0,101705,0,9013,248646,0,18113,146941,0,9100
20251029,1709,和益,16.8,16.9,16.75,16.8,+,0.05,301928,5071091.0,108550,0,2000,141550,0,2000,33000,0,0
20251029,00916,國泰全球品牌50,27.02,27.11,27.01,27.08,+,0.07,163260,4419674.0,20000,0,89402,21000,0,89451,1000,0,49
20251029,0055,元大MSCI金融,30.75,30.84,30.59,30.64,-,0.09,299540,9179824.0,42159,0,62255,43159,0,105000,1000,0,42745
20251029,5534,長虹,78.9,79.4,78.3,78.9,,0.0,600139,47347430.0,41000,0,63357,187000,0,66357,146000,0,3000
20251029,4306,炎洲,13.45,13.5,13.35,13.45,,0.0,842403,11323205.0,80670,0,23000,336670,0,23000,256000,0,0
20251029,2607,榮運,57.7,58.5,57.1,58.4,+,0.9,1248378,72575116.0,210989,-110000,1000,778000,0,2000,567011,110000,1000
20251029,4414,如興,10.45,10.8,10.45,10.75,+,0.3,260578,2782994.0,100757,0,-1000,111757,0,0,11000,0,1000
20251029,3023,信邦,214.0,218.0,212.5,217.5,+,3.5,1770960,381352886.0,146057,-10000,-37812,1120057,0,5000,974000,10000,42812
20251029,6691,洋基工程,447.5,459.0,447.5,455.0,+,8.0,502135,227857138.0,79085,0,17175,282085,0,17279,203000,0,104
20251029,2102,泰豐,19.9,20.1,19.8,19.95,+,0.05,443619,8873624.0,93000,0,3000,200000,0,3000,107000,0,0
20251029,8374,羅昇,91.7,92.0,90.1,90.3,-,1.3,283337,25733251.0,93000,0,1922,115000,0,2922,22000,0,1000
20251029,4164,承業醫,43.1,43.4,42.25,42.25,-,1.05,1567223,66780137.0,139000,0,-45413,529000,0,9000,390000,0,54413
20251029,2401,凌陽,22.75,23.1,22.2,22.35,-,0.3,2600756,58576672.0,111000,0,-18253,932000,0,12232,821000,0,30485
20251029,00652,富邦印度,37.2,37.46,37.19,37.39,+,0.2,220499,8235123.0,0,0,92462,0,0,119462,0,0,27000
20251029,6177,達麗,50.0,50.0,49.35,49.7,,0.0,550253,27316247.0,29762,59000,3392,256963,59000,3392,227201,0,0
20251029,5244,弘凱,42.8,42.8,41.95,41.95,-,0.45,360499,15269577.0,92000,0,0,130000,0,0,38000,0,0
20251029,00730,富邦臺灣優質高息,23.4,23.59,23.34,23.48,+,0.2,361380,8484820.0,66000,0,25259,69000,0,162717,3000,0,137458
20251029,3712,永崴投控,37.45,37.85,37.1,37.1,,0.0,685398,25625859.0,90630,0,-945,211630,0,1081,121000,0,2026
20251029,1587,吉茂,41.4,41.75,40.6,41.1,+,0.5,494128,20287179.0,88823,0,485,172823,0,1000,84000,0,515
20251029,4739,康普,65.8,66.5,64.7,65.4,+,0.2,524651,34314487.0,86000,0,2215,205000,0,2317,119000,0,102
20251029,6153,嘉聯益,15.5,16.1,15.4,15.75,+,0.35,4964290,78292316.0,-7757,0,94954,1508243,0,135000,1516000,0,40046
20251029,2022,聚亨,7.73,7.86,7.73,7.82,+,0.03,622994,4872438.0,85015,0,2000,238015,0,2000,153000,0,0
20251029,6142,友勁,9.57,9.98,9.56,9.87,+,0.32,419674,4128407.0,85237,0,1000,158237,0,1000,73000,0,0
20251029,3701,大眾控,37.7,37.7,36.7,36.7,+,0.1,316469,11711584.0,82000,0,3828,139000,0,4000,57000,0,172
20251029,3437,榮創,15.65,15.95,15.55,15.85,+,0.35,315498,4964253.0,85000,0,0,137000,0,1000,52000,0,1000
20251029,2453,凌群,57.4,57.8,56.7,56.8,-,0.4,694421,39619592.0,81000,0,3000,211000,0,3000,130000,0,0
20251029,4540,全球傳動,39.85,39.85,39.0,39.05,-,0.35,674270,26465626.0,80000,0,1301,229000,0,5000,149000,0,3699
20251029,00735,國泰臺韓科技,49.0,49.52,48.96,49.31,+,0.7,335255,16513984.0,50000,0,31000,50000,0,195000,0,0,164000
20251029,2608,嘉里大榮,33.7,33.95,33.65,33.95,+,0.1,231121,7799749.0,76000,0,3000,97000,0,3000,21000,0,0
20251029,6117,迎廣,81.2,82.5,81.2,82.0,+,0.7,317750,26019126.0,78915,0,0,116000,0,0,37085,0,0
20251029,2613,中櫃,25.0,25.25,24.9,25.05,+,0.2,400241,10046435.0,76000,0,2000,161000,0,2000,85000,0,0
20251029,6414,樺漢,292.5,296.0,292.5,296.0,+,4.0,362742,107000355.0,86427,-1000,-8091,150427,0,6006,64000,1000,14097
20251029,6206,飛捷,109.0,110.5,108.5,108.5,,0.0,933467,102232321.0,129100,-55000,3000,336100,0,7000,207000,55000,4000
20251029,2395,研華,331.5,332.5,328.5,330.5,+,2.0,1403990,465258646.0,66954,4000,5365,919954,5000,5365,853000,1000,0
20251029,8442,威宏-KY,71.1,71.1,68.0,69.2,-,0.4,209901,14367956.0,76000,0,0,89000,0,0,13000,0,0
20251029,1597,直得,76.7,77.0,75.8,76.1,,0.0,208209,15870664.0,77500,0,-1952,103500,0,137,26000,0,2089
20251029,6830,汎銓,166.5,169.5,166.0,167.0,+,2.5,326938,54676083.0,136000,-65000,2450,177000,0,3524,41000,65000,1074
20251029,00903,富邦元宇宙,18.48,18.52,18.43,18.51,,0.0,174501,3226971.0,3000,0,69332,4000,0,100000,1000,0,30668
20251029,4949,有成精密,37.5,37.75,36.85,36.85,-,0.45,223265,8298771.0,75000,0,-3000,113000,0,0,38000,0,3000
20251029,3591,艾笛森,17.9,18.4,17.9,18.25,+,0.3,429234,7784873.0,69745,0,1671,150745,0,2000,81000,0,329
20251029,4562,穎漢,41.15,41.85,40.85,40.85,-,0.15,283592,11675049.0,70000,0,514,131000,0,1000,61000,0,486
20251029,6625,必應,79.5,80.8,79.0,79.5,+,0.3,210564,16746396.0,69936,0,-164,98936,0,2000,29000,0,2164
20251029,9925,新保,40.65,40.8,40.6,40.8,+,0.15,138426,5632938.0,66763,0,2364,76760,0,3000,9997,0,636
20251029,2908,特力,20.45,20.5,20.4,20.5,+,0.05,353743,7224385.0,67000,0,2000,80000,0,2000,13000,0,0
20251029,2231,為升,106.5,110.0,103.0,104.0,-,1.5,1357648,143585313.0,121325,0,-53052,649325,0,56000,528000,0,109052
20251029,4545,銘鈺,32.2,32.55,32.05,32.15,+,0.1,121005,3906169.0,66000,0,1000,77000,0,2000,11000,0,1000
20251029,1773,勝一,139.5,143.0,139.5,141.0,+,2.0,572297,81019304.0,64881,0,1992,219513,0,2000,154632,0,8
20251029,2062,橋椿,22.55,22.6,22.25,22.4,+,0.05,238305,5338260.0,85000,-20000,1000,112000,0,1000,27000,20000,0
20251029,2383,台光電,1285.0,1290.0,1240.0,1250.0,-,5.0,5016245,6339504665.0,58538,9000,-1554,2562068,97000,104289,2503530,88000,105843
20251029,2387,精元,41.8,42.2,41.8,41.85,+,0.1,322325,13519103.0,64000,0,0,149000,0,1000,85000,0,1000
20251029,6438,迅得,158.0,159.5,157.5,159.0,+,2.0,528019,83743709.0,63000,0,856,189000,0,7030,126000,0,6174
20251029,3447,展達,61.6,62.6,60.0,60.4,-,0.3,742222,45158130.0,62000,0,1000,228000,0,1000,166000,0,0
20251029,6805,富世達,1440.0,1445.0,1400.0,1425.0,,0.0,1186153,1684708545.0,121728,-48000,-12094,475177,39000,23308,353449,87000,35402
20251029,1540,喬福,23.0,23.3,22.95,22.95,-,0.05,207233,4775908.0,60000,0,1000,86000,0,1000,26000,0,0
20251029,2484,希華,23.1,23.4,23.0,23.2,-,0.05,375920,8680525.0,61000,0,-16,108000,0,0,47000,0,16
20251029,00964,中信亞太高股息,11.22,11.22,11.18,11.18,-,0.05,407560,4562519.0,19000,0,41714,19000,0,222000,0,0,180286
20251029,00728,第一金工業30,36.39,36.62,36.39,36.39,+,0.28,144639,5280706.0,3000,0,57188,3000,0,106188,0,0,49000
20251029,4585,達明,420.0,420.0,408.0,410.0,-,5.0,433721,178845112.0,60135,0,0,69135,0,0,9000,0,0
20251029,6155,鈞寶,30.5,31.1,28.7,29.0,-,1.65,2442384,71901293.0,60000,0,0,452000,0,0,392000,0,0
20251029,5471,松翰,35.9,36.2,35.6,35.7,-,0.15,285803,10234464.0,58000,0,1123,128000,0,3000,70000,0,1877
20251029,3653,健策,2200.0,2210.0,2105.0,2115.0,-,50.0,1340738,2854351645.0,280951,-370623,148791,556558,1000,210043,275607,371623,61252
20251029,6416,瑞祺電通,83.4,85.5,83.4,85.3,+,1.5,135992,11535349.0,59000,0,0,68000,0,0,9000,0,0
20251029,2420,新巨,51.8,52.6,51.8,52.1,+,0.4,270797,14132894.0,57000,0,1977,102000,0,2000,45000,0,23
20251029,0061,元大寶滬深,22.6,22.6,22.07,22.53,-,0.03,891033,20016447.0,-555000,0,613805,65000,0,620805,620000,0,7000
20251029,6141,柏承,11.45,11.7,11.3,11.6,+,0.15,226436,2613554.0,57000,0,1000,72000,0,1000,15000,0,0
20251029,1528,恩德,14.75,14.95,14.65,14.65,-,0.1,1388882,20503194.0,79000,0,-21000,451000,0,0,372000,0,21000
20251029,1436,華友聯,63.7,63.8,62.5,62.5,-,1.1,195573,12288965.0,57068,0,853,93069,0,1001,36001,0,148
20251029,00913,兆豐台灣晶圓製造,23.43,23.61,23.43,23.55,+,0.37,256655,6043182.0,0,0,57474,0,0,201000,0,0,143526
20251029,8222,寶一,44.9,45.0,44.0,44.05,-,0.7,657602,29130580.0,57350,0,0,244350,0,0,187000,0,0
20251029,6689,伊雲谷,71.3,71.5,70.4,70.4,-,0.3,167350,11850836.0,57000,0,-131,86000,0,0,29000,0,131
20251029,8072,陞泰,32.55,32.7,32.25,32.25,-,0.25,267075,8656946.0,55000,0,1740,132000,0,2000,77000,0,260
20251029,6192,巨路,98.5,99.8,98.5,99.3,+,0.8,103503,10279393.0,53200,0,1955,61200,0,2000,8000,0,45
20251029,2423,固緯,55.7,56.2,55.4,55.6,-,0.1,134440,7500252.0,53000,0,2000,67000,0,2000,14000,0,0
20251029,6202,盛群,42.25,42.7,41.85,42.0,-,0.1,1464679,61995727.0,60000,0,-5337,457000,0,1101,397000,0,6438
20251029,8478,東哥遊艇,193.0,193.5,190.0,192.5,-,0.5,238498,45763246.0,38936,0,15541,81000,0,19000,42064,0,3459
20251029,3617,碩天,243.5,244.0,240.5,241.0,+,1.0,266609,64613809.0,89400,-38000,2581,150400,0,5621,61000,38000,3040
20251029,3645,達邁,60.3,61.3,60.3,60.5,+,0.3,1133529,68719763.0,50000,0,3980,314000,0,4000,264000,0,20
20251029,2428,興勤,199.5,201.0,193.5,195.0,-,2.5,2870967,561985321.0,94950,0,-41311,853000,0,9485,758050,0,50796
20251029,1617,榮星,15.7,15.7,15.4,15.4,-,0.3,167224,2591731.0,52000,0,1229,56000,0,4000,4000,0,2771
20251029,2516,新建,14.8,14.8,14.4,14.7,+,0.1,801380,11660550.0,53000,0,0,147000,0,1000,94000,0,1000
20251029,3027,盛達,24.1,24.3,24.0,24.0,,0.0,168496,4057150.0,53000,0,0,67000,0,0,14000,0,0
20251029,6216,居易,27.2,27.4,26.95,27.2,+,0.15,193776,5273525.0,52000,0,451,63000,0,1000,11000,0,549
20251029,2059,川湖,3955.0,4050.0,3880.0,3920.0,+,60.0,715054,2841114940.0,-93991,146717,-775,239144,151000,35285,333135,4283,36060
20251029,4956,光鋐,19.45,19.75,19.25,19.3,,0.0,409846,7973907.0,51000,0,-540,154000,0,0,103000,0,540
20251029,4746,台耀,60.6,61.4,60.0,60.8,+,0.4,539406,32681851.0,51000,0,-588,198000,0,1412,147000,0,2000
20251029,6863,永道-KY,142.5,142.5,140.5,142.0,,0.0,113120,16025438.0,49050,0,1000,78050,0,1000,29000,0,0
20251029,9911,櫻花,85.5,85.6,85.1,85.6,+,0.1,142172,12145768.0,48000,0,2000,93000,0,2000,45000,0,0
20251029,6136,富爾特,23.5,23.8,23.35,23.5,-,0.2,201924,4737466.0,47000,0,3000,56000,0,3000,9000,0,0
20251029,2471,資通,51.6,51.6,50.9,51.3,-,0.1,152231,7806774.0,49000,0,0,64000,0,1000,15000,0,1000
20251029,1108,幸福,15.05,15.05,14.9,14.95,,0.0,144132,2153918.0,47000,0,2000,51000,0,2000,4000,0,0
20251029,9103,美德醫療-DR,4.83,4.83,4.78,4.79,-,0.01,255280,1223839.0,46000,0,1000,47000,0,1000,1000,0,0
20251029,6215,和椿,121.5,123.0,119.0,119.0,-,3.5,1775037,213320825.0,52000,0,-5379,227000,0,3037,175000,0,8416
20251029,6526,達發,496.0,503.0,496.0,497.0,+,4.0,266352,132932539.0,107789,-61000,-684,148010,0,4397,40221,61000,5081
20251029,6742,澤米,48.35,48.9,47.8,47.8,-,0.4,241249,11606546.0,46000,0,0,85000,0,0,39000,0,0
20251029,8404,百和興業-KY,26.1,26.6,25.6,25.6,-,0.5,2228406,57618371.0,43167,0,2053,605167,0,3000,562000,0,947
20251029,7749,意騰-KY,488.5,498.5,485.0,489.5,+,2.5,154914,76117478.0,44000,0,1014,72000,0,1014,28000,0,0
20251029,6901,鑽石投資,18.2,18.45,18.05,18.2,+,0.1,318770,5811373.0,41000,0,4000,159000,0,4000,118000,0,0
20251029,3679,新至陞,120.5,126.0,120.5,124.0,+,4.5,179401,22199813.0,45000,0,0,65000,0,0,20000,0,0
20251029,00771,元大US高息特別股,16.11,16.14,16.1,16.1,-,0.11,56387,908249.0,0,0,45000,0,0,46000,0,0,1000
20251029,2431,聯昌,12.4,12.55,12.35,12.4,+,0.1,296415,3681481.0,38000,0,5996,84000,0,6000,46000,0,4
20251029,4566,時碩工業,57.0,57.1,56.1,56.6,+,0.3,207196,11714972.0,41000,0,2301,85000,0,2301,44000,0,0
20251029,6283,淳安,25.7,25.8,25.4,25.45,+,0.05,162910,4160642.0,41000,0,2000,67000,0,2000,26000,0,0
20251029,6550,北極星藥業-KY,35.5,35.8,35.25,35.6,+,0.1,324396,11532489.0,39000,0,4000,63000,0,4000,24000,0,0
20251029,1526,日馳,18.6,18.6,18.1,18.25,-,0.35,109434,1993426.0,43000,0,0,44000,0,0,1000,0,0
20251029,6205,詮欣,40.45,40.8,40.35,40.4,,0.0,156475,6329474.0,41000,0,1000,49000,0,1000,8000,0,0
20251029,4764,雙鍵,81.0,81.0,74.3,76.0,-,4.5,650637,49708619.0,442,0,41000,442,0,50000,0,0,9000
20251029,3607,谷崧,13.5,13.6,13.35,13.35,-,0.15,344036,4625917.0,42000,0,-1000,76000,0,1000,34000,0,2000
20251029,8926,台汽電,48.25,48.4,47.6,48.15,,0.0,1652601,79170619.0,36266,0,4500,491266,0,8099,455000,0,3599
20251029,2388,威盛,54.3,54.9,53.5,53.6,-,0.4,1667060,90034601.0,41150,0,-768,456200,0,23015,415050,0,23783
20251029,6582,申豐,33.45,33.95,33.35,33.75,+,0.05,113215,3805126.0,38000,0,2000,49000,0,2000,11000,0,0
20251029,1712,興農,43.35,43.35,43.05,43.3,-,0.05,268017,11586466.0,37000,0,2949,141000,0,5000,104000,0,2051
20251029,00737,國泰AI機器人,37.41,37.52,37.34,37.34,-,0.27,398493,14899796.0,-122000,0,161389,0,0,240000,122000,0,78611
20251029,6197,佳必琪,172.0,173.0,169.0,169.0,-,0.5,2654573,453519054.0,77000,-45000,6889,685000,0,54868,608000,45000,47979
20251029,3138,耀登,98.6,99.4,96.5,96.7,+,0.5,183524,18002212.0,35000,0,3000,83000,0,3000,48000,0,0
20251029,2488,漢平,46.3,46.4,46.15,46.2,+,0.1,93419,4321793.0,35000,0,3000,40000,0,3000,5000,0,0
20251029,3703,欣陸,21.95,22.1,21.7,21.9,,0.0,633864,13853125.0,32000,0,5687,272000,0,7000,240000,0,1313
20251029,2477,美隆電,23.95,24.25,23.95,23.95,+,0.05,139286,3354934.0,37600,0,0,57600,0,0,20000,0,0
20251029,4536,拓凱,188.0,189.0,187.5,188.5,+,0.5,129658,24422701.0,35000,0,2444,85000,0,3444,50000,0,1000
20251029,6585,鼎基,95.0,97.3,95.0,96.3,+,1.3,80408,7766105.0,36000,0,1064,53000,0,1233,17000,0,169
20251029,8045,達運光電,83.5,84.6,82.6,83.1,-,0.2,153564,12806631.0,36000,0,765,92000,0,2000,56000,0,1235
20251029,8454,富邦媒,230.0,232.0,229.0,230.0,+,1.0,267185,61625265.0,31202,0,5544,127202,0,7000,96000,0,1456
20251029,3022,威強電,68.9,69.3,67.8,68.2,,0.0,459165,31393848.0,34000,-3000,5545,144000,0,6000,110000,3000,455
20251029,1444,力麗,6.6,6.6,6.52,6.57,-,0.03,542163,3551486.0,31520,0,5000,183520,0,5000,152000,0,0
20251029,3031,佰鴻,21.25,21.45,20.95,21.05,,0.0,348011,7349868.0,31000,0,5000,123000,0,5000,92000,0,0
20251029,1517,利奇,12.2,12.3,12.0,12.0,-,0.35,619868,7509673.0,34000,0,1864,111000,0,3000,77000,0,1136
20251029,4720,德淵,14.9,15.05,14.75,14.95,+,0.1,221047,3297119.0,34709,-1027,2000,65709,0,2000,31000,1027,0
20251029,00901,永豐智能車供應鏈,27.6,27.85,27.6,27.79,+,0.37,173086,4805042.0,18000,0,17540,18000,0,59674,0,0,42134
20251029,9943,好樂迪,60.2,61.0,60.0,61.0,+,0.8,95325,5776455.0,33400,0,2000,34400,0,2000,1000,0,0
20251029,5469,瀚宇博,92.7,94.5,91.8,92.0,+,0.4,6572134,610863514.0,-87812,0,123178,1738488,0,165740,1826300,0,42562
20251029,9921,巨大,104.5,105.5,102.5,104.0,-,0.5,761903,79152950.0,31223,0,3953,395569,0,8905,364346,0,4952
20251029,3046,建碁,47.7,48.1,47.2,47.55,-,0.4,213674,10162276.0,31000,0,4000,76000,0,4000,45000,0,0
20251029,2451,創見,133.0,134.5,130.5,134.5,+,2.5,2228155,296908794.0,104000,-89000,19890,768000,0,96489,664000,89000,76599
20251029,00678,群益那斯達克生技,31.12,31.16,31.11,31.15,+,0.09,325703,10140777.0,38000,0,-3295,38000,0,280751,0,0,284046
20251029,3592,瑞鼎,241.0,246.5,241.0,242.5,+,2.5,369317,90184457.0,80000,-46567,1206,250000,0,1206,170000,46567,0
20251029,6782,視陽,191.0,194.0,190.0,190.0,-,1.0,160356,30719021.0,35000,0,-899,64000,0,2488,29000,0,3387
20251029,3622,洋華,54.7,55.8,54.7,55.1,+,0.5,181990,10053216.0,29000,0,5000,75000,0,5000,46000,0,0
20251029,3501,維熹,52.4,53.3,52.3,53.2,+,0.8,303447,16073792.0,33000,0,1000,61000,0,1000,28000,0,0
20251029,2441,超豐,73.2,73.3,71.0,71.9,+,0.6,3290107,236486011.0,32000,-1000,2530,1007000,0,42190,975000,1000,39660
20251029,2204,中華,60.0,60.1,59.4,59.5,-,0.3,459160,27363031.0,59000,-16381,-9323,179000,0,3000,120000,16381,12323
20251029,8341,日友,84.5,84.9,83.0,84.0,+,0.1,191001,15976947.0,33279,0,0,76279,0,0,43000,0,0
20251029,6928,攸泰科技,55.8,56.3,55.0,55.0,-,0.4,184998,10235939.0,32000,0,722,64000,0,1000,32000,0,278
20251029,3094,聯傑,24.9,25.2,24.75,24.8,+,0.1,132157,3298587.0,31026,0,996,44026,0,1000,13000,0,4
20251029,00717,富邦美國特別股,14.83,14.83,14.8,14.8,-,0.04,51196,758096.0,0,0,32000,0,0,33000,0,0,1000
20251029,2459,敦吉,64.0,65.1,64.0,65.0,-,0.4,201537,12935038.0,31000,0,1000,37000,0,1000,6000,0,0
20251029,6949,沛爾生醫-創,367.0,378.5,367.0,374.0,+,7.0,69066,25683174.0,25551,0,5654,34551,0,9018,9000,0,3364
20251029,6152,百一,8.75,8.86,8.74,8.8,+,0.04,290870,2558349.0,30000,0,1000,100000,0,1000,70000,0,0
20251029,2642,宅配通,30.85,31.0,30.7,30.75,-,0.1,115398,3562478.0,31000,0,0,40000,0,0,9000,0,0
20251029,1734,杏輝,31.25,31.25,31.0,31.1,-,0.15,225815,7019738.0,30804,0,0,46804,0,0,16000,0,0
20251029,2033,佳大,15.8,16.05,15.8,16.0,,0.0,146705,2343076.0,29000,0,1000,33000,0,1000,4000,0,0
20251029,8105,凌巨,12.15,12.2,12.05,12.1,,0.0,592057,7163761.0,28000,0,2000,129000,0,2000,101000,0,0
20251029,8210,勤誠,936.0,950.0,910.0,918.0,+,14.0,4500813,4160507618.0,76951,-3000,-44545,1509001,12000,51874,1432050,15000,96419
20251029,6937,天虹,273.0,276.5,269.0,269.0,-,3.0,297203,80983205.0,27000,0,1668,47000,0,6000,20000,0,4332
20251029,6558,興能高,42.0,42.3,40.85,40.95,-,0.55,801407,33066979.0,29000,0,-487,183000,0,0,154000,0,487
20251029,2465,麗臺,67.6,68.7,67.0,67.5,-,0.1,403963,27378006.0,27800,0,0,117800,0,0,90000,0,0
20251029,6115,鎰勝,46.35,46.6,46.15,46.4,+,0.05,78790,3653052.0,27000,0,586,37000,0,1000,10000,0,414
20251029,2906,高林,13.65,13.85,13.6,13.7,+,0.05,135235,1855243.0,26000,0,1000,28000,0,1000,2000,0,0
20251029,7780,大研生醫*,165.5,168.0,162.0,167.5,+,2.5,302488,49947771.0,42000,0,-15000,109000,0,0,67000,0,15000
20251029,1309,台達化,11.3,11.35,11.1,11.25,+,0.05,352622,3947312.0,25972,0,1000,85972,0,3000,60000,0,2000
20251029,00783,富邦中証500,24.4,24.55,24.34,24.55,+,0.01,122902,3001112.0,0,0,26566,0,0,118566,0,0,92000
20251029,6743,安普新,30.1,30.1,29.65,29.75,,0.0,78452,2335666.0,20574,0,5000,32574,0,5000,12000,0,0
20251029,2923,鼎固-KY,20.8,21.45,20.8,21.05,+,0.5,48149,1018999.0,7000,0,17000,29000,0,17000,22000,0,0
20251029,6909,創控,36.65,36.8,36.05,36.2,-,0.65,266656,9711252.0,24000,0,0,100000,0,0,76000,0,0
20251029,8466,美吉吉-KY,22.5,24.55,22.5,24.5,+,2.15,399870,9702587.0,26000,0,-2174,41000,0,2826,15000,0,5000
20251029,2250,IKKA-KY,86.2,87.5,84.9,84.9,+,0.6,131270,11268168.0,23707,0,-426,46898,0,1,23191,0,427
20251029,00660,元大歐洲50,40.79,40.79,40.64,40.64,-,0.15,46902,1908885.0,-1000,0,24000,0,0,25000,1000,0,1000
20251029,2543,皇昌,69.6,70.1,69.3,69.5,+,0.3,1135471,78982387.0,29684,0,-7040,264684,0,9000,235000,0,16040
20251029,6796,晉弘,91.2,92.0,90.5,91.8,+,0.6,55637,5075475.0,22400,0,0,24400,0,0,2000,0,0
20251029,8081,致新,228.5,230.0,227.5,228.0,+,0.5,144614,33019430.0,26200,-6000,2000,80200,0,2000,54000,6000,0
20251029,6196,帆宣,233.5,239.5,233.5,236.0,+,3.5,726656,171349556.0,22799,-11000,10324,348002,33000,19589,325203,44000,9265
20251029,8499,鼎炫-KY,293.0,297.0,289.5,293.0,+,2.5,117255,34414613.0,21200,0,2,48200,0,2,27000,0,0
20251029,00731,復華富時高息低波,68.05,68.05,67.75,67.85,-,0.05,358104,24313134.0,-3000,0,24145,0,0,297437,3000,0,273292
20251029,1609,大亞,41.2,41.5,40.6,40.7,-,0.5,3180338,129934738.0,47789,0,-27040,712789,0,29065,665000,0,56105
20251029,6281,全國電,67.0,67.0,66.5,66.6,-,0.4,173876,11590010.0,20000,0,0,62000,0,0,42000,0,0
20251029,7788,松川精密,125.0,128.5,122.5,123.5,-,5.5,721705,90296151.0,-4000,0,24000,66000,0,24000,70000,0,0
20251029,1515,力山,27.65,27.95,27.5,27.9,+,0.35,223726,6198966.0,20316,0,-361,77000,0,1000,56684,0,1361
20251029,6854,錼創科技-KY創,153.5,159.5,153.0,153.5,+,0.5,166716,25852620.0,16000,0,3024,50000,0,6024,34000,0,3000
20251029,6426,統新,71.0,75.1,70.7,74.5,+,3.8,497568,36532129.0,19000,0,0,129000,0,0,110000,0,0
20251029,6525,捷敏-KY,81.2,81.8,80.6,81.0,,0.0,147470,11968915.0,18230,0,0,57230,0,0,39000,0,0
20251029,2426,鼎元,18.2,18.55,18.0,18.0,,0.0,616386,11244594.0,17000,0,1000,171000,0,1000,154000,0,0
20251029,2889,國票金,15.35,15.4,15.2,15.25,-,0.1,1589710,24295006.0,-5612,0,23000,760388,0,23000,766000,0,0
20251029,2032,新鋼,14.4,14.4,14.2,14.25,-,0.15,142260,2031382.0,18000,0,-749,31000,0,0,13000,0,749
20251029,4755,三福化,109.0,111.0,109.0,111.0,+,3.0,209510,23017045.0,17000,0,0,55000,0,0,38000,0,0
20251029,5234,達興材料,369.5,380.0,369.5,375.0,+,11.0,1226236,459359928.0,-72000,21000,67723,343000,21000,85204,415000,0,17481
20251029,2211,長榮鋼,108.5,109.5,106.0,108.5,+,0.5,1464643,157618918.0,336880,-323000,2482,822000,0,3533,485120,323000,1051
20251029,1471,首利,9.11,9.26,9.1,9.15,+,0.08,172578,1580842.0,14000,0,2000,20000,0,2000,6000,0,0
20251029,2433,互盛電,48.8,48.8,48.45,48.5,-,0.35,95160,4618003.0,15000,0,946,17000,0,1000,2000,0,54
20251029,6719,力智,192.0,194.5,190.5,191.5,-,0.5,229784,44084069.0,14000,0,1665,74000,0,3566,60000,0,1901
20251029,00917,中信特選金融,23.45,23.45,23.4,23.43,-,0.05,55443,1299035.0,0,0,15459,0,0,16459,0,0,1000
20251029,3443,創意,1495.0,1510.0,1460.0,1470.0,-,10.0,3583489,5308427885.0,-25642,-101000,141695,1056191,10000,229849,1081833,111000,88154
20251029,6451,訊芯-KY,147.0,148.0,145.0,147.0,+,2.0,651061,95240978.0,43000,0,-28536,150000,0,4103,107000,0,32639
20251029,3454,晶睿,85.7,87.1,84.7,84.7,-,1.6,164051,14076150.0,7841,0,6263,53841,0,8000,46000,0,1737
20251029,2505,國揚,18.8,19.05,18.8,18.85,-,0.05,154419,2916959.0,12081,0,2000,47081,0,2000,35000,0,0
20251029,3043,科風,23.35,23.35,22.95,22.95,-,0.25,116088,2679931.0,14000,0,0,30000,0,0,16000,0,0
20251029,3669,圓展,30.0,30.1,29.95,30.0,+,0.25,34112,1023753.0,12000,0,2000,12000,0,2000,0,0,0
20251029,2851,中再保,24.65,24.75,24.4,24.65,+,0.05,754820,18544528.0,44700,0,-31000,280700,0,19000,236000,0,50000
20251029,6456,GIS-KY,51.6,52.3,51.0,51.2,-,0.6,736417,37813823.0,13000,0,317,232000,0,12000,219000,0,11683
20251029,2013,中鋼構,41.6,41.7,41.4,41.55,-,0.1,65371,2714452.0,12000,0,1193,26000,0,2000,14000,0,807
20251029,00703,台新MSCI中國,22.45,22.55,22.38,22.55,+,0.08,27592,618010.0,0,0,12602,0,0,14055,0,0,1453
20251029,6994,富威電力,90.4,92.0,90.4,91.3,+,0.9,67202,6128002.0,11000,0,1250,27000,0,1250,16000,0,0
20251029,2904,匯僑,17.35,17.35,17.05,17.1,-,0.15,28797,493909.0,11000,0,1000,11000,0,1000,0,0,0
20251029,2762,世界健身-KY,81.8,81.8,81.0,81.8,-,0.1,40400,3288167.0,10000,0,2000,14000,0,2000,4000,0,0
20251029,2114,鑫永銓,91.1,91.1,90.5,90.8,+,0.3,37782,3428930.0,10445,0,1000,11445,0,5000,1000,0,4000
20251029,2722,夏都,28.3,28.3,27.3,27.5,-,0.35,73913,2040903.0,8433,0,3000,16433,0,3000,8000,0,0
20251029,6183,關貿,97.2,98.1,96.6,97.1,-,0.1,33262,3226581.0,9000,0,2000,13000,0,2000,4000,0,0
20251029,6226,光鼎,6.65,6.7,6.59,6.64,+,0.02,187584,1248200.0,10000,0,1000,11000,0,1000,1000,0,0
20251029,3518,柏騰,21.2,21.8,21.2,21.5,+,0.3,154106,3308770.0,7000,0,4000,45000,0,4000,38000,0,0
20251029,7765,中華資安,289.5,291.0,289.0,291.0,+,1.0,33508,9721295.0,11000,0,0,12000,0,0,1000,0,0
20251029,2611,志信,14.7,14.75,14.6,14.7,,0.0,352700,5167878.0,11900,0,-1000,77900,0,6000,66000,0,7000
20251029,6464,台數科,77.3,77.9,77.2,77.7,+,0.3,20349,1576318.0,8348,0,2000,9348,0,2000,1000,0,0
20251029,6235,華孚,72.4,72.9,70.3,71.0,-,1.1,2837989,202437051.0,35000,0,-24744,607000,0,16000,572000,0,40744
20251029,6024,群益期,49.6,49.7,49.45,49.55,-,0.05,99369,4923443.0,10000,0,0,21000,0,0,11000,0,0
20251029,5288,豐祥-KY,123.0,124.5,122.5,123.0,-,0.5,79430,9798239.0,10000,0,0,30000,0,0,20000,0,0
20251029,1417,嘉裕,8.17,8.17,8.02,8.02,-,0.11,99559,802869.0,0,0,10000,3000,0,10000,3000,0,0
20251029,1437,勤益控,30.0,30.15,29.9,30.15,+,0.15,81516,2449255.0,9000,0,1000,13000,0,1000,4000,0,0
20251029,1809,中釉,19.05,19.35,18.8,18.8,-,0.2,773789,14745991.0,9000,0,1000,209000,0,2000,200000,0,1000
20251029,6756,威鋒電子,84.2,86.2,84.2,84.7,+,0.5,100314,8537628.0,10000,0,-154,47000,0,1000,37000,0,1154
20251029,4155,訊映,14.15,14.3,14.1,14.3,+,0.05,196977,2786143.0,9629,0,0,17629,0,1000,8000,0,1000
20251029,3716,中化控股,33.9,34.0,33.7,33.75,,0.0,68025,2302204.0,8000,0,1000,22000,0,1000,14000,0,0
20251029,3266,昇陽,13.85,13.85,13.7,13.8,+,0.05,40711,561095.0,6000,0,3000,8000,0,3000,2000,0,0
20251029,4771,望隼,177.0,177.0,174.5,174.5,-,0.5,82955,14533912.0,9000,0,0,28000,0,0,19000,0,0
20251029,2491,吉祥全,13.5,13.5,12.95,13.0,-,0.55,136745,1794237.0,6000,0,3000,17000,0,7000,11000,0,4000
20251029,2069,運錩,15.45,15.45,15.3,15.35,,0.0,139697,2147186.0,8000,0,1000,14000,0,1000,6000,0,0
20251029,1459,聯發,11.75,11.9,11.7,11.85,+,0.15,226624,2680660.0,7000,0,2000,8000,0,2000,1000,0,0
20251029,6189,豐藝,49.0,49.3,48.85,48.95,+,0.1,407563,19990146.0,6802,0,2000,138802,0,2000,132000,0,0
20251029,00668,國泰美國道瓊,53.05,53.15,53.05,53.1,+,0.05,359972,19114361.0,-3000,0,11548,0,0,352548,3000,0,341000
20251029,1256,鮮活果汁-KY,149.5,150.5,148.0,148.0,-,1.5,27092,4039457.0,8500,0,0,9500,0,0,1000,0,0
20251029,6906,現觀科,103.0,104.5,102.5,103.0,+,0.5,65645,6806512.0,8000,0,0,14000,0,0,6000,0,0
20251029,6890,來億-KY,222.0,224.0,221.5,223.0,+,1.5,215153,47875650.0,9000,0,-1030,56000,0,3000,47000,0,4030
20251029,1730,花仙子,52.4,52.4,52.1,52.2,-,0.1,49736,2597745.0,7000,0,874,8000,0,1000,1000,0,126
20251029,1340,勝悅-KY,6.77,6.8,6.63,6.67,+,0.08,95623,644251.0,5540,0,2000,26540,0,2000,21000,0,0
20251029,3004,豐達科,114.0,115.0,113.0,114.0,+,1.0,349005,39774951.0,4000,0,3477,95000,0,5000,91000,0,1523
20251029,3130,一零四,224.5,224.5,223.5,224.5,+,0.5,12342,2765542.0,7000,0,0,8000,0,0,1000,0,0
20251029,4999,鑫禾,26.15,26.15,25.5,25.85,+,0.3,25879,666832.0,7000,0,0,10000,0,2000,3000,0,2000
20251029,5007,三星,51.3,51.5,51.3,51.4,,0.0,38338,1968519.0,5000,0,2000,6000,0,2000,1000,0,0
20251029,1439,雋揚,28.1,28.55,27.8,28.15,-,0.65,30000,843300.0,6000,0,1000,8000,0,1000,2000,0,0
20251029,00875,國泰網路資安,40.09,40.17,40.09,40.11,-,0.11,32109,1288174.0,-2000,0,8862,0,0,21000,2000,0,12138
20251029,1532,勤美,27.15,27.35,26.75,26.85,-,0.3,845198,22782165.0,-12000,-2733,21313,211000,0,22000,223000,2733,687
20251029,9906,欣巴巴,55.2,55.2,53.5,54.8,+,0.5,58039,3136365.0,3000,0,3198,30000,0,4472,27000,0,1274
20251029,6552,易華電,26.0,26.05,25.6,25.65,,0.0,89665,2305654.0,5170,0,1000,9170,0,1000,4000,0,0
20251029,8104,錸寶,33.3,33.6,33.3,33.35,+,0.05,328094,10966454.0,5010,0,1000,58010,0,1000,53000,0,0
20251029,8201,無敵,15.0,15.3,14.95,14.95,-,0.25,113236,1702739.0,7000,0,-1000,10000,0,0,3000,0,1000
20251029,9908,大台北,30.0,30.0,29.95,29.95,,0.0,51111,1532530.0,3000,0,3000,6000,0,3000,3000,0,0
20251029,8467,波力-KY,157.0,158.0,154.0,158.0,+,1.5,31533,4907240.0,5000,0,1000,9000,0,2000,4000,0,1000
20251029,6657,華安,46.65,47.45,46.0,46.35,-,0.1,289418,13486883.0,6000,0,0,83000,0,0,77000,0,0
20251029,2849,安泰銀,13.25,13.25,13.15,13.15,-,0.1,77925,1028375.0,-1000,0,7000,41000,0,7000,42000,0,0
20251029,1752,南光,38.85,39.2,38.85,39.0,+,0.15,53400,2081165.0,5000,0,1000,8000,0,1000,3000,0,0
20251029,2702,華園,11.9,11.9,11.7,11.75,,0.0,31158,366385.0,5970,0,0,7970,0,0,2000,0,0
20251029,2415,錩新,23.6,23.8,23.6,23.8,+,0.2,88783,2104408.0,4750,0,1000,7750,0,1000,3000,0,0
20251029,4133,亞諾法,25.5,25.9,25.3,25.3,-,0.25,72639,1850212.0,5000,0,0,22000,0,0,17000,0,0
20251029,3168,眾福科,43.85,44.95,43.85,44.1,+,0.95,11307,500712.0,4000,0,1000,4000,0,1000,0,0,0
20251029,6598,ABC-KY,23.05,23.1,22.4,22.55,-,0.5,100235,2292786.0,4000,0,1000,5000,0,1000,1000,0,0
20251029,7732,金興精密,35.8,36.0,35.2,35.2,-,0.7,28020,994312.0,5000,0,0,6000,0,0,1000,0,0
20251029,7721,微程式,59.9,59.9,59.2,59.5,-,0.4,104977,6239312.0,5000,0,0,5000,0,0,0,0,0
20251029,6951,青新-創,74.1,74.5,74.1,74.5,+,0.4,33230,2468821.0,4000,0,1000,4000,0,4000,0,0,3000
20251029,2461,光群雷,15.5,15.65,15.3,15.45,-,0.05,226243,3501166.0,2000,0,3000,26000,0,3000,24000,0,0
20251029,2025,千興,10.0,10.0,9.95,9.99,-,0.01,155209,1549266.0,4000,0,1000,16000,0,1000,12000,0,0
20251029,1463,強盛新,17.25,17.3,17.0,17.05,+,0.05,95369,1623023.0,4000,0,1000,24000,0,1000,20000,0,0
20251029,2701,萬企,11.1,11.15,11.1,11.15,+,0.05,62499,694485.0,3000,0,2000,5000,0,2000,2000,0,0
20251029,2706,第一店,13.05,13.05,13.0,13.0,-,0.05,63848,832126.0,3000,0,2000,7000,0,2000,4000,0,0
20251029,4104,佳醫,85.0,85.0,84.8,84.9,-,0.1,99924,8486395.0,3797,0,1000,8797,0,1000,5000,0,0
20251029,2482,連宇,18.85,19.15,18.85,19.1,+,0.25,133032,2533066.0,3000,0,1765,37000,0,2000,34000,0,235
20251029,4426,利勤,10.2,10.2,10.1,10.1,-,0.05,92857,939246.0,3541,0,1000,4541,0,1000,1000,0,0
20251029,2546,根基,85.7,86.1,85.4,86.0,+,0.5,40609,3484434.0,4233,0,0,9233,0,0,5000,0,0
20251029,1907,永豐餘,25.9,25.95,25.7,25.85,-,0.05,435451,11240717.0,-13970,0,18000,225030,0,18000,239000,0,0
20251029,2239,英利-KY,31.05,31.25,30.7,30.75,+,0.1,60000,1854750.0,2000,0,2000,5000,0,2000,3000,0,0
20251029,1452,宏益,11.7,11.75,11.7,11.7,,0.0,35371,414565.0,3000,0,1000,5000,0,1000,2000,0,0
20251029,1583,程泰,48.2,48.2,47.75,47.75,-,0.15,15369,738308.0,1000,0,3000,1000,0,3000,0,0,0
20251029,4439,冠星-KY,89.5,90.0,88.5,89.2,-,0.5,37110,3308301.0,3000,0,1000,4000,0,1000,1000,0,0
20251029,4108,懷特,14.3,14.4,14.05,14.05,-,0.25,162283,2304794.0,2000,0,2000,26000,0,2000,24000,0,0
20251029,3150,鈺寶-創,21.15,21.2,20.5,21.2,+,0.05,96002,2009344.0,4000,0,0,9000,0,33000,5000,0,33000
20251029,3164,景岳,18.8,18.9,18.8,18.8,+,0.05,26205,492793.0,4000,0,0,5000,0,0,1000,0,0
20251029,5538,東明-KY,29.35,29.35,28.45,28.5,-,0.1,11409,327546.0,-1000,0,5000,1000,0,5000,2000,0,0
20251029,4569,六方科-KY,167.0,168.0,165.0,167.0,+,1.0,39810,6620344.0,4000,0,0,12000,0,0,8000,0,0
20251029,6674,鋐寶科技,20.8,20.8,20.0,20.2,-,0.15,34193,695853.0,5000,0,-1000,7000,0,0,2000,0,1000
20251029,8162,微矽電子-創,36.85,37.3,36.75,36.8,+,0.1,77050,2839960.0,4000,0,0,17000,0,8000,13000,0,8000
20251029,4994,傳奇,95.0,95.5,94.3,94.5,-,1.3,32900,3116873.0,3800,0,0,4800,0,0,1000,0,0
20251029,1453,大將,13.0,13.35,13.0,13.1,+,0.1,32820,430215.0,788,0,3000,4788,0,3000,4000,0,0
20251029,6579,研揚,135.0,136.5,133.5,133.5,-,0.5,133139,17979898.0,2608,0,1000,27608,0,1000,25000,0,0
20251029,1227,佳格,31.45,31.45,31.1,31.15,-,0.1,418427,13065999.0,-520,0,4000,168480,0,4000,169000,0,0
20251029,1235,興泰,54.2,54.5,52.5,53.5,-,1.5,51023,2740863.0,1363,0,2000,9363,0,4000,8000,0,2000
20251029,8476,台境*,19.45,19.65,19.25,19.65,+,0.2,82612,1600876.0,360,0,3000,10360,0,3000,10000,0,0
20251029,2115,六暉-KY,26.2,26.3,26.2,26.2,,0.0,37424,982858.0,2358,0,1000,2358,0,1000,0,0,0
20251029,2314,台揚,23.6,23.6,23.4,23.4,,0.0,169023,3956745.0,3208,0,0,6208,0,0,3000,0,0
20251029,2816,旺旺保,26.45,26.5,26.3,26.45,,0.0,141659,3739960.0,2200,0,1000,9200,0,1000,7000,0,0
20251029,5525,順天,28.1,28.15,27.8,28.1,,0.0,38049,1065736.0,1145,0,2000,4145,0,2000,3000,0,0
20251029,6201,亞弘電,56.3,56.4,56.2,56.3,-,0.3,11404,642266.0,2000,0,1000,2000,0,1000,0,0,0
20251029,4190,佐登-KY,33.0,33.2,33.0,33.15,+,0.1,30299,1003268.0,3000,0,0,6000,0,0,3000,0,0
20251029,8482,商億-KY,50.3,50.3,49.5,49.8,-,0.8,37108,1855825.0,3000,0,0,4000,0,0,1000,0,0
20251029,8411,福貞-KY,12.6,12.65,12.6,12.65,+,0.1,36562,461548.0,2000,0,1000,3000,0,1000,1000,0,0
20251029,6794,向榮生技,66.6,69.3,66.6,67.8,+,0.7,24200,1644725.0,1000,0,2000,1000,0,2000,0,0,0
20251029,2007,燁興,7.4,7.4,7.34,7.36,+,0.03,125194,921230.0,0,0,3000,7000,0,3000,7000,0,0
20251029,1454,台富,13.45,13.45,13.15,13.25,-,0.15,42612,563042.0,3000,0,0,4000,0,0,1000,0,0
20251029,1416,廣豐,11.3,11.3,11.2,11.25,,0.0,95755,1076961.0,2000,0,1000,5000,0,1000,3000,0,0
20251029,1233,天仁,30.85,31.0,30.8,30.8,,0.0,12629,389898.0,0,0,3000,0,0,3000,0,0,0
20251029,1220,台榮,13.1,13.25,13.0,13.0,-,0.05,178366,2333677.0,2000,0,1000,14000,0,1000,12000,0,0
20251029,00739,元大MSCI A股,25.79,25.82,25.71,25.77,-,0.03,120902,3115868.0,1000,0,1985,1000,0,77050,0,0,75065
20251029,1615,大山,45.75,45.9,45.25,45.7,-,0.05,84120,3831785.0,1958,0,1000,16958,0,1000,15000,0,0
20251029,0051,元大中型100,90.65,91.45,90.65,91.3,+,0.9,46848,4270442.0,-1000,0,3923,0,0,11000,1000,0,7077
20251029,2109,華豐,15.3,15.3,15.1,15.2,,0.0,117187,1776524.0,871,0,2000,14871,0,2000,14000,0,0
20251029,1735,日勝化,14.8,14.8,14.75,14.75,-,0.05,33909,501039.0,2200,0,658,3200,0,1000,1000,0,342
20251029,3021,鴻名,17.85,17.85,17.5,17.5,-,0.25,85336,1502863.0,1760,0,1000,7760,0,1000,6000,0,0
20251029,5292,華懋,148.5,150.0,148.0,149.0,+,1.0,45149,6728046.0,2300,0,0,13300,0,0,11000,0,0
20251029,6666,羅麗芬-KY,49.55,50.0,49.0,49.35,-,0.2,53259,2635478.0,1100,0,1000,3100,0,1000,2000,0,0
20251029,4588,玖鼎電力,59.5,59.5,59.2,59.2,-,0.6,15240,903616.0,2000,0,0,4000,0,0,2000,0,0
20251029,6835,圓裕,40.15,40.15,39.4,39.5,-,0.15,20034,792955.0,2000,0,0,3000,0,0,1000,0,0
20251029,9942,茂順,107.0,107.5,107.0,107.0,,0.0,36915,3951476.0,1000,0,1000,4000,0,1000,3000,0,0
20251029,2373,震旦行,57.4,57.5,57.2,57.3,-,0.2,19472,1116355.0,1000,0,1000,4000,0,1000,3000,0,0
20251029,2434,統懋,29.5,29.9,29.5,29.6,+,0.25,13128,388030.0,1000,0,1000,2000,0,1000,1000,0,0
20251029,1720,生達,55.6,56.0,55.4,55.9,+,0.3,113479,6320695.0,1000,0,1000,45000,0,1000,44000,0,0
20251029,1468,昶和,11.75,11.75,11.5,11.75,,0.0,38000,443550.0,2000,0,0,3000,0,0,1000,0,0
20251029,1410,南染,34.35,34.65,34.35,34.45,-,0.1,11179,385520.0,0,0,2000,1000,0,2000,1000,0,0
20251029,1445,大宇,14.4,14.4,14.2,14.3,-,0.1,38409,548332.0,1000,0,1000,1000,0,1000,0,0,0
20251029,1447,力鵬,5.64,5.66,5.6,5.61,-,0.06,257421,1447270.0,-2000,0,4000,34000,0,4000,36000,0,0
20251029,2524,京城,42.7,42.7,42.25,42.35,-,0.25,86429,3668980.0,1000,0,1000,33000,0,1000,32000,0,0
20251029,3321,同泰,15.15,15.2,15.1,15.2,-,0.05,23395,355676.0,1969,0,0,1969,0,0,0,0,0
20251029,4930,燦星網,22.85,22.95,22.8,22.95,+,0.1,22718,519218.0,-1084,0,3000,3916,0,3000,5000,0,0
20251029,1516,川飛,17.4,17.4,16.35,16.7,-,0.9,237963,4001297.0,753,0,1000,13753,0,2000,13000,0,1000
20251029,4148,全宇生技-KY,39.6,39.6,39.45,39.5,-,0.3,6745,267323.0,1700,0,0,1700,0,0,0,0,0
20251029,3229,晟鈦,14.4,14.5,14.25,14.3,,0.0,54515,784734.0,1515,0,0,1515,0,0,0,0,0
20251029,6423,億而得-創,76.9,76.9,72.6,75.7,-,1.1,67150,5073406.0,5778,0,-4305,5778,0,23013,0,0,27318
20251029,3057,喬鼎,12.6,12.7,12.55,12.55,,0.0,31932,402795.0,1000,0,0,1000,0,0,0,0,0
20251029,3054,立萬利,23.8,23.85,23.2,23.85,,0.0,3000,70850.0,0,0,1000,0,0,1000,0,0,0
20251029,2910,統領,20.75,20.75,20.7,20.7,,0.0,11000,228150.0,0,0,1000,1000,0,1000,1000,0,0
20251029,6641,基士德-KY,21.05,22.0,21.05,21.45,+,0.05,33319,709521.0,-1000,0,2000,1000,0,2000,2000,0,0
20251029,6655,科定,112.0,112.0,112.0,112.0,-,0.5,1000,112000.0,0,0,1000,0,0,1000,0,0,0
20251029,9912,偉聯,12.0,12.0,11.75,11.9,-,0.05,2534326,33153755.0,0,0,1000,0,0,1000,0,0,0
20251029,9944,新麗,16.9,16.9,16.7,16.85,+,0.1,15628,262371.0,1000,0,0,1000,0,0,0,0,0
20251029,9931,欣高,33.35,33.35,33.3,33.35,,0.0,14003,466900.0,1000,0,0,1000,0,0,0,0,0
20251029,6924,榮惠-KY創,52.4,53.4,52.3,53.4,+,1.1,9000,475900.0,-2000,0,3000,0,0,3000,2000,0,0
20251029,1525,江申,62.3,62.7,62.1,62.1,-,0.3,5470,340656.0,0,0,1000,0,0,1000,0,0,0
20251029,1530,亞崴,27.05,27.05,26.85,27.0,-,0.05,11609,313452.0,1000,0,0,1000,0,0,0,0,0
20251029,1470,大統新創,22.65,22.65,22.65,22.65,,0.0,6300,142710.0,-1000,0,2000,0,0,2000,1000,0,0
20251029,1435,中福,27.25,27.25,26.1,26.1,-,0.15,3243,87006.0,0,0,1000,0,0,1000,0,0,0
20251029,1418,東華,20.15,20.4,20.1,20.3,+,0.1,22136,449926.0,0,0,1000,0,0,1000,0,0,0
20251029,1726,永記,75.6,75.6,75.2,75.2,,0.0,6013,452677.0,-1000,0,2000,1000,0,2000,2000,0,0
20251029,2008,高興昌,27.3,27.4,27.3,27.4,+,0.05,6990,191253.0,1000,0,0,2000,0,0,1000,0,0
20251029,1323,永裕,19.7,19.7,19.65,19.7,,0.0,9173,180501.0,1000,0,0,1000,0,0,0,0,0
20251029,1341,富林-KY,60.8,60.8,58.2,60.0,-,0.7,11021,652845.0,-1000,0,2000,0,0,2000,1000,0,0
20251029,1338,廣華-KY,21.65,21.7,21.45,21.55,-,0.1,55806,1203373.0,-1000,0,2000,1000,0,2000,2000,0,0
20251029,6573,虹揚-KY,14.75,14.75,14.75,14.75,+,1.3,547763,8079498.0,0,0,999,0,0,999,0,0,0
20251029,0057,富邦摩台,187.1,188.1,186.6,187.9,+,2.9,6044,1132973.0,-545,0,1505,0,0,3505,545,0,2000
20251029,2705,六福,16.9,17.0,16.85,16.85,-,0.05,97342,1644454.0,-50,0,1000,18950,0,1000,19000,0,0
20251029,5906,台南-KY,52.2,53.6,52.2,53.6,+,1.5,4824,255216.0,780,0,0,780,0,0,0,0,0
20251029,2012,春雨,15.9,16.0,15.5,16.0,,0.0,103483,1630297.0,6700,0,-6000,8700,0,2000,2000,0,8000
20251029,4943,康控-KY,10.9,10.9,10.55,10.85,+,0.15,25048,271637.0,552,0,0,552,0,0,0,0,0
20251029,1236,宏亞,26.25,26.55,26.25,26.5,+,0.05,98076,2595248.0,400,0,0,400,0,0,0,0,0
20251029,2911,麗嬰房,4.87,5.01,4.87,4.97,-,0.09,17199,84339.0,340,0,0,340,0,0,0,0,0
20251029,1423,利華,38.0,38.0,37.95,38.0,,0.0,29733,1129640.0,280,0,28,1280,0,28,1000,0,0
20251029,3432,台端,14.35,14.6,14.35,14.6,+,0.15,6504,94172.0,216,0,0,216,0,0,0,0,0
20251029,3494,誠研,9.96,10.0,9.92,10.0,-,0.1,63699,634783.0,191,0,0,191,0,0,0,0,0
20251029,2380,虹光,6.38,6.38,6.15,6.17,-,0.01,96100,592718.0,178,0,0,178,0,0,0,0,0
20251029,9929,秋雨,11.2,11.55,11.2,11.45,+,0.25,13200,148708.0,200,0,-23,200,0,0,0,0,23
20251029,3018,隆銘綠能,12.9,12.9,12.8,12.8,-,0.05,18602,238987.0,71,0,0,71,0,0,0,0,0
20251029,2901,欣欣,24.85,24.9,24.75,24.85,-,0.05,36354,901412.0,0,0,0,1000,0,0,1000,0,0
20251029,2945,三商家購,38.8,38.8,38.75,38.75,+,0.75,2106,81648.0,-1000,0,1000,0,0,1000,1000,0,0
20251029,5546,永固-KY,24.75,24.9,24.45,24.45,-,0.35,9756,239881.0,-2000,0,2000,0,0,2000,2000,0,0
20251029,6581,鋼聯,111.0,111.5,110.5,110.5,,0.0,14065,1556150.0,-1000,0,1000,0,0,1000,1000,0,0
20251029,6606,建德工業,25.45,25.45,25.0,25.05,+,0.05,65334,1638528.0,-1000,0,1000,1000,0,1000,2000,0,0
20251029,8488,吉源-KY,10.4,10.4,10.4,10.4,+,0.15,1004,10440.0,-1000,0,1000,0,0,1000,1000,0,0
20251029,8940,新天地,21.6,21.6,21.1,21.2,-,0.3,95264,2030106.0,0,0,0,3000,0,0,3000,0,0
20251029,8463,潤泰材,25.0,25.0,24.65,24.65,+,0.05,30322,749701.0,-2000,0,2000,2000,0,2000,4000,0,0
20251029,6988,威力暘-創,15.9,15.9,15.55,15.55,-,0.25,7000,109200.0,-1000,0,1000,0,0,1000,1000,0,0
20251029,2424,隴華,48.5,48.6,47.1,48.6,-,0.85,26941,1296976.0,0,0,0,1000,0,0,1000,0,0
20251029,2450,神腦,29.4,29.4,29.2,29.2,,0.0,43852,1282918.0,-2000,0,2000,8000,0,2000,10000,0,0
20251029,1443,立益物流,27.95,27.95,27.3,27.3,-,0.7,11190,306267.0,-1000,0,1000,0,0,1000,1000,0,0
20251029,1531,高林股,11.85,11.95,11.85,11.95,+,0.1,20821,247185.0,0,0,0,4000,0,0,4000,0,0
20251029,1457,宜進,16.45,16.45,16.35,16.35,-,0.05,60693,993241.0,-3150,0,3000,850,0,3000,4000,0,0
20251029,5215,科嘉-KY,34.15,34.15,33.65,34.0,-,0.15,61152,2070450.0,-1000,0,829,4000,0,1000,5000,0,171
20251029,2496,卓越,66.3,66.5,65.8,66.0,-,0.4,41726,2757096.0,798,0,-1000,5798,0,0,5000,0,1000
20251029,6277,宏正,61.0,61.8,60.4,61.1,+,1.0,84860,5180593.0,-2000,0,1776,27000,0,9016,29000,0,7240
20251029,6671,三能-KY,36.8,36.8,36.8,36.8,+,0.3,1369,50390.0,-1000,0,741,0,0,1000,1000,0,259
20251029,1438,三地開發,37.75,37.75,36.65,36.8,-,0.4,13364,493628.0,-1500,0,1000,1500,0,1000,3000,0,0
20251029,1535,中宇,55.4,55.5,55.2,55.4,+,0.2,22870,1266579.0,-1000,0,35,0,0,35,1000,0,0
20251029,1541,錩泰,25.7,25.7,24.7,25.0,+,0.5,6102,154114.0,-2000,0,1000,0,0,1000,2000,0,0
20251029,1568,倉佑,23.05,23.15,22.8,22.95,-,0.1,75433,1725064.0,-2000,0,1000,0,0,1000,2000,0,0
20251029,1512,瑞利,7.85,7.9,7.74,7.78,-,0.12,28034,218618.0,-1000,0,0,0,0,0,1000,0,0
20251029,1521,大億,25.05,25.25,25.05,25.15,+,0.1,24425,614475.0,-2000,0,1000,0,0,1000,2000,0,0
20251029,1465,偉全,12.95,13.1,12.85,13.05,+,0.1,41455,536226.0,-1000,0,0,0,0,0,1000,0,0
20251029,2247,汎德永業,293.0,293.0,290.0,291.5,+,0.5,66785,19439160.0,-2000,0,1000,15000,0,1000,17000,0,0
20251029,2712,遠雄來,19.0,19.25,18.9,18.9,-,0.1,15150,286992.0,-2000,0,1000,0,0,1000,2000,0,0
20251029,2616,山隆,14.15,14.2,14.15,14.2,,0.0,40815,578681.0,-2000,0,1000,0,0,1000,2000,0,0
20251029,6431,光麗-KY,16.2,16.2,16.05,16.1,,0.0,32321,522000.0,-4000,0,3000,0,0,3000,4000,0,0
20251029,3652,精聯,30.05,30.05,29.3,29.45,-,0.25,48307,1425199.0,-2000,0,1000,2000,0,1000,4000,0,0
20251029,7736,虎山,95.5,96.0,95.4,96.0,+,0.5,51051,4878970.0,-2000,0,1000,0,0,1000,2000,0,0
20251029,1906,寶隆,12.5,12.55,12.35,12.35,+,0.05,11613,144585.0,-3000,0,1984,0,0,3000,3000,0,1016
20251029,3308,聯德,15.8,15.8,15.7,15.7,-,0.1,22390,352479.0,-1327,0,0,673,0,0,2000,0,0
20251029,1339,昭輝,44.95,44.95,44.15,44.8,+,0.1,14827,661227.0,-1000,0,-343,1000,0,2000,2000,0,2343
20251029,1432,大魯閣,17.55,17.55,17.4,17.5,-,0.05,126422,2205569.0,-1611,0,0,389,0,0,2000,0,0
20251029,1441,大東,10.9,11.0,10.85,11.0,+,0.05,49089,536797.0,-1618,0,0,382,0,0,2000,0,0
20251029,7722,LINEPAY,568.0,568.0,561.0,561.0,-,7.0,66371,37451686.0,-1876,0,0,4296,0,0,6172,0,0
20251029,6952,大武山,45.0,45.0,44.8,44.9,-,0.2,16103,723475.0,-1000,0,-1000,0,0,0,1000,0,1000
20251029,8438,昶昕,31.6,31.8,31.3,31.6,,0.0,36444,1149472.0,0,0,-2000,2000,0,0,2000,0,2000
20251029,6916,華凌,18.35,18.9,18.35,18.5,+,0.3,82770,1539352.0,-1000,0,-1000,8000,0,0,9000,0,1000
20251029,6771,平和環保-創,50.0,50.1,49.7,49.7,+,0.05,11036,549509.0,-3000,0,1000,0,0,1000,3000,0,0
20251029,2939,永邑-KY,26.75,26.75,26.0,26.0,-,0.25,18000,472150.0,-2000,0,0,0,0,0,2000,0,0
20251029,1731,美吾華,21.95,21.95,21.75,21.8,,0.0,54241,1182841.0,-2000,0,0,1000,0,0,3000,0,0
20251029,2248,華勝-KY,49.55,49.65,49.5,49.65,+,0.1,27270,1352060.0,-2000,0,0,3000,0,0,5000,0,0
20251029,2444,兆勁,11.4,11.5,11.05,11.2,-,0.2,388532,4370674.0,-5000,0,3000,21000,0,3000,26000,0,0
20251029,1203,味王,40.1,40.1,39.5,39.65,,0.0,6023,239964.0,-4000,0,2000,0,0,2000,4000,0,0
20251029,2227,裕日車,54.3,55.0,54.3,54.6,-,0.2,23084,1263661.0,-5212,0,3000,2000,0,3000,7212,0,0
20251029,2009,第一銅,42.45,42.6,41.55,41.7,-,0.75,3181655,133167061.0,-23300,0,21000,680000,0,31892,703300,0,10892
20251029,1776,展宇,15.45,15.45,15.3,15.3,-,0.15,24730,379716.0,-2420,0,0,580,0,0,3000,0,0
20251029,5607,遠雄港,48.15,48.25,47.3,47.85,-,0.25,486621,23195846.0,-5421,0,3000,131579,0,3000,137000,0,0
20251029,7631,聚賢研發-創,132.0,132.5,130.5,131.5,,0.0,18500,2432248.0,-2000,0,-586,3000,0,1414,5000,0,2000
20251029,2430,燦坤,24.5,24.5,24.35,24.4,-,0.1,15026,367316.0,-3613,0,1000,387,0,1000,4000,0,0
20251029,6969,成信實業*-創,37.1,37.8,37.1,37.3,+,0.8,34022,1270610.0,3000,0,-5984,3000,0,1016,0,0,7000
20251029,6792,詠業,55.4,55.5,55.1,55.3,,0.0,22495,1244657.0,-5000,0,2000,3000,0,2000,8000,0,0
20251029,8487,愛爾達-創,76.0,76.2,75.8,75.9,-,0.1,30237,2296883.0,0,0,-3000,0,0,0,0,0,3000
20251029,2432,倚天酷碁-創,28.05,28.25,28.05,28.2,+,0.15,27090,761384.0,0,0,-3000,0,0,3000,0,0,6000
20251029,2028,威致,16.05,16.2,15.8,15.8,-,0.3,89309,1419927.0,-4000,0,1000,5000,0,1000,9000,0,0
20251029,1456,怡華,12.75,12.75,12.2,12.35,-,0.25,82323,1014632.0,-4000,0,1000,0,0,1000,4000,0,0
20251029,1321,大洋,35.8,35.9,35.7,35.9,+,0.05,40114,1436111.0,-4000,0,1000,7000,0,1000,11000,0,0
20251029,1109,信大,15.65,15.65,15.6,15.65,,0.0,42884,670093.0,-6000,0,2798,2000,0,3000,8000,0,202
20251029,2438,翔耀,22.9,23.2,22.5,23.05,+,0.15,60915,1392642.0,-3689,0,0,10311,0,0,14000,0,0
20251029,2425,承啟,30.25,30.55,29.85,29.95,-,0.2,196128,5907761.0,-4000,0,0,44000,0,0,48000,0,0
20251029,6108,競國,14.75,14.8,14.65,14.7,,0.0,91195,1340558.0,-7000,0,3000,1000,0,3000,8000,0,0
20251029,5533,皇鼎,14.8,14.85,14.8,14.85,+,0.1,98437,1459843.0,-6000,0,2000,1000,0,2000,7000,0,0
20251029,4737,華廣,62.2,63.3,62.0,63.3,+,1.1,80154,4991763.0,-4000,0,0,13000,0,0,17000,0,0
20251029,6936,永鴻生技,35.5,35.95,35.0,35.05,-,0.4,400580,14111746.0,0,0,-4000,1000,0,0,1000,0,4000
20251029,6957,裕慶-KY,188.0,188.5,185.5,187.0,-,1.0,56822,10611543.0,-4000,0,0,11000,0,0,15000,0,0
20251029,4137,麗豐-KY,100.5,101.5,100.0,100.5,,0.0,89524,8997458.0,-7000,0,2990,19000,0,3000,26000,0,10
20251029,5519,隆大,28.8,28.8,28.45,28.5,-,0.25,198986,5679570.0,-5000,0,420,38000,0,2000,43000,0,1580
20251029,1805,寶徠,10.4,10.4,9.99,10.15,+,0.05,100768,1015119.0,-5600,0,1000,8400,0,5000,14000,0,4000
20251029,2207,和泰車,577.0,578.0,572.0,576.0,,0.0,92683,53243617.0,-6340,0,1382,66660,0,2000,73000,0,618
20251029,1474,弘裕,11.25,11.25,11.1,11.1,-,0.1,146805,1641756.0,-5000,0,0,1000,0,0,6000,0,0
20251029,4807,日成-KY,17.85,17.9,17.7,17.85,+,0.05,16428,292692.0,-5000,0,0,0,0,0,5000,0,0
20251029,6807,峰源-KY,48.3,48.8,47.8,48.15,-,0.55,45617,2194005.0,-5000,0,0,3000,0,0,8000,0,0
20251029,9937,全國,58.1,58.1,57.3,57.8,-,0.3,21376,1233912.0,-6000,0,1000,1000,0,2000,7000,0,1000
20251029,00851,台新全球AI,56.85,56.85,56.5,56.5,+,0.2,23023,1304650.0,0,0,-5000,0,0,0,0,0,5000
20251029,4106,雃博,21.6,21.65,21.35,21.4,-,0.2,71974,1544961.0,-5000,0,-5,0,0,2000,5000,0,2005
20251029,1460,宏遠,5.77,5.78,5.7,5.73,+,0.02,272773,1560110.0,-9213,0,4000,45787,0,4000,55000,0,0
20251029,2228,劍麟,100.0,100.5,98.8,98.8,-,1.2,370389,36825762.0,-6000,0,613,71000,0,1000,77000,0,387
20251029,3530,晶相光,62.1,62.1,61.0,61.4,-,0.6,143277,8794595.0,-5000,0,-478,34000,0,1000,39000,0,1478
20251029,5225,東科-KY,109.5,109.5,108.0,109.0,,0.0,380581,41405205.0,-7000,0,1128,109000,0,2000,116000,0,872
20251029,5306,桂盟,90.7,90.8,90.1,90.4,-,0.2,81042,7321086.0,-5000,0,-1000,23000,0,0,28000,0,1000
20251029,8481,政伸,42.3,42.3,41.9,42.0,+,0.1,24440,1027707.0,-6000,0,0,0,0,0,6000,0,0
20251029,1413,宏洲,10.4,10.4,10.3,10.35,+,0.05,21801,225569.0,-6000,0,0,0,0,0,6000,0,0
20251029,00657,國泰日經225,59.8,60.4,59.8,60.4,+,1.35,145465,8760247.0,0,0,-6505,0,0,111495,0,0,118000
20251029,8443,阿瘦,11.85,11.9,11.7,11.8,+,0.1,39257,464148.0,-5000,0,-2000,0,0,0,5000,0,2000
20251029,6698,旭暉應材,35.6,35.85,34.7,34.7,-,0.8,173494,6098877.0,-7000,0,0,43000,0,0,50000,0,0
20251029,6184,大豐電,49.05,49.15,48.9,49.0,,0.0,39076,1914783.0,-7000,0,0,6000,0,0,13000,0,0
20251029,2483,百容,20.7,20.7,20.2,20.25,+,0.05,71280,1451136.0,-11000,0,4000,1000,0,4000,12000,0,0
20251029,2243,宏旭-KY,12.15,12.2,11.95,12.05,-,0.05,192350,2327121.0,-7000,0,0,6000,0,0,13000,0,0
20251029,2915,潤泰全,54.0,54.4,53.5,53.8,-,0.1,1200402,64635547.0,1400,-8000,-756,529400,0,12216,528000,8000,12972
20251029,4976,佳凌,34.9,35.0,34.3,34.4,-,0.3,516556,17834195.0,-7476,0,-250,183524,0,5000,191000,0,5250
20251029,1614,三洋電,35.5,35.75,35.5,35.5,-,0.05,102215,3630711.0,-9000,0,1000,0,0,1000,9000,0,0
20251029,1201,味全,15.15,15.2,15.1,15.15,+,0.05,168484,2553233.0,-10000,0,2000,22000,0,2000,32000,0,0
20251029,1472,三洋實業,91.2,91.5,90.7,90.7,+,0.1,19012,1728969.0,-9034,0,1000,966,0,1000,10000,0,0
20251029,6933,AMAX-KY,172.5,185.5,169.0,183.0,+,11.5,540413,97505451.0,-8000,0,-265,143000,0,196,151000,0,461
20251029,1558,伸興,90.4,91.1,90.3,90.9,+,0.6,45984,4172351.0,-1000,-393,-7000,4000,0,6000,5000,393,13000
20251029,1231,聯華食,112.5,113.5,111.5,113.0,,0.0,288962,32506027.0,-7645,0,-987,72355,0,1013,80000,0,2000
20251029,6243,迅杰,34.15,34.15,33.15,33.25,-,0.45,128831,4301753.0,-8880,0,-6,32120,0,1000,41000,0,1006
20251029,4441,振大環球,278.5,285.0,276.5,283.5,+,8.5,128392,36120272.0,6000,-1000,-14000,32000,0,0,26000,1000,14000
20251029,6534,正瀚-創,107.0,107.0,104.5,105.0,-,0.5,36389,3831692.0,-9000,0,0,6000,0,0,15000,0,0
20251029,6902,GOGOLOOK,76.6,78.1,76.6,78.1,+,0.8,29773,2295827.0,-9000,0,0,2000,0,0,11000,0,0
20251029,1725,元禎,26.15,27.0,26.1,26.7,+,0.55,80280,2141944.0,-10000,0,1000,10000,0,1000,20000,0,0
20251029,3550,聯穎,14.2,14.3,14.0,14.05,-,0.1,238915,3366515.0,-10060,0,1000,38940,0,1000,49000,0,0
20251029,6754,匯僑設計,47.15,47.15,46.65,46.65,-,0.55,24233,1136979.0,-9000,-142,0,2000,0,0,11000,142,0
20251029,1817,凱撒衛,38.3,38.4,38.25,38.25,-,0.1,35326,1353184.0,-9000,0,-352,2000,0,0,11000,0,352
20251029,6669,緯穎,4080.0,4125.0,4045.0,4110.0,+,25.0,950661,3884440400.0,-32638,25000,-2212,432452,25000,16530,465090,0,18742
20251029,2015,豐興,64.4,64.6,63.5,63.7,-,0.5,176170,11265710.0,38000,-53000,5076,100000,0,6000,62000,53000,924
20251029,1533,車王電,30.35,30.85,30.35,30.45,+,0.1,40463,1231977.0,-10000,0,0,0,0,0,10000,0,0
20251029,1475,業旺,39.7,39.7,38.05,39.0,+,0.5,59666,2316708.0,-8000,0,-2000,5000,0,0,13000,0,2000
20251029,6591,動力-KY,81.0,81.3,79.3,79.6,-,0.9,659121,52762004.0,-10000,0,0,149000,0,0,159000,0,0
20251029,6965,中傑-KY,88.3,88.7,87.9,88.1,-,0.7,74199,6550822.0,-10000,0,0,11000,0,0,21000,0,0
20251029,00702,國泰標普低波高息,22.67,22.67,22.64,22.64,-,0.13,33935,768547.0,1000,0,-11011,1000,0,1,0,0,11012
20251029,6799,來頡,81.4,82.0,80.1,80.2,-,1.1,144156,11632749.0,5000,-15000,-355,23000,0,0,18000,15000,355
20251029,6885,全福生技,30.25,30.5,29.8,30.05,-,0.2,409839,12341800.0,-7646,0,-3000,103000,0,0,110646,0,3000
20251029,3416,融程電,166.5,169.0,165.0,166.0,,0.0,345569,57588724.0,-14000,0,3162,89000,0,7000,103000,0,3838
20251029,5283,禾聯碩,73.3,74.0,72.5,73.0,-,0.3,193284,14104088.0,-5000,0,-6000,30000,0,0,35000,0,6000
20251029,2506,太設,9.72,9.72,9.64,9.66,+,0.02,100914,975765.0,-13000,0,2000,6000,0,2000,19000,0,0
20251029,6958,日盛台駿,17.85,17.95,17.6,17.75,-,0.15,84798,1502357.0,-13040,0,2000,2960,0,2000,16000,0,0
20251029,7740,熙特爾-創,203.5,203.5,199.0,202.0,-,1.0,77608,15638700.0,-11000,0,-66,10000,0,2000,21000,0,2066
20251029,3092,鴻碩,14.95,15.0,14.8,14.9,-,0.05,94813,1413454.0,-12090,0,1000,2910,0,1000,15000,0,0
20251029,2029,盛餘,21.4,21.4,20.95,21.25,-,0.2,541426,11433689.0,-13000,0,1703,51000,0,5000,64000,0,3297
20251029,2460,建通,17.2,17.65,17.2,17.4,-,0.1,99931,1733822.0,-11000,0,-430,2000,0,1000,13000,0,1430
20251029,4564,元翎,17.35,17.7,17.35,17.45,+,0.15,498814,8723967.0,-10000,0,-1461,138000,0,2000,148000,0,3461
20251029,6918,愛派司,84.5,86.2,84.3,84.5,+,0.1,73063,6191648.0,-14000,0,2000,10000,0,3000,24000,0,1000
20251029,1539,巨庭,17.5,17.5,17.15,17.25,-,0.15,74281,1279782.0,-12000,0,0,0,0,0,12000,0,0
20251029,1506,正道,12.35,12.35,12.15,12.2,-,0.15,70902,863560.0,-12000,0,0,3000,0,0,15000,0,0
20251029,1234,黑松,37.6,37.6,37.45,37.5,-,0.05,62497,2345062.0,-14000,0,1770,7000,0,2000,21000,0,230
20251029,2539,櫻花建,49.35,49.35,48.8,48.9,-,0.55,519750,25474800.0,-18346,0,5879,131654,0,9000,150000,0,3121
20251029,6230,尼得科超眾,144.0,144.0,139.0,139.0,-,3.0,83288,11697506.0,-13000,0,8,14000,0,8,27000,0,0
20251029,6914,阜爾運通,151.5,152.0,150.0,150.5,-,1.5,80057,12061447.0,-13000,0,0,9000,0,0,22000,0,0
20251029,8271,宇瞻,103.5,104.5,101.0,104.5,+,1.0,2853567,292799130.0,12000,0,-25000,624000,0,13000,612000,0,38000
20251029,2509,全坤建,14.85,15.0,14.75,14.8,-,0.05,104777,1551797.0,-14310,0,1000,5690,0,1000,20000,0,0
20251029,1762,中化生,26.0,26.0,25.7,25.85,-,0.15,62067,1602330.0,-13000,0,-845,2000,0,2000,15000,0,2845
20251029,1760,寶齡富錦,66.2,66.8,65.5,65.8,-,0.3,77348,5089773.0,-16000,0,2000,8000,0,2000,24000,0,0
20251029,1527,鑽全,33.3,33.35,33.0,33.05,-,0.45,145333,4816497.0,-15000,0,1000,28000,0,1000,43000,0,0
20251029,1232,大統益,146.0,146.0,145.0,146.0,,0.0,67720,9857360.0,-14000,0,0,17000,0,0,31000,0,0
20251029,5907,大洋-KY,5.84,5.92,5.84,5.84,-,0.01,52995,310268.0,-15000,0,1000,2000,0,1000,17000,0,0
20251029,4912,聯德控股-KY,81.5,82.0,80.5,80.5,-,0.4,158670,12853213.0,-13486,0,-523,33514,0,0,47000,0,523
20251029,6790,永豐實,38.7,38.7,38.45,38.45,-,0.1,78216,3011095.0,-15000,0,869,12000,0,1000,27000,0,131
20251029,2545,皇翔,41.5,41.65,41.25,41.55,+,0.2,220209,9138918.0,-15000,0,625,78000,0,1000,93000,0,375
20251029,1707,葡萄王,124.0,125.5,124.0,124.0,-,0.5,96265,11977860.0,-16000,0,1303,34000,0,2000,50000,0,697
20251029,4952,凌通,40.4,40.45,39.75,40.05,+,0.5,106969,4287759.0,-16000,0,1235,26000,0,2002,42000,0,767
20251029,00661,元大日經225,65.25,66.15,65.25,66.15,+,1.7,177485,11687733.0,6990,0,-21868,8000,0,46303,1010,0,68171
20251029,1713,國化,45.05,45.4,44.9,45.0,-,0.05,143578,6480187.0,-17000,0,2000,37000,0,2000,54000,0,0
20251029,1110,東泥,16.9,16.9,16.5,16.5,-,0.35,96000,1599050.0,-17000,0,2000,11000,0,2000,28000,0,0
20251029,2107,厚生,23.85,24.2,23.85,24.0,+,0.15,168724,4053470.0,-18400,0,3000,3600,0,3000,22000,0,0
20251029,4572,駐龍,165.0,165.0,164.0,164.5,,0.0,36440,5990636.0,-15567,0,0,4433,0,0,20000,0,0
20251029,6658,聯策,59.1,59.7,57.6,57.7,-,0.7,137514,8012128.0,-16000,0,77,19000,0,1000,35000,0,923
20251029,4440,宜新實業,20.0,20.15,19.8,19.8,-,0.2,77310,1541412.0,-16000,0,0,6000,0,0,22000,0,0
20251029,1313,聯成,10.4,10.45,10.2,10.25,-,0.05,1792055,18409589.0,-26064,0,10000,438936,0,10000,465000,0,0
20251029,00920,富邦ESG綠色電力,18.25,18.29,18.15,18.26,+,0.12,686613,12519450.0,559000,0,-575230,559000,0,11027,0,0,586257
20251029,8462,柏文,160.0,161.5,158.0,160.5,+,0.5,120382,19202174.0,384,0,-17000,21384,0,1000,21000,0,18000
20251029,1604,聲寶,24.75,24.85,24.7,24.75,-,0.05,127701,3163158.0,-19000,0,2000,4000,0,2000,23000,0,0
20251029,00962,台新AI優息動能,11.45,11.54,11.45,11.51,+,0.14,493111,5677119.0,25000,0,-42795,30000,0,152215,5000,0,195010
20251029,00736,國泰新興市場,27.58,27.68,27.56,27.68,+,0.23,131457,3634991.0,1000,0,-19000,1000,0,108000,0,0,127000
20251029,6931,青松健康,50.5,50.5,49.9,50.0,-,0.2,73150,3659710.0,-18000,0,0,0,0,0,18000,0,0
20251029,6776,展碁國際,52.9,52.9,52.3,52.3,-,0.2,64403,3386381.0,-17000,0,-1000,5000,0,0,22000,0,1000
20251029,0053,元大電子,141.8,142.3,141.4,142.3,+,2.55,28494,4043109.0,0,0,-18114,0,0,996,0,0,19110
20251029,6477,安集,38.75,38.75,37.5,37.7,-,0.45,742671,28147774.0,-33260,0,14769,180740,0,18000,214000,0,3231
20251029,2472,立隆電,117.0,118.0,108.5,113.5,-,1.5,11781092,1325767726.0,197970,0,-216695,3055000,0,142000,2857030,0,358695
20251029,3029,零壹,113.0,113.5,112.0,112.5,+,0.5,657855,74027556.0,-23000,0,4124,207000,0,5124,230000,0,1000
20251029,4736,泰博,121.0,121.5,119.5,120.5,,0.0,88950,10709370.0,-19000,0,0,7000,0,0,26000,0,0
20251029,8367,建新國際,43.1,43.55,43.1,43.15,+,0.05,30665,1326401.0,-1000,0,-18000,0,0,0,1000,0,18000
20251029,1217,愛之味,10.35,10.4,10.3,10.35,-,0.1,322284,3337357.0,-22000,0,3000,25000,0,3000,47000,0,0
20251029,5515,建國,25.8,26.25,25.8,26.15,+,0.35,294181,7652846.0,-22240,0,3000,10760,0,3000,33000,0,0
20251029,6128,上福,28.05,28.1,27.95,28.0,-,0.05,93317,2614209.0,-20000,0,0,0,0,0,20000,0,0
20251029,1563,巧新,47.9,48.25,47.5,47.7,-,0.15,191760,9146147.0,-22000,0,2000,39000,0,2000,61000,0,0
20251029,2704,國賓,42.5,42.5,42.3,42.3,+,0.05,47079,1997470.0,-20000,0,0,13000,0,0,33000,0,0
20251029,6541,泰福-KY,58.9,59.0,57.8,58.0,-,0.9,721361,42068447.0,-21010,0,998,138990,0,1000,160000,0,2
20251029,3014,聯陽,132.5,133.5,132.0,132.0,-,0.5,420378,55781832.0,46000,-66461,0,184000,0,1000,138000,66461,1000
20251029,9136,巨騰-DR,7.4,7.44,7.33,7.37,-,0.07,303100,2230795.0,-21000,0,0,2000,0,0,23000,0,0
20251029,6834,天二科技,30.6,30.75,29.75,29.85,-,0.15,275156,8282816.0,-21000,0,0,35000,0,0,56000,0,0
20251029,4552,力達-KY,21.65,21.8,21.65,21.75,-,0.05,71130,1546255.0,-22960,0,1000,2040,0,1000,25000,0,0
20251029,4560,強信-KY,31.65,31.65,31.3,31.3,-,0.25,60128,1887316.0,-22000,0,0,21000,0,0,43000,0,0
20251029,7705,三商餐飲,41.2,41.2,40.45,40.5,-,0.7,65670,2675594.0,-23000,0,1000,1000,0,1000,24000,0,0
20251029,1324,地球,12.15,12.15,11.55,11.7,-,0.15,142075,1675941.0,-25000,0,3000,5000,0,3000,30000,0,0
20251029,6715,嘉基,96.2,96.2,94.2,94.3,-,2.7,41823,3973643.0,-21000,0,-1004,0,0,0,21000,0,1004
20251029,2540,愛山林,55.1,55.1,53.0,53.0,-,1.7,898234,48482351.0,-30080,0,8000,354920,0,8000,385000,0,0
20251029,3010,華立,91.2,91.7,90.7,90.8,-,0.1,515148,46887945.0,30620,-53000,249,212620,0,3000,182000,53000,2751
20251029,5258,虹堡,74.9,74.9,72.4,72.5,-,1.4,250514,18323315.0,-24000,0,1161,49000,0,1161,73000,0,0
20251029,2397,友通,70.1,70.4,69.5,69.5,-,0.3,145321,10124007.0,-25000,0,2000,19000,0,2000,44000,0,0
20251029,9930,中聯資源,69.7,69.9,69.6,69.6,+,0.1,70289,4896419.0,-25500,0,1847,5500,0,2000,31000,0,153
20251029,4557,永新-KY,70.1,70.6,69.1,69.3,-,0.7,212916,14844270.0,-25000,0,1000,65000,0,2000,90000,0,1000
20251029,6164,華興,10.1,10.1,9.99,9.99,-,0.06,102712,1029106.0,-25000,0,1000,0,0,1000,25000,0,0
20251029,1446,宏和,18.75,18.85,18.35,18.45,-,0.1,59681,1101814.0,-26000,0,1000,2000,0,1000,28000,0,0
20251029,3209,全科,31.85,31.85,31.5,31.55,-,0.15,251465,7942403.0,-26775,-3031,3999,47225,0,4000,74000,3031,1
20251029,7799,禾榮科,688.0,688.0,640.0,650.0,-,37.0,803305,526053228.0,14000,0,-40000,140000,0,4000,126000,0,44000
20251029,4770,上品,247.5,250.0,246.0,248.5,+,2.5,331059,82244598.0,-27000,0,819,97000,0,5250,124000,0,4431
20251029,2514,龍邦,14.65,14.75,14.6,14.6,+,0.05,131792,1936061.0,-27340,0,1000,4660,0,1000,32000,0,0
20251029,1737,臺鹽,31.95,31.95,31.9,31.95,,0.0,77580,2478636.0,-28000,0,1000,2000,0,1000,30000,0,0
20251029,3296,勝德,22.65,23.7,22.0,22.05,+,0.05,364972,8300761.0,-25000,0,-2000,58000,0,0,83000,0,2000
20251029,2106,建大,20.4,20.4,20.15,20.4,+,0.2,465636,9440971.0,-31297,0,4000,224703,0,4000,256000,0,0
20251029,2723,美食-KY,70.9,71.0,70.0,70.7,-,0.1,242186,17052215.0,-29000,0,945,80000,0,1000,109000,0,55
20251029,6838,台新藥,28.9,28.95,28.5,28.6,-,0.25,216248,6194049.0,-29000,0,0,49000,0,0,78000,0,0
20251029,6504,南六,46.65,46.65,45.5,45.9,-,0.4,67446,3081339.0,-28000,0,-2000,6000,0,0,34000,0,2000
20251029,3419,譁裕,13.85,13.85,13.6,13.6,-,0.25,207769,2841584.0,-30000,0,0,15000,0,0,45000,0,0
20251029,7791,皇家可口,82.6,83.4,82.0,82.1,-,0.5,642808,53076170.0,-30000,0,0,23000,0,0,53000,0,0
20251029,4571,鈞興-KY,175.0,175.0,170.5,171.0,-,0.5,253984,43679628.0,-31000,0,987,33000,0,1000,64000,0,13
20251029,00690,兆豐藍籌30,44.5,44.55,44.27,44.45,+,0.4,600475,26685669.0,0,0,-30528,3000,0,453597,3000,0,484125
20251029,7610,聯友金屬-創,110.0,112.0,108.5,108.5,-,2.5,392319,43042296.0,-31000,0,0,47000,0,0,78000,0,0
20251029,5484,慧友,39.9,40.5,39.5,39.7,-,0.15,222355,8861536.0,-31351,0,0,54649,0,0,86000,0,0
20251029,1732,毛寶,28.95,29.0,28.55,28.65,-,0.1,153476,4403664.0,-32000,0,0,16000,0,0,48000,0,0
20251029,1467,南緯,7.26,7.28,7.23,7.27,-,0.01,109126,792660.0,-33000,0,1000,1000,0,1000,34000,0,0
20251029,2636,台驊控股,69.0,69.3,68.8,69.3,+,0.4,289117,19976251.0,-38000,0,6000,64000,0,6000,102000,0,0
20251029,3052,夆典,11.1,11.1,11.05,11.05,-,0.05,203669,2253090.0,-33438,0,1000,8562,0,1000,42000,0,0
20251029,3058,立德,11.6,11.8,11.45,11.75,+,0.2,714162,8294395.0,-29000,0,-4000,146000,0,2000,175000,0,6000
20251029,1337,再生-KY,5.07,5.07,5.01,5.04,-,0.02,874713,4425107.0,-34059,0,1000,11941,0,1000,46000,0,0
20251029,2739,寒舍,37.2,37.85,36.9,36.95,-,0.3,98372,3652057.0,-31489,0,-2000,7511,0,0,39000,0,2000
20251029,2852,第一保,26.5,26.5,26.3,26.3,-,0.15,190540,5027713.0,-33000,-2307,1000,23000,0,1000,56000,2307,0
20251029,2480,敦陽科,164.0,166.5,164.0,165.0,+,0.5,116157,19207576.0,-36000,0,1000,39000,0,1000,75000,0,0
20251029,2748,雲品,44.45,44.85,44.3,44.4,-,0.05,85290,3785657.0,-36100,0,0,3900,0,1000,40000,0,1000
20251029,2468,華經,47.0,47.1,45.7,45.7,-,1.05,535625,24625647.0,-36000,0,-127,79000,0,0,115000,0,127
20251029,3024,憶聲,11.55,11.6,11.25,11.4,,0.0,1093982,12459129.0,-31000,0,-6000,295000,0,1000,326000,0,7000
20251029,9905,大華,20.05,20.2,20.0,20.05,,0.0,254758,5101560.0,-38000,0,1000,8000,0,1000,46000,0,0
20251029,1537,廣隆,124.0,124.0,122.0,122.5,-,0.5,104548,12844232.0,-39000,0,1827,3000,0,7000,42000,0,5173
20251029,1783,和康生,43.1,43.4,42.75,42.75,-,0.3,116874,5020805.0,-37760,0,0,3240,0,0,41000,0,0
20251029,3038,全台,21.1,21.2,20.75,21.05,-,0.05,233731,4901424.0,-35000,-981,-2117,59000,0,0,94000,981,2117
20251029,00971,野村美國研發龍頭,16.9,17.0,16.9,17.0,+,0.18,470669,7987559.0,7000,0,-45860,11000,0,124936,4000,0,170796
20251029,1310,台苯,8.84,8.91,8.72,8.75,-,0.08,609605,5350346.0,-41000,0,2036,163000,0,5000,204000,0,2964
20251029,2497,怡利電,45.75,46.35,45.3,45.4,-,0.65,172549,7886018.0,-41000,0,2000,45000,0,2000,86000,0,0
20251029,2707,晶華,191.5,192.5,191.5,191.5,-,0.5,92761,17788587.0,-24000,-13000,-2000,17000,0,0,41000,13000,2000
20251029,4935,茂林-KY,45.25,45.8,44.3,44.85,-,0.4,129507,5795176.0,-38000,0,-1000,16000,0,0,54000,0,1000
20251029,1733,五鼎,34.3,34.55,34.05,34.25,,0.0,274003,9386874.0,-39004,0,0,46000,0,0,85004,0,0
20251029,2464,盟立,66.6,66.8,65.0,65.0,-,1.4,1431129,94028430.0,-44000,0,4303,131000,0,8642,175000,0,4339
20251029,2030,彰源,13.8,13.9,13.75,13.9,,0.0,282228,3901721.0,-34000,0,-6000,22000,0,2000,56000,0,8000
20251029,3060,銘異,22.55,22.7,22.15,22.35,+,0.05,826286,18429805.0,-42000,0,1000,244000,0,1000,286000,0,0
20251029,6133,金橋,16.65,16.8,16.55,16.55,,0.0,268342,4458095.0,-42000,0,1000,57000,0,1000,99000,0,0
20251029,1590,亞德客-KY,905.0,905.0,885.0,900.0,-,5.0,857178,768351656.0,193768,-235000,141,720868,0,6853,527100,235000,6712
20251029,1582,信錦,70.8,71.5,70.2,70.3,-,0.5,636931,45086723.0,-39000,-3000,-104,223000,0,2997,262000,3000,3101
20251029,1626,艾美特-KY,11.75,12.45,11.65,12.25,+,0.6,1931768,23027507.0,-53363,0,11000,23637,0,14000,77000,0,3000
20251029,3557,嘉威,41.55,41.55,40.05,40.1,-,0.9,154835,6242655.0,-43500,0,1000,9500,0,1000,53000,0,0
20251029,3002,歐格,22.4,22.9,22.0,22.0,-,0.05,1244394,27799298.0,-38000,0,-5000,348000,0,0,386000,0,5000
20251029,00762,元大全球AI,88.7,89.05,88.55,89.0,+,1.0,452540,40198842.0,-18001,0,-25435,2000,0,133850,20001,0,159285
20251029,9935,慶豐富,20.0,20.0,19.2,19.3,-,0.5,636515,12342239.0,-51950,0,8000,150050,0,8000,202000,0,0
20251029,6224,聚鼎,47.95,49.1,46.95,47.0,-,0.8,394028,18715163.0,-47000,0,3000,91000,0,3000,138000,0,0
20251029,6645,金萬林-創,21.65,23.9,21.65,22.4,+,0.65,325889,7389529.0,-40650,0,-3995,7350,0,64036,48000,0,68031
20251029,4942,嘉彰,37.5,41.25,37.2,40.25,+,2.75,2605414,105198456.0,-89000,0,44195,196000,0,50196,285000,0,6001
20251029,6168,宏齊,20.65,20.7,20.25,20.3,-,0.25,407934,8314843.0,-45000,0,0,60000,0,1000,105000,0,1000
20251029,2536,宏普,26.6,26.6,26.1,26.15,-,0.25,214932,5642243.0,-46000,0,1000,15000,0,1000,61000,0,0
20251029,2612,中航,55.6,56.0,54.7,55.3,+,0.5,492432,27208933.0,-50000,0,3480,164000,0,4000,214000,0,520
20251029,9934,成霖,10.45,10.55,10.4,10.4,-,0.1,413687,4314436.0,-49000,0,2000,38000,0,2000,87000,0,0
20251029,8429,金麗-KY,7.84,7.85,7.74,7.8,-,0.01,651478,5080266.0,-49030,0,1000,33970,0,1000,83000,0,0
20251029,1219,福壽,13.75,13.75,13.6,13.7,-,0.05,532987,7278173.0,-50527,0,2000,23473,0,2000,74000,0,0
20251029,3050,鈺德,12.2,12.3,12.05,12.15,-,0.05,359552,4356209.0,-50000,0,0,59000,0,0,109000,0,0
20251029,00972,野村日本動能高息,16.12,16.12,15.92,15.92,-,0.33,312575,5020870.0,132000,0,-182481,132000,0,58376,0,0,240857
20251029,2427,三商電,25.75,25.95,25.7,25.75,+,0.05,373556,9630693.0,-52000,0,1000,72000,0,1000,124000,0,0
20251029,3583,辛耘,353.5,358.0,352.0,352.5,+,1.0,464759,164423104.0,-22990,-26000,-2848,107010,0,4400,130000,26000,7248
20251029,1455,集盛,7.95,7.97,7.88,7.91,-,0.02,392074,3105599.0,-55000,0,2987,48000,0,4000,103000,0,1013
20251029,3149,正達,37.7,38.5,37.6,37.9,+,0.45,2601173,98938993.0,-54324,0,2166,525676,0,2184,580000,0,18
20251029,4919,新唐,65.0,65.8,64.1,64.2,-,0.8,1283606,82840736.0,-41000,0,-11382,385000,0,11037,426000,0,22419
20251029,2413,環科,21.8,22.0,21.3,21.5,-,0.2,386785,8346286.0,-49000,0,-4000,82000,0,0,131000,0,4000
20251029,2538,基泰,10.75,10.75,10.65,10.7,,0.0,195496,2090984.0,-55015,0,2000,17985,0,2000,73000,0,0
20251029,8249,菱光,54.7,55.0,53.9,54.0,-,0.5,679369,36906353.0,-83900,0,29500,69100,0,31000,153000,0,1500
20251029,00907,永豐優息存股,15.41,15.41,15.36,15.38,-,0.02,911342,14017219.0,8000,0,-62897,8000,0,497000,0,0,559897
20251029,3717,聯嘉投控,19.15,19.25,18.9,19.0,,0.0,327789,6245898.0,-56000,0,1000,38000,0,1000,94000,0,0
20251029,5706,鳳凰,51.7,52.0,51.3,51.8,+,0.1,137244,7074074.0,-17158,-40000,1810,19842,0,3000,37000,40000,1190
20251029,1603,華電,39.25,39.55,38.55,38.55,-,0.7,347122,13441875.0,-70000,0,13000,20000,0,13000,90000,0,0
20251029,00709,富邦歐洲,34.75,34.75,34.59,34.61,-,0.17,94786,3282877.0,-1020,0,-56000,0,0,7000,1020,0,63000
20251029,6589,台康生技,67.1,67.5,65.9,66.1,-,1.0,585732,38970554.0,-59283,0,2000,156000,0,2000,215283,0,0
20251029,3036,文曄,142.0,143.0,139.5,141.5,+,0.5,5530333,780794741.0,716122,-544000,-230139,3887782,60000,103191,3171660,604000,333330
20251029,6670,復盛應用,241.0,243.0,240.0,241.0,+,1.0,156799,37864357.0,-10000,-50573,1675,65000,0,3000,75000,50573,1325
20251029,2462,良得電,24.4,24.4,23.95,24.0,-,0.35,354745,8575560.0,-61300,0,1000,56700,0,1000,118000,0,0
20251029,3346,麗清,21.65,21.7,21.3,21.35,-,0.2,224086,4798192.0,-61000,0,0,13000,0,0,74000,0,0
20251029,9927,泰銘,55.0,55.0,54.5,54.5,-,0.6,177614,9715658.0,-62200,0,1000,26800,0,1000,89000,0,0
20251029,1442,名軒,35.65,35.95,35.3,35.6,+,0.15,696410,24775731.0,-63000,0,1518,482000,0,1518,545000,0,0
20251029,1466,聚隆,16.55,16.55,16.15,16.4,+,0.15,279091,4535558.0,-61000,0,-2000,38000,0,1000,99000,0,3000
20251029,9938,百和,57.9,58.5,57.6,57.9,,0.0,994166,57590817.0,-177900,17000,97676,147100,29000,105110,325000,12000,7434
20251029,3311,閎暉,34.5,34.85,33.9,33.9,-,0.4,727797,24966723.0,-63079,0,-349,90921,0,1000,154000,0,1349
20251029,8215,明基材,22.85,23.05,22.7,22.8,-,0.05,322670,7359555.0,-67000,0,2000,86000,0,2000,153000,0,0
20251029,6405,悅城,29.45,30.9,29.45,29.85,+,0.35,772924,23275779.0,-65000,0,-528,123000,0,1000,188000,0,1528
20251029,9933,中鼎,31.65,31.8,31.0,31.2,-,0.35,1841397,57560982.0,-68561,0,2902,682439,0,4200,751000,0,1298
20251029,2206,三陽工業,60.9,61.0,60.5,60.5,-,0.4,631915,38348380.0,114000,-184000,3557,213000,0,4000,99000,184000,443
20251029,5222,全訊,139.0,141.0,137.5,138.5,-,0.5,620669,86212599.0,310,0,-67439,144310,0,14000,144000,0,81439
20251029,2020,美亞,24.0,24.0,23.6,23.7,-,0.2,285927,6804966.0,-69000,0,1135,39000,0,7000,108000,0,5865
20251029,3588,通嘉,49.25,50.8,48.5,48.55,-,0.4,188345,9211120.0,-67334,0,-1000,34666,0,1000,102000,0,2000
20251029,2597,潤弘,171.5,171.5,167.0,168.0,-,2.5,456367,76723012.0,-70380,-1000,1105,136700,0,2000,207080,1000,895
20251029,3008,大立光,2245.0,2245.0,2220.0,2220.0,,0.0,285753,636692245.0,-76796,626,3457,101762,1000,6177,178558,374,2720
20251029,9910,豐泰,126.5,126.5,120.5,121.5,-,4.0,1665231,203385990.0,-79473,-2000,7924,1059527,0,13000,1139000,2000,5076
20251029,2364,倫飛,70.6,70.8,69.4,69.4,-,0.9,177219,12366794.0,-73950,0,0,15050,0,0,89000,0,0
20251029,1723,中碳,82.3,82.7,82.0,82.3,-,0.1,226195,18617135.0,-77000,0,1000,69000,0,1000,146000,0,0
20251029,6768,志強-KY,113.5,117.0,111.5,114.5,+,2.0,911909,104621874.0,-82000,-8000,14000,198000,0,22000,280000,8000,8000
20251029,5269,祥碩,1455.0,1485.0,1450.0,1450.0,+,5.0,473858,694183475.0,-54488,-28198,6225,167737,1000,13897,222225,29198,7672
20251029,2359,所羅門,136.0,136.0,132.5,132.5,-,2.0,1304294,174174336.0,-72000,0,-4614,142000,0,1000,214000,0,5614
20251029,1611,中電,12.9,12.9,12.8,12.8,-,0.1,309288,3970888.0,-79770,0,1995,34230,0,4000,114000,0,2005
20251029,2382,廣達,307.0,309.0,305.0,308.0,+,4.0,13464651,4139832234.0,-7270,165098,-235762,4024592,234000,99000,4031862,68902,334762
20251029,1451,年興,17.05,17.1,16.9,16.95,-,0.05,380225,6450739.0,-79000,0,1000,14000,0,1000,93000,0,0
20251029,2850,新產,114.0,115.0,114.0,114.0,,0.0,150294,17167894.0,-33000,-47000,2000,19000,0,2000,52000,47000,0
20251029,8114,振樺電,212.0,214.5,209.0,209.0,-,0.5,291317,61639832.0,-79000,0,331,93000,0,1000,172000,0,669
20251029,9914,美利達,104.0,104.5,101.5,103.5,-,1.0,723869,74649378.0,-675,0,-80549,321325,0,18502,322000,0,99051
20251029,1419,新紡,58.1,58.6,57.2,57.9,-,0.1,675153,39003361.0,-87000,0,3209,142000,0,9348,229000,0,6139
20251029,1414,東和,17.85,17.95,17.4,17.65,-,0.05,252594,4427219.0,-77000,0,-7000,25000,0,2000,102000,0,9000
20251029,5203,訊連,99.5,100.0,98.2,98.6,-,0.5,198063,19606495.0,-89000,0,1157,24000,0,1157,113000,0,0
20251029,5434,崇越,322.5,326.5,322.5,322.5,,0.0,466399,151369055.0,-19200,-66000,-4449,183000,1000,3001,202200,67000,7450
20251029,00714,群益道瓊美國地產,19.86,19.89,19.77,19.89,-,0.42,298222,5928302.0,-39000,0,-51107,0,0,200000,39000,0,251107
20251029,2038,海光,14.9,15.1,14.8,14.9,,0.0,288121,4280153.0,-94397,0,3000,8603,0,3000,103000,0,0
20251029,2414,精技,41.95,42.1,41.7,41.8,-,0.1,244219,10234234.0,-94000,0,1000,47000,0,1000,141000,0,0
20251029,1307,三芳,31.3,31.5,31.0,31.2,-,0.05,840579,26229093.0,180000,-277000,2000,380000,0,2000,200000,277000,0
20251029,8422,可寧衛*,241.5,243.0,238.5,240.0,-,1.0,1048212,251680140.0,-72000,2000,-25774,327000,2000,6000,399000,0,31774
20251029,1342,八貫,82.3,82.4,81.3,81.6,-,0.7,233469,19094328.0,-98999,0,1880,14001,0,2000,113000,0,120
20251029,6412,群電,94.6,95.6,93.6,93.6,-,0.7,741489,69900816.0,61995,-160000,312,447995,1000,15007,386000,161000,14695
20251029,4119,旭富,59.1,59.1,57.8,58.4,-,0.9,231376,13468187.0,-99325,0,1000,17675,0,5000,117000,0,4000
20251029,6533,晶心科,270.0,273.5,268.0,268.0,,0.0,666875,180363676.0,-106016,0,6267,180020,0,20217,286036,0,13950
20251029,3563,牧德,531.0,535.0,514.0,523.0,-,4.0,880672,459845668.0,-22085,-73000,-5609,255000,0,20509,277085,73000,26118
20251029,2820,華票,16.65,16.7,16.6,16.6,-,0.05,533038,8871648.0,-111000,0,9000,63000,0,9000,174000,0,0
20251029,2535,達欣工,66.0,66.0,64.8,64.9,-,0.4,390738,25439801.0,-103200,0,1000,75800,0,1000,179000,0,0
20251029,2017,官田鋼,8.84,8.9,8.8,8.84,+,0.01,408151,3600008.0,-103520,0,1122,20480,0,4000,124000,0,2878
20251029,5531,鄉林,9.17,9.17,9.06,9.06,-,0.06,347058,3154163.0,-122398,0,19000,32932,0,19000,155330,0,0
20251029,9924,福興,52.3,52.3,51.5,51.6,-,0.7,166563,8608769.0,-105200,-904,1000,1800,0,1000,107000,904,0
20251029,3040,遠見,63.2,63.3,61.3,63.3,+,0.1,859488,53580031.0,-109000,0,3000,151000,0,3000,260000,0,0
20251029,2331,精英,21.4,21.6,21.1,21.2,,0.0,1661587,35397724.0,-86000,0,-20000,647000,0,3000,733000,0,23000
20251029,1225,福懋油,30.85,30.85,30.5,30.65,-,0.1,149166,4577587.0,-107150,0,1000,11850,0,1000,119000,0,0
20251029,1806,冠軍,9.11,9.12,9.07,9.08,-,0.03,394536,3583855.0,-111000,0,2000,23000,0,2000,134000,0,0
20251029,2390,云辰,9.97,10.05,9.92,9.97,,0.0,275462,2743712.0,-110800,0,1000,11200,0,1000,122000,0,0
20251029,2233,宇隆,202.0,204.0,200.5,202.0,,0.0,403116,81640590.0,-126000,0,16007,38000,0,22000,164000,0,5993
20251029,3167,大量,165.5,167.5,162.5,164.5,+,2.0,1976966,325719731.0,-145150,0,34000,383850,0,35000,529000,0,1000
20251029,2530,華建,28.95,29.5,28.7,29.35,+,0.6,779768,22778073.0,-25334,0,-87000,331666,0,4000,357000,0,91000
20251029,2440,太空梭,13.3,13.95,13.05,13.5,+,0.5,630811,8471140.0,-114000,0,1000,17000,0,1000,131000,0,0
20251029,3545,敦泰,60.6,61.3,60.4,60.4,-,0.2,934409,56653276.0,-116540,0,2919,281095,0,6000,397635,0,3081
20251029,1103,嘉泥,13.15,13.2,13.05,13.05,-,0.1,300201,3936644.0,-119780,0,4000,20220,0,4000,140000,0,0
20251029,9904,寶成,29.35,29.5,29.2,29.25,+,0.05,7054974,206634136.0,259000,-8000,-368138,4164000,0,124965,3905000,8000,493103
20251029,6472,保瑞,642.0,642.0,626.0,629.0,-,9.0,678149,427598422.0,-105976,-20393,8158,174024,0,39000,280000,20393,30842
20251029,6672,騰輝電子-KY,91.3,92.5,89.8,89.9,-,1.1,617663,56237595.0,-120000,0,287,124000,0,2000,244000,0,1713
20251029,2348,海悅,85.0,85.5,84.0,84.0,-,0.9,380542,32124838.0,-123725,0,3838,72430,0,10000,196155,0,6162
20251029,3596,智易,208.5,216.0,208.5,212.0,+,3.5,587932,124381995.0,-126000,0,5434,231000,0,10000,357000,0,4566
20251029,2241,艾姆勒,38.5,38.85,37.7,37.9,-,0.3,1068602,40881359.0,-125000,0,4000,211000,0,4000,336000,0,0
20251029,3705,永信,57.2,57.3,56.4,56.8,-,0.3,366097,20757057.0,-127000,0,2969,59000,0,4000,186000,0,1031
20251029,3257,虹冠電,78.2,78.2,74.3,74.8,-,3.1,3405927,257477298.0,-128897,0,1000,477603,0,1000,606500,0,0
20251029,4961,天鈺,156.5,158.5,156.0,156.0,-,0.5,398157,62576599.0,-78850,-50000,14,99150,0,6776,178000,50000,6762
20251029,3056,富華新,19.7,19.85,19.65,19.7,,0.0,1041522,20525671.0,-132569,0,3488,187431,0,15000,320000,0,11512
20251029,2520,冠德,33.15,33.55,33.05,33.4,+,0.2,1307776,43576207.0,49310,-163000,-15569,629310,0,5535,580000,163000,21104
20251029,3532,台勝科,107.5,107.5,103.0,104.0,-,1.5,2450742,255837422.0,-99748,0,-32925,509502,0,33038,609250,0,65963
20251029,2929,淘帝-KY,8.66,8.67,8.51,8.52,-,0.12,447076,3833471.0,-133899,0,1000,7101,0,1000,141000,0,0
20251029,00908,富邦入息REITs+,13.54,13.54,13.44,13.45,-,0.2,723658,9739098.0,-392000,0,259094,0,0,497000,392000,0,237906
20251029,9919,康那香,17.25,17.25,16.8,16.9,-,0.15,579475,9830908.0,-135000,0,1000,45000,0,1000,180000,0,0
20251029,9955,佳龍,28.6,29.15,28.55,28.55,-,0.05,511989,14706999.0,-137000,0,1000,49000,0,1000,186000,0,0
20251029,3665,貿聯-KY,1455.0,1460.0,1400.0,1460.0,+,15.0,2490384,3579097665.0,25528,-163000,517,1036233,66000,67928,1010705,229000,67411
20251029,1440,南紡,12.75,12.8,12.6,12.7,,0.0,833288,10574741.0,-145000,0,7514,193000,0,10000,338000,0,2486
20251029,5285,界霖,54.5,54.8,52.6,53.0,-,1.4,559320,29971933.0,-143000,0,0,55000,0,0,198000,0,0
20251029,1612,宏泰,39.4,39.4,38.7,38.85,-,0.45,988972,38431908.0,-180000,0,36955,221000,0,37000,401000,0,45
20251029,00898,國泰基因免疫革命,7.2,7.2,7.15,7.17,-,0.06,698472,5010394.0,-13000,0,-130268,0,0,261000,13000,0,391268
20251029,2511,太子,9.02,9.05,9.01,9.01,-,0.02,636156,5737432.0,-152000,0,7852,97000,0,8000,249000,0,148
20251029,3338,泰碩,56.8,57.9,55.3,55.5,-,0.7,502984,28268907.0,-144000,0,-281,100000,0,2000,244000,0,2281
20251029,1736,喬山,153.0,153.0,149.5,150.5,,0.0,373275,56144048.0,-119000,0,-27347,88000,0,9000,207000,0,36347
20251029,1903,士紙,55.0,55.5,54.5,55.5,-,0.1,667200,36757057.0,-152000,0,-1,136000,0,8000,288000,0,8001
20251029,3504,揚明光,56.0,56.7,55.3,55.7,-,0.1,441070,24668568.0,-106000,0,-47851,108000,0,1000,214000,0,48851
20251029,00895,富邦未來車,39.19,39.6,39.19,39.6,+,0.97,1309761,51692421.0,20962,0,-175732,37000,0,572415,16038,0,748147
20251029,1598,岱宇,23.2,23.9,22.85,23.4,+,0.2,561058,13024053.0,-157886,0,1000,29114,0,2000,187000,0,1000
20251029,6862,三集瑞-KY,213.5,224.0,201.5,201.5,-,9.5,2327432,485913297.0,-125240,0,-34970,404010,0,2037,529250,0,37007
20251029,2493,揚博,92.5,93.5,92.2,92.5,,0.0,520107,48241169.0,-162052,0,-1540,149948,0,0,312000,0,1540
20251029,2466,冠西電,50.7,52.4,48.85,49.9,-,0.1,777709,39287429.0,-166272,0,2000,137728,0,2000,304000,0,0
20251029,6706,惠特,71.0,71.8,69.6,69.9,-,0.1,709973,49929631.0,-166000,0,-1263,104000,0,1361,270000,0,2624
20251029,00956,中信日經高股息,10.37,10.37,10.29,10.29,-,0.11,336651,3474656.0,-45667,0,-122803,2333,0,132000,48000,0,254803
20251029,6176,瑞儀,130.5,132.0,130.5,131.0,+,1.0,1179416,154707962.0,-8000,-160490,-866,468000,2000,95000,476000,162490,95866
20251029,2753,八方雲集,190.0,190.5,187.5,188.0,-,0.5,307544,58143667.0,-162935,0,-7534,49065,0,1000,212000,0,8534
20251029,6923,中台,104.5,105.0,100.5,101.0,-,3.0,807644,82567935.0,-145000,0,-25666,106000,0,3334,251000,0,29000
20251029,1464,得力,11.2,11.2,11.05,11.1,-,0.1,554933,6175551.0,-159831,0,-17000,63169,0,4000,223000,0,21000
20251029,9946,三發地產,17.7,17.7,17.35,17.5,-,0.2,393625,6885706.0,-179178,0,1000,28822,0,1000,208000,0,0
20251029,3686,達能,20.15,21.5,19.85,21.3,+,1.2,1863171,38622120.0,-177263,0,-1521,272737,0,1000,450000,0,2521
20251029,9902,台火,16.5,16.9,16.3,16.45,+,0.05,681722,11239712.0,-180000,0,0,101000,0,0,281000,0,0
20251029,6165,浪凡,54.5,54.5,52.4,52.8,-,1.2,557197,29516507.0,-188000,0,3000,72000,0,3000,260000,0,0
20251029,6962,奕力-KY,45.25,45.45,44.3,44.4,-,0.25,3657977,164058226.0,-193000,0,3409,602000,0,5183,795000,0,1774
20251029,2606,裕民,55.0,55.5,54.8,55.1,+,0.1,2188738,120681326.0,-133003,-43000,-13778,667000,0,46000,800003,43000,59778
20251029,2547,日勝生,10.6,10.65,10.55,10.6,,0.0,1180826,12524964.0,-202460,0,5436,256540,0,6000,459000,0,564
20251029,6873,泓德能源,129.0,134.0,127.0,130.5,+,3.5,2234913,292054982.0,-270759,0,70462,544241,0,86691,815000,0,16229
20251029,9917,中保科,109.0,110.0,108.5,109.0,+,0.5,583310,63712622.0,-58000,-140000,-3000,93000,0,2000,151000,140000,5000
20251029,3011,今皓,14.3,14.35,13.85,13.9,-,0.25,830235,11567881.0,-202000,0,0,102000,0,1000,304000,0,1000
20251029,2302,麗正,19.55,21.3,19.55,19.85,+,0.45,11123020,230770937.0,-207000,0,1214,1675000,0,3196,1882000,0,1982
20251029,00770,國泰北美科技,58.15,58.35,58.05,58.35,+,0.7,507606,29565971.0,1000,0,-207162,5000,0,17000,4000,0,224162
20251029,1789,神隆,18.1,18.1,17.75,17.85,-,0.2,933560,16684234.0,-210000,0,3505,138000,0,6000,348000,0,2495
20251029,3533,嘉澤,1385.0,1390.0,1365.0,1375.0,-,10.0,579608,798137830.0,-116158,-97338,6989,202473,2000,20030,318631,99338,13041
20251029,1589,永冠-KY,20.1,20.65,19.9,20.0,-,0.05,1092528,21956449.0,-204808,0,-2558,304192,0,3000,509000,0,5558
20251029,00882,中信中國高股息,14.84,14.85,14.77,14.77,-,0.04,4907705,72631843.0,-223995,0,15924,46005,0,20000,270000,0,4076
20251029,2034,允強,19.8,19.9,19.65,19.7,-,0.1,672035,13246901.0,-192923,0,-17122,78077,0,7000,271000,0,24122
20251029,6789,采鈺,248.0,251.0,246.0,249.5,+,1.5,937838,233198649.0,-222911,-2000,12572,156089,0,33777,379000,2000,21205
20251029,6753,龍德造船,123.5,126.0,122.0,122.0,-,1.0,1181455,146167086.0,-123000,-54000,-36690,340000,0,12021,463000,54000,48711
20251029,9907,統一實,18.15,18.25,18.05,18.15,,0.0,1332086,24173161.0,-239000,0,24000,496000,0,24000,735000,0,0
20251029,2376,技嘉,287.5,289.0,283.5,284.5,-,2.0,3855690,1102021250.0,-376435,-113000,271232,847565,2000,464387,1224000,115000,193155
20251029,1721,三晃,12.45,12.45,12.15,12.15,-,0.15,610169,7472404.0,-213850,0,-4375,11150,0,3000,225000,0,7375
20251029,1434,福懋,15.4,15.4,15.2,15.25,-,0.1,771642,11787182.0,-196000,-30000,7613,147000,0,9000,343000,30000,1387
20251029,1718,中纖,6.33,6.37,6.31,6.32,-,0.01,1780486,11259537.0,-227915,0,9000,342997,0,9000,570912,0,0
20251029,4958,臻鼎-KY,169.5,170.5,167.5,169.0,+,2.5,8415546,1423362473.0,-21000,-83000,-123896,3032000,101000,205393,3053000,184000,329289
20251029,2006,東和鋼鐵,62.4,62.9,62.2,62.5,+,0.6,1380145,86203920.0,42580,-190000,-88655,750580,0,34487,708000,190000,123142
20251029,1722,台肥,48.3,48.65,48.05,48.4,+,0.3,1573781,76032056.0,-140000,-3000,-95105,423000,0,11000,563000,3000,106105
20251029,1710,東聯,12.2,12.3,12.1,12.2,,0.0,486969,5929617.0,-245000,0,3550,68000,0,4000,313000,0,450
20251029,2630,亞航,53.2,53.6,51.4,51.8,-,1.2,2512446,131347918.0,-212215,0,-31231,555785,0,6000,768000,0,37231
20251029,8103,瀚荃,76.0,80.8,76.0,78.0,+,2.4,1823959,142493108.0,-276050,0,26000,187000,0,26000,463050,0,0
20251029,3055,蔚華科,62.7,63.8,61.4,63.3,+,1.5,1316680,82939968.0,-252000,0,7,277000,0,19,529000,0,12
20251029,2614,東森,22.05,22.05,21.15,21.15,-,0.65,1385094,29779086.0,-254046,0,1000,149954,0,1000,404000,0,0
20251029,2010,春源,19.35,19.35,19.15,19.2,-,0.1,785647,15123069.0,-261000,0,2854,120000,0,3000,381000,0,146
20251029,3048,益登,41.3,41.7,39.15,39.2,-,1.35,5210324,208000164.0,-256500,0,-3566,556500,0,10000,813000,0,13566
20251029,4438,廣越,74.6,81.4,73.5,81.4,+,7.4,1417367,111292219.0,-264000,0,2325,150000,0,14325,414000,0,12000
20251029,5522,遠雄,54.2,54.4,53.8,54.1,-,0.1,895589,48401503.0,-263000,0,1000,404000,0,4000,667000,0,3000
20251029,6861,睿生光電,64.5,64.5,61.2,61.2,-,6.8,1180606,73281897.0,-261000,0,-1750,122000,0,6000,383000,0,7750
20251029,2031,新光鋼,40.55,40.55,39.6,39.9,-,0.35,875821,34946550.0,-263000,0,-718,99000,0,7000,362000,0,7718
20251029,00645,富邦日本,45.85,45.99,45.78,45.91,-,0.1,356529,16364955.0,47980,0,-312241,48000,0,4000,20,0,316241
20251029,2404,漢唐,860.0,873.0,849.0,858.0,+,6.0,2077282,1786413764.0,-132530,-136000,31,751200,9000,117734,883730,145000,117703
20251029,4967,十銓,130.0,130.0,125.5,126.0,-,4.0,2587601,327429143.0,-58150,0,-212000,120850,0,1000,179000,0,213000
20251029,4551,智伸科,157.5,157.5,149.0,149.0,-,3.0,1188730,181224541.0,-250950,0,-24116,243050,0,7944,494000,0,32060
20251029,8163,達方,37.65,37.8,36.9,36.95,-,0.7,844967,31396110.0,-221000,0,-60428,141000,0,13000,362000,0,73428
20251029,4766,南寶,378.0,379.0,367.5,367.5,-,5.5,729436,271517918.0,-233000,-4000,-45848,206000,0,22304,439000,4000,68152
20251029,2338,光罩,39.8,40.1,38.8,38.95,-,0.45,1236895,48514411.0,-271000,0,-14865,244000,0,18809,515000,0,33674
20251029,1708,東鹼,30.35,30.45,30.15,30.2,-,0.2,642446,19416218.0,-287481,0,-13,76019,0,1000,363500,0,1013
20251029,2905,三商,14.9,14.9,14.45,14.75,-,0.2,1899212,27895676.0,-458972,0,170594,299028,0,211000,758000,0,40406
20251029,6005,群益證,25.2,25.4,25.1,25.1,-,0.05,3172672,79858232.0,14700,-303093,0,1232700,0,0,1218000,303093,0
20251029,6695,芯鼎,51.8,52.1,50.0,50.2,-,1.4,1500264,76115532.0,-292000,0,-419,182000,0,1000,474000,0,1419
20251029,5521,工信,11.85,11.9,11.65,11.85,,0.0,1621246,19056973.0,-280900,0,-13000,322100,0,3000,603000,0,16000
20251029,00701,國泰股利精選30,27.6,27.64,27.53,27.57,,0.0,1300911,35861883.0,-292000,0,-4189,0,0,335261,292000,0,339450
20251029,9940,信義,22.65,22.7,22.4,22.6,,0.0,453903,10210638.0,-302179,0,3607,67821,0,4000,370000,0,393
20251029,1218,泰山,18.65,18.65,18.35,18.55,-,0.1,792960,14634218.0,-291000,0,-9517,91000,0,4000,382000,0,13517
20251029,1476,儒鴻,433.5,433.5,420.0,424.0,-,9.5,631276,267969023.0,-230521,-2000,-68085,215479,0,13000,446000,2000,81085
20251029,6781,AES-KY,1140.0,1150.0,1120.0,1125.0,+,5.0,1111727,1258141330.0,-307591,-4125,10698,179409,0,29229,487000,4125,18531
20251029,1618,合機,44.55,44.55,44.0,44.0,-,0.5,695220,30680762.0,-302600,0,-553,61400,0,1000,364000,0,1553
20251029,2913,農林,14.0,14.1,13.9,14.0,,0.0,1507619,21053070.0,-281000,0,-25000,358000,0,11000,639000,0,36000
20251029,00952,凱基台灣AI50,11.89,12.0,11.89,11.93,+,0.14,1356791,16211124.0,-40000,0,-269662,104000,0,171026,144000,0,440688
20251029,2385,群光,130.5,132.5,130.0,130.0,+,0.5,1693084,221180457.0,321317,-635325,-3807,686703,3000,164000,365386,638325,167807
20251029,1449,佳和,11.8,11.8,11.5,11.5,-,0.2,780546,9032681.0,-317156,0,-1631,62844,0,1000,380000,0,2631
20251029,2458,義隆,128.5,129.5,127.0,128.0,,0.0,1464215,187428143.0,-184000,-142512,1017,325000,1000,17000,509000,143512,15983
20251029,6446,藥華藥,500.0,504.0,494.5,496.0,-,4.0,1456647,724527258.0,-194518,-106000,-29132,254486,1000,70000,449004,107000,99132
20251029,00909,國泰數位支付服務,49.95,50.05,49.79,50.0,+,0.09,3717804,185683278.0,-494942,0,155378,257558,0,474000,752500,0,318622
20251029,1702,南僑,38.8,38.8,38.3,38.6,-,0.2,957572,36847513.0,-495000,148500,1502,81000,148500,9100,576000,0,7598
20251029,1305,華夏,11.5,11.55,11.2,11.3,-,0.2,703387,7945740.0,-341484,0,-4002,103516,0,3000,445000,0,7002
20251029,2236,百達-KY,92.9,93.2,89.3,90.9,-,2.1,1662473,150827876.0,-345480,0,-4000,165520,0,0,511000,0,4000
20251029,6605,帝寶,141.5,143.0,139.5,140.5,-,1.0,942661,133010496.0,-320000,-35000,-222,195000,0,10096,515000,35000,10318
20251029,1616,億泰,35.1,35.2,34.25,34.45,-,0.6,1372871,47373842.0,-351000,0,-10196,331000,0,2000,682000,0,12196
20251029,00700,富邦恒生國企,18.72,18.79,18.65,18.68,-,0.04,837694,15679607.0,-287000,0,-74507,155000,0,138000,442000,0,212507
20251029,9939,宏全,131.5,131.5,128.5,130.0,-,0.5,1245893,162028869.0,-109003,-245000,-7925,301000,4000,7000,410003,249000,14925
20251029,2731,雄獅,158.0,158.5,155.0,157.0,-,0.5,790183,123597564.0,-355566,-2000,-7665,75000,0,5000,430566,2000,12665
20251029,4960,誠美材,14.05,14.05,13.75,13.8,-,0.1,1151206,15910880.0,-388809,0,2000,38191,0,2000,427000,0,0
20251029,0052,富邦科技,256.7,260.25,256.7,260.0,+,5.75,3263907,844555258.0,1076000,0,-1469272,1143000,0,735526,67000,0,2204798
20251029,00861,元大全球未來通訊,53.05,53.55,53.05,53.55,+,0.25,485563,25964472.0,13000,0,-420479,26000,0,2521,13000,0,423000
20251029,1477,聚陽,282.0,282.0,269.0,276.0,-,6.0,1686140,461277413.0,-347000,-53482,-9302,633000,0,79298,980000,53482,88600
20251029,00636,國泰中國A50,26.48,26.54,26.39,26.44,-,0.03,2277127,60174984.0,-595000,0,181897,81000,0,1449000,676000,0,1267103
20251029,00963,中信全球高股息,10.67,10.68,10.65,10.67,-,0.06,1201221,12817166.0,-41000,0,-377664,0,0,378000,41000,0,755664
20251029,2399,映泰,25.65,26.2,24.6,25.15,-,0.45,8147579,205351041.0,-426830,0,3574,711170,0,4009,1138000,0,435
20251029,2897,王道銀行,9.1,9.11,9.05,9.07,-,0.02,2140047,19411697.0,-441000,0,17000,714000,0,17000,1155000,0,0
20251029,2727,王品,216.0,216.0,213.5,214.5,-,1.5,701648,150571172.0,-273017,-100000,-51035,85901,0,30000,358918,100000,81035
20251029,3033,威健,30.3,30.3,29.8,29.95,-,0.2,2091136,62655578.0,-429217,-1332,1760,406783,7000,2000,836000,8332,240
20251029,3030,德律,157.5,159.0,156.0,157.5,+,2.0,1623684,256238349.0,-478000,50000,-2257,324000,50000,31000,802000,0,33257
20251029,2340,台亞,26.95,27.1,25.75,25.75,-,0.8,3036016,79319252.0,-404500,0,-25799,532500,0,3000,937000,0,28799
20251029,2912,統一超,244.0,245.5,243.0,243.5,-,0.5,1125959,274339159.0,-60500,-385000,4712,471500,2000,22000,532000,387000,17288
20251029,2903,遠百,22.05,22.2,21.8,22.0,-,0.05,1866805,40938549.0,-450000,0,7000,636000,0,7000,1086000,0,0
20251029,8261,富鼎,101.0,101.5,99.0,99.1,-,1.4,3376477,336252471.0,-424050,0,-27537,524000,0,25762,948050,0,53299
20251029,2406,國碩,20.3,20.3,19.45,19.65,-,0.3,3534788,69781533.0,-456335,0,4044,747665,0,4044,1204000,0,0
20251029,2360,致茂,778.0,806.0,758.0,788.0,+,46.0,6341312,4953074418.0,-700525,150000,66931,3124272,171000,156386,3824797,21000,89455
20251029,6214,精誠,132.0,132.0,128.5,130.0,-,2.0,2105131,272920001.0,-486000,0,-964,259000,0,15000,745000,0,15964
20251029,4989,榮科,40.55,42.45,40.1,42.45,+,3.85,8360231,349887333.0,-500000,0,0,510000,0,0,1010000,0,0
20251029,3535,晶彩科,73.5,76.6,73.5,74.5,+,1.4,3052311,229364653.0,-505000,0,1686,731000,0,9000,1236000,0,7314
20251029,6443,元晶,14.4,15.2,14.0,14.65,+,0.3,7246649,105659208.0,-539158,0,35083,1933842,0,75050,2473000,0,39967
20251029,2303,聯電,46.25,46.25,45.6,45.6,-,0.4,28822684,1321249427.0,4413921,-3623751,-1303372,18113334,336000,1093000,13699413,3959751,2396372
20251029,4532,瑞智,23.3,23.45,23.25,23.3,,0.0,1168750,27248960.0,-524000,0,1505,215000,0,3000,739000,0,1495
20251029,2646,星宇航空,24.1,24.2,24.0,24.0,-,0.1,5214118,125342956.0,-546672,0,21000,646350,0,31000,1193022,0,10000
20251029,2104,國際中橡,10.7,10.85,10.55,10.6,-,0.05,1240170,13197509.0,-533166,0,2998,205834,0,5000,739000,0,2002
20251029,1216,統一,79.0,79.4,78.3,78.8,-,0.2,6088701,479256933.0,560478,-452000,-659356,4198115,22000,76743,3637637,474000,736099
20251029,2103,台橡,15.2,15.25,15.05,15.25,,0.0,1035278,15660662.0,-557000,0,3370,156000,0,5000,713000,0,1630
20251029,1727,中華化,37.0,37.85,36.35,36.5,-,0.1,2438013,90079491.0,-563000,0,-1932,454000,0,2000,1017000,0,3932
20251029,9945,潤泰新,30.35,30.35,30.0,30.0,-,0.25,3805468,114527385.0,-550894,0,-26003,1119106,0,27000,1670000,0,53003
20251029,1795,美時,291.0,293.0,286.0,286.0,-,4.5,3028338,874606405.0,-592640,0,12158,310360,0,48848,903000,0,36690
20251029,3515,華擎,333.0,360.0,328.0,337.5,+,10.0,4323639,1458239180.0,-604750,45000,-37652,1020250,45000,67008,1625000,0,104660
20251029,1711,永光,19.55,19.7,19.15,19.2,-,0.15,2410944,46594452.0,-545000,0,-57669,185000,0,3552,730000,0,61221
20251029,6409,旭隼,1175.0,1215.0,1120.0,1215.0,+,60.0,2022732,2369347375.0,-625073,-1000,15903,586229,0,22680,1211302,1000,6777
20251029,3380,明泰,32.5,34.15,32.5,32.95,+,0.1,6910420,230711718.0,-591000,0,-31209,1591000,0,59818,2182000,0,91027
20251029,6757,台灣虎航,68.4,68.5,66.0,66.4,-,2.0,5358561,358192520.0,-8013,-625000,8861,1300987,0,137000,1309000,625000,128139
20251029,3481,群創,13.8,14.0,13.75,13.75,,0.0,43617867,603037199.0,-3606113,36000,2943271,19456387,36000,3489535,23062500,0,546264
20251029,2345,智邦,970.0,990.0,964.0,973.0,+,8.0,4580387,4467562801.0,-836369,30000,176499,1631445,120000,240253,2467814,90000,63754
20251029,2101,南港,37.5,37.5,36.6,36.6,-,0.85,2258963,83456730.0,-644960,0,13970,255040,0,14000,900000,0,30
20251029,1304,台聚,11.15,11.15,10.8,10.9,-,0.25,1982377,21606687.0,-622840,0,-9014,224160,0,5000,847000,0,14014
20251029,2838,聯邦銀,19.6,19.6,19.05,19.1,-,0.2,2021516,38922814.0,-744524,0,91912,634476,0,92000,1379000,0,88
20251029,00924,復華S&P500成長,28.76,28.89,28.76,28.89,+,0.23,1993975,57533259.0,82000,0,-748001,100000,0,253999,18000,0,1002000
20251029,00954,中信日本半導體,12.0,12.3,12.0,12.29,+,0.79,2950951,36009731.0,-312500,0,-354661,30500,0,646008,343000,0,1000669
20251029,3045,台灣大,111.5,111.5,110.0,111.0,-,0.5,4295462,475888706.0,49441,-883000,156476,2106000,8000,177774,2056559,891000,21298
20251029,3062,建漢,24.75,26.75,24.7,26.75,+,2.4,16766557,438574617.0,-735000,0,46344,2615000,0,49528,3350000,0,3184
20251029,6285,啟碁,124.5,127.0,123.0,124.5,+,1.0,3953123,492074929.0,-425346,-311000,42794,1046960,15000,157766,1472306,326000,114972
20251029,3305,昇貿,103.0,103.5,100.0,101.0,-,2.0,3452289,350196303.0,-701000,0,-257,381000,0,11000,1082000,0,11257
20251029,8131,福懋科,38.8,38.9,37.35,37.9,-,1.35,6767117,256528454.0,-796000,0,82481,1029000,0,112000,1825000,0,29519
20251029,4142,國光生,19.5,19.55,18.9,18.95,-,0.2,3095329,59320087.0,-720000,0,3651,548000,0,10000,1268000,0,6349
20251029,3450,聯鈞,280.0,282.5,275.0,276.5,+,3.0,14009635,3899437662.0,-524341,20000,-242762,2708493,20000,73670,3232834,0,316432
20251029,8028,昇陽半導體,171.5,174.5,170.5,171.0,+,1.0,4950079,853833465.0,-1042146,0,290364,711354,0,343665,1753500,0,53301
20251029,1522,堤維西,50.0,50.0,49.0,49.65,-,0.35,4538568,224071250.0,-745033,-2773,-8372,332000,0,8266,1077033,2773,16638
20251029,3715,定穎投控,95.5,97.5,94.0,95.2,+,0.1,20828632,1996980382.0,-722842,-90000,53118,5328158,0,360034,6051000,90000,306916
20251029,6209,今國光,43.2,44.2,42.65,43.6,+,0.6,3671070,159328404.0,-763000,0,-3583,651000,0,2332,1414000,0,5915
20251029,8016,矽創,210.5,210.5,203.5,203.5,-,4.5,1215108,249447923.0,-556700,-199000,-23000,198300,0,24000,755000,199000,47000
20251029,1519,華城,622.0,622.0,604.0,604.0,-,14.0,3583436,2188951275.0,-819423,0,-68636,594330,0,37951,1413753,0,106587
20251029,8150,南茂,35.05,35.2,34.05,34.1,-,1.5,15143898,522376388.0,-774000,0,-126294,4088000,0,202749,4862000,0,329043
20251029,00894,中信小資高價30,27.05,27.1,26.9,27.08,+,0.29,1929847,52169386.0,-12000,0,-889649,99000,0,213398,111000,0,1103047
20251029,2329,華泰,49.3,50.2,48.0,48.0,-,0.5,10150152,496341030.0,-987199,0,68513,2179801,0,178738,3167000,0,110225
20251029,2379,瑞昱,528.0,529.0,516.0,516.0,-,1.0,2083586,1086315946.0,-670603,-166000,-86438,756567,6000,30000,1427170,172000,116438
20251029,2363,矽統,57.3,57.8,56.6,56.6,-,0.7,6677809,380788135.0,-875587,0,-57963,418913,0,85000,1294500,0,142963
20251029,2439,美律,101.0,101.0,99.8,100.0,-,1.0,2408984,241451228.0,-837030,-111349,5722,687000,0,26000,1524030,111349,20278
20251029,2014,中鴻,15.4,15.4,15.05,15.15,-,0.25,6504002,98561775.0,-804000,0,-140595,1119000,0,15000,1923000,0,155595
20251029,3576,聯合再生,7.09,7.13,6.69,6.99,-,0.11,14704674,101346578.0,-1004321,0,7989,2918679,0,8000,3923000,0,11
20251029,2342,茂矽,38.15,38.45,36.5,37.0,-,0.9,8567583,318257713.0,-939083,0,-69806,701000,0,4000,1640083,0,73806
20251029,2027,大成鋼,37.6,37.7,36.85,36.85,-,0.55,17141916,634280377.0,-348636,-73000,-604004,4987938,0,73000,5336574,73000,677004
20251029,3015,全漢,61.5,62.2,59.8,60.5,+,1.0,5938974,363364897.0,-1157000,127395,-3767,596000,127395,25199,1753000,0,28966
20251029,3135,凌航,48.55,48.55,46.3,48.4,-,0.1,3032704,144379913.0,-1044015,0,0,273000,0,0,1317015,0,0
20251029,1402,遠東新,27.15,27.2,27.05,27.05,,0.0,3803546,103156820.0,-597497,-340000,-120001,1625909,54000,32000,2223406,394000,152001
20251029,1909,榮成,9.75,9.76,9.62,9.66,-,0.07,2450124,23680654.0,-1073808,0,4980,223000,0,8000,1296808,0,3020
20251029,00949,復華日本龍頭,18.06,18.06,17.92,17.92,-,0.19,1987314,35743349.0,-256000,0,-828954,0,0,485000,256000,0,1313954
20251029,3702,大聯大,61.8,62.3,61.4,61.5,,0.0,5432744,334753913.0,1090932,-1871000,-312207,3589201,8000,141432,2498269,1879000,453639
20251029,2368,金像電,432.0,438.0,413.5,416.0,-,6.5,7625182,3236010562.0,-729146,-638000,232663,2045313,294000,411352,2774459,932000,178689
20251029,3034,聯詠,406.5,410.0,403.0,403.0,-,3.0,2872117,1164408145.0,-703794,-305962,-133142,949911,31000,154000,1653705,336962,287142
20251029,3694,海華,72.8,76.6,72.8,76.5,+,4.3,3752647,283832766.0,-1301280,104000,35977,707000,104000,41301,2008280,0,5324
20251029,2369,菱生,21.4,21.6,20.6,20.7,-,0.8,7283540,152235327.0,-992000,0,-199196,732000,0,3722,1724000,0,202918
20251029,3376,新日興,212.0,213.0,207.5,209.0,-,1.0,3596314,754218616.0,165000,-1318000,-45025,1300000,0,86270,1135000,1318000,131295
20251029,2486,一詮,78.5,78.6,75.0,75.0,-,3.0,7316978,557314868.0,-1136704,0,-66605,450476,0,174397,1587180,0,241002
20251029,00757,統一FANG+,123.9,124.45,123.7,124.45,+,2.25,2693073,334325289.0,-155028,0,-1064406,20081,0,363210,175109,0,1427616
20251029,6919,康霈*,163.5,163.5,151.0,151.0,-,11.0,11350960,1753600045.0,-1251198,0,9999,1987960,0,9999,3239158,0,0
20251029,2801,彰銀,20.05,20.05,19.95,19.95,,0.0,11951403,238788605.0,-189624,-1230000,151000,3773376,0,151000,3963000,1230000,0
20251029,1513,中興電,149.5,150.5,148.0,148.0,-,1.5,5022691,747242450.0,-1266158,-9000,302,1429842,0,23000,2696000,9000,22698
20251029,1319,東陽,98.8,99.4,96.7,96.7,-,1.5,3131829,304997886.0,-581000,-538000,-169555,783000,0,36000,1364000,538000,205555
20251029,2457,飛宏,32.35,32.9,31.3,31.4,-,0.95,16253297,517403832.0,-1137959,0,-176229,2195461,0,94448,3333420,0,270677
20251029,2474,可成,200.0,200.5,198.5,199.5,-,1.0,2722339,542571941.0,-817700,-403187,-125038,510300,3000,93962,1328000,406187,219000
20251029,3006,晶豪科,90.2,90.4,87.0,87.6,-,2.2,14931042,1315049810.0,-1186791,0,-200215,3258209,0,414201,4445000,0,614416
20251029,2498,宏達電,52.4,52.9,51.3,51.3,-,1.0,9130008,472952081.0,-1049499,0,-344752,1902501,0,148000,2952000,0,492752
20251029,3090,日電貿,99.1,102.5,93.0,93.5,-,4.5,13977077,1345321186.0,-905500,-93000,-405588,2923000,0,95848,3828500,93000,501436
20251029,2105,正新,32.2,32.75,32.15,32.25,+,0.1,5709096,185194588.0,-208000,-736000,-480444,3146000,0,126429,3354000,736000,606873
20251029,8039,台虹,63.8,64.1,61.2,61.4,-,2.0,5932112,367601150.0,-1392350,-5000,-40122,900058,0,116104,2292408,5000,156226
20251029,1560,中砂,316.0,319.0,309.5,309.5,-,3.5,3210113,999531583.0,-1066000,-358000,-18017,238000,1000,22806,1304000,359000,40823
20251029,3704,合勤控,34.6,36.9,34.6,36.05,+,1.65,12880697,467375874.0,-1556473,0,3874,2634527,0,18000,4191000,0,14126
20251029,9802,鈺齊-KY,99.9,99.9,97.4,98.6,-,0.8,2438680,238895160.0,-1098078,-506000,6127,330000,0,32000,1428078,506000,25873
20251029,3032,偉訓,92.0,98.7,92.0,96.8,+,7.0,7856752,762715427.0,-1820255,0,196553,1190000,0,229685,3010255,0,33132
20251029,4722,國精化,180.0,193.5,178.5,180.5,+,4.0,7525566,1394291240.0,-1655460,0,-11374,1239900,0,28080,2895360,0,39454
20251029,1301,台塑,39.8,39.85,39.15,39.15,-,0.55,9282843,364701205.0,-1647100,19000,-54209,2041900,19000,127000,3689000,0,181209
20251029,1102,亞泥,36.6,36.7,36.15,36.2,-,0.3,5833505,211494525.0,-657841,-469000,-592409,3380000,0,53000,4037841,469000,645409
20251029,00752,中信中國50,27.37,27.39,27.29,27.35,+,0.03,3127613,85496805.0,-135000,0,-1630931,11000,0,338000,146000,0,1968931
20251029,5871,中租-KY,106.0,107.0,104.0,104.5,-,1.0,4446187,468715306.0,-1669352,-76000,-61238,1426860,27000,16337,3096212,103000,77575
20251029,00910,第一金太空衛星,41.88,41.97,41.86,41.91,-,0.79,3514330,147295007.0,28556,0,-1876253,28556,0,95000,0,0,1971253
20251029,1210,大成,53.0,53.1,51.7,52.2,-,1.0,5039276,262641281.0,-1381510,-417000,-59471,966490,0,49000,2348000,417000,108471
20251029,2455,全新,149.5,150.5,140.5,144.0,-,5.0,7536135,1087982232.0,-565000,-1416000,-4437,2782000,11000,191000,3347000,1427000,195437
20251029,00830,國泰費城半導體,56.95,57.55,56.95,57.5,+,1.15,6076329,348544671.0,-1019131,0,-986000,269321,0,1392000,1288452,0,2378000
20251029,00965,元大航太防衛科技,23.27,23.38,23.25,23.27,,0.0,7268666,169314444.0,-290900,-3000000,1264825,21100,0,3031000,312000,3000000,1766175
20251029,4906,正文,26.6,27.25,26.5,26.8,+,0.35,8766671,236177406.0,-2285000,0,-23363,1649000,0,76588,3934000,0,99951
20251029,2408,南亞科,132.0,136.5,125.5,133.0,+,3.0,194530568,25581052285.0,141263,325000,-2860471,53923730,362000,2018097,53782467,37000,4878568
20251029,2347,聯強,58.4,58.5,57.4,58.2,,0.0,5851874,338475327.0,-1270000,-1171000,-58549,2047000,6000,403000,3317000,1177000,461549
20251029,2454,聯發科,1305.0,1330.0,1300.0,1300.0,-,15.0,8508525,11154372075.0,-2396199,-211544,68346,3561694,205000,163758,5957893,416544,95412
20251029,2402,毅嘉,50.6,54.7,50.6,54.0,+,3.5,17606958,939096783.0,-3514000,147000,816611,2518000,147000,859176,6032000,0,42565
20251029,00662,富邦NASDAQ,102.2,102.55,102.1,102.5,+,1.1,3815676,390744745.0,-1129568,0,-1425729,64552,0,100000,1194120,0,1525729
20251029,2633,台灣高鐵,27.4,27.6,27.3,27.5,+,0.1,3919045,107421932.0,-2582000,0,20053,469000,0,24092,3051000,0,4039
20251029,1608,華榮,32.25,32.35,31.5,31.8,-,0.8,5464138,173956305.0,-2811000,0,-6397,337000,0,5540,3148000,0,11937
20251029,2351,順德,96.0,96.4,88.0,90.0,-,4.8,12761752,1166679067.0,-2377880,0,-447595,1951120,0,58307,4329000,0,505902
20251029,2884,玉山金,30.05,30.3,29.95,30.2,+,0.2,137942848,4145032273.0,-630368,-3457000,1250154,56879471,48000,1323458,57509839,3505000,73304
20251029,2515,中工,14.1,14.75,13.5,14.75,+,1.3,114952666,1633546490.0,-3377450,0,436713,27297050,0,865165,30674500,0,428452
20251029,2892,第一金,28.65,28.85,28.6,28.65,+,0.05,12042743,345217787.0,-2302972,-995000,75123,5812828,49000,138000,8115800,1044000,62877
20251029,2812,台中銀,21.9,21.95,21.7,21.75,-,0.1,9497959,206643930.0,-3532771,0,64000,1082302,0,126000,4615073,0,62000
20251029,8021,尖點,121.5,128.0,113.0,114.0,-,8.0,68083196,8195982163.0,-3454176,66000,-84689,10805580,66000,120000,14259756,0,204689
20251029,2308,台達電,1075.0,1085.0,1035.0,1060.0,-,15.0,13037322,13797339315.0,-3852185,202000,92598,4057356,215000,422726,7909541,13000,330128
20251029,5876,上海商銀,40.5,40.5,40.0,40.0,-,0.25,6657023,266843059.0,-2241150,-708000,-821153,1978850,4000,56000,4220000,712000,877153
20251029,2374,佳能,88.4,89.2,85.0,85.8,-,1.7,24697283,2138122531.0,-3610782,0,-243094,2918352,0,28858,6529134,0,271952
20251029,6213,聯茂,115.5,115.5,111.5,114.5,+,2.0,17273618,1957964773.0,-4028577,69000,-218012,2132543,69000,296416,6161120,0,514428
20251029,4938,和碩,77.2,79.8,76.8,76.9,+,0.9,22401081,1745446400.0,-2752400,-1175000,-378621,6170200,159000,483781,8922600,1334000,862402
20251029,2481,強茂,93.2,94.2,85.0,85.1,-,6.7,50026797,4393684245.0,2135063,-4698000,-1767151,13755600,0,385945,11620537,4698000,2153096
20251029,2312,金寶,23.5,25.15,23.4,23.65,+,0.6,92566451,2225737222.0,-5367750,0,1025346,18692250,0,2621881,24060000,0,1596535
20251029,6191,精成科,109.5,114.5,109.0,112.0,+,3.5,16433912,1841743919.0,-4994333,31000,469844,2750520,31000,590385,7744853,0,120541
20251029,2492,華新科,141.5,144.5,130.5,131.5,-,6.5,42168472,5677601521.0,-4177082,1000,-418098,7494068,1000,607289,11671150,0,1025387
20251029,2377,微星,109.5,114.0,109.0,112.0,+,4.0,14989097,1681803667.0,-4887817,-356000,89005,3346783,3000,331913,8234600,359000,242908
20251029,5880,合庫金,23.95,24.05,23.85,23.85,-,0.1,11645735,278217120.0,-5582180,48000,149000,2638181,48000,155000,8220361,0,6000
20251029,2371,大同,36.2,36.4,35.35,35.35,-,0.45,20124056,720698266.0,-5096810,-50000,-546888,2969190,0,142070,8066000,50000,688958
20251029,1717,長興,43.1,43.5,41.65,42.5,-,0.3,34405531,1466763502.0,-6250702,0,434477,4901298,0,530000,11152000,0,95523
20251029,1409,新纖,14.6,14.7,13.9,13.9,-,0.4,14452956,205145641.0,-6634000,0,-824,1869000,0,28000,8503000,0,28824
20251029,1101,台泥,22.8,22.85,22.5,22.55,-,0.25,22251060,502533927.0,-6525680,0,-145671,4501321,0,112999,11027001,0,258670
20251029,9105,泰金寶-DR,6.55,6.85,6.42,6.43,-,0.06,54479978,359312950.0,-6935000,0,37396,12401000,0,71727,19336000,0,34331
20251029,2353,宏碁,30.95,31.4,30.3,30.3,-,0.5,19825899,609400842.0,-7478275,-1270000,-351173,4148725,14000,442143,11627000,1284000,793316
20251029,2002,中鋼,18.95,18.95,18.7,18.75,-,0.2,19031654,357538160.0,-9260010,51000,100280,3467000,51000,184000,12727010,0,83720
20251029,1504,東元,117.0,117.5,113.0,114.5,-,1.5,49636237,5715129201.0,-8609585,-827000,206360,12253415,0,1318604,20863000,827000,1112244
20251029,2618,長榮航,36.25,36.55,36.25,36.25,,0.0,22794198,827479824.0,-5985877,-2357000,-1243404,4904835,76000,186000,10890712,2433000,1429404
20251029,1605,華新,31.0,31.1,30.4,30.4,-,0.55,54014273,1654937135.0,-8911476,0,-1269136,7274524,0,698192,16186000,0,1967328
20251029,2409,友達,13.1,13.2,13.0,13.05,-,0.05,37010137,484305426.0,-12285376,29000,36834,12924224,29000,130834,25209600,0,94000
20251029,2610,華航,20.2,20.25,20.0,20.05,-,0.1,28473835,571704854.0,-11774561,-517000,-919,3562489,61000,123000,15337050,578000,123919
20251029,00712,復華富時不動產,8.81,8.81,8.77,8.78,-,0.07,25480417,223671478.0,-9478000,0,-2896622,250000,0,1595999,9728000,0,4492621
20251029,2327,國巨*,254.0,262.0,243.0,247.5,+,1.5,85182212,21240241034.0,-14306539,-68000,-611270,18523305,249000,913456,32829844,317000,1524726
20251029,1802,台玻,29.2,29.3,27.95,28.15,-,0.8,53016040,1504794966.0,-14710000,0,-952555,5345000,0,593945,20055000,0,1546500
20251029,6282,康舒,49.0,50.3,46.0,46.85,+,0.2,144160995,6937097345.0,-18051050,0,-151760,27021550,0,4289135,45072600,0,4440895
20251029,2324,仁寶,35.25,36.15,34.45,34.55,+,0.05,92805912,3261754230.0,-16008914,-2070000,-3446457,18553062,21000,1549247,34561976,2091000,4995704
