tradeDate,stockCode,stockName,openPrice,highPrice,lowPrice,closePrice,changeSign,change,totalShares,totalAmount,foreignNetShares,investmentNetShares,dealerNetShares,foreignBuyShares,investmentBuyShares,dealerBuyShares,foreignSellShares,investmentSellShares,dealerSellShares
20251226,1605,華新,32.6,33.7,32.45,33.45,+,1.8,201756824,6703778205.0,50120962,4306000,230465,79621247,4350000,4146510,29500285,44000,3916045
20251226,2867,三商壽,7.97,8.04,7.89,8.04,+,0.08,42197511,337553618.0,29635000,0,3362000,33143000,0,3362000,3508000,0,0
20251226,0050,元大台灣50,64.2,64.5,64.1,64.4,+,0.55,70816194,4556213637.0,21780795,0,7341837,22220549,0,11013920,439754,0,3672083
20251226,2884,玉山金,33.65,34.15,33.2,34.15,+,0.2,91774406,3110186174.0,-45935135,65762000,577128,7138865,66019000,1927976,53074000,257000,1350848
20251226,00900,富邦特選高股息30,13.7,13.79,13.67,13.79,+,0.12,23399288,321636747.0,3973000,200000,16172281,4158000,200000,16761281,185000,0,589000
20251226,3006,晶豪科,98.2,106.0,98.0,105.0,+,8.6,57458055,5926860410.0,15028530,0,1426477,23472730,0,1871351,8444200,0,444874
20251226,00940,元大台灣價值高息,9.25,9.28,9.23,9.25,+,0.01,21528209,199138280.0,2463300,0,13380699,2502300,0,14368531,39000,0,987832
20251226,0052,富邦科技,36.8,36.91,36.7,36.89,+,0.34,26413506,972703100.0,3320594,0,11367549,3345101,0,12024736,24507,0,657187
20251226,3045,台灣大,107.5,111.5,107.0,111.5,+,3.0,37964160,4175237903.0,-7308123,24196000,-2200374,3584877,25476000,354137,10893000,1280000,2554511
20251226,00919,群益台灣精選高息,22.55,22.58,22.43,22.48,-,0.02,41987193,943897060.0,9036825,0,5394832,9393825,0,8953000,357000,0,3558168
20251226,2609,陽明,55.4,56.2,55.2,56.1,+,0.8,24393607,1363966069.0,12611960,-23000,-59440,16612000,0,314560,4000040,23000,374000
20251226,2009,第一銅,46.4,49.5,46.35,49.5,+,4.5,36375315,1782899743.0,12045000,0,480612,15648000,0,574176,3603000,0,93564
20251226,8422,可寧衛*,24.45,26.95,24.35,26.65,+,2.15,64045354,1663679387.0,-1494283,14055000,-499926,16033352,14058000,389252,17527635,3000,889178
20251226,2610,華航,19.95,20.25,19.95,20.05,+,0.15,25191568,506943776.0,9967755,0,521433,17013877,1236000,743433,7046122,1236000,222000
20251226,2002,中鋼,18.6,18.85,18.6,18.85,+,0.3,18595368,349183379.0,8056000,0,940657,9412000,0,940657,1356000,0,0
20251226,5907,大洋-KY,5.67,5.67,5.5,5.59,-,0.09,19194959,100869207.0,8603000,0,0,18398000,0,0,9795000,0,0
20251226,2880,華南金,31.8,32.45,31.45,32.35,+,0.35,53905017,1731057365.0,-31142410,38653000,559132,4892917,44691000,580132,36035327,6038000,21000
20251226,2603,長榮,189.0,192.0,188.0,191.0,+,2.5,14515540,2767986027.0,3396044,3974000,494304,6497079,3979000,593756,3101035,5000,99452
20251226,00712,復華富時不動產,9.17,9.21,9.17,9.18,+,0.04,14673587,134819635.0,6417000,0,1202698,6417000,0,2685999,0,0,1483301
20251226,2329,華泰,54.4,56.6,54.4,56.6,+,5.1,38347803,2159249509.0,7172350,0,414691,8664000,0,673476,1491650,0,258785
20251226,00922,國泰台灣領袖50,25.43,25.52,25.37,25.48,+,0.16,11098317,282565391.0,4035700,0,3450705,4041000,0,4663937,5300,0,1213232
20251226,00939,統一台灣高息動能,14.67,14.71,14.62,14.65,+,0.03,7869698,115435814.0,1384000,0,5396334,1453000,0,5610347,69000,0,214013
20251226,1608,華榮,37.65,40.1,37.6,39.5,+,2.45,35323471,1382462734.0,5856660,-2000,699757,11832000,0,891410,5975340,2000,191653
20251226,00929,復華台灣科技優息,17.95,18.01,17.85,17.89,+,0.01,11425512,204612713.0,1941316,0,4550691,2322316,0,5258986,381000,0,708295
20251226,1216,統一,77.9,80.5,77.2,80.5,+,2.1,27059373,2150984180.0,-12744340,19313000,-638347,3679508,19412000,292350,16423848,99000,930697
20251226,3189,景碩,145.5,157.0,144.5,153.0,+,9.0,23900388,3637071817.0,4960502,18000,825275,9064226,20000,915277,4103724,2000,90002
20251226,1101,台泥,22.6,22.9,22.5,22.8,+,0.2,12661518,287955998.0,5242422,0,473673,6554000,0,627907,1311578,0,154234
20251226,00918,大華優利高填息30,22.5,22.54,22.45,22.48,+,0.02,10936511,245994281.0,2248000,0,3181790,2270000,0,3200352,22000,0,18562
20251226,6257,矽格,101.5,111.0,101.5,109.5,+,8.5,29410974,3176018447.0,6520626,-3173000,1961647,10981126,0,2148522,4460500,3173000,186875
20251226,00713,元大台灣高息低波,50.65,51.0,50.55,50.95,+,0.3,7472077,379793369.0,1634545,-125000,3364901,1651545,0,3525404,17000,125000,160503
20251226,2485,兆赫,28.8,29.3,27.7,28.2,-,0.5,27880846,792689083.0,4582990,0,115873,7782000,0,283000,3199010,0,167127
20251226,3231,緯創,146.0,146.5,145.5,146.5,+,1.0,13976922,2040986659.0,4740306,-1008000,568069,6393326,57000,687763,1653020,1065000,119694
20251226,00878,國泰永續高股息,21.6,21.62,21.52,21.57,-,0.03,29157524,628640924.0,31683,0,4067625,192833,0,7038615,161150,0,2970990
20251226,2406,國碩,26.45,27.4,26.45,27.3,+,0.85,17150301,464405231.0,3647000,0,307,6930000,0,1000,3283000,0,693
20251226,1303,南亞,58.8,59.2,57.5,57.5,-,0.6,37995984,2204976767.0,3782488,-82000,-124446,9653188,0,314000,5870700,82000,438446
20251226,00891,中信關鍵半導體,19.43,19.54,19.41,19.48,+,0.16,6750160,131412988.0,2189000,0,1373128,2660000,0,2206104,471000,0,832976
20251226,00881,國泰台灣科技龍頭,32.23,32.25,32.06,32.22,+,0.27,7148841,230124325.0,1145000,0,2152981,1831000,0,2574397,686000,0,421416
20251226,3167,大量,227.0,242.0,226.5,240.0,+,16.0,16584522,3934890638.0,3107690,93000,24873,6100250,93000,83873,2992560,0,59000
20251226,2303,聯電,49.85,50.1,49.55,49.95,+,0.3,40876819,2035954566.0,21778093,-18839749,207504,25623574,5971000,695862,3845481,24810749,488358
20251226,2014,中鴻,15.7,16.0,15.65,15.95,+,0.4,8172716,129862343.0,2977000,0,102379,3990000,0,351379,1013000,0,249000
20251226,2330,台積電,1505.0,1510.0,1495.0,1510.0,+,15.0,20806344,31326715665.0,2076306,406000,487632,4821316,520000,1094863,2745010,114000,607231
20251226,00941,中信上游半導體,17.42,17.51,17.42,17.48,+,0.1,3640801,63685000.0,2831000,0,114500,2831000,0,333500,0,0,219000
20251226,00902,中信電池及儲能,13.18,13.48,13.18,13.4,+,0.25,5545240,73922172.0,2846000,0,20809,2862000,0,1359340,16000,0,1338531
20251226,1609,大亞,38.55,39.3,38.5,38.85,+,0.85,9384298,365804556.0,2951691,-240000,74107,4123713,0,83823,1172022,240000,9716
20251226,2615,萬海,79.6,80.3,78.7,79.8,+,1.1,6551229,522129490.0,2622191,-2000,100466,3795191,0,148832,1173000,2000,48366
20251226,1528,恩德,19.5,20.05,19.5,20.05,+,1.8,17060095,338953196.0,2635000,0,25495,3127000,0,33495,492000,0,8000
20251226,00965,元大航太防衛科技,23.0,23.06,22.94,22.94,-,0.01,5220277,120030436.0,1882504,-300000,1024902,1930504,0,1384000,48000,300000,359098
20251226,2618,長榮航,36.5,36.8,36.45,36.45,-,0.05,15289387,559711169.0,5340470,-3062000,279592,8702470,0,292592,3362000,3062000,13000
20251226,00927,群益半導體收益,21.15,21.25,21.09,21.19,+,0.2,3143391,66496549.0,626000,0,1695016,626000,0,2148044,0,0,453028
20251226,6443,元晶,27.6,29.3,27.1,29.1,+,2.3,22574925,643324993.0,1811800,0,489000,2116000,0,607000,304200,0,118000
20251226,00961,FT臺灣永續高息,9.41,9.43,9.37,9.4,+,0.01,2505947,23555053.0,549000,0,1720872,549000,0,1723000,0,0,2128
20251226,00757,統一FANG+,119.85,119.95,119.45,119.55,,0.0,3470498,415034924.0,643666,0,1622007,643666,0,1673000,0,0,50993
20251226,2606,裕民,61.0,62.0,60.5,62.0,+,1.0,6630083,408100414.0,-1666946,3903000,17818,916696,3908000,69513,2583642,5000,51695
20251226,2449,京元電子,220.5,225.5,220.5,223.0,+,4.0,11160586,2490799415.0,2601668,-662000,139088,5177104,0,382765,2575436,662000,243677
20251226,3450,聯鈞,268.0,280.0,268.0,273.0,+,7.0,21486956,5875101927.0,1785203,-1000,198265,6584308,0,448685,4799105,1000,250420
20251226,8150,南茂,46.8,48.75,46.25,48.0,+,2.3,49373834,2351035377.0,-493070,0,2363276,13024000,0,2665781,13517070,0,302505
20251226,2637,慧洋-KY,68.3,69.3,68.2,69.3,+,1.3,2939443,202634559.0,1729000,-6000,42239,2384000,0,44239,655000,6000,2000
20251226,2323,中環,10.5,10.55,10.4,10.5,,0.0,4225899,44266649.0,1657000,0,37000,2484000,0,55000,827000,0,18000
20251226,2371,大同,31.8,32.05,31.55,31.9,+,0.35,19893454,631666981.0,9716461,-8833000,766164,12552462,0,818164,2836001,8833000,52000
20251226,2605,新興,26.2,26.4,25.8,26.3,+,0.15,4417559,115512576.0,1525147,0,70537,2340147,0,152591,815000,0,82054
20251226,2413,環科,39.1,42.55,38.7,42.55,+,3.85,23476631,964987564.0,1538000,0,-4514,5282000,0,486,3744000,0,5000
20251226,2324,仁寶,30.2,30.45,29.9,30.0,,0.0,15634578,470112849.0,8572518,-7144000,88428,11403518,303000,227173,2831000,7447000,138745
20251226,00896,中信綠能及電動車,18.81,18.91,18.81,18.85,+,0.09,2486890,46889502.0,521000,0,911587,554000,0,1433059,33000,0,521472
20251226,2492,華新科,116.5,117.0,115.0,116.5,+,1.0,2919100,339137080.0,1290000,-1000,-39396,1532000,0,16907,242000,1000,56303
20251226,2515,中工,13.45,13.6,13.2,13.5,+,0.15,8831939,118591383.0,902959,0,316870,4655000,0,321000,3752041,0,4130
20251226,6213,聯茂,115.0,115.5,113.0,115.5,+,2.0,5197318,595693131.0,1121038,0,93277,2173038,0,137458,1052000,0,44181
20251226,1314,中石化,7.9,7.93,7.83,7.83,-,0.05,8926899,70272390.0,1211000,0,-5927,3108000,0,14000,1897000,0,19927
20251226,6239,力成,169.5,180.0,166.5,175.0,+,10.5,33706193,5860744817.0,2454529,-2757000,1506377,10653471,1024000,2052267,8198942,3781000,545890
20251226,3060,銘異,33.7,35.0,33.35,34.5,+,1.05,16759079,575851086.0,1195000,0,1738,4368000,0,4000,3173000,0,2262
20251226,6209,今國光,66.5,68.6,65.8,67.8,+,1.6,13707879,926559485.0,1190000,0,1777,4313000,0,5000,3123000,0,3223
20251226,00936,台新永續高息中小,16.02,16.03,15.95,15.97,-,0.01,1407145,22507762.0,201000,0,964831,202000,0,1005431,1000,0,40600
20251226,6177,達麗,52.8,53.9,52.5,53.3,+,0.9,3281759,175122452.0,1739113,-621000,24072,2188113,0,89208,449000,621000,65136
20251226,2646,星宇航空,23.8,24.2,23.8,24.05,+,0.35,5605890,134781969.0,1101970,0,32000,2021073,0,36000,919103,0,4000
20251226,00935,野村臺灣新科技50,29.56,29.73,29.55,29.68,+,0.25,1970161,58412348.0,441070,0,673277,448070,0,851996,7000,0,178719
20251226,00915,凱基優選高股息30,23.05,23.05,22.88,22.9,-,0.15,3805956,87275748.0,-624000,0,1717110,40000,0,2237916,664000,0,520806
20251226,00905,FT臺灣Smart,17.14,17.21,17.13,17.17,+,0.1,1523636,26157197.0,35030,0,1054646,35030,0,1070819,0,0,16173
20251226,00960,野村全球航運龍頭,14.3,14.39,14.3,14.37,+,0.07,1563816,22443680.0,548000,0,534000,555000,0,914000,7000,0,380000
20251226,4904,遠傳,87.5,89.0,87.2,88.6,+,1.4,5281792,467498230.0,3117192,-2056000,16647,3963192,0,33000,846000,2056000,16353
20251226,2537,聯上發,12.25,12.5,12.05,12.4,+,0.1,3001268,36905010.0,1060000,0,-1000,1397000,0,2000,337000,0,3000
20251226,00951,台新日本半導體,11.35,11.52,11.35,11.48,+,0.19,2182341,25025745.0,900000,0,112035,903000,0,281495,3000,0,169460
20251226,2542,興富發,40.2,40.2,39.7,40.05,+,0.1,3766915,150602296.0,1118066,-99000,-35903,1769066,0,10922,651000,99000,46825
20251226,2034,允強,20.7,21.05,20.7,20.9,+,0.25,2474383,51780107.0,921000,0,37002,1111000,0,37002,190000,0,0
20251226,3701,大眾控,48.75,52.9,46.8,52.3,+,3.6,34046401,1668235639.0,935000,0,-21916,5764000,0,16496,4829000,0,38412
20251226,00964,中信亞太高股息,11.5,11.52,11.49,11.5,+,0.03,1415506,16279579.0,669000,0,233000,669000,0,349000,0,0,116000
20251226,2614,東森,23.35,23.95,23.2,23.3,+,0.1,3052443,72230561.0,853000,-4000,25000,1225000,0,25000,372000,4000,0
20251226,5880,合庫金,24.55,24.6,24.4,24.5,-,0.05,5765519,141206063.0,853837,-8000,23982,2198837,0,24000,1345000,8000,18
20251226,3017,奇鋐,1505.0,1520.0,1495.0,1520.0,+,20.0,2493370,3757314985.0,847549,-10000,27763,1310747,20000,100781,463198,30000,73018
20251226,00954,中信日本半導體,12.19,12.33,12.19,12.28,+,0.17,1361368,16688780.0,351000,0,487290,352000,0,627685,1000,0,140395
20251226,00909,國泰數位支付服務,40.3,40.56,40.29,40.56,+,0.43,3074710,124193847.0,1641213,0,-811721,1642102,0,250101,889,0,1061822
20251226,2258,鴻華先進-創,42.5,44.25,42.4,43.4,+,2.85,3976153,172566931.0,814000,0,-5390,1399000,0,10370,585000,0,15760
20251226,00733,富邦臺灣中小,45.66,46.13,45.66,46.02,+,0.45,1145035,52664554.0,115000,0,666825,118000,0,839262,3000,0,172437
20251226,00894,中信小資高價30,26.98,27.22,26.98,27.18,+,0.34,1463091,39722383.0,118000,0,661098,118000,0,885204,0,0,224106
20251226,6235,華孚,63.7,65.2,63.0,65.0,+,2.0,1868993,119987931.0,755700,-2000,23006,951000,0,24050,195300,2000,1044
20251226,2412,中華電,130.5,131.5,130.5,131.5,+,1.0,2608396,341731200.0,802172,-54000,-37685,1306662,0,27385,504490,54000,65070
20251226,5522,遠雄,82.0,82.0,79.0,80.8,-,0.4,3539336,285355325.0,702448,-25000,31000,2078448,475000,31000,1376000,500000,0
20251226,00923,群益台ESG低碳50,25.58,25.61,25.5,25.6,+,0.16,2583757,66089250.0,23000,-1000000,1672699,33000,0,1743609,10000,1000000,70910
20251226,1102,亞泥,36.45,37.05,36.4,36.7,+,0.25,11127471,409443937.0,-7573326,8126000,135036,1790573,8171000,207000,9363899,45000,71964
20251226,9945,潤泰新,30.75,30.9,30.4,30.6,+,0.05,3356469,102963950.0,557000,0,108138,1111000,0,119199,554000,0,11061
20251226,6531,愛普*,420.0,429.0,402.5,412.0,-,5.5,7382313,3046898857.0,781865,-1000,-117728,2319865,7000,89898,1538000,8000,207626
20251226,5876,上海商銀,40.7,40.85,40.6,40.6,-,0.1,2997408,121976664.0,444373,-2000,215367,1813373,0,225000,1369000,2000,9633
20251226,3037,欣興,218.5,224.0,216.5,220.5,+,3.5,16204155,3592520636.0,-135548,309000,474025,4452530,315000,627613,4588078,6000,153588
20251226,00904,台新臺灣半導體30,22.56,22.65,22.53,22.61,+,0.25,1407799,31792857.0,49000,0,596000,53000,0,709000,4000,0,113000
20251226,1514,亞力,102.5,103.5,101.5,103.0,+,1.0,1438883,147460483.0,643281,0,-2569,809281,0,11431,166000,0,14000
20251226,7769,鴻勁,3290.0,3400.0,3290.0,3390.0,+,120.0,970449,3264700135.0,521205,94200,20000,559670,94200,23000,38465,0,3000
20251226,8112,至上,74.8,77.5,74.1,75.3,+,1.0,31458704,2388671696.0,937000,-10012,-292149,8656000,0,456726,7719000,10012,748875
20251226,1513,中興電,150.5,151.0,149.5,150.5,+,1.0,1094278,164549718.0,574059,0,39000,725059,0,42000,151000,0,3000
20251226,2834,臺企銀,16.15,16.15,16.05,16.05,-,0.1,13991763,224845626.0,521000,0,71459,3151000,0,74000,2630000,0,2541
20251226,8103,瀚荃,84.9,88.5,84.7,86.7,+,3.0,1996000,173540722.0,577000,0,0,975000,0,0,398000,0,0
20251226,1618,合機,42.3,44.0,42.3,43.65,+,1.8,1954670,84632615.0,567000,0,6007,722000,0,6007,155000,0,0
20251226,00639,富邦深100,15.22,15.37,15.22,15.3,+,0.12,905846,13880581.0,179000,0,375471,182000,0,438608,3000,0,63137
20251226,2349,錸德,15.0,15.05,14.6,15.0,+,0.4,4757282,70880634.0,528500,0,5000,553500,0,5000,25000,0,0
20251226,2233,宇隆,203.0,210.0,203.0,209.5,+,7.5,1139849,235003743.0,527800,0,-3416,629000,0,14168,101200,0,17584
20251226,2466,冠西電,67.7,70.1,67.0,68.9,+,1.0,3900507,267858377.0,519000,0,0,1068000,0,2000,549000,0,2000
20251226,00926,凱基全球菁英55,23.46,23.46,23.4,23.41,+,0.06,750361,17567028.0,7000,0,499555,7000,0,501000,0,0,1445
20251226,00882,中信中國高股息,15.3,15.3,15.27,15.3,+,0.03,4036605,61729589.0,517000,0,-10785,517000,0,0,0,0,10785
20251226,3008,大立光,2265.0,2400.0,2260.0,2385.0,+,135.0,2122196,4970906575.0,73365,404000,21716,538445,407000,179128,465080,3000,157412
20251226,00944,野村趨勢動能高息,14.44,14.52,14.42,14.5,+,0.09,765754,11087212.0,4000,0,491921,4000,0,731581,0,0,239660
20251226,2441,超豐,87.1,90.4,86.1,88.9,+,2.6,14391662,1278648032.0,-236428,220000,492434,3753572,322000,663159,3990000,102000,170725
20251226,4763,材料*-KY,54.5,55.7,54.5,55.0,+,0.8,6425305,355674551.0,564141,-133000,16908,2294250,0,106319,1730109,133000,89411
20251226,6515,穎崴,2840.0,2895.0,2830.0,2895.0,+,260.0,1349739,3897494560.0,158593,284000,1667,270000,285000,80242,111407,1000,78575
20251226,1503,士電,173.0,174.0,172.5,173.5,+,2.0,870660,150612471.0,373031,-1000,67068,459032,0,78679,86001,1000,11611
20251226,6120,達運,12.5,12.8,12.45,12.65,+,0.1,1699895,21461113.0,433213,0,0,782213,0,0,349000,0,0
20251226,2363,矽統,47.2,47.7,47.2,47.25,+,0.1,1560606,73903027.0,460000,0,-30672,567000,0,9328,107000,0,40000
20251226,3016,嘉晶,51.6,52.8,51.0,52.2,+,1.3,1273308,66202924.0,390000,0,34063,566000,0,38345,176000,0,4282
20251226,2374,佳能,76.3,76.6,75.6,75.8,,0.0,2618661,198863610.0,438000,-4000,-11685,805000,0,3000,367000,4000,14685
20251226,2354,鴻準,61.8,62.0,61.1,61.3,-,0.1,2532050,155597793.0,430386,-1000,-10784,818386,0,22000,388000,1000,32784
20251226,6153,嘉聯益,15.4,15.8,15.4,15.65,+,0.3,2366268,37018074.0,414000,0,-2000,880000,0,2000,466000,0,4000
20251226,00934,中信成長高股息,20.49,20.55,20.46,20.52,+,0.07,1648290,33813395.0,225000,0,185211,231000,0,489333,6000,0,304122
20251226,2360,致茂,780.0,799.0,779.0,789.0,+,18.0,2549833,2017129043.0,310482,55000,42131,1273162,74000,93751,962680,19000,51620
20251226,3706,神達,83.5,83.6,82.6,82.6,,0.0,7212900,598477703.0,1581002,-1101000,-75910,2293002,400000,18000,712000,1501000,93910
20251226,00947,台新臺灣IC設計,18.29,18.3,18.16,18.18,+,0.1,933762,17012729.0,190000,0,213555,249000,0,391774,59000,0,178219
20251226,00971,野村美國研發龍頭,16.23,16.27,16.22,16.23,+,0.04,708423,11500717.0,16000,0,384744,16000,0,392000,0,0,7256
20251226,00952,凱基台灣AI50,11.79,11.81,11.73,11.75,+,0.06,798868,9399533.0,70000,0,328530,70000,0,428242,0,0,99712
20251226,5469,瀚宇博,97.0,97.5,95.9,96.3,-,0.1,3635803,351271818.0,400808,-1000,-1899,1209002,0,9224,808194,1000,11123
20251226,9933,中鼎,31.35,32.0,31.25,31.85,+,0.6,1729750,54744438.0,399594,0,-2482,681594,0,3000,282000,0,5482
20251226,00893,國泰智能電動車,33.0,33.09,33.0,33.05,+,0.12,1541089,50926983.0,937000,0,-543434,937000,0,257134,0,0,800568
20251226,2401,凌陽,20.05,20.2,19.85,20.05,+,0.1,1238361,24742641.0,309980,0,79199,492000,0,84000,182020,0,4801
20251226,2457,飛宏,29.4,29.45,28.9,29.35,+,0.1,2709916,79040741.0,387000,0,-1881,871000,0,37000,484000,0,38881
20251226,00901,永豐智能車供應鏈,24.53,24.62,24.49,24.59,+,0.22,493624,12116202.0,36000,0,343000,36000,0,368000,0,0,25000
20251226,2404,漢唐,934.0,948.0,925.0,941.0,+,16.0,2293866,2155312473.0,655069,-370000,93835,1010069,100000,107604,355000,470000,13769
20251226,2493,揚博,104.0,113.5,101.0,112.5,+,8.5,3827874,413787334.0,276928,0,101934,1232072,0,106972,955144,0,5038
20251226,6781,AES-KY,1295.0,1360.0,1285.0,1350.0,+,65.0,2155585,2866857600.0,261611,67000,44943,617106,130000,91111,355495,63000,46168
20251226,3711,日月光投控,235.0,240.5,233.5,240.5,+,6.0,17100843,4074468275.0,8800189,-8757000,328249,11333814,0,369249,2533625,8757000,41000
20251226,4934,太極,14.1,14.45,14.0,14.2,+,0.05,707589,10120097.0,315000,0,48000,339000,0,50000,24000,0,2000
20251226,3543,州巧,44.5,45.9,43.45,45.1,+,1.2,4225194,189041112.0,365000,0,-2001,1443000,0,0,1078000,0,2001
20251226,2885,元大金,40.1,40.3,39.65,40.0,-,0.1,23638347,944348602.0,15130447,-15094000,321119,17655447,0,415561,2525000,15094000,94442
20251226,3002,歐格,27.0,28.45,26.9,27.9,+,1.2,4668058,129981428.0,357000,0,535,1089000,0,3000,732000,0,2465
20251226,1319,東陽,96.0,96.7,95.4,96.6,+,0.7,1521133,146498560.0,190090,155000,12101,689090,156000,31101,499000,1000,19000
20251226,2331,精英,23.1,23.2,22.65,22.85,-,0.15,3926236,90036212.0,396000,0,-44805,1475000,0,46000,1079000,0,90805
20251226,6133,金橋,21.3,21.95,21.3,21.75,+,0.45,2372757,51598514.0,341000,0,0,693000,0,0,352000,0,0
20251226,00910,第一金太空衛星,44.6,44.6,44.47,44.5,-,0.15,1458050,64902622.0,114000,0,225668,129000,0,292000,15000,0,66332
20251226,00907,永豐優息存股,15.3,15.33,15.28,15.31,+,0.01,684237,10469474.0,25000,0,302272,25000,0,537000,0,0,234728
20251226,3049,精金,7.27,7.4,7.27,7.36,+,0.03,1030192,7551070.0,321000,0,1991,402000,0,2000,81000,0,9
20251226,6472,保瑞,495.0,505.0,495.0,497.5,+,5.0,733627,367206332.0,372719,-61000,9361,486719,0,16866,114000,61000,7505
20251226,6831,邁科,259.0,283.0,255.0,283.0,+,25.0,2238773,603611334.0,306000,0,14917,473000,0,15284,167000,0,367
20251226,1727,中華化,43.95,45.6,43.65,44.0,-,0.4,9121626,407070627.0,319000,0,-33,2238000,0,4000,1919000,0,4033
20251226,2342,茂矽,29.05,29.55,28.7,29.1,+,0.25,891434,25933998.0,318000,0,-68,423000,0,0,105000,0,68
20251226,2436,偉詮電,48.1,48.7,47.7,48.5,+,0.75,1058919,50975919.0,305000,0,10059,425000,0,11130,120000,0,1071
20251226,2540,愛山林,52.0,53.4,51.6,52.7,+,0.7,1148737,60554121.0,311203,-3000,5600,498203,0,6000,187000,3000,400
20251226,00762,元大全球AI,83.65,83.95,83.6,83.85,+,0.3,727937,60950869.0,60225,0,253386,60225,0,363699,0,0,110313
20251226,8033,雷虎,145.0,146.0,141.0,146.0,+,1.0,4715168,676137474.0,328050,0,-15932,976050,0,11000,648000,0,26932
20251226,3019,亞光,139.0,139.5,137.0,138.5,,0.0,1523048,210247107.0,298995,0,8921,524995,0,19000,226000,0,10079
20251226,2419,仲琦,25.1,25.1,24.5,24.7,-,0.15,1088044,26886708.0,300000,0,2053,460000,0,2053,160000,0,0
20251226,3532,台勝科,92.9,94.4,91.9,93.7,+,1.6,958431,89657033.0,287000,0,13084,427000,0,22587,140000,0,9503
20251226,2399,映泰,26.3,26.95,25.75,26.35,+,0.35,15713697,417370758.0,294000,0,4063,2896000,0,12000,2602000,0,7937
20251226,2845,遠東銀,12.9,12.95,12.85,12.9,,0.0,2752612,35572258.0,271000,0,20000,890000,0,20000,619000,0,0
20251226,00752,中信中國50,25.95,26.16,25.95,26.11,+,0.17,597864,15573180.0,280000,0,10481,280000,0,24000,0,0,13519
20251226,2645,長榮航太,148.0,150.0,146.0,147.5,+,1.0,5043902,747957437.0,-2316974,2539000,66198,914026,2539000,73904,3231000,0,7706
20251226,00932,兆豐永續高息等權,14.23,14.25,14.16,14.19,-,0.01,447523,6358287.0,84000,0,201868,84000,0,217000,0,0,15132
20251226,9955,佳龍,31.5,31.85,31.25,31.55,+,0.55,1137237,35936399.0,283000,0,0,459000,0,0,176000,0,0
20251226,1721,三晃,12.95,13.95,12.75,13.95,+,1.2,5409262,72478135.0,280000,0,-968,977000,0,1336,697000,0,2304
20251226,3058,立德,10.7,10.75,10.5,10.5,,0.0,640161,6791860.0,271000,0,2000,283000,0,4000,12000,0,2000
20251226,00949,復華日本龍頭,18.38,18.46,18.37,18.38,+,0.04,911467,16804212.0,7000,0,265863,7000,0,568669,0,0,302806
20251226,2495,普安,31.8,32.3,31.05,31.75,+,0.35,13729799,437780605.0,258030,0,12591,2676030,0,19000,2418000,0,6409
20251226,6139,亞翔,568.0,594.0,554.0,589.0,+,26.0,6537398,3776889899.0,508786,-498000,253370,1872132,12000,310768,1363346,510000,57398
20251226,1795,美時,279.0,282.0,278.0,278.5,,0.0,948332,265213131.0,253019,0,4607,414019,0,20196,161000,0,15589
20251226,00897,富邦基因免疫生技,8.92,8.97,8.92,8.95,+,0.06,734115,6568704.0,348000,0,-92000,349000,0,64000,1000,0,156000
20251226,3050,鈺德,13.5,13.65,13.4,13.6,+,0.1,912341,12357682.0,256000,0,0,336000,0,0,80000,0,0
20251226,2228,劍麟,105.5,109.0,105.0,108.5,+,3.0,1213886,130437979.0,260035,-1000,-3941,377035,0,1000,117000,1000,4941
20251226,00731,復華富時高息低波,69.35,69.5,69.1,69.5,+,0.25,845845,58641657.0,-73,0,255004,7000,0,822296,7073,0,567292
20251226,1612,宏泰,34.55,35.3,34.5,35.1,+,0.65,1238178,43454038.0,255103,0,-487,394103,0,171,139000,0,658
20251226,8996,高力,558.0,580.0,552.0,558.0,+,5.0,4248153,2396154171.0,45007,185000,24451,986007,185000,71428,941000,0,46977
20251226,3605,宏致,60.3,60.3,59.0,59.5,-,0.5,1638961,97447868.0,267000,0,-14706,477000,0,13000,210000,0,27706
20251226,6196,帆宣,272.5,278.5,270.5,274.5,+,2.0,2302881,635448370.0,1000817,-782000,30957,1401017,0,43398,400200,782000,12441
20251226,1603,華電,37.4,38.15,37.4,37.8,+,0.7,639077,24238473.0,248070,-2000,0,279070,0,0,31000,2000,0
20251226,3038,全台,23.45,23.65,23.3,23.5,+,0.05,462665,10868128.0,241000,-485,2000,286000,0,2000,45000,485,0
20251226,00892,富邦台灣半導體,21.59,21.72,21.56,21.65,+,0.33,703366,15216412.0,110000,0,131864,113000,0,346000,3000,0,214136
20251226,2010,春源,20.85,20.95,20.8,20.8,-,0.05,838291,17472068.0,238225,-1000,998,296225,0,1000,58000,1000,2
20251226,6164,華興,12.6,12.95,12.4,12.7,+,0.3,1601649,20194862.0,224000,0,8000,303000,0,8000,79000,0,0
20251226,3011,今皓,14.8,15.5,14.7,15.25,+,0.7,2134203,32374624.0,231000,0,0,636000,0,0,405000,0,0
20251226,1907,永豐餘,25.6,25.75,25.5,25.55,+,0.05,626698,16066316.0,-56000,285000,0,108000,285000,0,164000,0,0
20251226,00938,凱基優選30,17.31,17.35,17.27,17.3,+,0.03,279121,4829279.0,0,0,225982,1000,0,231000,1000,0,5018
20251226,6944,兆聯實業,690.0,719.0,685.0,710.0,+,25.0,1051429,745567019.0,123641,51000,50587,316010,53000,55731,192369,2000,5144
20251226,6282,康舒,40.9,41.3,40.3,40.7,-,0.2,10168286,414829644.0,101515,0,116597,3396515,0,312554,3295000,0,195957
20251226,00962,台新AI優息動能,10.64,10.67,10.61,10.64,+,0.05,286610,3052587.0,0,0,212478,0,0,232000,0,0,19522
20251226,00700,富邦恒生國企,18.18,18.32,18.18,18.28,+,0.1,385620,7045609.0,345000,0,-132684,346000,0,1353,1000,0,134037
20251226,00690,兆豐藍籌30,43.99,44.05,43.85,44.04,+,0.26,468368,20593767.0,1000,0,206495,2000,0,405495,1000,0,199000
20251226,00898,國泰基因免疫革命,8.0,8.04,8.0,8.01,+,0.02,533654,4277576.0,298000,0,-91000,303000,0,125000,5000,0,216000
20251226,2327,國巨*,224.0,225.0,222.0,224.0,+,1.5,7964147,1779280736.0,126051,-125000,205504,2504707,0,266000,2378656,125000,60496
20251226,1519,華城,783.0,794.0,775.0,785.0,+,2.0,2211011,1737260529.0,74807,58000,72737,592005,58000,89672,517198,0,16935
20251226,3550,聯穎,14.35,14.5,14.15,14.4,+,0.1,606503,8700675.0,204000,0,0,273000,0,0,69000,0,0
20251226,00921,兆豐龍頭等權重,17.52,17.56,17.52,17.52,,0.0,239344,4198024.0,54000,0,145000,54000,0,146000,0,0,1000
20251226,0061,元大寶滬深,23.09,23.25,23.09,23.1,+,0.02,329993,7639916.0,215000,0,-18061,215000,0,4000,0,0,22061
20251226,1810,和成,17.45,17.5,17.1,17.45,+,0.15,821229,14245593.0,-139000,332000,1000,132000,332000,1000,271000,0,0
20251226,3607,谷崧,14.5,15.35,14.5,14.9,+,0.5,1778074,26557029.0,185000,0,7000,408000,0,9000,223000,0,2000
20251226,3135,凌航,74.8,76.7,74.7,76.7,+,6.9,1973851,150093534.0,176000,0,15855,311000,0,27855,135000,0,12000
20251226,00636,國泰中國A50,27.03,27.27,27.03,27.16,+,0.17,871104,23667388.0,51000,0,137376,51000,0,542517,0,0,405141
20251226,3703,欣陸,23.15,23.25,23.0,23.1,,0.0,380847,8804035.0,168000,0,15000,203000,0,15000,35000,0,0
20251226,1522,堤維西,46.6,46.6,45.7,46.55,+,0.15,1133798,52384503.0,182000,-1372,-447,460000,0,5328,278000,1372,5775
20251226,2365,昆盈,35.15,35.35,34.75,35.1,-,0.05,1237761,43299117.0,174000,0,1364,402000,0,4000,228000,0,2636
20251226,2101,南港,37.6,38.1,37.6,37.8,+,0.2,694322,26316112.0,173076,0,2000,313076,0,2000,140000,0,0
20251226,3686,達能,18.65,19.2,18.35,18.8,+,0.05,360441,6857122.0,175000,0,0,186000,0,0,11000,0,0
20251226,2305,全友,11.0,11.1,10.95,11.05,+,0.05,335821,3690347.0,101000,0,72000,111000,0,72000,10000,0,0
20251226,1436,華友聯,65.1,65.9,64.5,65.7,+,0.6,280634,18341622.0,172000,0,622,215000,0,622,43000,0,0
20251226,2472,立隆電,107.0,107.5,105.0,106.0,-,0.5,1415813,150477261.0,277041,-55000,-53517,560041,0,3135,283000,55000,56652
20251226,3092,鴻碩,19.4,20.0,19.25,20.0,+,1.8,1883730,37222600.0,159000,0,8357,256000,0,8357,97000,0,0
20251226,4764,雙鍵,117.5,118.0,113.5,117.5,+,1.5,2274683,264838337.0,157000,0,1000,542000,0,1000,385000,0,0
20251226,2478,大毅,56.3,57.2,56.2,56.4,+,0.9,680800,38571931.0,157000,0,-1000,358000,0,0,201000,0,1000
20251226,6658,聯策,50.7,54.8,50.7,54.8,+,4.95,1120030,60907407.0,147000,0,8115,210000,0,8334,63000,0,219
20251226,3622,洋華,63.7,64.1,63.2,63.6,+,0.5,350004,22286805.0,155000,0,0,220000,0,0,65000,0,0
20251226,1589,永冠-KY,17.0,17.5,16.85,16.95,+,0.1,735271,12551548.0,153000,0,27,225000,0,1000,72000,0,973
20251226,3048,益登,41.55,42.15,40.65,41.6,+,0.65,7178416,298745022.0,73000,0,79402,1244000,0,81402,1171000,0,2000
20251226,4737,華廣,59.2,60.5,58.1,60.5,+,1.4,200594,11948049.0,146000,0,0,150000,0,0,4000,0,0
20251226,2038,海光,14.3,14.5,14.25,14.35,+,0.2,257114,3707693.0,145000,0,-2000,150000,0,0,5000,0,2000
20251226,6885,全福生技,29.2,30.0,29.1,29.8,+,0.85,268208,7974239.0,143000,0,0,160000,0,1000,17000,0,1000
20251226,2405,輔信,18.4,18.55,18.05,18.1,-,0.3,1199551,21862217.0,137000,0,1000,367000,0,1000,230000,0,0
20251226,3028,增你強,38.15,38.3,37.85,37.95,-,0.15,932571,35433153.0,120926,0,17000,304126,0,17000,183200,0,0
20251226,2468,華經,42.4,42.4,41.6,42.35,+,0.3,417444,17508491.0,136000,0,1138,237000,0,2000,101000,0,862
20251226,2539,櫻花建,48.55,49.0,48.1,48.65,+,0.3,380917,18525431.0,134062,0,2515,203062,0,3000,69000,0,485
20251226,3591,艾笛森,18.45,18.5,18.25,18.5,+,0.05,265810,4885322.0,39000,0,95677,93000,0,96000,54000,0,323
20251226,00895,富邦未來車,39.59,39.62,39.56,39.6,+,0.18,629829,24934033.0,120000,0,14000,120000,0,155000,0,0,141000
20251226,1414,東和,17.1,17.4,17.0,17.4,+,0.3,320088,5484845.0,82000,-1000,50000,111000,0,50000,29000,1000,0
20251226,1560,中砂,373.5,377.5,368.5,375.0,+,4.0,1809066,676031068.0,99124,13000,17332,488010,15000,105399,388886,2000,88067
20251226,1615,大山,48.75,50.1,48.75,49.85,+,1.1,256433,12724344.0,129000,0,0,135000,0,0,6000,0,0
20251226,6830,汎銓,173.0,178.0,171.5,175.0,+,2.5,485221,85135290.0,99250,0,29543,173250,0,30904,74000,0,1361
20251226,2820,華票,16.85,16.95,16.85,16.9,+,0.05,525340,8882045.0,128000,0,0,161000,0,0,33000,0,0
20251226,00930,永豐ESG低碳高息,17.37,17.4,17.22,17.26,-,0.08,543961,9406143.0,4000,0,119615,4000,0,380000,0,0,260385
20251226,7750,新代,861.0,872.0,855.0,871.0,+,13.0,175112,151745155.0,113000,0,10000,120000,0,10000,7000,0,0
20251226,4306,炎洲,14.25,14.3,14.15,14.25,,0.0,388076,5517856.0,122860,0,0,137860,0,0,15000,0,0
20251226,1524,耿鼎,28.4,28.4,28.1,28.2,-,0.15,585546,16528407.0,122000,0,520,171000,0,2000,49000,0,1480
20251226,2905,三商,16.0,16.0,15.8,15.9,-,0.1,833192,13211035.0,114000,0,4000,223000,0,4000,109000,0,0
20251226,1466,聚隆,14.25,14.35,14.05,14.3,,0.0,232351,3281595.0,-26000,0,143000,15000,0,145000,41000,0,2000
20251226,8473,山林水,35.75,36.65,35.75,36.65,+,0.8,385767,13976902.0,115000,0,0,163000,0,0,48000,0,0
20251226,1340,勝悅-KY,7.99,8.2,7.88,8.11,+,0.21,733144,5934491.0,115000,0,0,199000,0,0,84000,0,0
20251226,6541,泰福-KY,58.0,58.8,57.0,58.0,+,0.1,735882,42594142.0,114000,0,602,290000,0,1000,176000,0,398
20251226,6550,北極星藥業-KY,30.3,30.3,29.75,30.15,-,0.05,495986,14907611.0,113000,0,0,132000,0,0,19000,0,0
20251226,2601,益航,5.43,5.5,5.43,5.47,-,0.05,1498318,8170404.0,108000,0,5000,188000,0,5000,80000,0,0
20251226,1227,佳格,30.5,30.6,30.4,30.45,-,0.05,260684,7946790.0,110121,0,2468,128121,0,3000,18000,0,532
20251226,3515,華擎,249.5,252.5,246.5,251.5,+,4.5,423037,105812909.0,108012,0,4536,246012,0,6000,138000,0,1464
20251226,1909,榮成,10.05,10.1,9.96,10.0,+,0.06,1213902,12157319.0,148000,0,-36000,593000,0,0,445000,0,36000
20251226,8105,凌巨,11.45,11.45,11.25,11.4,+,0.05,657943,7458665.0,112000,0,0,284000,0,0,172000,0,0
20251226,5608,四維航,17.75,17.95,17.7,17.7,-,0.05,1058554,18827317.0,110000,0,1999,361000,0,2000,251000,0,1
20251226,4414,如興,11.75,11.85,11.6,11.65,-,0.2,469105,5493579.0,105000,0,4000,148000,0,4000,43000,0,0
20251226,6962,奕力-KY,39.85,40.2,39.2,39.4,-,0.3,1437917,56731183.0,118095,0,-11372,393095,0,2104,275000,0,13476
20251226,5222,全訊,136.0,136.0,132.0,135.0,+,0.5,280385,37565396.0,97993,0,8511,112000,0,13011,14007,0,4500
20251226,6415,矽力*-KY,193.5,194.5,190.5,192.0,,0.0,900531,172959081.0,107907,0,-3162,491017,0,1000,383110,0,4162
20251226,1702,南僑,38.9,39.25,38.85,39.1,+,0.2,206502,8058035.0,102000,0,1000,129000,0,1000,27000,0,0
20251226,7610,聯友金屬-創,126.0,135.0,126.0,131.5,+,7.0,1326673,173024816.0,106100,0,-3290,326100,0,8042,220000,0,11332
20251226,8261,富鼎,91.2,91.7,90.9,91.2,+,0.3,637833,58238961.0,104034,-1000,-483,160034,0,2212,56000,1000,2695
20251226,00908,富邦入息REITs+,13.82,13.89,13.81,13.82,+,0.09,413711,5726497.0,-4000,0,106365,0,0,354728,4000,0,248363
20251226,2368,金像電,672.0,703.0,668.0,697.0,+,29.0,10017525,6938720388.0,-417598,630000,-116078,3291547,676000,208118,3709145,46000,324196
20251226,1540,喬福,23.1,23.35,23.1,23.2,+,0.05,234008,5445934.0,96000,0,0,109000,0,0,13000,0,0
20251226,2488,漢平,45.9,46.25,45.75,45.9,+,0.25,152408,7002451.0,95000,0,102,101000,0,102,6000,0,0
20251226,2345,智邦,1205.0,1215.0,1180.0,1215.0,+,25.0,2702035,3237164655.0,216923,-88200,-34576,1083416,166000,36446,866493,254200,71022
20251226,2340,台亞,26.7,26.95,26.4,26.65,+,0.1,1232881,32926156.0,95000,0,-1140,403000,0,773,308000,0,1913
20251226,2367,燿華,27.65,28.45,27.45,28.35,+,1.0,17520136,490884122.0,-459871,0,551986,3219129,0,859448,3679000,0,307462
20251226,00916,國泰全球品牌50,27.54,27.65,27.54,27.6,+,0.09,499597,13790773.0,105000,0,-13970,109000,0,141030,4000,0,155000
20251226,0055,元大MSCI金融,32.11,32.11,31.96,32.01,-,0.1,251588,8052899.0,20000,0,70903,32000,0,82000,12000,0,11097
20251226,00643,群益深証中小,16.98,17.15,16.95,17.05,+,0.25,3795513,64651514.0,37000,0,53004,37000,0,3108512,0,0,3055508
20251226,1617,榮星,14.45,15.0,14.45,14.65,+,0.35,431346,6348699.0,92000,0,-2662,104000,0,2000,12000,0,4662
20251226,00912,中信臺灣智慧50,21.34,21.42,21.33,21.37,+,0.1,177119,3789197.0,1000,0,87391,1000,0,143000,0,0,55609
20251226,2548,華固,122.0,122.5,120.0,120.5,-,0.5,1660037,201107266.0,69860,0,18156,498160,0,55156,428300,0,37000
20251226,4566,時碩工業,58.6,59.4,58.2,58.4,,0.0,639236,37556734.0,91000,0,-5001,227000,0,2000,136000,0,7001
20251226,2613,中櫃,23.45,23.6,23.3,23.45,+,0.05,402792,9440350.0,85000,0,0,156000,0,0,71000,0,0
20251226,6805,富世達,1585.0,1640.0,1580.0,1605.0,+,20.0,1349290,2171313630.0,-6655,58000,32520,385666,78000,48656,392321,20000,16136
20251226,8404,百和興業-KY,23.95,24.15,23.9,23.9,-,0.05,466008,11179633.0,83000,-1000,1000,248000,0,1000,165000,1000,0
20251226,5269,祥碩,1160.0,1165.0,1130.0,1160.0,+,10.0,543325,623258665.0,62995,0,18594,172995,0,34100,110000,0,15506
20251226,2440,太空梭,14.45,15.2,14.3,14.8,+,0.45,499477,7367037.0,83000,0,-2000,110000,0,0,27000,0,2000
20251226,6669,緯穎,4275.0,4305.0,4235.0,4300.0,+,60.0,555112,2377548690.0,12388,31000,35935,139757,49000,36693,127369,18000,758
20251226,2731,雄獅,164.5,166.5,164.0,166.0,+,1.5,393861,65218957.0,61027,-1000,17990,236027,0,20000,175000,1000,2010
20251226,3010,華立,113.5,113.5,110.0,111.0,-,2.0,1400837,155928418.0,-81747,170000,-12480,468253,170000,12000,550000,0,24480
20251226,2476,鉅祥,88.3,88.3,86.4,87.2,-,0.2,951833,82848551.0,71036,0,4693,272036,0,16423,201000,0,11730
20251226,2020,美亞,23.4,23.65,23.3,23.65,+,0.25,225193,5301371.0,75000,0,0,94000,0,0,19000,0,0
20251226,3029,零壹,111.0,112.0,110.5,110.5,-,1.0,785340,87233142.0,-32960,100000,7478,291040,100000,17200,324000,0,9722
20251226,6168,宏齊,20.35,20.35,19.7,19.9,-,0.45,588945,11772708.0,74000,0,0,163000,0,0,89000,0,0
20251226,3041,揚智,24.7,24.95,24.35,24.65,+,0.25,489703,12079491.0,73000,0,390,198000,0,2000,125000,0,1610
20251226,3257,虹冠電,70.5,70.5,69.5,69.6,-,0.9,756623,52855569.0,72000,0,1000,164000,0,1000,92000,0,0
20251226,3437,榮創,14.45,14.45,14.05,14.25,-,0.05,253276,3593755.0,71000,0,0,106000,0,1000,35000,0,1000
20251226,6431,光麗-KY,29.35,29.55,26.45,27.85,-,1.5,2284770,62072242.0,67000,0,2000,249000,0,2000,182000,0,0
20251226,3494,誠研,8.13,8.88,8.1,8.88,+,0.8,747848,6523207.0,69000,0,-588,71000,0,2412,2000,0,3000
20251226,5515,建國,35.2,36.0,34.9,35.05,-,0.15,650457,22911255.0,56000,0,12000,187000,0,18000,131000,0,6000
20251226,3717,聯嘉投控,16.85,17.3,16.8,17.25,+,0.4,505436,8667887.0,67000,0,0,179000,0,0,112000,0,0
20251226,1616,億泰,28.45,29.45,28.45,29.05,+,0.75,2235732,65171588.0,71000,0,-4465,633000,0,2000,562000,0,6465
20251226,6438,迅得,137.5,138.5,136.5,138.0,+,1.0,329085,45303054.0,63000,0,2997,150000,0,2998,87000,0,1
20251226,00963,中信全球高股息,11.4,11.43,11.4,11.43,+,0.02,384603,4392675.0,67000,0,-2000,67000,0,109000,0,0,111000
20251226,3545,敦泰,51.3,51.6,50.7,51.1,+,0.1,552694,28304014.0,62000,0,1090,191000,0,4069,129000,0,2979
20251226,3346,麗清,18.9,19.55,18.75,19.1,+,0.35,175060,3341674.0,61000,0,2000,78000,0,2000,17000,0,0
20251226,6152,百一,11.3,11.85,11.1,11.35,,0.0,1752237,19787148.0,54899,0,8000,162000,0,9000,107101,0,1000
20251226,1708,東鹼,33.1,33.4,32.9,33.0,-,0.1,465369,15408116.0,62106,0,534,190106,0,534,128000,0,0
20251226,2597,潤弘,168.0,169.0,167.0,168.0,,0.0,197263,33170947.0,59206,-1000,1000,116036,0,1000,56830,1000,0
20251226,6449,鈺邦,162.0,164.0,161.0,162.5,+,2.0,304487,49499462.0,52000,0,5410,124000,0,9214,72000,0,3804
20251226,2102,泰豐,19.45,19.75,19.45,19.65,+,0.2,279164,5480030.0,56000,0,0,89000,0,0,33000,0,0
20251226,2464,盟立,62.0,62.3,60.7,62.0,+,0.1,1292214,79619400.0,43000,0,12950,355000,0,17400,312000,0,4450
20251226,6937,天虹,217.5,220.5,216.0,218.5,+,1.0,124980,27333718.0,52000,-1000,3993,65000,0,4002,13000,1000,9
20251226,6923,中台,96.1,98.5,95.5,97.9,+,1.6,337837,32866777.0,45000,0,9612,146000,0,10576,101000,0,964
20251226,2727,王品,218.5,219.5,217.5,218.0,-,0.5,245656,53718632.0,53932,0,380,87928,0,381,33996,0,1
20251226,8011,台通,23.05,23.1,22.65,22.9,+,0.05,613352,14015881.0,53000,0,0,222000,0,0,169000,0,0
20251226,4977,眾達-KY,148.0,149.5,145.0,145.5,,0.0,10381654,1522472527.0,97000,0,-44800,2274000,0,9996,2177000,0,54796
20251226,1714,和桐,8.28,8.29,8.2,8.21,-,0.05,1183398,9724562.0,51000,0,1000,260000,0,1000,209000,0,0
20251226,3047,訊舟,18.8,18.9,18.55,18.7,+,0.05,1060451,19833532.0,46000,0,5000,273000,0,5000,227000,0,0
20251226,6796,晉弘,101.0,106.0,101.0,104.5,+,3.5,271284,28188792.0,50000,0,1000,67000,0,1000,17000,0,0
20251226,2428,興勤,173.5,174.5,171.0,171.5,-,1.5,388420,66942872.0,95023,-43000,-1473,158023,0,1000,63000,43000,2473
20251226,2491,吉祥全,20.65,21.75,20.3,21.15,+,0.45,1424158,30047566.0,49000,0,1000,239000,0,1000,190000,0,0
20251226,4956,光鋐,22.15,22.6,21.65,22.35,+,0.45,1437044,31824110.0,50000,0,0,324000,0,0,274000,0,0
20251226,9919,康那香,16.6,16.75,16.5,16.55,-,0.05,186757,3096075.0,49000,0,0,52000,0,0,3000,0,0
20251226,6838,台新藥,26.25,26.4,26.1,26.35,+,0.2,106890,2805860.0,49000,0,0,65000,0,0,16000,0,0
20251226,1217,愛之味,10.5,10.55,10.5,10.55,+,0.05,187587,1973546.0,48000,0,1000,49000,0,1000,1000,0,0
20251226,4104,佳醫,81.8,82.4,81.8,82.1,+,0.3,123795,10170066.0,48000,0,-51,50000,0,0,2000,0,51
20251226,9902,台火,17.25,17.3,17.1,17.25,,0.0,258713,4451950.0,7000,0,40000,69000,0,40000,62000,0,0
20251226,1231,聯華食,98.0,98.8,98.0,98.5,+,0.6,114551,11266305.0,46000,0,188,61000,0,1000,15000,0,812
20251226,2254,巨鎧精密-創,59.0,59.4,59.0,59.4,+,0.4,56000,3322000.0,-10000,0,56000,0,0,56000,10000,0,0
20251226,00728,第一金工業30,36.56,36.77,36.56,36.71,+,0.3,72690,2666531.0,-1000,0,46824,0,0,49824,1000,0,3000
20251226,4164,承業醫,38.3,38.5,38.2,38.4,+,0.15,251336,9635546.0,46000,0,-188,140000,0,0,94000,0,188
20251226,2636,台驊控股,66.6,66.9,66.3,66.6,,0.0,191798,12780491.0,45000,0,-35,68000,0,0,23000,0,35
20251226,2489,瑞軒,14.7,14.7,14.5,14.6,,0.0,1968282,28717099.0,-1986,0,46000,584014,0,47000,586000,0,1000
20251226,1903,士紙,54.5,55.3,54.4,55.0,+,0.6,140201,7689505.0,44000,0,0,56000,0,0,12000,0,0
20251226,9911,櫻花,83.3,84.3,83.2,83.5,+,0.2,141254,11811197.0,44897,-2000,355,95050,0,2000,50153,2000,1645
20251226,5471,松翰,33.25,33.25,32.75,32.9,-,0.1,112721,3708996.0,43000,0,-140,56000,0,1000,13000,0,1140
20251226,4571,鈞興-KY,162.0,163.5,161.5,163.0,+,1.0,129955,21134808.0,38550,0,4000,65000,0,4000,26450,0,0
20251226,3443,創意,2140.0,2160.0,2085.0,2115.0,+,90.0,3230782,6866083975.0,-179798,-34000,256265,698069,15000,302556,877867,49000,46291
20251226,2545,皇翔,39.7,39.85,39.35,39.85,+,0.2,298054,11798010.0,42083,0,0,123083,0,0,81000,0,0
20251226,7780,大研生醫*,166.0,167.5,165.0,167.0,+,3.0,125042,20804721.0,54000,0,-12000,64000,0,0,10000,0,12000
20251226,9935,慶豐富,20.55,20.55,20.35,20.35,-,0.2,159777,3266498.0,41000,0,0,58000,0,0,17000,0,0
20251226,2546,根基,88.3,89.6,88.3,89.0,+,0.7,125216,11145999.0,41000,0,0,47000,0,0,6000,0,0
20251226,3024,憶聲,11.3,11.5,11.3,11.45,+,0.15,670650,7643022.0,40000,0,0,159000,0,0,119000,0,0
20251226,2030,彰源,13.95,14.1,13.95,14.0,+,0.05,443258,6207599.0,40000,0,0,60000,0,0,20000,0,0
20251226,00652,富邦印度,37.61,37.69,37.39,37.42,-,0.19,203352,7617128.0,2632,0,36879,2632,0,64000,0,0,27121
20251226,2471,資通,50.0,50.2,49.9,50.2,+,0.3,77237,3864063.0,39000,0,0,48000,0,0,9000,0,0
20251226,2359,所羅門,127.5,127.5,125.5,126.5,-,0.5,657060,82926249.0,43503,0,-4598,126000,0,6000,82497,0,10598
20251226,00850,元大臺灣ESG永續,54.45,54.7,54.4,54.7,+,0.5,470949,25708266.0,26000,0,12884,26000,0,64380,0,0,51496
20251226,00739,元大MSCI A股,26.5,26.7,26.41,26.55,+,0.2,96582,2562220.0,2000,0,36585,2000,0,70132,0,0,33547
20251226,6890,來億-KY,257.5,262.0,255.0,255.0,+,2.0,702382,181339545.0,35543,0,2850,243543,0,6747,208000,0,3897
20251226,00899,FT潔淨能源,20.55,20.61,20.38,20.39,+,0.05,122213,2499499.0,0,0,38119,0,0,70631,0,0,32512
20251226,8081,致新,210.0,211.0,208.0,210.0,,0.0,223007,46809802.0,42021,0,-4051,107021,0,10204,65000,0,14255
20251226,2474,可成,209.5,211.0,205.5,209.5,,0.0,5664849,1176383030.0,1394500,-1492061,135436,2571000,899000,157738,1176500,2391061,22302
20251226,1218,泰山,18.15,18.2,18.1,18.1,-,0.05,251489,4557146.0,37161,0,633,68161,0,1000,31000,0,367
20251226,3419,譁裕,12.75,13.1,12.65,13.1,+,0.3,293667,3789319.0,37000,0,0,38000,0,0,1000,0,0
20251226,8104,錸寶,32.2,32.2,31.7,32.1,+,0.35,286715,9167289.0,37000,0,0,73000,0,0,36000,0,0
20251226,3338,泰碩,48.8,49.0,47.35,48.95,+,0.15,174209,8467507.0,36000,0,892,58000,0,1000,22000,0,108
20251226,6136,富爾特,24.55,24.55,24.3,24.55,+,0.3,154759,3786910.0,11000,0,25000,18000,0,25000,7000,0,0
20251226,2536,宏普,26.75,26.75,26.35,26.45,-,0.2,247120,6549654.0,36000,0,0,43000,0,0,7000,0,0
20251226,1447,力鵬,5.5,5.5,5.39,5.42,-,0.01,464967,2516733.0,36000,0,0,65000,0,0,29000,0,0
20251226,00861,元大全球未來通訊,55.35,55.7,55.35,55.65,+,0.75,168763,9385389.0,85007,0,-49269,86007,0,13000,1000,0,62269
20251226,6141,柏承,10.95,11.0,10.85,10.85,-,0.15,246626,2690193.0,30000,0,5000,46000,0,5000,16000,0,0
20251226,6226,光鼎,7.84,7.84,7.63,7.67,-,0.01,180555,1387969.0,35000,0,0,36000,0,0,1000,0,0
20251226,3376,新日興,205.0,206.0,200.5,202.0,,0.0,1459366,295725079.0,-36756,8000,63224,377244,8000,74748,414000,0,11524
20251226,2477,美隆電,24.4,24.7,24.1,24.2,+,0.15,131099,3195605.0,33000,0,1000,41000,0,1000,8000,0,0
20251226,5519,隆大,33.7,34.55,33.7,33.95,+,0.3,913121,31163441.0,32000,0,371,308000,0,1000,276000,0,629
20251226,2505,國揚,19.95,19.95,19.75,19.75,-,0.1,124540,2472708.0,32000,0,0,33000,0,0,1000,0,0
20251226,2423,固緯,55.8,56.5,55.2,56.4,+,1.2,138078,7737609.0,24000,0,8000,37000,0,11000,13000,0,3000
20251226,1809,中釉,17.55,17.6,17.4,17.45,-,0.05,218092,3807751.0,32000,0,0,85000,0,0,53000,0,0
20251226,2390,云辰,9.91,9.99,9.86,9.88,-,0.03,189206,1872857.0,14000,0,18000,33000,0,18000,19000,0,0
20251226,4583,台灣精銳,639.0,656.0,639.0,654.0,+,17.0,170083,110526242.0,28202,0,3350,55294,0,7562,27092,0,4212
20251226,2429,銘旺科,78.7,78.7,77.0,77.2,-,1.5,496856,38668803.0,31000,0,504,103000,0,10000,72000,0,9496
20251226,2482,連宇,17.6,17.7,17.5,17.6,+,0.2,85679,1507406.0,31000,0,-305,37000,0,0,6000,0,305
20251226,5244,弘凱,40.2,40.5,39.75,39.75,-,0.45,127328,5101485.0,28000,0,2000,42000,0,2000,14000,0,0
20251226,2032,新鋼,14.5,14.65,14.45,14.6,+,0.15,398358,5794993.0,30000,0,0,35000,0,0,5000,0,0
20251226,1325,恆大,30.3,30.3,30.1,30.2,+,0.05,184773,5585296.0,30000,0,0,60000,0,0,30000,0,0
20251226,6166,凌華,65.0,65.0,63.5,64.7,+,0.3,249139,16011273.0,30042,0,-945,110042,0,0,80000,0,945
20251226,2397,友通,61.3,61.6,60.8,61.0,-,0.5,129783,7941445.0,29000,0,0,65000,0,0,36000,0,0
20251226,1517,利奇,11.05,11.15,11.0,11.1,+,0.05,106158,1174787.0,28000,0,547,29000,0,1000,1000,0,453
20251226,1446,宏和,18.3,18.45,18.3,18.3,+,0.15,102972,1891391.0,25000,0,3000,35000,0,3000,10000,0,0
20251226,4555,氣立,38.95,39.1,38.3,38.6,-,0.05,91937,3546674.0,28000,0,0,43000,0,0,15000,0,0
20251226,1773,勝一,138.0,138.5,137.5,137.5,,0.0,139672,19265284.0,27624,0,0,41024,0,0,13400,0,0
20251226,2107,厚生,24.45,24.55,24.4,24.5,+,0.05,89545,2192281.0,27000,0,0,34000,0,0,7000,0,0
20251226,3035,智原,166.0,167.0,164.0,165.0,+,0.5,1149932,190133239.0,12000,0,14433,234000,0,28507,222000,0,14074
20251226,00943,兆豐電子高息等權,14.3,14.33,14.26,14.28,-,0.01,56322,804937.0,12000,0,14053,12000,0,22000,0,0,7947
20251226,4736,泰博,120.0,121.0,120.0,121.0,+,1.0,78503,9463920.0,26000,0,0,35000,0,0,9000,0,0
20251226,1419,新紡,68.4,68.4,67.2,68.3,-,0.1,209256,14212334.0,12000,0,14000,84000,0,14000,72000,0,0
20251226,3528,安馳,67.0,67.8,66.6,67.0,,0.0,112226,7547017.0,25000,0,0,49000,0,1000,24000,0,1000
20251226,6794,向榮生技,86.5,89.1,86.5,88.8,+,3.4,163505,14421026.0,25000,0,0,38000,0,0,13000,0,0
20251226,2250,IKKA-KY,72.7,73.8,72.7,73.1,+,1.2,79335,5812433.0,24860,0,0,28860,0,0,4000,0,0
20251226,3583,辛耘,331.0,331.0,327.0,327.0,-,1.0,239181,78556043.0,25008,0,-941,90018,0,3001,65010,0,3942
20251226,1537,廣隆,125.0,125.5,124.5,124.5,-,1.0,56811,7089291.0,24030,0,-1,26030,0,0,2000,0,1
20251226,00903,富邦元宇宙,17.66,17.72,17.66,17.68,+,0.07,47682,843633.0,24000,0,27,24000,0,7027,0,0,7000
20251226,6835,圓裕,38.75,39.0,38.5,38.5,-,0.1,112021,4331960.0,24000,0,0,32000,0,0,8000,0,0
20251226,6951,青新-創,72.7,72.7,71.6,72.0,+,0.2,166882,12011036.0,18000,0,6000,20000,0,15000,2000,0,9000
20251226,1437,勤益控,34.4,34.6,34.35,34.5,,0.0,96732,3338645.0,24000,0,0,25000,0,0,1000,0,0
20251226,5534,長虹,87.8,87.8,86.0,86.7,-,0.3,857527,74451096.0,190069,0,-166073,337069,0,27245,147000,0,193318
20251226,3588,通嘉,48.45,48.85,47.4,48.45,+,0.55,141467,6799965.0,23000,0,7,43000,0,7,20000,0,0
20251226,4155,訊映,14.8,14.85,14.45,14.55,-,0.25,236005,3439628.0,19000,0,4000,25000,0,4000,6000,0,0
20251226,6224,聚鼎,43.0,43.0,41.75,41.85,-,0.55,83534,3521800.0,24000,0,-1000,36000,0,0,12000,0,1000
20251226,6715,嘉基,99.0,102.0,98.9,102.0,+,3.0,69436,6995293.0,22000,0,262,25000,0,401,3000,0,139
20251226,4942,嘉彰,39.1,39.5,39.1,39.25,+,0.2,146257,5748314.0,19000,0,3000,50000,0,3000,31000,0,0
20251226,5484,慧友,38.05,39.0,37.4,39.0,+,0.95,181575,6997477.0,8000,0,14000,42000,0,14000,34000,0,0
20251226,3535,晶彩科,92.4,94.4,91.2,91.3,-,0.2,3359440,310577639.0,22000,0,0,662000,0,0,640000,0,0
20251226,3617,碩天,211.0,211.5,205.5,207.5,-,2.0,456972,94642024.0,272022,-249000,-1940,306022,0,1000,34000,249000,2940
20251226,2420,新巨,50.2,50.2,49.95,50.1,-,0.1,121819,6099417.0,20063,0,1000,39063,0,1000,19000,0,0
20251226,6799,來頡,83.5,84.3,81.6,81.9,-,1.7,273672,22570376.0,20000,0,972,70000,0,1000,50000,0,28
20251226,4540,全球傳動,35.5,35.5,34.55,34.9,+,0.05,277163,9660451.0,20000,0,510,88000,0,2000,68000,0,1490
20251226,8110,華東,55.8,55.8,54.9,55.2,-,0.5,4489934,247970967.0,-83665,0,104000,271100,0,179000,354765,0,75000
20251226,5706,鳳凰,50.2,50.5,50.2,50.4,-,0.1,56084,2828635.0,20000,0,0,23000,0,0,3000,0,0
20251226,6108,競國,14.3,14.5,14.05,14.45,-,0.05,322347,4590536.0,20000,0,0,76000,0,1000,56000,0,1000
20251226,5283,禾聯碩,61.1,61.7,60.5,61.2,+,0.1,124206,7576103.0,20000,0,0,34000,0,0,14000,0,0
20251226,2029,盛餘,20.9,21.15,20.9,21.05,+,0.25,93486,1963819.0,20000,0,0,33000,0,0,13000,0,0
20251226,9925,新保,40.8,40.8,40.7,40.75,-,0.05,120165,4897693.0,-5000,0,25000,18000,0,25000,23000,0,0
20251226,00678,群益那斯達克生技,35.42,35.46,35.39,35.42,+,0.27,252501,8939205.0,0,0,20000,0,0,220000,0,0,200000
20251226,1215,卜蜂,134.5,137.0,134.0,135.5,+,1.0,4038081,547535071.0,-1835962,1859000,-3281,879038,1862000,5099,2715000,3000,8380
20251226,1471,首利,8.79,8.84,8.7,8.78,+,0.05,190049,1662176.0,12000,0,7000,12000,0,7000,0,0,0
20251226,9946,三發地產,19.1,19.25,19.05,19.1,-,0.05,136490,2613679.0,17000,0,2000,34000,0,2000,17000,0,0
20251226,6668,中揚光,38.0,38.45,37.8,38.45,+,0.45,144990,5528178.0,18000,0,0,77000,0,0,59000,0,0
20251226,8374,羅昇,80.5,80.5,78.8,80.0,+,0.4,143324,11429936.0,18000,0,-724,46000,0,0,28000,0,724
20251226,8462,柏文,145.0,148.0,145.0,148.0,+,2.0,108241,15879887.0,18019,-1000,4,33019,0,4,15000,1000,0
20251226,3557,嘉威,35.85,36.0,34.9,34.9,-,1.1,65188,2303757.0,13000,0,4000,15000,0,4000,2000,0,0
20251226,3138,耀登,110.0,110.5,107.0,110.0,+,1.0,774147,84334910.0,13000,0,4000,164000,0,4000,151000,0,0
20251226,2633,台灣高鐵,27.95,27.95,27.75,27.9,-,0.05,1828593,50840370.0,7280,-4000,13493,464280,0,14000,457000,4000,507
20251226,2207,和泰車,563.0,566.0,561.0,561.0,-,1.0,461416,259579627.0,-294965,312000,-325,60035,312000,5000,355000,0,5325
20251226,9958,世紀鋼,139.5,139.5,136.5,138.5,,0.0,572756,78798381.0,20034,0,-3505,227034,0,3038,207000,0,6543
20251226,2509,全坤建,15.4,15.65,15.3,15.65,+,0.25,242966,3744965.0,14500,0,2000,20500,0,2000,6000,0,0
20251226,2467,志聖,238.0,243.0,233.5,237.0,+,4.0,2181506,520412537.0,-39983,13000,43394,635017,13000,74980,675000,0,31586
20251226,2748,雲品,42.8,43.2,42.75,43.15,+,0.4,65067,2798441.0,16000,0,0,20000,0,0,4000,0,0
20251226,6216,居易,26.5,26.75,26.35,26.65,-,0.1,72628,1927240.0,16000,0,-170,21000,0,0,5000,0,170
20251226,00783,富邦中証500,25.38,25.66,25.38,25.58,+,0.45,95907,2450685.0,1000,0,14728,1000,0,69281,0,0,54553
20251226,2497,怡利電,48.25,50.1,47.7,49.95,+,2.05,1056519,52163297.0,7100,0,8000,217100,0,8000,210000,0,0
20251226,3094,聯傑,23.65,24.3,23.65,24.3,+,0.5,75638,1809130.0,14000,0,1000,19000,0,2000,5000,0,1000
20251226,1467,南緯,7.06,7.1,7.06,7.09,+,0.02,95650,677450.0,15000,0,0,16000,0,0,1000,0,0
20251226,2108,南帝,22.7,22.85,22.55,22.8,+,0.1,191206,4348141.0,15000,0,0,51000,0,0,36000,0,0
20251226,2062,橋椿,21.3,21.3,20.8,20.95,-,0.35,209268,4384635.0,10000,0,4717,38000,0,5000,28000,0,283
20251226,8438,昶昕,30.0,31.8,29.6,31.5,+,1.85,508664,15780054.0,14000,0,0,27000,0,0,13000,0,0
20251226,4441,振大環球,238.5,242.0,237.0,240.0,+,1.5,65682,15721937.0,14000,0,0,21000,0,0,7000,0,0
20251226,2415,錩新,25.65,25.65,25.45,25.55,-,0.2,96469,2461882.0,14000,0,0,21000,0,0,7000,0,0
20251226,2516,新建,15.0,15.1,14.95,14.95,-,0.05,112273,1683735.0,14000,0,0,25000,0,0,11000,0,0
20251226,2739,寒舍,35.4,35.8,35.4,35.5,,0.0,31781,1129893.0,13000,0,1000,15000,0,1000,2000,0,0
20251226,5258,虹堡,71.1,71.1,69.3,69.4,-,1.7,281889,19637736.0,15037,0,-1534,77037,0,471,62000,0,2005
20251226,4551,智伸科,114.5,114.5,114.0,114.5,+,0.5,56786,6492901.0,14555,0,-1099,25023,0,0,10468,0,1099
20251226,8467,波力-KY,154.5,165.0,152.5,163.0,+,11.5,379098,60723613.0,13004,0,352,64004,0,479,51000,0,127
20251226,1232,大統益,144.0,145.0,144.0,144.5,+,0.5,64385,9306237.0,13022,0,0,17022,0,0,4000,0,0
20251226,2816,旺旺保,29.75,29.75,29.25,29.4,-,0.1,114190,3355602.0,12000,0,1000,22000,0,1000,10000,0,0
20251226,0053,元大電子,137.75,138.25,137.75,138.15,+,1.25,23106,3188018.0,0,0,12334,0,0,12334,0,0,0
20251226,3518,柏騰,21.4,21.4,20.9,21.05,+,0.3,71401,1503581.0,12000,0,0,19000,0,0,7000,0,0
20251226,7791,皇家可口,72.4,72.4,72.0,72.2,-,0.2,90443,6519370.0,12000,0,0,14000,0,0,2000,0,0
20251226,2059,川湖,3740.0,3745.0,3665.0,3690.0,-,20.0,289157,1066867005.0,3260,13200,-4857,82908,26200,4184,79648,13000,9041
20251226,2017,官田鋼,8.39,8.62,8.39,8.51,+,0.09,406146,3454206.0,11000,0,269,30000,0,2000,19000,0,1731
20251226,5292,華懋,147.0,152.0,147.0,151.5,+,4.5,369153,52130327.0,11000,0,0,30000,0,0,19000,0,0
20251226,3054,立萬利,28.0,28.0,27.6,27.75,,0.0,71767,1999966.0,11000,0,0,16000,0,0,5000,0,0
20251226,6965,中傑-KY,81.8,84.0,81.8,83.3,+,1.7,80402,6687393.0,12000,0,-1000,30000,0,1000,18000,0,2000
20251226,3003,健和興,48.25,48.25,47.75,48.2,-,0.05,98734,4741464.0,11000,0,-199,31000,0,0,20000,0,199
20251226,2375,凱美,90.7,91.0,89.1,89.7,+,0.1,1131542,101628058.0,10000,0,530,184000,0,10798,174000,0,10268
20251226,0051,元大中型100,90.95,91.45,90.95,91.2,+,0.6,36754,3351526.0,-968,0,11052,32,0,12222,1000,0,1170
20251226,2426,鼎元,17.0,17.1,16.85,17.05,+,0.05,312631,5310125.0,10000,0,0,103000,0,0,93000,0,0
20251226,3679,新至陞,113.0,114.0,113.0,114.0,+,1.0,26727,3031951.0,10000,0,0,12000,0,0,2000,0,0
20251226,9943,好樂迪,61.1,61.1,60.1,60.6,-,0.5,59608,3614425.0,10000,0,0,12000,0,0,2000,0,0
20251226,8926,台汽電,41.0,41.1,40.9,41.0,-,0.15,554932,22741280.0,10123,0,-140,166123,0,1000,156000,0,1140
20251226,6215,和椿,104.0,104.5,102.0,103.0,,0.0,477046,49054895.0,6000,0,3387,79000,0,6000,73000,0,2613
20251226,00657,國泰日經225,59.9,59.9,59.7,59.7,+,0.4,81159,4852512.0,-1000,0,10040,0,0,52040,1000,0,42000
20251226,2432,倚天酷碁-創,26.1,26.1,25.6,25.6,-,0.6,43008,1110305.0,-1000,0,10000,0,0,10000,1000,0,0
20251226,3229,晟鈦,27.0,28.0,27.0,27.8,+,0.6,406152,11195786.0,9000,0,0,9000,0,0,0,0,0
20251226,3296,勝德,25.15,25.3,25.0,25.1,-,0.05,70282,1766591.0,9000,0,0,20000,0,0,11000,0,0
20251226,6863,永道-KY,115.0,115.5,113.5,115.5,+,0.5,42577,4881361.0,9000,0,0,19000,0,0,10000,0,0
20251226,00717,富邦美國特別股,15.05,15.14,15.05,15.07,+,0.02,58891,888158.0,0,0,9000,1000,0,18000,1000,0,9000
20251226,6933,AMAX-KY,151.0,151.0,149.0,150.5,+,1.0,45717,6869350.0,9000,0,-75,18000,0,0,9000,0,75
20251226,5215,科嘉-KY,35.0,35.1,33.75,35.05,-,0.15,70502,2431825.0,9000,0,-351,10000,0,0,1000,0,351
20251226,3530,晶相光,71.5,71.8,69.7,70.5,-,0.2,179996,12680168.0,3000,0,5382,57000,0,7000,54000,0,1618
20251226,1339,昭輝,43.75,44.75,43.6,44.3,+,0.05,66023,2903999.0,8000,0,280,9000,0,1000,1000,0,720
20251226,2008,高興昌,28.25,28.7,28.25,28.7,+,0.45,38955,1102477.0,8000,0,0,9000,0,0,1000,0,0
20251226,4552,力達-KY,24.2,24.2,24.1,24.1,-,0.1,41336,997889.0,8000,0,0,9000,0,0,1000,0,0
20251226,6742,澤米,47.1,47.35,46.3,46.9,-,0.1,104026,4866783.0,8000,0,0,46000,0,0,38000,0,0
20251226,6115,鎰勝,47.2,47.4,46.9,47.4,+,0.2,43823,2066262.0,8000,0,-45,8000,0,0,0,0,45
20251226,00913,兆豐台灣晶圓製造,24.5,24.65,24.48,24.56,+,0.36,381291,9358729.0,4000,0,3682,4000,0,327520,0,0,323838
20251226,4930,燦星網,22.0,22.2,22.0,22.05,+,0.05,33524,740905.0,7000,0,0,8000,0,0,1000,0,0
20251226,3501,維熹,49.05,49.05,48.6,48.75,-,0.3,59775,2915539.0,7000,0,0,20000,0,0,13000,0,0
20251226,4588,玖鼎電力,62.4,62.4,61.9,62.1,,0.0,23265,1443532.0,7000,0,0,8000,0,0,1000,0,0
20251226,4560,強信-KY,32.8,33.0,32.5,33.0,+,0.3,181000,5912650.0,7000,0,0,97000,0,0,90000,0,0
20251226,3669,圓展,29.65,32.1,29.65,32.1,+,2.9,798991,25405014.0,9000,0,-2000,9000,0,0,0,0,2000
20251226,3021,鴻名,17.55,17.6,17.35,17.55,,0.0,65066,1137545.0,7000,0,0,8000,0,0,1000,0,0
20251226,6504,南六,41.55,41.55,41.55,41.55,-,0.05,14427,599438.0,7000,0,0,8000,0,0,1000,0,0
20251226,1626,艾美特-KY,11.4,11.4,11.2,11.35,+,0.05,100123,1129997.0,3000,0,4000,7000,0,4000,4000,0,0
20251226,1533,車王電,32.35,32.45,31.85,32.15,-,0.4,72545,2332825.0,8000,0,-1000,10000,0,0,2000,0,1000
20251226,2351,順德,75.9,76.0,75.1,75.3,-,0.4,489635,36923059.0,39040,0,-32557,179040,0,8000,140000,0,40557
20251226,7740,熙特爾-創,154.0,160.0,151.0,151.0,,0.0,165033,25588632.0,6000,0,407,45000,0,2407,39000,0,2000
20251226,2462,良得電,22.55,22.7,22.4,22.7,+,0.1,48317,1089731.0,6000,0,200,10000,0,1000,4000,0,800
20251226,1707,葡萄王,127.0,127.0,126.5,126.5,,0.0,38076,4822163.0,6028,0,-9,10028,0,0,4000,0,9
20251226,2425,承啟,30.65,30.65,30.3,30.3,-,0.35,165375,5023802.0,8000,0,-2000,40000,0,0,32000,0,2000
20251226,5531,鄉林,9.1,9.14,9.08,9.12,-,0.02,248716,2264543.0,6000,0,0,20000,0,0,14000,0,0
20251226,7721,微程式,50.0,50.7,49.5,50.0,-,0.6,86285,4317914.0,6000,0,0,13000,0,0,7000,0,0
20251226,6906,現觀科,83.2,83.2,82.5,82.5,-,0.7,18724,1554204.0,6000,0,0,7000,0,0,1000,0,0
20251226,1529,樂事綠能,19.25,19.5,19.05,19.1,+,0.1,329253,6317173.0,6000,0,-1,107000,0,0,101000,0,1
20251226,00714,群益道瓊美國地產,20.06,20.06,20.03,20.04,+,0.14,234556,4700926.0,-2000,0,7202,0,0,209451,2000,0,202249
20251226,5306,桂盟,87.0,87.8,86.7,87.7,+,0.6,63853,5579972.0,10033,0,-5000,20033,0,0,10000,0,5000
20251226,2028,威致,17.0,17.35,17.0,17.05,+,0.15,70149,1205204.0,6000,0,-992,14000,0,8,8000,0,1000
20251226,1726,永記,75.8,75.9,75.8,75.8,+,0.1,12344,935844.0,5000,0,0,5000,0,0,0,0,0
20251226,2007,燁興,7.32,7.33,7.24,7.3,+,0.03,119021,866890.0,5000,0,0,18000,0,0,13000,0,0
20251226,1463,強盛新,19.55,19.65,19.4,19.45,-,0.25,89405,1741496.0,5000,0,0,6000,0,0,1000,0,0
20251226,6184,大豐電,48.35,48.35,48.1,48.2,-,0.2,37915,1829421.0,10000,0,-5000,16000,0,0,6000,0,5000
20251226,5288,豐祥-KY,130.0,130.5,129.0,130.0,+,0.5,57466,7477564.0,5000,0,0,13000,0,0,8000,0,0
20251226,3652,精聯,28.5,28.55,28.15,28.55,+,0.05,64171,1817140.0,6000,0,-1000,8000,0,0,2000,0,1000
20251226,4148,全宇生技-KY,38.15,38.15,37.5,38.1,-,0.05,17429,658705.0,5000,0,0,6000,0,0,1000,0,0
20251226,3164,景岳,18.45,18.6,18.3,18.3,-,0.05,83700,1547075.0,5000,0,0,5000,0,0,0,0,0
20251226,2442,新美齊,26.45,26.7,26.3,26.5,+,0.05,346229,9167096.0,5000,0,0,91000,0,0,86000,0,0
20251226,2424,隴華,37.0,38.2,36.5,37.0,-,1.1,85264,3143250.0,5000,0,0,6000,0,0,1000,0,0
20251226,2849,安泰銀,13.4,13.45,13.4,13.45,+,0.1,11927,160155.0,3000,0,2000,3000,0,2000,0,0,0
20251226,6598,ABC-KY,21.6,22.25,21.6,22.05,+,0.45,90659,2003011.0,7000,0,-2000,9000,0,0,2000,0,2000
20251226,7705,三商餐飲,40.1,40.1,39.95,40.0,-,0.05,70017,2800886.0,5000,0,0,7000,0,0,2000,0,0
20251226,6128,上福,22.8,22.85,22.75,22.8,-,0.05,48665,1109548.0,5000,0,-132,6000,0,0,1000,0,132
20251226,2514,龍邦,14.85,14.9,14.85,14.9,+,0.1,33579,499532.0,4000,0,468,4000,0,1000,0,0,532
20251226,00730,富邦臺灣優質高息,23.32,23.39,23.18,23.3,+,0.1,153908,3583633.0,-2000,0,6381,0,0,35759,2000,0,29378
20251226,6921,嘉雨思-創,90.0,93.1,70.0,81.0,-,11.0,303771,24615553.0,4000,0,0,4000,0,0,0,0,0
20251226,4569,六方科-KY,152.5,152.5,149.5,149.5,-,1.5,12863,1936462.0,3000,0,1000,5000,0,1000,2000,0,0
20251226,1805,寶徠,12.4,12.45,11.85,11.95,-,0.05,123196,1486792.0,5000,0,-1000,22000,0,0,17000,0,1000
20251226,2109,華豐,15.05,15.05,14.95,15.0,,0.0,124089,1859811.0,4000,0,0,5000,0,0,1000,0,0
20251226,6756,威鋒電子,83.7,83.7,81.1,81.9,-,0.9,61381,5037084.0,4000,0,-99,23000,0,19,19000,0,118
20251226,7722,LINEPAY,556.0,557.0,555.0,557.0,-,3.0,16754,9318838.0,3702,0,0,5722,0,0,2020,0,0
20251226,3209,全科,31.6,31.65,31.4,31.5,-,0.05,234531,7389995.0,5110,-1499,0,73110,0,0,68000,1499,0
20251226,3150,鈺寶-創,19.95,20.2,19.75,19.75,-,0.15,53055,1054641.0,-3000,0,6000,3000,0,11000,6000,0,5000
20251226,4119,旭富,49.0,49.5,48.85,48.95,+,0.05,45033,2209182.0,3000,0,0,11000,0,0,8000,0,0
20251226,2033,佳大,16.0,16.15,15.65,15.7,-,0.3,296846,4723067.0,3000,0,0,13000,0,0,10000,0,0
20251226,1445,大宇,13.2,13.25,13.1,13.2,-,0.1,14531,191359.0,0,0,3000,0,0,3000,0,0,0
20251226,1453,大將,12.8,12.9,12.65,12.8,-,0.05,31099,397077.0,3000,0,0,3000,0,1000,0,0,1000
20251226,6924,榮惠-KY創,70.0,70.1,64.0,70.1,-,0.9,52093,3515467.0,-2000,0,5000,0,0,18000,2000,0,13000
20251226,2460,建通,20.4,21.0,20.3,20.9,+,0.7,661556,13719215.0,6000,0,-3001,167000,0,0,161000,0,3001
20251226,1109,信大,15.5,15.55,15.5,15.55,+,0.05,92008,1427295.0,2000,0,753,3000,0,1000,1000,0,247
20251226,1737,臺鹽,31.45,31.7,31.45,31.7,+,0.25,63493,2000425.0,2724,0,0,4000,0,0,1276,0,0
20251226,1342,八貫,87.6,88.3,87.5,88.0,+,0.4,62227,5473695.0,2030,0,199,5030,0,199,3000,0,0
20251226,1444,力麗,6.12,6.12,6.04,6.09,-,0.01,376549,2286643.0,2000,0,222,115000,0,1000,113000,0,778
20251226,6230,尼得科超眾,117.5,118.5,117.0,117.5,-,0.5,19081,2244283.0,2000,0,7,4000,0,7,2000,0,0
20251226,4999,鑫禾,23.25,23.4,23.25,23.3,+,0.05,42965,1002752.0,0,0,2004,0,0,3000,0,0,996
20251226,4994,傳奇,95.1,96.4,95.1,96.2,+,1.1,12337,1182352.0,2000,0,0,3000,0,0,1000,0,0
20251226,3308,聯德,15.65,15.85,15.65,15.8,+,0.15,17993,282955.0,2000,0,0,4000,0,0,2000,0,0
20251226,2722,夏都,26.4,26.4,26.1,26.2,+,0.05,39779,1041256.0,2000,0,0,2000,0,0,0,0,0
20251226,1454,台富,13.15,13.2,13.1,13.1,-,0.1,46395,610866.0,2000,0,0,3000,0,0,1000,0,0
20251226,1475,業旺,30.45,30.5,30.0,30.0,-,0.1,48001,1443880.0,1000,0,1000,3000,0,1000,2000,0,0
20251226,1760,寶齡富錦,63.4,63.4,62.9,63.1,-,0.3,78983,4987611.0,2000,0,0,15000,0,0,13000,0,0
20251226,2115,六暉-KY,24.55,24.55,24.35,24.45,,0.0,103432,2527435.0,2000,0,0,7000,0,0,5000,0,0
20251226,1233,天仁,32.05,32.1,32.05,32.1,+,0.3,3601,115251.0,0,0,2000,0,0,2000,0,0,0
20251226,1256,鮮活果汁-KY,140.0,140.0,138.5,140.0,+,1.5,18385,2562095.0,2000,0,0,5000,0,0,3000,0,0
20251226,6936,永鴻生技,36.05,36.05,35.95,36.0,+,0.05,21307,765981.0,2000,0,0,2000,0,0,0,0,0
20251226,6914,阜爾運通,145.0,145.0,144.0,144.5,+,0.5,16014,2314050.0,2000,0,0,6000,0,0,4000,0,0
20251226,8481,政伸,40.9,40.9,40.3,40.85,-,0.05,13228,536634.0,2000,0,0,2000,0,0,0,0,0
20251226,9934,成霖,10.05,10.1,10.0,10.1,,0.0,204753,2057049.0,2000,0,0,12000,0,0,10000,0,0
20251226,4952,凌通,35.55,35.75,34.75,35.0,-,0.45,154173,5396643.0,2000,0,-7,34000,0,1000,32000,0,1007
20251226,1789,神隆,17.25,17.25,17.1,17.15,-,0.05,226813,3889729.0,0,0,1890,23000,0,2000,23000,0,110
20251226,2013,中鋼構,41.95,41.95,41.4,41.65,+,0.25,51049,2126576.0,2000,0,-201,9000,0,4000,7000,0,4201
20251226,2923,鼎固-KY,19.8,20.2,19.8,20.2,+,0.4,4306,85850.0,1000,0,0,1000,0,0,0,0,0
20251226,2702,華園,11.95,12.0,11.8,11.9,,0.0,22381,266637.0,-1000,0,2000,2000,0,2000,3000,0,0
20251226,2444,兆勁,11.5,11.8,11.4,11.65,+,0.2,158507,1832250.0,2000,0,-1000,2000,0,0,0,0,1000
20251226,2433,互盛電,47.6,47.9,47.6,47.6,+,0.1,13151,627166.0,1000,0,0,1000,0,0,0,0,0
20251226,2434,統懋,30.5,30.5,30.1,30.3,,0.0,22501,679220.0,1000,0,0,3000,0,0,2000,0,0
20251226,5007,三星,55.8,55.8,55.5,55.8,+,0.4,31828,1770562.0,1000,0,0,5000,0,0,4000,0,0
20251226,1531,高林股,11.85,11.95,11.85,11.9,+,0.05,81170,966387.0,1000,0,0,3000,0,0,2000,0,0
20251226,1525,江申,63.6,64.1,63.5,64.1,-,0.1,12053,767689.0,1000,0,0,1000,0,0,0,0,0
20251226,1614,三洋電,34.5,34.5,34.05,34.15,,0.0,49222,1682038.0,2000,0,-1000,5000,0,0,3000,0,1000
20251226,1583,程泰,45.8,45.8,45.8,45.8,,0.0,2357,108026.0,1000,0,0,1000,0,0,0,0,0
20251226,1470,大統新創,23.2,23.3,23.2,23.2,,0.0,8000,185800.0,1000,0,0,1000,0,0,0,0,0
20251226,1451,年興,17.4,17.4,17.4,17.4,-,0.05,34045,592577.0,1000,0,0,2000,0,0,1000,0,0
20251226,1418,東華,19.8,19.8,19.6,19.8,,0.0,10044,198265.0,1000,0,0,2000,0,0,1000,0,0
20251226,1341,富林-KY,58.6,58.7,58.6,58.6,+,0.1,7412,434441.0,1000,0,0,1000,0,0,0,0,0
20251226,9912,偉聯,12.25,12.45,12.05,12.35,+,0.2,98520,1210927.0,0,0,1000,0,0,3000,0,0,2000
20251226,7732,金興精密,40.95,41.0,40.5,40.9,-,0.05,48014,1961472.0,0,0,1000,1000,0,1000,1000,0,0
20251226,7765,中華資安,274.0,274.0,269.5,273.5,,0.0,46148,12536361.0,-10000,11000,0,3000,11000,0,13000,0,0
20251226,00703,台新MSCI中國,21.52,21.65,21.52,21.59,-,0.04,15555,336006.0,1000,0,-805,1000,0,18,0,0,823
20251226,1558,伸興,103.5,104.0,102.0,102.5,-,1.0,42204,4350909.0,0,-194,386,7000,0,1386,7000,194,1000
20251226,0057,富邦摩台,187.8,188.65,187.8,188.6,+,1.7,26268,4950206.0,0,0,189,0,0,21189,0,0,21000
20251226,6955,邦睿生技-創,150.5,151.0,150.0,151.0,-,1.5,6334,952373.0,0,0,59,0,0,2059,0,0,2000
20251226,00736,國泰新興市場,27.89,27.92,27.89,27.92,+,0.02,105137,2933944.0,0,0,1,0,0,101001,0,0,101000
20251226,00851,台新全球AI,55.95,56.35,55.95,56.3,+,0.35,16187,909246.0,-1000,0,1000,0,0,1000,1000,0,0
20251226,6958,日盛台駿,16.35,16.35,16.1,16.1,-,0.3,30847,499529.0,0,0,0,3000,0,0,3000,0,0
20251226,6952,大武山,43.05,43.05,43.0,43.0,+,0.2,15000,645200.0,1000,0,-1000,1000,0,0,0,0,1000
20251226,7631,聚賢研發-創,128.0,130.5,128.0,128.0,-,2.5,13163,1699488.0,0,0,0,0,0,3000,0,0,3000
20251226,7736,虎山,90.3,90.4,89.5,89.5,-,0.8,7001,630689.0,-1000,0,1000,1000,0,1000,2000,0,0
20251226,8476,台境*,18.25,18.45,18.05,18.25,,0.0,79279,1443685.0,3000,0,-3000,8000,0,1000,5000,0,4000
20251226,2939,永邑-KY,23.0,23.3,23.0,23.2,-,0.05,14007,323967.0,0,0,0,1000,0,0,1000,0,0
20251226,2706,第一店,12.95,12.95,12.9,12.9,,0.0,39471,510794.0,0,0,0,1000,0,0,1000,0,0
20251226,2524,京城,44.45,44.5,43.2,43.55,-,0.45,92570,4037752.0,-1000,0,1000,17000,0,4000,18000,0,3000
20251226,2430,燦坤,22.9,22.9,22.75,22.8,-,0.15,87210,1988071.0,0,0,0,2000,0,0,2000,0,0
20251226,4426,利勤,9.71,9.78,9.69,9.75,+,0.03,73038,710769.0,2000,0,-2000,3000,0,0,1000,0,2000
20251226,5525,順天,28.4,28.4,28.1,28.25,-,0.1,78284,2207370.0,0,0,0,3000,0,0,3000,0,0
20251226,4935,茂林-KY,41.0,41.15,40.85,40.85,-,0.15,38142,1562174.0,0,0,0,3000,0,0,3000,0,0
20251226,6666,羅麗芬-KY,44.95,44.95,44.85,44.95,+,0.75,6070,272390.0,0,0,0,1000,0,0,1000,0,0
20251226,6641,基士德-KY,19.15,19.2,19.0,19.1,-,0.05,21000,401550.0,0,0,0,1000,0,0,1000,0,0
20251226,6582,申豐,33.55,33.55,33.45,33.5,-,0.05,20266,679252.0,0,0,0,5000,0,0,5000,0,0
20251226,1521,大億,23.9,23.95,23.85,23.95,-,0.15,11137,266786.0,0,0,0,1000,0,0,1000,0,0
20251226,2069,運錩,17.55,18.05,17.55,18.0,+,0.3,248144,4436763.0,0,0,0,3000,0,0,3000,0,0
20251226,2025,千興,9.5,9.5,9.22,9.22,-,0.18,117591,1090869.0,-1000,0,1000,0,0,1000,1000,0,0
20251226,2373,震旦行,56.2,56.2,56.1,56.2,-,0.1,21103,1185777.0,0,0,0,1000,0,0,1000,0,0
20251226,1423,利華,38.0,38.4,38.0,38.3,+,0.3,17729,677037.0,0,0,0,2000,0,0,2000,0,0
20251226,1438,三地開發,34.5,34.5,33.6,33.85,-,0.65,48160,1645079.0,0,0,0,4000,0,0,4000,0,0
20251226,1452,宏益,11.8,11.9,11.8,11.85,+,0.05,30472,361457.0,-1000,0,1000,0,0,1000,1000,0,0
20251226,1456,怡華,12.9,12.95,12.9,12.95,+,0.15,2001,25862.0,-1000,0,1000,0,0,1000,1000,0,0
20251226,1203,味王,39.45,39.75,39.45,39.75,+,0.35,8561,338189.0,-1000,0,1000,0,0,1000,1000,0,0
20251226,6754,匯僑設計,48.2,48.3,48.1,48.3,+,0.45,6113,294607.0,0,-70,0,0,0,0,0,70,0
20251226,00702,國泰標普低波高息,23.32,23.33,23.32,23.32,,0.0,11470,267420.0,0,0,-95,0,0,3905,0,0,4000
20251226,6205,詮欣,48.4,48.4,48.4,48.4,+,4.4,399823,19351422.0,-2000,0,1826,0,0,1826,2000,0,0
20251226,00662,富邦NASDAQ,103.7,103.9,103.65,103.75,+,0.65,1942662,201568608.0,229006,0,-229183,241006,0,194000,12000,0,423183
20251226,6277,宏正,61.3,61.9,61.1,61.3,,0.0,42162,2593567.0,-3000,0,2796,5000,0,6071,8000,0,3275
20251226,1465,偉全,12.55,12.6,12.35,12.45,-,0.05,101451,1265460.0,-690,0,0,1310,0,0,2000,0,0
20251226,1762,中化生,24.45,24.7,24.45,24.65,+,0.05,46608,1142855.0,0,0,-710,0,0,1000,0,0,1710
20251226,8367,建新國際,43.6,43.7,43.55,43.7,+,0.05,57690,2516330.0,-1000,0,24,0,0,24,1000,0,0
20251226,8411,福貞-KY,12.3,12.3,12.0,12.2,-,0.2,239950,2908855.0,-3000,0,2000,3000,0,2000,6000,0,0
20251226,8482,商億-KY,50.2,50.2,49.5,50.2,+,0.6,4000,199550.0,-1000,0,0,0,0,0,1000,0,0
20251226,8487,愛爾達-創,78.2,78.9,78.2,78.2,-,0.5,3244,254564.0,-1000,0,0,0,0,0,1000,0,0
20251226,9918,欣天然,39.65,39.7,39.65,39.7,,0.0,4248,168598.0,-1000,0,0,0,0,0,1000,0,0
20251226,9927,泰銘,68.2,68.4,68.0,68.3,-,0.1,26405,1800989.0,-1000,0,0,6000,0,0,7000,0,0
20251226,1776,展宇,15.45,15.9,15.45,15.7,+,0.05,34139,536335.0,-1000,0,0,3000,0,0,4000,0,0
20251226,1526,日馳,16.85,16.85,16.6,16.7,,0.0,49109,817292.0,-1000,0,0,1000,0,0,2000,0,0
20251226,1474,弘裕,11.0,11.05,10.95,10.95,-,0.05,42358,466055.0,-1000,0,0,0,0,0,1000,0,0
20251226,1506,正道,11.6,11.65,11.5,11.6,-,0.05,79128,912862.0,-1000,0,0,0,0,0,1000,0,0
20251226,1512,瑞利,7.48,7.69,7.48,7.59,+,0.11,54025,406953.0,-1000,0,0,0,0,1000,1000,0,1000
20251226,1439,雋揚,29.95,30.0,29.25,29.9,-,0.2,23000,683950.0,-3000,0,2000,0,0,2000,3000,0,0
20251226,1321,大洋,35.0,35.1,34.85,35.0,,0.0,87000,3042700.0,-1000,0,0,6000,0,0,7000,0,0
20251226,1110,東泥,16.55,16.6,16.4,16.55,+,0.2,52002,856682.0,-3000,0,2000,0,0,2000,3000,0,0
20251226,1235,興泰,46.5,46.5,46.25,46.25,+,0.05,2152,99755.0,-1000,0,0,0,0,0,1000,0,0
20251226,2762,世界健身-KY,76.9,76.9,76.5,76.6,-,0.3,18197,1394866.0,-1000,0,0,0,0,0,1000,0,0
20251226,2906,高林,12.85,12.9,12.75,12.85,-,0.05,82416,1054866.0,-1000,0,0,0,0,0,1000,0,0
20251226,2910,統領,20.8,20.95,20.8,20.95,,0.0,7107,148679.0,-1000,0,0,0,0,0,1000,0,0
20251226,2450,神腦,29.0,29.0,28.85,28.95,+,0.05,61281,1772221.0,3000,0,-4000,7000,0,0,4000,0,4000
20251226,2459,敦吉,65.1,65.2,65.1,65.1,,0.0,22344,1455275.0,-1000,0,0,0,0,0,1000,0,0
20251226,6225,天瀚,18.3,18.3,17.5,18.2,-,0.1,11224,199370.0,-1000,0,0,0,0,0,1000,0,0
20251226,5546,永固-KY,22.0,22.8,22.0,22.25,,0.0,24202,541393.0,-1000,0,0,2000,0,0,3000,0,0
20251226,4807,日成-KY,18.45,18.7,18.35,18.35,-,0.1,26194,484657.0,-1000,0,0,1000,0,0,2000,0,0
20251226,4439,冠星-KY,102.0,102.0,101.5,102.0,,0.0,6042,614295.0,-1000,0,0,0,0,0,1000,0,0
20251226,6771,平和環保-創,45.3,45.35,45.05,45.35,+,0.25,5418,245279.0,0,0,-1000,0,0,0,0,0,1000
20251226,2227,裕日車,55.7,55.9,55.0,55.3,+,0.1,21079,1169405.0,-50,-1000,0,0,0,0,50,1000,0
20251226,1817,凱撒衛,38.45,38.45,38.4,38.4,-,0.05,6880,264372.0,-1000,0,-243,0,0,0,1000,0,243
20251226,1712,興農,44.3,44.45,44.0,44.1,,0.0,327086,14465741.0,-5899,0,3988,65101,0,4035,71000,0,47
20251226,00771,元大US高息特別股,16.03,16.11,16.03,16.08,+,0.08,13044,209675.0,0,0,-1944,0,0,2056,0,0,4000
20251226,2723,美食-KY,70.1,70.5,69.4,70.4,+,0.4,224334,15679486.0,-2959,-1000,2000,115041,0,2000,118000,1000,0
20251226,4585,達明,331.0,338.0,328.0,332.0,+,1.5,156477,52213944.0,-1990,0,0,11010,0,0,13000,0,0
20251226,4581,光隆精密-KY,51.2,51.3,51.2,51.2,,0.0,9070,464583.0,-2000,0,0,0,0,0,2000,0,0
20251226,3266,昇陽,14.0,14.15,14.0,14.15,+,0.15,15003,210892.0,-1000,0,-1000,0,0,0,1000,0,1000
20251226,2701,萬企,11.1,11.1,11.05,11.05,-,0.05,14736,162854.0,-2000,0,0,0,0,0,2000,0,0
20251226,00660,元大歐洲50,41.88,41.88,41.52,41.85,+,0.04,9339,389679.0,0,0,-2000,0,0,0,0,0,2000
20251226,2438,翔耀,21.45,21.5,21.4,21.4,-,0.15,32606,699006.0,-2000,0,0,0,0,0,2000,0,0
20251226,2414,精技,41.05,41.25,40.85,41.1,+,0.05,53159,2180046.0,-2000,0,0,3000,0,0,5000,0,0
20251226,6525,捷敏-KY,74.6,75.2,74.3,74.7,+,0.1,109203,8171112.0,2000,0,-4000,26000,0,0,24000,0,4000
20251226,6416,瑞祺電通,85.0,85.6,83.6,85.6,+,1.0,168272,14263371.0,-2000,0,0,55000,0,0,57000,0,0
20251226,2248,華勝-KY,49.4,49.4,48.75,48.75,-,0.35,3000,147350.0,-1000,0,-1000,0,0,0,1000,0,1000
20251226,1417,嘉裕,9.05,9.05,8.9,9.0,,0.0,72144,647419.0,0,0,-2000,5000,0,0,5000,0,2000
20251226,1459,聯發,11.85,11.9,11.85,11.85,,0.0,73144,868729.0,-2000,0,0,0,0,0,2000,0,0
20251226,1315,達新,64.2,64.2,63.9,64.0,-,0.2,17344,1110327.0,-2000,0,0,0,0,0,2000,0,0
20251226,6834,天二科技,29.0,29.0,28.2,28.7,-,0.1,145441,4151218.0,-3000,0,1000,24000,0,1000,27000,0,0
20251226,9942,茂順,107.0,107.0,106.0,106.5,-,0.5,46584,4966435.0,-2000,0,0,1000,0,0,3000,0,0
20251226,9905,大華,19.95,20.1,19.9,19.9,-,0.05,71732,1429433.0,-3000,0,1000,0,0,1000,3000,0,0
20251226,8443,阿瘦,11.15,11.15,11.15,11.15,,0.0,967793,11834840.0,-2000,0,0,0,0,0,2000,0,0
20251226,6671,三能-KY,35.8,35.8,35.7,35.7,+,0.15,5064,181200.0,0,0,-2064,1000,0,0,1000,0,2064
20251226,9930,中聯資源,70.0,70.4,70.0,70.1,+,0.1,52670,3694107.0,-2000,0,-178,9000,0,0,11000,0,178
20251226,9928,中視,20.2,20.6,19.85,20.2,-,0.3,169000,3401515.0,0,0,-2180,0,0,0,0,0,2180
20251226,1516,川飛,23.3,23.95,23.3,23.3,,0.0,178611,4222869.0,-3602,0,1000,1398,0,1000,5000,0,0
20251226,6589,台康生技,62.7,63.2,62.1,62.4,-,0.2,374764,23449422.0,-3000,0,396,116000,0,1000,119000,0,604
20251226,1590,亞德客-KY,938.0,952.0,938.0,939.0,-,10.0,89731,84707703.0,-4139,0,1435,60592,0,1470,64731,0,35
20251226,1752,南光,37.35,37.7,37.35,37.45,-,0.25,23336,875957.0,-3000,0,0,2000,0,0,5000,0,0
20251226,2243,宏旭-KY,11.65,11.9,11.65,11.8,+,0.2,148562,1750435.0,-3000,0,0,2000,0,0,5000,0,0
20251226,1468,昶和,11.75,11.8,11.75,11.8,,0.0,32000,376250.0,-3000,0,0,1000,0,0,4000,0,0
20251226,1473,台南,24.85,25.0,24.7,24.85,,0.0,16060,398637.0,-3000,0,0,0,0,0,3000,0,0
20251226,1338,廣華-KY,20.5,20.7,20.35,20.7,+,0.05,51722,1062335.0,-3000,0,0,0,0,0,3000,0,0
20251226,6645,金萬林-創,18.45,18.45,18.3,18.35,-,0.1,21647,397723.0,-1000,0,-2000,5000,0,0,6000,0,2000
20251226,6657,華安,41.65,42.9,41.35,41.95,,0.0,264016,11016388.0,-3000,0,0,67000,0,0,70000,0,0
20251226,6792,詠業,50.4,50.4,50.0,50.0,-,0.2,16547,829800.0,-3000,0,0,0,0,0,3000,0,0
20251226,2616,山隆,13.65,13.65,13.5,13.6,-,0.05,125132,1700621.0,-3000,0,0,0,0,0,3000,0,0
20251226,3040,遠見,57.1,57.1,55.9,56.7,+,0.2,55534,3138307.0,19000,0,-22000,23000,0,0,4000,0,22000
20251226,9908,大台北,29.95,30.0,29.9,29.9,-,0.05,97104,2908882.0,-3000,0,0,0,0,0,3000,0,0
20251226,8940,新天地,20.3,20.3,20.1,20.1,-,0.05,24777,500005.0,-3000,0,0,0,0,0,3000,0,0
20251226,8463,潤泰材,27.7,27.7,27.25,27.25,,0.0,22023,601676.0,-3000,0,0,0,0,0,3000,0,0
20251226,8215,明基材,18.9,19.2,18.85,19.05,+,0.05,397221,7551958.0,-3000,0,0,109000,0,0,112000,0,0
20251226,6862,三集瑞-KY,157.0,158.5,154.5,154.5,-,2.5,160197,24969344.0,-3000,0,0,10000,0,0,13000,0,0
20251226,6969,成信實業*-創,29.45,29.45,29.1,29.35,+,0.25,20161,589142.0,0,0,-3000,0,0,0,0,0,3000
20251226,6988,威力暘-創,12.95,12.95,12.95,12.95,-,0.05,3000,38850.0,0,0,-3000,0,0,0,0,0,3000
20251226,4106,雃博,22.1,22.1,22.0,22.0,-,0.15,16316,359842.0,-3000,0,-275,0,0,0,3000,0,275
20251226,3130,一零四,224.0,225.0,223.5,223.5,,0.0,13115,2941560.0,-4000,0,0,0,0,0,4000,0,0
20251226,1323,永裕,19.5,19.5,19.5,19.5,+,0.05,28990,565652.0,-6000,0,2000,0,0,2000,6000,0,0
20251226,1220,台榮,12.5,12.55,12.45,12.55,+,0.05,91264,1140439.0,-4000,0,0,2000,0,0,6000,0,0
20251226,1432,大魯閣,18.35,18.95,17.95,18.05,-,0.2,703081,12894010.0,-5000,0,1000,22000,0,1000,27000,0,0
20251226,1731,美吾華,21.75,21.85,21.75,21.8,+,0.1,29180,636010.0,-4000,0,0,0,0,0,4000,0,0
20251226,1530,亞崴,27.2,27.4,27.0,27.35,+,0.05,31846,865757.0,-4000,0,0,4000,0,0,8000,0,0
20251226,00876,元大全球5G,51.25,51.75,51.25,51.7,+,0.55,325648,16820217.0,-10000,0,6000,22000,0,200000,32000,0,194000
20251226,8442,威宏-KY,70.2,70.2,69.0,69.2,-,1.0,33084,2295446.0,-5000,0,1000,0,0,1000,5000,0,0
20251226,6183,關貿,96.2,96.4,95.2,95.4,+,0.3,25486,2435017.0,-2000,0,-2053,0,0,0,2000,0,2053
20251226,00668,國泰美國道瓊,55.9,56.0,55.85,55.95,+,0.35,20901,1168622.0,-1000,0,-3333,0,0,4667,1000,0,8000
20251226,2231,為升,95.5,95.9,93.4,94.0,-,1.4,309017,29141119.0,-39000,0,34387,85000,0,36270,124000,0,1883
20251226,1535,中宇,52.7,53.6,52.5,53.0,+,0.3,18001,953352.0,-5000,0,0,1000,0,1000,6000,0,1000
20251226,1568,倉佑,22.15,22.55,22.15,22.5,+,0.4,101403,2274374.0,-2000,0,-3000,4000,0,0,6000,0,3000
20251226,1725,元禎,27.2,27.4,26.5,26.95,-,0.2,87102,2346065.0,-5000,0,0,11000,0,1000,16000,0,1000
20251226,1225,福懋油,29.3,29.3,29.2,29.3,-,0.05,48774,1427495.0,-5000,0,0,6000,0,0,11000,0,0
20251226,2506,太設,9.35,9.38,9.28,9.38,-,0.01,125723,1171593.0,-5000,0,0,2000,0,0,7000,0,0
20251226,7730,暉盛-創,98.8,98.8,94.5,95.4,-,3.2,48071,4588795.0,-11000,0,6000,4000,0,7000,15000,0,1000
20251226,4770,上品,234.5,236.5,231.5,233.5,-,1.0,173659,40598984.0,-4017,0,-1289,56013,0,0,60030,0,1289
20251226,6757,台灣虎航,65.5,66.4,65.5,65.6,+,0.1,827801,54573352.0,-8922,0,3566,321078,0,4300,330000,0,734
20251226,8341,日友,78.0,78.4,77.9,78.1,+,0.1,93623,7316331.0,-3000,0,-2829,32000,0,1000,35000,0,3829
20251226,6423,億而得-創,83.0,88.1,82.7,86.4,+,6.1,124769,10706753.0,-19000,0,13045,12000,0,33045,31000,0,20000
20251226,6776,展碁國際,49.1,49.1,48.9,48.95,-,0.15,49748,2437050.0,-6000,0,0,4000,0,0,10000,0,0
20251226,6552,易華電,25.3,25.3,25.0,25.05,,0.0,42070,1059613.0,-6000,0,0,1000,0,0,7000,0,0
20251226,4133,亞諾法,23.0,23.0,22.8,22.9,+,0.15,17908,412256.0,-6000,0,0,0,0,0,6000,0,0
20251226,4137,麗豐-KY,100.5,100.5,99.3,100.0,+,0.1,73633,7361464.0,-6000,0,0,12000,0,0,18000,0,0
20251226,1324,地球,10.45,10.6,10.45,10.5,+,0.15,47413,499269.0,-5000,0,-1000,0,0,0,5000,0,1000
20251226,1236,宏亞,26.15,26.3,25.8,26.15,+,0.1,121194,3151324.0,-6000,0,0,1000,0,0,7000,0,0
20251226,1416,廣豐,11.8,12.05,11.8,11.95,+,0.05,186098,2218783.0,1000,0,-7000,10000,0,1000,9000,0,8000
20251226,1457,宜進,15.8,15.8,15.75,15.75,,0.0,57400,905237.0,-6000,0,0,0,0,0,6000,0,0
20251226,6909,創控,38.95,39.9,38.95,39.65,+,0.3,125695,4969242.0,-6000,0,0,20000,0,0,26000,0,0
20251226,1906,寶隆,11.9,12.0,11.75,11.9,+,0.1,37202,440907.0,-6000,0,-233,0,0,7000,6000,0,7233
20251226,2707,晶華,189.0,190.0,189.0,189.5,+,0.5,32801,6215084.0,-6972,0,0,4028,0,0,11000,0,0
20251226,2608,嘉里大榮,33.25,33.25,33.15,33.25,,0.0,51344,1705098.0,-7000,0,0,10000,0,0,17000,0,0
20251226,5533,皇鼎,14.5,14.8,14.5,14.8,+,0.35,300496,4417537.0,-3000,0,-4000,1000,0,0,4000,0,4000
20251226,1108,幸福,15.0,15.0,14.9,14.95,+,0.05,52607,784966.0,-7000,0,0,0,0,0,7000,0,0
20251226,8466,美吉吉-KY,21.8,21.9,21.65,21.7,-,0.2,48171,1046277.0,-7000,0,0,1000,0,0,8000,0,0
20251226,1597,直得,72.7,72.7,71.7,72.1,-,0.4,78506,5658814.0,-9000,0,1762,13000,0,1762,22000,0,0
20251226,6861,睿生光電,58.3,58.5,57.4,57.7,-,0.3,55785,3220721.0,-8000,0,565,13000,0,1000,21000,0,435
20251226,8271,宇瞻,101.5,103.0,100.0,100.5,+,0.5,7542112,762635387.0,-35900,-1000,29189,1719100,0,37190,1755000,1000,8001
20251226,4916,事欣科,60.0,60.1,58.9,59.2,-,1.3,5320439,315545382.0,134000,0,-141746,625000,0,6000,491000,0,147746
20251226,3705,永信,57.0,57.2,56.8,56.9,-,0.1,158374,9016839.0,-6921,0,-1000,26079,0,4000,33000,0,5000
20251226,2704,國賓,43.45,43.55,43.3,43.35,-,0.15,29376,1274008.0,-8000,0,0,5000,0,0,13000,0,0
20251226,6674,鋐寶科技,21.2,21.2,20.35,20.35,-,0.35,67100,1381630.0,-8000,0,0,4000,0,0,12000,0,0
20251226,8201,無敵,13.8,14.0,13.7,13.75,+,0.05,45708,629974.0,-8000,0,0,0,0,0,8000,0,0
20251226,6902,GOGOLOOK,76.1,77.7,75.1,76.3,+,0.2,18109,1384691.0,-7000,0,-1000,0,0,0,7000,0,1000
20251226,6918,愛派司,86.2,87.8,86.2,86.8,+,0.4,38471,3347889.0,-8000,0,0,1000,0,0,9000,0,0
20251226,3046,建碁,51.5,52.0,51.2,51.8,,0.0,105770,5455571.0,-18000,0,9991,12000,0,10000,30000,0,9
20251226,6689,伊雲谷,61.7,61.7,60.9,61.3,-,0.4,122140,7481982.0,26000,-34000,-44,41000,0,0,15000,34000,44
20251226,00875,國泰網路資安,39.17,39.17,39.13,39.16,+,0.15,17775,696098.0,0,0,-8106,0,0,1000,0,0,9106
20251226,9802,鈺齊-KY,103.5,104.5,102.5,102.5,-,1.0,972655,100366064.0,9439,0,-18106,269439,0,8093,260000,0,26199
20251226,6949,沛爾生醫-創,358.0,365.0,353.0,359.0,,0.0,106428,38135214.0,-9000,0,141,29000,0,3000,38000,0,2859
20251226,6743,安普新,28.0,28.0,27.5,27.9,+,0.1,48177,1335371.0,-9000,0,0,13000,0,0,22000,0,0
20251226,4108,懷特,13.5,13.6,13.4,13.45,-,0.05,160514,2166989.0,-9000,0,0,1000,0,0,10000,0,0
20251226,4771,望隼,176.0,176.0,174.0,174.0,-,0.5,25061,4370241.0,-9000,0,0,2000,0,0,11000,0,0
20251226,2908,特力,20.5,20.5,20.25,20.3,-,0.1,251573,5125836.0,-15000,0,6000,15000,0,6000,30000,0,0
20251226,6994,富威電力,92.8,93.5,91.2,92.3,-,0.5,130550,12016994.0,-6000,0,-3248,38000,0,142,44000,0,3390
20251226,4562,穎漢,36.65,36.65,35.7,35.95,-,0.25,171149,6164607.0,-9000,0,-297,42000,0,0,51000,0,297
20251226,00661,元大日經225,65.3,65.55,65.3,65.3,+,0.45,119781,7832745.0,-1000,0,-8640,0,0,26488,1000,0,35128
20251226,2483,百容,18.85,18.85,18.45,18.5,+,0.1,33247,616922.0,-9000,0,-1000,1000,0,0,10000,0,1000
20251226,3716,中化控股,33.7,33.7,33.4,33.45,-,0.1,87984,2943864.0,-10000,0,0,0,0,0,10000,0,0
20251226,1783,和康生,42.75,43.4,42.1,42.35,-,0.4,29352,1248840.0,-10000,0,0,1000,0,0,11000,0,0
20251226,2642,宅配通,26.3,26.3,26.15,26.15,-,0.05,43734,1144881.0,-10022,0,0,0,0,0,10022,0,0
20251226,3032,偉訓,78.4,78.4,76.9,77.4,-,0.2,368487,28509169.0,15000,0,-25432,134000,0,9385,119000,0,34817
20251226,1598,岱宇,21.0,21.0,20.75,20.8,-,0.1,82585,1718767.0,-11000,0,0,7000,0,0,18000,0,0
20251226,1604,聲寶,24.5,24.6,24.45,24.45,-,0.05,91331,2236604.0,-12000,0,1000,9000,0,1000,21000,0,0
20251226,9103,美德醫療-DR,4.61,4.61,4.57,4.57,-,0.05,148789,681758.0,-11000,0,0,1000,0,0,12000,0,0
20251226,6672,騰輝電子-KY,93.5,93.7,91.8,93.6,+,0.6,658996,61251337.0,-11954,0,858,161046,0,1000,173000,0,142
20251226,1234,黑松,37.75,37.75,37.65,37.65,-,0.1,79760,3005222.0,-12000,0,556,2000,0,1000,14000,0,444
20251226,9924,福興,53.0,53.0,52.9,52.9,-,0.1,60162,3186637.0,-11000,-447,0,1000,0,0,12000,447,0
20251226,8162,微矽電子-創,34.7,37.5,34.3,35.4,+,1.1,218711,7821754.0,-7000,0,-4920,5000,0,36099,12000,0,41019
20251226,1713,國化,43.9,45.0,43.65,44.35,+,0.65,103738,4586833.0,-15000,0,3000,1000,0,3000,16000,0,0
20251226,1539,巨庭,17.0,17.1,16.95,17.05,-,0.05,34419,587324.0,-12000,0,0,2000,0,0,14000,0,0
20251226,6573,虹揚-KY,15.05,15.8,15.05,15.15,,0.0,219396,3380674.0,-6000,0,-6000,42000,0,1000,48000,0,7000
20251226,5285,界霖,48.5,48.9,47.8,48.9,+,0.45,128141,6185190.0,-12000,0,0,18000,0,0,30000,0,0
20251226,5225,東科-KY,101.5,101.5,100.0,100.0,-,1.5,128681,12966542.0,-13000,0,0,9000,0,0,22000,0,0
20251226,4438,廣越,76.6,77.3,76.6,76.7,-,0.6,34168,2624694.0,-11000,0,-2000,5000,0,1000,16000,0,3000
20251226,2611,志信,14.7,14.9,14.7,14.8,,0.0,206502,3052228.0,-13000,0,0,32000,0,0,45000,0,0
20251226,2465,麗臺,59.8,60.0,59.1,59.9,+,0.1,259967,15499360.0,-13000,0,0,7000,0,0,20000,0,0
20251226,1709,和益,16.65,16.7,16.6,16.65,,0.0,144328,2402592.0,-13000,0,0,5000,0,0,18000,0,0
20251226,6931,青松健康,63.8,63.8,61.5,62.0,-,0.3,117543,7315503.0,-13000,0,0,7000,0,0,20000,0,0
20251226,2538,基泰,11.45,11.5,11.3,11.35,,0.0,158034,1797157.0,-14000,0,0,12000,0,0,26000,0,0
20251226,00920,富邦ESG綠色電力,18.3,18.34,18.3,18.33,+,0.04,168486,3087406.0,0,0,-14249,0,0,111385,0,0,125634
20251226,2543,皇昌,62.7,62.8,61.7,62.0,-,0.7,817210,50748558.0,-3000,0,-11596,189000,0,7500,192000,0,19096
20251226,4190,佐登-KY,30.0,30.1,29.8,29.95,,0.0,23151,693207.0,-15000,0,0,1000,0,0,16000,0,0
20251226,3004,豐達科,103.5,103.5,101.0,102.5,,0.0,237716,24219366.0,-15000,0,-3,48000,0,0,63000,0,3
20251226,3026,禾伸堂,100.5,101.0,99.6,100.5,+,0.7,518288,51881258.0,-16947,-1000,2000,170053,0,2000,187000,1000,0
20251226,6192,巨路,107.0,107.0,106.0,107.0,+,0.5,99547,10624771.0,2000,0,-18000,20000,0,0,18000,0,18000
20251226,6614,資拓宏宇,49.05,49.05,48.65,48.8,-,0.4,78175,3822506.0,-16000,0,0,0,0,0,16000,0,0
20251226,8210,勤誠,980.0,986.0,971.0,973.0,+,9.0,1282105,1253110902.0,-228842,214000,-1191,256037,215000,49585,484879,1000,50776
20251226,1733,五鼎,30.9,31.05,30.7,30.85,+,0.05,121892,3758536.0,-17000,-1000,1000,28000,0,1000,45000,1000,0
20251226,6579,研揚,106.5,106.5,105.0,106.0,-,1.0,45382,4805339.0,-17000,0,-1,5000,0,0,22000,0,1
20251226,6491,晶碩,280.5,282.0,278.0,282.0,+,2.0,113733,31767465.0,-16989,0,-277,10011,0,2000,27000,0,2277
20251226,3416,融程電,152.0,153.0,150.0,150.5,-,1.0,188836,28563233.0,-16000,0,-1498,48000,0,0,64000,0,1498
20251226,1735,日勝化,19.0,19.7,18.45,19.2,+,0.4,891074,17125092.0,-16000,0,-1534,64000,0,0,80000,0,1534
20251226,6854,錼創科技-KY創,130.5,131.0,129.0,129.5,-,0.5,148207,19213242.0,-18000,0,0,30000,0,2000,48000,0,2000
20251226,3031,佰鴻,19.95,20.05,19.65,19.7,-,0.25,170455,3370390.0,-18000,0,-156,40000,0,0,58000,0,156
20251226,6719,力智,196.0,197.0,195.0,195.0,,0.0,99841,19524998.0,-21000,0,2809,22000,0,3056,43000,0,247
20251226,6916,華凌,19.2,19.3,18.35,18.35,-,0.4,132409,2473118.0,-18000,0,-237,1000,0,1000,19000,0,1237
20251226,8499,鼎炫-KY,404.5,404.5,392.0,398.0,,0.0,257651,102645535.0,-16000,0,-2299,76000,0,3335,92000,0,5634
20251226,2247,汎德永業,283.5,284.0,280.5,281.5,-,2.5,120792,34085331.0,-18988,0,0,12012,0,1000,31000,0,1000
20251226,2022,聚亨,8.23,8.23,8.09,8.14,-,0.06,250117,2040832.0,-19000,0,0,24000,0,0,43000,0,0
20251226,4440,宜新實業,17.45,17.8,17.4,17.55,,0.0,68000,1199700.0,-19000,0,0,3000,0,0,22000,0,0
20251226,9906,欣巴巴,54.8,54.8,52.8,53.4,+,0.2,89799,4817724.0,-20000,0,1000,20000,0,3000,40000,0,2000
20251226,7788,松川精密,131.5,134.0,128.0,133.5,+,2.0,277532,36412052.0,-20000,0,1000,42000,0,1000,62000,0,0
20251226,5234,達興材料,342.5,344.5,334.5,337.0,-,3.0,257172,87139288.0,-35992,20000,-3813,48008,20000,7784,84000,0,11597
20251226,9136,巨騰-DR,7.51,7.57,7.49,7.49,+,0.02,249000,1872460.0,-20000,0,0,1000,0,0,21000,0,0
20251226,8222,寶一,41.5,41.5,40.5,40.7,-,0.4,194663,7931704.0,-20000,0,0,32000,0,0,52000,0,0
20251226,1472,三洋實業,88.5,89.0,88.5,88.6,-,0.2,79050,7018235.0,-21000,0,0,1000,0,0,22000,0,0
20251226,1460,宏遠,6.32,6.34,6.25,6.34,+,0.05,1042768,6580468.0,159000,0,-180000,174000,0,0,15000,0,180000
20251226,1515,力山,27.6,27.8,27.35,27.8,+,0.25,172252,4753756.0,-21000,0,0,50000,0,0,71000,0,0
20251226,3043,科風,21.4,21.55,21.3,21.35,-,0.25,88493,1890123.0,-21000,0,0,8000,0,0,29000,0,0
20251226,2612,中航,59.5,60.3,59.3,59.8,+,0.3,891137,53296113.0,-45590,0,23618,367049,0,24099,412639,0,481
20251226,3454,晶睿,98.8,98.9,98.7,98.8,+,0.1,292127,28849776.0,-22000,0,0,2000,0,0,24000,0,0
20251226,7786,東方風能,159.0,159.0,156.5,157.0,-,1.0,158380,24866069.0,-22000,0,0,22000,0,0,44000,0,0
20251226,5607,遠雄港,48.75,49.45,48.6,48.9,+,0.15,163308,7971998.0,-23942,0,1000,30058,0,4000,54000,0,3000
20251226,6790,永豐實,38.75,38.75,38.55,38.6,-,0.1,52637,2033234.0,-22000,-1000,0,4000,0,1000,26000,1000,1000
20251226,2239,英利-KY,36.85,36.85,35.2,35.2,-,1.65,71178,2559974.0,-26000,0,3000,11000,0,3000,37000,0,0
20251226,6928,攸泰科技,54.1,54.2,51.6,52.0,-,0.6,158417,8324476.0,-23000,0,-16,33000,0,35,56000,0,51
20251226,4564,元翎,17.6,17.95,17.45,17.5,+,0.15,625115,11053913.0,-21000,0,-2275,102000,0,2000,123000,0,4275
20251226,2527,宏璟,29.15,29.8,29.05,29.1,+,0.1,216000,6346927.0,-23000,-327,0,47000,0,0,70000,327,0
20251226,1455,集盛,7.66,7.79,7.6,7.72,,0.0,780434,5986431.0,-23000,0,-848,11000,0,3000,34000,0,3848
20251226,2705,六福,16.7,16.7,16.5,16.6,-,0.1,88188,1466704.0,-24000,0,0,5000,0,0,29000,0,0
20251226,3447,展達,53.0,53.9,51.7,52.5,-,1.0,1188645,62655009.0,-24000,0,0,164000,0,0,188000,0,0
20251226,6477,安集,37.0,37.75,36.45,36.9,+,0.25,1304817,48338446.0,-25000,0,1000,330000,0,1000,355000,0,0
20251226,00972,野村日本動能高息,18.0,18.02,17.97,18.01,+,0.01,64535,1161663.0,-2000,0,-22341,0,0,8000,2000,0,30341
20251226,3013,晟銘電,130.5,131.0,128.0,129.0,,0.0,1890549,244364835.0,40367,0,-64806,474000,0,16000,433633,0,80806
20251226,9937,全國,56.5,57.6,56.2,56.7,-,0.1,68574,3894362.0,-25000,0,46,0,0,46,25000,0,0
20251226,2012,春雨,15.1,15.65,15.1,15.3,+,0.3,102970,1590471.0,-26000,0,1000,3000,0,1000,29000,0,0
20251226,8114,振樺電,173.5,173.5,171.5,171.5,-,2.5,217575,37518026.0,-22433,0,-2815,62017,0,1000,84450,0,3815
20251226,4746,台耀,62.2,62.2,60.6,60.6,-,0.8,333345,20477280.0,-19000,0,-6395,91000,0,500,110000,0,6895
20251226,5538,東明-KY,29.7,29.7,29.7,29.7,,0.0,30000,891000.0,-26000,0,0,0,0,0,26000,0,0
20251226,2851,中再保,26.05,26.25,26.0,26.2,+,0.1,697486,18225134.0,75000,0,-101000,257000,0,0,182000,0,101000
20251226,6505,台塑化,48.95,49.1,48.45,48.7,+,0.05,1316127,64138554.0,-33000,0,6798,435000,0,25619,468000,0,18821
20251226,2480,敦陽科,150.5,150.5,149.5,149.5,-,1.0,87718,13144876.0,-26972,0,295,5028,0,1000,32000,0,705
20251226,00692,富邦公司治理,56.5,56.75,56.3,56.65,+,0.45,1293667,73186695.0,3000,0,-29913,5000,0,513580,2000,0,543493
20251226,6782,視陽,174.0,175.0,172.5,173.5,-,0.5,86129,14928289.0,-32984,0,6000,22016,0,6000,55000,0,0
20251226,3051,力特,18.4,18.55,18.15,18.25,-,0.15,316061,5766691.0,-27000,0,0,96000,0,0,123000,0,0
20251226,6625,必應,80.7,81.6,80.7,80.8,-,0.1,66779,5407896.0,-28000,0,-5,1000,0,0,29000,0,5
20251226,4142,國光生,19.5,19.5,19.3,19.3,-,0.15,590839,11445570.0,-28000,0,-173,117000,0,2000,145000,0,2173
20251226,7799,禾榮科,484.0,484.0,459.5,462.5,-,22.5,935663,438350804.0,87040,-67000,-49000,310962,1000,1000,223922,68000,50000
20251226,4755,三福化,109.5,110.0,108.0,109.0,,0.0,74282,8114279.0,-29000,0,0,3000,0,0,32000,0,0
20251226,8249,菱光,51.1,51.1,50.3,50.7,-,0.2,372625,18872735.0,-29000,0,-167,102000,0,0,131000,0,167
20251226,6281,全國電,62.6,63.8,62.6,62.6,-,0.2,58149,3648099.0,-28000,0,-3000,14000,0,0,42000,0,3000
20251226,8045,達運光電,77.3,77.5,76.0,76.4,-,1.2,100292,7711468.0,-32000,0,968,18000,0,1007,50000,0,39
20251226,1527,鑽全,32.7,32.7,32.35,32.5,-,0.2,170016,5527522.0,-33000,0,0,3000,0,0,36000,0,0
20251226,9940,信義,22.7,22.85,22.65,22.85,+,0.15,370259,8420417.0,-38000,0,4000,134000,0,4000,172000,0,0
20251226,2348,海悅,84.3,85.2,83.1,83.5,+,0.1,257188,21573834.0,-33653,0,-356,68347,0,423,102000,0,779
20251226,1201,味全,14.65,14.7,14.6,14.65,,0.0,119496,1750099.0,-35000,0,0,5000,0,0,40000,0,0
20251226,8072,陞泰,30.05,30.2,29.8,29.85,-,0.1,122382,3662773.0,-35000,0,0,30000,0,0,65000,0,0
20251226,7711,永擎,262.5,263.0,257.5,257.5,-,4.5,272718,70563732.0,-36000,0,0,1000,0,0,37000,0,0
20251226,1103,嘉泥,14.0,14.1,13.95,14.0,,0.0,244387,3419348.0,-36000,0,0,13000,0,0,49000,0,0
20251226,1219,福壽,13.5,13.55,13.45,13.45,,0.0,86555,1167604.0,-37000,0,0,0,0,0,37000,0,0
20251226,6197,佳必琪,137.5,138.5,136.0,138.5,+,2.0,1005039,138092227.0,459027,-502000,5533,576027,0,7169,117000,502000,1636
20251226,2031,新光鋼,37.55,37.75,37.55,37.65,+,0.1,225904,8502524.0,-37000,0,-1000,54000,0,0,91000,0,1000
20251226,00709,富邦歐洲,36.91,36.99,36.9,36.99,+,0.08,91700,3388013.0,0,0,-39000,0,0,1000,0,0,40000
20251226,3052,夆典,12.25,12.35,12.1,12.25,+,0.15,1635828,20068062.0,-40000,0,0,280000,0,0,320000,0,0
20251226,8429,金麗-KY,7.78,7.78,7.7,7.75,+,0.01,112855,871962.0,-38000,0,-2000,0,0,0,38000,0,2000
20251226,4572,駐龍,158.5,158.5,154.0,154.0,-,4.0,96799,15098869.0,-41000,0,0,6000,0,0,47000,0,0
20251226,2832,台產,50.3,50.9,50.1,50.2,-,0.6,146288,7374276.0,-42000,-2000,3000,14000,0,5000,56000,2000,2000
20251226,1734,杏輝,30.5,30.55,30.3,30.4,-,0.05,88380,2687331.0,-41000,0,0,6000,0,0,47000,0,0
20251226,1337,再生-KY,4.9,4.9,4.85,4.86,-,0.03,112819,548427.0,-41000,0,0,0,0,0,41000,0,0
20251226,2461,光群雷,14.9,15.1,14.7,14.8,+,0.05,216726,3212359.0,-42000,0,0,11000,0,0,53000,0,0
20251226,4576,大銀微系統,108.5,108.5,104.5,104.5,-,3.0,219944,23209607.0,-54000,0,11676,28000,0,15000,82000,0,3324
20251226,6142,友勁,9.31,9.37,9.21,9.25,-,0.06,399620,3702307.0,-43000,0,0,2000,0,0,45000,0,0
20251226,4720,德淵,15.1,15.2,14.95,15.2,+,0.15,275729,4159387.0,-43000,-508,0,5000,0,0,48000,508,0
20251226,6117,迎廣,82.9,83.0,81.5,82.6,,0.0,370320,30477522.0,-43995,0,0,51005,0,0,95000,0,0
20251226,6695,芯鼎,46.3,46.8,45.1,45.25,-,0.05,298277,13584299.0,-44000,0,-99,58000,0,0,102000,0,99
20251226,6534,正瀚-創,90.5,90.6,89.1,89.1,-,1.1,91290,8209705.0,-46000,0,1000,1000,0,1000,47000,0,0
20251226,2302,麗正,17.45,17.55,17.4,17.4,,0.0,257354,4494563.0,-45000,-1000,0,55000,0,0,100000,1000,0
20251226,00701,國泰股利精選30,29.29,29.31,29.16,29.3,+,0.01,1227891,35921615.0,20000,0,-66053,53000,0,149000,33000,0,215053
20251226,2431,聯昌,11.65,11.75,11.45,11.55,,0.0,281773,3261150.0,-49000,0,2525,22000,0,4000,71000,0,1475
20251226,6112,邁達特,47.25,47.25,46.5,46.5,-,0.6,250241,11678138.0,-47000,0,-100,47000,0,0,94000,0,100
20251226,6670,復盛應用,257.0,262.5,257.0,258.0,+,3.0,901645,233516794.0,445032,-473778,-18790,611032,0,35093,166000,473778,53883
20251226,6024,群益期,51.6,51.6,51.3,51.4,-,0.2,202070,10385871.0,-29000,0,-20000,13000,0,0,42000,0,20000
20251226,3311,閎暉,31.15,32.8,31.15,32.0,+,0.85,603090,19456981.0,-50000,0,336,139000,0,2247,189000,0,1911
20251226,6283,淳安,25.7,25.7,25.2,25.4,-,0.25,142609,3615375.0,-50000,0,0,10000,0,0,60000,0,0
20251226,2241,艾姆勒,37.05,37.2,36.75,36.8,-,0.3,304341,11235735.0,-10000,0,-40000,71000,0,0,81000,0,40000
20251226,6957,裕慶-KY,198.0,202.5,196.0,196.5,-,4.0,176439,34953661.0,-53000,0,0,12000,0,0,65000,0,0
20251226,6698,旭暉應材,28.5,28.85,28.15,28.5,,0.0,119739,3407469.0,-54000,0,194,6000,0,4000,60000,0,3806
20251226,6768,志強-KY,111.0,112.5,110.5,110.5,,0.0,227203,25313240.0,-33966,0,-19999,54034,0,2000,88000,0,21999
20251226,6591,動力-KY,79.0,79.0,77.6,77.7,-,0.8,216177,16861757.0,-55000,0,0,22000,0,0,77000,0,0
20251226,6605,帝寶,144.0,144.5,140.5,141.5,-,2.0,1087576,154148311.0,488039,-551000,6681,688039,0,7000,200000,551000,319
20251226,6585,鼎基,88.6,88.6,86.5,87.3,-,1.4,88178,7693586.0,-55000,0,-1432,6000,0,0,61000,0,1432
20251226,6272,驊陞,51.2,51.3,48.7,48.8,-,2.3,1958221,97437709.0,-57000,0,0,106000,0,0,163000,0,0
20251226,2630,亞航,54.2,54.5,53.1,53.4,-,0.6,2249040,120362548.0,-67050,0,9630,389000,0,15000,456050,0,5370
20251226,2607,榮運,58.7,58.9,57.6,58.8,+,0.8,1970924,115197759.0,1186080,-1350000,104000,1457080,0,104000,271000,1350000,0
20251226,2453,凌群,53.0,53.1,52.2,52.6,-,0.4,236727,12449619.0,-60000,0,0,40000,0,0,100000,0,0
20251226,3661,世芯-KY,3215.0,3270.0,3180.0,3215.0,+,35.0,928960,2990719135.0,52640,-124000,10790,253521,2000,26931,200881,126000,16141
20251226,3025,星通,67.2,68.0,66.0,66.9,-,1.0,1997640,133815505.0,-63000,0,1000,201000,0,1000,264000,0,0
20251226,2838,聯邦銀,19.6,19.7,19.55,19.55,-,0.05,2419850,50167379.0,-28800,-44000,10000,246000,0,10000,274800,44000,0
20251226,4766,南寶,317.5,318.5,313.0,313.5,-,3.5,391419,123135363.0,35016,-98000,152,143016,0,8000,108000,98000,7848
20251226,7749,意騰-KY,434.5,434.5,420.0,420.0,-,17.5,219895,93373870.0,-61995,0,-1333,14005,0,0,76000,0,1333
20251226,3321,同泰,18.7,18.7,17.85,17.9,-,0.45,252960,4560973.0,-63372,0,0,17000,0,1000,80372,0,1000
20251226,3504,揚明光,52.2,52.2,51.2,51.8,,0.0,135916,6999694.0,-42000,0,-22301,27000,0,0,69000,0,22301
20251226,3694,海華,62.1,63.0,60.9,61.1,-,0.8,1215986,74525378.0,15722,0,-80044,328000,0,1101,312278,0,81145
20251226,1732,毛寶,28.65,28.65,28.3,28.35,-,0.1,132615,3761494.0,-59000,0,-7000,1000,0,0,60000,0,7000
20251226,2211,長榮鋼,102.0,104.5,101.5,103.0,+,1.0,5081678,524448975.0,-2252000,2251000,-65015,1168000,2260000,1000,3420000,9000,66015
20251226,5434,崇越,299.0,299.0,292.0,292.0,-,4.0,642600,188628242.0,139032,-201000,-5759,315032,0,7000,176000,201000,12759
20251226,4912,聯德控股-KY,82.9,82.9,81.3,81.9,-,0.3,122070,10011559.0,-69000,0,-474,18000,0,0,87000,0,474
20251226,6526,達發,430.0,432.0,427.0,428.0,-,4.0,226199,97086509.0,-70827,0,468,16174,0,14000,87001,0,13532
20251226,4968,立積,129.0,129.5,127.0,128.0,-,0.5,399701,51135034.0,-69000,0,-1589,79000,0,3000,148000,0,4589
20251226,2208,台船,20.15,20.2,19.95,20.05,-,0.1,1981655,39672594.0,-72970,0,2000,45030,0,2000,118000,0,0
20251226,6592,和潤企業,61.8,61.8,60.9,61.3,-,0.4,206655,12656305.0,-72000,0,-25,16000,0,110,88000,0,135
20251226,3533,嘉澤,1310.0,1310.0,1285.0,1290.0,-,15.0,243099,314123440.0,-42012,-30000,-242,39008,0,6125,81020,30000,6367
20251226,1464,得力,11.25,11.25,11.1,11.15,,0.0,222637,2487792.0,-73000,0,0,1000,0,0,74000,0,0
20251226,1104,環泥,30.1,30.1,29.95,30.0,-,0.15,325804,9784792.0,-111865,0,38856,13135,0,39000,125000,0,144
20251226,9907,統一實,18.4,18.45,18.15,18.2,-,0.2,10036011,183645860.0,-6602728,6530000,-565,1139272,6532000,3000,7742000,2000,3565
20251226,00911,兆豐洲際半導體,33.41,33.57,33.36,33.49,+,0.28,478099,16022742.0,-3988,0,-70426,12,0,282000,4000,0,352426
20251226,2929,淘帝-KY,7.9,8.07,7.86,7.95,+,0.05,148161,1174578.0,-75000,0,0,0,0,0,75000,0,0
20251226,1532,勤美,26.65,26.95,26.65,26.65,-,0.1,260103,6954010.0,-55000,-5352,-15000,39000,0,2000,94000,5352,17000
20251226,3305,昇貿,111.0,112.5,109.0,109.0,-,1.5,5190726,572769445.0,-62175,0,-13869,1038025,0,32269,1100200,0,46138
20251226,2364,倫飛,68.7,68.7,66.8,67.2,-,0.8,175334,11799948.0,-77300,0,754,27000,0,2000,104300,0,1246
20251226,2501,國建,24.2,24.2,23.75,23.9,-,0.1,1883911,45058721.0,-58841,-7000,-12000,553159,0,50000,612000,7000,62000
20251226,00917,中信特選金融,25.64,25.82,25.64,25.81,+,0.19,145344,3749831.0,1000,0,-80041,1000,0,18057,0,0,98098
20251226,1736,喬山,144.0,145.0,144.0,145.0,+,1.0,216024,31234120.0,-80000,0,694,35000,0,3000,115000,0,2306
20251226,2427,三商電,26.9,26.9,26.65,26.8,-,0.1,453326,12128534.0,-82000,0,0,47000,0,0,129000,0,0
20251226,3356,奇偶,47.55,47.55,46.15,46.45,-,0.55,188217,8759671.0,-85000,0,-255,13000,0,751,98000,0,1006
20251226,4532,瑞智,24.7,24.7,24.4,24.45,-,0.2,334261,8189963.0,-88853,0,-174,39147,0,0,128000,0,174
20251226,00645,富邦日本,47.97,48.01,47.77,47.77,+,0.16,228599,10959996.0,-1035,0,-89056,0,0,68000,1035,0,157056
20251226,1710,東聯,12.1,12.2,12.0,12.1,+,0.1,436460,5275749.0,-91000,0,0,56000,0,0,147000,0,0
20251226,1307,三芳,32.75,32.9,32.65,32.7,-,0.05,242670,7941725.0,-83000,-6000,-3000,42000,0,1000,125000,6000,4000
20251226,3055,蔚華科,79.1,83.0,78.1,82.5,+,3.5,2694401,218772573.0,-82050,0,-10546,499000,0,23605,581050,0,34151
20251226,2534,宏盛,20.85,20.85,20.55,20.8,-,0.1,364320,7535361.0,-92849,0,-1,12151,0,0,105000,0,1
20251226,1808,潤隆,34.2,35.65,34.2,35.2,+,1.15,3338456,116797496.0,1098000,-1200000,8792,1826000,0,11000,728000,1200000,2208
20251226,9938,百和,51.3,51.4,50.8,50.9,-,0.1,1481564,75576024.0,-103924,0,9000,614076,0,9000,718000,0,0
20251226,4536,拓凱,161.5,161.5,159.0,160.0,-,1.0,194721,31139647.0,-97979,0,-208,20021,0,4000,118000,0,4208
20251226,1711,永光,19.15,19.15,18.75,19.15,,0.0,2282593,43258794.0,-92000,0,-6291,538000,0,0,630000,0,6291
20251226,5203,訊連,88.8,89.5,88.0,88.5,-,0.1,155238,13743413.0,-98000,0,-577,7000,0,1000,105000,0,1577
20251226,2753,八方雲集,191.5,191.5,189.0,190.0,-,0.5,228775,43378759.0,-80986,0,-18877,53014,0,2000,134000,0,20877
20251226,4545,銘鈺,41.4,41.65,40.1,40.25,-,0.4,776136,31656041.0,-107000,0,4000,136000,0,5000,243000,0,1000
20251226,2617,台航,30.9,30.9,30.45,30.5,-,0.05,374691,11455215.0,-104885,0,155,92115,0,1000,197000,0,845
20251226,6873,泓德能源,101.0,111.0,97.3,111.0,+,10.0,1358266,141233869.0,-97000,-50000,40637,307000,0,55600,404000,50000,14963
20251226,8163,達方,30.6,30.85,30.45,30.5,-,0.1,550796,16834008.0,-110738,0,4056,121262,0,12000,232000,0,7944
20251226,3015,全漢,53.3,53.3,52.3,52.5,-,0.5,268744,14126083.0,-107000,0,0,31000,0,0,138000,0,0
20251226,2417,圓剛,37.1,38.9,37.1,38.9,+,3.5,3157578,120776915.0,-110000,0,2212,562000,0,6014,672000,0,3802
20251226,1720,生達,59.9,59.9,59.5,59.5,-,0.5,187786,11200594.0,-110000,0,0,2000,0,0,112000,0,0
20251226,6558,興能高,38.75,39.1,38.15,38.2,-,0.45,628499,24174958.0,-112000,0,-53,98000,0,5000,210000,0,5053
20251226,3714,富采,33.35,33.35,32.6,32.85,-,0.2,958632,31501055.0,-119000,0,6000,248000,0,6000,367000,0,0
20251226,2015,豐興,61.9,61.9,61.0,61.0,-,0.5,433594,26505048.0,11096,-125000,102,128096,0,2000,117000,125000,1898
20251226,2484,希華,20.55,20.65,20.15,20.35,-,0.35,429510,8742580.0,-118000,0,3316,35000,0,4000,153000,0,684
20251226,2369,菱生,22.6,23.8,22.6,23.4,+,1.05,23182473,544154748.0,-222699,0,102771,6225301,0,128193,6448000,0,25422
20251226,1806,冠軍,9.25,9.3,9.16,9.18,-,0.05,220049,2024838.0,-35000,-86000,0,9000,0,0,44000,86000,0
20251226,4906,正文,28.35,28.35,27.7,28.05,+,0.05,1971140,55103425.0,-119000,0,-2177,480000,0,7000,599000,0,9177
20251226,00770,國泰北美科技,58.5,58.65,58.5,58.55,+,0.2,310095,18163926.0,0,0,-123371,0,0,35000,0,0,158371
20251226,00737,國泰AI機器人,36.1,36.2,36.08,36.13,+,0.08,183736,6640564.0,12000,0,-137000,12000,0,1000,0,0,138000
20251226,9939,宏全,121.0,121.0,119.0,119.0,-,2.0,604540,72452273.0,6051,-133000,1006,374051,0,3000,368000,133000,1994
20251226,6446,藥華藥,493.5,497.5,489.0,489.0,-,1.0,838569,413244045.0,12000,-3000,-136073,253000,0,17000,241000,3000,153073
20251226,5284,jpp-KY,290.0,290.5,285.5,287.0,-,1.5,663242,190582923.0,-109100,0,-19279,97000,0,13000,206100,0,32279
20251226,1449,佳和,11.25,11.7,10.9,11.3,+,0.3,1162765,13083758.0,-127000,0,-2000,200000,0,1000,327000,0,3000
20251226,3059,華晶科,40.7,40.85,40.1,40.6,+,0.05,1543926,62478824.0,-128000,0,-4363,377000,0,9000,505000,0,13363
20251226,1563,巧新,47.7,48.95,47.2,47.7,+,1.25,1333325,63927352.0,-140000,0,7000,288000,0,7000,428000,0,0
20251226,3056,富華新,18.45,18.45,18.15,18.3,+,0.1,1911140,33059586.0,34195,-1000,-167000,272195,0,8000,238000,1000,175000
20251226,1229,聯華,47.95,47.95,47.55,47.7,-,0.2,632560,30152860.0,-136867,0,687,39133,0,6000,176000,0,5313
20251226,2236,百達-KY,115.5,117.0,111.0,116.5,+,1.0,505657,57687189.0,-137000,0,0,15000,0,0,152000,0,0
20251226,3312,弘憶股,36.25,36.25,35.25,35.55,-,0.5,542979,19293655.0,-141001,0,1000,99000,0,1000,240001,0,0
20251226,2023,燁輝,14.8,14.8,14.7,14.8,,0.0,1135476,16774707.0,-141000,0,0,416000,0,0,557000,0,0
20251226,6806,森崴能源,39.55,39.95,38.2,39.6,-,0.35,1738961,67689337.0,-141000,0,-1,605000,0,0,746000,0,1
20251226,1582,信錦,65.8,65.8,64.9,65.6,-,0.3,253851,16573204.0,-147000,0,1059,20000,0,3000,167000,0,1941
20251226,6405,悅城,28.3,29.0,27.75,28.4,-,0.45,1302870,36808890.0,-145000,0,-2000,123000,0,0,268000,0,2000
20251226,4960,誠美材,13.5,13.5,13.25,13.25,-,0.25,553114,7361132.0,-149000,0,0,46000,0,0,195000,0,0
20251226,6919,康霈*,162.0,166.5,161.0,161.5,+,4.0,5392419,880643133.0,-130529,0,-19000,838450,0,0,968979,0,19000
20251226,1476,儒鴻,386.5,388.5,382.0,384.0,-,2.0,487660,187319652.0,-146972,0,-3991,172028,0,34000,319000,0,37991
20251226,5871,中租-KY,112.0,112.0,109.5,111.5,-,0.5,12375530,1375867999.0,5419558,-5575000,4016,9575445,0,23116,4155887,5575000,19100
20251226,2528,皇普,31.4,31.4,30.6,30.65,-,0.75,1113038,34391322.0,-131877,0,-21000,299123,0,0,431000,0,21000
20251226,8213,志超,32.8,32.9,32.25,32.65,-,0.05,462608,15020828.0,-157000,0,0,88000,0,0,245000,0,0
20251226,3712,永崴投控,25.55,25.55,24.9,25.25,-,0.45,766043,19227345.0,-162000,0,2025,202000,0,5222,364000,0,3197
20251226,3645,達邁,54.2,54.2,52.4,52.7,-,0.9,784817,41488655.0,-156000,0,-4458,143000,0,1000,299000,0,5458
20251226,2103,台橡,15.55,15.6,15.35,15.5,-,0.05,670088,10358631.0,-162792,0,-66,131208,0,1000,294000,0,1066
20251226,2530,華建,28.65,29.1,28.5,28.5,,0.0,979484,28239619.0,-179824,0,13000,346176,0,13000,526000,0,0
20251226,6155,鈞寶,44.25,45.0,43.9,44.2,-,0.65,2974288,131527834.0,-185000,0,18000,207000,0,21000,392000,0,3000
20251226,1786,科妍,74.5,74.5,73.1,73.4,-,1.4,477228,35130683.0,-169000,0,-655,27000,0,4000,196000,0,4655
20251226,3563,牧德,507.0,518.0,496.5,500.0,+,4.0,1570198,796158096.0,-401004,169000,59519,321006,224000,71563,722010,55000,12044
20251226,3057,喬鼎,22.4,22.45,21.05,21.5,-,0.5,1637192,35411266.0,-173000,0,0,72000,0,0,245000,0,0
20251226,3596,智易,180.0,180.5,178.0,178.0,-,1.5,344027,61502523.0,-177543,0,-356,65457,0,2000,243000,0,2356
20251226,9917,中保科,107.0,107.0,106.5,106.5,,0.0,657116,70036636.0,98051,-296000,20000,140051,0,20000,42000,296000,0
20251226,2387,精元,39.55,39.55,38.85,39.05,-,0.45,318303,12427054.0,-171000,0,-7786,34000,0,1000,205000,0,8786
20251226,4919,新唐,51.6,52.0,51.0,51.9,+,0.5,1298521,66882647.0,-168000,0,-12466,299000,0,2000,467000,0,14466
20251226,6409,旭隼,967.0,972.0,935.0,938.0,-,20.0,528831,499605678.0,-181933,-1000,-1807,126194,0,15132,308127,1000,16939
20251226,1309,台達化,11.35,11.4,11.1,11.2,-,0.15,702265,7847891.0,-186310,0,1078,51000,0,2000,237310,0,922
20251226,4557,永新-KY,79.1,79.1,77.0,78.7,-,0.7,392663,30637887.0,-186975,0,0,14025,0,0,201000,0,0
20251226,2395,研華,287.5,288.0,283.5,284.5,-,1.5,648611,184787039.0,-176407,-8500,-3982,240551,0,5000,416958,8500,8982
20251226,6243,迅杰,38.2,39.1,37.05,38.5,+,0.8,1060134,40366386.0,-191000,0,119,127000,0,1000,318000,0,881
20251226,3033,威健,30.55,30.55,30.1,30.4,-,0.2,1066492,32354973.0,-192841,-9143,9572,232159,0,19000,425000,9143,9428
20251226,2850,新產,117.0,117.5,116.0,116.0,-,1.0,272987,31847208.0,-96000,-97000,127,11000,0,1000,107000,97000,873
20251226,3665,貿聯-KY,1565.0,1570.0,1530.0,1545.0,-,5.0,1926230,2982329085.0,-228737,52000,-17813,801062,60000,20615,1029799,8000,38428
20251226,6451,訊芯-KY,169.0,170.5,164.5,164.5,-,4.0,1324891,221133806.0,-103000,0,-94885,239000,0,16005,342000,0,110890
20251226,6191,精成科,117.5,118.0,116.0,116.0,-,0.5,3366496,392850866.0,-86963,-2000,-111131,758037,0,1000,845000,2000,112131
20251226,8464,億豐,378.0,378.0,366.0,366.5,-,11.5,537706,199622193.0,-210078,0,9000,285022,0,9000,495100,0,0
20251226,6533,晶心科,243.0,244.5,236.5,237.0,-,3.5,425938,101765100.0,-202000,0,-3436,20000,0,29000,222000,0,32436
20251226,3027,盛達,23.2,23.25,22.5,22.9,-,0.35,614847,13971404.0,-197000,0,-14000,53000,0,2000,250000,0,16000
20251226,4949,有成精密,38.85,39.4,37.5,39.0,+,0.3,649567,25081052.0,-211000,0,0,53000,0,0,264000,0,0
20251226,2852,第一保,27.9,28.0,27.7,27.85,-,0.1,361745,10071622.0,-213000,-1141,0,42000,0,0,255000,1141,0
20251226,8016,矽創,182.5,182.5,178.5,178.5,-,3.0,545339,97818310.0,85027,-298000,-1669,150027,0,7000,65000,298000,8669
20251226,2049,上銀,197.5,197.5,194.0,194.5,-,2.0,860604,168185426.0,-197966,0,-17036,288034,0,16000,486000,0,33036
20251226,1477,聚陽,299.0,301.5,294.5,294.5,-,2.5,1410491,418509534.0,793040,-1035722,27062,1037040,0,45000,244000,1035722,17938
20251226,4722,國精化,187.0,190.0,182.5,185.0,-,0.5,3413540,634930272.0,-278000,24000,36222,624000,25000,44000,902000,1000,7778
20251226,1316,上曜,16.3,16.3,15.8,15.8,-,0.4,3791960,60561815.0,-217000,-3000,2000,904000,0,24000,1121000,3000,22000
20251226,3592,瑞鼎,230.5,230.5,222.5,225.5,-,3.0,1809307,407723724.0,758007,-985280,313,1100202,0,1004,342195,985280,691
20251226,1409,新纖,15.15,15.35,15.1,15.15,-,0.05,2972117,45199548.0,-318000,0,90611,741000,0,92740,1059000,0,2129
20251226,6202,盛群,37.7,37.9,37.05,37.15,-,0.6,478608,17858096.0,-227000,0,-1837,27000,0,4000,254000,0,5837
20251226,1905,華紙,11.7,11.7,11.55,11.6,-,0.05,877522,10184734.0,-230000,0,-755,89000,0,1000,319000,0,1755
20251226,2338,光罩,36.4,36.85,35.75,36.0,-,0.35,936009,33808305.0,-237000,0,4173,146000,0,13017,383000,0,8844
20251226,2106,建大,20.0,20.0,19.85,19.9,-,0.05,366671,7300693.0,-237000,0,-140,10000,0,1000,247000,0,1140
20251226,9914,美利達,83.0,83.0,81.4,82.4,-,0.5,1411671,115814879.0,369401,-646000,38836,738100,0,67000,368699,646000,28164
20251226,2355,敬鵬,32.2,32.3,31.6,31.9,-,0.15,998379,31838723.0,-239884,0,1958,231116,0,4053,471000,0,2095
20251226,3090,日電貿,93.8,94.7,93.0,93.5,+,0.2,2902407,272226284.0,199054,-414000,-23414,993054,0,19075,794000,414000,42489
20251226,6165,浪凡,50.1,50.1,47.6,47.6,-,2.1,402497,19470669.0,-241000,0,2000,25000,0,2000,266000,0,0
20251226,6426,統新,107.0,108.5,104.0,105.5,,0.0,4066176,431613114.0,-250000,0,10935,683000,0,14000,933000,0,3065
20251226,6442,光聖,1320.0,1340.0,1290.0,1315.0,+,20.0,3183791,4176772310.0,-364517,132000,-6558,645037,135000,25961,1009554,3000,32519
20251226,6789,采鈺,274.0,277.0,271.0,276.0,+,1.5,1095384,300805984.0,-263140,-1000,20486,172860,0,22597,436000,1000,2111
20251226,8478,東哥遊艇,206.0,209.0,195.5,196.0,-,10.5,529219,105090032.0,-248366,0,1204,44000,0,2000,292366,0,796
20251226,3653,健策,2785.0,2830.0,2730.0,2740.0,-,10.0,1287081,3576283505.0,-283671,93700,-57896,363658,139700,26068,647329,46000,83964
20251226,2376,技嘉,235.0,235.5,233.0,233.5,,0.0,1724316,403659677.0,-12832,-296000,58607,718168,0,95707,731000,296000,37100
20251226,4739,康普,68.7,70.3,67.6,67.6,-,0.8,933211,64009297.0,-245000,0,-5484,186000,0,2230,431000,0,7714
20251226,4961,天鈺,145.5,145.5,140.0,142.5,-,2.5,1265634,179276338.0,344890,-599000,291,564246,0,8330,219356,599000,8039
20251226,8454,富邦媒,214.0,214.0,207.0,207.5,-,4.5,687962,143346209.0,-402035,146000,405,71022,146000,5000,473057,0,4595
20251226,2913,農林,13.65,13.7,13.4,13.5,-,0.05,1001799,13508018.0,-262142,0,2000,71858,0,2000,334000,0,0
20251226,3704,合勤控,33.2,33.2,32.5,32.7,-,0.2,1261970,41333186.0,-261800,0,1000,267200,0,1000,529000,0,0
20251226,6189,豐藝,46.1,46.1,44.3,44.9,-,0.95,606345,27150782.0,-266913,0,5319,48087,0,20000,315000,0,14681
20251226,1587,吉茂,52.7,54.0,51.8,53.1,+,0.5,2360393,125192672.0,-270000,0,475,338000,0,4000,608000,0,3525
20251226,6412,群電,94.5,94.5,90.5,92.8,-,2.0,1695819,155620825.0,548461,-819000,663,981047,0,5178,432586,819000,4515
20251226,2511,太子,8.2,8.24,8.16,8.23,+,0.04,816184,6690478.0,-270000,0,-4079,131000,0,1000,401000,0,5079
20251226,3149,正達,33.75,33.95,32.5,32.55,-,1.15,1906123,62948700.0,-273689,0,-626,345000,0,8000,618689,0,8626
20251226,6206,飛捷,92.5,92.5,89.8,90.9,-,1.1,1472959,133180047.0,497045,-774000,2325,769045,0,8000,272000,774000,5675
20251226,6901,鑽石投資,16.45,16.45,16.1,16.2,-,0.3,598857,9706533.0,-278000,0,0,68000,0,0,346000,0,0
20251226,1723,中碳,68.5,68.5,66.9,67.1,-,1.4,839101,56479383.0,-278061,0,0,40050,0,0,318111,0,0
20251226,6414,樺漢,297.5,297.5,291.5,293.0,-,4.5,1046413,307078990.0,-699682,416000,1977,110201,419000,12265,809883,3000,10288
20251226,1722,台肥,47.3,47.3,47.0,47.2,-,0.1,1127448,53116606.0,-48880,0,-235045,303120,0,2000,352000,0,237045
20251226,2912,統一超,221.5,226.5,221.5,223.0,+,1.5,2134795,479006410.0,279768,-574000,752,1187768,0,9583,908000,574000,8831
20251226,3022,威強電,64.6,64.6,63.3,64.0,-,0.2,653788,41810118.0,-292000,0,-14419,73000,0,6000,365000,0,20419
20251226,9910,豐泰,115.0,115.0,111.0,111.0,-,2.0,877745,98642334.0,-303924,-7000,3873,226076,0,19099,530000,7000,15226
20251226,3406,玉晶光,426.0,435.0,421.0,430.5,+,5.0,1769381,759899626.0,-603495,254000,40892,241538,259000,68269,845033,5000,27377
20251226,00956,中信日經高股息,11.46,11.51,11.44,11.44,+,0.01,436192,5011703.0,-13000,0,-300323,1000,0,56000,14000,0,356323
20251226,2357,華碩,548.0,556.0,545.0,551.0,+,7.0,8521760,4706161403.0,-4449308,4099305,34429,796654,4870000,82600,5245962,770695,48171
20251226,3030,德律,195.5,201.0,193.5,199.0,+,6.0,6717910,1330437758.0,596062,-1098000,185096,2170062,0,280820,1574000,1098000,95724
20251226,1904,正隆,17.4,17.45,17.3,17.3,-,0.1,761134,13206080.0,-98808,-222000,-984,92192,0,3000,191000,222000,3984
20251226,3023,信邦,200.0,200.5,197.0,197.0,-,2.0,662438,131173810.0,-168379,-166000,11882,186034,0,16000,354413,166000,4118
20251226,3673,TPK-KY,42.0,42.3,40.75,41.3,-,0.4,1700808,70060394.0,-323105,0,449,442000,0,10622,765105,0,10173
20251226,1310,台苯,8.48,8.49,8.35,8.41,-,0.04,690670,5803982.0,-331000,0,854,32000,0,4000,363000,0,3146
20251226,2897,王道銀行,9.2,9.2,9.14,9.16,-,0.04,1861365,17053845.0,-328000,-4000,-2000,452000,0,0,780000,4000,2000
20251226,3014,聯陽,116.5,117.0,114.5,115.0,-,1.0,533986,61567955.0,-233959,-100723,9,68041,0,4000,302000,100723,3991
20251226,3708,上緯投控,119.0,119.0,114.5,114.5,-,3.5,1011931,117501778.0,-325978,0,-11597,54022,0,712,380000,0,12309
20251226,6869,雲豹能源,95.9,98.3,92.9,95.3,-,0.6,1430282,135975579.0,-333971,0,-4110,306029,0,0,640000,0,4110
20251226,1313,聯成,10.3,10.45,10.05,10.3,,0.0,2280870,23287216.0,-352000,0,5000,457000,0,13000,809000,0,8000
20251226,6691,洋基工程,568.0,571.0,558.0,565.0,,0.0,746204,422303816.0,-351163,-6000,9927,115167,0,29773,466330,6000,19846
20251226,3062,建漢,24.0,24.1,23.6,23.7,-,0.2,1391000,33021094.0,-349000,0,1025,170000,0,6101,519000,0,5076
20251226,6753,龍德造船,142.5,142.5,137.0,140.0,-,2.0,1581905,220089719.0,-262910,0,-85783,168200,0,28428,431110,0,114211
20251226,6456,GIS-KY,43.5,43.5,42.4,42.5,-,1.0,959557,40974675.0,-364000,0,7447,190000,0,12000,554000,0,4553
20251226,1536,和大,58.0,58.0,56.8,57.2,-,0.5,1150886,65821641.0,-357000,0,-665,178000,0,34000,535000,0,34665
20251226,2915,潤泰全,56.0,56.0,55.4,55.7,,0.0,1337578,74459332.0,-354000,0,-7000,240000,0,2000,594000,0,9000
20251226,9921,巨大,93.3,93.3,92.2,93.0,-,0.3,694591,64450403.0,-367476,0,-1968,111000,0,22000,478476,0,23968
20251226,8046,南電,241.0,248.0,239.0,246.5,+,7.5,7270554,1780302643.0,-818239,-74000,506842,2045811,14000,532984,2864050,88000,26142
20251226,5521,工信,25.8,26.35,24.7,25.3,+,0.3,6296584,161731991.0,-392879,0,0,224121,0,0,617000,0,0
20251226,6271,同欣電,134.0,136.0,132.0,133.5,+,0.5,3859963,518080719.0,-734367,0,339071,486048,0,388695,1220415,0,49624
20251226,4976,佳凌,30.4,30.4,29.1,29.55,-,0.5,1014513,30063314.0,-399000,0,-384,155000,0,6000,554000,0,6384
20251226,2486,一詮,92.0,93.4,91.5,91.7,+,0.1,2338004,215499184.0,-402000,0,-3940,231000,0,29054,633000,0,32994
20251226,00735,國泰臺韓科技,50.5,51.7,50.5,51.6,+,1.4,850633,43754685.0,-84000,0,-323000,71000,0,63000,155000,0,386000
20251226,2836,高雄銀,12.45,12.45,12.25,12.3,-,0.15,1278440,15771391.0,-422950,0,8999,11050,0,9000,434000,0,1
20251226,3034,聯詠,379.5,379.5,372.0,373.5,-,3.5,1334862,498949757.0,137710,-553971,-3345,581110,0,59000,443400,553971,62345
20251226,2455,全新,154.0,158.0,153.5,156.5,+,2.0,5974083,933290986.0,-537578,82000,28578,1157422,83000,139062,1695000,1000,110484
20251226,1308,亞聚,13.4,13.4,13.1,13.2,-,0.2,915700,12098295.0,-434000,0,4287,107000,0,10000,541000,0,5713
20251226,1611,中電,13.15,13.8,13.15,13.2,+,0.45,2610832,34724724.0,-431000,0,86,417000,0,1000,848000,0,914
20251226,6176,瑞儀,130.5,131.0,126.5,128.5,-,1.5,4059845,520445896.0,909000,-1357221,16872,1668000,795000,24000,759000,2152221,7128
20251226,2312,金寶,22.8,22.85,22.5,22.65,-,0.1,11291940,255655534.0,-283793,0,-147851,2105207,0,84000,2389000,0,231851
20251226,2104,國際中橡,11.5,11.55,11.25,11.3,-,0.15,1586625,18048299.0,-433000,0,-670,262000,0,2000,695000,0,2670
20251226,2316,楠梓電,104.5,105.5,102.5,103.0,+,0.5,1964347,203748701.0,-373000,-60000,-10384,470000,0,5000,843000,60000,15384
20251226,1434,福懋,15.95,15.95,15.65,15.7,-,0.2,1315462,20757060.0,-445000,0,770,169000,0,2000,614000,0,1230
20251226,2383,台光電,1685.0,1695.0,1640.0,1640.0,-,50.0,1801627,3007781820.0,-581561,114000,18266,460348,129000,54143,1041909,15000,35877
20251226,2206,三陽工業,60.4,60.4,59.9,60.3,,0.0,789022,47476368.0,-72896,-409000,-4000,115104,0,0,188000,409000,4000
20251226,6214,精誠,128.0,128.0,123.0,123.0,-,5.0,851997,106252426.0,-461957,-30000,2326,77043,0,6634,539000,30000,4308
20251226,2204,中華,61.1,61.1,59.8,60.1,-,0.9,707835,42651059.0,-474355,-11672,-6186,63000,0,555,537355,11672,6741
20251226,1717,長興,40.8,40.8,40.2,40.2,-,0.35,4167968,168344349.0,-401380,0,-94158,781120,0,11000,1182500,0,105158
20251226,4915,致伸,77.0,77.5,76.1,76.1,-,0.8,2705117,207355436.0,-6110,-476000,-26650,1263890,510000,6000,1270000,986000,32650
20251226,3715,定穎投控,121.5,126.0,121.0,123.5,+,4.0,39666604,4886163489.0,1618835,-2831000,693429,11326534,0,844972,9707699,2831000,151543
20251226,4526,東台,30.2,31.2,29.8,30.65,+,0.55,3528813,108269167.0,-521000,0,-9706,264000,0,478,785000,0,10184
20251226,2379,瑞昱,492.0,492.0,485.5,485.5,-,5.0,1557219,758137008.0,-692704,105000,21103,182296,545000,50100,875000,440000,28997
20251226,1210,大成,50.9,51.1,50.7,50.7,-,0.2,1589385,80769321.0,-215855,-382000,819,364145,0,11000,580000,382000,10181
20251226,6706,惠特,138.0,140.5,134.0,134.0,-,5.5,14319007,1960234863.0,-425000,0,-185963,3295000,0,102923,3720000,0,288886
20251226,3380,明泰,32.35,32.75,31.65,32.3,+,0.2,2318860,74584454.0,-671100,0,51152,543000,0,68672,1214100,0,17520
20251226,2439,美律,99.1,99.7,97.2,97.8,-,0.4,4576783,447181978.0,2406407,-3048151,9183,3050062,0,20148,643655,3048151,10965
20251226,3044,健鼎,326.0,328.0,322.5,323.0,+,1.0,3783687,1228705190.0,831198,-1440000,-39263,1723060,33000,47593,891862,1473000,86856
20251226,2392,正崴,37.5,37.65,36.75,37.15,-,0.5,2042851,75635705.0,-690900,0,22250,344100,0,98000,1035000,0,75750
20251226,1440,南紡,13.45,13.45,13.2,13.25,-,0.2,1303173,17335473.0,-677000,0,4971,29000,0,12000,706000,0,7029
20251226,2889,國票金,16.2,16.25,16.15,16.2,,0.0,2723670,44164846.0,-687359,-4000,-4000,243000,0,10000,930359,4000,14000
20251226,3413,京鼎,285.5,285.5,282.0,283.5,-,2.0,1420957,402430821.0,-692620,-3000,-7525,177267,0,38000,869887,3000,45525
20251226,2308,台達電,960.0,962.0,952.0,956.0,+,1.0,3406520,3258485025.0,-727273,-39000,50524,661177,18000,90891,1388450,57000,40367
20251226,2903,遠百,22.3,22.35,22.1,22.25,+,0.1,6041189,134359748.0,-4066613,3330000,18599,872387,3355000,40000,4939000,25000,21401
20251226,3005,神基,119.0,119.0,116.5,116.5,-,1.5,2628989,308502343.0,377076,-1178000,80271,1170076,200000,102000,793000,1378000,21729
20251226,2362,藍天,40.15,40.15,39.0,39.4,-,0.7,957831,37791696.0,-723000,0,-906,60000,0,6000,783000,0,6906
20251226,2454,聯發科,1390.0,1395.0,1380.0,1385.0,+,5.0,3219060,4464817615.0,-1286451,441731,114056,236865,856000,268108,1523316,414269,154052
20251226,8070,長華*,42.2,42.2,40.85,41.3,-,0.4,5782884,238317752.0,2950000,-3685000,-2703,3675000,0,4000,725000,3685000,6703
20251226,8028,昇陽半導體,176.0,176.0,172.0,172.5,-,3.0,5262163,914276952.0,-606781,-103000,-29602,735219,95000,25176,1342000,198000,54778
20251226,1304,台聚,11.3,11.4,11.05,11.1,-,0.15,2017692,22507357.0,-756000,0,-1143,283000,0,4000,1039000,0,5143
20251226,6285,啟碁,103.0,104.0,101.0,101.0,-,1.0,2149119,219518410.0,-821944,0,38389,483056,0,53000,1305000,0,14611
20251226,9941,裕融,90.9,91.2,90.1,90.1,-,0.7,1561383,141282376.0,-1216000,388000,10704,116000,388000,20000,1332000,0,9296
20251226,2201,裕隆,34.9,34.9,34.15,34.15,-,0.75,4208064,145073463.0,-798996,0,-18437,713129,0,11198,1512125,0,29635
20251226,1305,華夏,11.25,11.25,10.95,10.95,-,0.2,1147241,12645978.0,-819000,0,-84,19000,0,4000,838000,0,4084
20251226,2634,漢翔,51.3,51.4,50.4,50.6,-,0.4,3690678,187060274.0,-747000,0,-76282,622000,0,28000,1369000,0,104282
20251226,8131,福懋科,56.6,58.9,56.3,57.2,+,0.6,20696934,1191965889.0,-861100,0,13960,4809000,0,34057,5670100,0,20097
20251226,00924,復華S&P500成長,29.52,29.55,29.5,29.51,+,0.12,2101869,62062387.0,119000,0,-971741,119000,0,137003,0,0,1108744
20251226,2887,台新新光金,20.8,20.95,20.6,20.6,-,0.15,272058869,5646348388.0,-135163279,134738000,-435000,19928292,149568000,1524000,155091571,14830000,1959000
20251226,2535,達欣工,63.0,63.0,62.6,63.0,+,0.2,1025050,64471720.0,-28000,-3000,-900232,37000,0,0,65000,3000,900232
20251226,5243,乙盛-KY,82.7,83.0,79.5,79.6,-,1.7,1982225,159416739.0,-929000,-1000,-14267,173000,0,8000,1102000,1000,22267
20251226,6278,台表科,94.5,94.6,92.8,92.9,-,1.2,1915001,178603097.0,-338949,-605000,-3094,444052,0,23000,783001,605000,26094
20251226,2520,冠德,35.6,35.85,34.85,35.6,+,0.1,11314734,396923113.0,4357143,-5419000,99283,6172143,0,109520,1815000,5419000,10237
20251226,3042,晶技,82.5,82.9,81.3,81.3,-,1.1,1902243,155466375.0,-667934,-365000,10875,490066,0,34000,1158000,365000,23125
20251226,6269,台郡,61.5,62.9,60.0,60.8,+,0.2,3325118,203955867.0,-965783,0,-63985,714217,0,83087,1680000,0,147072
20251226,5388,中磊,81.8,81.9,80.0,80.1,-,1.5,1921775,154485588.0,-444946,-627000,33883,371054,0,48000,816000,627000,14117
20251226,2006,東和鋼鐵,64.2,64.2,63.6,63.6,-,0.5,1965486,125383494.0,-881886,-286000,103728,629114,0,104000,1511000,286000,272
20251226,2388,威盛,55.0,55.0,53.2,53.3,-,1.3,3635227,195434367.0,-988824,0,-99109,536176,0,23000,1525000,0,122109
20251226,1718,中纖,6.95,6.96,6.8,6.89,-,0.02,3338204,22864936.0,-1252000,0,2720,87000,0,16000,1339000,0,13280
20251226,4958,臻鼎-KY,145.5,146.5,143.0,144.5,-,1.0,10926165,1575651793.0,5208093,-6429000,-30851,7802111,74000,82119,2594018,6503000,112970
20251226,4989,榮科,47.45,50.2,46.15,47.8,+,1.9,59873969,2894985624.0,-1316000,0,51979,11155000,0,56352,12471000,0,4373
20251226,2328,廣宇,48.5,48.55,47.6,48.2,+,0.05,6134436,294862663.0,-1214819,0,-59347,964062,0,36080,2178881,0,95427
20251226,2890,永豐金,28.85,29.0,28.65,28.95,+,0.1,20168935,582805928.0,-8436664,6382000,779566,3689547,6882000,784742,12126211,500000,5176
20251226,2458,義隆,126.5,126.5,122.0,124.5,-,1.5,4223852,520836042.0,-950933,-384737,42128,221067,1097000,77000,1172000,1481737,34872
20251226,4967,十銓,164.0,164.5,158.0,159.5,-,3.0,16416995,2645296892.0,-1166709,-1000,-133200,3627452,0,75246,4794161,1000,208446
20251226,9904,寶成,30.45,30.5,30.2,30.3,+,0.05,4957152,150271303.0,-1889000,360000,225524,1194000,678000,248170,3083000,318000,22646
20251226,9105,泰金寶-DR,5.81,5.81,5.75,5.78,-,0.02,7007554,40483525.0,-1311000,0,-6782,723000,0,0,2034000,0,6782
20251226,2855,統一證,24.0,24.1,23.8,23.9,-,0.1,2426843,58032729.0,-1366000,-14000,0,419000,0,0,1785000,14000,0
20251226,1442,名軒,30.7,31.1,29.65,30.4,-,0.2,7411673,223108988.0,2500000,-3881000,878,4084000,0,3485,1584000,3881000,2607
20251226,6116,彩晶,7.43,7.43,7.24,7.31,-,0.05,6313980,46122102.0,-1462000,0,80685,861000,0,129293,2323000,0,48608
20251226,2547,日勝生,11.25,11.25,10.95,11.05,-,0.1,3482174,38454955.0,-1391000,0,-118,439000,0,0,1830000,0,118
20251226,1326,台化,32.45,32.45,31.95,32.05,-,0.15,4927597,158001425.0,-1599000,0,84510,814000,0,140000,2413000,0,55490
20251226,2504,國產,38.7,38.9,37.05,37.6,-,0.9,10919712,412261873.0,2705000,-4254073,19956,7729000,0,25059,5024000,4254073,5103
20251226,1504,東元,87.1,87.1,84.9,86.5,+,0.2,26256022,2258243134.0,14453308,-16193000,162392,18605308,190000,328910,4152000,16383000,166518
20251226,2481,強茂,81.8,82.0,80.3,80.4,-,1.1,7752511,626122407.0,-177849,-1178000,-234601,1776151,0,30000,1954000,1178000,264601
20251226,1402,遠東新,27.9,27.9,27.7,27.7,-,0.1,3002297,83358990.0,-1664383,-14000,24983,318617,0,41000,1983000,14000,16017
20251226,2498,宏達電,51.0,51.0,49.3,49.3,-,0.8,7238561,360231015.0,-1216035,0,-451461,734000,0,89020,1950035,0,540481
20251226,3036,文曄,143.0,144.5,140.0,140.0,-,2.5,12730459,1799682760.0,-3130779,1398000,63928,3182221,4340000,99215,6313000,2942000,35287
20251226,2301,光寶科,165.5,165.5,160.5,162.5,-,3.0,16606801,2691715872.0,7109248,-8944000,113074,9236262,0,367901,2127014,8944000,254827
20251226,2451,創見,185.0,187.0,177.0,179.0,-,3.5,8947835,1615475412.0,1778187,-3431000,-94947,3366187,0,24000,1588000,3431000,118947
20251226,1301,台塑,40.05,40.05,39.65,39.75,,0.0,5343576,212449651.0,-1662950,0,-88509,701050,0,38000,2364000,0,126509
20251226,2421,建準,159.0,163.0,157.0,161.0,+,3.0,4856409,782228026.0,-2021223,-63000,181906,733303,0,262246,2754526,63000,80340
20251226,2352,佳世達,24.3,24.3,23.7,23.8,-,0.3,5635385,134571919.0,-1945561,-1000,32000,1483181,0,36000,3428742,1000,4000
20251226,4927,泰鼎-KY,34.5,35.9,34.05,35.25,+,1.05,20966566,734577603.0,-1937800,0,3048,4142200,0,11000,6080000,0,7952
20251226,2332,友訊,15.6,15.65,15.05,15.25,-,0.35,4020520,61541463.0,-1883000,0,-62821,391000,0,32000,2274000,0,94821
20251226,3576,聯合再生,9.31,9.72,9.06,9.41,+,0.06,23929142,225733223.0,-2011000,0,36000,3788000,0,36000,5799000,0,0
20251226,2402,毅嘉,65.5,65.7,63.4,63.8,-,1.2,17886445,1151451252.0,-1903925,0,-90028,2028075,0,115375,3932000,0,205403
20251226,8039,台虹,91.4,92.6,90.0,92.3,+,1.9,11164686,1022001558.0,-2211265,-3000,103496,1959560,0,184075,4170825,3000,80579
20251226,2377,微星,98.1,98.6,96.0,96.2,-,1.8,8684030,840054129.0,-2364463,-3000,83948,2206537,0,233000,4571000,3000,149052
20251226,2801,彰銀,20.9,20.9,20.7,20.7,-,0.15,10735822,223127335.0,-2132689,-4000,-156000,2132311,0,20000,4265000,4000,176000
20251226,1312,國喬,11.5,11.55,10.9,11.0,-,0.5,6632714,73619702.0,-1887000,0,-471978,932000,0,135000,2819000,0,606978
20251226,2385,群光,118.5,118.5,114.5,115.0,-,3.0,4985713,575542419.0,635160,-3047623,43505,1561160,200000,87000,926000,3247623,43495
20251226,2347,聯強,58.6,58.6,57.6,57.6,-,0.7,10935935,631950900.0,6120268,-9059000,108317,7144268,0,153000,1024000,9059000,44683
20251226,2812,台中銀,21.05,21.1,20.95,21.0,-,0.05,9701994,203790101.0,-2804377,-6000,-40025,1042095,0,33000,3846472,6000,73025
20251226,00946,群益科技高息成長,9.65,9.66,9.59,9.61,,0.0,5881249,56539819.0,263000,0,-3133562,284000,0,1168000,21000,0,4301562
20251226,2105,正新,29.75,29.75,29.6,29.6,-,0.1,4790330,141985106.0,-1976000,-472000,-423520,633000,0,161000,2609000,472000,584520
20251226,2393,億光,54.8,55.0,53.1,53.7,-,1.0,12164593,652773575.0,3928118,-7087873,89000,6041118,139000,95000,2113000,7226873,6000
20251226,2881,富邦金,98.1,98.3,97.0,97.0,-,1.0,13026945,1262700797.0,5525513,-8671941,-33736,6125088,109000,72000,599575,8780941,105736
20251226,2317,鴻海,225.5,227.5,224.5,225.5,+,1.5,28935431,6533625977.0,4135345,-8442129,651179,10620850,37000,867932,6485505,8479129,216753
20251226,00830,國泰費城半導體,58.4,58.85,58.4,58.85,+,0.75,7923469,464914606.0,-520420,0,-3238899,492004,0,997764,1012424,0,4236663
20251226,2892,第一金,29.45,29.7,29.2,29.5,+,0.2,68769012,2020817459.0,50982467,-54946000,167988,56853753,0,168000,5871286,54946000,12
20251226,2883,凱基金,17.65,17.65,17.35,17.35,-,0.2,32543421,566145562.0,-6233350,2811000,-374447,8395000,4862000,672000,14628350,2051000,1046447
20251226,1802,台玻,35.5,36.2,34.9,35.1,+,0.2,65610583,2328546283.0,-5006000,0,874424,13324000,0,1251447,18330000,0,377023
20251226,2353,宏碁,25.4,25.6,25.2,25.2,-,0.05,13179741,333799026.0,-1972790,-2499000,78894,3751210,0,194000,5724000,2499000,115106
20251226,4938,和碩,69.5,69.5,68.2,68.7,-,0.7,11502536,788650090.0,569369,-5029000,39404,3668100,1719000,177000,3098731,6748000,137596
20251226,2882,國泰金,75.9,75.9,74.3,74.8,-,1.1,34944074,2608953251.0,17777247,-22106131,-176868,23363247,0,162000,5586000,22106131,338868
20251226,2886,兆豐金,40.7,40.85,40.4,40.6,-,0.1,14331078,581356786.0,-4389991,-621823,348553,3733969,730000,400000,8123960,1351823,51447
20251226,2356,英業達,43.35,43.35,42.5,42.5,-,0.65,10514784,449828156.0,-5528426,-49000,-13040,936078,0,275000,6464504,49000,288040
20251226,2382,廣達,265.0,265.0,261.0,263.0,-,1.0,16607988,4359147506.0,-5417987,-693035,367789,4012514,488000,871300,9430501,1181035,503511
20251226,00646,元大S&P500,68.5,68.5,68.4,68.4,+,0.3,6527438,446975149.0,4188,-70000,-5687687,4188,0,7000,0,70000,5694687
20251226,2337,旺宏,39.55,40.1,38.6,39.2,+,0.25,92195322,3610523374.0,-6051040,0,288770,20571214,0,1565817,26622254,0,1277047
20251226,8021,尖點,174.5,176.5,168.0,168.5,-,1.5,33000437,5666355762.0,-5815790,-1000,32566,5174420,0,143000,10990210,1000,110434
20251226,2027,大成鋼,34.9,35.75,34.8,35.35,+,0.55,29005837,1027995519.0,-14099209,6780000,571872,5958791,6780000,663861,20058000,0,91989
20251226,2408,南亞科,190.5,191.5,187.0,189.0,,0.0,78418819,14843503286.0,-7396445,-11000,479495,17513710,497000,1376753,24910155,508000,897258
20251226,00885,富邦越南,17.64,17.7,17.14,17.16,-,0.82,21262523,369327732.0,-7003285,0,-138507,1804845,0,5329000,8808130,0,5467507
20251226,2891,中信金,50.3,50.3,49.45,49.8,-,0.5,50917330,2527480618.0,26347321,-33523300,-134809,32183588,0,451000,5836267,33523300,585809
20251226,6005,群益證,24.2,24.25,24.05,24.05,-,0.15,13262602,319606065.0,-8987672,1563534,0,1074152,3802000,0,10061824,2238466,0
20251226,3702,大聯大,58.0,58.4,57.2,57.2,-,0.7,20276891,1166847242.0,-11390769,2376000,228746,3033231,4990000,357000,14424000,2614000,128254
20251226,2313,華通,100.5,102.5,97.8,98.8,-,0.2,42729888,4248122786.0,-9510846,-1530000,335275,5046938,0,967202,14557784,1530000,631927
20251226,2409,友達,11.5,11.5,11.2,11.4,-,0.05,36099090,409011985.0,-9979824,-100000,-1022630,8242530,0,168295,18222354,100000,1190925
20251226,0056,元大高股息,36.59,36.61,36.5,36.61,+,0.06,32736860,1196826111.0,1578006,0,-13795722,2299206,0,12000,721200,0,13807722
20251226,3481,群創,13.35,13.7,12.95,13.5,+,0.25,106335212,1412305190.0,-23323541,-35000,4511321,18897499,0,5895480,42221040,35000,1384159
20251226,2344,華邦電,78.0,79.1,76.0,76.5,-,0.4,274963547,21273569725.0,-28792358,-10230000,-1056893,47956237,1307000,3578502,76748595,11537000,4635395
20251226,6770,力積電,41.55,42.2,40.0,40.05,-,0.35,314496918,12830700187.0,-73282727,0,-1678367,48460373,0,2975757,121743100,0,4654124
