tradeDate,stockCode,stockName,openPrice,highPrice,lowPrice,closePrice,changeSign,change,totalShares,totalAmount,foreignNetShares,investmentNetShares,dealerNetShares,foreignBuyShares,investmentBuyShares,dealerBuyShares,foreignSellShares,investmentSellShares,dealerSellShares
20250909,9904,寶成,28.65,28.75,28.5,28.7,+,0.15,149238523,4282251710.0,139540676,-569413,-738118,145976174,0,48348,6435498,569413,786466
20250909,00929,復華台灣科技優息,18.03,18.11,17.95,18.06,+,0.11,56564837,1021337723.0,10619717,0,39737051,11061353,0,41602851,441636,0,1865800
20250909,0056,元大高股息,35.44,35.69,35.41,35.66,+,0.25,50950499,1813616370.0,12958516,0,25490562,13819788,0,26348562,861272,0,858000
20250909,2317,鴻海,204.5,208.0,204.0,207.5,+,4.0,64990917,13418391286.0,33473099,724896,113635,43041170,1081000,1004665,9568071,356104,891030
20250909,00940,元大台灣價值高息,9.37,9.39,9.34,9.37,,0.0,37318546,349496648.0,8879750,0,23064794,8890350,0,25662936,10600,0,2598142
20250909,00882,中信中國高股息,14.12,14.19,14.0,14.04,-,0.03,38688003,545432371.0,7874115,0,19622321,8057115,0,23697530,183000,0,4075209
20250909,1504,東元,73.2,79.6,72.0,79.6,+,7.2,175355849,13728799063.0,25339070,56242,718627,48939020,150000,2979677,23599950,93758,2261050
20250909,00878,國泰永續高股息,20.67,20.77,20.6,20.72,+,0.08,46502994,962793125.0,18627348,0,6930267,18826598,0,12686962,199250,0,5756695
20250909,0050,元大台灣50,53.55,53.95,53.5,53.9,+,0.55,57948913,3114990525.0,17503069,-490000,5549277,18381609,500000,10170287,878540,990000,4621010
20250909,2330,台積電,1195.0,1200.0,1190.0,1200.0,+,20.0,35720097,42775822699.0,13808348,-96660,976330,25685277,221000,1382432,11876929,317660,406102
20250909,2890,永豐金,24.85,25.1,24.8,25.1,+,0.35,32607095,814937158.0,18475332,-210469,-3678901,24827832,116000,102099,6352500,326469,3781000
20250909,1101,台泥,22.35,22.45,22.15,22.4,+,0.1,36296148,808794121.0,12837516,-195304,65132,25125516,28000,100785,12288000,223304,35653
20250909,00946,群益科技高息成長,10.26,10.3,10.22,10.24,+,0.04,12686659,130352463.0,1930000,0,9121684,1943000,0,10321684,13000,0,1200000
20250909,2408,南亞科,53.5,55.9,52.8,53.9,+,0.4,118505197,6439181597.0,10470873,-15190,-818913,42287700,0,2537349,31816827,15190,3356262
20250909,00885,富邦越南,15.64,15.73,15.52,15.65,-,0.17,18903623,294810795.0,4683000,0,4758516,5912000,0,5823193,1229000,0,1064677
20250909,2498,宏達電,70.8,71.0,66.8,67.4,-,2.8,74038086,5043252029.0,10099698,-28124,-1041185,20240570,0,744651,10140872,28124,1785836
20250909,00881,國泰台灣科技龍頭,27.25,27.67,27.25,27.59,+,0.45,15342097,422315346.0,3229000,0,5442261,3379000,0,8490036,150000,0,3047775
20250909,2880,華南金,29.35,29.45,29.0,29.35,+,0.25,16155757,472827802.0,10509056,-43000,-1868534,14991796,110000,7161,4482740,153000,1875695
20250909,2892,第一金,29.4,29.75,29.4,29.75,+,0.35,16938755,502437521.0,8687722,-121455,8000,14924722,32000,11000,6237000,153455,3000
20250909,2449,京元電子,168.0,170.5,166.0,170.5,+,1.5,46338636,7790501243.0,8487924,1370565,-1330877,18344740,1493000,388354,9856816,122435,1719231
20250909,00939,統一台灣高息動能,13.9,13.94,13.87,13.9,+,0.03,9179748,127686140.0,1643000,0,5970666,1730000,0,7137666,87000,0,1167000
20250909,3231,緯創,115.5,118.0,114.5,116.0,+,1.5,33557159,3908888520.0,7648939,44840,-184532,16775086,217000,210482,9126147,172160,395014
20250909,2834,臺企銀,15.4,15.45,15.3,15.45,+,0.1,21082551,324480638.0,7776633,-203813,-188940,10579917,0,113000,2803284,203813,301940
20250909,00646,元大S&P500,61.95,61.95,61.7,61.7,-,0.4,10773135,665281246.0,427767,0,6540267,1490767,0,7185000,1063000,0,644733
20250909,2887,台新新光金,17.15,17.2,17.05,17.2,+,0.1,37373591,639670166.0,7620854,-613501,-393000,20124504,283000,286000,12503650,896501,679000
20250909,00934,中信成長高股息,19.77,19.84,19.66,19.75,,0.0,6871350,136100389.0,965000,0,5061774,965000,0,5694803,0,0,633029
20250909,00927,群益半導體收益,18.54,18.68,18.5,18.64,+,0.12,8043683,149515660.0,1167000,0,4517622,1167000,0,6424703,0,0,1907081
20250909,2313,華通,76.1,79.0,75.2,77.6,+,2.2,42473451,3287885812.0,4824900,-3000,795811,15098400,0,1120429,10273500,3000,324618
20250909,2049,上銀,212.5,226.5,212.0,220.5,+,14.5,20243237,4491417993.0,5303465,575,302878,7453525,3000,499400,2150060,2425,196522
20250909,00891,中信關鍵半導體,18.09,18.21,17.98,18.16,+,0.12,9287026,168170356.0,1971000,0,3499894,1977000,0,5178894,6000,0,1679000
20250909,00922,國泰台灣領袖50,23.0,23.2,23.0,23.16,+,0.21,8832991,204256268.0,333000,0,4972357,406000,0,6271517,73000,0,1299160
20250909,00903,富邦元宇宙,16.13,16.13,16.06,16.06,+,0.03,5410039,87048312.0,2192000,0,3059360,2192000,0,3183439,0,0,124079
20250909,00918,大華優利高填息30,22.7,22.75,22.64,22.71,+,0.05,13731070,311688514.0,1918000,0,2999112,2048000,0,4799937,130000,0,1800825
20250909,2454,聯發科,1445.0,1515.0,1435.0,1510.0,+,80.0,11956440,17720448190.0,4793778,-413571,480389,7699116,42000,606285,2905338,455571,125896
20250909,6005,群益證,22.7,23.1,22.65,23.05,+,0.55,8900915,204798165.0,5064000,-293591,0,5828000,0,0,764000,293591,0
20250909,2801,彰銀,19.4,19.55,19.4,19.45,+,0.05,15455436,300808598.0,4992413,-258960,-1000,10263113,0,5000,5270700,258960,6000
20250909,2891,中信金,41.8,42.15,41.75,42.0,+,0.25,20461102,858967826.0,7607536,-2316945,-959290,17298654,144000,66000,9691118,2460945,1025290
20250909,00961,FT臺灣永續高息,9.1,9.12,9.08,9.1,+,0.03,8349607,75958818.0,1379000,0,2758911,1502000,0,4051911,123000,0,1293000
20250909,00830,國泰費城半導體,45.59,45.6,45.45,45.49,+,0.16,6047156,275354670.0,807013,0,3099326,951044,0,3301000,144031,0,201674
20250909,2301,光寶科,135.5,144.5,134.0,140.5,+,6.5,59240623,8340008773.0,2522281,1245763,4290,16729837,1584000,1071110,14207556,338237,1066820
20250909,00713,元大台灣高息低波,51.7,51.85,51.65,51.75,+,0.15,8544228,442122302.0,-35785,-140000,3921071,1241435,0,4477071,1277220,140000,556000
20250909,00915,凱基優選高股息30,22.72,22.74,22.64,22.66,-,0.01,5024493,113970483.0,578955,0,3082863,628000,0,3505863,49045,0,423000
20250909,2303,聯電,41.6,41.75,41.4,41.45,-,0.15,17679774,733958768.0,7328851,-2526464,-1158999,13438743,41000,54000,6109892,2567464,1212999
20250909,1314,中石化,7.83,7.91,7.72,7.88,+,0.23,37108503,291062928.0,3113000,0,402381,12580000,0,701381,9467000,0,299000
20250909,00951,台新日本半導體,8.73,8.75,8.63,8.64,+,0.15,5001660,43484852.0,264000,0,3250251,275000,0,4114251,11000,0,864000
20250909,00662,富邦NASDAQ,92.9,92.9,92.6,92.65,-,0.2,7668955,711249321.0,-206012,0,3633054,374058,0,4287000,580070,0,653946
20250909,3535,晶彩科,72.9,78.3,72.6,75.2,+,3.8,19078351,1444758680.0,2956200,0,138619,6565200,0,150619,3609000,0,12000
20250909,00923,群益台ESG低碳50,22.06,22.22,22.02,22.2,+,0.2,5452395,120563043.0,1217000,0,1493881,1269000,0,3668122,52000,0,2174241
20250909,00905,FT臺灣Smart,15.3,15.45,15.3,15.42,+,0.16,3449029,53098114.0,129000,0,2333737,161000,0,2334737,32000,0,1000
20250909,6770,力積電,16.55,16.7,16.25,16.5,-,0.05,15531911,255547477.0,3246000,-7000,-789321,7005000,0,149778,3759000,7000,939099
20250909,00936,台新永續高息中小,15.62,15.68,15.55,15.67,+,0.05,2817925,44070165.0,1177602,0,1130380,1205002,0,1534380,27400,0,404000
20250909,2884,玉山金,33.8,34.0,33.7,33.9,+,0.3,23927180,809967733.0,2756939,-468395,9458,16557565,247000,16323,13800626,715395,6865
20250909,00938,凱基優選30,15.24,15.32,15.24,15.27,+,0.09,3073956,46961723.0,376000,0,1896287,377000,0,2606287,1000,0,710000
20250909,5880,合庫金,24.1,24.3,24.05,24.25,+,0.2,6855785,166053948.0,2414780,-181464,8000,5265304,35000,10000,2850524,216464,2000
20250909,00941,中信上游半導體,13.95,14.0,13.94,13.95,+,0.11,2621309,36634555.0,1545015,0,634901,1591015,0,737365,46000,0,102464
20250909,3005,神基,162.5,162.5,158.0,162.5,+,0.5,7208885,1157087450.0,2479000,-122410,-328448,4475000,0,153051,1996000,122410,481499
20250909,2867,三商壽,6.23,6.23,6.11,6.17,+,0.03,9705483,59934809.0,1801000,0,200200,2691000,0,200200,890000,0,0
20250909,2809,京城銀,57.0,57.4,57.0,57.4,+,0.4,2766642,158424403.0,619000,-5750,1306000,1337000,0,1306000,718000,5750,0
20250909,2354,鴻準,69.0,69.9,68.6,69.5,+,0.9,8807630,610781987.0,1539032,-4000,355438,3228032,0,401798,1689000,4000,46360
20250909,00947,台新臺灣IC設計,14.64,14.9,14.64,14.85,+,0.21,2356384,34897968.0,589000,0,1300410,591000,0,1562605,2000,0,262195
20250909,2382,廣達,259.0,263.0,256.0,262.5,+,2.5,20058259,5228129604.0,2430748,-522532,-19393,12716361,23000,184000,10285613,545532,203393
20250909,2633,台灣高鐵,28.0,28.35,27.95,28.15,+,0.15,3846934,108165801.0,2427000,-15700,-550000,3021000,0,144000,594000,15700,694000
20250909,3013,晟銘電,132.5,133.5,130.5,132.0,+,1.5,8912289,1179502070.0,1851100,0,2070,3648100,0,47586,1797000,0,45516
20250909,2357,華碩,653.0,665.0,648.0,661.0,+,16.0,3790408,2498338469.0,1695803,58283,37264,2727357,227000,141492,1031554,168717,104228
20250909,00930,永豐ESG低碳高息,17.1,17.17,17.07,17.14,+,0.06,1974400,33833750.0,148000,0,1546531,161000,0,1624333,13000,0,77802
20250909,00770,國泰北美科技,51.05,51.2,51.0,51.05,+,0.1,2174554,111123729.0,325814,0,1344999,587000,0,1402999,261186,0,58000
20250909,2885,元大金,33.8,34.0,33.6,33.9,+,0.3,10067725,340668835.0,3157341,-539686,-1003228,7156041,46000,2775,3998700,585686,1006003
20250909,00960,野村全球航運龍頭,14.47,14.58,14.44,14.46,+,0.13,4120187,59740604.0,3071000,0,-1484648,3071000,0,798352,0,0,2283000
20250909,3037,欣興,135.0,136.0,133.5,135.0,+,1.5,9786778,1318074189.0,2940110,-1324000,-39965,5236310,0,40000,2296200,1324000,79965
20250909,2376,技嘉,272.5,287.0,266.0,284.5,+,10.0,10861885,3032160715.0,1279996,-82000,325051,4735806,12000,560630,3455810,94000,235579
20250909,6531,愛普*,318.5,342.0,317.5,333.5,+,16.0,8485133,2810819553.0,1235286,3587,273624,2973110,7000,360254,1737824,3413,86630
20250909,00692,富邦公司治理,48.71,49.03,48.71,48.98,+,0.48,2175405,106338514.0,569020,0,942601,569020,0,1358601,0,0,416000
20250909,00952,凱基台灣AI50,10.75,10.84,10.7,10.79,+,0.09,2903407,31274672.0,192000,0,1310249,228000,0,1756925,36000,0,446676
20250909,3711,日月光投控,170.0,170.0,164.0,167.0,-,4.5,53554441,8912196790.0,967816,1362329,-833567,19703158,1953000,470592,18735342,590671,1304159
20250909,1326,台化,28.75,29.4,28.65,29.0,+,0.25,6699214,194399017.0,1519714,-5000,-18390,3591714,0,138758,2072000,5000,157148
20250909,2838,聯邦銀,17.2,17.4,17.1,17.4,+,0.45,3717364,61485060.0,1452000,-9000,32000,1994000,0,32000,542000,9000,0
20250909,2481,強茂,70.2,70.4,67.6,68.7,-,1.7,19803963,1358781183.0,1397100,60000,-71061,5768100,200000,325845,4371000,140000,396906
20250909,2324,仁寶,28.35,28.4,28.05,28.2,-,0.05,13297209,375187784.0,2315601,-819452,-148000,10059412,0,282000,7743811,819452,430000
20250909,1216,統一,78.9,79.8,78.7,79.4,+,0.5,11414751,906484467.0,1453695,-66500,-52240,7867964,54000,366760,6414269,120500,419000
20250909,1618,合機,48.5,50.5,48.15,48.5,+,1.25,7958095,391404519.0,1279000,0,55421,2998000,0,142009,1719000,0,86588
20250909,3030,德律,194.0,194.0,187.5,189.5,-,3.5,4111202,780959059.0,1440548,-1000,-108870,2125548,0,48007,685000,1000,156877
20250909,00850,元大臺灣ESG永續,48.14,48.57,48.14,48.5,+,0.42,1702708,82374840.0,68500,0,1227859,83500,0,1326859,15000,0,99000
20250909,4958,臻鼎-KY,169.0,173.0,166.0,167.0,-,1.0,20305200,3422413300.0,2089660,-711038,-145183,10676980,0,302870,8587320,711038,448053
20250909,1104,環泥,29.65,30.0,29.0,29.1,,0.0,7085590,207723513.0,1216000,-1000,-13398,1992000,0,33000,776000,1000,46398
20250909,2383,台光電,1155.0,1255.0,1155.0,1225.0,+,80.0,7887357,9701083995.0,1050027,197900,-48788,3787091,203000,275921,2737064,5100,324709
20250909,00892,富邦台灣半導體,18.67,18.74,18.61,18.67,+,0.05,1940509,36219440.0,213968,0,958025,215000,0,1430025,1032,0,472000
20250909,00954,中信日本半導體,9.18,9.19,9.08,9.08,+,0.15,1879232,17182917.0,525000,0,625677,542000,0,1161569,17000,0,535892
20250909,3045,台灣大,107.0,108.0,107.0,107.5,+,0.5,3293441,353550267.0,513703,-25775,635980,1683703,9000,675071,1170000,34775,39091
20250909,2312,金寶,18.75,18.9,18.6,18.7,,0.0,4935921,92433617.0,1174000,-25000,-47824,2148000,0,9324,974000,25000,57148
20250909,3443,創意,1360.0,1435.0,1350.0,1400.0,+,55.0,4432585,6163101100.0,1028985,-3283,54752,1688024,0,182238,659039,3283,127486
20250909,6456,GIS-KY,63.0,63.6,60.3,60.8,-,2.2,4055582,249496259.0,1098160,0,-59562,1758160,0,3000,660000,0,62562
20250909,2882,國泰金,64.0,64.3,63.7,64.1,+,0.3,15017606,961508476.0,827050,199042,-26566,11958050,737000,224709,11131000,537958,251275
20250909,2412,中華電,134.5,135.5,134.0,135.5,+,1.0,5381846,726909115.0,1050128,-75329,3851,3657472,13000,25481,2607344,88329,21630
20250909,2014,中鴻,15.9,15.95,15.65,15.75,-,0.1,3721281,58667840.0,976000,-2000,3080,1439000,0,93000,463000,2000,89920
20250909,5521,工信,13.65,13.65,13.2,13.35,-,0.15,3107497,41502219.0,941000,0,1685,1798000,0,3000,857000,0,1315
20250909,2371,大同,38.85,39.6,38.85,39.35,+,0.7,10236552,402255504.0,769000,-7498,175051,4329000,0,224051,3560000,7498,49000
20250909,3311,閎暉,35.5,38.5,35.2,38.4,+,2.45,8629057,326816378.0,1065000,0,-184000,1906000,0,8000,841000,0,192000
20250909,2646,星宇航空,25.2,25.2,24.95,25.1,+,0.2,5421311,135895666.0,862300,0,6000,3593300,0,6000,2731000,0,0
20250909,1616,億泰,38.8,40.0,38.6,40.0,+,1.25,8308048,327247346.0,846100,0,464,2657100,0,180464,1811000,0,180000
20250909,2886,兆豐金,40.95,41.4,40.85,41.4,+,0.55,12680100,523591768.0,1696418,-75368,-775503,9572428,99000,49000,7876010,174368,824503
20250909,9105,泰金寶-DR,5.88,5.88,5.81,5.85,+,0.01,7431124,43473481.0,845000,0,-8174,1875000,0,0,1030000,0,8174
20250909,6257,矽格,89.0,89.7,87.3,88.9,+,1.0,4550546,402142918.0,977000,-33188,-107985,1967000,0,32155,990000,33188,140140
20250909,00690,兆豐藍籌30,38.44,39.18,38.44,39.07,+,0.64,1463081,56996309.0,6000,0,801766,8000,0,1281766,2000,0,480000
20250909,00904,台新臺灣半導體30,19.01,19.18,18.97,19.17,+,0.19,962025,18358675.0,8000,0,784258,8000,0,890263,0,0,106005
20250909,00932,兆豐永續高息等權,14.51,14.59,14.51,14.56,+,0.04,979184,14250429.0,319000,0,466477,319000,0,617527,0,0,151050
20250909,00636,國泰中國A50,24.81,24.84,24.6,24.6,-,0.17,2274819,56337391.0,0,0,779752,0,0,1795562,0,0,1015810
20250909,3040,遠見,68.6,74.7,67.7,74.6,+,6.6,4163557,301297745.0,764955,0,2813,1694000,0,3813,929045,0,1000
20250909,2855,統一證,21.65,22.1,21.65,22.1,+,0.45,3932316,86346339.0,763996,-5000,0,1512000,0,0,748004,5000,0
20250909,3029,零壹,127.5,128.5,125.0,127.5,+,3.0,3113154,395752736.0,749000,-1000,1825,1378000,0,22070,629000,1000,20245
20250909,4763,材料*-KY,68.0,68.1,67.3,67.5,-,0.3,7407091,501467150.0,1005000,-38000,-255519,2549000,33000,34999,1544000,71000,290518
20250909,2501,國建,22.0,22.05,21.65,21.9,+,0.05,3115911,67959871.0,775000,-2000,-81924,1394000,0,42000,619000,2000,123924
20250909,00926,凱基全球菁英55,22.1,22.1,22.02,22.02,-,0.08,1270587,28010265.0,40000,0,600878,52000,0,879052,12000,0,278174
20250909,2515,中工,11.8,11.8,11.65,11.7,-,0.05,3327942,39022132.0,971000,-2000,-330000,1525000,0,21000,554000,2000,351000
20250909,1402,遠東新,27.7,27.95,27.7,27.95,+,0.35,6110763,170330971.0,847534,-187088,-53405,4188003,0,7595,3340469,187088,61000
20250909,00944,野村趨勢動能高息,14.45,14.46,14.4,14.46,+,0.04,723590,10451183.0,-6000,0,608273,0,0,708627,6000,0,100354
20250909,2889,國票金,15.15,15.35,15.15,15.2,+,0.05,2855667,43573029.0,590000,-19000,20000,1424000,0,71000,834000,19000,51000
20250909,1609,大亞,42.0,42.55,41.5,41.6,+,0.25,8445838,354699761.0,700605,-1000,-117430,2312605,0,56366,1612000,1000,173796
20250909,6446,藥華藥,525.0,534.0,521.0,532.0,+,13.0,2288671,1210731137.0,574862,-8000,14362,1027087,0,38035,452225,8000,23673
20250909,6505,台塑化,39.55,40.5,39.55,40.35,+,0.75,4018322,161355335.0,604150,-136000,99461,2406150,0,134375,1802000,136000,34914
20250909,6282,康舒,28.55,29.1,28.35,28.95,+,0.5,3550206,102144819.0,392000,-3000,173598,1483000,0,175598,1091000,3000,2000
20250909,2836,高雄銀,11.8,11.85,11.7,11.85,+,0.15,1366531,16123381.0,679000,-3000,-116000,861000,0,4000,182000,3000,120000
20250909,2451,創見,107.0,109.5,105.5,109.0,+,2.5,2020916,218780780.0,523000,-20390,53732,911000,0,61733,388000,20390,8001
20250909,6558,興能高,53.5,55.1,53.0,53.9,+,0.4,6249827,339102301.0,546000,0,704,1145000,0,2000,599000,0,1296
20250909,2464,盟立,75.0,76.9,74.9,75.1,+,1.1,9914451,752461252.0,425292,-1000,122290,1938292,0,203590,1513000,1000,81300
20250909,3413,京鼎,300.0,303.5,297.5,298.5,+,8.5,1990642,598872026.0,507000,7000,21368,839000,10000,55326,332000,3000,33958
20250909,00907,永豐優息存股,15.25,15.33,15.25,15.25,+,0.06,936349,14312855.0,153000,0,379836,153000,0,613164,0,0,233328
20250909,00912,中信臺灣智慧50,19.32,19.48,19.32,19.46,+,0.14,642862,12493339.0,129000,0,394974,135000,0,470974,6000,0,76000
20250909,8070,長華*,41.75,41.95,41.15,41.3,+,0.05,2310256,95947540.0,496000,-2000,3300,1041000,0,4300,545000,2000,1000
20250909,1514,亞力,106.5,108.0,104.5,106.5,,0.0,2886404,307609872.0,413000,0,78731,1041000,0,120900,628000,0,42169
20250909,2812,台中銀,21.6,21.7,21.55,21.7,+,0.15,2912564,63026963.0,574000,-34909,-48000,1246000,0,0,672000,34909,48000
20250909,2851,中再保,23.75,24.05,23.75,24.05,+,0.3,1152277,27553775.0,607000,0,-118000,749000,0,0,142000,0,118000
20250909,4739,康普,70.7,70.8,65.7,67.8,+,3.0,5082147,346999135.0,463000,0,21673,1688000,0,23020,1225000,0,1347
20250909,2392,正崴,47.9,49.1,47.9,48.55,+,0.75,2674342,129974907.0,455000,-1000,26338,1038000,0,50978,583000,1000,24640
20250909,2441,超豐,62.2,62.4,61.5,62.1,,0.0,1278675,79354641.0,491000,-12000,994,692000,0,23994,201000,12000,23000
20250909,2820,華票,16.9,17.0,16.9,17.0,+,0.1,705361,11963999.0,409000,0,70000,492000,0,85000,83000,0,15000
20250909,2915,潤泰全,54.4,55.2,54.3,54.7,+,0.6,1637083,89720110.0,348000,-26000,156701,610000,0,194772,262000,26000,38071
20250909,00703,台新MSCI中國,21.3,21.61,21.3,21.43,+,0.16,719746,15448591.0,1000,0,448302,1000,0,664630,0,0,216328
20250909,2364,倫飛,80.1,87.0,80.0,85.5,+,5.7,1577215,132908034.0,427000,0,346,833000,0,346,406000,0,0
20250909,00962,台新AI優息動能,10.52,10.6,10.48,10.58,+,0.06,694636,7328279.0,121000,0,304768,127000,0,408000,6000,0,103232
20250909,1810,和成,22.2,22.4,21.85,22.2,,0.0,3796702,84048283.0,472000,0,-50000,1421000,0,12000,949000,0,62000
20250909,1608,華榮,31.0,31.55,30.45,30.45,-,0.25,8990590,277966692.0,-80000,0,500916,2402000,0,563362,2482000,0,62446
20250909,2201,裕隆,33.2,33.65,33.0,33.2,+,0.05,1664408,55386850.0,466000,-3000,-45020,941000,0,5080,475000,3000,50100
20250909,1904,正隆,17.9,18.2,17.9,18.15,+,0.2,966052,17463910.0,362000,-2000,56000,513000,0,101000,151000,2000,45000
20250909,2405,輔信,19.0,19.35,18.95,19.25,+,0.65,4716269,90461498.0,401000,0,3000,1464000,0,3000,1063000,0,0
20250909,1722,台肥,50.7,51.0,50.4,50.6,-,0.1,1426972,72244402.0,425000,5000,-28523,723000,11000,10000,298000,6000,38523
20250909,4976,佳凌,51.9,52.4,46.75,47.65,-,4.25,10698502,522701538.0,388900,0,2214,2456000,0,12000,2067100,0,9786
20250909,6165,浪凡,59.5,59.8,58.4,59.0,+,0.7,1093088,64581069.0,378000,0,13000,566000,0,19000,188000,0,6000
20250909,2476,鉅祥,116.5,120.0,113.5,117.0,+,3.0,13546767,1575106057.0,783900,0,-401781,3890000,0,133909,3106100,0,535690
20250909,2351,順德,83.5,83.5,81.1,81.5,-,2.0,1886960,154701045.0,388000,0,-12671,741000,0,13133,353000,0,25804
20250909,6139,亞翔,370.0,377.5,366.0,371.0,+,4.5,5030273,1872087207.0,262125,-57000,161442,1623366,53000,315957,1361241,110000,154515
20250909,00924,復華S&P500成長,26.62,26.64,26.57,26.6,-,0.04,2627324,69924431.0,13000,0,345941,35000,0,1195999,22000,0,850058
20250909,2466,冠西電,74.5,76.4,73.5,75.4,+,0.8,785318,58719729.0,358000,0,-2000,427000,0,2000,69000,0,4000
20250909,3694,海華,83.8,87.5,83.6,85.8,+,2.7,4419179,379520837.0,275553,0,77117,1661553,0,79039,1386000,0,1922
20250909,00902,中信電池及儲能,10.86,10.86,10.67,10.68,-,0.08,3687043,39650723.0,-50000,0,401451,12000,0,1881067,62000,0,1479616
20250909,00913,兆豐台灣晶圓製造,20.5,20.64,20.44,20.62,+,0.22,508777,10433765.0,44000,0,302122,44000,0,454122,0,0,152000
20250909,5522,遠雄,64.3,65.0,63.3,64.9,+,2.1,1197589,77047957.0,329200,-1000,16003,724200,0,16440,395000,1000,437
20250909,2347,聯強,60.2,60.7,59.7,60.7,+,1.1,5466359,329093958.0,778000,-450950,14009,4056000,0,46000,3278000,450950,31991
20250909,00700,富邦恒生國企,18.05,18.39,18.05,18.15,+,0.16,1046532,19098852.0,85000,0,252738,95000,0,566480,10000,0,313742
20250909,2905,三商,13.0,13.15,13.0,13.1,+,0.1,1153313,15073309.0,366000,0,-40003,541000,0,17000,175000,0,57003
20250909,00701,國泰股利精選30,27.45,27.59,27.45,27.53,+,0.12,3363184,92512719.0,340000,-1886000,1864084,372000,0,2142562,32000,1886000,278478
20250909,2845,遠東銀,12.45,12.5,12.35,12.4,-,0.05,10510326,130439686.0,351000,-79000,28937,3092000,0,70000,2741000,79000,41063
20250909,2504,國產,36.85,37.05,36.7,36.9,+,0.05,1444745,53251902.0,341000,-51611,10311,955000,0,13000,614000,51611,2689
20250909,2453,凌群,60.4,61.6,60.0,61.6,+,2.0,1473791,89687075.0,292000,0,3000,426000,0,3000,134000,0,0
20250909,00900,富邦特選高股息30,13.38,13.41,13.35,13.4,+,0.06,11449440,153237771.0,1155916,0,-862329,1265216,0,1831000,109300,0,2693329
20250909,2348,海悅,95.0,102.0,93.0,100.0,+,5.7,3284910,323047865.0,-85500,319000,45654,825000,319000,66037,910500,0,20383
20250909,00731,復華富時高息低波,67.0,67.25,66.95,67.15,+,0.3,810238,54365696.0,47000,0,227409,54000,0,741535,7000,0,514126
20250909,1215,卜蜂,135.0,136.0,134.0,135.5,+,0.5,590071,79589694.0,273000,-3000,4075,410000,0,20228,137000,3000,16153
20250909,00735,國泰臺韓科技,38.25,38.72,38.25,38.69,+,0.54,499267,19252689.0,268000,0,5000,272000,0,176000,4000,0,171000
20250909,3090,日電貿,72.5,72.7,71.7,71.9,-,0.1,848239,61185007.0,275000,-2190,-3000,368000,0,0,93000,2190,3000
20250909,6525,捷敏-KY,80.9,81.8,80.7,81.3,-,0.2,501256,40716065.0,274000,-1000,-4000,372000,0,1000,98000,1000,5000
20250909,3708,上緯投控,114.5,115.0,110.0,112.5,-,3.5,3882084,435790256.0,373979,0,-120580,1446000,0,42000,1072021,0,162580
20250909,4142,國光生,18.95,19.1,18.75,18.85,+,0.1,2048079,38784740.0,232000,-1000,21000,559000,0,21000,327000,1000,0
20250909,2027,大成鋼,39.25,39.3,38.45,39.15,+,0.35,16173892,630217587.0,1554427,-14000,-1293641,6456340,0,696452,4901913,14000,1990093
20250909,2492,華新科,81.8,82.5,81.1,81.7,+,0.4,667063,54494411.0,224000,-1000,18706,348000,0,30709,124000,1000,12003
20250909,3645,達邁,72.1,72.8,70.0,70.5,-,1.7,6631926,471080843.0,285030,0,-56278,1507030,0,1093,1222000,0,57371
20250909,00921,兆豐龍頭等權重,17.75,17.77,17.67,17.7,+,0.04,291231,5159718.0,-2000,0,227669,0,0,230583,2000,0,2914
20250909,8103,瀚荃,53.5,54.0,52.9,53.7,+,0.4,935291,49947189.0,215980,0,8791,392000,0,13000,176020,0,4209
20250909,5234,達興材料,425.5,429.5,413.5,416.0,-,10.0,1844177,773617027.0,310000,4000,-91013,686000,5000,17232,376000,1000,108245
20250909,6789,采鈺,324.5,324.5,312.0,316.0,-,7.0,7230781,2291766478.0,427552,3000,-210509,1765997,5000,288839,1338445,2000,499348
20250909,2614,東森,20.1,20.3,19.85,19.95,,0.0,2171339,43490685.0,250000,0,-33836,568000,0,1164,318000,0,35000
20250909,3042,晶技,87.1,87.4,85.9,87.3,+,0.8,997579,86306814.0,231271,-32570,12530,504271,0,27185,273000,32570,14655
20250909,2852,第一保,26.7,26.95,26.7,26.9,+,0.15,423632,11371864.0,227000,-3463,-17000,240000,0,1000,13000,3463,18000
20250909,1809,中釉,19.35,20.0,19.35,19.6,+,0.35,1593478,31429884.0,167000,0,39000,522000,0,60000,355000,0,21000
20250909,00728,第一金工業30,33.0,33.2,33.0,33.11,+,0.2,246010,8155230.0,3000,0,198979,3000,0,203991,0,0,5012
20250909,00752,中信中國50,25.8,26.09,25.72,25.83,+,0.21,7725752,200430291.0,120000,0,81606,299000,0,2628182,179000,0,2546576
20250909,2211,長榮鋼,93.3,94.0,92.7,93.5,+,0.6,1019937,95270416.0,233000,-13590,-20000,502000,0,2000,269000,13590,22000
20250909,1714,和桐,7.82,7.91,7.82,7.9,+,0.13,1244360,9791878.0,199000,0,0,327000,0,0,128000,0,0
20250909,6477,安集,43.1,45.8,42.9,44.0,+,1.15,5198422,232285964.0,207000,0,-10382,1138000,0,10000,931000,0,20382
20250909,5534,長虹,82.0,82.6,80.5,81.4,-,0.4,1190238,96899519.0,316000,0,-122988,679000,0,20120,363000,0,143108
20250909,6873,泓德能源,136.5,137.5,133.0,135.5,-,0.5,866143,117078866.0,190313,0,1926,374313,0,4083,184000,0,2157
20250909,2431,聯昌,12.1,12.35,12.05,12.2,+,0.1,744763,9096536.0,195000,0,-3000,291000,0,0,96000,0,3000
20250909,5203,訊連,105.0,109.5,104.0,106.0,-,1.0,856055,91115303.0,198986,-1000,-12077,360000,0,4184,161014,1000,16261
20250909,00876,元大全球5G,40.56,40.56,40.22,40.24,+,0.09,215480,8689818.0,3030,0,174095,8030,0,177095,5000,0,3000
20250909,8464,億豐,464.0,467.5,450.5,452.0,-,13.5,1007450,458799244.0,189000,-2461,-9648,702000,0,6180,513000,2461,15828
20250909,5284,jpp-KY,294.0,295.0,286.5,290.0,-,3.5,1412455,410431660.0,186000,0,-9509,456000,0,4330,270000,0,13839
20250909,2243,宏旭-KY,13.45,13.45,12.6,12.7,-,0.7,827797,10614772.0,166000,0,9000,201000,0,9000,35000,0,0
20250909,1503,士電,192.0,195.0,190.0,192.5,+,3.0,3015179,580428371.0,-29000,-1000,201199,1068000,0,221852,1097000,1000,20653
20250909,6142,友勁,10.85,10.85,10.3,10.45,-,0.35,957320,10077575.0,155000,0,10000,191000,0,10000,36000,0,0
20250909,2527,宏璟,25.65,26.25,25.65,26.0,+,0.3,382565,9936421.0,165000,-994,-2,240000,0,0,75000,994,2
20250909,6196,帆宣,271.0,275.0,267.5,272.5,+,2.5,1191376,323292419.0,182227,22000,-40238,365227,93000,30316,183000,71000,70554
20250909,9958,世紀鋼,175.0,175.0,173.0,173.0,-,1.0,1105693,192225617.0,240000,-1000,-75889,472000,0,28845,232000,1000,104734
20250909,2530,華建,30.7,30.85,30.5,30.7,-,0.15,709692,21773488.0,185000,0,-22000,319000,0,53000,134000,0,75000
20250909,3312,弘憶股,43.15,43.35,42.5,42.5,-,0.4,677890,29015082.0,156000,0,3980,265000,0,4080,109000,0,100
20250909,5871,中租-KY,117.0,117.5,116.5,117.0,+,0.5,3064712,358637095.0,440173,-100000,-182038,1678475,32000,1000,1238302,132000,183038
20250909,3010,華立,99.5,100.0,98.5,99.0,,0.0,570268,56486977.0,168000,-1000,-9740,289000,0,312,121000,1000,10052
20250909,2102,泰豐,20.65,20.85,20.25,20.45,-,0.2,595641,12263077.0,161000,0,-6000,220000,0,0,59000,0,6000
20250909,2368,金像電,457.5,477.5,453.0,465.0,+,16.0,14825630,6947854127.0,-2643649,2807000,-10313,3720401,2809000,314521,6364050,2000,324834
20250909,2850,新產,118.5,119.0,116.0,119.0,,0.0,582633,68358056.0,285992,-1000,-132000,398000,0,13000,112008,1000,145000
20250909,00901,永豐智能車供應鏈,23.2,23.64,23.2,23.58,+,0.41,252919,5947939.0,35000,0,117934,35000,0,156066,0,0,38132
20250909,3026,禾伸堂,84.6,85.1,84.2,85.0,+,1.1,286674,24309524.0,156000,0,-4000,165000,0,0,9000,0,4000
20250909,00762,元大全球AI,76.6,76.7,76.55,76.55,+,0.05,332218,25450186.0,2015,0,145361,3015,0,246361,1000,0,101000
20250909,1532,勤美,25.6,25.65,25.35,25.5,,0.0,506379,12893292.0,234998,-9252,-79816,293000,0,184,58002,9252,80000
20250909,2423,固緯,56.3,57.1,55.8,56.0,-,0.3,422838,23758109.0,156000,0,-12000,186000,0,0,30000,0,12000
20250909,5434,崇越,297.5,306.0,297.0,301.5,+,5.0,1421386,429554606.0,178000,-1283,-34201,673000,5000,23799,495000,6283,58000
20250909,6214,精誠,122.5,123.0,121.0,122.5,+,0.5,766208,93488478.0,136989,-1000,2245,277000,0,7245,140011,1000,5000
20250909,6283,淳安,27.5,28.45,26.65,28.35,+,0.85,881500,24070845.0,138000,0,-3000,264000,0,1000,126000,0,4000
20250909,1529,樂事綠能,25.2,25.5,25.05,25.4,+,0.25,452327,11425329.0,128000,0,6000,208000,0,12000,80000,0,6000
20250909,6781,AES-KY,1405.0,1425.0,1365.0,1395.0,+,5.0,1528884,2128246210.0,55860,98873,-20918,459360,109000,16894,403500,10127,37812
20250909,1732,毛寶,29.7,29.8,29.0,29.0,+,0.3,637182,18706233.0,131000,0,-2000,266000,0,0,135000,0,2000
20250909,9938,百和,54.6,56.5,54.3,55.3,+,1.0,2003805,111087802.0,98000,-2000,32557,565000,0,58557,467000,2000,26000
20250909,7780,大研生醫*,188.0,226.5,180.5,219.0,,0.0,5605644,1187022234.0,148000,0,-20000,149000,0,0,1000,0,20000
20250909,2601,益航,5.86,5.9,5.83,5.87,+,0.01,1036500,6074269.0,355000,0,-227000,375000,0,61000,20000,0,288000
20250909,3189,景碩,104.5,105.0,103.5,104.0,+,0.5,3002417,312494027.0,107646,-2000,21983,1378000,0,55000,1270354,2000,33017
20250909,1201,味全,15.65,15.7,15.55,15.7,+,0.05,237828,3717125.0,124000,0,3245,140000,0,9000,16000,0,5755
20250909,6412,群電,106.0,107.0,105.0,106.0,,0.0,403323,42646496.0,144900,-22340,-1,257000,0,0,112100,22340,1
20250909,6117,迎廣,92.0,96.2,91.6,92.0,+,1.0,1643360,154128435.0,117000,0,2133,495000,0,3133,378000,0,1000
20250909,3062,建漢,24.5,24.65,24.2,24.35,,0.0,1254436,30553985.0,109000,0,-2004,414000,0,0,305000,0,2004
20250909,1229,聯華,49.3,49.4,49.0,49.25,+,0.1,877300,43142375.0,130000,-9000,-15067,389000,0,3933,259000,9000,19000
20250909,9910,豐泰,115.0,115.0,114.0,115.0,,0.0,395122,45316628.0,113096,-5060,-2265,343096,0,3799,230000,5060,6064
20250909,2332,友訊,17.6,17.6,17.2,17.5,-,0.05,3069753,53389653.0,93100,0,12309,884100,0,24119,791000,0,11810
20250909,2637,慧洋-KY,58.5,58.8,58.2,58.5,+,0.3,1583226,92598413.0,142000,-20000,-17436,869000,0,1000,727000,20000,18436
20250909,1603,華電,39.2,40.4,38.85,39.0,+,0.4,827744,32710041.0,145000,0,-41000,324000,0,3000,179000,0,44000
20250909,2903,遠百,21.3,21.3,21.05,21.15,,0.0,980011,20708821.0,168000,-2000,-64000,329000,0,3000,161000,2000,67000
20250909,00893,國泰智能電動車,26.72,26.8,26.69,26.7,-,0.04,2604835,69674278.0,-4000,0,105780,28000,0,1225000,32000,0,1119220
20250909,2308,台達電,729.0,798.0,728.0,784.0,+,58.0,21560823,16709779631.0,-1248805,1133755,216382,7580264,1266000,616378,8829069,132245,399996
20250909,6658,聯策,63.2,66.4,63.2,64.4,+,1.3,430312,27693674.0,101000,0,-296,188000,0,0,87000,0,296
20250909,6869,雲豹能源,128.5,129.5,127.0,128.0,+,0.5,404339,51904093.0,87000,0,12895,182000,0,14000,95000,0,1105
20250909,6719,力智,200.5,201.5,195.0,195.5,-,3.5,425194,83807869.0,111000,0,-11333,181000,0,3000,70000,0,14333
20250909,1305,華夏,11.85,11.85,11.6,11.75,,0.0,571069,6676402.0,80000,0,19099,219000,0,20000,139000,0,901
20250909,2015,豐興,65.6,65.8,65.2,65.2,-,0.1,166288,10879180.0,112000,-2000,-11248,152000,0,2000,40000,2000,13248
20250909,2528,皇普,30.5,30.5,29.7,29.7,-,0.85,996298,29848058.0,102000,0,-4000,410000,0,5000,308000,0,9000
20250909,1103,嘉泥,13.2,13.35,13.2,13.35,+,0.15,324439,4316503.0,97000,0,0,111000,0,0,14000,0,0
20250909,9103,美德醫療-DR,4.9,5.04,4.88,4.95,+,0.07,849750,4225138.0,96000,0,-769,140000,0,71,44000,0,840
20250909,9911,櫻花,86.5,87.2,86.5,86.7,-,0.2,271237,23548554.0,103000,-3000,-5346,175000,0,1000,72000,3000,6346
20250909,2395,研華,341.0,342.0,337.0,340.5,+,2.5,1668228,567503151.0,105106,-35305,23610,1138917,3000,51000,1033811,38305,27390
20250909,00733,富邦臺灣中小,46.72,46.98,46.57,46.84,+,0.14,1024680,47943915.0,-22992,0,116301,111008,0,469931,134000,0,353630
20250909,6672,騰輝電子-KY,116.0,118.5,114.0,118.0,+,2.0,10676574,1249552118.0,92000,0,528,1581000,0,20029,1489000,0,19501
20250909,2375,凱美,58.6,59.7,58.6,59.0,+,0.9,259508,15322818.0,92000,0,150,117000,0,13150,25000,0,13000
20250909,3419,譁裕,13.15,13.2,13.0,13.2,+,0.05,263255,3445442.0,76000,0,14000,91000,0,14000,15000,0,0
20250909,5531,鄉林,9.42,9.52,9.32,9.35,-,0.07,546478,5122058.0,89000,0,0,187000,0,0,98000,0,0
20250909,2236,百達-KY,107.0,108.5,106.0,108.5,+,2.0,178242,19133956.0,89000,0,0,96000,0,0,7000,0,0
20250909,2428,興勤,154.0,155.0,153.0,154.5,+,1.5,739130,113859400.0,39000,0,45000,166000,0,45000,127000,0,0
20250909,00908,富邦入息REITs+,13.59,13.59,13.56,13.57,-,0.02,377448,5123082.0,-3000,0,86011,0,0,349011,3000,0,263000
20250909,1308,亞聚,12.0,12.1,11.9,12.0,,0.0,530110,6359414.0,80000,0,1000,180000,0,1000,100000,0,0
20250909,1611,中電,13.5,13.7,13.3,13.3,+,0.15,823195,11069533.0,81000,0,-55,234000,0,0,153000,0,55
20250909,6112,邁達特,52.4,52.5,51.4,51.5,-,0.4,800695,41443745.0,85000,0,-4216,249000,0,0,164000,0,4216
20250909,00920,富邦ESG綠色電力,15.09,15.24,15.09,15.19,+,0.13,172780,2622989.0,-4000,0,84698,3000,0,115698,7000,0,31000
20250909,2258,鴻華先進-創,38.9,39.15,38.8,38.9,,0.0,263113,10245580.0,79000,0,825,83000,0,1000,4000,0,175
20250909,2385,群光,138.5,139.0,137.5,138.5,+,0.5,2741545,379570232.0,344111,-287971,23148,1459789,0,39000,1115678,287971,15852
20250909,8926,台汽電,48.7,49.0,48.1,48.45,-,0.1,1391377,67401272.0,83000,-4000,0,500000,0,0,417000,4000,0
20250909,00894,中信小資高價30,22.66,22.96,22.65,22.88,+,0.33,1733644,39581983.0,189000,0,-110126,220000,0,487540,31000,0,597666
20250909,2393,億光,62.3,63.4,61.6,62.7,+,0.4,1912143,119573160.0,132000,-27505,-26000,1032000,0,11000,900000,27505,37000
20250909,6861,睿生光電,58.0,61.3,58.0,61.3,+,5.5,1316010,79702142.0,78000,0,-102,214000,0,5898,136000,0,6000
20250909,8374,羅昇,105.0,110.5,105.0,109.0,+,4.5,2139574,232875409.0,58000,0,19140,443000,0,29341,385000,0,10201
20250909,2207,和泰車,575.0,577.0,568.0,575.0,+,4.0,290265,166418811.0,76515,-2000,2000,241455,2000,2000,164940,4000,0
20250909,2607,榮運,35.2,35.5,35.0,35.2,,0.0,677318,23831743.0,-9975,-12000,95000,277025,0,107000,287000,12000,12000
20250909,6152,百一,9.31,9.5,9.27,9.43,+,0.07,443302,4168114.0,73000,0,0,174000,0,0,101000,0,0
20250909,8467,波力-KY,191.0,198.0,187.5,198.0,+,18.0,651646,126739203.0,71000,0,1838,157000,0,2864,86000,0,1026
20250909,8476,台境*,20.35,20.45,20.2,20.2,-,0.35,134605,2731515.0,68000,0,4000,71000,0,7000,3000,0,3000
20250909,2206,三陽工業,66.5,66.9,66.4,66.7,+,0.2,422724,28163541.0,93000,-4000,-18000,265000,0,0,172000,4000,18000
20250909,6957,裕慶-KY,178.0,184.0,178.0,180.5,+,4.5,313325,56700239.0,71000,0,0,124000,0,0,53000,0,0
20250909,6790,永豐實,38.7,38.7,38.5,38.65,-,0.05,178411,6888691.0,70000,0,1000,74000,0,1000,4000,0,0
20250909,9955,佳龍,29.7,30.1,29.55,29.8,+,0.7,819165,24379386.0,70000,0,1000,218000,0,3000,148000,0,2000
20250909,9919,康那香,17.25,17.7,17.1,17.2,+,0.15,827651,14367017.0,74000,0,-4000,300000,0,0,226000,0,4000
20250909,00971,野村美國研發龍頭,15.5,15.55,15.5,15.52,+,0.02,763322,11852524.0,41000,0,27844,48000,0,282474,7000,0,254630
20250909,6550,北極星藥業-KY,38.55,38.95,38.1,38.8,+,0.25,522859,20138778.0,67000,0,0,168000,0,0,101000,0,0
20250909,6885,全福生技,34.3,34.3,33.25,33.8,+,0.2,459327,15491809.0,64000,0,1000,174000,0,2000,110000,0,1000
20250909,1721,三晃,13.4,13.5,13.15,13.25,-,0.1,956051,12737536.0,66000,0,-1147,237000,0,3000,171000,0,4147
20250909,2908,特力,20.15,20.15,19.95,20.05,-,0.05,408210,8170118.0,84000,0,-20000,107000,0,4000,23000,0,24000
20250909,6909,創控,49.05,49.35,48.8,49.15,+,0.1,302694,14869249.0,64000,0,0,94000,0,0,30000,0,0
20250909,7765,中華資安,331.0,333.0,326.0,327.5,-,3.5,585579,192642605.0,63000,0,0,85000,0,0,22000,0,0
20250909,6141,柏承,12.75,12.75,12.4,12.6,-,0.15,281789,3542248.0,61000,0,2000,85000,0,2000,24000,0,0
20250909,1414,東和,17.75,17.95,17.65,17.85,+,0.1,552086,9818531.0,80000,0,-18000,157000,0,7000,77000,0,25000
20250909,5258,虹堡,74.0,75.6,73.9,74.8,+,1.1,470800,35299950.0,62000,0,-571,199000,0,429,137000,0,1000
20250909,00916,國泰全球品牌50,25.45,25.45,25.39,25.41,-,0.14,242363,6160763.0,-33000,0,94410,0,0,121578,33000,0,27168
20250909,2645,長榮航太,194.0,201.0,190.0,198.5,+,5.0,8834718,1734460286.0,-163000,293000,-70020,1868000,294000,222249,2031000,1000,292269
20250909,6918,愛派司,96.5,98.0,96.5,97.5,+,0.9,83391,8115460.0,58000,0,1000,61000,0,1000,3000,0,0
20250909,6902,GOGOLOOK,80.5,84.7,80.5,82.2,+,2.5,293571,24500376.0,58009,0,0,114009,0,0,56000,0,0
20250909,6189,豐藝,51.5,51.9,51.1,51.6,+,0.1,475834,24483686.0,58000,0,-116,220000,0,3000,162000,0,3116
20250909,1455,集盛,9.24,9.48,9.23,9.4,+,0.15,539682,5064749.0,61000,0,-4473,73000,0,1000,12000,0,5473
20250909,00861,元大全球未來通訊,46.1,46.1,45.93,45.96,-,0.02,71547,3290430.0,0,0,56522,0,0,57522,0,0,1000
20250909,2349,錸德,11.25,11.35,11.1,11.15,-,0.2,2887699,32275392.0,57000,0,-905,535000,0,0,478000,0,905
20250909,1219,福壽,13.55,13.65,13.5,13.65,+,0.1,145328,1972917.0,54000,0,0,61000,0,0,7000,0,0
20250909,8213,志超,34.95,35.1,34.3,34.7,-,0.25,556145,19284634.0,113000,0,-59000,238000,0,18000,125000,0,77000
20250909,00911,兆豐洲際半導體,26.33,26.59,26.33,26.39,+,0.07,401879,10622187.0,-57000,0,110631,0,0,360631,57000,0,250000
20250909,2106,建大,20.6,20.65,20.5,20.6,,0.0,265855,5465975.0,57000,-4000,297,130000,0,2000,73000,4000,1703
20250909,3550,聯穎,15.3,15.3,14.75,15.0,-,0.2,328679,4920233.0,38000,0,14832,125000,0,15000,87000,0,168
20250909,4906,正文,25.6,25.65,25.35,25.45,-,0.15,1425909,36316896.0,83000,0,-30527,542000,0,10000,459000,0,40527
20250909,6414,樺漢,309.0,309.5,305.0,305.5,-,3.0,518710,158824597.0,77000,-32000,6976,186000,0,14000,109000,32000,7024
20250909,1604,聲寶,24.55,24.7,24.55,24.7,+,0.1,102821,2531607.0,47000,0,4000,51000,0,4000,4000,0,0
20250909,2611,志信,16.05,16.1,16.0,16.1,+,0.05,194304,3116016.0,50000,0,0,66000,0,0,16000,0,0
20250909,0051,元大中型100,85.4,85.7,85.25,85.3,+,0.35,132146,11294896.0,0,0,49006,0,0,76513,0,0,27507
20250909,3209,全科,32.4,32.4,31.9,31.95,-,0.15,426149,13660373.0,74000,-4550,-21000,162000,0,0,88000,4550,21000
20250909,8011,台通,23.15,23.75,23.0,23.7,+,0.6,2995707,70203696.0,17000,0,30000,350000,0,30000,333000,0,0
20250909,1707,葡萄王,129.0,130.5,129.0,130.5,+,2.0,96390,12498687.0,47000,-2000,1000,55000,0,1000,8000,2000,0
20250909,6235,華孚,61.0,61.5,60.2,60.6,-,0.1,563970,34264797.0,40000,0,6000,202000,0,6000,162000,0,0
20250909,00875,國泰網路資安,38.89,38.92,38.84,38.87,+,0.34,104149,4047418.0,19000,0,25989,19000,0,66989,0,0,41000
20250909,3004,豐達科,134.5,135.0,131.0,135.0,+,1.0,1582720,211240844.0,76925,25000,-57226,465925,25000,16000,389000,0,73226
20250909,3532,台勝科,83.1,83.7,82.2,83.3,+,0.3,408343,33877457.0,39000,-1000,5991,185000,0,12007,146000,1000,6016
20250909,2103,台橡,17.0,17.05,16.95,16.95,-,0.05,369723,6278128.0,53000,-1000,-8078,249000,0,0,196000,1000,8078
20250909,00702,國泰標普低波高息,22.86,22.87,22.73,22.75,-,0.15,156285,3565236.0,-2999,0,46912,1001,0,149000,4000,0,102088
20250909,1903,士紙,53.2,53.7,53.0,53.0,-,0.2,170910,9106033.0,43000,0,-270,48000,0,0,5000,0,270
20250909,6526,達發,581.0,582.0,566.0,577.0,,0.0,574170,329775424.0,28045,-1000,15347,151581,0,44179,123536,1000,28832
20250909,2605,新興,22.45,22.5,22.3,22.35,+,0.1,1157827,25916550.0,6000,0,35590,374000,0,122000,368000,0,86410
20250909,00943,兆豐電子高息等權,14.54,14.55,14.44,14.48,-,0.01,149774,2170233.0,0,0,40990,0,0,103000,0,0,62010
20250909,9939,宏全,133.0,134.0,131.5,132.0,-,0.5,1143799,151537428.0,61149,-22000,1122,240000,0,14000,178851,22000,12878
20250909,3038,全台,21.75,22.35,21.75,22.05,+,0.3,460745,10126493.0,59000,-1472,-18000,143000,0,10000,84000,1472,28000
20250909,2597,潤弘,155.5,156.5,154.0,156.0,+,1.5,197190,30659594.0,39000,-3000,2000,91000,0,2000,52000,3000,0
20250909,1702,南僑,39.7,39.95,39.6,39.85,+,0.15,232556,9245572.0,43000,0,-6000,111000,0,4000,68000,0,10000
20250909,6854,錼創科技-KY創,166.0,169.5,165.0,168.0,+,0.5,645135,107565801.0,47000,0,-10292,187000,0,7000,140000,0,17292
20250909,9917,中保科,113.0,113.5,113.0,113.5,+,0.5,273689,31034598.0,32685,-2000,6000,131000,0,9000,98315,2000,3000
20250909,6579,研揚,128.5,130.0,126.5,126.5,+,2.5,249715,31925619.0,32000,0,3000,85000,0,3000,53000,0,0
20250909,9946,三發地產,19.2,19.3,19.0,19.2,+,0.1,278272,5320837.0,34000,0,0,80000,0,0,46000,0,0
20250909,4560,強信-KY,33.85,34.7,33.8,34.05,+,0.1,222060,7598347.0,33000,0,0,115000,0,2000,82000,0,2000
20250909,0052,富邦科技,210.55,212.0,210.2,211.9,+,2.1,1341576,283216555.0,265994,0,-233509,278000,0,450921,12006,0,684430
20250909,6949,沛爾生醫-創,492.0,505.0,482.0,490.0,-,2.0,353557,174237341.0,30000,0,1789,113000,0,5098,83000,0,3309
20250909,2636,台驊控股,71.4,71.6,71.0,71.4,,0.0,145859,10399888.0,46000,0,-14244,65000,0,0,19000,0,14244
20250909,2031,新光鋼,43.35,43.85,43.1,43.35,-,0.15,545384,23609678.0,65000,0,-33771,290000,0,11362,225000,0,45133
20250909,6598,ABC-KY,21.65,23.5,21.65,23.25,+,1.85,680982,15621025.0,29000,0,1622,30000,0,1632,1000,0,10
20250909,6592,和潤企業,70.2,70.4,69.6,70.0,-,0.2,171242,11960544.0,52000,0,-21443,98000,0,2557,46000,0,24000
20250909,1453,大將,13.6,13.95,13.55,13.95,+,0.3,75310,1029762.0,31000,0,-1000,39000,0,0,8000,0,1000
20250909,3717,聯嘉投控,20.9,21.25,20.5,20.85,+,0.1,825317,17247484.0,30000,0,0,200000,0,0,170000,0,0
20250909,00851,台新全球AI,51.2,51.75,51.2,51.7,+,0.7,123077,6350270.0,7000,0,23000,7000,0,101000,0,0,78000
20250909,0055,元大MSCI金融,30.23,30.47,30.18,30.28,+,0.06,102088,3094304.0,19000,0,10907,20000,0,30989,1000,0,20082
20250909,6799,來頡,87.5,89.0,86.5,87.9,+,1.7,274608,24039648.0,27000,0,1998,104000,0,2000,77000,0,2
20250909,00896,中信綠能及電動車,17.91,18.19,17.91,18.12,+,0.25,2021605,36529130.0,18000,0,10400,37000,0,744352,19000,0,733952
20250909,2429,銘旺科,129.0,137.5,127.0,137.5,+,12.5,1976063,267766327.0,2000,0,26045,492000,0,26045,490000,0,0
20250909,2442,新美齊,26.4,27.15,26.35,27.05,,0.0,1192954,31845492.0,-9000,0,37000,346000,0,106000,355000,0,69000
20250909,00717,富邦美國特別股,14.92,14.94,14.89,14.89,-,0.04,61432,915849.0,0,0,26993,0,0,39000,0,0,12007
20250909,8463,潤泰材,25.85,26.1,25.85,25.95,+,0.1,140135,3638660.0,24000,0,1000,26000,0,1000,2000,0,0
20250909,2816,旺旺保,26.55,26.6,26.25,26.6,+,0.2,95537,2532647.0,25000,0,0,25000,0,0,0,0,0
20250909,3653,健策,2465.0,2525.0,2425.0,2455.0,,0.0,1647186,4059957230.0,306692,-211431,-70539,941230,3000,35928,634538,214431,106467
20250909,00657,國泰日經225,51.5,51.5,51.15,51.15,-,0.2,31390,1613192.0,2500,0,21681,2500,0,23681,0,0,2000
20250909,1475,業旺,34.05,35.2,33.8,35.2,+,1.25,112282,3887629.0,18000,0,5000,36000,0,5000,18000,0,0
20250909,6277,宏正,58.6,58.8,58.4,58.8,+,0.2,83019,4865839.0,21000,0,1000,24000,0,5000,3000,0,4000
20250909,8940,新天地,20.2,20.3,20.15,20.15,,0.0,130655,2633796.0,20000,0,1000,22000,0,1000,2000,0,0
20250909,2028,威致,17.8,17.8,17.6,17.75,+,0.05,41133,727599.0,15000,0,6000,19000,0,6000,4000,0,0
20250909,2477,美隆電,24.9,25.15,23.85,23.85,-,0.85,492394,11956454.0,97000,0,-76000,126000,0,1000,29000,0,77000
20250909,6416,瑞祺電通,87.6,87.6,85.5,85.8,-,0.8,154412,13295930.0,20000,0,-50,45000,0,0,25000,0,50
20250909,8462,柏文,163.5,167.5,162.5,167.5,+,3.5,232657,38396918.0,21000,0,-1449,92000,0,0,71000,0,1449
20250909,1590,亞德客-KY,788.0,799.0,788.0,792.0,+,8.0,1155233,917470500.0,27017,-10000,2033,971517,1000,11291,944500,11000,9258
20250909,9935,慶豐富,21.0,21.15,20.8,20.8,-,0.15,189152,3952320.0,15000,0,4000,57000,0,4000,42000,0,0
20250909,2707,晶華,197.0,197.5,195.5,197.0,+,0.5,78923,15509214.0,18000,-620,1000,30000,0,1000,12000,620,0
20250909,3652,精聯,31.95,32.4,31.5,31.5,-,0.25,84040,2675969.0,15000,0,3000,25000,0,3000,10000,0,0
20250909,2007,燁興,7.97,8.09,7.97,8.03,-,0.02,175103,1403089.0,18000,0,0,18000,0,0,0,0,0
20250909,9937,全國,60.8,62.0,60.8,61.8,+,0.2,29362,1803351.0,18000,0,0,19000,0,0,1000,0,0
20250909,6534,正瀚-創,118.0,119.5,117.5,119.5,+,0.5,100778,11945628.0,18000,0,-997,31000,0,3,13000,0,1000
20250909,1447,力鵬,5.71,5.73,5.7,5.72,+,0.01,387903,2216176.0,17000,0,0,58000,0,0,41000,0,0
20250909,2397,友通,74.0,75.2,74.0,74.3,+,0.4,662501,49376220.0,15000,0,2000,238000,0,2000,223000,0,0
20250909,9902,台火,16.7,17.15,16.4,16.75,+,0.45,486145,8122271.0,33000,0,-16054,130000,0,0,97000,0,16054
20250909,6994,富威電力,89.6,93.0,88.3,91.5,+,2.2,288074,26278827.0,15020,0,1301,98020,0,1301,83000,0,0
20250909,6835,圓裕,41.75,41.75,41.35,41.45,-,0.3,75236,3122485.0,16000,0,0,16000,0,0,0,0,0
20250909,6689,伊雲谷,75.8,75.8,74.6,74.9,-,0.5,155638,11667330.0,16000,0,0,61000,0,0,45000,0,0
20250909,5292,華懋,168.0,170.5,168.0,168.5,+,1.0,93387,15778889.0,11000,0,5000,35000,0,5000,24000,0,0
20250909,5533,皇鼎,16.35,16.35,16.25,16.25,-,0.1,108863,1771894.0,16000,0,0,16000,0,0,0,0,0
20250909,4133,亞諾法,26.2,26.25,25.95,26.0,+,0.1,67025,1748001.0,19000,0,-3000,23000,0,2000,4000,0,5000
20250909,3043,科風,25.4,25.4,24.8,25.2,-,0.1,125505,3145187.0,16000,0,0,41000,0,0,25000,0,0
20250909,1521,大億,26.6,26.85,25.75,26.0,-,0.15,67927,1778016.0,16000,0,0,17000,0,0,1000,0,0
20250909,1256,鮮活果汁-KY,162.5,163.5,158.5,163.0,+,1.5,96538,15603489.0,16000,0,0,26000,0,0,10000,0,0
20250909,1598,岱宇,21.55,21.55,21.4,21.4,-,0.1,51319,1101757.0,15154,0,27,17000,0,27,1846,0,0
20250909,8045,達運光電,122.0,123.0,118.5,119.0,-,2.0,525804,63487858.0,13000,0,2117,168000,0,12118,155000,0,10001
20250909,4569,六方科-KY,170.0,170.0,165.0,168.5,-,0.5,88640,14810885.0,15000,0,0,34000,0,0,19000,0,0
20250909,1725,元禎,28.5,29.05,28.5,28.65,-,0.15,44035,1268856.0,14000,0,1000,15000,0,1000,1000,0,0
20250909,2440,太空梭,12.7,12.7,12.45,12.65,-,0.05,142677,1790588.0,14000,0,1000,15000,0,1000,1000,0,0
20250909,2706,第一店,13.8,13.95,13.75,13.85,+,0.05,193863,2680177.0,15000,0,0,22000,0,0,7000,0,0
20250909,2480,敦陽科,169.0,170.5,168.0,168.5,,0.0,191989,32447170.0,17000,-1000,-1020,95000,0,6299,78000,1000,7319
20250909,2704,國賓,45.15,45.9,45.15,45.85,+,0.6,112623,5133960.0,-7000,-1000,22000,47000,0,22000,54000,1000,0
20250909,9925,新保,40.95,41.0,40.8,41.0,+,0.15,102352,4182489.0,31000,0,-18000,50000,0,1000,19000,0,19000
20250909,1419,新紡,53.8,54.4,53.2,53.5,-,0.1,281423,15123695.0,31000,0,-18000,94000,0,0,63000,0,18000
20250909,2022,聚亨,8.2,8.24,8.11,8.12,-,0.08,311138,2528849.0,12000,0,1000,39000,0,1000,27000,0,0
20250909,2849,安泰銀,13.25,13.3,13.25,13.25,+,0.05,32301,429032.0,10000,0,3000,11000,0,3000,1000,0,0
20250909,4108,懷特,16.75,17.9,16.4,17.3,+,0.95,1172933,20267966.0,16000,0,-3914,115000,0,2086,99000,0,6000
20250909,6205,詮欣,44.8,45.2,44.75,44.95,+,0.2,150538,6769403.0,12000,0,0,32000,0,0,20000,0,0
20250909,2491,吉祥全,14.25,14.25,13.75,13.8,-,0.4,105457,1475379.0,11000,0,1000,11000,0,1000,0,0,0
20250909,1232,大統益,148.5,149.5,148.5,149.5,+,0.5,58510,8730667.0,12000,0,0,28000,0,0,16000,0,0
20250909,1338,廣華-KY,21.65,22.05,21.45,21.95,+,0.3,80205,1752455.0,13000,0,-2000,13000,0,0,0,0,2000
20250909,2923,鼎固-KY,22.5,22.6,22.5,22.5,,0.0,15951,359179.0,11000,0,0,11000,0,0,0,0,0
20250909,2314,台揚,11.9,11.9,11.35,11.35,-,0.45,984928,11499422.0,11000,0,0,14000,0,0,3000,0,0
20250909,8411,福貞-KY,12.85,13.0,12.75,13.0,+,0.05,70606,908662.0,7000,0,4000,8000,0,5000,1000,0,1000
20250909,7749,意騰-KY,605.0,609.0,597.0,607.0,+,2.0,133132,80432556.0,11100,-1000,0,33100,0,0,22000,1000,0
20250909,7705,三商餐飲,43.85,43.9,43.8,43.9,-,0.1,44233,1939038.0,10000,0,0,12000,0,0,2000,0,0
20250909,9905,大華,21.25,21.3,21.15,21.25,,0.0,52854,1122596.0,9000,0,1000,9000,0,1000,0,0,0
20250909,1712,興農,42.8,43.1,42.8,43.05,+,0.3,503326,21634215.0,26000,-7000,-9000,175000,0,2000,149000,7000,11000
20250909,1626,艾美特-KY,11.95,12.1,11.85,12.05,,0.0,95106,1139020.0,11000,0,-1000,12000,0,0,1000,0,1000
20250909,1438,三地開發,37.95,37.95,36.8,37.7,+,0.35,62977,2339486.0,10000,0,0,20000,0,0,10000,0,0
20250909,4999,鑫禾,26.65,26.65,26.2,26.3,-,0.35,102291,2696127.0,14000,0,-4267,18000,0,6000,4000,0,10267
20250909,2362,藍天,42.2,42.3,41.75,41.95,-,0.15,370477,15569274.0,35000,-13000,-12560,170000,0,1029,135000,13000,13589
20250909,2033,佳大,18.3,18.6,18.15,18.25,-,0.05,72274,1324427.0,10000,0,-1000,17000,0,0,7000,0,1000
20250909,6552,易華電,28.5,28.5,27.75,28.1,-,0.25,39326,1103833.0,9000,0,0,9000,0,0,0,0,0
20250909,4912,聯德控股-KY,79.0,81.3,78.7,79.1,+,1.1,212483,16952107.0,9000,0,-496,74000,0,12,65000,0,508
20250909,6024,群益期,48.95,49.3,48.9,49.25,+,0.35,472522,23208138.0,9000,-1000,0,104000,0,0,95000,1000,0
20250909,1531,高林股,12.2,12.2,12.15,12.2,,0.0,60059,731849.0,4000,0,4000,4000,0,4000,0,0,0
20250909,9908,大台北,30.05,30.1,30.0,30.1,,0.0,77445,2326200.0,8000,0,-149,9000,0,0,1000,0,149
20250909,3583,辛耘,386.0,388.0,375.0,387.5,+,5.0,1290297,492672711.0,17000,0,-9324,223000,0,17220,206000,0,26544
20250909,00678,群益那斯達克生技,28.44,28.44,28.35,28.37,-,0.37,312850,8885168.0,5000,0,2604,5000,0,298952,0,0,296348
20250909,4583,台灣精銳,732.0,743.0,724.0,726.0,-,4.0,353142,258475942.0,12466,0,-5375,94469,0,3693,82003,0,9068
20250909,1783,和康生,44.15,44.6,43.35,44.15,,0.0,84246,3733462.0,7000,0,36,11000,0,36,4000,0,0
20250909,4755,三福化,129.0,131.0,128.0,129.0,,0.0,187507,24252128.0,-16000,20000,3009,40000,20000,3009,56000,0,0
20250909,5007,三星,52.5,52.5,52.0,52.4,+,0.4,10225,533566.0,8000,0,-1000,8000,0,0,0,0,1000
20250909,5907,大洋-KY,6.12,6.18,6.08,6.11,-,0.01,214919,1316289.0,6000,0,1000,40000,0,1000,34000,0,0
20250909,2029,盛餘,22.75,22.75,22.6,22.7,,0.0,323180,7333871.0,7000,0,0,25000,0,0,18000,0,0
20250909,1530,亞崴,28.1,28.1,28.1,28.1,+,0.2,10786,303012.0,1000,0,6000,3000,0,6000,2000,0,0
20250909,1512,瑞利,8.0,8.0,7.8,7.87,-,0.13,148846,1171271.0,7000,0,0,7000,0,0,0,0,0
20250909,2701,萬企,11.25,11.25,11.2,11.2,,0.0,33252,372554.0,6000,0,1000,7000,0,1000,1000,0,0
20250909,2227,裕日車,58.3,59.0,58.0,58.6,+,1.1,100117,5856336.0,6000,0,0,9000,0,0,3000,0,0
20250909,3229,晟鈦,14.7,14.95,14.6,14.7,+,0.15,104562,1536594.0,7000,0,-1000,9000,0,0,2000,0,1000
20250909,3296,勝德,23.75,23.75,22.75,23.05,-,0.1,180793,4176228.0,33000,0,-27000,73000,0,3000,40000,0,30000
20250909,3138,耀登,92.1,92.5,91.7,92.5,+,0.4,39533,3645009.0,6000,0,0,11000,0,0,5000,0,0
20250909,3669,圓展,33.2,33.45,33.15,33.35,+,0.15,29434,978705.0,3000,0,3000,3000,0,3000,0,0,0
20250909,1731,美吾華,21.75,21.9,21.75,21.9,+,0.05,57808,1263157.0,6000,0,0,7000,0,0,1000,0,0
20250909,8499,鼎炫-KY,277.0,281.0,273.5,277.5,+,3.5,204896,56869313.0,6000,0,-250,64000,0,0,58000,0,250
20250909,00783,富邦中証500,22.85,23.0,22.7,22.7,-,0.13,93093,2125760.0,0,0,5716,0,0,80000,0,0,74284
20250909,6166,凌華,63.3,63.5,62.4,62.9,+,0.1,502954,31580844.0,5000,0,581,225000,0,1000,220000,0,419
20250909,6928,攸泰科技,73.9,74.3,70.8,71.7,-,1.5,753570,54445498.0,5000,0,242,197000,0,1000,192000,0,758
20250909,6657,華安,56.0,56.0,52.9,53.5,-,2.4,981358,52843175.0,5050,0,0,223050,0,0,218000,0,0
20250909,00899,FT潔淨能源,16.86,16.86,16.76,16.81,-,0.06,43898,736822.0,3000,0,2001,4000,0,5001,1000,0,3000
20250909,00736,國泰新興市場,25.38,25.56,25.38,25.56,+,0.18,116887,2979835.0,0,0,5000,0,0,111000,0,0,106000
20250909,5906,台南-KY,53.0,55.0,50.6,50.6,+,0.1,19489,1013264.0,5000,0,0,5000,0,0,0,0,0
20250909,6914,阜爾運通,141.0,142.0,141.0,141.0,,0.0,36137,5110823.0,5000,0,0,7000,0,0,2000,0,0
20250909,8487,愛爾達-創,80.2,81.2,80.2,80.5,-,0.1,12600,1015840.0,4000,0,1000,5000,0,3000,1000,0,2000
20250909,1457,宜進,17.0,17.0,16.95,16.95,-,0.05,43756,742960.0,5000,0,0,12000,0,0,7000,0,0
20250909,3686,達能,15.55,15.65,15.55,15.55,,0.0,100552,1566806.0,5000,0,0,7000,0,0,2000,0,0
20250909,3150,鈺寶-創,23.1,23.1,22.6,22.6,-,0.35,23150,528824.0,2000,0,3000,2000,0,3000,0,0,0
20250909,2722,夏都,29.95,29.95,29.4,29.4,-,0.3,15055,445422.0,4000,0,1000,4000,0,1000,0,0,0
20250909,2483,百容,19.5,19.5,19.45,19.45,-,0.05,38072,741953.0,4000,0,1000,5000,0,1000,1000,0,0
20250909,2608,嘉里大榮,34.85,34.95,34.75,34.8,-,0.05,81463,2837320.0,15000,-1000,-9000,24000,0,2000,9000,1000,11000
20250909,1413,宏洲,10.75,10.8,10.7,10.8,-,0.1,219147,2353816.0,5000,0,0,5000,0,0,0,0,0
20250909,1110,東泥,17.5,17.6,17.25,17.45,+,0.05,101065,1757232.0,5000,0,0,15000,0,0,10000,0,0
20250909,1203,味王,39.7,39.95,39.7,39.95,+,0.25,13310,529442.0,0,0,4000,1000,0,4000,1000,0,0
20250909,1410,南染,36.0,36.0,35.0,35.0,-,1.0,38017,1337445.0,7000,0,-3000,7000,0,0,0,0,3000
20250909,1417,嘉裕,8.4,8.43,8.23,8.35,-,0.07,95086,792825.0,4000,0,0,5000,0,1000,1000,0,1000
20250909,1235,興泰,62.3,62.4,61.8,61.9,+,0.5,9877,613646.0,4000,0,0,4000,0,0,0,0,0
20250909,2114,鑫永銓,92.6,92.7,92.2,92.6,,0.0,17340,1605410.0,4000,0,0,4000,0,0,0,0,0
20250909,3057,喬鼎,9.66,9.68,9.56,9.68,+,0.02,103611,994220.0,4000,0,0,5000,0,0,1000,0,0
20250909,1474,弘裕,11.95,12.0,11.85,12.0,+,0.05,43907,524067.0,0,0,4000,3000,0,4000,3000,0,0
20250909,1617,榮星,15.4,15.5,15.25,15.3,-,0.05,137403,2113292.0,4000,0,0,7000,0,0,3000,0,0
20250909,1614,三洋電,37.2,37.2,36.8,36.95,-,0.25,18700,691438.0,3000,0,1000,4000,0,1000,1000,0,0
20250909,2012,春雨,17.5,17.55,17.4,17.55,+,0.05,14517,253689.0,5000,0,-1000,6000,0,0,1000,0,1000
20250909,5215,科嘉-KY,34.85,34.85,34.6,34.65,-,0.2,17068,591472.0,4000,0,0,4000,0,0,0,0,0
20250909,9943,好樂迪,66.2,66.3,66.0,66.2,,0.0,73753,4879844.0,7000,0,-3000,9000,0,1000,2000,0,4000
20250909,9928,中視,18.35,18.4,17.85,18.0,-,0.3,113282,2040852.0,0,0,4000,0,0,5000,0,0,1000
20250909,8443,阿瘦,12.0,12.1,12.0,12.1,+,0.05,34535,415557.0,1000,0,3000,2000,0,3000,1000,0,0
20250909,6423,億而得-創,80.0,80.0,78.5,78.5,-,0.2,34241,2714802.0,1000,0,3000,2000,0,6000,1000,0,3000
20250909,00771,元大US高息特別股,16.09,16.13,16.09,16.12,+,0.02,19395,312312.0,0,0,4000,0,0,10000,0,0,6000
20250909,8162,微矽電子-創,43.3,45.0,42.55,44.2,+,1.2,327190,14428715.0,16000,0,-12053,20000,0,41000,4000,0,53053
20250909,6933,AMAX-KY,209.5,210.0,200.5,201.0,-,5.0,489005,99738709.0,6000,0,-2068,112000,0,0,106000,0,2068
20250909,3617,碩天,228.5,231.5,225.0,226.5,-,0.5,227457,51748976.0,6000,-4000,1301,90000,0,1301,84000,4000,0
20250909,6906,現觀科,122.5,123.0,121.0,121.5,-,1.0,58354,7107543.0,2015,0,1000,17015,0,1000,15000,0,0
20250909,6581,鋼聯,112.0,112.0,111.5,111.5,,0.0,10163,1134239.0,3000,0,0,4000,0,0,1000,0,0
20250909,6155,鈞寶,22.45,23.0,22.4,22.75,+,0.2,75002,1688105.0,3000,0,0,7000,0,0,4000,0,0
20250909,6183,關貿,99.9,99.9,99.0,99.2,+,0.3,23195,2303323.0,2000,0,1000,5000,0,1000,3000,0,0
20250909,9136,巨騰-DR,6.18,6.18,6.09,6.09,-,0.03,281046,1715141.0,3000,0,0,6000,0,0,3000,0,0
20250909,2901,欣欣,25.9,25.9,25.75,25.8,+,0.2,14827,382540.0,3000,0,0,4000,0,0,1000,0,0
20250909,1776,展宇,15.4,15.5,15.3,15.5,,0.0,26548,408412.0,3000,0,0,3000,0,0,0,0,0
20250909,1568,倉佑,24.9,24.9,24.4,24.45,-,0.25,79862,1963020.0,-2000,0,5000,2000,0,5000,4000,0,0
20250909,1468,昶和,13.75,14.1,13.6,14.05,+,0.05,79001,1084414.0,3000,0,0,3000,0,0,0,0,0
20250909,1470,大統新創,20.55,20.75,20.55,20.65,+,0.3,9720,200824.0,3000,0,0,5000,0,0,2000,0,0
20250909,1437,勤益控,31.85,31.85,31.6,31.7,-,0.15,57636,1826523.0,3000,0,0,4000,0,0,1000,0,0
20250909,2712,遠雄來,20.1,20.45,20.1,20.2,+,0.1,22212,449659.0,3000,0,-1,3000,0,0,0,0,1
20250909,1906,寶隆,13.05,13.05,12.85,12.9,-,0.15,30529,395799.0,2000,0,997,6000,0,1000,4000,0,3
20250909,9940,信義,24.8,25.0,24.65,25.0,+,0.3,308390,7644930.0,4000,-1000,-121,146000,0,0,142000,1000,121
20250909,6754,匯僑設計,50.1,50.5,49.3,49.55,-,0.55,30351,1511889.0,4000,-213,-1000,8000,0,0,4000,213,1000
20250909,00964,中信亞太高股息,10.81,10.85,10.79,10.79,+,0.03,846034,9151835.0,1000,0,1592,1000,0,830594,0,0,829002
20250909,3712,永崴投控,35.3,35.5,35.05,35.2,+,0.2,556042,19601582.0,3000,-3070,2207,153000,0,8000,150000,3070,5793
20250909,6464,台數科,78.7,78.7,78.0,78.5,+,0.2,14282,1118405.0,2000,0,71,2000,0,71,0,0,0
20250909,1109,信大,15.95,15.95,15.8,15.85,-,0.05,39337,624930.0,2000,0,39,6000,0,1000,4000,0,961
20250909,7631,聚賢研發-創,148.0,150.0,145.5,150.0,+,2.0,40072,5911076.0,6000,0,-3973,6000,0,12027,0,0,16000
20250909,7736,虎山,92.0,92.0,90.0,90.2,,0.0,29654,2674013.0,2000,0,0,2000,0,0,0,0,0
20250909,6951,青新-創,75.5,76.7,75.5,76.5,+,2.1,98830,7541415.0,5000,0,-3000,5000,0,3000,0,0,6000
20250909,6952,大武山,47.5,47.5,47.25,47.45,-,0.05,17780,842037.0,2000,0,0,3000,0,1000,1000,0,1000
20250909,6226,光鼎,7.29,7.33,7.22,7.25,-,0.04,76525,555781.0,-1000,0,3000,2000,0,3000,3000,0,0
20250909,6281,全國電,70.4,70.5,70.1,70.5,+,0.1,30023,2112400.0,2000,0,0,2000,0,0,0,0,0
20250909,6641,基士德-KY,20.75,21.0,20.75,21.0,,0.0,33681,702035.0,2000,0,0,2000,0,0,0,0,0
20250909,5538,東明-KY,29.8,29.8,29.5,29.75,+,0.45,6000,178150.0,1000,0,1000,1000,0,1000,0,0,0
20250909,9931,欣高,34.0,34.15,33.95,34.1,+,0.25,6127,208606.0,2000,0,0,2000,0,0,0,0,0
20250909,4588,玖鼎電力,63.7,64.2,63.7,64.0,+,0.3,21069,1345995.0,2000,0,0,5000,0,0,3000,0,0
20250909,4439,冠星-KY,95.5,95.7,95.5,95.5,+,0.5,20000,1910800.0,2000,0,0,2000,0,0,0,0,0
20250909,1441,大東,12.55,12.55,11.6,11.6,+,0.1,33028,391948.0,2000,0,0,2000,0,0,0,0,0
20250909,3432,台端,15.5,15.6,15.4,15.6,+,0.1,18883,292321.0,2000,0,0,2000,0,0,0,0,0
20250909,3164,景岳,20.2,20.4,20.1,20.3,+,0.2,26768,542786.0,2000,0,0,4000,0,0,2000,0,0
20250909,2906,高林,14.75,14.85,14.7,14.85,,0.0,52632,779001.0,2000,0,0,3000,0,0,1000,0,0
20250909,2248,華勝-KY,43.25,43.25,42.55,43.15,-,0.1,8000,342900.0,1000,0,1000,1000,0,1000,0,0,0
20250909,2433,互盛電,49.15,49.15,49.0,49.15,+,0.1,19000,931800.0,2000,0,0,2000,0,0,0,0,0
20250909,2424,隴華,64.5,64.5,62.1,62.1,-,2.4,14414,906764.0,1000,0,1000,2000,0,1000,1000,0,0
20250909,2024,志聯,17.1,17.1,16.9,16.9,,0.0,5360,90996.0,2000,0,0,2000,0,0,0,0,0
20250909,1726,永記,75.2,75.3,75.0,75.1,+,0.1,13180,990467.0,2000,0,0,3000,0,0,1000,0,0
20250909,1472,三洋實業,91.0,91.0,90.5,90.5,-,1.5,34797,3159548.0,2000,0,0,4000,0,0,2000,0,0
20250909,6645,金萬林-創,24.0,24.6,23.9,24.25,+,0.25,133216,3220899.0,2000,0,-247,2000,0,7753,0,0,8000
20250909,4137,麗豐-KY,112.0,112.0,109.5,110.0,-,1.5,52768,5829162.0,2000,0,-467,9000,0,1000,7000,0,1467
20250909,4106,雃博,22.45,22.5,22.3,22.5,,0.0,40794,914532.0,1000,0,0,2000,0,0,1000,0,0
20250909,4148,全宇生技-KY,42.25,42.5,41.85,41.85,-,0.05,19090,800489.0,1000,0,0,1000,0,0,0,0,0
20250909,4440,宜新實業,17.1,17.1,17.0,17.0,-,0.05,54000,920650.0,1000,0,0,1000,0,0,0,0,0
20250909,6655,科定,117.5,117.5,117.5,117.5,+,0.5,1155,135706.0,1000,0,0,1000,0,0,0,0,0
20250909,6431,光麗-KY,16.45,16.6,16.4,16.45,-,0.05,44000,724050.0,1000,0,0,1000,0,0,0,0,0
20250909,5546,永固-KY,27.45,27.95,27.2,27.25,-,0.25,22034,605685.0,1000,0,0,2000,0,0,1000,0,0
20250909,6955,邦睿生技-創,170.0,171.0,170.0,171.0,+,1.0,2000,341000.0,1000,0,0,1000,0,0,0,0,0
20250909,6988,威力暘-創,17.4,17.4,17.4,17.4,+,0.05,6000,104400.0,1000,0,0,1000,0,0,0,0,0
20250909,6916,華凌,19.95,19.95,19.65,19.85,+,0.05,20000,394950.0,1000,0,0,2000,0,0,1000,0,0
20250909,6771,平和環保-創,55.0,55.2,54.5,54.6,+,0.1,48400,2649580.0,1000,0,0,3000,0,0,2000,0,0
20250909,6792,詠業,63.9,63.9,61.5,61.5,-,1.8,125103,7795787.0,-3000,0,4000,20000,0,4000,23000,0,0
20250909,8488,吉源-KY,11.6,11.6,11.6,11.6,-,0.05,1010,11713.0,1000,0,0,1000,0,0,0,0,0
20250909,8481,政伸,44.45,44.45,43.55,43.55,-,0.9,4006,175817.0,1000,0,0,2000,0,0,1000,0,0
20250909,9929,秋雨,13.1,13.1,12.5,13.1,,0.0,10006,127624.0,1000,0,0,1000,0,0,0,0,0
20250909,9918,欣天然,39.55,39.8,39.55,39.8,+,0.25,2032,80616.0,1000,0,0,1000,0,0,0,0,0
20250909,1583,程泰,52.4,52.4,50.7,51.4,-,0.2,17560,903900.0,1000,0,0,3000,0,0,2000,0,0
20250909,1465,偉全,13.1,13.1,13.0,13.1,,0.0,38944,507768.0,1000,0,0,3000,0,0,2000,0,0
20250909,1454,台富,14.5,14.7,14.5,14.55,+,0.1,9106,132787.0,1000,0,0,1000,0,0,0,0,0
20250909,1516,川飛,14.2,14.2,14.05,14.1,-,0.1,7800,110161.0,1000,0,0,1000,0,0,0,0,0
20250909,1526,日馳,17.5,17.65,17.5,17.55,+,0.05,48149,845542.0,1000,0,0,11000,0,0,10000,0,0
20250909,2432,倚天酷碁-創,28.05,28.05,27.9,27.9,-,0.15,5100,142795.0,1000,0,0,1000,0,0,0,0,0
20250909,2413,環科,19.5,20.55,19.4,19.9,+,0.45,480642,9611984.0,9000,0,-8000,94000,0,0,85000,0,8000
20250909,2254,巨鎧精密-創,60.5,60.5,60.5,60.5,-,0.3,1000,60500.0,1000,0,0,1000,0,0,0,0,0
20250909,2939,永邑-KY,26.0,26.75,25.9,26.75,+,0.9,7000,183950.0,1000,0,0,1000,0,0,0,0,0
20250909,2945,三商家購,38.2,38.2,38.2,38.2,-,0.2,2000,76400.0,1000,0,0,1000,0,0,0,0,0
20250909,3054,立萬利,23.5,24.6,23.5,24.5,+,0.9,7388,177171.0,1000,0,0,1000,0,0,0,0,0
20250909,2762,世界健身-KY,79.2,79.2,77.7,78.8,-,0.4,68600,5363913.0,1000,0,0,5000,0,0,4000,0,0
20250909,1439,雋揚,29.2,29.3,29.0,29.3,+,0.2,9793,284459.0,1000,0,0,1000,0,0,0,0,0
20250909,1435,中福,28.35,28.35,28.35,28.35,,0.0,1008,28561.0,1000,0,0,1000,0,0,0,0,0
20250909,1423,利華,38.1,38.1,38.1,38.1,,0.0,15167,577831.0,1000,0,0,1000,0,0,0,0,0
20250909,1341,富林-KY,61.9,61.9,61.9,61.9,,0.0,1048,64873.0,1000,0,0,1000,0,0,0,0,0
20250909,1233,天仁,30.9,30.9,30.9,30.9,+,0.1,1051,32480.0,0,0,0,1000,0,0,1000,0,0
20250909,1315,達新,65.0,65.0,64.7,64.8,-,0.2,4200,272179.0,0,0,0,2000,0,0,2000,0,0
20250909,3494,誠研,12.95,13.0,12.8,13.0,,0.0,55535,715162.0,2000,0,-2000,4000,0,0,2000,0,2000
20250909,2904,匯僑,17.55,17.55,17.5,17.55,,0.0,16238,284913.0,0,0,0,1000,0,0,1000,0,0
20250909,2910,統領,20.9,20.9,20.8,20.85,-,0.05,14000,292150.0,0,0,0,1000,0,0,1000,0,0
20250909,2616,山隆,14.7,14.7,14.6,14.65,-,0.15,48412,709188.0,0,0,0,5000,0,0,5000,0,0
20250909,3168,眾福科,49.8,49.85,49.5,49.85,-,0.05,46125,2292379.0,0,0,0,1000,0,0,1000,0,0
20250909,2115,六暉-KY,27.0,27.0,26.7,26.8,-,0.1,14227,382049.0,0,0,0,2000,0,0,2000,0,0
20250909,2438,翔耀,26.05,26.4,25.6,26.05,,0.0,119456,3095303.0,1000,0,-1000,16000,0,0,15000,0,1000
20250909,2496,卓越,69.6,69.6,68.4,69.0,-,0.2,10364,718418.0,0,0,0,1000,0,0,1000,0,0
20250909,2008,高興昌,27.45,27.45,26.25,26.65,+,0.4,17208,459271.0,-1000,0,1000,3000,0,1000,4000,0,0
20250909,1733,五鼎,30.35,30.75,30.2,30.4,-,0.3,236792,7191345.0,0,0,0,54000,0,0,54000,0,0
20250909,1467,南緯,7.65,7.69,7.56,7.67,+,0.09,87584,667637.0,4000,0,-4000,6000,0,0,2000,0,4000
20250909,9926,新海,50.3,50.3,50.3,50.3,+,0.35,1136,57113.0,0,0,0,1000,0,0,1000,0,0
20250909,9912,偉聯,11.95,12.05,11.95,12.0,-,0.05,9642,115557.0,0,0,0,1000,0,0,1000,0,0
20250909,9944,新麗,17.0,17.0,16.9,16.9,-,0.05,10446,177251.0,0,0,0,2000,0,0,2000,0,0
20250909,8466,美吉吉-KY,25.7,25.95,25.7,25.95,-,0.2,19079,492204.0,0,0,0,2000,0,0,2000,0,0
20250909,8367,建新國際,45.8,45.8,45.05,45.05,-,0.5,50437,2282221.0,0,0,0,7000,0,0,7000,0,0
20250909,7732,金興精密,36.85,36.95,35.55,36.9,+,0.05,16076,582409.0,0,0,0,2000,0,0,2000,0,0
20250909,6794,向榮生技,77.9,78.0,76.3,78.0,+,0.4,23136,1785380.0,1000,0,-1000,1000,0,3000,0,0,4000
20250909,6796,晉弘,72.3,73.2,72.3,73.2,+,0.9,28104,2036320.0,0,0,0,6000,0,2000,6000,0,2000
20250909,6807,峰源-KY,50.2,50.3,50.0,50.3,,0.0,11014,552007.0,0,0,0,1000,0,0,1000,0,0
20250909,6887,寶綠特-KY,71.9,71.9,70.0,71.5,-,0.4,13050,923050.0,1000,0,-1000,2000,0,0,1000,0,1000
20250909,4581,光隆精密-KY,56.2,56.3,55.5,55.5,-,0.6,49000,2732700.0,1000,0,-1000,1000,0,0,0,0,1000
20250909,4930,燦星網,23.95,23.95,23.85,23.85,-,0.1,20372,486994.0,0,0,0,2000,0,0,2000,0,0
20250909,6225,天瀚,16.2,16.65,16.2,16.65,+,0.45,3677,60320.0,0,0,-2,0,0,0,0,0,2
20250909,1517,利奇,10.65,10.7,10.55,10.65,-,0.05,195735,2086242.0,1000,0,-1003,8000,0,0,7000,0,1003
20250909,1558,伸興,94.7,94.8,94.3,94.3,-,0.3,34381,3255378.0,0,-589,0,2000,0,0,2000,589,0
20250909,7610,聯友金屬-創,109.0,124.5,108.0,117.0,,0.0,2444202,285246584.0,0,0,-793,0,0,0,0,0,793
20250909,6230,尼得科超眾,139.0,141.0,136.5,138.5,,0.0,144864,19968397.0,5000,0,-6000,55000,0,1000,50000,0,7000
20250909,6606,建德工業,25.15,25.25,25.0,25.25,+,0.1,52415,1313470.0,2000,0,-3000,6000,0,0,4000,0,3000
20250909,4190,佐登-KY,34.05,34.1,33.75,34.1,+,0.05,25123,851850.0,-1000,0,0,1000,0,0,2000,0,0
20250909,4807,日成-KY,15.0,15.15,15.0,15.1,-,0.1,17144,257791.0,1000,0,-2000,1000,0,0,0,0,2000
20250909,4994,傳奇,93.6,93.8,92.5,93.0,-,0.4,10172,947343.0,-1000,0,0,1000,0,0,2000,0,0
20250909,4764,雙鍵,40.3,40.3,40.0,40.3,,0.0,16510,663838.0,-1000,0,0,2000,0,0,3000,0,0
20250909,1541,錩泰,25.95,26.0,25.7,25.7,,0.0,8455,218669.0,-1000,0,0,1000,0,0,2000,0,0
20250909,1539,巨庭,17.65,17.8,17.65,17.7,,0.0,32213,570287.0,0,0,-1000,6000,0,0,6000,0,1000
20250909,2434,統懋,29.2,29.2,28.8,28.85,-,0.35,12012,347342.0,-1000,0,0,1000,0,0,2000,0,0
20250909,2373,震旦行,57.6,57.6,57.1,57.1,-,0.1,23431,1341122.0,-2000,0,1000,1000,0,1000,3000,0,0
20250909,1236,宏亞,22.8,22.9,22.7,22.8,+,0.15,35913,819046.0,-1000,0,0,2000,0,0,3000,0,0
20250909,1418,東華,22.2,22.2,21.25,21.5,+,0.05,10011,217183.0,-1000,0,0,1000,0,0,2000,0,0
20250909,1339,昭輝,44.9,44.9,44.2,44.4,+,0.1,43886,1949382.0,5000,0,-6000,9000,0,3000,4000,0,9000
20250909,1220,台榮,13.15,13.15,13.0,13.0,-,0.15,152535,1985800.0,-1000,0,0,3000,0,0,4000,0,0
20250909,6108,競國,13.9,13.9,13.8,13.85,-,0.05,87444,1209921.0,7000,0,-8399,9000,0,1000,2000,0,9399
20250909,1515,力山,31.95,31.95,31.3,31.7,-,0.35,372131,11761762.0,-15963,0,14000,118050,0,14000,134013,0,0
20250909,1735,日勝化,14.85,15.0,14.5,14.85,-,0.25,112754,1666424.0,-2000,0,0,2000,0,0,4000,0,0
20250909,2032,新鋼,15.1,15.3,15.1,15.25,+,0.05,118793,1807345.0,-2000,0,0,34000,0,0,36000,0,0
20250909,3308,聯德,16.6,16.6,16.25,16.35,-,0.1,60366,989910.0,-2000,0,0,1000,0,0,3000,0,0
20250909,2702,華園,12.6,12.7,12.5,12.55,-,0.2,50254,630574.0,-2000,0,0,3000,0,0,5000,0,0
20250909,6201,亞弘電,58.5,58.5,58.0,58.1,+,0.1,5582,324856.0,-2000,0,0,1000,0,0,3000,0,0
20250909,6573,虹揚-KY,10.1,10.1,9.97,9.98,-,0.02,90034,901290.0,-5000,0,3000,7000,0,4000,12000,0,1000
20250909,6924,榮惠-KY創,65.5,66.0,64.0,64.5,-,1.0,30000,1953300.0,-2000,0,0,5000,0,5000,7000,0,5000
20250909,6931,青松健康,52.1,54.0,52.1,53.2,+,1.7,190226,10157117.0,-2000,0,0,32000,0,0,34000,0,0
20250909,6936,永鴻生技,36.1,36.1,35.7,35.7,-,0.2,69000,2471550.0,-5000,0,3000,2000,0,3000,7000,0,0
20250909,4155,訊映,16.3,16.3,15.85,15.95,-,0.35,177950,2856668.0,-5000,0,3000,11000,0,3000,16000,0,0
20250909,6671,三能-KY,37.7,37.7,36.85,36.85,+,0.25,76551,2828590.0,1000,0,-3115,1000,0,6000,0,0,9115
20250909,1762,中化生,27.75,27.9,27.55,27.7,-,0.25,57576,1596475.0,-2000,0,-366,3000,0,1000,5000,0,1366
20250909,1730,花仙子,52.7,52.9,52.6,52.8,+,0.1,25233,1331651.0,1000,0,-4000,1000,0,0,0,0,4000
20250909,1456,怡華,12.5,12.65,12.4,12.5,-,0.2,17501,218089.0,-3000,0,0,2000,0,0,5000,0,0
20250909,1525,江申,70.7,70.7,69.7,70.1,-,0.7,24171,1695686.0,-3000,0,0,4000,0,4000,7000,0,4000
20250909,3266,昇陽,14.05,14.1,14.0,14.05,,0.0,17057,239703.0,-7000,0,4000,1000,0,4000,8000,0,0
20250909,1225,福懋油,30.3,30.55,30.1,30.3,,0.0,101662,3078167.0,8000,0,-11000,31000,0,2000,23000,0,13000
20250909,6666,羅麗芬-KY,56.6,56.8,56.1,56.4,-,0.3,56768,3201569.0,-4000,0,1000,8000,0,1000,12000,0,0
20250909,6224,聚鼎,42.6,42.6,42.0,42.5,-,0.05,110012,4660460.0,-3000,0,0,35000,0,0,38000,0,0
20250909,6405,悅城,24.8,25.0,24.65,25.0,,0.0,49851,1238678.0,-3000,0,0,6000,0,0,9000,0,0
20250909,5525,順天,30.3,31.0,30.3,30.8,+,0.25,48808,1499058.0,-3000,0,0,5000,0,0,8000,0,0
20250909,9942,茂順,111.0,111.0,109.5,110.0,-,0.5,57615,6336926.0,-3000,0,0,4000,0,0,7000,0,0
20250909,4960,誠美材,14.05,14.05,13.9,14.0,,0.0,566675,7924027.0,-22000,0,19000,108000,0,26000,130000,0,7000
20250909,3454,晶睿,96.1,97.9,95.4,96.9,+,1.0,252935,24453296.0,-3000,0,-59,74000,0,0,77000,0,59
20250909,6533,晶心科,310.0,310.0,303.5,306.5,-,2.5,566665,173455066.0,24990,0,-28147,166000,0,3908,141010,0,32055
20250909,2013,中鋼構,42.35,42.95,42.05,42.05,-,0.5,116816,4955761.0,-18000,0,14121,16000,0,28000,34000,0,13879
20250909,1805,寶徠,11.9,12.0,11.4,11.75,-,0.2,148374,1741573.0,0,0,-4000,7000,0,1000,7000,0,5000
20250909,1451,年興,17.75,17.8,17.7,17.75,,0.0,25467,452157.0,-4000,0,0,3000,0,0,7000,0,0
20250909,1324,地球,10.95,11.0,10.9,10.9,-,0.05,39015,427316.0,-4000,0,0,2000,0,0,6000,0,0
20250909,5515,建國,23.65,23.95,23.65,23.75,+,0.1,117830,2801471.0,6000,-2000,-8000,33000,0,1000,27000,2000,9000
20250909,5283,禾聯碩,73.2,73.2,72.8,73.0,-,0.1,29716,2169616.0,-1000,0,-3000,7000,0,0,8000,0,3000
20250909,6969,成信實業*-創,40.0,40.0,39.35,39.35,-,0.05,16000,632400.0,2000,0,-6000,3000,0,0,1000,0,6000
20250909,8482,商億-KY,53.1,53.5,53.0,53.0,-,0.1,12083,642222.0,-3000,0,-1000,1000,0,0,4000,0,1000
20250909,4426,利勤,10.7,10.7,10.45,10.45,-,0.25,72346,765644.0,-4000,0,0,7000,0,0,11000,0,0
20250909,00652,富邦印度,35.63,35.63,35.54,35.54,-,0.09,384748,13691234.0,1000,0,-5636,1000,0,169000,0,0,174636
20250909,0057,富邦摩台,159.05,160.05,159.05,159.8,+,1.2,33174,5295033.0,0,0,-5000,0,0,25000,0,0,30000
20250909,00917,中信特選金融,23.09,23.15,23.08,23.09,-,0.01,124833,2884808.0,21000,0,-26000,22000,0,47000,1000,0,73000
20250909,2239,英利-KY,33.4,33.7,32.9,33.45,+,0.15,73462,2446702.0,-5000,0,-90,13000,0,0,18000,0,90
20250909,2017,官田鋼,9.9,9.9,9.82,9.85,-,0.03,213088,2098202.0,-12000,0,6314,53000,0,7000,65000,0,686
20250909,3003,健和興,52.1,52.2,51.5,51.8,-,0.4,128303,6641338.0,-2000,0,-3899,35000,0,0,37000,0,3899
20250909,3094,聯傑,26.25,26.25,25.55,25.8,-,0.2,151573,3904440.0,-7000,0,1000,36000,0,2000,43000,0,1000
20250909,1443,立益物流,29.2,31.05,29.15,29.6,+,0.35,52500,1567559.0,-7000,0,1000,3000,0,1000,10000,0,0
20250909,9930,中聯資源,72.0,72.2,71.8,71.9,+,0.2,54214,3901781.0,-1000,0,-5000,14000,0,2000,15000,0,7000
20250909,8201,無敵,18.4,19.0,18.3,19.0,+,0.3,839955,15764203.0,-6000,0,0,1000,0,0,7000,0,0
20250909,6965,中傑-KY,101.5,101.5,99.2,99.2,-,0.8,34327,3430340.0,-6000,0,0,5000,0,0,11000,0,0
20250909,6164,華興,10.35,10.4,10.25,10.25,,0.0,223814,2302389.0,-6000,0,0,30000,0,0,36000,0,0
20250909,00739,元大MSCI A股,25.25,25.25,24.92,24.92,-,0.26,42608,1067523.0,-4000,0,-2636,0,0,23085,4000,0,25721
20250909,6136,富爾特,23.6,23.6,23.35,23.6,,0.0,65800,1544290.0,-7000,0,0,6000,0,0,13000,0,0
20250909,9927,泰銘,57.0,57.0,56.6,57.0,,0.0,107500,6100699.0,-6000,-1000,0,34000,0,1000,40000,1000,1000
20250909,1445,大宇,16.15,16.3,15.7,16.1,+,0.1,265366,4248494.0,-7000,0,0,26000,0,3000,33000,0,3000
20250909,2020,美亞,25.35,25.45,25.15,25.35,-,0.1,185321,4679611.0,-7000,0,0,35000,0,0,42000,0,0
20250909,1760,寶齡富錦,72.7,72.8,71.7,72.3,-,0.4,117128,8451889.0,-11000,0,4000,32000,0,4000,43000,0,0
20250909,1473,台南,25.9,26.0,25.5,25.65,-,0.05,65013,1673719.0,-7000,0,0,7000,0,0,14000,0,0
20250909,2415,錩新,27.0,27.0,26.2,26.4,-,0.2,70155,1860355.0,7000,0,-14000,13000,0,0,6000,0,14000
20250909,3607,谷崧,14.2,14.35,14.05,14.15,-,0.1,70750,1004040.0,-7000,0,0,6000,0,0,13000,0,0
20250909,4572,駐龍,171.5,172.0,170.5,171.0,,0.0,72911,12471432.0,-5051,0,-2000,27000,0,0,32051,0,2000
20250909,0053,元大電子,117.55,118.45,116.9,118.45,+,1.6,18359,2166633.0,0,0,-7230,0,0,770,0,0,8000
20250909,6128,上福,28.9,29.0,28.35,28.4,-,0.6,186001,5318013.0,-8000,0,183,7000,0,1000,15000,0,817
20250909,3130,一零四,229.0,229.0,227.0,227.0,-,2.0,23899,5438201.0,-8999,0,1000,5000,0,1000,13999,0,0
20250909,2546,根基,83.8,83.8,82.8,83.1,+,0.3,116735,9698688.0,-6000,0,-2000,28000,0,0,34000,0,2000
20250909,1471,首利,9.92,10.0,9.86,9.89,-,0.01,145304,1437801.0,-8000,0,0,3000,0,0,11000,0,0
20250909,1463,強盛新,20.05,20.05,19.95,20.0,-,0.05,34260,684968.0,-8000,0,0,5000,0,0,13000,0,0
20250909,6958,日盛台駿,19.0,19.0,18.95,18.95,-,0.05,34100,647454.0,-7000,0,-1000,7000,0,0,14000,0,1000
20250909,1817,凱撒衛,39.6,39.6,39.25,39.4,-,0.2,29720,1168607.0,0,0,-8657,7000,0,1000,7000,0,9657
20250909,2478,大毅,42.45,42.45,42.0,42.0,-,0.4,118408,4984165.0,16000,0,-25000,19000,0,0,3000,0,25000
20250909,4545,銘鈺,32.4,32.4,31.45,31.7,-,0.3,71161,2256910.0,-7000,0,-2000,5000,0,1000,12000,0,3000
20250909,6674,鋐寶科技,21.55,21.55,20.9,21.2,-,0.05,56080,1187648.0,-10000,0,0,12000,0,0,22000,0,0
20250909,6115,鎰勝,47.0,47.0,46.4,46.9,+,0.5,42434,1986597.0,-11000,0,1000,9000,0,2000,20000,0,1000
20250909,2461,光群雷,16.85,16.95,16.85,16.85,+,0.1,99922,1686686.0,-7000,0,-3000,4000,0,0,11000,0,3000
20250909,2109,華豐,16.5,16.7,16.5,16.6,-,0.1,122858,2039271.0,-11000,0,1000,16000,0,2000,27000,0,1000
20250909,2247,汎德永業,292.0,294.0,292.0,292.0,,0.0,92413,27058062.0,1000,0,-11000,25000,0,1000,24000,0,12000
20250909,8438,昶昕,33.5,33.85,32.25,32.3,-,0.95,187183,6125611.0,-10000,0,-116,14000,0,0,24000,0,116
20250909,2489,瑞軒,13.85,13.9,13.6,13.7,-,0.1,1931409,26462893.0,-11000,0,647,598000,0,69647,609000,0,69000
20250909,2059,川湖,3300.0,3430.0,3270.0,3335.0,+,115.0,1049942,3530317910.0,-43975,41411,-8297,454193,43000,22817,498168,1589,31114
20250909,6192,巨路,111.0,112.0,110.0,112.0,+,1.0,242072,26864438.0,-1000,0,-9928,95000,0,5072,96000,0,15000
20250909,1535,中宇,55.3,55.5,55.1,55.3,+,0.1,77642,4288111.0,-5000,0,-6000,3000,0,3000,8000,0,9000
20250909,3501,維熹,52.9,53.0,52.5,52.7,-,0.2,146161,7696462.0,-21000,0,9409,26000,0,10000,47000,0,591
20250909,2025,千興,11.4,11.7,11.2,11.6,+,0.4,251782,2875770.0,-12000,0,0,8000,0,0,20000,0,0
20250909,2107,厚生,24.0,24.0,23.95,23.95,-,0.05,265368,6362089.0,2000,0,-15000,35000,0,1000,33000,0,16000
20250909,2331,精英,19.4,19.4,19.1,19.25,+,0.05,870351,16693691.0,-6000,0,-7001,350000,0,7000,356000,0,14001
20250909,6409,旭隼,982.0,986.0,966.0,970.0,-,10.0,500929,487314097.0,-14922,-9,1522,382276,0,3000,397198,9,1478
20250909,00737,國泰AI機器人,34.07,34.11,34.05,34.06,+,0.24,217903,7427190.0,-8000,0,-5685,1000,0,53517,9000,0,59202
20250909,6243,迅杰,36.7,37.05,36.05,36.05,+,0.25,165722,6054046.0,-14000,0,0,31000,0,0,45000,0,0
20250909,4552,力達-KY,23.65,23.75,23.3,23.45,-,0.4,76684,1803529.0,-11000,0,-3000,4000,0,0,15000,0,3000
20250909,2739,寒舍,38.1,38.1,37.45,37.5,-,0.55,85464,3214884.0,-14000,0,0,6000,0,0,20000,0,0
20250909,1234,黑松,39.5,39.5,39.3,39.35,,0.0,192634,7580962.0,-15000,0,1000,11000,0,1000,26000,0,0
20250909,1313,聯成,10.1,10.15,9.94,10.0,-,0.05,996263,9968520.0,-63000,0,49000,372000,0,49000,435000,0,0
20250909,3356,奇偶,50.5,50.8,49.6,50.0,-,0.5,341614,17090513.0,57000,0,-71100,88000,0,1000,31000,0,72100
20250909,2420,新巨,55.8,56.2,55.2,55.3,-,0.5,192185,10666087.0,-16000,0,1567,58000,0,2000,74000,0,433
20250909,7722,LINEPAY,597.0,604.0,597.0,600.0,+,9.0,123114,73887752.0,-14915,0,-4,31085,0,4095,46000,0,4099
20250909,2748,雲品,47.05,47.4,47.05,47.2,-,0.5,46888,2214540.0,-15000,0,0,4000,0,0,19000,0,0
20250909,3002,歐格,18.2,18.9,17.6,17.6,+,0.15,773470,14029577.0,-9000,0,-6000,137000,0,33000,146000,0,39000
20250909,1506,正道,14.45,14.45,14.05,14.15,-,0.35,351019,4976715.0,-16000,0,1000,5000,0,1000,21000,0,0
20250909,8341,日友,78.2,80.9,78.2,79.3,+,4.6,814351,64792479.0,-15227,0,150,166200,0,3701,181427,0,3551
20250909,00660,元大歐洲50,38.74,39.0,38.74,38.9,+,0.17,26141,1017746.0,-683,0,-15000,317,0,3000,1000,0,18000
20250909,8442,威宏-KY,76.5,77.0,74.6,74.7,-,3.3,226433,17052961.0,-16000,0,0,16000,0,0,32000,0,0
20250909,1323,永裕,19.75,19.8,19.7,19.75,-,0.05,37362,738106.0,-17000,0,1000,3000,0,1000,20000,0,0
20250909,2705,六福,17.3,17.3,17.2,17.25,-,0.1,86340,1490272.0,-11000,0,-6000,4000,0,0,15000,0,6000
20250909,5285,界霖,48.15,48.2,46.65,46.65,-,1.0,169761,7984939.0,-17000,0,0,20000,0,0,37000,0,0
20250909,3055,蔚華科,59.0,59.3,58.0,58.2,-,0.7,248077,14538361.0,-26000,0,8756,68000,0,8856,94000,0,100
20250909,4737,華廣,68.8,68.9,66.5,67.4,-,2.3,257941,17433935.0,-15901,0,-2000,27099,0,0,43000,0,2000
20250909,2617,台航,27.4,27.4,27.25,27.3,+,0.1,223082,6089342.0,5000,-1000,-22000,88000,0,0,83000,1000,22000
20250909,00730,富邦臺灣優質高息,25.66,25.74,25.56,25.56,-,0.07,381529,9789297.0,-40000,0,21763,0,0,121709,40000,0,99946
20250909,1321,大洋,36.15,36.15,35.8,36.1,+,0.15,206100,7434645.0,-19000,0,0,7000,0,0,26000,0,0
20250909,2430,燦坤,24.8,24.8,24.45,24.55,-,0.2,61656,1517548.0,-3000,0,-16000,2000,0,1000,5000,0,17000
20250909,2030,彰源,14.1,14.15,14.0,14.05,-,0.05,214513,3013257.0,-20000,0,0,8000,0,0,28000,0,0
20250909,00668,國泰美國道瓊,50.55,50.55,50.35,50.35,-,0.15,658523,33192807.0,-15000,0,-5086,0,0,594000,15000,0,599086
20250909,00661,元大日經225,56.7,56.7,55.85,55.85,-,0.25,126050,7094534.0,0,0,-20292,0,0,63708,0,0,84000
20250909,1108,幸福,15.35,15.4,15.3,15.35,,0.0,106260,1630634.0,16000,0,-37000,20000,0,2000,4000,0,39000
20250909,1452,宏益,13.95,14.05,13.95,14.0,+,0.05,167592,2344678.0,-26000,0,5000,12000,0,10000,38000,0,5000
20250909,2444,兆勁,11.2,11.2,11.0,11.0,,0.0,152603,1684657.0,-21000,0,0,9000,0,0,30000,0,0
20250909,2535,達欣工,59.3,60.2,59.1,60.2,+,1.1,280184,16745233.0,-17000,0,-4545,70000,0,1470,87000,0,6015
20250909,1337,再生-KY,5.2,5.21,5.12,5.15,-,0.05,666930,3438161.0,-23000,0,0,10000,0,0,33000,0,0
20250909,2414,精技,45.65,46.75,45.5,45.85,+,0.5,767679,35433756.0,-14000,0,-9000,249000,0,5000,263000,0,14000
20250909,2505,國揚,19.45,19.45,19.0,19.15,-,0.2,259557,4972605.0,32000,0,-56000,97000,0,1000,65000,0,57000
20250909,3027,盛達,27.0,27.05,26.65,26.65,-,0.4,137267,3679792.0,-24000,0,0,20000,0,0,44000,0,0
20250909,2542,興富發,44.5,44.5,43.6,43.7,-,0.5,5843232,256305171.0,400560,21000,-446324,2344060,43000,60000,1943500,22000,506324
20250909,1713,國化,49.8,49.9,49.35,49.65,-,0.15,131397,6520792.0,-33000,0,8000,33000,0,8000,66000,0,0
20250909,1734,杏輝,31.2,31.35,31.0,31.3,+,0.1,268690,8362099.0,-26000,0,0,59000,0,0,85000,0,0
20250909,1459,聯發,11.65,11.75,11.4,11.6,-,0.05,127473,1483728.0,-28000,0,2000,3000,0,2000,31000,0,0
20250909,2459,敦吉,64.4,64.4,63.7,63.9,-,0.3,39496,2528980.0,-9000,0,-17000,5000,0,0,14000,0,17000
20250909,3591,艾笛森,18.7,18.7,18.5,18.6,-,0.05,264256,4909260.0,-27000,0,0,41000,0,0,68000,0,0
20250909,3092,鴻碩,17.15,17.2,16.65,16.7,-,0.4,228734,3851111.0,-27000,0,0,7000,0,0,34000,0,0
20250909,1540,喬福,25.1,25.45,24.95,25.05,,0.0,267012,6706887.0,-6000,0,-21000,74000,0,0,80000,0,21000
20250909,6184,大豐電,50.5,50.8,50.5,50.6,+,0.1,139104,7033002.0,-18000,0,-9000,6000,0,0,24000,0,9000
20250909,2514,龍邦,15.25,15.25,15.05,15.1,-,0.1,189926,2872003.0,-2000,0,-25582,7000,0,15000,9000,0,40582
20250909,1449,佳和,12.05,12.05,11.9,11.95,-,0.1,468899,5605984.0,-25000,0,-2627,104000,0,0,129000,0,2627
20250909,1909,榮成,10.2,10.3,10.1,10.15,,0.0,712957,7251144.0,-31000,0,3000,264000,0,3000,295000,0,0
20250909,1432,大魯閣,17.9,18.0,17.4,17.45,-,0.45,265189,4647178.0,-28000,0,0,2000,0,0,30000,0,0
20250909,6504,南六,50.8,50.8,49.8,49.8,-,0.3,41034,2054118.0,-28000,0,0,3000,0,0,31000,0,0
20250909,6776,展碁國際,55.6,55.6,55.0,55.4,+,0.2,127086,7028446.0,-29033,0,1000,21967,0,1000,51000,0,0
20250909,3046,建碁,45.4,45.4,44.9,45.35,-,0.05,116962,5276622.0,-31000,0,2710,26000,0,4000,57000,0,1290
20250909,4438,廣越,74.2,74.2,73.0,73.3,-,0.9,50298,3702208.0,-20000,0,-9000,5000,0,2000,25000,0,11000
20250909,3016,嘉晶,45.3,45.65,43.6,44.35,-,0.9,4347014,193085696.0,-21000,0,-8282,855000,0,18000,876000,0,26282
20250909,1309,台達化,11.35,11.45,11.15,11.15,-,0.2,445281,5009659.0,-29000,0,-514,149000,0,2000,178000,0,2514
20250909,2390,云辰,10.7,10.7,10.5,10.55,-,0.1,307372,3244129.0,-24000,0,-6000,23000,0,0,47000,0,6000
20250909,1737,臺鹽,32.3,32.35,32.25,32.25,-,0.1,100917,3256993.0,7000,0,-37000,15000,0,0,8000,0,37000
20250909,7721,微程式,69.5,71.2,68.4,68.6,-,0.6,253686,17645998.0,-30000,0,0,36000,0,0,66000,0,0
20250909,5222,全訊,147.0,147.0,142.5,144.0,-,3.5,1921183,277780228.0,123004,0,-154262,565004,0,29362,442000,0,183624
20250909,3679,新至陞,120.0,120.5,117.0,118.0,-,2.5,74744,8842387.0,-28000,0,-5000,3000,0,0,31000,0,5000
20250909,6582,申豐,32.4,32.55,32.1,32.4,,0.0,96222,3105707.0,-33000,0,0,8000,0,0,41000,0,0
20250909,6442,光聖,956.0,956.0,914.0,917.0,-,29.0,4065191,3788335260.0,254061,-197000,-90277,985061,4000,121806,731000,201000,212083
20250909,1597,直得,84.3,87.5,84.2,84.3,+,0.5,1482587,126897024.0,-37000,0,3736,380000,0,8118,417000,0,4382
20250909,2425,承啟,32.45,32.9,32.35,32.8,+,0.45,367716,11990257.0,-31000,0,-3000,104000,0,0,135000,0,3000
20250909,6698,旭暉應材,40.35,41.8,38.5,38.65,-,1.05,1185544,47333135.0,-36000,0,2000,240000,0,2000,276000,0,0
20250909,2460,建通,19.45,19.45,18.7,18.95,-,0.5,201209,3815021.0,-35000,0,328,19000,0,4000,54000,0,3672
20250909,4904,遠傳,84.5,84.5,83.8,84.1,-,0.4,2701557,227140415.0,40443,-27080,-48109,1439443,10000,7000,1399000,37080,55109
20250909,6515,穎崴,1720.0,1800.0,1720.0,1760.0,+,40.0,365619,643662065.0,-17814,-29000,11918,73300,0,22413,91114,29000,10495
20250909,4771,望隼,179.0,179.5,178.0,178.0,-,2.5,59226,10586842.0,-36000,0,1000,6000,0,1000,42000,0,0
20250909,3346,麗清,23.25,23.25,22.75,22.9,-,0.25,331359,7590960.0,-35000,0,0,36000,0,0,71000,0,0
20250909,2524,京城,45.8,46.4,44.65,45.2,-,0.25,444691,20284290.0,-37000,-1000,2380,94000,0,2780,131000,1000,400
20250909,8271,宇瞻,65.6,65.6,63.3,64.1,-,1.0,1827321,116984120.0,-13000,0,-23000,506000,0,1000,519000,0,24000
20250909,2606,裕民,54.5,54.8,54.1,54.3,+,0.3,1803262,98066463.0,15000,-3540,-48313,850000,0,15000,835000,3540,63313
20250909,1752,南光,39.65,40.0,39.25,39.45,-,0.55,171211,6771787.0,-35000,0,-2000,15000,0,0,50000,0,2000
20250909,1444,力麗,6.67,6.72,6.66,6.67,,0.0,394163,2632572.0,-37000,0,0,112000,0,0,149000,0,0
20250909,8033,雷虎,175.5,180.0,175.5,180.0,,0.0,2008650,359512895.0,-57245,0,20000,133000,0,112000,190245,0,92000
20250909,1589,永冠-KY,21.1,21.15,20.35,20.45,-,0.6,1081492,22302201.0,-47000,0,9714,176000,0,29000,223000,0,19286
20250909,4736,泰博,125.5,125.5,120.0,122.5,-,5.5,854457,104469943.0,8000,0,-45767,201000,0,2000,193000,0,47767
20250909,5288,豐祥-KY,128.5,128.5,125.0,126.0,-,1.5,115656,14534123.0,-38000,0,0,9000,0,0,47000,0,0
20250909,5519,隆大,29.15,29.15,28.8,29.05,,0.0,245561,7120531.0,-39000,0,552,63000,0,1000,102000,0,448
20250909,1436,華友聯,76.4,77.2,74.4,76.4,+,0.1,325045,24635682.0,-48000,0,8147,67000,0,11393,115000,0,3246
20250909,1720,生達,57.0,57.2,56.3,56.8,,0.0,196384,11135286.0,-12000,0,-28000,42000,0,0,54000,0,28000
20250909,2612,中航,51.9,53.1,51.8,52.6,+,1.1,878529,46093117.0,-27000,0,-13001,353000,0,3000,380000,0,16001
20250909,0061,元大寶滬深,21.2,21.25,21.04,21.04,-,0.14,334226,7072137.0,0,0,-40041,0,0,77446,0,0,117487
20250909,1304,台聚,10.4,10.5,10.25,10.3,-,0.05,1052036,10882566.0,-50000,0,9304,287000,0,10000,337000,0,696
20250909,2536,宏普,27.5,27.7,27.4,27.6,+,0.05,342232,9428727.0,-40000,0,-1000,52000,0,7000,92000,0,8000
20250909,2062,橋椿,22.5,22.55,22.05,22.05,-,0.3,371300,8246212.0,-14000,-27000,0,77000,0,0,91000,27000,0
20250909,2038,海光,15.15,15.15,14.9,14.95,-,0.05,137779,2063736.0,-41000,0,0,16000,0,0,57000,0,0
20250909,6625,必應,89.1,89.3,87.6,88.1,-,0.5,181895,16016248.0,-37000,0,-4024,31000,0,0,68000,0,4024
20250909,6153,嘉聯益,14.25,14.4,14.1,14.3,+,0.15,2374705,33875075.0,80000,0,-121533,897000,0,4000,817000,0,125533
20250909,8114,振樺電,238.0,239.5,236.0,237.5,+,0.5,419989,99865212.0,-44900,5000,-2076,164100,5000,5000,209000,0,7076
20250909,3338,泰碩,63.4,63.4,61.9,62.0,-,1.0,357217,22260747.0,-40000,0,-2000,51000,0,0,91000,0,2000
20250909,2506,太設,10.05,10.05,9.92,9.92,-,0.13,188183,1874190.0,-45000,0,2000,21000,0,2000,66000,0,0
20250909,4441,振大環球,245.0,250.0,235.0,240.0,,0.0,1666463,406434924.0,-51000,0,6822,249000,0,7000,300000,0,178
20250909,2426,鼎元,17.85,17.95,17.35,17.5,-,0.3,822705,14421337.0,-62000,0,17598,195000,0,20000,257000,0,2402
20250909,2399,映泰,19.1,19.1,18.7,18.9,,0.0,550618,10365908.0,-45000,0,0,181000,0,0,226000,0,0
20250909,1446,宏和,20.4,20.45,20.2,20.25,-,0.15,242959,4933350.0,-3000,0,-43000,47000,0,9000,50000,0,52000
20250909,9924,福興,45.1,45.2,44.6,45.0,-,0.1,190012,8522650.0,-18000,-1675,-27000,51000,0,5000,69000,1675,32000
20250909,3557,嘉威,40.65,40.65,39.9,40.0,-,0.6,163936,6571659.0,-47000,0,0,19000,0,0,66000,0,0
20250909,1723,中碳,82.8,82.8,81.8,82.7,-,0.4,373870,30719904.0,-45000,-2000,0,102000,0,0,147000,2000,0
20250909,6834,天二科技,29.5,29.9,28.9,29.0,-,0.3,99054,2893320.0,-48000,0,0,11000,0,0,59000,0,0
20250909,00972,野村日本動能高息,17.05,17.13,16.93,16.94,-,0.09,2226113,37854977.0,-1931000,0,1882985,0,0,2063400,1931000,0,180415
20250909,4952,凌通,41.85,41.85,40.55,40.7,-,1.05,143677,5883740.0,-52000,0,3320,11000,0,5000,63000,0,1680
20250909,2241,艾姆勒,26.3,26.3,25.45,25.45,-,0.65,204471,5254515.0,-50000,0,1000,39000,0,1000,89000,0,0
20250909,8478,東哥遊艇,201.5,201.5,197.0,198.0,-,3.0,160311,31805910.0,-47000,0,-2500,21000,0,273,68000,0,2773
20250909,2482,連宇,21.9,22.75,21.7,21.9,-,0.1,612539,13612216.0,-52000,0,0,130000,0,0,182000,0,0
20250909,6901,鑽石投資,21.1,21.15,20.6,20.7,-,0.25,367412,7632740.0,-51000,0,-1000,70000,0,0,121000,0,1000
20250909,1416,廣豐,11.5,11.5,11.4,11.4,-,0.1,169396,1936318.0,-53000,0,0,4000,0,0,57000,0,0
20250909,2471,資通,50.4,50.4,49.85,50.1,+,0.15,158463,7936831.0,-55000,0,1000,14000,0,1000,69000,0,0
20250909,4562,穎漢,49.15,50.9,48.7,48.9,+,0.3,811056,40105128.0,-54000,0,-454,220000,0,2000,274000,0,2454
20250909,3021,鴻名,18.3,18.3,18.0,18.05,-,0.35,181544,3282760.0,35000,0,-90000,38000,0,0,3000,0,90000
20250909,6743,安普新,34.5,34.5,33.55,34.05,-,0.05,200650,6815952.0,-56000,0,0,55000,0,0,111000,0,0
20250909,1440,南紡,13.85,13.95,13.8,13.8,-,0.05,701494,9718924.0,3000,-2000,-57109,281000,0,2000,278000,2000,59109
20250909,1710,東聯,12.2,12.25,12.0,12.1,-,0.05,639186,7736889.0,-69000,0,12466,101000,0,14000,170000,0,1534
20250909,1533,車王電,33.5,35.0,33.1,33.8,+,1.75,1141891,39046093.0,-57000,0,89,142000,0,2089,199000,0,2000
20250909,1434,福懋,15.85,15.9,15.65,15.75,-,0.1,788646,12416476.0,-55000,-2000,0,413000,0,0,468000,2000,0
20250909,3504,揚明光,61.5,61.8,59.6,59.9,-,1.4,391572,23677985.0,-58000,0,239,80000,0,1000,138000,0,761
20250909,3036,文曄,131.5,132.0,127.0,128.0,-,1.0,2867929,368344192.0,357000,-247000,-168322,1539000,0,6050,1182000,247000,174372
20250909,5706,鳳凰,55.8,55.8,54.7,54.8,-,1.0,188339,10347165.0,-58605,0,0,21000,0,0,79605,0,0
20250909,3135,凌航,33.7,33.7,32.6,32.9,-,0.7,405295,13355483.0,-59000,0,0,1000,0,0,60000,0,0
20250909,4961,天鈺,172.5,174.0,171.0,173.5,+,1.0,391836,67570035.0,-55000,-4000,-787,119000,0,2000,174000,4000,2787
20250909,1227,佳格,30.45,30.55,30.4,30.5,+,0.05,502498,15302966.0,-50000,-1000,-12053,160000,0,0,210000,1000,12053
20250909,2912,統一超,253.5,254.0,252.5,253.5,+,0.5,982659,249059010.0,9164,-4330,-68000,528024,4000,0,518860,8330,68000
20250909,8112,至上,42.55,43.15,42.0,42.6,+,0.2,2398988,101715140.0,-31000,-20106,-12577,1353000,0,18001,1384000,20106,30578
20250909,1231,聯華食,135.0,136.0,134.5,135.0,,0.0,160338,21676146.0,-63000,-1000,0,31000,0,0,94000,1000,0
20250909,4935,茂林-KY,50.6,52.2,48.95,49.1,+,0.35,386040,19566073.0,-62000,0,-3000,69000,0,0,131000,0,3000
20250909,1615,大山,50.6,52.0,49.6,49.6,,0.0,376573,19078403.0,-61050,0,-4900,62000,0,4000,123050,0,8900
20250909,00714,群益道瓊美國地產,20.0,20.0,19.95,19.95,-,0.18,84582,1688254.0,-6000,0,-60999,0,0,1,6000,0,61000
20250909,1442,名軒,52.9,53.2,51.0,52.2,-,0.1,719307,37344660.0,-62000,-1000,-4000,502000,0,4000,564000,1000,8000
20250909,6691,洋基工程,489.0,493.5,484.5,486.5,-,1.0,448067,218727593.0,-62316,-1000,-6484,128684,1000,3786,191000,2000,10270
20250909,6923,中台,98.3,98.3,95.2,95.5,-,1.3,254433,24509182.0,-75000,0,5000,25000,0,8000,100000,0,3000
20250909,2516,新建,14.8,14.85,14.5,14.75,+,0.15,426014,6285763.0,-63000,0,-7000,42000,0,1000,105000,0,8000
20250909,3518,柏騰,24.3,24.3,23.05,23.4,-,0.8,602281,14109259.0,-51334,0,-21000,85666,0,9000,137000,0,30000
20250909,5269,祥碩,1675.0,1695.0,1655.0,1680.0,+,10.0,547449,918660635.0,-59557,-1356,-11615,188443,0,9041,248000,1356,20656
20250909,00949,復華日本龍頭,17.6,17.62,17.41,17.41,-,0.07,1369769,23991948.0,501000,0,-575403,513000,0,225482,12000,0,800885
20250909,6216,居易,28.15,28.15,28.0,28.0,-,0.1,169079,4741824.0,-76000,0,0,18000,0,0,94000,0,0
20250909,4536,拓凱,190.0,190.5,187.0,188.0,-,2.0,209072,39337021.0,-93000,0,15378,25000,0,22000,118000,0,6622
20250909,8016,矽創,213.0,213.5,209.0,209.0,-,2.5,255468,53646510.0,-54259,-24700,445,61000,8000,2000,115259,32700,1555
20250909,2753,八方雲集,201.0,201.0,195.5,198.0,-,0.5,493895,97423345.0,6000,-84000,-2011,164000,0,0,158000,84000,2011
20250909,6271,同欣電,114.0,114.5,112.5,113.5,-,0.5,1086140,123182474.0,-69000,0,-11119,401000,0,3000,470000,0,14119
20250909,6806,森崴能源,56.7,56.7,55.3,56.1,,0.0,973739,54423161.0,-79712,0,-702,282288,0,2000,362000,0,2702
20250909,1217,愛之味,11.0,11.0,10.9,10.95,,0.0,484975,5310639.0,-26000,0,-55000,42000,0,33000,68000,0,88000
20250909,6605,帝寶,140.5,141.0,138.0,138.5,-,1.5,564869,78361439.0,-66000,-1000,-14793,164000,0,18000,230000,1000,32793
20250909,1325,恆大,29.35,29.9,28.8,29.05,+,0.25,1088923,31906788.0,-81000,0,-1000,266000,0,0,347000,0,1000
20250909,1907,永豐餘,25.25,25.4,25.15,25.15,-,0.1,676322,17057097.0,-36000,-2000,-44000,331000,0,8000,367000,2000,52000
20250909,3716,中化控股,33.9,33.9,33.5,33.75,-,0.1,154788,5209358.0,-65000,0,-17000,1000,0,0,66000,0,17000
20250909,4414,如興,13.0,13.3,12.85,12.85,-,0.1,742737,9652511.0,-82999,0,0,101001,0,0,184000,0,0
20250909,1711,永光,18.6,20.65,18.3,20.0,+,1.2,27484062,546369385.0,-242000,0,158116,4652000,0,399231,4894000,0,241115
20250909,00709,富邦歐洲,33.11,33.2,33.11,33.12,+,0.01,167078,5540036.0,-1000,0,-83000,0,0,5000,1000,0,88000
20250909,6472,保瑞,757.0,757.0,736.0,736.0,-,14.0,654786,486480802.0,-73530,0,-10978,135000,0,33997,208530,0,44975
20250909,1808,潤隆,32.05,32.2,31.7,32.0,-,0.1,758879,24188124.0,-84000,-1000,132,270000,0,192,354000,1000,60
20250909,3031,佰鴻,19.55,19.6,19.0,19.1,-,0.3,462433,8851766.0,-34000,0,-51529,94000,0,1000,128000,0,52529
20250909,4720,德淵,16.1,16.15,15.7,15.75,-,0.4,559083,8862361.0,-85000,-1541,0,38000,0,0,123000,1541,0
20250909,6830,汎銓,179.0,179.5,174.5,175.5,-,1.5,830266,146490960.0,-88000,0,1093,151000,0,2000,239000,0,907
20250909,2069,運錩,15.0,15.15,14.85,15.15,,0.0,280643,4215022.0,-43000,0,-44000,9000,0,0,52000,0,44000
20250909,1527,鑽全,33.1,33.1,32.6,33.0,-,0.1,247545,8137160.0,-68000,0,-20000,79000,0,4000,147000,0,24000
20250909,1522,堤維西,41.85,42.05,41.5,41.65,-,0.2,581036,24237183.0,-73000,-7983,-7040,152000,0,97,225000,7983,7137
20250909,2493,揚博,131.0,133.5,127.0,127.0,-,3.0,1589177,205548138.0,-114995,0,25557,481005,0,40131,596000,0,14574
20250909,1709,和益,16.6,16.7,16.6,16.65,+,0.05,215934,3592378.0,-96000,0,6000,24000,0,6000,120000,0,0
20250909,1476,儒鴻,416.0,416.0,401.5,404.5,-,7.5,623689,252871965.0,-101768,-2558,14268,261346,0,18228,363114,2558,3960
20250909,6756,威鋒電子,95.0,95.0,90.8,91.7,-,1.6,181309,16669475.0,-91000,0,316,23000,0,1000,114000,0,684
20250909,2465,麗臺,61.3,61.3,60.2,60.2,-,1.0,332419,20118717.0,-90734,0,0,20000,0,0,110734,0,0
20250909,3033,威健,28.3,28.45,28.2,28.3,+,0.05,1260232,35670925.0,-43000,-27713,-20071,470000,0,17000,513000,27713,37071
20250909,6863,永道-KY,158.0,158.0,152.0,154.5,-,3.0,218531,33666185.0,7000,0,-97959,55000,0,1050,48000,0,99009
20250909,2250,IKKA-KY,93.8,94.1,92.0,92.0,-,0.9,237186,22039840.0,-87000,0,-5000,29000,0,0,116000,0,5000
20250909,3515,華擎,289.0,289.0,289.0,289.0,+,26.0,1574290,454969810.0,-187100,-2000,96833,38000,0,120233,225100,2000,23400
20250909,1466,聚隆,16.5,17.45,16.05,16.7,+,0.65,670204,11249008.0,-92000,0,-988,101000,0,12,193000,0,1000
20250909,2427,三商電,28.55,28.6,28.15,28.3,-,0.15,1320984,37412336.0,-98000,0,3000,184000,0,5000,282000,0,2000
20250909,5607,遠雄港,52.3,52.5,51.4,51.7,-,0.8,790849,40977677.0,-103000,0,8000,113000,0,8000,216000,0,0
20250909,3530,晶相光,63.1,63.1,60.7,60.9,-,2.1,246884,15153728.0,-95000,0,-825,27000,0,1000,122000,0,1825
20250909,6715,嘉基,106.0,106.0,99.8,100.5,-,9.0,513721,52115646.0,-96622,0,595,41000,0,1000,137622,0,405
20250909,00898,國泰基因免疫革命,6.66,6.66,6.62,6.62,-,0.09,259298,1721816.0,-10000,0,-87104,50000,0,33575,60000,0,120679
20250909,4566,時碩工業,62.1,62.2,60.7,60.7,-,1.0,422570,25863185.0,-97000,0,-1176,54000,0,0,151000,0,1176
20250909,3050,鈺德,12.95,12.95,12.65,12.65,-,0.3,599228,7620731.0,-88000,0,-11000,39000,0,0,127000,0,11000
20250909,3048,益登,42.3,44.95,41.45,43.75,+,1.45,6846771,296769142.0,-70000,0,-29000,161000,0,1000,231000,0,30000
20250909,2832,台產,33.45,33.5,33.3,33.4,-,0.05,197382,6586412.0,-90000,-1000,-8000,23000,0,9000,113000,1000,17000
20250909,1786,科妍,89.9,89.9,87.7,88.5,+,0.3,438375,38727764.0,-95000,0,-4045,88000,0,2000,183000,0,6045
20250909,3596,智易,236.0,236.0,229.0,231.5,-,1.5,509467,117818679.0,-94000,-1000,-4305,240000,0,1000,334000,1000,5305
20250909,1307,三芳,30.85,30.85,30.4,30.5,-,0.25,699214,21400287.0,-78000,-4760,-17350,130000,0,35000,208000,4760,52350
20250909,2534,宏盛,22.1,22.25,21.85,22.15,+,0.05,507953,11181036.0,-11000,0,-90000,153000,0,3000,164000,0,93000
20250909,1210,大成,53.4,53.5,53.2,53.4,+,0.1,861623,45969704.0,-54990,-40000,-7009,364010,9000,1000,419000,49000,8009
20250909,4104,佳醫,85.0,85.4,84.7,84.8,,0.0,443958,37755469.0,-96988,0,-5017,44012,0,28000,141000,0,33017
20250909,3592,瑞鼎,293.5,295.5,287.0,293.5,,0.0,271297,78968518.0,-99000,-3271,-171,85000,0,50,184000,3271,221
20250909,3035,智原,157.5,158.0,154.5,155.5,-,1.0,2212919,344863206.0,-75000,-10356,-17189,688000,0,57451,763000,10356,74640
20250909,2455,全新,160.0,162.0,158.0,160.0,+,1.5,5310850,846775458.0,-286900,319000,-134867,1896100,348000,7242,2183000,29000,142109
20250909,3028,增你強,31.5,31.5,31.05,31.3,+,0.05,358294,11190272.0,-77000,0,-26000,100000,0,0,177000,0,26000
20250909,3545,敦泰,67.1,67.9,66.3,67.7,+,0.8,1293122,86921552.0,-99000,-10000,5038,399000,0,7460,498000,10000,2422
20250909,6742,澤米,59.7,60.4,57.6,57.6,-,2.1,1542344,90219613.0,-104000,0,0,230000,0,0,334000,0,0
20250909,00956,中信日經高股息,10.79,10.8,10.68,10.68,-,0.08,246712,2647926.0,2000,0,-106212,2000,0,72000,0,0,178212
20250909,8454,富邦媒,252.0,252.0,247.0,248.0,-,4.0,348755,86717058.0,-102601,-2093,-168,87020,0,11000,189621,2093,11168
20250909,6585,鼎基,111.0,111.0,104.5,105.0,-,5.0,331556,35312111.0,-95000,0,-10832,31000,0,0,126000,0,10832
20250909,8131,福懋科,28.5,28.5,27.65,27.85,-,0.05,497639,13958376.0,-96000,0,-10000,131000,0,8000,227000,0,18000
20250909,7740,熙特爾-創,236.5,236.5,225.5,230.0,-,5.0,406867,93566688.0,-106000,0,-1935,84000,0,6000,190000,0,7935
20250909,4942,嘉彰,37.1,37.1,36.35,36.6,-,0.5,244190,8953116.0,-85000,0,-24000,19000,0,1000,104000,0,25000
20250909,2108,南帝,25.25,25.25,24.75,24.95,-,0.15,365366,9098249.0,-98000,0,-11548,48000,0,9000,146000,0,20548
20250909,4571,鈞興-KY,189.0,190.5,186.0,186.5,+,5.0,1433424,270020133.0,-116000,0,6044,334000,0,6044,450000,0,0
20250909,00643,群益深証中小,15.25,15.29,15.06,15.06,-,0.1,2819770,42765948.0,-176000,0,63753,26000,0,2513252,202000,0,2449499
20250909,3008,大立光,2405.0,2405.0,2370.0,2380.0,-,20.0,375723,894852775.0,-87133,-4850,-21923,125102,2000,2037,212235,6850,23960
20250909,3528,安馳,73.0,73.0,71.5,72.2,,0.0,378366,27297403.0,-114000,0,0,83000,0,0,197000,0,0
20250909,5471,松翰,36.6,37.0,36.0,36.5,-,0.05,540156,19739289.0,-116000,0,2000,83000,0,2000,199000,0,0
20250909,6591,動力-KY,83.7,84.8,82.4,83.8,+,0.9,1258093,105079122.0,-113990,0,-439,293010,0,1000,407000,0,1439
20250909,3025,星通,48.5,48.5,47.05,47.1,-,0.95,472233,22467503.0,-115000,0,0,29000,0,0,144000,0,0
20250909,1736,喬山,145.0,145.5,141.0,142.0,-,2.5,508877,72843632.0,-112000,0,-3129,83000,0,2000,195000,0,5129
20250909,00897,富邦基因免疫生技,7.37,7.37,7.31,7.32,-,0.07,394937,2892122.0,0,0,-115926,3000,0,91001,3000,0,206927
20250909,2023,燁輝,15.15,15.2,15.05,15.1,-,0.05,715170,10801487.0,-105000,-3000,-9000,223000,0,0,328000,3000,9000
20250909,5244,弘凱,47.6,47.75,46.8,46.8,-,0.15,1012275,47641792.0,-118000,0,0,178000,0,0,296000,0,0
20250909,2727,王品,228.0,229.0,224.5,226.0,+,2.0,634729,143793741.0,-130000,0,11795,142000,0,17208,272000,0,5413
20250909,3533,嘉澤,1500.0,1535.0,1480.0,1525.0,+,10.0,761934,1153558485.0,-131173,-344,11633,232270,0,37920,363443,344,26287
20250909,6449,鈺邦,174.5,174.5,163.0,166.0,-,8.5,2593490,432349421.0,-80000,0,-40595,520000,0,29192,600000,0,69787
20250909,8429,金麗-KY,7.95,8.05,7.92,8.03,+,0.09,885373,7087726.0,-121000,0,0,41000,0,0,162000,0,0
20250909,2419,仲琦,23.65,23.9,23.4,23.45,-,0.1,879996,20752156.0,-85000,0,-36027,130000,0,7000,215000,0,43027
20250909,2642,宅配通,32.25,34.0,31.05,32.0,-,0.05,1768803,56767935.0,-108151,0,-13543,132000,0,0,240151,0,13543
20250909,1795,美時,193.5,194.5,191.5,192.5,-,1.0,560993,107854995.0,-111939,-3000,-7805,120061,0,9000,232000,3000,16805
20250909,4956,光鋐,22.4,22.5,21.8,21.85,-,0.15,528830,11654539.0,-122000,0,-759,115000,0,1000,237000,0,1759
20250909,2450,神腦,30.1,30.1,29.6,29.7,-,0.4,233099,6932884.0,-117000,0,-7000,27000,0,0,144000,0,7000
20250909,1310,台苯,8.99,9.07,8.94,9.0,+,0.04,535892,4821090.0,-134000,0,9549,129000,0,11000,263000,0,1451
20250909,6937,天虹,257.0,266.0,240.0,246.0,-,4.0,3454064,871046757.0,-122600,113000,-114978,672400,113000,37393,795000,0,152371
20250909,2009,第一銅,33.9,34.1,33.5,33.55,-,0.25,1108706,37315497.0,-111000,-1000,-13651,221000,0,1000,332000,1000,14651
20250909,8028,昇陽半導體,182.5,185.0,178.0,184.0,+,2.0,22336687,4062728516.0,-269509,39000,104402,4500491,40000,647018,4770000,1000,542616
20250909,2929,淘帝-KY,9.17,9.7,9.14,9.42,+,0.25,1015702,9490496.0,-126000,0,-1000,97000,0,1000,223000,0,2000
20250909,1218,泰山,18.9,18.9,18.7,18.8,-,0.05,513355,9633012.0,-47000,0,-82000,152000,0,2000,199000,0,84000
20250909,8072,陞泰,37.75,37.75,36.5,36.7,-,0.5,502266,18500737.0,-130000,0,389,40000,0,3000,170000,0,2611
20250909,2897,王道銀行,9.03,9.06,9.0,9.06,+,0.03,1933231,17443034.0,-104000,-26000,0,815000,0,0,919000,26000,0
20250909,4119,旭富,59.9,59.9,58.3,59.2,-,1.8,358565,21116776.0,-132000,0,1731,37000,0,3176,169000,0,1445
20250909,1789,神隆,18.2,18.2,17.85,17.9,-,0.3,415333,7465164.0,-132000,-2000,3464,67000,0,4000,199000,2000,536
20250909,2404,漢唐,1065.0,1065.0,1035.0,1065.0,+,10.0,1757327,1853682555.0,-72776,-60300,2515,897786,108000,36130,970562,168300,33615
20250909,9906,欣巴巴,68.6,68.6,66.4,66.7,-,0.7,263469,17677184.0,-131000,0,-793,48000,0,370,179000,0,1163
20250909,2302,麗正,16.35,16.35,16.05,16.05,-,0.25,383575,6195387.0,-145000,0,10982,37000,0,11000,182000,0,18
20250909,2228,劍麟,106.5,110.5,106.0,108.5,+,2.0,1929837,210090313.0,-142640,0,7209,623360,0,10034,766000,0,2825
20250909,2305,全友,11.95,12.05,11.75,11.8,-,0.1,374901,4442352.0,-136000,0,0,49000,0,0,185000,0,0
20250909,3034,聯詠,438.0,438.0,431.0,432.0,-,5.0,2583203,1117879987.0,105052,-187962,-53825,1417901,303000,25000,1312849,490962,78825
20250909,4949,有成精密,43.85,43.85,42.25,42.4,-,1.05,753267,32143162.0,-130000,0,-8057,147000,0,8000,277000,0,16057
20250909,3703,欣陸,23.5,23.6,23.35,23.6,+,0.3,545240,12804684.0,-80000,0,-60000,100000,0,22000,180000,0,82000
20250909,1727,中華化,38.95,39.25,37.9,38.1,-,0.4,3124060,120270442.0,-142000,0,-5,426000,0,2000,568000,0,2005
20250909,3563,牧德,636.0,636.0,603.0,613.0,-,18.0,1660602,1023892710.0,-100640,0,-41576,338360,0,49646,439000,0,91222
20250909,2233,宇隆,238.0,239.5,230.5,232.0,-,3.0,1159779,272529801.0,-93000,0,-49773,264000,0,8772,357000,0,58545
20250909,1342,八貫,90.5,90.5,88.4,89.0,-,2.6,436023,38840456.0,-142000,0,-876,27000,0,0,169000,0,876
20250909,8473,山林水,36.9,37.0,36.2,36.6,-,0.3,374132,13649660.0,-104000,0,-39000,58000,0,4000,162000,0,43000
20250909,2495,普安,21.8,21.85,21.2,21.2,-,0.35,720003,15411051.0,-144000,0,436,105000,0,7000,249000,0,6564
20250909,3622,洋華,52.7,53.7,51.9,51.9,-,0.9,401245,21036246.0,-109000,0,-36756,46000,0,4000,155000,0,40756
20250909,6670,復盛應用,264.0,265.5,260.0,260.5,-,3.5,282286,73913597.0,-111999,-771,-33979,50001,12000,6000,162000,12771,39979
20250909,9941,裕融,99.1,99.1,97.5,97.6,-,1.0,618993,60573632.0,-127000,0,-21107,216000,0,8000,343000,0,29107
20250909,4555,氣立,46.0,46.45,44.45,44.55,-,0.8,905406,40976851.0,-160000,0,9000,149000,0,9000,309000,0,0
20250909,5484,慧友,43.9,46.0,43.75,44.35,+,0.6,626507,28117269.0,-152000,0,0,109000,0,0,261000,0,0
20250909,3051,力特,24.2,24.2,23.35,23.35,-,0.35,400409,9412236.0,-138000,-15000,0,51000,0,0,189000,15000,0
20250909,3060,銘異,20.15,20.3,19.65,19.7,-,0.4,734608,14563467.0,-155000,0,-836,60000,0,3000,215000,0,3836
20250909,4766,南寶,422.5,425.5,412.0,414.5,-,4.5,1549159,645317253.0,172920,-255420,-74142,496920,0,32000,324000,255420,106142
20250909,8215,明基材,24.5,24.65,23.95,24.2,-,0.3,375780,9073260.0,-157000,0,0,32000,0,0,189000,0,0
20250909,3058,立德,12.65,12.65,12.0,12.1,-,0.4,1188150,14456273.0,-6000,0,-151000,150000,0,10000,156000,0,161000
20250909,6768,志強-KY,102.5,103.5,99.9,103.5,+,2.0,886024,89938278.0,-150990,-1300,-5201,186010,0,10420,337000,1300,15621
20250909,6202,盛群,40.15,41.35,39.75,39.8,-,0.35,719957,28974537.0,-161000,-2000,5033,175000,0,6067,336000,2000,1034
20250909,3661,世芯-KY,3995.0,4020.0,3890.0,3915.0,-,60.0,1311795,5167856615.0,-64973,-87700,-5585,399929,2300,10614,464902,90000,16199
20250909,5225,東科-KY,117.5,117.5,114.0,115.0,-,1.5,1076277,124019109.0,-162020,0,3726,152000,0,4095,314020,0,369
20250909,2387,精元,42.3,42.3,41.75,42.0,-,0.15,340293,14265687.0,-146000,0,-16161,63000,0,1000,209000,0,17161
20250909,2377,微星,129.5,130.5,128.0,129.5,+,0.5,2889938,374587741.0,-76263,-6000,-81203,1663737,0,38000,1740000,6000,119203
20250909,2360,致茂,562.0,584.0,560.0,576.0,+,6.0,2957564,1697464539.0,-215652,18738,33387,1836631,23000,83132,2052283,4262,49745
20250909,1582,信錦,69.9,70.2,68.7,69.0,-,0.9,653890,45188511.0,-74000,-89000,-776,188000,0,3000,262000,89000,3776
20250909,8404,百和興業-KY,25.5,26.0,24.75,26.0,+,0.5,2227109,56478230.0,-166000,0,-1963,538000,0,37,704000,0,2000
20250909,1537,廣隆,130.5,130.5,128.5,130.0,-,0.5,370132,47835159.0,-153000,-1000,-14580,11000,0,4000,164000,1000,18580
20250909,2468,華經,52.5,52.5,51.2,51.6,-,1.0,934586,48261773.0,-170000,0,0,80000,0,0,250000,0,0
20250909,3447,展達,72.3,72.3,66.9,67.0,-,7.2,6150282,419406977.0,-177000,0,940,1216000,0,14000,1393000,0,13060
20250909,4576,大銀微系統,121.5,132.0,121.5,124.5,+,4.0,6377245,809051527.0,-236000,0,58843,1083000,0,96099,1319000,0,37256
20250909,2338,光罩,41.25,42.15,40.5,40.65,-,0.5,2199290,90759900.0,-159000,0,-19325,401000,0,9099,560000,0,28424
20250909,1773,勝一,143.5,145.5,142.0,142.5,-,1.0,1032969,147832471.0,-171000,-11000,3398,256000,0,6000,427000,11000,2602
20250909,3167,大量,193.0,202.0,192.0,199.0,+,6.0,11861527,2343424438.0,-163075,-44000,26986,2431025,0,88987,2594100,44000,62001
20250909,5306,桂盟,93.5,93.6,91.7,91.7,-,1.7,332434,30613039.0,-106900,0,-75000,49100,0,3000,156000,0,78000
20250909,2010,春源,20.4,20.45,20.35,20.45,+,0.1,541813,11057251.0,-154000,0,-30000,119000,0,20000,273000,0,50000
20250909,6838,台新藥,31.6,31.65,30.7,31.15,-,0.4,449433,13942993.0,-184000,0,0,48000,0,0,232000,0,0
20250909,1340,勝悅-KY,5.88,5.98,5.47,5.66,-,0.41,3564728,20156507.0,-186000,0,0,162000,0,0,348000,0,0
20250909,6197,佳必琪,166.0,166.5,161.5,162.0,-,1.5,2098626,342319835.0,-161886,0,-25863,291200,0,5000,453086,0,30863
20250909,6753,龍德造船,188.5,189.5,179.0,185.0,-,3.0,9680715,1790292264.0,-50600,0,-139598,1964200,0,65718,2014800,0,205316
20250909,1524,耿鼎,29.65,29.7,29.3,29.4,-,0.3,1271188,37373213.0,-182000,0,-9000,107000,0,0,289000,0,9000
20250909,2723,美食-KY,80.1,80.5,79.2,79.3,-,0.8,377502,30017648.0,-203000,3000,7650,70000,4000,10000,273000,1000,2350
20250909,2613,中櫃,26.35,26.35,25.9,25.95,-,0.35,454423,11843985.0,-154000,0,-41000,29000,0,2000,183000,0,43000
20250909,3705,永信,56.7,56.9,56.4,56.5,-,0.2,356847,20186520.0,-195000,0,-293,43000,0,1000,238000,0,1293
20250909,3056,富華新,21.9,22.05,21.6,21.6,-,0.3,1342605,29159684.0,-135000,-2000,-61318,382000,0,5005,517000,2000,66323
20250909,6862,三集瑞-KY,156.0,156.0,144.0,145.0,-,10.5,553798,81907763.0,-200000,0,0,40000,0,0,240000,0,0
20250909,2497,怡利電,49.25,49.6,47.35,47.8,-,1.35,1037012,50044164.0,-200000,0,-1,176000,0,5000,376000,0,5001
20250909,3052,夆典,11.75,11.75,11.55,11.6,-,0.05,684583,7949971.0,-84260,0,-117000,42740,0,4000,127000,0,121000
20250909,2488,漢平,49.75,49.75,49.0,49.35,-,0.15,341105,16828894.0,-164000,0,-37972,15000,0,2000,179000,0,39972
20250909,5608,四維航,17.25,17.5,17.25,17.45,+,0.2,1200801,20854361.0,-221000,0,18243,303000,0,20245,524000,0,2002
20250909,3049,精金,6.46,6.6,6.38,6.39,-,0.04,932825,6014661.0,-204000,0,221,117000,0,221,321000,0,0
20250909,6133,金橋,17.8,17.8,17.1,17.15,,0.0,650669,11286508.0,-204000,0,0,39000,0,0,243000,0,0
20250909,6706,惠特,64.5,66.5,64.0,64.3,+,0.2,2192255,142705234.0,-209000,0,4214,462000,0,4374,671000,0,160
20250909,5876,上海商銀,41.15,41.25,40.7,41.25,+,0.5,5421969,222102485.0,352452,-46051,-514959,3563452,23000,15386,3211000,69051,530345
20250909,6589,台康生技,65.2,65.2,63.1,63.5,-,1.6,720442,45908408.0,-208000,0,-1000,165000,0,0,373000,0,1000
20250909,3041,揚智,29.0,29.15,28.05,28.3,-,0.2,958998,27226241.0,-209000,0,0,150000,0,0,359000,0,0
20250909,6668,中揚光,46.65,47.45,45.75,46.1,-,0.5,784887,36367310.0,-212000,0,0,111000,0,0,323000,0,0
20250909,1612,宏泰,36.75,37.3,36.05,36.05,-,0.1,2362160,86328464.0,-246000,0,33115,758000,0,57029,1004000,0,23914
20250909,9945,潤泰新,31.0,31.2,30.7,30.85,+,0.05,5037512,155926215.0,-99062,-38000,-77827,2609000,0,50283,2708062,38000,128110
20250909,2104,國際中橡,11.0,11.05,10.85,10.9,,0.0,1016495,11118718.0,-221000,0,5859,233000,0,6000,454000,0,141
20250909,1563,巧新,49.9,49.9,48.85,49.05,-,0.8,398167,19561703.0,-219000,0,2000,19000,0,2000,238000,0,0
20250909,3024,憶聲,13.75,13.75,13.2,13.3,-,0.45,935273,12541857.0,-220000,0,0,111000,0,0,331000,0,0
20250909,2543,皇昌,74.5,75.8,74.0,74.5,+,0.7,2274747,169911881.0,-295560,0,75234,345000,0,141879,640560,0,66645
20250909,2369,菱生,17.8,17.9,17.55,17.55,-,0.2,1931688,34194301.0,-224000,0,1000,444000,0,1000,668000,0,0
20250909,5243,乙盛-KY,75.9,77.9,73.5,74.2,-,1.4,2569722,193565750.0,-229000,0,4249,594000,0,13050,823000,0,8801
20250909,3665,貿聯-KY,1110.0,1120.0,1070.0,1090.0,+,5.0,3072461,3368585970.0,-468525,244000,-997,1023046,287000,83981,1491571,43000,84978
20250909,2417,圓剛,45.3,46.0,44.4,44.5,-,0.55,1198941,54021863.0,-226000,0,-1442,238000,0,2000,464000,0,3442
20250909,6426,統新,78.8,78.8,75.1,75.2,-,3.3,418222,31924365.0,-229000,0,0,34000,0,0,263000,0,0
20250909,2511,太子,9.24,9.26,9.19,9.19,-,0.04,717554,6609758.0,-255000,0,21982,156000,0,22000,411000,0,18
20250909,3543,州巧,34.4,35.45,33.55,33.6,-,1.4,2973864,102040243.0,-315000,0,80000,294000,0,80000,609000,0,0
20250909,2340,台亞,23.5,23.55,23.05,23.25,,0.0,1465998,34117995.0,-158000,0,-78446,369000,0,20116,527000,0,98562
20250909,2547,日勝生,11.3,11.4,11.15,11.2,,0.0,962971,10833205.0,-240000,-2000,1715,155000,0,2000,395000,2000,285
20250909,2105,正新,38.7,38.75,38.2,38.45,-,0.15,2832127,108711314.0,919650,-827545,-333124,2210650,0,18087,1291000,827545,351211
20250909,6919,康霈*,263.5,266.5,252.5,255.0,-,2.5,31956728,8331005827.0,-168391,-5000,-70864,8439351,0,145,8607742,5000,71009
20250909,1316,上曜,14.7,14.95,14.15,14.2,-,0.4,8183363,118448942.0,-215000,0,-30473,1533000,0,0,1748000,0,30473
20250909,2610,華航,21.8,21.9,21.65,21.8,+,0.05,10159125,220897328.0,142595,-171004,-219837,5604855,43000,56000,5462260,214004,275837
20250909,3032,偉訓,105.0,106.0,103.0,103.0,-,1.5,1129505,117032356.0,-226000,0,-22469,288000,0,8000,514000,0,30469
20250909,2006,東和鋼鐵,62.0,62.0,61.5,61.7,-,0.1,877941,54168836.0,-163000,-13000,-73000,493000,0,2000,656000,13000,75000
20250909,6944,兆聯實業,576.0,581.0,563.0,564.0,+,2.0,836953,477427157.0,-248560,25000,-28000,121440,25000,0,370000,0,28000
20250909,2316,楠梓電,97.8,101.0,95.3,95.4,-,1.6,11220221,1089872968.0,-236300,0,-16786,2706700,0,22069,2943000,0,38855
20250909,3437,榮創,16.0,16.0,15.6,15.65,-,0.4,549544,8639660.0,-257000,0,0,49000,0,0,306000,0,0
20250909,2458,義隆,132.5,136.0,131.0,135.5,+,4.5,4384116,588423598.0,-402977,58622,86500,913023,190000,106830,1316000,131378,20330
20250909,2402,毅嘉,56.3,56.5,55.2,55.4,+,0.4,6867649,383060255.0,-250100,0,-10928,1639000,0,12000,1889100,0,22928
20250909,2509,全坤建,16.9,17.85,16.8,17.1,+,0.15,1070629,18456521.0,-262000,0,0,109000,0,0,371000,0,0
20250909,2462,良得電,23.95,23.95,23.25,23.3,-,0.6,508030,11922600.0,-243000,0,-20296,33000,0,6000,276000,0,26296
20250909,3047,訊舟,20.4,20.9,20.25,20.6,-,0.15,3243237,66640182.0,-263000,0,-2000,539000,0,2000,802000,0,4000
20250909,8996,高力,338.0,340.0,332.0,337.0,-,6.0,2595271,871521307.0,21000,-317000,23833,746000,25000,39192,725000,342000,15359
20250909,5388,中磊,104.5,104.5,102.0,103.0,-,1.0,1140505,117305878.0,-271955,0,-1470,388045,0,21000,660000,0,22470
20250909,3588,通嘉,51.0,51.0,48.85,49.35,-,1.35,696558,34401040.0,-274000,0,0,67000,0,0,341000,0,0
20250909,6491,晶碩,327.0,327.5,316.5,319.0,-,7.5,526087,167985284.0,-228000,0,-51520,42000,0,5167,270000,0,56687
20250909,8163,達方,36.2,36.45,35.5,35.8,-,0.2,626619,22377420.0,-263000,0,-16878,135000,0,25000,398000,0,41878
20250909,4164,承業醫,50.1,50.5,49.55,49.65,-,0.45,1344596,67018135.0,86065,0,-366439,415065,0,3018,329000,0,369457
20250909,8222,寶一,55.7,55.7,53.8,54.3,-,0.9,2061562,112095934.0,-284000,0,0,278000,0,0,562000,0,0
20250909,3044,健鼎,301.0,310.0,299.5,308.0,+,8.5,5438540,1663029022.0,259562,-582770,36705,3486474,6000,146195,3226912,588770,109490
20250909,1312,國喬,9.7,9.79,9.66,9.69,+,0.02,1637817,15905828.0,-282000,0,-5321,470000,0,11320,752000,0,16641
20250909,4551,智伸科,156.0,157.0,152.0,152.0,-,1.0,855065,131908725.0,-296000,-1000,7745,201000,0,16000,497000,1000,8255
20250909,00645,富邦日本,43.91,43.91,43.32,43.37,-,0.21,449248,19592242.0,6000,0,-307359,7000,0,70918,1000,0,378277
20250909,3673,TPK-KY,39.4,39.4,38.3,38.45,-,1.05,2341190,90406863.0,-289000,0,-14296,520000,0,29385,809000,0,43681
20250909,4934,太極,11.75,12.15,11.25,11.35,-,0.4,2160109,25225509.0,-304000,0,-3495,294000,0,0,598000,0,3495
20250909,6890,來億-KY,231.0,231.0,223.0,223.0,-,8.0,748941,169083828.0,-301925,0,-7566,179075,0,6019,481000,0,13585
20250909,2484,希華,21.95,22.0,21.25,21.95,-,0.2,1182298,25497586.0,-306000,0,-5979,184000,0,1000,490000,0,6979
20250909,1536,和大,69.9,70.6,69.0,69.1,-,0.2,5716895,398759394.0,-353000,-1000,35317,1122000,0,108100,1475000,1000,72783
20250909,1806,冠軍,9.81,9.86,9.69,9.7,-,0.13,649409,6320259.0,-350000,0,14000,23000,0,20000,373000,0,6000
20250909,00639,富邦深100,13.8,13.83,13.58,13.59,-,0.15,2108172,28939515.0,-743000,0,398503,18000,0,1174331,761000,0,775828
20250909,1464,得力,11.3,11.3,11.05,11.1,-,0.15,665061,7395089.0,-345000,0,0,31000,0,0,376000,0,0
20250909,8249,菱光,60.8,62.3,60.4,60.5,-,0.1,3385367,207686500.0,-349000,0,-112,418000,0,2000,767000,0,2112
20250909,3011,今皓,16.1,16.4,15.5,15.6,-,0.3,1256004,19918775.0,-323000,0,-27000,242000,0,3000,565000,0,30000
20250909,1905,華紙,12.6,12.7,12.25,12.35,-,0.15,1374130,17030050.0,-351000,-2000,439,362000,0,2000,713000,2000,1561
20250909,3416,融程電,196.5,209.5,195.0,203.0,+,10.0,5410125,1098388942.0,-391000,0,33897,1126000,0,119403,1517000,0,85506
20250909,2345,智邦,1025.0,1040.0,1010.0,1020.0,,0.0,3806219,3907972560.0,-368312,94000,-83674,1677069,130000,38371,2045381,36000,122045
20250909,6415,矽力*-KY,296.0,301.5,294.0,294.0,-,4.0,1809380,537730935.0,-356515,-4000,-112,1144485,2000,11634,1501000,6000,11746
20250909,6209,今國光,38.85,39.8,37.6,37.9,-,0.6,5334798,206331245.0,-362900,0,0,1269100,0,0,1632000,0,0
20250909,9921,巨大,105.5,105.5,102.5,102.5,-,3.0,871258,90034235.0,-345995,-1000,-18952,304005,0,12699,650000,1000,31651
20250909,2545,皇翔,42.5,42.5,41.75,41.75,-,0.6,1254585,52729610.0,-324073,0,-50926,218100,0,3000,542173,0,53926
20250909,2537,聯上發,11.0,11.1,10.9,10.9,-,0.1,1174109,12894032.0,-375000,0,0,162000,0,0,537000,0,0
20250909,8422,可寧衛*,198.0,198.0,194.0,195.5,-,4.5,871609,170866765.0,-407000,-1000,31633,52000,0,36000,459000,1000,4367
20250909,2538,基泰,11.7,11.7,11.3,11.5,-,0.2,971072,11147376.0,-366000,0,-11000,218000,0,2000,584000,0,13000
20250909,3376,新日興,234.0,236.5,230.5,232.0,-,1.5,1869917,435403836.0,13568,-355000,-36170,423000,0,63896,409432,355000,100066
20250909,2034,允強,20.0,20.0,19.85,19.85,-,0.1,766763,15252871.0,-402000,0,22000,198000,0,23000,600000,0,1000
20250909,4968,立積,158.0,158.0,152.0,153.5,-,1.5,3070798,473310826.0,-123000,0,-257659,618000,0,166763,741000,0,424422
20250909,6541,泰福-KY,52.0,52.0,50.7,50.7,-,0.9,635941,32537070.0,-365000,0,-16000,43000,0,0,408000,0,16000
20250909,1587,吉茂,38.75,38.75,36.25,36.5,-,1.65,1999829,74648484.0,-378000,0,-4678,204000,0,4000,582000,0,8678
20250909,2540,愛山林,78.9,78.9,77.5,77.5,-,1.0,948605,73967960.0,-384830,0,0,85170,0,2000,470000,0,2000
20250909,6695,芯鼎,55.4,55.4,53.7,53.7,-,1.6,4243598,231217977.0,-386000,0,257,782000,0,1000,1168000,0,743
20250909,6443,元晶,14.95,15.05,14.7,14.7,-,0.1,2575068,38142289.0,-394000,0,-2379,509000,0,1000,903000,0,3379
20250909,1460,宏遠,6.08,6.1,5.91,6.08,,0.0,1300872,7843955.0,-403000,0,0,66000,0,0,469000,0,0
20250909,6782,視陽,196.0,197.0,188.0,192.0,-,16.0,1171656,225425134.0,-419940,15000,-4833,198060,15000,68091,618000,0,72924
20250909,9907,統一實,18.2,18.25,18.05,18.15,,0.0,1185947,21468589.0,-442500,-14000,37000,244500,0,78000,687000,14000,41000
20250909,3023,信邦,219.0,221.0,218.0,219.5,+,0.5,1066336,233924052.0,-409260,-1000,-17005,435000,4000,7000,844260,5000,24005
20250909,2474,可成,190.0,191.5,189.0,190.5,+,1.0,1671238,318212768.0,-213479,-164979,-50391,941521,14000,20576,1155000,178979,70967
20250909,2913,農林,14.65,14.75,14.55,14.6,-,0.05,1010906,14762308.0,-339000,0,-94000,134000,0,7000,473000,0,101000
20250909,6206,飛捷,112.0,112.0,110.0,110.5,-,4.0,2254234,249935307.0,-413100,-4000,-17015,192000,0,25000,605100,4000,42015
20250909,2204,中華,61.2,61.3,60.0,60.4,-,0.8,1245537,75580902.0,-466000,-8155,35999,258000,0,59999,724000,8155,24000
20250909,2359,所羅門,146.5,151.5,146.5,150.0,+,3.5,5206188,777524128.0,-557750,0,117215,776350,0,134046,1334100,0,16831
20250909,1718,中纖,6.73,6.78,6.63,6.63,-,0.1,2614368,17463895.0,-299000,0,-142000,438000,0,27000,737000,0,169000
20250909,2539,櫻花建,50.4,50.6,49.8,49.85,-,0.45,891056,44550811.0,-440400,0,-2000,215000,0,6000,655400,0,8000
20250909,9934,成霖,10.7,10.8,10.45,10.5,-,0.2,1087153,11505171.0,-311000,0,-133000,322000,0,0,633000,0,133000
20250909,3702,大聯大,65.9,66.0,65.2,65.6,-,0.1,2504064,163854741.0,85778,-289026,-248251,1644778,30000,18993,1559000,319026,267244
20250909,3014,聯陽,136.5,136.5,133.0,133.0,-,4.0,881881,118029612.0,-448000,-11263,155,68000,0,4000,516000,11263,3845
20250909,1301,台塑,38.0,38.7,37.85,38.15,,0.0,12049421,460226137.0,-304698,-35200,-132073,5402302,0,387769,5707000,35200,519842
20250909,6120,達運,11.2,11.35,10.9,10.9,-,0.2,1509341,16648826.0,-484000,0,-2176,258000,0,2000,742000,0,4176
20250909,4915,致伸,80.3,80.7,79.2,79.2,-,0.9,1330844,105819213.0,-503000,13110,0,349000,58000,5000,852000,44890,5000
20250909,1409,新纖,14.55,14.75,14.45,14.5,,0.0,7220801,105309535.0,-452000,-2000,-43637,1865000,0,8000,2317000,2000,51637
20250909,6805,富世達,1035.0,1045.0,996.0,1000.0,-,35.0,2361410,2383030714.0,286253,-689000,-105226,698694,0,21168,412441,689000,126394
20250909,4938,和碩,70.8,71.0,70.3,70.7,-,0.1,4937512,348836834.0,288482,-506000,-296436,3349622,10000,5000,3061140,516000,301436
20250909,8210,勤誠,610.0,613.0,589.0,592.0,-,10.0,2015838,1205992362.0,-334899,-183000,-1441,300401,0,37643,635300,183000,39084
20250909,8039,台虹,65.0,65.0,62.3,62.8,-,1.6,10744456,679299707.0,-421564,-11000,-88335,1887860,0,556237,2309424,11000,644572
20250909,2457,飛宏,25.15,25.65,24.55,24.7,-,0.45,3323151,82858260.0,-494000,0,-28810,518000,0,140835,1012000,0,169645
20250909,4557,永新-KY,85.8,85.8,82.6,83.1,-,2.3,713859,59723877.0,-525000,0,2000,14000,0,2000,539000,0,0
20250909,4746,台耀,69.4,69.4,66.5,67.8,-,1.5,1035145,69733103.0,-501000,0,-22893,242000,0,13,743000,0,22906
20250909,4770,上品,338.5,345.0,315.5,317.0,-,2.0,2711336,880755764.0,-216804,-247000,-68674,587196,0,37638,804000,247000,106312
20250909,6177,達麗,48.45,49.3,47.35,47.85,-,0.4,3325910,159962666.0,-555036,100000,-82025,669300,100000,10665,1224336,0,92690
20250909,4540,全球傳動,46.9,48.35,46.1,46.95,+,0.6,5825712,274820975.0,-531000,0,-10178,779000,0,21000,1310000,0,31178
20250909,4306,炎洲,14.45,14.45,14.25,14.4,-,0.05,1749199,25072460.0,-540002,0,-3000,126000,0,0,666002,0,3000
20250909,2548,華固,102.5,103.0,101.0,102.0,,0.0,1040464,106037513.0,-477650,0,-66859,84000,0,22000,561650,0,88859
20250909,3576,聯合再生,6.32,6.4,6.2,6.22,-,0.06,3536489,22108624.0,-583000,0,0,571000,0,0,1154000,0,0
20250909,6757,台灣虎航,88.4,88.4,87.0,87.3,-,0.6,2483201,217005884.0,-690000,25000,76000,102000,39000,80000,792000,14000,4000
20250909,2231,為升,142.0,142.5,131.0,134.5,-,5.5,5300272,724039491.0,-390922,109000,-307604,969078,109000,200563,1360000,0,508167
20250909,00910,第一金太空衛星,37.45,37.54,37.42,37.52,+,0.74,1800076,67533616.0,-63984,0,-549673,3016,0,118890,67000,0,668563
20250909,1477,聚陽,288.0,288.0,277.5,279.5,-,7.0,1621305,455371273.0,-638971,39933,-16703,232029,59000,41368,871000,19067,58071
20250909,3149,正達,38.8,39.2,37.05,37.55,-,1.75,7843438,296751360.0,-630000,0,368,1501000,0,1000,2131000,0,632
20250909,8261,富鼎,94.1,94.9,92.3,92.5,-,0.7,2542250,237308567.0,-631000,0,-210,338000,0,21895,969000,0,22105
20250909,2342,茂矽,23.0,23.4,21.7,22.2,,0.0,1893793,42347289.0,-642843,0,0,313000,0,0,955843,0,0
20250909,1708,東鹼,31.2,31.25,30.9,31.0,-,0.2,1393212,43191113.0,-591000,-1000,-51026,134000,0,2000,725000,1000,53026
20250909,2352,佳世達,31.4,31.4,30.55,30.6,-,0.45,4269409,131376772.0,-543000,-24000,-79216,818000,0,1000,1361000,24000,80216
20250909,3481,群創,13.85,13.9,13.65,13.75,,0.0,30105690,413467458.0,202607,-15000,-835181,12983074,0,290994,12780467,15000,1126175
20250909,3406,玉晶光,460.0,461.0,445.0,449.0,-,4.5,1135743,510319088.0,-493003,-102000,-57485,141100,1000,45237,634103,103000,102722
20250909,2421,建準,131.5,131.5,126.0,127.0,-,6.0,4981029,635364412.0,-351000,-1000,-322733,1804000,0,12000,2155000,1000,334733
20250909,8150,南茂,27.7,27.7,27.1,27.3,-,0.25,3415043,93497738.0,-656000,-11000,-19000,893000,0,19000,1549000,11000,38000
20250909,6962,奕力-KY,45.1,45.2,44.2,44.35,-,0.65,3245505,144569029.0,-656900,-5000,-25272,760100,0,1001,1417000,5000,26273
20250909,6168,宏齊,22.5,22.5,21.0,21.15,-,1.05,2936937,62929291.0,-653000,0,-36000,225000,0,10000,878000,0,46000
20250909,1319,東陽,102.0,102.5,100.5,101.5,+,0.5,2202508,223808022.0,-636082,-35856,-22000,767000,5000,31000,1403082,40856,53000
20250909,4989,榮科,30.45,32.8,30.0,30.45,-,1.4,9773958,301939490.0,-313700,0,-382000,1196300,0,0,1510000,0,382000
20250909,3015,全漢,56.7,57.1,54.5,54.9,-,2.5,1241487,68518957.0,-677000,0,-36243,83000,0,4011,760000,0,40254
20250909,1519,華城,635.0,639.0,621.0,621.0,-,8.0,2299154,1443611663.0,-523788,-179000,-11286,278870,3000,72209,802658,182000,83495
20250909,3257,虹冠電,73.8,74.3,71.8,73.8,,0.0,4988742,363242534.0,-711000,0,-17000,389000,0,0,1100000,0,17000
20250909,3022,威強電,68.8,68.9,67.6,68.0,-,2.5,1854623,126611178.0,-712802,-6000,-9473,251198,0,10000,964000,6000,19473
20250909,6451,訊芯-KY,166.0,166.0,158.5,161.0,-,6.5,2639837,427736412.0,-710000,0,-25294,213000,0,16354,923000,0,41648
20250909,8081,致新,229.0,229.0,221.0,222.0,-,11.0,1526946,340771162.0,-722000,-6000,-9629,115000,0,10000,837000,6000,19629
20250909,6269,台郡,64.9,64.9,62.8,62.9,-,1.9,2222299,140964102.0,-598000,0,-151929,286000,0,24613,884000,0,176542
20250909,3006,晶豪科,62.0,62.0,60.0,60.2,-,1.8,6156123,374254694.0,-605300,0,-144803,1213000,0,219490,1818300,0,364293
20250909,00895,富邦未來車,32.91,32.95,32.88,32.88,-,0.02,1330337,43776234.0,101013,0,-862898,112013,0,90000,11000,0,952898
20250909,2436,偉詮電,62.1,62.3,58.3,59.2,-,1.5,21024150,1257092993.0,-1125700,400000,-43568,3714300,400000,158801,4840000,0,202369
20250909,1560,中砂,348.0,348.5,333.5,333.5,-,10.5,3876999,1309168517.0,-534965,-53000,-187908,744035,11000,86216,1279000,64000,274124
20250909,5469,瀚宇博,79.5,81.1,78.7,79.4,+,0.7,4688063,373529150.0,-876390,-1000,84273,1103000,0,102828,1979390,1000,18555
20250909,2355,敬鵬,37.3,38.1,36.95,37.0,,0.0,3969233,148604968.0,-708000,-16590,-68766,557000,0,42803,1265000,16590,111569
20250909,3714,富采,38.45,38.5,37.25,37.5,-,0.55,2148532,80791705.0,-794000,-1690,-12368,418000,0,20000,1212000,1690,32368
20250909,2467,志聖,204.0,204.0,198.5,201.0,-,1.0,4626934,929993560.0,-695000,-1000,-130131,604000,0,13162,1299000,1000,143293
20250909,00909,國泰數位支付服務,36.69,36.99,36.69,36.85,+,0.56,2751524,101456750.0,-63781,0,-768473,181219,0,404387,245000,0,1172860
20250909,6438,迅得,192.0,196.5,189.0,190.5,,0.0,4127993,794564445.0,-1052000,0,213475,586000,0,255154,1638000,0,41679
20250909,4927,泰鼎-KY,27.45,27.5,26.45,26.45,-,0.9,6374282,171252889.0,-1091000,0,232995,1221000,0,233000,2312000,0,5
20250909,4564,元翎,19.5,19.5,18.85,18.95,-,0.7,2628033,50122937.0,-893000,0,11467,96000,0,17000,989000,0,5533
20250909,6215,和椿,127.0,135.5,126.5,131.0,+,4.5,7768695,1023092491.0,-1020960,0,97942,1479040,0,136675,2500000,0,38733
20250909,9802,鈺齊-KY,107.5,107.5,103.5,104.5,-,2.5,1773170,185044857.0,-742000,-202000,16840,169000,28000,23000,911000,230000,6160
20250909,9914,美利達,111.5,112.0,108.5,109.0,-,3.5,1798399,196762947.0,-778726,-10000,-153375,519274,0,15000,1298000,10000,168375
20250909,2439,美律,103.5,104.0,102.0,102.0,-,1.0,2482903,254342994.0,133000,-1095838,6000,917000,0,16000,784000,1095838,10000
20250909,8105,凌巨,13.5,13.5,13.1,13.15,-,0.2,1549043,20450631.0,-968000,0,-5000,97000,0,0,1065000,0,5000
20250909,6669,緯穎,3100.0,3100.0,2990.0,3010.0,-,115.0,3502433,10644621940.0,-1000675,39999,-37322,811906,93000,77054,1812581,53001,114376
20250909,2406,國碩,21.75,23.5,21.7,23.05,+,1.65,19857487,450139783.0,-1101000,0,92254,2739000,0,100025,3840000,0,7771
20250909,2379,瑞昱,545.0,547.0,536.0,540.0,-,5.0,3329942,1796439928.0,-891926,-18947,-99994,1183898,8000,48807,2075824,26947,148801
20250909,2365,昆盈,45.8,47.1,45.45,45.45,-,0.3,7716792,355416732.0,-1006030,0,-10747,1217000,0,9603,2223030,0,20350
20250909,2881,富邦金,86.0,86.9,85.9,86.4,+,0.4,12258025,1058628501.0,-960752,-16310,-39740,8870312,473000,43000,9831064,489310,82740
20250909,2367,燿華,27.9,28.6,27.7,27.9,+,0.2,6905604,193779690.0,-1021850,0,-27797,1227150,0,17000,2249000,0,44797
20250909,6176,瑞儀,141.0,141.5,137.5,138.5,-,2.5,2334099,323303226.0,-956063,-41560,-72799,730000,0,22000,1686063,41560,94799
20250909,2401,凌陽,23.75,24.1,23.45,23.7,-,0.05,5101712,121085925.0,-1032000,-5000,-50728,947000,0,53494,1979000,5000,104222
20250909,3701,大眾控,45.7,45.7,43.6,43.6,-,1.7,3630268,161239017.0,-1095000,0,3815,306000,0,6000,1401000,0,2185
20250909,00935,野村臺灣新科技50,25.36,25.82,25.36,25.73,+,0.46,4137350,106100487.0,-268000,0,-826740,58000,0,863222,326000,0,1689962
20250909,2520,冠德,38.35,38.35,37.5,37.55,-,0.7,4859993,183244097.0,-973000,-3000,-136195,1815000,0,17000,2788000,3000,153195
20250909,00963,中信全球高股息,10.71,10.71,10.65,10.66,-,0.05,1925534,20537918.0,-241000,0,-878006,0,0,490000,241000,0,1368006
20250909,1102,亞泥,36.4,36.5,36.15,36.3,,0.0,5234677,189741386.0,-427514,-414648,-315978,3415504,46000,30000,3843018,460648,345978
20250909,1513,中興電,165.0,166.0,163.5,163.5,-,0.5,3955811,649623814.0,-998000,-2195,-193076,819000,0,61826,1817000,2195,254902
20250909,2731,雄獅,169.0,169.0,160.5,162.0,-,10.5,3428710,559648575.0,-1128000,0,-67138,624000,0,10597,1752000,0,77735
20250909,4722,國精化,131.0,138.0,119.5,129.0,-,2.5,15417287,1982663103.0,-1251000,0,19136,3185000,0,83000,4436000,0,63864
20250909,2208,台船,26.6,26.8,25.3,25.65,-,1.25,50379917,1309576935.0,-1237900,1000,-29,8825700,1000,0,10063600,0,29
20250909,8104,錸寶,40.7,41.3,40.25,40.3,-,4.1,5483726,222910541.0,-1225352,0,-20000,482050,0,0,1707402,0,20000
20250909,8110,華東,15.0,15.0,14.35,14.6,-,0.5,5784427,84052644.0,-1238291,0,-12004,631000,0,8000,1869291,0,20004
20250909,4967,十銓,73.5,73.5,71.2,71.8,-,3.2,3383437,243824360.0,-1279000,0,1014,264000,0,16000,1543000,0,14986
20250909,6116,彩晶,7.69,7.71,7.4,7.45,-,0.16,6666372,49973952.0,-1311000,0,27000,1894000,0,31000,3205000,0,4000
20250909,3017,奇鋐,972.0,974.0,957.0,961.0,-,3.0,7644952,7388684205.0,-1312996,20500,-15653,2357727,29000,225058,3670723,8500,240711
20250909,2388,威盛,62.5,62.5,60.3,61.0,-,1.0,4259676,260316457.0,-1330400,-2000,-88983,747100,0,153399,2077500,2000,242382
20250909,3380,明泰,28.9,29.7,28.7,29.15,+,0.4,4886003,142646750.0,-1236800,-17000,-178962,738200,0,33772,1975000,17000,212734
20250909,2630,亞航,66.3,68.0,64.6,67.0,+,1.3,12118922,805323952.0,-1406960,0,-35113,2744040,0,38681,4151000,0,73794
20250909,2486,一詮,84.0,84.4,82.4,82.5,-,0.7,7376872,613190929.0,-1452000,0,382,1230000,0,46000,2682000,0,45618
20250909,2615,萬海,82.5,82.7,81.2,81.2,-,1.0,4201327,342819878.0,-1424220,-33926,-39626,1191830,0,31000,2616050,33926,70626
20250909,6239,力成,126.5,127.0,125.0,126.0,-,0.5,5001863,630619002.0,-866000,-649088,-14556,1678000,17000,7863,2544000,666088,22419
20250909,4977,眾達-KY,130.5,133.0,123.5,124.0,-,3.5,24940402,3199094433.0,-1553472,135000,-122916,3965528,135000,21936,5519000,0,144852
20250909,1528,恩德,17.3,18.1,17.2,17.95,+,0.8,6517715,115013933.0,-1580000,0,30000,1022000,0,30000,2602000,0,0
20250909,2618,長榮航,39.8,39.85,39.5,39.65,-,0.1,12099365,479330072.0,-196044,-943872,-422832,6186916,200000,159000,6382960,1143872,581832
20250909,2485,兆赫,13.15,14.2,13.1,13.5,+,0.55,6057664,83280021.0,-1524000,0,-50017,771000,0,113051,2295000,0,163068
20250909,6278,台表科,107.0,110.0,105.5,108.5,+,2.0,6346795,687705463.0,-1663000,-62440,133436,1070000,0,159654,2733000,62440,26218
20250909,2363,矽統,58.7,60.2,57.3,58.0,+,1.3,33346576,1957326804.0,-2089480,-10000,478516,6093220,0,541894,8182700,10000,63378
20250909,3059,華晶科,63.4,63.5,61.0,62.2,-,0.8,27062605,1684564515.0,-1123250,0,-523084,5873000,0,234052,6996250,0,757136
20250909,2374,佳能,85.2,86.7,83.7,85.0,-,0.2,25166602,2141704696.0,-1320302,0,-342141,5680700,0,91970,7001002,0,434111
20250909,2327,國巨*,139.5,140.5,138.0,138.5,+,1.0,9238465,1286523285.0,-1522350,-45018,-151308,2686391,8000,79475,4208741,53018,230783
20250909,2472,立隆電,85.4,85.4,82.9,84.9,-,2.7,5206435,437523813.0,-1758000,0,28766,684000,0,78849,2442000,0,50083
20250909,4532,瑞智,23.9,24.05,23.7,23.75,-,0.5,2640716,62794235.0,-1725000,-6260,-58041,100000,0,2000,1825000,6260,60041
20250909,3706,神達,87.0,88.5,85.8,87.8,+,1.2,57313188,4994152540.0,583880,-2557000,96285,14447136,365000,2661373,13863256,2922000,2565088
20250909,1717,長興,44.8,46.0,43.55,45.65,+,0.85,37643432,1679584514.0,-1584800,-6000,-489656,6478200,0,338028,8063000,6000,827684
20250909,2002,中鋼,19.6,19.7,19.4,19.5,-,0.05,25191006,491655639.0,-2115265,-91568,99719,13370182,54000,173943,15485447,145568,74224
20250909,2353,宏碁,31.95,32.15,31.05,31.35,-,0.55,23966121,752727346.0,-1769056,-523200,136007,7100424,0,576000,8869480,523200,439993
20250909,6213,聯茂,118.0,120.5,116.5,117.5,+,2.0,16584449,1962682855.0,-1678327,-359000,-253987,3329000,12000,265406,5007327,371000,519393
20250909,2634,漢翔,67.0,67.1,65.0,66.0,-,0.5,41729563,2752761857.0,-2576050,897000,-628719,6446950,897000,687456,9023000,0,1316175
20250909,3450,聯鈞,204.0,204.0,197.0,197.5,-,7.0,8090734,1609915983.0,-1183560,-824000,-334910,719720,0,53455,1903280,824000,388365
20250909,4919,新唐,65.5,68.4,64.3,64.5,+,2.3,13691509,902652207.0,-2235927,-2000,-110727,2025073,0,278930,4261000,2000,389657
20250909,3605,宏致,83.3,84.6,80.0,81.7,-,0.8,38259255,3158948602.0,-2641756,53000,-72759,7756244,53000,231816,10398000,0,304575
20250909,6285,啟碁,122.5,123.0,118.5,119.0,-,3.5,4805984,573849274.0,-2018490,-602000,-88191,800010,0,42000,2818500,602000,130191
20250909,8046,南電,188.0,191.0,183.0,184.0,-,2.0,11011717,2053629962.0,-361747,-2361000,-53804,3014896,0,199874,3376643,2361000,253678
20250909,2356,英業達,42.55,42.6,41.9,42.2,+,0.35,17784262,750156912.0,-2274360,-28000,-477218,5180640,0,154663,7455000,28000,631881
20250909,3305,昇貿,131.5,137.5,125.5,127.5,-,2.5,35157017,4616250923.0,-3055521,0,247625,6423490,0,444193,9479011,0,196568
20250909,3715,定穎投控,92.1,95.4,91.5,93.2,+,1.7,28835379,2696259382.0,-3098000,-31000,306982,5911000,0,507993,9009000,31000,201011
20250909,2609,陽明,57.8,58.0,57.1,57.1,-,0.6,12922639,740534056.0,-2453546,-440058,12276,5027139,0,181000,7480685,440058,168724
20250909,2337,旺宏,20.4,20.5,20.0,20.1,-,0.6,11705133,236534012.0,-3173500,-3000,-89055,2302000,0,197298,5475500,3000,286353
20250909,3019,亞光,175.5,180.0,167.0,169.0,-,2.5,44702964,7789206512.0,-3286902,222000,-268037,6894373,223000,379693,10181275,1000,647730
20250909,3704,合勤控,39.0,40.6,38.1,39.3,+,1.5,33205037,1305399398.0,-3519000,0,131447,4364000,0,150000,7883000,0,18553
20250909,2603,長榮,187.0,187.5,184.5,184.5,-,2.0,7571071,1402298432.0,-3182697,-214211,-203078,1435480,5000,214000,4618177,219211,417078
20250909,2328,廣宇,55.7,56.5,54.6,55.2,-,0.5,17700591,983702235.0,-3428800,-1000,-172699,2531200,0,369971,5960000,1000,542670
20250909,4526,東台,38.9,39.7,38.6,39.45,+,0.7,17497824,685284484.0,-3631000,0,-3000,2798000,0,6000,6429000,0,9000
20250909,00965,元大航太防衛科技,21.05,21.09,21.0,21.0,+,0.05,7471485,157380464.0,-1281000,0,-2834869,0,0,604000,1281000,0,3438869
20250909,1605,華新,22.45,22.6,22.15,22.15,-,0.1,16606589,370614122.0,-3923968,-8000,-292796,3333032,0,284000,7257000,8000,576796
20250909,4916,事欣科,69.5,71.0,66.7,68.9,+,0.9,51192396,3521636938.0,-4223800,0,-29412,8516200,0,171589,12740000,0,201001
20250909,2329,華泰,46.6,46.65,43.6,43.7,-,2.4,11919335,533406540.0,-4141998,-17000,-118832,911002,0,112382,5053000,17000,231214
20250909,2323,中環,9.3,9.3,8.96,9.01,-,0.25,10493011,95261764.0,-4192000,-20000,-115760,906000,0,22000,5098000,20000,137760
20250909,6191,精成科,135.0,140.0,131.5,133.5,-,0.5,35939939,4840923154.0,-5604901,-2000,-82613,7771744,0,373264,13376645,2000,455877
20250909,00712,復華富時不動產,9.36,9.36,9.33,9.35,-,0.05,21462339,200451497.0,-3791000,0,-2073237,93000,0,1594999,3884000,0,3668236
20250909,9933,中鼎,34.7,34.75,33.0,33.3,-,1.6,14477360,488426555.0,-5941500,-4000,-105351,1878000,0,64000,7819500,4000,169351
20250909,2344,華邦電,24.4,24.9,23.7,24.55,-,0.05,237839246,5764269263.0,-4091970,-36000,-2322585,57542150,0,3959703,61634120,36000,6282288
20250909,00757,統一FANG+,114.55,115.25,114.55,115.1,+,0.55,10266908,1180998299.0,-653003,0,-5849127,83070,0,833873,736073,0,6683000
20250909,8021,尖點,94.0,99.2,92.2,99.2,+,9.0,65117872,6307083562.0,-5955000,-368000,-381555,4429000,0,1047445,10384000,368000,1429000
20250909,2409,友達,12.55,12.6,12.35,12.45,-,0.05,38042186,473522614.0,-10123911,-14240,-213665,9879991,0,101000,20003902,14240,314665
20250909,1303,南亞,38.45,39.95,38.3,38.65,+,0.25,71485305,2790537130.0,-15939559,-921300,63539,18575122,0,2610817,34514681,921300,2547278
20250909,00919,群益台灣精選高息,21.53,21.58,21.5,21.53,+,0.02,77581291,1671629990.0,-198031,0,-17135627,2109069,0,10396105,2307100,0,27531732
20250909,2883,凱基金,15.35,15.5,15.2,15.2,-,0.05,41459335,633039748.0,-16360218,-909315,-1018210,14983782,79000,68000,31344000,988315,1086210
20250909,1802,台玻,28.25,30.0,28.05,29.9,+,2.6,263159451,7750613359.0,-28057730,138000,-5454561,26145350,144000,4235489,54203080,6000,9690050
