tradeDate,stockCode,stockName,openPrice,highPrice,lowPrice,closePrice,changeSign,change,totalShares,totalAmount,foreignNetShares,investmentNetShares,dealerNetShares,foreignBuyShares,investmentBuyShares,dealerBuyShares,foreignSellShares,investmentSellShares,dealerSellShares
20250915,2408,南亞科,60.1,63.1,57.4,63.1,+,5.7,254694617,15523049646.0,36962878,25000,4498188,75766100,87000,7228234,38803222,62000,2730046
20250915,00940,元大台灣價值高息,9.44,9.45,9.39,9.41,-,0.03,36886856,347618138.0,2930000,0,25197281,3292000,0,29362237,362000,0,4164956
20250915,2887,台新新光金,17.3,17.5,17.3,17.45,+,0.15,55447336,965759663.0,29489343,-4275000,-706162,37645334,145000,538838,8155991,4420000,1245000
20250915,00878,國泰永續高股息,21.03,21.11,21.01,21.05,+,0.05,69456400,1463030223.0,-5079740,0,23678906,6508176,0,31956079,11587916,0,8277173
20250915,00924,復華S&P500成長,27.11,27.14,26.97,27.05,+,0.01,20917916,565521111.0,7959361,0,9356873,8038361,0,10727999,79000,0,1371126
20250915,2891,中信金,42.8,43.35,42.8,43.15,+,0.35,41934065,1809617434.0,20142978,-4271070,-140637,34604984,173000,730407,14462006,4444070,871044
20250915,0056,元大高股息,36.3,36.38,36.16,36.22,+,0.04,33388753,1211029693.0,-7886,300000,13111687,1750016,300000,13641555,1757902,0,529868
20250915,00929,復華台灣科技優息,18.38,18.4,18.22,18.3,-,0.05,25855733,473847407.0,-3029182,0,14824315,346318,0,18426768,3375500,0,3602453
20250915,00882,中信中國高股息,14.36,14.4,14.22,14.24,-,0.12,19577120,279228433.0,944100,0,10672474,1142100,0,11549000,198000,0,876526
20250915,1802,台玻,26.05,26.3,25.25,25.65,-,0.3,42780118,1097345262.0,10138300,0,-530668,18571000,0,1863278,8432700,0,2393946
20250915,2881,富邦金,88.5,89.8,88.5,88.8,+,0.3,17297881,1542619127.0,6191451,1995546,253055,10542171,2928000,359055,4350720,932454,106000
20250915,2882,國泰金,65.2,66.5,65.2,65.4,-,0.1,22839807,1500668362.0,8863539,-981419,308517,17186654,9000,698629,8323115,990419,390112
20250915,00961,FT臺灣永續高息,9.26,9.29,9.21,9.22,,0.0,11797260,109131587.0,3833109,0,3711902,3833109,0,4708230,0,0,996328
20250915,00903,富邦元宇宙,16.37,16.42,16.36,16.39,+,0.2,7957397,130346967.0,3031000,0,3956985,3060000,0,4794985,29000,0,838000
20250915,2317,鴻海,218.5,218.5,213.0,216.0,-,1.5,56651315,12223562936.0,5727413,17695,567131,27483656,245000,1283789,21756243,227305,716658
20250915,00885,富邦越南,16.2,16.26,16.16,16.26,+,0.17,11955955,193895175.0,3809900,0,2500444,4095000,0,3704444,285100,0,1204000
20250915,00939,統一台灣高息動能,14.03,14.09,14.0,14.0,-,0.02,8563274,120268725.0,762000,0,5378344,764000,0,7269344,2000,0,1891000
20250915,2449,京元電子,166.0,167.0,163.0,166.5,+,0.5,21808385,3605836174.0,6208440,-1012442,-174349,13236862,37000,396721,7028422,1049442,571070
20250915,00927,群益半導體收益,18.95,19.0,18.81,18.95,+,0.14,7530186,142606450.0,570000,0,4334622,730000,0,6261920,160000,0,1927298
20250915,00941,中信上游半導體,14.27,14.32,14.27,14.3,+,0.04,4846183,69319837.0,2802000,0,1748226,2802000,0,1848226,0,0,100000
20250915,2356,英業達,43.8,43.9,43.2,43.6,+,0.2,15515635,674754829.0,4375171,-36000,-265786,9829300,1000,91118,5454129,37000,356904
20250915,00915,凱基優選高股息30,22.73,22.85,22.71,22.72,+,0.04,5721315,130294879.0,120000,0,3849491,140000,0,4479168,20000,0,629677
20250915,2374,佳能,95.6,101.5,93.5,97.5,+,2.2,54173728,5277899664.0,3519725,0,392551,15788100,0,731053,12268375,0,338502
20250915,2201,裕隆,33.2,35.15,33.2,34.65,+,1.65,10049718,347234604.0,3605000,28000,189570,5934000,28000,277570,2329000,0,88000
20250915,2498,宏達電,66.9,66.9,63.0,63.1,-,3.4,46223368,2975316204.0,4711141,-11000,-977914,12677141,1000,589629,7966000,12000,1567543
20250915,00830,國泰費城半導體,46.8,46.97,46.77,46.97,+,0.38,7812925,366030605.0,1774393,0,1935275,1832623,0,3315420,58230,0,1380145
20250915,4904,遠傳,85.3,85.8,85.3,85.8,+,0.9,6810616,582592786.0,4576043,-518177,-500449,6558260,6000,29551,1982217,524177,530000
20250915,8021,尖點,85.1,85.6,81.4,83.6,-,1.7,13783280,1144762895.0,3254792,0,-1559,5474050,0,4564,2219258,0,6123
20250915,00902,中信電池及儲能,10.67,11.07,10.66,10.89,+,0.22,6878374,75274298.0,1895000,0,1250373,1982000,0,3373708,87000,0,2123335
20250915,6191,精成科,126.5,127.5,120.0,121.5,-,5.0,18106248,2224496096.0,3078828,1000,-158666,6698848,1000,86085,3620020,0,244751
20250915,3704,合勤控,36.8,36.95,35.2,35.95,-,0.75,7355056,263354263.0,2675980,0,-156082,3667000,0,32000,991020,0,188082
20250915,2885,元大金,34.6,34.9,34.45,34.45,-,0.15,15189621,525966236.0,2735926,-366686,-94679,11488565,887000,606080,8752639,1253686,700759
20250915,2834,臺企銀,15.4,15.45,15.35,15.35,-,0.05,10938476,168279131.0,2227314,-315813,177000,5092750,4000,177000,2865436,319813,0
20250915,3231,緯創,121.0,121.0,118.5,119.5,-,0.5,20920079,2498117355.0,1904560,-206000,234069,10349040,23000,700633,8444480,229000,466564
20250915,3711,日月光投控,167.5,168.0,165.0,166.5,-,0.5,8720930,1452935387.0,1255566,645000,-96207,5576201,943000,81000,4320635,298000,177207
20250915,2481,強茂,72.3,73.5,70.3,72.2,-,1.0,22629099,1626643763.0,572000,1768000,-573266,5738100,1768000,407333,5166100,0,980599
20250915,00893,國泰智能電動車,27.6,28.07,27.6,28.0,+,0.69,5812326,162229493.0,1721200,0,-17714,1786200,0,2946989,65000,0,2964703
20250915,4958,臻鼎-KY,171.0,171.0,163.5,166.0,-,3.0,12030872,2017498054.0,2372553,-12000,-700604,6794221,2000,62600,4421668,14000,763204
20250915,2402,毅嘉,56.0,56.0,53.7,54.1,-,1.9,7365516,400527546.0,1822000,1000,-168984,3018000,1000,15000,1196000,0,183984
20250915,00946,群益科技高息成長,10.37,10.37,10.2,10.29,-,0.08,4727533,48641293.0,208000,0,1379811,287000,0,3182628,79000,0,1802817
20250915,2441,超豐,62.1,62.7,61.8,62.3,+,0.7,3019431,188169417.0,1900694,-307000,-34455,2124000,0,42000,223306,307000,76455
20250915,2542,興富發,45.4,45.6,44.9,45.35,+,0.3,4292225,194144123.0,1502940,0,3938,2276000,0,141392,773060,0,137454
20250915,00934,中信成長高股息,20.16,20.17,19.96,20.04,-,0.11,2564933,51451059.0,216000,0,1279731,451000,0,1453834,235000,0,174103
20250915,2352,佳世達,31.3,32.0,31.15,31.45,+,0.45,11761097,372428795.0,1424000,18000,52011,3426000,42000,174474,2002000,24000,122463
20250915,3037,欣興,145.5,145.5,141.5,142.0,-,2.5,12585488,1797955212.0,1599591,8000,-139822,6105669,34000,169457,4506078,26000,309279
20250915,00951,台新日本半導體,9.06,9.07,9.04,9.04,-,0.02,1796425,16268249.0,-1000,0,1462550,0,0,1463000,1000,0,450
20250915,6213,聯茂,115.0,115.0,109.0,111.0,-,3.5,10281352,1144264658.0,3756010,-1620000,-782681,5822010,0,111565,2066000,1620000,894246
20250915,8033,雷虎,163.0,171.0,150.5,151.5,-,14.0,32674876,5189075222.0,1789895,0,-464980,8992265,0,166443,7202370,0,631423
20250915,2476,鉅祥,112.0,112.0,105.5,107.5,-,5.0,7166618,775614213.0,1523070,0,-205628,2632100,0,22987,1109030,0,228615
20250915,00923,群益台ESG低碳50,22.8,22.81,22.69,22.74,-,0.01,4304915,97954715.0,271050,0,1008449,288050,0,2502916,17000,0,1494467
20250915,2231,為升,139.5,142.5,132.0,134.5,-,5.0,4431970,603362432.0,1334000,0,-88979,2075000,0,91789,741000,0,180768
20250915,1101,台泥,22.45,22.6,22.3,22.35,,0.0,19014937,425989302.0,974431,-147000,307479,9776050,63000,397694,8801619,210000,90215
20250915,00891,中信關鍵半導體,18.23,18.28,18.1,18.17,-,0.03,4076989,74112847.0,317187,0,801022,327187,0,1901026,10000,0,1100004
20250915,2809,京城銀,57.7,57.7,57.2,57.2,-,0.4,1808659,103697706.0,-131960,-103081,1327916,334040,0,1328000,466000,103081,84
20250915,2838,聯邦銀,17.35,17.6,17.35,17.5,+,0.15,1597249,27902747.0,969000,4000,60000,1274000,4000,60000,305000,0,0
20250915,2645,長榮航太,185.0,186.0,175.0,176.0,-,9.5,9168421,1639712404.0,1207710,-103000,-75737,4450010,1000,98617,3242300,104000,174354
20250915,2886,兆豐金,41.75,41.8,41.3,41.45,-,0.1,10990025,456437721.0,1588845,-263068,-299550,8118918,7000,265000,6530073,270068,564550
20250915,00713,元大台灣高息低波,51.85,51.95,51.8,51.85,+,0.1,8446647,438198732.0,-1102725,0,2100011,138275,0,2905000,1241000,0,804989
20250915,5469,瀚宇博,79.5,79.5,76.1,77.5,-,1.6,4622303,357152054.0,900000,1000,67549,1569000,1000,112425,669000,0,44876
20250915,2451,創見,114.0,117.5,112.0,116.5,+,5.5,4035506,466628823.0,879000,-19380,94535,1843000,1000,143862,964000,20380,49327
20250915,2328,廣宇,56.2,56.6,54.0,54.3,-,2.2,18257734,1002340647.0,1360700,0,-497751,4919000,0,215114,3558300,0,712865
20250915,8112,至上,41.8,44.0,41.75,43.25,+,1.65,8914744,387407735.0,67000,-17069,808021,2841000,0,841281,2774000,17069,33260
20250915,00636,國泰中國A50,25.22,25.45,25.1,25.32,+,0.1,1729272,43758748.0,-16000,0,865033,2000,0,1522622,18000,0,657589
20250915,6239,力成,142.0,152.5,139.0,151.0,+,9.0,34410517,5020594432.0,151930,481810,210690,9005953,1376000,1685918,8854023,894190,1475228
20250915,6257,矽格,88.7,89.7,87.8,89.3,+,0.9,3454715,307563571.0,852010,-110990,101345,1688010,195000,150376,836000,305990,49031
20250915,2303,聯電,41.2,41.45,41.1,41.1,-,0.05,27497722,1133501411.0,4628449,-3590770,-203083,20565356,106100,401011,15936907,3696870,604094
20250915,00936,台新永續高息中小,15.74,15.74,15.64,15.67,,0.0,1117323,17541514.0,43000,0,791261,43000,0,881848,0,0,90587
20250915,3694,海華,87.3,87.9,84.1,84.9,-,2.4,2854208,243183313.0,853000,0,-21689,1389000,0,6519,536000,0,28208
20250915,00938,凱基優選30,15.6,15.64,15.59,15.64,+,0.08,1960600,30624414.0,287000,0,532195,305000,0,1603084,18000,0,1070889
20250915,00930,永豐ESG低碳高息,17.32,17.36,17.26,17.27,+,0.01,2026242,35076746.0,19800,0,790010,20000,0,1748666,200,0,958656
20250915,4976,佳凌,46.85,47.0,43.95,44.25,-,2.35,4013387,180254936.0,801000,0,1652,1474000,0,10000,673000,0,8348
20250915,2382,廣達,275.0,276.5,272.5,276.0,+,2.0,21965610,6040418305.0,72718,790497,-61945,10131042,888000,159417,10058324,97503,221362
20250915,6005,群益證,24.55,24.6,24.35,24.45,-,0.1,5459208,133723406.0,1109000,-336180,0,2778000,1000,0,1669000,337180,0
20250915,2204,中華,60.5,62.7,60.5,62.0,+,1.7,2287417,141388632.0,580000,24628,157770,990000,30000,160305,410000,5372,2535
20250915,2530,華建,30.0,31.3,30.0,31.0,+,1.1,1470750,45529464.0,766000,12000,-64000,927000,12000,27000,161000,0,91000
20250915,00895,富邦未來車,34.19,34.34,34.18,34.34,+,0.57,1980271,67866915.0,324158,0,378299,343000,0,1036811,18842,0,658512
20250915,3059,華晶科,58.1,58.3,55.4,55.7,-,3.1,19869762,1118324388.0,1210000,8000,-536482,5370000,8000,65715,4160000,0,602197
20250915,2903,遠百,22.0,22.1,21.9,22.05,+,0.15,2589837,57018566.0,783000,4000,-106000,1000000,4000,46000,217000,0,152000
20250915,3135,凌航,33.3,35.6,33.0,35.1,+,2.55,2026428,69935803.0,666000,0,395,769000,0,395,103000,0,0
20250915,2540,愛山林,81.4,83.6,81.2,82.9,+,3.2,2198431,181376431.0,651260,0,12605,1045642,0,15605,394382,0,3000
20250915,00971,野村美國研發龍頭,15.69,15.72,15.66,15.69,+,0.04,1129298,17720722.0,-3000,0,664757,7000,0,945000,10000,0,280243
20250915,2812,台中銀,22.7,22.9,22.5,22.5,-,0.15,5247489,118867778.0,638059,-34909,56000,2441659,2000,85000,1803600,36909,29000
20250915,2355,敬鵬,36.5,36.6,35.75,36.05,-,0.25,2236762,80804141.0,664000,-9600,-2849,1123000,0,44421,459000,9600,47270
20250915,00926,凱基全球菁英55,22.11,22.18,22.11,22.16,+,0.13,1293290,28656610.0,-500,0,629000,12000,0,1049000,12500,0,420000
20250915,00881,國泰台灣科技龍頭,28.55,28.6,28.35,28.51,-,0.03,12645684,360440366.0,-283074,-100000,969971,601926,0,3920689,885000,100000,2950718
20250915,1717,長興,41.95,42.95,41.05,41.5,-,0.45,13551667,566124948.0,953000,-7000,-360228,3840000,0,115000,2887000,7000,475228
20250915,2363,矽統,55.3,56.5,54.7,54.8,-,0.7,5492833,304463983.0,599371,0,-38917,1711000,0,25154,1111629,0,64071
20250915,8150,南茂,27.6,28.0,27.3,28.0,+,0.7,4040917,112122963.0,390000,0,163100,1541000,0,179100,1151000,0,16000
20250915,3605,宏致,78.0,78.0,74.3,75.0,-,3.0,6102399,460866178.0,579473,0,-38087,1819473,0,91798,1240000,0,129885
20250915,4919,新唐,63.5,65.2,62.8,64.1,+,2.2,13048134,836757809.0,252887,0,286674,3350000,0,436559,3097113,0,149885
20250915,2365,昆盈,44.05,44.15,43.15,43.4,-,0.7,3566718,155305783.0,526000,0,-14546,1419000,0,4203,893000,0,18749
20250915,2431,聯昌,13.8,13.9,13.2,13.2,-,0.7,3499204,47224593.0,502000,0,7123,1204000,0,8000,702000,0,877
20250915,1216,統一,78.7,79.4,78.6,79.2,-,0.1,4976918,393817243.0,-45232,525000,29000,3421723,800000,256000,3466955,275000,227000
20250915,2023,燁輝,15.15,15.35,15.15,15.15,-,0.05,1117042,17037094.0,484900,6000,12000,637000,6000,25000,152100,0,13000
20250915,4989,榮科,27.3,27.7,25.5,26.3,-,0.55,3994327,105113377.0,492000,0,0,1553000,0,0,1061000,0,0
20250915,00947,台新臺灣IC設計,15.1,15.11,14.87,14.98,+,0.03,1334775,20046367.0,236000,0,254716,294000,0,805109,58000,0,550393
20250915,2228,劍麟,112.5,116.0,110.5,111.0,-,2.5,4432697,500048269.0,533068,0,-44549,1849068,0,12000,1316000,0,56549
20250915,2493,揚博,122.5,123.0,114.5,114.5,-,8.0,2047687,240361474.0,477948,3000,1390,1062948,3000,11185,585000,0,9795
20250915,2347,聯強,61.1,62.0,60.7,61.6,+,0.6,4157872,255836657.0,978475,-554940,53750,2886000,124000,193230,1907525,678940,139480
20250915,00701,國泰股利精選30,27.68,27.8,27.66,27.69,+,0.03,2348378,65060018.0,25000,0,451283,41000,0,1341000,16000,0,889717
20250915,8131,福懋科,28.7,29.0,28.0,28.25,+,0.5,1917822,54670789.0,447000,0,18446,741000,0,36090,294000,0,17644
20250915,00944,野村趨勢動能高息,14.41,14.47,14.37,14.4,+,0.01,675796,9741901.0,28000,0,423460,29000,0,587440,1000,0,163980
20250915,2646,星宇航空,24.95,25.0,24.8,24.9,-,0.05,4328140,107885511.0,427917,0,23000,2389000,0,39000,1961083,0,16000
20250915,00907,永豐優息存股,15.39,15.46,15.32,15.32,-,0.07,1041147,16023886.0,11000,0,436280,12000,0,903715,1000,0,467435
20250915,4977,眾達-KY,120.5,121.0,115.5,115.5,-,5.5,4976794,584786500.0,470000,0,-28689,1201000,0,5000,731000,0,33689
20250915,00639,富邦深100,13.98,14.2,13.91,14.13,+,0.14,1584285,22343546.0,-51000,0,489852,133000,0,969955,184000,0,480103
20250915,3033,威健,28.3,28.45,28.15,28.3,+,0.05,1473179,41703271.0,455000,-15503,-6311,697000,0,19000,242000,15503,25311
20250915,2836,高雄銀,11.85,11.95,11.85,11.85,,0.0,1143699,13588123.0,388000,0,37000,481000,0,37000,93000,0,0
20250915,00960,野村全球航運龍頭,14.36,14.36,14.22,14.27,-,0.09,896389,12798286.0,0,0,419560,0,0,673000,0,0,253440
20250915,1326,台化,29.15,29.75,28.85,28.85,-,0.05,11834066,346159277.0,7369,3000,405088,6251000,3000,513322,6243631,0,108234
20250915,7799,禾榮科,740.0,776.0,729.0,750.0,,0.0,2703531,2032563167.0,412923,0,0,413923,0,0,1000,0,0
20250915,6442,光聖,906.0,906.0,848.0,864.0,-,37.0,4780242,4151068774.0,592027,-102000,-81535,1847015,6000,45278,1254988,108000,126813
20250915,2454,聯發科,1490.0,1495.0,1480.0,1485.0,,0.0,2858166,4253700825.0,331587,52844,22523,1546317,202000,113087,1214730,149156,90564
20250915,2323,中環,8.82,8.91,8.78,8.8,-,0.07,1993592,17606665.0,366150,0,31000,735150,0,61000,369000,0,30000
20250915,3036,文曄,129.5,130.0,128.0,128.0,-,1.0,2429845,312718362.0,1254000,-720000,-137510,1903000,0,46424,649000,720000,183934
20250915,00932,兆豐永續高息等權,14.52,14.58,14.48,14.55,,0.0,508512,7396994.0,30000,0,362091,30000,0,418805,0,0,56714
20250915,3030,德律,187.0,188.0,181.5,183.5,-,3.0,1861881,342660049.0,202000,243000,-53402,663000,243000,19000,461000,0,72402
20250915,00700,富邦恒生國企,18.48,18.62,18.4,18.55,+,0.04,1056808,19604184.0,297000,0,94540,299000,0,413060,2000,0,318520
20250915,8028,昇陽半導體,174.0,175.0,168.0,170.5,-,3.0,7214351,1232736960.0,438100,-33000,-17631,1781100,0,100551,1343000,33000,118182
20250915,1608,華榮,30.2,30.45,29.95,30.2,-,0.2,2507746,75606833.0,579990,0,-196213,1089000,0,8000,509010,0,204213
20250915,00954,中信日本半導體,9.54,9.55,9.52,9.54,,0.0,536226,5114278.0,-7000,0,376109,0,0,461000,7000,0,84891
20250915,3047,訊舟,19.85,19.85,19.1,19.3,-,0.55,2685012,52040393.0,364000,0,0,895000,0,0,531000,0,0
20250915,3056,富華新,21.3,21.8,20.9,21.0,+,0.1,3780546,80236933.0,759350,-399000,1451,1480000,0,58619,720650,399000,57168
20250915,6753,龍德造船,185.0,186.0,166.0,169.0,-,15.0,14039914,2439095501.0,515170,0,-184411,3655220,0,152158,3140050,0,336569
20250915,4722,國精化,123.0,128.5,118.0,120.0,-,3.5,5885238,716158275.0,327000,0,-139,2776000,0,4000,2449000,0,4139
20250915,2405,輔信,18.65,19.0,18.5,18.8,+,0.15,2068275,38831164.0,321000,0,3979,938000,0,4000,617000,0,21
20250915,1528,恩德,16.5,16.5,15.95,16.15,-,0.2,2518947,40568092.0,314000,0,0,862000,0,0,548000,0,0
20250915,8039,台虹,66.0,70.3,65.3,67.7,+,0.8,27335288,1861929116.0,-44286,-5000,355313,5956000,0,1140986,6000286,5000,785673
20250915,6209,今國光,38.5,39.3,38.0,38.25,+,0.05,3548217,136968454.0,297100,0,5000,1311100,0,5000,1014000,0,0
20250915,2329,華泰,42.15,42.8,41.5,42.8,+,0.6,4159431,175762159.0,349000,0,-47763,1606000,0,68988,1257000,0,116751
20250915,2241,艾姆勒,25.7,26.7,24.85,26.4,+,1.0,694884,18205052.0,299000,0,-1000,353000,0,0,54000,0,1000
20250915,6789,采鈺,296.0,296.0,287.0,291.0,-,4.5,3342571,974675379.0,373769,60000,-136867,978306,62000,140940,604537,2000,277807
20250915,2392,正崴,47.85,48.25,47.65,48.0,+,0.15,1311847,62924865.0,319020,0,-25502,611020,0,10431,292000,0,35933
20250915,2832,台產,34.8,35.4,34.7,35.1,+,0.35,854384,30024829.0,162000,0,128546,268000,0,129000,106000,0,454
20250915,8070,長華*,40.35,40.8,40.2,40.5,+,0.15,951187,38584723.0,284312,0,4711,511312,0,9174,227000,0,4463
20250915,6937,天虹,259.0,271.5,259.0,268.5,+,10.0,2313491,615752658.0,164145,56000,68846,637145,56000,88061,473000,0,19215
20250915,1532,勤美,27.1,27.4,26.8,27.15,+,0.2,1315133,35664415.0,277000,-7833,19257,550000,0,19257,273000,7833,0
20250915,8222,寶一,50.6,53.5,50.3,52.2,+,1.5,4194189,218307094.0,283000,0,0,1189000,0,0,906000,0,0
20250915,6177,達麗,50.6,50.6,49.4,50.0,,0.0,1454837,72586738.0,319630,0,-40526,548000,0,13652,228370,0,54178
20250915,1476,儒鴻,406.0,413.0,404.0,410.0,+,8.0,925584,379025150.0,271885,-860,1466,703363,0,25587,431478,860,24121
20250915,6869,雲豹能源,122.5,123.5,119.0,119.0,-,3.5,957834,115322652.0,268000,0,-1905,433000,0,19000,165000,0,20905
20250915,2464,盟立,76.5,77.2,75.2,75.5,+,0.3,7092073,539313900.0,262000,0,-3038,1602000,0,30364,1340000,0,33402
20250915,6591,動力-KY,83.2,83.7,81.0,82.4,-,0.8,1192065,98234965.0,299000,-40000,-199,511000,0,3000,212000,40000,3199
20250915,1905,華紙,12.35,12.45,12.25,12.35,+,0.05,694925,8574976.0,206000,0,49979,316000,0,50000,110000,0,21
20250915,2727,王品,231.5,235.0,230.5,233.5,+,3.0,738122,172347471.0,252051,0,3100,353051,0,8100,101000,0,5000
20250915,1907,永豐餘,25.4,25.6,25.25,25.5,+,0.1,446048,11366541.0,267000,-129,-15000,356000,0,37000,89000,129,52000
20250915,2369,菱生,17.85,17.9,17.4,17.7,+,0.05,1966666,34797729.0,247000,0,-1000,649000,0,0,402000,0,1000
20250915,5243,乙盛-KY,71.5,71.9,68.5,69.0,-,2.1,1373321,95340676.0,251000,4000,-11894,510000,4000,5000,259000,0,16894
20250915,6757,台灣虎航,87.6,87.9,87.1,87.2,+,0.2,2260476,197588812.0,226000,4000,11881,645000,4000,19000,419000,0,7119
20250915,3653,健策,2310.0,2315.0,2225.0,2305.0,-,5.0,3128596,7117922020.0,879467,-617835,-20286,1927008,1300,94197,1047541,619135,114483
20250915,1201,味全,15.5,15.75,15.5,15.65,+,0.15,311285,4878684.0,225000,0,14000,243000,0,14000,18000,0,0
20250915,00922,國泰台灣領袖50,23.97,23.97,23.84,23.91,-,0.04,7366975,176215655.0,412000,0,-176197,487000,0,2766539,75000,0,2942736
20250915,0051,元大中型100,85.35,86.0,84.2,84.5,-,0.7,343424,29112792.0,0,0,231175,3000,0,265168,3000,0,33993
20250915,2880,華南金,29.55,29.55,29.25,29.25,-,0.25,6454786,189430737.0,1016862,-203000,-588377,4677285,19000,208000,3660423,222000,796377
20250915,2371,大同,41.3,41.3,40.5,40.85,-,0.45,8543518,348715458.0,32960,30700,159380,3388000,30700,220380,3355040,0,61000
20250915,2614,東森,22.4,22.65,22.1,22.45,+,0.25,2672102,59758640.0,220000,0,1003,758000,0,1003,538000,0,0
20250915,2534,宏盛,22.1,22.35,21.9,22.15,+,0.05,459339,10163968.0,227000,0,-6000,288000,0,4000,61000,0,10000
20250915,0061,元大寶滬深,21.47,21.58,21.37,21.49,-,0.05,494147,10630704.0,6000,0,205835,10000,0,309521,4000,0,103686
20250915,00731,復華富時高息低波,67.3,67.7,67.25,67.3,,0.0,978241,65957961.0,25000,0,184433,26000,0,926682,1000,0,742249
20250915,6438,迅得,181.5,181.5,175.5,175.5,-,6.0,1578849,280123674.0,280000,0,-71441,552000,0,1134,272000,0,72575
20250915,8104,錸寶,39.7,40.6,39.55,40.1,+,0.55,1594942,64214661.0,276456,0,-68000,643000,0,0,366544,0,68000
20250915,6695,芯鼎,51.6,53.9,50.6,52.3,+,1.3,2597806,137009460.0,213000,0,-5000,751000,0,0,538000,0,5000
20250915,1603,華電,40.45,40.9,39.9,40.65,+,0.4,874818,35489587.0,209000,0,-2000,318000,0,5000,109000,0,7000
20250915,00892,富邦台灣半導體,18.73,18.73,18.49,18.58,-,0.13,622060,11554714.0,17000,0,186573,39000,0,325908,22000,0,139335
20250915,2211,長榮鋼,93.0,94.0,93.0,93.8,+,0.7,646070,60530193.0,201000,-5560,7000,318000,1000,9000,117000,6560,2000
20250915,2633,台灣高鐵,28.1,28.15,27.95,28.0,-,0.1,1523233,42701209.0,140629,25272,34000,960680,33000,34000,820051,7728,0
20250915,6168,宏齊,20.6,20.75,20.3,20.65,+,0.1,928745,19060268.0,200000,0,-1000,368000,0,0,168000,0,1000
20250915,2357,華碩,707.0,710.0,692.0,692.0,-,15.0,2588080,1803788224.0,306833,-40655,-81332,1239925,143000,86739,933092,183655,168071
20250915,4956,光鋐,21.0,21.2,20.6,20.7,-,0.3,660567,13752179.0,184000,0,203,276000,0,2000,92000,0,1797
20250915,00770,國泰北美科技,52.0,52.1,51.9,52.0,+,0.15,419385,21802217.0,7000,0,174297,20000,0,210000,13000,0,35703
20250915,6152,百一,9.1,9.25,9.04,9.21,+,0.11,380115,3479104.0,179000,0,0,223000,0,0,44000,0,0
20250915,00916,國泰全球品牌50,25.4,25.61,25.4,25.52,+,0.16,275256,7020231.0,30000,0,147756,32000,0,154000,2000,0,6244
20250915,00735,國泰臺韓科技,40.62,40.78,40.6,40.74,+,0.21,313521,12754602.0,117000,0,49000,130000,0,159000,13000,0,110000
20250915,9938,百和,54.8,55.0,54.2,54.4,,0.0,985492,53827372.0,172000,0,-8094,400000,0,23906,228000,0,32000
20250915,3004,豐達科,137.0,142.0,133.5,138.5,+,3.0,3891135,540173251.0,-28100,50000,141804,939000,50000,146572,967100,0,4768
20250915,00911,兆豐洲際半導體,26.76,26.9,26.76,26.88,+,0.17,352036,9453661.0,-3000,0,165597,0,0,325597,3000,0,160000
20250915,2867,三商壽,6.03,6.06,5.99,6.0,-,0.05,7603149,45684596.0,161000,0,0,1057000,0,0,896000,0,0
20250915,5234,達興材料,415.0,415.0,393.0,394.0,-,18.5,1886493,753715493.0,190000,-28000,-1695,671000,2000,65151,481000,30000,66846
20250915,00904,台新臺灣半導體30,19.51,19.52,19.33,19.44,+,0.06,481035,9356811.0,0,0,159560,0,0,323005,0,0,163445
20250915,1722,台肥,50.4,50.8,50.4,50.5,+,0.1,814541,41172828.0,149000,17000,-6941,383000,17000,10000,234000,0,16941
20250915,4763,材料*-KY,67.9,68.1,66.7,66.7,+,0.2,5203801,349564618.0,289471,-98000,-33261,1580010,1000,43606,1290539,99000,76867
20250915,6120,達運,10.4,10.6,10.35,10.35,+,0.1,953688,9976594.0,156999,0,0,373000,0,0,216001,0,0
20250915,1536,和大,68.4,68.8,67.1,67.6,+,0.4,3692335,250882183.0,116000,0,40694,1025000,0,78517,909000,0,37823
20250915,2404,漢唐,1080.0,1080.0,1025.0,1030.0,-,35.0,1367515,1419730665.0,432535,-231290,-47232,860517,0,26642,427982,231290,73874
20250915,7780,大研生醫*,209.0,211.5,200.0,205.0,-,3.5,1267470,260967021.0,164300,0,-10867,362300,0,0,198000,0,10867
20250915,3015,全漢,53.8,55.2,53.6,54.9,+,1.2,621675,33676446.0,142000,6000,4268,272000,6000,5000,130000,0,732
20250915,1529,樂事綠能,24.35,24.55,23.5,23.75,-,0.6,716377,17087080.0,146000,0,1689,219000,0,4000,73000,0,2311
20250915,6117,迎廣,87.5,87.5,84.9,85.5,-,1.4,756886,64826617.0,155000,0,-8000,301000,0,0,146000,0,8000
20250915,1710,東聯,12.2,12.3,12.1,12.1,-,0.1,603419,7353342.0,134000,0,12231,283000,0,13000,149000,0,769
20250915,2038,海光,14.9,15.15,14.75,15.0,+,0.25,389571,5833056.0,143180,0,0,203000,0,0,59820,0,0
20250915,7610,聯友金屬-創,106.0,106.0,101.0,104.0,-,3.5,553738,57335393.0,141000,0,0,180000,0,0,39000,0,0
20250915,6901,鑽石投資,19.9,20.1,19.85,19.95,+,0.05,355577,7104968.0,114000,0,20000,179000,0,20000,65000,0,0
20250915,2511,太子,9.17,9.28,9.14,9.2,+,0.05,391452,3597826.0,110000,0,22000,237000,0,22000,127000,0,0
20250915,00876,元大全球5G,41.47,41.72,41.47,41.71,+,0.23,174842,7280291.0,66000,0,65376,67000,0,66376,1000,0,1000
20250915,1795,美時,187.0,187.5,185.0,186.0,-,1.0,537009,99895958.0,121000,-1000,9378,234000,0,15000,113000,1000,5622
20250915,1904,正隆,17.8,17.9,17.75,17.85,+,0.05,579252,10327665.0,112002,0,16999,216002,0,17000,104000,0,1
20250915,4142,國光生,18.4,18.65,18.15,18.2,-,0.2,973830,17892628.0,122000,0,3991,348000,0,4000,226000,0,9
20250915,2855,統一證,22.75,22.95,22.65,22.8,+,0.05,4052731,92296093.0,125000,0,0,1278000,0,0,1153000,0,0
20250915,2062,橋椿,21.65,22.15,21.65,21.85,+,0.25,432291,9477242.0,109000,-4000,19893,205000,0,20000,96000,4000,107
20250915,2543,皇昌,74.3,74.3,72.4,73.1,-,1.2,2604505,190496985.0,404000,0,-280850,817000,0,76000,413000,0,356850
20250915,1589,永冠-KY,19.85,20.15,19.35,19.4,-,0.35,857317,16751625.0,123000,0,137,257000,0,24000,134000,0,23863
20250915,2314,台揚,11.0,11.1,10.8,11.0,+,0.45,735848,8085308.0,123000,0,0,140000,0,0,17000,0,0
20250915,00912,中信臺灣智慧50,19.95,19.99,19.89,19.92,-,0.03,614578,12257095.0,13060,0,109457,18060,0,278597,5000,0,169140
20250915,8404,百和興業-KY,24.5,25.2,24.35,24.65,+,0.1,931478,23146273.0,116000,0,6000,319000,0,6000,203000,0,0
20250915,8422,可寧衛*,198.5,206.0,198.0,201.0,+,4.5,1173952,237061877.0,154900,0,-34351,338000,0,15699,183100,0,50050
20250915,1809,中釉,20.1,20.15,19.55,19.8,-,0.2,1197525,23760118.0,129000,0,-10000,438000,0,0,309000,0,10000
20250915,2482,連宇,20.4,20.4,19.25,19.85,-,0.5,492173,9700310.0,117000,0,1281,158000,0,4000,41000,0,2719
20250915,7749,意騰-KY,595.0,602.0,552.0,570.0,-,29.0,772632,435160353.0,116100,1000,0,226100,1000,4000,110000,0,4000
20250915,4562,穎漢,46.5,46.9,45.95,46.05,-,0.6,414940,19179150.0,116000,0,638,203000,0,1000,87000,0,362
20250915,1229,聯華,48.05,48.35,47.9,48.05,,0.0,768580,36961456.0,96000,0,19406,317000,0,30000,221000,0,10594
20250915,8926,台汽電,47.2,47.45,46.5,46.6,-,0.7,939023,43959275.0,99190,1000,12000,283000,1000,12000,183810,0,0
20250915,2546,根基,93.4,96.2,92.8,93.3,+,1.2,509935,47964062.0,80000,0,32000,210000,0,32000,130000,0,0
20250915,3167,大量,190.0,190.0,183.5,184.0,-,5.5,932392,172866505.0,105010,-25000,30000,179010,0,38000,74000,25000,8000
20250915,1304,台聚,10.15,10.35,10.15,10.15,+,0.05,791659,8106351.0,93000,0,17000,312000,0,17000,219000,0,0
20250915,1440,南紡,13.7,13.9,13.65,13.8,+,0.1,769291,10584866.0,75000,0,35000,280000,0,35000,205000,0,0
20250915,3380,明泰,28.15,28.15,27.6,27.7,-,0.45,933499,25930523.0,95000,0,14522,347000,0,24105,252000,0,9583
20250915,00956,中信日經高股息,10.66,10.66,10.63,10.64,-,0.01,169701,1805147.0,-1000,0,108205,0,0,120010,1000,0,11805
20250915,00861,元大全球未來通訊,46.89,47.18,46.89,47.18,+,0.27,123490,5818072.0,-1000,0,107264,0,0,108361,1000,0,1097
20250915,00901,永豐智能車供應鏈,24.48,24.48,24.24,24.36,-,0.09,269592,6580130.0,3000,0,98603,3000,0,220000,0,0,121397
20250915,1313,聯成,9.66,9.76,9.63,9.66,,0.0,768783,7437345.0,88000,0,12000,352000,0,12000,264000,0,0
20250915,1515,力山,31.6,31.8,31.35,31.6,,0.0,324531,10246818.0,100951,0,-1000,168000,0,0,67049,0,1000
20250915,6691,洋基工程,471.0,471.0,459.5,461.0,-,10.0,689122,318833132.0,116300,-5000,-11464,308000,0,8250,191700,5000,19714
20250915,2612,中航,54.9,55.0,53.7,54.3,-,0.3,528845,28691916.0,92000,0,6373,208000,0,6373,116000,0,0
20250915,1616,億泰,35.6,35.65,34.1,34.25,-,1.4,4110679,142386780.0,154000,0,-57617,1055000,0,32000,901000,0,89617
20250915,8215,明基材,23.15,23.25,22.85,23.25,+,0.1,317108,7313346.0,83120,13000,0,159120,13000,0,76000,0,0
20250915,3563,牧德,586.0,586.0,560.0,560.0,-,26.0,1711459,971439710.0,542751,-404000,-43789,782010,0,35827,239259,404000,79616
20250915,6873,泓德能源,132.5,133.5,127.0,129.0,-,3.0,1329866,172360529.0,107372,0,-12431,699372,0,15129,592000,0,27560
20250915,2537,聯上發,11.45,11.45,11.05,11.25,-,0.05,1262431,14190162.0,93000,0,-1,445000,0,0,352000,0,1
20250915,1721,三晃,13.1,13.1,12.55,12.6,-,0.2,524025,6640763.0,90000,0,518,178000,0,2000,88000,0,1482
20250915,00661,元大日經225,57.35,57.4,57.2,57.2,-,0.25,167860,9623761.0,-1000,0,90905,0,0,113203,1000,0,22298
20250915,8045,達運光電,98.2,101.0,90.2,91.5,-,3.0,2292479,219048974.0,69000,0,19658,764000,0,34424,695000,0,14766
20250915,4536,拓凱,185.0,187.0,184.5,185.0,+,1.0,192639,35840989.0,87000,0,1010,116000,0,1359,29000,0,349
20250915,4906,正文,24.6,24.65,24.25,24.5,-,0.05,867654,21184548.0,44000,0,43437,291000,0,47098,247000,0,3661
20250915,6923,中台,104.0,104.0,104.0,104.0,+,9.4,404748,42093792.0,-16000,0,103139,0,0,132139,16000,0,29000
20250915,1506,正道,13.6,13.75,12.9,13.7,-,0.1,545345,7190335.0,89000,0,-2000,111000,0,3000,22000,0,5000
20250915,3024,憶聲,13.2,13.4,13.05,13.15,+,0.1,871172,11529033.0,86000,0,0,290000,0,0,204000,0,0
20250915,3416,融程電,197.0,197.0,186.5,190.0,-,7.0,1691991,320460490.0,108000,0,-23955,515000,0,11262,407000,0,35217
20250915,1414,東和,18.1,18.55,18.0,18.4,+,0.35,539145,9822912.0,98000,0,-14000,184000,0,0,86000,0,14000
20250915,9911,櫻花,86.3,86.8,86.3,86.6,+,0.7,168378,14571533.0,103500,-21942,-188,116000,0,3000,12500,21942,3188
20250915,00949,復華日本龍頭,17.42,17.42,17.37,17.38,-,0.04,620902,10796316.0,-3000,0,83636,2000,0,221620,5000,0,137984
20250915,5880,合庫金,24.45,24.6,24.3,24.3,-,0.15,9464941,231355078.0,293507,-321464,108414,3624507,7000,145000,3331000,328464,36586
20250915,00905,FT臺灣Smart,15.81,15.81,15.71,15.76,-,0.04,2197030,34628351.0,12000,0,68133,32000,0,793000,20000,0,724867
20250915,4557,永新-KY,80.7,82.0,80.7,81.7,+,1.0,260458,21221894.0,78000,0,2000,116000,0,2000,38000,0,0
20250915,2417,圓剛,43.6,43.6,42.55,42.8,-,0.5,598894,25694749.0,80000,0,0,289000,0,0,209000,0,0
20250915,9927,泰銘,55.6,56.5,55.6,56.1,+,0.3,229258,12805419.0,78000,-1000,2933,105000,0,9000,27000,1000,6067
20250915,3052,夆典,11.5,11.5,11.25,11.3,-,0.15,874779,9908539.0,95000,0,-16000,155000,0,0,60000,0,16000
20250915,6944,兆聯實業,552.0,565.0,530.0,560.0,+,9.0,793222,433274127.0,105000,46000,-72906,219200,46000,94,114200,0,73000
20250915,8011,台通,22.1,22.2,21.5,21.75,-,0.15,753724,16411754.0,75000,0,3000,247000,0,3000,172000,0,0
20250915,6189,豐藝,49.9,50.1,49.6,50.0,+,0.1,517425,25850693.0,80000,0,-2229,283000,0,8000,203000,0,10229
20250915,5531,鄉林,9.35,9.38,9.17,9.17,-,0.13,482312,4452562.0,70000,0,7000,106000,0,7000,36000,0,0
20250915,4746,台耀,66.9,67.8,65.5,65.5,,0.0,537965,35619652.0,70000,0,4939,215000,0,6007,145000,0,1068
20250915,6531,愛普*,322.0,328.5,313.0,318.5,,0.0,2015747,646041477.0,74000,-5000,5752,686000,0,37088,612000,5000,31336
20250915,6550,北極星藥業-KY,37.8,38.5,37.6,38.25,+,0.45,353739,13404603.0,72000,0,1000,106000,0,1000,34000,0,0
20250915,8072,陞泰,35.25,35.8,35.0,35.0,-,0.2,391921,13809090.0,73000,0,0,156000,0,6000,83000,0,6000
20250915,1808,潤隆,31.2,31.5,30.95,31.3,+,0.3,500484,15592282.0,60000,0,12830,173000,0,13000,113000,0,170
20250915,1810,和成,21.05,21.3,20.45,20.75,-,0.2,2598475,53882737.0,80000,0,-8000,918000,0,0,838000,0,8000
20250915,6838,台新藥,30.5,30.85,30.3,30.35,-,0.1,249006,7581321.0,70000,0,1000,110000,0,1000,40000,0,0
20250915,3338,泰碩,60.2,61.0,59.3,60.0,,0.0,546759,33001075.0,71000,0,-107,179000,0,1000,108000,0,1107
20250915,1727,中華化,35.95,36.5,34.7,34.9,-,0.7,2157836,76382597.0,74000,0,-3598,605000,0,5000,531000,0,8598
20250915,6133,金橋,16.8,16.8,16.4,16.45,-,0.4,482713,7993638.0,71000,0,-2000,197000,0,0,126000,0,2000
20250915,2106,建大,20.35,20.55,20.3,20.35,,0.0,208666,4259134.0,54000,0,14608,99000,0,15000,45000,0,392
20250915,00899,FT潔淨能源,16.7,16.72,16.7,16.71,-,0.03,77798,1299235.0,-1000,0,68336,0,0,69109,1000,0,773
20250915,8478,東哥遊艇,227.5,229.5,210.0,215.5,-,11.0,1189953,259312587.0,80000,0,-13856,366000,0,3580,286000,0,17436
20250915,1225,福懋油,31.8,32.4,31.35,32.15,+,0.8,309348,9848725.0,40000,0,26000,90000,0,37000,50000,0,11000
20250915,1301,台塑,38.2,38.3,37.7,37.75,+,0.05,6395396,242539396.0,220947,-16000,-139468,2824632,48000,182063,2603685,64000,321531
20250915,5484,慧友,42.1,42.35,41.2,41.5,-,0.9,264943,11047967.0,65000,0,0,113000,0,0,48000,0,0
20250915,6658,聯策,61.5,61.6,59.9,60.7,-,0.6,313683,19005481.0,65000,0,-241,135000,0,2000,70000,0,2241
20250915,4949,有成精密,40.8,41.4,40.05,40.15,-,0.65,416849,16884715.0,63000,0,1000,156000,0,5000,93000,0,4000
20250915,9946,三發地產,19.1,19.2,18.75,19.0,-,0.15,235061,4466532.0,60000,0,4000,98000,0,4000,38000,0,0
20250915,2908,特力,20.1,20.15,19.95,19.95,-,0.15,405767,8136989.0,23000,0,41000,34000,0,51000,11000,0,10000
20250915,5519,隆大,30.0,30.4,29.65,30.2,+,0.2,522376,15721936.0,64000,0,-44,174000,0,0,110000,0,44
20250915,1563,巧新,48.9,49.8,48.85,49.6,+,0.7,273794,13501626.0,54000,0,9000,128000,0,9000,74000,0,0
20250915,00690,兆豐藍籌30,40.28,40.3,40.0,40.17,-,0.06,651380,26145979.0,-1000,0,63757,4000,0,449527,5000,0,385770
20250915,2753,八方雲集,206.5,209.5,205.0,206.5,+,1.0,484815,100798484.0,64000,0,-1499,251000,0,4001,187000,0,5500
20250915,5608,四維航,17.15,17.3,17.0,17.15,-,0.1,1081340,18507697.0,62937,0,-1267,407000,0,16899,344063,0,18166
20250915,1310,台苯,8.78,8.84,8.7,8.74,-,0.04,463144,4050393.0,141000,0,-80000,238000,0,0,97000,0,80000
20250915,2233,宇隆,216.0,218.5,210.0,213.5,-,3.0,770452,164650432.0,103000,1000,-43552,290000,1000,7592,187000,0,51144
20250915,00913,兆豐台灣晶圓製造,20.92,20.92,20.71,20.76,-,0.06,190069,3955828.0,-6000,0,65621,4000,0,170000,10000,0,104379
20250915,6657,華安,53.6,54.2,53.1,53.5,-,0.1,215219,11530487.0,59000,0,0,118000,0,0,59000,0,0
20250915,3518,柏騰,22.7,23.45,22.7,22.9,+,0.35,614730,14192645.0,95000,0,-36000,244000,0,0,149000,0,36000
20250915,00921,兆豐龍頭等權重,17.8,17.8,17.67,17.74,-,0.06,1034406,18350551.0,-174000,0,232276,4000,0,936000,178000,0,703724
20250915,2105,正新,38.0,38.5,37.95,38.15,+,0.15,3136498,119636904.0,1329497,-905545,-366146,2510355,21000,28300,1180858,926545,394446
20250915,3058,立德,11.9,11.9,11.5,11.75,-,0.1,529093,6147844.0,55000,0,2000,140000,0,2000,85000,0,0
20250915,5203,訊連,103.5,104.0,100.0,103.5,,0.0,330973,33673237.0,52992,0,3028,115000,0,4163,62008,0,1135
20250915,4572,駐龍,169.0,178.5,169.0,172.0,+,3.5,441134,77151561.0,59000,0,-3000,180000,0,2000,121000,0,5000
20250915,1718,中纖,6.49,6.53,6.45,6.45,-,0.04,1385382,8958723.0,23000,0,32968,335000,0,33000,312000,0,32
20250915,3596,智易,231.0,231.0,226.0,226.0,-,5.5,742210,169291996.0,56000,0,-677,481000,0,15000,425000,0,15677
20250915,3533,嘉澤,1575.0,1590.0,1525.0,1540.0,-,40.0,527929,818916885.0,56677,-2108,-615,288065,1000,33283,231388,3108,33898
20250915,2102,泰豐,20.0,20.15,19.85,19.85,-,0.15,242625,4840810.0,41000,0,12000,91000,0,12000,50000,0,0
20250915,2630,亞航,63.0,64.7,61.4,61.5,-,1.5,8882849,556765083.0,144450,0,-91787,2251450,0,941,2107000,0,92728
20250915,5222,全訊,140.5,144.5,138.5,142.5,+,2.0,1104660,156595547.0,-118562,219000,-48303,242000,219000,35787,360562,0,84090
20250915,9921,巨大,102.5,103.0,102.0,103.0,+,0.5,387910,39840278.0,46890,-422,4853,231000,0,11000,184110,422,6147
20250915,2362,藍天,40.75,41.25,40.6,40.7,-,0.05,354935,14508018.0,59000,-5000,-3945,149000,0,8000,90000,5000,11945
20250915,4960,誠美材,14.0,14.3,13.95,14.1,+,0.05,760529,10723021.0,50000,0,0,218000,0,0,168000,0,0
20250915,3437,榮創,15.05,15.05,14.8,14.9,-,0.15,323180,4819136.0,50000,0,0,130000,0,0,80000,0,0
20250915,6933,AMAX-KY,192.0,192.0,184.0,188.5,-,3.5,159833,30093668.0,49000,0,793,82000,0,1000,33000,0,207
20250915,2504,國產,35.8,35.9,35.55,35.7,-,0.1,1054394,37641998.0,-9000,60494,-1819,493000,72000,14000,502000,11506,15819
20250915,6957,裕慶-KY,174.5,175.0,169.0,172.0,-,2.5,123330,21056220.0,51000,0,-2450,67000,0,1000,16000,0,3450
20250915,2243,宏旭-KY,12.0,12.05,11.5,11.7,-,0.2,228073,2679808.0,48000,0,0,75000,0,0,27000,0,0
20250915,2707,晶華,200.0,200.5,199.0,200.0,,0.0,93803,18747155.0,47000,-630,496,57000,0,1000,10000,630,504
20250915,2010,春源,20.2,20.4,20.15,20.15,-,0.05,893454,18076518.0,48000,0,-1561,255000,0,9000,207000,0,10561
20250915,3027,盛達,25.3,26.0,25.25,25.8,+,0.25,231209,5924005.0,46000,0,0,77000,0,0,31000,0,0
20250915,3686,達能,15.65,17.2,15.65,17.2,+,1.55,1216643,20684026.0,42000,0,3793,91000,0,5793,49000,0,2000
20250915,5269,祥碩,1610.0,1620.0,1580.0,1595.0,-,15.0,429846,688409935.0,64820,-7063,-12432,195100,0,8868,130280,7063,21300
20250915,2851,中再保,23.9,24.0,23.8,23.85,-,0.05,394061,9415406.0,45000,0,0,119000,0,32000,74000,0,32000
20250915,1604,聲寶,24.6,24.7,24.5,24.55,,0.0,255659,6284540.0,43000,0,2000,57000,0,5000,14000,0,3000
20250915,3055,蔚華科,54.3,58.5,53.1,55.2,+,1.2,892625,50342085.0,44000,0,926,229000,0,1003,185000,0,77
20250915,00908,富邦入息REITs+,13.6,13.6,13.58,13.58,+,0.01,470790,6399317.0,8000,0,36270,12000,0,378000,4000,0,341730
20250915,2014,中鴻,15.5,15.65,15.35,15.35,-,0.2,2392009,37016417.0,19000,0,24777,572000,0,80000,553000,0,55223
20250915,1444,力麗,6.49,6.62,6.49,6.53,+,0.05,443685,2900226.0,44000,0,-304,169000,0,0,125000,0,304
20250915,2032,新鋼,14.75,14.75,14.55,14.6,-,0.1,137955,2016043.0,43000,0,0,72000,0,0,29000,0,0
20250915,2364,倫飛,82.1,82.1,80.5,81.7,-,0.4,227914,18494133.0,41800,0,0,143000,0,0,101200,0,0
20250915,2206,三陽工業,63.6,64.4,63.6,64.0,+,0.4,300714,19291021.0,173000,-143000,11000,194000,0,11000,21000,143000,0
20250915,3028,增你強,31.4,31.75,31.4,31.4,,0.0,185961,5871458.0,41000,0,0,82000,0,0,41000,0,0
20250915,3026,禾伸堂,87.3,87.8,86.7,87.1,-,0.3,472567,41131699.0,6000,0,35000,88000,0,35000,82000,0,0
20250915,3346,麗清,22.3,22.55,22.05,22.15,-,0.15,205006,4552710.0,41000,0,0,75000,0,0,34000,0,0
20250915,6141,柏承,12.4,12.4,12.2,12.25,-,0.2,243012,2987000.0,40000,0,0,77000,0,0,37000,0,0
20250915,3094,聯傑,25.1,26.3,25.1,25.7,+,0.6,344849,8924268.0,42000,0,-3000,106000,0,7000,64000,0,10000
20250915,3149,正達,36.0,36.4,35.4,35.4,-,0.4,1772463,63313332.0,39000,0,0,346000,0,0,307000,0,0
20250915,2535,達欣工,60.0,60.7,59.7,60.5,+,0.5,316843,19125731.0,136000,-100000,1000,156000,0,4000,20000,100000,3000
20250915,2359,所羅門,146.0,146.5,142.5,142.5,-,4.5,2325679,333999668.0,52191,0,-15800,529191,0,22196,477000,0,37996
20250915,2390,云辰,10.35,10.4,10.2,10.2,-,0.1,327931,3358118.0,36000,0,0,114000,0,0,78000,0,0
20250915,2597,潤弘,152.5,154.0,152.5,152.5,-,0.5,216150,33063312.0,30000,2000,3842,97000,2000,4000,67000,0,158
20250915,9955,佳龍,29.4,29.5,29.0,29.1,-,0.35,285916,8339216.0,35000,0,0,91000,0,3000,56000,0,3000
20250915,4771,望隼,179.5,182.0,179.0,180.5,+,3.0,158057,28517786.0,35000,0,0,57000,0,0,22000,0,0
20250915,8213,志超,34.5,34.95,34.5,34.7,+,0.2,518133,17996480.0,52000,0,-17000,282000,0,5000,230000,0,22000
20250915,6215,和椿,123.0,123.0,120.0,120.5,-,2.5,1646710,199430044.0,31000,0,3903,429000,0,6895,398000,0,2992
20250915,1312,國喬,9.46,9.57,9.43,9.45,-,0.01,1112614,10545614.0,60000,0,-25228,433000,0,17431,373000,0,42659
20250915,3443,創意,1400.0,1415.0,1305.0,1330.0,-,45.0,4109393,5534630095.0,112479,-1113,-76659,949535,1000,98929,837056,2113,175588
20250915,00739,元大MSCI A股,25.59,25.73,25.31,25.69,+,0.1,47570,1219043.0,-3000,0,36622,0,0,37686,3000,0,1064
20250915,2506,太設,9.8,9.91,9.71,9.75,-,0.05,195384,1907359.0,33000,0,0,42000,0,0,9000,0,0
20250915,3296,勝德,22.45,22.45,22.0,22.2,-,0.25,174990,3885240.0,76000,0,-43000,97000,0,1000,21000,0,44000
20250915,6781,AES-KY,1305.0,1305.0,1265.0,1285.0,-,25.0,1148606,1472124330.0,91777,-1000,-58073,449925,3000,30593,358148,4000,88666
20250915,2395,研華,344.0,344.0,335.0,337.0,-,7.0,1492737,504386251.0,77777,-21638,-23890,785314,6000,50000,707537,27638,73890
20250915,6994,富威電力,96.7,96.7,91.8,92.1,+,0.9,300434,28173851.0,31980,0,-785,99000,0,0,67020,0,785
20250915,6742,澤米,54.5,54.8,53.5,53.5,-,1.0,705683,37991688.0,32000,0,-1000,126000,0,0,94000,0,1000
20250915,6214,精誠,124.5,124.5,121.5,122.0,-,2.5,610966,75006841.0,26000,0,4770,213000,0,7000,187000,0,2230
20250915,3092,鴻碩,15.35,15.35,14.8,15.3,,0.0,262724,3952873.0,30000,0,0,78000,0,0,48000,0,0
20250915,1903,士紙,52.4,53.1,52.1,52.5,-,0.1,156306,8199396.0,27000,0,2605,58000,0,4000,31000,0,1395
20250915,2103,台橡,16.6,16.7,16.6,16.7,+,0.05,591449,9853745.0,-35000,0,63965,222000,0,64000,257000,0,35
20250915,3022,威強電,66.7,66.8,66.1,66.7,-,0.1,383829,25523444.0,31000,-3000,574,160000,0,3000,129000,3000,2426
20250915,3062,建漢,23.5,23.55,23.2,23.35,,0.0,1066338,24943644.0,28000,0,520,379000,0,520,351000,0,0
20250915,9914,美利達,107.5,109.5,106.5,108.0,+,0.5,279139,30268138.0,37000,-14000,5101,136000,0,17760,99000,14000,12659
20250915,1736,喬山,140.0,143.5,138.0,139.0,-,1.0,735103,103081734.0,9000,0,18946,434000,0,25000,425000,0,6054
20250915,1337,再生-KY,5.11,5.16,5.07,5.13,+,0.01,233592,1193516.0,27000,0,0,42000,0,0,15000,0,0
20250915,6790,永豐實,38.6,38.95,38.4,38.85,+,0.25,316187,12219753.0,23000,0,4000,60000,0,4000,37000,0,0
20250915,5607,遠雄港,49.5,50.1,49.4,49.6,-,0.15,277770,13803437.0,29000,0,-3000,106000,0,6000,77000,0,9000
20250915,4560,強信-KY,33.55,34.0,33.2,33.85,+,0.3,91001,3073933.0,26000,0,0,57000,0,0,31000,0,0
20250915,2440,太空梭,12.45,12.45,12.15,12.3,-,0.15,166127,2032054.0,26000,0,0,30000,0,0,4000,0,0
20250915,3703,欣陸,23.2,23.5,23.15,23.25,+,0.05,519321,12066746.0,16000,0,9934,195000,0,11000,179000,0,1066
20250915,3356,奇偶,52.8,53.0,51.9,52.4,+,0.4,411467,21551967.0,23000,0,2582,108000,0,3000,85000,0,418
20250915,4108,懷特,16.4,16.5,16.15,16.15,-,0.45,293725,4782942.0,25000,0,0,40000,0,0,15000,0,0
20250915,00717,富邦美國特別股,14.94,14.95,14.93,14.93,+,0.04,41504,619993.0,5000,0,19894,6000,0,23000,1000,0,3106
20250915,4551,智伸科,142.5,143.0,138.0,142.0,-,0.5,635860,89819866.0,14000,0,9538,204000,0,11000,190000,0,1462
20250915,2491,吉祥全,13.1,13.1,12.4,12.6,-,0.7,227109,2876655.0,24000,0,-1000,27000,0,0,3000,0,1000
20250915,6585,鼎基,105.5,106.0,104.0,104.0,-,1.5,95048,9954182.0,24000,0,-1801,48000,0,199,24000,0,2000
20250915,6928,攸泰科技,66.8,67.1,63.3,63.7,-,2.3,555653,35985326.0,22100,0,0,159100,0,2000,137000,0,2000
20250915,1539,巨庭,17.45,17.65,17.25,17.45,,0.0,106328,1856973.0,22000,0,0,33000,0,0,11000,0,0
20250915,1432,大魯閣,17.35,17.5,17.35,17.5,+,0.15,95676,1668078.0,22000,0,0,23000,0,0,1000,0,0
20250915,2393,億光,61.9,62.4,61.3,61.3,-,0.6,961653,59239687.0,159000,-124478,-12546,420000,1000,26000,261000,125478,38546
20250915,00702,國泰標普低波高息,22.75,22.76,22.71,22.76,-,0.08,132053,3001280.0,0,0,21711,0,0,124022,0,0,102311
20250915,3038,全台,21.0,21.35,20.95,20.95,-,0.05,145843,3068489.0,22000,-981,383,50000,0,9000,28000,981,8617
20250915,6743,安普新,33.6,33.8,33.15,33.55,+,0.35,103988,3472959.0,18000,0,3000,54000,0,3000,36000,0,0
20250915,6136,富爾特,23.5,23.55,22.95,23.4,-,0.2,133677,3130497.0,20000,0,0,27000,0,0,7000,0,0
20250915,4540,全球傳動,46.15,46.15,44.55,45.1,-,0.1,1355139,61095095.0,64000,0,-44113,462000,0,0,398000,0,44113
20250915,00943,兆豐電子高息等權,14.41,14.44,14.3,14.32,-,0.07,125433,1803009.0,0,0,19367,0,0,63000,0,0,43633
20250915,5285,界霖,45.7,46.75,45.0,46.75,+,1.05,114568,5267751.0,19000,0,0,40000,0,0,21000,0,0
20250915,8201,無敵,15.95,16.1,15.2,15.25,-,0.9,335284,5182946.0,18000,0,1000,33000,0,1000,15000,0,0
20250915,1731,美吾華,21.75,21.95,21.75,21.9,+,0.1,106713,2330756.0,19000,0,0,23000,0,0,4000,0,0
20250915,2425,承啟,32.2,33.2,32.15,32.25,-,0.15,630773,20601458.0,19000,0,0,243000,0,0,224000,0,0
20250915,1598,岱宇,20.8,21.2,20.8,20.95,+,0.15,599722,12490341.0,19000,0,0,33000,0,0,14000,0,0
20250915,1340,勝悅-KY,5.57,6.07,5.54,6.07,+,0.55,911671,5374085.0,14000,0,4829,89000,0,7829,75000,0,3000
20250915,1325,恆大,28.35,28.55,28.1,28.35,,0.0,183928,5207957.0,18000,0,0,60000,0,0,42000,0,0
20250915,2497,怡利電,48.0,48.85,47.55,48.45,+,0.5,366222,17741470.0,18000,0,0,161000,0,1000,143000,0,1000
20250915,2705,六福,17.05,17.4,17.05,17.35,+,0.3,139405,2405626.0,18000,0,0,26000,0,0,8000,0,0
20250915,5283,禾聯碩,69.0,69.4,68.6,69.0,,0.0,119403,8232125.0,18000,0,0,34000,0,0,16000,0,0
20250915,3557,嘉威,38.0,38.2,37.8,38.1,+,0.05,56805,2160239.0,18000,0,0,22000,0,0,4000,0,0
20250915,00728,第一金工業30,33.3,33.36,33.2,33.33,-,0.03,165905,5523634.0,0,0,17891,0,0,89901,0,0,72010
20250915,6645,金萬林-創,23.85,24.2,23.85,24.0,,0.0,61275,1466731.0,17000,0,544,25000,0,544,8000,0,0
20250915,1512,瑞利,8.44,8.44,8.08,8.34,-,0.16,184307,1522377.0,17000,0,0,32000,0,0,15000,0,0
20250915,3040,遠見,72.5,72.5,67.1,67.1,-,4.6,1968697,135537556.0,56000,0,-39090,542000,0,2000,486000,0,41090
20250915,2852,第一保,27.2,27.2,27.05,27.05,-,0.15,184117,4987360.0,18000,-2308,0,39000,0,0,21000,2308,0
20250915,6515,穎崴,1600.0,1615.0,1540.0,1595.0,-,5.0,315116,498509580.0,50950,-43000,7706,91000,0,16235,40050,43000,8529
20250915,2367,燿華,26.95,26.95,26.2,26.3,-,0.55,5158594,136417750.0,75143,0,-59617,1583143,0,28000,1508000,0,87617
20250915,00736,國泰新興市場,25.96,26.26,25.83,26.25,+,0.25,132730,3477802.0,0,0,15000,0,0,129000,0,0,114000
20250915,3528,安馳,71.8,72.4,70.7,70.8,-,1.0,319819,22744788.0,15000,0,-119,99000,0,2000,84000,0,2119
20250915,00875,國泰網路資安,38.91,38.91,38.7,38.72,-,0.06,411358,15985409.0,-52000,0,66134,0,0,388024,52000,0,321890
20250915,5288,豐祥-KY,114.0,114.0,112.0,113.5,,0.0,89384,10106005.0,15000,0,-1000,27000,0,1000,12000,0,2000
20250915,3008,大立光,2325.0,2355.0,2320.0,2325.0,+,25.0,439985,1027650385.0,551,-4140,17505,224870,0,23838,224319,4140,6333
20250915,00920,富邦ESG綠色電力,15.39,15.39,15.35,15.35,-,0.06,158923,2442955.0,0,0,13096,0,0,120098,0,0,107002
20250915,4441,振大環球,235.0,235.0,230.5,232.0,,0.0,106048,24681644.0,11078,0,2000,11078,0,2000,0,0,0
20250915,8442,威宏-KY,73.3,74.1,73.3,73.7,+,0.7,56076,4136505.0,13000,0,0,24000,0,0,11000,0,0
20250915,6598,ABC-KY,22.4,23.3,22.4,23.05,-,0.1,140307,3216418.0,12000,0,1000,18000,0,1000,6000,0,0
20250915,1906,寶隆,13.05,13.1,12.6,12.9,-,0.1,47434,607539.0,9000,0,3999,12000,0,11000,3000,0,7001
20250915,2905,三商,12.6,12.65,12.45,12.5,-,0.1,256516,3212987.0,-3000,0,15997,106000,0,16000,109000,0,3
20250915,1752,南光,37.95,38.3,37.75,38.1,+,0.55,76706,2917092.0,12000,0,0,21000,0,0,9000,0,0
20250915,4552,力達-KY,22.95,23.0,22.9,22.95,,0.0,61874,1419584.0,12000,0,0,14000,0,0,2000,0,0
20250915,1339,昭輝,43.85,43.85,43.2,43.45,-,0.25,51793,2248980.0,12000,0,-253,15000,0,2000,3000,0,2253
20250915,4739,康普,65.5,67.0,64.3,65.5,+,1.3,1127454,74130978.0,-2997,7000,7115,293003,7000,8000,296000,0,885
20250915,4737,華廣,71.4,71.4,69.2,69.2,-,1.0,74375,5218648.0,14000,0,-3000,22000,0,0,8000,0,3000
20250915,4588,玖鼎電力,64.8,64.8,63.9,64.2,-,0.4,36348,2329506.0,11000,0,0,12000,0,0,1000,0,0
20250915,1726,永記,75.5,75.7,75.4,75.7,+,0.4,22352,1688304.0,9000,0,2000,11000,0,2000,2000,0,0
20250915,1521,大億,25.6,25.75,25.5,25.5,+,0.3,41715,1070169.0,10000,0,1000,11000,0,1000,1000,0,0
20250915,4770,上品,302.0,309.5,300.5,304.0,-,1.0,426665,130369453.0,10000,-10000,10860,126000,2000,13844,116000,12000,2984
20250915,1760,寶齡富錦,70.9,71.1,70.2,70.8,-,0.1,78557,5548055.0,10000,0,0,31000,0,0,21000,0,0
20250915,2527,宏璟,25.7,25.75,25.25,25.25,-,0.45,120409,3058378.0,10000,-662,-1,58000,0,0,48000,662,1
20250915,3003,健和興,51.1,51.1,50.0,50.3,,0.0,185517,9340504.0,17000,0,-7887,68000,0,2000,51000,0,9887
20250915,2762,世界健身-KY,77.0,77.5,76.7,77.5,+,0.1,24258,1870323.0,9000,0,0,11000,0,0,2000,0,0
20250915,1256,鮮活果汁-KY,177.5,177.5,164.0,165.5,-,9.5,176125,29697112.0,7000,0,1759,27000,0,6000,20000,0,4241
20250915,9908,大台北,30.1,30.1,30.0,30.0,-,0.1,75833,2276845.0,4000,0,4495,8000,0,5000,4000,0,505
20250915,8016,矽創,206.0,209.0,205.0,206.5,+,1.0,303449,62822851.0,126000,-116680,-976,169000,0,2024,43000,116680,3000
20250915,6719,力智,201.5,205.0,198.0,201.5,+,1.5,766897,154709279.0,5000,0,3039,210000,0,6879,205000,0,3840
20250915,4764,雙鍵,40.1,40.1,40.0,40.0,-,0.1,10001,400139.0,8000,0,0,8000,0,0,0,0,0
20250915,4426,利勤,10.3,10.35,10.2,10.25,-,0.05,54943,564558.0,8000,0,0,12000,0,0,4000,0,0
20250915,00660,元大歐洲50,38.86,39.1,38.86,39.04,,0.0,17035,664628.0,0,0,8000,0,0,9000,0,0,1000
20250915,2536,宏普,28.0,28.1,27.7,28.1,+,0.15,124867,3491246.0,2000,0,6000,24000,0,6000,22000,0,0
20250915,2022,聚亨,8.0,8.07,7.82,7.95,-,0.05,273650,2162655.0,8000,0,0,38000,0,0,30000,0,0
20250915,2706,第一店,13.75,13.9,13.75,13.85,,0.0,136492,1887776.0,8000,0,0,14000,0,0,6000,0,0
20250915,1305,華夏,11.4,11.6,11.4,11.45,+,0.1,232665,2672231.0,3970,0,4000,69000,0,4000,65030,0,0
20250915,6962,奕力-KY,43.25,43.65,42.9,43.15,+,0.1,1713969,74132142.0,1000,0,6548,632000,0,12594,631000,0,6046
20250915,4104,佳醫,85.8,85.9,85.3,85.4,-,0.6,136286,11661940.0,-4000,0,11226,8000,0,18000,12000,0,6774
20250915,6885,全福生技,32.8,33.5,32.55,32.6,-,0.1,246542,8071669.0,6000,0,1000,78000,0,3000,72000,0,2000
20250915,1707,葡萄王,132.0,132.0,130.5,130.5,-,1.0,79667,10457184.0,6000,0,1000,19000,0,1000,13000,0,0
20250915,2423,固緯,52.8,53.7,52.3,53.0,+,0.2,128567,6783237.0,5000,0,2000,44000,0,2000,39000,0,0
20250915,2616,山隆,14.4,14.5,14.4,14.5,+,0.1,20065,290328.0,7000,0,0,8000,0,0,1000,0,0
20250915,2731,雄獅,162.0,162.0,159.5,160.5,,0.0,470193,75566761.0,109000,-100000,-2252,191000,0,9101,82000,100000,11353
20250915,9910,豐泰,112.5,113.0,111.0,111.5,-,1.0,483291,53987107.0,-10105,-2060,18516,282655,0,24000,292760,2060,5484
20250915,3150,鈺寶-創,21.4,21.55,21.1,21.4,,0.0,146295,3123009.0,8000,0,-1761,8000,0,31239,0,0,33000
20250915,00962,台新AI優息動能,10.65,10.69,10.55,10.6,-,0.08,716184,7604354.0,168000,0,-161808,174000,0,319261,6000,0,481069
20250915,6794,向榮生技,78.7,78.8,75.8,78.5,-,0.3,51007,3915234.0,3000,0,3000,4000,0,8000,1000,0,5000
20250915,6224,聚鼎,41.05,41.05,40.65,41.0,-,0.1,52771,2155984.0,6000,0,0,20000,0,0,14000,0,0
20250915,3432,台端,15.05,15.1,14.5,14.55,-,0.75,92895,1362087.0,6000,0,0,9000,0,0,3000,0,0
20250915,2816,旺旺保,26.95,26.95,26.55,26.7,-,0.1,71910,1922840.0,6000,0,0,8000,0,0,2000,0,0
20250915,2849,安泰銀,13.35,13.35,13.25,13.3,-,0.05,68724,913944.0,-9000,0,15000,3000,0,15000,12000,0,0
20250915,1219,福壽,13.4,13.65,13.35,13.4,-,0.1,141153,1898545.0,-8000,0,14000,0,0,14000,8000,0,0
20250915,1817,凱撒衛,38.7,39.05,38.7,39.0,+,0.2,16743,651450.0,5000,0,973,7000,0,1000,2000,0,27
20250915,6592,和潤企業,68.5,69.0,68.1,68.6,+,0.1,142141,9745902.0,-1000,-395,6572,59000,0,10000,60000,395,3428
20250915,2748,雲品,47.75,47.85,46.7,46.7,+,0.1,45384,2131595.0,3000,0,2000,12000,0,5000,9000,0,3000
20250915,8341,日友,79.6,79.9,78.3,78.5,-,1.1,148710,11750639.0,4000,0,918,30000,0,1000,26000,0,82
20250915,6951,青新-創,75.5,75.8,75.5,75.8,-,0.2,12306,930077.0,1000,0,3000,1000,0,3000,0,0,0
20250915,4935,茂林-KY,46.95,46.95,45.45,45.5,-,0.9,123704,5669912.0,4000,0,0,23000,0,0,19000,0,0
20250915,5007,三星,52.1,52.9,52.1,52.4,-,0.3,12471,654968.0,-2000,0,6000,3000,0,6000,5000,0,0
20250915,1203,味王,39.9,40.0,39.55,40.0,+,0.45,21418,854678.0,0,0,4000,4000,0,4000,4000,0,0
20250915,1568,倉佑,24.25,24.25,23.3,23.55,-,0.5,121308,2864287.0,4000,0,0,12000,0,0,8000,0,0
20250915,1236,宏亞,23.4,23.4,23.2,23.4,+,0.05,93217,2177069.0,4000,0,0,5000,0,0,1000,0,0
20250915,2496,卓越,67.4,67.4,67.2,67.4,-,0.1,10200,685958.0,4000,0,0,5000,0,0,1000,0,0
20250915,1418,東華,20.8,21.05,20.8,21.0,-,0.25,14027,293988.0,3000,0,3,4000,0,3,1000,0,0
20250915,1321,大洋,36.3,36.45,36.1,36.35,+,0.05,46001,1668286.0,1000,0,2000,6000,0,2000,5000,0,0
20250915,1323,永裕,19.75,19.8,19.7,19.8,+,0.05,24009,474226.0,3000,0,0,3000,0,0,0,0,0
20250915,1456,怡華,12.4,12.45,12.05,12.2,,0.0,55004,665898.0,1000,0,2000,6000,0,2000,5000,0,0
20250915,1735,日勝化,14.6,14.6,14.55,14.6,,0.0,66299,967892.0,2000,0,1000,2000,0,3000,0,0,2000
20250915,2007,燁興,7.86,7.96,7.86,7.91,-,0.07,90259,713026.0,3000,0,0,8000,0,0,5000,0,0
20250915,3229,晟鈦,14.25,14.7,14.2,14.3,+,0.05,42297,604188.0,3000,0,0,3000,0,0,0,0,0
20250915,9925,新保,40.85,40.9,40.8,40.9,+,0.05,108678,4439972.0,0,0,3000,26000,0,3000,26000,0,0
20250915,4994,傳奇,94.0,94.0,92.4,93.9,+,0.1,8109,760101.0,3000,0,0,3000,0,0,0,0,0
20250915,4581,光隆精密-KY,55.0,55.0,54.7,55.0,-,0.1,22237,1219540.0,2000,0,1000,3000,0,1000,1000,0,0
20250915,4440,宜新實業,17.15,17.2,17.0,17.15,,0.0,94122,1604003.0,3000,0,0,6000,0,0,3000,0,0
20250915,6606,建德工業,25.05,25.15,25.0,25.15,+,0.1,29001,726175.0,3000,0,0,4000,0,0,1000,0,0
20250915,2239,英利-KY,32.0,33.3,31.5,32.35,+,0.65,43767,1412686.0,3000,0,-17,7000,0,2000,4000,0,2017
20250915,0053,元大電子,121.7,122.55,121.25,121.6,-,0.3,19620,2389344.0,0,0,2828,0,0,6000,0,0,3172
20250915,3504,揚明光,58.8,58.8,56.6,57.4,-,1.0,397679,22788076.0,-5000,0,7082,150000,0,7082,155000,0,0
20250915,4190,佐登-KY,33.5,33.7,33.5,33.7,,0.0,15309,514526.0,-1000,0,3000,1000,0,3000,2000,0,0
20250915,3669,圓展,32.0,32.4,31.95,32.0,-,0.4,36504,1170125.0,2000,0,0,3000,0,0,1000,0,0
20250915,6887,寶綠特-KY,70.5,70.5,70.0,70.3,-,0.2,6000,421800.0,1000,0,1000,1000,0,1000,0,0,0
20250915,6835,圓裕,40.15,40.2,39.4,39.65,-,0.55,93000,3684327.0,2000,0,0,26000,0,0,24000,0,0
20250915,2115,六暉-KY,26.3,26.3,26.05,26.1,-,0.1,45298,1184159.0,2000,0,0,2000,0,0,0,0,0
20250915,1446,宏和,20.1,20.25,20.0,20.1,,0.0,149695,3010459.0,0,0,2000,68000,0,2000,68000,0,0
20250915,1235,興泰,63.0,63.0,61.1,61.1,+,0.1,13338,824091.0,0,0,2000,1000,0,2000,1000,0,0
20250915,2910,統領,20.8,21.05,20.8,21.05,+,0.25,19000,396050.0,2000,0,0,4000,0,0,2000,0,0
20250915,3266,昇陽,13.95,14.3,13.95,14.3,+,0.2,36251,507530.0,3000,0,-1000,7000,0,0,4000,0,1000
20250915,3168,眾福科,49.4,49.45,49.2,49.25,-,0.15,92290,4550753.0,2000,0,0,4000,0,0,2000,0,0
20250915,00972,野村日本動能高息,16.84,16.84,16.8,16.84,,0.0,77965,1312769.0,0,0,1754,0,0,60000,0,0,58246
20250915,2015,豐興,64.9,64.9,64.0,64.1,-,0.5,163798,10543540.0,-11500,7000,6000,70000,7000,8000,81500,0,2000
20250915,3543,州巧,31.9,31.9,30.75,31.4,,0.0,869147,27109687.0,-1000,0,2339,256000,0,3000,257000,0,661
20250915,6916,華凌,18.45,18.45,18.2,18.4,-,0.15,42800,783969.0,1000,0,203,1000,0,1000,0,0,797
20250915,4807,日成-KY,16.0,16.5,15.95,16.45,+,0.15,325568,5280230.0,3100,0,-2000,22100,0,0,19000,0,2000
20250915,3679,新至陞,113.5,113.5,112.0,113.0,+,0.5,54509,6129360.0,-3000,0,4000,7000,0,4000,10000,0,0
20250915,4438,廣越,75.2,75.5,75.2,75.4,+,0.1,27907,2101336.0,1000,0,0,4000,0,0,3000,0,0
20250915,4133,亞諾法,26.0,26.15,25.75,25.75,-,0.2,31804,822111.0,2000,0,-1000,6000,0,0,4000,0,1000
20250915,8463,潤泰材,25.8,25.95,25.8,25.8,-,0.2,135003,3490979.0,1000,0,0,5000,0,0,4000,0,0
20250915,6552,易華電,28.0,28.0,27.35,27.6,+,0.1,11274,311628.0,1000,0,0,1000,0,0,0,0,0
20250915,6792,詠業,59.8,60.6,57.8,58.3,-,1.3,82525,4872697.0,1000,0,0,21000,0,0,20000,0,0
20250915,6226,光鼎,7.2,7.2,7.0,7.05,-,0.07,159337,1118668.0,1000,0,0,4000,0,0,3000,0,0
20250915,6431,光麗-KY,16.5,16.65,16.45,16.65,-,0.15,29206,481715.0,1000,0,0,5000,0,0,4000,0,0
20250915,9931,欣高,34.0,34.1,34.0,34.0,,0.0,8053,273906.0,1000,0,0,1000,0,0,0,0,0
20250915,9912,偉聯,11.75,12.0,11.75,12.0,,0.0,8430,100591.0,1000,0,0,1000,0,0,0,0,0
20250915,8487,愛爾達-創,80.3,80.4,80.3,80.4,+,0.2,8434,677849.0,1000,0,0,1000,0,0,0,0,0
20250915,8488,吉源-KY,11.65,12.1,11.65,11.7,,0.0,250000,2967900.0,1000,0,0,115000,0,0,114000,0,0
20250915,00771,元大US高息特別股,16.09,16.13,16.09,16.13,+,0.04,9056,145753.0,0,0,1000,0,0,1000,0,0,0
20250915,00851,台新全球AI,52.3,52.6,52.3,52.4,+,0.1,615249,32276305.0,0,0,1000,0,0,600000,0,0,599000
20250915,2008,高興昌,26.55,26.75,26.55,26.75,+,0.2,4134,110163.0,1000,0,0,2000,0,0,1000,0,0
20250915,1776,展宇,15.45,15.45,15.15,15.3,-,0.15,53090,810587.0,1000,0,0,4000,0,0,3000,0,0
20250915,2424,隴華,60.1,62.0,60.1,62.0,-,0.4,5000,307100.0,1000,0,0,1000,0,0,0,0,0
20250915,2432,倚天酷碁-創,27.85,27.85,27.75,27.85,,0.0,5000,139150.0,1000,0,0,1000,0,3000,0,0,3000
20250915,2483,百容,19.25,19.6,19.2,19.35,,0.0,59208,1140681.0,1000,0,0,2000,0,0,1000,0,0
20250915,1472,三洋實業,91.2,91.4,91.1,91.1,,0.0,7126,650168.0,1000,0,0,1000,0,0,0,0,0
20250915,1535,中宇,55.2,55.4,55.2,55.3,+,0.2,32432,1794124.0,4000,0,-3000,5000,0,0,1000,0,3000
20250915,1410,南染,36.0,36.05,35.2,35.2,-,0.3,9311,330452.0,0,0,1000,1000,0,2000,1000,0,1000
20250915,1423,利華,38.0,38.0,37.95,37.95,-,0.35,19013,722340.0,1000,0,0,2000,0,0,1000,0,0
20250915,1441,大東,11.4,11.4,11.4,11.4,,0.0,9959,113560.0,1000,0,0,1000,0,0,0,0,0
20250915,2462,良得電,22.75,22.95,22.7,22.85,+,0.15,158249,3613264.0,43000,0,-42009,75000,0,1000,32000,0,43009
20250915,6754,匯僑設計,49.6,49.7,49.5,49.7,+,0.15,13156,651669.0,0,-142,1000,2000,0,1000,2000,142,0
20250915,6115,鎰勝,47.0,47.3,47.0,47.2,+,0.2,48593,2294579.0,-1000,0,1810,7000,0,2000,8000,0,190
20250915,8101,華冠,18.25,19.1,18.25,19.1,+,1.7,109994,2088024.0,0,0,438,0,0,456,0,0,18
20250915,1232,大統益,148.5,149.0,148.0,148.5,-,1.0,69979,10392444.0,-1690,0,2000,8000,0,2000,9690,0,0
20250915,7631,聚賢研發-創,141.5,148.0,141.5,148.0,+,1.0,2220,321106.0,0,0,15,0,0,15,0,0,0
20250915,3130,一零四,228.0,228.5,226.5,228.5,+,1.0,27177,6189045.0,1,0,0,13000,0,0,12999,0,0
20250915,2722,夏都,29.15,29.15,28.75,28.85,-,0.15,15490,447764.0,1000,0,-1000,2000,0,1000,1000,0,2000
20250915,1438,三地開發,37.1,37.25,36.65,37.0,-,0.1,35069,1296003.0,0,0,0,12000,0,0,12000,0,0
20250915,1439,雋揚,29.2,29.25,28.5,29.2,+,0.4,41651,1199197.0,0,0,0,2000,0,0,2000,0,0
20250915,1454,台富,14.4,14.45,14.3,14.45,-,0.2,18458,265125.0,0,0,0,1000,0,0,1000,0,0
20250915,1583,程泰,51.2,51.3,50.4,51.2,+,0.2,6168,314162.0,0,0,0,1000,0,1000,1000,0,1000
20250915,1626,艾美特-KY,11.9,11.95,11.85,11.85,-,0.1,25931,307672.0,0,0,0,2000,0,0,2000,0,0
20250915,1525,江申,71.8,72.0,70.0,70.4,-,0.4,15161,1071548.0,0,0,0,1000,0,3000,1000,0,3000
20250915,2430,燦坤,24.4,24.4,24.25,24.35,-,0.05,15545,377625.0,0,0,0,1000,0,0,1000,0,0
20250915,1805,寶徠,12.0,12.4,11.65,12.25,+,0.3,57211,683042.0,2000,0,-2000,6000,0,1000,4000,0,3000
20250915,1110,東泥,17.55,17.95,17.55,17.8,+,0.05,101401,1800769.0,-8000,0,8000,21000,0,8000,29000,0,0
20250915,6969,成信實業*-創,39.6,40.75,39.5,40.55,+,0.9,30000,1198850.0,0,0,0,2000,0,9000,2000,0,9000
20250915,6807,峰源-KY,50.3,50.3,50.3,50.3,,0.0,1000,50300.0,0,0,0,1000,0,0,1000,0,0
20250915,8443,阿瘦,12.05,12.1,12.0,12.05,,0.0,8944,107604.0,0,0,0,1000,0,0,1000,0,0
20250915,6796,晉弘,73.1,74.0,73.0,73.1,+,0.3,10045,736771.0,0,0,0,1000,0,0,1000,0,0
20250915,6581,鋼聯,111.5,111.5,110.0,110.0,+,1.0,5245,579983.0,-1000,0,1000,1000,0,1000,2000,0,0
20250915,9905,大華,21.2,21.2,21.05,21.15,-,0.05,37167,785281.0,0,0,0,3000,0,0,3000,0,0
20250915,9926,新海,50.4,50.4,49.8,49.9,-,0.2,12158,608300.0,-2000,0,2000,1000,0,2000,3000,0,0
20250915,6924,榮惠-KY創,62.0,62.0,62.0,62.0,-,1.5,1001,62068.0,0,0,-1,0,0,0,0,0,1
20250915,6225,天瀚,16.9,17.15,16.6,17.15,+,0.65,8701,145999.0,0,0,-2,0,0,0,0,0,2
20250915,4720,德淵,15.4,15.5,15.3,15.45,+,0.05,132726,2040914.0,-10000,-1027,11000,22000,0,11000,32000,1027,0
20250915,6918,愛派司,91.4,92.5,91.4,92.5,-,0.9,69540,6399189.0,-1000,0,819,6000,0,1000,7000,0,181
20250915,2313,華通,77.8,77.8,75.0,75.5,-,1.8,21214182,1614062550.0,388289,-15000,-373506,8875010,0,217159,8486721,15000,590665
20250915,1437,勤益控,32.25,32.45,31.55,31.75,-,0.25,253773,8104388.0,-5730,0,5000,34000,0,5000,39730,0,0
20250915,2024,志聯,17.85,18.2,17.6,18.2,+,0.35,41812,753158.0,231,0,-1000,1000,0,0,769,0,1000
20250915,2248,華勝-KY,43.4,43.4,41.85,41.85,-,1.5,77470,3273207.0,-2000,0,1000,1000,0,1000,3000,0,0
20250915,2433,互盛電,49.0,49.2,49.0,49.1,-,0.1,11002,539998.0,-1000,0,0,1000,0,0,2000,0,0
20250915,2434,統懋,29.0,29.0,28.5,28.95,-,0.15,10000,288250.0,-1000,0,0,0,0,0,1000,0,0
20250915,1435,中福,27.0,27.0,26.85,26.95,,0.0,4575,123339.0,-1000,0,0,0,0,0,1000,0,0
20250915,1413,宏洲,10.6,11.4,10.6,11.4,+,0.8,58253,628245.0,0,0,-1000,0,0,0,0,0,1000
20250915,1341,富林-KY,57.3,57.3,55.3,56.3,-,1.1,12023,674081.0,-1000,0,0,0,0,0,1000,0,0
20250915,1324,地球,10.7,10.7,10.65,10.7,+,0.05,40271,430839.0,-1000,0,0,1000,0,0,2000,0,0
20250915,1315,達新,64.5,65.0,64.5,64.7,+,0.5,23020,1490299.0,-1000,0,0,0,0,0,1000,0,0
20250915,1217,愛之味,10.7,10.8,10.7,10.7,-,0.05,569982,6119926.0,-36000,0,35000,60000,0,39000,96000,0,4000
20250915,1541,錩泰,25.6,25.65,25.5,25.5,+,0.05,14670,375188.0,-1000,0,0,0,0,0,1000,0,0
20250915,1530,亞崴,28.0,28.0,27.2,27.7,-,0.3,19763,544281.0,-1000,0,0,3000,0,0,4000,0,0
20250915,2906,高林,14.7,14.7,14.5,14.55,-,0.05,97526,1418431.0,-1000,0,0,1000,0,0,2000,0,0
20250915,2904,匯僑,17.55,17.6,17.5,17.5,-,0.05,10212,179276.0,-1000,0,0,1000,0,0,2000,0,0
20250915,3308,聯德,16.05,16.1,15.95,16.05,,0.0,23626,378554.0,-1000,0,0,0,0,0,1000,0,0
20250915,3018,隆銘綠能,14.1,14.15,14.1,14.15,,0.0,11998,169429.0,-1000,0,0,0,0,0,1000,0,0
20250915,2901,欣欣,25.75,25.75,25.1,25.55,-,0.2,19761,498449.0,-1000,0,0,0,0,0,1000,0,0
20250915,6965,中傑-KY,97.7,98.5,96.0,97.7,,0.0,38140,3690964.0,-1000,0,0,1000,0,0,2000,0,0
20250915,6464,台數科,77.8,78.0,77.8,78.0,+,0.7,6427,501331.0,-1000,0,0,0,0,0,1000,0,0
20250915,5546,永固-KY,27.2,27.2,26.5,26.5,-,0.9,14000,372700.0,-1000,0,0,0,0,0,1000,0,0
20250915,6504,南六,49.55,49.55,48.5,48.65,-,0.2,26681,1301803.0,-1000,0,0,6000,0,0,7000,0,0
20250915,6573,虹揚-KY,9.7,9.7,9.56,9.56,-,0.14,45172,435562.0,0,0,-1000,1000,0,0,1000,0,1000
20250915,6771,平和環保-創,52.7,53.2,52.7,52.9,-,0.1,13050,691155.0,-1000,0,0,0,0,0,1000,0,0
20250915,6641,基士德-KY,20.5,20.85,20.5,20.7,-,0.2,7000,145100.0,-1000,0,0,0,0,0,1000,0,0
20250915,4148,全宇生技-KY,40.0,40.0,39.5,39.5,-,0.5,13658,542733.0,-1000,0,0,0,0,0,1000,0,0
20250915,4545,銘鈺,30.3,30.3,29.85,30.2,-,0.3,61188,1837677.0,-2000,0,1000,12000,0,1000,14000,0,0
20250915,9928,中視,17.85,18.0,17.65,17.8,-,0.1,25153,446293.0,0,0,-1000,0,0,1000,0,0,2000
20250915,9918,欣天然,39.55,39.55,39.35,39.35,-,0.15,13032,514167.0,-1000,0,0,0,0,0,1000,0,0
20250915,9937,全國,61.4,62.0,61.4,61.4,,0.0,14056,867044.0,-5000,0,4000,2000,0,5000,7000,0,1000
20250915,6128,上福,27.95,27.95,27.8,27.95,+,0.1,33748,941604.0,-1000,0,-349,4000,0,0,5000,0,349
20250915,6201,亞弘電,57.7,58.8,57.7,58.1,+,0.4,11130,645523.0,-2000,0,0,1000,0,0,3000,0,0
20250915,6183,關貿,98.5,99.0,98.5,99.0,+,0.6,22471,2217377.0,-3000,0,1000,1000,0,1000,4000,0,0
20250915,6281,全國電,69.0,69.2,68.9,68.9,-,0.3,75909,5239541.0,-2000,0,0,2000,0,0,4000,0,0
20250915,8411,福貞-KY,12.9,13.0,12.85,13.0,,0.0,19072,246825.0,-2000,0,0,0,0,0,2000,0,0
20250915,4439,冠星-KY,97.0,97.9,96.0,96.0,+,1.0,34354,3352349.0,0,0,-2000,4000,0,0,4000,0,2000
20250915,9942,茂順,108.5,108.5,108.0,108.5,,0.0,15941,1726751.0,-2000,0,0,1000,0,0,3000,0,0
20250915,9944,新麗,17.15,17.15,16.75,16.9,,0.0,27193,462783.0,-2000,0,0,1000,0,0,3000,0,0
20250915,3164,景岳,19.9,20.1,19.55,19.75,-,0.05,20738,411765.0,-5000,0,3000,3000,0,3000,8000,0,0
20250915,2712,遠雄來,20.55,20.55,19.75,20.5,+,0.1,15007,304178.0,-2000,0,0,1000,0,0,3000,0,0
20250915,2701,萬企,11.15,11.15,11.1,11.1,-,0.05,27594,306304.0,-2000,0,0,1000,0,0,3000,0,0
20250915,2702,華園,12.4,12.45,12.35,12.35,-,0.1,29782,368574.0,-2000,0,0,2000,0,0,4000,0,0
20250915,1467,南緯,7.58,7.61,7.5,7.5,-,0.01,50224,378211.0,-2000,0,0,2000,0,2000,4000,0,2000
20250915,2429,銘旺科,138.0,138.0,126.5,127.0,-,10.0,1316377,170772925.0,-2000,0,0,270000,0,0,272000,0,0
20250915,2459,敦吉,63.7,63.7,63.1,63.2,-,0.5,17088,1081988.0,1000,0,-3000,2000,0,0,1000,0,3000
20250915,1783,和康生,43.25,43.7,43.25,43.25,-,0.25,32293,1402448.0,-2000,0,0,1000,0,0,3000,0,0
20250915,2254,巨鎧精密-創,60.9,60.9,59.9,60.7,-,0.1,7923,476521.0,-1000,0,-1099,0,0,901,1000,0,2000
20250915,2642,宅配通,29.1,29.3,28.8,29.1,,0.0,79198,2308831.0,-2223,0,0,14000,0,0,16223,0,0
20250915,00709,富邦歐洲,33.25,33.3,33.14,33.25,+,0.11,101742,3381889.0,-1000,0,-1324,0,0,42000,1000,0,43324
20250915,00898,國泰基因免疫革命,6.53,6.54,6.48,6.52,-,0.08,395061,2569195.0,-6000,0,3556,17000,0,118000,23000,0,114444
20250915,3042,晶技,86.9,88.1,86.9,87.6,+,0.7,834923,73082846.0,217000,-213570,-6059,455000,0,9000,238000,213570,15059
20250915,5534,長虹,81.8,82.0,80.3,80.8,-,1.0,618745,50104755.0,-24000,0,21058,183000,0,31305,207000,0,10247
20250915,6655,科定,117.5,117.5,117.0,117.5,,0.0,8729,1022550.0,-3000,0,0,0,0,0,3000,0,0
20250915,6666,羅麗芬-KY,52.0,52.2,51.5,52.2,+,0.7,10460,542320.0,-3000,0,0,2000,0,0,5000,0,0
20250915,6958,日盛台駿,18.8,19.0,18.5,18.6,-,0.2,77404,1448765.0,-5000,0,2000,5000,0,2000,10000,0,0
20250915,6988,威力暘-創,17.95,17.95,17.55,17.65,-,0.3,10000,176250.0,-3000,0,0,0,0,6000,3000,0,6000
20250915,7732,金興精密,37.2,37.45,37.2,37.2,,0.0,6000,223950.0,-1000,0,-2000,0,0,0,1000,0,2000
20250915,3717,聯嘉投控,20.7,20.9,20.2,20.9,+,0.35,435963,8963392.0,-6000,0,3000,99000,0,8000,105000,0,5000
20250915,3419,譁裕,12.95,13.1,12.6,12.7,-,0.3,156980,2002764.0,-5000,0,2000,2000,0,2000,7000,0,0
20250915,8940,新天地,20.45,20.45,20.0,20.05,-,0.1,21218,426550.0,-3000,0,0,1000,0,0,4000,0,0
20250915,2025,千興,11.05,11.35,11.05,11.1,+,0.05,48472,541559.0,-3000,0,0,6000,0,0,9000,0,0
20250915,2012,春雨,18.1,18.1,17.35,17.35,-,0.15,19157,335991.0,-2000,0,-1000,2000,0,1000,4000,0,2000
20250915,2477,美隆電,24.15,24.15,23.55,23.55,+,0.05,235086,5579265.0,-3000,0,0,26000,0,0,29000,0,0
20250915,1443,立益物流,29.1,29.1,29.05,29.1,+,0.1,20455,595219.0,-3000,0,0,0,0,0,3000,0,0
20250915,1445,大宇,15.65,15.75,15.2,15.2,-,0.5,74637,1148708.0,-3000,0,0,1000,0,0,4000,0,0
20250915,1614,三洋電,37.65,38.75,37.25,37.65,+,0.7,33020,1238397.0,-7000,0,4000,3000,0,4000,10000,0,0
20250915,1473,台南,25.25,25.4,25.1,25.2,+,0.15,46837,1187301.0,-3000,0,0,7000,0,0,10000,0,0
20250915,6558,興能高,52.8,52.9,50.0,50.0,-,3.0,2919855,148547448.0,-3180,0,62,495000,0,11000,498180,0,10938
20250915,5215,科嘉-KY,34.5,34.75,33.85,34.35,-,0.05,55366,1888811.0,-4000,0,875,3000,0,1000,7000,0,125
20250915,0057,富邦摩台,165.5,165.8,165.35,165.35,-,0.15,15995,2647074.0,0,0,-3337,0,0,10000,0,0,13337
20250915,00917,中信特選金融,23.53,23.54,23.46,23.52,-,0.01,160748,3780604.0,6000,0,-9337,7000,0,107000,1000,0,116337
20250915,9136,巨騰-DR,6.11,6.22,6.1,6.16,+,0.02,120010,739557.0,-4000,0,0,5000,0,0,9000,0,0
20250915,4930,燦星網,23.55,23.55,23.4,23.5,-,0.05,271531,6376406.0,-4000,0,0,1000,0,0,5000,0,0
20250915,4106,雃博,22.2,22.3,22.1,22.25,-,0.1,45822,1019597.0,-4000,0,0,2000,0,0,6000,0,0
20250915,6671,三能-KY,36.9,37.0,36.5,36.9,+,0.15,31388,1154206.0,-4000,0,0,1000,0,12000,5000,0,12000
20250915,6243,迅杰,34.45,34.8,34.1,34.5,+,0.35,108862,3746087.0,-4000,0,0,30000,0,0,34000,0,0
20250915,6423,億而得-創,78.5,79.3,78.5,79.0,+,0.5,21424,1684623.0,0,0,-4000,0,0,0,0,0,4000
20250915,6952,大武山,47.5,47.5,47.15,47.15,-,0.35,10259,485107.0,-3000,0,-1000,0,0,0,3000,0,1000
20250915,6936,永鴻生技,35.25,35.25,34.8,35.0,-,0.15,57813,2020332.0,2000,0,-6000,6000,0,0,4000,0,6000
20250915,1419,新紡,52.9,53.3,52.5,52.8,-,0.1,117003,6192533.0,-8000,0,4000,31000,0,4000,39000,0,0
20250915,1338,廣華-KY,22.4,22.5,22.0,22.1,-,0.2,40474,895481.0,-6000,0,2000,1000,0,2000,7000,0,0
20250915,1220,台榮,12.9,13.0,12.85,12.95,,0.0,75293,971841.0,-4000,0,0,1000,0,0,5000,0,0
20250915,1468,昶和,13.7,13.7,13.45,13.65,-,0.1,45000,610300.0,-4000,0,0,0,0,0,4000,0,0
20250915,1737,臺鹽,32.2,32.2,32.0,32.05,-,0.15,116668,3738428.0,0,0,-4000,4000,0,0,4000,0,4000
20250915,3046,建碁,44.0,44.0,43.2,43.5,,0.0,102543,4462428.0,-4000,0,-38,26000,0,0,30000,0,38
20250915,8162,微矽電子-創,44.95,44.95,41.85,44.4,-,0.1,295686,12755099.0,2000,0,-6117,25000,0,34000,23000,0,40117
20250915,9943,好樂迪,65.6,66.6,65.5,65.9,+,0.3,53653,3530079.0,-6999,0,2000,8001,0,6000,15000,0,4000
20250915,3652,精聯,30.2,30.2,30.0,30.05,-,0.1,44224,1329947.0,-5000,0,0,1000,0,0,6000,0,0
20250915,2227,裕日車,56.8,57.3,56.8,57.3,+,0.5,22584,1286572.0,-5000,0,0,1000,0,0,6000,0,0
20250915,2033,佳大,18.4,18.4,17.4,17.6,-,0.8,91815,1618424.0,-6000,0,1000,11000,0,1000,17000,0,0
20250915,2373,震旦行,56.6,57.0,56.6,56.9,+,0.1,24195,1375089.0,-8000,0,3000,5000,0,3000,13000,0,0
20250915,1465,偉全,13.15,13.2,13.0,13.15,,0.0,53037,695580.0,-5000,0,0,0,0,0,5000,0,0
20250915,7722,LINEPAY,610.0,610.0,590.0,603.0,-,5.0,83173,49842027.0,-2896,0,-2144,12104,0,2000,15000,0,4144
20250915,5434,崇越,297.5,297.5,293.0,293.5,-,1.0,294450,86549469.0,42000,-48000,480,197000,1000,3080,155000,49000,2600
20250915,7740,熙特爾-創,223.0,225.0,220.5,225.0,+,0.5,93222,20765960.0,-5000,0,-823,17000,0,3000,22000,0,3823
20250915,6955,邦睿生技-創,166.5,171.0,166.5,170.0,+,2.5,17070,2887865.0,-3000,0,-3000,0,0,6000,3000,0,9000
20250915,8438,昶昕,30.95,30.95,30.45,30.7,-,0.25,69232,2122832.0,-7000,0,1000,6000,0,1000,13000,0,0
20250915,6155,鈞寶,22.2,22.2,21.85,21.95,-,0.15,138812,3053309.0,-6000,0,0,6000,0,0,12000,0,0
20250915,8482,商億-KY,54.2,54.2,52.6,52.9,-,0.1,16000,849400.0,-7000,0,1000,1000,0,1000,8000,0,0
20250915,00783,富邦中証500,23.48,23.48,23.36,23.46,-,0.02,31418,736721.0,0,0,-6000,0,0,13000,0,0,19000
20250915,1474,弘裕,11.8,12.05,11.75,12.0,+,0.2,173244,2049462.0,-10000,0,4000,5000,0,6000,15000,0,2000
20250915,2114,鑫永銓,91.1,91.1,90.8,90.8,-,0.3,21050,1912968.0,-6000,0,0,1000,0,0,7000,0,0
20250915,2419,仲琦,23.05,23.05,22.6,22.65,-,0.35,722962,16435158.0,-2000,0,-4267,234000,0,0,236000,0,4267
20250915,1459,聯發,11.65,11.7,11.55,11.7,,0.0,114851,1335404.0,-5000,0,-2000,1000,0,0,6000,0,2000
20250915,3002,歐格,17.25,17.3,16.5,16.6,-,0.4,303571,5103471.0,2000,0,-9000,39000,0,2000,37000,0,11000
20250915,5907,大洋-KY,6.07,6.07,5.82,5.86,-,0.08,246122,1443553.0,-7000,0,0,35000,0,0,42000,0,0
20250915,1436,華友聯,74.7,75.5,73.9,74.9,+,1.1,173131,12965753.0,-12000,0,4980,44000,0,5000,56000,0,20
20250915,00703,台新MSCI中國,22.01,22.06,22.01,22.05,+,0.1,63764,1406196.0,0,0,-7173,0,0,44102,0,0,51275
20250915,2013,中鋼構,42.75,42.75,41.9,42.05,-,0.05,22127,932729.0,-7000,0,-337,1000,0,5000,8000,0,5337
20250915,00657,國泰日經225,52.5,52.6,52.45,52.5,-,0.2,138333,7263152.0,-1000,0,-6372,0,0,122628,1000,0,129000
20250915,1615,大山,49.8,50.4,49.7,50.3,+,0.6,93947,4690523.0,-6800,0,-1000,13200,0,3000,20000,0,4000
20250915,6534,正瀚-創,111.5,112.5,111.0,112.0,-,1.0,44047,4914734.0,-8000,0,17,9000,0,2017,17000,0,2000
20250915,6541,泰福-KY,50.2,50.5,49.75,50.0,-,0.2,281401,14079485.0,-5000,0,-3000,48000,0,3000,53000,0,6000
20250915,8476,台境*,19.7,20.05,19.7,19.9,,0.0,103083,2056315.0,-1000,0,-7000,4000,0,0,5000,0,7000
20250915,2302,麗正,16.25,16.55,16.25,16.4,+,0.15,209807,3439230.0,-8000,0,-7,52000,0,0,60000,0,7
20250915,2109,華豐,16.55,16.65,16.45,16.45,-,0.1,104068,1717717.0,-9000,0,0,29000,0,0,38000,0,0
20250915,1725,元禎,28.35,28.5,28.25,28.45,-,0.05,22068,626176.0,-9000,0,0,1000,0,0,10000,0,0
20250915,2704,國賓,45.2,45.25,44.85,44.85,-,0.4,41415,1862870.0,-12000,0,3000,11000,0,3000,23000,0,0
20250915,3550,聯穎,14.75,14.8,14.45,14.55,-,0.15,189287,2763876.0,-9000,0,0,57000,0,0,66000,0,0
20250915,8367,建新國際,45.25,45.25,44.9,45.2,-,0.05,18965,853172.0,-9000,0,0,1000,0,0,10000,0,0
20250915,6505,台塑化,39.0,39.65,38.8,38.8,-,0.15,4418726,173011427.0,684430,-931000,237489,2462430,0,348098,1778000,931000,110609
20250915,1453,大將,14.6,14.6,13.9,13.9,-,0.05,167856,2364486.0,-9000,0,-122,12000,0,0,21000,0,122
20250915,1342,八貫,87.6,88.0,87.1,87.1,-,0.5,103983,9098928.0,-9000,0,-181,20000,0,0,29000,0,181
20250915,1457,宜進,16.7,16.75,16.65,16.65,,0.0,68457,1141511.0,-10000,0,0,0,0,0,10000,0,0
20250915,2017,官田鋼,9.75,9.82,9.66,9.67,-,0.08,203733,1976042.0,-12000,0,2000,10000,0,2000,22000,0,0
20250915,2739,寒舍,38.25,38.25,37.4,37.55,-,0.2,63358,2393495.0,-10000,0,0,23000,0,8000,33000,0,8000
20250915,6834,天二科技,28.6,29.0,28.4,28.5,-,0.1,46513,1329009.0,-10000,0,0,2000,0,0,12000,0,0
20250915,6902,GOGOLOOK,81.4,81.5,79.0,80.1,+,0.4,41421,3304461.0,-13000,0,3000,2000,0,3000,15000,0,0
20250915,6914,阜爾運通,147.0,148.0,145.0,146.0,+,0.5,74479,10880379.0,-12000,0,2000,4000,0,2000,16000,0,0
20250915,8466,美吉吉-KY,26.4,26.65,25.9,26.0,-,0.3,47255,1234980.0,-10000,0,0,1000,0,0,11000,0,0
20250915,4755,三福化,125.0,126.0,124.0,124.5,-,1.0,78615,9808424.0,-12000,0,2000,18000,0,2000,30000,0,0
20250915,9930,中聯資源,71.6,71.7,71.1,71.2,-,0.4,55097,3930633.0,-14000,0,4000,4000,0,7000,18000,0,3000
20250915,4119,旭富,58.7,58.7,57.9,57.9,-,0.3,52041,3026580.0,-10000,0,-254,7000,0,0,17000,0,254
20250915,9940,信義,24.5,24.8,24.5,24.55,+,0.05,192710,4744089.0,-16000,0,5325,59000,0,6000,75000,0,675
20250915,4137,麗豐-KY,109.0,110.0,108.5,109.5,,0.0,55816,6096206.0,-10750,0,0,10250,0,0,21000,0,0
20250915,6906,現觀科,117.0,119.5,117.0,119.0,,0.0,54310,6427398.0,-11000,0,0,13000,0,0,24000,0,0
20250915,2415,錩新,26.6,26.7,25.85,25.95,-,0.45,105882,2770104.0,-11000,0,0,18000,0,0,29000,0,0
20250915,1733,五鼎,30.55,30.95,30.55,30.8,,0.0,88248,2710140.0,-11000,0,0,18000,0,0,29000,0,0
20250915,1531,高林股,11.75,11.8,11.75,11.8,,0.0,43578,513284.0,-11000,0,0,2000,0,0,13000,0,0
20250915,1533,車王電,33.75,34.0,33.3,33.3,-,0.45,134545,4519182.0,-11000,0,0,20000,0,0,31000,0,0
20250915,1560,中砂,329.5,333.5,323.0,327.5,+,1.5,2272044,748395102.0,-26000,0,14732,714000,1000,75736,740000,1000,61004
20250915,1109,信大,15.8,15.95,15.75,15.8,,0.0,67673,1070748.0,-12000,0,622,2000,0,1000,14000,0,378
20250915,1475,業旺,33.05,33.05,32.85,32.9,-,0.3,18091,596220.0,-12000,0,0,0,0,0,12000,0,0
20250915,1526,日馳,16.85,17.7,16.75,16.95,+,0.05,53180,906505.0,-9000,0,-3000,5000,0,0,14000,0,3000
20250915,1451,年興,17.75,17.85,17.7,17.85,+,0.1,33554,595641.0,-12000,0,0,2000,0,0,14000,0,0
20250915,2923,鼎固-KY,22.8,22.8,22.35,22.4,-,0.45,18779,423219.0,-14000,0,2000,1000,0,2000,15000,0,0
20250915,6405,悅城,25.35,25.35,24.7,24.95,,0.0,85802,2134139.0,-12000,0,0,2000,0,0,14000,0,0
20250915,6412,群電,103.0,103.5,102.0,102.0,-,1.0,485570,49877911.0,129000,-146330,4893,280000,0,7000,151000,146330,2107
20250915,4999,鑫禾,25.65,25.65,25.4,25.5,-,0.55,36807,940539.0,-12000,0,-679,1000,0,2000,13000,0,2679
20250915,3576,聯合再生,6.14,6.24,6.06,6.1,-,0.04,2844144,17416792.0,-13000,0,0,805000,0,0,818000,0,0
20250915,1730,花仙子,52.1,52.4,52.1,52.3,-,0.2,58210,3039836.0,-7000,0,-6000,5000,0,0,12000,0,6000
20250915,2468,華經,54.8,54.9,52.9,52.9,-,2.5,1360956,72924615.0,-14000,0,95,224000,0,4000,238000,0,3905
20250915,7705,三商餐飲,43.7,43.7,43.6,43.6,-,0.15,53746,2345490.0,-14000,0,0,3000,0,0,17000,0,0
20250915,6698,旭暉應材,37.55,38.1,36.5,36.85,-,0.7,294978,10895343.0,-17000,0,2991,80000,0,3000,97000,0,9
20250915,1227,佳格,30.2,30.5,30.1,30.25,+,0.1,288525,8714929.0,-53600,0,38737,42000,0,39000,95600,0,263
20250915,2484,希華,20.85,21.0,20.65,20.85,,0.0,216964,4509166.0,-15000,0,0,51000,0,0,66000,0,0
20250915,00714,群益道瓊美國地產,20.13,20.13,20.06,20.07,-,0.06,278646,5593939.0,11000,0,-26404,16000,0,215007,5000,0,241411
20250915,4569,六方科-KY,159.5,160.0,157.0,159.0,+,1.5,79102,12555477.0,-16000,0,0,20000,0,0,36000,0,0
20250915,2069,運錩,14.7,14.7,14.45,14.5,-,0.2,168834,2455252.0,-16000,0,0,11000,0,0,27000,0,0
20250915,1471,首利,9.47,9.51,9.3,9.33,-,0.15,231883,2167023.0,-19000,0,3000,2000,0,3000,21000,0,0
20250915,6108,競國,13.95,14.15,13.9,13.95,-,0.2,87090,1220204.0,-16000,0,-1,10000,0,0,26000,0,1
20250915,2108,南帝,24.05,24.2,23.85,23.9,-,0.15,292088,7008223.0,-24002,0,7990,84000,0,8000,108002,0,10
20250915,3501,維熹,51.2,51.6,51.0,51.5,+,0.2,127395,6530551.0,-16174,0,0,41000,0,0,57174,0,0
20250915,6197,佳必琪,160.5,160.5,156.5,158.5,-,2.0,1061767,167941228.0,69075,-35000,-50871,314075,0,8505,245000,35000,59376
20250915,00668,國泰美國道瓊,50.7,50.7,50.6,50.6,-,0.25,94707,4800518.0,0,0,-17548,0,0,59026,0,0,76574
20250915,5306,桂盟,88.6,89.8,87.1,88.8,+,0.2,174057,15478549.0,-8000,0,-10000,35000,0,1000,43000,0,11000
20250915,6024,群益期,49.05,49.15,49.0,49.1,+,0.05,127095,6239163.0,-18000,0,0,11000,0,0,29000,0,0
20250915,2031,新光鋼,41.9,42.25,41.35,41.45,-,0.45,334445,13903544.0,-19000,0,996,143000,0,4000,162000,0,3004
20250915,6756,威鋒電子,90.5,90.8,89.6,89.6,-,0.9,88961,8009773.0,-14000,0,-4043,23000,0,0,37000,0,4043
20250915,3617,碩天,217.5,217.5,214.0,215.0,-,2.5,173507,37399135.0,-24000,-2000,7592,49000,0,10000,73000,2000,2408
20250915,00762,元大全球AI,79.35,79.65,79.3,79.45,+,0.15,306424,24350734.0,-95980,0,77549,2050,0,100000,98030,0,22451
20250915,3607,谷崧,13.85,14.15,13.7,13.8,,0.0,185205,2559453.0,-25000,0,6000,10000,0,6000,35000,0,0
20250915,6668,中揚光,44.75,45.5,44.3,44.9,-,0.05,405631,18201847.0,-19000,0,0,132000,0,0,151000,0,0
20250915,2028,威致,17.6,17.6,17.2,17.2,-,0.25,59511,1028327.0,-19000,0,0,1000,0,0,20000,0,0
20250915,2461,光群雷,16.55,16.7,16.5,16.6,,0.0,165209,2739583.0,-19000,0,0,33000,0,0,52000,0,0
20250915,3041,揚智,26.95,27.0,26.4,26.8,+,0.05,603594,16084596.0,-19000,0,0,224000,0,0,243000,0,0
20250915,1108,幸福,15.05,15.15,15.05,15.05,-,0.05,75833,1143551.0,-19000,0,0,0,0,0,19000,0,0
20250915,3209,全科,31.0,31.4,31.0,31.3,+,0.2,351586,10957608.0,-16000,-3032,0,87000,0,0,103000,3032,0
20250915,7721,微程式,66.0,66.0,63.6,65.7,+,1.3,86093,5556838.0,-20000,0,968,8000,0,1000,28000,0,32
20250915,2514,龍邦,15.0,15.0,14.85,14.9,-,0.1,185070,2760632.0,-19000,0,-64,2000,0,1000,21000,0,1064
20250915,2059,川湖,3445.0,3445.0,3310.0,3410.0,-,20.0,588883,1999286685.0,21909,-39809,-1901,289100,1000,24032,267191,40809,25933
20250915,6931,青松健康,50.5,51.0,49.5,51.0,+,0.5,84372,4243574.0,-19000,0,-1000,4000,0,0,23000,0,1000
20250915,4414,如興,11.75,12.2,11.75,12.15,+,0.45,411509,4964339.0,-20000,0,0,52000,0,4000,72000,0,4000
20250915,6491,晶碩,311.0,312.5,308.5,309.0,-,1.0,130414,40459996.0,-18000,0,-2127,21000,0,3000,39000,0,5127
20250915,8499,鼎炫-KY,268.5,268.5,259.0,261.0,-,5.5,142244,37369192.0,-12000,0,-8311,40000,0,2000,52000,0,10311
20250915,2020,美亞,24.85,24.85,24.55,24.65,+,0.05,172871,4261084.0,-20000,0,-440,44000,0,0,64000,0,440
20250915,4952,凌通,39.4,42.9,38.65,42.75,+,3.65,829803,34817244.0,-22000,0,1057,155000,0,3078,177000,0,2021
20250915,3592,瑞鼎,286.0,288.5,285.0,285.5,-,0.5,152378,43563773.0,0,-21997,999,89000,1000,1000,89000,22997,1
20250915,2611,志信,15.7,15.8,15.55,15.7,,0.0,195974,3075493.0,-21000,0,0,27000,0,0,48000,0,0
20250915,5522,遠雄,64.0,64.5,63.2,64.1,+,0.2,862158,55054187.0,-73000,0,51992,471000,0,60092,544000,0,8100
20250915,6582,申豐,30.6,30.8,30.2,30.55,+,0.1,90277,2751471.0,-21000,0,-41,10000,0,0,31000,0,41
20250915,1558,伸興,92.5,92.5,92.0,92.2,+,0.1,51388,4737368.0,-17000,-393,-3758,0,0,1000,17000,393,4758
20250915,00737,國泰AI機器人,34.08,34.08,33.98,33.99,-,0.12,101601,3454861.0,-6000,0,-15579,0,0,30000,6000,0,45579
20250915,6890,來億-KY,210.5,212.5,205.0,208.0,-,1.0,707263,147507875.0,-361,0,-21306,361767,0,9234,362128,0,30540
20250915,8105,凌巨,12.85,12.95,12.65,12.75,-,0.1,773546,9885013.0,-23000,0,1000,187000,0,1000,210000,0,0
20250915,3494,誠研,12.2,12.2,11.15,11.5,-,0.85,507256,5769399.0,-25000,0,3000,0,0,4000,25000,0,1000
20250915,3716,中化控股,33.35,33.45,33.0,33.3,-,0.15,140149,4656067.0,-25000,0,3000,9000,0,3000,34000,0,0
20250915,6715,嘉基,94.1,95.7,92.3,93.7,-,0.4,64211,6044709.0,-22000,0,-430,9000,0,1000,31000,0,1430
20250915,8462,柏文,160.5,161.5,159.0,159.5,-,1.0,75866,12143031.0,-28000,3000,2548,7000,3000,3000,35000,0,452
20250915,5292,華懋,158.5,160.5,157.0,158.0,-,0.5,109568,17387486.0,-22700,0,0,16300,0,0,39000,0,0
20250915,4155,訊映,15.8,16.0,15.4,15.45,-,0.55,411124,6413506.0,-23000,0,0,50000,0,0,73000,0,0
20250915,6909,創控,47.5,47.5,46.5,46.65,-,0.75,167387,7841935.0,-23000,0,0,27000,0,0,50000,0,0
20250915,3043,科風,23.6,24.4,23.6,24.25,+,0.65,123976,2981911.0,-23000,0,0,19000,0,0,42000,0,0
20250915,2305,全友,11.1,11.15,11.0,11.1,,0.0,273801,3028937.0,-23000,0,0,57000,0,0,80000,0,0
20250915,2427,三商電,27.65,27.75,27.3,27.3,-,0.3,761801,20914310.0,-23000,0,0,115000,0,0,138000,0,0
20250915,2608,嘉里大榮,34.8,34.8,34.35,34.35,-,0.3,177487,6120022.0,-22000,0,-1015,30000,0,6000,52000,0,7015
20250915,2414,精技,44.05,44.4,43.6,43.65,-,0.4,152467,6711302.0,-21000,0,-3000,29000,0,0,50000,0,3000
20250915,6192,巨路,105.0,106.0,104.5,104.5,-,0.5,108842,11443437.0,-26000,0,2000,24000,0,2000,50000,0,0
20250915,1455,集盛,9.23,9.24,9.11,9.15,-,0.1,440659,4036527.0,-24000,0,-366,18000,0,1000,42000,0,1366
20250915,1527,鑽全,32.5,32.9,32.25,32.5,,0.0,149044,4842827.0,-32994,0,8000,38000,0,8000,70994,0,0
20250915,4927,泰鼎-KY,25.6,26.65,25.5,25.75,+,0.4,4886762,127193424.0,22000,0,-47000,1562000,0,0,1540000,0,47000
20250915,9935,慶豐富,20.25,20.55,20.15,20.25,,0.0,169285,3433670.0,-30000,0,5000,27000,0,5000,57000,0,0
20250915,9941,裕融,96.6,96.6,95.5,95.6,-,0.9,442485,42357178.0,-5000,-10000,-10016,180000,3000,20000,185000,13000,30016
20250915,8467,波力-KY,183.5,183.5,178.0,178.0,-,6.0,134678,24232138.0,-25000,0,-142,29000,0,350,54000,0,492
20250915,2636,台驊控股,70.2,70.4,69.9,70.1,-,0.1,154882,10849978.0,-29000,0,3316,32000,0,4000,61000,0,684
20250915,1417,嘉裕,8.2,8.32,8.17,8.29,-,0.03,206420,1696130.0,-26000,0,0,12000,0,0,38000,0,0
20250915,2460,建通,18.8,18.8,18.3,18.55,,0.0,62764,1163335.0,-28000,0,1571,3000,0,3000,31000,0,1429
20250915,2850,新產,115.5,116.5,114.5,114.5,-,1.0,139628,16071438.0,-8933,-19000,999,35067,0,2000,44000,19000,1001
20250915,2444,兆勁,10.55,10.55,10.35,10.35,-,0.2,360622,3754731.0,-27000,0,0,0,0,0,27000,0,0
20250915,2030,彰源,14.05,14.05,13.8,13.85,-,0.1,103786,1439750.0,-27000,0,0,0,0,0,27000,0,0
20250915,1308,亞聚,11.6,11.7,11.5,11.55,,0.0,678395,7875084.0,59000,0,-86012,226000,0,0,167000,0,86012
20250915,4566,時碩工業,58.1,58.1,56.1,56.5,-,1.0,333243,18883992.0,-11000,0,-16831,74000,0,2054,85000,0,18885
20250915,1463,強盛新,19.65,20.3,19.6,19.65,-,0.05,100002,1981869.0,-18000,0,-10000,39000,0,1000,57000,0,11000
20250915,2509,全坤建,16.5,16.5,16.2,16.45,,0.0,241084,3936471.0,-28000,0,0,26000,0,5000,54000,0,5000
20250915,1762,中化生,25.9,25.9,25.6,25.7,-,0.25,57689,1482880.0,-28000,0,-102,1000,0,3000,29000,0,3102
20250915,8996,高力,342.0,348.0,336.5,338.5,-,2.0,2789889,953024941.0,237989,-223000,-43197,925000,150000,8628,687011,373000,51825
20250915,6782,視陽,192.5,192.5,189.0,189.0,-,1.5,145232,27634451.0,-19500,0,-8852,60500,0,0,80000,0,8852
20250915,6277,宏正,61.8,62.4,60.3,60.3,-,1.3,81526,4961524.0,-27000,0,-1356,0,0,5000,27000,0,6356
20250915,6416,瑞祺電通,86.9,87.6,86.5,86.9,-,0.7,128238,11159454.0,-26000,0,-2965,33000,0,35,59000,0,3000
20250915,6776,展碁國際,53.7,53.7,53.0,53.3,+,0.2,169054,8990157.0,-11000,0,-18000,36000,0,0,47000,0,18000
20250915,1447,力鵬,5.69,5.76,5.69,5.73,+,0.02,522780,2986999.0,-29000,0,0,125000,0,0,154000,0,0
20250915,1416,廣豐,11.35,11.4,11.3,11.4,+,0.05,90574,1025685.0,-29000,0,0,1000,0,0,30000,0,0
20250915,3050,鈺德,12.4,12.45,12.15,12.3,-,0.1,292901,3592253.0,-29000,0,0,47000,0,0,76000,0,0
20250915,3021,鴻名,17.8,17.9,17.6,17.6,-,0.2,96309,1697534.0,24000,0,-53000,39000,0,2000,15000,0,55000
20250915,3622,洋華,51.1,51.1,50.2,50.4,-,0.7,166871,8431117.0,-29000,0,-215,32000,0,2000,61000,0,2215
20250915,6799,來頡,87.5,87.5,85.3,86.1,-,1.4,199978,17233608.0,-29827,0,500,39173,0,1000,69000,0,500
20250915,1720,生達,56.3,56.3,55.4,55.8,-,0.4,118219,6591197.0,-28000,-1000,-516,8000,0,4000,36000,1000,4516
20250915,9933,中鼎,33.3,33.75,33.05,33.6,+,0.3,3054551,102270557.0,-37568,0,7969,790432,0,8000,828000,0,31
20250915,6216,居易,27.5,27.5,27.2,27.35,-,0.2,139946,3822452.0,-30000,0,324,35000,0,2000,65000,0,1676
20250915,00645,富邦日本,43.9,43.94,43.86,43.91,+,0.01,132923,5837800.0,-10000,0,-19988,0,0,8000,10000,0,27988
20250915,3591,艾笛森,18.1,18.3,17.95,18.0,-,0.1,214374,3868036.0,-30000,0,0,55000,0,0,85000,0,0
20250915,00643,群益深証中小,15.47,15.67,15.4,15.59,+,0.1,2758355,43040257.0,-34000,0,3382,18000,0,2454144,52000,0,2450762
20250915,1103,嘉泥,13.3,13.4,13.25,13.35,+,0.05,264573,3525934.0,-41000,0,10000,44000,0,10000,85000,0,0
20250915,1732,毛寶,28.4,28.4,27.9,28.0,-,0.1,129959,3641792.0,-31000,0,-1,29000,0,6000,60000,0,6001
20250915,4564,元翎,20.5,20.55,19.6,20.05,-,0.3,2543942,50841780.0,-61000,0,29158,622000,0,29160,683000,0,2
20250915,3011,今皓,15.0,15.15,14.8,14.8,-,0.25,536926,8008677.0,37000,0,-69000,179000,0,3000,142000,0,72000
20250915,7765,中華資安,330.5,330.5,320.5,321.0,-,8.0,262686,84837922.0,-31000,0,-1163,1000,0,0,32000,0,1163
20250915,2029,盛餘,22.35,22.4,22.1,22.2,-,0.15,418174,9301648.0,-33000,0,76,69000,0,1000,102000,0,924
20250915,5525,順天,31.0,31.0,30.35,30.45,-,0.6,54456,1657156.0,-36600,0,3000,1000,0,3000,37600,0,0
20250915,9906,欣巴巴,63.6,65.3,62.8,63.5,+,1.5,260304,16626000.0,-34000,0,271,92000,0,395,126000,0,124
20250915,6164,華興,10.05,10.1,9.97,9.98,-,0.07,153256,1534392.0,-34000,0,0,10000,0,11000,44000,0,11000
20250915,5225,東科-KY,111.5,111.5,108.5,109.0,-,1.5,609921,66760213.0,-34200,0,-274,142000,0,0,176200,0,274
20250915,2258,鴻華先進-創,39.7,39.7,38.9,39.1,-,0.3,347901,13664834.0,-38000,0,3465,22000,0,20202,60000,0,16737
20250915,6674,鋐寶科技,21.3,21.3,20.35,20.35,-,1.05,179921,3706080.0,-36000,0,1000,27000,0,1000,63000,0,0
20250915,1702,南僑,39.6,39.8,39.5,39.7,+,0.2,231253,9174668.0,-42000,0,6899,50000,0,26000,92000,0,19101
20250915,8454,富邦媒,243.0,244.0,240.0,241.0,-,1.5,225261,54397658.0,-36029,0,585,58104,0,7000,94133,0,6415
20250915,2505,國揚,19.45,19.55,19.2,19.25,-,0.2,250647,4840875.0,-24000,0,-12000,63000,0,0,87000,0,12000
20250915,2495,普安,20.3,20.5,20.1,20.2,-,0.1,392987,7940469.0,-37000,0,341,81000,0,3000,118000,0,2659
20250915,1234,黑松,38.9,38.95,38.75,38.75,-,0.15,174506,6777864.0,-40000,0,3162,11000,0,4000,51000,0,838
20250915,4583,台灣精銳,706.0,706.0,686.0,692.0,-,13.0,252675,175206681.0,-34849,0,-2139,68032,0,7151,102881,0,9290
20250915,8473,山林水,34.9,34.9,34.5,34.5,-,0.4,180113,6235423.0,-32000,0,-5000,32000,0,0,64000,0,5000
20250915,9103,美德醫療-DR,4.83,4.84,4.8,4.8,-,0.03,310929,1496749.0,-37000,0,-80,3000,0,0,40000,0,80
20250915,0055,元大MSCI金融,30.7,31.0,30.65,30.7,+,0.06,115362,3557853.0,-16000,0,-21280,1000,0,13000,17000,0,34280
20250915,1231,聯華食,134.0,134.5,133.0,133.0,-,1.0,161559,21569345.0,-42000,0,4507,11000,0,14000,53000,0,9493
20250915,6862,三集瑞-KY,146.0,146.0,139.0,141.0,-,5.0,235595,33343339.0,-38000,0,0,35000,0,0,73000,0,0
20250915,5515,建國,24.6,24.6,24.2,24.35,-,0.2,102010,2483025.0,-22000,0,-16000,17000,0,0,39000,0,16000
20250915,6949,沛爾生醫-創,440.5,440.5,402.0,425.0,-,15.5,310167,128479156.0,-41000,0,2117,60000,0,7070,101000,0,4953
20250915,6184,大豐電,50.5,50.6,50.4,50.5,-,0.1,117456,5930931.0,-35000,0,-4000,6000,0,0,41000,0,4000
20250915,8464,億豐,457.5,462.5,453.0,454.5,-,3.0,324753,148116254.0,-79973,39539,1168,193000,40000,6221,272973,461,5053
20250915,9917,中保科,113.0,113.5,112.5,113.0,,0.0,276211,31242550.0,-80000,36000,4000,45000,81000,7000,125000,45000,3000
20250915,1714,和桐,7.8,7.8,7.7,7.71,-,0.09,969945,7502882.0,-40000,0,0,214000,0,0,254000,0,0
20250915,9934,成霖,10.3,10.5,10.2,10.25,-,0.1,567350,5860644.0,-40200,0,0,186800,0,0,227000,0,0
20250915,6230,尼得科超眾,143.0,147.5,142.0,142.0,+,1.0,360995,52087025.0,-38300,0,-2102,92700,0,2000,131000,0,4102
20250915,8103,瀚荃,51.7,51.7,50.7,51.6,+,0.1,493526,25275541.0,-26000,0,-14861,196000,0,5000,222000,0,19861
20250915,3545,敦泰,66.6,68.1,66.4,66.5,-,0.3,1175996,78655474.0,-50000,6000,3061,425000,6000,6161,475000,0,3100
20250915,4968,立積,148.5,149.0,144.5,147.0,-,1.5,880584,128507125.0,-46000,0,4783,221000,0,27493,267000,0,22710
20250915,4942,嘉彰,36.15,36.15,35.55,35.6,-,0.3,92812,3313390.0,-43000,0,1772,16000,0,2000,59000,0,228
20250915,3025,星通,44.55,44.95,43.9,44.0,-,0.55,287787,12727268.0,-42000,0,0,58000,0,0,100000,0,0
20250915,2471,資通,50.9,50.9,49.8,49.9,-,0.8,326225,16328620.0,-42000,0,0,37000,0,0,79000,0,0
20250915,00678,群益那斯達克生技,28.54,28.54,28.12,28.13,-,0.4,457764,12949008.0,-36000,0,-6986,0,0,380368,36000,0,387354
20250915,2723,美食-KY,76.4,76.9,76.3,76.3,-,0.1,189461,14503675.0,-46000,0,2639,71000,0,3000,117000,0,361
20250915,2601,益航,5.77,5.83,5.76,5.8,-,0.03,840402,4869737.0,-45000,0,1000,124000,0,1000,169000,0,0
20250915,1309,台達化,10.75,10.85,10.7,10.75,,0.0,471678,5077468.0,49000,0,-93095,178000,0,0,129000,0,93095
20250915,6806,森崴能源,56.0,56.5,54.7,55.5,-,0.5,771849,42780272.0,-45000,1000,-381,213000,1000,14000,258000,0,14381
20250915,5706,鳳凰,53.9,54.6,53.3,53.6,+,0.1,196543,10559410.0,-16000,-30500,1603,35000,0,2000,51000,30500,397
20250915,4912,聯德控股-KY,76.1,77.0,75.9,76.3,+,0.1,72767,5551942.0,-44900,0,-2,8100,0,0,53000,0,2
20250915,3454,晶睿,92.3,92.3,91.1,91.7,-,0.6,93353,8562080.0,-49000,0,3941,10000,0,4000,59000,0,59
20250915,2387,精元,41.1,41.15,40.6,40.7,-,0.15,202546,8271815.0,-46000,0,-204,40000,0,3000,86000,0,3204
20250915,2548,華固,102.0,102.5,100.5,102.5,+,0.5,728786,73995617.0,10000,0,-56321,183000,0,15271,173000,0,71592
20250915,4961,天鈺,171.0,172.0,169.0,169.0,-,1.5,325157,55249903.0,102000,-148000,-411,169000,0,6544,67000,148000,6955
20250915,2480,敦陽科,169.0,170.0,167.5,167.5,-,1.0,164861,27769108.0,-37000,-1000,-8640,72000,0,3000,109000,1000,11640
20250915,1452,宏益,13.8,13.85,13.6,13.6,-,0.2,86899,1187926.0,-47000,0,0,0,0,0,47000,0,0
20250915,8374,羅昇,103.0,103.5,101.0,101.0,-,2.5,509786,51890060.0,-43000,0,-4310,65000,0,1000,108000,0,5310
20250915,0052,富邦科技,221.0,221.3,219.0,220.05,-,0.45,482644,106059982.0,16160,-14000,-50223,19160,0,134383,3000,14000,184606
20250915,2107,厚生,24.0,24.0,23.8,23.95,+,0.05,257203,6137160.0,-41000,0,-8000,0,0,0,41000,0,8000
20250915,2929,淘帝-KY,9.27,9.36,9.13,9.16,-,0.11,164687,1514109.0,-49000,0,0,5000,0,3000,54000,0,3000
20250915,1466,聚隆,16.8,17.2,16.6,16.85,+,0.05,260852,4375328.0,-49000,0,-177,45000,0,0,94000,0,177
20250915,2104,國際中橡,10.65,10.75,10.55,10.65,,0.0,450810,4801567.0,-66000,0,16558,91000,0,17000,157000,0,442
20250915,8429,金麗-KY,7.86,7.9,7.8,7.87,+,0.01,109251,855299.0,-50000,0,0,1000,0,0,51000,0,0
20250915,6579,研揚,128.0,128.0,124.0,125.5,-,2.5,110543,13882003.0,-52000,0,2000,11000,0,2000,63000,0,0
20250915,00692,富邦公司治理,50.9,50.9,50.6,50.75,-,0.05,944871,47968956.0,178,0,-50617,11178,0,271085,11000,0,321702
20250915,7736,虎山,100.0,100.5,92.3,92.6,-,5.4,118811,11313995.0,-30900,0,-20000,8100,0,0,39000,0,20000
20250915,8081,致新,221.0,223.5,221.0,222.0,+,1.0,234547,52112006.0,-44000,-5000,-3270,41000,0,730,85000,5000,4000
20250915,1611,中電,12.9,12.9,12.75,12.75,-,0.15,219933,2821274.0,-53000,0,324,20000,0,3000,73000,0,2676
20250915,3057,喬鼎,9.21,9.21,8.94,9.01,-,0.24,333813,3006974.0,-55000,0,0,23000,0,0,78000,0,0
20250915,4555,氣立,44.45,45.15,43.4,43.95,-,0.5,487907,21517599.0,-50000,0,-6000,152000,0,0,202000,0,6000
20250915,6283,淳安,25.2,25.45,24.7,24.85,-,0.35,369581,9211219.0,-56000,0,0,61000,0,0,117000,0,0
20250915,00652,富邦印度,35.83,35.91,35.83,35.88,+,0.06,258162,9261829.0,0,0,-56157,0,0,0,0,0,56157
20250915,00850,元大臺灣ESG永續,49.9,49.99,49.66,49.83,-,0.07,637797,31794487.0,61139,-45000,-72977,70139,0,80000,9000,45000,152977
20250915,2412,中華電,135.5,135.5,134.5,135.0,-,0.5,4591025,619569596.0,-81925,-54400,79115,2186207,44000,161176,2268132,98400,82061
20250915,1713,國化,49.6,49.6,48.9,49.5,-,0.4,156670,7716879.0,-58000,0,0,20000,0,0,78000,0,0
20250915,4915,致伸,77.4,78.2,77.1,77.2,-,0.2,1335033,103375952.0,-11000,-46820,-315,620000,6000,9000,631000,52820,9315
20250915,6625,必應,88.2,88.2,86.1,86.6,-,0.6,184093,15980341.0,-64000,0,4313,35000,0,7000,99000,0,2687
20250915,1723,中碳,81.7,82.5,81.7,81.9,+,0.2,198491,16278323.0,-69000,5000,4000,27000,5000,4000,96000,0,0
20250915,1773,勝一,139.0,140.0,137.5,138.5,,0.0,355217,49207359.0,-38000,-20000,-2000,92000,0,4000,130000,20000,6000
20250915,2438,翔耀,24.8,24.95,23.8,23.8,-,1.2,214770,5166383.0,-62000,0,1000,12000,0,1000,74000,0,0
20250915,1709,和益,16.2,16.25,16.15,16.2,-,0.05,142771,2314540.0,-61000,0,0,2000,0,0,63000,0,0
20250915,4526,東台,34.85,35.6,34.3,34.8,-,0.05,3688558,128522710.0,-35990,0,-26000,898010,0,4000,934000,0,30000
20250915,6768,志強-KY,100.0,100.0,99.1,99.5,-,0.4,241851,24049764.0,-66000,-280,4113,72000,1000,5113,138000,1280,1000
20250915,6142,友勁,10.2,10.2,9.9,9.94,-,0.06,311347,3098059.0,-64000,0,1000,65000,0,1000,129000,0,0
20250915,6205,詮欣,43.2,43.2,42.0,42.3,-,1.0,175677,7475075.0,-64000,0,0,10000,0,0,74000,0,0
20250915,3138,耀登,90.9,91.3,89.0,89.4,-,2.4,146502,13196115.0,-65000,0,0,15000,0,0,80000,0,0
20250915,2383,台光電,1345.0,1345.0,1295.0,1315.0,-,30.0,3697369,4865551075.0,-93596,121593,-94346,1353866,201000,68533,1447462,79407,162879
20250915,1522,堤維西,41.15,41.65,40.95,40.95,-,0.45,698036,28773968.0,-62000,-5684,607,218000,0,4115,280000,5684,3508
20250915,2465,麗臺,60.0,61.0,58.6,59.1,,0.0,216856,12859042.0,-68000,0,0,33000,0,0,101000,0,0
20250915,6689,伊雲谷,78.4,78.4,75.6,77.0,-,2.1,580801,44606799.0,-69000,0,695,103000,0,6000,172000,0,5305
20250915,3312,弘憶股,44.25,44.25,42.85,43.0,-,0.65,463283,19973590.0,-64995,0,-3312,108005,0,60,173000,0,3372
20250915,2478,大毅,44.8,44.8,42.95,43.0,-,1.9,290905,12673323.0,-64000,0,-5000,12000,0,0,76000,0,5000
20250915,2450,神腦,29.6,29.7,29.55,29.55,-,0.05,96448,2855756.0,-69000,0,0,1000,0,0,70000,0,0
20250915,3010,華立,99.5,99.5,97.5,97.7,-,1.2,452852,44539068.0,2000,-74000,2893,119000,6000,3413,117000,80000,520
20250915,2351,順德,81.0,82.4,79.6,80.0,-,0.6,970308,78226522.0,-128000,0,58890,208000,0,66235,336000,0,7345
20250915,3673,TPK-KY,38.85,39.3,38.2,38.65,+,0.15,1315371,50956704.0,-71622,0,1560,540378,0,30004,612000,0,28444
20250915,2397,友通,73.7,73.7,72.4,72.6,-,1.0,240147,17506171.0,-72000,0,1000,60000,0,1000,132000,0,0
20250915,4576,大銀微系統,121.0,121.5,119.0,120.0,-,2.0,616831,74105907.0,-71000,0,-613,94000,0,7000,165000,0,7613
20250915,6409,旭隼,966.0,979.0,948.0,951.0,-,24.0,566842,542314855.0,-73579,0,1786,361864,0,5000,435443,0,3214
20250915,2428,興勤,151.0,151.0,147.5,148.5,-,1.0,231351,34398700.0,-73000,0,373,38000,0,4000,111000,0,3627
20250915,2338,光罩,40.4,42.45,39.95,41.4,+,1.0,5274693,219657679.0,-87664,0,13961,1394336,0,164451,1482000,0,150490
20250915,3583,辛耘,362.5,364.0,357.0,358.0,-,4.5,621027,223417137.0,-73000,0,-1850,141000,0,6212,214000,0,8062
20250915,2247,汎德永業,312.5,313.0,297.0,297.5,-,13.0,494966,149642468.0,-87030,0,11955,71000,0,14000,158030,0,2045
20250915,3014,聯陽,132.0,132.5,131.0,131.5,-,0.5,411467,54193813.0,-66000,-9511,-440,101000,3000,3000,167000,12511,3440
20250915,3515,華擎,306.0,306.0,287.0,287.5,-,18.0,1490049,438143609.0,-54687,-3000,-19619,394313,1000,21651,449000,4000,41270
20250915,8163,達方,36.0,36.2,35.5,35.65,-,0.35,349386,12479289.0,-77000,0,-2068,97000,0,7000,174000,0,9068
20250915,1102,亞泥,36.6,36.9,36.55,36.8,+,0.25,6095026,223925026.0,1137321,-979925,-236850,4169734,28000,38442,3032413,1007925,275292
20250915,1597,直得,82.3,82.3,80.1,80.7,-,0.8,454994,36702738.0,-79000,0,-1425,126000,0,3250,205000,0,4675
20250915,1517,利奇,10.3,10.4,10.2,10.3,,0.0,350430,3606421.0,-86000,0,2999,7000,0,3000,93000,0,1
20250915,9902,台火,16.15,16.3,16.0,16.05,-,0.15,190638,3067689.0,-83000,0,-8,31000,0,0,114000,0,8
20250915,2607,榮運,34.8,35.1,34.5,34.7,-,0.1,1639817,56955834.0,-38000,-35000,-12000,439000,0,11000,477000,35000,23000
20250915,6443,元晶,14.5,14.8,14.45,14.5,+,0.05,2537668,37099875.0,-125000,0,39407,903000,0,43407,1028000,0,4000
20250915,8114,振樺電,233.0,233.5,228.5,230.0,-,4.0,280559,64680117.0,-86000,1000,-1678,76000,1000,8000,162000,0,9678
20250915,6863,永道-KY,145.5,146.5,142.5,145.0,,0.0,213546,30788308.0,-87996,0,509,23004,0,1000,111000,0,491
20250915,4164,承業醫,49.1,49.75,48.7,48.8,+,0.1,1659164,81567321.0,-101000,0,12491,425000,0,25126,526000,0,12635
20250915,2250,IKKA-KY,95.0,99.5,94.5,94.6,-,1.7,1877661,181381186.0,-66000,0,-22914,396000,0,0,462000,0,22914
20250915,1734,杏輝,30.6,30.95,30.55,30.7,+,0.1,160738,4930228.0,-89000,0,0,7000,0,0,96000,0,0
20250915,00733,富邦臺灣中小,46.65,46.8,45.63,45.96,-,0.69,1530930,70465453.0,215010,0,-305142,319060,0,541739,104050,0,846881
20250915,2528,皇普,29.7,29.95,29.2,29.65,-,0.05,323203,9559064.0,-97000,0,6000,103000,0,6000,200000,0,0
20250915,00909,國泰數位支付服務,39.08,39.33,39.02,39.33,+,0.49,2438089,95582526.0,23366,0,-115120,44366,0,497000,21000,0,612120
20250915,3060,銘異,19.7,19.7,19.15,19.3,-,0.25,380139,7334546.0,-93800,0,221,61200,0,5000,155000,0,4779
20250915,1449,佳和,11.55,11.65,11.45,11.5,,0.0,426749,4915181.0,-95000,0,1413,93000,0,2000,188000,0,587
20250915,1909,榮成,10.1,10.15,9.99,10.0,-,0.1,835368,8386964.0,-96000,0,1000,192000,0,23000,288000,0,22000
20250915,3705,永信,54.7,55.0,54.5,54.6,-,0.1,260830,14276411.0,-91000,1000,-5310,22000,1000,2000,113000,0,7310
20250915,6472,保瑞,707.0,717.0,702.0,704.0,-,2.0,536366,379580813.0,-88809,1000,-8049,115030,1000,33300,203839,0,41349
20250915,4736,泰博,121.5,121.5,117.5,119.5,-,1.5,523652,62449794.0,230000,0,-326000,263000,0,3000,33000,0,329000
20250915,3661,世芯-KY,3800.0,3820.0,3690.0,3725.0,-,65.0,1455599,5437844640.0,165418,-264098,2503,542911,0,37493,377493,264098,34990
20250915,2489,瑞軒,13.3,13.45,13.15,13.2,-,0.1,1620912,21502541.0,-105000,0,8614,428000,0,8614,533000,0,0
20250915,6589,台康生技,61.0,61.4,60.6,60.7,-,0.3,389425,23671823.0,-99000,0,2000,35000,0,2000,134000,0,0
20250915,00894,中信小資高價30,23.81,23.87,23.6,23.69,-,0.12,1872928,44460285.0,-395000,0,295282,96000,0,824558,491000,0,529276
20250915,1316,上曜,14.15,14.3,13.95,14.0,-,0.05,4517682,63624292.0,-102000,0,0,1289000,0,0,1391000,0,0
20250915,3447,展達,65.3,67.2,65.0,65.5,+,0.2,892550,58828889.0,-103000,0,64,227000,0,1000,330000,0,936
20250915,6526,達發,547.0,549.0,536.0,538.0,-,9.0,278354,150438066.0,-95488,0,-9269,46000,0,13000,141488,0,22269
20250915,4571,鈞興-KY,182.5,182.5,176.0,178.5,-,3.0,511575,91177663.0,-91000,0,-14000,101000,0,0,192000,0,14000
20250915,2420,新巨,52.1,52.2,51.7,51.8,-,0.3,378959,19658405.0,-105000,0,0,58000,0,0,163000,0,0
20250915,6116,彩晶,7.3,7.36,7.2,7.23,-,0.07,2236858,16216704.0,-122600,0,17000,585400,0,24000,708000,0,7000
20250915,6670,復盛應用,255.5,261.0,255.0,258.5,+,4.5,318590,82401142.0,-21997,-82993,-880,79003,1000,3000,101000,83993,3880
20250915,2207,和泰車,604.0,607.0,599.0,599.0,-,5.0,366212,220788731.0,-119512,0,11000,111544,5000,15000,231056,5000,4000
20250915,2613,中櫃,26.1,26.2,25.8,25.95,-,0.1,239869,6225930.0,-103000,0,-6000,21000,0,2000,124000,0,8000
20250915,6426,統新,73.3,73.3,71.1,71.5,-,1.8,222325,15992578.0,-79000,0,-30000,28000,0,0,107000,0,30000
20250915,9919,康那香,16.75,16.75,16.6,16.75,,0.0,265150,4421762.0,-110000,0,0,34000,0,0,144000,0,0
20250915,3311,閎暉,35.95,36.25,34.9,35.1,-,0.5,631768,22361399.0,-100000,0,-10000,85000,0,0,185000,0,10000
20250915,2516,新建,14.45,14.6,14.4,14.45,-,0.3,219901,3178397.0,-107000,0,-3000,13000,0,0,120000,0,3000
20250915,2637,慧洋-KY,58.7,59.0,57.9,58.4,-,0.3,1535740,89688920.0,-109000,-5400,3857,583000,7600,37000,692000,13000,33143
20250915,2889,國票金,15.3,15.35,15.2,15.25,-,0.05,1545263,23624392.0,-96000,-20000,1000,711000,3000,52000,807000,23000,51000
20250915,6414,樺漢,303.0,303.0,297.5,298.0,-,4.5,748755,223982153.0,58000,-177000,3177,209000,0,21435,151000,177000,18258
20250915,1712,興農,42.6,42.9,42.6,42.75,+,0.1,297667,12713679.0,-117000,-1000,1000,7000,0,6000,124000,1000,5000
20250915,1806,冠軍,9.53,9.6,9.38,9.39,-,0.08,360667,3405211.0,-129000,0,12000,20000,0,12000,149000,0,0
20250915,3005,神基,159.5,161.0,157.0,158.0,-,0.5,3312761,526756666.0,359005,-321370,-155884,1683005,32000,36134,1324000,353370,192018
20250915,1617,榮星,14.95,14.95,14.65,14.7,-,0.3,170601,2516283.0,-56000,0,-65000,9000,0,0,65000,0,65000
20250915,5533,皇鼎,15.95,15.95,15.75,15.8,-,0.15,220099,3478584.0,-121000,0,0,2000,0,0,123000,0,0
20250915,3413,京鼎,302.0,302.0,294.5,295.5,-,5.0,638421,189688465.0,-48050,-72000,-1010,163000,0,5000,211050,72000,6010
20250915,2524,京城,45.6,48.4,45.3,46.75,+,0.7,979796,45920903.0,-126000,0,3470,240000,0,12052,366000,0,8582
20250915,1464,得力,10.7,10.85,10.7,10.7,,0.0,327300,3519621.0,-124000,0,0,43000,0,0,167000,0,0
20250915,3017,奇鋐,1070.0,1095.0,1040.0,1045.0,-,5.0,9915034,10568345270.0,-492315,441573,-73267,2777258,494000,205320,3269573,52427,278587
20250915,9907,統一實,17.8,17.85,17.65,17.75,-,0.05,996258,17673794.0,-171000,-2000,45551,291000,1000,47000,462000,3000,1449
20250915,6451,訊芯-KY,159.5,159.5,154.5,156.5,-,4.0,771019,120924248.0,-114075,0,-15261,144000,0,3000,258075,0,18261
20250915,6854,錼創科技-KY創,154.5,154.5,150.0,150.0,-,4.5,474489,72081571.0,-101000,0,-30418,66000,0,11000,167000,0,41418
20250915,6605,帝寶,132.5,136.5,132.5,135.5,+,3.5,644645,86958155.0,-183000,24000,26791,166000,24000,36259,349000,0,9468
20250915,2236,百達-KY,109.0,109.5,106.0,107.5,-,1.5,365799,39254705.0,-134106,0,1000,44000,0,1000,178106,0,0
20250915,1218,泰山,18.95,19.1,18.8,18.95,,0.0,788483,14900247.0,-149000,0,15845,29000,0,31000,178000,0,15155
20250915,1104,環泥,30.8,30.8,30.1,30.1,-,0.9,2197769,66724187.0,-146000,0,9482,392000,0,16000,538000,0,6518
20250915,3032,偉訓,99.0,99.2,96.1,96.2,-,2.3,1315913,127888606.0,-40000,0,-96966,357000,0,17186,397000,0,114152
20250915,2426,鼎元,17.5,18.1,17.35,17.5,+,0.25,1062295,18749037.0,-114000,0,-24000,326000,0,3000,440000,0,27000
20250915,2912,統一超,253.5,254.0,251.5,251.5,-,2.0,860598,216777867.0,-19744,-129822,8941,354858,2000,14000,374602,131822,5059
20250915,1442,名軒,49.75,50.5,48.05,49.9,+,0.4,702851,34615572.0,-150000,0,8509,340000,0,13320,490000,0,4811
20250915,6830,汎銓,177.0,177.0,168.0,171.5,-,6.0,1229964,210443619.0,-141000,0,-1061,120000,0,1014,261000,0,2075
20250915,2034,允強,19.7,19.9,19.7,19.7,-,0.1,636322,12585356.0,-138000,0,-5596,204000,0,14000,342000,0,19596
20250915,1477,聚陽,289.5,291.0,283.5,284.0,-,7.5,1939527,553600523.0,-34276,-135332,25870,1020724,0,88000,1055000,135332,62130
20250915,2467,志聖,195.0,195.5,187.0,189.5,-,5.5,2103173,399696625.0,-130000,0,-14093,735000,0,6000,865000,0,20093
20250915,1434,福懋,15.4,15.5,15.3,15.3,-,0.1,1074416,16518284.0,-159000,0,13588,583000,0,15000,742000,0,1412
20250915,6669,緯穎,3210.0,3245.0,3155.0,3220.0,-,20.0,1315500,4220908985.0,-128120,-7000,-10957,431606,4000,22000,559726,11000,32957
20250915,2009,第一銅,33.7,33.85,33.1,33.15,-,0.55,772941,25808439.0,-150000,0,3244,124000,0,6002,274000,0,2758
20250915,9924,福興,44.05,44.1,43.55,43.6,-,0.9,379442,16603640.0,-146000,-1116,0,8000,0,0,154000,1116,0
20250915,8210,勤誠,615.0,621.0,602.0,606.0,-,9.0,1271772,776260218.0,-95995,-44000,-9766,381005,8000,14778,477000,52000,24544
20250915,3588,通嘉,50.4,54.7,50.4,54.7,+,4.95,4423131,236355162.0,-148996,0,-1306,662004,0,719,811000,0,2025
20250915,6456,GIS-KY,63.6,63.6,61.0,61.2,-,1.9,1545262,95360333.0,-78000,0,-73047,455000,0,12227,533000,0,85274
20250915,1460,宏遠,6.04,6.04,5.97,6.03,-,0.01,675512,4056366.0,-153000,0,0,83000,0,0,236000,0,0
20250915,1215,卜蜂,136.5,136.5,132.5,133.5,-,3.0,627649,84084994.0,-89000,-70000,4056,248000,0,17000,337000,70000,12944
20250915,2349,錸德,10.5,10.5,10.25,10.3,-,0.15,1252325,12958910.0,-161000,0,0,97000,0,0,258000,0,0
20250915,6269,台郡,65.0,65.3,63.3,64.1,-,1.1,1158870,74135665.0,-102000,0,-61412,241000,0,15187,343000,0,76599
20250915,5244,弘凱,46.05,46.05,45.0,45.05,-,0.55,528289,23916922.0,-177000,0,0,79000,0,0,256000,0,0
20250915,1540,喬福,25.1,25.1,24.65,24.75,-,0.35,430788,10718268.0,-178000,0,0,53000,0,0,231000,0,0
20250915,2545,皇翔,43.35,43.9,42.8,43.45,+,0.4,1500919,65008454.0,-183000,0,2981,326000,0,3000,509000,0,19
20250915,6805,富世達,1025.0,1050.0,1000.0,1005.0,-,15.0,1579230,1610055000.0,-104466,-84000,7404,506198,0,49154,610664,84000,41750
20250915,1609,大亞,41.75,42.35,41.2,41.4,+,0.55,7358861,305965794.0,-152679,0,-28787,2029321,0,116616,2182000,0,145403
20250915,5471,松翰,37.0,39.4,37.0,39.4,+,3.55,3113881,121602065.0,-183000,0,14,171000,0,14,354000,0,0
20250915,3049,精金,6.13,6.16,6.07,6.1,-,0.03,454874,2772983.0,-184000,0,0,45000,0,0,229000,0,0
20250915,1590,亞德客-KY,781.0,781.0,772.0,774.0,-,7.0,733424,568750825.0,-188230,824,3227,452084,1000,8000,640314,176,4773
20250915,2539,櫻花建,49.0,49.6,48.9,49.4,+,0.65,638944,31493081.0,-202000,0,17000,144000,0,23000,346000,0,6000
20250915,2486,一詮,79.3,79.9,77.6,79.0,-,0.1,2733835,215165495.0,-173000,0,-14669,750000,0,7225,923000,0,21894
20250915,1537,廣隆,127.5,128.0,126.0,126.0,-,1.5,348266,43986785.0,-95000,0,-95453,20000,0,12000,115000,0,107453
20250915,2360,致茂,569.0,569.0,550.0,552.0,-,19.0,2075694,1153599786.0,393900,-491000,-94716,1312294,8000,34402,918394,499000,129118
20250915,3530,晶相光,60.7,66.1,59.4,65.1,+,5.0,1630761,105624745.0,-194000,0,1642,145000,0,1649,339000,0,7
20250915,1708,東鹼,30.4,30.6,30.35,30.4,,0.0,560029,17055885.0,-198000,0,136,82000,0,6000,280000,0,5864
20250915,1582,信錦,67.7,68.1,67.1,67.6,-,0.5,454795,30692902.0,-199000,-3000,3622,68000,0,8000,267000,3000,4378
20250915,6533,晶心科,321.0,321.0,307.0,312.5,-,6.0,797622,250156159.0,-166000,0,-32473,148000,0,4819,314000,0,37292
20250915,2442,新美齊,26.55,26.65,26.15,26.2,-,0.35,398669,10490379.0,-212000,0,13081,74000,0,15276,286000,0,2195
20250915,2897,王道銀行,9.1,9.13,9.07,9.08,-,0.01,978301,8900010.0,-230000,-18000,47000,148000,0,47000,378000,18000,0
20250915,4532,瑞智,23.25,23.5,23.25,23.4,+,0.15,897171,20998854.0,-200000,-4210,2876,140000,1000,14000,340000,5210,11124
20250915,6206,飛捷,106.0,107.0,105.0,105.0,-,1.0,675836,71475046.0,-204000,-1200,759,98000,800,10169,302000,2000,9410
20250915,2331,精英,20.2,20.45,20.0,20.15,-,0.15,2575112,51932083.0,-261000,0,53313,669000,0,55879,930000,0,2566
20250915,1524,耿鼎,29.1,29.15,28.45,28.55,-,0.4,676049,19359690.0,-208000,0,0,78000,0,0,286000,0,0
20250915,3051,力特,22.7,22.95,22.35,22.9,+,0.25,552852,12497472.0,-209000,0,0,63000,0,0,272000,0,0
20250915,3701,大眾控,41.3,42.25,41.05,41.3,+,1.1,1619044,67356665.0,-216000,0,2599,321000,0,6000,537000,0,3401
20250915,2547,日勝生,11.45,11.6,11.35,11.35,-,0.05,801870,9170082.0,-231000,1000,15998,107000,1000,16000,338000,0,2
20250915,3645,達邁,69.2,70.4,67.5,67.9,-,1.5,3323671,228010572.0,-186000,0,-28277,652000,0,4234,838000,0,32511
20250915,6706,惠特,66.5,67.9,64.2,67.9,+,0.4,2636880,174332038.0,-256000,0,41037,546000,0,45203,802000,0,4166
20250915,3006,晶豪科,63.4,64.6,61.5,64.1,+,3.1,14546359,922540944.0,-1193000,-1000,977787,2583000,0,1287737,3776000,1000,309950
20250915,2488,漢平,49.7,49.75,49.25,49.55,-,0.05,669686,33163206.0,-216000,0,-756,9000,0,1000,225000,0,1756
20250915,1612,宏泰,36.25,36.3,35.7,35.75,-,0.45,1074364,38586241.0,-172000,0,-49304,282000,0,11000,454000,0,60304
20250915,1319,東陽,95.8,97.9,94.4,96.4,+,1.1,1938760,187249702.0,-47500,-306856,129391,629000,6000,175500,676500,312856,46109
20250915,1618,合機,47.35,47.45,46.5,46.7,-,0.65,1137700,53301606.0,-199000,0,-26789,216000,0,8000,415000,0,34789
20250915,2884,玉山金,34.0,34.2,33.5,33.55,-,0.3,20507046,692035396.0,5076640,-5494138,187998,10754252,9000,295000,5677612,5503138,107002
20250915,3090,日電貿,73.4,73.4,72.0,72.2,-,0.8,968803,70255919.0,-218000,-2140,-10136,131000,0,11001,349000,2140,21137
20250915,3406,玉晶光,420.0,422.5,415.5,415.5,,0.0,1018537,425886867.0,-265254,46000,-12667,308746,71000,21678,574000,25000,34345
20250915,6449,鈺邦,177.0,181.5,172.0,176.5,-,2.0,2989867,526183694.0,-181000,0,-54070,812000,0,87661,993000,0,141731
20250915,5388,中磊,102.5,103.0,101.0,101.0,-,1.5,631065,64172697.0,-234946,4000,-4750,99054,4000,4169,334000,0,8919
20250915,2458,義隆,129.0,131.5,129.0,131.0,+,1.5,1902314,248350688.0,-4050,-257663,25830,622000,0,48101,626050,257663,22271
20250915,2474,可成,187.5,189.0,185.5,186.5,-,0.5,1845733,345219250.0,153738,-345170,-44835,963537,350500,19000,809799,695670,63835
20250915,2457,飛宏,24.5,24.8,23.85,23.85,-,0.3,2116863,51391510.0,-79000,0,-158699,560000,0,40000,639000,0,198699
20250915,2101,南港,44.9,45.2,42.05,44.4,,0.0,2673559,116887137.0,-190000,0,-57249,198000,0,22583,388000,0,79832
20250915,2485,兆赫,13.15,13.25,12.85,12.85,-,0.1,855749,11091337.0,-249000,0,1577,243000,0,7000,492000,0,5423
20250915,1307,三芳,29.9,30.35,29.8,29.8,,0.0,836062,25107851.0,-236000,-2730,-9000,238000,1000,11000,474000,3730,20000
20250915,2615,萬海,80.2,80.3,79.3,79.6,-,0.4,3411488,271973862.0,-513970,-23789,286786,1407630,0,336000,1921600,23789,49214
20250915,5871,中租-KY,114.5,115.5,114.5,114.5,,0.0,2585602,297065753.0,245002,-374996,-123415,1213500,19000,20240,968498,393996,143655
20250915,3034,聯詠,423.0,430.5,421.0,421.5,+,4.5,2550226,1081551867.0,715669,-879980,-91742,1339080,4000,32058,623411,883980,123800
20250915,6196,帆宣,270.5,271.0,261.5,263.0,-,8.5,2661910,703833548.0,-103994,-142000,-11585,914006,1000,37169,1018000,143000,48754
20250915,5258,虹堡,75.6,75.6,73.7,73.9,-,2.0,467421,34773830.0,-262000,0,3648,69000,0,3648,331000,0,0
20250915,6176,瑞儀,139.0,140.5,138.0,138.0,-,1.0,1160638,161090325.0,105600,-367301,461,566600,1000,15000,461000,368301,14539
20250915,3048,益登,46.25,46.55,45.0,45.75,+,0.3,6482936,297731864.0,-108000,0,-154000,189000,0,8000,297000,0,162000
20250915,3665,貿聯-KY,1120.0,1130.0,1085.0,1095.0,-,5.0,2718872,2994252865.0,-163248,-79000,-20563,1405752,14000,57968,1569000,93000,78531
20250915,1587,吉茂,38.0,40.6,37.75,38.95,+,1.05,2982890,116378568.0,-264000,0,-680,649000,0,0,913000,0,680
20250915,6525,捷敏-KY,82.4,84.3,82.1,84.2,+,2.5,1278815,106958619.0,-271000,0,6000,222000,0,9000,493000,0,3000
20250915,2605,新興,22.8,23.0,22.7,22.95,+,0.05,1539901,35167432.0,-322000,0,42550,399000,0,134000,721000,0,91450
20250915,6278,台表科,105.5,106.0,104.0,104.5,-,0.5,1145847,120355164.0,44000,-313410,-14940,371000,0,7489,327000,313410,22429
20250915,2617,台航,27.6,27.75,27.15,27.15,-,0.3,533163,14552378.0,-302087,-2000,5418,44000,0,7000,346087,2000,1582
20250915,3016,嘉晶,45.6,49.15,45.6,49.15,+,4.45,7114094,344501619.0,-316000,0,15501,960000,0,16501,1276000,0,1000
20250915,4766,南寶,402.5,421.0,397.5,404.5,+,5.5,2419767,991221450.0,-358782,44715,11557,668218,64000,93281,1027000,19285,81724
20250915,2340,台亞,27.25,27.25,26.65,27.25,+,2.45,7437090,202196483.0,-176000,0,-128017,616000,0,21983,792000,0,150000
20250915,3712,永崴投控,34.5,34.55,33.55,33.55,-,0.95,908249,30764713.0,-301000,-3010,-1080,139000,0,13000,440000,3010,14080
20250915,00730,富邦臺灣優質高息,25.24,25.24,24.82,24.88,-,0.36,602703,15037721.0,-41020,0,-266804,0,0,100000,41020,0,366804
20250915,1519,華城,613.0,613.0,598.0,601.0,-,7.0,1241907,748393473.0,-270322,1000,-39434,214422,1000,6530,484744,0,45964
20250915,2332,友訊,17.05,17.1,16.75,16.8,-,0.25,1793069,30272331.0,-231177,0,-81182,392000,0,22000,623177,0,103182
20250915,3029,零壹,124.5,125.5,122.5,123.0,-,1.5,1262062,156254334.0,-317000,0,-1756,207000,0,19623,524000,0,21379
20250915,00897,富邦基因免疫生技,7.35,7.35,7.26,7.28,-,0.09,1231225,8986015.0,-519000,0,197481,0,0,706000,519000,0,508519
20250915,8110,華東,15.0,15.95,14.65,15.75,+,0.95,17122141,263441505.0,-323000,0,-297,2691000,0,0,3014000,0,297
20250915,6112,邁達特,52.9,53.2,50.7,51.5,-,1.7,2572944,132799643.0,-307999,0,-17571,373001,0,6000,681000,0,23571
20250915,4306,炎洲,14.05,14.05,13.85,13.85,-,0.2,1318205,18342171.0,-338000,0,10000,218000,0,10000,556000,0,0
20250915,1789,神隆,19.25,19.35,18.8,19.0,-,0.3,1201019,22863353.0,-343000,0,5999,162000,0,6000,505000,0,1
20250915,6672,騰輝電子-KY,112.5,113.0,108.0,109.0,-,4.5,2606281,285661601.0,-338000,0,-9,349000,0,0,687000,0,9
20250915,8046,南電,184.0,184.5,177.5,179.0,-,5.0,6543837,1182712138.0,-124092,65000,-280595,2458215,97000,106233,2582307,32000,386828
20250915,00964,中信亞太高股息,11.0,11.02,10.97,11.0,+,0.07,1821350,20014928.0,-50000,0,-290000,57000,0,1316000,107000,0,1606000
20250915,6861,睿生光電,61.1,66.3,61.1,63.8,+,3.5,1296150,83283996.0,-342000,0,-403,139000,0,8597,481000,0,9000
20250915,2913,農林,14.25,14.45,14.1,14.2,-,0.05,1219172,17354740.0,-366000,0,9065,109000,0,23000,475000,0,13935
20250915,2399,映泰,19.15,19.15,18.45,18.8,-,0.1,1161165,21701256.0,-359000,0,0,201000,0,0,560000,0,0
20250915,9958,世紀鋼,170.5,171.5,168.5,169.0,-,1.5,1303725,221504514.0,-320000,4000,-46386,345000,4000,96233,665000,0,142619
20250915,2606,裕民,56.8,57.0,56.1,56.5,,0.0,2156047,122094359.0,-358000,-2520,-8508,834000,0,34000,1192000,2520,42508
20250915,6153,嘉聯益,14.3,14.4,13.9,14.15,-,0.05,2642149,37125409.0,-272000,0,-99034,708000,0,11000,980000,0,110034
20250915,6166,凌華,64.9,64.9,62.3,62.3,-,1.6,876406,55147664.0,-376000,0,1240,156000,0,3216,532000,0,1976
20250915,3013,晟銘電,124.0,124.0,121.5,121.5,-,2.5,2755344,337227715.0,-296985,0,-81508,477015,0,15000,774000,0,96508
20250915,2453,凌群,62.5,63.3,61.4,62.5,+,0.1,2716124,169760918.0,-380000,0,0,552000,0,0,932000,0,0
20250915,1210,大成,53.3,53.7,53.2,53.2,+,0.1,1374881,73441868.0,241000,-642994,18508,431000,0,24269,190000,642994,5761
20250915,1786,科妍,91.8,91.8,89.0,89.4,-,2.1,606466,54479689.0,-301000,0,-85047,48000,0,2000,349000,0,87047
20250915,2820,華票,16.75,16.75,16.5,16.6,-,0.15,1197032,19862406.0,-418000,0,30822,248000,0,31000,666000,0,178
20250915,1314,中石化,7.32,7.44,7.25,7.27,-,0.05,7925842,58011745.0,-345000,0,-46655,1852000,0,397350,2197000,0,444005
20250915,5521,工信,12.75,12.95,12.65,12.8,+,0.05,1170047,14950457.0,-402000,0,2000,263000,0,2000,665000,0,0
20250915,2466,冠西電,76.5,76.5,71.5,71.7,-,4.8,653404,47947707.0,-409000,0,5000,41000,0,5000,450000,0,0
20250915,2385,群光,139.5,139.5,137.0,137.0,-,2.0,1684212,231642257.0,-39662,-368537,-926,556667,153700,52000,596329,522237,52926
20250915,1514,亞力,108.5,108.5,103.5,104.5,-,3.0,2280704,239483024.0,-394748,3000,-23224,567252,3000,21005,962000,0,44229
20250915,2379,瑞昱,521.0,530.0,521.0,526.0,,0.0,1524388,802890909.0,-342751,-53631,-19730,659309,3000,15000,1002060,56631,34730
20250915,2520,冠德,40.0,40.1,38.65,39.1,-,0.55,2492839,97658632.0,-435000,0,16246,886000,0,53359,1321000,0,37113
20250915,2376,技嘉,274.0,274.5,271.5,271.5,-,2.5,2048044,557925835.0,-381753,5000,-49508,847339,6000,17000,1229092,1000,66508
20250915,3031,佰鴻,19.1,20.95,19.1,20.95,+,1.9,3344291,68307696.0,-429000,0,-1234,420000,0,11554,849000,0,12788
20250915,6165,浪凡,55.8,55.9,53.5,53.5,-,2.4,1005376,54498715.0,-438000,0,-1000,123000,0,1000,561000,0,2000
20250915,6477,安集,44.7,45.0,43.35,43.4,-,1.1,2808587,123709462.0,-415000,0,-25049,681000,0,0,1096000,0,25049
20250915,9802,鈺齊-KY,102.0,102.0,100.0,101.0,,0.0,1116211,112677572.0,-480000,0,38489,134000,0,53000,614000,0,14511
20250915,9939,宏全,128.5,132.5,128.5,131.0,+,3.0,1745053,228689419.0,-225000,-232000,12997,401000,1000,36168,626000,233000,23171
20250915,2915,潤泰全,53.9,54.1,53.4,53.4,-,0.5,1137996,61176353.0,-283000,-176000,13045,224000,0,26000,507000,176000,12955
20250915,6271,同欣電,117.5,118.0,115.0,115.5,,0.0,2474215,288143202.0,-479000,0,14521,515000,0,54000,994000,0,39479
20250915,2538,基泰,11.4,11.6,11.1,11.25,-,0.15,1336026,14997754.0,-481814,0,15000,221000,0,19000,702814,0,4000
20250915,00910,第一金太空衛星,37.45,37.64,37.45,37.64,+,0.24,983101,36937632.0,7339,0,-484992,7339,0,6000,0,0,490992
20250915,00952,凱基台灣AI50,10.99,11.04,10.89,10.95,-,0.03,3276619,35910469.0,43000,0,-533224,82000,0,1369472,39000,0,1902696
20250915,6139,亞翔,369.0,369.0,359.0,360.5,-,10.0,3141654,1140495512.0,-342584,-40000,-116355,725050,62000,73985,1067634,102000,190340
20250915,1409,新纖,14.5,14.65,14.25,14.3,-,0.05,5691243,82106038.0,-517000,0,14786,1485000,0,15000,2002000,0,214
20250915,8249,菱光,63.0,63.1,61.0,61.2,-,1.9,3265250,201520094.0,-397900,0,-110064,437100,0,7405,835000,0,117469
20250915,3702,大聯大,64.9,65.5,64.7,65.0,-,0.1,3113262,202487205.0,876714,-1258000,-127455,2114000,1000,35256,1237286,1259000,162711
20250915,2348,海悅,101.0,103.0,96.5,100.0,-,1.0,2770560,275802198.0,-205000,-319000,-6619,590000,0,38446,795000,319000,45065
20250915,6202,盛群,39.0,41.85,39.0,41.85,+,3.8,8295949,343841258.0,-570880,-5000,14756,1137120,0,21155,1708000,5000,6399
20250915,2501,國建,23.4,23.95,23.1,23.85,+,0.35,5898485,139115596.0,-675000,0,105013,1297000,0,182013,1972000,0,77000
20250915,5284,jpp-KY,279.0,282.5,271.5,275.0,+,3.5,2768707,765411716.0,-603000,0,22377,601000,0,54020,1204000,0,31643
20250915,2436,偉詮電,57.1,57.8,55.3,55.5,-,1.4,4109948,230625341.0,-570600,0,-12413,794400,0,13185,1365000,0,25598
20250915,1503,士電,196.5,198.0,189.0,189.0,-,6.0,2244015,429870563.0,-474168,0,-120217,538832,0,24000,1013000,0,144217
20250915,2375,凱美,63.5,64.1,59.4,60.0,-,3.2,4991520,305868813.0,-622000,0,21460,652000,0,33000,1274000,0,11540
20250915,4938,和碩,70.4,70.9,69.8,69.9,-,0.4,5163126,362316864.0,988832,-1463000,-129691,3383190,18000,65000,2394358,1481000,194691
20250915,3708,上緯投控,118.5,122.5,116.0,119.5,+,1.0,4333307,519422301.0,-632060,0,4636,1010000,0,12351,1642060,0,7715
20250915,2368,金像電,483.5,483.5,449.0,469.0,-,18.0,11261469,5233915575.0,338609,-679000,-291523,4431968,226000,178753,4093359,905000,470276
20250915,4934,太極,11.5,12.3,11.45,12.15,+,0.9,3191103,38287930.0,-643000,0,692,436000,0,789,1079000,0,97
20250915,2388,威盛,57.5,57.5,56.6,57.0,-,0.5,2487564,141825823.0,-692900,-7000,38931,633100,0,91000,1326000,7000,52069
20250915,6285,啟碁,117.5,117.5,116.0,116.5,-,1.0,1644322,191719820.0,41000,-683000,-37266,405000,0,9000,364000,683000,46266
20250915,8261,富鼎,95.0,95.1,91.6,92.6,-,2.4,3797927,353327108.0,-610000,0,-97246,557000,0,6035,1167000,0,103281
20250915,2413,環科,24.1,24.35,21.65,21.85,-,1.1,5147244,116035155.0,-701000,0,-8968,623000,0,0,1324000,0,8968
20250915,4967,十銓,78.0,82.8,75.3,82.8,+,7.5,14194201,1133377669.0,-861900,0,148202,2402100,0,152398,3264000,0,4196
20250915,5876,上海商銀,41.5,41.7,41.15,41.2,-,0.3,6066783,250650475.0,609952,-1095803,-255228,3458250,1000,50000,2848298,1096803,305228
20250915,1402,遠東新,27.9,28.15,27.7,27.8,-,0.05,5478049,152942561.0,-546778,-179000,-16122,3047750,6000,68000,3594528,185000,84122
20250915,3035,智原,152.0,153.0,149.0,149.5,-,2.0,2701555,406718164.0,-756850,-3908,13731,416150,0,102022,1173000,3908,88291
20250915,2492,華新科,83.1,83.7,81.6,82.3,-,1.8,1940342,160242774.0,-807000,-4000,31165,249000,0,57569,1056000,4000,26404
20250915,2401,凌陽,22.8,23.05,22.3,22.85,+,0.05,4715712,107145829.0,-867000,-5000,56904,1055000,0,100103,1922000,5000,43199
20250915,4916,事欣科,63.0,65.0,61.3,62.8,-,0.5,12062028,755280590.0,-798985,0,-19371,2485020,0,19000,3284005,0,38371
20250915,3376,新日興,227.0,230.5,222.0,222.0,-,4.0,3981808,896613666.0,-635777,-69000,-113675,1667356,0,164740,2303133,69000,278415
20250915,3044,健鼎,313.5,313.5,296.0,302.5,-,10.5,3831106,1160669268.0,-458000,-314760,-51670,1171000,201000,76606,1629000,515760,128276
20250915,00963,中信全球高股息,10.73,10.73,10.71,10.73,,0.0,1310844,14053105.0,-11500,0,-814685,500,0,228000,12000,0,1042685
20250915,9945,潤泰新,30.55,31.1,30.45,30.5,-,0.05,3753889,114984676.0,-716000,-104000,-16388,1363000,0,44588,2079000,104000,60976
20250915,2006,東和鋼鐵,60.2,60.4,59.9,59.9,-,0.3,1465599,87940527.0,-463000,-325000,-52852,394000,2000,15000,857000,327000,67852
20250915,6446,藥華藥,500.0,502.0,492.0,495.0,-,9.0,1985884,984085788.0,-883159,-9000,10020,319466,0,81000,1202625,9000,70980
20250915,3257,虹冠電,76.0,76.6,72.5,72.7,-,5.2,8319219,615974912.0,-886000,0,-41000,1222000,0,1000,2108000,0,42000
20250915,3714,富采,38.5,39.2,37.45,37.65,-,0.6,2982245,113233145.0,-953987,0,23000,838013,0,25000,1792000,0,2000
20250915,2330,台積電,1260.0,1260.0,1250.0,1255.0,-,5.0,26019117,32646870966.0,-836185,-645217,537108,13983371,31000,833089,14819556,676217,295981
20250915,00757,統一FANG+,115.05,115.55,115.0,115.4,+,0.6,2038540,235172131.0,-14805,0,-958338,3455,0,165988,18260,0,1124326
20250915,2345,智邦,1100.0,1105.0,1060.0,1070.0,-,35.0,3199619,3451501565.0,-826481,-48212,-112331,1025033,1000,54844,1851514,49212,167175
20250915,2439,美律,100.5,102.5,99.8,99.8,-,1.2,2156633,217249065.0,242000,-1211820,-20778,547000,800,23206,305000,1212620,43984
20250915,2308,台達電,842.0,848.0,829.0,836.0,-,1.0,12384306,10381822210.0,-344271,-423253,-227531,5335615,72000,136089,5679886,495253,363620
20250915,00646,元大S&P500,62.35,62.6,62.35,62.6,+,0.3,4389180,274333872.0,-11368,0,-1003380,53632,0,999612,65000,0,2002992
20250915,3189,景碩,105.0,105.5,102.0,102.5,-,3.0,4670092,481657701.0,-797652,-5000,-243509,1726000,0,25072,2523652,5000,268581
20250915,00965,元大航太防衛科技,21.55,21.57,21.51,21.53,,0.0,2653472,57148802.0,-349800,0,-701335,10200,0,15000,360000,0,716335
20250915,2845,遠東銀,12.4,12.5,12.35,12.4,,0.0,8042360,99890617.0,-1129425,40000,-19000,1591000,68000,68000,2720425,28000,87000
20250915,3450,聯鈞,205.5,206.0,198.5,205.0,-,1.0,10682957,2164092963.0,-1122186,0,3629,1229000,0,202645,2351186,0,199016
20250915,8271,宇瞻,68.0,70.0,66.3,68.9,+,3.8,10750937,735377386.0,-1144010,0,433,2253000,0,7781,3397010,0,7348
20250915,3045,台灣大,107.0,107.5,106.5,107.0,-,0.5,4382860,469292502.0,-299965,-614000,-250698,1448449,33000,48633,1748414,647000,299331
20250915,2455,全新,154.5,154.5,150.0,150.5,-,4.0,3759215,569220330.0,-546000,-490000,-151928,1364000,0,31001,1910000,490000,182929
20250915,2515,中工,11.3,11.4,11.15,11.25,-,0.05,3143051,35343515.0,-1273000,2000,15700,586000,2000,16000,1859000,0,300
20250915,3535,晶彩科,80.9,81.5,77.4,77.6,-,3.5,10918720,857713852.0,-1170950,0,-102361,1742050,0,10028,2913000,0,112389
20250915,1711,永光,20.1,20.2,19.4,19.45,-,0.8,9714736,190842529.0,-1172020,0,-110690,1513000,0,61410,2685020,0,172100
20250915,3532,台勝科,87.0,89.3,84.1,84.1,-,2.9,4849828,421187658.0,-1284000,0,-41732,804000,0,23375,2088000,0,65107
20250915,6415,矽力*-KY,295.0,308.0,281.5,282.5,+,2.5,10504072,3108667330.0,-1356168,-14000,12792,5128505,0,105668,6484673,14000,92876
20250915,2312,金寶,18.75,18.9,18.55,18.65,-,0.1,6083853,113617622.0,-1391000,-10000,39879,864000,0,47000,2255000,10000,7121
20250915,2316,楠梓電,99.1,100.0,96.4,99.1,+,0.1,11490624,1128764163.0,-1421630,0,-26385,2734420,0,79447,4156050,0,105832
20250915,00662,富邦NASDAQ,93.75,93.9,93.65,93.85,+,0.75,3388605,317961492.0,-24006,0,-1434842,23029,0,100000,47035,0,1534842
20250915,2421,建準,135.0,136.0,132.0,134.5,+,1.5,6773760,909076902.0,-1520002,2000,16087,1674000,2000,58218,3194002,0,42131
20250915,2406,國碩,21.9,22.85,21.35,22.4,+,0.55,14257224,318104863.0,-1578000,0,37999,3118000,0,52000,4696000,0,14001
20250915,2609,陽明,56.8,56.9,55.9,56.0,-,0.5,7613981,428514539.0,-1120010,-271858,-176118,1698570,45200,141000,2818580,317058,317118
20250915,9904,寶成,28.25,28.45,28.15,28.2,+,0.1,5878079,166092492.0,-898120,-688413,-75607,2224880,2000,97828,3123000,690413,173435
20250915,2049,上銀,216.5,217.0,210.5,214.0,-,3.5,3715206,792769960.0,-1631991,3716,-34623,513028,4000,87000,2145019,284,121623
20250915,3023,信邦,222.5,229.0,220.0,228.0,+,6.5,3581078,812816954.0,-1729000,1000,-14668,347000,4000,23002,2076000,3000,37670
20250915,2634,漢翔,62.6,66.6,62.4,63.3,+,1.1,56315624,3613988936.0,-1288226,3000,-525143,9783605,3000,1153226,11071831,0,1678369
20250915,2472,立隆電,87.0,87.1,83.5,83.7,-,3.8,3271535,275975748.0,-1776000,1000,-39156,214000,1000,32000,1990000,0,71156
20250915,2603,長榮,186.0,186.0,183.5,183.5,-,2.0,5321589,980723120.0,-1269311,-245842,-301568,787883,900,150000,2057194,246742,451568
20250915,1513,中興電,163.0,163.5,160.5,161.5,-,2.0,4898391,790923464.0,-1628290,-26195,-190310,623712,0,36000,2252002,26195,226310
20250915,00900,富邦特選高股息30,13.56,13.6,13.52,13.57,+,0.07,20458773,277280720.0,-1070000,0,-789281,339000,0,4252000,1409000,0,5041281
20250915,2409,友達,12.6,12.6,12.45,12.5,-,0.05,26381521,330227212.0,-1771480,-16000,-145740,13382603,0,170990,15154083,16000,316730
20250915,6919,康霈*,210.5,222.0,207.5,208.0,+,1.0,37752533,8107823476.0,-1953740,-526,-6000,9143169,0,2000,11096909,526,8000
20250915,2801,彰銀,19.8,19.85,19.65,19.65,-,0.1,16439108,324645190.0,-1189897,-75399,-714002,5927128,6000,651999,7117025,81399,1366001
20250915,2377,微星,125.0,125.0,122.5,122.5,-,2.5,5463532,674339949.0,-1987789,10000,-32491,2121514,11000,70916,4109303,1000,103407
20250915,2883,凱基金,15.35,15.5,15.2,15.2,-,0.1,36779603,564506374.0,332024,-1844000,-532536,17991024,9000,58000,17659000,1853000,590536
20250915,3019,亞光,169.0,169.5,159.5,161.5,-,5.5,11731316,1912225330.0,-1773063,0,-328008,1596300,0,64152,3369363,0,392160
20250915,2353,宏碁,31.3,31.55,30.9,30.95,-,0.35,12358701,385120397.0,-2169351,-959000,962824,3669170,1000,1159023,5838521,960000,196199
20250915,00752,中信中國50,26.65,26.9,26.51,26.81,+,0.12,4968100,133201717.0,-64000,0,-2403288,115000,0,625943,179000,0,3029231
20250915,2890,永豐金,25.05,25.2,24.9,24.95,-,0.25,27663882,691919871.0,-50017,-580652,-1915681,15209313,6000,125000,15259330,586652,2040681
20250915,2342,茂矽,23.9,25.85,23.9,25.85,+,2.35,19946751,504722594.0,-2540000,0,-14259,1768000,0,42063,4308000,0,56322
20250915,3715,定穎投控,93.9,94.3,85.1,86.7,-,7.8,38724429,3409983988.0,3187240,-5645000,-163203,12482290,0,274165,9295050,5645000,437368
20250915,2610,華航,20.85,21.0,20.75,20.75,-,0.1,12699630,264217935.0,-361954,-2291713,23593,4116046,3000,195000,4478000,2294713,171407
20250915,2892,第一金,29.9,29.95,29.5,29.6,-,0.3,12122531,360156680.0,-4157418,1378000,112552,4447952,1628000,187000,8605370,250000,74448
20250915,6235,華孚,70.8,71.8,66.2,67.4,-,2.0,10513378,717301847.0,-2840000,0,35335,1531000,0,117000,4371000,0,81665
20250915,2354,鴻準,72.0,72.4,70.2,70.8,-,0.6,10397650,739156024.0,-2641750,-179000,-224000,2012260,0,97000,4654010,179000,321000
20250915,2002,中鋼,19.35,19.5,19.2,19.25,-,0.1,20410046,394107859.0,-3210795,-71000,100982,9467255,180000,271000,12678050,251000,170018
20250915,00896,中信綠能及電動車,18.65,18.65,18.42,18.47,-,0.07,5913915,109397365.0,-194000,0,-3068842,0,0,2042289,194000,0,5111131
20250915,9105,泰金寶-DR,6.01,6.11,5.91,5.95,-,0.02,17625812,105560009.0,-3256000,0,-9971,3284000,0,1580,6540000,0,11551
20250915,2027,大成鋼,38.8,38.8,37.9,38.05,-,0.75,13203505,504324585.0,-1309968,-9000,-2092502,3190032,4000,909000,4500000,13000,3001502
20250915,1605,華新,22.65,22.75,22.25,22.25,-,0.25,11277944,252340383.0,-2696615,50000,-864564,1856385,50000,71277,4553000,0,935841
20250915,1303,南亞,37.8,37.95,37.4,37.5,-,0.15,18991261,715497663.0,-3548376,-573000,7379,6475030,84000,212000,10023406,657000,204621
20250915,2301,光寶科,168.0,168.0,158.5,161.0,-,2.0,49112871,7975915133.0,-4901352,313233,224940,16104749,1512000,889678,21006101,1198767,664738
20250915,6282,康舒,33.05,33.5,31.65,32.2,-,0.45,41670548,1353642494.0,-4250000,19000,-565247,5691000,19000,501606,9941000,0,1066853
20250915,3305,昇貿,157.0,157.0,139.0,139.0,-,15.0,21291579,3102345730.0,-4981290,0,-199977,2328010,0,50785,7309300,0,250762
20250915,00935,野村臺灣新科技50,26.7,26.71,26.37,26.49,-,0.06,12159501,322383079.0,91000,0,-5545182,270000,0,4524000,179000,0,10069182
20250915,00918,大華優利高填息30,22.86,22.9,22.79,22.86,+,0.02,20945361,478609269.0,-325450,0,-5561114,136550,0,3641000,462000,0,9202114
20250915,1504,東元,89.0,91.7,87.6,88.2,-,1.2,56967021,5085466200.0,-4626471,-1457723,-881162,13418866,412000,547688,18045337,1869723,1428850
20250915,2324,仁寶,29.85,31.3,29.5,30.5,+,0.7,85086173,2600765205.0,-4055227,-2777000,-1043053,40659683,439000,858084,44714910,3216000,1901137
20250915,6770,力積電,18.1,18.25,17.6,17.85,-,0.1,54123964,970312075.0,-7992501,-8000,76171,10341020,0,1736372,18333521,8000,1660201
20250915,3481,群創,13.8,13.8,13.45,13.45,-,0.2,33392776,452989089.0,-7531678,-10100,-736180,9179983,7900,669773,16711661,18000,1405953
20250915,2337,旺宏,22.9,23.3,22.2,22.8,+,0.2,54395539,1237716530.0,-12636521,0,3885026,9287020,0,4734708,21923541,0,849682
20250915,2618,長榮航,37.9,38.05,37.6,37.6,-,0.15,18951349,715562649.0,-8273885,-1268576,-500116,2244999,12000,173000,10518884,1280576,673116
20250915,3706,神達,88.0,88.0,83.5,84.0,-,3.9,49836858,4218271731.0,-7995600,-871000,-1744203,5691650,36000,713061,13687250,907000,2457264
20250915,00919,群益台灣精選高息,21.72,21.81,21.71,21.79,+,0.11,178551281,3887254360.0,-3553829,0,-8072857,11540106,0,25585993,15093935,0,33658850
20250915,2327,國巨*,153.0,154.0,147.5,151.0,-,0.5,50183608,7568003519.0,-12037844,-123474,-869883,6336870,0,517768,18374714,123474,1387651
20250915,2208,台船,29.0,29.35,26.8,27.0,-,2.4,62758433,1750738922.0,-14681775,0,2000,2057375,0,2000,16739150,0,0
20250915,0050,元大台灣50,56.0,56.05,55.8,56.0,,0.0,56031630,3133893488.0,-6883692,-1300000,-7039328,6669466,0,4234000,13553158,1300000,11273328
20250915,00712,復華富時不動產,9.23,9.24,9.21,9.23,-,0.06,39260131,362201448.0,-5145894,0,-11590116,327106,0,2368999,5473000,0,13959115
20250915,2344,華邦電,26.95,27.1,25.7,26.8,+,1.35,468174930,12476488075.0,-54014270,6140000,16470990,95479155,6190000,19798174,149493425,50000,3327184
