tradeDate,stockCode,stockName,openPrice,highPrice,lowPrice,closePrice,changeSign,change,totalShares,totalAmount,foreignNetShares,investmentNetShares,dealerNetShares,foreignBuyShares,investmentBuyShares,dealerBuyShares,foreignSellShares,investmentSellShares,dealerSellShares
20260119,00940,元大台灣價值高息,9.62,9.71,9.62,9.67,+,0.02,104781694,1014732124.0,8413081,0,80573727,9942101,0,83416727,1529020,0,2843000
20260119,00919,群益台灣精選高息,23.54,23.96,23.54,23.85,+,0.31,116723510,2774410100.0,24461337,0,46275047,30016539,0,53461639,5555202,0,7186592
20260119,00929,復華台灣科技優息,19.41,19.65,19.41,19.64,+,0.22,87182509,1705788084.0,9039598,0,58188648,13702098,0,62678390,4662500,0,4489742
20260119,00878,國泰永續高股息,22.65,22.93,22.64,22.81,+,0.16,86601573,1972554860.0,12319893,0,43475171,13227913,0,50212085,908020,0,6736914
20260119,2887,台新新光金,21.85,22.9,21.65,22.85,+,1.0,149397183,3360770968.0,43054679,9381271,2401445,76518370,14915100,3100445,33463691,5533829,699000
20260119,2883,凱基金,17.7,18.1,17.65,18.1,+,0.35,79293845,1424404551.0,30703219,4317501,32711,41005314,5932000,415774,10302095,1614499,383063
20260119,1101,台泥,25.0,26.45,24.9,26.2,+,1.2,80518853,2093568083.0,26089386,-21000,3511739,42425000,0,4555693,16335614,21000,1043954
20260119,2002,中鋼,19.25,19.7,19.05,19.65,+,0.4,76962008,1502517582.0,21701308,92489,920595,35473009,250000,1183787,13771701,157511,263192
20260119,00918,大華優利高填息30,23.12,23.35,23.04,23.25,+,0.1,30754421,714697430.0,7199416,0,15096271,7539616,0,15798038,340200,0,701767
20260119,1314,中石化,8.12,8.39,8.08,8.33,+,0.2,30867717,256232805.0,17683000,0,259000,20453000,0,311000,2770000,0,52000
20260119,2303,聯電,60.3,63.5,58.8,62.5,+,4.0,340870889,20869429431.0,12573989,-4465131,9498020,115971672,5072100,13751498,103397683,9537231,4253478
20260119,9105,泰金寶-DR,6.45,6.71,6.41,6.63,+,0.26,62399966,412059597.0,16714000,0,118298,21497000,0,346951,4783000,0,228653
20260119,00939,統一台灣高息動能,15.5,15.74,15.5,15.67,+,0.14,20267903,316989985.0,904107,0,15712220,913107,0,18646495,9000,0,2934275
20260119,2409,友達,16.05,17.25,15.9,17.25,+,1.55,470528067,7971886717.0,14118366,-4671086,6628768,121579100,0,7560390,107460734,4671086,931622
20260119,2882,國泰金,76.2,78.4,76.1,77.4,+,1.2,26791757,2075180615.0,14878013,-1385112,-253841,23328413,567000,456508,8450400,1952112,710349
20260119,6282,康舒,56.6,59.0,55.6,58.0,+,3.3,130654080,7505279010.0,10386000,601000,1627923,39980000,604000,3417294,29594000,3000,1789371
20260119,2884,玉山金,32.65,33.5,32.6,33.0,+,0.35,36730474,1217355644.0,14688918,-3068687,-20139,27854000,0,483090,13165082,3068687,503229
20260119,8110,華東,82.9,88.0,82.9,88.0,+,8.0,52923755,4583216427.0,10372483,0,231093,16257050,0,265688,5884567,0,34595
20260119,1301,台塑,43.0,43.95,42.35,43.7,+,0.7,34318610,1484681155.0,10579000,-60731,16660,16853000,0,430755,6274000,60731,414095
20260119,00713,元大台灣高息低波,51.7,52.15,51.65,51.95,+,0.2,15009433,779661181.0,1671550,-88000,8758761,1683242,0,9823761,11692,88000,1065000
20260119,1802,台玻,44.7,45.95,44.7,45.95,+,4.15,150633458,6845697118.0,10463050,0,-183268,32292050,0,1519993,21829000,0,1703261
20260119,8046,南電,295.0,318.0,287.0,318.0,+,28.5,54304285,16634086514.0,4327284,5533000,239735,16759417,5554000,944655,12432133,21000,704920
20260119,2492,華新科,134.0,146.5,131.5,146.5,+,13.0,41122514,5813931403.0,6720757,1776000,818542,13966976,1776000,1008663,7246219,0,190121
20260119,00915,凱基優選高股息30,23.53,23.97,23.51,23.86,+,0.34,11730216,278932655.0,2026619,0,7270333,2138000,0,8399333,111381,0,1129000
20260119,00946,群益科技高息成長,10.18,10.33,10.18,10.3,+,0.14,10430844,107060855.0,295000,0,8159190,295000,0,9047190,0,0,888000
20260119,00936,台新永續高息中小,17.37,17.6,17.3,17.52,+,0.15,9033448,158216020.0,957000,0,6676937,1073000,0,6732937,116000,0,56000
20260119,2329,華泰,65.4,68.0,65.3,68.0,+,6.1,36379103,2461481557.0,6242575,0,743718,7874000,0,889621,1631425,0,145903
20260119,2834,臺企銀,15.9,16.1,15.85,15.9,,0.0,21915213,349892177.0,7242000,-184345,-199880,13478000,0,49120,6236000,184345,249000
20260119,2369,菱生,29.5,30.95,29.5,30.95,+,2.8,34066440,1047314367.0,6399900,0,278412,8964000,0,325410,2564100,0,46998
20260119,2610,華航,21.45,21.55,21.25,21.45,-,0.05,30554696,653994300.0,7884730,-508980,-888423,19061000,0,762166,11176270,508980,1650589
20260119,2324,仁寶,30.85,33.0,30.4,32.25,+,1.4,82054768,2647919019.0,7849005,-3657000,2009978,41271000,28000,2945036,33421995,3685000,935058
20260119,00712,復華富時不動產,9.84,9.84,9.76,9.76,+,0.1,31558450,309178802.0,713098,0,5127537,1451098,0,5338246,738000,0,210709
20260119,3149,正達,45.0,48.55,44.65,47.95,+,3.55,29040105,1366013949.0,5983000,0,-204939,10834000,0,7776,4851000,0,212715
20260119,1326,台化,34.55,35.2,33.65,34.9,+,0.4,24330408,841632463.0,5774400,-8000,-150473,12025000,0,763192,6250600,8000,913665
20260119,2605,新興,28.2,29.1,28.2,28.65,+,0.8,11239956,321745921.0,5136800,0,466013,6505000,0,640550,1368200,0,174537
20260119,3049,精金,7.65,8.38,7.56,8.38,+,0.76,13116719,106656446.0,5354000,0,391,5707000,0,26678,353000,0,26287
20260119,2495,普安,30.75,33.75,30.5,33.75,+,3.05,18624930,612258399.0,4862000,205000,35930,6657000,205000,74947,1795000,0,39017
20260119,2890,永豐金,29.2,29.8,29.05,29.35,+,0.05,22311055,658060869.0,6081739,-1137426,10128,12643020,3000,502793,6561281,1140426,492665
20260119,2867,三商壽,7.78,7.96,7.74,7.9,+,0.12,14242687,112367596.0,4846000,0,4000,7295000,0,75000,2449000,0,71000
20260119,2323,中環,11.0,11.25,10.9,11.1,+,0.1,9844656,109588167.0,4454000,0,19000,5725000,0,66000,1271000,0,47000
20260119,9933,中鼎,33.85,34.6,33.3,33.5,-,0.4,8307510,282144679.0,4185837,-5000,-22558,5049217,0,17641,863380,5000,40199
20260119,2331,精英,27.85,29.95,27.65,29.95,+,2.7,31221614,913300608.0,3409000,-40000,622183,8388000,0,807783,4979000,40000,185600
20260119,00900,富邦特選高股息30,14.54,14.63,14.51,14.59,+,0.04,13154565,191854827.0,1237000,0,2526167,1560000,0,4550343,323000,0,2024176
20260119,1402,遠東新,28.35,28.7,28.25,28.65,+,0.25,11743447,335478131.0,7554000,-3817000,-90000,9865000,0,0,2311000,3817000,90000
20260119,2399,映泰,25.9,27.7,25.9,26.65,+,0.8,8986609,241226350.0,3299854,143000,-971,4131000,143000,2029,831146,0,3000
20260119,4906,正文,27.2,28.7,27.05,28.55,+,1.35,6799127,191903522.0,3446000,104999,-125860,4033000,143000,79977,587000,38001,205837
20260119,2609,陽明,54.0,54.4,53.4,54.0,-,0.5,19567371,1055598969.0,8753870,-5296558,-97207,12328471,2500,281002,3574601,5299058,378209
20260119,2489,瑞軒,16.25,18.0,16.25,18.0,+,1.6,17201442,303732808.0,3145177,0,204423,5342000,0,238423,2196823,0,34000
20260119,00965,元大航太防衛科技,26.0,26.12,25.87,25.93,+,0.05,10977991,284910273.0,972283,-750000,3102239,1669283,0,3958000,697000,750000,855761
20260119,00930,永豐ESG低碳高息,18.12,18.32,18.12,18.26,+,0.16,3891990,70943176.0,292000,0,3027123,298000,0,3156123,6000,0,129000
20260119,8112,至上,81.5,84.8,81.1,82.1,+,2.6,52392773,4336136487.0,3550912,-710239,450737,15925672,0,1202376,12374760,710239,751639
20260119,1409,新纖,15.5,15.8,15.45,15.75,+,0.25,6962086,109088983.0,2745000,542000,-29688,3644000,542000,9313,899000,0,39001
20260119,2327,國巨*,285.0,300.0,278.0,295.5,+,12.5,104664743,30406176353.0,-4916362,6623307,1486737,26168909,6878000,2784147,31085271,254693,1297410
20260119,2406,國碩,30.25,31.75,29.7,30.8,+,0.2,24175498,744866985.0,3106050,0,-5909,9352050,0,10711,6246000,0,16620
20260119,1528,恩德,30.3,31.15,30.25,31.15,+,2.8,18977122,584567947.0,3196000,0,-235138,4602000,0,186862,1406000,0,422000
20260119,2014,中鴻,16.55,17.0,16.35,16.9,+,0.3,9267507,155768228.0,2859400,0,95827,4299000,0,240518,1439600,0,144691
20260119,2515,中工,13.45,13.6,13.35,13.5,+,0.05,7328143,98537310.0,2908332,0,28000,3993205,0,106000,1084873,0,78000
20260119,6285,啟碁,118.0,118.5,117.0,118.5,+,10.5,12079831,1430287281.0,2638935,-98047,326036,3017000,0,350036,378065,98047,24000
20260119,8039,台虹,86.7,91.0,86.2,88.5,+,2.3,18903199,1685484591.0,2640625,-160000,301221,6131250,0,384042,3490625,160000,82821
20260119,6005,群益證,28.0,29.0,27.85,28.45,+,0.45,13372388,379859339.0,4854000,-2106143,0,7229000,0,0,2375000,2106143,0
20260119,1717,長興,67.8,72.2,67.8,70.3,+,3.0,82716326,5818824235.0,1568105,-1000,1147003,21544185,0,1522586,19976080,1000,375583
20260119,2328,廣宇,51.1,53.7,50.3,53.1,+,2.1,13848695,722181625.0,2409963,-180000,476560,4211000,0,734907,1801037,180000,258347
20260119,1503,士電,199.5,210.5,195.0,207.0,+,10.0,14620932,2993900800.0,2486675,0,218750,5707277,0,517698,3220602,0,298948
20260119,2009,第一銅,49.0,50.7,48.35,50.4,+,1.1,7426881,369826635.0,2286900,152000,199969,3133000,152000,224168,846100,0,24199
20260119,3380,明泰,33.5,35.0,33.4,34.85,+,1.35,5439453,187965966.0,2368064,0,248903,2961000,0,273958,592936,0,25055
20260119,1434,福懋,16.35,16.95,16.35,16.75,+,0.45,6368160,106592953.0,2577000,0,-10771,3193000,0,15000,616000,0,25771
20260119,2634,漢翔,56.0,57.7,55.7,55.8,+,0.4,18701458,1057568820.0,2748200,0,-219136,5878200,0,430268,3130000,0,649404
20260119,2027,大成鋼,37.0,37.1,36.65,36.75,+,0.25,15269931,562832697.0,2419511,-51000,85721,5617091,0,229958,3197580,51000,144237
20260119,6505,台塑化,48.25,49.1,47.9,48.25,-,0.05,12901387,624274332.0,2404050,-51695,-29734,6048050,0,160000,3644000,51695,189734
20260119,2485,兆赫,35.5,38.2,35.25,37.35,+,1.9,80399745,2981087532.0,988800,0,1274981,23166800,0,1421690,22178000,0,146709
20260119,1714,和桐,9.1,9.34,9.08,9.17,+,0.09,6066030,55980517.0,2188000,0,28000,2471000,0,107000,283000,0,79000
20260119,6153,嘉聯益,15.85,16.35,15.75,16.2,+,0.4,5984336,96995773.0,2189000,0,-20000,2940000,0,25000,751000,0,45000
20260119,00909,國泰數位支付服務,43.85,44.2,43.59,43.66,-,0.17,4992063,218881580.0,21145,0,2122033,555170,0,2457693,534025,0,335660
20260119,1718,中纖,7.12,7.42,7.06,7.34,+,0.21,6359705,46358534.0,2069000,0,36447,2682000,0,80244,613000,0,43797
20260119,1810,和成,19.6,20.7,19.55,20.4,+,0.9,5920514,120710044.0,2109000,-15728,2856,2726000,0,9000,617000,15728,6144
20260119,00932,兆豐永續高息等權,15.11,15.27,15.11,15.23,+,0.16,2270258,34539607.0,75900,0,2016201,80000,0,2052201,4100,0,36000
20260119,3535,晶彩科,98.0,106.5,95.5,106.5,+,9.6,15513538,1602815363.0,2014005,0,69881,4587005,0,73027,2573000,0,3146
20260119,2606,裕民,61.0,62.0,60.6,62.0,+,1.0,5435529,334724388.0,1190100,795144,74668,2382100,1241000,201820,1192000,445856,127152
20260119,00701,國泰股利精選30,29.67,30.09,29.67,29.96,+,0.29,3552209,106255402.0,530000,0,1518436,621000,0,1927754,91000,0,409318
20260119,2486,一詮,91.4,94.8,90.7,93.8,+,2.1,6251079,583490818.0,1835000,0,119499,2806000,0,310051,971000,0,190552
20260119,0056,元大高股息,38.26,38.47,38.18,38.42,+,0.16,82058239,3147442014.0,665853,2245000,-983958,13795453,2245000,2789377,13129600,0,3773335
20260119,1316,上曜,14.25,14.6,14.2,14.45,+,0.2,4270820,61798614.0,2143000,-214000,-6000,2557000,0,0,414000,214000,6000
20260119,3704,合勤控,32.5,35.0,32.25,34.4,+,2.0,5667387,191475077.0,1785927,139000,-18491,2628927,139000,5942,843000,0,24433
20260119,1905,華紙,12.2,12.8,12.15,12.6,+,0.4,4499824,56696423.0,1889000,0,-10166,2308000,0,18918,419000,0,29084
20260119,2356,英業達,44.55,46.0,44.3,44.65,+,0.3,28894241,1305917990.0,5013802,-3445000,305623,12133400,32000,440785,7119598,3477000,135162
20260119,2344,華邦電,115.0,117.0,115.0,116.5,+,10.0,54995554,6399375690.0,1533678,223000,116875,9282892,446000,776000,7749214,223000,659125
20260119,3714,富采,34.55,35.55,34.25,35.3,+,0.75,3913248,137678973.0,1880596,0,-16311,2382596,0,24000,502000,0,40311
20260119,3035,智原,166.0,173.5,164.5,172.0,+,5.5,5523142,940929498.0,1600722,35000,209360,2308022,35000,306436,707300,0,97076
20260119,2880,華南金,32.7,33.5,32.55,33.3,+,0.15,7836212,259997292.0,2375000,-596064,-17552,6125000,75000,216864,3750000,671064,234416
20260119,3062,建漢,25.65,26.5,25.25,26.15,+,0.75,7297642,190072176.0,1688812,0,42589,2436000,0,48822,747188,0,6233
20260119,1304,台聚,11.5,11.95,11.35,11.85,+,0.25,5985174,70644970.0,1541000,0,171158,3118000,0,257000,1577000,0,85842
20260119,2201,裕隆,32.1,32.85,31.7,32.4,+,0.3,4604691,149275584.0,1709000,-2000,-10040,2754000,0,16064,1045000,2000,26104
20260119,2498,宏達電,46.15,47.1,45.75,46.65,+,0.5,7124076,332115053.0,1346000,279000,57134,2461000,280000,179821,1115000,1000,122687
20260119,00934,中信成長高股息,22.29,22.47,22.2,22.39,,0.0,5938682,132639148.0,376000,0,1299176,490000,0,4376323,114000,0,3077147
20260119,2377,微星,99.3,100.5,98.1,99.8,+,0.8,7654238,764055190.0,1642622,-57054,81938,4132020,224000,113261,2489398,281054,31323
20260119,4540,全球傳動,39.65,42.6,39.65,42.6,+,3.85,7055217,297740215.0,1632000,0,18666,2044000,0,19215,412000,0,549
20260119,3045,台灣大,107.5,108.5,107.5,108.5,+,0.5,4855090,525214250.0,2841623,-1162813,-56000,3470000,144001,17000,628377,1306814,73000
20260119,2885,元大金,42.2,42.75,41.65,42.4,+,0.6,25252716,1069965360.0,-4284102,5706183,197724,8532030,9438500,458883,12816132,3732317,261159
20260119,00961,FT臺灣永續高息,10.22,10.33,10.21,10.3,,0.0,2031196,20892376.0,18000,0,1598232,18000,0,1892232,0,0,294000
20260119,3016,嘉晶,57.3,60.2,56.9,60.0,+,2.7,3923317,231282156.0,1503000,0,91592,2033000,0,106402,530000,0,14810
20260119,2332,友訊,16.15,16.9,16.0,16.8,+,0.65,7213479,119347817.0,1560000,0,30703,3149000,0,74840,1589000,0,44137
20260119,1305,華夏,12.0,12.7,12.0,12.35,+,0.45,6834858,84853298.0,1570000,0,2567,3057000,0,17000,1487000,0,14433
20260119,2103,台橡,15.15,15.8,15.15,15.65,+,0.5,3279161,51178908.0,1580000,0,-14001,1888000,0,3000,308000,0,17001
20260119,2340,台亞,28.0,28.9,27.7,28.65,+,0.8,4828335,137553973.0,1368000,0,170236,2190000,0,230469,822000,0,60233
20260119,1609,大亞,40.65,41.35,40.1,41.0,+,0.45,8159046,333657708.0,1642965,-3000,-137000,3298043,0,50282,1655078,3000,187282
20260119,6155,鈞寶,57.3,61.1,56.1,61.1,+,5.5,18507749,1099566383.0,1434000,0,63764,5023000,0,157940,3589000,0,94176
20260119,5608,四維航,17.75,18.2,17.55,18.0,+,0.2,2571890,46167644.0,1434000,0,27909,1657000,0,28276,223000,0,367
20260119,2412,中華電,133.5,134.0,133.0,134.0,+,1.0,5721459,764889692.0,2296927,-754847,-88001,3576799,69000,15988,1279872,823847,103989
20260119,6962,奕力-KY,38.2,39.1,38.0,38.75,+,0.55,2884352,111905400.0,1453730,-6000,629,1797000,0,5217,343270,6000,4588
20260119,2892,第一金,29.6,30.1,29.5,29.75,-,0.05,17155448,512361111.0,2908520,-1365808,-123706,8859009,0,115751,5950489,1365808,239457
20260119,6120,達運,13.25,14.0,13.2,13.55,+,0.35,5832705,79646366.0,1156000,0,222788,2201000,0,250089,1045000,0,27301
20260119,8261,富鼎,90.9,96.0,90.8,94.8,+,3.9,3860171,362519677.0,1348000,-43000,71742,1703000,10000,86037,355000,53000,14295
20260119,2405,輔信,17.25,17.85,17.15,17.8,+,0.55,3488438,61756386.0,1311000,0,8000,1777000,0,8000,466000,0,0
20260119,3376,新日興,218.5,232.0,218.0,227.5,+,9.5,4919453,1118758347.0,998033,273000,10745,1884194,273000,208753,886161,0,198008
20260119,2049,上銀,224.0,237.5,221.0,230.0,+,10.5,13060271,2983124422.0,1038142,59153,165999,4580760,60000,356929,3542618,847,190930
20260119,00922,國泰台灣領袖50,27.7,28.11,27.64,28.01,+,0.13,10424536,290352358.0,2752000,0,-1492555,2796000,0,3178809,44000,0,4671364
20260119,1722,台肥,47.0,47.75,46.75,47.45,+,0.45,3258159,154624672.0,1230000,-1000,-34000,1922000,0,0,692000,1000,34000
20260119,1909,榮成,9.98,10.4,9.95,10.25,+,0.25,3105360,31787043.0,1265899,0,-83000,1778000,0,13000,512101,0,96000
20260119,3034,聯詠,378.0,393.0,377.5,386.5,+,8.5,5056462,1959181194.0,2305641,-1192431,60921,3244873,120000,100339,939232,1312431,39418
20260119,1608,華榮,38.6,38.95,37.85,38.55,-,0.05,8035526,308614011.0,1073000,81090,12124,2603000,212000,59001,1530000,130910,46877
20260119,2637,慧洋-KY,71.1,71.8,70.5,71.0,+,0.1,2905670,206496746.0,1495000,-321906,-10146,1858000,1800,10854,363000,323706,21000
20260119,5880,合庫金,23.95,24.1,23.9,24.0,+,0.05,12884306,309032100.0,1632091,-283591,-192346,5556091,46000,29000,3924000,329591,221346
20260119,2355,敬鵬,34.9,35.7,34.3,35.4,+,0.6,3879885,136726417.0,1116408,-36487,68877,1658408,0,96510,542000,36487,27633
20260119,1727,中華化,46.95,48.2,46.4,47.85,+,0.9,6288213,298050080.0,988000,86000,46557,2020000,86000,52000,1032000,0,5443
20260119,1310,台苯,8.82,9.02,8.8,8.96,+,0.14,2846651,25521349.0,1113010,0,654,1322010,0,7000,209000,0,6346
20260119,00921,兆豐龍頭等權重,18.23,18.29,18.17,18.23,-,0.04,1328353,24241728.0,25000,0,1083399,27000,0,1116649,2000,0,33250
20260119,2537,聯上發,10.9,11.0,10.7,10.85,,0.0,2741819,29792336.0,1092000,0,3525,1358000,0,7000,266000,0,3475
20260119,2851,中再保,26.95,27.4,26.85,27.4,+,0.45,1595829,43531650.0,870000,268000,-46537,1029000,268000,0,159000,0,46537
20260119,6415,矽力*-KY,215.0,238.5,215.0,238.5,+,21.5,7325076,1696378639.0,954127,-2000,134112,2937127,0,217985,1983000,2000,83873
20260119,2476,鉅祥,91.0,97.2,90.0,95.5,+,4.6,5584473,532425363.0,988000,0,94495,1932000,0,133005,944000,0,38510
20260119,6531,愛普*,506.0,525.0,501.0,515.0,+,33.5,9007179,4624654148.0,699302,18000,359197,2696702,20000,486371,1997400,2000,127174
20260119,3543,州巧,43.95,46.3,43.35,45.8,+,1.85,3396311,151910838.0,1107604,0,-44710,1490604,0,1000,383000,0,45710
20260119,00904,台新臺灣半導體30,26.02,26.6,26.02,26.51,+,0.52,11245197,295617700.0,-11075,0,1062163,327000,0,5329055,338075,0,4266892
20260119,6757,台灣虎航,67.3,68.2,66.8,68.2,+,1.0,2801231,190137494.0,1044010,0,-3000,2227010,0,3000,1183000,0,6000
20260119,2646,星宇航空,23.5,23.5,23.25,23.35,-,0.15,5452715,127354170.0,1102768,0,-71000,1997268,0,4000,894500,0,75000
20260119,00952,凱基台灣AI50,12.49,12.53,12.41,12.48,,0.0,2436740,30413046.0,1000,0,1028517,13000,0,1692024,12000,0,663507
20260119,2436,偉詮電,48.4,49.9,48.35,49.8,+,1.45,2408823,119045169.0,930000,30000,38698,1192000,30000,46547,262000,0,7849
20260119,00943,兆豐電子高息等權,14.92,15.15,14.92,15.11,,0.0,1045057,15783753.0,4000,0,983570,4000,0,995265,0,0,11695
20260119,3019,亞光,139.5,145.0,139.0,142.5,+,4.0,7427623,1053999256.0,594020,-97000,452893,2076020,0,542141,1482000,97000,89248
20260119,3047,訊舟,19.9,20.2,19.6,19.9,+,0.5,4969904,99101416.0,935000,0,1844,1712000,0,4000,777000,0,2156
20260119,00692,富邦公司治理,62.5,63.35,62.15,63.05,+,0.25,2277340,143042248.0,276016,0,638607,331016,0,1368532,55000,0,729925
20260119,1312,國喬,13.5,13.9,13.2,13.55,+,0.05,10057439,137219129.0,814000,0,91771,3699000,0,320914,2885000,0,229143
20260119,6706,惠特,125.5,133.0,125.0,133.0,+,12.0,11018864,1431638070.0,950474,0,-53904,3071474,0,92891,2121000,0,146795
20260119,3090,日電貿,100.5,104.5,99.7,104.0,+,3.5,8033496,826341306.0,439000,21937,434588,2912000,37000,449837,2473000,15063,15249
20260119,2388,威盛,52.3,54.7,52.2,53.7,+,1.6,7760007,417488652.0,559051,10000,324230,2913150,10000,365508,2354099,0,41278
20260119,3026,禾伸堂,106.0,110.0,105.0,109.0,+,3.0,3593519,389816809.0,803000,-45200,126277,1468000,56800,150959,665000,102000,24682
20260119,9907,統一實,18.6,18.95,18.6,18.8,+,0.05,2918902,54897733.0,1293000,-388513,-28163,1858000,0,0,565000,388513,28163
20260119,3576,聯合再生,10.6,11.4,10.4,11.3,+,0.7,24959608,273930946.0,892000,0,-30000,6092000,0,16000,5200000,0,46000
20260119,3033,威健,30.55,31.15,30.4,30.75,+,0.2,2301469,70986582.0,1088000,-227768,-6587,1234000,0,18059,146000,227768,24646
20260119,2601,益航,5.51,5.66,5.5,5.61,+,0.06,2083533,11646274.0,847000,0,2000,893000,0,2000,46000,0,0
20260119,2363,矽統,50.8,52.6,49.75,52.0,+,2.5,12573202,647317278.0,401025,60000,380273,2710025,60000,394454,2309000,0,14181
20260119,1440,南紡,13.45,13.75,13.4,13.7,+,0.1,1561421,21285110.0,831000,0,-4768,1010000,0,15000,179000,0,19768
20260119,8070,長華*,46.2,47.15,46.0,46.95,+,0.8,2861690,133606532.0,890000,-84428,3604,1773000,0,20604,883000,84428,17000
20260119,8131,福懋科,72.7,76.4,72.2,76.4,+,6.9,16085194,1209181485.0,705000,0,91420,2933000,0,135420,2228000,0,44000
20260119,2352,佳世達,25.1,25.95,24.9,25.5,+,0.4,6962157,177865792.0,814120,0,-18394,2733120,6000,81758,1919000,6000,100152
20260119,2478,大毅,71.9,73.5,70.5,72.2,+,1.8,7660199,553842546.0,724000,48000,14328,2654000,48000,145140,1930000,0,130812
20260119,2542,興富發,38.5,38.85,38.2,38.4,-,0.3,6064831,233450813.0,2228000,-1487000,24657,2967000,0,74710,739000,1487000,50053
20260119,00907,永豐優息存股,15.6,15.73,15.6,15.64,-,0.01,893053,13991885.0,20000,0,720791,25000,0,753425,5000,0,32634
20260119,00896,中信綠能及電動車,20.51,20.6,20.45,20.59,+,0.08,1874034,38501317.0,56000,0,683526,132000,0,1158657,76000,0,475131
20260119,2338,光罩,40.4,42.35,39.7,41.7,+,1.75,5698371,235217047.0,448000,0,288575,1708000,0,364790,1260000,0,76215
20260119,4306,炎洲,13.95,14.1,13.85,14.05,+,0.1,1280043,17958465.0,773000,0,-38000,861000,0,0,88000,0,38000
20260119,2349,錸德,16.2,16.4,15.6,16.0,-,0.2,20705525,332212321.0,730675,0,-4000,2777010,0,2000,2046335,0,6000
20260119,4960,誠美材,14.0,14.55,14.0,14.15,+,0.15,2811977,40250711.0,730000,0,-8001,1018000,0,0,288000,0,8001
20260119,2881,富邦金,94.4,96.2,94.4,95.0,,0.0,15713225,1496104680.0,3477225,-2449036,-308029,8962225,422000,85504,5485000,2871036,393533
20260119,4938,和碩,71.1,71.7,70.7,70.8,-,0.5,8855298,629284394.0,4066000,-3398549,50839,5909000,14000,148641,1843000,3412549,97802
20260119,2855,統一證,28.0,28.6,27.9,28.35,+,0.3,7559423,213467904.0,872000,-156000,0,2154000,536000,0,1282000,692000,0
20260119,6449,鈺邦,184.5,196.0,183.5,193.0,+,13.0,3827644,734262759.0,461117,0,252503,1194200,0,312534,733083,0,60031
20260119,1313,聯成,10.4,10.9,10.4,10.75,+,0.25,3979646,42712907.0,739000,0,-29000,1662000,0,0,923000,0,29000
20260119,2467,志聖,250.5,252.0,241.0,245.0,-,5.0,2291990,559510774.0,640193,93000,-27228,970000,93000,42416,329807,0,69644
20260119,4977,眾達-KY,119.5,120.0,116.5,118.5,,0.0,2123060,250603482.0,763000,0,-62840,929000,0,28000,166000,0,90840
20260119,2208,台船,21.5,21.95,21.5,21.6,+,0.1,5622969,121688196.0,724000,0,-31487,1587000,0,0,863000,0,31487
20260119,2801,彰銀,20.35,20.5,20.3,20.4,+,0.05,16177542,330053275.0,1180100,-226043,-266364,6087050,0,2000,4906950,226043,268364
20260119,1612,宏泰,35.95,37.45,35.4,37.4,+,1.9,4288078,157102683.0,695000,0,-10091,1226000,0,7644,531000,0,17735
20260119,6152,百一,14.8,15.1,13.5,14.8,+,0.7,13298930,194037190.0,794000,0,-120129,1270000,0,6000,476000,0,126129
20260119,00944,野村趨勢動能高息,15.16,15.24,15.11,15.2,,0.0,1111180,16887932.0,-2000,0,659068,9000,0,959068,11000,0,300000
20260119,4763,材料*-KY,51.2,52.3,50.6,51.3,,0.0,4644589,239210627.0,893946,-211392,-28947,1892046,0,12570,998100,211392,41517
20260119,2106,建大,19.85,20.85,19.85,20.55,+,0.7,2446916,50360138.0,687000,0,-37461,1218000,0,0,531000,0,37461
20260119,3041,揚智,26.35,27.4,26.3,26.9,+,0.65,1693988,45799903.0,644000,0,2000,805000,0,2000,161000,0,0
20260119,4934,太極,14.55,14.95,14.5,14.95,+,0.4,1219612,18043693.0,610000,0,-8000,698000,0,0,88000,0,8000
20260119,2484,希華,27.7,29.05,27.2,29.05,+,2.6,5447788,154986782.0,377000,0,206797,1047000,0,208797,670000,0,2000
20260119,1611,中電,13.7,14.15,13.6,14.1,+,0.4,1797308,25209355.0,510764,0,72994,798764,0,78000,288000,0,5006
20260119,6213,聯茂,116.0,116.0,113.0,114.0,-,1.5,4975867,568622522.0,592900,0,-10765,1848000,0,74450,1255100,0,85215
20260119,9921,巨大,96.5,100.5,95.8,96.4,+,1.4,3580311,349543350.0,560235,0,13148,1598435,0,37246,1038200,0,24098
20260119,2612,中航,60.0,61.0,59.7,60.4,+,0.7,1233218,74606164.0,618750,-68000,16756,744000,0,20756,125250,68000,4000
20260119,1229,聯華,46.5,47.15,46.3,46.7,-,0.05,1813914,84845945.0,598614,0,-36879,928886,0,2000,330272,0,38879
20260119,6133,金橋,22.45,23.3,22.3,22.85,+,0.45,3256000,74596948.0,567000,0,-5458,1168000,0,0,601000,0,5458
20260119,00733,富邦臺灣中小,51.0,51.6,51.0,51.2,+,0.2,1271808,65251763.0,97000,0,453001,130000,0,818342,33000,0,365341
20260119,1618,合機,43.75,45.2,43.35,44.6,+,0.9,2839091,126225598.0,553000,0,-3000,1004000,0,0,451000,0,3000
20260119,2614,東森,22.2,22.55,22.0,22.35,+,0.15,1264994,28291011.0,755000,-207000,-3992,853000,0,8,98000,207000,4000
20260119,5388,中磊,79.4,81.3,79.3,80.6,+,2.0,4683128,377626026.0,388010,-2465,153156,1755010,0,162418,1367000,2465,9262
20260119,4968,立積,122.0,125.5,122.0,125.5,+,4.0,1161373,144526375.0,515000,15000,8072,685000,15000,16992,170000,0,8920
20260119,6672,騰輝電子-KY,98.5,101.0,95.9,99.7,+,1.0,2501113,248104536.0,534000,0,-2163,854000,0,2000,320000,0,4163
20260119,2520,冠德,32.3,33.1,32.1,32.7,+,0.25,1416158,46398304.0,394000,135000,2139,703000,135000,38158,309000,0,36019
20260119,2365,昆盈,36.3,37.5,35.95,36.6,+,0.4,3647340,134456300.0,524000,0,-1652,1231000,0,1348,707000,0,3000
20260119,00731,復華富時高息低波,71.25,72.45,71.25,72.15,+,1.0,1088035,78427398.0,157000,0,365079,157000,0,889079,0,0,524000
20260119,2464,盟立,67.0,69.6,66.0,68.6,+,1.7,4142373,282348136.0,440964,0,75774,980000,0,106650,539036,0,30876
20260119,6806,森崴能源,50.0,51.7,50.0,51.7,+,4.7,1690182,86322339.0,522000,0,-7389,591000,0,94611,69000,0,102000
20260119,1444,力麗,6.15,6.28,6.12,6.24,+,0.09,1136141,7081289.0,521000,0,-11000,556000,0,0,35000,0,11000
20260119,6202,盛群,38.6,40.2,38.55,40.1,+,1.55,1591867,63186124.0,475000,20000,-5476,684000,20000,5524,209000,0,11000
20260119,8996,高力,692.0,718.0,692.0,709.0,+,29.0,1203579,856881443.0,582652,-114000,15584,797692,0,26800,215040,114000,11216
20260119,9914,美利達,93.5,98.7,92.1,92.3,+,0.2,6129111,580504939.0,448000,0,35371,2110000,0,74213,1662000,0,38842
20260119,2913,農林,13.25,13.45,13.2,13.35,+,0.05,1469901,19602932.0,464000,0,18000,688000,0,29000,224000,0,11000
20260119,3533,嘉澤,1385.0,1460.0,1365.0,1430.0,+,60.0,1724025,2457999950.0,401965,51000,28573,881965,51000,82482,480000,0,53909
20260119,2458,義隆,115.5,119.0,115.5,117.0,+,1.5,1769661,208002926.0,902293,-426457,2149,1142000,45000,7149,239707,471457,5000
20260119,4142,國光生,20.7,20.75,20.1,20.25,-,0.25,2787310,56655973.0,474000,0,1998,1048000,0,9000,574000,0,7002
20260119,6873,泓德能源,119.0,124.0,117.0,124.0,+,11.0,3050840,371124423.0,492100,0,-19400,1015100,0,49280,523000,0,68680
20260119,1308,亞聚,13.8,14.15,13.65,14.0,+,0.2,1920231,26853196.0,476960,0,-5911,1014000,0,7998,537040,0,13909
20260119,1442,名軒,29.75,30.7,29.65,30.05,+,0.2,1062209,32163485.0,599000,-129000,-2377,783000,0,1764,184000,129000,4141
20260119,00737,國泰AI機器人,37.02,37.14,36.98,37.01,-,0.6,742025,27468589.0,-14980,0,479890,1020,0,572000,16000,0,92110
20260119,2010,春源,21.25,21.45,21.15,21.25,-,0.1,1735809,36951132.0,716300,-225000,-33125,824300,0,0,108000,225000,33125
20260119,2493,揚博,124.0,124.0,118.5,120.5,-,2.5,1631882,196260422.0,398265,47708,412,721265,92000,8233,323000,44292,7821
20260119,3673,TPK-KY,43.6,46.3,43.45,44.2,+,0.9,4645271,208217444.0,424000,0,18929,1775000,0,114111,1351000,0,95182
20260119,2547,日勝生,10.85,11.05,10.75,11.0,+,0.15,1683497,18417174.0,244000,235000,-37000,514000,235000,0,270000,0,37000
20260119,00897,富邦基因免疫生技,9.49,9.49,9.42,9.43,-,0.06,819146,7729573.0,-13000,0,451705,0,0,574000,13000,0,122295
20260119,2204,中華,58.6,59.7,58.3,58.7,+,0.1,1669700,98603030.0,680000,-225633,-17486,969000,0,1514,289000,225633,19000
20260119,3450,聯鈞,252.5,252.5,245.0,245.0,-,5.5,4192726,1037126663.0,574100,-90000,-47399,1033100,0,23305,459000,90000,70704
20260119,4915,致伸,79.8,80.8,79.8,80.3,+,0.5,1888437,151761596.0,338000,106142,-10102,823000,471000,5898,485000,364858,16000
20260119,3312,弘憶股,41.2,42.4,41.0,42.15,+,1.15,1827146,76345455.0,440047,0,-8438,631000,0,2000,190953,0,10438
20260119,1710,東聯,12.7,13.1,12.65,13.0,+,0.25,1734959,22473285.0,408000,0,19109,785000,0,36272,377000,0,17163
20260119,3022,威強電,68.2,69.6,67.7,68.5,+,0.4,948888,65101858.0,365000,54908,-4920,455000,59000,2200,90000,4092,7120
20260119,4564,元翎,17.25,17.85,16.95,17.6,+,0.35,947499,16621705.0,406000,0,5381,513000,0,10000,107000,0,4619
20260119,2617,台航,30.8,31.35,30.75,31.35,+,0.4,774430,24070259.0,270000,140000,-9150,395000,140000,3000,125000,0,12150
20260119,1806,冠軍,9.13,9.25,9.11,9.25,+,0.13,1169418,10783755.0,413000,0,-20000,498000,0,20000,85000,0,40000
20260119,2108,南帝,24.25,24.75,24.0,24.6,+,0.25,1260069,30844342.0,383000,0,-10152,763000,0,1000,380000,0,11152
20260119,9938,百和,53.4,54.5,53.1,53.4,,0.0,1426800,76825403.0,370000,0,-4692,659000,0,5338,289000,0,10030
20260119,2359,所羅門,132.0,134.5,130.0,131.5,,0.0,1485990,197005430.0,373000,0,-11540,633000,0,7728,260000,0,19268
20260119,1904,正隆,17.9,18.3,17.65,18.15,+,0.25,1347582,24345218.0,384001,0,-23308,700001,0,47000,316000,0,70308
20260119,6235,華孚,62.5,64.5,61.6,63.7,+,1.2,1403095,88912578.0,461800,-100000,-1795,641000,0,11000,179200,100000,12795
20260119,4961,天鈺,149.0,155.0,149.0,154.0,+,5.0,1689095,259434181.0,248824,75000,33995,533000,77000,45402,284176,2000,11407
20260119,3025,星通,72.2,73.2,71.5,72.0,-,0.1,1261674,90985340.0,309999,43000,1315,497000,43000,4000,187001,0,2685
20260119,6139,亞翔,584.0,592.0,577.0,592.0,+,8.0,3694437,2166469555.0,-219155,554000,18931,1154585,572000,101447,1373740,18000,82516
20260119,2342,茂矽,35.2,36.4,35.15,35.65,+,1.8,8376337,299769979.0,355000,0,-4430,2300000,0,1000,1945000,0,5430
20260119,4526,東台,36.35,36.95,35.6,36.5,+,0.65,7422901,269984541.0,279000,0,70843,1817000,0,97297,1538000,0,26454
20260119,3437,榮創,15.6,16.1,15.4,15.85,+,0.5,1127928,17914071.0,341000,0,8000,456000,0,10000,115000,0,2000
20260119,2351,順德,77.2,78.9,77.2,78.3,+,0.9,1036707,81112801.0,337076,0,4152,497076,0,12343,160000,0,8191
20260119,2511,太子,8.39,8.51,8.38,8.45,+,0.03,1668557,14112541.0,438000,0,-98000,736000,0,25000,298000,0,123000
20260119,3059,華晶科,40.3,40.95,39.85,40.25,+,0.1,2281872,92365357.0,317000,0,21197,751000,0,29022,434000,0,7825
20260119,1711,永光,23.15,23.65,22.6,23.25,+,0.2,13428603,311792389.0,907000,0,-569384,3766000,0,61899,2859000,0,631283
20260119,3014,聯陽,116.0,118.5,116.0,118.0,+,2.5,936443,110160201.0,272000,66721,-4295,374000,87000,0,102000,20279,4295
20260119,8011,台通,22.4,22.9,22.3,22.8,+,0.4,1875569,42578918.0,335000,0,-2638,605000,0,4000,270000,0,6638
20260119,2530,華建,28.15,28.5,28.05,28.15,-,0.2,847062,23930255.0,289000,-40000,81831,539000,0,104000,250000,40000,22169
20260119,6189,豐藝,45.0,46.05,44.15,45.75,+,0.7,875973,39949558.0,259000,72498,-2439,340000,80000,4587,81000,7502,7026
20260119,9945,潤泰新,29.7,29.9,29.5,29.75,+,0.05,3995189,118669922.0,393000,-3000,-61079,1252000,0,6202,859000,3000,67281
20260119,2017,官田鋼,8.95,9.1,8.89,9.01,-,0.01,1014474,9159905.0,310000,0,11729,384000,0,21000,74000,0,9271
20260119,00901,永豐智能車供應鏈,27.4,27.5,27.24,27.43,+,0.03,694108,18991464.0,133000,0,185327,141000,0,434360,8000,0,249033
20260119,3622,洋華,66.0,68.0,65.2,67.8,+,1.8,963686,64764964.0,268000,51000,-3854,370000,51000,4205,102000,0,8059
20260119,2101,南港,36.85,37.6,36.35,37.0,-,0.05,1227076,45476316.0,321000,0,-6023,663000,0,13000,342000,0,19023
20260119,6862,三集瑞-KY,181.0,187.0,178.5,187.0,+,17.0,1152226,214240411.0,296000,0,18948,359000,0,20947,63000,0,1999
20260119,8249,菱光,53.8,54.3,53.1,53.6,+,0.6,932459,50104932.0,319000,0,-4144,391000,0,0,72000,0,4144
20260119,3592,瑞鼎,224.0,233.0,223.0,231.0,+,6.5,1016724,234105683.0,300658,12780,1139,492658,18000,4223,192000,5220,3084
20260119,4532,瑞智,25.2,25.9,25.2,25.65,+,0.6,3725969,95468062.0,298000,-39939,56159,978000,0,73430,680000,39939,17271
20260119,1309,台達化,11.95,12.25,11.85,12.05,+,0.15,1135105,13715313.0,286000,0,17998,486000,0,22000,200000,0,4002
20260119,00923,群益台ESG低碳50,28.0,28.36,27.94,28.22,+,0.07,2521913,70835137.0,23013,0,279516,62013,0,1072351,39000,0,792835
20260119,2362,藍天,38.65,39.8,38.55,39.45,+,0.6,666806,26322124.0,313000,1000,-12000,419000,1000,6000,106000,0,18000
20260119,6112,邁達特,47.2,48.8,47.2,47.9,+,0.7,792690,38169939.0,310000,0,-8196,397000,0,1069,87000,0,9265
20260119,00902,中信電池及儲能,13.75,13.75,13.53,13.68,-,0.09,2390866,32538922.0,425000,0,-123689,472000,0,458636,47000,0,582325
20260119,3356,奇偶,49.8,50.8,49.05,50.0,+,0.75,936901,46901550.0,302000,0,-800,360000,0,4020,58000,0,4820
20260119,1449,佳和,12.35,12.6,12.25,12.4,+,0.25,1604562,19945836.0,298000,0,0,574000,0,0,276000,0,0
20260119,3051,力特,22.5,24.5,22.2,24.35,+,1.85,6330745,150230362.0,308700,0,-11780,1426000,0,220,1117300,0,12000
20260119,3661,世芯-KY,3345.0,3565.0,3260.0,3435.0,+,95.0,2888446,9912417785.0,229522,44982,21474,907943,63200,164739,678421,18218,143265
20260119,1307,三芳,31.95,33.0,31.8,32.8,+,0.85,1005987,32537551.0,338000,-27000,-15210,500000,133000,0,162000,160000,15210
20260119,2241,艾姆勒,37.65,38.5,36.55,37.3,+,0.1,1002761,37745817.0,291000,0,4000,451000,0,4000,160000,0,0
20260119,6412,群電,81.9,84.8,81.5,84.0,+,2.1,1080808,90583000.0,309239,-11193,-3492,543239,1000,3000,234000,12193,6492
20260119,8103,瀚荃,93.4,100.5,92.7,98.5,+,4.6,4640494,450017798.0,296620,0,-2962,1244000,0,38,947380,0,3000
20260119,2379,瑞昱,509.0,522.0,501.0,515.0,+,6.0,3766567,1933322534.0,950824,-685108,27019,1852394,80000,85127,901570,765108,58108
20260119,1907,永豐餘,25.2,26.1,25.2,25.7,+,0.15,838083,21570818.0,328000,-10000,-25277,540000,0,14000,212000,10000,39277
20260119,4551,智伸科,124.0,128.0,122.5,124.5,+,1.5,1017575,127192423.0,228000,39000,25679,377000,39000,45000,149000,0,19321
20260119,3645,達邁,60.9,66.5,59.8,63.7,+,3.0,7551048,483685887.0,171900,0,120315,2236000,0,128071,2064100,0,7756
20260119,5519,隆大,31.8,32.7,31.75,32.4,+,0.5,431569,13972354.0,106000,0,184444,159000,0,202000,53000,0,17556
20260119,00639,富邦深100,15.66,15.76,15.58,15.63,-,0.08,517632,8085849.0,-1000,0,290715,0,0,362202,1000,0,71487
20260119,3024,憶聲,11.25,11.85,11.1,11.45,+,0.25,1355169,15538602.0,283000,0,2000,451000,0,5000,168000,0,3000
20260119,2404,漢唐,1090.0,1110.0,1055.0,1095.0,-,5.0,3112930,3374627210.0,-211415,489000,6808,938809,507000,174769,1150224,18000,167961
20260119,3011,今皓,14.6,15.1,14.35,14.65,+,0.1,1634219,24086841.0,283000,0,1000,694000,0,2000,411000,0,1000
20260119,1616,億泰,28.85,29.25,28.55,29.2,+,0.45,1094729,31710684.0,279000,0,3868,488000,0,8000,209000,0,4132
20260119,9910,豐泰,102.5,104.5,100.0,101.5,-,2.5,2502690,256041263.0,658293,-388301,10535,1383000,35000,46000,724707,423301,35465
20260119,00714,群益道瓊美國地產,20.7,20.83,20.65,20.79,+,0.15,375368,7804362.0,313000,0,-34839,316000,0,22161,3000,0,57000
20260119,6695,芯鼎,43.7,45.3,43.6,44.5,+,0.8,546343,24401019.0,275050,0,1000,340050,0,1000,65000,0,0
20260119,5234,達興材料,355.5,364.0,348.0,350.5,-,5.0,1230999,434333553.0,282000,-8000,-1952,483200,0,28205,201200,8000,30157
20260119,1809,中釉,25.0,25.0,24.65,25.0,+,2.25,4109033,102711425.0,269000,0,1391,351000,0,33391,82000,0,32000
20260119,8016,矽創,189.0,191.5,188.0,190.0,+,1.0,815412,155158570.0,416000,-147805,678,485000,73000,7236,69000,220805,6558
20260119,1210,大成,52.0,53.0,51.9,52.3,+,0.1,2078427,109233781.0,745000,-454000,-24000,1092000,0,0,347000,454000,24000
20260119,2417,圓剛,39.5,40.55,39.0,40.0,+,0.55,966749,38669872.0,264000,0,2000,407000,0,10000,143000,0,8000
20260119,3443,創意,2525.0,2735.0,2465.0,2695.0,+,185.0,3721814,9774686795.0,30339,96000,139115,1110991,99000,206352,1080652,3000,67237
20260119,3694,海華,61.0,61.6,60.0,61.2,+,0.7,890288,54368089.0,255000,-2000,6526,381000,0,8002,126000,2000,1476
20260119,7610,聯友金屬-創,193.0,197.5,188.0,195.0,,0.0,1084727,210249714.0,258550,0,-28,412050,0,7749,153500,0,7777
20260119,6168,宏齊,20.4,20.75,20.25,20.7,+,0.35,627817,12936807.0,270000,0,-12128,311000,0,0,41000,0,12128
20260119,3665,貿聯-KY,1380.0,1400.0,1310.0,1315.0,-,85.0,5049560,6716473865.0,2054144,-1711303,-87738,3067637,17000,95337,1013493,1728303,183075
20260119,3715,定穎投控,135.0,136.5,131.0,132.0,-,2.5,22049381,2933328071.0,639782,0,-384887,6171015,0,182863,5531233,0,567750
20260119,6558,興能高,36.75,37.45,36.3,36.75,,0.0,731448,27063444.0,254000,0,377,344000,0,1000,90000,0,623
20260119,1514,亞力,114.5,124.0,112.0,120.0,+,6.0,37324427,4468351754.0,232855,20000,1247,9136091,20000,336251,8903236,0,335004
20260119,00636,國泰中國A50,27.25,27.28,26.94,27.09,-,0.16,819910,22191344.0,-11000,0,263006,1000,0,400000,12000,0,136994
20260119,6405,悅城,31.5,33.15,31.45,32.45,+,1.05,1243629,40353690.0,254000,0,-2000,426000,0,0,172000,0,2000
20260119,3058,立德,10.25,10.95,10.2,10.55,+,0.35,1569396,16710617.0,253000,0,-1000,440000,0,6000,187000,0,7000
20260119,2439,美律,106.0,107.5,105.5,106.0,-,0.5,1250249,132713399.0,454700,-219894,16219,710700,1000,25219,256000,220894,9000
20260119,2613,中櫃,24.4,24.8,24.1,24.55,+,0.05,517751,12709803.0,255000,0,-4050,329000,0,0,74000,0,4050
20260119,8163,達方,31.95,33.0,31.6,32.25,+,0.5,1456230,47246653.0,267000,-26994,5773,474000,0,12728,207000,26994,6955
20260119,1476,儒鴻,414.0,419.5,411.0,419.5,-,0.5,978932,406468730.0,159435,87703,-6851,679435,92000,14497,520000,4297,21348
20260119,2428,興勤,178.5,181.5,176.5,180.0,+,2.0,910257,163721187.0,249000,-10000,1239,388000,43000,5349,139000,53000,4110
20260119,1903,士紙,55.3,58.0,55.3,57.1,+,1.8,778292,44455181.0,199000,0,41000,300000,0,43000,101000,0,2000
20260119,3545,敦泰,52.5,57.5,52.4,56.8,+,3.9,4635844,258554416.0,228010,0,11921,1408010,0,27563,1180000,0,15642
20260119,6164,華興,12.45,12.9,12.25,12.7,+,0.25,1252588,15854503.0,248000,0,-9000,417000,0,1000,169000,0,10000
20260119,2022,聚亨,8.93,9.1,8.89,9.05,+,0.12,1326317,11933484.0,279000,0,-40000,418000,0,0,139000,0,40000
20260119,00908,富邦入息REITs+,14.31,14.35,14.28,14.29,-,0.02,410716,5868120.0,-8000,0,247000,0,0,363000,8000,0,116000
20260119,2395,研華,287.5,290.5,285.0,287.0,-,0.5,2135313,615174262.0,182010,64898,-11441,1340724,69000,7000,1158714,4102,18441
20260119,8222,寶一,43.7,44.25,43.3,43.3,+,0.1,1091815,47872663.0,235000,0,0,440000,0,1000,205000,0,1000
20260119,3708,上緯投控,120.0,129.5,119.5,125.0,+,5.0,3807298,477253821.0,169369,-1000,66501,1203369,0,90129,1034000,1000,23628
20260119,8478,東哥遊艇,190.0,196.5,188.0,194.5,+,4.0,440550,85628386.0,236401,0,-3068,278401,0,1000,42000,0,4068
20260119,2302,麗正,19.3,21.0,19.3,20.5,+,1.4,3809873,77664387.0,299000,-57000,-10755,946000,0,1411,647000,57000,12166
20260119,2426,鼎元,17.8,18.75,17.8,18.35,+,0.7,1806122,33257391.0,231000,0,0,514000,0,6000,283000,0,6000
20260119,2462,良得電,24.9,25.25,24.75,24.9,,0.0,869286,21711400.0,229110,0,461,275110,0,1000,46000,0,539
20260119,6573,虹揚-KY,15.3,15.45,15.0,15.35,+,0.3,417774,6377358.0,227000,0,-3000,239000,0,3000,12000,0,6000
20260119,2905,三商,15.6,15.9,15.5,15.75,-,0.05,919989,14489690.0,216000,0,4000,402000,0,20000,186000,0,16000
20260119,2031,新光鋼,39.0,39.55,38.6,39.35,+,0.45,637455,25033917.0,154000,72000,-10239,252000,72000,12631,98000,0,22870
20260119,9904,寶成,31.45,31.45,31.1,31.45,-,0.2,7970505,249758053.0,-997000,1300188,-88371,1909000,1687000,74394,2906000,386812,162765
20260119,2427,三商電,26.7,27.25,26.6,26.9,+,0.25,813641,21948604.0,217000,0,-4240,319000,0,0,102000,0,4240
20260119,6477,安集,34.95,35.9,34.9,35.1,+,0.05,829238,29292995.0,214000,0,-1282,392000,0,0,178000,0,1282
20260119,4164,承業醫,35.45,35.85,35.2,35.45,+,0.05,1256406,44572229.0,217000,0,-6505,722000,0,5000,505000,0,11505
20260119,3209,全科,33.85,33.85,33.6,33.8,+,0.2,474718,16005532.0,234000,-18103,-5550,277000,0,2000,43000,18103,7550
20260119,8081,致新,218.0,223.0,217.0,222.0,+,4.0,500604,110445424.0,188000,25998,-3673,235000,28000,434,47000,2002,4107
20260119,2504,國產,37.6,38.3,37.45,37.7,+,0.05,1476183,55932823.0,469000,-215074,-44000,815000,0,2000,346000,215074,46000
20260119,3055,蔚華科,71.5,75.6,70.8,73.4,+,1.8,555583,40514804.0,206000,0,2479,276000,0,5478,70000,0,2999
20260119,6533,晶心科,238.5,252.0,238.5,250.5,+,11.5,601070,148907629.0,191955,0,11656,236050,0,20736,44095,0,9080
20260119,1201,味全,14.4,14.6,14.4,14.6,+,0.15,742491,10768119.0,219000,0,-18000,252000,0,6000,33000,0,24000
20260119,1723,中碳,71.1,71.9,70.8,71.6,+,0.1,425742,30441704.0,206000,0,-6047,271000,0,0,65000,0,6047
20260119,6719,力智,181.0,185.5,179.5,185.0,+,4.0,518200,95527536.0,242024,-43000,168,292024,0,5006,50000,43000,4838
20260119,1712,興農,45.4,46.2,45.4,45.6,+,0.1,678529,31122995.0,290000,-100000,6675,359000,0,22838,69000,100000,16163
20260119,6944,兆聯實業,730.0,764.0,722.0,759.0,+,27.0,1017440,753656902.0,144533,-417,51721,334205,0,94314,189672,417,42593
20260119,00885,富邦越南,18.95,19.05,18.84,18.86,-,0.09,5511738,104254508.0,489174,0,-296272,945174,0,1765000,456000,0,2061272
20260119,6456,GIS-KY,43.25,44.8,43.15,43.9,+,0.65,1376818,60768967.0,170000,0,22401,556000,0,28000,386000,0,5599
20260119,1589,永冠-KY,18.3,19.0,18.25,18.45,+,0.7,4381452,81447537.0,195000,0,-3874,1218000,0,18000,1023000,0,21874
20260119,3003,健和興,48.6,49.85,48.2,49.0,+,0.25,514548,25307133.0,189000,0,2026,245000,0,4124,56000,0,2098
20260119,6209,今國光,60.6,61.2,59.4,60.3,-,0.1,4811236,289651830.0,40000,130000,19899,1455000,130000,43000,1415000,0,23101
20260119,3056,富華新,17.65,17.65,17.45,17.55,-,0.15,2010713,35254678.0,191406,-6000,227,575000,0,9000,383594,6000,8773
20260119,2611,志信,15.0,15.25,15.0,15.15,+,0.15,488487,7406312.0,192000,0,-7000,231000,0,0,39000,0,7000
20260119,00938,凱基優選30,18.3,18.56,18.28,18.54,+,0.17,854442,15746067.0,9000,0,175056,17000,0,759269,8000,0,584213
20260119,00678,群益那斯達克生技,35.26,35.26,34.8,34.87,-,0.39,479639,16714562.0,26000,0,155110,26000,0,378000,0,0,222890
20260119,2254,巨鎧精密-創,59.6,59.7,59.6,59.7,+,0.2,181000,10787700.0,0,0,180000,0,0,180000,0,0,0
20260119,00903,富邦元宇宙,17.72,17.72,17.47,17.5,-,0.22,367497,6429759.0,-69000,0,247342,0,0,250000,69000,0,2658
20260119,2425,承啟,31.3,33.4,31.3,33.15,+,2.2,1776420,58201933.0,176000,0,1183,619000,0,7051,443000,0,5868
20260119,5258,虹堡,62.9,64.7,62.5,63.9,+,1.0,351494,22400910.0,179000,0,-2001,220000,0,0,41000,0,2001
20260119,2104,國際中橡,11.95,12.9,11.95,12.5,+,0.5,7373783,92388582.0,197000,0,-21969,2611000,0,7000,2414000,0,28969
20260119,8404,百和興業-KY,24.55,25.0,24.25,24.25,-,0.2,790773,19412780.0,283000,-111000,2000,359000,0,12000,76000,111000,10000
20260119,2468,華經,40.65,41.4,40.35,40.75,+,0.25,354099,14501251.0,174000,0,-165,221000,0,0,47000,0,165
20260119,6799,來頡,87.0,88.4,86.5,87.5,+,0.9,393203,34555617.0,174000,0,-1000,201000,0,0,27000,0,1000
20260119,6271,同欣電,130.5,132.5,129.0,131.0,+,2.0,2782742,364243515.0,13185,0,158630,883697,0,269560,870512,0,110930
20260119,7795,長廣,300.0,328.5,286.5,328.5,+,36.5,3791719,1156714294.0,159000,0,10000,230000,0,10000,71000,0,0
20260119,6177,達麗,49.4,51.8,49.3,51.4,+,1.55,1968973,99787956.0,157112,9000,-528,804112,395000,17635,647000,386000,18163
20260119,6431,光麗-KY,29.1,29.8,28.9,28.95,,0.0,534970,15634281.0,165000,0,0,201000,0,0,36000,0,0
20260119,6214,精誠,116.5,119.0,116.5,118.0,+,0.5,483998,57179260.0,173000,-1667,-6656,213000,0,1000,40000,1667,7656
20260119,3607,谷崧,14.85,15.7,14.7,15.6,+,0.75,1015822,15448333.0,167000,0,-3000,347000,0,0,180000,0,3000
20260119,4956,光鋐,21.05,21.95,21.0,21.35,+,0.3,867931,18672792.0,159000,0,2000,284000,0,2000,125000,0,0
20260119,4949,有成精密,40.25,43.55,40.1,42.5,+,2.9,4076634,174443241.0,151000,0,8636,810000,0,16024,659000,0,7388
20260119,1218,泰山,18.3,18.6,18.25,18.5,+,0.15,1021183,18857615.0,197000,0,-39000,271000,0,0,74000,0,39000
20260119,3008,大立光,2405.0,2485.0,2400.0,2450.0,+,20.0,898608,2201351890.0,165297,-11150,2480,529572,20000,27617,364275,31150,25137
20260119,6442,光聖,1255.0,1260.0,1200.0,1235.0,-,20.0,2135364,2622631370.0,268177,-124000,7532,663187,66000,70150,395010,190000,62618
20260119,2453,凌群,55.3,56.3,54.3,55.4,-,0.1,557723,30996195.0,145000,0,5000,204000,0,12000,59000,0,7000
20260119,3321,同泰,20.7,21.35,20.2,20.35,-,0.05,1028212,21261211.0,150000,0,-1312,326000,0,1000,176000,0,2312
20260119,3052,夆典,11.8,11.8,11.7,11.7,-,0.05,1051250,12340990.0,177000,0,-30000,227000,0,0,50000,0,30000
20260119,4583,台灣精銳,737.0,757.0,731.0,743.0,+,7.0,533284,398931591.0,139534,0,6710,233701,0,22501,94167,0,15791
20260119,00962,台新AI優息動能,11.32,11.4,11.26,11.34,+,0.02,356235,4039913.0,-14000,0,158543,3000,0,204040,17000,0,45497
20260119,3002,歐格,23.8,24.5,23.6,24.25,+,0.5,802586,19320343.0,143000,0,1000,260000,0,1000,117000,0,0
20260119,3686,達能,19.6,20.2,19.2,19.8,+,0.6,1051501,20836625.0,142000,0,-133,296000,0,0,154000,0,133
20260119,6426,統新,88.1,90.8,87.3,90.1,+,2.0,547703,49001424.0,138990,0,-156,214000,0,0,75010,0,156
20260119,6142,友勁,9.96,10.3,9.92,10.2,+,0.3,1207166,12269247.0,145000,0,-6576,211000,0,5000,66000,0,11576
20260119,8033,雷虎,151.0,151.0,145.0,145.0,-,5.5,2123748,312550641.0,-6500,0,144815,169000,0,189000,175500,0,44185
20260119,9103,美德醫療-DR,4.79,4.79,4.62,4.66,-,0.05,883404,4116177.0,138000,0,0,198000,0,0,60000,0,0
20260119,3296,勝德,24.4,24.8,24.2,24.5,+,0.1,540896,13210404.0,138000,0,0,172000,0,0,34000,0,0
20260119,00850,元大臺灣ESG永續,59.4,59.8,59.0,59.8,+,0.4,856321,50883306.0,-15609,0,153347,39000,0,272587,54609,0,119240
20260119,4545,銘鈺,38.7,38.95,37.7,38.8,+,1.3,364037,14012297.0,138000,0,-3000,185000,0,1000,47000,0,4000
20260119,2465,麗臺,58.8,60.5,58.2,58.4,+,0.3,688432,40848891.0,134000,0,-210,184000,0,1000,50000,0,1210
20260119,9935,慶豐富,20.45,21.0,20.45,20.8,+,0.5,671992,14000505.0,142000,0,-9715,191000,0,0,49000,0,9715
20260119,4562,穎漢,40.45,42.9,40.2,41.2,+,1.15,2504290,103751945.0,132000,0,-408,602000,0,2000,470000,0,2408
20260119,2392,正崴,39.75,41.45,39.5,41.3,+,1.65,3823366,156681771.0,111000,0,19274,1274050,0,60773,1163050,0,41499
20260119,1786,科妍,79.8,81.8,79.5,81.8,+,2.5,355469,28668435.0,122000,0,6459,171000,0,8478,49000,0,2019
20260119,3653,健策,2395.0,2450.0,2315.0,2430.0,+,20.0,1593533,3816129205.0,394204,-246018,-20104,861799,10000,67126,467595,256018,87230
20260119,1515,力山,28.95,29.9,28.9,29.0,+,0.9,1169302,34284336.0,139500,0,-12001,339000,0,0,199500,0,12001
20260119,6698,旭暉應材,34.4,36.25,34.4,35.95,+,2.15,1130895,40295274.0,126000,0,747,360000,0,2000,234000,0,1253
20260119,2491,吉祥全,20.85,20.9,20.05,20.45,-,0.4,694094,14131836.0,145000,0,-19000,254000,0,6000,109000,0,25000
20260119,5484,慧友,40.7,41.0,39.75,40.55,+,0.5,441499,17825986.0,82000,42000,1978,160000,42000,3000,78000,0,1022
20260119,2059,川湖,3710.0,3710.0,3305.0,3310.0,-,100.0,1803479,6281729230.0,152195,-22013,-4463,727143,5000,113729,574948,27013,118192
20260119,2069,運錩,19.5,19.65,19.2,19.5,+,0.1,425741,8297049.0,118000,0,6724,144000,0,8000,26000,0,1276
20260119,4967,十銓,210.0,220.0,209.5,217.5,+,14.0,6304911,1363445459.0,90550,16000,14297,577350,16000,58000,486800,0,43703
20260119,6994,富威電力,94.5,97.0,93.7,94.6,+,1.5,649411,61850405.0,81000,0,34492,235000,0,39983,154000,0,5491
20260119,2233,宇隆,236.0,236.5,225.5,232.0,-,6.0,2011453,463697171.0,54000,12000,47957,484000,33000,77366,430000,21000,29409
20260119,8499,鼎炫-KY,310.0,310.0,290.5,293.0,-,21.0,594121,176723392.0,86000,-14000,41136,223000,0,58118,137000,14000,16982
20260119,6668,中揚光,39.1,39.7,39.1,39.45,+,0.4,360519,14199772.0,112000,0,1000,148000,0,2000,36000,0,1000
20260119,6283,淳安,24.1,24.3,23.9,24.1,+,0.1,417281,10066019.0,116000,0,-3221,237000,0,0,121000,0,3221
20260119,1789,神隆,26.75,27.1,26.75,27.1,+,0.85,2613675,70301249.0,114050,0,-2000,132050,0,13000,18000,0,15000
20260119,3311,閎暉,33.5,34.3,33.4,33.85,+,0.35,503540,17069208.0,113000,0,-1000,182000,0,0,69000,0,1000
20260119,7769,鴻勁,3500.0,3540.0,3455.0,3500.0,-,30.0,527903,1848771435.0,98555,37000,-26147,273600,39000,8398,175045,2000,34545
20260119,00752,中信中國50,27.11,27.11,26.88,26.92,-,0.27,2605944,70243915.0,-107000,0,216122,90000,0,883000,197000,0,666878
20260119,8072,陞泰,32.3,32.9,31.9,32.7,+,0.5,316642,10312528.0,110000,0,-1000,132000,0,0,22000,0,1000
20260119,6591,動力-KY,72.4,74.3,72.4,72.8,+,0.5,498376,36611169.0,110000,0,-1114,207000,0,1000,97000,0,2114
20260119,9911,櫻花,84.1,85.0,84.1,84.5,+,0.1,233839,19790869.0,123000,-4000,-11475,164000,0,1000,41000,4000,12475
20260119,2929,淘帝-KY,7.77,7.88,7.67,7.82,+,0.05,289794,2258993.0,106000,0,0,121000,0,1000,15000,0,1000
20260119,2630,亞航,53.5,55.5,53.5,54.0,,0.0,2394312,130065038.0,128000,0,-23853,658000,0,1000,530000,0,24853
20260119,5243,乙盛-KY,83.8,87.5,83.7,85.0,+,1.4,3334887,285345037.0,70000,-2000,35690,708000,0,63753,638000,2000,28063
20260119,6024,群益期,51.9,52.1,51.7,51.9,,0.0,291195,15112693.0,106000,-3000,0,133000,0,0,27000,3000,0
20260119,3057,喬鼎,18.85,19.35,18.8,19.3,+,0.45,494774,9487186.0,107000,0,-4000,166000,0,0,59000,0,4000
20260119,3530,晶相光,75.7,78.3,75.7,77.4,+,1.8,458109,35315756.0,67000,37000,-1235,164000,37000,1000,97000,0,2235
20260119,4916,事欣科,61.1,62.8,61.0,61.4,+,0.4,5108938,315609552.0,122000,88000,-107314,1218000,88000,5000,1096000,0,112314
20260119,9940,信義,22.5,22.75,22.3,22.5,-,0.15,392518,8848073.0,127000,0,-24579,193000,0,0,66000,0,24579
20260119,5225,東科-KY,107.5,108.5,106.5,106.5,-,1.0,310017,33303160.0,104000,-1000,-2686,130000,0,450,26000,1000,3136
20260119,1436,華友聯,61.8,63.0,61.2,61.5,-,0.3,354223,21939425.0,105000,-3000,-1797,153000,48000,4751,48000,51000,6548
20260119,1104,環泥,30.1,30.5,30.1,30.25,,0.0,367661,11155667.0,141000,0,-40877,182000,0,0,41000,0,40877
20260119,3703,欣陸,23.5,23.75,23.45,23.55,-,0.05,610445,14390698.0,130000,0,-30714,231000,0,0,101000,0,30714
20260119,2836,高雄銀,12.1,12.15,12.05,12.1,,0.0,1733510,20976442.0,182000,0,-83000,399000,0,0,217000,0,83000
20260119,6854,錼創科技-KY創,123.0,127.5,121.5,125.0,+,2.0,433625,54281123.0,105000,0,-6236,258000,0,3313,153000,0,9549
20260119,6605,帝寶,162.0,163.5,157.5,160.5,+,1.0,1223492,196031573.0,67000,56000,-24256,420000,56000,6829,353000,0,31085
20260119,6689,伊雲谷,60.4,61.8,60.4,60.8,+,0.2,168382,10290318.0,99000,0,-266,114000,0,1000,15000,0,1266
20260119,1532,勤美,25.3,25.55,25.15,25.35,+,0.2,1242111,31530802.0,306000,-185191,-22274,485000,0,0,179000,185191,22274
20260119,2471,資通,52.2,53.3,52.1,52.6,+,0.4,295241,15608963.0,102000,0,-4454,106000,0,2000,4000,0,6454
20260119,2548,華固,108.5,109.5,107.0,107.5,-,1.0,767808,83044440.0,50000,0,43073,278000,0,69000,228000,0,25927
20260119,1455,集盛,7.81,8.29,7.81,8.12,+,0.2,1186804,9548286.0,76000,0,16228,182000,0,33000,106000,0,16772
20260119,4770,上品,219.0,228.5,219.0,227.0,+,8.0,516188,116353135.0,118000,0,-25790,166000,0,2022,48000,0,27812
20260119,3550,聯穎,15.8,16.15,15.55,15.6,+,0.05,1219440,19264999.0,80000,0,11860,276000,0,14000,196000,0,2140
20260119,9902,台火,17.1,18.15,17.1,17.65,+,0.45,1114778,19821982.0,98000,0,-8000,296000,0,0,198000,0,8000
20260119,6409,旭隼,1000.0,1025.0,996.0,1005.0,+,5.0,340017,343802685.0,80554,-2000,11168,210816,0,16743,130262,2000,5575
20260119,00895,富邦未來車,40.92,40.92,40.4,40.55,-,0.37,649243,26298388.0,-71000,0,160163,5000,0,313214,76000,0,153051
20260119,1466,聚隆,14.35,14.55,14.35,14.45,+,0.15,168302,2433507.0,82000,0,7000,86000,0,7000,4000,0,0
20260119,3588,通嘉,52.0,53.7,51.6,52.5,+,0.2,516048,27184691.0,89000,0,-1001,188000,0,0,99000,0,1001
20260119,9917,中保科,108.0,109.5,108.0,109.0,+,1.0,582067,63281998.0,160586,-61000,-13362,279586,0,2000,119000,61000,15362
20260119,2852,第一保,28.05,28.2,27.9,28.05,,0.0,497204,13965874.0,118000,-13130,-20249,199000,0,3000,81000,13130,23249
20260119,3092,鴻碩,26.9,27.45,26.0,26.25,-,0.4,1798473,47612105.0,84000,0,119,436000,0,6000,352000,0,5881
20260119,6756,威鋒電子,83.5,84.2,81.5,83.8,+,0.4,186699,15535442.0,85000,0,-1179,120000,0,0,35000,0,1179
20260119,6451,訊芯-KY,147.5,150.5,145.5,146.0,-,2.0,727670,106906373.0,94050,0,-10554,163050,0,12052,69000,0,22606
20260119,9939,宏全,117.5,119.5,117.0,118.5,+,1.0,628110,74423451.0,135345,-56000,2405,300000,10000,12279,164655,66000,9874
20260119,1419,新紡,72.6,75.5,71.9,75.5,+,3.1,500131,37267156.0,90000,0,-8327,207000,0,8538,117000,0,16865
20260119,2387,精元,39.55,40.2,39.35,39.75,+,0.2,648956,25901674.0,156000,-68000,-6712,261000,0,1000,105000,68000,7712
20260119,2107,厚生,24.9,25.1,24.8,24.9,-,0.1,413772,10327783.0,99000,0,-19000,112000,0,0,13000,0,19000
20260119,2539,櫻花建,47.6,48.4,47.45,48.15,+,0.25,562537,26965280.0,-48000,134456,-7000,173000,140000,0,221000,5544,7000
20260119,5471,松翰,34.05,34.6,33.8,34.6,+,0.8,481182,16481028.0,80000,0,-2001,138000,0,0,58000,0,2001
20260119,2460,建通,22.6,24.0,22.6,23.25,+,0.65,672171,15784257.0,84000,0,-8232,124000,0,0,40000,0,8232
20260119,1342,八貫,96.3,97.4,96.3,97.0,+,0.7,214083,20774380.0,73000,0,2036,76000,0,2044,3000,0,8
20260119,1231,聯華食,94.9,95.0,94.0,94.2,-,0.7,342752,32374919.0,74000,0,183,122000,0,6000,48000,0,5817
20260119,00700,富邦恒生國企,18.86,18.86,18.62,18.67,-,0.19,397547,7425958.0,20000,0,52147,28000,0,209236,8000,0,157089
20260119,1340,勝悅-KY,6.74,7.05,6.74,7.0,+,0.26,290312,2014496.0,64000,0,8000,85000,0,8000,21000,0,0
20260119,9136,巨騰-DR,9.04,9.09,8.81,9.05,+,0.06,1611405,14542520.0,72000,0,0,188000,0,0,116000,0,0
20260119,2461,光群雷,16.8,17.1,16.7,17.0,+,0.1,419103,7092611.0,92000,0,-20000,128000,0,0,36000,0,20000
20260119,00960,野村全球航運龍頭,14.95,15.0,14.81,14.82,,0.0,642514,9535124.0,-17000,0,88450,2000,0,108000,19000,0,19550
20260119,6197,佳必琪,148.0,149.0,146.0,147.0,-,1.0,909835,133897196.0,122000,-42000,-8868,300000,0,15925,178000,42000,24793
20260119,6141,柏承,11.75,11.95,11.7,11.85,+,0.2,367606,4348646.0,75000,0,-4000,79000,0,0,4000,0,4000
20260119,3138,耀登,155.5,167.0,155.5,165.5,+,12.5,2086655,337192953.0,37000,0,32639,55000,0,38000,18000,0,5361
20260119,7740,熙特爾-創,172.5,181.0,172.5,179.0,+,9.0,257803,46029175.0,69000,0,-801,110000,0,3301,41000,0,4102
20260119,6909,創控,50.7,50.9,49.6,49.65,-,1.35,1436253,71782476.0,69000,0,-1000,350000,0,0,281000,0,1000
20260119,3229,晟鈦,24.5,25.55,24.5,24.7,+,0.05,244210,6059271.0,68000,0,-19,71000,0,1000,3000,0,1019
20260119,1219,福壽,13.45,13.6,13.4,13.5,-,0.05,306410,4142268.0,65000,0,2000,78000,0,6000,13000,0,4000
20260119,2546,根基,88.5,90.0,88.5,89.8,+,0.6,145606,13037552.0,49700,22000,-5400,62700,22000,0,13000,0,5400
20260119,4737,華廣,55.1,56.0,54.8,56.0,+,0.8,132647,7362303.0,66000,0,79,88000,0,79,22000,0,0
20260119,2482,連宇,18.45,18.65,18.25,18.45,,0.0,317675,5885094.0,73000,0,-8193,79000,0,0,6000,0,8193
20260119,3346,麗清,21.8,23.7,21.25,23.45,+,1.9,3404488,77604937.0,62000,0,2224,624000,0,22244,562000,0,20020
20260119,9927,泰銘,70.7,71.5,70.7,71.5,+,1.0,172561,12271187.0,12000,20000,31819,37000,20000,42000,25000,0,10181
20260119,2477,美隆電,25.55,25.55,25.2,25.35,+,0.1,424132,10748940.0,76000,0,-13000,109000,0,0,33000,0,13000
20260119,2364,倫飛,65.2,67.0,65.0,65.8,+,0.5,297041,19646948.0,64000,0,-1003,128000,0,0,64000,0,1003
20260119,3257,虹冠電,66.9,67.5,66.1,67.0,+,0.5,494074,33080301.0,18000,47000,-3000,154000,47000,0,136000,0,3000
20260119,3031,佰鴻,19.8,20.4,19.8,20.2,+,0.3,666942,13491857.0,65000,0,-3000,163000,0,1000,98000,0,4000
20260119,00728,第一金工業30,40.5,40.77,40.3,40.73,+,0.48,135871,5505753.0,-2000,0,63981,0,0,104044,2000,0,40063
20260119,4976,佳凌,31.65,31.8,31.05,31.55,+,0.35,656999,20671497.0,63000,0,-2000,253000,0,0,190000,0,2000
20260119,1709,和益,17.2,17.35,17.2,17.2,-,0.05,516798,8925194.0,86000,0,-25000,123000,0,0,37000,0,25000
20260119,6491,晶碩,282.5,285.5,281.5,282.0,-,1.0,200147,56606977.0,64000,-1000,-2042,91000,0,1001,27000,1000,3043
20260119,0061,元大寶滬深,23.81,23.88,23.61,23.71,-,0.02,329832,7830026.0,-89000,0,148833,16000,0,173365,105000,0,24532
20260119,2480,敦陽科,141.5,142.0,138.5,139.0,-,2.5,670129,93755006.0,100000,-39372,-2228,207000,0,14000,107000,39372,16228
20260119,2419,仲琦,31.15,32.1,30.5,31.3,-,0.05,6112137,192140703.0,38000,0,19841,1246000,0,41221,1208000,0,21380
20260119,9937,全國,58.0,59.5,58.0,58.4,+,0.5,203049,11901463.0,67000,0,-9823,83000,0,3177,16000,0,13000
20260119,2488,漢平,45.05,45.55,45.05,45.45,+,0.2,202502,9190206.0,67000,0,-9983,80000,0,39,13000,0,10022
20260119,1533,車王電,32.7,33.8,32.7,33.4,+,1.05,412908,13803774.0,64000,0,-7638,107000,0,0,43000,0,7638
20260119,6224,聚鼎,44.35,45.4,44.0,44.5,+,0.55,288527,12918100.0,57000,0,-1000,108000,0,0,51000,0,1000
20260119,4736,泰博,126.5,127.0,125.0,125.5,-,1.5,233677,29420214.0,64000,-1000,-8077,81000,0,0,17000,1000,8077
20260119,2607,榮運,57.6,58.0,57.3,57.6,-,0.2,532271,30699511.0,68000,0,-13520,196000,0,0,128000,0,13520
20260119,00972,野村日本動能高息,19.1,19.1,18.95,19.05,-,0.1,207629,3949404.0,1000,0,52798,1000,0,160235,0,0,107437
20260119,2524,京城,41.4,44.0,41.3,43.2,+,1.25,443141,19100506.0,56000,0,-3000,211000,0,6000,155000,0,9000
20260119,4557,永新-KY,77.6,79.5,77.6,78.4,+,0.8,159304,12523556.0,52000,0,0,89000,0,0,37000,0,0
20260119,6743,安普新,27.0,27.75,26.9,27.3,+,0.15,209537,5703026.0,60880,0,-11000,80000,0,0,19120,0,11000
20260119,7711,永擎,250.0,250.0,238.5,240.5,-,10.0,376268,91050613.0,50000,0,-551,58000,0,0,8000,0,551
20260119,2636,台驊控股,66.3,66.7,66.0,66.2,,0.0,377129,25009332.0,102000,-49000,-4276,156000,0,0,54000,49000,4276
20260119,0055,元大MSCI金融,32.27,32.72,32.24,32.53,+,0.26,171549,5571057.0,15036,0,33059,26036,0,42992,11000,0,9933
20260119,6525,捷敏-KY,76.5,78.3,76.5,77.8,+,1.1,283342,22032220.0,53000,-2000,-3000,79000,0,0,26000,2000,3000
20260119,6949,沛爾生醫-創,359.5,385.0,359.5,379.5,+,19.5,433924,163486755.0,71000,0,-23184,139000,0,4706,68000,0,27890
20260119,6937,天虹,229.0,229.0,222.5,223.0,-,6.0,355546,79762540.0,47000,6000,-5260,101000,6000,3000,54000,0,8260
20260119,2727,王品,219.0,221.5,219.0,219.0,-,1.0,262726,57876613.0,49915,-2253,-410,98915,0,5000,49000,2253,5410
20260119,5244,弘凱,39.55,39.95,39.45,39.65,+,0.35,144220,5723559.0,44000,0,3000,53000,0,3000,9000,0,0
20260119,1447,力鵬,5.24,5.31,5.21,5.3,+,0.06,904087,4779031.0,47000,0,0,283000,0,0,236000,0,0
20260119,3494,誠研,9.05,9.14,8.95,9.03,-,0.02,365476,3298369.0,46000,0,0,53000,0,0,7000,0,0
20260119,3419,譁裕,14.55,14.55,14.1,14.4,-,0.15,212961,3058913.0,44000,0,1000,54000,0,1000,10000,0,0
20260119,00876,元大全球5G,57.9,57.9,57.3,57.55,-,0.35,475511,27367174.0,-270359,0,315187,2000,0,317287,272359,0,2100
20260119,3043,科風,21.6,22.85,21.5,22.65,+,0.85,279101,6189539.0,40972,0,3000,48000,0,3000,7028,0,0
20260119,8213,志超,34.35,34.7,34.35,34.5,-,0.05,380698,13144714.0,56630,0,-13466,112000,0,0,55370,0,13466
20260119,3050,鈺德,15.0,15.0,14.65,14.95,+,0.35,1667085,24782361.0,45000,0,-2000,378000,0,0,333000,0,2000
20260119,2753,八方雲集,187.0,187.0,184.0,184.5,-,1.0,304129,56264768.0,72000,-27000,-2000,141000,0,0,69000,27000,2000
20260119,6230,尼得科超眾,120.0,128.0,120.0,122.5,+,3.0,178594,22244531.0,27000,0,15760,64000,0,18143,37000,0,2383
20260119,8462,柏文,153.5,153.5,150.0,151.0,-,2.5,177448,26851595.0,42000,0,-2000,63000,0,1000,21000,0,3000
20260119,2305,全友,14.75,15.55,14.6,15.4,+,0.55,3789727,57673117.0,5000,0,34999,823000,0,35000,818000,0,1
20260119,1617,榮星,16.7,17.55,16.3,17.15,+,0.35,1190113,20041600.0,48000,0,-8336,207000,0,5000,159000,0,13336
20260119,5285,界霖,51.7,52.6,51.2,51.5,-,0.2,220458,11388702.0,47000,0,-7408,75000,0,0,28000,0,7408
20260119,2020,美亞,23.75,24.1,23.7,23.8,-,0.1,360629,8616389.0,63000,0,-23605,117000,0,0,54000,0,23605
20260119,00717,富邦美國特別股,15.52,15.52,15.43,15.43,-,0.09,91079,1406984.0,-2000,0,41000,0,0,43000,2000,0,2000
20260119,4720,德淵,17.75,18.15,17.7,17.7,-,0.05,1608426,28805916.0,55000,-4063,-12000,250000,0,0,195000,4063,12000
20260119,4566,時碩工業,60.6,61.7,59.8,60.2,-,1.0,776816,46983608.0,39000,0,-334,204000,0,0,165000,0,334
20260119,6269,台郡,59.0,60.8,58.3,58.6,-,0.4,2462358,146258686.0,211000,0,-172828,1051000,0,20617,840000,0,193445
20260119,3528,安馳,69.4,70.0,69.3,69.3,-,0.6,136553,9512766.0,41000,0,-3020,61000,0,0,20000,0,3020
20260119,2397,友通,60.5,61.9,60.3,60.8,,0.0,227057,13897690.0,41000,0,-4000,88000,0,0,47000,0,4000
20260119,8215,明基材,20.95,21.85,20.8,21.5,+,0.55,2102186,45302067.0,49000,-4000,-8510,621000,0,0,572000,4000,8510
20260119,3038,全台,24.1,24.75,23.8,24.15,+,0.15,861101,21013887.0,56000,-3882,-15743,266000,0,2000,210000,3882,17743
20260119,7749,意騰-KY,440.0,440.0,427.5,430.0,-,7.5,153313,66027590.0,27000,9000,290,61000,9000,1007,34000,0,717
20260119,7750,新代,856.0,868.0,852.0,853.0,-,11.0,81948,70423234.0,38000,0,-2103,50000,0,2000,12000,0,4103
20260119,6598,ABC-KY,24.45,24.7,24.15,24.5,+,0.05,147470,3592058.0,35000,0,-1000,38000,0,0,3000,0,1000
20260119,1597,直得,82.1,85.6,81.0,83.0,+,1.5,1865509,156396917.0,17000,0,15525,542000,0,16841,525000,0,1316
20260119,1537,廣隆,124.0,126.0,123.5,125.0,+,1.0,132542,16574729.0,37000,-1000,-4000,64000,0,0,27000,1000,4000
20260119,2509,全坤建,15.1,15.3,15.0,15.15,,0.0,324382,4905064.0,33000,0,-1000,51000,0,1000,18000,0,2000
20260119,5222,全訊,141.0,149.5,141.0,147.0,+,11.0,3749786,552377542.0,-60690,0,92200,712100,0,136590,772790,0,44390
20260119,3150,鈺寶-創,18.85,20.05,18.85,19.9,,0.0,107331,2100596.0,30000,0,1000,34000,0,15000,4000,0,14000
20260119,3617,碩天,192.0,195.0,189.0,192.5,+,2.5,244275,47178152.0,39000,-2042,-6270,103000,0,3100,64000,2042,9370
20260119,7799,禾榮科,437.5,459.5,429.0,444.5,+,15.5,940677,419861432.0,27522,0,1652,331000,0,4000,303478,0,2348
20260119,4441,振大環球,269.0,271.0,263.0,267.5,+,4.0,297623,79809687.0,31000,0,-2006,70000,0,0,39000,0,2006
20260119,6243,迅杰,36.15,37.0,35.9,36.45,+,0.3,320847,11750746.0,30000,0,-1101,124000,0,0,94000,0,1101
20260119,1471,首利,9.7,10.35,9.7,10.15,+,0.35,1023702,10341735.0,29000,0,-1000,37000,0,0,8000,0,1000
20260119,1473,台南,23.95,24.2,23.85,24.2,+,0.1,111191,2671498.0,28000,0,0,34000,0,1000,6000,0,1000
20260119,2545,皇翔,37.9,38.35,37.6,38.15,+,0.2,333979,12695035.0,33000,0,-5208,121000,0,1000,88000,0,6208
20260119,6115,鎰勝,47.1,47.7,47.0,47.35,+,0.1,168172,7979045.0,39000,0,-11732,45000,0,96,6000,0,11828
20260119,6722,輝創,45.8,46.25,43.95,44.2,-,1.6,1366820,61430983.0,26000,0,0,26000,0,0,0,0,0
20260119,4426,利勤,9.1,9.16,9.1,9.13,-,0.03,161416,1474739.0,27000,0,-1000,31000,0,0,4000,0,1000
20260119,6128,上福,22.5,23.5,22.4,23.3,+,0.8,225153,5169942.0,24000,0,1223,34000,0,4223,10000,0,3000
20260119,6658,聯策,57.2,58.5,56.4,57.2,,0.0,208073,11968695.0,25000,0,0,68000,0,0,43000,0,0
20260119,6933,AMAX-KY,147.5,150.0,147.0,148.0,,0.0,96238,14315371.0,24000,0,914,39000,0,1132,15000,0,218
20260119,2032,新鋼,16.55,16.9,16.3,16.7,-,0.1,774959,12891078.0,24000,0,519,191000,0,1000,167000,0,481
20260119,6641,基士德-KY,24.7,25.8,23.9,25.15,+,0.65,668312,16620829.0,29000,0,-4570,105000,0,0,76000,0,4570
20260119,3669,圓展,40.05,40.4,39.45,39.45,-,0.95,294335,11713464.0,23000,0,1000,69000,0,1000,46000,0,0
20260119,5907,大洋-KY,5.58,6.1,5.58,5.88,+,0.28,803319,4723402.0,23000,0,29,114000,0,29,91000,0,0
20260119,9906,欣巴巴,48.1,48.5,47.4,47.5,-,1.3,101075,4827438.0,23979,0,-1000,34000,0,1000,10021,0,2000
20260119,2408,南亞科,270.0,275.0,270.0,275.0,+,25.0,13083599,3591033552.0,-454372,-684249,1161185,3183118,0,2022185,3637490,684249,861000
20260119,1432,大魯閣,18.3,18.3,18.0,18.15,-,0.1,506859,9173085.0,22000,0,0,28000,0,0,6000,0,0
20260119,6835,圓裕,40.0,41.0,39.95,40.7,+,0.75,212296,8611806.0,21000,0,0,31000,0,0,10000,0,0
20260119,6861,睿生光電,67.7,70.0,67.7,68.8,+,1.5,511743,35410749.0,35000,-14000,-318,129000,0,0,94000,14000,318
20260119,3094,聯傑,25.1,25.75,25.1,25.5,+,0.4,479843,12233680.0,21000,0,-1000,57000,0,0,36000,0,1000
20260119,3338,泰碩,50.7,52.4,50.6,51.6,+,1.5,877535,45401994.0,18000,0,2000,256000,0,3000,238000,0,1000
20260119,00783,富邦中証500,28.13,28.44,28.12,28.43,+,0.17,358564,10129684.0,0,0,19796,0,0,339105,0,0,319309
20260119,5203,訊連,87.7,88.6,87.5,87.9,,0.0,142063,12506662.0,23000,0,-3225,67000,0,1000,44000,0,4225
20260119,4190,佐登-KY,29.65,30.3,29.65,30.2,+,0.45,54133,1625293.0,22000,0,-2930,24000,0,0,2000,0,2930
20260119,4942,嘉彰,38.9,39.15,38.85,38.95,,0.0,158378,6176115.0,28000,0,-8932,43000,0,68,15000,0,9000
20260119,4414,如興,11.0,11.0,10.85,10.85,-,0.2,566809,6190296.0,28000,0,-9000,84000,0,0,56000,0,9000
20260119,2945,三商家購,39.4,39.75,38.3,39.75,+,0.25,79912,3117213.0,20000,0,-1000,27000,0,0,7000,0,1000
20260119,6928,攸泰科技,55.1,56.9,55.0,55.5,-,0.5,469262,26201468.0,21000,0,-2160,151000,0,2000,130000,0,4160
20260119,1614,三洋電,33.8,34.2,33.75,33.9,-,0.1,185820,6299041.0,19000,0,-1000,27000,0,0,8000,0,1000
20260119,2483,百容,19.5,20.0,19.35,19.8,+,0.2,209745,4144792.0,19000,0,-1000,51000,0,1000,32000,0,2000
20260119,8467,波力-KY,187.0,189.0,183.0,189.0,+,2.5,124441,23162230.0,16000,0,1880,35000,0,1880,19000,0,0
20260119,6863,永道-KY,120.0,122.0,120.0,121.0,+,1.5,85012,10279440.0,20000,0,-2204,27000,0,0,7000,0,2204
20260119,6906,現觀科,78.0,79.4,78.0,78.5,+,0.9,44815,3511846.0,17000,0,-7,21000,0,0,4000,0,7
20260119,1708,東鹼,33.7,33.75,33.25,33.3,-,0.15,1137592,38052431.0,-173000,83000,106555,136000,83000,122050,309000,0,15495
20260119,2231,為升,99.6,108.0,99.3,102.5,+,3.9,1715299,178733135.0,56000,0,-40472,401000,0,40761,345000,0,81233
20260119,1735,日勝化,17.95,17.95,17.5,17.7,-,0.25,217427,3853271.0,17000,0,-1605,36000,0,1045,19000,0,2650
20260119,6715,嘉基,104.0,108.5,104.0,107.0,+,3.5,210349,22490244.0,16000,0,-929,38000,0,71,22000,0,1000
20260119,2033,佳大,16.3,16.7,16.15,16.3,-,0.05,114153,1865405.0,13000,0,1000,24000,0,1000,11000,0,0
20260119,2534,宏盛,20.1,20.35,20.0,20.3,,0.0,476276,9621499.0,7000,0,7000,130000,0,14000,123000,0,7000
20260119,2211,長榮鋼,102.5,103.0,101.0,102.0,-,0.5,1926337,196498798.0,-661000,678591,-4390,386000,874000,3000,1047000,195409,7390
20260119,1783,和康生,47.05,47.7,46.5,47.2,+,0.6,255774,12081799.0,-8000,0,21000,26000,0,24000,34000,0,3000
20260119,5546,永固-KY,23.45,23.45,22.95,23.0,+,0.15,49318,1150774.0,13000,0,0,16000,0,0,3000,0,0
20260119,6579,研揚,112.0,114.0,112.0,112.0,-,1.0,115972,13074656.0,13000,0,0,43000,0,2000,30000,0,2000
20260119,1232,大統益,146.0,146.5,146.0,146.0,-,0.5,51061,7470100.0,19000,0,-6036,24000,0,0,5000,0,6036
20260119,6781,AES-KY,1195.0,1215.0,1185.0,1185.0,-,5.0,684423,818515890.0,49269,-21000,-15374,209000,0,16936,159731,21000,32310
20260119,3447,展達,46.45,47.15,46.2,46.45,,0.0,427223,19886765.0,14000,0,-1408,71000,0,1000,57000,0,2408
20260119,1590,亞德客-KY,1005.0,1025.0,1000.0,1015.0,-,5.0,283098,286967870.0,20297,-3000,-5132,240670,0,5721,220373,3000,10853
20260119,1337,再生-KY,4.79,4.89,4.79,4.89,+,0.11,394525,1921856.0,12000,0,0,27000,0,0,15000,0,0
20260119,4930,燦星網,22.55,22.75,22.0,22.55,,0.0,138265,3105932.0,13000,0,-1000,20000,0,1000,7000,0,2000
20260119,3046,建碁,54.3,54.8,53.6,54.0,-,0.1,236703,12842372.0,15000,0,-3000,54000,0,1000,39000,0,4000
20260119,3705,永信,57.9,57.9,57.2,57.3,-,0.2,213369,12256269.0,16000,-3000,-1461,63000,0,539,47000,3000,2000
20260119,5534,長虹,80.6,81.4,80.2,80.8,,0.0,385574,31200732.0,23000,0,-11571,132000,0,1660,109000,0,13231
20260119,3004,豐達科,115.0,118.5,114.0,115.0,,0.0,820756,95583513.0,50935,0,-39613,221000,0,6485,170065,0,46098
20260119,3504,揚明光,56.0,57.0,55.0,56.5,+,1.0,592172,33310964.0,10000,0,1000,139000,0,3000,129000,0,2000
20260119,1256,鮮活果汁-KY,168.0,168.0,157.0,157.0,-,8.0,108791,17481621.0,10000,0,1000,29000,0,2000,19000,0,1000
20260119,1103,嘉泥,13.9,14.2,13.9,14.1,-,0.05,364691,5146193.0,42920,0,-32000,87000,0,0,44080,0,32000
20260119,5283,禾聯碩,60.8,61.0,59.9,60.0,-,0.8,173117,10424712.0,11400,0,-576,40400,0,0,29000,0,576
20260119,6782,視陽,180.5,181.0,176.5,178.0,-,1.5,196588,35023414.0,10000,0,492,48000,0,4000,38000,0,3508
20260119,4560,強信-KY,33.1,33.2,32.7,33.1,+,0.05,349001,11490182.0,-4000,0,14000,173000,0,21000,177000,0,7000
20260119,1233,天仁,32.35,32.35,32.3,32.35,,0.0,17072,552075.0,-1000,0,11000,0,0,12000,1000,0,1000
20260119,6916,華凌,19.15,20.3,19.0,19.95,+,0.8,436764,8585066.0,13000,0,-3685,45000,0,0,32000,0,3685
20260119,2239,英利-KY,30.7,32.0,30.65,30.65,-,0.05,149895,4647475.0,12000,0,-2753,43000,0,5000,31000,0,7753
20260119,4552,力達-KY,24.3,24.85,24.3,24.5,+,0.35,237688,5840932.0,16000,0,-7000,27000,0,0,11000,0,7000
20260119,6423,億而得-創,82.0,86.6,81.5,85.2,+,2.0,98976,8405417.0,9000,0,0,20000,0,9000,11000,0,9000
20260119,8438,昶昕,62.8,62.8,62.0,62.7,+,3.7,428839,26822604.0,5000,5000,-1000,20000,5000,1000,15000,0,2000
20260119,1474,弘裕,10.4,10.5,10.35,10.4,+,0.05,227516,2369273.0,9000,0,0,14000,0,0,5000,0,0
20260119,9946,三發地產,17.85,18.15,17.8,17.95,,0.0,239511,4318224.0,24000,0,-15022,59000,0,0,35000,0,15022
20260119,1762,中化生,25.6,26.2,25.1,25.9,+,0.9,357877,9234652.0,7000,0,1445,23000,0,6370,16000,0,4925
20260119,3557,嘉威,37.55,37.7,37.1,37.3,,0.0,106191,3973024.0,7000,0,1000,14000,0,2000,7000,0,1000
20260119,4440,宜新實業,17.75,17.75,17.55,17.65,+,0.05,107489,1897152.0,9000,0,-1000,10000,0,0,1000,0,1000
20260119,1463,強盛新,17.4,17.75,17.4,17.45,-,0.1,68359,1200429.0,24000,0,-16000,29000,0,2000,5000,0,18000
20260119,6117,迎廣,80.9,80.9,79.4,79.5,-,0.4,405496,32410829.0,11987,0,-4107,99000,0,1000,87013,0,5107
20260119,6951,青新-創,75.2,75.8,75.2,75.4,-,0.4,65098,4914496.0,9000,0,-1244,13000,0,1000,4000,0,2244
20260119,4439,冠星-KY,101.5,104.0,101.5,102.0,-,1.0,23156,2359956.0,7000,0,0,7000,0,1000,0,0,1000
20260119,2723,美食-KY,75.4,76.8,75.3,75.4,,0.0,507779,38494851.0,70000,-62000,-1000,295000,0,2000,225000,62000,3000
20260119,1805,寶徠,12.05,12.05,11.65,12.0,-,0.05,269236,3180511.0,5000,0,2000,17000,0,6000,12000,0,4000
20260119,9943,好樂迪,60.6,60.7,60.2,60.2,-,0.4,78618,4744954.0,12000,0,-5287,26000,0,0,14000,0,5287
20260119,6924,榮惠-KY創,71.4,71.4,70.0,70.0,-,3.1,26020,1833986.0,4000,0,2018,4000,0,6018,0,0,4000
20260119,2102,泰豐,20.2,20.35,20.0,20.25,+,0.05,512413,10341029.0,3000,0,3000,70000,0,5000,67000,0,2000
20260119,1445,大宇,12.55,12.55,12.25,12.35,+,0.05,184998,2293005.0,6000,0,0,11000,0,0,5000,0,0
20260119,1217,愛之味,10.6,10.7,10.6,10.6,,0.0,927894,9863753.0,43000,0,-37000,107000,0,0,64000,0,37000
20260119,6585,鼎基,95.7,97.8,94.0,94.0,-,2.0,227070,21802889.0,6000,0,-877,73000,0,1425,67000,0,2302
20260119,6921,嘉雨思-創,55.7,58.5,55.7,56.4,+,0.1,48265,2747010.0,10000,0,-5000,10000,0,12000,0,0,17000
20260119,8443,阿瘦,11.3,11.5,11.2,11.45,+,0.15,34300,390827.0,5000,0,0,6000,0,0,1000,0,0
20260119,8466,美吉吉-KY,23.25,23.8,23.15,23.7,-,0.2,121812,2864219.0,2000,0,3000,25000,0,3000,23000,0,0
20260119,2012,春雨,17.4,18.0,17.4,17.5,+,0.15,185138,3286012.0,2000,0,3000,20000,0,5000,18000,0,2000
20260119,2007,燁興,8.1,8.25,8.05,8.16,,0.0,393616,3204664.0,2000,0,3000,65000,0,3000,63000,0,0
20260119,2438,翔耀,22.1,22.5,21.95,22.35,+,0.45,152691,3391708.0,5000,0,0,6000,0,0,1000,0,0
20260119,1443,立益物流,27.0,27.1,26.85,26.85,-,0.2,19429,523998.0,4000,0,1000,5000,0,1000,1000,0,0
20260119,1456,怡華,13.1,13.15,12.95,12.95,-,0.45,79738,1038873.0,2000,0,2000,3000,0,2000,1000,0,0
20260119,1598,岱宇,20.95,21.1,20.85,20.95,-,0.05,187486,3932866.0,6000,0,-2000,26000,0,0,20000,0,2000
20260119,2440,太空梭,15.8,16.75,15.8,16.15,+,0.35,885957,14503711.0,4000,0,0,169000,0,0,165000,0,0
20260119,4935,茂林-KY,40.9,41.65,40.8,41.5,+,0.5,80810,3331897.0,5000,0,-1000,10000,0,2000,5000,0,3000
20260119,4155,訊映,14.8,15.0,14.8,14.85,+,0.05,138186,2059175.0,8000,0,-4000,23000,0,7000,15000,0,11000
20260119,6108,競國,15.0,15.1,14.85,15.05,,0.0,217323,3259232.0,9000,0,-5000,16000,0,0,7000,0,5000
20260119,9931,欣高,34.15,34.15,34.0,34.0,-,0.15,28507,970448.0,4000,0,0,5000,0,0,1000,0,0
20260119,9912,偉聯,12.0,12.0,12.0,12.0,,0.0,33866,406323.0,4000,0,0,4000,0,0,0,0,0
20260119,6955,邦睿生技-創,161.0,161.0,159.0,159.0,-,3.0,11207,1789359.0,0,0,4000,0,0,7000,0,0,3000
20260119,4438,廣越,72.5,73.1,72.4,73.1,+,0.4,50020,3638763.0,6000,0,-2143,18000,0,0,12000,0,2143
20260119,4569,六方科-KY,152.0,153.0,151.0,153.0,-,2.0,13900,2112368.0,4000,0,-231,5000,0,0,1000,0,231
20260119,2459,敦吉,67.6,67.9,67.5,67.8,,0.0,51545,3487639.0,10000,0,-6504,11000,0,0,1000,0,6504
20260119,6645,金萬林-創,17.65,18.15,17.6,18.0,-,0.2,42085,748334.0,5000,0,-1897,6000,0,5133,1000,0,7030
20260119,1525,江申,62.8,62.8,62.1,62.3,-,0.4,33224,2072523.0,5000,0,-1964,6000,0,47,1000,0,2011
20260119,1441,大東,10.3,10.45,10.3,10.4,+,0.1,58126,604536.0,3000,0,0,3000,0,0,0,0,0
20260119,1324,地球,11.15,11.2,11.05,11.2,+,0.05,69749,778201.0,0,0,3000,2000,0,3000,2000,0,0
20260119,2024,志聯,16.0,16.35,16.0,16.15,-,0.45,38542,620783.0,2000,0,1000,2000,0,2000,0,0,1000
20260119,2038,海光,15.2,15.5,15.1,15.35,+,0.05,559923,8591525.0,6000,0,-3000,192000,0,0,186000,0,3000
20260119,1558,伸興,103.5,103.5,102.0,102.0,-,2.0,27076,2776682.0,5250,-1554,-1637,8250,0,1363,3000,1554,3000
20260119,2616,山隆,13.9,13.95,13.8,13.8,,0.0,107233,1488248.0,3001,0,-1000,14001,0,0,11000,0,1000
20260119,4108,懷特,13.9,14.05,13.8,14.0,+,0.05,207962,2903820.0,5000,0,-3000,12000,0,0,7000,0,3000
20260119,8940,新天地,21.0,21.0,20.7,20.85,+,0.25,67735,1410149.0,2000,0,0,10000,0,0,8000,0,0
20260119,6582,申豐,32.75,32.75,31.8,32.0,-,0.15,95242,3054002.0,-1000,0,3000,19000,0,3000,20000,0,0
20260119,1457,宜進,15.45,15.6,15.4,15.5,-,0.1,165046,2552287.0,2000,0,0,15000,0,1000,13000,0,1000
20260119,1467,南緯,7.9,7.96,7.86,7.89,-,0.11,258236,2039913.0,13000,0,-11000,24000,0,0,11000,0,11000
20260119,2466,冠西電,65.5,66.1,62.7,63.6,-,1.5,1540577,99225779.0,-125000,127000,-81,84000,127000,6000,209000,0,6081
20260119,4585,達明,347.5,347.5,337.0,338.0,-,5.0,345458,117520006.0,6655,0,-4995,61070,0,1666,54415,0,6661
20260119,6201,亞弘電,54.7,55.2,54.4,54.9,+,0.2,26151,1433010.0,2000,0,-491,3000,0,0,1000,0,491
20260119,1418,東華,19.45,19.85,19.45,19.85,-,0.05,10429,206463.0,1000,0,0,1000,0,0,0,0,0
20260119,2434,統懋,30.15,30.3,30.0,30.15,,0.0,21879,657767.0,1000,0,0,5000,0,0,4000,0,0
20260119,2506,太設,9.09,9.1,9.05,9.06,-,0.04,188067,1705616.0,8000,0,-7000,20000,0,0,12000,0,7000
20260119,7721,微程式,49.0,49.0,48.15,48.35,-,1.05,87806,4250876.0,1000,0,0,3000,0,0,2000,0,0
20260119,7631,聚賢研發-創,126.0,126.5,124.5,124.5,-,3.5,25197,3157328.0,-2000,0,3000,0,0,4000,2000,0,1000
20260119,6581,鋼聯,107.0,107.0,107.0,107.0,+,0.5,1301,139367.0,1000,0,0,1000,0,0,0,0,0
20260119,6504,南六,42.45,42.45,41.55,41.55,-,0.05,86561,3626492.0,-3000,0,4000,12000,0,5000,15000,0,1000
20260119,6887,寶綠特-KY,63.6,63.6,61.5,61.5,-,2.1,13021,807505.0,4000,0,-3000,5000,0,0,1000,0,3000
20260119,4104,佳醫,79.2,79.2,78.6,78.8,-,0.6,371083,29277718.0,3000,0,-2201,57000,0,2000,54000,0,4201
20260119,3454,晶睿,99.0,99.2,99.0,99.0,,0.0,149104,14763308.0,2000,0,-1814,14000,0,186,12000,0,2000
20260119,8101,華冠,15.7,16.0,15.7,16.0,-,0.2,10044,157574.0,0,0,86,0,0,86,0,0,0
20260119,00771,元大US高息特別股,16.32,16.32,16.31,16.31,-,0.01,12319,200839.0,0,0,31,0,0,31,0,0,0
20260119,9926,新海,49.15,49.3,49.1,49.3,+,0.05,13309,654674.0,0,0,0,3000,0,0,3000,0,0
20260119,3054,立萬利,30.05,30.95,29.95,29.95,-,0.2,52004,1573667.0,1000,0,-1000,7000,0,1000,6000,0,2000
20260119,2432,倚天酷碁-創,25.05,25.05,24.8,24.8,-,0.25,37026,921757.0,0,0,0,2000,0,5000,2000,0,5000
20260119,8162,微矽電子-創,36.4,36.4,35.85,35.9,-,0.5,42259,1520986.0,1000,0,-1030,2000,0,0,1000,0,1030
20260119,6952,大武山,42.85,43.3,42.5,42.75,-,0.15,39500,1683092.0,1000,0,-1040,2000,0,0,1000,0,1040
20260119,6666,羅麗芬-KY,44.8,44.8,44.0,44.55,-,0.25,51705,2289088.0,1000,0,-1293,4000,0,0,3000,0,1293
20260119,1321,大洋,33.85,34.15,32.65,33.3,-,0.9,568714,19046825.0,-4000,0,3684,54000,0,8000,58000,0,4316
20260119,6771,平和環保-創,44.9,45.0,44.55,44.8,-,0.2,29588,1327931.0,0,0,-440,1000,0,0,1000,0,440
20260119,0057,富邦摩台,208.55,211.05,208.55,211.05,+,1.05,17052,3561666.0,0,0,-835,0,0,12165,0,0,13000
20260119,1521,大億,29.4,29.4,29.4,29.4,+,2.65,620644,18246912.0,-1000,0,0,0,0,54000,1000,0,54000
20260119,6655,科定,119.0,120.0,118.5,120.0,,0.0,11005,1316600.0,0,0,-1000,2000,0,0,2000,0,1000
20260119,2496,卓越,69.4,69.5,68.7,69.3,-,0.1,20668,1431008.0,1000,0,-2000,2000,0,0,1000,0,2000
20260119,2702,華園,11.85,12.0,11.85,11.95,+,0.1,111043,1327516.0,2000,0,-3000,6000,0,0,4000,0,3000
20260119,1776,展宇,15.5,15.75,15.4,15.7,+,0.3,64159,1001522.0,1000,0,-2000,1000,0,0,0,0,2000
20260119,2248,華勝-KY,49.35,49.9,49.35,49.9,+,0.55,9100,451150.0,1000,0,-2000,1000,0,0,0,0,2000
20260119,2901,欣欣,24.7,25.0,24.7,24.75,+,0.25,4669,115785.0,0,0,-1000,0,0,0,0,0,1000
20260119,2910,統領,20.95,20.95,20.7,20.7,-,0.25,10040,209924.0,3000,0,-4000,4000,0,0,1000,0,4000
20260119,5215,科嘉-KY,37.35,38.0,36.5,37.75,+,0.65,84954,3184269.0,3000,0,-4000,16000,0,0,13000,0,4000
20260119,4994,傳奇,104.0,105.0,103.5,105.0,+,1.5,55764,5806524.0,0,0,-1000,2000,0,0,2000,0,1000
20260119,3308,聯德,24.5,26.3,24.5,26.3,+,2.35,654518,16879236.0,0,0,-1000,0,0,0,0,0,1000
20260119,2423,固緯,54.3,55.0,54.0,55.0,+,0.3,171335,9352528.0,-2000,5000,-4019,40000,5000,0,42000,0,4019
20260119,8367,建新國際,43.05,43.4,43.05,43.3,,0.0,37898,1635833.0,4000,0,-5188,6000,0,0,2000,0,5188
20260119,2114,鑫永銓,90.3,90.4,90.0,90.2,,0.0,30663,2765252.0,2040,0,-3294,5040,0,0,3000,0,3294
20260119,3168,眾福科,42.1,42.1,41.05,41.4,-,0.1,30914,1277930.0,1000,0,-2256,8000,0,0,7000,0,2256
20260119,00899,FT潔淨能源,21.82,21.89,21.8,21.8,,0.0,134235,2928048.0,-1000,0,-297,0,0,0,1000,0,297
20260119,6277,宏正,61.1,61.6,60.7,60.9,+,0.1,96746,5904503.0,2000,0,-3487,16000,0,1000,14000,0,4487
20260119,1526,日馳,20.55,20.55,20.05,20.55,+,1.85,1389750,28516790.0,-1000,0,-567,14000,0,4433,15000,0,5000
20260119,1615,大山,48.75,49.25,48.75,49.05,+,0.3,161252,7916537.0,36000,-28800,-9058,51000,0,0,15000,28800,9058
20260119,6669,緯穎,3795.0,3805.0,3710.0,3720.0,-,105.0,2660824,9959064725.0,289689,-261023,-30664,1404567,17000,88899,1114878,278023,119563
20260119,6792,詠業,56.0,56.0,55.0,55.1,-,1.1,71682,3969047.0,-3000,0,1000,5000,0,1000,8000,0,0
20260119,7730,暉盛-創,105.0,105.0,103.5,104.0,+,1.5,26061,2715374.0,-1000,0,-1000,0,0,0,1000,0,1000
20260119,7732,金興精密,38.95,39.0,38.95,38.95,+,0.35,6395,249283.0,-1000,0,-1000,0,0,0,1000,0,1000
20260119,8488,吉源-KY,9.91,10.0,9.91,9.96,+,0.01,4233,42185.0,0,0,-2000,1000,0,0,1000,0,2000
20260119,9928,中視,18.45,18.5,18.2,18.25,-,0.15,84219,1542238.0,0,0,-2000,0,0,0,0,0,2000
20260119,4807,日成-KY,17.85,18.0,17.75,17.95,+,0.05,15383,275074.0,0,0,-2000,1000,0,0,1000,0,2000
20260119,4572,駐龍,151.0,153.5,150.5,151.0,+,0.5,93201,14170307.0,-1000,0,-1000,51000,0,0,52000,0,1000
20260119,2712,遠雄來,17.9,17.9,17.7,17.85,-,0.15,74397,1322266.0,0,0,-2000,0,0,0,0,0,2000
20260119,1203,味王,39.2,39.6,39.2,39.5,-,0.1,13240,521873.0,-1000,0,-1000,3000,0,0,4000,0,1000
20260119,1315,達新,64.9,65.0,64.5,64.7,-,0.3,87268,5645921.0,0,0,-2000,3000,0,0,3000,0,2000
20260119,1413,宏洲,9.75,9.99,9.74,9.95,,0.0,80914,794213.0,0,0,-2000,2000,0,0,2000,0,2000
20260119,1731,美吾華,21.85,22.0,21.85,21.9,-,0.05,127510,2797441.0,7000,0,-9017,9000,0,0,2000,0,9017
20260119,2450,神腦,28.9,29.05,28.85,28.95,+,0.05,131300,3802720.0,7000,0,-9043,25000,0,0,18000,0,9043
20260119,2420,新巨,52.5,53.1,52.3,52.5,,0.0,433201,22882430.0,79000,-3991,-77086,95000,0,0,16000,3991,77086
20260119,8481,政伸,42.5,42.8,42.3,42.6,+,0.2,68782,2926324.0,0,0,-2100,6000,0,0,6000,0,2100
20260119,6936,永鴻生技,35.8,35.8,35.55,35.75,-,0.2,64205,2288999.0,0,0,-2306,1000,0,0,1000,0,2306
20260119,3652,精聯,28.55,29.0,28.2,29.0,,0.0,93675,2693393.0,2000,0,-4418,4000,0,0,2000,0,4418
20260119,2527,宏璟,30.8,30.8,30.0,30.25,-,0.65,673928,20417700.0,-86000,88380,-4849,129000,91000,1000,215000,2620,5849
20260119,6614,資拓宏宇,48.65,48.85,48.1,48.4,-,0.25,161496,7808222.0,-2000,0,-507,18000,0,0,20000,0,507
20260119,4999,鑫禾,23.85,24.25,23.85,24.2,+,0.15,64576,1554865.0,-2000,0,-658,5000,0,3000,7000,0,3658
20260119,2939,永邑-KY,23.0,23.0,22.5,22.5,-,0.3,15525,350669.0,-5000,0,2003,0,0,2003,5000,0,0
20260119,3432,台端,18.5,19.25,18.2,19.25,+,1.75,443582,8446743.0,-3000,0,0,0,0,0,3000,0,0
20260119,6807,峰源-KY,45.7,46.35,45.7,45.95,-,0.4,8178,375669.0,-1000,0,-2000,1000,0,0,2000,0,2000
20260119,1472,三洋實業,90.0,90.0,88.9,89.2,-,0.7,9005,804743.0,-1000,0,-2000,1000,0,0,2000,0,2000
20260119,1465,偉全,12.5,12.55,12.45,12.5,,0.0,51694,645901.0,-3000,0,0,0,0,0,3000,0,0
20260119,1453,大將,12.2,12.25,12.2,12.2,-,0.05,69746,852385.0,0,0,-3000,2000,0,0,2000,0,3000
20260119,1454,台富,12.9,13.0,12.75,13.0,+,0.1,44854,578219.0,-2000,0,-1000,7000,0,0,9000,0,1000
20260119,1338,廣華-KY,21.0,21.2,20.65,21.2,+,0.15,150548,3162310.0,0,0,-3001,11000,0,0,11000,0,3001
20260119,1423,利華,38.1,38.1,37.95,38.05,-,0.1,7461,282880.0,0,0,-3002,1000,0,0,1000,0,3002
20260119,8487,愛爾達-創,82.0,82.0,80.5,81.0,+,0.5,30925,2496400.0,0,0,-3005,1000,0,0,1000,0,3005
20260119,9929,秋雨,10.65,10.65,10.5,10.6,+,0.05,7112,75230.0,-2000,0,-1045,0,0,0,2000,0,1045
20260119,1236,宏亞,24.55,24.65,24.4,24.55,-,0.15,62849,1539506.0,0,0,-3113,7000,0,0,7000,0,3113
20260119,1817,凱撒衛,38.55,38.7,38.5,38.5,-,0.05,51726,1994923.0,2000,0,-5206,3000,0,0,1000,0,5206
20260119,5607,遠雄港,48.6,49.4,48.6,48.9,-,0.15,433159,21134512.0,-4000,0,760,106000,0,5000,110000,0,4240
20260119,7765,中華資安,267.0,269.0,265.5,267.0,-,2.0,57150,15249778.0,-1000,-957,-1310,1000,0,0,2000,957,1310
20260119,7722,LINEPAY,500.0,509.0,494.0,495.0,-,9.0,167568,83781734.0,-2937,0,-723,31557,0,300,34494,0,1023
20260119,6988,威力暘-創,16.0,16.5,16.0,16.0,+,0.15,20012,322232.0,-5000,0,1012,0,0,11012,5000,0,10000
20260119,6958,日盛台駿,15.05,15.25,15.05,15.25,-,0.15,41394,627627.0,-5000,0,1000,3000,0,2000,8000,0,1000
20260119,6902,GOGOLOOK,76.1,79.9,75.6,76.9,+,1.4,25369,1955154.0,-2000,0,-2000,6000,0,0,8000,0,2000
20260119,5538,東明-KY,32.55,33.4,32.55,32.8,-,0.25,34380,1133153.0,0,0,-4000,6000,0,0,6000,0,4000
20260119,6464,台數科,76.8,76.8,76.4,76.4,-,0.4,13116,1004466.0,1000,0,-5000,3000,0,0,2000,0,5000
20260119,1737,臺鹽,31.6,31.7,31.55,31.7,,0.0,82411,2606129.0,5000,0,-9000,10000,0,0,5000,0,9000
20260119,1626,艾美特-KY,11.1,11.15,11.0,11.1,,0.0,57197,633785.0,-4000,0,0,4000,0,0,8000,0,0
20260119,1475,業旺,33.2,33.2,32.8,32.8,-,0.7,25322,835750.0,-3000,0,-1000,0,0,1000,3000,0,2000
20260119,3130,一零四,224.0,224.0,223.5,223.5,-,0.5,25479,5702313.0,-2478,0,-1625,2000,0,0,4478,0,1625
20260119,00739,元大MSCI A股,27.44,27.6,27.3,27.42,-,0.02,86116,2362232.0,-1000,0,-3817,0,0,54198,1000,0,58015
20260119,1530,亞崴,30.7,31.1,29.7,30.1,,0.0,223869,6844957.0,-6000,0,1000,37000,0,3000,43000,0,2000
20260119,2904,匯僑,17.0,17.1,16.85,17.05,+,0.05,53855,914930.0,-4000,0,-1000,0,0,0,4000,0,1000
20260119,1726,永記,76.3,76.3,76.0,76.0,-,0.3,15442,1176293.0,-2000,0,-3000,1000,0,0,3000,0,3000
20260119,8482,商億-KY,50.2,50.2,49.6,49.6,,0.0,25073,1248890.0,-3000,0,-2000,1000,0,0,4000,0,2000
20260119,8411,福貞-KY,12.0,12.0,11.9,12.0,-,0.05,349809,4166068.0,-5000,0,0,5000,0,0,10000,0,0
20260119,2850,新產,116.5,118.0,116.5,117.0,,0.0,306138,35850975.0,58000,-53000,-10460,109000,0,0,51000,53000,10460
20260119,1906,寶隆,12.05,12.2,11.95,12.1,,0.0,58654,709875.0,-5000,0,-534,2000,0,4129,7000,0,4663
20260119,6754,匯僑設計,46.65,46.7,46.5,46.6,-,1.05,21584,1005689.0,-1000,-562,-4000,1000,0,0,2000,562,4000
20260119,8442,威宏-KY,71.0,71.5,70.2,70.5,-,0.5,58689,4153537.0,-4000,0,-2000,10000,0,0,14000,0,2000
20260119,9930,中聯資源,70.7,71.5,70.7,71.3,,0.0,115385,8218861.0,35000,0,-41000,57000,0,0,22000,0,41000
20260119,2424,隴華,37.25,37.35,35.75,35.75,-,1.5,65325,2375006.0,-6000,0,0,0,0,0,6000,0,0
20260119,5007,三星,55.2,55.3,55.2,55.2,-,0.3,24006,1325199.0,-4000,0,-2000,4000,0,0,8000,0,2000
20260119,1468,昶和,12.0,12.15,12.0,12.15,+,0.15,41000,495250.0,-2000,0,-4000,0,0,0,2000,0,4000
20260119,1730,花仙子,52.7,52.8,52.6,52.7,,0.0,28910,1523152.0,-5000,0,-1070,0,0,0,5000,0,1070
20260119,00736,國泰新興市場,29.18,29.21,29.16,29.21,,0.0,117042,3413541.0,1000,0,-7079,1000,0,103000,0,0,110079
20260119,4148,全宇生技-KY,38.85,39.4,38.65,38.65,-,0.05,19380,754760.0,-2000,0,-4120,1000,0,0,3000,0,4120
20260119,00703,台新MSCI中國,22.43,22.58,22.16,22.2,-,0.23,176256,3922901.0,0,0,-6142,0,0,142740,0,0,148882
20260119,1808,潤隆,32.95,33.7,32.5,33.45,+,0.45,1559019,51698667.0,42100,0,-48252,577100,0,0,535000,0,48252
20260119,1339,昭輝,46.55,46.85,45.1,45.9,-,0.6,209503,9598519.0,-9000,0,2781,30000,0,5002,39000,0,2221
20260119,4581,光隆精密-KY,53.3,53.3,52.4,53.0,-,0.2,56857,3012569.0,-5000,0,-1220,5000,0,0,10000,0,1220
20260119,3679,新至陞,113.5,114.0,113.0,113.5,-,0.5,49963,5678391.0,-3000,0,-3254,7000,0,0,10000,0,3254
20260119,2008,高興昌,29.0,29.05,29.0,29.05,,0.0,32949,955961.0,-6000,0,-1000,0,0,0,6000,0,1000
20260119,2243,宏旭-KY,12.0,12.25,11.85,12.0,+,0.2,508912,6142631.0,-1000,0,-6000,10000,0,1000,11000,0,7000
20260119,1452,宏益,11.8,11.8,11.65,11.7,-,0.1,129932,1524058.0,-4000,0,-3000,1000,0,0,5000,0,3000
20260119,1439,雋揚,30.15,30.25,30.05,30.25,+,0.05,46073,1390690.0,-5000,0,-2000,9000,0,0,14000,0,2000
20260119,6183,關貿,96.8,96.8,95.6,96.3,+,0.1,28095,2698141.0,-2000,0,-5069,6000,0,4044,8000,0,9113
20260119,8463,潤泰材,26.95,27.05,26.9,27.0,,0.0,153858,4148267.0,0,0,-7129,3000,0,0,3000,0,7129
20260119,2430,燦坤,22.65,22.85,22.65,22.8,,0.0,72074,1636519.0,-3000,0,-4538,2000,0,0,5000,0,4538
20260119,3021,鴻名,18.8,18.8,18.55,18.6,-,0.05,204861,3818400.0,-1000,0,-6621,3000,0,1000,4000,0,7621
20260119,1725,元禎,29.5,30.5,29.5,29.95,+,0.8,204569,6156156.0,0,0,-7708,26000,0,0,26000,0,7708
20260119,2029,盛餘,21.1,21.25,21.0,21.15,-,0.05,168982,3573079.0,-3000,0,-5000,22000,0,0,25000,0,5000
20260119,3164,景岳,18.15,18.25,18.0,18.05,,0.0,138043,2497439.0,-3000,0,-5000,1000,0,0,4000,0,5000
20260119,4133,亞諾法,23.85,24.75,23.6,24.2,+,0.25,190890,4621340.0,-8000,0,0,16000,0,0,24000,0,0
20260119,8201,無敵,14.3,14.3,14.0,14.15,-,0.15,145647,2053036.0,0,0,-8000,4000,0,1000,4000,0,9000
20260119,6965,中傑-KY,85.0,85.3,84.5,84.5,-,0.5,67023,5692496.0,-8000,0,0,9000,0,0,17000,0,0
20260119,1531,高林股,12.55,13.15,12.55,12.8,+,0.25,563725,7270696.0,0,0,-8000,19000,0,3000,19000,0,11000
20260119,2415,錩新,27.85,28.25,27.75,28.0,+,0.2,273386,7641984.0,-2000,0,-6790,12000,0,1958,14000,0,8748
20260119,3716,中化控股,34.1,34.1,33.85,33.95,-,0.05,94654,3210971.0,-2000,0,-7000,5000,0,0,7000,0,7000
20260119,1416,廣豐,11.75,11.8,11.65,11.75,,0.0,376872,4424867.0,5000,0,-14000,14000,0,0,9000,0,14000
20260119,2903,遠百,22.0,22.25,21.95,21.95,-,0.05,2656734,58584958.0,1214000,-1200000,-23028,1520000,0,0,306000,1200000,23028
20260119,1235,興泰,44.75,44.8,43.5,43.5,-,1.25,41308,1824994.0,-7000,0,-2064,0,0,0,7000,0,2064
20260119,1446,宏和,18.1,18.35,18.1,18.3,+,0.2,237744,4326958.0,-5000,0,-4150,20000,0,0,25000,0,4150
20260119,3406,玉晶光,451.0,453.0,442.0,450.0,-,1.0,460112,205978013.0,10585,-21000,1260,195987,1000,21201,185402,22000,19941
20260119,7705,三商餐飲,39.8,39.8,39.35,39.5,-,0.25,75006,2962700.0,-4000,0,-5175,5000,0,0,9000,0,5175
20260119,6589,台康生技,65.7,66.3,65.2,65.2,-,0.6,664567,43614537.0,-4200,0,-5000,246000,0,0,250200,0,5000
20260119,6272,驊陞,42.7,43.45,41.9,42.05,-,0.65,535369,22772470.0,-10000,0,0,89000,0,0,99000,0,0
20260119,6914,阜爾運通,145.5,146.5,144.5,144.5,-,2.5,58007,8428994.0,-7000,0,-3045,10000,0,0,17000,0,3045
20260119,6226,光鼎,9.81,10.05,9.56,10.05,+,0.9,2700572,26795991.0,4000,0,-14248,103000,0,6752,99000,0,21000
20260119,1734,杏輝,30.9,31.0,30.8,30.9,-,0.1,363537,11230403.0,2000,0,-12485,47000,0,0,45000,0,12485
20260119,2433,互盛電,46.9,46.9,46.6,46.75,-,0.05,81497,3811764.0,-15000,0,4402,3000,0,10000,18000,0,5598
20260119,2722,夏都,25.8,25.8,25.35,25.35,-,0.2,34001,866673.0,-11000,0,122,5000,0,1122,16000,0,1000
20260119,6205,詮欣,57.8,58.9,55.0,56.5,-,1.3,1663082,94441733.0,-68879,57000,1000,289000,57000,6000,357879,0,5000
20260119,3029,零壹,112.0,113.5,110.5,112.0,,0.0,915186,102568327.0,34000,-60398,15446,292000,0,27051,258000,60398,11605
20260119,5292,華懋,196.0,200.0,190.0,200.0,+,3.5,837700,164529254.0,-34000,23000,0,147000,23000,0,181000,0,0
20260119,2314,台揚,23.3,23.3,22.45,22.5,-,0.75,276024,6224609.0,-11000,0,0,4000,0,0,15000,0,0
20260119,6671,三能-KY,37.15,40.4,36.9,40.4,+,3.65,36270,1431334.0,-2000,0,-9000,2000,0,0,4000,0,9000
20260119,9918,欣天然,39.4,39.65,39.0,39.55,-,0.15,98163,3857352.0,-12000,0,0,5000,0,0,17000,0,0
20260119,1516,川飛,22.4,22.4,21.65,21.65,-,0.3,71127,1558941.0,-12000,0,-2,6000,0,0,18000,0,2
20260119,6526,達發,428.5,436.5,428.0,430.5,-,2.0,177700,76853602.0,-8255,-2000,-1762,65879,0,3000,74134,2000,4762
20260119,6838,台新藥,29.9,30.65,29.7,29.95,+,0.45,696195,20956061.0,-7050,0,-5000,167000,0,0,174050,0,5000
20260119,7736,虎山,95.1,95.4,91.2,92.0,-,4.4,252752,23555981.0,-12059,0,0,45000,0,0,57059,0,0
20260119,0053,元大電子,156.1,157.45,155.35,157.1,+,1.1,25133,3931767.0,-1000,0,-11274,0,0,2000,1000,0,13274
20260119,3605,宏致,62.9,64.9,62.7,63.2,+,0.9,3018952,192279756.0,-104000,54000,37603,766000,54000,57956,870000,0,20353
20260119,6969,成信實業*-創,35.1,37.0,34.5,35.3,+,0.2,86740,3070741.0,-8000,0,-4653,7000,0,12000,15000,0,16653
20260119,6674,鋐寶科技,20.7,21.95,20.5,21.95,+,1.2,184711,3961570.0,-13000,0,0,32000,0,0,45000,0,0
20260119,1323,永裕,18.75,18.8,18.65,18.7,-,0.15,94814,1772993.0,-13000,0,0,2000,0,0,15000,0,0
20260119,2731,雄獅,173.0,173.0,169.5,172.0,-,0.5,633930,108264669.0,69000,-1000,-81238,208000,0,37001,139000,1000,118239
20260119,00851,台新全球AI,57.75,57.75,57.1,57.2,-,0.55,21859,1254376.0,0,0,-13484,0,0,86,0,0,13570
20260119,7791,皇家可口,72.5,72.5,71.5,71.6,-,0.1,36801,2643271.0,-14000,0,-1,1000,0,0,15000,0,1
20260119,5522,遠雄,67.2,69.0,67.2,68.3,+,0.1,670210,45808071.0,16000,-18000,-12293,388000,0,2000,372000,18000,14293
20260119,2762,世界健身-KY,75.3,76.0,74.9,75.0,-,1.0,132147,9943321.0,-11000,0,-3312,20000,0,0,31000,0,3312
20260119,1512,瑞利,7.9,8.65,7.9,8.54,+,0.63,909418,7597744.0,-8000,0,-6718,2000,0,282,10000,0,7000
20260119,2109,華豐,14.95,15.05,14.95,15.05,+,0.1,116327,1747223.0,-5000,0,-10000,2000,0,0,7000,0,10000
20260119,4771,望隼,178.0,178.0,176.0,176.5,-,1.5,57935,10272306.0,-14000,0,-1043,7000,0,0,21000,0,1043
20260119,1535,中宇,53.3,53.6,53.2,53.6,+,0.1,62283,3330950.0,-14000,0,-1175,3000,0,0,17000,0,1175
20260119,2115,六暉-KY,24.55,26.95,24.55,26.95,+,2.45,1471410,39375506.0,-12000,0,-3760,43000,0,2240,55000,0,6000
20260119,6606,建德工業,26.2,27.8,26.2,26.8,+,1.05,739835,20068555.0,-10000,0,-5994,46000,0,6,56000,0,6000
20260119,2816,旺旺保,29.4,29.7,29.4,29.5,-,0.05,140385,4145923.0,-3000,0,-13000,16000,0,2000,19000,0,15000
20260119,1438,三地開發,32.85,33.35,32.85,33.35,+,0.5,158160,5219979.0,-12000,0,-4060,10000,0,0,22000,0,4060
20260119,9908,大台北,29.85,29.95,29.85,29.85,-,0.1,164751,4921448.0,-8271,0,-9000,18729,0,0,27000,0,9000
20260119,1583,程泰,50.0,52.1,50.0,50.8,+,2.1,177660,9093456.0,-14000,0,-3288,20000,0,0,34000,0,3288
20260119,2390,云辰,10.75,11.25,10.6,11.0,+,0.25,1234805,13547324.0,-17000,0,-560,115000,0,4000,132000,0,4560
20260119,1541,錩泰,27.0,28.05,27.0,28.05,+,2.55,607097,16836839.0,-18000,0,68,34000,0,3068,52000,0,3000
20260119,2431,聯昌,12.7,13.3,12.55,13.2,+,0.5,1290318,16950652.0,-26000,0,8000,263000,0,9000,289000,0,1000
20260119,3266,昇陽,13.95,13.95,13.7,13.9,-,0.1,101740,1405113.0,-17000,0,-1000,2000,0,0,19000,0,1000
20260119,5434,崇越,337.0,337.0,324.0,326.0,-,10.5,866258,284296858.0,101000,-40000,-79415,299000,1000,18837,198000,41000,98252
20260119,9905,大華,20.05,20.15,20.05,20.05,-,0.05,143354,2879053.0,-10000,0,-8482,4000,0,0,14000,0,8482
20260119,4106,雃博,23.1,23.3,22.75,23.3,+,0.3,193634,4446726.0,-2000,0,-16697,5000,0,2000,7000,0,18697
20260119,1437,勤益控,32.85,33.0,32.65,32.7,-,0.25,156553,5138681.0,1000,0,-20000,38000,0,0,37000,0,20000
20260119,2105,正新,31.0,31.9,30.85,31.8,+,0.8,10877036,343805651.0,1093000,-1047354,-64651,4342000,0,54157,3249000,1047354,118808
20260119,6552,易華電,27.7,28.85,27.45,28.05,+,1.15,521919,14700148.0,-21000,0,1000,89000,0,1000,110000,0,0
20260119,2030,彰源,16.2,16.75,16.15,16.4,-,0.05,1567277,25759895.0,-22000,0,1752,394000,0,9000,416000,0,7248
20260119,2707,晶華,189.0,190.0,188.5,189.0,-,0.5,96852,18325540.0,-13000,-1000,-6346,12000,0,0,25000,1000,6346
20260119,6165,浪凡,45.45,45.8,44.8,44.85,-,0.6,347632,15733854.0,-19000,0,-2033,51000,0,0,70000,0,2033
20260119,2028,威致,19.05,19.3,18.85,19.0,-,0.2,227480,4326847.0,-27000,0,5000,17000,0,7000,44000,0,2000
20260119,5515,建國,34.1,34.3,33.65,33.9,,0.0,585826,19875424.0,-15000,-10000,2999,200000,0,4000,215000,10000,1001
20260119,3040,遠見,50.5,51.0,49.45,50.2,-,0.3,341669,17058867.0,-20000,0,-2076,10000,0,0,30000,0,2076
20260119,1707,葡萄王,123.0,123.5,122.5,122.5,-,1.0,108730,13355020.0,-16000,-1000,-5208,14000,0,1000,30000,1000,6208
20260119,2642,宅配通,25.85,26.0,25.8,25.85,-,0.05,110407,2856212.0,-22502,0,0,13000,0,0,35502,0,0
20260119,6789,采鈺,273.5,275.5,270.5,273.0,+,1.0,855893,233270198.0,-13792,-1000,-7903,210000,2000,10765,223792,3000,18668
20260119,6742,澤米,46.8,48.5,46.2,47.15,+,0.05,402603,19112406.0,-23000,0,0,112000,0,0,135000,0,0
20260119,4722,國精化,165.5,165.5,160.5,162.0,-,3.0,1252229,202957862.0,-47000,22000,1618,254000,22000,7000,301000,0,5382
20260119,9924,福興,50.2,51.3,50.2,50.3,+,0.3,155666,7887169.0,-11000,-3579,-9118,40000,0,0,51000,3579,9118
20260119,2704,國賓,42.7,43.1,42.7,43.0,-,0.2,165625,7114393.0,-13000,0,-10727,41000,0,0,54000,0,10727
20260119,5525,順天,26.55,26.95,26.45,26.55,-,0.15,112209,2983836.0,-15000,0,-9000,7000,0,0,22000,0,9000
20260119,1417,嘉裕,8.8,8.84,8.73,8.8,+,0.01,239135,2099429.0,-2000,0,-22000,5000,0,0,7000,0,22000
20260119,6136,富爾特,24.6,24.6,24.05,24.25,-,0.15,199134,4848821.0,-11000,0,-13102,15000,0,0,26000,0,13102
20260119,6670,復盛應用,284.0,284.0,275.0,277.0,-,5.5,366937,102175234.0,-377,-40054,16115,133623,0,19115,134000,40054,3000
20260119,2908,特力,20.2,20.3,20.15,20.25,-,0.05,92188,1864395.0,-25000,0,-1000,23000,0,0,48000,0,1000
20260119,1451,年興,17.55,18.1,17.55,17.95,+,0.35,266243,4764147.0,-7000,0,-19000,4000,0,1000,11000,0,20000
20260119,2538,基泰,10.85,11.0,10.8,10.9,,0.0,312413,3405051.0,-2000,0,-25000,57000,0,0,59000,0,25000
20260119,2250,IKKA-KY,77.9,78.3,75.8,75.8,-,1.5,156136,11952705.0,-28000,0,220,16000,0,220,44000,0,0
20260119,2706,第一店,12.9,13.0,12.9,12.9,,0.0,159807,2068645.0,-18000,0,-10000,0,0,0,18000,0,10000
20260119,6794,向榮生技,89.9,89.9,85.7,86.4,-,3.1,64244,5587524.0,-27000,0,-1125,7000,0,0,34000,0,1125
20260119,6534,正瀚-創,89.8,89.8,88.1,88.1,-,1.8,60731,5389067.0,-28000,0,-383,1000,0,0,29000,0,383
20260119,8045,達運光電,75.5,78.0,73.7,73.9,-,2.1,215881,16076132.0,-30000,0,1506,42000,0,4000,72000,0,2494
20260119,1733,五鼎,29.45,29.9,29.45,29.5,-,0.05,130730,3872279.0,24000,-53000,0,35000,0,0,11000,53000,0
20260119,4137,麗豐-KY,106.0,106.0,104.5,104.5,-,1.5,122423,12845178.0,-3000,-23000,-3182,33000,0,1000,36000,23000,4182
20260119,1760,寶齡富錦,66.0,66.0,64.2,64.5,-,1.1,141376,9143331.0,-24000,0,-6005,37000,0,1000,61000,0,7005
20260119,2373,震旦行,55.4,56.1,55.1,55.2,-,0.4,101871,5633451.0,-26000,0,-4310,3000,0,0,29000,0,4310
20260119,6216,居易,28.5,28.95,28.35,28.55,+,0.2,514490,14707891.0,-31000,0,364,58000,0,3000,89000,0,2636
20260119,2701,萬企,11.0,11.1,11.0,11.05,+,0.05,119169,1320684.0,-21000,0,-10000,0,0,0,21000,0,10000
20260119,1110,東泥,16.35,16.65,16.3,16.55,+,0.05,346505,5720968.0,-26000,0,-6000,21000,0,0,47000,0,6000
20260119,2227,裕日車,54.7,55.4,54.7,54.8,-,0.2,97693,5369994.0,-19000,-13000,-305,0,0,0,19000,13000,305
20260119,1234,黑松,37.45,37.5,37.2,37.2,-,0.25,129627,4836602.0,-16790,0,-15524,21210,0,0,38000,0,15524
20260119,4571,鈞興-KY,174.5,174.5,170.5,171.0,-,3.5,456664,78527171.0,-40000,18000,-10949,70000,18000,51,110000,0,11000
20260119,2429,銘旺科,75.7,75.8,74.2,74.3,-,1.3,639749,47800887.0,-33629,0,413,138000,0,2000,171629,0,1587
20260119,2034,允強,20.8,21.25,20.6,20.9,-,0.1,1928792,40365518.0,-20277,0,-13833,507000,0,16842,527277,0,30675
20260119,4739,康普,74.0,75.5,72.5,75.1,+,1.1,1692266,124638969.0,-36035,0,1882,482965,0,16519,519000,0,14637
20260119,6890,來億-KY,244.5,244.5,239.0,239.0,-,6.0,541383,130940090.0,-22099,0,-12615,116635,0,6000,138734,0,18615
20260119,8429,金麗-KY,7.59,7.65,7.59,7.61,+,0.01,239024,1821845.0,-19000,0,-16000,17000,0,0,36000,0,16000
20260119,1460,宏遠,6.49,6.49,6.43,6.45,-,0.04,338898,2187547.0,-35000,0,0,41000,0,0,76000,0,0
20260119,1464,得力,11.85,11.95,11.8,11.9,+,0.05,623290,7401575.0,-51000,0,15000,80000,0,17000,131000,0,2000
20260119,2015,豐興,63.2,65.2,63.2,64.2,+,0.3,352718,22770186.0,84000,-105000,-15000,144000,0,4000,60000,105000,19000
20260119,6931,青松健康,58.5,59.6,57.5,59.6,+,1.3,238842,13998528.0,-35000,0,-1000,11000,0,0,46000,0,1000
20260119,00657,國泰日經225,62.6,62.9,62.6,62.9,-,0.5,137707,8637440.0,-1000,0,-35380,0,0,66330,1000,0,101710
20260119,4119,旭富,53.7,54.7,53.5,53.9,+,0.4,309417,16751884.0,-39000,0,2000,60000,0,4000,99000,0,2000
20260119,2360,致茂,992.0,992.0,940.0,950.0,-,39.0,2893172,2764396624.0,391974,-346811,-82606,1918964,11800,57617,1526990,358611,140223
20260119,4912,聯德控股-KY,92.3,92.3,88.8,89.9,-,1.1,427352,38634928.0,-69000,43000,-11910,97000,43000,0,166000,0,11910
20260119,2006,東和鋼鐵,69.6,71.4,69.5,70.8,+,0.6,2234349,157531498.0,140000,-143743,-35130,857000,244000,3000,717000,387743,38130
20260119,6184,大豐電,49.3,49.35,48.5,48.5,-,0.4,122045,5968476.0,-19000,-20000,0,26000,0,0,45000,20000,0
20260119,6796,晉弘,91.0,91.0,88.5,88.6,-,1.9,85147,7611520.0,-39000,0,-249,8000,0,0,47000,0,249
20260119,1109,信大,15.5,15.6,15.5,15.55,,0.0,162870,2533393.0,-25000,0,-14571,2000,0,0,27000,0,14571
20260119,3416,融程電,148.5,152.0,148.0,148.0,-,1.5,272509,40641806.0,-16000,-28000,3612,61000,0,7407,77000,28000,3795
20260119,2514,龍邦,15.25,15.25,15.1,15.15,-,0.05,548706,8341471.0,-21000,0,-19403,25000,0,0,46000,0,19403
20260119,00875,國泰網路資安,38.28,38.28,37.99,38.0,-,0.83,70992,2702628.0,1000,0,-41587,1000,0,0,0,0,41587
20260119,2923,鼎固-KY,20.45,20.9,20.05,20.35,-,0.9,64755,1325674.0,-25000,0,-16751,12000,0,1000,37000,0,17751
20260119,1459,聯發,11.9,11.9,11.6,11.75,-,0.05,176661,2078245.0,-27000,0,-16000,5000,0,0,32000,0,16000
20260119,3032,偉訓,73.2,74.5,72.5,73.0,+,0.2,512721,37665095.0,-41000,0,-2001,142000,0,2000,183000,0,4001
20260119,2414,精技,41.2,41.2,40.9,41.0,-,0.2,160842,6601332.0,-34000,0,-9566,12000,0,0,46000,0,9566
20260119,00661,元大日經225,68.8,68.95,68.3,68.95,-,0.7,180621,12391451.0,-1850,0,-42017,150,0,67000,2000,0,109017
20260119,1108,幸福,15.1,15.2,15.05,15.15,+,0.05,294553,4458119.0,-27000,0,-17000,4000,0,0,31000,0,17000
20260119,6281,全國電,62.7,62.7,62.3,62.4,-,0.3,78559,4906994.0,-39000,0,-5046,0,0,0,39000,0,5046
20260119,9942,茂順,110.0,112.5,110.0,112.0,+,2.0,239049,26705207.0,-40000,0,-4563,15000,0,0,55000,0,4563
20260119,4755,三福化,118.0,119.5,116.0,117.5,-,1.0,378663,44707283.0,-36000,0,-9000,63000,0,0,99000,0,9000
20260119,00913,兆豐台灣晶圓製造,28.76,29.18,28.64,29.15,+,0.55,273622,7940800.0,-1100,0,-43917,0,0,154848,1100,0,198765
20260119,2748,雲品,41.95,42.0,41.1,41.15,-,0.65,315728,13043084.0,-44000,0,-2000,15000,0,0,59000,0,2000
20260119,4588,玖鼎電力,68.2,70.8,66.6,68.1,-,0.1,391779,26905337.0,-52000,0,6000,76000,0,6000,128000,0,0
20260119,4555,氣立,40.45,40.55,39.75,40.0,+,0.05,185528,7436883.0,-44000,0,-2616,23000,0,1000,67000,0,3616
20260119,1720,生達,61.4,61.9,61.0,61.4,,0.0,312882,19191925.0,-38000,-2000,-6638,64000,0,4000,102000,2000,10638
20260119,6923,中台,100.0,100.0,98.7,99.4,-,0.3,522017,51794454.0,-52000,0,5259,53000,0,7230,105000,0,1971
20260119,2013,中鋼構,42.5,42.7,42.45,42.45,-,0.2,163484,6950970.0,-40000,0,-6825,26000,0,4000,66000,0,10825
20260119,5531,鄉林,8.94,9.0,8.93,9.0,,0.0,550115,4925969.0,-4000,0,-43000,40000,0,0,44000,0,43000
20260119,8464,億豐,417.0,424.5,415.0,419.0,+,1.0,686032,288568152.0,938,-7063,-42098,444938,0,17095,444000,7063,59193
20260119,7786,東方風能,163.0,165.0,161.0,161.0,-,3.5,280482,45402827.0,-8000,-38000,-2358,55000,0,0,63000,38000,2358
20260119,1604,聲寶,24.0,24.1,23.95,24.0,-,0.05,273269,6569319.0,-32950,0,-15464,18050,0,0,51000,0,15464
20260119,00702,國泰標普低波高息,23.95,24.04,23.95,23.98,+,0.03,203629,4881725.0,0,0,-49701,0,0,103000,0,0,152701
20260119,2247,汎德永業,279.0,280.0,275.0,276.5,-,2.5,156502,43354385.0,-26000,-26000,1000,15000,0,2000,41000,26000,1000
20260119,5288,豐祥-KY,160.5,160.5,157.5,157.5,-,2.5,157913,25009726.0,-49000,-1000,-1065,22000,0,0,71000,1000,1065
20260119,00861,元大全球未來通訊,59.5,59.5,59.1,59.3,-,0.55,117103,6952959.0,0,0,-52376,1000,0,34032,1000,0,86408
20260119,6918,愛派司,82.5,82.5,81.0,81.1,-,1.9,347429,28831157.0,-49000,0,-3446,12000,0,0,61000,0,3446
20260119,2906,高林,12.55,12.65,12.55,12.55,-,0.05,272505,3429285.0,-45431,0,-8000,18000,0,0,63431,0,8000
20260119,00898,國泰基因免疫革命,8.2,8.23,8.15,8.16,-,0.13,519221,4237756.0,-56000,0,2469,0,0,85000,56000,0,82531
20260119,5306,桂盟,93.7,97.8,93.6,95.1,+,1.4,318799,30481220.0,-45000,0,-9000,80000,0,0,125000,0,9000
20260119,2849,安泰銀,13.35,13.4,13.35,13.35,-,0.05,83674,1119476.0,-38000,0,-19219,2000,0,0,40000,0,19219
20260119,2207,和泰車,541.0,546.0,541.0,542.0,-,6.0,237724,129156052.0,-35172,-15062,-7803,132000,0,2001,167172,15062,9804
20260119,1752,南光,36.6,36.65,36.4,36.4,-,0.05,167065,6096047.0,-54000,0,-5224,2000,0,0,56000,0,5224
20260119,3036,文曄,148.5,152.5,147.0,148.5,-,0.5,5602541,840813421.0,-253170,114245,79320,2836000,1115000,153418,3089170,1000755,74098
20260119,6831,邁科,248.0,249.0,242.0,242.0,-,8.5,765825,187384881.0,-59950,0,-81,42050,0,0,102000,0,81
20260119,8374,羅昇,88.8,90.0,87.4,87.9,-,0.6,566807,50202731.0,-62000,0,143,91000,0,3990,153000,0,3847
20260119,6901,鑽石投資,17.75,18.25,17.65,17.8,-,0.05,735494,13131573.0,-64000,0,2000,202000,0,4000,266000,0,2000
20260119,3518,柏騰,21.8,21.85,21.35,21.45,-,0.2,340605,7336579.0,-66000,0,4000,53000,0,4000,119000,0,0
20260119,9925,新保,40.8,40.9,40.75,40.8,,0.0,237860,9710404.0,-23000,-32000,-9926,47000,0,8000,70000,32000,17926
20260119,2025,千興,14.1,14.5,13.65,14.0,-,0.05,808937,11363747.0,-59000,0,-6000,85000,0,1000,144000,0,7000
20260119,2739,寒舍,34.6,34.8,34.35,34.45,-,0.2,199102,6868094.0,-68000,0,0,23000,0,0,91000,0,0
20260119,4952,凌通,37.55,38.85,37.25,38.0,+,0.8,291180,11128741.0,-67000,0,-1000,38000,0,0,105000,0,1000
20260119,5284,jpp-KY,268.0,276.0,267.0,268.0,,0.0,842786,228168675.0,-85000,0,16756,95000,0,22596,180000,0,5840
20260119,6957,裕慶-KY,193.5,193.5,187.5,190.0,-,3.5,143957,27351418.0,-67000,0,-1808,9000,0,7,76000,0,1815
20260119,2832,台產,50.0,50.5,50.0,50.0,,0.0,343861,17274950.0,62000,-120000,-10998,149000,0,88,87000,120000,11086
20260119,5269,祥碩,1300.0,1315.0,1265.0,1300.0,,0.0,1051308,1359068360.0,-96980,12000,15619,276193,13000,70152,373173,1000,54533
20260119,1702,南僑,37.85,38.0,37.65,37.7,-,0.2,524932,19839739.0,-45000,-25058,-857,107000,0,11000,152000,25058,11857
20260119,0051,元大中型100,100.7,102.8,100.7,102.7,+,2.0,177095,18124607.0,-500,0,-72845,2500,0,48310,3000,0,121155
20260119,2442,新美齊,23.85,23.85,22.95,23.0,-,0.75,3053991,70979107.0,-437000,0,363367,223000,0,373000,660000,0,9633
20260119,2505,國揚,19.95,20.15,19.8,19.9,-,0.1,369782,7374331.0,-51000,0,-23160,32000,0,3000,83000,0,26160
20260119,3135,凌航,134.0,134.0,134.0,134.0,+,12.0,614451,82336434.0,-59000,0,-17008,0,0,7992,59000,0,25000
20260119,6515,穎崴,3575.0,3575.0,3405.0,3460.0,-,75.0,487651,1689208635.0,-45569,-30000,-1145,170431,5000,11019,216000,35000,12164
20260119,2383,台光電,1625.0,1635.0,1545.0,1580.0,-,45.0,3928342,6192104320.0,546120,-417228,-207205,1936570,15000,112813,1390450,432228,320018
20260119,6416,瑞祺電通,88.9,89.0,87.0,87.2,-,1.8,276685,24267643.0,-54000,0,-24770,29000,0,0,83000,0,24770
20260119,3030,德律,173.5,176.0,173.0,176.0,+,2.5,2020536,352817100.0,-311000,151000,80729,448000,154000,88827,759000,3000,8098
20260119,6541,泰福-KY,52.3,53.3,52.0,52.0,-,0.5,675862,35519688.0,-75000,0,-5016,157000,0,1000,232000,0,6016
20260119,6166,凌華,66.2,66.7,64.5,65.0,-,0.7,634831,41538204.0,-81980,0,-1990,201020,0,2010,283000,0,4000
20260119,00709,富邦歐洲,37.8,37.83,37.59,37.64,-,0.45,316309,11930033.0,-7000,0,-78378,3000,0,117000,10000,0,195378
20260119,2023,燁輝,14.75,14.9,14.7,14.8,,0.0,1518004,22492869.0,-52000,0,-36000,469000,0,0,521000,0,36000
20260119,2348,海悅,79.4,80.6,78.4,78.7,-,0.7,390592,30922794.0,-85916,-1000,-4612,86125,0,3000,172041,1000,7612
20260119,00893,國泰智能電動車,34.14,34.14,33.62,33.71,-,0.43,854446,28799553.0,-119020,0,24861,0,0,241000,119020,0,216139
20260119,00762,元大全球AI,85.5,85.5,84.45,84.6,-,1.7,607490,51403056.0,-150630,0,56047,3370,0,224629,154000,0,168582
20260119,2543,皇昌,63.0,64.5,62.9,63.3,+,0.4,2046235,130233567.0,-123000,0,27143,433000,0,46143,556000,0,19000
20260119,6790,永豐實,38.2,38.3,38.1,38.15,-,0.15,170285,6507058.0,-15000,-41000,-40398,15000,0,0,30000,41000,40398
20260119,2516,新建,14.6,14.7,14.4,14.65,-,0.1,480703,6979385.0,-98000,0,1000,6000,0,2000,104000,0,1000
20260119,8341,日友,82.6,83.3,81.5,81.6,-,0.3,739805,60762576.0,-91576,0,-7405,141000,0,0,232576,0,7405
20260119,2608,嘉里大榮,33.0,33.05,32.95,33.0,-,0.2,295553,9753874.0,-81000,0,-19407,2000,0,0,83000,0,19407
20260119,5533,皇鼎,14.3,14.35,14.2,14.3,,0.0,178320,2540925.0,-101000,0,-1000,0,0,0,101000,0,1000
20260119,8104,錸寶,39.4,40.3,37.6,38.45,-,1.5,5683826,220946164.0,-18000,0,-87000,739000,0,4000,757000,0,91000
20260119,2528,皇普,29.7,29.9,29.0,29.9,+,0.2,813801,23901122.0,-337000,237000,-5185,88000,237000,0,425000,0,5185
20260119,6215,和椿,119.0,120.5,117.0,117.0,-,2.0,3577461,424776407.0,-61000,0,-44541,462000,0,19924,523000,0,64465
20260119,4764,雙鍵,127.0,134.5,122.0,130.0,+,1.0,3042468,386775169.0,-123000,25000,-8695,591000,25000,2000,714000,0,10695
20260119,1582,信錦,65.0,70.3,64.8,69.4,+,4.4,3041228,209261684.0,-139000,-3069,35030,716000,0,51072,855000,3069,16042
20260119,00668,國泰美國道瓊,57.4,57.4,56.3,56.45,-,0.7,129062,7281376.0,0,0,-108137,0,0,6000,0,0,114137
20260119,2354,鴻準,59.6,60.2,58.9,59.4,-,0.4,5690517,338933282.0,-86969,5000,-27835,1421536,6000,46935,1508505,1000,74770
20260119,2393,億光,56.0,56.3,55.3,55.5,-,0.6,2598403,144781386.0,329000,-340690,-98214,829000,0,16000,500000,340690,114214
20260119,1506,正道,13.9,13.9,12.9,13.6,+,0.7,2205905,29862841.0,-102000,0,-8101,61000,0,3000,163000,0,11101
20260119,6776,展碁國際,58.5,63.0,58.5,61.3,+,2.9,3639951,223490204.0,-108827,0,-2000,684173,0,0,793000,0,2000
20260119,2705,六福,16.35,16.5,16.3,16.45,-,0.15,477342,7827919.0,-104000,0,-10000,9000,0,0,113000,0,10000
20260119,6206,飛捷,95.5,96.6,94.5,94.5,-,1.0,712793,67943882.0,-97348,-12390,-5091,160652,1000,4120,258000,13390,9211
20260119,1539,巨庭,19.85,21.55,19.8,21.55,+,1.95,2875547,60894113.0,-113000,0,-1852,253000,0,2148,366000,0,4000
20260119,6768,志強-KY,107.0,109.0,106.0,106.0,-,2.0,947584,101419844.0,-390000,276708,-1987,191000,285000,0,581000,8292,1987
20260119,6550,北極星藥業-KY,32.75,33.1,32.05,32.05,-,0.65,1143906,37197609.0,-107000,0,-11000,204000,0,3000,311000,0,14000
20260119,1225,福懋油,28.6,28.65,28.25,28.3,-,0.25,292379,8310311.0,-118000,0,0,27000,0,0,145000,0,0
20260119,2385,群光,119.0,121.0,118.0,119.0,,0.0,4361451,521569925.0,897070,-1007934,-7196,2335070,5300,14773,1438000,1013234,21969
20260119,1732,毛寶,28.0,28.0,27.4,27.5,-,0.45,443502,12215200.0,-123000,0,-1000,36000,0,0,159000,0,1000
20260119,6885,全福生技,29.4,29.4,28.3,28.45,-,0.55,526171,15069576.0,-125000,0,0,82000,0,2000,207000,0,2000
20260119,6625,必應,89.5,89.5,86.2,87.7,-,1.5,476062,41674739.0,-120000,0,-5423,97000,0,3020,217000,0,8443
20260119,4766,南寶,322.0,327.0,319.0,319.0,-,2.5,393872,126721025.0,-56000,-72000,-1824,125000,0,8121,181000,72000,9945
20260119,2536,宏普,24.0,24.05,23.85,23.9,-,0.1,194667,4657999.0,-131000,0,0,7000,0,0,138000,0,0
20260119,3711,日月光投控,303.5,306.0,296.5,299.0,-,4.5,18992941,5705715867.0,-908727,878772,-101661,9711173,912000,206000,10619900,33228,307661
20260119,6657,華安,44.85,47.3,44.0,45.3,+,2.3,1443975,66571297.0,-139000,0,4314,307000,0,4314,446000,0,0
20260119,8473,山林水,41.8,41.9,40.55,41.65,-,0.2,2437194,100742229.0,14000,0,-148898,570000,0,5000,556000,0,153898
20260119,2236,百達-KY,113.0,114.0,105.5,110.5,-,4.0,727027,80064889.0,-90271,0,-47388,128575,0,0,218846,0,47388
20260119,2421,建準,153.0,153.0,149.0,150.0,-,3.0,2462515,369543845.0,-103000,17000,-51889,1039000,20000,17527,1142000,3000,69416
20260119,3596,智易,174.0,186.0,174.0,179.0,+,6.0,1572312,281807701.0,-58795,-76000,-3265,438493,0,22566,497288,76000,25831
20260119,3532,台勝科,134.0,141.0,132.0,139.5,+,6.0,9683780,1328833008.0,-499570,0,354624,2378530,0,414260,2878100,0,59636
20260119,3010,華立,114.0,115.5,112.5,113.0,-,3.0,1239627,140687214.0,-64100,-70368,-10803,225000,0,9039,289100,70368,19842
20260119,00645,富邦日本,50.9,51.2,50.75,51.2,-,0.15,249735,12727342.0,0,0,-146058,2000,0,29000,2000,0,175058
20260119,5521,工信,25.75,26.4,25.3,25.55,-,0.55,10606951,273769073.0,-86000,0,-62952,2727000,0,74000,2813000,0,136952
20260119,00660,元大歐洲50,43.23,43.48,43.23,43.4,-,0.37,164465,7133572.0,0,0,-150000,0,0,0,0,0,150000
20260119,6691,洋基工程,593.0,599.0,582.0,589.0,-,4.0,1017843,599167161.0,-106950,-42000,-3432,239100,78000,28888,346050,120000,32320
20260119,1736,喬山,159.5,162.5,152.5,153.0,-,7.5,1162197,183017822.0,-130000,0,-27831,278000,0,7000,408000,0,34831
20260119,3563,牧德,483.0,485.0,478.0,478.0,-,9.5,740017,355600113.0,-16455,-104100,-38037,99545,0,22629,116000,104100,60666
20260119,2501,國建,23.05,23.1,22.8,22.8,-,0.15,1834628,42056843.0,279800,-431000,-9067,658000,0,29000,378200,431000,38067
20260119,1414,東和,19.8,19.9,19.25,19.75,-,0.1,352980,6933297.0,-125600,-65000,30000,29400,0,30000,155000,65000,0
20260119,1227,佳格,29.5,29.65,29.3,29.45,-,0.05,1056469,31137797.0,-145000,0,-18490,192000,0,7000,337000,0,25490
20260119,3501,維熹,58.0,58.6,56.0,57.5,-,0.5,2023036,115612481.0,-164000,0,-2711,373000,0,13000,537000,0,15711
20260119,8454,富邦媒,200.0,201.0,198.5,198.5,-,2.0,545198,108589245.0,-196870,-3000,30005,87130,0,38000,284000,3000,7995
20260119,3583,辛耘,329.5,329.5,320.5,321.0,-,10.0,1350088,435852395.0,-162090,0,-9421,567010,0,10627,729100,0,20048
20260119,1325,恆大,29.85,29.85,29.0,29.05,-,0.7,836687,24575886.0,-174000,0,1000,102000,0,1000,276000,0,0
20260119,00690,兆豐藍籌30,48.24,48.59,47.91,48.37,+,0.13,1506769,72552869.0,-5000,0,-168687,136000,0,1034623,141000,0,1203310
20260119,4536,拓凱,171.5,171.5,167.0,168.0,-,3.5,428790,72352405.0,-172000,-1000,-3512,76000,0,0,248000,1000,3512
20260119,3591,艾笛森,21.45,21.7,20.8,21.35,+,0.15,2864119,60916560.0,-176000,0,-1077,417000,0,7000,593000,0,8077
20260119,6834,天二科技,35.85,37.7,34.5,35.25,-,0.8,4345248,156835064.0,-184000,0,2038,772000,0,6135,956000,0,4097
20260119,6438,迅得,160.0,166.0,152.5,163.0,+,5.0,6733910,1081299252.0,-262000,0,77648,1329000,0,233297,1591000,0,155649
20260119,6192,巨路,124.5,124.5,120.0,120.0,-,5.5,742514,90593718.0,-203000,0,15493,156000,0,18000,359000,0,2507
20260119,8926,台汽電,42.5,43.9,42.5,43.2,+,0.7,1397217,60524810.0,-175000,-2000,-11319,251000,0,1683,426000,2000,13002
20260119,2444,兆勁,12.75,13.35,12.75,12.9,+,0.25,1622102,21098361.0,-193000,0,1000,200000,0,3000,393000,0,2000
20260119,1540,喬福,28.0,28.6,26.75,27.3,-,0.7,4269920,118813694.0,-192000,0,-373,747000,0,2000,939000,0,2373
20260119,6278,台表科,96.8,98.0,96.4,97.0,+,0.3,1146453,111557207.0,80000,-272135,-1290,344000,0,9710,264000,272135,11000
20260119,1529,樂事綠能,22.45,23.6,22.1,22.85,+,0.55,3185147,72921315.0,-194000,0,-46,663000,0,0,857000,0,46
20260119,1517,利奇,12.5,13.45,12.2,13.45,+,1.2,3692640,48573939.0,-224000,0,28363,537000,0,40401,761000,0,12038
20260119,7788,松川精密,139.0,139.0,131.5,135.0,-,4.0,346695,46307386.0,-195000,0,-1495,6000,0,0,201000,0,1495
20260119,1220,台榮,12.45,13.1,12.2,13.05,+,0.5,1558253,19635718.0,-194000,0,-4000,52000,0,0,246000,0,4000
20260119,00949,復華日本龍頭,19.33,19.34,19.24,19.34,-,0.13,1350176,26033900.0,-15000,0,-185374,15000,0,713305,30000,0,898679
20260119,00920,富邦ESG綠色電力,19.14,19.32,19.14,19.25,+,0.11,1079284,20787563.0,-783000,0,580568,0,0,783036,783000,0,202468
20260119,1603,華電,39.75,40.0,39.25,39.9,+,0.3,1072806,42632575.0,-99023,-90000,-13758,319977,0,0,419000,90000,13758
20260119,5706,鳳凰,49.5,49.5,49.25,49.45,-,0.75,458449,22646574.0,-188000,0,-15077,15000,0,0,203000,0,15077
20260119,00730,富邦臺灣優質高息,24.1,24.16,23.78,23.83,-,0.27,889049,21284833.0,44000,100000,-347288,52000,100000,329022,8000,0,676310
20260119,3515,華擎,233.5,233.5,227.5,227.5,-,6.5,1041114,238779686.0,-160300,-43000,-5103,198000,0,23553,358300,43000,28656
20260119,9919,康那香,16.5,16.6,16.35,16.4,-,0.2,648754,10676471.0,-205000,0,-4000,66000,0,0,271000,0,4000
20260119,1215,卜蜂,154.0,155.0,150.5,150.5,-,5.0,948817,144443039.0,-107000,-119000,16837,273000,0,39811,380000,119000,22974
20260119,2597,潤弘,179.5,179.5,174.0,174.0,-,6.0,556680,97953278.0,-197400,-6000,-6072,61400,0,4000,258800,6000,10072
20260119,4919,新唐,56.7,61.1,56.0,60.2,+,3.5,8581732,508453379.0,-329000,0,116328,2100000,0,191553,2429000,0,75225
20260119,2413,環科,47.2,51.9,46.5,51.5,+,3.35,4626982,230334209.0,-106500,59000,-172469,116500,59000,0,223000,0,172469
20260119,1563,巧新,48.8,48.85,47.95,48.0,-,0.8,633835,30556529.0,-222000,0,936,55000,0,2000,277000,0,1064
20260119,1568,倉佑,26.7,27.2,25.75,26.8,+,1.05,2466827,65523099.0,-213000,0,-8114,208000,0,1000,421000,0,9114
20260119,2497,怡利電,54.9,54.9,52.4,53.5,-,0.3,816634,43659011.0,-302000,77000,0,96000,77000,0,398000,0,0
20260119,00964,中信亞太高股息,12.48,12.49,12.4,12.49,,0.0,1321449,16464567.0,-34000,0,-192000,65000,0,687000,99000,0,879000
20260119,2535,達欣工,69.5,69.6,68.0,68.3,-,1.1,572894,39196050.0,-179000,-96000,47607,93000,0,60000,272000,96000,12393
20260119,00916,國泰全球品牌50,27.01,27.01,26.78,26.79,-,0.39,353179,9481983.0,-172890,0,-60459,2110,0,4000,175000,0,64459
20260119,6753,龍德造船,136.5,139.5,133.0,134.0,-,2.5,1577471,214279991.0,-202970,0,-31127,344030,0,28358,547000,0,59485
20260119,2228,劍麟,108.5,109.0,106.5,106.5,-,1.5,1157551,124646731.0,-240000,-1000,351,239000,0,6000,479000,1000,5649
20260119,00954,中信日本半導體,13.98,14.03,13.88,14.01,-,0.02,2134596,29766577.0,15030,0,-257520,34030,0,655000,19000,0,912520
20260119,2897,王道銀行,9.11,9.15,9.1,9.12,,0.0,2219116,20246181.0,-96000,0,-152000,501000,0,0,597000,0,152000
20260119,00643,群益深証中小,18.36,18.49,18.27,18.36,,0.0,1741597,31944708.0,168000,0,-421920,168000,0,1173613,0,0,1595533
20260119,3044,健鼎,317.0,319.0,312.0,312.0,-,5.0,2874147,901114610.0,-108000,-226000,80013,1231000,226000,122589,1339000,452000,42576
20260119,3305,昇貿,125.0,129.0,118.5,119.0,-,6.0,14525063,1793769652.0,-24020,0,-234401,2292000,0,118133,2316020,0,352534
20260119,00963,中信全球高股息,11.86,11.86,11.76,11.76,,0.0,1086134,12793650.0,-335000,0,68336,3000,0,513000,338000,0,444664
20260119,2820,華票,16.35,16.4,16.3,16.35,,0.0,781237,12782170.0,-209000,0,-58000,10000,0,0,219000,0,58000
20260119,00956,中信日經高股息,12.0,12.0,11.86,12.0,,0.0,764145,9130311.0,4000,0,-276638,7000,0,310000,3000,0,586638
20260119,2401,凌陽,21.9,23.6,21.8,23.1,+,1.35,10721264,245837042.0,-391000,20000,85374,2887000,20000,126629,3278000,0,41255
20260119,1713,國化,51.5,51.5,50.1,50.5,-,1.0,1169388,59106877.0,-288000,0,0,63000,0,2000,351000,0,2000
20260119,00911,兆豐洲際半導體,37.7,37.7,36.54,36.7,,0.0,598276,22072679.0,-32713,0,-263810,1287,0,100000,34000,0,363810
20260119,3712,永崴投控,26.6,28.1,26.4,27.55,+,1.0,2175734,59935268.0,-277000,0,-25872,513000,0,16000,790000,0,41872
20260119,4576,大銀微系統,126.0,129.0,122.0,124.5,-,1.5,2833300,355952830.0,-308000,0,-2701,416000,0,30121,724000,0,32822
20260119,1524,耿鼎,33.35,36.2,32.5,35.15,+,2.2,17350885,597034142.0,-408000,0,87012,2239000,0,119653,2647000,0,32641
20260119,1477,聚陽,325.0,336.0,319.5,320.5,-,5.5,1406412,455578007.0,-73134,-258289,-4985,772466,0,33366,845600,258289,38351
20260119,00926,凱基全球菁英55,23.61,23.61,23.44,23.46,-,0.34,888369,20860980.0,-63000,0,-276377,0,0,168000,63000,0,444377
20260119,3060,銘異,35.3,37.95,35.3,37.25,+,1.95,19347273,706419318.0,-338050,0,-6488,4133000,0,17000,4471050,0,23488
20260119,1527,鑽全,37.6,38.9,36.85,37.15,+,1.6,4118278,155456699.0,-344000,0,-543,704000,0,7028,1048000,0,7571
20260119,2258,鴻華先進-創,39.5,39.55,38.9,39.0,-,0.6,1039657,40767823.0,-316000,0,-30144,25000,0,0,341000,0,30144
20260119,2645,長榮航太,153.5,158.5,152.5,153.5,-,0.5,3192575,495025596.0,-743000,359000,20258,665000,359000,38740,1408000,0,18482
20260119,00917,中信特選金融,27.5,28.0,27.0,27.66,,0.0,4776346,131787668.0,-42475,0,-324937,173525,0,37000,216000,0,361937
20260119,00652,富邦印度,37.0,37.0,36.61,36.62,-,0.5,597601,21938666.0,-5000,0,-366682,2000,0,20000,7000,0,386682
20260119,3006,晶豪科,158.5,165.0,158.5,158.5,+,4.0,3691613,594648345.0,-479500,35000,72155,186000,35000,277888,665500,0,205733
20260119,4746,台耀,62.0,62.0,59.4,59.8,-,0.8,796444,48033834.0,-369000,0,-4710,73000,0,463,442000,0,5173
20260119,9802,鈺齊-KY,100.5,101.5,99.6,99.7,-,0.8,1104257,110535975.0,-386000,0,-1432,233000,0,1531,619000,0,2963
20260119,9955,佳龍,35.75,36.0,34.8,35.1,+,0.65,3257327,114954054.0,-399900,0,9000,549100,0,11000,949000,0,2000
20260119,2402,毅嘉,55.9,56.4,55.0,55.4,-,0.5,6528727,362868025.0,-455795,209000,-147534,1042205,209000,124409,1498000,0,271943
20260119,5469,瀚宇博,101.5,101.5,98.2,100.5,-,0.5,8394476,836125728.0,105995,-6000,-496984,2348000,0,50267,2242005,6000,547251
20260119,9934,成霖,10.2,10.8,10.2,10.8,+,0.8,5507987,58296558.0,-321000,0,-76000,324000,0,1000,645000,0,77000
20260119,2206,三陽工業,59.8,60.0,59.3,60.0,,0.0,1180094,70480682.0,-266000,-124337,-25038,187000,0,1000,453000,124337,26038
20260119,3023,信邦,193.5,195.0,191.0,191.0,-,4.0,1108318,213502333.0,-349000,-77000,151,420000,1000,6000,769000,78000,5849
20260119,6830,汎銓,190.5,190.5,181.5,182.0,-,6.5,922494,169993064.0,-425000,0,-17635,69000,0,17000,494000,0,34635
20260119,00912,中信臺灣智慧50,22.47,22.57,22.32,22.45,,0.0,6357654,142464944.0,-14700,0,-437559,62300,0,5482009,77000,0,5919568
20260119,6805,富世達,1320.0,1370.0,1280.0,1280.0,-,40.0,2181456,2861704200.0,-27299,-358000,-67509,649701,8000,42213,677000,366000,109722
20260119,6414,樺漢,305.5,306.5,293.5,293.5,-,10.5,1437015,428708703.0,-208379,-220000,-28476,300621,0,19290,509000,220000,47766
20260119,1560,中砂,426.0,431.0,413.5,422.5,-,1.0,3405409,1433237500.0,-222727,-191000,-49294,1076343,123000,31267,1299070,314000,80561
20260119,3042,晶技,86.4,89.0,86.0,86.4,+,0.9,5016584,437783852.0,-48000,-684000,267065,1318000,0,276809,1366000,684000,9744
20260119,6592,和潤企業,63.0,63.0,60.8,61.2,-,1.0,2077255,127653360.0,-453000,0,-15673,489000,0,55,942000,0,15728
20260119,00757,統一FANG+,115.2,115.2,114.1,114.25,-,2.25,5077384,580885789.0,-125867,0,-344582,6343,0,770000,132210,0,1114582
20260119,2062,橋椿,22.95,24.4,22.8,23.65,+,1.15,2573784,61401572.0,-491000,0,-6255,343000,0,2024,834000,0,8279
20260119,6196,帆宣,298.0,298.0,288.5,292.5,-,5.5,3262994,953296015.0,-811963,286000,26408,523116,297000,104201,1335079,11000,77793
20260119,00892,富邦台灣半導體,24.08,24.43,23.9,24.31,+,0.31,1816242,43797174.0,-47000,0,-454211,52000,0,810881,99000,0,1265092
20260119,3048,益登,40.6,43.0,40.45,42.85,+,1.95,8695395,365624471.0,-602900,0,97158,1855200,0,196429,2458100,0,99271
20260119,6472,保瑞,559.0,559.0,527.0,528.0,-,19.0,1554311,833604849.0,-464139,37000,-80232,216000,37000,33400,680139,0,113632
20260119,1587,吉茂,53.0,54.7,52.2,53.2,-,0.9,4784510,254783487.0,-488000,0,-22045,684000,0,6000,1172000,0,28045
20260119,3413,京鼎,292.5,292.5,286.0,287.0,-,3.0,1392339,400813992.0,-425000,-86000,-5433,113000,50000,15000,538000,136000,20433
20260119,2353,宏碁,27.15,27.45,26.85,27.3,+,0.15,27247320,742029561.0,546100,-1238026,171706,10765100,19000,391976,10219000,1257026,220270
20260119,8210,勤誠,930.0,930.0,903.0,903.0,-,25.0,1638470,1492849773.0,-493410,-11000,-19713,267640,12000,95862,761050,23000,115575
20260119,8476,台境*,21.9,24.4,21.15,24.3,+,2.0,12762223,292419598.0,-536000,0,-1939,2461000,0,1061,2997000,0,3000
20260119,3701,大眾控,58.4,59.5,53.7,55.0,-,1.6,9981485,555422775.0,-626000,85000,-1273,1285000,85000,13000,1911000,0,14273
20260119,3706,神達,83.5,86.0,83.1,84.4,+,1.1,17189059,1455664812.0,-1227950,18000,659213,3913050,19000,1219567,5141000,1000,560354
20260119,8114,振樺電,200.0,212.0,198.0,206.5,+,8.0,2258918,463776959.0,-571088,-5000,21696,434000,0,31712,1005088,5000,10016
20260119,2845,遠東銀,12.75,12.85,12.7,12.7,-,0.05,10016626,127763195.0,-356000,-108000,-116582,2465000,0,0,2821000,108000,116582
20260119,00905,FT臺灣Smart,18.65,18.69,18.38,18.49,,0.0,2463552,45449257.0,-82000,0,-502540,1000,0,494306,83000,0,996846
20260119,1519,華城,963.0,995.0,942.0,963.0,-,2.0,8846226,8582689736.0,-533621,6672,-72187,2385949,24000,161463,2919570,17328,233650
20260119,3028,增你強,40.95,42.2,40.75,41.9,+,1.45,8530868,354805474.0,-653000,0,2206,2155000,0,8523,2808000,0,6317
20260119,00971,野村美國研發龍頭,16.25,16.25,15.83,15.85,-,0.18,1345618,21383035.0,-69824,0,-585910,13176,0,120000,83000,0,705910
20260119,00735,國泰臺韓科技,60.0,60.4,59.65,60.3,+,0.55,872953,52429753.0,-13852,0,-646000,10158,0,36000,24010,0,682000
20260119,3013,晟銘電,122.0,123.0,120.5,121.0,-,1.0,2548709,308880338.0,-310995,-400000,-7135,264005,0,27000,575000,400000,34135
20260119,1721,三晃,19.95,22.6,18.8,22.05,+,1.45,17039779,354895044.0,-729350,0,-11063,1504000,0,11434,2233350,0,22497
20260119,6176,瑞儀,124.5,126.0,123.0,124.0,-,0.5,1638906,203930080.0,-567000,-187732,-2499,290000,2000,15000,857000,189732,17499
20260119,2345,智邦,1230.0,1235.0,1160.0,1165.0,-,65.0,4631438,5474751990.0,-159592,-514339,-84894,1790053,34000,165750,1949645,548339,250644
20260119,9958,世紀鋼,148.5,148.5,144.5,145.5,-,3.5,2456481,360363105.0,-782202,-1000,20744,384170,0,95261,1166372,1000,74517
20260119,3027,盛達,27.8,28.4,27.0,28.15,+,0.75,8348720,232729769.0,-752000,0,-15989,1053000,0,12000,1805000,0,27989
20260119,00941,中信上游半導體,20.17,20.17,20.0,20.07,-,0.1,3552933,71218437.0,-910000,0,136377,0,0,941000,910000,0,804623
20260119,00894,中信小資高價30,29.8,29.82,29.5,29.8,,0.0,2114064,62624894.0,-196500,0,-577666,87500,0,244469,284000,0,822135
20260119,2540,愛山林,49.4,49.95,47.9,49.9,+,0.4,1870555,92268666.0,-578000,-185000,-17538,338000,0,0,916000,185000,17538
20260119,2357,華碩,512.0,516.0,508.0,510.0,,0.0,5070169,2595549528.0,170961,-932815,-24481,2930177,6000,94095,2759216,938815,118576
20260119,3717,聯嘉投控,20.0,20.2,19.05,19.75,+,0.2,4166624,82231528.0,-837000,0,-14964,662000,0,0,1499000,0,14964
20260119,1795,美時,340.0,341.0,318.0,319.5,-,18.0,8776848,2867722102.0,-702990,115045,-276232,2202010,116000,127461,2905000,955,403693
20260119,9941,裕融,79.9,80.1,78.3,78.6,-,1.5,2779704,219859689.0,-693850,-190000,13436,520300,0,72000,1214150,190000,58564
20260119,8271,宇瞻,134.0,141.5,129.5,131.5,+,2.0,24186938,3284275537.0,-880485,20000,-34371,5390600,20000,112951,6271085,0,147322
20260119,3015,全漢,57.7,59.6,56.9,57.4,+,1.2,4583866,267524995.0,-882000,-22811,-1238,580000,0,20054,1462000,22811,21292
20260119,2891,中信金,50.2,52.0,50.1,51.2,+,0.7,33753568,1729635963.0,2529989,-3131850,-339506,13540634,2231000,908556,11010645,5362850,1248062
20260119,2347,聯強,65.1,65.4,64.5,65.1,-,0.2,4967375,322794503.0,-563000,-285958,-119645,1315000,8000,15467,1878000,293958,135112
20260119,8105,凌巨,14.25,15.0,14.0,14.85,+,0.7,16614611,245151936.0,-958000,0,-11000,3386000,0,5000,4344000,0,16000
20260119,3005,神基,117.5,119.5,116.5,116.5,-,0.5,2664840,313314890.0,-526950,-548000,96776,496050,2000,131000,1023000,550000,34224
20260119,1773,勝一,160.0,164.0,156.5,160.5,+,1.0,3024377,485237317.0,-952980,-56000,13330,347020,0,49873,1300000,56000,36543
20260119,6919,康霈*,172.0,177.5,164.0,164.0,-,6.0,10835748,1832667092.0,-964195,-7221,-31290,1186771,0,42543,2150966,7221,73833
20260119,6191,精成科,117.5,117.5,113.5,114.0,-,3.5,8527613,979844658.0,-883650,-4000,-125276,1595500,2000,52229,2479150,6000,177505
20260119,2457,飛宏,34.1,34.35,30.6,30.6,-,1.65,52736620,1675255739.0,-1141000,0,80572,10522000,0,747865,11663000,0,667293
20260119,00910,第一金太空衛星,55.25,55.3,54.7,54.85,+,0.1,4620806,254004494.0,-716015,0,-347192,139100,0,468803,855115,0,815995
20260119,2472,立隆電,121.0,124.5,119.0,121.5,+,1.0,8763028,1068344383.0,-484725,-703000,83497,2154275,0,240858,2639000,703000,157361
20260119,1522,堤維西,52.5,53.8,50.4,52.0,+,0.9,6689593,345913998.0,-1128983,-33812,52269,1249017,0,81426,2378000,33812,29157
20260119,2312,金寶,33.8,36.95,33.55,35.4,+,1.7,234985735,8416527942.0,-2589083,0,1472424,61697650,0,3067250,64286733,0,1594826
20260119,3167,大量,225.0,227.0,216.0,220.0,-,5.5,6438625,1424875179.0,-728490,-472000,9700,1492030,102000,91000,2220520,574000,81300
20260119,2474,可成,209.0,212.5,209.0,209.5,-,1.5,3765254,793176713.0,-925000,-316443,41165,818000,5100,176222,1743000,321543,135057
20260119,6446,藥華藥,600.0,612.0,572.0,577.0,-,10.0,7819123,4596196893.0,-1097527,-99000,-11806,1854673,88000,80255,2952200,187000,92061
20260119,5871,中租-KY,104.0,106.0,103.5,103.5,-,0.5,8517457,887652748.0,2563706,-3768873,-27232,4367000,43000,19768,1803294,3811873,47000
20260119,2912,統一超,218.5,219.5,217.0,217.0,-,3.0,2914639,634854969.0,-1000778,-219733,-14459,593200,8000,87000,1593978,227733,101459
20260119,6869,雲豹能源,112.5,112.5,104.0,109.0,+,4.5,7496742,816446134.0,-1287174,0,37790,1289000,0,116555,2576174,0,78765
20260119,3017,奇鋐,1355.0,1360.0,1275.0,1280.0,-,80.0,9552812,12409257815.0,504706,-1406072,-409909,3384914,21000,353429,2880208,1427072,763338
20260119,2316,楠梓電,102.0,102.0,98.5,98.8,-,2.7,3708607,368836102.0,-1177100,-2000,-133826,545000,0,14215,1722100,2000,148041
20260119,4904,遠傳,90.0,91.8,90.0,90.7,-,0.4,4785364,435441448.0,284806,-1631394,-17466,2615006,2000,36534,2330200,1633394,54000
20260119,1102,亞泥,36.6,37.05,36.5,36.8,,0.0,10104559,371351553.0,1093525,-2438791,-45198,6465000,0,22000,5371475,2438791,67198
20260119,3702,大聯大,64.2,64.8,63.7,64.1,-,0.4,8309018,534453980.0,2651000,-4038116,-15636,3892000,17000,43364,1241000,4055116,59000
20260119,2441,超豐,103.5,105.0,99.8,102.0,,0.0,15777940,1619515190.0,-1057453,-176000,-171346,4055547,57000,312472,5113000,233000,483818
20260119,2376,技嘉,246.5,246.5,240.0,240.0,-,6.5,5676688,1376079379.0,-934719,-461500,-68321,1053281,3500,124000,1988000,465000,192321
20260119,2454,聯發科,1510.0,1510.0,1465.0,1485.0,-,20.0,5943945,8825060905.0,-1182075,-186666,-105415,2071390,274000,106946,3253465,460666,212361
20260119,2308,台達電,1145.0,1160.0,1110.0,1120.0,-,5.0,12864701,14520919841.0,-1327151,-11928,-164496,4869974,283501,260221,6197125,295429,424717
20260119,1536,和大,64.7,65.2,62.6,63.7,-,1.0,8365931,532666895.0,-1231940,0,-344521,1401060,0,80132,2633000,0,424653
20260119,00951,台新日本半導體,13.03,13.11,12.97,13.09,,0.0,3384712,44131589.0,-154900,0,-1443371,47100,0,777002,202000,0,2220373
20260119,8028,昇陽半導體,187.5,187.5,182.0,182.0,-,5.5,7213155,1319372046.0,-1170012,-360000,-70093,853025,34000,174011,2023037,394000,244104
20260119,2633,台灣高鐵,27.35,27.4,27.25,27.25,-,0.1,5281081,144152832.0,-1531004,-30057,-66665,1411000,0,4000,2942004,30057,70665
20260119,00646,元大S&P500,68.4,68.4,67.95,68.1,-,0.7,5146955,350547761.0,-645188,0,-1043173,2962,0,205000,648150,0,1248173
20260119,6257,矽格,137.5,141.0,135.5,138.5,+,1.0,16849611,2322002951.0,-4293231,2956000,-363724,2853169,3015000,75295,7146400,59000,439019
20260119,1319,東陽,112.0,114.0,108.0,110.0,-,2.0,7758643,857473133.0,-2032798,366769,-60878,1465200,590000,275680,3497998,223231,336558
20260119,2915,潤泰全,52.8,52.9,52.2,52.7,-,0.3,3187688,167475724.0,-1254000,-541000,-30336,340000,0,0,1594000,541000,30336
20260119,2455,全新,172.0,172.0,163.0,168.0,-,2.5,15360617,2575000280.0,-2798000,730000,184878,3721000,730000,882476,6519000,0,697598
20260119,6239,力成,265.0,271.5,258.5,262.5,-,0.5,22077114,5835330639.0,-1307362,-346000,-232544,7413779,417000,372005,8721141,763000,604549
20260119,6443,元晶,38.0,38.95,37.0,37.1,-,0.95,78239854,2946846251.0,-1805196,0,-116943,15509502,0,362958,17314698,0,479901
20260119,8021,尖點,223.5,228.0,218.0,219.0,-,2.5,13707376,3044675761.0,-1993906,36000,-1157,2460194,36000,88314,4454100,0,89471
20260119,2449,京元電子,273.5,280.0,270.0,271.5,-,2.0,18283023,5000148965.0,-1742046,524000,-768137,5490060,1075000,145155,7232106,551000,913292
20260119,00891,中信關鍵半導體,22.26,22.65,22.15,22.59,+,0.34,9217113,206178410.0,-1175800,0,-838184,407200,0,1684978,1583000,0,2523162
20260119,2337,旺宏,73.0,73.7,73.0,73.7,+,6.7,46077752,3386788575.0,-1532614,0,-538880,3376250,0,801120,4908864,0,1340000
20260119,4989,榮科,65.0,66.4,62.0,63.2,-,2.2,27394632,1760580237.0,-2121000,0,27311,6016000,0,60311,8137000,0,33000
20260119,2838,聯邦銀,18.85,19.0,18.7,18.7,-,0.15,4981162,93611990.0,277000,-2581000,-79194,1448000,0,24000,1171000,2581000,103194
20260119,00927,群益半導體收益,24.09,24.44,24.04,24.39,,0.0,29848271,723447512.0,-250000,0,-2224426,2152000,0,7206144,2402000,0,9430570
20260119,4927,泰鼎-KY,38.9,38.95,37.6,37.7,-,0.85,13294615,506546896.0,-2481000,0,-8908,1358000,0,7000,3839000,0,15908
20260119,6770,力積電,62.0,62.0,62.0,62.0,+,5.6,24159520,1497890240.0,-3704768,-284000,1492332,58000,0,1537332,3762768,284000,45000
20260119,2886,兆豐金,40.7,41.1,40.45,40.55,-,0.35,17916670,729963806.0,-742238,-1689727,-79430,9850000,0,117568,10592238,1689727,196998
20260119,2615,萬海,76.3,77.0,75.6,76.0,-,1.2,8379926,639525466.0,-2265703,-348650,-149302,1572682,65000,155000,3838385,413650,304302
20260119,00935,野村臺灣新科技50,33.65,33.96,33.48,33.82,+,0.18,9141809,307754487.0,-62998,0,-2820919,334032,0,4243858,397030,0,7064777
20260119,2367,燿華,36.9,38.1,36.2,37.1,+,0.45,84255049,3150687578.0,-2556956,566000,-1064898,18848044,566000,635075,21405000,0,1699973
20260119,00924,復華S&P500成長,29.38,29.38,29.0,29.07,-,0.37,5994879,174263583.0,-523636,0,-2561102,7364,0,60000,531000,0,2621102
20260119,2301,光寶科,166.0,169.0,162.5,163.0,-,3.0,13796904,2267936148.0,-1535061,-1423431,-202014,4278946,34000,236192,5814007,1457431,438206
20260119,00770,國泰北美科技,58.85,58.9,57.9,57.95,-,0.9,3857664,224304123.0,-15965,0,-3186829,32035,0,83000,48000,0,3269829
20260119,2374,佳能,82.6,83.3,80.6,80.6,-,1.7,10859492,887039203.0,-3103427,-190000,-17185,1035000,0,136319,4138427,190000,153504
20260119,2812,台中銀,20.75,20.95,20.7,20.7,-,0.1,12962411,269265867.0,-1346800,-1857370,-157652,2437200,0,0,3784000,1857370,157652
20260119,2368,金像電,679.0,683.0,618.0,624.0,-,53.0,15681144,9984844497.0,-721665,-2068000,-600761,3926760,47000,749109,4648425,2115000,1349870
20260119,00662,富邦NASDAQ,102.65,102.65,102.1,102.3,-,1.45,5573417,570446081.0,-139565,0,-3444508,7435,0,173000,147000,0,3617508
20260119,2603,長榮,187.5,190.0,185.5,187.5,-,2.5,14392532,2704783786.0,-945063,-2815005,139801,4412324,24100,363759,5357387,2839105,223958
20260119,6116,彩晶,9.87,10.8,9.87,10.8,+,0.97,38406607,405080807.0,-3938200,0,149000,273300,0,207000,4211500,0,58000
20260119,1513,中興電,160.5,166.0,156.5,160.5,+,0.5,25154488,4069054737.0,-3746067,-436566,285237,4547300,2000,667571,8293367,438566,382334
20260119,00882,中信中國高股息,15.04,15.14,15.0,15.08,,0.0,16808575,253209967.0,-2475100,0,-1683223,0,0,4002000,2475100,0,5685223
20260119,2375,凱美,106.5,108.0,102.5,107.0,+,2.5,20049730,2124068163.0,-4595318,0,26849,3325000,0,250331,7920318,0,223482
20260119,2313,華通,143.5,149.5,141.0,143.5,+,1.5,78639011,11366831289.0,-4128426,615000,-1080680,22844250,1079000,913555,26972676,464000,1994235
20260119,2451,創見,260.0,276.0,251.0,256.5,+,2.5,28287872,7454317915.0,-5233740,516779,-26150,5117720,529800,420802,10351460,13021,446952
20260119,2889,國票金,16.9,16.9,16.35,16.35,-,0.55,7129383,118019790.0,-4781573,-2000,-74000,670427,0,0,5452000,2000,74000
20260119,2382,廣達,288.5,288.5,281.5,282.0,-,7.5,16471514,4675153175.0,-5635010,212006,-220852,3508340,865000,72410,9143350,652994,293262
20260119,5876,上海商銀,39.55,39.75,39.4,39.45,-,0.15,7990414,315404587.0,-3271000,-2415778,23053,937000,0,155000,4208000,2415778,131947
20260119,1216,統一,75.4,75.4,74.7,74.7,-,0.7,10023520,751223980.0,-4288860,-1633131,-11826,2155251,0,175000,6444111,1633131,186826
20260119,2618,長榮航,37.35,37.5,37.15,37.15,-,0.4,32633822,1216100120.0,81192,-6191821,-944462,12259503,231000,33247,12178311,6422821,977709
20260119,3189,景碩,197.5,211.5,195.0,211.5,+,19.0,68351434,13946684135.0,-10104167,2552000,385301,13928405,2556000,1338175,24032572,4000,952874
20260119,3037,欣興,278.0,301.0,274.5,301.0,+,27.0,76308584,22278788257.0,-10906687,2870196,715995,15082725,5407000,1813520,25989412,2536804,1097525
20260119,2481,強茂,92.3,94.8,87.6,88.8,-,2.7,50016890,4557731516.0,-6889300,-149000,-930297,10595000,50000,329715,17484300,199000,1260012
20260119,7780,大研生醫*,20.35,20.35,19.65,20.35,,0.0,34537186,702027200.0,-8858000,0,13000,265000,0,124000,9123000,0,111000
20260119,4958,臻鼎-KY,180.0,181.5,169.5,170.5,-,3.5,28838033,5008607257.0,-8996763,319000,-358245,5488317,566000,502789,14485080,247000,861034
20260119,2330,台積電,1725.0,1780.0,1725.0,1760.0,+,20.0,32242493,56290961765.0,-8021343,-1063639,-1816503,9342773,269000,384330,17364116,1332639,2200833
20260119,8150,南茂,71.1,73.9,69.1,70.8,+,3.1,168452906,12008298855.0,-11317190,236000,7546,37060590,236000,1984372,48377780,0,1976826
20260119,1504,東元,90.0,91.3,85.7,87.9,-,1.0,64247382,5697296235.0,-14988500,1064907,-4254,11777950,2013000,692509,26766450,948093,696763
20260119,2371,大同,39.15,40.65,38.0,40.15,+,1.3,128350864,5105787052.0,-16090880,-35100,1394036,23562170,2900,3025747,39653050,38000,1631711
20260119,1303,南亞,75.5,81.1,74.6,79.4,+,5.6,362661421,28208994024.0,-24714777,5401670,1451888,88436001,5537000,5589420,113150778,135330,4137532
20260119,00947,台新臺灣IC設計,22.45,23.1,22.43,23.0,+,1.08,25959394,593787267.0,-659000,0,-19167501,1380000,0,866948,2039000,0,20034449
20260119,2317,鴻海,233.5,233.5,229.0,229.5,-,5.0,53439088,12286441632.0,-16169310,-2619737,-1291165,10339777,107000,223024,26509087,2726737,1514189
20260119,1605,華新,43.0,43.6,42.0,42.05,-,0.9,167525820,7127276622.0,-12009167,-8649000,-1800394,33089893,1207000,1421610,45099060,9856000,3222004
20260119,00830,國泰費城半導體,64.5,64.9,64.5,64.9,+,0.4,49452140,3195310868.0,-1240571,0,-27225697,28449,0,761000,1269020,0,27986697
20260119,3481,群創,27.6,29.1,27.55,28.8,+,2.2,243265641,6920796747.0,-37881491,2264800,2584000,18130668,2267800,3613000,56012159,3000,1029000
20260119,0052,富邦科技,41.81,42.7,41.64,42.48,+,0.41,73592730,3094268693.0,-3431856,-16466000,-14803571,3450544,0,15186359,6882400,16466000,29989930
20260119,8422,可寧衛*,38.85,46.3,38.3,45.0,+,2.9,502639117,21277549563.0,-49938220,-2113000,1900615,99582062,1558000,4651183,149520282,3671000,2750568
20260119,0050,元大台灣50,71.7,72.8,71.45,72.6,+,0.6,122970595,8839245132.0,-32901794,-13557000,-10291027,3748034,2600000,15852803,36649828,16157000,26143830
20260119,3231,緯創,143.0,143.5,138.0,138.5,-,6.5,118082750,16471410670.0,-57229577,-3039671,-1616731,11722198,35000,1110362,68951775,3074671,2727093
20260119,00881,國泰台灣科技龍頭,35.81,35.97,35.6,35.87,+,0.1,100204044,3579352064.0,-14466346,0,-53566758,6111654,0,4725540,20578000,0,58292298
