tradeDate,stockCode,stockName,openPrice,highPrice,lowPrice,closePrice,changeSign,change,totalShares,totalAmount,foreignNetShares,investmentNetShares,dealerNetShares,foreignBuyShares,investmentBuyShares,dealerBuyShares,foreignSellShares,investmentSellShares,dealerSellShares
20260706,3481,群創,66.6,70.1,66.0,69.2,+,3.2,519703847,35742720630.0,117995548,-11000,5312363,204089185,9000,12415031,86093637,20000,7102668
20260706,2409,友達,30.4,32.0,30.15,31.7,+,1.7,410630157,12889868568.0,90691332,-10000,7832118,181059233,9000,10448351,90367901,19000,2616233
20260706,1717,長興,82.4,88.6,80.7,85.4,+,3.8,103205853,8806806252.0,23669763,-5000,1748056,44163708,0,2555493,20493945,5000,807437
20260706,2890,永豐金,40.05,41.0,39.95,41.0,+,1.3,35911839,1464617305.0,21846843,2671655,338082,29510429,2707054,717082,7663586,35399,379000
20260706,1314,中石化,10.5,10.7,9.5,10.4,+,0.52,368709661,3710188525.0,21469418,0,796938,142128032,0,1995415,120658614,0,1198477
20260706,2883,凱基金,28.65,29.1,28.55,29.0,+,0.55,40813724,1180799622.0,20335651,-2783264,1042068,29134305,122461,1145824,8798654,2905725,103756
20260706,8150,南茂,111.5,115.5,111.0,115.5,+,10.5,51678647,5950555879.0,17467404,467000,-56464,20280201,470000,1163779,2812797,3000,1220243
20260706,2882,國泰金,94.2,94.9,93.1,93.4,-,0.2,44484601,4167666879.0,20450802,-2760925,184342,32575866,81180,306872,12125064,2842105,122530
20260706,2449,京元電子,360.0,367.5,349.5,351.0,+,16.0,52913821,18980742211.0,15875277,869275,747647,27033154,873275,1611235,11157877,4000,863588
20260706,00918,大華優利高填息30,32.07,32.34,31.98,32.06,+,0.11,28015942,900992469.0,1366500,0,12971563,3745500,0,17786544,2379000,0,4814981
20260706,2892,第一金,32.35,33.1,32.35,33.05,+,0.65,28641252,941977491.0,6622596,7376129,-205745,14763008,7418129,215255,8140412,42000,421000
20260706,00712,復華富時不動產,8.8,8.85,8.8,8.84,+,0.04,19280911,170063932.0,-3000,0,13262199,2000,0,14192999,5000,0,930800
20260706,2884,玉山金,33.75,34.45,33.75,34.45,+,0.75,30683762,1052474141.0,16287809,-3750635,-589180,23586483,191821,735493,7298674,3942456,1324673
20260706,1409,新纖,34.1,34.1,29.5,30.25,-,0.75,145215698,4573895432.0,10809522,1446000,-916884,44224007,1453000,2599049,33414485,7000,3515933
20260706,2352,佳世達,33.0,35.4,32.95,35.4,+,3.2,51699569,1815845966.0,7095186,3778000,48128,14701000,3792000,1140889,7605814,14000,1092761
20260706,1216,統一,76.4,78.4,76.4,77.8,+,1.5,22603259,1758364529.0,10005239,223793,341232,13743681,262793,659232,3738442,39000,318000
20260706,2002,中鋼,18.95,19.1,18.85,19.0,+,0.05,26255550,498434230.0,9889344,-86000,81000,16916000,0,248000,7026656,86000,167000
20260706,1504,東元,70.8,74.9,70.7,73.1,+,3.1,28733010,2111662374.0,9327784,33429,329162,14315522,50000,562825,4987738,16571,233663
20260706,2834,臺企銀,17.95,18.1,17.95,18.0,+,0.05,22150613,399743137.0,9652279,-32018,20000,14841750,0,32000,5189471,32018,12000
20260706,2369,菱生,41.5,43.2,41.5,43.2,+,3.9,30482826,1311085006.0,9056150,0,267847,11958893,0,687682,2902743,0,419835
20260706,6282,康舒,59.2,62.0,59.1,59.8,+,1.5,32395696,1962574510.0,8034924,594000,145771,14105124,600000,659930,6070200,6000,514159
20260706,2867,三商壽,8.56,8.75,8.56,8.74,+,0.18,12403540,107999069.0,7796250,0,372000,8319000,0,388000,522750,0,16000
20260706,2105,正新,32.25,33.1,32.25,32.55,+,0.4,14467556,472915268.0,7759120,6104,209093,10405220,55000,562757,2646100,48896,353664
20260706,2845,遠東銀,13.15,13.4,13.1,13.3,+,0.15,11555017,153832991.0,7933910,-10000,-39000,8869910,0,7000,936000,10000,46000
20260706,1609,大亞,42.35,43.75,42.3,43.75,+,3.95,27412935,1195824805.0,6935814,-2000,750717,7348000,0,811272,412186,2000,60555
20260706,2542,興富發,43.8,45.0,43.7,45.0,+,1.35,13191494,588304161.0,6862690,160000,249362,8430080,160000,278362,1567390,0,29000
20260706,2301,光寶科,224.0,233.5,222.0,224.0,+,5.0,25152249,5727772197.0,7795703,-880707,327644,15496807,12293,787753,7701104,893000,460109
20260706,2886,兆豐金,45.35,46.6,45.35,46.3,+,0.8,21312896,983318012.0,1397140,4668025,1124379,10861627,4714856,1544379,9464487,46831,420000
20260706,00919,群益台灣精選高息,29.72,30.02,29.68,29.76,+,0.23,62844992,1874441443.0,8132730,0,-1099288,17393928,0,9641996,9261198,0,10741284
20260706,5880,合庫金,24.7,24.95,24.7,24.85,+,0.15,11628374,289068285.0,6696688,-15496,240995,9210063,37272,284995,2513375,52768,44000
20260706,8131,福懋科,76.4,82.2,76.1,82.2,+,7.4,22171659,1802602278.0,6591396,0,7297,9183396,0,410659,2592000,0,403362
20260706,2885,元大金,67.6,68.7,67.6,68.4,+,1.2,14840927,1015644772.0,4178534,1860687,541791,9237842,1987925,628219,5059308,127238,86428
20260706,4989,榮科,116.0,117.5,106.5,111.0,+,0.5,40555568,4540750319.0,5524886,0,930753,13531206,0,1019000,8006320,0,88247
20260706,6239,力成,349.0,360.0,340.5,344.5,+,6.5,42868696,15061879686.0,7198047,-1630000,545955,16672550,1068000,1219160,9474503,2698000,673205
20260706,2399,映泰,50.2,55.0,49.95,55.0,+,5.0,22982433,1224177172.0,5796964,0,90249,8572324,0,209249,2775360,0,119000
20260706,2408,南亞科,428.0,443.0,420.5,420.5,+,11.0,62093163,26866583275.0,4618390,1201337,-41491,23876446,1339337,1121333,19258056,138000,1162824
20260706,2801,彰銀,23.4,23.65,23.4,23.5,+,0.2,12605303,296146768.0,5586474,-48618,-107249,9442000,0,77000,3855526,48618,184249
20260706,2891,中信金,71.0,72.0,70.7,71.4,+,0.8,31967629,2282309113.0,-39428,4010722,1354799,17716174,5129739,1469093,17755602,1119017,114294
20260706,2312,金寶,35.2,36.4,35.05,35.55,+,0.7,21782984,777569264.0,4619376,0,244779,8589444,0,380792,3970068,0,136013
20260706,2812,台中銀,20.5,20.7,20.4,20.55,+,0.15,11040653,227294605.0,4830706,939,-31000,6100706,14000,9000,1270000,13061,40000
20260706,2889,國票金,15.0,15.25,15.0,15.2,+,0.2,8356861,126722917.0,4793876,0,0,5345876,0,5000,552000,0,5000
20260706,2351,順德,216.0,228.0,215.5,228.0,+,20.5,15225992,3455176969.0,4717250,43000,27634,5534400,43000,279595,817150,0,251961
20260706,2609,陽明,53.0,53.6,52.6,53.0,+,0.6,19345058,1027212719.0,4660480,-181,126218,10718180,17000,213218,6057700,17181,87000
20260706,6505,台塑化,59.5,61.4,58.2,59.5,+,0.6,18653542,1117681394.0,4651129,-23655,-72700,8668251,26345,249754,4017122,50000,322454
20260706,2103,台橡,25.5,25.85,24.05,24.2,+,0.7,29304824,739138722.0,4399800,0,149172,10819000,0,419777,6419200,0,270605
20260706,1909,榮成,10.55,10.9,10.5,10.65,+,0.35,13366929,143232026.0,4477276,0,31000,7055460,0,85000,2578184,0,54000
20260706,2880,華南金,37.8,38.5,37.7,38.25,+,0.6,12149156,465008795.0,4764238,-1383223,941986,8306195,35777,993986,3541957,1419000,52000
20260706,1514,亞力,124.5,130.0,124.5,126.5,+,3.5,15063929,1923417813.0,4032046,-1000,201200,7101346,0,278037,3069300,1000,76837
20260706,4938,和碩,83.8,85.8,83.6,84.5,+,0.9,14528176,1229325654.0,7173011,-3177094,188638,10922784,22000,212380,3749773,3199094,23742
20260706,2618,長榮航,44.0,44.05,43.45,43.55,-,0.3,40991137,1795704689.0,-2792025,5039103,1343120,14306005,5614000,2296364,17098030,574897,953244
20260706,00896,中信綠能及電動車,28.54,28.8,28.22,28.36,+,0.05,7255907,207374568.0,1856000,0,1561381,2376000,0,3517903,520000,0,1956522
20260706,2441,超豐,156.0,156.0,144.0,145.0,+,3.0,34916639,5300496440.0,2954900,124000,323022,7717380,126000,1532074,4762480,2000,1209052
20260706,2354,鴻準,58.6,60.3,58.2,58.4,+,2.8,16885111,1000124087.0,2983390,-3000,270796,6940321,2000,412552,3956931,5000,141756
20260706,8070,長華*,57.0,60.2,57.0,57.2,+,1.2,12176544,715368166.0,1735486,1381305,111209,5263486,1391000,132431,3528000,9695,21222
20260706,00940,元大台灣價值高息,12.76,12.86,12.7,12.74,+,0.01,16755803,214237493.0,-285305,0,3393371,586195,0,8822968,871500,0,5429597
20260706,00965,元大航太防衛科技,25.86,26.04,25.8,26.0,+,0.45,6513299,169124459.0,877000,0,2178813,1108000,0,4440772,231000,0,2261959
20260706,00713,元大台灣高息低波,60.65,61.25,60.65,61.0,+,0.5,9510178,580390959.0,-1560613,0,4543119,1710614,0,5014119,3271227,0,471000
20260706,2027,大成鋼,41.15,41.65,41.1,41.3,+,0.15,7065493,292693239.0,2113700,572180,263664,3231700,585000,292233,1118000,12820,28569
20260706,00946,群益科技高息成長,15.73,16.0,15.69,15.71,,0.0,6509371,103311797.0,-203842,0,3108650,240158,0,5665589,444000,0,2556939
20260706,2371,大同,28.2,28.75,28.15,28.15,+,0.15,12514476,356357102.0,2410264,4000,477159,5142264,19000,513432,2732000,15000,36273
20260706,2436,偉詮電,76.4,79.3,76.2,77.7,+,1.8,8588800,671592041.0,2786851,0,773,4430781,0,98102,1643930,0,97329
20260706,2324,仁寶,35.35,36.7,35.1,35.7,+,0.75,54803161,1969855394.0,11374331,-8753000,131684,25838389,15000,1473414,14464058,8768000,1341730
20260706,1710,東聯,19.75,20.15,18.6,18.65,-,0.2,24115848,463867413.0,2578820,0,-108069,9327585,0,32879,6748765,0,140948
20260706,3006,晶豪科,216.5,227.0,216.5,219.0,+,7.5,12356900,2741088543.0,2282136,-32000,37286,5750798,0,149102,3468662,32000,111816
20260706,00900,富邦特選高股息30,19.63,19.78,19.42,19.5,-,0.01,4723955,92634698.0,711530,0,1534399,1221530,0,2065061,510000,0,530662
20260706,1434,福懋,18.75,19.4,18.3,18.95,+,0.05,15464215,293523644.0,2223590,-4000,2965,5822760,0,35000,3599170,4000,32035
20260706,1513,中興電,178.0,182.0,177.5,178.5,+,2.0,7138128,1284633669.0,1995169,37044,184945,2935269,75000,284945,940100,37956,100000
20260706,00939,統一台灣高息動能,21.36,21.54,21.34,21.44,+,0.16,6335938,135865109.0,-817990,0,3000204,1298010,0,4599017,2116000,0,1598813
20260706,2820,華票,16.85,17.15,16.85,17.1,+,0.25,3025275,51569462.0,2130000,0,4999,2339000,0,6000,209000,0,1001
20260706,1727,中華化,93.5,101.5,92.2,101.5,+,8.8,9999039,995006719.0,1915479,0,191029,2780237,0,266207,864758,0,75178
20260706,6257,矽格,267.5,279.5,267.0,273.0,+,18.5,21963121,6060602691.0,1398701,256000,330658,6948462,258000,703297,5549761,2000,372639
20260706,6176,瑞儀,90.6,93.6,90.5,92.0,+,1.7,8729712,804846133.0,3220133,-1238000,-3098,5021630,6000,40032,1801497,1244000,43130
20260706,2637,慧洋-KY,76.9,78.9,76.1,78.4,+,4.1,3836505,298936722.0,1951925,-7530,25263,2399925,0,36263,448000,7530,11000
20260706,3005,神基,109.5,113.0,108.0,110.0,+,3.0,8138932,901772606.0,1978025,-124242,115361,3895644,106000,156972,1917619,230242,41611
20260706,3015,全漢,71.0,74.8,71.0,74.8,+,6.8,8397671,625291349.0,1903507,-4000,47161,2575507,0,57407,672000,4000,10246
20260706,2913,農林,11.4,11.5,11.25,11.25,,0.0,4074834,46458195.0,1896000,0,-1531,2543000,0,2000,647000,0,3531
20260706,2855,統一證,52.4,53.7,52.0,52.2,+,0.3,7080592,373234147.0,1518072,349698,0,3402072,415000,0,1884000,65302,0
20260706,2201,裕隆,29.0,29.6,28.9,29.3,+,0.5,4614712,135531255.0,1888723,-4000,-19333,2557628,0,18295,668905,4000,37628
20260706,2377,微星,144.5,146.0,142.0,142.5,-,0.5,10395395,1495945410.0,-991808,2924000,-67263,1924292,2932000,333942,2916100,8000,401205
20260706,3714,富采,63.6,65.4,63.4,64.1,+,1.8,6406815,412071237.0,1856908,0,1082,3019908,0,50912,1163000,0,49830
20260706,3045,台灣大,117.5,119.0,117.0,117.5,+,1.0,12347700,1461803472.0,-3005787,4612657,207748,3472491,4793657,436180,6478278,181000,228432
20260706,2495,普安,52.6,53.7,52.0,52.6,+,0.8,6425046,338844202.0,1888760,0,-95849,2522511,0,26622,633751,0,122471
20260706,3059,華晶科,50.7,52.8,50.1,50.1,-,0.2,12362806,634380576.0,1739326,0,51659,3672476,0,184638,1933150,0,132979
20260706,2323,中環,12.0,12.2,11.8,11.9,-,0.1,11287616,135339591.0,1464140,0,291522,4270140,0,537526,2806000,0,246004
20260706,6202,盛群,68.3,71.9,67.8,69.1,+,2.1,10138102,711898252.0,1684490,0,33525,3911190,0,74875,2226700,0,41350
20260706,6116,彩晶,18.4,18.85,18.15,18.2,+,0.05,53665480,990222255.0,1940407,-81000,-149511,15451508,0,46235,13511101,81000,195746
20260706,2457,飛宏,29.85,31.25,29.8,30.15,+,0.65,5298428,161972242.0,1613071,0,77460,2371071,0,118263,758000,0,40803
20260706,2912,統一超,231.5,241.0,231.5,240.0,+,9.0,4349150,1038466277.0,1657015,47132,-19037,2408777,51000,3963,751762,3868,23000
20260706,00885,富邦越南,19.02,19.26,19.02,19.12,+,0.15,3209109,61457787.0,785134,0,890299,909209,0,1436832,124075,0,546533
20260706,2498,宏達電,45.3,46.35,44.95,45.0,+,0.55,7262300,331423837.0,1452128,0,142669,2843628,0,195925,1391500,0,53256
20260706,1722,台肥,49.0,49.55,48.8,48.95,+,0.2,3261724,160573648.0,1598141,-5000,1000,1853596,0,3000,255455,5000,2000
20260706,2515,中工,14.5,14.5,14.0,14.25,-,0.05,12747369,181269843.0,1221130,-7000,339000,4670152,0,344000,3449022,7000,5000
20260706,00907,永豐優息存股,16.33,16.56,16.33,16.5,+,0.17,2008978,33173456.0,38000,0,1497734,86000,0,1686510,48000,0,188776
20260706,2887,台新新光金,34.15,34.8,34.15,34.3,+,0.15,34036658,1173277664.0,4305373,-3217800,439070,19554944,27200,1187155,15249571,3245000,748085
20260706,1711,永光,46.3,49.75,46.25,47.35,+,1.65,18804119,905935175.0,1232051,0,288749,5899342,0,329178,4667291,0,40429
20260706,2402,毅嘉,68.1,70.2,67.0,69.1,+,1.6,5523332,381010786.0,1423909,0,58417,2023179,0,61448,599270,0,3031
20260706,4915,致伸,67.0,69.0,66.8,68.2,+,1.8,5959935,407577194.0,166050,1310661,-434,2296050,1700000,10273,2130000,389339,10707
20260706,2486,一詮,248.5,270.0,248.5,259.5,+,10.5,9690937,2548428930.0,1530784,0,-59810,3770448,0,156303,2239664,0,216113
20260706,3094,聯傑,41.9,42.9,41.5,42.9,+,3.9,4967694,212168769.0,1371970,0,97789,1696000,0,99789,324030,0,2000
20260706,2497,怡利電,61.1,66.8,61.1,66.8,+,6.0,4040459,268161823.0,1461191,0,5472,1735361,0,17472,274170,0,12000
20260706,00916,國泰全球品牌50,25.95,26.11,25.95,26.08,+,0.13,2540012,66141679.0,166000,0,1281437,206000,0,1923210,40000,0,641773
20260706,1904,正隆,23.85,24.7,23.6,23.9,+,0.7,6451802,155738853.0,1426584,-5000,23000,2781515,0,30000,1354931,5000,7000
20260706,6191,精成科,109.5,111.0,107.0,107.0,-,1.0,11297822,1227189059.0,-1672129,3061000,26160,1382000,3063000,71180,3054129,2000,45020
20260706,5285,界霖,99.0,106.5,99.0,106.5,+,9.6,7377242,778053633.0,1341252,0,51261,2355000,0,53261,1013748,0,2000
20260706,2101,南港,33.75,34.6,33.5,34.15,+,0.75,3323909,113637375.0,1379573,0,8882,1793573,0,8882,414000,0,0
20260706,1907,永豐餘,28.4,29.15,28.3,28.7,+,0.55,2779187,80253841.0,1362080,5000,5079,1873080,13000,13079,511000,8000,8000
20260706,2838,聯邦銀,22.9,23.65,22.9,23.6,+,0.7,2302565,53924901.0,1376869,-14000,-24000,1685869,0,11000,309000,14000,35000
20260706,2511,太子,8.45,8.67,8.44,8.64,+,0.24,4751475,40715147.0,1328059,0,1000,1880249,0,2000,552190,0,1000
20260706,6456,GIS-KY,69.1,71.8,68.0,71.2,+,4.1,7513128,529651541.0,1240528,0,84752,2680718,0,124775,1440190,0,40023
20260706,00904,台新臺灣半導體30,44.0,44.1,43.12,43.39,+,0.11,2440040,106807625.0,127000,0,1195360,371000,0,1406508,244000,0,211148
20260706,1503,士電,240.0,246.5,240.0,241.5,+,3.5,4140994,1008878402.0,1175503,-2000,88337,1754532,0,108708,579029,2000,20371
20260706,2329,華泰,53.6,56.9,53.6,54.6,+,1.6,9800091,542174036.0,1122323,0,125916,3797138,0,437253,2674815,0,311337
20260706,6719,力智,298.0,317.5,296.0,312.5,+,23.5,8973507,2809892932.0,1143603,-1000,95015,2933650,0,176372,1790047,1000,81357
20260706,5471,松翰,62.5,65.9,62.2,63.8,+,1.3,6748148,434581377.0,1215100,0,21343,2709100,0,22807,1494000,0,1464
20260706,3167,大量,911.0,964.0,884.0,905.0,+,28.0,6786865,6344773436.0,843547,434000,-71601,2081100,434000,77608,1237553,0,149209
20260706,9939,宏全,122.5,126.0,122.5,124.0,+,2.0,1978465,245235134.0,1223156,-877,-29053,1450156,3000,13000,227000,3877,42053
20260706,8163,達方,40.65,43.25,40.65,42.7,+,1.7,3039545,129401381.0,1108000,0,68024,1624000,0,85253,516000,0,17229
20260706,2903,遠百,22.05,22.55,22.0,22.55,+,0.5,2281979,51129725.0,998657,-5000,179000,1402657,0,227000,404000,5000,48000
20260706,2049,上銀,355.0,370.5,352.0,364.0,+,14.0,5350740,1937975374.0,980650,942,186732,2345436,2000,325923,1364786,1058,139191
20260706,2836,高雄銀,12.45,12.55,12.4,12.55,+,0.1,8646013,107879731.0,1148580,-5000,11000,1625580,0,12000,477000,5000,1000
20260706,3047,訊舟,16.8,17.5,16.5,16.8,+,0.7,4740900,80023161.0,1089298,0,-777,1874298,0,1000,785000,0,1777
20260706,1210,大成,58.1,59.5,58.1,58.8,+,0.8,3934081,232460483.0,1046679,-4000,44000,1666679,0,57000,620000,4000,13000
20260706,6120,達運,14.35,14.75,14.25,14.6,+,0.35,3018695,43903495.0,1086041,0,-277,1769042,0,24118,683001,0,24395
20260706,2897,王道銀行,10.55,10.65,10.55,10.55,,0.0,3918640,41512722.0,1039595,34000,1542,1684000,34000,5000,644405,0,3458
20260706,1608,華榮,35.4,36.55,35.4,35.4,+,0.6,7533979,270896694.0,931304,87189,39528,3215304,100000,59343,2284000,12811,19815
20260706,1605,華新,36.65,38.1,36.55,36.55,+,0.3,29312334,1094093623.0,1621437,-35000,-539718,10748072,0,578710,9126635,35000,1118428
20260706,1313,聯成,14.5,14.5,13.4,13.55,-,0.75,35079980,486731306.0,1021488,0,7360,11681988,0,195130,10660500,0,187770
20260706,2606,裕民,62.6,63.2,62.2,62.2,+,0.4,4387371,274465718.0,1590045,-546000,-59340,2389120,8000,10201,799075,554000,69541
20260706,2851,中再保,38.5,39.3,38.5,39.1,+,0.65,2159280,84173546.0,862136,150000,-28000,1374668,150000,21000,512532,0,49000
20260706,1721,三晃,27.3,29.05,26.5,29.05,+,2.6,11243263,322562203.0,905782,0,60161,1470782,0,61161,565000,0,1000
20260706,8033,雷虎,217.0,224.5,215.5,222.0,+,17.5,9733990,2143343683.0,899964,0,31000,1214076,0,42000,314112,0,11000
20260706,1709,和益,24.45,25.45,24.1,24.85,+,1.15,5991950,148134131.0,912170,0,-6504,2070170,0,39000,1158000,0,45504
20260706,8926,台汽電,76.7,81.5,75.4,81.0,+,6.0,12902218,1017466194.0,911250,-9000,-3794,4227000,0,6869,3315750,9000,10663
20260706,00891,中信關鍵半導體,38.23,38.3,37.31,37.53,-,0.13,14333032,542429778.0,2104066,0,-1231140,4260066,0,3072273,2156000,0,4303413
20260706,8104,錸寶,38.15,41.85,38.15,41.25,+,3.2,4278142,174002517.0,871000,0,222,1558000,0,222,687000,0,0
20260706,00878,國泰永續高股息,33.53,33.79,33.36,33.49,+,0.16,34606525,1161670987.0,2832976,0,-1975469,7036193,0,7688182,4203217,0,9663651
20260706,9933,中鼎,41.25,42.25,40.9,41.5,+,0.55,2397797,99895315.0,917295,-13100,-55000,1342490,0,4000,425195,13100,59000
20260706,1905,華紙,17.2,17.7,16.75,16.85,-,0.15,8884818,153194429.0,909264,0,-70141,3457264,0,27994,2548000,0,98135
20260706,00936,台新永續高息中小,21.39,21.6,21.22,21.25,-,0.05,1766198,37780277.0,-89000,0,924237,253000,0,1381185,342000,0,456948
20260706,6133,金橋,25.9,27.5,25.5,27.5,+,1.7,9367077,252858100.0,832600,0,-1001,2576600,0,0,1744000,0,1001
20260706,2406,國碩,41.05,41.9,39.0,41.45,+,0.3,30197702,1225648304.0,503470,0,299533,8846210,0,304314,8342740,0,4781
20260706,2460,建通,39.15,40.85,38.65,39.5,+,0.75,2750734,109372524.0,800235,0,2000,1087235,0,3000,287000,0,1000
20260706,2451,創見,267.0,276.5,267.0,270.5,+,7.5,4080708,1110132033.0,615251,153000,32624,1803431,159000,52974,1188180,6000,20350
20260706,2547,日勝生,11.75,11.8,11.55,11.6,+,0.05,5117360,59768641.0,785000,0,0,2743000,0,2000,1958000,0,2000
20260706,2393,億光,69.6,71.6,69.1,70.0,+,1.3,3900322,274207568.0,1167934,-388473,2139,2079934,0,14217,912000,388473,12078
20260706,00932,兆豐永續高息等權,18.14,18.34,18.09,18.16,+,0.2,929729,16929970.0,50000,0,722830,61000,0,727830,11000,0,5000
20260706,2340,台亞,38.45,41.5,38.4,38.95,+,0.85,11886954,473559315.0,699705,0,72195,4088260,0,158716,3388555,0,86521
20260706,8105,凌巨,22.0,22.25,21.6,21.95,+,0.2,5003552,109650847.0,754877,0,1000,2089657,0,1000,1334780,0,0
20260706,3060,銘異,35.75,38.1,35.75,37.8,+,2.25,5709208,213512154.0,748380,0,-1596,1753780,0,9000,1005400,0,10596
20260706,6525,捷敏-KY,200.0,201.0,199.0,201.0,+,18.0,2933300,588130800.0,744000,-3748,-2169,890000,0,25831,146000,3748,28000
20260706,2605,新興,31.2,31.7,30.75,30.8,,0.0,3845538,119707013.0,464463,-3000,267431,1074463,0,292384,610000,3000,24953
20260706,5469,瀚宇博,88.0,89.5,87.5,88.0,+,0.5,5411746,479447245.0,-1619718,2315000,23357,1125490,2390000,33246,2745208,75000,9889
20260706,00910,第一金太空衛星,65.25,65.4,64.7,65.0,+,0.2,1473669,95959739.0,85248,0,631397,242248,0,632397,157000,0,1000
20260706,6165,浪凡,49.6,52.5,49.6,52.0,+,2.9,1944049,100694087.0,714700,0,0,944700,0,0,230000,0,0
20260706,2603,長榮,197.0,198.5,194.5,195.5,+,0.5,8533574,1676210057.0,753156,9118,-83739,3605291,29273,146896,2852135,20155,230635
20260706,2374,佳能,77.9,78.9,76.9,77.4,+,0.3,4312130,336075356.0,712878,-2000,-35285,1460878,0,21265,748000,2000,56550
20260706,2520,冠德,35.0,35.45,34.55,35.25,+,0.4,1863035,65553690.0,703448,-3000,-26883,1045448,0,50000,342000,3000,76883
20260706,3029,零壹,104.5,107.0,103.5,103.5,+,1.0,1993456,209663607.0,672520,-3299,-1000,1043520,0,3000,371000,3299,4000
20260706,1536,和大,52.4,53.9,52.2,53.1,+,0.9,4806185,255789984.0,674146,0,-7344,1788146,0,33052,1114000,0,40396
20260706,9941,裕融,82.4,84.1,82.4,83.1,+,0.7,1208725,100883079.0,667000,-4253,-818,880000,0,1182,213000,4253,2000
20260706,3031,佰鴻,35.0,36.2,33.75,33.75,-,0.25,3450737,119622828.0,643935,0,15859,1451935,0,17686,808000,0,1827
20260706,3708,上緯投控,111.5,120.0,111.5,118.5,+,8.0,2595738,303119460.0,498149,49000,96733,1009149,50000,114734,511000,1000,18001
20260706,3004,豐達科,157.0,163.0,154.5,159.5,+,9.5,4345982,691154714.0,666375,0,-27808,1742594,0,15586,1076219,0,43394
20260706,1215,卜蜂,112.5,113.0,110.5,113.0,+,0.5,1822124,203864005.0,816830,-181000,1132,1137030,0,14000,320200,181000,12868
20260706,00757,統一FANG+,129.95,130.0,129.45,129.8,+,0.7,1608817,208700599.0,-74905,0,696740,141113,0,983241,216018,0,286501
20260706,8039,台虹,151.0,160.0,149.5,149.5,-,1.5,11804442,1819715575.0,528284,-11000,88079,3916204,0,165489,3387920,11000,77410
20260706,2349,錸德,13.4,13.65,13.2,13.4,+,0.1,3992516,53688399.0,597642,0,-1000,1428642,0,1000,831000,0,2000
20260706,1773,勝一,179.0,188.0,179.0,185.0,+,7.5,1424700,263138982.0,558637,-1000,25278,687637,0,33877,129000,1000,8599
20260706,4961,天鈺,176.0,181.0,174.5,177.0,+,4.0,1699674,302314720.0,500129,47000,30182,751349,49000,31578,251220,2000,1396
20260706,3055,蔚華科,163.0,163.0,150.5,160.5,+,8.0,2265468,360280324.0,632179,0,-59385,789179,0,7000,157000,0,66385
20260706,00882,中信中國高股息,14.93,15.12,14.93,15.12,+,0.24,7582976,114179280.0,-17000,0,578827,362000,0,2403660,379000,0,1824833
20260706,2915,潤泰全,52.1,52.8,52.1,52.4,+,0.6,1331115,69854402.0,658386,-100000,-25,948706,0,1000,290320,100000,1025
20260706,6226,光鼎,24.0,24.0,22.4,23.1,-,0.9,8249971,189624312.0,504000,0,48000,900000,0,48000,396000,0,0
20260706,6753,龍德造船,160.0,168.5,151.0,153.0,-,1.0,15144520,2436976359.0,460550,0,89241,3921000,0,389830,3460450,0,300589
20260706,1808,潤隆,30.5,31.5,30.5,31.5,+,1.1,1621026,50399702.0,549312,0,0,895312,0,1000,346000,0,1000
20260706,2415,錩新,39.65,41.65,39.65,41.65,+,3.75,1392330,57631667.0,517000,0,29590,670000,0,29590,153000,0,0
20260706,00898,國泰基因免疫革命,9.68,9.78,9.68,9.75,+,0.07,1415963,13790776.0,234000,0,310618,243000,0,336412,9000,0,25794
20260706,8028,昇陽半導體,342.0,364.0,330.0,330.5,-,4.0,12888402,4430522001.0,1187994,-455000,-188626,5163994,174000,105085,3976000,629000,293711
20260706,5388,中磊,82.0,82.9,81.1,81.4,-,0.2,1930063,158172804.0,602410,-83000,15969,1068410,0,33631,466000,83000,17662
20260706,2467,志聖,625.0,666.0,608.0,655.0,+,40.0,2952101,1887631578.0,480682,0,43351,1171819,1000,75664,691137,1000,32313
20260706,4746,台耀,55.3,56.7,54.8,55.1,+,0.7,2015316,112477474.0,511274,0,2263,956274,0,4838,445000,0,2575
20260706,2539,櫻花建,39.3,39.8,39.1,39.7,+,0.4,961631,38052575.0,517000,0,-9159,654000,0,2000,137000,0,11159
20260706,3545,敦泰,58.1,60.2,57.7,58.5,+,1.4,2297608,135412997.0,438000,0,65457,1038000,0,69906,600000,0,4449
20260706,6214,精誠,134.5,137.0,134.5,136.5,+,3.0,1649328,223760774.0,505438,-2000,-2020,916438,0,1000,411000,2000,3020
20260706,8215,明基材,29.65,31.3,29.45,30.25,+,0.75,3990278,121741268.0,515082,-8000,-8768,1582082,0,1885,1067000,8000,10653
20260706,0061,元大寶滬深,25.27,25.47,25.12,25.22,-,0.05,545250,13797318.0,25000,0,455662,44000,0,458008,19000,0,2346
20260706,6414,樺漢,378.5,391.5,378.5,384.0,+,8.5,1236975,477265755.0,482839,-2000,-904,739839,0,47429,257000,2000,48333
20260706,2630,亞航,55.0,59.6,54.2,56.3,+,0.5,31385641,1775561477.0,391091,0,85021,8005339,0,179547,7614248,0,94526
20260706,1319,東陽,78.0,78.3,77.1,78.0,+,0.8,3448354,268475105.0,487000,-7074,-6796,1867000,0,15000,1380000,7074,21796
20260706,2617,台航,30.75,31.05,30.7,30.8,+,0.3,951990,29373568.0,472178,0,-938,551178,0,155,79000,0,1093
20260706,6491,晶碩,375.0,390.0,373.5,374.0,+,1.5,2037848,776609138.0,448077,0,20827,919722,0,31000,471645,0,10173
20260706,2440,太空梭,17.6,18.2,17.45,18.0,+,0.6,1201237,21463765.0,460000,0,0,629000,0,0,169000,0,0
20260706,00915,凱基優選高股息30,32.37,32.73,32.33,32.44,+,0.07,2669218,86752224.0,-249000,0,707463,61000,0,2295341,310000,0,1587878
20260706,6962,奕力-KY,39.4,40.3,38.75,39.25,+,0.35,3934321,155642403.0,454040,0,-13339,1548040,0,25509,1094000,0,38848
20260706,7799,禾榮科,405.0,430.0,405.0,430.0,+,39.0,1137236,484156314.0,403760,0,36032,538010,0,40032,134250,0,4000
20260706,2331,精英,21.5,21.7,21.2,21.3,+,0.05,2991145,64238523.0,643068,-200000,-11379,1145448,0,0,502380,200000,11379
20260706,6831,邁科,943.0,943.0,831.0,859.0,-,64.0,2369246,2032947239.0,435291,1000,-13451,1125532,1000,35741,690241,0,49192
20260706,00963,中信全球高股息,12.71,12.75,12.71,12.75,+,0.04,985198,12535575.0,259000,0,163655,268000,0,286000,9000,0,122345
20260706,00949,復華日本龍頭,21.07,21.11,21.02,21.09,+,0.1,595590,12552300.0,20100,0,396351,24100,0,417999,4000,0,21648
20260706,2108,南帝,30.0,30.6,29.7,29.85,,0.0,2150281,64716038.0,413825,0,2569,972825,0,3569,559000,0,1000
20260706,1309,台達化,16.6,16.6,15.4,15.6,-,1.1,16674364,265201752.0,424430,0,-8557,4925430,0,56092,4501000,0,64649
20260706,2206,三陽工業,63.8,64.7,63.6,63.6,-,0.4,787360,50437431.0,407002,4000,-1000,537002,8000,1000,130000,4000,2000
20260706,0052,富邦科技,63.95,64.4,63.2,63.55,,0.0,16521834,1054291586.0,809624,0,-402933,3874183,0,3221965,3064559,0,3624898
20260706,8162,微矽電子-創,81.9,87.1,81.8,85.8,+,6.6,2052450,176840413.0,412110,0,-9056,733110,0,16737,321000,0,25793
20260706,4968,立積,119.5,123.5,117.0,118.0,+,0.5,2307300,278189109.0,395000,0,-1223,942000,0,8000,547000,0,9223
20260706,1611,中電,13.8,14.2,13.8,13.85,+,0.05,1945611,27199975.0,392999,0,-6,723000,0,0,330001,0,6
20260706,1623,大東電,219.0,235.0,218.0,235.0,+,21.0,1863708,430506387.0,530793,0,-138024,781000,0,22976,250207,0,161000
20260706,3591,艾笛森,28.25,28.7,26.85,27.0,-,1.25,4398615,121241918.0,376867,0,3805,1389005,0,9016,1012138,0,5211
20260706,2204,中華,57.1,57.9,57.1,57.5,+,0.4,740526,42626041.0,318906,-817,56000,440906,7000,59000,122000,7817,3000
20260706,1708,東鹼,64.2,64.2,60.4,61.7,+,1.0,15403586,955421827.0,510000,0,-137830,4101000,0,58993,3591000,0,196823
20260706,3049,精金,13.15,13.4,13.05,13.1,-,0.05,4939418,65078996.0,374758,0,-3001,1556000,0,1000,1181242,0,4001
20260706,2480,敦陽科,159.5,167.0,159.5,162.0,+,2.5,740541,121397733.0,374016,-2306,0,476016,0,1000,102000,2306,1000
20260706,2034,允強,20.45,20.75,20.45,20.6,+,0.15,1257452,25931348.0,369000,0,-115,581000,0,1001,212000,0,1116
20260706,00964,中信亞太高股息,14.3,14.37,14.22,14.32,+,0.13,2899024,41474053.0,238000,0,126009,426000,0,1881009,188000,0,1755000
20260706,2357,華碩,681.0,689.0,672.0,680.0,+,5.0,3352579,2278851543.0,976837,-526762,-87244,2011987,18791,114188,1035150,545553,201432
20260706,1734,杏輝,33.8,34.55,33.65,33.8,+,0.2,934953,31782080.0,363080,0,-1000,457080,0,0,94000,0,1000
20260706,1219,福壽,12.2,12.4,12.2,12.35,-,0.05,1433046,17610188.0,347000,0,1000,413000,0,1000,66000,0,0
20260706,2387,精元,41.0,42.1,40.8,40.8,-,0.25,935022,38746225.0,347161,0,-2000,597161,0,6000,250000,0,8000
20260706,2327,國巨*,1045.0,1055.0,985.0,1005.0,-,40.0,42912780,43370591885.0,1260087,450846,-1369446,16506503,657846,1482311,15246416,207000,2851757
20260706,1762,中化生,37.9,41.45,37.8,40.7,+,3.0,2089752,85186571.0,327441,0,11755,571047,0,16432,243606,0,4677
20260706,2454,聯發科,4250.0,4325.0,4110.0,4125.0,-,70.0,6897420,28930241965.0,1009464,-613274,-59026,3246979,186726,180151,2237515,800000,239177
20260706,3090,日電貿,330.0,340.0,315.0,340.0,+,21.5,956055,312168735.0,320000,0,15000,355000,0,18000,35000,0,3000
20260706,4720,德淵,26.0,26.35,25.6,25.6,-,0.4,2299799,59687874.0,335993,0,-2958,657993,0,2000,322000,0,4958
20260706,00895,富邦未來車,52.45,52.45,51.2,51.4,-,0.2,853315,43919622.0,-49946,0,382787,9054,0,636102,59000,0,253315
20260706,4142,國光生,17.95,18.2,17.8,17.95,+,0.15,1362851,24522171.0,331454,0,1049,649454,0,1049,318000,0,0
20260706,1604,聲寶,23.6,24.0,23.6,23.8,+,0.3,850101,20210755.0,331610,0,-1000,379610,0,0,48000,0,1000
20260706,2359,所羅門,143.0,146.0,142.0,142.5,+,0.5,4436297,638041231.0,291223,0,29252,1292448,0,44892,1001225,0,15640
20260706,1477,聚陽,230.0,233.5,227.5,230.0,+,1.5,3149459,725838850.0,19118,312518,-11594,1215618,315000,12394,1196500,2482,23988
20260706,4967,十銓,263.0,267.0,255.0,261.0,+,1.0,3591223,941121907.0,342273,100000,-122927,1637273,100000,11515,1295000,0,134442
20260706,2428,興勤,351.0,363.5,325.5,343.5,+,1.5,6383079,2203795928.0,-794312,1200000,-91262,1989083,1201000,65113,2783395,1000,156375
20260706,00924,復華S&P500成長,32.48,32.6,32.46,32.58,+,0.14,1761738,57350154.0,-69880,0,379261,19120,0,855057,89000,0,475796
20260706,2009,第一銅,40.0,40.5,39.5,39.55,-,0.1,1926839,76993177.0,292000,0,12953,740000,0,15000,448000,0,2047
20260706,4566,時碩工業,69.5,70.0,67.1,69.2,+,0.9,1387562,95490575.0,303050,0,-828,577050,0,5172,274000,0,6000
20260706,2362,藍天,42.2,45.2,42.2,44.95,+,3.45,2666567,118914998.0,319000,0,-19205,890000,0,14032,571000,0,33237
20260706,2231,為升,121.0,126.5,117.5,123.5,+,5.0,4818548,589063817.0,200710,0,88877,1147010,0,192724,946300,0,103847
20260706,3312,弘憶股,60.4,61.4,58.6,60.0,+,0.1,2568588,154931893.0,286286,0,-974,805102,0,4000,518816,0,4974
20260706,3518,柏騰,37.3,38.0,35.6,36.05,-,0.3,3002966,110500186.0,272574,0,11643,954574,0,16000,682000,0,4357
20260706,9911,櫻花,85.2,85.4,84.5,84.5,-,0.7,487590,41392319.0,291000,-1000,-8000,394000,0,0,103000,1000,8000
20260706,6409,旭隼,1285.0,1380.0,1275.0,1290.0,+,35.0,2093128,2788586630.0,-251381,526000,-3162,539296,531000,47309,790677,5000,50471
20260706,2014,中鴻,17.85,17.95,17.55,17.6,-,0.25,2890018,51157160.0,284999,0,-25000,875000,0,2000,590001,0,27000
20260706,2527,宏璟,41.6,43.4,41.55,42.6,+,1.4,1201608,51180318.0,258283,0,0,485365,0,1000,227082,0,1000
20260706,2330,台積電,2465.0,2500.0,2455.0,2460.0,+,15.0,21041918,52022654454.0,-241089,379865,119346,11455022,672005,584926,11696111,292140,465580
20260706,2405,輔信,17.7,18.0,17.45,17.5,-,0.05,2345139,41489670.0,253708,0,0,993010,0,1000,739302,0,1000
20260706,2466,冠西電,94.8,94.8,94.3,94.8,+,8.6,1976858,187391405.0,256000,0,-3000,326000,0,5000,70000,0,8000
20260706,9921,巨大,77.1,78.7,76.6,77.1,+,0.9,1135232,88067923.0,122554,132000,-1726,663391,133000,1000,540837,1000,2726
20260706,8081,致新,328.0,336.5,321.0,324.0,+,4.5,3802198,1248198866.0,204798,45000,-9732,1317798,46000,28639,1113000,1000,38371
20260706,8261,富鼎,352.0,352.0,352.0,352.0,+,32.0,3270166,1151098432.0,-32400,0,271885,0,0,271885,32400,0,0
20260706,3022,威強電,87.8,91.6,86.8,86.8,-,0.3,3528443,313340471.0,223888,0,14748,1147166,0,30803,923278,0,16055
20260706,4952,凌通,59.7,60.7,58.7,59.2,-,0.9,1465988,87246004.0,236548,0,965,594548,0,2000,358000,0,1035
20260706,2646,星宇航空,21.5,21.55,21.25,21.35,+,0.05,4076117,87203070.0,227419,18000,-8126,1392350,24000,4000,1164931,6000,12126
20260706,00971,野村美國研發龍頭,17.12,17.15,17.07,17.13,+,0.06,646819,11072071.0,-16000,0,250658,5000,0,579001,21000,0,328343
20260706,3027,盛達,22.3,23.05,22.3,22.75,+,0.75,1211039,27520663.0,234000,0,-45,452000,0,1000,218000,0,1045
20260706,6799,來頡,102.5,111.5,102.5,111.5,+,10.0,1326269,146157225.0,218000,0,15869,338000,0,15960,120000,0,91
20260706,3592,瑞鼎,272.5,277.5,270.5,275.5,+,5.5,970546,266227615.0,292797,-80389,16690,492101,43000,24815,199304,123389,8125
20260706,2707,晶華,180.0,183.0,180.0,182.0,+,2.0,309091,56128393.0,228000,-1000,0,255000,0,1000,27000,1000,1000
20260706,2030,彰源,19.35,19.7,19.05,19.2,-,0.05,1202977,23338883.0,226524,0,-3000,447271,0,1000,220747,0,4000
20260706,2031,新光鋼,39.1,39.6,38.8,38.9,-,0.15,735193,28811234.0,130004,92258,0,353073,100000,0,223069,7742,0
20260706,3019,亞光,155.0,159.5,151.5,151.5,-,0.5,8231268,1277272378.0,199391,0,22040,2561401,0,86959,2362010,0,64919
20260706,2530,華建,19.5,19.85,19.4,19.65,+,0.25,544053,10692639.0,234950,-3000,-16000,360700,0,1000,125750,3000,17000
20260706,3033,威健,50.9,51.3,50.2,50.4,,0.0,3736372,189423766.0,303000,-9311,-79619,1126000,0,7803,823000,9311,87422
20260706,8438,昶昕,100.0,110.5,100.0,106.5,+,6.0,1139972,122451253.0,218043,0,-4702,440233,0,1298,222190,0,6000
20260706,00930,永豐ESG低碳高息,25.23,25.4,25.0,25.0,+,0.03,720599,18137316.0,115000,0,97141,172000,0,365532,57000,0,268391
20260706,2421,建準,150.0,152.0,147.5,148.5,-,0.5,1337311,200158702.0,223908,-2000,-9771,426392,0,12000,202484,2000,21771
20260706,5608,四維航,14.95,15.4,14.9,14.95,+,0.15,1905986,28842529.0,211905,0,0,767190,0,0,555285,0,0
20260706,2364,倫飛,69.5,72.0,69.2,71.6,+,3.5,470823,33480035.0,206083,0,-18,249083,0,1982,43000,0,2000
20260706,2852,第一保,26.95,27.25,26.9,27.05,+,0.2,472883,12809574.0,199006,0,-1000,217006,0,0,18000,0,1000
20260706,00952,凱基台灣AI50,18.97,19.23,18.85,18.96,+,0.08,3647807,69594371.0,581000,0,-383237,849000,0,1785883,268000,0,2169120
20260706,8016,矽創,338.0,347.5,330.5,332.0,-,2.0,1625875,549310853.0,208072,-27585,15075,582272,47000,35182,374200,74585,20107
20260706,8110,華東,54.7,57.2,54.6,54.6,+,0.9,8781619,490185582.0,212624,0,-17555,2534000,0,25573,2321376,0,43128
20260706,2439,美律,92.0,93.2,91.6,91.8,-,0.4,2198170,202998318.0,233300,-55000,16086,877000,0,32379,643700,55000,16293
20260706,1417,嘉裕,9.2,9.2,9.06,9.1,-,0.02,598021,5447620.0,192000,0,1000,238000,0,1000,46000,0,0
20260706,1227,佳格,30.2,30.65,30.2,30.65,+,0.65,2862048,87186850.0,194684,-2000,0,908684,0,1000,714000,2000,1000
20260706,1540,喬福,23.0,23.4,22.7,22.8,,0.0,496681,11456732.0,191340,0,-1000,259340,0,0,68000,0,1000
20260706,6781,AES-KY,1290.0,1335.0,1235.0,1250.0,+,25.0,2715434,3480440920.0,162217,0,27448,701463,0,121428,539246,0,93980
20260706,9802,鈺齊-KY,75.4,76.1,74.5,74.8,+,0.4,460462,34577108.0,170576,-1000,19240,259576,0,19240,89000,1000,0
20260706,1618,合機,42.3,43.15,42.15,42.2,+,0.5,1310472,55917288.0,182360,0,5463,485360,0,6059,303000,0,596
20260706,2397,友通,61.7,62.8,60.8,61.0,-,0.1,560660,34562716.0,188043,0,-1000,292043,0,1000,104000,0,2000
20260706,2417,圓剛,48.5,48.9,47.4,47.45,-,0.05,1275647,61268237.0,186085,0,0,473205,0,2000,287120,0,2000
20260706,6426,統新,201.0,206.0,188.0,188.0,-,13.0,1039993,200557632.0,186000,0,-92,448000,0,8000,262000,0,8092
20260706,4590,富田-創,96.0,101.0,95.3,95.8,-,0.2,1114563,108741629.0,180921,0,-856,333000,0,34621,152079,0,35477
20260706,3665,貿聯-KY,1995.0,1995.0,1910.0,1945.0,-,50.0,2067057,4014203955.0,118166,70210,-8871,916679,181210,34250,798513,111000,43121
20260706,2015,豐興,61.9,63.1,61.9,62.3,,0.0,345778,21548702.0,196321,0,-17000,260321,0,1000,64000,0,18000
20260706,00972,野村日本動能高息,20.05,20.24,20.05,20.22,+,0.31,241164,4871486.0,100,0,177184,100,0,221303,0,0,44119
20260706,4545,銘鈺,38.2,39.75,38.2,39.75,+,1.55,416324,16239643.0,175000,0,0,248000,0,0,73000,0,0
20260706,6834,天二科技,140.0,140.0,127.0,128.0,-,4.0,726872,95722355.0,140682,0,34000,188682,0,34000,48000,0,0
20260706,6558,興能高,30.8,32.5,30.75,31.8,+,1.4,1176012,37194927.0,173216,0,0,473216,0,0,300000,0,0
20260706,2023,燁輝,13.65,13.7,13.6,13.65,,0.0,682411,9313853.0,223000,-8000,-42000,382000,0,2000,159000,8000,44000
20260706,4306,炎洲,16.7,16.85,16.45,16.45,-,0.1,2426315,40271456.0,180577,0,-8000,887036,0,3000,706459,0,11000
20260706,6112,邁達特,44.8,45.45,44.7,44.85,+,0.15,462108,20829953.0,170000,0,1688,251000,0,2151,81000,0,463
20260706,1532,勤美,23.5,23.75,23.4,23.6,+,0.2,496800,11708978.0,171952,0,-293,277000,0,0,105048,0,293
20260706,00926,凱基全球菁英55,24.74,24.88,24.74,24.87,+,0.13,226712,5636284.0,0,0,169982,2000,0,179000,2000,0,9018
20260706,1476,儒鴻,326.0,330.5,322.0,323.0,-,0.5,885251,288805604.0,174540,-565,-4565,526993,4000,32436,352453,4565,37001
20260706,1442,名軒,28.8,29.0,28.3,28.7,+,0.2,483992,13913091.0,174000,0,-5000,235000,0,0,61000,0,5000
20260706,1528,恩德,24.25,24.7,23.8,24.05,-,0.15,1478300,35798727.0,167999,0,-1593,481000,0,4000,313001,0,5593
20260706,2342,茂矽,60.7,60.7,58.0,59.2,+,0.9,3570858,212421748.0,173020,0,-7002,344020,0,1000,171000,0,8002
20260706,2612,中航,54.3,55.3,54.1,54.4,+,0.8,503761,27570117.0,164100,0,1645,250100,0,3100,86000,0,1455
20260706,2905,三商,15.05,15.4,15.0,15.25,+,0.2,675224,10284801.0,165502,0,0,261502,0,2000,96000,0,2000
20260706,5607,遠雄港,52.3,52.8,51.7,52.0,-,0.1,439604,22990887.0,166175,-1000,0,257175,0,0,91000,1000,0
20260706,6477,安集,37.5,40.1,35.3,39.05,+,2.15,6957344,267195250.0,163500,0,617,2066500,0,5267,1903000,0,4650
20260706,1342,八貫,115.5,117.5,114.5,116.5,+,1.0,576560,66815509.0,164108,0,-1000,237314,0,0,73206,0,1000
20260706,2601,益航,6.6,6.6,6.6,6.6,+,0.6,5809234,38340910.0,-161000,0,323801,3000,0,323801,164000,0,0
20260706,00938,凱基優選30,24.46,24.68,24.46,24.63,+,0.28,2233583,54908730.0,129000,0,32963,249000,0,1924794,120000,0,1891831
20260706,4755,三福化,137.0,146.0,137.0,144.0,+,11.0,1122676,160228441.0,154034,0,6064,351144,0,7064,197110,0,1000
20260706,6189,豐藝,53.3,53.7,52.3,52.7,-,0.6,741223,39311203.0,168000,-6824,-2345,361000,0,2299,193000,6824,4644
20260706,5222,全訊,131.0,133.0,129.0,129.5,+,2.0,1279353,167632109.0,154616,0,1157,398125,0,7157,243509,0,6000
20260706,6552,易華電,31.75,32.6,31.5,31.8,+,0.75,270488,8676142.0,151361,0,2000,181361,0,4000,30000,0,2000
20260706,2313,華通,233.0,241.5,226.0,235.0,+,5.5,35969578,8434741056.0,405210,2000,-254472,15916199,5000,584997,15510989,3000,839469
20260706,00917,中信特選金融,22.8,22.9,22.8,22.88,+,0.12,643239,14720329.0,-1000,0,152740,0,0,261740,1000,0,109000
20260706,6177,達麗,45.55,46.55,45.55,46.2,+,0.65,926337,42799582.0,155000,0,-6000,490000,0,4000,335000,0,10000
20260706,00923,群益台ESG低碳50,43.74,43.82,42.86,43.18,-,0.18,4555563,197469306.0,6025,0,140424,563025,0,3028837,557000,0,2888413
20260706,5234,達興材料,417.0,429.5,410.5,411.0,+,9.0,730393,304773163.0,121075,-2000,24351,312075,0,35351,191000,2000,11000
20260706,2379,瑞昱,793.0,807.0,769.0,769.0,-,14.0,3208976,2532214090.0,-687160,833000,-2809,1252776,854000,66492,1939936,21000,69301
20260706,1464,得力,11.1,11.45,10.95,11.1,+,0.1,1301138,14543724.0,133201,0,9000,416001,0,12000,282800,0,3000
20260706,1529,樂事綠能,23.1,23.7,23.1,23.2,+,0.1,845393,19744217.0,145031,0,-3000,319031,0,1000,174000,0,4000
20260706,2461,光群雷,18.2,18.35,17.7,17.9,-,0.05,1133942,20484490.0,142990,0,-1000,428200,0,0,285210,0,1000
20260706,1524,耿鼎,30.0,30.2,29.45,29.5,-,0.15,751791,22444814.0,142255,0,-2000,289255,0,0,147000,0,2000
20260706,3416,融程電,190.5,195.5,185.0,187.0,,0.0,756403,143741009.0,92000,0,46454,284000,0,52492,192000,0,6038
20260706,2106,建大,17.85,18.1,17.7,17.9,+,0.15,840661,15040259.0,142000,-5000,1000,370000,0,1000,228000,5000,0
20260706,6743,安普新,30.95,32.0,30.95,31.45,+,0.15,408474,12852403.0,134000,0,0,222000,0,1000,88000,0,1000
20260706,2491,吉祥全,39.0,41.3,39.0,39.45,+,0.85,941043,37977961.0,135000,0,-1000,408000,0,2000,273000,0,3000
20260706,3705,永信,54.4,55.1,54.4,54.5,+,0.1,240811,13182781.0,145000,0,-13000,166000,0,0,21000,0,13000
20260706,2850,新產,143.5,147.5,143.5,147.5,+,4.0,334943,48959918.0,148000,-1000,-18000,234000,0,1000,86000,1000,19000
20260706,4133,亞諾法,21.1,21.7,21.0,21.2,+,0.35,389681,8305302.0,125999,0,0,149000,0,2000,23001,0,2000
20260706,2492,華新科,590.0,590.0,530.0,557.0,-,6.0,1492056,824946878.0,249437,-110000,-13870,495107,1000,88877,245670,111000,102747
20260706,2476,鉅祥,134.0,138.0,133.0,136.0,+,3.0,4147967,564805940.0,118243,0,6463,1040243,0,128567,922000,0,122104
20260706,6869,雲豹能源,71.0,74.9,71.0,72.7,+,1.8,746969,54619824.0,111000,0,12735,308030,0,26129,197030,0,13394
20260706,5522,遠雄,63.9,65.5,63.9,64.8,+,0.6,734735,47494796.0,29132,99000,-5000,425263,100000,1000,396131,1000,6000
20260706,2430,燦坤,18.0,18.85,18.0,18.25,+,0.2,629154,11550938.0,121000,0,2000,224000,0,3000,103000,0,1000
20260706,2385,群光,108.5,110.5,107.0,107.5,+,0.5,5942293,643938842.0,1076903,-1001555,46902,3075603,18000,55944,1998700,1019555,9042
20260706,9940,信義,19.5,19.7,19.5,19.6,+,0.1,412525,8092239.0,123170,0,-1000,207170,0,6000,84000,0,7000
20260706,9946,三發地產,19.95,20.2,19.7,20.0,+,0.1,783662,15616137.0,72000,50000,0,331000,50000,1000,259000,0,1000
20260706,2392,正崴,40.3,41.7,39.8,39.8,+,0.05,2249968,91478756.0,119806,-3000,4349,811040,0,19850,691234,3000,15501
20260706,1519,華城,778.0,800.0,773.0,773.0,,0.0,2977170,2332705589.0,526915,-455000,48843,1047018,0,111327,520103,455000,62484
20260706,4164,承業醫,29.85,30.3,29.5,29.5,-,0.2,560228,16758461.0,120000,0,297,290000,0,1000,170000,0,703
20260706,1795,美時,200.0,207.0,200.0,204.5,+,5.0,3360281,686280468.0,105106,2000,11705,805967,3000,120095,700861,1000,108390
20260706,1103,嘉泥,13.7,13.8,13.65,13.75,+,0.1,351094,4827666.0,115000,0,3000,196000,0,3000,81000,0,0
20260706,2207,和泰車,472.5,482.0,472.5,476.5,+,3.5,268056,128309360.0,118045,-379,0,223257,2000,3000,105212,2379,3000
20260706,1776,展宇,20.3,20.35,19.9,20.15,-,0.15,271375,5452747.0,118000,0,-1000,145000,0,0,27000,0,1000
20260706,3669,圓展,36.0,37.35,36.0,36.35,+,0.7,251466,9207117.0,116375,0,0,141375,0,0,25000,0,0
20260706,8374,羅昇,93.0,94.9,91.8,92.1,-,0.6,562638,52484573.0,120000,0,-3946,204000,0,0,84000,0,3946
20260706,2636,台驊控股,71.4,72.2,71.4,71.7,+,0.4,617385,44323204.0,116000,0,-1000,305000,0,0,189000,0,1000
20260706,00921,兆豐龍頭等權重,23.99,23.99,23.75,23.85,+,0.14,207555,4948589.0,26000,0,88061,29000,0,117000,3000,0,28939
20260706,4178,永笙-KY,18.6,19.1,18.45,18.6,+,0.2,498304,9348855.0,116000,0,-3000,179000,0,0,63000,0,3000
20260706,4540,全球傳動,64.1,65.5,63.3,63.8,-,0.2,4198552,269902324.0,112995,0,-663,972995,0,3000,860000,0,3663
20260706,00661,元大日經225,90.0,90.0,88.85,89.7,+,0.05,268427,24056050.0,-35000,0,145827,0,0,184000,35000,0,38173
20260706,1903,士紙,50.0,51.5,49.65,50.1,+,1.15,798326,40205349.0,111108,0,-1000,250110,0,0,139002,0,1000
20260706,4104,佳醫,69.6,69.8,69.3,69.7,+,0.2,333579,23209397.0,110050,0,-556,137050,0,0,27000,0,556
20260706,5515,建國,40.4,40.8,40.15,40.6,+,0.35,269678,10897787.0,145000,-40000,3655,167000,0,4000,22000,40000,345
20260706,2534,宏盛,17.2,17.3,17.0,17.15,+,0.05,1213472,20796528.0,106000,0,0,248000,0,1000,142000,0,1000
20260706,2483,百容,73.0,73.0,64.0,69.9,+,2.8,2359062,164424192.0,91000,0,15000,168000,0,29000,77000,0,14000
20260706,1723,中碳,84.5,85.7,84.1,85.1,+,0.6,456111,38714608.0,120000,-3000,-11175,217000,0,2836,97000,3000,14011
20260706,4440,宜新實業,17.55,18.35,17.55,18.25,+,0.7,289738,5236227.0,104000,0,0,129000,0,0,25000,0,0
20260706,3356,奇偶,62.0,63.0,61.5,62.0,+,0.2,689405,42927867.0,100830,0,3000,234830,0,3000,134000,0,0
20260706,3092,鴻碩,33.05,33.45,32.3,32.4,-,0.65,695989,22903067.0,104000,0,-784,260000,0,0,156000,0,784
20260706,1110,東泥,16.0,16.3,15.9,15.9,-,0.05,453057,7295437.0,102200,0,0,137200,0,1000,35000,0,1000
20260706,00893,國泰智能電動車,45.94,46.24,45.88,46.0,+,0.11,1093655,50324821.0,-552000,0,652216,3000,0,892947,555000,0,240731
20260706,1789,神隆,21.05,21.35,20.85,21.05,+,0.2,895682,18902197.0,99072,0,1000,303072,0,6000,204000,0,5000
20260706,1419,新紡,67.2,70.8,67.2,68.3,+,2.1,531538,36449514.0,100000,-2000,0,206000,0,0,106000,2000,0
20260706,3003,健和興,65.7,67.3,65.7,66.3,+,1.0,656619,43746752.0,96854,0,850,252854,0,2000,156000,0,1150
20260706,2540,愛山林,54.0,54.4,53.6,53.8,+,0.1,385584,20805339.0,97200,0,0,206200,0,1000,109000,0,1000
20260706,3583,辛耘,862.0,865.0,836.0,860.0,+,9.0,1435655,1221688924.0,104377,-9000,1407,628591,0,66758,524214,9000,65351
20260706,1612,宏泰,35.2,35.6,34.9,35.1,,0.0,1028005,36319418.0,114924,-9060,-10862,456000,0,4065,341076,9060,14927
20260706,1449,佳和,14.9,15.5,14.4,14.75,+,0.2,3633602,54439874.0,93000,0,2000,1061000,0,2000,968000,0,0
20260706,6873,泓德能源,85.8,91.7,85.8,89.5,+,3.4,710059,63556958.0,87459,0,7499,248459,0,8499,161000,0,1000
20260706,6579,研揚,166.0,169.5,164.0,164.5,-,1.0,452931,75622516.0,95739,-1000,0,180739,0,1000,85000,1000,1000
20260706,6205,詮欣,78.2,79.3,74.8,75.5,-,1.4,1113097,84995724.0,91021,0,2351,390021,0,6000,299000,0,3649
20260706,1104,環泥,27.35,27.75,27.35,27.55,+,0.15,782068,21540307.0,97000,-4000,-1,402000,0,1000,305000,4000,1001
20260706,00962,台新AI優息動能,15.24,15.38,15.11,15.17,+,0.09,667425,10183018.0,-32000,0,124368,55000,0,450163,87000,0,325795
20260706,2727,王品,245.0,247.5,244.0,245.5,+,0.5,722811,177821799.0,89089,0,0,144739,0,1000,55650,0,1000
20260706,1725,元禎,35.65,36.6,35.1,36.0,+,0.9,365965,13179923.0,86000,0,3000,145000,0,4000,59000,0,1000
20260706,2109,華豐,15.1,15.1,14.9,14.95,,0.0,345313,5169049.0,90000,0,-1000,108000,0,0,18000,0,1000
20260706,6024,群益期,62.1,62.8,62.1,62.5,+,0.6,426547,26650703.0,87426,0,0,164581,0,1000,77155,0,1000
20260706,6541,泰福-KY,42.2,42.7,41.3,41.65,+,0.25,432288,18115077.0,86000,0,1247,204000,0,3000,118000,0,1753
20260706,00643,群益深証中小,20.47,20.6,20.15,20.31,-,0.09,2666880,54342147.0,-132000,0,218562,22000,0,2450150,154000,0,2231588
20260706,2816,旺旺保,34.8,35.6,34.8,35.25,+,0.4,662518,23398134.0,85000,0,0,144000,0,0,59000,0,0
20260706,3051,力特,27.9,28.65,27.6,27.6,-,0.2,1515993,42560971.0,81992,0,3000,469208,0,7000,387216,0,4000
20260706,6438,迅得,168.0,169.0,163.5,164.0,-,1.0,783735,130278721.0,123544,0,-38995,305544,0,1002,182000,0,39997
20260706,2597,潤弘,169.5,171.5,168.0,171.0,+,1.0,423969,71976371.0,79000,-2000,6997,294000,0,9000,215000,2000,2003
20260706,00702,國泰標普低波高息,25.27,25.27,25.07,25.1,+,0.02,95142,2387197.0,0,0,81000,0,0,82000,0,0,1000
20260706,2425,承啟,43.05,43.05,41.2,41.6,-,0.75,1502988,62986970.0,78350,0,2000,419350,0,2000,341000,0,0
20260706,8462,柏文,148.0,151.0,147.5,151.0,+,4.0,194291,29066983.0,80290,0,0,90290,0,0,10000,0,0
20260706,6830,汎銓,461.0,461.0,430.0,439.5,-,15.5,1055586,469231032.0,85571,0,-5853,410719,0,23724,325148,0,29577
20260706,00944,野村趨勢動能高息,22.44,22.54,22.15,22.26,+,0.01,400213,8944432.0,-91000,0,169853,21000,0,252000,112000,0,82147
20260706,6415,矽力*-KY,645.0,645.0,615.0,620.0,+,15.0,1963801,1236150358.0,88173,-1000,-8326,855363,3000,16000,767190,4000,24326
20260706,6206,飛捷,134.5,136.0,133.0,133.5,+,1.0,679016,91260710.0,95973,-5131,-13258,283973,0,8450,188000,5131,21708
20260706,2429,銘旺科,50.3,52.3,49.05,49.05,+,0.35,2568839,130456376.0,87790,0,-10415,609000,0,3000,521210,0,13415
20260706,1733,五鼎,30.0,30.6,29.95,30.25,+,0.4,267016,8107386.0,76999,0,0,124000,0,0,47001,0,0
20260706,2608,嘉里大榮,29.2,29.35,29.2,29.25,+,0.05,195533,5728564.0,75084,0,1000,106084,0,1000,31000,0,0
20260706,3437,榮創,21.75,22.45,21.7,21.75,+,0.1,681844,14994194.0,71000,0,5000,249000,0,5000,178000,0,0
20260706,4585,達明,344.5,344.5,328.5,328.5,-,12.0,587147,196950430.0,84990,0,-9868,156070,0,1000,71080,0,10868
20260706,6192,巨路,120.5,122.5,120.5,122.0,+,1.5,137813,16793090.0,74736,0,0,100000,0,0,25264,0,0
20260706,5243,乙盛-KY,104.0,106.0,102.0,103.5,+,1.0,1605114,166553331.0,12414,0,61580,651414,0,77436,639000,0,15856
20260706,6957,裕慶-KY,195.0,212.0,195.0,212.0,+,19.0,433491,90454534.0,70000,0,3402,136000,0,4149,66000,0,747
20260706,8114,振樺電,205.5,209.5,202.0,205.5,+,2.5,725195,149438428.0,69871,-1000,3561,278871,0,4561,209000,1000,1000
20260706,9902,台火,13.75,14.45,13.7,13.95,-,0.3,453113,6313999.0,71000,0,1084,118000,0,6000,47000,0,4916
20260706,1437,勤益控,31.4,31.8,31.3,31.55,+,0.45,170955,5404000.0,67880,0,2000,74000,0,3000,6120,0,1000
20260706,1590,亞德客-KY,1435.0,1470.0,1385.0,1385.0,-,55.0,837752,1189254320.0,68347,-3000,3555,696550,0,24955,628203,3000,21400
20260706,2613,中櫃,22.65,22.75,22.15,22.15,-,0.2,501331,11277348.0,67000,0,0,186000,0,1000,119000,0,1000
20260706,9136,巨騰-DR,13.75,13.8,13.3,13.45,-,0.15,730749,9829452.0,67000,0,-11,280000,0,39,213000,0,50
20260706,1321,大洋,32.15,32.3,31.6,32.1,+,0.2,167423,5331060.0,68000,0,-1186,83000,0,0,15000,0,1186
20260706,00731,復華富時高息低波,88.2,89.0,88.2,88.4,+,0.25,603095,53428851.0,7000,0,59386,8000,0,575999,1000,0,516613
20260706,2434,統懋,57.2,58.5,53.2,54.3,-,3.4,1382716,77607171.0,65600,0,269,391000,0,2000,325400,0,1731
20260706,2453,凌群,57.8,58.5,57.0,57.5,+,0.1,417743,24153367.0,64423,0,1000,142423,0,1000,78000,0,0
20260706,1451,年興,17.4,17.5,17.3,17.45,+,0.05,228953,3984065.0,64000,0,1000,78000,0,1000,14000,0,0
20260706,1463,強盛新,17.7,17.75,17.45,17.75,-,0.05,121615,2146041.0,68000,0,-3000,85000,0,0,17000,0,3000
20260706,8341,日友,77.2,78.3,77.0,77.0,-,0.1,294611,22833600.0,63006,0,379,111090,0,379,48084,0,0
20260706,1783,和康生,39.8,40.6,39.3,40.6,+,0.7,175969,7071870.0,63924,0,-1000,80000,0,0,16076,0,1000
20260706,6789,采鈺,536.0,538.0,514.0,524.0,-,4.0,1682627,887082611.0,255609,-199000,6226,656460,0,28494,400851,199000,22268
20260706,5203,訊連,70.0,71.6,69.7,70.7,+,1.0,372503,26470489.0,62134,0,0,125134,0,0,63000,0,0
20260706,1339,昭輝,45.3,45.8,45.0,45.45,+,0.7,227814,10353226.0,61000,0,1001,82000,0,1001,21000,0,0
20260706,00903,富邦元宇宙,21.0,21.07,20.96,21.05,+,0.13,286881,6034062.0,62000,0,-154,62000,0,191163,0,0,191317
20260706,00700,富邦恒生國企,15.73,16.1,15.71,16.06,+,0.33,555720,8858750.0,-1000,0,62486,104000,0,259143,105000,0,196657
20260706,4106,雃博,23.6,23.75,23.6,23.7,+,0.15,124102,2936172.0,61000,0,130,67000,0,1000,6000,0,870
20260706,7780,大研生醫*,18.45,18.5,18.25,18.35,,0.0,1051221,19320177.0,61000,0,-112,202000,0,2000,141000,0,2112
20260706,8478,東哥遊艇,159.5,168.5,159.5,162.0,+,2.0,647886,106632198.0,60087,0,0,236187,0,2000,176100,0,2000
20260706,1531,高林股,13.2,13.35,13.05,13.15,+,0.05,284822,3740107.0,60000,0,-1000,74000,0,0,14000,0,1000
20260706,3149,正達,88.7,91.5,87.8,87.9,+,0.7,9560577,853725417.0,58484,0,-2444,2599484,0,22000,2541000,0,24444
20260706,1786,科妍,54.3,55.9,54.3,54.4,+,0.1,248226,13647101.0,55993,0,-455,114993,0,242,59000,0,697
20260706,5269,祥碩,1545.0,1555.0,1520.0,1520.0,-,10.0,1022451,1567387720.0,-188028,278000,-34596,164122,278000,11063,352150,0,45659
20260706,6670,復盛應用,260.0,262.0,258.5,259.5,+,0.5,220328,57300751.0,107861,-52212,-374,151861,0,2696,44000,52212,3070
20260706,7818,溢泰實業,69.3,70.8,68.6,70.5,+,1.7,714480,50063145.0,47043,0,7000,142043,0,7000,95000,0,0
20260706,1201,味全,12.8,12.8,12.6,12.7,+,0.05,885935,11248855.0,54000,0,0,295000,0,1000,241000,0,1000
20260706,1522,堤維西,30.6,31.1,30.5,30.55,-,0.05,643984,19786339.0,54000,0,-107,239000,0,2433,185000,0,2540
20260706,00714,群益道瓊美國地產,22.2,22.2,22.19,22.19,+,0.05,264576,5871258.0,0,0,53415,0,0,253790,0,0,200375
20260706,00770,國泰北美科技,67.0,67.55,67.0,67.45,+,0.1,245283,16525453.0,25000,0,28101,25000,0,79122,0,0,51021
20260706,00735,國泰臺韓科技,114.8,115.1,111.0,112.6,-,0.5,2841043,321284279.0,49913,0,2968,687913,0,403000,638000,0,400032
20260706,4977,眾達-KY,165.0,166.0,158.5,159.0,-,3.0,1271476,204891321.0,66148,0,-13456,426148,0,4000,360000,0,17456
20260706,9905,大華,21.4,21.5,21.35,21.35,,0.0,324878,6959873.0,53000,0,-1000,91000,0,1000,38000,0,2000
20260706,8499,鼎炫-KY,334.0,334.0,317.5,325.5,+,10.5,184173,60132104.0,50000,0,1159,85000,0,1550,35000,0,391
20260706,2029,盛餘,20.95,21.2,20.9,20.9,,0.0,277263,5824890.0,50000,0,0,116000,0,0,66000,0,0
20260706,1231,聯華食,88.5,89.9,88.1,89.1,+,0.6,410006,36536953.0,50698,-1000,0,166698,0,0,116000,1000,0
20260706,4555,氣立,51.1,51.9,50.0,50.4,+,0.95,278070,14129917.0,46994,0,2610,117994,0,5000,71000,0,2390
20260706,3296,勝德,29.35,31.35,29.35,30.0,+,0.7,578762,17705681.0,48000,0,198,192000,0,261,144000,0,63
20260706,2505,國揚,18.3,18.5,18.15,18.25,+,0.05,186725,3412381.0,48000,0,0,103000,0,1000,55000,0,1000
20260706,00717,富邦美國特別股,14.91,14.98,14.91,14.97,+,0.06,163961,2450308.0,77000,0,-31000,77000,0,0,0,0,31000
20260706,00920,富邦ESG綠色電力,26.16,26.2,25.9,25.98,-,0.15,518717,13489046.0,301000,0,-255315,343000,0,96878,42000,0,352193
20260706,2069,運錩,18.65,18.75,18.55,18.6,,0.0,140294,2614981.0,42000,0,1000,81000,0,1000,39000,0,0
20260706,9934,成霖,10.55,10.8,10.55,10.6,+,0.1,1225685,13043192.0,43297,0,-1000,270503,0,0,227206,0,1000
20260706,2102,泰豐,19.0,19.15,18.8,18.8,,0.0,270793,5124531.0,42000,0,0,99000,0,1000,57000,0,1000
20260706,2482,連宇,17.25,17.85,17.25,17.3,+,0.3,330561,5776052.0,46000,0,-4605,124000,0,4000,78000,0,8605
20260706,2506,太設,8.95,9.05,8.95,9.01,+,0.09,193950,1743741.0,41000,0,0,61000,0,1000,20000,0,1000
20260706,4771,望隼,218.0,218.0,212.5,214.0,-,1.0,273559,58696344.0,39346,0,968,125346,0,1000,86000,0,32
20260706,7788,松川精密,250.0,252.0,231.0,239.0,-,7.5,1617917,388315233.0,78903,0,-38731,465504,0,20762,386601,0,59493
20260706,3056,富華新,15.0,15.2,14.9,15.0,,0.0,1204624,18111010.0,38000,0,1232,415000,0,1587,377000,0,355
20260706,3311,閎暉,38.5,39.6,38.25,38.6,,0.0,453612,17618279.0,39000,0,0,200000,0,0,161000,0,0
20260706,9958,世紀鋼,121.5,125.5,120.0,120.5,+,0.5,3518709,429633599.0,43736,2000,-6763,815736,3000,71104,772000,1000,77867
20260706,6918,愛派司,73.8,77.5,73.8,75.5,+,2.0,97457,7403850.0,39000,0,-1000,48000,0,2000,9000,0,3000
20260706,2062,橋椿,19.3,19.45,19.2,19.35,+,0.1,292946,5667063.0,38000,0,0,99000,0,1000,61000,0,1000
20260706,1713,國化,49.65,49.9,49.15,49.5,-,0.15,190923,9467680.0,32000,0,6000,60000,0,6000,28000,0,0
20260706,2723,美食-KY,68.0,68.6,67.5,67.5,+,0.1,178996,12163905.0,43000,0,-5000,101000,0,1000,58000,0,6000
20260706,7722,LINEPAY,319.5,326.5,317.0,317.0,+,2.5,146144,46842376.0,17092,21000,-216,43444,21000,59,26352,0,275
20260706,6782,視陽,213.0,214.5,207.5,208.5,-,1.0,412535,87047919.0,37064,0,788,160110,0,790,123046,0,2
20260706,1563,巧新,69.8,73.3,69.0,71.0,+,0.5,5251854,372865642.0,67160,0,-29440,1537160,0,9000,1470000,0,38440
20260706,1539,巨庭,16.1,16.6,16.05,16.1,+,0.05,184281,3008811.0,42000,0,-5000,75000,0,0,33000,0,5000
20260706,2373,震旦行,53.8,54.1,53.7,53.9,,0.0,126046,6793728.0,37000,0,0,46000,0,0,9000,0,0
20260706,5534,長虹,81.0,81.2,80.0,80.3,-,0.2,350686,28226331.0,40000,0,-3001,159000,0,1000,119000,0,4001
20260706,1615,大山,45.2,45.65,45.2,45.55,+,0.35,119450,5422967.0,35000,0,0,50000,0,0,15000,0,0
20260706,4571,鈞興-KY,176.5,181.5,176.0,180.5,+,6.5,483170,86787768.0,34587,0,309,177587,0,1309,143000,0,1000
20260706,2431,聯昌,12.3,12.3,11.9,12.1,+,0.05,822625,9968882.0,34939,0,-357,178000,0,1000,143061,0,1357
20260706,2038,海光,13.7,13.95,13.6,13.6,-,0.1,346665,4766837.0,32961,0,0,90000,0,0,57039,0,0
20260706,9925,新保,40.95,41.0,40.7,40.85,,0.0,287827,11772980.0,16950,0,16000,143000,0,17000,126050,0,1000
20260706,8996,高力,1430.0,1440.0,1380.0,1425.0,+,45.0,742141,1047614000.0,182759,-169015,19044,343759,1000,26000,161000,170015,6956
20260706,6689,伊雲谷,63.8,65.4,63.5,64.9,+,1.0,140667,9118667.0,34001,0,-1518,61001,0,0,27000,0,1518
20260706,5533,皇鼎,14.25,14.3,14.15,14.2,,0.0,78889,1120153.0,31000,0,1000,32000,0,1000,1000,0,0
20260706,2248,華勝-KY,57.9,60.0,57.3,58.9,+,1.6,146328,8592287.0,33000,0,-1000,42000,0,0,9000,0,1000
20260706,2471,資通,54.2,54.5,53.9,54.1,+,0.2,164208,8897825.0,32000,0,0,53000,0,0,21000,0,0
20260706,1730,花仙子,51.0,51.8,51.0,51.2,,0.0,143841,7369941.0,32000,0,-2000,47000,0,0,15000,0,2000
20260706,2442,新美齊,19.9,20.05,19.7,19.8,+,0.1,1299973,25811868.0,30000,0,0,534000,0,1000,504000,0,1000
20260706,5258,虹堡,52.8,53.3,51.6,51.6,-,0.4,502212,26390986.0,29380,0,0,202380,0,0,173000,0,0
20260706,1598,岱宇,19.65,19.8,19.4,19.5,-,0.15,141810,2773883.0,29000,0,0,65000,0,1000,36000,0,1000
20260706,1453,大將,11.55,11.6,11.45,11.55,,0.0,91544,1054649.0,30000,0,-1000,32000,0,1000,2000,0,2000
20260706,4766,南寶,370.5,374.5,367.5,368.5,-,2.0,479401,177482032.0,-48331,81000,-4448,129669,119000,3805,178000,38000,8253
20260706,3588,通嘉,71.5,76.9,70.5,74.1,+,3.8,2773291,205090547.0,25387,0,1652,716894,0,2011,691507,0,359
20260706,2832,台產,56.8,57.5,56.7,56.9,,0.0,153898,8776056.0,27000,0,0,66000,0,4000,39000,0,4000
20260706,5538,東明-KY,32.4,33.35,32.4,33.1,,0.0,50000,1651000.0,25000,0,2000,29000,0,2000,4000,0,0
20260706,3515,華擎,217.0,220.0,215.0,217.0,+,2.5,403465,87535287.0,28000,0,-1001,129000,0,0,101000,0,1001
20260706,3138,耀登,121.5,121.5,118.0,118.5,-,1.0,351041,41927343.0,22000,0,3029,160000,0,4000,138000,0,971
20260706,4438,廣越,62.0,62.9,62.0,62.6,+,0.6,70886,4420296.0,28000,0,-2998,42000,0,2,14000,0,3000
20260706,0053,元大電子,247.45,249.25,245.5,246.55,-,0.85,69924,17259572.0,-2068,0,26149,12,0,29149,2080,0,3000
20260706,00783,富邦中証500,31.34,31.34,30.93,31.28,-,0.05,34181,1065868.0,0,0,24011,0,0,28069,0,0,4058
20260706,2450,神腦,29.2,29.2,28.95,29.05,-,0.1,143044,4159793.0,24000,0,0,49000,0,0,25000,0,0
20260706,4155,訊映,15.55,15.85,15.45,15.7,+,0.2,505600,7895121.0,24707,0,-1346,147000,0,1000,122293,0,2346
20260706,5706,鳳凰,48.1,48.4,48.05,48.05,+,0.1,169353,8160886.0,23163,0,0,62163,0,0,39000,0,0
20260706,00875,國泰網路資安,51.7,51.85,51.6,51.85,+,0.25,66714,3454518.0,-25000,0,47991,0,0,52000,25000,0,4009
20260706,6605,帝寶,137.5,139.5,137.0,137.0,-,0.5,410169,56656177.0,26000,-1000,-2116,164000,0,0,138000,1000,2116
20260706,6272,驊陞,33.0,33.0,32.1,32.5,,0.0,242635,7871812.0,23000,0,-132,68000,0,0,45000,0,132
20260706,3338,泰碩,73.3,74.0,71.3,72.3,-,0.1,567151,41387337.0,25679,0,-3000,219792,0,0,194113,0,3000
20260706,6835,圓裕,35.05,36.1,34.7,35.4,+,0.55,193249,6857977.0,22000,0,0,92000,0,0,70000,0,0
20260706,4582,聚恆-創,28.0,28.95,27.6,27.7,+,0.4,360664,10157156.0,14000,0,7994,100000,0,23000,86000,0,15006
20260706,4588,玖鼎電力,59.6,60.7,59.6,60.0,+,0.4,114689,6898229.0,22000,0,-27,42000,0,0,20000,0,27
20260706,3038,全台,22.55,23.0,22.55,22.8,+,0.35,336683,7685173.0,21710,0,0,100000,0,2000,78290,0,2000
20260706,00899,FT潔淨能源,26.17,26.17,26.02,26.03,-,0.14,84009,2188169.0,1000,0,20575,1000,0,21267,0,0,692
20260706,2706,第一店,12.65,12.75,12.6,12.65,,0.0,137609,1742882.0,21000,0,0,26000,0,1000,5000,0,1000
20260706,6625,必應,79.9,79.9,78.9,79.2,+,0.2,131715,10453070.0,21000,0,0,43000,0,0,22000,0,0
20260706,6281,全國電,52.3,52.4,51.8,52.1,,0.0,93266,4858722.0,21000,0,0,50000,0,0,29000,0,0
20260706,00771,元大US高息特別股,15.8,15.86,15.8,15.85,+,0.05,52161,826021.0,0,0,20853,0,0,21018,0,0,165
20260706,4736,泰博,125.0,126.5,125.0,125.5,-,0.5,95245,11983123.0,20600,0,0,42000,0,0,21400,0,0
20260706,3617,碩天,223.0,226.0,219.0,220.0,,0.0,428511,95247280.0,13012,0,7558,124012,0,7559,111000,0,1
20260706,3716,中化控股,35.2,35.7,35.2,35.6,+,0.6,305054,10829929.0,19506,0,1000,84506,0,2000,65000,0,1000
20260706,3596,智易,200.0,201.5,194.5,197.0,-,0.5,1735792,343796106.0,15154,3000,1901,469154,3000,9855,454000,0,7954
20260706,3447,展達,38.05,38.8,37.4,37.5,-,0.3,117772,4472163.0,20000,0,0,46000,0,0,26000,0,0
20260706,3040,遠見,38.2,38.5,38.0,38.15,-,0.05,78170,2987047.0,20000,0,0,28000,0,0,8000,0,0
20260706,4764,雙鍵,301.0,309.5,301.0,308.0,+,8.0,429243,131481296.0,20000,0,0,70000,0,1000,50000,0,1000
20260706,2414,精技,61.5,63.5,61.5,61.7,+,0.2,363814,22663150.0,-13024,0,33000,94778,0,33000,107802,0,0
20260706,3025,星通,68.4,68.6,67.2,68.4,+,0.4,295623,20102455.0,19000,0,671,109000,0,1000,90000,0,329
20260706,7768,頌勝科技,370.0,370.0,357.0,370.0,+,8.0,173276,63150994.0,19100,0,0,66100,0,6000,47000,0,6000
20260706,9927,泰銘,69.5,69.7,69.1,69.1,,0.0,69605,4827226.0,19000,0,0,36000,0,0,17000,0,0
20260706,6115,鎰勝,49.0,49.1,48.7,48.7,-,0.2,276326,13505564.0,19000,0,0,76000,0,0,57000,0,0
20260706,7769,鴻勁,7030.0,7030.0,6660.0,6800.0,-,65.0,379777,2584797760.0,-8123,24067,2873,159856,29067,16275,167979,5000,13402
20260706,6936,永鴻生技,32.8,33.0,32.7,33.0,+,0.1,73737,2418683.0,18000,0,0,20000,0,0,2000,0,0
20260706,6969,成信實業*-創,25.85,26.25,25.6,25.6,-,0.25,264854,6848284.0,7000,0,10922,33000,0,30000,26000,0,19078
20260706,7760,享溫馨,35.35,37.0,35.35,36.7,+,0.35,91441,3338453.0,17000,0,0,28000,0,0,11000,0,0
20260706,9908,大台北,29.8,30.0,29.8,30.0,+,0.2,587810,17607205.0,19000,0,-2000,63000,0,0,44000,0,2000
20260706,2906,高林,14.5,14.55,14.15,14.25,-,0.25,790992,11313708.0,18000,0,-1000,111000,0,4000,93000,0,5000
20260706,3043,科風,23.4,23.8,23.05,23.05,+,0.05,184889,4317421.0,16156,0,0,52156,0,0,36000,0,0
20260706,2524,京城,36.85,36.9,36.25,36.4,-,0.3,56079,2042786.0,14120,0,2000,23120,0,2000,9000,0,0
20260706,1906,寶隆,11.55,11.65,11.45,11.55,+,0.1,160930,1863500.0,16000,0,0,39000,0,1000,23000,0,1000
20260706,1459,聯發,12.2,12.2,12.05,12.15,+,0.15,269834,3268706.0,17000,0,-1000,49000,0,1000,32000,0,2000
20260706,1512,瑞利,7.2,7.37,7.03,7.21,+,0.06,253656,1830199.0,16000,0,0,56000,0,0,40000,0,0
20260706,4807,日成-KY,37.3,38.5,37.3,38.1,+,0.15,139646,5307746.0,16000,0,0,67000,0,0,51000,0,0
20260706,8467,波力-KY,113.0,115.0,113.0,114.0,+,1.0,26556,3040936.0,16000,0,0,18000,0,0,2000,0,0
20260706,8367,建新國際,40.5,40.5,40.25,40.5,+,0.25,49395,1994143.0,16000,0,0,25000,0,0,9000,0,0
20260706,2545,皇翔,38.9,39.2,38.65,38.8,+,0.15,668372,26005770.0,16000,0,-128,281000,0,3000,265000,0,3128
20260706,6277,宏正,70.7,71.5,70.5,70.6,-,0.1,123613,8777399.0,16000,0,-442,47000,0,7000,31000,0,7442
20260706,2607,榮運,46.7,47.15,46.45,46.75,+,0.5,528284,24782099.0,25020,0,-10000,250020,0,1000,225000,0,11000
20260706,2923,鼎固-KY,26.4,27.3,26.4,26.9,-,0.45,53105,1425308.0,11000,0,4000,29000,0,11000,18000,0,7000
20260706,8463,潤泰材,21.6,21.9,21.6,21.75,+,0.2,104026,2265466.0,16000,0,-1000,23000,0,0,7000,0,1000
20260706,9912,偉聯,12.7,13.0,12.55,12.7,,0.0,107070,1366074.0,18000,0,-3000,20000,0,0,2000,0,3000
20260706,6446,藥華藥,1410.0,1470.0,1390.0,1445.0,+,50.0,2623208,3761529220.0,-92999,109000,-1327,972101,110000,62394,1065100,1000,63721
20260706,6863,永道-KY,92.7,95.3,92.0,92.9,+,1.1,89735,8387810.0,14000,0,335,34000,0,338,20000,0,3
20260706,7791,皇家可口,63.0,63.4,62.7,62.7,,0.0,51651,3254342.0,15000,0,-1000,19000,0,0,4000,0,1000
20260706,5525,順天,21.8,22.1,21.8,21.85,+,0.05,80705,1766127.0,15000,0,-1000,32000,0,0,17000,0,1000
20260706,6201,亞弘電,48.6,49.95,48.5,49.5,+,0.85,72762,3571181.0,15000,0,-1000,28000,0,0,13000,0,1000
20260706,2849,安泰銀,14.6,14.7,14.55,14.6,,0.0,81527,1190938.0,14000,0,0,19000,0,2000,5000,0,2000
20260706,00943,兆豐電子高息等權,23.18,23.41,23.1,23.13,+,0.12,116158,2704429.0,-30000,0,43957,1000,0,62000,31000,0,18043
20260706,6431,光麗-KY,17.85,19.6,17.85,19.6,+,1.75,301205,5829395.0,14000,0,-261,34000,0,739,20000,0,1000
20260706,00636,國泰中國A50,28.23,28.44,28.06,28.29,+,0.06,428732,12101103.0,-76000,0,89377,36000,0,243378,112000,0,154001
20260706,7610,聯友金屬-創,2590.0,2590.0,2475.0,2545.0,-,5.0,138191,351533445.0,9005,0,4007,36005,0,4007,27000,0,0
20260706,8404,百和興業-KY,17.05,17.3,16.85,16.9,-,0.1,263864,4507101.0,7000,0,6000,128000,0,6000,121000,0,0
20260706,2380,虹光,23.5,23.5,22.0,22.2,+,0.2,102560,2321752.0,13000,0,0,13000,0,0,0,0,0
20260706,1817,凱撒衛,38.8,38.95,38.65,38.8,-,0.1,97206,3766086.0,13000,0,0,27000,0,0,14000,0,0
20260706,1735,日勝化,24.35,25.4,23.8,24.35,+,0.6,707161,17419454.0,14000,0,-1045,245000,0,2000,231000,0,3045
20260706,7795,長廣,635.0,666.0,635.0,666.0,+,40.0,456605,297344770.0,11291,0,649,97015,0,1000,85724,0,351
20260706,7736,虎山,71.9,71.9,70.3,70.4,-,0.4,42328,2987193.0,11000,0,0,11000,0,0,0,0,0
20260706,6754,匯僑設計,42.75,43.1,42.6,42.65,,0.0,66633,2847963.0,11000,0,0,13000,0,0,2000,0,0
20260706,1454,台富,13.05,13.1,13.0,13.1,+,0.05,42925,559546.0,11000,0,0,12000,0,0,1000,0,0
20260706,6776,展碁國際,55.0,55.9,54.9,55.0,+,0.2,155208,8585115.0,10424,0,0,66424,0,1000,56000,0,1000
20260706,2705,六福,16.6,16.65,16.2,16.4,-,0.25,1812207,32672282.0,18001,0,-8000,98001,0,1000,80000,0,9000
20260706,3494,誠研,8.03,8.05,7.9,7.95,-,0.03,98793,783986.0,16000,0,-6000,18000,0,0,2000,0,6000
20260706,8940,新天地,16.7,16.9,16.55,16.8,+,0.2,37573,629274.0,10000,0,0,12000,0,0,2000,0,0
20260706,4441,振大環球,191.5,194.0,190.0,190.0,-,0.5,63653,12225172.0,9000,0,1000,24000,0,1000,15000,0,0
20260706,5283,禾聯碩,54.5,55.5,53.9,54.6,+,0.7,144019,7887560.0,9967,0,0,39040,0,0,29073,0,0
20260706,6209,今國光,80.7,82.4,79.5,81.1,+,1.1,4825941,391144716.0,-32533,0,42229,1308467,0,77837,1341000,0,35608
20260706,6885,全福生技,21.9,21.9,21.5,21.75,-,0.1,191582,4178111.0,9299,0,0,44299,0,0,35000,0,0
20260706,6671,三能-KY,24.5,24.9,24.5,24.75,+,0.25,38000,933900.0,9000,0,0,12000,0,1000,3000,0,1000
20260706,6283,淳安,24.5,24.9,24.0,24.1,-,0.05,233550,5673846.0,10000,0,-1000,85000,0,0,75000,0,1000
20260706,00709,富邦歐洲,40.41,40.79,40.41,40.63,+,0.34,48820,1984003.0,0,0,9000,0,0,17000,0,0,8000
20260706,6534,正瀚-創,91.6,91.6,90.0,90.2,+,0.1,30389,2748226.0,8968,0,-15,14000,0,3000,5032,0,3015
20260706,0051,元大中型100,150.5,151.6,149.3,149.5,+,0.15,69132,10394987.0,353,0,7782,3388,0,11795,3035,0,4013
20260706,00956,中信日經高股息,12.6,12.68,12.58,12.63,+,0.17,356453,4501994.0,47000,0,-38994,48000,0,163006,1000,0,202000
20260706,1720,生達,63.9,64.3,63.6,63.9,,0.0,155785,9973633.0,8000,0,1,42000,0,1,34000,0,0
20260706,6504,南六,36.3,36.55,36.1,36.3,+,0.05,48001,1743786.0,8000,0,0,15000,0,0,7000,0,0
20260706,6988,威力暘-創,13.4,13.55,13.4,13.5,-,0.05,46000,620100.0,10000,0,-2000,10000,0,3000,0,0,5000
20260706,4552,力達-KY,20.15,20.5,19.95,20.0,-,0.1,161728,3240396.0,7000,0,1000,34000,0,3000,27000,0,2000
20260706,2546,根基,95.1,95.1,94.5,94.9,-,0.3,67102,6359892.0,7948,0,0,22028,0,0,14080,0,0
20260706,4576,大銀微系統,228.0,240.0,225.5,238.5,+,16.0,3513577,823238233.0,-87543,0,94981,880457,0,135836,968000,0,40855
20260706,1760,寶齡富錦,63.9,66.5,63.5,65.9,+,2.9,804943,52746794.0,7193,0,0,179193,0,0,172000,0,0
20260706,6756,威鋒電子,101.5,106.5,100.5,102.5,+,1.5,250527,25708415.0,6001,0,1003,88001,0,1003,82000,0,0
20260706,9944,新麗,18.0,18.0,17.9,18.0,,0.0,48516,873006.0,7000,0,0,13000,0,0,6000,0,0
20260706,2514,龍邦,13.15,13.25,13.05,13.15,,0.0,99220,1308479.0,7000,0,-22,13000,0,0,6000,0,22
20260706,6768,志強-KY,73.9,75.3,73.0,73.5,,0.0,290767,21502191.0,15000,-3938,-4144,98000,0,1030,83000,3938,5174
20260706,5292,華懋,227.0,231.5,225.5,228.5,+,1.5,138814,31624397.0,-8989,0,15830,45011,0,15830,54000,0,0
20260706,6951,青新-創,79.2,79.4,79.1,79.4,+,0.3,19109,1515738.0,6000,0,453,7000,0,1000,1000,0,547
20260706,1465,偉全,13.05,14.2,12.9,13.65,+,0.7,748096,10068399.0,6000,0,52,100000,0,11052,94000,0,11000
20260706,1468,昶和,12.25,12.5,12.15,12.3,+,0.05,37040,453895.0,5000,0,1000,5000,0,2000,0,0,1000
20260706,1413,宏洲,9.47,9.56,9.04,9.5,-,0.06,64500,603210.0,6000,0,0,6000,0,0,0,0,0
20260706,1731,美吾華,20.8,20.85,20.75,20.85,+,0.15,142341,2961541.0,6000,0,0,11000,0,0,5000,0,0
20260706,1805,寶徠,10.4,10.4,10.15,10.2,-,0.2,218015,2234261.0,10000,0,-4000,15000,0,1000,5000,0,5000
20260706,8442,威宏-KY,42.95,44.0,42.5,42.7,-,0.25,63426,2735546.0,3000,0,3000,20000,0,5000,17000,0,2000
20260706,4930,燦星網,17.35,18.05,17.25,17.35,,0.0,194367,3416894.0,6000,0,0,18000,0,0,12000,0,0
20260706,4569,六方科-KY,177.0,180.5,175.0,176.0,-,1.0,89434,15858760.0,6000,0,0,44000,0,0,38000,0,0
20260706,3504,揚明光,79.6,80.9,77.5,78.2,-,0.4,657381,51817253.0,5030,0,663,212030,0,5000,207000,0,4337
20260706,4169,泰宗,244.0,244.0,244.0,244.0,+,22.0,165264,40324416.0,-2000,0,7689,0,0,7689,2000,0,0
20260706,1109,信大,14.75,14.8,14.7,14.8,+,0.1,84345,1244931.0,5000,0,196,11000,0,1000,6000,0,804
20260706,5306,桂盟,86.3,87.9,86.3,86.9,+,0.7,87838,7653781.0,10135,0,-5000,26135,0,0,16000,0,5000
20260706,6965,中傑-KY,79.4,80.0,77.6,79.0,+,1.0,30298,2378701.0,6000,0,-1000,10000,0,3000,4000,0,4000
20260706,6908,宏碁遊戲-創,37.5,37.7,37.5,37.5,-,0.5,9404,353912.0,4000,0,1000,4000,0,1000,0,0,0
20260706,1341,富林-KY,58.5,58.5,57.7,57.7,-,0.8,8476,493612.0,5000,0,0,5000,0,0,0,0,0
20260706,1535,中宇,50.2,50.4,50.1,50.3,-,0.1,28662,1442104.0,5000,0,0,11000,0,0,6000,0,0
20260706,2115,六暉-KY,21.55,21.55,21.1,21.2,+,0.1,60047,1270937.0,5000,0,0,19000,0,0,14000,0,0
20260706,2228,劍麟,87.4,89.4,87.4,87.8,+,0.1,80893,7145644.0,5000,0,0,43000,0,0,38000,0,0
20260706,2722,夏都,23.35,23.35,22.8,23.0,-,0.05,39558,907288.0,5000,0,0,6000,0,0,1000,0,0
20260706,00703,台新MSCI中國,18.28,18.67,18.28,18.64,+,0.44,38826,713527.0,0,0,4887,0,0,32155,0,0,27268
20260706,7750,新代,2250.0,2250.0,2135.0,2190.0,-,5.0,98805,215407125.0,4427,-1000,801,47390,0,3904,42963,1000,3103
20260706,2535,達欣工,89.7,90.2,89.0,90.0,+,0.7,288617,25907143.0,5090,-1000,0,135090,0,0,130000,1000,0
20260706,2468,華經,38.75,38.75,37.65,37.75,-,1.0,784390,29873513.0,4080,0,0,153080,0,1000,149000,0,1000
20260706,2033,佳大,16.4,16.5,16.3,16.4,-,0.15,101100,1658639.0,4000,0,0,18000,0,0,14000,0,0
20260706,1236,宏亞,25.75,25.8,25.5,25.55,-,0.05,85256,2185759.0,4000,0,0,6000,0,0,2000,0,0
20260706,2901,欣欣,23.55,26.0,23.55,23.7,-,0.3,50363,1214215.0,5000,0,-1000,8000,0,0,3000,0,1000
20260706,3164,景岳,16.45,16.5,16.25,16.5,+,0.2,66921,1097795.0,4000,0,0,7000,0,0,3000,0,0
20260706,6598,ABC-KY,23.2,23.7,22.8,23.25,+,0.2,113562,2646671.0,5000,0,-1000,25000,0,2000,20000,0,3000
20260706,9918,欣天然,43.0,43.3,42.95,43.3,,0.0,16159,696323.0,4000,0,0,5000,0,0,1000,0,0
20260706,6862,三集瑞-KY,199.0,207.5,194.0,195.0,,0.0,815701,162717354.0,34413,0,-30514,193413,0,17799,159000,0,48313
20260706,6230,尼得科超眾,127.0,128.0,124.5,126.5,-,1.0,54646,6931522.0,3000,0,265,20000,0,265,17000,0,0
20260706,1558,伸興,91.9,92.8,91.9,92.8,+,0.9,104805,9699675.0,3110,0,0,28170,0,3000,25060,0,3000
20260706,0057,富邦摩台,323.45,323.7,322.45,322.45,-,0.15,8478,2726082.0,0,0,3017,0,0,3017,0,0,0
20260706,1614,三洋電,32.4,32.4,32.0,32.0,-,0.25,22709,729106.0,3000,0,0,6000,0,0,3000,0,0
20260706,1410,南染,25.65,26.45,25.5,26.2,+,0.55,418412,10876244.0,3000,0,0,82000,0,0,79000,0,0
20260706,1220,台榮,11.9,11.9,11.75,11.85,,0.0,69911,827324.0,3000,0,0,5000,0,0,2000,0,0
20260706,2423,固緯,75.0,78.0,75.0,76.7,+,2.1,79522,6092623.0,6000,0,-3000,32000,0,1000,26000,0,4000
20260706,3150,鈺寶-創,19.15,19.2,18.75,19.05,-,0.1,58001,1096619.0,4000,0,-1000,10000,0,2000,6000,0,3000
20260706,4119,旭富,45.1,46.0,45.1,45.35,+,0.25,78389,3563995.0,3000,0,0,27000,0,2000,24000,0,2000
20260706,5007,三星,55.6,56.0,55.6,55.9,,0.0,4820,269290.0,3000,0,0,3000,0,0,0,0,0
20260706,4581,光隆精密-KY,50.2,50.8,50.2,50.8,+,0.6,12000,604800.0,3000,0,0,4000,0,0,1000,0,0
20260706,6606,建德工業,24.9,25.0,24.9,24.95,,0.0,76454,1906246.0,3000,0,0,9000,0,0,6000,0,0
20260706,9929,秋雨,11.3,11.3,11.0,11.25,+,0.05,7654,85567.0,2000,0,1000,2000,0,1000,0,0,0
20260706,6722,輝創,34.9,35.2,34.9,35.2,+,0.45,21153,742115.0,3000,0,-29,3000,0,0,0,0,29
20260706,2465,麗臺,74.2,77.3,73.7,75.5,+,2.1,900043,68053699.0,-1792,0,4000,254238,0,5000,256030,0,1000
20260706,2024,志聯,13.8,13.95,13.8,13.95,,0.0,5467,75751.0,2000,0,0,2000,0,0,0,0,0
20260706,2008,高興昌,30.5,30.65,30.5,30.65,-,0.15,4995,152520.0,2000,0,0,2000,0,0,0,0,0
20260706,1203,味王,42.45,42.95,42.4,42.9,-,0.45,23165,986800.0,2000,0,0,6000,0,0,4000,0,0
20260706,1439,雋揚,24.25,24.25,23.9,24.2,+,0.1,8935,213428.0,2000,0,0,3000,0,1000,1000,0,1000
20260706,2712,遠雄來,15.0,15.0,14.75,14.75,-,0.25,18004,268811.0,2000,0,0,2000,0,0,0,0,0
20260706,2939,永邑-KY,19.3,19.5,19.0,19.5,-,0.2,18001,347420.0,2000,0,0,2000,0,0,0,0,0
20260706,7732,金興精密,36.0,36.0,35.45,35.45,-,0.2,35000,1257000.0,2000,0,0,3000,0,0,1000,0,0
20260706,6416,瑞祺電通,83.0,84.1,82.7,82.8,+,0.7,241246,20114340.0,3000,0,-1000,79000,0,0,76000,0,1000
20260706,4439,冠星-KY,91.2,91.4,90.5,91.1,-,0.7,14083,1280486.0,2000,0,0,2000,0,0,0,0,0
20260706,4999,鑫禾,20.45,20.75,20.45,20.6,+,0.1,96823,1994371.0,2000,0,-125,17000,0,1000,15000,0,1125
20260706,3026,禾伸堂,1015.0,1020.0,891.0,963.0,-,25.0,20374460,19432899513.0,-2896435,3012000,-114019,4474893,3013000,322141,7371328,1000,436160
20260706,5288,豐祥-KY,186.0,189.5,184.5,186.5,+,1.5,91343,17050487.0,5960,0,-4569,33160,0,3431,27200,0,8000
20260706,0055,元大MSCI金融,41.54,42.17,41.54,42.09,+,0.55,382359,16073313.0,42015,0,-40823,103020,0,1204,61005,0,42027
20260706,2401,凌陽,33.8,34.4,32.6,32.7,-,0.75,9287988,309956661.0,-22380,10000,13530,2813620,10000,62744,2836000,0,49214
20260706,1256,鮮活果汁-KY,199.0,203.0,193.5,199.0,+,6.0,173009,34371770.0,-9909,0,11000,27091,0,15000,37000,0,4000
20260706,1470,大統新創,21.7,21.7,21.7,21.7,+,0.7,1000,21700.0,1000,0,0,1000,0,0,0,0,0
20260706,1457,宜進,14.7,14.9,14.65,14.7,,0.0,158035,2327027.0,1000,0,0,30000,0,0,29000,0,0
20260706,2433,互盛電,42.7,42.7,42.0,42.1,+,0.05,67153,2829211.0,0,0,1000,15000,0,1000,15000,0,0
20260706,2910,統領,22.6,22.65,22.3,22.35,-,0.25,142000,3192700.0,1000,0,0,3000,0,0,2000,0,0
20260706,2701,萬企,10.8,10.85,10.65,10.8,,0.0,66799,717390.0,2000,0,-1000,6000,0,0,4000,0,1000
20260706,6955,邦睿生技-創,119.0,121.5,119.0,120.5,,0.0,26012,3126947.0,1000,0,0,1000,0,8000,0,0,8000
20260706,6655,科定,123.0,123.0,122.0,122.0,+,1.0,2000,245000.0,1000,0,0,1000,0,0,0,0,0
20260706,8488,吉源-KY,10.05,10.2,10.05,10.2,,0.0,3000,30450.0,1000,0,0,2000,0,0,1000,0,0
20260706,8481,政伸,42.1,42.1,41.65,42.1,,0.0,27778,1164085.0,1000,0,0,2000,0,0,1000,0,0
20260706,8482,商億-KY,48.15,49.25,48.1,49.25,+,1.2,3000,145500.0,1000,0,0,1000,0,0,0,0,0
20260706,00736,國泰新興市場,31.75,31.75,31.65,31.75,+,0.42,105327,3338658.0,1000,0,0,1000,0,101000,0,0,101000
20260706,6216,居易,23.45,23.7,23.25,23.25,+,0.05,197278,4619677.0,1000,0,-79,62000,0,0,61000,0,79
20260706,6405,悅城,62.5,64.6,61.0,61.4,-,0.6,1003340,62645685.0,-680,0,1467,300320,0,3000,301000,0,1533
20260706,1537,廣隆,126.0,127.0,126.0,126.5,,0.0,51925,6557152.0,1000,0,-228,18000,0,0,17000,0,228
20260706,8101,華冠,13.25,13.3,13.25,13.3,-,0.3,15951,211065.0,0,0,660,0,0,660,0,0,0
20260706,6921,嘉雨思-創,68.9,69.3,68.9,69.0,+,0.3,9000,620600.0,0,0,0,1000,0,4000,1000,0,4000
20260706,6581,鋼聯,106.0,108.0,106.0,107.0,+,0.5,7006,750641.0,0,0,0,2000,0,0,2000,0,0
20260706,6674,鋐寶科技,17.05,17.15,16.9,17.1,+,0.1,15000,255450.0,0,0,0,1000,0,0,1000,0,0
20260706,4190,佐登-KY,25.3,26.05,25.3,26.05,+,0.45,34457,892795.0,1000,0,-1000,10000,0,1000,9000,0,2000
20260706,4994,傳奇,92.6,92.6,90.5,91.0,+,0.3,12145,1106576.0,0,0,0,1000,0,0,1000,0,0
20260706,1541,錩泰,22.1,22.1,21.45,21.6,-,0.1,53164,1148162.0,0,0,0,5000,0,0,5000,0,0
20260706,1475,業旺,28.1,28.1,27.55,27.95,+,0.5,11034,307348.0,0,0,0,2000,0,0,2000,0,0
20260706,1443,立益物流,26.95,26.95,26.0,26.4,+,0.05,10130,265569.0,0,0,0,2000,0,1000,2000,0,1000
20260706,2254,巨鎧精密-創,59.1,59.6,59.1,59.6,+,0.3,10000,594200.0,0,0,0,0,0,3000,0,0,3000
20260706,3229,晟鈦,42.75,43.5,41.55,41.7,-,1.05,270995,11423674.0,1000,0,-1000,83000,0,4000,82000,0,5000
20260706,2748,雲品,40.1,40.4,39.85,40.0,-,0.1,71194,2852017.0,1000,0,-1000,21000,0,0,20000,0,1000
20260706,6614,資拓宏宇,40.5,40.85,40.4,40.4,,0.0,70365,2852596.0,-4,0,0,21000,0,1000,21004,0,1000
20260706,1423,利華,36.95,37.1,36.6,36.65,-,0.3,32585,1199605.0,1000,0,-1099,5000,0,0,4000,0,1099
20260706,1213,大飲,7.5,7.67,7.39,7.58,-,0.32,90322,678651.0,-383,0,0,0,0,0,383,0,0
20260706,1233,天仁,28.15,28.3,28.0,28.15,-,0.05,36554,1027170.0,1000,0,-2000,10000,0,0,9000,0,2000
20260706,1235,興泰,36.9,36.9,36.6,36.9,-,0.1,302020,11129347.0,-1000,0,0,1000,0,0,2000,0,0
20260706,1315,達新,65.0,65.0,63.8,64.3,+,0.3,21076,1350623.0,-1000,0,0,3000,0,0,4000,0,0
20260706,1516,川飛,18.5,18.65,18.5,18.65,-,0.15,76071,1411426.0,-1000,0,0,1000,0,0,2000,0,0
20260706,2012,春雨,16.35,16.85,16.3,16.5,+,0.15,62504,1029865.0,-1000,0,0,17000,0,0,18000,0,0
20260706,1752,南光,32.3,32.85,32.3,32.4,+,0.1,81040,2632844.0,-1000,0,0,19000,0,0,20000,0,0
20260706,2496,卓越,65.0,65.0,64.6,64.6,,0.0,4160,269555.0,-1000,0,0,0,0,0,1000,0,0
20260706,3432,台端,18.4,18.65,17.9,18.4,-,0.05,68280,1248390.0,-1000,0,0,2000,0,0,3000,0,0
20260706,6645,金萬林-創,16.0,16.3,16.0,16.15,+,0.6,36200,581998.0,-1000,0,0,1000,0,4000,2000,0,4000
20260706,6887,寶綠特-KY,34.0,34.3,33.95,34.0,,0.0,60085,2044458.0,-1000,0,0,10000,0,0,11000,0,0
20260706,6807,峰源-KY,33.2,33.65,33.05,33.65,+,0.45,9166,305423.0,-1000,0,0,2000,0,0,3000,0,0
20260706,6916,華凌,21.25,21.75,20.75,21.05,+,0.25,77100,1624570.0,-1000,0,0,22000,0,1000,23000,0,1000
20260706,4148,全宇生技-KY,31.05,31.35,30.6,30.85,+,0.05,38578,1192108.0,-2000,0,1000,7000,0,1000,9000,0,0
20260706,5546,永固-KY,16.55,16.9,16.55,16.9,+,0.05,8000,134600.0,-1000,0,0,0,0,0,1000,0,0
20260706,3054,立萬利,63.0,65.2,63.0,63.6,-,0.7,47943,3061518.0,-1040,0,0,13000,0,0,14040,0,0
20260706,2528,皇普,22.7,23.05,22.5,22.55,-,0.25,262397,5960229.0,-1245,0,0,85000,0,1000,86245,0,1000
20260706,6914,阜爾運通,145.0,145.5,144.5,144.5,-,0.5,83908,12159217.0,-1864,0,0,10136,0,0,12000,0,0
20260706,6136,富爾特,24.25,24.5,24.25,24.35,-,0.05,95985,2342058.0,-1000,0,-1000,24000,0,0,25000,0,1000
20260706,6128,上福,20.8,21.0,20.65,20.65,-,0.15,82118,1706745.0,-1000,0,-1000,21000,0,0,22000,0,1000
20260706,4557,永新-KY,51.0,52.2,50.1,50.2,-,0.3,55532,2829001.0,-1000,0,-1000,19000,0,1000,20000,0,2000
20260706,5225,東科-KY,76.6,77.7,76.1,76.6,+,0.4,314587,24137466.0,-2000,0,0,119000,0,0,121000,0,0
20260706,2314,台揚,14.35,14.35,13.7,13.9,-,0.2,233714,3244297.0,-2000,0,0,2000,0,0,4000,0,0
20260706,2227,裕日車,50.5,50.5,49.1,50.0,,0.0,27762,1373487.0,-2000,0,0,3000,0,1000,5000,0,1000
20260706,1234,黑松,33.2,33.35,33.15,33.35,+,0.2,91504,3042597.0,-1000,0,-1000,26000,0,1000,27000,0,2000
20260706,7631,聚賢研發-創,162.5,162.5,153.5,154.5,-,6.0,185798,29032890.0,-2950,0,307,22050,0,18000,25000,0,17693
20260706,00733,富邦臺灣中小,79.5,79.7,76.55,77.45,-,1.25,1066559,83059187.0,-90418,0,87618,174582,0,726229,265000,0,638611
20260706,00668,國泰美國道瓊,62.0,62.05,61.95,62.05,+,0.1,15643,969688.0,150,0,-3000,150,0,3000,0,0,6000
20260706,8045,達運光電,62.1,64.0,61.2,61.4,+,0.4,159339,9950314.0,-1920,0,-938,45080,0,100,47000,0,1038
20260706,6931,青松健康,40.5,40.5,40.2,40.2,-,0.3,50434,2029351.0,-3000,0,0,6000,0,0,9000,0,0
20260706,6794,向榮生技,83.2,84.1,81.3,81.4,-,1.2,70829,5810326.0,-3000,0,0,10000,0,0,13000,0,0
20260706,9937,全國,55.0,55.3,54.7,55.3,+,0.3,18509,1018250.0,-5000,0,2000,3000,0,2000,8000,0,0
20260706,5531,鄉林,8.2,8.21,8.03,8.06,-,0.05,681731,5526032.0,-3000,0,0,201000,0,2000,204000,0,2000
20260706,2247,汎德永業,238.5,240.0,236.0,236.0,-,1.0,43324,10286148.0,-1000,0,-2000,20000,0,0,21000,0,2000
20260706,2904,匯僑,14.05,14.05,13.85,13.95,,0.0,99933,1395855.0,-3000,0,0,13000,0,0,16000,0,0
20260706,1726,永記,78.2,78.5,78.2,78.3,-,0.1,31242,2447628.0,-2101,0,-1000,14000,0,0,16101,0,1000
20260706,00657,國泰日經225,81.5,81.6,80.7,81.2,-,0.05,135370,10996403.0,-38000,0,34622,2000,0,124075,40000,0,89453
20260706,6790,永豐實,40.85,41.05,40.8,40.95,+,0.1,197888,8097406.0,-13607,0,10000,48393,0,10000,62000,0,0
20260706,6771,平和環保-創,39.45,40.1,39.2,40.0,+,0.9,29056,1144974.0,-4000,0,0,1000,0,5000,5000,0,5000
20260706,8487,愛爾達-創,78.3,78.3,77.6,78.3,,0.0,30500,2378994.0,-4000,0,0,0,0,0,4000,0,0
20260706,6184,大豐電,43.25,43.35,43.15,43.25,+,0.05,26374,1141528.0,-4000,0,0,3000,0,0,7000,0,0
20260706,1525,江申,68.0,69.3,67.0,68.0,+,0.1,14062,953925.0,-5000,0,1000,3000,0,1000,8000,0,0
20260706,1438,三地開發,22.75,22.85,22.2,22.2,-,0.3,39155,876056.0,-5000,0,1000,7000,0,1000,12000,0,0
20260706,2424,隴華,10.2,10.5,9.99,10.0,-,0.2,26541,267045.0,-4000,0,0,1000,0,0,5000,0,0
20260706,2945,三商家購,40.8,42.0,40.8,42.0,+,0.1,11532,480971.0,-4000,0,0,2000,0,0,6000,0,0
20260706,6183,關貿,90.2,90.3,89.2,90.2,,0.0,20305,1825977.0,-3001,0,-1000,3000,0,0,6001,0,1000
20260706,2731,雄獅,151.5,151.5,150.0,150.5,+,0.5,484730,72936860.0,-3000,0,-1848,121000,0,1152,124000,0,3000
20260706,2355,敬鵬,53.7,54.2,52.2,53.1,,0.0,4385043,233631125.0,-43931,0,39066,1507069,0,81421,1551000,0,42355
20260706,1441,大東,9.8,9.8,9.55,9.55,-,0.14,80956,783410.0,-5000,0,0,1000,0,0,6000,0,0
20260706,2908,特力,21.5,21.55,21.3,21.4,-,0.05,141609,3030141.0,-6000,0,1000,58000,0,1000,64000,0,0
20260706,8443,阿瘦,11.4,11.45,11.4,11.45,-,0.05,47636,544807.0,-4000,0,-1000,1000,0,0,5000,0,1000
20260706,00660,元大歐洲50,46.8,46.95,46.73,46.95,+,0.15,17509,820249.0,-5000,0,0,0,0,1000,5000,0,1000
20260706,4583,台灣精銳,629.0,631.0,616.0,622.0,-,3.0,62767,39159665.0,-4000,0,-1034,17000,0,0,21000,0,1034
20260706,4942,嘉彰,37.85,38.15,37.8,37.85,-,0.25,55305,2098603.0,-6000,0,0,10000,0,0,16000,0,0
20260706,8411,福貞-KY,12.35,12.4,12.2,12.4,+,0.05,64027,789472.0,-6000,0,0,2000,0,0,8000,0,0
20260706,1323,永裕,20.65,20.7,20.3,20.5,+,0.05,227950,4661092.0,-6000,0,0,19000,0,1000,25000,0,1000
20260706,00881,國泰台灣科技龍頭,56.2,56.35,54.9,55.3,-,0.4,11298849,627938903.0,1050180,0,-1056243,3556230,0,3164000,2506050,0,4220243
20260706,00739,元大MSCI A股,29.35,29.8,29.15,29.4,-,0.07,394407,11577406.0,-366000,0,359057,10000,0,365000,376000,0,5943
20260706,1521,大億,26.25,26.35,25.95,26.25,,0.0,20813,545353.0,-7000,0,0,1000,0,0,8000,0,0
20260706,1583,程泰,50.5,51.0,50.0,50.2,-,0.3,20013,1010069.0,-6000,0,-1000,7000,0,2000,13000,0,3000
20260706,2929,淘帝-KY,5.86,6.11,5.84,5.9,+,0.05,273759,1629728.0,-7000,0,0,65000,0,0,72000,0,0
20260706,9926,新海,49.75,49.75,49.6,49.7,-,0.1,12198,606147.0,-7000,0,0,2000,0,0,9000,0,0
20260706,6666,羅麗芬-KY,43.2,43.7,43.0,43.45,-,0.4,57070,2473210.0,-7000,0,0,3000,0,0,10000,0,0
20260706,6952,大武山,34.85,35.4,34.85,35.4,+,0.05,14401,508374.0,-5000,0,-2000,2000,0,0,7000,0,2000
20260706,6464,台數科,77.0,78.0,77.0,77.5,+,0.8,91772,7138063.0,-4000,0,-3000,5000,0,0,9000,0,3000
20260706,2114,鑫永銓,90.5,90.8,90.0,90.4,-,0.1,33516,3024737.0,-7010,0,0,3040,0,0,10050,0,0
20260706,4572,駐龍,153.5,154.5,151.5,152.0,+,1.0,58726,8964120.0,-7011,0,0,10070,0,0,17081,0,0
20260706,1471,首利,11.15,11.3,10.85,10.9,-,0.2,705896,7801461.0,-10356,0,3000,194000,0,3000,204356,0,0
20260706,7823,奧義賽博-KY創,81.5,81.5,80.0,80.0,-,0.9,31808,2563725.0,-8000,0,298,0,0,5000,8000,0,4702
20260706,6949,沛爾生醫-創,890.0,902.0,875.0,891.0,-,25.0,122562,109200266.0,-11000,0,3004,35000,0,14044,46000,0,11040
20260706,1506,正道,10.5,10.65,10.45,10.55,+,0.05,321278,3392442.0,-6000,0,-2000,72000,0,0,78000,0,2000
20260706,1338,廣華-KY,17.75,17.8,17.55,17.65,+,0.05,116993,2063555.0,-8000,0,0,17000,0,0,25000,0,0
20260706,2028,威致,16.3,16.35,16.1,16.2,,0.0,72186,1168128.0,-7000,0,-1000,11000,0,0,18000,0,1000
20260706,6902,GOGOLOOK,134.0,135.0,131.0,132.5,-,1.5,54978,7302683.0,-8070,0,0,7030,0,0,15100,0,0
20260706,9919,康那香,14.0,14.2,14.0,14.0,,0.0,596653,8401486.0,-8206,0,0,154794,0,0,163000,0,0
20260706,6933,AMAX-KY,153.0,156.0,149.0,149.0,-,3.0,105943,16082472.0,-7993,0,-215,27007,0,1054,35000,0,1269
20260706,3032,偉訓,80.8,82.0,79.3,79.4,+,0.4,384595,30906055.0,-9000,0,572,113000,0,2000,122000,0,1428
20260706,4770,上品,222.5,225.5,219.0,220.0,,0.0,252284,56081257.0,-10000,0,1321,79000,0,3206,89000,0,1885
20260706,6934,心誠鎂,70.0,70.0,67.5,68.0,-,1.5,43209,2974574.0,-9000,0,0,6000,0,0,15000,0,0
20260706,6958,日盛台駿,17.0,17.0,16.65,16.85,-,0.15,30657,514483.0,-9000,0,0,5000,0,1000,14000,0,1000
20260706,2432,倚天酷碁-創,28.7,28.9,28.6,28.65,+,0.05,36598,1049363.0,-6000,0,-3000,3000,0,0,9000,0,3000
20260706,6861,睿生光電,338.5,344.5,321.0,321.5,-,6.0,402082,132803026.0,-15974,0,6855,122449,0,12275,138423,0,5420
20260706,00908,富邦入息REITs+,15.34,15.43,15.34,15.4,+,0.06,121419,1869230.0,11000,0,-20559,11000,0,58188,0,0,78747
20260706,6923,中台,78.0,79.2,77.7,78.9,+,1.9,141840,11143226.0,-10000,0,373,27000,0,1373,37000,0,1000
20260706,6796,晉弘,60.6,60.6,58.8,59.2,-,1.3,38032,2259090.0,-9000,0,-1000,7000,0,0,16000,0,1000
20260706,4560,強信-KY,34.4,34.7,33.5,34.1,-,0.3,189790,6494696.0,-10000,0,0,112000,0,1000,122000,0,1000
20260706,1218,泰山,17.2,17.3,17.1,17.3,-,0.05,1040070,17935627.0,-10000,0,0,145000,0,1000,155000,0,1000
20260706,3168,眾福科,45.8,46.5,44.9,45.55,+,0.5,48255,2205154.0,-11000,0,1000,9000,0,1000,20000,0,0
20260706,4426,利勤,9.0,9.0,8.52,8.52,-,0.48,591722,5159057.0,-11200,0,632,71000,0,3000,82200,0,2368
20260706,6582,申豐,33.4,33.85,33.1,33.5,+,0.1,64511,2151108.0,-11000,0,0,9000,0,0,20000,0,0
20260706,9931,欣高,33.55,33.75,33.25,33.45,-,0.05,38300,1277688.0,-11000,0,0,6000,0,0,17000,0,0
20260706,3021,鴻名,29.1,29.3,28.1,28.3,-,0.95,500064,14228711.0,-10000,0,-1000,130000,0,1000,140000,0,2000
20260706,1472,三洋實業,87.8,88.4,87.7,87.9,+,0.3,37159,3263095.0,-11000,0,0,3000,0,0,14000,0,0
20260706,2516,新建,14.1,14.1,13.8,14.0,-,0.1,391228,5432674.0,-11000,0,0,34000,0,1000,45000,0,1000
20260706,2477,美隆電,22.7,22.7,22.0,22.2,-,0.1,220522,4923650.0,-11000,0,0,78000,0,0,89000,0,0
20260706,1517,利奇,11.2,11.35,11.05,11.35,+,0.15,674746,7564929.0,-11000,0,-25,145000,0,0,156000,0,25
20260706,7749,意騰-KY,436.5,436.5,421.0,427.0,-,5.5,200364,85774930.0,-12648,0,902,46352,0,1186,59000,0,284
20260706,3679,新至陞,109.5,110.5,109.0,110.0,+,0.5,30892,3387386.0,-12000,0,0,1000,0,0,13000,0,0
20260706,1456,怡華,14.5,14.5,13.85,14.3,+,0.2,100104,1413167.0,0,0,-12000,16000,0,0,16000,0,12000
20260706,3046,建碁,52.8,53.4,52.3,53.1,+,0.4,265496,14050193.0,-12057,0,0,89070,0,0,101127,0,0
20260706,7730,暉盛-創,189.0,193.0,189.0,190.0,-,1.5,62380,11917108.0,-12000,0,-190,15000,0,1000,27000,0,1190
20260706,6657,華安,37.95,37.95,36.3,36.75,-,0.4,95859,3535836.0,-13000,0,0,25000,0,0,38000,0,0
20260706,6141,柏承,37.95,38.65,37.3,37.5,-,0.25,392555,14792629.0,-12000,0,-1000,8000,0,2000,20000,0,3000
20260706,2305,全友,40.5,42.65,40.5,42.65,+,3.85,2877286,121363553.0,-9000,0,-4068,196000,0,1000,205000,0,5068
20260706,00901,永豐智能車供應鏈,48.11,48.11,47.0,47.35,-,0.46,122257,5841916.0,-4000,0,-9295,61000,0,23000,65000,0,32295
20260706,3057,喬鼎,19.35,20.1,19.3,19.5,+,0.2,193047,3792628.0,-13980,0,0,47020,0,2000,61000,0,2000
20260706,3266,昇陽,13.6,13.6,13.45,13.55,-,0.05,44973,608864.0,-14000,0,-1000,7000,0,0,21000,0,1000
20260706,1530,亞崴,30.6,30.6,29.7,29.75,-,0.25,68681,2064354.0,-17000,0,1937,13000,0,3179,30000,0,1242
20260706,6924,榮惠-KY創,130.5,133.5,124.0,129.5,,0.0,70330,9008597.0,-20000,0,4908,1000,0,21000,21000,0,16092
20260706,7765,中華資安,227.0,227.0,222.0,225.0,+,3.0,54770,12252400.0,-15000,0,-380,6000,0,0,21000,0,380
20260706,8201,無敵,13.5,13.5,13.25,13.25,-,0.15,67421,901697.0,-16000,0,0,2000,0,0,18000,0,0
20260706,2702,華園,13.3,13.55,13.3,13.4,+,0.1,66194,889710.0,-17000,0,1000,4000,0,4000,21000,0,3000
20260706,6641,基士德-KY,19.1,20.2,18.95,19.25,+,0.85,476511,9390675.0,-17000,0,730,64000,0,3170,81000,0,2440
20260706,9942,茂順,120.0,120.0,118.0,118.5,-,1.0,83988,9970695.0,-15440,0,-1000,16000,0,0,31440,0,1000
20260706,7786,東方風能,126.0,127.0,124.0,124.0,-,2.0,185678,23193825.0,-17297,0,856,40000,0,1000,57297,0,144
20260706,8429,金麗-KY,6.47,6.51,6.42,6.47,-,0.01,313065,2018375.0,-16938,0,0,34062,0,0,51000,0,0
20260706,2509,全坤建,13.6,13.65,13.4,13.55,-,0.05,93297,1262865.0,-17000,0,0,2000,0,1000,19000,0,1000
20260706,7740,熙特爾-創,150.0,152.0,145.0,145.0,-,5.0,76454,11267137.0,-17000,0,-40,11000,0,3000,28000,0,3040
20260706,8271,宇瞻,196.0,200.0,191.0,196.0,+,3.0,1779508,350037007.0,-116850,100000,-419,445150,100000,11148,562000,0,11567
20260706,6108,競國,19.1,19.35,18.85,19.0,,0.0,607002,11560348.0,-18000,0,592,168000,0,2000,186000,0,1408
20260706,6792,詠業,66.7,70.1,65.3,65.8,-,0.9,162559,11052475.0,-17934,0,0,32066,0,0,50000,0,0
20260706,2538,基泰,10.0,10.0,9.94,9.97,,0.0,254032,2537436.0,-18000,0,0,71000,0,0,89000,0,0
20260706,2420,新巨,64.0,64.0,61.4,62.0,,0.0,570481,35598925.0,-65310,0,46681,141690,0,46681,207000,0,0
20260706,6243,迅杰,40.1,42.75,40.1,41.2,+,1.1,413181,17090998.0,-19000,0,230,11000,0,3000,30000,0,2770
20260706,3557,嘉威,26.55,26.9,26.2,26.25,,0.0,73938,1955465.0,-18000,0,-1000,5000,0,0,23000,0,1000
20260706,8103,瀚荃,104.0,105.0,100.5,102.5,-,1.5,946619,97575895.0,-3451,0,-15653,305549,0,2001,309000,0,17654
20260706,1418,東華,18.75,20.15,18.3,18.55,+,0.1,215099,4134083.0,-19000,0,-845,13000,0,0,32000,0,845
20260706,1526,日馳,15.15,15.3,14.6,15.0,+,0.05,163412,2436862.0,-21000,0,1000,18000,0,1000,39000,0,0
20260706,6166,凌華,135.5,135.5,130.0,130.5,-,3.5,825485,109086648.0,-20150,0,-529,292850,0,9000,313000,0,9529
20260706,3686,達能,17.4,17.6,17.0,17.3,,0.0,194102,3365812.0,-20960,0,0,52041,0,0,73001,0,0
20260706,8466,美吉吉-KY,17.4,17.45,17.05,17.3,-,0.1,69112,1194231.0,-21000,0,0,18000,0,0,39000,0,0
20260706,2704,國賓,45.0,45.3,44.85,45.1,+,0.2,70113,3156579.0,-20000,0,-1000,29000,0,0,49000,0,1000
20260706,2459,敦吉,64.5,65.0,64.1,64.1,-,0.2,64890,4181083.0,-21000,0,0,13000,0,0,34000,0,0
20260706,9917,中保科,107.0,107.0,106.0,106.0,-,1.0,444977,47433143.0,-58600,44000,-7000,168000,45000,0,226600,1000,7000
20260706,6854,錼創科技-KY創,124.0,124.5,121.5,121.5,-,1.5,223513,27376702.0,-26000,0,4041,61000,0,24000,87000,0,19959
20260706,5215,科嘉-KY,46.8,47.25,46.15,46.8,+,1.0,150891,7055334.0,-21000,0,-1000,29000,0,0,50000,0,1000
20260706,1108,幸福,13.95,14.15,13.95,14.1,+,0.2,496674,6969748.0,-21000,0,-1000,88000,0,0,109000,0,1000
20260706,1445,大宇,12.6,12.6,12.05,12.05,-,0.55,253611,3087302.0,-18000,0,-4063,47000,0,0,65000,0,4063
20260706,4916,事欣科,116.0,117.0,112.0,112.5,-,2.5,8222338,936783224.0,-7350,0,-14724,2263000,0,23000,2270350,0,37724
20260706,2107,厚生,25.95,26.0,25.7,25.85,+,0.05,189644,4901884.0,-22160,0,0,64840,0,0,87000,0,0
20260706,2348,海悅,76.0,77.9,75.3,76.3,+,0.3,716994,54979966.0,-22620,0,319,198380,0,4320,221000,0,4001
20260706,6533,晶心科,201.5,210.5,200.0,200.0,,0.0,472020,96137818.0,-22329,0,-124,205581,0,2833,227910,0,2957
20260706,2642,宅配通,21.25,21.4,21.1,21.25,,0.0,89534,1901798.0,-23000,0,0,7000,0,0,30000,0,0
20260706,2239,英利-KY,23.65,23.9,22.65,22.95,-,0.25,361470,8273256.0,-21000,0,-2162,49000,0,8000,70000,0,10162
20260706,6757,台灣虎航,61.0,61.3,59.2,60.7,+,0.2,1494274,90442127.0,3381,0,-26556,543505,0,1000,540124,0,27556
20260706,6442,光聖,1675.0,1690.0,1580.0,1595.0,-,45.0,1361656,2209895745.0,-8978,0,-14369,457066,0,51218,466044,0,65587
20260706,1603,華電,32.6,33.5,32.6,32.9,+,0.3,330265,10902361.0,-24000,0,0,85000,0,0,109000,0,0
20260706,2616,山隆,14.1,14.1,13.7,13.7,-,0.1,217720,3010339.0,-24000,0,0,41000,0,0,65000,0,0
20260706,00728,第一金工業30,66.9,66.9,65.0,65.9,-,0.4,143982,9475855.0,37000,0,-61307,41000,0,67000,4000,0,128307
20260706,1626,艾美特-KY,11.65,11.95,11.25,11.35,+,0.15,260744,3008508.0,-23000,0,-2000,42000,0,1000,65000,0,3000
20260706,4912,聯德控股-KY,88.8,91.0,88.7,89.9,+,1.6,389404,34877837.0,-26000,0,0,126000,0,0,152000,0,0
20260706,4562,穎漢,37.05,37.35,35.9,35.9,-,0.75,654578,23824392.0,-25958,0,-1381,162042,0,1619,188000,0,3000
20260706,3530,晶相光,70.1,71.8,69.0,69.5,-,0.2,176235,12410512.0,-27000,0,-1000,55000,0,0,82000,0,1000
20260706,00701,國泰股利精選30,39.02,39.5,39.02,39.33,+,0.32,447833,17587179.0,-45000,0,16152,70000,0,238492,115000,0,222340
20260706,2072,世紀風電,147.5,152.5,147.0,147.5,+,0.5,581196,86987565.0,-118743,88000,1817,134000,138000,3000,252743,50000,1183
20260706,9906,欣巴巴,43.15,43.25,42.0,42.9,+,0.4,116061,4926827.0,-28973,0,0,24027,0,0,53000,0,0
20260706,1325,恆大,25.35,25.6,25.2,25.35,,0.0,128577,3260349.0,-27978,0,-1000,19022,0,0,47000,0,1000
20260706,1416,廣豐,11.25,11.3,11.15,11.2,,0.0,300228,3369436.0,-30000,0,1000,7000,0,1000,37000,0,0
20260706,6152,百一,14.0,14.0,13.45,13.7,+,0.15,859510,11752542.0,-29461,0,0,271000,0,0,300461,0,0
20260706,2243,宏旭-KY,67.8,67.8,65.5,66.0,+,0.1,352233,23455950.0,-31000,0,1000,7000,0,1000,38000,0,0
20260706,00730,富邦臺灣優質高息,29.87,29.87,29.41,29.69,+,0.19,156082,4625943.0,-3000,0,-27187,1000,0,40653,4000,0,67840
20260706,1473,台南,20.95,21.2,20.55,20.8,,0.0,160489,3342044.0,-30000,0,-1000,24000,0,0,54000,0,1000
20260706,9943,好樂迪,53.0,54.0,53.0,53.4,,0.0,237192,12675686.0,-32000,0,1000,45000,0,1000,77000,0,0
20260706,4737,華廣,57.0,57.3,56.1,56.7,,0.0,79005,4470480.0,-31000,0,0,25000,0,0,56000,0,0
20260706,9930,中聯資源,65.0,65.0,64.1,64.2,-,0.5,288328,18545993.0,-23271,0,-8000,34000,0,4000,57271,0,12000
20260706,2762,世界健身-KY,83.1,83.5,82.9,83.4,+,0.4,99415,8279434.0,-31000,0,-1000,43000,0,1000,74000,0,2000
20260706,1225,福懋油,28.3,28.45,27.85,28.05,-,0.6,427765,11992574.0,-33011,0,1000,41000,0,1000,74011,0,0
20260706,1707,葡萄王,93.0,94.1,92.8,93.2,+,0.3,547276,51042393.0,-25089,0,-7044,206000,0,1000,231089,0,8044
20260706,2739,寒舍,37.95,38.2,37.65,37.75,-,0.2,310887,11793554.0,-33000,0,0,49000,0,1000,82000,0,1000
20260706,5244,弘凱,36.15,36.7,35.65,35.85,-,0.3,179801,6474371.0,-35000,0,2000,68000,0,2000,103000,0,0
20260706,2444,兆勁,12.95,13.05,12.55,12.7,-,0.2,401627,5146232.0,-33001,0,0,91000,0,1000,124001,0,1000
20260706,1737,臺鹽,32.05,32.1,31.9,32.0,-,0.05,92720,2966381.0,-30000,0,-4000,11000,0,0,41000,0,4000
20260706,4722,國精化,280.5,286.0,267.0,268.0,-,9.0,1076511,294279672.0,26404,-1000,-59779,298404,0,28404,272000,1000,88183
20260706,00692,富邦公司治理,93.8,94.55,93.0,93.5,+,0.25,1016327,95277404.0,159015,0,-193589,223015,0,238150,64000,0,431739
20260706,3563,牧德,796.0,798.0,772.0,777.0,-,10.0,1180009,923848114.0,-112233,84000,-6373,383772,84000,22764,496005,0,29137
20260706,8249,菱光,49.5,50.0,48.6,49.1,,0.0,503839,24867824.0,20000,0,-55285,200000,0,2000,180000,0,57285
20260706,1533,車王電,37.55,38.2,37.4,37.5,,0.0,128689,4859140.0,-36000,0,0,27000,0,0,63000,0,0
20260706,3622,洋華,58.3,59.5,57.6,57.9,-,0.4,358048,20905991.0,-32050,0,-4431,107000,0,1302,139050,0,5733
20260706,2614,東森,18.75,18.75,18.45,18.5,-,0.05,515418,9566498.0,-37620,0,0,135000,0,1000,172620,0,1000
20260706,3419,譁裕,14.05,14.9,14.05,14.25,+,0.25,569250,8258698.0,-40000,0,1000,125000,0,2000,165000,0,1000
20260706,7821,神數,42.2,42.65,42.0,42.05,-,0.1,100799,4253271.0,-37000,0,-3000,19000,0,0,56000,0,3000
20260706,1809,中釉,55.0,55.0,52.0,52.0,-,1.9,4179323,222157584.0,-39759,0,-429,659241,0,19000,699000,0,19429
20260706,1702,南僑,33.45,34.25,33.4,33.85,+,1.3,1176247,39715929.0,-41357,0,682,286243,0,2000,327600,0,1318
20260706,1324,地球,11.0,11.0,10.6,10.6,-,0.25,158437,1709673.0,-41000,0,0,2000,0,0,43000,0,0
20260706,7705,三商餐飲,31.5,31.5,31.0,31.2,,0.0,124268,3873958.0,-39000,0,-2000,13000,0,0,52000,0,2000
20260706,00645,富邦日本,57.75,57.85,57.5,57.85,+,0.4,134623,7771161.0,1185,0,-42731,1209,0,25000,24,0,67731
20260706,7711,永擎,328.0,331.0,325.0,325.0,+,0.5,156380,51265698.0,-41000,0,-1021,18000,0,2000,59000,0,3021
20260706,3413,京鼎,329.5,331.5,320.5,325.5,-,1.0,1661884,541918699.0,-40000,0,-3270,442000,0,14023,482000,0,17293
20260706,9924,福興,40.5,40.85,40.3,40.35,-,0.15,118549,4796856.0,-44000,0,-1000,28000,0,0,72000,0,1000
20260706,6906,現觀科,90.0,91.0,87.3,87.3,-,4.0,150443,13279964.0,-45000,0,-843,12000,0,4000,57000,0,4843
20260706,4935,茂林-KY,37.7,37.9,36.8,36.9,-,0.8,103527,3840499.0,-47000,0,0,17000,0,0,64000,0,0
20260706,7803,雲象科技-創,23.85,24.0,23.1,23.35,-,0.45,166730,3910951.0,-54000,0,6843,3000,0,18000,57000,0,11157
20260706,6928,攸泰科技,57.6,60.0,56.5,57.1,-,0.5,1221935,71200424.0,-45981,0,-1936,274019,0,1000,320000,0,2936
20260706,2233,宇隆,275.0,279.5,262.0,264.5,-,10.5,1191599,320696767.0,-44000,0,-4562,114000,0,24000,158000,0,28562
20260706,6117,迎廣,75.0,75.3,73.8,73.8,-,0.6,160920,11965669.0,-48772,0,-56,34228,0,3000,83000,0,3056
20260706,00902,中信電池及儲能,14.4,14.45,14.21,14.24,-,0.16,1369649,19608088.0,-20000,0,-28848,13000,0,502000,33000,0,530848
20260706,4414,如興,9.49,9.49,9.01,9.01,-,0.35,590198,5404829.0,-49000,0,0,191000,0,0,240000,0,0
20260706,2020,美亞,21.75,21.8,21.65,21.75,+,0.05,229005,4980727.0,-49000,0,0,58000,0,1000,107000,0,1000
20260706,2017,官田鋼,9.55,9.72,9.45,9.45,-,0.09,543768,5197674.0,-49110,0,0,141000,0,0,190110,0,0
20260706,00861,元大全球未來通訊,91.85,92.45,91.3,92.05,+,0.1,237021,21740656.0,-99968,0,50071,3032,0,108000,103000,0,57929
20260706,7827,漢康-KY創,161.5,161.5,153.0,156.0,-,5.5,356957,55883197.0,-57304,0,7368,46620,0,35496,103924,0,28128
20260706,1597,直得,156.0,157.5,151.0,151.5,-,4.5,1547161,238426010.0,-48719,0,-1331,507281,0,16929,556000,0,18260
20260706,6197,佳必琪,375.0,375.0,363.0,372.5,,0.0,2476580,916799914.0,-16229,0,-34584,727111,1000,44406,743340,1000,78990
20260706,7721,微程式,74.1,76.0,71.4,71.5,-,4.1,265318,19345703.0,-53000,0,1000,40000,0,1000,93000,0,0
20260706,8011,台通,18.15,18.35,17.9,17.95,-,0.05,1031155,18677823.0,-49000,0,-4000,157000,0,0,206000,0,4000
20260706,1414,東和,19.65,19.7,19.2,19.55,+,0.1,190268,3687829.0,-56059,0,2000,32000,0,2000,88059,0,0
20260706,1436,華友聯,45.6,46.2,45.5,45.6,,0.0,332284,15212302.0,-55000,0,0,91000,0,0,146000,0,0
20260706,3052,夆典,11.1,11.2,11.0,11.0,-,0.05,381674,4228919.0,-51000,0,-4000,69000,0,1000,120000,0,5000
20260706,2395,研華,523.0,528.0,506.0,515.0,-,6.0,1522169,785285614.0,-81384,29540,-3207,829124,33540,24405,910508,4000,27612
20260706,6944,兆聯實業,992.0,992.0,968.0,981.0,-,11.0,327357,321286877.0,-53168,0,-4068,129010,0,2552,182178,0,6620
20260706,2236,百達-KY,188.0,189.0,180.5,184.0,,0.0,1665511,308446991.0,-53990,0,-3272,559010,0,1000,613000,0,4272
20260706,3450,聯鈞,555.0,555.0,510.0,520.0,-,10.0,1475890,783601023.0,-96348,-1000,40000,225032,0,47000,321380,1000,7000
20260706,2911,麗嬰房,8.3,8.31,7.8,7.83,-,0.17,351332,2813876.0,-58000,0,0,81000,0,1000,139000,0,1000
20260706,3701,大眾控,46.0,46.45,44.5,44.8,-,0.65,959156,43680387.0,-58434,0,372,277566,0,5515,336000,0,5143
20260706,1452,宏益,12.25,12.25,11.8,11.95,,0.0,427346,5109512.0,-59000,0,0,34000,0,0,93000,0,0
20260706,3308,聯德,22.7,24.0,22.4,22.65,,0.0,510079,11851270.0,-61000,0,309,88000,0,1803,149000,0,1494
20260706,4536,拓凱,176.5,177.0,174.5,175.0,+,2.5,521634,91858739.0,-63496,0,1196,110504,0,1196,174000,0,0
20260706,1732,毛寶,26.8,26.8,26.35,26.6,-,0.15,125759,3344570.0,-64000,0,0,22000,0,0,86000,0,0
20260706,00960,野村全球航運龍頭,17.28,17.42,17.27,17.41,+,0.16,951126,16515894.0,2060,0,-66335,10060,0,495000,8000,0,561335
20260706,2753,八方雲集,182.0,182.0,180.5,180.5,-,2.0,297940,53909854.0,-60000,-1750,-3000,72000,0,0,132000,1750,3000
20260706,6550,北極星藥業-KY,13.85,14.15,13.55,13.85,+,0.15,1348419,18650588.0,-64000,0,-1000,407000,0,9000,471000,0,10000
20260706,4949,有成精密,80.3,82.3,77.8,78.6,-,0.8,580841,46230614.0,-66105,0,1000,138895,0,1000,205000,0,0
20260706,7822,倍利科,1205.0,1205.0,1105.0,1120.0,-,55.0,268395,305989030.0,-64911,0,-459,23219,0,1000,88130,0,1459
20260706,8213,志超,36.25,36.5,35.8,35.9,-,0.3,412237,14887532.0,-65000,0,-1000,139000,0,1000,204000,0,2000
20260706,00652,富邦印度,33.46,33.65,33.28,33.65,+,0.17,761340,25459270.0,444557,0,-510821,446557,0,92000,2000,0,602821
20260706,2013,中鋼構,41.65,41.75,41.35,41.5,-,0.15,206203,8568431.0,-67000,0,-94,31000,0,4000,98000,0,4094
20260706,6715,嘉基,537.0,537.0,470.0,470.0,-,19.0,270158,134116957.0,-73000,0,5637,21000,0,9163,94000,0,3526
20260706,3002,歐格,21.9,22.35,21.5,21.65,-,0.15,441715,9670845.0,-69000,0,999,56000,0,1000,125000,0,1
20260706,1617,榮星,26.95,26.95,25.8,26.7,+,2.2,3331504,88441082.0,-49000,0,-21128,56000,0,7000,105000,0,28128
20260706,3652,精聯,38.2,38.7,37.2,37.3,-,1.2,176238,6649787.0,-71640,0,0,27360,0,0,99000,0,0
20260706,6890,來億-KY,218.5,233.0,207.0,212.5,+,0.5,1043057,227011017.0,-65671,3000,-9490,375644,3000,7913,441315,0,17403
20260706,6909,創控,59.3,61.5,57.5,57.6,-,2.1,1514612,90054324.0,-77000,0,4000,272000,0,4000,349000,0,0
20260706,8473,山林水,49.25,49.5,48.6,48.6,-,0.55,541312,26509732.0,-73000,0,0,102000,0,0,175000,0,0
20260706,6591,動力-KY,55.5,56.0,55.3,55.8,+,0.5,517991,28835435.0,-73000,0,-43,61000,0,0,134000,0,43
20260706,3008,大立光,4210.0,4280.0,4010.0,4135.0,-,95.0,2078150,8605759010.0,89151,-160390,-3060,851940,6110,146957,762789,166500,150017
20260706,2025,千興,13.65,13.8,13.35,13.45,-,0.2,417571,5632652.0,-81825,0,7000,88175,0,7000,170000,0,0
20260706,9955,佳龍,27.2,27.4,27.0,27.15,+,0.1,266625,7254917.0,-77000,0,-1000,49000,0,0,126000,0,1000
20260706,2010,春源,21.65,21.8,21.45,21.8,+,0.25,1206050,26118872.0,-91000,0,12907,558000,0,15000,649000,0,2093
20260706,1736,喬山,133.5,133.5,129.0,131.5,,0.0,624650,82399159.0,-74303,-2000,-2000,130350,0,2000,204653,2000,4000
20260706,6698,旭暉應材,41.3,45.3,41.3,42.05,+,0.85,954590,41505748.0,-81000,0,1011,239000,0,1011,320000,0,0
20260706,6585,鼎基,131.5,134.0,128.0,129.0,-,5.5,440361,57424851.0,-80088,0,0,54000,0,1000,134088,0,1000
20260706,2032,新鋼,17.05,17.35,16.9,16.95,-,0.3,291547,4971545.0,-81000,0,0,54000,0,0,135000,0,0
20260706,1340,勝悅-KY,5.9,6.21,5.81,5.83,-,0.01,1096468,6508884.0,-74000,0,-7483,152000,0,0,226000,0,7483
20260706,6838,台新藥,24.8,25.8,24.6,24.75,-,0.1,269818,6756147.0,-87000,0,4000,25000,0,4000,112000,0,0
20260706,9938,百和,46.4,46.9,45.4,45.4,-,0.5,1665914,76757940.0,-68001,-7081,-8098,468000,0,6455,536001,7081,14553
20260706,5434,崇越,527.0,535.0,521.0,522.0,-,9.0,1910630,1006287185.0,-870887,789000,-2912,457113,811000,7400,1328000,22000,10312
20260706,3130,一零四,221.0,221.5,220.5,221.0,,0.0,99918,22089918.0,-88120,0,2000,4000,0,2000,92120,0,0
20260706,5484,慧友,47.65,48.8,47.0,47.75,+,0.2,434487,20835146.0,-84941,0,-2000,75059,0,0,160000,0,2000
20260706,3501,維熹,41.5,42.95,41.25,41.55,+,0.5,556978,23383527.0,-86010,0,-1000,152000,0,0,238010,0,1000
20260706,00752,中信中國50,21.49,21.82,21.21,21.73,+,0.43,1513450,32659522.0,100868,0,-188024,277000,0,420857,176132,0,608881
20260706,3535,晶彩科,117.0,118.5,113.0,113.0,-,3.5,1212314,138764509.0,-87385,0,-3,155615,0,14000,243000,0,14003
20260706,2059,川湖,8000.0,8000.0,7495.0,7785.0,-,215.0,468046,3602183845.0,-62016,-25935,-251,206574,2065,11947,268590,28000,12198
20260706,1527,鑽全,34.2,34.45,33.7,33.9,-,0.3,328567,11162261.0,-89001,0,-1000,57000,0,0,146001,0,1000
20260706,1474,弘裕,11.65,11.65,10.65,10.8,-,0.55,1229112,13635310.0,-89000,0,-1324,124000,0,14000,213000,0,15324
20260706,1432,大魯閣,15.5,15.6,15.25,15.3,+,0.1,319052,4922187.0,-91999,0,0,42001,0,0,134000,0,0
20260706,3533,嘉澤,2220.0,2320.0,2125.0,2125.0,-,50.0,1154220,2522660731.0,-71964,-23000,1660,767497,0,17459,839461,23000,15799
20260706,8021,尖點,569.0,569.0,530.0,530.0,-,28.0,701034,378263143.0,-99880,-11000,13000,130927,0,37000,230807,11000,24000
20260706,1712,興農,40.15,40.3,39.9,39.9,-,0.25,583178,23364428.0,-79891,-2000,-17000,220109,0,0,300000,2000,17000
20260706,8210,勤誠,1305.0,1315.0,1280.0,1290.0,-,15.0,530994,688806545.0,-96813,2000,-4946,138356,2000,22591,235169,0,27537
20260706,1587,吉茂,28.8,29.5,28.7,28.8,+,0.6,639459,18620616.0,-102000,0,738,148000,0,3000,250000,0,2262
20260706,1560,中砂,769.0,769.0,740.0,745.0,-,11.0,623502,468225536.0,-81212,1000,-21642,168789,1000,12279,250001,0,33921
20260706,4976,佳凌,40.4,41.05,39.05,39.4,-,0.85,2587082,103205077.0,-101551,0,-806,405449,0,0,507000,0,806
20260706,00911,兆豐洲際半導體,64.0,64.15,63.2,63.4,-,0.05,441402,28071378.0,4555,0,-110093,15555,0,61000,11000,0,171093
20260706,8072,陞泰,29.8,29.8,29.0,29.3,,0.0,280523,8238932.0,-106136,0,0,26000,0,0,132136,0,0
20260706,3543,州巧,29.5,31.95,29.5,31.95,+,2.9,954528,29908158.0,-107000,0,747,233000,0,747,340000,0,0
20260706,9103,美德醫療-DR,5.27,5.33,5.17,5.18,-,0.09,909150,4774624.0,-105000,0,-1516,155000,0,59,260000,0,1575
20260706,1232,大統益,152.0,154.0,148.5,149.0,+,2.5,933086,140900926.0,-106000,-1000,0,216000,0,0,322000,1000,0
20260706,2250,IKKA-KY,72.0,73.5,69.1,69.4,-,2.1,531098,37455462.0,-107000,0,0,65000,0,1000,172000,0,1000
20260706,6919,康霈*,102.5,104.0,99.9,100.0,+,0.3,4440186,450253332.0,-130829,-5000,28732,1344079,0,32732,1474908,5000,4000
20260706,00639,富邦深100,18.25,18.34,17.88,18.1,-,0.16,914081,16569661.0,19054,0,-126358,144054,0,420054,125000,0,546412
20260706,00850,元大臺灣ESG永續,93.4,93.8,91.9,92.55,-,0.15,517200,47990975.0,-13000,0,-94713,36000,0,97984,49000,0,192697
20260706,9914,美利達,77.7,78.5,75.5,75.9,-,0.7,984266,75425125.0,-187044,4000,74826,285303,5000,90000,472347,1000,15174
20260706,4108,懷特,12.5,12.9,12.45,12.5,+,0.15,500399,6326959.0,-109000,0,-1056,70000,0,1000,179000,0,2056
20260706,1310,台苯,12.05,12.45,11.65,11.8,+,0.4,38501497,460431522.0,-84826,0,-25805,12032174,0,26000,12117000,0,51805
20260706,2548,華固,103.5,104.0,102.5,103.0,-,0.5,776340,80055976.0,-90049,-1000,-19734,274010,0,4295,364059,1000,24029
20260706,00941,中信上游半導體,28.82,28.94,28.52,28.75,+,0.11,1401843,40176738.0,-437658,0,326385,28342,0,766324,466000,0,439939
20260706,00951,台新日本半導體,20.64,20.64,20.05,20.49,-,0.13,3332398,67816204.0,-252000,0,140511,39000,0,1878000,291000,0,1737489
20260706,00737,國泰AI機器人,39.5,39.6,39.4,39.6,+,0.22,284634,11249857.0,-162000,0,47444,2000,0,89000,164000,0,41556
20260706,1446,宏和,17.75,17.9,17.4,17.4,-,0.3,1010054,17727704.0,-117000,0,1000,108000,0,2000,225000,0,1000
20260706,6668,中揚光,40.0,40.2,38.8,39.05,-,0.85,755275,29695546.0,-121000,0,0,191000,0,0,312000,0,0
20260706,6695,芯鼎,59.8,63.3,58.6,58.7,+,0.6,2114076,128566478.0,-125000,0,3159,726000,0,5002,851000,0,1843
20260706,3050,鈺德,13.0,13.15,12.75,12.95,+,0.05,1435309,18579050.0,-126000,0,4000,554000,0,4000,680000,0,0
20260706,1568,倉佑,39.15,39.15,37.2,37.5,-,2.0,1031569,38968511.0,-119326,0,-2856,320060,0,4000,439386,0,6856
20260706,4934,太極,18.45,18.45,17.65,17.75,-,0.5,1260472,22682005.0,-125202,0,-1000,215799,0,0,341001,0,1000
20260706,3645,達邁,94.2,94.9,91.0,91.0,-,2.7,1680485,155754635.0,-112579,0,-14289,497421,0,11494,610000,0,25783
20260706,6515,穎崴,10180.0,10180.0,8910.0,8915.0,-,985.0,302012,2797035705.0,-124718,-1393,-2755,51302,2500,17809,176020,3893,20564
20260706,8464,億豐,367.0,375.5,365.5,370.0,+,1.0,512386,189729773.0,-126670,-1677,-3177,295634,0,0,422304,1677,3177
20260706,00762,元大全球AI,114.0,114.95,113.9,114.55,+,0.7,408612,46793047.0,-12996,0,-120620,66004,0,162000,79000,0,282620
20260706,6592,和潤企業,61.6,62.9,61.5,61.9,+,0.6,1241670,77095179.0,-135631,0,1826,527369,0,2027,663000,0,201
20260706,3013,晟銘電,112.0,112.5,108.5,109.0,-,2.5,1170192,128911143.0,-99342,-1000,-36515,178658,0,2290,278000,1000,38805
20260706,2537,聯上發,11.3,11.5,11.15,11.2,,0.0,1571590,17775128.0,-138000,0,1000,425000,0,1000,563000,0,0
20260706,00678,群益那斯達克生技,41.85,41.88,41.69,41.79,+,0.07,764023,31923433.0,-52000,0,-86200,1000,0,589000,53000,0,675200
20260706,2543,皇昌,40.2,40.35,39.15,39.45,+,0.25,801300,31740093.0,-133163,-1000,-4223,202837,0,1000,336000,1000,5223
20260706,4137,麗豐-KY,97.5,97.6,96.3,96.5,-,0.2,303302,29331872.0,-139000,0,3,45000,0,4000,184000,0,3997
20260706,2022,聚亨,8.25,8.38,8.06,8.13,-,0.07,1430841,11774944.0,-139840,0,0,379246,0,1000,519086,0,1000
20260706,2104,國際中橡,11.5,11.65,11.15,11.4,+,0.2,11989190,136549165.0,-302000,0,157259,3403000,0,159715,3705000,0,2456
20260706,6526,達發,710.0,715.0,684.0,686.0,-,20.0,609979,424644395.0,-161940,22000,-8371,80887,23000,4014,242827,1000,12385
20260706,2488,漢平,54.5,54.6,53.7,54.3,-,0.1,409176,22152640.0,-148360,0,0,45640,0,0,194000,0,0
20260706,4195,基米-創,17.25,18.0,16.8,17.45,+,0.75,554381,9644756.0,-15000,0,-142863,126000,0,25464,141000,0,168327
20260706,6215,和椿,114.0,116.5,113.0,115.5,+,3.0,1888806,217084466.0,-157900,0,-36,357100,0,9534,515000,0,9570
20260706,3443,創意,5105.0,5105.0,4555.0,4605.0,-,435.0,2512560,11907340800.0,62239,-228006,7602,850515,4094,119474,788276,232100,111872
20260706,3017,奇鋐,2790.0,2790.0,2615.0,2670.0,-,90.0,3733969,10032199845.0,-351451,195375,-3700,1569024,207375,160724,1920475,12000,164424
20260706,3653,健策,3475.0,3475.0,3320.0,3320.0,-,100.0,756812,2556222595.0,-131420,-25898,-5277,359047,102,32020,490467,26000,37297
20260706,3135,凌航,188.0,190.5,182.0,183.0,-,1.5,1372492,255113759.0,-165580,0,2107,268420,0,7679,434000,0,5572
20260706,1467,南緯,10.35,10.35,9.03,9.31,-,0.4,5797832,55868832.0,-157000,0,-7397,1057000,0,4000,1214000,0,11397
20260706,6937,天虹,290.0,296.0,275.0,275.0,-,12.0,598589,169829342.0,-113732,0,-51601,135268,0,7369,249000,0,58970
20260706,3703,欣陸,20.85,21.1,20.75,20.85,,0.0,837475,17538354.0,-165000,-2000,941,239000,0,1000,404000,2000,59
20260706,8454,富邦媒,297.0,297.0,280.5,281.0,-,12.0,1436055,408982150.0,-124182,-43000,-49,331830,0,16242,456012,43000,16291
20260706,3010,華立,128.5,129.5,127.0,127.0,-,1.0,481508,61697344.0,-159090,-2000,-6385,108000,0,7000,267090,2000,13385
20260706,2211,長榮鋼,96.8,97.6,96.5,96.8,+,0.3,603795,58661459.0,-159000,-5203,-3968,161000,0,2032,320000,5203,6000
20260706,1616,億泰,23.45,24.1,23.4,23.65,+,0.25,1285493,30575457.0,-167819,0,-1000,251270,0,0,419089,0,1000
20260706,2328,廣宇,52.0,52.4,50.8,51.0,-,0.2,4229991,218298482.0,-184100,0,12965,1522000,0,82242,1706100,0,69277
20260706,6531,愛普*,1005.0,1020.0,954.0,954.0,-,33.0,3675138,3628940021.0,-446909,264000,7942,1241588,271000,92864,1688497,7000,84922
20260706,2413,環科,49.05,49.65,48.05,48.5,+,0.05,1150160,56163868.0,-177061,0,-434,294000,0,1000,471061,0,1434
20260706,00690,兆豐藍籌30,83.85,83.85,81.0,81.65,-,0.8,350217,28759374.0,-50000,0,-131335,10000,0,55000,60000,0,186335
20260706,6691,洋基工程,774.0,774.0,748.0,748.0,-,14.0,1240777,939067510.0,-689547,493000,15142,167869,493000,46471,857416,0,31329
20260706,3550,聯穎,34.0,34.15,32.2,32.2,-,1.2,4717562,155861935.0,-185091,0,2833,1060071,0,6000,1245162,0,3167
20260706,3712,永崴投控,19.1,19.9,18.95,19.45,+,0.5,1104043,21465022.0,-108950,0,-82590,288050,0,12000,397000,0,94590
20260706,6669,緯穎,5325.0,5325.0,4995.0,5035.0,-,230.0,1255424,6402455545.0,-254877,82122,-18880,412312,83122,25230,667189,1000,44110
20260706,1444,力麗,10.0,10.0,9.15,9.15,-,0.8,15947409,151448604.0,-195200,0,3000,2167000,0,5000,2362200,0,2000
20260706,2881,富邦金,122.0,123.0,120.5,121.5,+,0.5,15681809,1905634541.0,1720004,-1848774,-67038,9295035,71778,198401,7575031,1920552,265439
20260706,6805,富世達,1645.0,1650.0,1560.0,1570.0,-,60.0,1609422,2550455925.0,42510,-237000,-4672,606584,0,92985,564074,237000,97657
20260706,3528,安馳,103.0,108.5,100.5,100.5,+,1.7,727994,75152750.0,-200266,0,-70,150822,0,5000,351088,0,5070
20260706,9907,統一實,15.6,15.65,15.4,15.4,-,0.15,3075059,47710717.0,153000,-323693,-30432,1267000,0,2000,1114000,323693,32432
20260706,1466,聚隆,18.4,18.9,17.5,18.3,-,0.1,5769261,104084808.0,328000,0,-532122,1656000,0,0,1328000,0,532122
20260706,6658,聯策,211.0,211.0,200.0,205.5,-,3.0,1510757,311262429.0,-247000,0,35639,316000,0,41000,563000,0,5361
20260706,1806,冠軍,8.65,8.65,8.45,8.52,+,0.01,679510,5782408.0,-211000,0,-2000,42000,0,0,253000,0,2000
20260706,2007,燁興,7.43,7.7,7.43,7.46,-,0.06,1010475,7635686.0,-213000,0,0,70000,0,2000,283000,0,2000
20260706,2427,三商電,26.85,27.1,25.55,25.9,-,0.75,11731589,307602296.0,-203057,0,-12000,2085943,0,0,2289000,0,12000
20260706,6706,惠特,156.0,156.0,146.0,147.0,-,7.0,1421278,213504628.0,-174648,0,-44960,273002,0,5750,447650,0,50710
20260706,5284,jpp-KY,368.0,371.5,356.0,361.5,-,12.0,738635,268392957.0,-207945,0,-14525,66055,0,11839,274000,0,26364
20260706,00876,元大全球5G,101.2,101.2,97.8,98.75,-,1.45,417102,41284496.0,75191,0,-300788,101191,0,12000,26000,0,312788
20260706,00894,中信小資高價30,51.0,51.0,48.95,49.19,-,1.11,1394888,69208786.0,342100,0,-569779,576100,0,171000,234000,0,740779
20260706,2462,良得電,24.6,24.6,23.75,24.15,-,0.35,462110,11136033.0,-230000,0,453,54000,0,6000,284000,0,5547
20260706,4739,康普,114.0,119.5,113.0,115.5,+,2.0,3062509,357159993.0,-263258,0,29780,873742,0,43315,1137000,0,13535
20260706,1582,信錦,83.4,84.2,82.0,82.1,-,0.6,852127,70625047.0,-234950,0,-996,161050,0,5000,396000,0,5996
20260706,3321,同泰,25.2,25.25,23.9,24.15,-,0.85,639838,15580235.0,-236231,0,-100,142000,0,0,378231,0,100
20260706,3062,建漢,25.0,25.3,24.65,24.9,,0.0,2351717,58775401.0,-232000,0,-5241,648000,0,6211,880000,0,11452
20260706,3041,揚智,28.85,29.85,28.05,28.4,-,0.4,1636809,47012786.0,-239315,0,1581,400685,0,3000,640000,0,1419
20260706,6412,群電,99.5,101.0,91.7,92.0,-,6.0,7830531,745227417.0,-123395,-47000,-70868,2304605,0,35254,2428000,47000,106122
20260706,5907,大洋-KY,5.3,5.34,5.12,5.18,-,0.12,757050,3928200.0,-242000,0,0,60000,0,0,302000,0,0
20260706,4956,光鋐,40.15,40.5,38.4,38.8,-,1.2,1766972,69528106.0,-253022,0,8986,386000,0,21000,639022,0,12014
20260706,1305,華夏,14.65,14.65,14.0,14.1,-,0.75,8373855,119279219.0,-105000,0,-144285,2461000,0,20453,2566000,0,164738
20260706,2611,志信,14.35,14.85,14.35,14.5,+,0.2,836197,12224787.0,-261000,0,0,87000,0,0,348000,0,0
20260706,3034,聯詠,542.0,543.0,531.0,538.0,,0.0,3503759,1883446840.0,-806327,612190,-66904,1277609,657000,302662,2083936,44810,369566
20260706,6472,保瑞,436.5,439.5,427.5,430.0,-,9.5,1035550,448362553.0,-234234,-1000,-28573,194499,0,34000,428733,1000,62573
20260706,6672,騰輝電子-KY,317.5,317.5,304.5,308.0,-,7.0,4407424,1368254422.0,-248020,0,-29577,929130,0,68734,1177150,0,98311
20260706,2258,鴻華先進-創,32.9,33.1,32.2,32.25,-,0.65,534461,17409951.0,-279000,0,-1025,55000,0,19000,334000,0,20025
20260706,2485,兆赫,54.2,55.0,52.6,53.1,-,0.5,4686595,251565684.0,-264615,0,-18947,1223385,0,77342,1488000,0,96289
20260706,6451,訊芯-KY,547.0,552.0,513.0,521.0,-,22.0,3063640,1628020186.0,-285152,0,-2722,617086,0,47054,902238,0,49776
20260706,2365,昆盈,35.65,35.9,34.2,34.2,-,0.85,2111420,73481178.0,-287000,0,-2134,468000,0,7152,755000,0,9286
20260706,3694,海華,66.9,67.5,65.0,65.5,-,1.5,2429201,160251075.0,-284720,0,-6973,421280,0,5000,706000,0,11973
20260706,9910,豐泰,68.2,69.7,68.2,69.2,+,0.6,1586100,109031147.0,-320182,10000,18161,797225,18000,26000,1117407,8000,7839
20260706,00897,富邦基因免疫生技,11.77,11.81,11.76,11.81,+,0.06,1580996,18630493.0,-276000,0,-18000,1000,0,506000,277000,0,524000
20260706,2006,東和鋼鐵,69.5,69.7,68.0,68.6,-,0.8,1065987,73127044.0,-369741,49515,22181,285260,57000,30000,655001,7485,7819
20260706,6573,虹揚-KY,25.0,27.6,24.15,27.6,+,2.5,2722805,71426266.0,-307324,0,8939,459000,0,10065,766324,0,1126
20260706,3058,立德,9.75,10.3,9.65,9.65,+,0.01,1647536,16281757.0,-301970,0,3000,352030,0,5000,654000,0,2000
20260706,5519,隆大,34.65,34.8,34.5,34.55,,0.0,1139495,39418101.0,-334000,0,30000,179000,0,30000,513000,0,0
20260706,3024,憶聲,12.6,12.65,12.35,12.5,,0.0,1198643,14967391.0,-318681,0,14000,113320,0,15000,432001,0,1000
20260706,4960,誠美材,26.0,26.2,25.2,25.45,-,0.3,3177810,81426108.0,-306107,0,-1023,772000,0,14400,1078107,0,15423
20260706,6142,友勁,10.2,10.25,9.71,9.74,-,0.25,1328653,13184398.0,-314001,0,-1000,233000,0,1000,547001,0,2000
20260706,2345,智邦,2825.0,2825.0,2600.0,2645.0,-,90.0,2283004,6124581505.0,-307191,10581,-20869,939996,11581,76144,1247187,1000,97013
20260706,2360,致茂,2300.0,2300.0,2145.0,2180.0,-,85.0,1598062,3494035630.0,-101986,-216568,411,942670,10432,33881,1044656,227000,33470
20260706,6196,帆宣,595.0,596.0,568.0,570.0,-,18.0,1699417,979854779.0,-312263,2000,-8150,395068,3000,56444,707331,1000,64594
20260706,2481,強茂,227.5,227.5,227.5,227.5,+,20.5,8453417,1923151922.0,-18650,-500000,198450,105150,0,224000,123800,500000,25550
20260706,3209,全科,61.0,61.3,59.7,60.4,+,0.2,962832,58137245.0,-322000,0,-3934,144000,0,3388,466000,0,7322
20260706,1217,愛之味,10.2,10.25,10.1,10.2,+,0.05,1132014,11508371.0,-329000,0,0,186000,0,1000,515000,0,1000
20260706,6589,台康生技,51.2,53.6,50.5,51.4,+,1.7,2302317,120020783.0,-332494,0,854,542290,0,3000,874784,0,2146
20260706,3380,明泰,36.05,36.3,35.3,35.4,-,0.6,3800191,136133293.0,-322050,-3000,-10217,1110000,0,7573,1432050,3000,17790
20260706,2316,楠梓電,225.5,225.5,205.5,216.0,-,5.5,1292658,277107875.0,-359130,0,20322,143998,0,25002,503128,0,4680
20260706,4927,泰鼎-KY,47.3,48.0,45.6,46.4,-,0.15,2988262,139405302.0,-361700,0,3122,725300,0,10000,1087000,0,6878
20260706,2388,威盛,71.9,73.4,70.3,71.2,,0.0,3033840,217869105.0,-342697,20000,-36195,885316,20000,11960,1228013,0,48155
20260706,3305,昇貿,137.0,141.0,134.0,136.5,+,0.5,1980843,271854939.0,-345840,0,-36696,447160,0,127185,793000,0,163881
20260706,2419,仲琦,29.5,29.8,29.1,29.1,-,0.6,2211483,64971208.0,-314000,0,-69811,361000,0,3000,675000,0,72811
20260706,6994,富威電力,45.5,46.05,43.3,46.05,+,4.15,1624315,73172502.0,-394000,0,8116,309000,0,8129,703000,0,13
20260706,6742,澤米,67.4,67.4,62.9,63.0,-,3.4,1912601,123812182.0,-389000,0,-175,220000,0,11000,609000,0,11175
20260706,6449,鈺邦,354.0,356.0,324.0,329.0,-,22.0,2456973,826005447.0,-406616,0,-12722,658384,0,28777,1065000,0,41499
20260706,8222,寶一,45.25,46.55,43.5,43.8,-,0.95,11934092,539240635.0,-408560,0,-15000,2415450,0,4000,2824010,0,19000
20260706,3406,玉晶光,654.0,672.0,631.0,653.0,+,17.0,2697285,1762755506.0,-437069,18000,-9898,760198,19000,88709,1197267,1000,98607
20260706,4551,智伸科,291.0,291.5,263.5,282.0,+,17.0,1789371,498364062.0,-279801,-135000,-16177,93199,0,7000,373000,135000,23177
20260706,3030,德律,322.5,324.0,308.5,310.0,-,11.5,2661773,835962464.0,-388227,-1000,-45622,684522,0,43908,1072749,1000,89530
20260706,6285,啟碁,261.0,263.0,253.0,258.5,+,0.5,7192146,1860921415.0,-424895,-28000,17150,2099105,4000,160088,2524000,32000,142938
20260706,6153,嘉聯益,20.65,21.4,20.05,20.55,+,0.15,5423663,111796266.0,-435598,0,-1622,1654152,0,55000,2089750,0,56622
20260706,00912,中信臺灣智慧50,35.35,35.4,34.6,34.87,-,0.1,761139,26675398.0,-55000,0,-383617,12000,0,157065,67000,0,540682
20260706,3717,聯嘉投控,29.6,31.5,29.3,29.35,+,0.45,15176587,457660003.0,-500530,0,60584,3421000,0,102000,3921530,0,41416
20260706,2404,漢唐,1350.0,1350.0,1285.0,1320.0,-,30.0,2397863,3140049435.0,46016,-471000,-15502,765387,3000,172956,719371,474000,188458
20260706,4526,東台,42.15,42.5,40.7,41.0,-,0.5,3556687,147539387.0,-422719,0,-26177,1034281,0,17905,1457000,0,44082
20260706,6139,亞翔,960.0,960.0,928.0,932.0,-,16.0,3767848,3549918222.0,-1048168,644000,-48259,723077,645000,71755,1771245,1000,120014
20260706,3011,今皓,14.15,14.25,13.7,13.7,-,0.4,1421831,19716447.0,-464000,0,0,126000,0,0,590000,0,0
20260706,3346,麗清,29.2,29.75,27.85,28.25,-,0.9,2825420,80647557.0,-473545,0,-148,478000,0,6000,951545,0,6148
20260706,3023,信邦,337.5,338.5,320.5,331.0,-,5.5,3462470,1140812214.0,-1510126,1028000,-7283,867174,1146000,41481,2377300,118000,48764
20260706,3028,增你強,82.0,83.3,79.8,80.1,-,1.9,2990495,242395382.0,-495619,0,-5718,764431,0,12969,1260050,0,18687
20260706,3661,世芯-KY,4700.0,4700.0,4210.0,4215.0,-,435.0,2252744,9897063785.0,-421069,3092,-98937,466014,3092,142118,887083,0,241055
20260706,2536,宏普,21.6,21.8,21.55,21.6,+,0.15,4395934,95104496.0,-520000,0,0,369000,0,0,889000,0,0
20260706,3607,谷崧,18.0,18.0,16.85,17.05,+,0.2,2808713,48807608.0,-522000,0,-1000,448000,0,2000,970000,0,3000
20260706,2645,長榮航太,228.0,238.0,220.0,238.0,+,21.5,13806927,3205717211.0,-610565,-2000,85990,3341520,0,244722,3952085,2000,158732
20260706,00934,中信成長高股息,28.87,28.95,28.52,28.67,+,0.03,3008542,86504302.0,18000,0,-563741,624000,0,860282,606000,0,1424023
20260706,6155,鈞寶,88.0,89.2,82.7,82.7,,0.0,3400982,288995393.0,-551000,0,901,362000,0,1000,913000,0,99
20260706,6168,宏齊,30.5,31.45,29.85,29.9,,0.0,3301145,100726178.0,-557720,0,3000,798380,0,3000,1356100,0,0
20260706,1515,力山,45.05,45.05,41.45,42.75,+,0.75,10900004,471450957.0,-566398,0,-1992,2243602,0,62000,2810000,0,63992
20260706,5871,中租-KY,117.0,118.0,115.5,115.5,-,1.0,5270689,612929517.0,261597,-862903,27635,2759185,72000,32000,2497588,934903,4365
20260706,3376,新日興,204.0,204.5,198.0,199.0,-,5.5,3651372,733652338.0,-512700,-1000,-61194,828300,0,93009,1341000,1000,154203
20260706,8112,至上,91.0,93.3,89.3,89.5,,0.0,17167390,1559261416.0,-270950,-24000,-291129,4463050,0,351244,4734000,24000,642373
20260706,3189,景碩,807.0,807.0,763.0,763.0,-,70.0,3956863,3089750266.0,-916551,-49000,372369,1448745,0,656598,2365296,49000,284229
20260706,6235,華孚,44.2,48.4,43.55,46.95,+,2.75,7536238,350008555.0,-603509,0,7152,1367000,0,12207,1970509,0,5055
20260706,1337,再生-KY,5.67,6.0,5.45,5.55,-,0.06,3990720,22525410.0,-611000,0,10477,682000,0,17000,1293000,0,6523
20260706,1447,力鵬,10.75,10.75,9.3,9.51,-,0.48,20850345,205900198.0,-411000,0,-191000,675000,0,13000,1086000,0,204000
20260706,2338,光罩,52.0,52.8,50.3,50.6,-,0.9,2606863,133371247.0,-622577,0,6972,540485,0,21738,1163062,0,14766
20260706,2615,萬海,80.2,81.5,79.4,80.0,,0.0,11466322,917980767.0,-658107,130029,-101800,4001393,144000,125173,4659500,13971,226973
20260706,8476,台境*,24.3,25.0,22.85,23.95,,0.0,1929100,46042631.0,-638000,0,2000,243000,0,2000,881000,0,0
20260706,2241,艾姆勒,49.95,50.4,46.05,46.35,-,1.25,2711603,128211564.0,-657000,0,2914,406000,0,10000,1063000,0,7086
20260706,00909,國泰數位支付服務,46.15,46.47,46.15,46.18,+,0.05,2018517,93393246.0,-815675,0,155408,40325,0,925509,856000,0,770101
20260706,00913,兆豐台灣晶圓製造,55.15,55.45,53.75,54.2,,0.0,2474808,135028315.0,26000,0,-688228,240000,0,829738,214000,0,1517966
20260706,00646,元大S&P500,75.4,75.7,75.35,75.65,+,0.45,2743482,207283066.0,-366916,0,-298534,27102,0,941059,394018,0,1239593
20260706,3014,聯陽,160.0,161.0,156.5,158.0,-,2.0,1901617,301359495.0,-841000,82316,86827,261000,87000,100000,1102000,4684,13173
20260706,9935,慶豐富,19.05,19.4,18.85,18.9,,0.0,1776348,33864483.0,-88612,0,-598000,111390,0,1000,200002,0,599000
20260706,1316,上曜,11.25,11.25,10.75,10.75,-,0.2,2539821,27818627.0,-709000,0,1850,294000,0,3000,1003000,0,1150
20260706,1308,亞聚,16.8,17.0,15.1,15.5,-,0.35,17773474,280554154.0,-692376,0,-14869,5345624,0,58051,6038000,0,72920
20260706,2610,華航,22.6,22.75,22.35,22.45,-,0.1,29379938,662738746.0,-3074477,2425069,-64706,7445227,2451000,109000,10519704,25931,173706
20260706,2376,技嘉,343.0,344.0,336.0,336.5,-,2.0,4511072,1532361186.0,-1932598,1284000,-86868,645220,1358000,222628,2577818,74000,309496
20260706,6224,聚鼎,86.0,86.0,80.5,81.0,-,5.4,2610712,216463257.0,-752000,0,3000,369000,0,3000,1121000,0,0
20260706,6005,群益證,38.5,39.45,38.4,38.45,+,0.3,10096284,392143850.0,2497132,-3261192,0,4604132,0,0,2107000,3261192,0
20260706,2458,義隆,183.0,184.0,178.0,179.0,-,5.0,6673615,1200540488.0,-2246787,1525626,-52138,1394088,1691000,22001,3640875,165374,74139
20260706,2489,瑞軒,42.0,42.6,41.0,41.05,-,0.65,9588306,399493764.0,-766193,-1000,-11022,2395807,0,20388,3162000,1000,31410
20260706,2302,麗正,54.8,56.9,51.6,52.2,+,0.2,11311807,613039243.0,-793850,0,9,2843150,0,9,3637000,0,0
20260706,1101,台泥,23.8,23.9,23.65,23.7,+,0.05,15832509,376081185.0,-553380,-56000,-189060,7282567,0,103000,7835947,56000,292060
20260706,5521,工信,10.65,10.8,10.55,10.7,+,0.05,3073169,32796008.0,-851000,0,679,836000,0,6000,1687000,0,5321
20260706,00954,中信日本半導體,22.19,22.19,21.42,21.84,-,0.2,3095292,67345320.0,-514985,0,-348220,298015,0,1358000,813000,0,1706220
20260706,2375,凱美,220.0,227.5,203.0,208.5,-,7.5,14588654,3117503420.0,-874820,0,-9150,3223180,0,119077,4098000,0,128227
20260706,00947,台新臺灣IC設計,39.67,39.76,38.25,38.38,-,0.42,6973091,272015285.0,936550,0,-1820868,1994550,0,1047832,1058000,0,2868700
20260706,1307,三芳,33.6,34.7,32.95,33.15,,0.0,2761151,92995637.0,-389027,-10584,-487519,802053,0,26343,1191080,10584,513862
20260706,3532,台勝科,455.0,484.0,406.0,406.0,-,34.0,16088077,7111375564.0,-1155990,620000,-352049,3569310,950000,544944,4725300,330000,896993
20260706,2472,立隆電,425.5,435.0,397.0,405.0,-,20.0,8669414,3555954498.0,-852490,1000,-86450,1731510,2000,136309,2584000,1000,222759
20260706,6443,元晶,35.8,35.9,34.2,34.6,+,0.15,6887416,240633997.0,-1070000,0,118290,1346000,0,122290,2416000,0,4000
20260706,3706,神達,91.5,92.5,90.0,90.0,-,1.0,18106269,1649534513.0,-4718027,4340000,-587860,2432957,4345000,67029,7150984,5000,654889
20260706,4532,瑞智,29.6,30.4,28.35,28.85,-,0.25,5951711,174020506.0,-972760,-13035,-26000,1364000,0,36000,2336760,13035,62000
20260706,6901,鑽石投資,19.6,20.55,18.8,18.9,,0.0,7345426,143924151.0,-1031000,0,1000,1454000,0,2000,2485000,0,1000
20260706,3605,宏致,90.3,91.5,85.8,87.7,-,0.5,11776420,1045327855.0,-1241812,0,199396,2214799,0,269329,3456611,0,69933
20260706,1460,宏遠,8.8,8.8,7.96,8.08,-,0.5,6049672,50440065.0,-1047793,0,-2000,795249,0,6000,1843042,0,8000
20260706,2383,台光電,6225.0,6250.0,5475.0,5475.0,-,605.0,3511893,19665733290.0,-1455091,251336,117281,691351,322336,273348,2146442,71000,156067
20260706,2633,台灣高鐵,26.8,26.9,26.6,26.6,-,0.2,5322173,142076828.0,-1267800,209000,-35000,2228200,220000,9000,3496000,11000,44000
20260706,6164,華興,17.0,17.0,15.7,15.7,-,1.7,13574355,215766217.0,-1135000,0,-17109,1297000,0,0,2432000,0,17109
20260706,3048,益登,66.0,66.8,63.6,64.6,+,0.2,3959725,257760596.0,-1234242,0,56858,670312,0,83633,1904554,0,26775
20260706,2368,金像電,1335.0,1335.0,1190.0,1225.0,-,80.0,5477325,6791252975.0,-1028141,97403,-264070,1674296,128403,158774,2702437,31000,422844
20260706,3257,虹冠電,71.2,78.2,71.0,72.2,+,1.0,10549833,790875694.0,-1247000,0,3013,1266000,0,3013,2513000,0,0
20260706,2412,中華電,141.0,142.5,141.0,141.5,+,0.5,13315485,1888644065.0,-5487011,3750473,483000,3062455,3782473,529000,8549466,32000,46000
20260706,00935,野村臺灣新科技50,62.95,63.15,61.05,61.5,-,0.8,10448972,648520852.0,1150440,162000,-2570848,1984650,162000,2260013,834210,0,4830861
20260706,6269,台郡,67.7,69.2,65.2,66.7,-,0.1,5159991,345666304.0,-1177667,-2000,-82413,1338045,0,28907,2515712,2000,111320
20260706,3673,TPK-KY,83.0,85.6,81.1,81.2,-,1.2,10622153,881654309.0,-1061693,0,-203865,2251437,0,146127,3313130,0,349992
20260706,3704,合勤控,47.4,47.8,44.85,44.85,,0.0,4073225,187297018.0,-1344985,0,9309,554015,0,18000,1899000,0,8691
20260706,2493,揚博,309.5,310.0,283.0,283.0,-,31.0,5394031,1556191774.0,-1359180,7000,16014,748000,7000,111270,2107180,0,95256
20260706,2390,云辰,14.1,14.25,13.35,13.45,+,0.2,5142030,70632382.0,-1324666,0,-25935,759334,0,0,2084000,0,25935
20260706,1229,聯華,43.75,44.2,43.6,43.7,-,0.05,4947554,217064651.0,-1365365,2000,485,829000,9000,3000,2194365,7000,2515
20260706,3044,健鼎,523.0,525.0,502.0,506.0,-,14.0,2738783,1393580482.0,-799347,-687000,24988,683743,3000,175300,1483090,690000,150312
20260706,2464,盟立,173.0,178.5,168.0,169.0,-,3.5,12526002,2152242244.0,-1384420,0,-113935,2425578,0,296003,3809998,0,409938
20260706,1304,台聚,15.8,15.8,14.45,14.7,-,0.8,31764016,473229202.0,-1458658,0,-123312,10097342,0,129732,11556000,0,253044
20260706,3702,大聯大,110.0,112.5,109.5,110.0,,0.0,8267854,918340311.0,-3400709,1865000,-56797,1710540,1873000,181367,5111249,8000,238164
20260706,2501,國建,24.4,24.9,24.2,24.75,+,0.5,5260157,129802131.0,-1719955,15000,230,844045,15000,68000,2564000,0,67770
20260706,1810,和成,24.6,24.9,22.4,23.7,+,0.45,23364532,556659120.0,-1725711,0,16300,5603289,0,66000,7329000,0,49700
20260706,4564,元翎,19.25,19.8,18.7,19.15,+,0.9,9497644,182249905.0,-1770000,0,-40537,1310000,0,10000,3080000,0,50537
20260706,2367,燿華,55.7,56.2,53.3,53.8,-,1.2,9630075,525348434.0,-1889899,0,29321,2260301,0,150000,4150200,0,120679
20260706,1402,遠東新,29.3,29.8,29.05,29.1,,0.0,12555083,368845831.0,-3221696,1299000,61002,4330164,1315000,218339,7551860,16000,157337
20260706,1440,南紡,14.5,15.3,14.5,14.6,+,0.15,14971697,222770609.0,-2224870,-8000,249664,3294130,0,291000,5519000,8000,41336
20260706,3711,日月光投控,698.0,712.0,676.0,679.0,-,3.0,23329262,16106026547.0,-3328861,758890,585356,7003670,781890,1292080,10332531,23000,706724
20260706,00662,富邦NASDAQ,122.0,122.0,121.35,121.7,+,0.15,3915777,476628355.0,174085,0,-2160954,274335,0,640000,100250,0,2800954
20260706,4904,遠傳,105.0,105.0,103.0,103.0,-,2.0,13706298,1426453214.0,-8389168,6410080,-8804,1285715,6671080,400510,9674883,261000,409314
20260706,8422,可寧衛*,28.6,29.8,28.4,28.6,+,0.25,22870629,660001904.0,-4659000,2603000,41646,3868000,3407000,150584,8527000,804000,108938
20260706,6271,同欣電,294.0,302.0,272.0,272.0,-,7.0,28985510,8208928431.0,-2188588,85000,80955,6624995,85000,631581,8813583,0,550626
20260706,4906,正文,44.5,44.5,42.55,42.95,-,0.75,8021764,347759786.0,-1923960,0,-121040,1316040,0,11376,3240000,0,132416
20260706,4763,材料*-KY,51.4,52.2,49.8,50.0,-,1.3,13634603,691899127.0,-1924661,-3000,-121945,2446097,0,119857,4370758,3000,241802
20260706,2356,英業達,67.9,69.2,67.2,67.2,-,0.4,26058759,1776222165.0,-7336753,4923000,352178,5599940,4960000,710187,12936693,37000,358009
20260706,1455,集盛,12.05,12.1,10.75,10.9,-,0.1,15036236,170762268.0,-2059469,0,-40620,2756531,0,20000,4816000,0,60620
20260706,8046,南電,1160.0,1170.0,1070.0,1075.0,-,110.0,14049159,15419445810.0,-1922275,101251,-286653,4005075,168251,452386,5927350,67000,739039
20260706,3036,文曄,221.0,223.0,216.5,219.0,-,2.5,7175331,1568813631.0,88913,-2449000,250196,2433913,1000,392231,2345000,2450000,142035
20260706,2308,台達電,2120.0,2135.0,1995.0,1995.0,-,80.0,9220091,18891547485.0,-1966184,-246736,73795,3180550,141264,237700,5146734,388000,163905
20260706,4919,新唐,179.0,184.0,174.0,174.0,-,2.5,13276579,2376128040.0,-1190798,-1214000,178277,2390382,24000,371385,3581180,1238000,193108
20260706,2504,國產,32.7,33.0,32.3,32.35,-,0.35,4703431,152967348.0,-949900,-1295000,-2000,1518100,100000,9000,2468000,1395000,11000
20260706,3035,智原,223.5,224.0,209.0,211.0,-,11.5,8262400,1774508585.0,-2105240,0,-236426,1342650,0,100248,3447890,0,336674
20260706,1303,南亞,200.0,200.0,181.0,185.0,-,12.0,25164642,4771754044.0,-5634818,2778775,278881,5508524,3821775,1510073,11143342,1043000,1231192
20260706,6278,台表科,218.0,218.5,202.5,202.5,-,9.5,10271111,2157919519.0,-3483718,968000,-82380,1065327,1259000,281611,4549045,291000,363991
20260706,9105,泰金寶-DR,9.37,9.48,9.2,9.2,-,0.1,34093332,317216999.0,-2604800,0,-28714,3160200,0,7792,5765000,0,36506
20260706,2382,廣達,381.5,393.0,378.0,378.0,+,1.0,25001955,9568079760.0,-5139762,2186098,201937,7893953,2238098,490359,13033715,52000,288422
20260706,2426,鼎元,79.0,84.2,78.2,79.2,+,0.2,18578077,1501914945.0,-2844003,0,2558,3167997,0,52304,6012000,0,49746
20260706,2208,台船,22.35,22.45,20.25,20.3,-,0.5,30046361,628944214.0,-2764519,0,-111065,6962236,0,3000,9726755,0,114065
20260706,6213,聯茂,409.5,411.0,379.0,396.0,+,2.0,33701683,13254207117.0,-5584586,2454000,217946,8338201,2454000,870511,13922787,0,652565
20260706,2347,聯強,95.0,96.2,92.9,93.8,-,1.0,9136810,860206580.0,-7288172,4227105,103294,950428,4448000,152952,8238600,220895,49658
20260706,00905,FT臺灣Smart,29.03,29.05,28.36,28.61,-,0.09,4336765,124473383.0,-350000,0,-2657774,239000,0,395779,589000,0,3053553
20260706,0056,元大高股息,53.4,53.95,53.1,53.25,+,0.4,55408378,2965784412.0,11815447,0,-14854190,20197344,0,378762,8381897,0,15232952
20260706,3576,聯合再生,17.3,17.45,16.85,16.85,-,0.2,10110731,172284717.0,-3105751,0,-3000,1361500,0,2000,4467251,0,5000
20260706,2474,可成,204.0,204.5,196.0,196.0,,0.0,10708015,2130124051.0,-2960969,159000,-364759,1460026,271000,240000,4420995,112000,604759
20260706,2455,全新,372.5,375.0,337.0,338.0,-,20.0,12023717,4242940366.0,-3185642,29000,-541674,2640808,144000,286525,5826450,115000,828199
20260706,5876,上海商銀,42.0,42.2,41.7,41.7,-,0.3,7781494,325437520.0,-4468815,297000,276704,2339000,337000,318000,6807815,40000,41296
20260706,9945,潤泰新,26.7,26.9,26.35,26.5,,0.0,19123819,509172094.0,-4152500,-91000,201264,4378000,0,226000,8530500,91000,24736
20260706,4958,臻鼎-KY,616.0,621.0,567.0,579.0,-,34.0,33883218,19983790003.0,-1962597,-1823106,-257493,11968122,46894,1372571,13930719,1870000,1630064
20260706,2478,大毅,240.5,256.5,214.5,215.0,-,23.0,12665961,2888780378.0,-4390108,208000,-16794,1620200,208000,71378,6010308,0,88172
20260706,3016,嘉晶,139.5,143.0,127.0,128.5,-,7.0,19909842,2665749588.0,-4278182,0,-7906,3644918,0,141804,7923100,0,149710
20260706,1102,亞泥,36.5,36.9,36.4,36.55,+,0.1,11488969,422198512.0,-4681750,47425,247423,2555000,91000,288000,7236750,43575,40577
20260706,2353,宏碁,33.1,33.65,32.5,32.8,-,0.1,29334393,967102324.0,4395394,-8834000,26860,12043424,42000,807706,7648030,8876000,780846
20260706,3715,定穎投控,174.5,174.5,164.0,165.0,-,7.0,10609683,1775309064.0,-4417046,0,-123351,958104,0,314876,5375150,0,438227
20260706,2332,友訊,20.55,21.1,19.4,19.5,-,0.5,38129440,767519242.0,-5017000,0,86052,8492000,0,395000,13509000,0,308948
20260706,1301,台塑,63.2,63.3,60.0,60.4,-,1.7,75892637,4654512061.0,-4591238,-20000,-578353,26802871,0,423000,31394109,20000,1001353
20260706,00830,國泰費城半導體,92.85,92.85,91.5,92.4,-,0.4,9857811,908264153.0,-3401053,0,-1820255,844147,0,333000,4245200,0,2153255
20260706,2484,希華,98.1,99.4,93.6,95.8,-,0.6,80006414,7701837514.0,-5188965,0,-51215,16111967,0,54000,21300932,0,105215
20260706,2363,矽統,71.5,72.2,68.0,68.3,-,2.3,20148848,1402457748.0,-5339040,0,-413527,3335320,0,77836,8674360,0,491363
20260706,00892,富邦台灣半導體,46.88,47.03,45.22,45.48,-,0.78,11065215,508251485.0,61280,0,-5918437,475280,0,2920653,414000,0,8839090
20260706,00922,國泰台灣領袖50,42.03,42.12,41.26,41.57,-,0.19,15409933,641934716.0,-2710735,0,-3753291,2780265,0,3519763,5491000,0,7273054
20260706,2317,鴻海,243.5,247.5,240.5,242.0,+,1.5,43693584,10638459575.0,-8470257,2269314,-270789,15032669,2294314,920671,23502926,25000,1191460
20260706,3037,欣興,972.0,972.0,897.0,917.0,,0.0,24878605,23192638949.0,-5302982,-1505453,58197,5138192,291547,2064220,10441174,1797000,2006023
20260706,00929,復華台灣科技優息,31.62,31.81,31.17,31.36,+,0.02,27171621,856158063.0,-3716200,0,-3342258,3124800,0,7849731,6841000,0,11191989
20260706,1312,國喬,15.0,15.05,14.1,14.15,-,0.95,45851882,663527288.0,-7077691,0,-65049,10349309,0,438678,17427000,0,503727
20260706,1802,台玻,69.8,70.4,67.4,67.9,-,0.9,32012102,2201825597.0,-7873765,-7000,-269872,5369335,0,594580,13243100,7000,864452
20260706,2303,聯電,171.5,171.5,164.0,166.0,-,4.5,55004854,9165631392.0,5764314,-16822326,2374360,20376125,815674,2945551,14611811,17638000,571191
20260706,9904,寶成,24.75,24.85,24.35,24.35,-,0.1,20298673,497425969.0,-10157000,-6744,160014,5791000,43000,164000,15948000,49744,3986
20260706,3231,緯創,161.0,162.0,157.5,158.0,-,1.0,26189698,4174105266.0,-13773544,3477540,91995,3251936,3589540,266002,17025480,112000,174007
20260706,2337,旺宏,146.5,152.0,144.0,144.5,+,2.0,63898046,9415382927.0,-10957427,12000,240010,14212614,18000,993765,25170041,6000,753755
20260706,2634,漢翔,63.4,64.5,60.3,60.3,+,0.3,83376351,5229064456.0,-12564165,67000,510157,18180234,71000,1559018,30744399,4000,1048861
20260706,00961,FT臺灣永續高息,12.91,12.99,12.84,12.91,+,0.13,21133565,272782987.0,9650,0,-14243906,376650,0,1872304,367000,0,16116210
20260706,3042,晶技,250.0,250.0,224.5,224.5,-,24.5,57561676,13401203180.0,-14791333,0,-215754,9056438,0,1113943,23847771,0,1329697
20260706,1326,台化,72.8,73.0,67.2,67.6,-,0.4,129752660,8944338744.0,-15398312,856000,-1139573,38415257,865000,896168,53813569,9000,2035741
20260706,1718,中纖,15.8,16.2,15.1,15.2,+,0.25,318065030,4971122230.0,-14066712,0,-3714477,84107328,0,281000,98174040,0,3995477
20260706,0050,元大台灣50,109.05,109.6,107.7,108.25,-,0.1,75784190,8237066196.0,-12552150,0,-9702514,7762745,0,10022495,20314895,0,19725009
20260706,2344,華邦電,191.0,200.0,183.0,183.0,-,1.5,163686093,31253105406.0,-25653888,-1416374,775957,43163397,80626,3226925,68817285,1497000,2450968
20260706,6770,力積電,74.2,77.4,72.5,72.6,-,0.8,153798168,11454973670.0,-34975864,673000,240983,34147840,685000,3067384,69123704,12000,2826401
20260706,00927,群益半導體收益,43.4,43.55,42.43,42.6,+,0.08,66095257,2846879492.0,133350,0,-35774300,9377350,0,3596853,9244000,0,39371153
20260706,1714,和桐,25.0,25.0,20.55,20.9,-,1.85,141509466,3217718423.0,-39312675,0,317785,17782573,0,3951264,57095248,0,3633479
