tradeDate,stockCode,stockName,openPrice,highPrice,lowPrice,closePrice,changeSign,change,totalShares,totalAmount,foreignNetShares,investmentNetShares,dealerNetShares,foreignBuyShares,investmentBuyShares,dealerBuyShares,foreignSellShares,investmentSellShares,dealerSellShares
20260917,2409,友達,29.75,31.05,29.5,30.0,+,0.6,368721904,11123300345.0,53222717,-21000,2322410,144794852,14000,8455633,91572135,35000,6133223
20260917,2303,聯電,144.5,149.5,142.5,147.5,+,5.5,256821287,37743721460.0,8951822,27909000,3569325,89194207,31786000,5110900,80242385,3877000,1541575
20260917,6770,力積電,70.5,72.0,70.1,71.2,+,1.3,119460580,8514233453.0,32652611,-13000,3410413,64134876,8000,4247802,31482265,21000,837389
20260917,2834,臺企銀,18.25,18.8,18.15,18.75,+,0.55,62652493,1160733503.0,26930791,15000,440000,38498000,15000,557000,11567209,0,117000
20260917,1314,中石化,8.23,8.96,8.23,8.96,+,0.81,128600273,1136517017.0,25034061,0,2277281,40627422,0,2428281,15593361,0,151000
20260917,2609,陽明,59.8,62.0,59.8,62.0,+,1.8,41269391,2526392759.0,21855407,415000,896526,30727157,415000,984058,8871750,0,87532
20260917,00940,元大台灣價值高息,12.95,13.04,12.95,12.99,+,0.1,25221399,328079508.0,2662383,0,19819899,3782383,0,19850899,1120000,0,31000
20260917,1303,南亞,228.0,239.5,226.5,236.0,+,12.0,92909712,21857692597.0,-4967411,23317000,722608,26032826,23531000,1436422,31000237,214000,713814
20260917,0050,元大台灣50,107.9,109.2,107.85,108.05,+,1.15,49931752,5418346575.0,8036956,1500000,6600027,13872422,1500000,10201329,5835466,0,3601302
20260917,6505,台塑化,81.1,87.4,80.6,86.2,+,5.7,36254128,3094484387.0,8158606,5451000,1159922,14991142,5451000,1431106,6832536,0,271184
20260917,2371,大同,28.5,29.8,28.4,29.7,+,1.45,31989217,937508135.0,13811002,22000,479325,17022502,22000,546325,3211500,0,67000
20260917,0056,元大高股息,55.95,56.55,55.95,56.3,+,0.75,26260542,1479167369.0,6992780,1250000,5296737,8201441,1250000,5756171,1208661,0,459434
20260917,2884,玉山金,46.1,47.35,45.9,47.3,+,0.85,51011663,2395350920.0,3450313,8685000,526747,33689493,8701000,1557006,30239180,16000,1030259
20260917,1718,中纖,10.55,11.0,10.5,10.9,+,0.4,20789291,224537724.0,11689299,0,527273,14153339,0,554273,2464040,0,27000
20260917,1101,台泥,24.1,24.6,24.05,24.45,+,0.4,23063655,562052196.0,11739053,66000,290817,18372459,66000,471817,6633406,0,181000
20260917,3231,緯創,184.0,188.5,184.0,186.5,+,3.5,31292426,5850414966.0,8826396,2001000,743936,19998725,2135000,1089168,11172329,134000,345232
20260917,2883,凱基金,39.45,40.15,39.2,39.65,+,0.5,47181728,1878284836.0,12687715,-2270000,842935,30948689,153000,1086969,18260974,2423000,244034
20260917,2892,第一金,40.0,40.95,39.85,40.75,+,0.75,32824142,1331489441.0,4325130,6181000,411265,21910130,6211000,1134830,17585000,30000,723565
20260917,00878,國泰永續高股息,34.6,34.91,34.6,34.73,+,0.26,26931022,937192931.0,3003312,0,7181296,4534633,0,9642775,1531321,0,2461479
20260917,1301,台塑,62.8,64.7,62.5,64.6,+,2.2,26190059,1675782750.0,9109152,0,874762,14686656,0,1003996,5577504,0,129234
20260917,2317,鴻海,249.5,253.5,249.5,250.5,+,2.5,26522419,6681491259.0,8880253,109104,825876,18538763,112104,963176,9658510,3000,137300
20260917,2412,中華電,143.5,145.0,143.0,145.0,+,1.5,15263938,2200989954.0,10044192,-563000,28000,12032718,14000,75000,1988526,577000,47000
20260917,6257,矽格,215.5,226.0,215.0,222.5,+,12.5,19035481,4230162286.0,8544484,-6000,476380,11328034,12000,706659,2783550,18000,230279
20260917,1326,台化,66.3,68.7,66.1,68.6,+,2.8,24043657,1631289158.0,7698517,0,951752,14620643,0,1031329,6922126,0,79577
20260917,2353,宏碁,32.0,32.8,32.0,32.4,+,0.4,19345151,626400411.0,7032082,814000,276286,11244669,814000,665204,4212587,0,388918
20260917,2382,廣達,341.5,346.0,340.0,344.0,+,3.5,16289321,5592441019.0,4789559,3040000,145000,9862969,3418000,291000,5073410,378000,146000
20260917,2610,華航,20.1,20.35,20.05,20.35,+,0.4,14343844,290929107.0,5877570,1218000,441266,9476570,1218000,1265266,3599000,0,824000
20260917,5880,合庫金,27.25,27.6,27.1,27.55,+,0.2,20508852,562550905.0,7180538,76000,257630,13532613,76000,259369,6352075,0,1739
20260917,2605,新興,36.0,37.45,35.65,37.15,+,1.1,14491606,534360678.0,6569328,0,824162,8562908,0,842292,1993580,0,18130
20260917,2891,中信金,70.8,71.7,70.1,71.2,+,0.4,43768969,3114760477.0,3567129,3698000,-3710,33111958,5719000,886709,29544829,2021000,890419
20260917,00900,富邦特選高股息30,19.66,19.85,19.66,19.77,+,0.14,8134829,160935952.0,2480000,0,4674657,2508000,0,5277980,28000,0,603323
20260917,2615,萬海,114.5,121.0,113.5,120.5,+,5.5,18631521,2196072021.0,4971217,0,2054885,9321083,0,2222959,4349866,0,168074
20260917,2489,瑞軒,42.0,44.75,41.35,43.2,+,1.95,123007380,5339343566.0,5734962,0,1186619,31044200,0,2216708,25309238,0,1030089
20260917,2618,長榮航,41.35,42.25,41.2,42.05,+,0.75,16921237,709963014.0,3947844,2641000,227831,12458844,2651000,875832,8511000,10000,648001
20260917,1312,國喬,14.7,15.1,14.65,14.95,+,0.15,17167705,255448660.0,6040680,0,586176,8858680,0,589751,2818000,0,3575
20260917,3702,大聯大,107.5,112.0,107.0,111.0,+,5.0,12125324,1335547853.0,4960366,781000,579784,8596665,787000,847390,3636299,6000,267606
20260917,2886,兆豐金,51.0,52.0,50.6,51.9,+,1.0,24220366,1247303893.0,1750413,3715000,471067,14440827,3736000,1388340,12690414,21000,917273
20260917,2515,中工,11.85,12.25,11.85,12.05,+,0.25,12829832,155239500.0,5824344,-9000,30637,8955496,0,44637,3131152,9000,14000
20260917,9904,寶成,24.55,24.8,24.4,24.8,+,0.3,14262042,352045698.0,2443288,3027000,-5861,7926740,3027000,127000,5483452,0,132861
20260917,1409,新纖,24.1,25.1,24.1,24.8,+,0.85,13959451,344303739.0,5640949,0,-184580,7807441,0,171814,2166492,0,356394
20260917,9945,潤泰新,28.15,28.95,28.05,28.95,+,0.9,10535444,301587300.0,3330599,887000,1065377,5978599,887000,1084279,2648000,0,18902
20260917,2330,台積電,2405.0,2445.0,2400.0,2425.0,+,45.0,18116974,43933226530.0,4794190,-59590,509161,13315712,559976,714591,8521522,619566,205430
20260917,2801,彰銀,28.95,29.75,28.85,29.6,+,0.7,55925715,1646473959.0,-5460779,9468000,392076,23107808,9503000,1183288,28568587,35000,791212
20260917,6226,光鼎,43.85,43.85,42.15,43.85,+,3.95,23028325,1002353387.0,3463046,0,862285,5881050,0,947285,2418004,0,85000
20260917,2399,映泰,47.45,50.8,47.25,49.0,+,1.7,18069855,893589393.0,4227424,0,36075,6802424,0,42895,2575000,0,6820
20260917,2845,遠東銀,13.6,13.8,13.5,13.75,+,0.15,9361852,128084850.0,3909231,-1000,-93025,6819070,0,53975,2909839,1000,147000
20260917,2027,大成鋼,46.6,47.55,46.15,47.1,+,0.55,10660209,502087484.0,1564764,1985000,150654,5583929,2044000,533649,4019165,59000,382995
20260917,1710,東聯,15.85,16.9,15.7,16.65,+,0.95,11642598,191034553.0,3177381,0,521662,5047026,0,547417,1869645,0,25755
20260917,1402,遠東新,27.45,28.2,27.35,28.1,+,0.7,11978020,334195823.0,5452551,-1860000,100517,10198551,0,101722,4746000,1860000,1205
20260917,2103,台橡,27.0,28.45,26.75,28.2,+,1.35,7673485,213312913.0,3616927,0,21413,4792993,0,59095,1176066,0,37682
20260917,1727,中華化,98.7,105.0,97.7,105.0,+,9.4,15353455,1569684689.0,3435056,0,138782,6351279,0,304080,2916223,0,165298
20260917,1102,亞泥,34.9,35.3,34.8,35.3,+,0.35,9655743,339134993.0,3359522,180000,5891,7843522,180000,24891,4484000,0,19000
20260917,2880,華南金,47.25,48.3,46.95,47.9,+,0.55,16181633,774740796.0,5363261,-2023000,134275,14187215,0,268972,8823954,2023000,134697
20260917,3036,文曄,193.0,206.0,193.0,204.0,+,13.0,18950036,3816223693.0,470075,2582000,405663,9937855,2582000,547686,9467780,0,142023
20260917,0052,富邦科技,62.55,63.4,62.55,62.7,+,0.75,11729608,738507244.0,-241266,11000,3424966,2314074,11000,5210779,2555340,0,1785813
20260917,2890,永豐金,45.5,46.3,44.8,45.95,+,0.65,36030980,1651071954.0,-4833970,7975000,25834,20843695,8002000,1096924,25677665,27000,1071090
20260917,2603,長榮,236.5,242.5,236.0,242.5,+,3.5,8766454,2102085582.0,577527,2214000,351175,4076647,2214000,619379,3499120,0,268204
20260917,6133,金橋,24.0,26.05,23.7,26.05,+,2.35,13090191,338137093.0,3139779,0,964,4281779,0,2964,1142000,0,2000
20260917,3711,日月光投控,615.0,628.0,612.0,614.0,+,9.0,11193901,6927741135.0,2463346,375000,216745,6883403,397000,334719,4420057,22000,117974
20260917,2820,華票,17.3,17.6,17.2,17.45,+,0.15,4405274,76741794.0,2939937,0,6961,3343011,0,7000,403074,0,39
20260917,00919,群益台灣精選高息,32.04,32.32,31.99,32.11,+,0.12,87681381,2820139700.0,6029800,0,-3084239,15060591,0,20307710,9030791,0,23391949
20260917,5876,上海商銀,49.75,50.0,48.85,49.95,+,0.2,6710336,333735972.0,2123542,575000,170986,5159582,575000,191000,3036040,0,20014
20260917,1310,台苯,8.51,9.11,8.51,9.03,+,0.54,10239090,91894299.0,2846852,0,-12000,7166180,0,3000,4319328,0,15000
20260917,1313,聯成,12.0,12.4,11.95,12.3,+,0.35,5663264,69358489.0,2815000,0,3197,3778000,0,27386,963000,0,24189
20260917,3706,神達,79.5,80.9,79.2,80.5,+,1.5,7653188,613674736.0,2807652,-9000,-48868,4961092,0,167388,2153440,9000,216256
20260917,2449,京元電子,265.5,274.0,264.5,265.0,+,3.5,15860463,4254126242.0,2268760,-2000,298779,7938995,5000,652431,5670235,7000,353652
20260917,1714,和桐,15.65,16.25,15.55,16.05,+,0.45,10370991,164806939.0,2497270,0,9091,4531411,0,162251,2034141,0,153160
20260917,2897,王道銀行,11.2,11.3,11.1,11.25,+,0.1,6108209,68606030.0,2670190,0,-168000,4127190,0,14000,1457000,0,182000
20260917,00896,中信綠能及電動車,26.56,26.93,26.56,26.63,+,0.21,6238725,166895297.0,934047,0,1481990,1184047,0,2060403,250000,0,578413
20260917,2104,國際中橡,10.4,10.85,10.4,10.75,+,0.3,4747256,50759689.0,2383058,0,6000,3270058,0,6000,887000,0,0
20260917,2441,超豐,117.5,121.0,117.0,118.5,+,2.0,5169729,616676002.0,2203744,-2000,111943,3445102,0,141944,1241358,2000,30001
20260917,2006,東和鋼鐵,82.1,83.3,81.9,82.5,+,1.4,4340270,358293293.0,2783655,-527000,33674,3889705,0,52715,1106050,527000,19041
20260917,2812,台中銀,19.35,19.55,19.1,19.5,+,0.2,27622117,534414760.0,2185823,2000,87476,8550030,2000,93000,6364207,0,5524
20260917,2323,中環,10.6,10.85,10.6,10.75,+,0.2,5535867,59535884.0,2187828,0,47592,3082828,0,54592,895000,0,7000
20260917,3005,神基,116.0,118.5,116.0,118.0,+,3.0,3131786,367853578.0,1929679,206250,40562,2270679,206250,62562,341000,0,22000
20260917,1304,台聚,12.25,12.65,12.15,12.6,+,0.4,3387387,42309922.0,2086038,0,3501,2581454,0,7208,495416,0,3707
20260917,2851,中再保,46.35,47.05,45.8,47.0,+,0.65,3980332,185325875.0,2074409,0,-33346,3241016,0,9383,1166607,0,42729
20260917,1216,統一,74.7,75.6,74.5,75.5,+,1.0,9416599,709041553.0,1953302,48000,-3221,8265756,62000,46779,6312454,14000,50000
20260917,2836,高雄銀,12.25,12.6,12.25,12.5,+,0.25,4235154,52737143.0,1926310,0,10419,2528310,0,13419,602000,0,3000
20260917,1708,東鹼,49.35,51.5,49.35,51.1,+,1.8,4464810,225798574.0,1847972,0,69668,2210542,0,79668,362570,0,10000
20260917,2542,興富發,46.2,47.0,45.8,46.85,+,0.95,12055585,561970065.0,-1302064,3013000,85192,4182036,3056000,213205,5484100,43000,128013
20260917,4763,材料*-KY,45.1,47.7,44.95,47.7,+,2.8,7501706,348045377.0,466138,1269000,10155,2157138,1270000,331002,1691000,1000,320847
20260917,00881,國泰台灣科技龍頭,50.2,50.8,49.81,49.81,+,0.16,12185062,612788673.0,-710842,0,2387469,1649170,0,4386845,2360012,0,1999376
20260917,2377,微星,154.5,157.0,153.0,153.0,-,0.5,6751254,1045370423.0,1766448,-174000,75964,3917748,20000,244702,2151300,194000,168738
20260917,2855,統一證,51.8,52.7,51.4,52.5,+,0.9,3818844,199816310.0,1220019,447000,0,2349019,447000,0,1129000,0,0
20260917,1605,華新,37.35,37.55,36.85,37.15,+,0.4,9490729,352023719.0,1331900,30000,286449,5019900,30000,304146,3688000,0,17697
20260917,2354,鴻準,65.9,69.0,65.9,66.3,+,1.1,25062428,1682480652.0,1546696,0,47297,9642067,0,205073,8095371,0,157776
20260917,2363,矽統,52.5,53.7,52.2,52.9,+,0.9,6735653,357421678.0,1530591,0,60454,4294950,0,71581,2764359,0,11127
20260917,2352,佳世達,29.2,29.35,28.75,29.0,-,0.15,6215571,180292748.0,1506841,20000,57516,3349841,20000,57517,1843000,0,1
20260917,8021,尖點,458.0,481.0,446.5,450.0,+,10.0,10346171,4807653668.0,1638443,-25000,-35778,3817017,0,134267,2178574,25000,170045
20260917,4938,和碩,89.1,90.4,89.1,90.4,+,1.4,7287528,656700359.0,1329003,294000,-46412,6003951,296000,25978,4674948,2000,72390
20260917,2305,全友,52.8,54.3,52.8,54.3,+,4.9,7012311,376214106.0,1514000,0,33558,1820000,0,35558,306000,0,2000
20260917,3035,智原,175.0,182.0,175.0,179.0,+,5.5,3654978,654903128.0,1244978,0,247287,2070978,0,278182,826000,0,30895
20260917,00907,永豐優息存股,17.86,18.08,17.84,18.06,+,0.24,2159269,38854099.0,171000,0,1304173,205000,0,1508946,34000,0,204773
20260917,2379,瑞昱,726.0,731.0,715.0,715.0,-,5.0,3100032,2243998309.0,1511281,-80000,11214,2631795,3000,70580,1120514,83000,59366
20260917,00891,中信關鍵半導體,35.3,35.96,35.3,35.41,+,0.42,13631699,486002016.0,427150,0,973313,2851500,0,2730045,2424350,0,1756732
20260917,1434,福懋,17.6,18.0,17.55,17.85,+,0.35,2213287,39383639.0,1386123,0,7000,1844123,0,7000,458000,0,0
20260917,6239,力成,277.0,283.0,273.5,274.5,,0.0,13168497,3653220603.0,1275987,-4000,113183,5254340,2000,252477,3978353,6000,139294
20260917,00915,凱基優選高股息30,32.67,33.15,32.65,33.03,+,0.44,2198664,72405413.0,336000,0,1038267,491000,0,1550706,155000,0,512439
20260917,8150,南茂,88.1,90.1,86.3,86.7,-,0.4,15264426,1349829937.0,1372868,0,-8065,7160607,0,140763,5787739,0,148828
20260917,2312,金寶,31.3,31.7,31.0,31.0,+,0.05,8741145,272520806.0,1584468,0,-233228,4871545,0,22326,3287077,0,255554
20260917,00947,台新臺灣IC設計,37.4,37.89,37.1,37.1,+,0.11,3237013,121521201.0,406300,0,900899,937312,0,1181917,531012,0,281018
20260917,2395,研華,692.0,700.0,686.0,686.0,-,9.0,3120413,2157563286.0,1288266,-2000,13338,2485235,7000,40014,1196969,9000,26676
20260917,2915,潤泰全,56.9,58.8,56.9,58.6,+,2.0,3128197,181931889.0,1272653,0,24072,2031653,0,25072,759000,0,1000
20260917,1609,大亞,37.5,37.85,37.45,37.65,+,0.35,3791122,142742712.0,1276087,0,4594,2832087,0,9719,1556000,0,5125
20260917,1808,潤隆,33.65,34.45,33.2,34.15,+,0.5,2117102,72148107.0,1273390,0,5000,1619390,0,5000,346000,0,0
20260917,4956,光鋐,36.1,38.75,35.6,38.75,+,3.5,8496611,322183398.0,1177000,0,6842,2319000,0,26842,1142000,0,20000
20260917,6168,宏齊,32.15,35.35,31.6,35.35,+,3.2,29893142,1014037182.0,1145742,0,28621,6647842,0,92621,5502100,0,64000
20260917,1305,華夏,12.1,12.35,11.85,12.3,+,0.35,2519543,30701918.0,1147085,0,4226,1761234,0,5228,614149,0,1002
20260917,00961,FT臺灣永續高息,13.23,13.35,13.21,13.31,+,0.14,15367657,204207916.0,1595100,0,-468497,1816100,0,1457941,221000,0,1926438
20260917,2455,全新,535.0,566.0,515.0,534.0,+,19.0,28618653,15704152443.0,81717,551000,489421,7780499,1236000,930636,7698782,685000,441215
20260917,00898,國泰基因免疫革命,10.99,11.14,10.99,11.11,+,0.17,1774794,19678777.0,1283000,0,-161045,1283000,0,315065,0,0,476110
20260917,6005,群益證,31.05,31.55,30.95,31.3,+,0.45,6321704,198187879.0,1779972,-667000,0,3171971,1000,0,1391999,668000,0
20260917,2439,美律,78.5,79.3,78.0,79.3,+,1.3,1577799,124495204.0,1081444,0,10164,1248138,0,10164,166694,0,0
20260917,1309,台達化,13.75,14.3,13.5,14.1,+,0.4,3424625,48072272.0,1081797,0,9768,1768797,0,19068,687000,0,9300
20260917,2520,冠德,36.35,37.4,36.3,37.35,+,0.95,2928562,108738419.0,1022931,-900,55892,1997831,0,93892,974900,900,38000
20260917,2201,裕隆,29.9,30.65,29.85,30.6,+,0.75,3280401,99824030.0,1010112,0,36091,2350142,0,52596,1340030,0,16505
20260917,1513,中興電,163.5,165.5,163.5,165.0,+,2.5,1750471,288614800.0,564241,420000,52258,859586,420000,62547,295345,0,10289
20260917,2838,聯邦銀,21.55,21.9,21.4,21.8,+,0.25,3025891,65704449.0,1010775,0,13000,2017725,0,40000,1006950,0,27000
20260917,6285,啟碁,223.0,228.5,223.0,226.5,+,7.5,3711605,840673957.0,944875,3000,60429,1919549,3000,84338,974674,0,23909
20260917,2408,南亞科,499.0,504.0,488.0,488.0,-,4.5,44996045,22262628848.0,308582,554000,143769,16445479,589000,815928,16136897,35000,672159
20260917,3042,晶技,186.0,190.5,178.5,178.5,-,7.0,12530454,2297821170.0,1049423,-117000,34335,4247111,0,287486,3197688,117000,253151
20260917,2030,彰源,22.6,23.55,22.6,23.5,+,0.8,2176915,50455287.0,953152,0,9000,1165295,0,24000,212143,0,15000
20260917,4532,瑞智,24.95,25.35,24.2,25.0,+,1.4,3898371,96401863.0,926851,23972,10883,1692851,23972,11000,766000,0,117
20260917,2034,允強,20.85,21.1,20.55,21.05,+,0.35,1511513,31610100.0,956460,0,4103,1027460,0,10103,71000,0,6000
20260917,6668,中揚光,42.8,45.5,42.7,44.8,+,1.6,3244397,143426318.0,959334,0,0,1295334,0,0,336000,0,0
20260917,3022,威強電,86.1,90.5,86.1,88.9,+,2.9,2348054,209224711.0,922989,0,20924,1566569,0,29924,643580,0,9000
20260917,1440,南紡,13.05,13.55,12.9,13.45,+,0.55,2744843,36640414.0,914717,0,24000,1590717,0,27000,676000,0,3000
20260917,4904,遠傳,105.5,107.0,104.0,106.5,+,1.5,7012403,742095192.0,581430,244000,74000,4069608,245000,80000,3488178,1000,6000
20260917,9958,世紀鋼,89.2,92.5,88.9,91.9,+,2.7,2073073,188820686.0,862537,-5523,24600,1361796,0,46669,499259,5523,22069
20260917,2905,三商,18.6,18.85,18.5,18.65,+,0.1,1992584,37279473.0,871528,0,7000,1459538,0,7000,588010,0,0
20260917,8070,長華*,49.5,50.7,49.5,50.1,+,0.85,1868960,93931327.0,424107,420000,26000,913107,420000,28000,489000,0,2000
20260917,00927,群益半導體收益,37.61,38.2,37.6,37.6,+,0.39,13610504,515837918.0,166198,0,699551,2962198,0,3507820,2796000,0,2808269
20260917,00923,群益台ESG低碳50,39.98,40.49,39.9,39.9,+,0.32,2823032,113501535.0,188025,0,670038,549025,0,1180368,361000,0,510330
20260917,5285,界霖,84.2,89.9,84.2,88.7,+,4.7,2105231,185103167.0,811994,0,43767,1114453,0,45936,302459,0,2169
20260917,4960,誠美材,20.25,22.0,20.25,22.0,+,2.0,7450308,162945153.0,821044,0,13919,4688044,0,14019,3867000,0,100
20260917,4927,泰鼎-KY,43.05,45.45,43.0,43.4,+,0.8,6486759,285105971.0,809800,0,0,2990000,0,2000,2180200,0,2000
20260917,00965,元大航太防衛科技,25.13,25.44,25.13,25.37,+,0.4,1765416,44773053.0,713900,0,90792,721000,0,819853,7100,0,729061
20260917,9105,泰金寶-DR,8.49,8.56,8.42,8.43,-,0.01,10456156,88649001.0,1191000,0,-394578,2811000,0,9535,1620000,0,404113
20260917,2049,上銀,334.0,339.0,332.0,336.0,+,4.5,2515565,844689181.0,753765,-1000,34655,1685157,0,40833,931392,1000,6178
20260917,3045,台灣大,124.5,124.5,122.5,124.0,-,0.5,5985415,740735122.0,762211,51000,-33300,3593792,51000,16000,2831581,0,49300
20260917,1905,華紙,13.1,13.5,13.1,13.5,+,0.4,1824107,24333807.0,741030,0,29917,1187030,0,37917,446000,0,8000
20260917,1904,正隆,24.45,25.1,24.4,25.0,+,0.6,1307142,32495412.0,733186,0,8000,962266,0,64000,229080,0,56000
20260917,6589,台康生技,49.0,51.5,48.6,51.2,+,2.25,1508629,76122539.0,738953,0,2149,937953,0,3150,199000,0,1001
20260917,3024,憶聲,14.5,14.9,14.5,14.8,+,0.3,1150691,16987487.0,733001,0,1000,919001,0,1000,186000,0,0
20260917,2913,農林,10.95,11.1,10.95,11.1,+,0.15,1452874,16076258.0,737466,0,-6000,1131466,0,10000,394000,0,16000
20260917,5388,中磊,72.8,74.0,72.8,73.9,+,2.0,2093845,153988453.0,694007,0,11198,1180007,0,16364,486000,0,5166
20260917,2436,偉詮電,68.4,69.0,67.5,67.6,-,0.4,3054512,208417407.0,734206,-18000,-18594,1348206,0,24805,614000,18000,43399
20260917,3576,聯合再生,16.4,16.65,16.3,16.3,,0.0,3162711,51956045.0,685100,0,9000,1257100,0,9000,572000,0,0
20260917,1560,中砂,750.0,815.0,750.0,815.0,+,74.0,3169755,2559557069.0,530041,52000,107717,1205088,52000,132472,675047,0,24755
20260917,5608,四維航,16.5,16.9,16.3,16.9,+,0.25,3602684,60083825.0,647644,0,5000,2018644,0,9000,1371000,0,4000
20260917,2332,友訊,19.35,19.8,19.35,19.4,+,0.05,6289312,122596594.0,611414,0,30318,2595445,0,56000,1984031,0,25682
20260917,3031,佰鴻,24.75,26.65,24.55,26.65,+,2.4,3775643,98131464.0,634337,0,6791,1442686,0,9791,808349,0,3000
20260917,4906,正文,35.75,36.65,35.75,36.1,+,0.55,2974549,107886588.0,607627,0,23456,1663627,0,29281,1056000,0,5825
20260917,4142,國光生,17.45,17.85,17.45,17.75,+,0.5,1167549,20662563.0,605172,0,3234,778172,0,3234,173000,0,0
20260917,1455,集盛,9.51,9.95,9.51,9.89,+,0.37,963403,9431030.0,579461,0,13000,647500,0,57000,68039,0,44000
20260917,6885,全福生技,27.2,29.65,27.2,29.5,+,2.3,2011633,58111793.0,591220,0,1000,939220,0,1000,348000,0,0
20260917,9910,豐泰,67.9,69.1,67.6,69.1,+,1.6,1077673,73901183.0,117876,479000,-5961,461876,479000,5933,344000,0,11894
20260917,7799,禾榮科,462.5,502.0,461.5,502.0,+,45.0,2515618,1240671445.0,564103,20000,5595,920000,20000,41595,355897,0,36000
20260917,5521,工信,10.5,10.65,10.45,10.65,+,0.2,1692712,17860616.0,587118,0,2000,1221118,0,2000,634000,0,0
20260917,3437,榮創,18.8,20.35,18.75,20.35,+,1.85,3072175,61598726.0,587000,0,0,1032000,0,0,445000,0,0
20260917,6605,帝寶,136.5,137.5,134.5,136.0,,0.0,1028650,139868338.0,585561,0,1171,660000,0,5000,74439,0,3829
20260917,2617,台航,32.4,33.4,32.15,33.1,+,0.65,2187351,72222938.0,576162,0,7533,1473619,0,7780,897457,0,247
20260917,2419,仲琦,27.6,28.1,27.35,27.9,+,0.55,1787710,49750869.0,582528,0,-5000,1024528,0,4000,442000,0,9000
20260917,6120,達運,12.1,12.35,12.1,12.3,+,0.3,1195676,14654178.0,571075,0,3000,746193,0,3000,175118,0,0
20260917,2302,麗正,43.95,45.55,43.8,44.2,,0.0,9551316,426704779.0,471302,0,97800,3044302,0,114800,2573000,0,17000
20260917,1319,東陽,79.5,80.1,79.2,79.9,+,1.1,1163285,92697311.0,511329,-1000,46834,948329,0,47834,437000,1000,1000
20260917,2348,海悅,69.7,74.1,69.7,73.9,+,3.7,1013530,73609192.0,538630,0,14005,596630,0,17005,58000,0,3000
20260917,2474,可成,207.0,209.0,206.0,208.5,+,1.5,3204951,666975764.0,102145,428000,20763,1613145,435000,76763,1511000,7000,56000
20260917,6214,精誠,192.0,193.0,190.0,193.0,+,2.0,1401174,268501166.0,528367,0,18000,682847,0,19000,154480,0,1000
20260917,2540,愛山林,48.5,50.1,48.2,49.75,+,1.25,835096,41243015.0,538954,0,4000,605954,0,4000,67000,0,0
20260917,4746,台耀,45.95,47.8,45.95,47.65,+,1.75,1154637,54656292.0,541996,0,0,901554,0,0,359558,0,0
20260917,4961,天鈺,183.0,186.0,181.0,181.0,,0.0,1702024,311462663.0,546735,0,-10642,932085,0,28121,385350,0,38763
20260917,4916,事欣科,94.9,103.0,94.9,103.0,+,9.1,4563455,460102558.0,446702,0,83881,770702,0,90333,324000,0,6452
20260917,3094,聯傑,44.55,47.2,44.55,47.0,+,2.45,11574856,536097601.0,521284,0,2592,2954397,0,7090,2433113,0,4498
20260917,1308,亞聚,14.15,14.45,13.95,14.4,+,0.4,2927097,41984545.0,527676,0,-4403,2457676,0,5439,1930000,0,9842
20260917,00932,兆豐永續高息等權,17.24,17.35,17.24,17.33,+,0.13,506573,8770800.0,70000,0,420120,72000,0,423278,2000,0,3158
20260917,2536,宏普,19.2,19.55,19.1,19.45,+,0.35,829150,16042852.0,486000,0,3000,713000,0,3000,227000,0,0
20260917,2912,統一超,215.0,217.5,215.0,217.5,+,2.5,1131376,245309258.0,194370,280000,7000,706370,284000,7000,512000,4000,0
20260917,2495,普安,37.45,38.1,37.4,37.5,+,0.45,1483284,55939155.0,475642,0,2000,979577,0,7000,503935,0,5000
20260917,4526,東台,30.75,31.65,30.75,31.15,+,0.5,1805756,56684213.0,480444,0,-5624,1070444,0,5376,590000,0,11000
20260917,3056,富華新,13.6,14.05,13.6,14.05,+,0.3,665922,9271990.0,465298,0,3175,511298,0,3175,46000,0,0
20260917,2351,順德,238.5,240.5,235.0,238.0,+,2.0,3806561,905771788.0,451042,30000,-15187,1635042,30000,33066,1184000,0,48253
20260917,6206,飛捷,139.0,142.5,138.5,141.5,+,3.5,1378419,193636700.0,364884,0,100725,741318,0,121293,376434,0,20568
20260917,2376,技嘉,353.5,357.5,351.5,355.0,+,5.0,4850854,1718687491.0,-1025111,1412000,78302,1279893,1414000,329698,2305004,2000,251396
20260917,6108,競國,23.2,25.15,23.2,24.3,+,1.3,3588253,87592318.0,462068,0,-1996,1403068,0,1004,941000,0,3000
20260917,00892,富邦台灣半導體,41.52,42.45,41.34,41.43,+,0.25,3878071,161989990.0,-988,0,458685,177012,0,3216264,178000,0,2757579
20260917,6472,保瑞,417.5,428.0,414.0,425.0,+,13.0,835861,352467933.0,438539,0,18589,627539,0,38854,189000,0,20265
20260917,3717,聯嘉投控,22.0,23.15,21.9,22.9,+,0.95,3951914,89767775.0,791148,0,-336574,2227148,0,2000,1436000,0,338574
20260917,8473,山林水,37.9,38.7,37.75,38.15,+,0.4,1097260,41709543.0,443979,0,1000,654000,0,1000,210021,0,0
20260917,1711,永光,39.7,40.8,39.6,39.6,+,0.35,4245817,170083962.0,433617,0,9123,1984546,0,26565,1550929,0,17442
20260917,00885,富邦越南,18.32,18.5,18.22,18.47,+,0.15,1532802,28139660.0,13900,0,427989,177000,0,772506,163100,0,344517
20260917,1477,聚陽,192.0,195.5,191.0,194.0,+,3.0,1369161,266065975.0,563103,-126543,2020,849103,123457,5030,286000,250000,3010
20260917,3062,建漢,20.8,21.25,20.8,21.2,+,0.4,1210172,25569421.0,434702,0,3404,659702,0,3404,225000,0,0
20260917,8926,台汽電,59.0,59.2,58.1,58.8,+,0.3,1987497,116961066.0,411300,8000,16327,948827,8000,16389,537527,0,62
20260917,1444,力麗,6.7,7.05,6.7,7.01,+,0.32,1795139,12449825.0,429838,0,5000,730838,0,5000,301000,0,0
20260917,6869,雲豹能源,64.8,68.9,64.8,68.0,+,3.2,769876,51718541.0,421557,0,12707,494557,0,12808,73000,0,101
20260917,2543,皇昌,38.8,39.3,38.65,39.0,+,0.3,1149841,44824417.0,423381,0,2002,966381,0,2002,543000,0,0
20260917,4770,上品,223.5,242.5,223.5,242.0,+,21.5,1415362,341258156.0,430178,0,-5794,735178,0,17423,305000,0,23217
20260917,2454,聯發科,4565.0,4700.0,4500.0,4500.0,-,30.0,6495763,29877461750.0,300476,37185,81950,3001771,191185,190574,2701295,154000,108624
20260917,00946,群益科技高息成長,15.19,15.3,15.16,15.16,+,0.05,997755,15199922.0,0,0,418969,3000,0,712096,3000,0,293127
20260917,1514,亞力,100.0,101.5,100.0,101.0,+,1.2,758306,76528514.0,411456,-679,3003,533310,0,4003,121854,679,1000
20260917,6152,百一,15.1,15.2,14.75,14.75,-,0.4,1574459,23482997.0,400790,0,7000,453191,0,9000,52401,0,2000
20260917,6176,瑞儀,92.3,94.1,92.3,93.4,+,1.2,1660971,155311716.0,404935,0,494,965539,0,14189,560604,0,13695
20260917,2347,聯強,89.3,90.0,88.9,89.5,+,0.8,2713697,242850555.0,387200,24000,-18243,2422180,38000,37998,2034980,14000,56241
20260917,00939,統一台灣高息動能,24.31,24.5,24.19,24.41,+,0.24,3282281,79929423.0,-258000,0,646288,360000,0,1620390,618000,0,974102
20260917,1802,台玻,59.1,61.7,58.3,58.5,,0.0,23405436,1395689730.0,-105125,47000,445420,8985181,47000,1238965,9090306,0,793545
20260917,1810,和成,23.6,23.8,23.55,23.7,+,0.2,992140,23520876.0,396119,0,-9000,469339,0,2000,73220,0,11000
20260917,2881,富邦金,153.0,154.5,151.0,151.5,-,1.5,14045882,2144039752.0,2286403,-1395000,-507368,10179695,76000,131923,7893292,1471000,639291
20260917,1529,樂事綠能,14.7,15.05,14.6,14.8,,0.0,2142441,31764213.0,394759,0,-11000,934153,0,0,539394,0,11000
20260917,2331,精英,18.95,19.25,18.8,19.0,+,0.2,1586624,30158340.0,368000,0,11000,636000,0,22000,268000,0,11000
20260917,1789,神隆,18.2,19.85,18.2,19.6,+,1.45,2195512,42403848.0,372861,0,6013,1277861,0,6013,905000,0,0
20260917,2816,旺旺保,39.75,40.95,39.75,40.95,+,1.3,1080465,43683113.0,377507,0,1000,513694,0,1000,136187,0,0
20260917,1795,美時,179.0,181.5,177.5,180.0,+,2.0,772740,138887770.0,375948,0,2108,524208,0,16844,148260,0,14736
20260917,3014,聯陽,133.0,134.5,133.0,133.5,+,1.0,1161132,155170074.0,351599,20854,988,814921,20854,1006,463322,0,18
20260917,2108,南帝,28.2,29.25,28.05,29.0,+,0.85,733929,21135955.0,341035,0,17573,480333,0,18573,139298,0,1000
20260917,1536,和大,46.2,46.8,46.2,46.65,+,0.4,878684,40883236.0,370000,0,-13642,494000,0,9227,124000,0,22869
20260917,6901,鑽石投資,15.3,15.5,15.15,15.5,+,0.3,826908,12674335.0,356390,0,-2000,455390,0,5000,99000,0,7000
20260917,3059,華晶科,37.9,38.3,37.85,38.3,+,0.45,1585273,60528657.0,352370,0,585,1155370,0,1985,803000,0,1400
20260917,2645,長榮航太,171.0,174.0,171.0,172.5,+,2.0,880302,152019924.0,336394,1000,11652,670239,1000,11854,333845,0,202
20260917,6416,瑞祺電通,120.0,124.0,117.5,119.0,+,1.0,1252363,150854237.0,348480,0,0,599480,0,0,251000,0,0
20260917,6177,達麗,46.7,47.9,46.6,47.65,+,0.95,954487,45286825.0,329076,29435,-10591,497076,29435,6000,168000,0,16591
20260917,3380,明泰,30.5,30.7,30.0,30.35,+,0.15,2338685,70994030.0,334903,0,10976,1568000,0,18977,1233097,0,8001
20260917,00909,國泰數位支付服務,45.84,46.12,45.84,46.04,+,0.49,659096,30327386.0,173000,0,162756,181000,0,299071,8000,0,136315
20260917,6271,同欣電,231.0,234.0,225.0,225.0,-,3.0,4871036,1113942560.0,345061,0,-10911,2130696,0,63821,1785635,0,74732
20260917,00936,台新永續高息中小,21.2,21.35,21.2,21.25,+,0.16,437736,9319296.0,130000,0,197823,136000,0,236807,6000,0,38984
20260917,3029,零壹,117.0,119.0,115.5,116.0,-,3.5,4143030,484478737.0,410783,0,-85855,1479883,0,8000,1069100,0,93855
20260917,2014,中鴻,16.4,16.55,16.3,16.55,+,0.2,1131865,18645672.0,311523,0,6000,571523,0,6000,260000,0,0
20260917,2328,廣宇,46.2,46.7,46.05,46.35,+,0.6,1158324,53708970.0,301000,0,14624,542000,0,61624,241000,0,47000
20260917,2442,新美齊,14.1,14.4,14.1,14.3,+,0.15,1182536,16837891.0,314027,0,1000,620027,0,1000,306000,0,0
20260917,2033,佳大,27.95,30.85,27.8,30.85,+,2.8,3407460,101197897.0,303943,0,5994,890295,0,6004,586352,0,10
20260917,2365,昆盈,27.8,28.2,27.8,27.9,+,0.25,909951,25456220.0,308491,0,1000,655491,0,1000,347000,0,0
20260917,3047,訊舟,13.7,13.85,13.6,13.85,+,0.25,750326,10341086.0,308220,0,1000,535220,0,1000,227000,0,0
20260917,8105,凌巨,14.4,14.65,14.4,14.6,+,0.2,1274585,18545401.0,308011,0,556,699023,0,1000,391012,0,444
20260917,3605,宏致,145.0,152.5,137.5,140.0,,0.0,41785207,6025478884.0,373663,0,-67357,12005711,0,538920,11632048,0,606277
20260917,00916,國泰全球品牌50,26.91,26.92,26.84,26.86,-,0.03,381722,10259357.0,-3000,0,306662,0,0,309000,3000,0,2338
20260917,4771,望隼,208.0,215.0,206.0,213.0,+,7.0,593144,126175216.0,297540,0,5531,471628,0,7661,174088,0,2130
20260917,1447,力鵬,6.33,6.67,6.33,6.63,+,0.31,1160757,7600242.0,294980,0,5000,494980,0,5000,200000,0,0
20260917,2401,凌陽,24.5,24.85,24.5,24.75,+,0.35,2242550,55397680.0,281825,0,16999,1574825,0,17000,1293000,0,1
20260917,00952,凱基台灣AI50,17.77,18.05,17.77,17.94,+,0.24,1121679,20132830.0,-2000,0,300358,23000,0,725132,25000,0,424774
20260917,6782,視陽,235.0,250.0,232.5,249.0,+,17.5,862116,209799490.0,296217,0,-371,504241,0,47472,208024,0,47843
20260917,2501,國建,21.2,21.55,20.85,21.4,+,0.25,4945601,104673448.0,297182,0,-7368,2752007,0,55000,2454825,0,62368
20260917,6742,澤米,47.5,51.2,47.0,51.2,+,4.6,1748558,86793896.0,281155,0,7950,616155,0,7950,335000,0,0
20260917,3703,欣陸,19.6,20.05,19.6,19.95,+,0.35,847722,16877844.0,282030,0,4000,537030,0,4000,255000,0,0
20260917,3550,聯穎,22.75,23.65,22.5,22.75,+,0.35,3015363,69178243.0,282950,0,-2810,2196000,0,2000,1913050,0,4810
20260917,3545,敦泰,50.1,50.9,50.1,50.5,+,0.65,490007,24711848.0,274199,0,3000,330199,0,3000,56000,0,0
20260917,2461,光群雷,17.5,17.65,17.45,17.55,+,0.15,598343,10496246.0,274000,0,-1000,534000,0,0,260000,0,1000
20260917,2457,飛宏,21.75,22.4,21.75,22.2,+,0.55,1173581,26021270.0,265586,0,1199,761586,0,21199,496000,0,20000
20260917,6491,晶碩,392.5,401.0,391.0,401.0,+,8.0,505905,201142400.0,256357,0,9168,331357,0,12168,75000,0,3000
20260917,1736,喬山,126.5,129.0,125.5,129.0,+,3.5,651676,82823911.0,320014,-60000,570,490014,0,5655,170000,60000,5085
20260917,3518,柏騰,30.35,31.85,30.35,31.1,+,0.8,750089,23354087.0,259000,0,1000,421000,0,1000,162000,0,0
20260917,1442,名軒,30.45,30.95,30.4,30.9,+,0.65,416925,12826297.0,258941,0,1000,272950,0,1000,14009,0,0
20260917,00960,野村全球航運龍頭,22.56,22.75,22.53,22.53,-,0.03,629831,14223470.0,-3100,0,262259,2050,0,292259,5150,0,30000
20260917,2206,三陽工業,63.8,64.0,63.1,64.0,+,0.4,612614,39045600.0,249000,0,8000,435000,0,8000,186000,0,0
20260917,2010,春源,21.65,21.9,21.6,21.9,+,0.3,666352,14509547.0,247100,0,9000,452250,0,9000,205150,0,0
20260917,2484,希華,71.5,73.7,70.2,70.3,-,1.1,7728849,553585147.0,264074,0,-8171,2656074,0,4222,2392000,0,12393
20260917,6805,富世達,2095.0,2200.0,2080.0,2090.0,+,45.0,1107601,2369586585.0,-48262,288000,9214,341969,288000,31201,390231,0,21987
20260917,6282,康舒,43.0,43.55,42.65,42.75,+,0.1,2951116,127018771.0,281686,10000,-43345,888060,10000,100894,606374,0,144239
20260917,2548,華固,91.9,94.2,91.7,93.6,+,1.7,902582,84180078.0,206460,0,41774,579810,0,45250,373350,0,3476
20260917,2025,千興,12.2,12.35,12.05,12.35,+,0.35,435184,5324784.0,248023,0,-1000,318023,0,1000,70000,0,2000
20260917,8033,雷虎,170.0,173.0,168.0,168.0,-,1.0,2003257,340342331.0,251824,0,-5781,571194,0,25485,319370,0,31266
20260917,2009,第一銅,39.2,39.25,38.95,39.2,+,0.4,784797,30722116.0,240968,0,4374,378968,0,4374,138000,0,0
20260917,5269,祥碩,1465.0,1505.0,1455.0,1480.0,+,5.0,888674,1314386275.0,264334,-35,-24658,445474,0,57724,181140,35,82382
20260917,3026,禾伸堂,778.0,822.0,758.0,760.0,-,12.0,13168960,10445240549.0,-524612,752000,11103,3533782,752000,207055,4058394,0,195952
20260917,2427,三商電,23.65,23.8,23.3,23.3,-,0.35,1366218,32093980.0,235655,0,1000,506655,0,1000,271000,0,0
20260917,5243,乙盛-KY,89.5,90.2,88.4,88.8,+,0.4,1364841,121731497.0,239996,0,-5055,842000,0,4945,602004,0,10000
20260917,2476,鉅祥,118.0,120.5,117.5,119.5,+,2.0,774132,92097061.0,129711,0,104508,394711,0,116191,265000,0,11683
20260917,1210,大成,51.6,52.2,51.6,52.0,+,0.5,685412,35609288.0,228095,0,6000,474095,0,6000,246000,0,0
20260917,1608,華榮,35.95,36.3,35.95,36.1,+,0.1,1226319,44290425.0,244714,0,-10778,591716,0,3222,347002,0,14000
20260917,2421,建準,161.0,166.5,161.0,162.0,+,1.5,2197326,359627886.0,182209,0,51105,923603,0,73105,741394,0,22000
20260917,3665,貿聯-KY,2035.0,2085.0,1985.0,2010.0,+,15.0,3284559,6690752135.0,155576,71500,5458,1904571,75000,72586,1748995,3500,67128
20260917,1316,上曜,10.7,10.75,10.6,10.65,-,0.05,821479,8753600.0,230421,0,1000,381421,0,1000,151000,0,0
20260917,1773,勝一,159.0,164.0,159.0,163.0,+,4.0,633018,102782909.0,223790,0,6588,396258,0,9088,172468,0,2500
20260917,3708,上緯投控,93.3,97.4,93.3,96.5,+,3.0,707669,67999956.0,224000,2000,1402,547000,2000,1402,323000,0,0
20260917,4566,時碩工業,64.3,65.3,64.0,64.7,+,0.6,737219,47754761.0,234600,0,-8000,460600,0,0,226000,0,8000
20260917,00904,台新臺灣半導體30,41.0,41.83,41.0,41.19,+,0.49,952346,39513458.0,-15050,0,240892,3000,0,806966,18050,0,566074
20260917,6197,佳必琪,302.0,309.5,300.0,304.5,+,9.5,1462984,447213450.0,190976,0,34616,373976,0,49306,183000,0,14690
20260917,2606,裕民,76.0,77.0,74.6,77.0,+,1.0,3653421,278003381.0,-218115,324000,116165,1864014,324000,135898,2082129,0,19733
20260917,00692,富邦公司治理,92.85,93.9,92.85,92.9,+,0.95,459161,42863811.0,117000,0,102869,153000,0,223465,36000,0,120596
20260917,6189,豐藝,46.7,47.45,46.7,47.4,+,0.7,302563,14268792.0,216000,0,3197,244000,0,3197,28000,0,0
20260917,6153,嘉聯益,17.25,17.55,17.2,17.25,+,0.05,1457086,25279933.0,221123,0,-2999,732123,0,3001,511000,0,6000
20260917,2547,日勝生,9.7,9.9,9.7,9.87,+,0.18,1293610,12722574.0,158362,53478,3950,781362,53478,4000,623000,0,50
20260917,8215,明基材,25.95,27.2,25.55,27.0,+,1.15,3835092,102391188.0,202714,10000,1944,1288714,10000,4219,1086000,0,2275
20260917,2832,台產,58.4,59.3,58.2,59.1,+,1.0,424403,25030995.0,205044,9333,-93,344044,9333,9000,139000,0,9093
20260917,1217,愛之味,9.98,10.0,9.94,10.0,+,0.07,410853,4097735.0,211000,0,2000,227000,0,2000,16000,0,0
20260917,6957,裕慶-KY,260.0,280.5,260.0,274.0,+,15.5,692018,189565785.0,233000,0,-24111,321000,0,1000,88000,0,25111
20260917,2393,億光,63.3,63.9,62.6,63.2,+,0.1,1435863,90677541.0,191272,49145,-31891,968272,49145,10020,777000,0,41911
20260917,2537,聯上發,11.2,11.45,11.2,11.4,+,0.25,1021901,11615065.0,205112,0,2000,696112,0,2000,491000,0,0
20260917,2612,中航,62.6,63.4,61.5,63.4,+,1.1,522621,32882205.0,202340,0,4283,405340,0,5283,203000,0,1000
20260917,2258,鴻華先進-創,30.2,30.95,30.2,30.9,+,0.75,324238,9924175.0,178303,0,26712,220303,0,40712,42000,0,14000
20260917,1722,台肥,41.95,42.25,41.9,42.15,+,0.3,2303922,96866078.0,184000,-1000,18000,1050000,0,20000,866000,1000,2000
20260917,3034,聯詠,553.0,558.0,543.0,545.0,-,3.0,2264012,1242904602.0,219882,-22000,2847,1550461,6000,73344,1330579,28000,70497
20260917,2340,台亞,33.2,34.2,32.85,32.95,-,0.15,2641617,88094821.0,218169,0,-18764,982750,0,35697,764581,0,54461
20260917,2511,太子,8.31,8.42,8.31,8.39,+,0.09,975351,8177392.0,191000,0,8000,769000,0,8000,578000,0,0
20260917,2208,台船,19.0,19.0,18.9,19.0,+,0.15,1057680,20047154.0,192135,0,6000,417135,0,6000,225000,0,0
20260917,6873,泓德能源,67.9,69.5,67.2,69.4,+,2.3,287814,19703767.0,194883,0,1000,214883,0,4000,20000,0,3000
20260917,2636,台驊控股,70.2,71.1,69.8,70.9,+,0.7,672072,47579823.0,191243,0,3000,556243,0,3000,365000,0,0
20260917,00735,國泰臺韓科技,103.25,104.0,102.55,102.55,+,0.3,884018,91290067.0,-12000,0,204292,85000,0,358048,97000,0,153756
20260917,2405,輔信,14.85,15.0,14.75,14.9,+,0.15,1083829,16147207.0,191000,0,1000,503000,0,1000,312000,0,0
20260917,4306,炎洲,14.4,14.75,14.4,14.6,+,0.2,1750550,25496222.0,184470,0,3000,1254483,0,3000,1070013,0,0
20260917,6412,群電,74.0,74.6,73.9,74.0,+,0.2,423878,31439695.0,179000,0,6948,230000,0,9476,51000,0,2528
20260917,6695,芯鼎,48.8,49.75,48.75,49.55,+,1.65,483297,23808145.0,183849,0,1999,248099,0,2000,64250,0,1
20260917,1907,永豐餘,28.95,29.5,28.95,29.45,+,0.6,1248099,36683810.0,191015,0,-6000,1160084,0,13000,969069,0,19000
20260917,3712,永崴投控,20.7,20.95,20.7,20.75,+,0.15,778608,16174721.0,183398,0,1000,733398,0,1000,550000,0,0
20260917,7780,大研生醫*,16.15,16.25,16.1,16.25,+,0.1,440848,7140447.0,181000,0,3277,253000,0,4000,72000,0,723
20260917,6962,奕力-KY,31.0,31.15,30.7,30.9,+,0.1,917263,28374165.0,181000,0,2085,391000,0,2832,210000,0,747
20260917,1229,聯華,40.1,40.6,40.0,40.35,+,0.3,1710655,68940460.0,175885,-1000,7967,793989,0,17000,618104,1000,9033
20260917,1809,中釉,37.15,38.5,37.15,37.3,,0.0,858357,32431691.0,179538,0,2791,362576,0,3000,183038,0,209
20260917,4552,力達-KY,15.45,16.45,15.45,16.2,+,0.85,418801,6708326.0,183000,0,-1000,239000,0,0,56000,0,1000
20260917,2032,新鋼,16.65,16.9,16.65,16.85,+,0.25,248449,4171091.0,179170,0,0,201170,0,1000,22000,0,1000
20260917,8028,昇陽半導體,237.5,249.5,235.5,244.0,+,11.0,9261432,2252035204.0,-1870975,1971000,78686,2042035,1971000,165064,3913010,0,86378
20260917,2390,云辰,10.2,10.25,10.05,10.25,+,0.26,771990,7863418.0,177037,0,0,439037,0,0,262000,0,0
20260917,00893,國泰智能電動車,42.65,42.92,42.65,42.82,+,0.45,206334,8840580.0,0,0,176628,0,0,176628,0,0,0
20260917,00902,中信電池及儲能,12.52,12.68,12.52,12.63,+,0.08,1341720,16900525.0,842000,0,-665862,854000,0,241112,12000,0,906974
20260917,6715,嘉基,406.0,432.0,391.5,394.0,+,1.0,5910220,2458077982.0,863287,-671000,-16361,2117495,0,101797,1254208,671000,118158
20260917,00921,兆豐龍頭等權重,23.12,23.36,23.12,23.32,+,0.32,443759,10333080.0,-4000,0,177419,13000,0,335398,17000,0,157979
20260917,2031,新光鋼,43.6,44.3,43.45,44.3,+,0.85,430643,18967265.0,165909,0,6812,246110,0,9812,80201,0,3000
20260917,8454,富邦媒,242.5,249.0,242.5,249.0,+,6.0,353251,87126197.0,171640,0,584,233950,0,5584,62310,0,5000
20260917,2102,泰豐,17.85,18.2,17.85,18.1,+,0.25,216489,3897409.0,164000,0,8000,203000,0,8000,39000,0,0
20260917,4949,有成精密,73.3,76.7,72.7,73.6,+,1.6,629154,46823745.0,168160,0,3000,261160,0,3000,93000,0,0
20260917,00910,第一金太空衛星,57.1,57.4,57.05,57.2,+,0.95,887807,50857159.0,239000,0,-68000,242000,0,360000,3000,0,428000
20260917,6235,華孚,38.0,38.1,37.85,38.0,+,0.4,219410,8336037.0,163851,0,3636,169851,0,3898,6000,0,262
20260917,9921,巨大,90.6,91.0,89.5,90.0,-,0.7,1298284,116894823.0,162544,0,4023,1026544,0,8000,864000,0,3977
20260917,3058,立德,7.92,8.05,7.92,8.04,+,0.08,488639,3922749.0,164000,0,1000,329000,0,1000,165000,0,0
20260917,3312,弘憶股,48.35,49.3,48.25,48.75,+,1.05,659940,32282637.0,179555,0,-16732,326555,0,271,147000,0,17003
20260917,4739,康普,78.8,80.2,78.3,79.7,+,1.7,2100657,167086844.0,143042,0,19087,1343171,0,20727,1200129,0,1640
20260917,00701,國泰股利精選30,41.65,42.32,41.65,42.15,+,0.53,853262,35964018.0,14000,0,147609,22000,0,693219,8000,0,545610
20260917,6224,聚鼎,88.5,90.2,86.5,86.5,-,1.8,1679467,148612213.0,156427,0,2000,521527,0,3000,365100,0,1000
20260917,5607,遠雄港,52.6,53.4,52.3,52.9,+,0.3,443164,23493566.0,157338,0,-1000,316435,0,2000,159097,0,3000
20260917,2364,倫飛,64.6,65.7,64.5,65.0,+,1.0,315177,20506937.0,157183,0,-1000,230183,0,0,73000,0,1000
20260917,3050,鈺德,11.15,11.35,11.1,11.3,+,0.15,627565,7067147.0,155000,0,1000,319000,0,1000,164000,0,0
20260917,3535,晶彩科,86.5,90.4,86.0,86.5,+,1.1,1010767,88829814.0,126050,0,29657,508050,0,30840,382000,0,1183
20260917,4968,立積,91.2,92.3,90.7,91.6,+,1.9,397661,36415683.0,150881,0,3862,239053,0,4989,88172,0,1127
20260917,6165,浪凡,48.3,48.9,48.3,48.6,+,0.55,268149,13064062.0,137002,0,17000,197002,0,17000,60000,0,0
20260917,2607,榮運,53.2,53.5,52.9,53.4,+,0.3,682049,36376936.0,149495,0,3000,634495,0,3000,485000,0,0
20260917,6579,研揚,150.0,152.5,150.0,152.0,+,3.0,296375,44890832.0,150163,0,1960,192163,0,2000,42000,0,40
20260917,5534,長虹,72.9,74.5,72.9,74.4,+,1.5,329430,24342984.0,159774,0,-7767,210774,0,12126,51000,0,19893
20260917,00949,復華日本龍頭,22.14,22.17,22.06,22.13,+,0.18,1227047,27144031.0,446000,0,-294556,447000,0,685999,1000,0,980555
20260917,1563,巧新,74.0,77.4,74.0,76.2,+,2.5,695799,53086645.0,148612,0,2002,582243,0,2002,433631,0,0
20260917,2633,台灣高鐵,25.95,26.05,25.9,26.05,+,0.1,3639848,94531107.0,-816000,949000,17000,1726000,949000,17000,2542000,0,0
20260917,6024,群益期,60.4,61.7,60.4,61.5,+,0.9,414249,25394725.0,148475,0,1000,237770,0,1000,89295,0,0
20260917,1721,國慶科技,22.0,22.6,21.85,22.15,+,0.35,794138,17626621.0,147924,0,-1000,231234,0,2000,83310,0,3000
20260917,8404,百和興業-KY,13.7,13.75,13.55,13.6,-,0.05,385315,5249250.0,141000,0,4252,173000,0,5000,32000,0,748
20260917,00938,凱基優選30,26.89,27.25,26.89,27.1,+,0.23,1189126,32230385.0,25000,0,120026,34000,0,1099838,9000,0,979812
20260917,00971,野村美國研發龍頭,17.32,17.32,17.29,17.32,+,0.08,153158,2649695.0,0,0,144975,0,0,145000,0,0,25
20260917,1515,力山,29.35,29.6,29.3,29.3,+,0.05,548679,16138451.0,144560,0,35,335567,0,35,191007,0,0
20260917,1618,合機,38.55,39.15,38.55,38.95,+,0.4,287807,11214073.0,143011,0,923,163011,0,1000,20000,0,77
20260917,1307,三芳,30.35,30.75,30.35,30.6,+,0.25,330779,10098327.0,151821,0,-9000,214821,0,1000,63000,0,10000
20260917,6919,康霈*,81.5,83.1,81.5,82.9,+,1.3,2593148,213831028.0,135118,0,7415,1007248,0,13415,872130,0,6000
20260917,1909,榮成,10.1,10.4,10.1,10.3,+,0.15,1752256,18005849.0,148576,0,-7000,1004576,0,40000,856000,0,47000
20260917,5244,弘凱,35.2,36.2,35.2,35.45,+,0.65,253798,9071488.0,139044,0,1000,194044,0,1000,55000,0,0
20260917,3694,海華,49.8,50.7,49.8,50.2,+,0.8,756525,38049214.0,137630,0,-1,255630,0,0,118000,0,1
20260917,3051,力特,21.5,22.15,21.5,21.7,+,0.45,486971,10646046.0,135286,0,1970,232000,0,2000,96714,0,30
20260917,00717,富邦美國特別股,14.51,14.62,14.51,14.59,+,0.08,193181,2818271.0,182000,0,-46000,182000,0,4000,0,0,50000
20260917,2425,承啟,36.85,37.1,36.6,36.6,+,0.4,444296,16361772.0,133038,0,1000,208038,0,1000,75000,0,0
20260917,1522,堤維西,25.4,25.9,25.3,25.85,+,0.8,389954,10026505.0,127403,0,3035,222403,0,3035,95000,0,0
20260917,1616,億泰,18.35,18.55,18.35,18.45,+,0.2,312552,5765801.0,128659,0,1000,202659,0,1000,74000,0,0
20260917,2362,藍天,47.1,47.45,47.05,47.3,+,0.3,1275287,60327785.0,116014,0,12000,1122014,0,17000,1006000,0,5000
20260917,6155,鈞寶,56.7,57.4,55.5,55.5,-,0.9,620416,34910143.0,130000,0,-3000,245000,0,3000,115000,0,6000
20260917,4736,泰博,130.0,133.0,130.0,132.5,+,2.5,322400,42550589.0,115494,9000,1147,159827,9000,1147,44333,0,0
20260917,6768,志強-KY,62.2,63.5,62.2,62.5,+,0.5,463997,29125317.0,122460,0,1660,379460,0,1660,257000,0,0
20260917,3229,晟鈦,61.4,62.8,58.6,58.6,-,2.5,3176518,191586948.0,122524,0,1000,882604,0,1000,760080,0,0
20260917,8476,台境*,19.45,19.9,19.45,19.9,+,0.4,256838,5071205.0,121701,0,1000,194701,0,1000,73000,0,0
20260917,2471,資通,51.5,52.4,51.3,52.3,+,0.4,320667,16675202.0,127643,0,-5000,173643,0,0,46000,0,5000
20260917,6278,台表科,185.5,190.0,183.5,184.0,+,1.0,2460456,456800334.0,136242,9000,-22840,1337882,9000,114264,1201640,0,137104
20260917,4912,聯德控股-KY,91.5,93.9,89.7,92.7,+,1.8,686951,63190277.0,119092,0,0,413092,0,0,294000,0,0
20260917,3041,揚智,22.5,22.85,22.45,22.45,+,0.15,356003,8049814.0,118245,0,0,242245,0,0,124000,0,0
20260917,9907,統一實,15.0,15.0,14.85,14.95,+,0.1,1698985,25391690.0,42000,68884,7000,1332000,68884,7000,1290000,0,0
20260917,1524,耿鼎,25.8,26.15,25.8,25.95,+,0.2,255646,6647823.0,117338,0,0,144338,0,0,27000,0,0
20260917,00875,國泰網路資安,57.1,57.1,56.6,56.65,-,0.25,575990,32680578.0,144006,0,-27017,150006,0,236000,6000,0,263017
20260917,2241,艾姆勒,33.7,34.05,33.5,33.7,+,0.05,1362207,45906804.0,115513,0,1000,1254057,0,1000,1138544,0,0
20260917,1108,幸福,11.0,11.1,11.0,11.05,,0.0,511622,5631426.0,113000,0,3000,138000,0,3000,25000,0,0
20260917,1617,榮星,18.1,18.7,18.1,18.45,+,0.5,293653,5404989.0,114902,0,1000,145299,0,1000,30397,0,0
20260917,3645,達邁,69.2,69.9,68.6,68.8,+,0.3,649472,44904758.0,111417,0,2818,273417,0,3505,162000,0,687
20260917,2029,盛餘,20.65,20.85,20.65,20.85,+,0.25,335538,6959135.0,100795,0,12492,185795,0,13000,85000,0,508
20260917,4934,太極,13.55,13.9,13.5,13.75,+,0.35,376470,5134758.0,112000,0,1000,141000,0,3000,29000,0,2000
20260917,6426,統新,357.5,363.0,356.0,363.0,+,33.0,1230185,443813155.0,123000,0,-10114,156000,0,16936,33000,0,27050
20260917,2597,潤弘,170.0,173.0,169.0,172.0,+,3.5,351872,60401432.0,110884,0,2000,306884,0,2000,196000,0,0
20260917,3002,歐格,16.95,18.6,16.95,18.6,+,1.65,779652,14375959.0,111000,0,1090,253000,0,6090,142000,0,5000
20260917,00850,元大臺灣ESG永續,92.0,93.4,92.0,92.15,+,0.65,366068,33964456.0,-33000,0,144877,9000,0,249855,42000,0,104978
20260917,2613,中櫃,22.05,22.35,22.0,22.3,+,0.25,233058,5175755.0,106400,0,5000,141400,0,5000,35000,0,0
20260917,9802,鈺齊-KY,63.8,65.5,63.7,65.5,+,1.8,375092,24391133.0,111396,0,-169,219396,0,0,108000,0,169
20260917,2072,世紀風電,126.5,129.0,126.0,129.0,+,2.5,267657,34060636.0,110338,0,-818,160850,0,1000,50512,0,1818
20260917,6753,龍德造船,133.0,134.5,133.0,133.0,+,0.5,367785,49201632.0,108070,0,1099,165220,0,2162,57150,0,1063
20260917,1532,勤美,22.4,22.55,22.35,22.45,+,0.15,223665,5018938.0,108000,0,1000,152000,0,1000,44000,0,0
20260917,2417,圓剛,38.65,39.2,38.55,38.95,+,0.65,413782,16102511.0,107061,0,1000,267061,0,1000,160000,0,0
20260917,8045,達運光電,53.1,56.6,53.1,54.6,+,1.8,468137,25713716.0,106000,0,1260,223000,0,2745,117000,0,1485
20260917,3209,全科,45.65,45.7,45.1,45.35,,0.0,684299,31080159.0,105265,0,1654,376265,0,2108,271000,0,454
20260917,2527,宏璟,43.4,43.85,43.25,43.75,+,0.7,928788,40599032.0,105881,0,1000,819881,0,1000,714000,0,0
20260917,2301,光寶科,282.0,282.5,277.0,278.0,+,1.0,10539679,2947677898.0,24125,42000,40662,5377742,46000,127336,5353617,4000,86674
20260917,1449,佳和,12.1,12.7,12.1,12.3,+,0.25,611266,7612183.0,104442,0,586,168442,0,4586,64000,0,4000
20260917,2534,宏盛,16.9,17.1,16.85,17.05,+,0.25,305383,5199546.0,101000,0,4000,282000,0,4000,181000,0,0
20260917,00926,凱基全球菁英55,26.2,26.26,26.2,26.26,+,0.12,144936,3804258.0,50,0,104751,50,0,118796,0,0,14045
20260917,2480,敦陽科,161.0,161.5,160.0,161.5,+,1.5,278116,44813322.0,101826,0,2330,217826,0,3330,116000,0,1000
20260917,2243,宏旭-KY,48.75,49.1,47.2,49.05,+,1.2,227060,10989031.0,103999,0,-18,157000,0,0,53001,0,18
20260917,6112,邁達特,48.25,49.5,48.0,48.75,-,0.95,3359765,163367178.0,112080,0,-8240,998080,0,16819,886000,0,25059
20260917,2849,安泰銀,16.0,16.05,15.8,15.95,-,0.05,243361,3889430.0,95020,0,8000,131020,0,8000,36000,0,0
20260917,1325,恆大,25.8,25.85,25.65,25.8,+,0.2,138712,3573813.0,102000,0,1000,106000,0,1000,4000,0,0
20260917,3622,洋華,45.6,46.25,45.2,45.95,+,0.7,404369,18510732.0,99501,0,1366,252501,0,1366,153000,0,0
20260917,6205,詮欣,61.8,65.1,61.8,63.3,+,1.7,522047,33388697.0,101078,0,-687,238270,0,60,137192,0,747
20260917,1612,宏泰,34.9,35.1,34.9,34.95,+,0.1,1069242,37378949.0,96012,0,2427,893012,0,2427,797000,0,0
20260917,2466,冠西電,105.0,106.5,102.0,102.5,-,1.5,845205,87540663.0,96067,0,2000,374067,0,2000,278000,0,0
20260917,1227,佳格,28.05,28.25,28.05,28.2,+,0.15,504186,14182922.0,94000,0,4000,277000,0,4000,183000,0,0
20260917,8114,振樺電,178.0,179.5,177.0,178.5,+,1.5,347672,61968144.0,96347,0,886,241347,0,1000,145000,0,114
20260917,2022,聚亨,7.17,7.21,7.1,7.18,+,0.03,245712,1754917.0,93832,0,3000,98033,0,3000,4201,0,0
20260917,5288,豐祥-KY,185.5,192.5,185.5,188.5,+,3.0,165937,31387390.0,95016,0,1465,121016,0,1465,26000,0,0
20260917,9938,百和,38.1,38.2,37.9,38.0,+,0.1,815942,31034107.0,69540,26728,178,259540,26728,1000,190000,0,822
20260917,3055,蔚華科,168.0,169.5,160.5,161.0,-,3.0,1551946,255378635.0,87975,0,7000,111000,0,67000,23025,0,60000
20260917,1337,再生-KY,4.42,4.53,4.42,4.49,+,0.09,369808,1654626.0,92672,0,2000,119000,0,2000,26328,0,0
20260917,2460,建通,28.95,29.3,28.9,29.1,+,0.15,292024,8487944.0,93000,0,1000,194000,0,1000,101000,0,0
20260917,2444,兆勁,11.65,12.5,11.65,12.2,+,0.55,406830,4938350.0,93000,0,1000,157000,0,2000,64000,0,1000
20260917,6533,晶心科,232.0,251.5,232.0,251.5,+,22.5,2132108,530063360.0,65608,0,28301,218608,0,47727,153000,0,19426
20260917,8081,致新,249.0,254.0,249.0,251.0,+,3.5,350702,88099386.0,95020,-4000,983,233020,0,1000,138000,4000,17
20260917,2207,和泰車,522.0,532.0,522.0,532.0,+,12.0,243250,128829700.0,37552,43000,11000,176552,43000,11000,139000,0,0
20260917,00905,FT臺灣Smart,26.3,26.63,26.3,26.3,+,0.21,671289,17786237.0,-17100,0,108376,99000,0,248964,116100,0,140588
20260917,00941,中信上游半導體,24.0,24.07,23.92,23.96,+,0.06,367756,8819688.0,-13000,0,103232,0,0,145000,13000,0,41768
20260917,6526,達發,639.0,649.0,629.0,629.0,,0.0,443827,283512896.0,90250,0,-65,239282,0,5707,149032,0,5772
20260917,2254,巨鎧精密-創,74.2,75.2,72.8,75.2,+,1.0,1708137,127534143.0,104000,0,-13936,178000,0,8064,74000,0,22000
20260917,2530,華建,19.85,20.15,19.65,20.15,+,0.35,587634,11778207.0,52000,34802,3000,414000,34802,3000,362000,0,0
20260917,2908,特力,21.9,22.15,21.9,22.1,+,0.05,220261,4864600.0,87000,0,2000,111000,0,2000,24000,0,0
20260917,2069,運錩,23.55,24.3,23.0,24.2,+,0.55,1277466,30436448.0,88552,0,0,612797,0,3000,524245,0,3000
20260917,3704,合勤控,40.5,40.9,39.75,40.3,+,0.15,3611889,145350890.0,87059,0,1374,2395059,0,2857,2308000,0,1483
20260917,6689,伊雲谷,67.0,67.0,63.9,65.5,-,1.5,940604,61764147.0,91816,0,-5000,224816,0,1000,133000,0,6000
20260917,3617,碩天,245.0,249.0,243.5,243.5,+,0.5,415400,101982971.0,37475,50000,-2122,281480,50000,1878,244005,0,4000
20260917,3060,銘異,26.3,27.25,26.3,26.65,+,0.55,1708672,45724948.0,102173,0,-17501,1176567,0,499,1074394,0,18000
20260917,2731,雄獅,142.5,144.0,141.5,144.0,+,3.0,368125,52828509.0,80396,0,999,310396,0,1000,230000,0,1
20260917,6799,來頡,79.5,82.3,79.4,81.2,+,2.8,274151,22249562.0,81002,0,-45,114002,0,0,33000,0,45
20260917,3563,牧德,651.0,676.0,649.0,659.0,+,17.0,520685,345409088.0,76678,0,3798,313679,0,7356,237001,0,3558
20260917,2852,第一保,27.85,28.15,27.8,28.15,+,0.3,568426,15977643.0,78000,0,2000,446000,0,2000,368000,0,0
20260917,4562,穎漢,29.55,30.45,29.55,29.7,+,0.35,168525,5064548.0,77004,0,1000,121004,0,1000,44000,0,0
20260917,2385,群光,105.5,106.5,105.0,105.5,,0.0,2372980,250406484.0,95810,1000,-19293,1656041,1000,20158,1560231,0,39451
20260917,2374,佳能,67.4,67.7,66.7,66.8,+,0.1,1895364,127091674.0,86644,0,-9213,986644,0,2000,900000,0,11213
20260917,00897,富邦基因免疫生技,13.04,13.04,13.0,13.02,+,0.1,503484,6558151.0,195000,0,-118329,199000,0,133402,4000,0,251731
20260917,3008,大立光,6360.0,6370.0,6020.0,6020.0,-,205.0,2145354,13217354450.0,-10634,33546,53517,851024,195600,161233,861658,162054,107716
20260917,2360,致茂,2115.0,2160.0,2085.0,2085.0,-,5.0,1269378,2679239835.0,70641,-27193,31224,689192,6000,57309,618551,33193,26085
20260917,6834,天二科技,100.0,107.0,100.0,101.5,+,1.5,6365386,656965620.0,46457,0,26472,2053879,0,45191,2007422,0,18719
20260917,3653,健策,5400.0,5605.0,5320.0,5355.0,+,115.0,970920,5290489870.0,39491,51947,-18859,405766,68000,29416,366275,16053,48275
20260917,1321,大洋,32.35,32.6,31.85,32.5,+,0.2,208000,6725050.0,71000,0,1000,100000,0,1000,29000,0,0
20260917,4720,德淵,18.4,18.65,18.4,18.65,+,0.3,267246,4967044.0,70000,0,1000,127000,0,1000,57000,0,0
20260917,1702,南僑,32.35,32.7,32.3,32.7,+,0.4,118878,3864991.0,68309,0,1899,78309,0,2000,10000,0,101
20260917,7786,東方風能,116.5,120.5,116.0,120.5,+,3.5,189815,22466187.0,75000,0,-5000,137000,0,1000,62000,0,6000
20260917,3583,辛耘,689.0,704.0,682.0,688.0,+,17.0,602536,417360128.0,61422,0,7898,288422,0,18638,227000,0,10740
20260917,2850,新產,157.0,159.0,157.0,158.5,+,1.5,350209,55432844.0,67160,0,1888,306160,0,2000,239000,0,112
20260917,2630,亞航,47.35,47.55,46.85,47.0,-,0.1,600911,28388774.0,71100,0,-3569,188100,0,0,117000,0,3569
20260917,2236,百達-KY,112.5,119.0,112.5,117.0,+,3.0,338198,39195545.0,67178,0,341,139178,0,371,72000,0,30
20260917,1215,卜蜂,106.5,108.0,106.0,107.0,+,1.0,435883,46640637.0,62515,0,4530,309515,0,7000,247000,0,2470
20260917,6405,悅城,37.6,41.35,37.6,41.35,+,3.75,610708,24828403.0,58000,0,8937,190000,0,8937,132000,0,0
20260917,3092,鴻碩,22.35,22.35,22.0,22.15,-,0.2,225911,5009766.0,64000,0,892,153000,0,1000,89000,0,108
20260917,2539,櫻花建,34.15,34.4,34.1,34.4,+,0.45,367876,12611781.0,54000,0,10302,247000,0,11000,193000,0,698
20260917,1465,偉全,11.8,11.85,11.55,11.55,-,0.15,496088,5795400.0,61000,0,2000,106000,0,2000,45000,0,0
20260917,4104,佳醫,72.0,72.2,71.8,72.2,+,0.3,162201,11688626.0,61270,0,1000,106270,0,1000,45000,0,0
20260917,4590,富田-創,88.3,90.1,88.3,89.3,+,1.1,270459,24187421.0,62000,0,188,240000,0,1288,178000,0,1100
20260917,1540,喬福,19.5,19.7,19.3,19.5,+,0.15,173983,3390554.0,58000,0,4000,74000,0,4000,16000,0,0
20260917,7769,鴻勁,6230.0,6615.0,6055.0,6135.0,+,10.0,1042674,6572407510.0,44008,-1000,18680,630413,0,45452,586405,1000,26772
20260917,2611,志信,14.25,14.35,14.15,14.3,+,0.15,386817,5514866.0,61000,0,0,204000,0,3000,143000,0,3000
20260917,00944,野村趨勢動能高息,21.56,21.75,21.56,21.7,+,0.2,77298,1676335.0,15000,0,45488,15000,0,52044,0,0,6556
20260917,4766,南寶,338.0,344.0,337.5,342.0,+,5.5,179460,61369258.0,57987,0,1319,136987,0,1319,79000,0,0
20260917,3149,正達,62.0,64.4,61.9,62.0,+,0.7,7435090,468246600.0,63666,0,-5927,2408666,0,7310,2345000,0,13237
20260917,2017,官田鋼,8.73,8.81,8.7,8.74,+,0.01,282016,2467810.0,53085,0,4000,172454,0,4000,119369,0,0
20260917,6142,友勁,8.97,8.97,8.8,8.83,-,0.05,329243,2909499.0,58000,0,-1000,116000,0,1000,58000,0,2000
20260917,5292,華懋,212.0,219.0,211.5,216.5,+,7.5,103193,22363364.0,57006,0,-43,64006,0,4139,7000,0,4182
20260917,7827,漢康-KY創,149.5,150.5,149.0,150.0,+,1.5,152762,22864812.0,59110,0,-2477,60192,0,12000,1082,0,14477
20260917,4952,凌通,47.65,47.65,47.2,47.45,+,0.1,172696,8201253.0,56000,0,-87,134000,0,0,78000,0,87
20260917,4569,六方科-KY,159.0,159.0,153.0,153.0,-,3.5,92827,14353753.0,55000,0,900,72000,0,1000,17000,0,100
20260917,6757,台灣虎航,53.2,54.0,53.0,53.4,+,0.4,398011,21252584.0,52040,0,3000,160040,0,3000,108000,0,0
20260917,2440,太空梭,13.9,14.2,13.9,14.2,+,0.25,154146,2168961.0,56000,0,-1000,75000,0,0,19000,0,1000
20260917,1517,利奇,10.35,10.5,10.35,10.5,+,0.1,201429,2107246.0,53000,0,2000,128000,0,2000,75000,0,0
20260917,7711,永擎,560.0,565.0,556.0,565.0,+,51.0,613102,345208630.0,38996,0,15618,118000,0,35618,79004,0,20000
20260917,2204,中華,52.4,52.9,52.2,52.6,+,0.5,313527,16496770.0,27190,24731,1871,105190,24731,3000,78000,0,1129
20260917,7822,倍利科,821.0,866.0,821.0,850.0,+,40.0,160261,136516003.0,50000,0,3632,77000,0,4779,27000,0,1147
20260917,1464,得力,9.92,9.98,9.9,9.94,+,0.03,370710,3682273.0,50894,0,2000,109000,0,2000,58106,0,0
20260917,3592,瑞鼎,222.5,225.0,222.5,223.5,+,1.0,273009,61143694.0,51170,0,1000,199170,0,1000,148000,0,0
20260917,3346,麗清,19.75,20.35,19.5,20.3,+,0.55,572975,11497867.0,52110,0,0,171110,0,1000,119000,0,1000
20260917,2923,鼎固-KY,23.2,24.7,23.2,24.7,+,1.0,135528,3298649.0,61000,0,-9000,100000,0,18000,39000,0,27000
20260917,2355,敬鵬,41.1,41.9,41.0,41.1,+,0.4,2293520,94569023.0,17544,0,34136,1678930,0,63792,1661386,0,29656
20260917,2601,益航,6.21,6.33,6.2,6.3,+,0.09,2344657,14729272.0,47564,0,4000,1181052,0,4000,1133488,0,0
20260917,6215,和椿,97.3,99.1,97.3,98.0,+,0.7,417385,41011383.0,50027,0,1131,163027,0,1723,113000,0,592
20260917,1598,岱宇,20.15,20.35,20.15,20.3,+,0.15,94541,1912508.0,50000,0,1000,62000,0,1000,12000,0,0
20260917,6525,捷敏-KY,129.5,130.5,128.5,129.0,+,0.5,672942,87230071.0,17816,0,32966,351150,0,43000,333334,0,10034
20260917,8438,昶昕,68.8,69.7,66.5,68.8,+,0.4,188127,12866528.0,51000,0,-992,108000,0,8,57000,0,1000
20260917,1437,勤益控,32.4,32.65,32.35,32.45,+,0.2,146633,4766652.0,49000,0,1000,74000,0,1000,25000,0,0
20260917,2614,東森,17.8,18.1,17.8,18.1,+,0.4,682054,12296751.0,49000,0,1000,426000,0,1000,377000,0,0
20260917,2491,吉祥全,40.35,41.0,40.05,40.3,-,0.25,1145322,46216779.0,49000,0,1000,694000,0,2000,645000,0,1000
20260917,8011,台通,15.7,15.85,15.65,15.8,+,0.1,188198,2967613.0,50000,0,0,58000,0,0,8000,0,0
20260917,9946,三發地產,16.85,17.05,16.75,17.0,+,0.35,127552,2157915.0,49000,0,1000,78000,0,1000,29000,0,0
20260917,6164,華興,11.45,11.95,11.45,11.8,+,0.5,895115,10551917.0,49000,0,1000,301000,0,1000,252000,0,0
20260917,5234,達興材料,286.5,296.0,286.0,294.0,+,11.5,299522,87599989.0,26787,21000,1683,215307,21000,3156,188520,0,1473
20260917,8478,東哥遊艇,142.5,144.0,142.0,143.5,+,1.5,129096,18466922.0,49050,0,0,82050,0,0,33000,0,0
20260917,5519,隆大,25.15,25.25,24.95,25.25,+,0.1,199776,5019188.0,49000,0,31,101000,0,1000,52000,0,969
20260917,1786,科妍,42.85,43.75,42.8,43.75,+,1.0,132933,5755700.0,48000,0,1005,78000,0,1005,30000,0,0
20260917,2545,皇翔,33.65,33.95,33.25,33.85,+,0.55,240156,8108637.0,44000,0,5000,207000,0,5000,163000,0,0
20260917,3419,譁裕,10.85,10.9,10.6,10.75,-,0.05,303116,3259150.0,44000,0,5000,113000,0,5000,69000,0,0
20260917,2380,虹光,16.85,16.85,15.9,16.5,-,0.3,410706,6721451.0,47200,0,1000,52200,0,3000,5000,0,2000
20260917,6277,宏正,76.0,78.4,76.0,78.1,+,2.1,294144,22896144.0,48056,0,0,254060,0,1000,206004,0,1000
20260917,3338,泰碩,65.4,67.4,64.5,66.0,+,0.9,831281,55040304.0,46970,0,1000,553000,0,1000,506030,0,0
20260917,1436,華友聯,36.0,36.7,36.0,36.7,+,0.5,89191,3247286.0,47949,0,0,59949,0,0,12000,0,0
20260917,2402,毅嘉,54.5,54.9,54.3,54.3,-,0.2,815040,44430729.0,55660,0,-8076,444660,0,2000,389000,0,10076
20260917,2228,劍麟,75.0,76.9,75.0,76.9,+,1.9,72868,5547908.0,47000,0,0,56000,0,0,9000,0,0
20260917,9919,康那香,13.9,14.15,13.9,13.95,-,0.05,147213,2061691.0,46000,0,1000,56000,0,1000,10000,0,0
20260917,9935,慶豐富,18.1,18.2,18.0,18.05,+,0.05,160423,2903912.0,38000,8919,0,79000,8919,0,41000,0,0
20260917,1460,宏遠,6.25,6.4,6.25,6.38,+,0.13,236252,1497341.0,43830,0,3000,81830,0,3000,38000,0,0
20260917,1603,華電,30.1,30.25,30.0,30.25,+,0.4,99981,3010651.0,46000,0,0,63000,0,0,17000,0,0
20260917,8464,億豐,373.5,376.0,371.5,372.5,-,1.5,488463,182446122.0,118927,-76000,2822,448927,0,7000,330000,76000,4178
20260917,2392,正崴,42.0,42.9,41.95,42.1,+,0.15,1560844,65984398.0,24000,0,21363,869000,0,25364,845000,0,4001
20260917,5258,虹堡,42.35,42.8,42.35,42.65,+,0.65,326309,13908911.0,44711,0,0,244000,0,0,199289,0,0
20260917,6541,泰福-KY,30.6,30.8,30.3,30.8,+,0.25,306578,9387831.0,40131,0,4365,202131,0,5000,162000,0,635
20260917,4536,拓凱,164.0,165.0,163.0,165.0,+,1.0,130218,21348162.0,43199,0,0,102199,0,0,59000,0,0
20260917,2414,精技,52.3,52.9,52.3,52.6,+,0.5,121659,6402357.0,40000,0,3000,74000,0,3000,34000,0,0
20260917,2535,達欣工,89.7,90.0,88.9,89.7,+,0.9,240831,21588608.0,44000,0,-1000,209000,0,0,165000,0,1000
20260917,3025,星通,51.4,51.5,51.0,51.2,+,0.6,119954,6146154.0,43000,0,0,87000,0,0,44000,0,0
20260917,2415,錩新,27.15,27.3,26.6,26.95,-,0.15,126797,3421186.0,44000,0,-1051,88000,0,1000,44000,0,2051
20260917,00643,群益深証中小,17.88,18.05,17.88,18.0,+,0.21,2257929,40546765.0,-41000,0,83061,2000,0,2210728,43000,0,2127667
20260917,3257,虹冠電,48.35,48.65,47.95,47.95,-,0.15,157646,7584141.0,42000,0,0,76000,0,0,34000,0,0
20260917,3515,華擎,214.0,216.5,210.0,211.0,,0.0,559073,119096098.0,64779,0,-22821,267000,0,3179,202221,0,26000
20260917,4155,訊映,14.8,14.9,14.7,14.85,,0.0,154314,2284529.0,41721,0,0,90721,0,0,49000,0,0
20260917,1558,伸興,108.0,111.0,108.0,110.0,+,0.5,182294,20060791.0,40693,0,1000,49693,0,1000,9000,0,0
20260917,3705,永信,55.9,56.6,55.9,56.6,+,0.6,157650,8882289.0,40214,0,1000,78214,0,1000,38000,0,0
20260917,00912,中信臺灣智慧50,35.09,35.67,35.09,35.28,+,0.33,404920,14336743.0,-13000,0,54125,13000,0,331858,26000,0,277733
20260917,3669,圓展,32.5,32.65,32.05,32.55,+,0.15,106626,3463261.0,40000,0,1000,51000,0,1000,11000,0,0
20260917,6902,GOGOLOOK,126.0,128.5,125.5,128.5,+,3.0,117869,15035168.0,40980,0,0,95000,0,0,54020,0,0
20260917,1231,聯華食,79.4,79.8,79.4,79.5,+,0.2,170610,13572126.0,39000,-320,2172,70000,0,4000,31000,320,1828
20260917,6756,威鋒電子,96.4,96.9,94.6,95.7,+,0.1,127700,12178099.0,40917,0,-582,71917,0,1000,31000,0,1582
20260917,3054,立萬利,56.0,57.4,55.7,57.1,+,1.5,98330,5579956.0,41000,0,-1000,53000,0,0,12000,0,1000
20260917,1734,杏輝,31.1,31.5,31.1,31.5,+,0.2,138861,4352637.0,37595,0,2000,73595,0,2000,36000,0,0
20260917,5203,訊連,57.8,58.3,57.7,58.2,+,1.0,113822,6615330.0,39100,0,0,97100,0,0,58000,0,0
20260917,6591,動力-KY,42.0,42.65,41.9,42.65,+,0.6,70372,2972809.0,37000,0,1003,44000,0,1003,7000,0,0
20260917,6243,迅杰,37.0,37.5,37.0,37.2,+,0.2,214469,7998915.0,37600,0,-2,106000,0,0,68400,0,2
20260917,2497,怡利電,43.5,43.9,43.35,43.65,+,0.3,466074,20350492.0,36244,0,1010,435244,0,1011,399000,0,1
20260917,6909,創控,41.7,42.7,41.45,41.7,,0.0,294635,12379379.0,36046,0,1000,96046,0,1000,60000,0,0
20260917,6838,台新藥,23.8,24.35,23.75,24.2,+,0.55,204170,4921509.0,37000,0,0,41000,0,0,4000,0,0
20260917,2231,為升,89.8,91.0,89.8,90.5,+,0.7,87381,7917816.0,35000,0,1406,47000,0,1406,12000,0,0
20260917,2015,豐興,63.8,64.3,63.8,64.2,+,0.5,59466,3812689.0,33199,0,3000,49199,0,5000,16000,0,2000
20260917,2524,京城,33.45,34.25,33.3,34.1,+,0.85,105350,3565355.0,33000,0,3000,72000,0,3000,39000,0,0
20260917,5531,鄉林,7.11,7.37,7.1,7.26,+,0.14,277499,2007635.0,31000,0,5000,101000,0,5000,70000,0,0
20260917,3607,谷崧,13.5,13.8,13.5,13.7,+,0.15,401373,5491926.0,63000,0,-27000,336000,0,0,273000,0,27000
20260917,3296,勝德,25.7,26.1,25.6,25.75,-,0.3,125015,3226178.0,34000,0,2000,61000,0,3000,27000,0,1000
20260917,9905,大華,21.3,21.3,20.95,21.3,+,0.05,138990,2940715.0,34000,0,2000,58000,0,2000,24000,0,0
20260917,3701,大眾控,40.5,42.6,40.25,41.25,+,1.25,1236009,51380084.0,-40605,0,76325,449395,0,79154,490000,0,2829
20260917,3528,安馳,82.0,83.6,81.4,82.2,+,1.1,275105,22695634.0,34377,0,1000,182450,0,1000,148073,0,0
20260917,6670,復盛應用,270.0,274.5,270.0,273.5,+,3.5,113298,30880136.0,35083,0,2,79150,0,2,44067,0,0
20260917,3046,建碁,52.2,53.3,52.2,53.2,+,1.1,237956,12633043.0,40030,0,-5000,177030,0,0,137000,0,5000
20260917,1201,味全,12.1,12.1,12.0,12.1,+,0.05,347806,4197907.0,33000,0,2000,147000,0,2000,114000,0,0
20260917,3015,全漢,50.9,51.8,50.9,51.4,+,0.5,288085,14809443.0,27828,6000,998,224828,6000,1000,197000,0,2
20260917,3032,偉訓,72.0,77.0,72.0,76.1,+,4.5,481782,36095110.0,29001,0,5400,98001,0,8000,69000,0,2600
20260917,1503,士電,197.0,199.5,197.0,197.5,+,2.0,795159,157465290.0,38004,-1000,-2648,380004,0,9116,342000,1000,11764
20260917,4564,元翎,15.85,16.05,15.75,15.8,-,0.05,462448,7331512.0,111172,0,-77000,181172,0,2000,70000,0,79000
20260917,8104,錸寶,29.65,30.2,29.65,30.1,+,0.6,279750,8398188.0,33123,0,1000,187123,0,1000,154000,0,0
20260917,9103,美德醫療-DR,4.98,5.0,4.95,4.96,,0.0,329692,1638124.0,33000,0,102,106000,0,662,73000,0,560
20260917,00903,富邦元宇宙,21.15,21.15,21.12,21.13,+,0.01,35271,745124.0,5000,0,27734,5000,0,27734,0,0,0
20260917,6216,居易,19.4,19.55,19.3,19.35,-,0.05,183452,3554087.0,29000,0,3451,104000,0,4000,75000,0,549
20260917,2929,淘帝-KY,5.76,5.82,5.51,5.72,-,0.03,244212,1383701.0,29000,0,3000,58000,0,3000,29000,0,0
20260917,1342,八貫,100.0,101.5,100.0,100.5,+,0.6,218920,22021624.0,30000,0,1000,200000,0,1000,170000,0,0
20260917,2505,國揚,17.2,17.35,17.1,17.25,+,0.05,193034,3324735.0,30000,0,1000,143000,0,1000,113000,0,0
20260917,6184,大豐電,39.5,39.55,39.35,39.55,+,0.1,173973,6862691.0,30000,0,1000,55000,0,1000,25000,0,0
20260917,1414,東和,17.2,17.45,17.15,17.4,+,0.2,108614,1882048.0,30670,0,0,58670,0,1000,28000,0,1000
20260917,00737,國泰AI機器人,39.97,40.05,39.91,39.97,,0.0,54693,2186450.0,21000,0,9596,21000,0,12000,0,0,2404
20260917,2762,世界健身-KY,79.3,79.7,79.0,79.4,+,0.1,140565,11139001.0,30000,0,0,96000,0,0,66000,0,0
20260917,3038,全台,20.25,20.4,20.25,20.4,+,0.3,181993,3696026.0,29689,0,0,85139,0,1000,55450,0,1000
20260917,2038,海光,12.1,12.1,11.9,12.1,+,0.1,82819,997413.0,30339,0,-1000,37339,0,1000,7000,0,2000
20260917,6937,天虹,294.0,301.0,291.0,291.0,+,1.0,534217,157567154.0,20563,0,8590,224563,0,14219,204000,0,5629
20260917,2028,威致,15.6,15.65,15.5,15.6,,0.0,102070,1590793.0,25000,0,4000,82000,0,4000,57000,0,0
20260917,1725,元禎,33.35,34.55,33.15,33.6,+,0.45,115368,3882064.0,29000,0,0,50000,0,6000,21000,0,6000
20260917,2406,國碩,26.7,27.3,26.6,26.6,+,0.15,1984659,53213203.0,43000,0,-14001,987000,0,2000,944000,0,16001
20260917,2546,根基,104.5,106.5,103.5,104.0,-,2.5,251863,26248001.0,26791,0,2000,115902,0,4000,89111,0,2000
20260917,2420,新巨,53.6,54.0,53.4,53.5,-,0.1,322778,17300890.0,27695,0,882,164000,0,2000,136305,0,1118
20260917,6414,樺漢,374.5,380.0,371.5,371.5,+,4.0,1136338,426375137.0,25285,0,2816,762689,0,14303,737404,0,11487
20260917,4583,台灣精銳,424.5,426.5,419.0,420.0,-,2.0,101526,42780806.0,28000,0,-82,66000,0,0,38000,0,82
20260917,8213,志超,32.5,33.0,32.5,32.55,+,0.05,173174,5673318.0,26000,0,1447,94000,0,1501,68000,0,54
20260917,4722,國精化,190.0,190.0,180.5,183.0,-,4.0,837745,154789597.0,35800,0,-8588,375800,0,195,340000,0,8783
20260917,1219,福壽,11.15,11.3,11.15,11.25,+,0.1,179443,2014797.0,23161,0,4000,63170,0,4000,40009,0,0
20260917,6585,鼎基,104.0,105.5,104.0,104.5,+,1.5,69010,7230399.0,27160,0,0,39160,0,0,12000,0,0
20260917,6456,GIS-KY,65.3,68.0,64.6,65.1,+,0.3,2358821,155965172.0,1915,0,25234,680914,0,59991,678999,0,34757
20260917,4164,承業醫,25.6,25.8,25.5,25.8,+,0.4,888175,22877406.0,47069,0,-20000,702215,0,0,655146,0,20000
20260917,1232,大統益,155.0,155.0,154.0,154.5,+,0.5,90359,13951776.0,25000,0,2000,49000,0,2000,24000,0,0
20260917,6136,富爾特,25.05,25.05,24.6,24.85,+,0.1,194694,4814529.0,27000,0,0,70000,0,0,43000,0,0
20260917,1466,聚隆,14.85,15.3,14.8,14.95,+,0.1,299518,4462799.0,26900,0,0,64000,0,2000,37100,0,2000
20260917,00762,元大全球AI,113.2,114.1,113.2,113.65,+,1.65,51238,5826698.0,1000,0,25100,1000,0,37285,0,0,12185
20260917,1533,車王電,30.25,30.7,30.1,30.65,+,0.55,52558,1596679.0,26000,0,0,32000,0,0,6000,0,0
20260917,2616,山隆,13.3,13.4,13.25,13.3,+,0.05,142693,1901321.0,20000,0,5742,85000,0,6000,65000,0,258
20260917,1568,倉佑,29.5,31.0,29.5,30.35,+,0.85,466364,14169145.0,25040,0,240,146040,0,1240,121000,0,1000
20260917,3057,喬鼎,16.05,16.5,16.05,16.25,+,0.25,123016,1997613.0,25000,0,-7,29000,0,0,4000,0,7
20260917,2247,汎德永業,231.0,231.0,228.5,231.0,+,1.5,60688,13993734.0,22900,2073,0,45060,2073,0,22160,0,0
20260917,00895,富邦未來車,49.6,49.85,49.6,49.72,+,0.47,356859,17769765.0,30000,0,-5123,30000,0,279233,0,0,284356
20260917,2428,興勤,256.0,259.5,252.0,254.5,+,0.5,849080,216723015.0,24267,0,602,402267,0,1603,378000,0,1001
20260917,00924,復華S&P500成長,32.8,32.89,32.8,32.82,+,0.18,850762,27937704.0,81035,0,-56177,88035,0,400823,7000,0,457000
20260917,00700,富邦恒生國企,16.79,16.82,16.64,16.75,-,0.08,162805,2725286.0,-1000,0,25473,11000,0,58000,12000,0,32527
20260917,2020,美亞,21.45,21.55,21.4,21.5,+,0.05,131259,2820613.0,23341,0,1000,49341,0,1000,26000,0,0
20260917,2462,良得電,19.25,19.65,19.25,19.35,,0.0,93010,1804055.0,23000,0,1000,35000,0,1000,12000,0,0
20260917,1723,中碳,80.5,81.4,80.3,81.0,+,0.9,415017,33590265.0,20147,3000,566,272710,3000,1000,252563,0,434
20260917,00901,永豐智能車供應鏈,46.19,46.56,45.82,45.95,+,0.5,138723,6369418.0,3000,0,20593,3000,0,119185,0,0,98592
20260917,1762,中化生,33.7,34.2,33.65,33.8,+,0.15,56107,1902427.0,22000,0,1000,32000,0,1000,10000,0,0
20260917,2007,燁興,6.8,6.9,6.76,6.81,+,0.09,71544,488206.0,19000,0,4000,29000,0,4000,10000,0,0
20260917,1806,冠軍,7.92,8.0,7.92,7.97,-,0.02,109692,874756.0,18000,0,5000,30000,0,5000,12000,0,0
20260917,6698,旭暉應材,32.25,32.9,31.65,31.65,-,0.25,115582,3743672.0,23000,0,0,64000,0,0,41000,0,0
20260917,3321,同泰,17.0,17.45,17.0,17.05,,0.0,94602,1620679.0,22000,0,1000,36000,0,1000,14000,0,0
20260917,5515,建國,49.15,49.7,49.0,49.55,+,0.5,132159,6532665.0,22000,0,1000,79000,0,1000,57000,0,0
20260917,2397,友通,59.5,60.8,59.1,59.9,+,0.9,386125,23173302.0,16990,0,6000,296990,0,6000,280000,0,0
20260917,00639,富邦深100,15.82,16.0,15.81,15.91,+,0.12,577304,9190649.0,-16000,0,38895,1000,0,377695,17000,0,338800
20260917,0061,元大寶滬深,23.84,23.99,23.8,23.88,+,0.08,38630,922001.0,29000,0,-6126,29000,0,0,0,0,6126
20260917,3588,通嘉,51.3,52.2,51.3,51.3,+,0.2,174488,8970151.0,22605,0,-59,126736,0,180,104131,0,239
20260917,2477,美隆電,21.9,22.0,21.85,22.0,+,0.2,77932,1708184.0,10000,7250,5000,15000,7250,5000,5000,0,0
20260917,6854,錼創科技-KY創,90.5,91.3,89.0,89.0,-,0.2,102356,9223107.0,22000,0,224,65000,0,4488,43000,0,4264
20260917,1234,黑松,33.1,33.35,33.1,33.35,+,0.25,69371,2305345.0,18000,0,4000,25000,0,4000,7000,0,0
20260917,3501,維熹,38.15,38.4,37.95,38.1,+,0.1,191341,7292828.0,22000,0,0,107000,0,0,85000,0,0
20260917,4545,銘鈺,32.7,33.15,32.65,33.15,+,0.55,62622,2062204.0,21000,0,1000,35000,0,1000,14000,0,0
20260917,1519,華城,711.0,715.0,703.0,705.0,-,1.0,618004,437680176.0,16882,3000,1244,282498,3000,9321,265616,0,8077
20260917,1587,吉茂,23.3,23.75,23.3,23.75,+,0.3,47669,1125055.0,21000,0,0,30000,0,0,9000,0,0
20260917,2904,匯僑,12.5,12.55,12.45,12.5,-,0.05,59356,742381.0,20000,0,1000,29000,0,1000,9000,0,0
20260917,5525,順天,21.8,22.0,21.8,21.9,+,0.15,40405,884399.0,20000,0,1000,25000,0,1000,5000,0,0
20260917,6625,必應,74.0,74.5,73.8,74.4,+,0.9,40389,2996099.0,21000,0,0,28000,0,0,7000,0,0
20260917,6117,迎廣,61.3,61.9,60.9,60.9,+,0.2,165610,10159865.0,49210,0,-29000,85000,0,0,35790,0,29000
20260917,8072,陞泰,27.0,27.05,26.6,26.6,-,0.15,127078,3397232.0,20000,0,0,42000,0,0,22000,0,0
20260917,2528,皇普,19.75,19.8,19.45,19.75,+,0.2,182260,3572890.0,106000,21895,-108000,120000,21895,3000,14000,0,111000
20260917,8222,寶一,34.65,35.1,34.65,35.0,+,0.35,194183,6781970.0,19079,0,0,52079,0,1000,33000,0,1000
20260917,6558,興能高,23.65,23.95,23.65,23.8,+,0.35,101473,2420505.0,19058,0,0,54058,0,0,35000,0,0
20260917,00645,富邦日本,57.9,57.9,57.55,57.55,+,0.15,46435,2678828.0,1124,0,17613,1124,0,24630,0,0,7017
20260917,6862,三集瑞-KY,131.5,133.5,130.0,130.0,-,1.5,104147,13680847.0,21000,0,-2360,39000,0,647,18000,0,3007
20260917,00690,兆豐藍籌30,79.1,79.6,78.05,78.15,+,0.3,232100,18280416.0,-7000,0,25067,9000,0,126222,16000,0,101155
20260917,1720,生達,55.9,56.1,55.9,56.1,+,0.2,91034,5096433.0,16000,0,2000,43000,0,2000,27000,0,0
20260917,2433,互盛電,40.3,40.3,40.05,40.25,-,0.05,51655,2074247.0,18000,0,0,31000,0,0,13000,0,0
20260917,7821,神數,38.7,39.0,38.6,38.75,+,0.15,42334,1640914.0,18000,0,0,19000,0,0,1000,0,0
20260917,8463,潤泰材,21.05,21.15,20.5,20.9,-,0.3,169016,3525428.0,18000,0,0,48000,0,0,30000,0,0
20260917,4441,振大環球,172.0,174.5,172.0,173.0,+,1.5,48234,8362140.0,19000,0,-1000,32000,0,2000,13000,0,3000
20260917,6438,迅得,144.5,147.5,144.5,145.5,+,1.5,267450,39096741.0,16177,0,1339,166177,0,1339,150000,0,0
20260917,00657,國泰日經225,76.0,76.05,75.85,75.85,+,0.5,54964,4174411.0,0,0,17080,0,0,52080,0,0,35000
20260917,6947,台鎔科技,66.8,67.7,66.7,67.1,+,0.4,82054,5520637.0,17009,0,0,36260,0,0,19251,0,0
20260917,1468,昶和,12.9,13.1,12.7,13.1,+,0.25,77646,1000250.0,19000,0,-2000,23000,0,1000,4000,0,3000
20260917,6923,中台,76.2,76.2,75.5,76.0,+,0.4,42312,3214073.0,17000,0,0,22000,0,0,5000,0,0
20260917,9902,台火,13.35,13.35,13.15,13.25,+,0.05,164304,2174027.0,16000,0,1000,82000,0,1000,66000,0,0
20260917,6606,建德工業,24.85,25.45,24.85,25.05,+,0.35,72000,1801200.0,14000,0,3000,49000,0,3000,35000,0,0
20260917,2239,英利-KY,19.45,19.55,18.95,19.2,-,0.2,231233,4421980.0,17000,0,-180,34000,0,0,17000,0,180
20260917,1220,台榮,10.85,10.85,10.7,10.8,,0.0,153513,1651671.0,15805,0,1000,36165,0,1000,20360,0,0
20260917,3673,TPK-KY,64.2,65.8,63.7,63.8,-,0.2,2864782,184588221.0,474,0,16233,1121531,0,55396,1121057,0,39163
20260917,1604,聲寶,23.35,23.55,23.35,23.5,+,0.15,189492,4431901.0,13664,0,3000,35664,0,3000,22000,0,0
20260917,00972,野村日本動能高息,22.16,22.21,22.1,22.18,+,0.25,99136,2198533.0,-1000,0,17135,0,0,94232,1000,0,77097
20260917,2431,聯昌,9.81,9.95,9.81,9.92,+,0.02,71083,703097.0,15000,0,1000,43000,0,1000,28000,0,0
20260917,9917,中保科,106.0,106.0,105.5,106.0,,0.0,480653,50853679.0,129000,-115000,2000,228000,0,2000,99000,115000,0
20260917,4178,永笙-KY,16.85,16.85,16.55,16.6,-,0.1,86387,1438320.0,14000,0,2000,20000,0,2000,6000,0,0
20260917,9927,泰銘,69.9,70.0,69.7,69.8,+,0.3,53384,3729745.0,14966,0,1000,20966,0,1000,6000,0,0
20260917,2516,新建,14.5,14.65,14.45,14.55,+,0.1,78869,1145723.0,14963,0,1000,30000,0,1000,15037,0,0
20260917,4119,旭富,59.9,59.9,59.0,59.2,-,0.5,264628,15689888.0,14911,0,1000,168911,0,1000,154000,0,0
20260917,4764,雙鍵,206.5,212.0,198.0,203.5,-,5.5,1581667,324359577.0,29013,50000,-63224,403257,50000,21370,374244,0,84594
20260917,2227,裕日車,45.1,45.35,45.1,45.35,-,0.15,42067,1903974.0,15611,0,0,22000,0,0,6389,0,0
20260917,00636,國泰中國A50,27.07,27.25,27.07,27.18,+,0.11,450673,12254341.0,-13000,0,28252,2000,0,406806,15000,0,378554
20260917,2237,華德動能-創,27.2,27.45,27.0,27.25,+,0.1,68170,1854670.0,15000,0,0,17000,0,3000,2000,0,3000
20260917,1760,寶齡富錦,55.1,55.1,54.0,54.4,+,0.8,77760,4231439.0,14000,0,1000,35000,0,1000,21000,0,0
20260917,2509,全坤建,14.4,14.45,14.2,14.35,-,0.05,88573,1270707.0,13000,0,2000,57000,0,2000,44000,0,0
20260917,6931,青松健康,39.05,39.35,39.05,39.3,,0.0,37008,1453428.0,14000,0,1000,19000,0,1000,5000,0,0
20260917,4942,嘉彰,31.5,31.5,31.0,31.2,-,0.2,114559,3576603.0,14000,0,954,64000,0,1000,50000,0,46
20260917,3413,京鼎,279.0,282.0,278.5,281.0,+,4.5,661957,185666915.0,-3309,0,18177,255691,0,21000,259000,0,2823
20260917,00731,復華富時高息低波,98.85,99.75,98.85,99.3,+,0.8,533398,53040427.0,7000,0,7239,10000,0,512447,3000,0,505208
20260917,00733,富邦臺灣中小,67.4,68.5,66.45,66.45,-,0.55,272721,18441125.0,18000,0,-3850,69000,0,112980,51000,0,116830
20260917,1731,美吾華,20.85,20.95,20.75,20.95,+,0.2,69247,1445161.0,12000,0,2000,17000,0,2000,5000,0,0
20260917,4414,如興,8.2,8.35,8.12,8.3,+,0.01,176822,1467188.0,22000,0,-8000,134000,0,2000,112000,0,10000
20260917,5236,凌陽創新,131.0,133.0,131.0,132.5,+,1.5,69285,9151576.0,10656,0,3000,30656,0,3000,20000,0,0
20260917,3308,聯德,22.4,22.4,20.9,21.7,-,0.25,94672,2051491.0,11000,0,2215,46000,0,3215,35000,0,1000
20260917,6230,尼得科超眾,113.0,114.0,110.5,110.5,+,0.5,67734,7600635.0,12131,0,1000,29131,0,1000,17000,0,0
20260917,7730,暉盛-創,173.5,177.5,169.0,175.5,+,6.5,114453,19987032.0,13011,0,19,42011,0,18019,29000,0,18000
20260917,1626,艾美特-KY,9.65,9.7,9.54,9.69,+,0.02,45515,437606.0,13000,0,0,19000,0,0,6000,0,0
20260917,1531,高林股,11.5,11.8,11.5,11.75,+,0.15,73514,857964.0,12000,0,1000,34000,0,1000,22000,0,0
20260917,1454,台富,12.6,12.95,12.6,12.6,,0.0,29292,369577.0,11000,0,2000,15000,0,2000,4000,0,0
20260917,6796,晉弘,50.3,51.7,50.2,50.4,+,0.2,76000,3848200.0,13000,0,0,39000,0,0,26000,0,0
20260917,6776,展碁國際,52.0,52.3,52.0,52.0,,0.0,72174,3759480.0,13000,0,0,25000,0,0,12000,0,0
20260917,3011,今皓,9.71,9.98,9.66,9.97,+,0.33,1211571,12018689.0,13000,0,0,927000,0,0,914000,0,0
20260917,4588,玖鼎電力,54.9,55.2,54.2,55.0,+,0.1,98191,5382595.0,13000,0,-52,51000,0,0,38000,0,52
20260917,2514,龍邦,11.45,11.6,11.45,11.6,+,0.1,41234,475856.0,11000,0,1913,21000,0,2000,10000,0,87
20260917,00861,元大全球未來通訊,83.9,84.15,83.55,83.7,+,0.65,22568,1890273.0,8000,0,4866,10000,0,4866,2000,0,0
20260917,2062,橋椿,18.05,18.2,18.0,18.05,,0.0,200683,3625965.0,9289,0,3000,161290,0,3000,152001,0,0
20260917,4551,智伸科,158.0,161.0,156.5,158.0,+,2.5,467163,74290952.0,6500,0,5518,143928,0,9000,137428,0,3482
20260917,2115,六暉-KY,23.7,24.1,23.7,23.95,+,0.3,95334,2281647.0,11000,0,1000,66000,0,1000,55000,0,0
20260917,1467,南緯,7.97,8.32,7.97,8.14,+,0.17,167036,1360800.0,33000,0,-21000,83000,0,3000,50000,0,24000
20260917,3530,晶相光,57.8,58.0,57.1,57.1,-,0.4,170438,9778689.0,11000,0,1000,123000,0,1000,112000,0,0
20260917,8429,金麗-KY,5.92,5.97,5.9,5.93,+,0.01,186234,1105246.0,8000,0,4000,105000,0,4000,97000,0,0
20260917,00920,富邦ESG綠色電力,24.28,24.58,24.28,24.49,+,0.37,53364,1309227.0,25000,0,-13240,27000,0,10760,2000,0,24000
20260917,1582,信錦,70.4,71.4,70.3,70.5,+,0.6,225087,15924944.0,11434,0,-90,81434,0,314,70000,0,404
20260917,1611,中電,11.4,11.55,11.4,11.5,+,0.1,375457,4313203.0,20328,0,-9000,226000,0,2000,205672,0,11000
20260917,2429,銘旺科,31.05,31.15,30.7,31.15,,0.0,81606,2523579.0,11220,0,0,31280,0,0,20060,0,0
20260917,2488,漢平,48.5,48.8,48.5,48.65,+,0.05,100516,4892252.0,11000,0,0,78000,0,0,67000,0,0
20260917,2901,欣欣,22.9,23.35,22.5,22.95,+,0.05,51405,1172669.0,11000,0,0,15000,0,0,4000,0,0
20260917,1419,新紡,66.0,66.3,65.8,66.2,+,0.7,42105,2781275.0,9000,0,2000,22000,0,2000,13000,0,0
20260917,6115,鎰勝,44.0,44.2,43.85,44.05,+,0.25,143494,6320937.0,10000,0,1000,102000,0,1000,92000,0,0
20260917,5225,東科-KY,54.2,54.7,53.9,54.7,+,0.4,80681,4382723.0,11000,0,0,39000,0,0,28000,0,0
20260917,00911,兆豐洲際半導體,51.1,51.4,51.1,51.2,+,0.6,74560,3820315.0,954,0,10000,1020,0,10000,66,0,0
20260917,5306,桂盟,89.6,89.6,88.7,89.4,,0.0,52601,4692606.0,10950,0,0,21000,0,0,10050,0,0
20260917,3533,嘉澤,1520.0,1620.0,1520.0,1555.0,+,45.0,841164,1320990950.0,25689,-50054,34716,367468,10000,56999,341779,60054,22283
20260917,8462,柏文,158.5,161.5,158.5,161.5,+,3.0,44601,7132386.0,10047,0,0,19047,0,0,9000,0,0
20260917,2373,震旦行,52.6,52.8,52.4,52.8,+,0.1,43341,2281679.0,7000,0,3000,20000,0,3000,13000,0,0
20260917,6965,中傑-KY,69.2,70.5,69.2,70.5,+,1.4,33017,2317076.0,9000,0,1000,23000,0,1000,14000,0,0
20260917,6128,上福,19.2,19.25,19.15,19.15,,0.0,52265,1002156.0,6000,0,4000,29000,0,4000,23000,0,0
20260917,00943,兆豐電子高息等權,20.75,20.86,20.75,20.83,+,0.16,227443,4735590.0,5000,0,4876,5000,0,196000,0,0,191124
20260917,1623,大東電,204.0,207.0,204.0,204.0,+,1.0,26428,5414682.0,9000,0,797,15000,0,1000,6000,0,203
20260917,2233,宇隆,159.5,163.5,157.0,157.0,-,1.0,444270,71002741.0,7403,0,2215,146403,0,9000,139000,0,6785
20260917,9955,佳龍,23.65,23.85,23.55,23.65,+,0.2,94689,2242695.0,9585,0,0,36585,0,0,27000,0,0
20260917,8249,菱光,38.2,38.55,38.2,38.4,+,0.45,154044,5917256.0,8373,0,1000,60000,0,1000,51627,0,0
20260917,2107,厚生,26.6,26.9,26.55,26.85,+,0.25,180048,4821583.0,8158,0,1000,58744,0,1000,50586,0,0
20260917,1535,中宇,44.5,44.95,44.5,44.9,+,0.4,55075,2468808.0,6000,0,3000,44000,0,3000,38000,0,0
20260917,2450,神腦,28.3,28.35,28.2,28.3,+,0.05,89296,2526004.0,8000,0,1000,62000,0,1000,54000,0,0
20260917,1438,三地開發,21.45,21.6,21.15,21.4,+,0.15,31706,678666.0,8000,0,1000,13000,0,1000,5000,0,0
20260917,6958,日盛台駿,17.25,17.6,17.25,17.5,-,0.05,30141,527831.0,6000,0,3000,24000,0,3000,18000,0,0
20260917,6863,永道-KY,93.6,94.8,93.6,94.5,+,1.8,100289,9461932.0,8000,0,1000,66000,0,1000,58000,0,0
20260917,6754,匯僑設計,42.0,42.05,40.9,41.8,+,0.9,44020,1824220.0,8000,0,1000,13000,0,1000,5000,0,0
20260917,4555,氣立,41.75,43.2,41.75,42.75,+,1.05,259367,11070282.0,10000,0,-1000,193000,0,0,183000,0,1000
20260917,5007,三星,55.6,55.6,55.6,55.6,,0.0,19177,1066227.0,8000,0,1000,8000,0,1000,0,0,0
20260917,2482,連宇,16.05,16.15,15.9,16.0,+,0.05,58925,942642.0,5000,0,3399,15000,0,4000,10000,0,601
20260917,9942,茂順,114.0,114.5,113.5,114.0,,0.0,32099,3658222.0,8088,0,0,17088,0,0,9000,0,0
20260917,2702,華園,12.7,12.8,12.7,12.7,,0.0,38762,493029.0,7000,0,1000,28000,0,1000,21000,0,0
20260917,2707,晶華,177.0,177.5,176.5,177.0,,0.0,50655,8972434.0,7000,0,1000,20000,0,1000,13000,0,0
20260917,1614,三洋電,30.9,31.05,30.9,30.95,,0.0,55309,1715799.0,7000,0,1000,14000,0,1000,7000,0,0
20260917,1615,大山,43.0,43.75,42.95,43.1,+,0.1,87261,3763313.0,8000,0,0,66000,0,1000,58000,0,1000
20260917,1732,毛寶,25.85,26.0,25.85,25.95,+,0.1,47577,1233440.0,12000,0,-4000,14000,0,0,2000,0,4000
20260917,1459,聯發,15.75,15.75,15.5,15.75,+,0.2,130591,2031529.0,4000,0,4000,40000,0,4000,36000,0,0
20260917,7722,LINEPAY,262.5,265.5,261.5,265.5,+,3.5,61089,16136608.0,6000,0,2000,38000,0,2000,32000,0,0
20260917,3043,科風,20.65,20.7,20.45,20.45,,0.0,64901,1330235.0,7000,0,1000,19000,0,1000,12000,0,0
20260917,4737,華廣,59.6,60.5,58.2,60.3,+,0.6,155714,9243186.0,8000,0,0,49000,0,0,41000,0,0
20260917,4755,三福化,115.0,115.0,113.5,114.0,+,0.5,126066,14420382.0,4980,0,3000,74000,0,3000,69020,0,0
20260917,6969,成信實業*-創,32.5,32.7,31.9,32.4,+,0.4,82501,2664860.0,14000,0,-6245,33000,0,4000,19000,0,10245
20260917,3443,創意,6315.0,6610.0,6205.0,6500.0,+,330.0,2334082,15104569705.0,-410128,430200,-12465,669624,430200,72339,1079752,0,84804
20260917,00661,元大日經225,83.4,83.4,82.8,83.05,+,0.55,45725,3796006.0,-1000,0,8575,0,0,22066,1000,0,13491
20260917,1323,永裕,21.45,21.45,21.35,21.45,+,0.05,40350,863101.0,7000,0,0,12000,0,0,5000,0,0
20260917,2705,六福,15.3,15.4,15.15,15.35,+,0.25,131184,2010006.0,6000,0,1000,80000,0,1000,74000,0,0
20260917,9918,欣天然,42.75,43.25,42.7,43.2,+,0.3,52429,2250484.0,5000,0,2000,30000,0,2000,25000,0,0
20260917,8482,商億-KY,46.85,47.8,46.3,47.25,+,0.1,32050,1501520.0,7000,0,0,8000,0,0,1000,0,0
20260917,3266,昇陽,13.85,13.95,13.8,13.9,+,0.25,35083,487132.0,7000,0,0,28000,0,0,21000,0,0
20260917,4935,茂林-KY,30.95,31.7,30.85,31.65,+,0.85,133993,4188985.0,7000,0,0,53000,0,1000,46000,0,1000
20260917,4571,鈞興-KY,149.0,151.5,149.0,149.5,+,0.5,55325,8304603.0,7000,0,0,24000,0,0,17000,0,0
20260917,5283,禾聯碩,53.4,53.4,52.8,53.3,+,0.4,39571,2099976.0,6000,0,1000,17000,0,1000,11000,0,0
20260917,6582,申豐,31.55,31.55,30.9,31.3,+,0.25,102310,3185853.0,5000,0,2000,25000,0,2000,20000,0,0
20260917,6598,ABC-KY,27.4,27.95,27.15,27.9,+,0.5,69275,1913675.0,6000,0,1000,24000,0,1000,18000,0,0
20260917,6183,關貿,91.0,91.8,90.9,90.9,-,0.1,28731,2616516.0,2000,0,5000,18000,0,5000,16000,0,0
20260917,6225,天瀚,59.2,63.0,58.9,60.2,-,0.2,173832,10541633.0,7000,0,0,26000,0,0,19000,0,0
20260917,8162,微矽電子-創,59.7,61.4,59.7,60.1,+,0.4,133620,8073089.0,9020,0,-2030,48020,0,25000,39000,0,27030
20260917,00652,富邦印度,31.89,32.04,31.84,32.0,+,0.17,52369,1671598.0,-4196,0,10844,0,0,21438,4196,0,10594
20260917,1445,大宇,10.35,10.35,10.0,10.0,-,0.15,146249,1473846.0,5579,0,1000,43579,0,1000,38000,0,0
20260917,1709,和益,40.8,42.95,39.1,42.95,+,3.9,35011882,1459063097.0,-122335,0,128493,8074331,0,503545,8196666,0,375052
20260917,7768,頌勝科技,262.0,265.0,261.0,262.5,+,2.5,27666,7272199.0,6090,0,0,13090,0,0,7000,0,0
20260917,2753,八方雲集,178.5,179.0,178.0,178.5,+,0.5,158804,28330520.0,-1000,4280,2786,80000,4280,3000,81000,0,214
20260917,2748,雲品,38.55,38.95,38.55,38.75,+,0.1,82739,3207060.0,4000,0,2000,54000,0,2000,50000,0,0
20260917,2423,固緯,72.7,73.1,72.5,72.8,+,0.2,50341,3664115.0,6000,0,0,44000,0,0,38000,0,0
20260917,1776,展宇,18.25,18.9,18.25,18.55,+,0.2,166213,3096132.0,5000,0,1000,60000,0,1000,55000,0,0
20260917,1435,中福,22.75,22.75,22.4,22.4,,0.0,7318,165454.0,5000,0,1000,6000,0,1000,1000,0,0
20260917,1423,利華,35.25,35.25,35.0,35.0,,0.0,7158,250745.0,6000,0,0,7000,0,0,1000,0,0
20260917,1256,鮮活果汁-KY,171.5,171.5,170.0,170.5,,0.0,62378,10634907.0,11000,0,-5000,44000,0,0,33000,0,5000
20260917,7760,享溫馨,32.15,32.8,32.15,32.8,+,0.3,25160,821870.0,6000,0,0,9000,0,0,3000,0,0
20260917,6952,大武山,38.85,39.3,38.6,39.25,+,0.25,12025,469614.0,4000,0,2000,9000,0,2000,5000,0,0
20260917,9931,欣高,34.0,34.15,33.95,34.1,+,0.15,30239,1030661.0,5000,0,1000,19000,0,1000,14000,0,0
20260917,3447,展達,27.95,28.2,27.2,27.45,+,0.05,131676,3626443.0,5000,0,1000,87000,0,1000,82000,0,0
20260917,2906,高林,13.65,13.8,13.45,13.8,+,0.3,224814,3083004.0,8000,0,-2008,130000,0,8000,122000,0,10008
20260917,1109,信大,13.4,13.45,13.35,13.4,,0.0,91847,1228385.0,5000,0,732,15000,0,1000,10000,0,268
20260917,1903,士紙,47.0,47.65,47.0,47.15,+,0.2,102241,4829709.0,4000,0,1526,36000,0,2000,32000,0,474
20260917,8442,威宏-KY,45.35,46.15,45.35,46.1,+,0.4,25624,1175919.0,3000,2524,0,13000,2524,0,10000,0,0
20260917,6906,現觀科,81.8,82.9,81.3,81.7,-,0.1,25317,2071631.0,5050,0,0,10050,0,0,5000,0,0
20260917,1733,五鼎,30.1,30.4,30.05,30.35,+,0.1,38485,1163839.0,5000,0,0,22000,0,0,17000,0,0
20260917,1512,瑞利,6.18,6.19,6.12,6.19,+,0.01,68674,421982.0,5000,0,0,8000,0,0,3000,0,0
20260917,1526,日馳,14.9,14.9,14.6,14.75,+,0.05,49055,727205.0,4000,0,1000,11000,0,1000,7000,0,0
20260917,1236,宏亞,25.5,25.6,24.8,25.55,,0.0,129151,3253308.0,5000,0,0,32000,0,2000,27000,0,2000
20260917,1315,達新,66.1,66.9,66.1,66.9,+,0.7,45224,3010100.0,5000,0,0,14000,0,0,9000,0,0
20260917,1471,首利,9.3,9.73,9.3,9.35,+,0.05,222912,2099569.0,2000,0,3000,24000,0,8000,22000,0,5000
20260917,1463,強盛新,17.65,17.7,17.45,17.45,-,0.3,24187,424272.0,4000,0,1000,12000,0,1000,8000,0,0
20260917,6928,攸泰科技,46.7,47.1,45.5,46.9,+,0.2,47293,2194065.0,4000,0,1000,19000,0,2000,15000,0,1000
20260917,9937,全國,54.1,54.4,54.1,54.4,+,0.3,21029,1141780.0,3000,0,2000,11000,0,2000,8000,0,0
20260917,5546,永固-KY,15.0,15.0,14.55,14.75,-,0.05,13070,192640.0,1000,0,4000,3000,0,4000,2000,0,0
20260917,00730,富邦臺灣優質高息,28.28,28.5,28.28,28.36,+,0.21,127659,3629060.0,2000,0,2521,2000,0,54152,0,0,51631
20260917,00709,富邦歐洲,39.94,40.0,39.79,39.88,+,0.03,18494,737638.0,0,0,4220,0,0,6000,0,0,1780
20260917,2387,精元,36.15,36.5,36.15,36.35,,0.0,167575,6089058.0,-13473,16621,1000,59527,16621,1000,73000,0,0
20260917,6914,阜爾運通,120.5,121.5,120.5,121.5,+,2.0,55970,6789211.0,2132,0,2000,31132,0,2000,29000,0,0
20260917,2109,華豐,14.85,14.85,14.75,14.8,+,0.1,74865,1108026.0,3021,0,1000,53120,0,1000,50099,0,0
20260917,1473,台南,19.6,19.85,19.6,19.8,+,0.2,18451,364524.0,3000,0,1000,6000,0,1000,3000,0,0
20260917,2704,國賓,45.8,46.0,45.45,45.95,+,0.5,77539,3556505.0,3000,0,1000,60000,0,1000,57000,0,0
20260917,1338,廣華-KY,14.3,14.35,14.2,14.35,+,0.1,30680,438630.0,3000,0,1000,6000,0,1000,3000,0,0
20260917,1203,味王,42.4,43.85,42.4,43.35,+,1.1,12909,557815.0,2000,0,2000,8000,0,2000,6000,0,0
20260917,6431,光麗-KY,17.55,17.65,17.4,17.4,-,0.15,35307,616788.0,3000,0,1000,6000,0,1000,3000,0,0
20260917,6201,亞弘電,44.45,44.85,44.35,44.8,+,0.35,28055,1250821.0,4000,0,0,17000,0,0,13000,0,0
20260917,5907,大洋-KY,4.92,4.92,4.83,4.88,-,0.05,265244,1294051.0,3000,0,1000,149000,0,1000,146000,0,0
20260917,4440,宜新實業,17.65,17.65,17.45,17.6,-,0.05,37162,652056.0,5000,0,-1000,20000,0,6000,15000,0,7000
20260917,4426,利勤,7.5,7.57,7.49,7.56,+,0.06,116115,874818.0,1000,0,3000,62000,0,3000,61000,0,0
20260917,4190,佐登-KY,25.35,25.7,25.35,25.7,+,0.1,25764,658253.0,4000,0,0,6000,0,0,2000,0,0
20260917,3652,精聯,34.0,34.0,33.3,33.5,-,0.3,110070,3696840.0,4000,0,0,62000,0,0,58000,0,0
20260917,3557,嘉威,23.0,23.25,22.9,23.0,-,0.25,71249,1638474.0,3000,0,1000,39000,0,1000,36000,0,0
20260917,7823,奧義賽博-KY創,79.0,81.3,79.0,80.5,+,1.1,22452,1798957.0,4100,0,-135,8100,0,2000,4000,0,2135
20260917,00876,元大全球5G,85.0,85.35,84.2,84.2,-,0.1,48627,4111705.0,0,0,3643,1000,0,6643,1000,0,3000
20260917,3679,新至陞,108.0,108.5,107.0,107.5,,0.0,38581,4153054.0,1000,2024,0,5000,2024,0,4000,0,0
20260917,1235,興泰,36.5,38.85,36.5,37.5,+,1.15,13633,512399.0,2000,0,1000,8000,0,1000,6000,0,0
20260917,1340,勝悅-KY,5.22,5.24,5.13,5.15,-,0.01,157641,813587.0,0,0,3000,93000,0,3000,93000,0,0
20260917,1470,大統新創,24.4,24.4,24.0,24.25,+,0.45,37462,902103.0,2000,0,1000,5000,0,1000,3000,0,0
20260917,2722,夏都,21.3,21.3,21.0,21.0,-,0.05,31459,662209.0,2000,0,1000,17000,0,1000,15000,0,0
20260917,2430,燦坤,18.05,18.05,17.85,18.05,+,0.25,103531,1864995.0,3000,0,0,70000,0,0,67000,0,0
20260917,3686,達能,14.05,14.2,14.0,14.15,+,0.15,62994,887729.0,2000,0,1000,6000,0,1000,4000,0,0
20260917,3040,遠見,34.5,35.5,33.6,33.7,-,0.3,303416,10290566.0,3000,0,0,112000,0,0,109000,0,0
20260917,4572,駐龍,141.5,141.5,139.5,141.0,-,1.0,15415,2167265.0,3000,0,0,5000,0,0,2000,0,0
20260917,6666,羅麗芬-KY,44.35,44.9,44.05,44.75,+,0.4,16500,734685.0,3000,0,0,5000,0,0,2000,0,0
20260917,6614,資拓宏宇,35.9,35.9,35.5,35.65,+,0.2,36151,1290600.0,2000,0,1000,21000,0,1000,19000,0,0
20260917,6835,圓裕,31.3,31.3,30.4,30.75,+,0.05,33442,1028184.0,2000,0,1000,26000,0,1000,24000,0,0
20260917,6464,台數科,77.3,77.9,77.3,77.8,+,0.5,19054,1477843.0,2000,0,1000,8000,0,1000,6000,0,0
20260917,6504,南六,36.6,37.05,36.45,36.95,+,0.35,34020,1254276.0,3000,0,0,27000,0,0,24000,0,0
20260917,6281,全國電,50.9,51.1,50.9,50.9,,0.0,64065,3263071.0,3000,0,0,37000,0,0,34000,0,0
20260917,6908,宏碁遊戲-創,30.4,30.5,30.1,30.2,+,0.1,13100,396700.0,1000,0,2000,2000,0,6000,1000,0,4000
20260917,9926,新海,49.1,49.45,49.1,49.4,+,0.35,10469,516859.0,1000,0,2000,8000,0,2000,7000,0,0
20260917,9912,偉聯,13.0,13.05,12.95,13.0,-,0.1,14561,189096.0,3000,0,0,6000,0,0,3000,0,0
20260917,9906,欣巴巴,37.0,37.95,35.95,37.6,+,0.3,73513,2747721.0,3000,0,0,44000,0,0,41000,0,0
20260917,1530,亞崴,27.1,27.25,27.1,27.2,+,0.1,33497,910628.0,2000,0,935,27000,0,1000,25000,0,65
20260917,6924,榮惠-KY創,136.0,140.0,131.0,132.0,-,3.0,48987,6597409.0,2100,0,593,11100,0,5100,9000,0,4507
20260917,4999,鑫禾,17.9,17.9,17.75,17.9,+,0.05,62266,1112901.0,0,0,2572,33000,0,3000,33000,0,428
20260917,9924,福興,37.75,38.1,37.75,37.95,+,0.25,92108,3497466.0,528,0,2000,69528,0,2000,69000,0,0
20260917,9939,宏全,125.5,127.0,125.5,126.5,+,1.0,338344,42703550.0,4000,0,-1728,164000,0,2000,160000,0,3728
20260917,1583,程泰,46.5,47.45,46.05,46.3,-,0.55,21129,979923.0,0,0,2000,10000,0,2000,10000,0,0
20260917,2910,統領,23.4,24.0,23.4,23.4,+,0.1,12029,284027.0,1000,0,1000,7000,0,1000,6000,0,0
20260917,2911,麗嬰房,6.39,6.39,6.3,6.32,-,0.08,76286,481888.0,1000,0,1000,12000,0,1000,11000,0,0
20260917,1443,立益物流,23.0,23.35,22.85,23.35,+,0.3,15647,362746.0,2000,0,0,8000,0,0,6000,0,0
20260917,8466,美吉吉-KY,14.0,14.2,13.65,13.95,+,0.15,44004,611704.0,2000,0,0,26000,0,0,24000,0,0
20260917,6934,心誠鎂,73.9,75.5,73.3,75.5,+,2.2,32000,2379200.0,2000,0,0,5000,0,0,3000,0,0
20260917,6955,邦睿生技-創,96.8,96.8,96.0,96.0,+,0.9,16063,1546254.0,-1000,0,3000,1000,0,6000,2000,0,3000
20260917,7736,虎山,69.5,69.5,68.6,69.5,+,0.9,5017,347580.0,2000,0,0,3000,0,0,1000,0,0
20260917,7791,皇家可口,55.2,55.8,55.2,55.8,+,0.4,10236,567299.0,2000,0,0,4000,0,0,2000,0,0
20260917,4148,全宇生技-KY,32.9,33.4,32.45,32.5,-,0.4,94001,3073009.0,1000,0,1000,29000,0,2000,28000,0,1000
20260917,4133,亞諾法,20.2,20.45,20.2,20.4,+,0.2,100097,2035981.0,2000,0,0,50000,0,0,48000,0,0
20260917,6807,峰源-KY,32.7,32.9,32.6,32.9,-,0.1,9000,295400.0,2000,0,0,7000,0,0,5000,0,0
20260917,6674,鋐寶科技,15.75,15.8,15.65,15.65,-,0.3,22103,346717.0,1000,0,1000,11000,0,1000,10000,0,0
20260917,6887,寶綠特-KY,37.4,38.3,37.4,38.3,+,1.25,13000,495750.0,2000,0,0,8000,0,0,6000,0,0
20260917,6641,基士德-KY,16.9,17.05,16.9,17.05,+,0.15,14200,241860.0,2000,0,0,14000,0,0,12000,0,0
20260917,5706,鳳凰,43.6,43.9,43.6,43.75,-,0.15,79216,3469062.0,13887,0,-12000,29000,0,0,15113,0,12000
20260917,7631,聚賢研發-創,137.0,139.5,136.0,136.5,+,1.0,64225,8819770.0,2989,0,-1148,13000,0,13000,10011,0,14148
20260917,6534,正瀚-創,91.4,91.5,90.1,90.1,+,0.3,16070,1456665.0,0,0,1459,6000,0,1541,6000,0,82
20260917,7765,中華資安,236.5,236.5,228.5,231.0,-,9.0,387841,89974023.0,350,0,1000,74350,0,1000,74000,0,0
20260917,8499,鼎炫-KY,252.5,254.0,251.0,251.5,,0.0,38092,9589115.0,-783,0,2044,28000,0,2148,28783,0,104
20260917,6192,巨路,110.0,111.0,110.0,110.5,+,1.0,100229,11077235.0,160,0,1000,56000,0,1000,55840,0,0
20260917,1805,寶徠,10.25,10.25,10.05,10.15,+,0.05,60136,612023.0,2134,0,-1000,9134,0,1000,7000,0,2000
20260917,1735,日勝化,19.7,19.95,19.7,19.9,+,0.3,69879,1389191.0,1000,0,0,59000,0,1000,58000,0,1000
20260917,1752,南光,31.5,31.5,31.2,31.3,+,0.1,46342,1449144.0,1000,0,0,22000,0,0,21000,0,0
20260917,1537,廣隆,116.0,116.0,114.5,115.5,+,0.5,53859,6210531.0,-2000,0,3000,9000,0,3000,11000,0,0
20260917,1475,業旺,26.25,26.25,25.85,26.05,+,0.15,21532,559227.0,0,0,1000,7000,0,1000,7000,0,0
20260917,1525,江申,65.0,65.0,65.0,65.0,,0.0,1001,65063.0,1000,0,0,1000,0,0,0,0,0
20260917,1233,天仁,28.0,28.05,27.95,28.05,+,0.2,18198,509364.0,1000,0,0,3000,0,0,2000,0,0
20260917,1418,東華,17.45,17.8,17.45,17.6,-,0.3,29143,514203.0,1000,0,0,3000,0,0,2000,0,0
20260917,1432,大魯閣,15.0,15.0,14.9,14.9,-,0.05,117740,1760742.0,1000,0,0,10000,0,0,9000,0,0
20260917,1341,富林-KY,59.2,59.2,59.2,59.2,,0.0,1006,59550.0,1000,0,0,1000,0,0,0,0,0
20260917,6581,鋼聯,108.5,109.5,108.5,109.5,,0.0,7215,790010.0,0,0,1000,4000,0,1000,4000,0,0
20260917,6671,三能-KY,22.95,22.95,22.95,22.95,+,0.1,20000,459000.0,1000,0,0,19000,0,0,18000,0,0
20260917,5906,台南-KY,39.0,39.0,39.0,39.0,,0.0,1157,44919.0,1000,0,0,1000,0,0,0,0,0
20260917,2939,永邑-KY,19.4,21.0,19.4,21.0,+,1.6,11015,226508.0,1000,0,0,5000,0,0,4000,0,0
20260917,3432,台端,14.1,14.2,14.1,14.15,-,0.05,20046,284313.0,1000,0,0,4000,0,0,3000,0,0
20260917,3168,眾福科,42.0,42.85,42.0,42.75,,0.0,24359,1036814.0,0,0,1000,17000,0,1000,17000,0,0
20260917,8481,政伸,41.1,41.1,40.8,41.0,-,0.15,5098,208834.0,0,0,1000,1000,0,1000,1000,0,0
20260917,9943,好樂迪,50.7,50.8,50.6,50.8,+,0.2,72051,3658104.0,-1000,0,2000,22000,0,2000,23000,0,0
20260917,8443,阿瘦,11.2,11.2,11.15,11.2,,0.0,30029,335875.0,1000,0,0,2000,0,0,1000,0,0
20260917,7855,和運租車,42.1,42.2,42.05,42.1,+,0.05,376860,15877500.0,1000,0,0,25000,0,0,24000,0,0
20260917,00771,元大US高息特別股,15.18,15.22,15.18,15.22,+,0.12,2375,36040.0,0,0,970,0,0,1000,0,0,30
20260917,1339,昭輝,42.65,43.4,42.65,43.2,+,0.1,112282,4835686.0,1000,0,-116,61000,0,0,60000,0,116
20260917,00702,國泰標普低波高息,24.18,24.25,24.18,24.25,-,0.16,6026,145897.0,0,0,841,0,0,3021,0,0,2180
20260917,00899,FT潔淨能源,22.7,22.7,22.63,22.63,,0.0,24277,550134.0,1000,0,-200,1000,0,0,0,0,200
20260917,2465,麗臺,91.1,92.9,89.2,89.2,-,1.2,1832879,165231119.0,46,0,0,1034046,0,2000,1034000,0,2000
20260917,1521,大億,25.15,25.25,24.9,25.15,,0.0,15764,395143.0,-1000,0,1000,4000,0,1000,5000,0,0
20260917,1539,巨庭,15.75,15.75,15.55,15.55,-,0.05,19079,298304.0,-1000,0,1000,1000,0,1000,2000,0,0
20260917,1541,錩泰,20.9,20.9,20.65,20.85,,0.0,11000,228900.0,-1000,0,1000,3000,0,1000,4000,0,0
20260917,1726,永記,76.6,77.8,76.6,76.9,+,0.1,18203,1402131.0,-1000,0,1000,5000,0,1000,6000,0,0
20260917,2008,高興昌,31.35,31.4,30.75,30.9,+,0.4,22278,691278.0,0,0,0,12000,0,0,12000,0,0
20260917,2024,志聯,12.85,12.9,12.8,12.9,+,0.05,23317,299652.0,0,0,0,1000,0,0,1000,0,0
20260917,1413,宏洲,9.22,9.22,9.21,9.21,+,0.03,8243,75900.0,-1000,0,1000,1000,0,1000,2000,0,0
20260917,1453,大將,10.9,10.95,10.9,10.95,+,0.1,15602,170488.0,0,0,0,2000,0,0,2000,0,0
20260917,00851,台新全球AI,70.15,70.2,70.15,70.2,+,0.5,41414,2905311.0,0,0,0,0,0,40000,0,0,40000
20260917,7705,三商餐飲,30.0,30.0,29.95,29.95,-,0.05,34061,1020807.0,-1000,0,1000,5000,0,1000,6000,0,0
20260917,7732,金興精密,34.1,34.1,34.1,34.1,,0.0,10000,341000.0,0,0,0,10000,0,0,10000,0,0
20260917,6936,永鴻生技,32.0,32.0,31.8,31.85,+,0.05,4384,139861.0,0,0,0,1000,0,0,1000,0,0
20260917,9136,巨騰-DR,9.69,9.69,9.43,9.56,-,0.05,93000,887440.0,0,0,0,28000,0,0,28000,0,0
20260917,8467,波力-KY,84.5,88.6,84.5,88.6,+,4.6,18886,1638439.0,-1000,0,1000,8000,0,1000,9000,0,0
20260917,3164,景岳,16.0,16.0,15.8,15.8,-,0.05,29985,474461.0,-1000,0,1000,25000,0,1000,26000,0,0
20260917,3027,盛達,17.8,17.85,17.7,17.7,-,0.05,78976,1400677.0,-1000,0,1000,22000,0,1000,23000,0,0
20260917,4930,燦星網,16.1,16.15,15.95,16.15,+,0.05,113425,1822448.0,0,0,0,35000,0,0,35000,0,0
20260917,6722,輝創,32.0,32.4,31.95,32.4,-,0.1,25015,805139.0,0,0,0,7000,0,0,7000,0,0
20260917,6771,平和環保-創,42.2,43.0,41.6,42.4,+,0.2,68000,2873100.0,-2000,0,2000,9000,0,9000,11000,0,7000
20260917,6655,科定,123.0,125.0,123.0,124.5,+,1.5,13034,1611852.0,0,0,0,2000,0,0,2000,0,0
20260917,00908,富邦入息REITs+,14.92,14.92,14.92,14.92,+,0.03,51477,768032.0,0,0,-301,0,0,50000,0,0,50301
20260917,6409,旭隼,888.0,900.0,873.0,877.0,-,3.0,280912,248257122.0,29785,-27000,-3104,186659,6000,7706,156874,33000,10810
20260917,1225,福懋油,24.7,25.1,24.65,25.0,+,0.4,112556,2809850.0,-2000,0,1000,15000,0,1000,17000,0,0
20260917,1218,泰山,14.4,14.4,14.25,14.4,+,0.05,617015,8847391.0,-3000,0,2000,217000,0,2000,220000,0,0
20260917,1439,雋揚,28.1,28.7,28.1,28.55,+,0.45,10192,288790.0,-1000,0,0,3000,0,0,4000,0,0
20260917,1324,地球,9.99,10.05,9.99,9.99,,0.0,21729,217375.0,-2000,0,1000,7000,0,1000,9000,0,0
20260917,2013,中鋼構,41.3,41.7,41.3,41.35,+,0.05,19243,798904.0,-2000,0,1000,3000,0,1000,5000,0,0
20260917,2114,鑫永銓,88.9,89.2,88.6,89.1,+,0.5,29204,2598580.0,-3000,0,2000,17000,0,2000,20000,0,0
20260917,2642,宅配通,20.15,20.4,20.05,20.4,+,0.25,40037,806921.0,0,0,-1000,9000,0,0,9000,0,1000
20260917,2432,倚天酷碁-創,27.3,27.45,27.1,27.45,+,0.35,16004,437458.0,1000,0,-2000,4000,0,1000,3000,0,3000
20260917,2496,卓越,54.5,54.9,54.5,54.9,-,0.1,13004,713773.0,-1000,0,0,0,0,0,1000,0,0
20260917,00736,國泰新興市場,31.53,31.53,31.43,31.43,+,0.1,102997,3239958.0,-1000,0,0,0,0,101000,1000,0,101000
20260917,8940,新天地,15.1,15.1,14.65,14.75,-,0.05,28918,428414.0,-2000,0,1000,3000,0,1000,5000,0,0
20260917,9929,秋雨,11.0,11.2,11.0,11.2,+,0.2,4000,44600.0,-1000,0,0,1000,0,0,2000,0,0
20260917,7835,永悅健康-創,20.95,21.0,20.4,21.0,-,0.15,27025,558996.0,0,0,-1000,3000,0,0,3000,0,1000
20260917,6552,易華電,24.0,24.2,23.75,23.95,+,0.55,89734,2149515.0,-1000,0,0,62000,0,0,63000,0,0
20260917,4994,傳奇,82.6,83.9,81.5,81.5,-,1.4,15556,1274005.0,-1000,0,0,7000,0,0,8000,0,0
20260917,4557,永新-KY,49.5,50.0,49.5,49.85,+,0.2,107557,5361537.0,-1000,0,0,93000,0,0,94000,0,0
20260917,1516,川飛,14.45,14.45,13.35,13.35,-,1.15,148811,2019518.0,-2001,0,1000,5000,0,1000,7001,0,0
20260917,8163,達方,29.65,29.95,29.65,29.8,+,0.15,349519,10408965.0,-6810,0,5778,190190,0,6000,197000,0,222
20260917,6916,華凌,18.4,18.4,18.1,18.1,+,0.1,14000,254258.0,-2000,0,290,5000,0,1290,7000,0,1000
20260917,2342,茂矽,40.55,41.6,39.5,39.6,-,0.95,2423589,97712189.0,-10262,0,8445,889738,0,9078,900000,0,633
20260917,9940,信義,19.85,20.4,19.85,20.3,+,0.45,220290,4415223.0,-7820,0,5920,69180,0,8000,77000,0,2080
20260917,2739,寒舍,37.4,37.4,36.55,36.75,,0.0,95345,3508164.0,-2000,0,0,50000,0,0,52000,0,0
20260917,1506,正道,9.84,9.85,9.78,9.8,+,0.03,72380,711152.0,-3000,0,1000,5000,0,1000,8000,0,0
20260917,1730,花仙子,51.5,51.5,51.3,51.3,+,0.1,10427,536481.0,-2000,0,0,1000,0,0,3000,0,0
20260917,1410,南染,24.65,25.05,24.25,24.25,-,0.45,180070,4422323.0,-2000,0,0,12000,0,0,14000,0,0
20260917,6951,青新-創,70.4,70.4,69.7,70.4,+,0.8,5113,358210.0,-2000,0,0,1000,0,0,3000,0,0
20260917,9944,新麗,17.2,17.25,17.1,17.25,+,0.05,41599,715975.0,-3000,0,1000,7000,0,1000,10000,0,0
20260917,2945,三商家購,39.5,39.6,39.45,39.6,+,0.1,9164,361858.0,-4000,0,2000,1000,0,2000,5000,0,0
20260917,4439,冠星-KY,95.5,95.5,93.2,94.5,-,0.2,29234,2747727.0,-3000,0,1000,14000,0,1000,17000,0,0
20260917,4943,康控-KY,7.59,7.59,7.15,7.36,-,0.02,22701,164626.0,-2000,0,0,0,0,0,2000,0,0
20260917,6645,金萬林-創,12.5,12.75,12.35,12.5,-,0.15,38382,481277.0,-2000,0,-206,8000,0,11000,10000,0,11206
20260917,6166,凌華,111.5,114.0,111.5,112.0,+,2.5,866395,97766431.0,-1574,0,-714,387720,0,7286,389294,0,8000
20260917,9908,大台北,29.0,29.1,28.95,29.05,+,0.05,152106,4413348.0,-4547,0,2000,94000,0,2000,98547,0,0
20260917,2250,IKKA-KY,56.1,57.0,56.0,56.1,+,0.3,93464,5252951.0,-3000,0,0,68000,0,0,71000,0,0
20260917,2712,遠雄來,13.7,13.7,13.4,13.45,-,0.3,22212,299084.0,-4000,0,1000,4000,0,1000,8000,0,0
20260917,2459,敦吉,65.5,65.7,65.3,65.5,,0.0,88144,5775047.0,-5000,0,2000,46000,0,2000,51000,0,0
20260917,8487,愛爾達-創,70.6,71.0,70.5,71.0,+,0.4,22298,1581286.0,0,0,-3000,16000,0,0,16000,0,3000
20260917,6918,愛派司,75.0,77.0,74.0,74.9,+,0.9,25002,1870848.0,-4000,0,1000,4000,0,2000,8000,0,1000
20260917,6794,向榮生技,75.9,76.0,75.0,76.0,+,0.9,22065,1667490.0,-3000,0,0,4000,0,0,7000,0,0
20260917,5215,科嘉-KY,37.4,37.95,37.3,37.65,+,0.15,22903,858515.0,-3000,0,0,4000,0,0,7000,0,0
20260917,5538,東明-KY,35.75,35.75,35.0,35.25,+,0.2,30292,1065158.0,-2000,0,-1000,13000,0,0,15000,0,1000
20260917,4581,光隆精密-KY,48.3,48.3,48.0,48.1,+,0.1,16003,771242.0,-3000,0,0,5000,0,0,8000,0,0
20260917,00714,群益道瓊美國地產,21.19,21.23,21.15,21.2,-,0.02,147691,3130591.0,-1000,0,-2583,0,0,141690,1000,0,144273
20260917,6831,邁科,530.0,543.0,519.0,525.0,,0.0,341117,180594951.0,2833,0,-6605,138833,0,7191,136000,0,13796
20260917,2701,萬企,10.45,10.45,10.3,10.4,+,0.1,106988,1110108.0,-4000,0,0,17000,0,0,21000,0,0
20260917,1906,寶隆,10.85,10.95,10.85,10.85,+,0.05,38036,414578.0,-3000,0,-1000,6000,0,0,9000,0,1000
20260917,6792,詠業,58.7,59.8,58.5,59.1,+,0.4,21200,1253810.0,-5000,0,1000,4000,0,1000,9000,0,0
20260917,4560,強信-KY,29.25,29.25,28.9,29.2,+,0.05,177061,5148178.0,-4000,0,0,102000,0,2000,106000,0,2000
20260917,00660,元大歐洲50,45.85,45.85,45.73,45.83,+,0.1,5154,236118.0,0,0,-4000,0,0,0,0,0,4000
20260917,9930,中聯資源,60.9,61.0,60.6,61.0,,0.0,158323,9635214.0,-1000,0,-3000,56000,0,2000,57000,0,5000
20260917,3150,鈺寶-創,15.65,15.65,15.0,15.0,-,0.15,28209,426288.0,-4000,0,-51,7000,0,0,11000,0,51
20260917,6944,兆聯實業,693.0,697.0,685.0,686.0,+,1.0,263225,181417259.0,-9101,0,4465,126416,0,13000,135517,0,8535
20260917,7818,溢泰實業,59.5,60.1,59.5,60.1,+,0.1,46262,2768788.0,-6900,0,2000,8100,0,2000,15000,0,0
20260917,3004,豐達科,117.5,118.0,116.0,117.0,+,1.0,417657,48832240.0,80000,-70000,-14951,314000,0,1000,234000,70000,15951
20260917,2012,春雨,14.0,14.35,14.0,14.1,+,0.2,87049,1227522.0,-6000,0,1000,39000,0,3000,45000,0,2000
20260917,3052,夆典,10.3,10.4,10.2,10.35,+,0.05,418092,4309814.0,-7000,0,2000,118000,0,2000,125000,0,0
20260917,8201,無敵,11.9,11.9,11.65,11.65,-,0.1,15845,185492.0,-5000,0,0,2000,0,0,7000,0,0
20260917,8367,建新國際,40.8,40.85,40.1,40.8,,0.0,22623,920794.0,-6000,0,1000,10000,0,1000,16000,0,0
20260917,7689,大鵬科CLMX,159.5,166.5,159.5,161.0,+,7.0,56666,9130701.0,-6048,0,1000,6952,0,1000,13000,0,0
20260917,2468,華經,43.45,44.5,41.5,41.7,-,1.95,9363080,402806389.0,-5554,0,0,1923446,0,0,1929000,0,0
20260917,00739,元大MSCI A股,27.5,27.5,27.26,27.3,+,0.06,20828,569072.0,-1000,0,-4640,0,0,7361,1000,0,12001
20260917,00703,台新MSCI中國,18.8,18.8,18.7,18.72,-,0.3,6585,123388.0,0,0,-5667,0,0,38,0,0,5705
20260917,2483,百容,31.95,32.4,31.7,32.4,+,0.7,503527,16183429.0,-1946,0,-4000,171054,0,0,173000,0,4000
20260917,00783,富邦中証500,27.61,27.64,27.58,27.58,+,0.09,63962,1765948.0,12000,0,-17978,12000,0,44060,0,0,62038
20260917,1817,凱撒衛,40.1,40.25,40.1,40.25,+,0.05,14416,578960.0,-6000,0,0,1000,0,0,7000,0,0
20260917,6921,嘉雨思-創,59.8,60.6,59.4,60.6,+,0.9,11435,686100.0,-1000,0,-5268,1000,0,4000,2000,0,9268
20260917,4137,麗豐-KY,77.1,77.3,76.7,77.0,+,0.2,95396,7336671.0,-11000,4332,-2,25000,4332,0,36000,0,2
20260917,6283,淳安,18.0,18.0,17.8,17.9,-,0.05,170074,3043664.0,-8000,0,1000,64000,0,1000,72000,0,0
20260917,4582,聚恆-創,22.3,22.5,22.2,22.3,,0.0,54017,1204115.0,-1000,0,-6224,6000,0,3000,7000,0,9224
20260917,1527,鑽全,32.3,32.5,32.3,32.35,+,0.05,55727,1801635.0,-10000,0,2000,14000,0,2000,24000,0,0
20260917,2248,華勝-KY,60.9,61.0,60.2,60.8,+,0.6,161000,9771000.0,-8000,0,0,24000,0,0,32000,0,0
20260917,1457,宜進,14.3,14.5,14.3,14.45,+,0.15,111847,1615306.0,-10000,0,2000,74000,0,2000,84000,0,0
20260917,6657,華安,34.8,36.0,33.75,34.3,+,0.45,123304,4251628.0,-8000,0,0,20000,0,0,28000,0,0
20260917,0051,元大中型100,144.75,145.55,143.85,143.85,+,1.0,26976,3899224.0,0,0,-8161,0,0,0,0,0,8161
20260917,5484,慧友,39.8,39.95,39.3,39.4,-,0.3,119140,4719749.0,-8207,0,0,16793,0,1000,25000,0,1000
20260917,00770,國泰北美科技,62.1,62.3,62.05,62.2,+,0.5,817471,50841494.0,79928,0,-88321,80015,0,210000,87,0,298321
20260917,00668,國泰美國道瓊,60.45,60.55,60.45,60.45,-,0.3,13004,786702.0,0,0,-8469,0,0,1000,0,0,9469
20260917,6861,睿生光電,224.0,229.5,207.5,209.0,-,14.0,2357371,513687617.0,7236,0,-15750,561516,0,37139,554280,0,52889
20260917,1417,嘉裕,7.98,8.07,7.98,8.02,,0.0,96130,771748.0,-10000,0,1000,11000,0,1000,21000,0,0
20260917,6790,永豐實,38.0,38.05,37.8,38.0,+,0.35,112805,4280429.0,-11000,0,2000,58000,0,2000,69000,0,0
20260917,8374,羅昇,76.9,78.0,76.8,77.3,+,0.6,121447,9409367.0,7000,0,-16029,38000,0,2,31000,0,16031
20260917,8341,日友,74.7,74.7,74.2,74.5,+,0.4,103438,7700862.0,-10624,0,916,21376,0,1000,32000,0,84
20260917,7740,熙特爾-創,123.0,124.5,121.0,121.0,-,1.5,116521,14274749.0,-11805,0,2081,40195,0,11230,52000,0,9149
20260917,1456,怡華,14.15,14.3,13.9,13.9,,0.0,137568,1936179.0,-10992,0,1000,17008,0,8000,28000,0,7000
20260917,1783,和康生,36.3,36.4,36.2,36.3,+,0.05,67867,2463416.0,6000,0,-16000,43000,0,0,37000,0,16000
20260917,5533,皇鼎,13.9,13.95,13.85,13.9,,0.0,159395,2215290.0,-11000,0,1000,57000,0,1000,68000,0,0
20260917,4106,雃博,24.3,24.4,24.15,24.4,,0.0,151403,3675241.0,-10000,0,0,23000,0,0,33000,0,0
20260917,5284,jpp-KY,293.0,297.5,293.0,293.5,+,1.5,232501,68499283.0,-15960,0,5751,107040,0,10528,123000,0,4777
20260917,1472,三洋實業,87.1,87.9,87.1,87.5,-,0.3,14593,1277869.0,-1000,0,-10000,1000,0,0,2000,0,10000
20260917,4108,懷特,11.2,11.5,11.2,11.45,+,0.15,95847,1086857.0,-8000,0,-3000,15000,0,2000,23000,0,5000
20260917,2723,美食-KY,77.5,79.7,77.5,79.1,+,1.6,413655,32594333.0,-14710,0,2000,255290,0,2000,270000,0,0
20260917,4585,達明,302.0,302.0,297.5,300.0,+,5.5,275702,82667083.0,-11000,0,-1944,34000,0,10000,45000,0,11944
20260917,2101,南港,30.0,30.45,29.9,30.35,+,0.5,990883,29993291.0,-18509,0,5303,326795,0,5303,345304,0,0
20260917,5222,全訊,103.5,105.0,103.5,103.5,+,0.5,135731,14088812.0,-15000,0,1107,76000,0,3000,91000,0,1893
20260917,3048,益登,50.5,51.2,50.3,50.4,,0.0,2037514,102865075.0,-15660,0,1766,1587340,0,14000,1603000,0,12234
20260917,3018,隆銘綠能,11.75,11.9,11.65,11.65,-,0.25,48513,569349.0,-14000,0,0,6000,0,0,20000,0,0
20260917,0057,富邦摩台,326.05,326.05,324.1,324.1,+,4.4,40794,13245633.0,0,0,-14000,0,0,9000,0,0,23000
20260917,2438,翔耀,19.3,19.7,19.2,19.2,-,0.05,46575,906832.0,-16000,0,1904,2000,0,2000,18000,0,96
20260917,00728,第一金工業30,68.0,69.15,68.0,68.5,+,1.0,166929,11475806.0,13000,0,-27104,32000,0,38543,19000,0,65647
20260917,2357,華碩,943.0,967.0,943.0,948.0,+,9.0,3407956,3245756446.0,218598,-298000,65131,2166680,243000,171773,1948082,541000,106642
20260917,00678,群益那斯達克生技,42.16,42.41,42.16,42.38,+,0.23,426550,18055785.0,174000,0,-188729,174000,0,235271,0,0,424000
20260917,1416,廣豐,11.3,11.4,11.25,11.3,+,0.05,183418,2074294.0,-14840,0,0,36160,0,0,51000,0,0
20260917,7721,微程式,62.5,62.5,60.3,60.5,+,2.1,91733,5589072.0,-16000,0,1000,39000,0,1000,55000,0,0
20260917,2903,遠百,21.85,22.15,21.85,22.05,+,0.25,699536,15388648.0,-33403,0,18000,290597,0,18000,324000,0,0
20260917,2424,隴華,8.14,8.48,7.88,7.88,-,0.72,109468,882288.0,-12000,0,-4000,0,0,0,12000,0,4000
20260917,1110,東泥,15.45,15.5,15.35,15.5,+,0.05,360534,5556820.0,-18000,0,2000,25000,0,2000,43000,0,0
20260917,1451,年興,16.95,17.1,16.95,17.1,+,0.05,95337,1623776.0,-18000,0,2000,10000,0,2000,28000,0,0
20260917,9934,成霖,9.8,9.9,9.8,9.87,+,0.09,393847,3881992.0,-8000,0,-8000,76000,0,15000,84000,0,23000
20260917,4195,基米-創,13.3,13.3,13.1,13.15,-,0.15,68396,906638.0,-18000,0,1951,12000,0,8000,30000,0,6049
20260917,4576,大銀微系統,234.0,237.5,230.5,231.5,-,1.5,1365542,318770040.0,-64738,0,47332,551262,0,88710,616000,0,41378
20260917,6592,和潤企業,59.5,59.9,59.4,59.8,+,0.2,158879,9476109.0,-21989,0,3811,48451,0,4000,70440,0,189
20260917,6658,聯策,167.5,174.5,167.5,169.0,+,1.5,215023,36649383.0,-18025,0,-219,96000,0,90,114025,0,309
20260917,6890,來億-KY,146.5,150.0,145.5,147.5,+,1.5,203250,30076492.0,-20391,0,1295,62609,0,7025,83000,0,5730
20260917,7750,新代,1895.0,1945.0,1875.0,1900.0,+,5.0,106755,203890575.0,-27015,6000,1800,39524,6000,6992,66539,0,5192
20260917,0053,元大電子,241.35,244.85,241.25,241.95,+,2.45,50722,12333708.0,1004,0,-20283,4004,0,10000,3000,0,30283
20260917,2538,基泰,8.64,8.73,8.58,8.69,+,0.06,249282,2157404.0,-21996,0,2000,79004,0,2000,101000,0,0
20260917,2608,嘉里大榮,28.9,28.95,28.75,28.9,+,0.1,271400,7834540.0,-22999,0,3000,146001,0,3000,169000,0,0
20260917,3494,誠研,7.05,7.07,6.95,7.07,+,0.01,56533,396573.0,-21000,0,0,1000,0,0,22000,0,0
20260917,1707,葡萄王,86.6,87.5,86.6,87.0,+,0.5,118639,10329383.0,-20655,0,-557,56058,0,1000,76713,0,1557
20260917,00956,中信日經高股息,13.85,13.89,13.81,13.89,+,0.15,88035,1219814.0,-11000,0,-10291,0,0,46000,11000,0,56291
20260917,2434,統懋,61.8,62.9,59.6,60.0,-,1.5,378520,23111132.0,-21852,0,0,67148,0,0,89000,0,0
20260917,3013,晟銘電,83.0,84.0,82.5,82.5,-,0.3,431107,35803137.0,-21972,0,-1,130028,0,2000,152000,0,2001
20260917,6573,虹揚-KY,16.4,17.2,16.15,16.75,+,0.55,273661,4586064.0,-21000,0,-2000,21000,0,1000,42000,0,3000
20260917,6743,安普新,28.35,29.4,28.1,29.3,+,0.15,298656,8644534.0,-32920,7748,1000,58080,7748,2000,91000,0,1000
20260917,4438,廣越,55.8,57.0,55.8,56.7,+,1.1,73112,4116278.0,12074,0,-37005,31074,0,1000,19000,0,38005
20260917,1452,宏益,10.8,10.95,10.75,10.8,-,0.05,152536,1655067.0,-30000,0,4000,9000,0,4000,39000,0,0
20260917,3130,一零四,208.5,209.0,208.0,208.0,-,0.5,37122,7733731.0,-27000,0,0,2000,0,0,29000,0,0
20260917,3416,融程電,162.0,163.0,160.5,161.0,,0.0,117654,19015731.0,-29292,0,1970,37673,0,4000,66965,0,2030
20260917,2706,第一店,12.15,12.2,12.1,12.15,+,0.05,90106,1093884.0,-31000,0,2000,43000,0,2000,74000,0,0
20260917,00894,中信小資高價30,47.0,47.83,46.38,46.38,-,0.14,1089684,51431319.0,88000,0,-117051,324000,0,362678,236000,0,479729
20260917,3596,智易,154.5,155.5,154.0,154.0,+,1.0,559101,86292722.0,-33000,0,3265,388000,0,5000,421000,0,1735
20260917,2646,星宇航空,20.15,20.3,20.1,20.25,+,0.1,2867552,57983798.0,500,0,-31000,1424500,0,15000,1424000,0,46000
20260917,7749,意騰-KY,358.0,361.5,353.0,358.0,-,1.0,140763,50299425.0,-31000,0,-22,61000,0,100,92000,0,122
20260917,8016,矽創,279.5,281.0,276.0,276.0,-,1.5,379208,105423736.0,-31923,0,-544,212000,0,2023,243923,0,2567
20260917,1474,弘裕,9.98,10.6,9.78,10.05,+,0.22,443245,4519617.0,-38000,0,5000,34000,0,10000,72000,0,5000
20260917,2506,太設,8.52,8.61,8.52,8.61,+,0.01,184232,1584620.0,-35000,0,2000,132000,0,2000,167000,0,0
20260917,1104,環泥,26.65,26.85,26.6,26.8,+,0.15,249342,6657527.0,-36867,0,2874,105133,0,3000,142000,0,126
20260917,6988,威力暘-創,11.9,12.0,11.75,11.9,+,0.1,64000,759400.0,-25000,0,-9000,6000,0,14000,31000,0,23000
20260917,1737,臺鹽,30.45,30.6,30.4,30.6,+,0.1,85609,2609743.0,-36000,0,1000,14000,0,1000,50000,0,0
20260917,7803,雲象科技-創,17.8,20.0,17.5,19.3,+,1.1,128845,2322718.0,-32000,0,-4000,2000,0,21000,34000,0,25000
20260917,8488,吉源-KY,9.91,9.91,9.81,9.82,-,0.13,59000,580590.0,-37000,0,0,19000,0,0,56000,0,0
20260917,1446,宏和,13.35,13.85,13.35,13.55,+,0.2,251259,3394390.0,-35000,0,-3000,129000,0,5000,164000,0,8000
20260917,3021,鴻名,27.35,28.05,26.25,26.3,-,0.8,3737746,101164387.0,-31999,0,-6417,591001,0,2000,623000,0,8417
20260917,4169,泰宗,150.0,153.0,147.0,147.0,-,3.0,106324,15870535.0,-41095,0,0,4060,0,0,45155,0,0
20260917,3003,健和興,58.3,58.6,57.9,58.3,+,0.4,641622,37409324.0,-38718,0,-4978,416761,0,1000,455479,0,5978
20260917,7788,松川精密,296.5,299.0,285.0,287.0,-,5.0,1085774,316193753.0,16298,0,-60710,373298,0,5885,357000,0,66595
20260917,4807,日成-KY,31.0,31.0,29.8,29.9,-,1.1,260679,7840929.0,-46960,0,2000,78040,0,2000,125000,0,0
20260917,4976,佳凌,36.15,36.6,35.9,35.9,-,0.4,927355,33512945.0,-46928,0,1000,290072,0,1000,337000,0,0
20260917,6781,AES-KY,1015.0,1015.0,995.0,996.0,-,9.0,243840,244747259.0,-36335,-22,-12119,78064,0,4535,114399,22,16654
20260917,2059,川湖,12400.0,12730.0,12215.0,12295.0,+,250.0,453913,5650254915.0,-124112,68056,6572,217404,68100,14507,341516,44,7935
20260917,1712,興農,39.8,40.0,39.7,39.75,+,0.15,294839,11750259.0,-76199,23448,2000,113801,23448,2000,190000,0,0
20260917,8411,福貞-KY,12.6,12.6,12.5,12.6,-,0.05,78072,980377.0,-8000,0,-43000,8000,0,0,16000,0,43000
20260917,3716,中化控股,34.0,34.1,33.75,33.95,+,0.25,331108,11213742.0,-55000,0,1000,231000,0,1000,286000,0,0
20260917,3030,德律,268.0,268.0,264.0,264.0,+,1.5,434361,115507176.0,-57986,0,1586,120014,0,12235,178000,0,10649
20260917,3010,華立,123.0,124.5,123.0,124.0,+,1.5,310774,38560365.0,-59539,0,1436,114319,0,2200,173858,0,764
20260917,2211,長榮鋼,80.2,80.7,80.2,80.5,+,0.4,319773,25748093.0,-60000,0,902,175000,0,5000,235000,0,4098
20260917,2727,王品,227.5,228.5,226.5,227.0,,0.0,221204,50302117.0,-64759,0,-485,73241,0,0,138000,0,485
20260917,1713,國化,41.8,42.05,41.65,41.8,-,0.1,258089,10804969.0,-66000,0,0,28000,0,0,94000,0,0
20260917,3135,凌航,164.0,165.0,161.5,161.5,-,0.5,487929,79464299.0,-65980,0,-148,83020,0,0,149000,0,148
20260917,6789,采鈺,444.0,451.5,433.0,433.5,-,0.5,780066,343048456.0,-59193,-1000,-6332,323807,0,16543,383000,1000,22875
20260917,6196,帆宣,524.0,535.0,516.0,516.0,-,5.0,973428,508246963.0,-67925,1000,-859,479799,1000,15413,547724,0,16272
20260917,6477,安集,34.05,34.35,33.8,33.8,-,0.15,454355,15425140.0,-31000,0,-40000,124000,0,1000,155000,0,41000
20260917,6202,盛群,55.0,55.5,54.2,54.3,-,0.2,616239,33747229.0,-77084,0,1553,281355,0,4810,358439,0,3257
20260917,2356,英業達,62.1,62.5,61.5,61.5,-,0.2,7811109,483489794.0,-219969,16000,128103,4429031,18000,175246,4649000,2000,47143
20260917,6272,驊陞,28.85,28.85,26.55,27.0,-,0.75,439469,12091991.0,-76000,0,-1,90000,0,1000,166000,0,1001
20260917,3033,威健,41.85,42.0,41.2,41.8,+,0.3,3684896,153987706.0,-80000,0,1223,2300000,0,31108,2380000,0,29885
20260917,2404,漢唐,1040.0,1055.0,1025.0,1030.0,-,5.0,636296,659106245.0,-16618,-55000,-11573,316271,0,27310,332889,55000,38883
20260917,9911,櫻花,81.7,81.7,81.3,81.5,+,0.2,261066,21278277.0,-90000,0,6000,105000,0,6000,195000,0,0
20260917,3305,昇貿,102.0,103.0,101.0,101.0,,0.0,707312,71887569.0,-88597,0,3505,213403,0,14283,302000,0,10778
20260917,3090,日電貿,164.5,166.5,159.5,160.0,-,3.5,2961032,478567386.0,-53408,0,-33372,810592,0,33971,864000,0,67343
20260917,3017,奇鋐,3285.0,3350.0,3175.0,3185.0,+,10.0,3034388,9846738260.0,-154755,11229,55613,1870946,62229,114984,2025701,51000,59371
20260917,2349,錸德,10.3,10.4,10.25,10.4,+,0.2,1241917,12849270.0,-91280,0,3000,443984,0,3000,535264,0,0
20260917,5471,松翰,51.3,51.6,51.0,51.1,+,0.4,582120,29837940.0,-89726,0,1000,113324,0,2000,203050,0,1000
20260917,4919,新唐,116.5,118.5,114.5,115.0,-,1.0,2095303,242933713.0,-52660,0,-36686,989340,0,31352,1042000,0,68038
20260917,8996,高力,1330.0,1360.0,1285.0,1300.0,,0.0,1360555,1803643555.0,-102561,-16000,25811,281218,1000,39127,383779,17000,13316
20260917,2375,凱美,120.5,123.5,117.5,117.5,-,3.0,1988463,237715240.0,-79043,0,-13739,772957,0,9000,852000,0,22739
20260917,6830,汎銓,541.0,548.0,509.0,512.0,-,17.0,1600231,838157233.0,-82187,0,-11050,290493,0,34952,372680,0,46002
20260917,3023,信邦,323.0,326.0,317.0,317.0,-,3.5,641088,204856288.0,-31131,-63000,-392,416789,3000,6353,447920,66000,6745
20260917,9925,新保,39.5,39.6,39.4,39.5,,0.0,366989,14496480.0,-103189,0,1303,202811,0,2000,306000,0,697
20260917,8210,勤誠,892.0,903.0,887.0,891.0,+,8.0,882451,789877574.0,-49134,-57000,2463,280131,0,28711,329265,57000,26248
20260917,2367,燿華,40.25,41.95,40.25,40.65,+,0.85,5741233,235174766.0,-97074,0,-6879,2846926,0,69690,2944000,0,76569
20260917,6415,矽力*-KY,423.0,425.0,410.5,411.0,-,7.5,1654266,687415926.0,-88239,-1000,-18581,975561,1000,9220,1063800,2000,27801
20260917,1597,直得,139.0,141.5,137.5,138.0,-,0.5,1157014,160498647.0,-96568,0,-11355,573432,0,7242,670000,0,18597
20260917,6719,力智,183.0,185.5,181.0,181.0,+,0.5,466716,85703914.0,-112990,0,1885,112010,0,5856,225000,0,3971
20260917,2493,揚博,205.0,206.5,199.0,206.5,+,18.5,3978826,819173149.0,-201300,0,89652,554000,0,138182,755300,0,48530
20260917,5522,遠雄,60.4,61.4,60.2,60.7,+,0.7,574398,34889911.0,36448,-154967,4000,305448,16033,4000,269000,171000,0
20260917,6515,穎崴,6350.0,6595.0,6110.0,6120.0,-,90.0,466502,2937208355.0,-77437,-41016,1311,213088,17000,36983,290525,58016,35672
20260917,2504,國產,30.55,30.85,30.55,30.85,+,0.3,806886,24798533.0,-196000,59769,13000,282000,60769,13000,478000,1000,0
20260917,6449,鈺邦,218.0,222.0,210.0,211.5,-,5.5,679922,146590015.0,-123649,0,-1291,200351,0,15498,324000,0,16789
20260917,6994,富威電力,27.6,27.7,26.6,26.75,-,0.25,534726,14493369.0,-125869,0,-99,122131,0,30,248000,0,129
20260917,2467,志聖,528.0,545.0,519.0,519.0,,0.0,956336,509330459.0,-136068,0,9201,371580,0,30487,507648,0,21286
20260917,7610,聯友金屬-創,1715.0,1810.0,1705.0,1770.0,+,40.0,866311,1516099115.0,-128961,0,646,198039,0,33220,327000,0,32574
20260917,1103,嘉泥,13.05,13.1,13.0,13.05,+,0.05,253149,3298321.0,-135000,0,4000,29000,0,4000,164000,0,0
20260917,1504,東元,70.3,70.9,70.0,70.9,+,0.7,4233525,298537360.0,-248659,31000,82001,1626491,32000,104000,1875150,1000,21999
20260917,6691,洋基工程,622.0,627.0,610.0,610.0,-,8.0,463671,286769257.0,-126334,-5000,-4565,152055,0,11579,278389,5000,16144
20260917,6451,訊芯-KY,423.0,442.0,418.0,419.0,-,2.0,4393185,1879937778.0,-124444,0,-12836,1293610,0,34045,1418054,0,46881
20260917,7795,長廣,504.0,523.0,481.0,483.0,+,7.0,2112780,1076252011.0,-181590,0,35938,499410,0,44323,681000,0,8385
20260917,00752,中信中國50,22.39,22.39,22.16,22.29,-,0.08,785440,17505919.0,-27000,0,-120473,35000,0,349202,62000,0,469675
20260917,8261,富鼎,173.5,175.5,168.5,169.0,-,4.5,2090294,358942008.0,-69234,0,-80370,615766,0,20507,685000,0,100877
20260917,2637,慧洋-KY,101.5,103.0,100.0,102.0,-,0.5,3613965,367852824.0,148901,-291000,-7634,2441510,120000,28009,2292609,411000,35643
20260917,1528,恩德,25.75,25.75,24.0,24.1,-,0.85,11821729,292777180.0,-152852,0,840,989148,0,4000,1142000,0,3160
20260917,8131,福懋科,59.3,59.8,59.0,59.1,+,0.2,977299,57993704.0,-147147,0,-6597,228033,0,6000,375180,0,12597
20260917,2308,台達電,1730.0,1745.0,1685.0,1685.0,-,25.0,10796328,18535333490.0,-662977,253498,254228,6598570,258707,329825,7261547,5209,75597
20260917,3028,增你強,61.2,61.8,61.0,61.1,-,0.1,1701218,104116574.0,-164000,0,5005,1276000,0,6005,1440000,0,1000
20260917,2329,華泰,42.75,43.35,42.4,42.9,+,0.35,2682148,115069927.0,-141151,0,-22352,850823,0,25728,991974,0,48080
20260917,00882,中信中國高股息,14.8,14.82,14.72,14.75,-,0.02,3098338,45744373.0,132000,0,-295923,141000,0,660000,9000,0,955923
20260917,6191,精成科,83.0,83.8,82.1,82.2,-,0.5,1747762,144229669.0,-189100,13000,9414,968000,13000,11583,1157100,0,2169
20260917,4989,榮科,61.6,62.5,59.9,59.9,-,1.4,3294222,199951112.0,-150070,0,-16863,1044930,0,3206,1195000,0,20069
20260917,2478,大毅,121.0,124.0,117.5,118.0,-,2.0,1857946,222776698.0,-168000,0,641,640000,0,47994,808000,0,47353
20260917,2383,台光電,5135.0,5255.0,4635.0,4695.0,-,390.0,5813349,27915409125.0,275422,-743000,293974,2440642,6000,706148,2165220,749000,412174
20260917,2458,義隆,128.5,130.5,128.5,129.0,+,0.5,904593,116930474.0,-165000,0,-8974,472000,0,6066,637000,0,15040
20260917,6141,柏承,50.6,51.4,48.5,49.5,-,0.4,1487337,73936165.0,-175295,0,-1000,293102,0,1000,468397,0,2000
20260917,5434,崇越,545.0,545.0,529.0,530.0,-,7.0,611175,326201692.0,-64372,-114000,-586,254581,0,9067,318953,114000,9653
20260917,9914,美利達,67.7,68.2,67.3,67.6,-,0.3,1187634,80417158.0,-236963,38000,4223,625037,38000,12849,862000,0,8626
20260917,2472,立隆電,213.0,217.0,208.0,208.5,-,2.0,1767567,372602435.0,313151,-500000,-9292,897186,0,11973,584035,500000,21265
20260917,1476,儒鴻,285.5,286.0,283.0,284.0,,0.0,1077099,306236443.0,-254004,53000,4393,644121,53000,25000,898125,0,20607
20260917,5871,中租-KY,112.5,112.5,111.5,112.0,-,0.5,3409288,381850947.0,-112350,-118000,29624,1973700,26000,52000,2086050,144000,22376
20260917,2453,凌群,56.0,56.0,54.2,54.6,-,0.7,787924,43303061.0,-202700,0,0,62300,0,0,265000,0,0
20260917,00964,中信亞太高股息,14.75,14.85,14.75,14.78,+,0.03,1247120,18460529.0,-400,0,-204257,9000,0,846000,9400,0,1050257
20260917,9941,裕融,81.4,81.4,80.3,80.7,-,0.1,898461,72482399.0,-187143,0,-17957,561857,0,4420,749000,0,22377
20260917,00757,統一FANG+,139.1,139.55,139.05,139.4,+,0.8,869798,121211258.0,113995,0,-324323,135035,0,113698,21040,0,438021
20260917,2023,燁輝,13.7,13.75,13.65,13.7,,0.0,748868,10245485.0,-220980,0,7000,302020,0,7000,523000,0,0
20260917,6949,沛爾生醫*-創,51.6,55.3,51.6,54.4,+,1.3,4524535,242461077.0,-71733,0,-143236,1341753,0,25494,1413486,0,168730
20260917,2106,建大,16.5,16.7,16.5,16.65,+,0.15,489854,8124029.0,-222037,0,7000,94581,0,7000,316618,0,0
20260917,1590,亞德客-KY,1230.0,1265.0,1230.0,1245.0,+,5.0,1181757,1476448055.0,-227512,-1092,1244,913787,0,6037,1141299,1092,4793
20260917,9933,中鼎,43.0,43.05,42.1,42.4,-,0.35,2251532,95828293.0,-281092,13700,13000,813914,13700,13000,1095006,0,0
20260917,00934,中信成長高股息,29.5,29.73,29.46,29.47,+,0.05,1356626,40143120.0,-32000,0,-235161,40000,0,338771,72000,0,573932
20260917,3167,大量,830.0,843.0,795.0,817.0,-,7.0,4546506,3734857946.0,-513881,250000,-7967,1116417,250000,47000,1630298,0,54967
20260917,3049,精金,12.15,12.3,12.0,12.0,-,0.05,3711042,44950281.0,-275501,0,-4000,1097499,0,5000,1373000,0,9000
20260917,3543,州巧,42.8,45.1,42.8,44.3,+,1.7,2664852,118163988.0,-279360,0,-1000,1412640,0,0,1692000,0,1000
20260917,6443,元晶,23.9,24.85,23.7,23.75,-,0.05,3522880,84975363.0,-256609,0,-27561,1180391,0,4339,1437000,0,31900
20260917,3504,揚明光,80.7,81.2,78.6,78.7,-,1.9,1195369,95192139.0,-285406,0,908,212080,0,6066,497486,0,5158
20260917,2885,元大金,69.2,69.8,68.6,69.0,-,0.4,24272039,1679361599.0,7850133,-8334690,172473,17603953,8000,254162,9753820,8342690,81689
20260917,8103,瀚荃,120.0,132.0,119.0,132.0,+,12.0,10401607,1340402264.0,-362991,0,40703,1919549,0,183001,2282540,0,142298
20260917,00713,元大台灣高息低波,64.5,65.2,64.5,64.95,+,0.55,4431446,287636227.0,46000,0,-369921,184000,0,912730,138000,0,1282651
20260917,4540,全球傳動,60.2,60.9,58.9,59.0,-,1.4,2342833,140003420.0,-324634,0,115,254366,0,2000,579000,0,1885
20260917,3311,閎暉,38.3,38.8,37.0,37.0,-,1.1,2257336,85928206.0,-324747,0,0,503211,0,0,827958,0,0
20260917,2316,楠梓電,160.5,163.0,155.5,155.5,-,3.0,1739252,275466711.0,-310978,0,-24352,443022,0,39355,754000,0,63707
20260917,2498,宏達電,40.25,40.4,39.85,39.85,-,0.35,4471663,178711854.0,-307157,0,-36154,2364918,0,63372,2672075,0,99526
20260917,2338,光罩,52.9,54.5,48.3,48.8,-,1.9,56292754,2854591813.0,-39677,0,-315659,11698100,0,169038,11737777,0,484697
20260917,4967,十銓,277.0,278.0,271.0,271.0,-,4.0,1803089,493428221.0,-309991,0,-55019,380009,0,0,690000,0,55019
20260917,00962,台新AI優息動能,14.89,15.04,14.89,14.9,+,0.16,2312049,34577303.0,-10000,0,-372548,120000,0,518777,130000,0,891325
20260917,6933,AMAX-KY,324.0,345.5,316.5,345.5,+,31.0,2860719,951210530.0,-384338,0,43,528027,0,14344,912365,0,14301
20260917,00913,兆豐台灣晶圓製造,49.21,50.2,49.04,49.04,+,0.53,1645913,81747527.0,-169000,0,-225863,266000,0,592465,435000,0,818328
20260917,00646,元大S&P500,76.15,76.35,76.15,76.3,+,0.2,1377766,105109894.0,1223,50000,-448000,2223,50000,2000,1000,0,450000
20260917,3532,台勝科,449.0,474.0,432.0,441.5,+,1.5,9584549,4298870165.0,-385703,0,-49033,2709312,0,168793,3095015,0,217826
20260917,3376,新日興,176.5,179.0,175.0,175.5,-,1.0,2385744,420941652.0,-395883,0,-61303,609267,0,28290,1005150,0,89593
20260917,1717,長興,71.7,72.3,71.2,71.3,+,0.6,6176640,442829604.0,-419790,0,-50481,1944549,0,100141,2364339,0,150622
20260917,2105,正新,29.95,30.3,29.9,30.1,+,0.2,3040799,91577726.0,-481000,0,2045,1468000,0,24000,1949000,0,21955
20260917,2451,創見,281.5,283.5,277.0,277.0,-,5.5,1966741,551018152.0,-331663,-104000,-54786,618000,0,12257,949663,104000,67043
20260917,00662,富邦NASDAQ,119.2,119.5,119.15,119.2,+,0.8,1645919,196441432.0,-27854,0,-463104,227158,0,171000,255012,0,634104
20260917,3138,耀登,104.0,104.5,97.1,104.5,+,9.4,2114776,215110773.0,-521960,0,28171,347040,0,35308,869000,0,7137
20260917,6446,藥華藥,1210.0,1220.0,1190.0,1195.0,-,10.0,2713445,3266412295.0,-529891,2000,18345,1471739,2000,41176,2001630,0,22831
20260917,3019,亞光,138.0,139.0,135.5,136.5,-,1.0,2606065,357231531.0,-412351,0,-104765,835749,0,11116,1248100,0,115881
20260917,00954,中信日本半導體,17.49,17.55,17.29,17.48,-,0.06,1638136,28518722.0,-625000,0,104240,26000,0,849415,651000,0,745175
20260917,2359,所羅門,129.5,135.0,128.5,131.0,+,1.5,3550735,464899922.0,-582270,0,52890,970730,0,93063,1553000,0,40173
20260917,6531,愛普*,950.0,951.0,915.0,920.0,-,29.0,3045428,2838624063.0,-531350,9000,-7469,874274,10000,56231,1405624,1000,63700
20260917,6669,緯穎,2175.0,2260.0,2135.0,2135.0,-,30.0,5761930,12533367635.0,64967,-580500,-18813,2392345,191000,327034,2327378,771500,345847
20260917,2485,兆赫,39.35,41.3,39.05,39.35,+,0.4,4014575,159881461.0,-481371,0,-92020,1732629,0,21071,2214000,0,113091
20260917,6139,亞翔,711.0,722.0,696.0,696.0,-,11.0,2157163,1524619297.0,-323838,-214000,-62918,657120,0,101287,980958,214000,164205
20260917,3037,欣興,979.0,993.0,940.0,940.0,-,21.0,16743181,16137276923.0,806925,-1519000,97536,6560753,323000,375197,5753828,1842000,277661
20260917,6269,台郡,65.8,66.6,63.3,63.7,-,1.3,2709677,174500951.0,-595944,0,-31032,513225,0,10709,1109169,0,41741
20260917,3044,健鼎,518.0,530.0,496.5,502.0,-,2.0,4794495,2443372625.0,-565096,-22000,-62303,2186028,26000,34414,2751124,48000,96717
20260917,6442,光聖,1615.0,1635.0,1495.0,1510.0,-,65.0,2347299,3652547905.0,-430971,-175000,-45315,371049,0,104817,802020,175000,150132
20260917,2345,智邦,1865.0,1885.0,1790.0,1800.0,-,40.0,4448162,8074666930.0,480351,-1210000,34833,2544651,145000,72674,2064300,1355000,37841
20260917,2486,一詮,234.5,237.0,229.0,229.0,-,0.5,3144822,731212798.0,-715716,0,10112,586484,0,43020,1302200,0,32908
20260917,0055,元大MSCI金融,50.6,51.15,50.05,50.85,+,0.55,1570608,79562118.0,-9955,0,-728336,135045,0,82141,145000,0,810477
20260917,3661,世芯-KY,3365.0,3430.0,3260.0,3295.0,-,50.0,3207956,10676455855.0,-411193,-363500,28350,1294272,5000,151805,1705465,368500,123455
20260917,3406,玉晶光,1045.0,1045.0,947.0,965.0,-,40.0,10750888,10564808029.0,-860842,-30000,102742,3156750,50000,399429,4017592,80000,296687
20260917,2413,環科,54.2,55.7,51.3,53.1,+,0.1,17418227,928644342.0,-775440,0,-34179,2902560,0,20256,3678000,0,54435
20260917,5469,瀚宇博,75.6,75.9,73.0,73.0,-,1.7,2251688,167153526.0,-827364,0,6060,571636,0,7061,1399000,0,1001
20260917,00917,中信特選金融,23.45,23.45,23.2,23.23,-,0.25,1290522,29986156.0,-12952,0,-814358,2048,0,230000,15000,0,1044358
20260917,2388,威盛,71.9,72.4,69.5,69.7,-,1.6,4760943,334540712.0,-938376,0,22739,1793624,0,51877,2732000,0,29138
20260917,8271,宇瞻,211.0,213.0,204.0,204.0,-,6.0,2162395,449253686.0,-885383,0,-38340,206000,0,8000,1091383,0,46340
20260917,6706,惠特,148.0,160.0,140.5,145.0,-,2.0,12351126,1848508256.0,-823000,0,-111345,2274000,0,167709,3097000,0,279054
20260917,00930,永豐ESG低碳高息,24.0,24.18,24.0,24.1,+,0.18,1702772,41111357.0,21000,0,-994100,39000,0,251559,18000,0,1245659
20260917,6209,今國光,80.0,80.5,78.0,78.0,-,2.0,7575261,601123495.0,-904967,0,-80503,1425033,0,131155,2330000,0,211658
20260917,2634,漢翔,65.0,65.2,63.9,63.9,-,1.1,7679237,494669914.0,-786281,0,-225010,1812651,0,30604,2598932,0,255614
20260917,2324,仁寶,37.5,37.95,37.35,37.4,+,0.05,25735494,968584880.0,-1455877,4000,393038,11525483,4000,535525,12981360,0,142487
20260917,3714,富采,65.0,67.8,64.4,65.5,+,1.2,17654106,1163857652.0,-1157260,0,77320,5170810,0,262909,6328070,0,185589
20260917,3715,定穎投控,125.0,125.5,118.5,118.5,-,5.0,4150799,502923340.0,-1055070,0,-63163,593030,0,46000,1648100,0,109163
20260917,00963,中信全球高股息,12.99,13.01,12.97,13.01,,0.0,1873118,24328338.0,-17000,0,-1112927,0,0,123000,17000,0,1235927
20260917,8046,南電,1120.0,1130.0,1060.0,1065.0,-,40.0,8133171,8873578460.0,-1303101,115000,53281,2635604,222000,234062,3938705,107000,180781
20260917,6116,彩晶,14.15,14.55,13.95,13.95,-,0.2,18960049,268741872.0,-687897,0,-449547,4981820,0,91592,5669717,0,541139
20260917,00830,國泰費城半導體,80.3,80.65,80.15,80.45,+,1.0,4082298,328220722.0,-358925,0,-789499,67164,0,705000,426089,0,1494499
20260917,4977,眾達-KY,180.5,180.5,171.5,173.0,-,3.5,6116371,1070945687.0,-1176304,0,-55816,1177746,0,8000,2354050,0,63816
20260917,3016,嘉晶,116.0,122.0,113.5,115.5,,0.0,24388426,2860470729.0,-1247702,0,-94444,6477035,0,365190,7724737,0,459634
20260917,3006,晶豪科,281.5,285.5,276.5,278.5,-,2.5,11004816,3089508865.0,-1276211,0,-72451,3083164,0,147643,4359375,0,220094
20260917,2464,盟立,183.0,186.0,178.0,179.5,-,3.5,8382682,1518617496.0,-1298066,11000,-73745,2570934,11000,73372,3869000,0,147117
20260917,2882,國泰金,113.0,114.0,111.0,112.0,-,0.5,19698413,2215151368.0,528383,-1737000,-205267,11338224,93000,186000,10809841,1830000,391267
20260917,8112,至上,83.4,83.7,82.7,82.8,+,0.3,5188936,431284906.0,-1451109,0,-2202,1804891,0,51000,3256000,0,53202
20260917,6672,騰輝電子-KY,306.0,315.0,285.5,293.5,-,10.5,10176575,3032501879.0,-1423957,0,-74864,2109693,0,132180,3533650,0,207044
20260917,4915,致伸,65.6,65.6,63.8,63.9,-,1.7,5324145,343037611.0,-1520120,0,10237,1045880,0,29699,2566000,0,19462
20260917,2889,國票金,17.3,17.4,17.0,17.3,,0.0,15773759,272144020.0,-1564885,0,15259,5110377,0,16000,6675262,0,741
20260917,8422,可寧衛*,26.0,26.1,25.7,25.85,-,0.15,6767421,174797331.0,-733000,-1015000,16921,2979000,0,17000,3712000,1015000,79
20260917,2369,菱生,29.65,30.7,29.65,30.3,+,0.85,8084381,244987933.0,-1751972,0,2153,2151078,0,23806,3903050,0,21653
20260917,2327,國巨*,543.0,553.0,529.0,529.0,-,7.0,22992927,12433980618.0,-2052950,156000,129284,7198144,285000,241957,9251094,129000,112673
20260917,00935,野村臺灣新科技50,57.0,57.95,56.55,56.55,+,0.2,8825965,505235167.0,129965,275000,-2254093,1298965,275000,2028782,1169000,0,4282875
20260917,00922,國泰台灣領袖50,41.88,42.54,41.88,41.96,+,0.35,6318369,266726694.0,-3311952,600000,826282,252048,600000,1515633,3564000,0,689351
20260917,8110,華東,43.15,44.9,42.85,43.1,+,1.2,8718839,379823955.0,-1892710,0,-7654,2050290,0,20629,3943000,0,28283
20260917,00951,台新日本半導體,16.4,16.49,16.24,16.37,-,0.06,3335921,54470103.0,-607000,0,-1475562,197000,0,659000,804000,0,2134562
20260917,2002,中鋼,18.7,18.8,18.65,18.7,+,0.05,17570221,328898347.0,-2671748,79000,423451,7440252,79000,464000,10112000,0,40549
20260917,8039,台虹,278.0,279.0,256.5,257.0,-,18.5,22338443,5906949359.0,-476958,-1585000,-234607,6508131,7000,404017,6985089,1592000,638624
20260917,2426,鼎元,101.5,103.5,95.6,96.0,-,3.8,62010959,6143212656.0,-2431443,0,52565,12797110,0,259129,15228553,0,206564
20260917,3450,聯鈞,558.0,564.0,520.0,525.0,-,16.0,16344584,8838960051.0,-3168969,869000,-131045,2972090,869000,340677,6141059,0,471722
20260917,3189,景碩,825.0,835.0,785.0,805.0,-,15.0,15730754,12713222974.0,-3703899,313000,70004,3010097,315000,456098,6713996,2000,386094
20260917,2368,金像電,1035.0,1085.0,950.0,950.0,-,42.0,13646634,13642667407.0,-3669475,36000,242134,3210232,54000,882472,6879707,18000,640338
20260917,2337,旺宏,121.5,122.5,116.5,116.5,-,2.5,29307672,3495586226.0,-3470365,-12000,-37446,13037639,0,287288,16508004,12000,324734
20260917,3481,群創,49.05,50.2,48.5,48.5,-,0.2,140533721,6900169351.0,-3825990,-1204000,54366,40514655,0,2445106,44340645,1204000,2390740
20260917,2887,台新新光金,44.45,44.8,43.7,44.05,-,0.35,61871541,2741740404.0,-13872550,8063000,403597,24218253,10694000,2195881,38090803,2631000,1792284
20260917,2492,華新科,309.0,314.5,295.0,297.0,-,10.5,21642767,6562759242.0,-4678098,-1523000,25588,4063696,1000,374453,8741794,1524000,348865
20260917,00929,復華台灣科技優息,28.7,28.84,28.55,28.56,,0.0,26678811,765360475.0,1799799,0,-8362372,5058445,0,3244503,3258646,0,11606875
20260917,4958,臻鼎-KY,496.0,504.0,475.0,476.0,-,17.5,26008525,12664671660.0,-6621778,-542000,-262269,5250003,68000,466766,11871781,610000,729035
20260917,2313,華通,232.5,235.0,218.0,218.5,-,6.5,30339891,6824686431.0,-8055735,560000,15402,7769166,560000,688764,15824901,0,673362
20260917,2344,華邦電,177.0,180.0,170.0,170.0,+,1.0,120007010,20918348554.0,-10245462,-51000,1057983,36722218,8000,2326690,46967680,59000,1268707
20260917,2481,強茂,174.0,174.0,161.0,163.0,-,5.5,67322321,11172832284.0,-12215249,1908000,-119812,13273039,1908000,692813,25488288,0,812625
20260917,6213,聯茂,548.0,548.0,495.0,495.0,-,55.0,37381131,19141613837.0,-12078005,356000,19847,5746858,356000,723746,17824863,0,703899
20260917,00712,復華富時不動產,8.01,8.05,7.97,8.02,,0.0,139079235,1115699813.0,724900,0,-102307238,1401900,0,9793998,677000,0,112101236
20260917,00918,大華優利高填息30,35.93,36.26,35.8,36.25,+,0.57,194351177,7017002265.0,-1568037,0,-134090687,6292013,0,3288082,7860050,0,137378769
