tradeDate,stockCode,stockName,openPrice,highPrice,lowPrice,closePrice,changeSign,change,totalShares,totalAmount,foreignNetShares,investmentNetShares,dealerNetShares,foreignBuyShares,investmentBuyShares,dealerBuyShares,foreignSellShares,investmentSellShares,dealerSellShares
20261002,2409,友達,38.75,40.85,38.65,40.45,+,2.15,701554317,28027963732.0,81467389,4351327,5470493,250003283,4355741,11535312,168535894,4414,6064819
20261002,6770,力積電,75.0,77.9,74.2,76.5,+,2.0,178851877,13657765471.0,45435880,268938,4191705,84121606,271015,5159660,38685726,2077,967955
20261002,00961,FT臺灣永續高息,13.13,13.22,13.1,13.14,-,0.13,93212336,1223736369.0,19275900,0,17908280,20168000,0,18038280,892100,0,130000
20261002,1326,台化,68.8,72.6,68.2,71.7,+,4.0,56653992,4047455805.0,22015353,85000,961753,35343448,85000,1234432,13328095,0,272679
20261002,2883,凱基金,36.9,37.7,36.6,37.35,+,0.45,67231685,2494905245.0,8029978,11313637,1801393,40680977,11333637,1849395,32650999,20000,48002
20261002,4958,臻鼎-KY,515.0,561.0,514.0,561.0,+,51.0,69348102,37849971825.0,14023195,3289000,1351553,24731394,3289000,2352368,10708199,0,1000815
20261002,2886,兆豐金,48.85,48.95,48.35,48.85,,0.0,28642625,1393255003.0,13683716,2421501,1504841,19980806,2938501,1669464,6297090,517000,164623
20261002,1301,台塑,67.0,69.6,66.8,68.3,+,1.5,33115055,2276491222.0,15022143,5000,598124,19275234,5000,639124,4253091,0,41000
20261002,2492,華新科,335.0,361.5,329.0,361.5,+,32.5,55788034,19545370663.0,10009999,2539000,127974,19787332,2548000,817942,9777333,9000,689968
20261002,3714,富采,68.9,72.0,68.9,70.8,+,2.0,23714073,1686762034.0,11334577,188000,115066,14577767,188000,176066,3243190,0,61000
20261002,1314,中石化,8.83,9.03,8.82,8.95,+,0.06,32391130,290191559.0,9720717,0,197000,14935717,0,236000,5215000,0,39000
20261002,3576,聯合再生,18.25,19.45,18.1,19.35,+,0.85,29410686,552083942.0,8761249,0,-27000,13169196,0,0,4407947,0,27000
20261002,2408,南亞科,532.0,534.0,521.0,526.0,+,7.0,36677068,19358665762.0,7170950,1136582,422993,16318158,1204481,774656,9147208,67899,351663
20261002,6505,台塑化,94.6,103.0,94.0,100.0,+,5.8,35503078,3549020392.0,6740746,910000,373280,14681254,2745000,725623,7940508,1835000,352343
20261002,2303,聯電,159.0,162.5,157.5,161.5,,0.0,100339050,16066163882.0,3674279,1863584,2299754,28347186,2159018,3150764,24672907,295434,851010
20261002,6116,彩晶,15.65,16.35,15.6,16.05,+,0.4,80015461,1284625343.0,6283900,0,750863,29668455,0,1005597,23384555,0,254734
20261002,1303,南亞,253.0,261.0,251.5,260.0,+,6.0,42323575,10920584174.0,4864197,-74000,2119779,15705511,12000,2498582,10841314,86000,378803
20261002,1605,華新,38.35,39.5,38.35,38.75,+,0.2,29963296,1168230992.0,6131326,-22479,483073,13291809,0,534415,7160483,22479,51342
20261002,8150,南茂,116.0,127.0,114.5,127.0,+,11.5,99203568,12162294053.0,5499673,354000,415309,28899151,354000,1380178,23399478,0,964869
20261002,3037,欣興,1225.0,1305.0,1215.0,1305.0,+,90.0,18635778,23509159965.0,5229662,657113,155256,10419917,815054,575899,5190255,157941,420643
20261002,2371,大同,30.5,31.2,30.15,31.1,+,0.6,18900562,580268177.0,5599383,-15000,292936,9104543,0,406596,3505160,15000,113660
20261002,00965,元大航太防衛科技,25.37,25.5,25.28,25.5,+,0.13,6495674,164801011.0,753000,-350000,5258523,819000,0,5453000,66000,350000,194477
20261002,9933,中鼎,41.8,45.8,41.8,45.8,+,4.15,21275998,966503332.0,6016455,-8800,-402561,7157897,0,45702,1141442,8800,448263
20261002,1718,中纖,10.6,10.85,10.6,10.75,+,0.1,10159044,109378492.0,4971476,-22000,335081,6570476,0,335081,1599000,22000,0
20261002,00881,國泰台灣科技龍頭,52.6,52.8,52.45,52.75,+,0.15,12172946,641261441.0,2892295,0,2371826,3625295,0,3644000,733000,0,1272174
20261002,1802,台玻,58.8,59.8,58.5,59.5,+,0.7,12062573,716628303.0,4761052,15000,427084,6340052,15000,455613,1579000,0,28529
20261002,2609,陽明,59.0,59.9,58.5,59.7,+,0.9,11663046,691571579.0,5141071,-54000,48568,8195000,6000,166280,3053929,60000,117712
20261002,1727,中華化,111.0,123.0,111.0,123.0,+,11.0,35901281,4312844837.0,4868069,0,-15166,9983403,0,361553,5115334,0,376719
20261002,3481,群創,52.4,53.4,52.0,52.8,+,0.5,211783047,11158517308.0,2752216,36988,1860168,45270311,42066,3894407,42518095,5078,2034239
20261002,1409,新纖,24.4,25.2,24.3,24.95,+,0.55,11973583,297593897.0,4862718,0,-274820,7001859,0,254253,2139141,0,529073
20261002,6120,達運,14.6,15.4,14.5,15.25,+,0.5,16135373,244286581.0,4396429,0,-7279,7367701,0,945,2971272,0,8224
20261002,2340,台亞,45.0,47.2,43.7,45.75,+,1.9,41777299,1909172972.0,4653095,0,-270095,15365315,0,621743,10712220,0,891838
20261002,3673,TPK-KY,73.5,80.6,73.0,80.6,+,7.3,28711684,2232408677.0,2544514,0,1308134,8084762,0,1492822,5540248,0,184688
20261002,00935,野村臺灣新科技50,61.6,61.95,61.35,61.95,+,0.4,9175247,566013745.0,103580,1186000,2529552,1325315,1186000,3776422,1221735,0,1246870
20261002,1313,聯成,12.6,12.9,12.45,12.65,+,0.25,7886270,100301427.0,3684696,0,-6000,4755549,0,2000,1070853,0,8000
20261002,00900,富邦特選高股息30,19.37,19.4,19.32,19.37,-,0.03,4271180,82639801.0,1508000,0,2016392,1535000,0,2029000,27000,0,12608
20261002,1709,和益,55.5,58.5,54.7,58.5,+,5.3,33307380,1895705373.0,3479000,0,-31108,10054000,0,125892,6575000,0,157000
20261002,2337,旺宏,122.5,123.0,121.0,122.0,+,1.0,19636645,2393581020.0,3598903,7000,-279420,12893468,7000,47558,9294565,0,326978
20261002,2634,漢翔,65.0,66.4,64.3,66.0,+,1.6,12874547,843258056.0,2802778,79000,272753,5032378,101000,427748,2229600,22000,154995
20261002,2542,興富發,38.5,39.15,38.3,38.75,+,0.35,8587725,333299693.0,3682238,-537200,-23830,6290238,56800,33509,2608000,594000,57339
20261002,2002,中鋼,18.9,19.1,18.9,19.0,+,0.05,21124095,401069829.0,2999225,-48000,134486,9858475,0,222486,6859250,48000,88000
20261002,8021,尖點,503.0,553.0,501.0,553.0,+,50.0,9216082,4976075593.0,2492339,552000,6696,3813122,710000,168857,1320783,158000,162161
20261002,2342,茂矽,49.35,52.5,48.5,51.3,+,1.95,15524775,790226719.0,3039768,0,9292,5277768,0,30741,2238000,0,21449
20261002,1714,和桐,16.2,17.45,16.2,16.85,+,0.65,17662469,299657109.0,2787318,-19000,253443,6507792,0,283716,3720474,19000,30273
20261002,2882,國泰金,110.0,111.5,110.0,111.5,+,1.0,13877928,1540462391.0,1101739,1878525,-41166,9030573,2109525,68663,7928834,231000,109829
20261002,6239,力成,294.0,316.0,291.5,308.0,+,15.5,30835497,9409026133.0,746632,18591,2033488,8043328,369591,2446062,7296696,351000,412574
20261002,5880,合庫金,25.8,26.2,25.8,26.15,+,0.15,10810873,281063889.0,2622937,189000,-64189,8230886,200000,55000,5607949,11000,119189
20261002,1310,台苯,9.03,9.72,9.03,9.61,+,0.59,7764239,73663726.0,2738916,0,-20823,3989676,0,177,1250760,0,21000
20261002,1312,國喬,14.6,14.9,14.55,14.75,+,0.15,7046669,104112374.0,2572203,0,137679,3781203,0,165000,1209000,0,27321
20261002,2855,統一證,56.5,58.2,55.9,57.6,+,1.2,4842657,278645725.0,2603812,21114,0,3539812,29300,0,936000,8186,0
20261002,2892,第一金,38.4,38.75,38.25,38.55,-,0.15,14985368,577526378.0,-2917289,5508867,15837,6604153,5963867,71000,9521442,455000,55163
20261002,2412,中華電,145.0,146.5,144.0,146.0,+,0.5,10009961,1458318100.0,4034620,-1449684,-7000,6033023,605316,92000,1998403,2055000,99000
20261002,00940,元大台灣價值高息,13.15,13.18,13.12,13.17,-,0.01,6051187,79593524.0,-420875,0,2940839,54125,0,3407000,475000,0,466161
20261002,3006,晶豪科,284.5,290.0,282.5,285.5,+,4.5,9101409,2608184123.0,2136881,0,363166,3977425,0,386783,1840544,0,23617
20261002,2327,國巨*,604.0,647.0,598.0,626.0,+,24.0,106667349,66854916325.0,-2786510,3822443,1461366,29795920,3931654,1925274,32582430,109211,463908
20261002,00951,台新日本半導體,19.04,19.25,19.0,19.17,+,0.08,3737925,71587228.0,460936,0,2016409,538000,0,2367761,77064,0,351352
20261002,4927,泰鼎-KY,44.5,48.15,44.4,48.15,+,4.35,17406916,827984011.0,2391350,0,-48265,5180350,0,63866,2789000,0,112131
20261002,6834,天二科技,118.0,131.0,118.0,131.0,,0.0,12078273,1532401495.0,2276809,-2000,52343,3832470,0,171302,1555661,2000,118959
20261002,00896,中信綠能及電動車,27.84,27.94,27.8,27.89,+,0.05,3785901,105578069.0,347000,0,1942981,413000,0,2058432,66000,0,115451
20261002,2347,聯強,96.4,98.0,96.0,97.1,+,1.7,3426763,331891097.0,2124669,-101861,217877,2846669,9100,224775,722000,110961,6898
20261002,2890,永豐金,43.05,44.15,43.05,44.05,+,0.4,13939013,611181149.0,-1556003,2025179,1763213,7163088,2337179,1830018,8719091,312000,66805
20261002,2884,玉山金,45.05,45.35,44.95,45.35,,0.0,21945062,992289644.0,-4853435,5855959,1205248,10930095,7137959,1300282,15783530,1282000,95034
20261002,1711,永光,40.65,43.7,40.5,43.0,+,2.45,11775512,498310096.0,1869673,0,222120,4049861,0,240259,2180188,0,18139
20261002,2367,燿華,43.55,45.35,43.05,45.15,+,1.8,7376988,329457655.0,1803759,0,272909,3204759,0,332929,1401000,0,60020
20261002,2313,華通,225.0,228.0,224.0,226.0,+,1.5,8635843,1953399291.0,1579056,136226,354859,3241337,228216,431633,1662281,91990,76774
20261002,2881,富邦金,149.0,151.5,149.0,150.5,,0.0,10614902,1595565901.0,1076329,1043253,-66996,7238631,1304253,54689,6162302,261000,121685
20261002,6257,矽格,252.5,266.0,250.5,257.5,+,1.0,15922505,4113000980.0,932338,877000,221173,5444257,877000,383034,4511919,0,161861
20261002,1708,東鹼,53.9,56.9,53.9,56.2,+,2.6,11141339,623476337.0,1903443,-5000,123820,3635647,0,131531,1732204,5000,7711
20261002,00905,FT臺灣Smart,27.79,27.93,27.67,27.91,+,0.11,2718662,75627250.0,569000,0,1439511,605000,0,1691414,36000,0,251903
20261002,8110,華東,48.8,50.4,48.6,49.95,+,1.25,9920246,493499380.0,1867739,0,128953,3172239,0,131645,1304500,0,2692
20261002,2603,長榮,237.0,240.5,236.5,240.0,+,2.0,5621086,1346964237.0,2885524,-1384024,359805,3870224,144780,369229,984700,1528804,9424
20261002,4960,誠美材,23.9,24.75,23.8,24.55,+,0.65,5244982,128094980.0,1855078,0,-12799,2516078,0,323,661000,0,13122
20261002,2606,裕民,74.2,75.9,73.6,75.9,+,2.4,3649164,273797547.0,1046526,643000,65037,2191000,644000,90037,1144474,1000,25000
20261002,1710,東聯,17.0,17.8,16.9,17.15,+,0.15,8257693,143076568.0,1693292,0,3015,3625526,0,134370,1932234,0,131355
20261002,2444,兆勁,15.0,16.5,14.7,16.5,+,1.5,5722454,92189431.0,1689260,0,-1000,1987460,0,0,298200,0,1000
20261002,3045,台灣大,121.5,122.0,121.0,122.0,,0.0,3702973,450688221.0,558811,773215,350866,2059505,783215,386009,1500694,10000,35143
20261002,3016,嘉晶,169.5,182.0,169.5,180.5,+,12.5,8692203,1538049318.0,1622876,0,32095,1893722,0,122289,270846,0,90194
20261002,2399,映泰,51.2,51.9,50.6,51.2,-,0.1,8735540,447866955.0,1720675,0,-66923,3084675,0,4077,1364000,0,71000
20261002,2332,友訊,20.25,20.45,20.15,20.45,+,0.3,4314727,87590750.0,1615821,0,26000,2365821,0,27000,750000,0,1000
20261002,8046,南電,1440.0,1480.0,1395.0,1460.0,+,40.0,16705151,23979600915.0,78235,1435864,125460,7512365,1443000,390171,7434130,7136,264711
20261002,6672,騰輝電子-KY,413.0,439.0,404.0,439.0,+,33.5,16620827,7054121628.0,1617604,-2000,18881,5795238,0,171859,4177634,2000,152978
20261002,2103,台橡,28.1,29.0,27.9,28.15,+,0.2,4869851,138666340.0,1596961,0,23946,2240096,0,43199,643135,0,19253
20261002,2305,全友,59.7,61.6,55.8,60.2,-,1.7,20455039,1208733810.0,1679236,-2000,-64039,6917996,0,34000,5238760,2000,98039
20261002,1309,台達化,13.75,14.4,13.7,14.3,+,0.6,3937987,56044414.0,1599377,0,5499,2171377,0,11039,572000,0,5540
20261002,2436,偉詮電,74.0,76.0,73.2,76.0,+,2.0,6180465,462484769.0,1582536,0,6252,2787642,0,114082,1205106,0,107830
20261002,2376,技嘉,370.0,388.0,368.0,373.5,+,5.0,9164965,3455884197.0,1334911,332281,-127829,4291477,362281,268617,2956566,30000,396446
20261002,2034,允強,23.9,24.5,23.7,24.0,+,0.4,5400624,130569144.0,1568433,0,-89079,2685237,0,6079,1116804,0,95158
20261002,1305,華夏,12.3,12.6,12.25,12.55,+,0.4,2763729,34463764.0,1454197,0,1110,1874097,0,2110,419900,0,1000
20261002,1304,台聚,12.45,12.85,12.45,12.7,+,0.25,3202927,40718529.0,1434244,0,-7399,1996244,0,2617,562000,0,10016
20261002,2618,長榮航,42.1,42.4,41.9,42.35,+,0.15,8563147,361217386.0,416024,300420,706959,5240080,1149000,730550,4824056,848580,23591
20261002,6282,康舒,43.45,44.3,43.05,44.2,+,0.9,6063472,266567440.0,1276070,-6000,84124,2589200,0,304647,1313130,6000,220523
20261002,5876,上海商銀,48.1,49.0,48.1,48.95,+,0.55,3664456,178294193.0,583015,162000,575314,2544176,336000,610679,1961161,174000,35365
20261002,00735,國泰臺韓科技,109.75,110.3,109.4,110.15,+,0.5,1732191,190549595.0,143100,0,1135959,175300,0,1263576,32200,0,127617
20261002,1402,遠東新,27.85,28.15,27.85,28.05,+,0.1,4746737,132956731.0,1119113,118052,17832,2746994,229052,91082,1627881,111000,73250
20261002,3189,景碩,1010.0,1070.0,1005.0,1050.0,+,40.0,18823011,19554694715.0,755948,472000,21237,5629620,693000,483628,4873672,221000,462391
20261002,6202,盛群,60.5,63.7,59.5,63.2,+,3.1,4623585,284599083.0,1136598,0,84424,1861688,0,101905,725090,0,17481
20261002,3031,佰鴻,31.4,33.5,30.25,32.8,+,2.3,10999738,357328560.0,1217633,0,0,3557275,0,6000,2339642,0,6000
20261002,6133,金橋,29.45,29.5,28.5,29.1,-,0.2,4672601,135379713.0,1204126,0,-5000,1675278,0,0,471152,0,5000
20261002,2369,菱生,31.75,32.3,31.65,31.95,+,0.2,3431170,109911490.0,1195911,0,-4443,1585371,0,18967,389460,0,23410
20261002,2027,大成鋼,48.1,48.6,47.9,48.05,,0.0,6962195,336402348.0,761877,-34000,449048,3579146,0,456048,2817269,34000,7000
20261002,3035,智原,213.0,217.0,210.0,215.5,+,2.5,4927298,1053531119.0,925129,0,239193,2181999,0,281969,1256870,0,42776
20261002,1440,南紡,13.4,13.55,13.3,13.3,-,0.1,2259795,30196613.0,1183685,0,-35000,1536685,0,0,353000,0,35000
20261002,2377,微星,153.5,155.0,152.0,155.0,+,2.5,4570302,702861957.0,1310,1020570,120612,1385310,1056000,173537,1384000,35430,52925
20261002,6269,台郡,65.1,66.3,64.9,66.1,+,1.1,2625479,173103043.0,1132455,0,7013,1633990,0,10022,501535,0,3009
20261002,00830,國泰費城半導體,91.3,91.35,90.75,91.25,+,0.35,6822277,621651212.0,874244,0,252000,2297086,0,663000,1422842,0,411000
20261002,3049,精金,12.3,12.6,12.25,12.45,+,0.15,3124829,38953485.0,1046749,0,63831,1480749,0,63831,434000,0,0
20261002,5608,四維航,17.1,17.3,16.95,17.15,+,0.15,2173947,37325546.0,1107024,0,2278,1374024,0,3278,267000,0,1000
20261002,1504,東元,69.2,70.0,68.7,69.7,+,0.6,3548122,246510082.0,962000,68003,29541,1721000,80000,38000,759000,11997,8459
20261002,1434,福懋,17.9,18.3,17.9,18.2,+,0.25,2191578,39806934.0,1037280,0,-9000,1423821,0,1000,386541,0,10000
20261002,2393,億光,64.7,65.7,64.1,65.4,+,0.9,2465307,160882797.0,1319452,-261652,-79603,1973452,8600,30397,654000,270252,110000
20261002,00936,台新永續高息中小,21.57,21.78,21.57,21.74,+,0.17,1203449,26159340.0,827000,0,142379,828000,0,313520,1000,0,171141
20261002,6531,愛普*,932.0,1025.0,920.0,1000.0,+,67.0,5926915,5830417058.0,681219,175000,88434,2379807,175000,213959,1698588,0,125525
20261002,1102,亞泥,35.5,35.7,35.35,35.6,-,0.05,4911440,174267952.0,622416,-76160,397930,3135693,17008,430637,2513277,93168,32707
20261002,2455,全新,559.0,580.0,551.0,580.0,+,34.0,4299731,2441116526.0,1386047,-1030000,551235,1648241,0,603346,262194,1030000,52111
20261002,3090,日電貿,169.0,175.5,167.0,173.5,+,4.5,8401227,1453034728.0,567820,346000,-31922,2214050,350000,99613,1646230,4000,131535
20261002,4904,遠傳,104.5,106.5,104.5,106.0,+,1.0,4014485,423897933.0,950694,-591000,509747,2067845,734000,517747,1117151,1325000,8000
20261002,4916,事欣科,103.0,105.5,102.0,104.5,+,1.5,2636368,274343906.0,836589,0,17455,1110589,0,22099,274000,0,4644
20261002,2338,光罩,47.8,50.2,47.55,49.65,+,2.45,15644706,772515162.0,714287,0,121713,4081287,0,157192,3367000,0,35479
20261002,2485,兆赫,40.6,41.4,40.55,41.3,+,0.8,2231409,91747270.0,830628,0,3257,1204628,0,8366,374000,0,5109
20261002,00717,富邦美國特別股,14.52,14.55,14.46,14.55,+,0.01,1137728,16489095.0,729000,0,95979,729000,0,392000,0,0,296021
20261002,3030,德律,283.0,301.0,277.0,300.0,+,11.0,3947165,1154851639.0,669648,0,150975,1672070,0,197848,1002422,0,46873
20261002,2880,華南金,44.95,45.3,44.45,44.85,-,0.4,12326772,552146602.0,-3103231,1953000,1961572,5489404,2262000,2089591,8592635,309000,128019
20261002,2329,華泰,44.6,45.2,44.5,45.0,+,0.65,3082944,138328195.0,795446,0,14844,1279446,0,37348,484000,0,22504
20261002,2352,佳世達,29.05,29.45,28.9,29.2,+,0.1,3067011,89688384.0,813076,-13000,-7999,1704176,0,2001,891100,13000,10000
20261002,2355,敬鵬,41.3,43.45,41.3,43.3,+,2.0,4145813,177164349.0,747000,0,39034,1776000,0,75034,1029000,0,36000
20261002,3711,日月光投控,711.0,722.0,704.0,713.0,+,3.0,12603412,8985469213.0,3128693,-2505594,152071,7522410,361590,293333,4393717,2867184,141262
20261002,1308,亞聚,14.2,14.55,14.2,14.45,+,0.25,1686204,24380263.0,799512,0,-26678,1170741,0,4322,371229,0,31000
20261002,1721,國慶科技,26.45,28.0,26.2,27.35,+,0.75,4630528,125606068.0,760316,0,2000,1284296,0,2000,523980,0,0
20261002,2801,彰銀,27.25,27.65,27.25,27.6,+,0.05,20636594,567600866.0,-10186319,11035000,-93143,4935059,11553000,12000,15121378,518000,105143
20261002,8131,福懋科,62.9,65.4,62.5,63.5,+,1.0,3629621,232175337.0,741492,0,13385,1488402,0,25429,746910,0,12044
20261002,00923,群益台ESG低碳50,41.82,41.86,41.62,41.8,-,0.02,2553381,106675156.0,66150,0,663832,165150,0,1372941,99000,0,709109
20261002,8215,明基材,29.3,29.8,29.1,29.7,+,0.6,1925721,56850065.0,727396,-7000,-646,959396,0,160,232000,7000,806
20261002,2030,彰源,38.15,39.2,37.95,38.4,+,0.75,10265128,395478528.0,684726,0,31000,1549000,0,33000,864274,0,2000
20261002,7788,松川精密,289.0,309.5,289.0,307.0,+,16.5,2364467,714556729.0,567021,0,138352,957121,0,141241,390100,0,2889
20261002,6438,迅得,168.5,170.0,166.0,168.0,+,3.5,1599682,269672850.0,622166,0,74864,805166,0,101089,183000,0,26225
20261002,6456,GIS-KY,89.1,94.0,87.0,92.9,+,5.0,20444355,1866172794.0,414198,0,276518,4932158,0,328352,4517960,0,51834
20261002,6278,台表科,217.0,218.5,213.0,217.0,+,0.5,6237633,1345209516.0,1912651,-1386000,148892,2936009,4000,233969,1023358,1390000,85077
20261002,2441,超豐,124.0,127.5,124.0,126.5,+,2.0,3477871,438714318.0,376310,215000,68993,1506310,233000,87494,1130000,18000,18501
20261002,00932,兆豐永續高息等權,17.49,17.58,17.49,17.56,+,0.01,672837,11814518.0,10000,0,648830,10000,0,649000,0,0,170
20261002,1608,華榮,36.0,36.4,35.8,36.25,+,0.3,1351450,48933027.0,620344,-4939,464,850344,0,1000,230000,4939,536
20261002,2637,慧洋-KY,95.5,99.1,95.4,98.8,+,3.5,1864997,182530216.0,537495,66720,-1350,1349807,70000,15272,812312,3280,16622
20261002,6108,競國,25.0,25.8,24.8,25.7,+,0.7,1558395,39733566.0,581481,0,2000,735161,0,2000,153680,0,0
20261002,5469,瀚宇博,74.9,76.2,74.2,75.9,+,1.3,1637219,123261723.0,579350,0,-887,1019350,0,2113,440000,0,3000
20261002,2025,千興,13.95,14.55,13.95,14.3,+,0.25,1807131,25922768.0,575860,0,0,915132,0,0,339272,0,0
20261002,2360,致茂,2145.0,2225.0,2135.0,2190.0,+,110.0,3514487,7695836509.0,1006191,-457551,15600,2360783,135695,80019,1354592,593246,64419
20261002,2820,華票,16.7,16.75,16.6,16.7,-,0.05,2798555,46652600.0,561689,0,-1000,993000,0,1000,431311,0,2000
20261002,2466,冠西電,130.5,141.0,130.5,141.0,+,12.5,2480183,340691776.0,537807,-4000,17899,862697,0,17899,324890,4000,0
20261002,1528,恩德,25.05,25.15,24.55,24.75,-,0.25,2855598,70613387.0,545446,0,-416,780446,0,0,235000,0,416
20261002,6901,鑽石投資,16.75,17.05,16.45,17.0,+,0.35,1721017,28937143.0,531560,0,11000,790560,0,20000,259000,0,9000
20261002,6191,精成科,84.3,85.0,83.6,84.7,+,0.4,1963538,165744393.0,528599,3000,10656,827000,3000,30871,298401,0,20215
20261002,3645,達邁,73.8,74.3,72.0,74.0,-,0.2,1987150,146520495.0,551431,0,-12364,710431,0,6363,159000,0,18727
20261002,2402,毅嘉,57.5,59.8,56.5,59.1,+,1.9,2669039,155515347.0,536035,0,1932,909035,0,34566,373000,0,32634
20261002,6442,光聖,1520.0,1625.0,1520.0,1625.0,+,145.0,3748600,5894826350.0,365309,56000,116239,1068019,68000,164832,702710,12000,48593
20261002,3167,大量,983.0,1005.0,948.0,981.0,+,6.0,6748712,6555491800.0,489781,65000,-29495,2041837,65000,32000,1552056,0,61495
20261002,5285,界霖,94.5,102.0,92.5,99.0,+,4.8,4941418,484704394.0,487383,0,33593,1610466,0,46231,1123083,0,12638
20261002,1609,大亞,38.65,39.0,38.05,38.55,-,0.15,2911262,112306381.0,419211,0,97796,1013078,0,105693,593867,0,7897
20261002,3019,亞光,137.0,139.0,136.0,139.0,+,2.0,2069927,284995266.0,483336,0,31462,833436,0,53185,350100,0,21723
20261002,6962,奕力-KY,33.15,33.4,32.65,33.4,+,0.25,2227485,73864902.0,512034,0,-521,988034,0,0,476000,0,521
20261002,1717,長興,74.0,76.0,73.7,74.2,+,0.7,12620953,941839245.0,444975,0,64808,3302849,0,88096,2857874,0,23288
20261002,3605,宏致,176.5,182.0,169.0,170.5,-,7.5,15261661,2647946079.0,466755,79000,-41361,4764853,79000,77300,4298098,0,118661
20261002,3311,閎暉,48.25,49.65,48.15,49.65,+,4.5,2466947,121045458.0,424000,0,78164,544000,0,78164,120000,0,0
20261002,3380,明泰,31.35,32.2,31.15,31.95,+,0.65,2056580,65376734.0,484224,0,17391,832226,0,25964,348002,0,8573
20261002,2023,燁輝,13.75,14.0,13.75,13.9,+,0.1,1588195,22131567.0,517851,0,-17927,984851,0,73,467000,0,18000
20261002,6153,嘉聯益,17.85,18.0,17.75,17.95,+,0.15,1702786,30460447.0,479426,0,17844,785000,0,24000,305574,0,6156
20261002,3014,聯陽,142.5,143.0,141.5,142.5,+,0.5,1134800,161198854.0,422795,65549,47,578795,69900,1019,156000,4351,972
20261002,2406,國碩,31.1,31.35,30.7,31.2,-,0.2,5205433,161443486.0,481714,-7000,8465,1078714,0,8465,597000,7000,0
20261002,2413,環科,52.3,52.9,51.6,52.3,+,0.7,1936535,101256219.0,468574,0,3242,705574,0,3242,237000,0,0
20261002,1455,集盛,9.83,10.05,9.81,10.0,+,0.16,1197742,11961954.0,472136,0,-5762,593136,0,537,121000,0,6299
20261002,6152,百一,15.35,15.75,15.35,15.7,+,0.25,1576552,24640045.0,441400,0,16000,568400,0,16000,127000,0,0
20261002,2457,飛宏,22.0,22.6,21.9,22.45,+,0.4,1071817,23902651.0,416045,0,40824,538002,0,43653,121957,0,2829
20261002,00941,中信上游半導體,26.4,26.48,26.37,26.44,+,0.02,809448,21397742.0,78034,0,371819,80034,0,477076,2000,0,105257
20261002,3591,艾笛森,27.0,28.6,26.9,28.3,+,1.4,1825704,50989564.0,413836,0,26000,754516,0,35000,340680,0,9000
20261002,2069,運錩,25.7,26.7,25.5,25.95,+,0.2,1068140,27909635.0,435829,0,0,556894,0,0,121065,0,0
20261002,8926,台汽電,58.9,59.3,58.4,59.0,+,0.1,1416775,83510181.0,429409,-5000,532,802729,0,1000,373320,5000,468
20261002,2527,宏璟,49.05,50.4,49.0,49.55,+,0.45,886600,44302121.0,424000,0,-12539,514000,0,842,90000,0,13381
20261002,6196,帆宣,609.0,619.0,602.0,618.0,+,16.0,1802450,1100336276.0,435844,0,-25759,861848,0,50093,426004,0,75852
20261002,3044,健鼎,528.0,544.0,528.0,542.0,+,13.0,1693324,912851349.0,321577,5000,76830,808390,6000,102830,486813,1000,26000
20261002,00891,中信關鍵半導體,37.85,38.03,37.71,37.95,+,0.13,7880421,298665603.0,711000,0,-321300,1811000,0,279017,1100000,0,600317
20261002,2006,東和鋼鐵,85.0,86.7,85.0,86.6,+,2.0,1100589,94767157.0,352902,-2258,29242,680254,0,35345,327352,2258,6103
20261002,3437,榮創,22.15,22.45,22.0,22.15,+,0.1,1251151,27816313.0,373217,0,0,519217,0,0,146000,0,0
20261002,6285,啟碁,235.5,239.5,234.5,238.0,+,2.5,3030823,719841658.0,668196,-475234,178480,1381448,15000,193123,713252,490234,14643
20261002,2419,仲琦,29.1,29.35,28.85,29.3,+,0.25,952057,27762343.0,357449,0,3781,492552,0,10075,135103,0,6294
20261002,8070,長華*,50.2,50.9,49.85,50.7,+,0.5,1987144,100394968.0,316660,-3370,40886,828660,0,48214,512000,3370,7328
20261002,6213,聯茂,646.0,700.0,639.0,683.0,+,41.0,24367397,16371355552.0,-179351,271000,261014,6842999,354000,584141,7022350,83000,323127
20261002,2328,廣宇,47.8,48.0,47.25,47.95,+,0.2,1295287,61653323.0,118984,0,231638,438984,0,258457,320000,0,26819
20261002,2614,東森,18.9,19.7,18.9,19.25,,0.0,2756942,53428703.0,344060,0,160,693060,0,160,349000,0,0
20261002,2032,新鋼,19.6,20.35,19.3,20.05,+,0.45,2800552,55984911.0,347045,0,-11627,1008185,0,373,661140,0,12000
20261002,1773,勝一,167.5,172.0,167.5,170.5,+,3.0,728973,124383258.0,333093,0,-843,448093,0,157,115000,0,1000
20261002,1319,東陽,78.2,78.4,77.7,78.1,-,0.5,1417606,110578388.0,329529,-2051,2970,724128,0,6000,394599,2051,3030
20261002,1316,上曜,10.55,10.6,10.4,10.55,+,0.05,1398097,14650804.0,329013,0,1000,476013,0,1000,147000,0,0
20261002,2241,艾姆勒,44.05,45.7,43.4,43.75,-,0.3,2571955,114272706.0,331102,0,-1218,748102,0,782,417000,0,2000
20261002,3042,晶技,219.0,232.5,217.5,230.5,+,12.0,43452288,9833111512.0,-398063,987000,-261384,13369530,988000,1029961,13767593,1000,1291345
20261002,2426,鼎元,103.0,108.0,102.0,104.0,+,1.0,30702529,3211175790.0,389278,0,-61962,10851364,0,73623,10462086,0,135585
20261002,9907,統一實,14.8,15.0,14.8,14.95,+,0.1,951733,14196993.0,335000,-8907,58,728000,0,58,393000,8907,0
20261002,3029,零壹,119.0,119.5,118.0,118.0,-,1.0,982672,116546992.0,297000,-1661,21969,408000,0,23000,111000,1661,1031
20261002,00894,中信小資高價30,50.2,50.7,50.2,50.55,+,0.5,739417,37338627.0,136000,0,173998,178000,0,339998,42000,0,166000
20261002,3060,銘異,28.35,29.35,28.2,28.9,+,0.6,1569267,45330627.0,306540,-3000,5003,577322,0,5003,270782,3000,0
20261002,5434,崇越,571.0,585.0,568.0,583.0,+,16.0,1079002,622619606.0,267781,7000,33478,588381,11000,41456,320600,4000,7978
20261002,3062,建漢,22.4,22.7,22.15,22.65,+,0.4,1228568,27658632.0,231513,0,65990,518513,0,66000,287000,0,10
20261002,1514,亞力,102.0,103.0,101.0,102.5,+,0.5,776242,79335166.0,277673,20000,-1724,419673,20000,2017,142000,0,3741
20261002,1529,樂事綠能,15.65,16.25,15.65,16.05,+,0.4,725209,11593376.0,283291,0,10000,350291,0,10000,67000,0,0
20261002,6405,悅城,41.9,43.05,41.25,42.5,-,2.6,3961514,167099450.0,291886,0,556,1134886,0,6508,843000,0,5952
20261002,5471,松翰,53.0,53.5,52.2,53.5,+,1.1,997610,52800988.0,284722,0,2000,516783,0,2000,232061,0,0
20261002,2891,中信金,67.3,68.0,67.3,67.3,-,0.6,18882806,1275671781.0,-2254112,1149716,1387462,8710383,2273716,1411678,10964495,1124000,24216
20261002,6443,元晶,27.8,29.2,27.7,28.75,+,0.85,7963358,226035316.0,282532,0,-1042,2272532,0,979,1990000,0,2021
20261002,3535,晶彩科,90.8,94.8,90.8,92.9,+,1.6,1264766,117766997.0,254008,0,25294,494008,0,28267,240000,0,2973
20261002,6176,瑞儀,91.1,92.3,90.7,92.3,+,0.9,771588,70714584.0,273768,0,-185,523321,0,8815,249553,0,9000
20261002,3665,貿聯-KY,2620.0,2670.0,2525.0,2540.0,-,15.0,2759339,7131685325.0,286477,4000,-17823,1370940,17000,50234,1084463,13000,68057
20261002,3701,大眾控,53.0,55.4,51.2,55.4,+,5.0,10135816,540021987.0,298465,0,-26793,2332500,0,11084,2034035,0,37877
20261002,6668,中揚光,47.1,47.95,46.5,47.35,+,0.25,1776027,83577588.0,264862,0,0,520862,0,0,256000,0,0
20261002,6005,群益證,31.75,32.1,31.65,32.0,+,0.1,3652489,116670554.0,264159,0,0,1708508,0,0,1444349,0,0
20261002,6209,今國光,83.3,84.7,82.2,83.9,+,1.2,9549478,796764230.0,326210,0,-65058,2466946,0,127167,2140736,0,192225
20261002,00952,凱基台灣AI50,18.55,18.59,18.48,18.52,-,0.03,1211908,22481200.0,16000,0,240853,19000,0,919000,3000,0,678147
20261002,2476,鉅祥,124.5,126.5,122.5,126.0,+,3.0,1148883,143080644.0,224568,0,30601,345630,0,58841,121062,0,28240
20261002,1617,榮星,24.8,25.25,24.0,24.1,-,0.7,2899566,70835024.0,253907,0,0,938079,0,1000,684172,0,1000
20261002,3055,蔚華科,216.0,217.0,212.5,216.0,+,6.0,1076417,231193598.0,231000,0,20000,298000,0,24000,67000,0,4000
20261002,3583,辛耘,711.0,724.0,711.0,721.0,+,14.0,653931,470320877.0,209315,0,37229,286462,0,38388,77147,0,1159
20261002,1560,中砂,1005.0,1030.0,993.0,1015.0,+,15.0,1570824,1583836888.0,86020,148000,4712,788040,148000,41899,702020,0,37187
20261002,2031,新光鋼,46.1,47.15,46.1,46.65,+,0.45,815316,38075370.0,234925,-3897,890,375403,0,1005,140478,3897,115
20261002,4766,南寶,343.5,353.0,342.5,353.0,+,10.5,410254,143463611.0,220395,0,9894,245395,0,9894,25000,0,0
20261002,3051,力特,23.0,23.8,23.0,23.6,+,0.6,626199,14706395.0,224007,0,4466,316007,0,4466,92000,0,0
20261002,2612,中航,61.8,63.0,61.4,62.9,+,1.5,361515,22589028.0,218169,0,3000,274169,0,3000,56000,0,0
20261002,3694,海華,51.2,52.0,51.2,51.7,+,0.5,449918,23227101.0,221028,0,-1000,266028,0,0,45000,0,1000
20261002,3305,昇貿,106.0,108.0,105.0,107.5,+,1.5,794911,84986738.0,198171,0,17152,344221,0,24708,146050,0,7556
20261002,4526,東台,34.15,34.95,34.05,34.3,-,0.1,1944905,66895832.0,216683,0,-10117,581683,0,39118,365000,0,49235
20261002,4564,元翎,16.35,16.35,16.1,16.3,,0.0,565394,9140934.0,201216,0,0,246216,0,0,45000,0,0
20261002,00733,富邦臺灣中小,73.05,74.6,73.05,74.6,+,1.75,710904,52787590.0,301000,0,-100757,329000,0,202722,28000,0,303479
20261002,2605,新興,35.45,35.95,35.25,35.75,+,0.35,7945053,283023769.0,141740,0,57141,4708000,0,75141,4566260,0,18000
20261002,6789,采鈺,488.0,496.5,484.0,490.5,+,1.5,1150752,564676258.0,174029,1000,22686,414910,1000,32251,240881,0,9565
20261002,2495,普安,38.7,38.85,38.15,38.4,-,0.2,1051157,40479283.0,200913,0,-3233,384913,0,0,184000,0,3233
20261002,00893,國泰智能電動車,46.33,46.33,46.15,46.27,-,0.06,237500,10984545.0,0,0,196815,2000,0,198354,2000,0,1539
20261002,2302,麗正,46.5,47.9,45.7,46.5,,0.0,4674132,218766424.0,195567,-1000,1922,1369160,0,4340,1173593,1000,2418
20261002,5521,工信,10.7,10.7,10.6,10.7,+,0.05,1310471,13965892.0,195589,0,0,342589,0,0,147000,0,0
20261002,4956,光鋐,47.25,48.25,46.15,46.4,-,0.85,9885585,464719207.0,195412,0,-119,2270512,0,7516,2075100,0,7635
20261002,3550,聯穎,25.8,26.05,25.3,25.8,+,0.1,1434723,36930542.0,195050,-2000,0,439200,0,0,244150,2000,0
20261002,3338,泰碩,67.5,69.5,67.5,69.0,+,1.1,557886,38349568.0,192819,0,0,247819,0,0,55000,0,0
20261002,3040,遠見,33.4,34.25,33.3,33.95,+,0.55,442602,14834609.0,189000,0,0,230000,0,0,41000,0,0
20261002,6691,洋基工程,740.0,759.0,730.0,741.0,+,8.0,1319885,978433282.0,181272,17000,-10551,685288,19000,16144,504016,2000,26695
20261002,6168,宏齊,47.45,48.0,46.0,46.0,-,1.0,4275358,198808370.0,218000,0,-31000,480000,0,2000,262000,0,33000
20261002,00911,兆豐洲際半導體,58.0,58.2,57.8,58.1,+,0.1,540407,31380566.0,-3985,0,188408,2057,0,405408,6042,0,217000
20261002,2467,志聖,547.0,555.0,544.0,552.0,+,9.0,588320,323883306.0,177000,0,3474,306000,0,14571,129000,0,11097
20261002,4739,康普,88.0,89.7,87.2,88.7,+,1.2,1478763,131313568.0,154818,0,25004,423818,0,27184,269000,0,2180
20261002,2420,新巨,57.8,59.5,57.8,58.2,+,0.2,710978,41740469.0,176725,0,3020,306921,0,3020,130196,0,0
20261002,8105,凌巨,15.45,15.75,15.4,15.6,+,0.15,2228765,34786957.0,198335,0,-22000,713335,0,1000,515000,0,23000
20261002,2033,佳大,51.2,51.2,51.2,51.2,+,4.65,1044136,53459739.0,174000,0,-2,179000,0,1998,5000,0,2000
20261002,3028,增你強,62.5,63.4,62.2,63.4,+,1.3,674660,42578972.0,178419,8600,-15000,300419,8600,1000,122000,0,16000
20261002,4720,德淵,19.05,20.95,19.05,20.95,+,1.9,3563435,74356023.0,167000,0,4764,494000,0,10764,327000,0,6000
20261002,00876,元大全球5G,93.85,93.85,93.0,93.6,+,0.85,216903,20254640.0,85000,0,84729,86000,0,105729,1000,0,21000
20261002,3312,弘憶股,51.5,52.2,51.4,52.1,+,0.6,625035,32427846.0,184651,0,-15000,318651,0,0,134000,0,15000
20261002,2383,台光電,5040.0,5190.0,4975.0,5185.0,+,210.0,2397410,12276307445.0,2087,133705,32920,1123474,155012,101563,1121387,21307,68643
20261002,1582,信錦,71.1,71.9,71.1,71.9,+,0.8,338419,24216888.0,166000,0,1001,204000,0,1001,38000,0,0
20261002,00770,國泰北美科技,66.3,66.35,66.1,66.25,-,0.05,401728,26606423.0,48000,0,116337,51000,0,246085,3000,0,129748
20261002,2365,昆盈,28.2,28.4,28.0,28.4,+,0.2,536724,15151948.0,162000,0,0,272000,0,0,110000,0,0
20261002,2543,皇昌,38.3,38.55,38.1,38.35,+,0.15,559917,21431491.0,133410,0,28001,259410,0,34001,126000,0,6000
20261002,2421,建準,163.5,168.0,161.5,166.0,+,2.0,1705201,281319688.0,84569,39000,37038,720569,40000,60085,636000,1000,23047
20261002,2615,萬海,112.5,113.5,112.0,113.0,+,0.5,4638177,523479928.0,-53611,41411,170539,2491778,45411,227822,2545389,4000,57283
20261002,6235,華孚,39.0,39.75,38.8,39.35,+,0.2,349056,13709288.0,158000,0,-1925,197000,0,1010,39000,0,2935
20261002,00913,兆豐台灣晶圓製造,53.5,54.05,53.2,54.0,+,1.0,2218958,119181068.0,634000,0,-478950,698000,0,486050,64000,0,965000
20261002,00916,國泰全球品牌50,27.0,27.0,26.76,26.82,-,0.22,307993,8259700.0,-4000,0,156902,0,0,164000,4000,0,7098
20261002,00946,群益科技高息成長,15.49,15.49,15.41,15.44,-,0.03,891205,13756899.0,4037,0,147492,24037,0,448500,20000,0,301008
20261002,00902,中信電池及儲能,12.61,12.65,12.57,12.65,+,0.06,291769,3681881.0,96000,0,54407,96000,0,69051,0,0,14644
20261002,3005,神基,117.0,117.5,116.5,117.5,,0.0,702857,82464845.0,28932,10368,110641,189292,12000,122865,160360,1632,12224
20261002,3543,州巧,51.3,52.6,50.9,51.0,-,0.1,2167872,111652519.0,147671,0,0,674671,0,0,527000,0,0
20261002,00921,兆豐龍頭等權重,23.39,23.52,23.38,23.51,+,0.03,180642,4241958.0,2000,0,142979,2000,0,145131,0,0,2152
20261002,3050,鈺德,11.75,11.75,11.55,11.6,-,0.15,456133,5296521.0,144009,0,0,206009,0,0,62000,0,0
20261002,1513,中興電,166.5,167.5,164.5,167.5,+,1.0,1860658,309163853.0,50821,7722,82440,728821,8000,98224,678000,278,15784
20261002,6742,澤米,55.0,58.3,54.8,57.7,+,2.1,1414175,80885871.0,136183,0,529,499183,0,3000,363000,0,2471
20261002,2427,三商電,23.3,23.4,23.1,23.4,+,0.1,373326,8689675.0,135293,0,1000,180293,0,1000,45000,0,0
20261002,4967,十銓,274.5,276.5,272.0,273.0,+,1.0,1321488,362392999.0,151183,0,-15062,402183,0,17105,251000,0,32167
20261002,2243,宏旭-KY,52.7,54.5,52.0,52.8,+,0.6,333277,17739249.0,137937,-1000,-1000,203007,0,0,65070,1000,1000
20261002,2753,八方雲集,184.0,185.0,182.5,185.0,+,1.5,195249,35913780.0,132734,-925,3055,152784,0,3055,20050,925,0
20261002,2405,輔信,15.3,15.4,15.25,15.35,+,0.05,597635,9161744.0,111345,0,23000,249345,0,23000,138000,0,0
20261002,3024,憶聲,14.0,14.0,13.85,14.0,-,0.1,899309,12541590.0,133000,0,0,209000,0,0,76000,0,0
20261002,00895,富邦未來車,52.4,52.5,52.3,52.5,+,0.1,188696,9886626.0,-1000,0,133098,0,0,158098,1000,0,25000
20261002,4949,有成精密,76.1,77.9,75.9,77.7,+,1.8,488501,37720036.0,132067,0,0,206067,0,0,74000,0,0
20261002,4764,雙鍵,185.0,203.5,185.0,203.5,+,18.5,1493882,297758420.0,111753,0,20148,291441,0,34846,179688,0,14698
20261002,8213,志超,33.8,34.3,33.8,34.25,+,0.25,416892,14236458.0,130246,0,2,278246,0,2,148000,0,0
20261002,2357,華碩,965.0,969.0,959.0,962.0,-,3.0,1166554,1122151331.0,56330,-35580,108592,594815,26142,115940,538485,61722,7348
20261002,2009,第一銅,39.3,39.7,39.05,39.3,,0.0,760206,29934109.0,122059,0,6792,301059,0,7348,179000,0,556
20261002,6415,矽力*-KY,418.0,428.0,417.5,425.0,+,12.0,2189982,927030836.0,198056,-79230,9065,1306759,2770,29972,1108703,82000,20907
20261002,6271,同欣電,230.5,239.0,230.0,234.5,+,4.0,4573045,1071064516.0,-26291,0,153564,1318110,0,182993,1344401,0,29429
20261002,3058,立德,8.14,8.19,8.12,8.18,+,0.03,464109,3779071.0,127000,0,0,148000,0,0,21000,0,0
20261002,3010,華立,126.0,129.5,126.0,128.0,+,2.0,956382,122606648.0,110608,-2000,17451,425608,0,17451,315000,2000,0
20261002,2029,盛餘,22.05,22.5,21.9,22.3,+,0.3,421708,9371799.0,122530,0,1000,200706,0,1000,78176,0,0
20261002,3059,華晶科,38.3,38.7,38.15,38.7,+,0.4,827635,31814722.0,128000,0,-5451,305000,0,0,177000,0,5451
20261002,3563,牧德,750.0,764.0,730.0,760.0,+,6.0,1273871,953873382.0,117856,0,4247,418871,0,30800,301015,0,26553
20261002,00901,永豐智能車供應鏈,48.5,48.78,48.5,48.74,+,0.15,254275,12360893.0,-2000,0,123793,0,0,240453,2000,0,116660
20261002,3504,揚明光,80.8,81.2,79.7,80.1,-,0.1,852757,68522997.0,122390,0,-645,352390,0,2399,230000,0,3044
20261002,1218,泰山,14.5,14.5,14.35,14.45,-,0.05,447366,6461005.0,121000,0,0,246000,0,0,125000,0,0
20261002,00861,元大全球未來通訊,90.2,90.45,90.0,90.4,+,0.2,140142,12644224.0,50900,0,69403,52000,0,70403,1100,0,1000
20261002,6869,雲豹能源,69.5,71.2,69.1,70.5,+,1.1,421697,29663771.0,122060,0,-1861,263060,0,4140,141000,0,6001
20261002,2401,凌陽,26.85,27.5,26.35,27.3,+,0.45,5358097,144426090.0,-134891,0,254857,1769109,0,302275,1904000,0,47418
20261002,8016,矽創,286.0,291.0,286.0,291.0,+,2.5,391697,113246512.0,48000,68202,2015,209000,71000,3146,161000,2798,1131
20261002,5244,弘凱,35.8,39.0,35.8,37.85,+,2.1,641544,24065817.0,117780,0,0,195000,0,0,77220,0,0
20261002,9136,巨騰-DR,9.09,9.4,9.09,9.38,+,0.25,307857,2872962.0,117000,0,608,122000,0,608,5000,0,0
20261002,2617,台航,31.1,31.55,30.85,31.55,+,0.45,536475,16793627.0,118000,0,-932,285000,0,504,167000,0,1436
20261002,3047,訊舟,14.5,14.65,14.45,14.65,+,0.15,454801,6616217.0,117000,0,-477,203000,0,523,86000,0,1000
20261002,7768,頌勝科技,303.0,324.5,303.0,313.0,+,12.0,290889,91449013.0,115957,0,0,138220,0,0,22263,0,0
20261002,1618,合機,38.8,39.25,38.65,39.15,+,0.35,343760,13442265.0,115500,0,0,182500,0,0,67000,0,0
20261002,6525,捷敏-KY,137.5,141.5,135.0,139.5,+,3.0,1020905,141432813.0,75539,-2887,42722,297662,0,45735,222123,2887,3013
20261002,00971,野村美國研發龍頭,17.86,17.87,17.81,17.86,-,0.17,554874,9904636.0,0,0,113825,0,0,528000,0,0,414175
20261002,00949,復華日本龍頭,22.15,22.17,22.03,22.15,-,0.04,572417,12673526.0,-4000,0,117088,0,0,524999,4000,0,407911
20261002,3661,世芯-KY,3765.0,3855.0,3765.0,3810.0,+,45.0,1303480,4978867620.0,75675,6000,31410,568037,6000,38380,492362,0,6970
20261002,6189,豐藝,49.85,50.0,49.6,49.9,-,0.3,282762,14081527.0,106510,-3435,7055,134510,0,7057,28000,3435,2
20261002,2428,興勤,261.0,268.0,259.5,263.0,+,2.0,1521035,402072096.0,86956,-1000,23224,399956,0,38222,313000,1000,14998
20261002,1477,聚陽,190.5,192.5,189.5,192.0,+,1.5,666551,127577459.0,-6732,98254,17194,253272,113000,20194,260004,14746,3000
20261002,2102,泰豐,16.75,16.85,16.7,16.75,-,0.1,229380,3846326.0,106752,0,0,183752,0,0,77000,0,0
20261002,2349,錸德,10.45,10.55,10.35,10.5,,0.0,1128636,11802584.0,106051,0,0,396151,0,0,290100,0,0
20261002,2014,中鴻,17.3,17.3,17.05,17.1,,0.0,1520901,26103617.0,118436,0,-13000,576690,0,0,458254,0,13000
20261002,6139,亞翔,762.0,776.0,754.0,775.0,+,16.0,3304534,2533273830.0,52488,37900,14067,1244344,47000,66467,1191856,9100,52400
20261002,7711,永擎,616.0,620.0,602.0,610.0,-,6.0,1491739,908811746.0,137884,0,-34349,487884,0,10179,350000,0,44528
20261002,6515,穎崴,5770.0,6160.0,5770.0,6070.0,+,300.0,685143,4125392075.0,98072,-1811,5548,313710,0,37530,215638,1811,31982
20261002,00915,凱基優選高股息30,33.15,33.15,32.88,32.97,-,0.16,502047,16537911.0,-47000,0,147497,20000,0,212000,67000,0,64503
20261002,00954,中信日本半導體,20.34,20.52,20.29,20.43,+,0.09,1855200,37846475.0,0,0,100410,28000,0,935410,28000,0,835000
20261002,2206,三陽工業,62.5,62.9,62.3,62.8,+,0.2,274134,17155816.0,100000,0,2,240000,0,2,140000,0,0
20261002,2478,大毅,124.0,128.5,123.5,127.0,+,2.5,4100635,519975511.0,136253,-3000,-33444,1089253,0,30302,953000,3000,63746
20261002,4566,時碩工業,74.8,75.8,73.9,75.8,+,0.6,1855390,138929697.0,57515,0,40000,534515,0,41000,477000,0,1000
20261002,2465,麗臺,93.0,94.2,92.7,92.9,-,0.3,1111572,103792824.0,94107,0,2000,329349,0,2000,235242,0,0
20261002,2331,精英,19.1,19.1,18.9,19.05,-,0.1,490150,9332997.0,95826,0,0,236826,0,0,141000,0,0
20261002,4755,三福化,119.0,124.5,117.0,122.0,+,3.0,893733,108237763.0,116175,0,-23000,327175,0,9000,211000,0,32000
20261002,2388,威盛,73.5,73.7,72.1,73.2,-,0.1,1856104,135283236.0,87580,0,2786,711599,0,34409,624019,0,31623
20261002,3533,嘉澤,1825.0,1865.0,1800.0,1855.0,,0.0,2023700,3724968740.0,92324,-3000,830,1101114,35000,77472,1008790,38000,76642
20261002,8404,百和興業-KY,13.2,13.3,13.05,13.15,-,0.15,708954,9317167.0,82000,0,7000,218000,0,7000,136000,0,0
20261002,2207,和泰車,511.0,519.0,511.0,513.0,-,2.0,313733,161386344.0,84346,2000,1379,271663,6000,2000,187317,4000,621
20261002,4952,凌通,49.7,50.8,49.1,50.8,+,1.15,361631,18070020.0,83001,0,4631,170001,0,7631,87000,0,3000
20261002,4934,太極,14.6,14.85,14.5,14.75,+,0.25,393968,5780762.0,87491,0,0,137390,0,1000,49899,0,1000
20261002,5243,乙盛-KY,93.3,94.6,92.5,93.9,+,0.7,1201056,112402384.0,117035,0,-31244,392035,0,17318,275000,0,48562
20261002,6224,聚鼎,81.7,84.5,80.8,80.8,-,0.9,1025239,84629581.0,86500,0,-1000,438500,0,0,352000,0,1000
20261002,2493,揚博,198.0,202.0,195.0,196.5,-,0.5,1418568,281239543.0,76383,-2000,9997,418383,0,12000,342000,2000,2003
20261002,1809,中釉,45.55,48.8,45.55,47.55,+,1.8,11390862,543527796.0,10694,0,72998,2014346,0,88000,2003652,0,15002
20261002,4770,上品,275.0,280.5,274.5,278.0,+,3.0,670115,185881396.0,88000,0,-4402,242000,0,11315,154000,0,15717
20261002,1616,億泰,18.3,18.65,18.3,18.55,+,0.2,183757,3397902.0,81000,0,0,104000,0,0,23000,0,0
20261002,00944,野村趨勢動能高息,22.14,22.25,22.14,22.22,+,0.12,215773,4787462.0,11000,0,68311,14000,0,173516,3000,0,105205
20261002,8104,錸寶,31.7,31.95,31.45,31.75,+,0.05,183050,5812317.0,79128,0,0,110128,0,0,31000,0,0
20261002,8222,寶一,35.55,35.65,35.3,35.4,-,0.15,210920,7487975.0,79000,0,0,104000,0,0,25000,0,0
20261002,6558,興能高,25.35,25.6,25.2,25.5,+,0.15,161383,4107228.0,78854,0,0,112854,0,0,34000,0,0
20261002,8033,雷虎,175.5,176.5,172.5,175.0,-,0.5,1830423,319867543.0,84107,-3000,-2660,469257,0,9005,385150,3000,11665
20261002,6937,天虹,303.0,308.5,301.5,303.5,+,2.0,368933,112406646.0,73099,0,4043,170099,0,8528,97000,0,4485
20261002,2468,華經,44.55,46.1,44.5,45.35,+,0.8,1437269,65420354.0,77000,0,0,92000,0,0,15000,0,0
20261002,3515,華擎,216.5,217.0,214.0,216.5,+,1.5,182685,39503880.0,76409,0,104,111409,0,1000,35000,0,896
20261002,6695,芯鼎,56.3,56.5,54.4,54.4,-,1.0,575601,31685306.0,76806,0,-764,188806,0,0,112000,0,764
20261002,6412,群電,74.5,75.1,74.1,75.0,+,0.4,425531,31790234.0,78130,0,-2110,225130,0,4682,147000,0,6792
20261002,2440,太空梭,14.3,14.55,14.25,14.55,+,0.15,185206,2669716.0,76000,0,0,98000,0,0,22000,0,0
20261002,5222,全訊,106.5,108.0,105.5,107.5,+,1.0,200014,21413703.0,77410,-1000,-560,100410,0,1440,23000,1000,2000
20261002,8201,無敵,17.55,17.8,17.0,17.1,-,0.55,1540654,26717859.0,74060,0,0,126060,0,0,52000,0,0
20261002,1712,興農,39.6,39.85,39.6,39.8,+,0.15,300337,11928280.0,73000,0,521,184000,0,1000,111000,0,479
20261002,8249,菱光,39.45,41.15,39.3,41.0,+,1.6,464058,18778546.0,77000,0,-4000,165000,0,0,88000,0,4000
20261002,8081,致新,255.0,257.0,253.0,257.0,+,2.0,476238,121552636.0,70945,6000,-6001,155945,37000,0,85000,31000,6001
20261002,2108,南帝,28.3,28.65,28.25,28.25,-,0.1,433044,12322917.0,73353,0,-3165,224000,0,1001,150647,0,4166
20261002,00701,國泰股利精選30,41.37,41.37,41.13,41.32,-,0.09,216184,8907717.0,24000,0,46056,25000,0,125000,1000,0,78944
20261002,6799,來頡,92.7,93.0,91.3,91.7,-,0.5,286307,26376181.0,69977,0,0,133097,0,1000,63120,0,1000
20261002,2460,建通,30.0,30.9,30.0,30.8,+,0.2,249961,7624622.0,68000,0,0,100000,0,0,32000,0,0
20261002,4562,穎漢,31.15,31.15,30.0,30.3,-,0.65,324062,9804948.0,68000,0,0,124000,0,0,56000,0,0
20261002,3557,嘉威,23.1,25.4,23.1,24.5,+,1.4,215651,5251293.0,68000,0,0,91000,0,0,23000,0,0
20261002,6215,和椿,96.9,98.1,96.5,97.8,+,0.7,293357,28547402.0,65100,0,2000,114100,0,2000,49000,0,0
20261002,00903,富邦元宇宙,22.28,22.34,22.24,22.34,+,0.05,77028,1717817.0,0,0,67065,0,0,67076,0,0,11
20261002,1503,士電,197.0,198.5,195.5,197.0,-,0.5,689817,136020595.0,49189,4798,12676,317189,15000,20098,268000,10202,7422
20261002,6854,錼創科技-KY創,93.7,97.1,93.7,94.9,+,1.2,189703,18041502.0,65340,0,1304,110340,0,11527,45000,0,10223
20261002,3708,上緯投控,98.7,100.5,98.5,99.3,+,0.4,284449,28315687.0,64000,-1000,1631,142000,0,2631,78000,1000,1000
20261002,4976,佳凌,36.2,36.35,35.9,36.3,+,0.25,461081,16645339.0,64010,0,0,158010,0,0,94000,0,0
20261002,3041,揚智,24.65,24.85,24.2,24.8,+,0.15,613401,15047713.0,62720,0,1000,209720,0,1000,147000,0,0
20261002,00910,第一金太空衛星,57.25,57.3,56.9,57.3,-,0.4,678866,38699175.0,31000,0,32630,49000,0,145000,18000,0,112370
20261002,2105,正新,30.6,30.6,30.35,30.45,-,0.1,3763944,114648774.0,-471000,115913,418085,1375000,188000,422668,1846000,72087,4583
20261002,3704,合勤控,40.25,40.65,40.05,40.55,+,0.5,829142,33481172.0,67494,0,-7478,392494,0,630,325000,0,8108
20261002,1735,日勝化,20.15,22.15,20.15,22.15,+,2.0,356656,7814851.0,59000,0,0,68000,0,0,9000,0,0
20261002,1467,南緯,7.89,8.73,7.89,8.62,+,0.68,1799273,15585974.0,62000,0,-5996,258000,0,12004,196000,0,18000
20261002,9914,美利達,68.4,68.6,67.8,68.3,,0.0,633839,43295028.0,56000,0,-553,368000,0,5000,312000,0,5553
20261002,6243,迅杰,40.55,41.15,40.35,41.1,+,0.55,385194,15691552.0,55101,0,0,109101,0,0,54000,0,0
20261002,2534,宏盛,16.75,16.85,16.6,16.7,-,0.15,277669,4640507.0,55100,0,0,140100,0,0,85000,0,0
20261002,00645,富邦日本,58.35,58.35,57.95,58.2,-,0.5,143893,8359338.0,0,68000,-16667,0,68000,40000,0,0,56667
20261002,4999,鑫禾,17.85,18.0,17.5,17.85,+,0.2,249825,4430578.0,50000,0,556,60000,0,556,10000,0,0
20261002,6585,鼎基,103.0,105.0,103.0,104.5,+,2.0,108786,11278044.0,49903,0,206,63070,0,206,13167,0,0
20261002,6794,向榮生技,74.2,80.5,74.2,78.9,+,5.7,349167,27370780.0,50000,0,0,84000,0,0,34000,0,0
20261002,3257,虹冠電,50.0,50.5,49.75,50.3,+,0.6,136291,6835243.0,50000,0,0,68000,0,0,18000,0,0
20261002,1598,岱宇,20.45,20.55,20.4,20.5,-,0.05,130996,2680309.0,49901,0,24,62000,0,24,12099,0,0
20261002,00690,兆豐藍籌30,82.75,83.1,82.5,82.95,+,0.1,181707,15060785.0,-730,0,50022,270,0,88358,1000,0,38336
20261002,2458,義隆,138.0,139.5,136.5,138.0,-,0.5,1469046,202691087.0,-59107,143805,-35546,470163,153000,11000,529270,9195,46546
20261002,2374,佳能,66.6,67.2,66.3,67.1,+,0.4,1054100,70559702.0,51023,0,-2343,317023,0,2000,266000,0,4343
20261002,6573,虹揚-KY,16.2,16.5,15.75,16.3,,0.0,297400,4773833.0,46000,0,2000,55000,0,2000,9000,0,0
20261002,5258,虹堡,41.95,42.15,41.85,42.0,-,0.25,130668,5484691.0,47064,0,0,63064,0,0,16000,0,0
20261002,6719,力智,189.0,191.0,186.5,189.5,+,1.5,443925,83795585.0,46000,0,794,126000,0,7313,80000,0,6519
20261002,7689,大鵬科CLMX,160.5,164.0,159.0,161.0,,0.0,180472,28980073.0,45671,0,1000,89671,0,1000,44000,0,0
20261002,1476,儒鴻,276.5,279.0,275.0,278.0,+,3.5,865971,240405475.0,650,38126,7760,386650,43126,19000,386000,5000,11240
20261002,3413,京鼎,293.5,294.0,288.5,292.0,-,1.0,521879,151993558.0,36127,0,10000,174127,0,10000,138000,0,0
20261002,3023,信邦,307.5,315.0,307.5,312.0,+,3.0,794904,247312051.0,-18488,30000,33839,460512,40000,39676,479000,10000,5837
20261002,2351,順德,213.0,216.0,210.5,211.5,-,1.0,3165920,673760846.0,46500,0,-1369,965000,0,81459,918500,0,82828
20261002,3652,精聯,34.7,35.2,34.65,34.9,+,0.4,119703,4173404.0,40000,0,5000,55000,0,5000,15000,0,0
20261002,8454,富邦媒,238.0,242.0,237.0,239.0,,0.0,203142,48627919.0,46777,276,-2250,131921,276,1061,85144,0,3311
20261002,2250,IKKA-KY,55.7,56.5,55.7,55.8,+,0.1,96347,5399546.0,44000,0,60,50000,0,60,6000,0,0
20261002,00960,野村全球航運龍頭,22.31,22.62,22.31,22.61,+,0.3,680820,15364182.0,368024,0,-324899,373024,0,19000,5000,0,343899
20261002,4807,日成-KY,29.8,30.4,29.5,30.2,+,0.4,93612,2804818.0,42000,0,1000,49000,0,1000,7000,0,0
20261002,8011,台通,16.0,16.1,16.0,16.1,+,0.05,149109,2394228.0,43000,0,0,64000,0,0,21000,0,0
20261002,1563,巧新,76.1,78.0,76.0,76.3,+,0.2,413872,31778856.0,42532,0,158,168772,0,158,126240,0,0
20261002,3022,威強電,92.8,92.8,91.5,91.5,-,1.1,803611,73714559.0,43000,0,-608,283000,0,2000,240000,0,2608
20261002,3346,麗清,24.0,24.1,23.8,24.0,,0.0,301344,7211683.0,44000,0,-2039,81000,0,961,37000,0,3000
20261002,2397,友通,62.8,64.1,62.8,63.6,+,0.5,200092,12740155.0,40930,0,1000,83000,0,1000,42070,0,0
20261002,9939,宏全,124.0,125.0,122.5,124.5,,0.0,728621,90160878.0,42000,-1448,1086,269000,0,7000,227000,1448,5914
20261002,00692,富邦公司治理,97.15,97.2,96.75,97.2,-,0.2,296851,28802781.0,6015,0,35607,13015,0,158000,7000,0,122393
20261002,00737,國泰AI機器人,41.57,41.66,41.5,41.62,+,0.05,102304,4254226.0,-32000,0,73181,0,0,77375,32000,0,4194
20261002,1713,國化,42.35,42.85,42.35,42.7,+,0.25,89627,3818729.0,41110,0,0,62110,0,0,21000,0,0
20261002,7818,溢泰實業,60.0,60.1,59.5,60.0,-,0.1,93762,5599722.0,41000,0,0,44000,0,0,3000,0,0
20261002,2731,雄獅,143.5,144.5,143.5,143.5,-,0.5,130905,18838466.0,40000,0,0,87000,0,0,47000,0,0
20261002,2059,川湖,12000.0,12295.0,11700.0,12145.0,+,310.0,500503,6050557705.0,55,24500,14219,241485,72000,29023,241430,47500,14804
20261002,6743,安普新,33.7,36.45,33.5,35.45,+,1.95,1562415,55104790.0,37675,0,1000,466139,0,1000,428464,0,0
20261002,9921,巨大,91.4,92.6,90.7,91.4,-,0.4,1196095,109453754.0,30000,0,8469,764000,0,30000,734000,0,21531
20261002,3043,科風,20.25,20.75,20.1,20.75,+,0.5,98463,2017286.0,39000,0,-1000,44000,0,0,5000,0,1000
20261002,2611,志信,14.45,14.45,14.25,14.3,-,0.05,369598,5292918.0,38000,0,0,110000,0,0,72000,0,0
20261002,1442,名軒,26.5,27.05,26.4,26.7,+,0.2,339864,9111146.0,42000,0,-4000,183000,0,1000,141000,0,5000
20261002,6689,伊雲谷,64.2,65.2,64.1,64.8,+,0.6,150925,9778002.0,37766,0,28,71766,0,28,34000,0,0
20261002,8072,陞泰,27.7,27.8,27.6,27.7,-,0.1,129960,3596366.0,36000,0,0,44000,0,0,8000,0,0
20261002,8473,山林水,39.1,39.2,38.8,38.95,-,0.1,419346,16345604.0,35000,0,0,109000,0,0,74000,0,0
20261002,1702,南僑,33.3,33.3,33.0,33.15,-,0.3,105323,3485143.0,35000,0,0,72000,0,0,37000,0,0
20261002,00762,元大全球AI,123.0,123.5,122.6,123.4,+,0.4,193649,23850176.0,70000,0,-35367,77000,0,88633,7000,0,124000
20261002,6830,汎銓,540.0,559.0,540.0,547.0,+,16.0,1744163,959014955.0,26174,0,7879,405174,0,24621,379000,0,16742
20261002,3138,耀登,99.9,101.0,99.1,99.5,+,0.5,324283,32422466.0,35429,0,-1492,130429,0,0,95000,0,1492
20261002,3135,凌航,159.0,161.5,158.0,159.0,+,2.0,658241,105090439.0,33249,0,109,154510,0,109,121261,0,0
20261002,0051,元大中型100,150.0,150.5,149.95,150.3,+,1.45,69587,10448069.0,1000,0,32000,2000,0,32000,1000,0,0
20261002,5706,鳳凰,43.8,44.45,43.8,44.15,-,0.05,85061,3757865.0,39000,0,-7009,53000,0,991,14000,0,8000
20261002,6715,嘉基,442.5,468.0,436.0,449.0,-,4.0,1913083,863701595.0,31263,0,-287,594442,0,33150,563179,0,33437
20261002,1536,和大,46.65,46.7,46.45,46.65,,0.0,424060,19753080.0,30400,0,-130,145400,0,0,115000,0,130
20261002,8162,微矽電子-創,68.2,68.3,67.0,67.4,-,0.6,328373,22245090.0,29950,0,-68,73000,0,14417,43050,0,14485
20261002,7786,東方風能,118.5,119.0,117.5,117.5,-,1.0,95267,11250482.0,29000,0,0,56000,0,0,27000,0,0
20261002,2425,承啟,38.0,38.1,37.55,38.0,+,0.25,424753,16055495.0,30000,-1000,0,115000,0,0,85000,1000,0
20261002,7822,倍利科,1000.0,1015.0,990.0,1000.0,,0.0,215376,216095358.0,23479,0,5081,94561,0,7697,71082,0,2616
20261002,6768,志強-KY,63.2,63.9,62.9,63.7,+,0.4,149591,9511812.0,30000,-1982,482,72000,0,547,42000,1982,65
20261002,7740,熙特爾-創,103.0,103.0,101.0,102.0,-,0.5,129528,13200782.0,26208,0,48,52208,0,1202,26000,0,1154
20261002,2613,中櫃,22.1,22.15,21.95,22.15,-,0.05,173784,3829845.0,26150,0,0,56150,0,0,30000,0,0
20261002,3032,偉訓,79.2,79.8,78.7,79.4,+,0.1,208628,16542771.0,25432,0,0,79432,0,0,54000,0,0
20261002,4545,銘鈺,39.5,39.85,39.0,39.5,+,0.1,178194,7033600.0,25000,0,0,76000,0,0,51000,0,0
20261002,6165,浪凡,49.7,50.0,49.4,49.4,-,0.2,158914,7901018.0,28000,0,-3000,53000,0,0,25000,0,3000
20261002,1340,勝悅-KY,5.17,5.21,5.16,5.21,-,0.02,92536,479252.0,25000,0,0,37000,0,0,12000,0,0
20261002,1733,五鼎,29.5,30.25,29.5,30.25,+,0.4,123350,3700862.0,24494,0,0,38494,0,0,14000,0,0
20261002,3003,健和興,59.4,60.3,59.3,60.0,+,0.2,254831,15221573.0,20279,0,3584,79360,0,3585,59081,0,1
20261002,7795,長廣,532.0,566.0,524.0,548.0,+,12.0,1641333,887866691.0,26114,17000,-19387,503114,17000,14947,477000,0,34334
20261002,2453,凌群,53.4,53.6,53.3,53.5,+,0.2,87830,4699492.0,23000,0,0,32000,0,0,9000,0,0
20261002,7780,大研生醫*,16.15,16.2,16.05,16.05,-,0.1,1055671,17008755.0,349000,-322000,-4328,506000,0,0,157000,322000,4328
20261002,6477,安集,35.2,35.2,34.3,34.6,-,0.2,614379,21232481.0,23480,0,-1000,139000,0,1000,115520,0,2000
20261002,3002,歐格,19.5,20.45,19.35,19.7,+,0.25,466159,9305258.0,22000,0,0,116000,0,0,94000,0,0
20261002,1558,伸興,111.5,112.5,111.0,111.5,-,1.0,98698,11047910.0,20894,0,314,45894,0,314,25000,0,0
20261002,2462,良得電,19.55,19.9,19.55,19.8,-,0.1,171942,3383654.0,21000,0,0,43000,0,0,22000,0,0
20261002,4590,富田-創,88.2,89.3,88.1,88.6,+,0.4,101101,8970250.0,19000,0,367,38000,0,1000,19000,0,633
20261002,1219,福壽,11.4,11.45,11.35,11.4,-,0.05,177413,2020466.0,19060,0,0,59060,0,0,40000,0,0
20261002,1342,八貫,99.8,100.5,99.8,100.0,,0.0,85164,8518260.0,19419,0,-915,34000,0,85,14581,0,1000
20261002,6957,裕慶-KY,375.0,389.0,366.0,377.0,-,7.0,598230,225622253.0,17450,0,1000,203450,0,1000,186000,0,0
20261002,00730,富邦臺灣優質高息,29.9,29.92,29.66,29.74,-,0.16,80051,2384881.0,4100,0,14346,25100,0,15000,21000,0,654
20261002,2482,連宇,16.3,16.35,16.2,16.2,-,0.1,62577,1018068.0,18000,0,0,30000,0,0,12000,0,0
20261002,6947,台鎔科技,67.9,68.9,67.9,68.3,-,0.2,168311,11521262.0,17950,0,-117,36000,0,0,18050,0,117
20261002,8478,東哥遊艇,141.5,141.5,140.5,141.0,-,0.5,57550,8107594.0,17290,0,0,24290,0,0,7000,0,0
20261002,5225,東科-KY,55.5,55.9,55.3,55.5,,0.0,78050,4338117.0,17000,0,0,37000,0,0,20000,0,0
20261002,1808,潤隆,31.55,31.9,31.55,31.6,-,0.1,368724,11682047.0,24000,0,-7000,114000,0,0,90000,0,7000
20261002,6914,阜爾運通,118.5,118.5,118.0,118.5,+,0.5,64481,7621336.0,16584,0,0,23100,0,0,6516,0,0
20261002,3622,洋華,45.9,46.55,45.8,46.0,+,0.1,183447,8474798.0,14940,0,1422,84001,0,1532,69061,0,110
20261002,2607,榮運,53.8,53.9,53.4,53.5,-,0.3,167740,9004105.0,16730,0,-472,86730,0,528,70000,0,1000
20261002,00850,元大臺灣ESG永續,96.6,96.9,96.4,96.7,+,0.2,256661,24823671.0,-7880,0,23913,6120,0,135011,14000,0,111098
20261002,6431,光麗-KY,17.1,17.15,17.05,17.05,-,0.55,73842,1263077.0,16000,0,0,20000,0,0,4000,0,0
20261002,1325,恆大,25.7,26.05,25.65,25.95,+,0.25,114436,2957443.0,15997,0,0,46000,0,0,30003,0,0
20261002,2480,敦陽科,160.0,162.0,159.0,161.5,+,1.5,157577,25310950.0,15056,-1161,2005,79123,0,2006,64067,1161,1
20261002,7827,漢康-KY創,166.0,167.0,159.0,167.0,+,2.0,418961,68424443.0,17658,0,-2040,245000,0,18060,227342,0,20100
20261002,6658,聯策,181.0,185.0,181.0,182.0,+,1.0,168445,30747469.0,14045,0,1022,43147,0,1022,29102,0,0
20261002,4104,佳醫,72.6,72.9,72.4,72.9,+,0.2,89504,6496173.0,15000,0,0,34000,0,0,19000,0,0
20261002,4737,華廣,56.3,56.3,55.0,56.3,+,0.9,50184,2790164.0,15000,0,0,23000,0,0,8000,0,0
20261002,2007,燁興,7.0,7.0,6.91,7.0,,0.0,141935,989841.0,15000,0,0,47000,0,0,32000,0,0
20261002,6526,達發,838.0,838.0,821.0,835.0,+,6.0,437729,362296830.0,7599,22000,-14613,69328,36000,6200,61729,14000,20813
20261002,6944,兆聯實業,805.0,810.0,785.0,799.0,-,1.0,450959,359303517.0,36178,0,-21228,185061,0,10728,148883,0,31956
20261002,8114,振樺電,179.0,179.0,177.0,178.5,+,0.5,135896,24204374.0,19000,-2000,-2239,51000,0,0,32000,2000,2239
20261002,2545,皇翔,33.9,34.15,33.8,33.95,-,0.25,119689,4061854.0,14000,0,266,64000,0,266,50000,0,0
20261002,2850,新產,157.0,159.0,157.0,158.5,+,1.5,136444,21529255.0,19144,0,-5139,71144,0,1000,52000,0,6139
20261002,6112,邁達特,47.6,48.0,47.6,47.65,-,0.05,558817,26678806.0,16000,0,-2340,173000,0,700,157000,0,3040
20261002,1522,堤維西,26.2,26.35,26.15,26.2,-,0.25,268213,7037863.0,12980,0,0,96000,0,0,83020,0,0
20261002,6534,正瀚-創,90.1,93.9,89.7,92.8,+,2.0,117997,10880172.0,14963,0,-2388,39000,0,14720,24037,0,17108
20261002,1734,杏輝,31.8,32.2,31.8,32.1,,0.0,158011,5073752.0,12551,0,0,53751,0,0,41200,0,0
20261002,8442,威宏-KY,45.8,46.6,45.2,45.9,+,0.3,77554,3572275.0,17000,0,-5000,33000,0,0,16000,0,5000
20261002,7730,暉盛-創,188.0,193.0,185.5,187.0,-,7.5,154153,29077303.0,13000,0,-1473,37000,0,9000,24000,0,10473
20261002,8045,達運光電,55.0,57.2,54.9,56.3,+,1.6,225827,12700858.0,13000,0,-1560,64000,0,440,51000,0,2000
20261002,2851,中再保,46.1,46.1,45.45,45.95,-,0.15,903709,41356454.0,42940,0,-31848,478000,0,4150,435060,0,35998
20261002,2497,怡利電,43.95,44.15,43.7,44.05,+,0.05,181458,7966978.0,11000,0,46,72000,0,1028,61000,0,982
20261002,00920,富邦ESG綠色電力,25.0,25.0,24.9,24.99,,0.0,21834,543736.0,-1196,0,12236,0,0,13128,1196,0,892
20261002,3447,展達,27.65,27.95,27.5,27.75,+,0.1,46660,1293053.0,10000,0,0,14000,0,0,4000,0,0
20261002,3027,盛達,18.6,18.85,18.5,18.6,-,0.1,74236,1384925.0,10000,0,0,27000,0,0,17000,0,0
20261002,2415,錩新,27.25,27.55,27.15,27.4,+,0.15,130591,3575770.0,11000,-2000,1000,51000,0,1000,40000,2000,0
20261002,6916,華凌,18.5,18.8,18.4,18.8,+,0.3,26587,494071.0,9000,0,143,14000,0,143,5000,0,0
20261002,3712,永崴投控,20.55,20.65,20.5,20.6,-,0.05,338517,6976473.0,9000,0,0,96000,0,0,87000,0,0
20261002,3530,晶相光,59.1,59.5,58.4,59.5,+,0.5,108001,6348657.0,10000,0,-1000,28000,0,0,18000,0,1000
20261002,3432,台端,14.9,15.05,14.8,14.9,+,0.15,83030,1242390.0,9000,0,0,19000,0,0,10000,0,0
20261002,3057,喬鼎,16.0,16.0,15.7,15.7,-,0.2,100983,1598993.0,9000,0,0,20000,0,0,11000,0,0
20261002,2451,創見,291.5,291.5,287.5,290.0,+,0.5,1091828,315223140.0,-111297,117300,2951,335020,118300,6132,446317,1000,3181
20261002,3321,同泰,18.1,18.6,18.1,18.35,+,0.05,158398,2910416.0,9000,0,-1000,38000,0,0,29000,0,1000
20261002,3593,力銘,11.5,11.5,10.65,10.65,-,0.85,54068,591195.0,8000,0,0,8000,0,0,0,0,0
20261002,2636,台驊控股,70.7,71.0,70.2,70.8,+,0.1,145564,10283215.0,7170,0,691,70170,0,744,63000,0,53
20261002,4588,玖鼎電力,55.2,56.0,55.0,55.5,-,0.3,50197,2776614.0,7000,0,60,12000,0,60,5000,0,0
20261002,4569,六方科-KY,155.5,159.0,154.5,156.0,+,1.0,97693,15265315.0,7000,0,0,23000,0,0,16000,0,0
20261002,6464,台數科,75.3,76.4,75.3,76.3,-,0.7,45000,3424900.0,7000,0,0,16000,0,0,9000,0,0
20261002,6201,亞弘電,44.25,44.5,44.15,44.4,-,0.15,43680,1933950.0,7000,0,0,14000,0,0,7000,0,0
20261002,2432,倚天酷碁-創,27.6,27.6,27.45,27.55,-,0.05,26015,716011.0,-3000,0,10000,0,0,18000,3000,0,8000
20261002,9917,中保科,106.0,106.0,105.5,106.0,-,0.5,305124,32278656.0,-3380,10000,0,90000,10000,2000,93380,0,2000
20261002,3528,安馳,87.8,88.8,86.8,88.8,+,1.9,316045,27783235.0,3187,0,3000,93187,0,3000,90000,0,0
20261002,4133,亞諾法,20.65,20.65,20.4,20.45,-,0.2,53404,1093106.0,6000,0,0,10000,0,0,4000,0,0
20261002,6115,鎰勝,44.0,44.1,44.0,44.0,-,0.05,77439,3411204.0,6000,0,0,25000,0,0,19000,0,0
20261002,4536,拓凱,162.0,162.0,160.5,160.5,-,1.5,139240,22399201.0,5000,0,900,50000,0,2000,45000,0,1100
20261002,2247,汎德永業,225.5,227.0,225.0,227.0,+,1.5,32971,7454595.0,4440,0,1000,13440,0,1000,9000,0,0
20261002,6906,現觀科,84.8,84.8,83.2,83.7,-,0.3,27775,2326710.0,5000,0,6,7000,0,6,2000,0,0
20261002,6796,晉弘,54.0,58.4,53.2,57.7,+,4.6,80595,4539953.0,5000,0,0,19000,0,0,14000,0,0
20261002,6625,必應,73.6,74.0,73.5,73.8,-,0.2,40751,3007798.0,5000,0,0,10000,0,0,5000,0,0
20261002,6552,易華電,25.05,25.05,24.6,24.65,-,0.45,69295,1720690.0,5000,0,0,11000,0,0,6000,0,0
20261002,1432,大魯閣,15.05,15.05,14.9,14.95,-,0.1,87677,1312828.0,5000,0,0,15000,0,0,10000,0,0
20261002,1220,台榮,10.9,10.9,10.75,10.8,-,0.05,51236,554902.0,5264,0,-288,14000,0,1000,8736,0,1288
20261002,2010,春源,22.55,22.7,22.45,22.55,+,0.05,533716,12057862.0,-5250,0,9709,237000,0,9709,242250,0,0
20261002,00783,富邦中証500,26.61,26.79,26.61,26.79,-,0.28,9440,251345.0,0,0,4370,0,0,6452,0,0,2082
20261002,7722,LINEPAY,262.0,262.0,260.0,260.0,,0.0,30038,7847599.0,5292,-1000,0,10342,0,0,5050,1000,0
20261002,1337,再生-KY,4.46,4.48,4.4,4.43,-,0.04,169880,751862.0,4000,0,0,28000,0,0,24000,0,0
20261002,7812,稜研科技*-創,66.3,67.5,65.5,65.9,+,1.4,171803,11396392.0,-11000,0,14959,43000,0,15000,54000,0,41
20261002,6862,三集瑞-KY,142.0,145.0,142.0,142.0,,0.0,205387,29406878.0,4000,0,-253,46000,0,27,42000,0,280
20261002,4119,旭富,55.0,55.6,55.0,55.6,-,0.1,71383,3942302.0,1052,0,2229,24052,0,2279,23000,0,50
20261002,4137,麗豐-KY,76.1,76.5,75.7,75.8,-,0.5,126153,9593613.0,2154,0,1000,43000,0,1000,40846,0,0
20261002,4571,鈞興-KY,154.0,155.0,153.0,154.0,,0.0,63548,9775649.0,8005,0,-5000,22005,0,0,14000,0,5000
20261002,4190,佐登-KY,24.8,24.8,24.15,24.3,-,0.7,42789,1046909.0,3000,0,0,7000,0,0,4000,0,0
20261002,4438,廣越,56.8,57.6,56.3,56.5,-,0.7,60422,3426575.0,3000,0,0,25000,0,0,22000,0,0
20261002,3679,新至陞,108.5,108.5,108.0,108.0,-,0.5,32371,3502434.0,3000,0,0,7000,0,0,4000,0,0
20261002,8429,金麗-KY,5.88,5.92,5.88,5.9,-,0.01,126137,744819.0,3000,0,0,18000,0,0,15000,0,0
20261002,2314,台揚,11.2,11.2,10.95,11.0,-,0.5,168275,1855305.0,3000,0,0,3000,0,0,0,0,0
20261002,00771,元大US高息特別股,14.96,15.01,14.96,15.01,+,0.06,14652,219582.0,0,0,3000,0,0,3000,0,0,0
20261002,7631,聚賢研發-創,147.0,147.0,144.0,144.0,-,1.5,70867,10296816.0,3000,0,-29,9000,0,80,6000,0,109
20261002,8499,鼎炫-KY,254.0,254.5,252.0,254.5,-,1.5,22201,5620934.0,3000,0,-100,8000,0,0,5000,0,100
20261002,2417,圓剛,38.95,39.15,38.65,39.0,+,0.05,315091,12260907.0,2022,0,0,99022,0,0,97000,0,0
20261002,2237,華德動能-創,26.75,27.05,26.75,26.8,+,0.05,27577,742252.0,2000,0,0,4000,0,0,2000,0,0
20261002,1760,寶齡富錦,54.1,54.6,54.0,54.6,,0.0,58808,3192174.0,2000,0,0,23000,0,0,21000,0,0
20261002,1732,毛寶,26.0,26.1,25.95,26.1,+,0.1,58313,1517111.0,2000,0,0,11000,0,0,9000,0,0
20261002,7721,微程式,62.4,63.4,61.9,63.3,+,1.4,36053,2254465.0,2000,0,0,11000,0,0,9000,0,0
20261002,7732,金興精密,33.2,33.3,32.35,32.7,-,0.5,23086,758068.0,2000,0,0,8000,0,0,6000,0,0
20261002,7835,永悅健康-創,19.6,20.0,19.6,19.95,+,0.2,21000,416150.0,3000,0,-1000,5000,0,5000,2000,0,6000
20261002,6835,圓裕,31.85,31.85,30.85,31.1,-,0.05,15294,479090.0,2000,0,0,5000,0,0,3000,0,0
20261002,4736,泰博,130.0,130.0,128.5,129.5,-,0.5,104711,13546411.0,1965,0,0,51000,0,1000,49035,0,1000
20261002,1449,佳和,12.3,12.5,12.3,12.35,+,0.05,170145,2111489.0,2724,0,-773,45823,0,0,43099,0,773
20261002,2496,卓越,55.0,55.4,54.3,55.1,,0.0,19285,1059016.0,1900,0,0,4000,0,0,2100,0,0
20261002,6197,佳必琪,336.0,340.0,330.5,339.5,+,9.5,2564504,860457328.0,-58805,40000,20643,449730,40000,51910,508535,0,31267
20261002,5388,中磊,71.0,71.9,71.0,71.8,+,0.5,1151325,82326902.0,11642,0,-10247,386000,0,8000,374358,0,18247
20261002,6955,邦睿生技-創,94.0,94.0,93.1,93.5,-,1.7,10807,1013389.0,-3225,0,4475,0,0,6000,3225,0,1525
20261002,2228,劍麟,75.7,76.3,74.6,74.9,-,0.8,79932,6046972.0,1030,0,219,27030,0,219,26000,0,0
20261002,6776,展碁國際,52.8,52.9,52.4,52.7,-,0.1,75109,3958898.0,-5000,0,6026,20000,0,6026,25000,0,0
20261002,2387,精元,36.55,36.6,36.1,36.5,-,0.05,371925,13504251.0,1000,0,20,102000,0,20,101000,0,0
20261002,2248,華勝-KY,60.6,61.0,60.6,61.0,-,0.4,20056,1220016.0,-5000,0,6000,4000,0,6000,9000,0,0
20261002,1603,華電,30.65,30.75,30.45,30.6,-,0.05,129430,3959592.0,1000,0,0,47000,0,0,46000,0,0
20261002,1418,東華,18.5,18.6,18.4,18.4,-,0.1,43271,799313.0,1000,0,0,3000,0,0,2000,0,0
20261002,6674,鋐寶科技,18.3,18.35,18.25,18.35,,0.0,85674,1568249.0,1000,0,0,7000,0,0,6000,0,0
20261002,6771,平和環保-創,42.9,42.9,42.05,42.7,-,0.3,47000,1992950.0,1000,0,0,5000,0,8000,4000,0,8000
20261002,6807,峰源-KY,31.8,32.05,31.55,32.05,-,0.25,12000,380550.0,1000,0,0,2000,0,0,1000,0,0
20261002,8940,新天地,15.15,15.15,14.8,14.85,-,0.2,11406,170202.0,1000,0,0,2000,0,0,1000,0,0
20261002,8488,吉源-KY,9.77,9.92,9.7,9.74,-,0.1,31000,302790.0,0,0,1000,8000,0,2000,8000,0,1000
20261002,9919,康那香,13.75,13.95,13.7,13.9,+,0.1,140080,1942194.0,1000,0,0,27000,0,0,26000,0,0
20261002,3168,眾福科,43.2,43.3,43.05,43.1,+,0.05,16150,696704.0,1000,0,0,4000,0,0,3000,0,0
20261002,6924,榮惠-KY創,135.0,136.5,133.5,133.5,-,0.5,12000,1615425.0,680,0,94,2680,0,94,2000,0,0
20261002,00661,元大日經225,88.5,88.75,88.5,88.7,-,0.65,20547,1821660.0,0,0,481,1000,0,7000,1000,0,6519
20261002,4583,台灣精銳,419.0,423.5,415.0,422.5,+,3.0,53531,22448233.0,0,0,127,22000,0,127,22000,0,0
20261002,7765,中華資安,235.5,235.5,232.5,232.5,-,4.0,86853,20265514.0,38,0,0,11038,0,0,11000,0,0
20261002,7823,奧義賽博-KY創,80.1,80.1,79.3,79.5,-,0.4,25450,2030045.0,-1000,0,1000,3000,0,1000,4000,0,0
20261002,6951,青新-創,69.2,69.3,69.2,69.3,-,0.1,9637,667856.0,0,0,0,1000,0,0,1000,0,0
20261002,9906,欣巴巴,39.5,39.85,39.5,39.55,-,0.7,49406,1954994.0,0,0,0,8000,0,0,8000,0,0
20261002,6230,尼得科超眾,110.0,112.0,110.0,111.5,+,0.5,18463,2052676.0,0,0,0,7000,0,0,7000,0,0
20261002,4439,冠星-KY,97.7,98.0,95.8,95.8,-,1.9,10079,981871.0,0,0,0,4000,0,0,4000,0,0
20261002,3164,景岳,16.5,16.65,16.5,16.5,,0.0,44753,741272.0,0,0,0,6000,0,0,6000,0,0
20261002,2748,雲品,38.8,39.0,38.65,39.0,-,0.1,33600,1303906.0,0,0,0,5000,0,0,5000,0,0
20261002,00736,國泰新興市場,31.46,31.46,31.4,31.4,-,0.2,102455,3216760.0,0,0,0,0,0,100000,0,0,100000
20261002,00851,台新全球AI,73.75,73.8,73.75,73.8,-,0.05,49179,3626337.0,7000,0,-7000,7000,0,40000,0,0,47000
20261002,1410,南染,24.05,24.3,23.95,23.95,-,0.2,58572,1410056.0,0,0,0,2000,0,0,2000,0,0
20261002,1752,南光,31.4,31.55,31.35,31.45,+,0.1,28198,886547.0,0,0,0,6000,0,0,6000,0,0
20261002,1786,科妍,43.4,43.4,42.65,42.7,-,0.55,133040,5703428.0,0,0,0,27000,0,0,27000,0,0
20261002,8487,愛爾達-創,70.3,70.4,70.2,70.3,,0.0,7453,523799.0,0,0,-5,1000,0,0,1000,0,5
20261002,6277,宏正,77.6,77.9,76.9,77.1,-,0.6,86870,6732634.0,-125,0,-25,42000,0,0,42125,0,25
20261002,4582,聚恆-創,22.25,22.25,22.2,22.2,-,0.2,76585,1701258.0,0,0,-150,0,0,0,0,0,150
20261002,1612,宏泰,35.1,35.5,35.1,35.2,+,0.05,325301,11466549.0,-626,-4561,4194,84374,0,4345,85000,4561,151
20261002,1539,巨庭,15.65,15.7,15.55,15.65,,0.0,10042,157058.0,-1000,0,0,0,0,0,1000,0,0
20261002,2642,宅配通,20.3,20.3,20.2,20.25,-,0.1,28229,571209.0,-1000,0,0,3000,0,0,4000,0,0
20261002,1776,展宇,18.05,18.45,18.0,18.25,+,0.2,76962,1400234.0,-1000,0,0,17000,0,0,18000,0,0
20261002,1783,和康生,36.8,37.25,36.8,37.05,-,0.3,20835,773655.0,-1000,0,0,7000,0,0,8000,0,0
20261002,1423,利華,34.3,34.3,34.3,34.3,-,1.2,1618,55505.0,-1000,0,0,0,0,0,1000,0,0
20261002,1108,幸福,11.2,11.2,11.1,11.15,,0.0,149265,1667764.0,-1000,0,0,24000,0,0,25000,0,0
20261002,4581,光隆精密-KY,47.4,48.0,47.4,48.0,+,0.15,6000,287000.0,-1000,0,0,1000,0,0,2000,0,0
20261002,4572,駐龍,141.5,141.5,138.5,139.5,+,1.0,15276,2130052.0,-1000,0,0,4000,0,0,5000,0,0
20261002,5906,台南-KY,41.15,41.15,40.0,40.0,-,1.3,3000,121150.0,-1000,0,0,0,0,0,1000,0,0
20261002,6641,基士德-KY,16.9,17.1,16.85,17.0,+,0.1,30025,512031.0,-1000,0,0,2000,0,0,3000,0,0
20261002,6657,華安,32.2,32.9,32.1,32.9,+,0.3,82058,2657028.0,0,0,-1000,9000,0,0,9000,0,1000
20261002,6671,三能-KY,23.0,23.0,22.95,22.95,+,0.1,5050,116000.0,-1000,0,0,0,0,0,1000,0,0
20261002,6936,永鴻生技,31.85,32.2,31.85,32.2,+,0.2,7779,248170.0,-1000,0,0,1000,0,0,2000,0,0
20261002,3150,鈺寶-創,15.6,15.7,15.35,15.4,-,0.3,41385,638640.0,-5000,0,3985,1000,0,7000,6000,0,3015
20261002,1413,宏洲,9.08,9.23,9.08,9.23,-,0.02,4862,44397.0,-1000,0,-142,2000,0,0,3000,0,142
20261002,00657,國泰日經225,81.1,81.1,80.7,80.8,-,0.8,231481,18744034.0,-1000,0,-160,0,0,219120,1000,0,219280
20261002,5215,科嘉-KY,37.75,38.25,37.75,38.25,+,0.5,12601,477536.0,-2000,0,600,1000,0,600,3000,0,0
20261002,00731,復華富時高息低波,97.0,97.35,97.0,97.15,-,0.35,632319,61505084.0,25000,0,-26404,28000,0,599575,3000,0,625979
20261002,6902,GOGOLOOK,155.5,155.5,149.0,150.0,-,5.0,473649,71518085.0,-1408,0,0,88000,0,1000,89408,0,1000
20261002,3004,豐達科,121.5,122.0,120.0,121.5,+,0.5,151965,18390074.0,-1512,0,-31,25000,0,0,26512,0,31
20261002,9942,茂順,113.5,114.5,113.5,113.5,-,1.0,29549,3368456.0,-1960,0,0,9040,0,0,11000,0,0
20261002,9926,新海,48.85,48.85,48.8,48.8,-,0.3,13769,672502.0,-2000,0,0,4000,0,0,6000,0,0
20261002,8443,阿瘦,11.05,11.05,10.95,11.0,-,0.1,36085,397238.0,-2000,0,0,0,0,0,2000,0,0
20261002,6887,寶綠特-KY,38.0,38.95,37.75,38.9,+,0.95,18080,691820.0,-2000,0,0,2000,0,0,4000,0,0
20261002,6918,愛派司,73.4,73.6,73.1,73.6,-,0.3,21329,1566447.0,-2000,0,0,1000,0,0,3000,0,0
20261002,6921,嘉雨思-創,64.5,66.0,63.2,66.0,-,0.4,18000,1160600.0,1000,0,-3000,5000,0,0,4000,0,3000
20261002,6614,資拓宏宇,35.3,35.55,35.2,35.4,+,0.1,23633,834194.0,-2000,0,0,2000,0,0,4000,0,0
20261002,4155,訊映,14.7,14.95,14.7,14.85,,0.0,109748,1632003.0,-2000,0,0,20000,0,0,22000,0,0
20261002,4414,如興,8.1,8.18,8.09,8.1,-,0.01,89062,722695.0,-5000,0,3000,15000,0,3000,20000,0,0
20261002,4169,泰宗,152.0,152.0,149.0,151.5,+,0.5,39360,5910744.0,-2000,0,0,6000,0,0,8000,0,0
20261002,0057,富邦摩台,335.45,335.9,335.0,335.9,+,1.6,11803,3951686.0,4000,0,-6000,4000,0,0,0,0,6000
20261002,1341,富林-KY,59.0,59.0,59.0,59.0,,0.0,4093,241491.0,-2000,0,0,0,0,0,2000,0,0
20261002,1339,昭輝,42.8,42.8,41.9,42.5,-,0.2,85124,3590059.0,-2000,0,0,4000,0,0,6000,0,0
20261002,1233,天仁,27.9,28.0,27.9,28.0,-,0.1,4155,116153.0,-2000,0,0,1000,0,0,3000,0,0
20261002,1583,程泰,46.5,46.55,45.8,45.85,-,1.2,34710,1597845.0,-2000,0,0,4000,0,0,6000,0,0
20261002,1521,大億,25.9,26.05,25.8,25.8,,0.0,32061,832479.0,-2000,0,0,3000,0,0,5000,0,0
20261002,5236,凌陽創新,136.5,136.5,135.0,135.5,-,1.5,84722,11508272.0,-2118,0,0,9117,0,0,11235,0,0
20261002,6451,訊芯-KY,420.0,435.0,419.0,429.0,+,16.0,2590932,1109851739.0,-16809,0,14420,602589,0,36681,619398,0,22261
20261002,1530,亞崴,26.65,26.8,26.55,26.65,-,0.2,36211,963637.0,-3640,0,1000,2170,0,1000,5810,0,0
20261002,2348,海悅,70.4,70.8,70.0,70.6,+,0.2,160769,11300565.0,-4220,0,1542,44780,0,2000,49000,0,458
20261002,1525,江申,63.4,63.7,63.4,63.7,,0.0,6433,408925.0,-2000,0,-953,1000,0,47,3000,0,1000
20261002,6136,富爾特,25.1,25.35,25.1,25.3,+,0.05,159253,4024028.0,-3000,0,4,44000,0,4,47000,0,0
20261002,6281,全國電,50.8,51.0,50.8,50.9,-,0.2,18960,966721.0,-3000,0,0,1000,0,0,4000,0,0
20261002,6272,驊陞,25.2,26.35,25.2,25.85,+,0.65,170110,4385098.0,-3000,0,0,40000,0,0,43000,0,0
20261002,6655,科定,125.0,128.0,122.0,125.0,,0.0,59000,7384000.0,-3000,0,0,24000,0,0,27000,0,0
20261002,6666,羅麗芬-KY,45.1,45.75,44.6,45.5,-,0.45,23132,1043013.0,-3000,0,0,1000,0,0,4000,0,0
20261002,7705,三商餐飲,29.7,29.85,29.7,29.85,+,0.15,12728,379600.0,-3000,0,0,1000,0,0,4000,0,0
20261002,9924,福興,37.85,38.25,37.85,37.95,-,0.25,34395,1308434.0,-3000,0,0,10000,0,0,13000,0,0
20261002,8481,政伸,40.65,40.65,40.55,40.55,-,0.1,22030,894418.0,-3000,0,0,1000,0,0,4000,0,0
20261002,9929,秋雨,11.1,11.1,11.05,11.05,-,0.05,3251,36036.0,-3000,0,0,0,0,0,3000,0,0
20261002,3052,夆典,10.45,10.5,10.4,10.45,,0.0,145417,1521085.0,-3000,0,0,15000,0,0,18000,0,0
20261002,2911,麗嬰房,6.1,6.1,6.01,6.01,-,0.13,93320,563179.0,-3000,0,0,8000,0,0,11000,0,0
20261002,2904,匯僑,12.6,12.7,12.6,12.6,-,0.1,8459,106978.0,-3000,0,0,0,0,0,3000,0,0
20261002,1445,大宇,10.1,10.1,10.0,10.0,,0.0,60064,602042.0,-3000,0,0,7000,0,0,10000,0,0
20261002,1470,大統新創,24.1,24.5,23.95,24.5,+,0.1,9000,219050.0,-3000,0,0,1000,0,0,4000,0,0
20261002,1730,花仙子,51.3,51.3,51.2,51.2,-,0.1,18685,957679.0,-3000,0,0,0,0,0,3000,0,0
20261002,2114,鑫永銓,90.0,90.0,89.8,90.0,,0.0,24883,2238886.0,-3000,0,0,1000,0,0,4000,0,0
20261002,2115,六暉-KY,23.75,24.05,23.75,23.9,+,0.05,10019,239805.0,-3000,0,0,1000,0,0,4000,0,0
20261002,2015,豐興,64.2,64.2,63.7,63.8,-,0.4,199291,12747337.0,-3000,0,0,153000,0,0,156000,0,0
20261002,1817,凱撒衛,40.0,40.0,39.75,39.85,-,0.15,11057,440229.0,-3000,0,0,1000,0,0,4000,0,0
20261002,6645,金萬林-創,12.65,12.8,12.5,12.8,+,0.05,23563,299856.0,-3000,0,-1,0,0,5000,3000,0,5001
20261002,00703,台新MSCI中國,18.52,18.52,18.47,18.5,-,0.29,25235,466203.0,0,0,-3183,0,0,20057,0,0,23240
20261002,4106,雃博,24.0,24.15,23.9,24.15,+,0.05,208404,5000694.0,-4000,0,480,10000,0,480,14000,0,0
20261002,8462,柏文,158.5,160.0,157.0,157.0,,0.0,64969,10267939.0,-4000,0,212,18000,0,212,22000,0,0
20261002,1615,大山,42.65,42.65,42.25,42.5,-,0.2,59159,2515564.0,-3820,0,0,20180,0,0,24000,0,0
20261002,8374,羅昇,77.5,78.1,77.1,77.6,+,0.7,152048,11809021.0,10000,0,-13952,33000,0,0,23000,0,13952
20261002,1439,雋揚,28.1,29.3,28.1,29.0,+,0.05,7533,217306.0,-4000,0,1,2000,0,1,6000,0,0
20261002,1438,三地開發,21.35,21.7,21.3,21.4,-,0.4,26351,565573.0,-5000,0,1000,5000,0,1000,10000,0,0
20261002,1441,大東,9.87,9.87,9.82,9.82,-,0.05,16021,157956.0,-4000,0,0,0,0,0,4000,0,0
20261002,1474,弘裕,9.96,10.05,9.95,9.98,-,0.07,93677,935573.0,-4000,0,0,4000,0,0,8000,0,0
20261002,1516,川飛,13.35,13.35,13.2,13.3,-,0.2,25681,339531.0,-4000,0,0,1000,0,0,5000,0,0
20261002,2424,隴華,8.2,8.85,8.2,8.42,+,0.26,34407,293062.0,-4000,0,0,3000,0,0,7000,0,0
20261002,2239,英利-KY,18.85,19.05,18.65,18.95,-,0.1,23164,436021.0,-4000,0,0,3000,0,0,7000,0,0
20261002,00702,國泰標普低波高息,23.17,23.21,23.15,23.15,-,0.02,9402,217857.0,0,0,-4000,0,0,0,0,0,4000
20261002,6952,大武山,38.35,38.9,37.7,38.9,+,0.1,13023,496436.0,-4000,0,0,2000,0,0,6000,0,0
20261002,8467,波力-KY,88.2,88.2,87.9,88.2,+,0.1,14027,1234530.0,-4000,0,0,5000,0,0,9000,0,0
20261002,9944,新麗,17.15,17.2,17.1,17.1,-,0.05,22193,380550.0,-4000,0,0,2000,0,0,6000,0,0
20261002,6216,居易,19.8,19.8,19.5,19.65,-,0.1,138959,2726838.0,-4000,0,0,10000,0,0,14000,0,0
20261002,5546,永固-KY,13.65,13.75,13.65,13.75,-,0.1,6100,83684.0,-4000,0,0,1000,0,0,5000,0,0
20261002,3054,立萬利,59.5,59.7,58.6,59.7,+,0.1,91620,5419044.0,-4000,0,0,12000,0,0,16000,0,0
20261002,3494,誠研,7.07,7.12,6.97,7.09,,0.0,67602,476389.0,-4000,0,0,2000,0,0,6000,0,0
20261002,4935,茂林-KY,33.2,34.1,33.2,33.85,-,0.2,57476,1944289.0,-4000,0,0,16000,0,0,20000,0,0
20261002,2712,遠雄來,13.25,13.4,13.25,13.4,+,0.05,13200,176265.0,-4000,0,0,0,0,0,4000,0,0
20261002,2910,統領,23.05,23.5,23.05,23.2,-,0.4,10011,232903.0,-4000,0,0,3000,0,0,7000,0,0
20261002,2939,永邑-KY,21.95,22.9,21.95,22.55,+,0.6,39378,892514.0,-4000,0,0,7000,0,0,11000,0,0
20261002,1256,鮮活果汁-KY,167.5,168.5,167.5,168.0,-,0.5,22760,3826033.0,-4010,0,0,2167,0,0,6177,0,0
20261002,00728,第一金工業30,70.55,70.9,70.2,70.8,+,0.4,72267,5107514.0,17000,0,-21550,19000,0,27931,2000,0,49481
20261002,00899,FT潔淨能源,21.95,21.96,21.88,21.92,-,0.28,82876,1816692.0,-2000,0,-2814,1000,0,3000,3000,0,5814
20261002,2008,高興昌,30.65,30.65,30.5,30.5,-,0.35,8317,253967.0,-5000,0,111,1000,0,111,6000,0,0
20261002,00709,富邦歐洲,38.58,38.61,38.42,38.6,-,0.38,43671,1681390.0,65,0,-5001,1065,0,3000,1000,0,8001
20261002,2450,神腦,28.2,28.3,28.15,28.2,-,0.1,45470,1282525.0,-5000,0,0,8000,0,0,13000,0,0
20261002,2702,華園,12.25,12.3,12.2,12.2,-,0.15,58146,711217.0,-5000,0,0,9000,0,0,14000,0,0
20261002,1453,大將,10.85,10.95,10.85,10.95,+,0.05,25165,274186.0,-5000,0,0,2000,0,0,7000,0,0
20261002,3607,谷崧,13.9,13.95,13.8,13.95,,0.0,140370,1949546.0,-5000,0,0,8000,0,0,13000,0,0
20261002,6754,匯僑設計,40.65,41.5,40.65,41.3,+,0.3,14100,580260.0,-5000,0,0,3000,0,0,8000,0,0
20261002,6722,輝創,32.15,32.5,32.15,32.5,,0.0,23000,744000.0,-5000,0,0,2000,0,0,7000,0,0
20261002,8482,商億-KY,47.25,48.1,47.25,48.1,-,0.75,7056,334994.0,-5000,0,0,0,0,0,5000,0,0
20261002,1731,美吾華,20.75,20.9,20.75,20.8,-,0.05,69832,1454565.0,-5041,0,0,7000,0,0,12041,0,0
20261002,3356,奇偶,65.8,66.8,65.4,66.8,+,1.1,173373,11467638.0,-3066,0,-2000,66934,0,0,70000,0,2000
20261002,6863,永道-KY,94.7,96.0,94.3,96.0,+,0.5,66376,6317182.0,-11000,0,5325,21000,0,5325,32000,0,0
20261002,2929,淘帝-KY,5.77,5.8,5.74,5.8,-,0.01,72557,419693.0,-6000,0,3,8000,0,3,14000,0,0
20261002,6581,鋼聯,108.0,109.0,108.0,108.0,,0.0,14200,1538699.0,-6000,0,0,0,0,0,6000,0,0
20261002,6183,關貿,91.1,91.7,91.1,91.7,-,0.6,20897,1911751.0,-6000,0,0,5000,0,0,11000,0,0
20261002,6923,中台,75.0,75.0,74.5,74.6,-,0.4,37762,2820452.0,-6000,0,0,5000,0,0,11000,0,0
20261002,9931,欣高,33.8,34.15,33.8,33.85,-,0.25,14335,486631.0,-6000,0,0,1000,0,0,7000,0,0
20261002,1463,強盛新,17.4,17.45,17.25,17.45,-,0.05,19317,334979.0,-6000,0,0,2000,0,0,8000,0,0
20261002,1475,業旺,26.45,26.45,26.1,26.1,+,0.05,18207,478621.0,-6000,0,0,3000,0,0,9000,0,0
20261002,1435,中福,21.35,21.6,21.35,21.55,-,0.45,7056,151975.0,-6000,0,0,1000,0,0,7000,0,0
20261002,1323,永裕,21.25,21.5,21.25,21.25,-,0.25,59138,1258565.0,-6000,0,0,1000,0,0,7000,0,0
20261002,1805,寶徠,10.0,10.05,9.97,9.98,-,0.12,99292,992083.0,-6100,0,0,13000,0,0,19100,0,0
20261002,2431,聯昌,10.15,10.25,10.0,10.15,,0.0,131658,1334420.0,-8000,0,1072,8000,0,1072,16000,0,0
20261002,2430,燦坤,17.95,17.95,17.95,17.95,-,0.15,15758,282934.0,-7000,0,0,2000,0,0,9000,0,0
20261002,2373,震旦行,52.9,52.9,52.4,52.4,-,0.6,35662,1871274.0,-7000,0,0,7000,0,0,14000,0,0
20261002,1456,怡華,14.7,15.1,14.6,15.1,+,0.3,165565,2474314.0,-7000,0,0,10000,0,0,17000,0,0
20261002,1541,錩泰,20.75,20.95,20.55,20.85,+,0.1,21063,436370.0,-7000,0,0,2000,0,0,9000,0,0
20261002,1225,福懋油,24.2,24.25,24.2,24.2,,0.0,35120,850357.0,-7000,0,0,6000,0,0,13000,0,0
20261002,7791,皇家可口,54.8,55.0,54.6,55.0,+,0.2,25906,1418576.0,-7000,0,0,1000,0,0,8000,0,0
20261002,5907,大洋-KY,4.8,4.8,4.71,4.75,-,0.05,380762,1805460.0,-7000,0,0,20000,0,0,27000,0,0
20261002,6283,淳安,19.1,19.2,19.0,19.15,-,0.15,45602,871309.0,-7000,0,0,1000,0,0,8000,0,0
20261002,6504,南六,36.85,37.75,36.85,37.55,+,0.35,31883,1186143.0,-7000,0,0,1000,0,0,8000,0,0
20261002,4148,全宇生技-KY,31.5,31.7,31.15,31.5,-,0.3,45439,1423772.0,-7000,0,0,4000,0,0,11000,0,0
20261002,00926,凱基全球菁英55,26.65,26.65,26.52,26.62,-,0.15,159182,4235035.0,2000,0,-9003,2000,0,119000,0,0,128003
20261002,6753,龍德造船,134.0,134.0,132.5,133.0,,0.0,233147,31028020.0,-7000,0,-415,43000,0,0,50000,0,415
20261002,3705,永信,56.3,56.7,56.3,56.3,-,0.4,159794,9024779.0,-5962,0,-2000,41038,0,0,47000,0,2000
20261002,7736,虎山,68.7,69.8,68.7,69.8,+,1.1,50054,3449736.0,-8000,0,0,0,0,0,8000,0,0
20261002,8466,美吉吉-KY,15.1,15.2,15.05,15.05,-,0.1,16014,241608.0,-8000,0,0,3000,0,0,11000,0,0
20261002,1465,偉全,11.65,11.65,11.55,11.65,,0.0,28536,331786.0,-8000,0,0,1000,0,0,9000,0,0
20261002,1443,立益物流,23.0,23.4,22.85,22.85,-,0.5,17061,394099.0,-8000,0,0,2000,0,0,10000,0,0
20261002,1903,士紙,47.15,47.65,47.15,47.35,-,0.3,48674,2308161.0,-7000,0,-1000,22000,0,0,29000,0,1000
20261002,1762,中化生,33.6,33.8,33.45,33.75,-,0.2,47483,1597446.0,-8000,0,0,5000,0,0,13000,0,0
20261002,2380,虹光,17.1,17.1,16.7,16.85,-,0.15,62036,1047248.0,-8000,0,0,0,0,0,8000,0,0
20261002,2433,互盛電,40.15,40.15,40.0,40.0,-,0.2,32477,1299847.0,-6000,0,-2000,3000,0,0,9000,0,2000
20261002,00714,群益道瓊美國地產,20.22,20.26,20.22,20.23,-,0.13,114982,2327085.0,-1000,0,-7488,0,0,100058,1000,0,107546
20261002,7749,意騰-KY,402.5,402.5,395.0,397.5,-,4.0,197925,78664449.0,-7946,0,-1002,44054,0,371,52000,0,1373
20261002,2722,夏都,21.3,21.55,21.25,21.35,-,0.1,35172,750366.0,-9000,0,1,2000,0,1,11000,0,0
20261002,4426,利勤,7.59,7.61,7.53,7.57,-,0.09,145035,1096300.0,-9000,0,0,14000,0,0,23000,0,0
20261002,5007,三星,56.3,56.3,55.9,55.9,-,0.5,13129,736556.0,-9000,0,0,1000,0,0,10000,0,0
20261002,7855,和運租車,41.45,41.5,41.35,41.4,,0.0,293839,12173821.0,-9000,0,0,38000,0,0,47000,0,0
20261002,8367,建新國際,40.05,41.3,40.05,40.65,-,0.15,55146,2261112.0,-9000,0,0,2000,0,0,11000,0,0
20261002,8463,潤泰材,21.1,21.2,21.1,21.2,,0.0,24018,508738.0,-9000,0,0,2000,0,0,11000,0,0
20261002,6792,詠業,58.4,58.8,58.1,58.8,-,0.2,44490,2599768.0,-10000,0,1000,6000,0,1000,16000,0,0
20261002,1512,瑞利,6.35,6.35,6.17,6.17,-,0.03,48236,301947.0,-9000,0,0,0,0,0,9000,0,0
20261002,1535,中宇,45.8,45.8,45.25,45.3,-,0.55,26914,1222730.0,-9000,0,0,3000,0,0,12000,0,0
20261002,1526,日馳,15.0,15.2,14.9,15.0,+,0.05,39295,589129.0,-9000,0,0,3000,0,0,12000,0,0
20261002,3130,一零四,209.5,209.5,209.0,209.5,-,0.5,32160,6729354.0,-9090,0,0,6000,0,0,15090,0,0
20261002,4540,全球傳動,61.6,61.9,60.4,61.0,-,0.8,1784891,108724784.0,-11148,0,2000,392852,0,2000,404000,0,0
20261002,1587,吉茂,23.85,24.05,23.8,23.85,,0.0,53872,1287150.0,-10000,0,771,2000,0,771,12000,0,0
20261002,6969,成信實業*-創,30.45,30.5,29.85,30.0,-,0.45,210148,6309197.0,-9000,0,-490,36000,0,19575,45000,0,20065
20261002,9946,三發地產,16.95,17.0,16.85,16.85,,0.0,96165,1624149.0,-6738,-3000,0,29262,0,0,36000,3000,0
20261002,6214,精誠,188.5,189.5,188.0,188.5,-,0.5,399450,75435158.0,-22237,10000,2330,111775,10000,4330,134012,0,2000
20261002,6582,申豐,31.25,31.4,31.25,31.4,+,0.1,18677,584470.0,-10000,0,0,1000,0,0,11000,0,0
20261002,4557,永新-KY,50.2,50.3,50.0,50.3,,0.0,40824,2045600.0,-10000,0,0,4000,0,0,14000,0,0
20261002,4560,強信-KY,29.5,29.9,29.3,29.85,+,0.45,460241,13550136.0,-10000,0,0,248000,0,2000,258000,0,2000
20261002,3308,聯德,22.9,22.9,22.5,22.9,+,0.15,112156,2549815.0,-8000,0,-2000,27000,0,1000,35000,0,3000
20261002,4108,懷特,11.4,11.5,11.3,11.35,-,0.15,149998,1701155.0,-8000,0,-2000,7000,0,0,15000,0,2000
20261002,2423,固緯,70.4,72.1,70.4,71.8,+,0.2,129843,9243490.0,-10000,0,0,46000,0,0,56000,0,0
20261002,1236,宏亞,25.4,25.6,25.4,25.55,+,0.05,33326,849933.0,-10000,0,0,1000,0,0,11000,0,0
20261002,1321,大洋,32.5,32.5,32.1,32.35,-,0.15,41000,1323550.0,-10000,0,0,1000,0,0,11000,0,0
20261002,00660,元大歐洲50,45.27,45.27,45.0,45.24,-,0.36,27988,1263037.0,0,0,-10000,0,0,12000,0,0,22000
20261002,2227,裕日車,44.15,45.0,44.15,44.4,-,0.6,18752,835331.0,-10107,0,0,1000,0,0,11107,0,0
20261002,1906,寶隆,10.8,10.8,10.65,10.65,-,0.15,66390,711336.0,-8200,0,-2000,10800,0,0,19000,0,2000
20261002,9937,全國,54.3,54.3,54.1,54.2,-,0.3,22201,1202993.0,-11000,0,190,4000,0,190,15000,0,0
20261002,2723,美食-KY,77.2,78.3,76.5,77.3,-,0.2,164085,12710061.0,-17000,0,6178,68000,0,6178,85000,0,0
20261002,1203,味王,42.8,43.3,42.8,42.9,-,1.0,21416,923879.0,-11000,0,90,4000,0,90,15000,0,0
20261002,2616,山隆,13.25,13.25,13.15,13.2,-,0.1,125806,1660277.0,-11000,0,0,2000,0,0,13000,0,0
20261002,2459,敦吉,64.7,64.9,64.6,64.8,-,0.1,53421,3457658.0,-11000,0,0,7000,0,0,18000,0,0
20261002,1524,耿鼎,26.05,26.05,25.8,25.85,-,0.1,307513,7947127.0,-11000,0,0,25000,0,0,36000,0,0
20261002,1468,昶和,13.15,13.4,13.05,13.2,-,0.35,42000,552700.0,-9000,0,-2000,1000,0,0,10000,0,2000
20261002,2739,寒舍,36.25,36.5,36.15,36.15,-,0.35,50885,1843379.0,-11000,0,0,4000,0,0,15000,0,0
20261002,9935,慶豐富,18.25,18.5,18.25,18.3,-,0.05,93268,1714549.0,-11000,0,0,26000,0,0,37000,0,0
20261002,9918,欣天然,43.2,43.2,42.7,43.2,,0.0,23039,993817.0,-11000,0,0,5000,0,0,16000,0,0
20261002,7821,神數,35.5,35.55,35.1,35.35,-,0.5,122057,4322992.0,-11060,0,0,0,0,0,11060,0,0
20261002,2072,世紀風電,134.0,134.0,132.0,133.0,-,1.0,118437,15749435.0,-9955,0,-1259,23270,0,0,33225,0,1259
20261002,4585,達明,296.0,296.0,292.0,293.5,-,1.0,108887,32022792.0,-10000,0,-1351,22000,0,63,32000,0,1414
20261002,9912,偉聯,12.8,12.9,12.7,12.8,-,0.15,34375,440463.0,-13000,0,1000,1000,0,1000,14000,0,0
20261002,6606,建德工業,24.8,25.3,24.8,25.25,+,0.25,50500,1264850.0,-11000,0,-1000,8000,0,0,19000,0,1000
20261002,5533,皇鼎,13.8,13.95,13.8,13.9,,0.0,55213,767308.0,-12000,0,0,3000,0,0,15000,0,0
20261002,2012,春雨,14.25,14.25,14.2,14.2,-,0.15,24841,353320.0,-12000,0,0,7000,0,0,19000,0,0
20261002,2488,漢平,49.0,49.3,48.8,48.85,-,0.1,41302,2018294.0,-12000,0,0,7000,0,0,19000,0,0
20261002,1537,廣隆,114.0,114.5,113.5,114.5,-,0.5,108394,12351459.0,-12000,0,0,10000,0,0,22000,0,0
20261002,6908,宏碁遊戲-創,26.8,27.5,26.5,26.9,-,0.6,84727,2284229.0,-10000,0,-2634,0,0,7679,10000,0,10313
20261002,2434,統懋,63.9,65.3,62.7,63.0,+,0.1,386930,24584613.0,-12995,0,0,85117,0,0,98112,0,0
20261002,1614,三洋電,31.05,31.05,30.95,31.0,-,0.25,49357,1532982.0,-13000,0,0,3000,0,0,16000,0,0
20261002,1454,台富,12.1,12.25,12.05,12.1,-,0.05,46413,561993.0,-13000,0,0,2000,0,0,15000,0,0
20261002,6928,攸泰科技,46.1,46.1,45.8,45.85,-,0.65,38231,1755642.0,-13000,0,0,4000,0,0,17000,0,0
20261002,2013,中鋼構,41.15,41.6,41.15,41.4,-,0.1,33007,1365634.0,-13000,0,-391,3000,0,2000,16000,0,2391
20261002,1515,力山,29.45,29.45,29.0,29.2,-,0.05,486543,14190932.0,-7870,-3000,-2688,114130,0,1000,122000,3000,3688
20261002,2762,世界健身-KY,78.4,79.2,78.4,78.6,+,0.2,21125,1666598.0,-13950,0,0,3050,0,0,17000,0,0
20261002,00972,野村日本動能高息,21.5,21.5,21.3,21.36,-,0.22,31566,673574.0,1000,0,-14978,1000,0,2152,0,0,17130
20261002,1471,首利,9.41,9.47,9.38,9.43,-,0.06,120432,1135001.0,-14000,0,0,8000,0,0,22000,0,0
20261002,1472,三洋實業,88.8,89.9,87.2,87.5,-,1.3,118236,10457257.0,-8000,0,-6000,4000,0,0,12000,0,6000
20261002,1451,年興,16.9,17.1,16.9,17.05,+,0.05,110707,1883729.0,-14000,0,0,1000,0,0,15000,0,0
20261002,1315,達新,68.8,68.8,68.4,68.6,-,0.1,22991,1576016.0,-14000,0,0,1000,0,0,15000,0,0
20261002,1324,地球,10.0,10.0,9.9,9.91,-,0.14,83813,833056.0,-14000,0,0,0,0,0,14000,0,0
20261002,2901,欣欣,24.95,25.1,24.6,25.05,+,0.25,50747,1262211.0,-14000,0,0,2000,0,0,16000,0,0
20261002,2945,三商家購,39.5,40.0,39.4,40.0,+,0.1,29029,1147134.0,-14000,0,0,0,0,0,14000,0,0
20261002,6117,迎廣,62.6,62.8,62.0,62.2,-,0.1,118685,7392618.0,14000,0,-28000,44000,0,0,30000,0,28000
20261002,00700,富邦恒生國企,16.74,16.74,16.52,16.59,-,0.25,95619,1586251.0,-9000,0,-5232,5000,0,35000,14000,0,40232
20261002,4441,振大環球,170.0,170.0,169.0,170.0,,0.0,70731,11984708.0,-15960,0,1000,2040,0,1000,18000,0,0
20261002,7803,雲象科技-創,17.85,17.95,17.45,17.6,-,0.2,101000,1787700.0,-14000,0,-1000,0,0,14000,14000,0,15000
20261002,1338,廣華-KY,14.9,15.25,14.85,15.2,-,0.1,61429,926820.0,-10000,0,-5000,11000,0,0,21000,0,5000
20261002,1419,新紡,65.4,66.0,65.3,65.6,-,0.2,49208,3222223.0,-15000,0,0,15000,0,0,30000,0,0
20261002,1726,永記,76.3,76.5,76.1,76.2,-,0.3,28230,2152760.0,-13100,0,-2000,0,0,0,13100,0,2000
20261002,6184,大豐電,40.15,40.35,40.0,40.15,-,0.25,56785,2276169.0,-15105,0,0,3000,0,0,18105,0,0
20261002,00938,凱基優選30,26.64,26.71,26.61,26.65,-,0.14,132693,3539463.0,-11000,0,-4821,5000,0,67131,16000,0,71952
20261002,3532,台勝科,470.0,492.5,463.0,475.5,+,1.5,9010177,4318573744.0,-13486,1000,-3452,2339036,1000,68097,2352522,0,71549
20261002,5484,慧友,39.5,39.65,38.9,39.05,-,0.15,206479,8064471.0,-16000,0,0,31000,0,0,47000,0,0
20261002,5203,訊連,58.0,58.2,57.8,57.9,-,0.3,61552,3566325.0,-10000,0,-6000,28000,0,0,38000,0,6000
20261002,2705,六福,15.05,15.15,15.05,15.1,-,0.05,58389,882402.0,-16000,0,0,4000,0,0,20000,0,0
20261002,6128,上福,19.1,19.25,19.1,19.2,-,0.05,44356,849041.0,-16000,0,0,8000,0,0,24000,0,0
20261002,6591,動力-KY,42.95,42.95,42.45,42.55,-,0.55,75656,3220972.0,-16000,0,0,4000,0,0,20000,0,0
20261002,2024,志聯,12.95,13.25,12.95,13.25,-,0.05,25046,329200.0,-17000,0,1000,1000,0,1000,18000,0,0
20261002,5292,華懋,236.0,244.0,234.0,240.0,+,3.0,251935,60360342.0,-11842,0,-4175,61165,0,8941,73007,0,13116
20261002,1527,鑽全,32.8,33.05,32.8,33.0,+,0.2,213901,7043230.0,-16037,0,0,18000,0,0,34037,0,0
20261002,1459,聯發,17.0,18.7,17.0,18.7,+,1.7,1105002,20285085.0,1821,0,-18000,175000,0,5000,173179,0,23000
20261002,4961,天鈺,186.5,189.0,182.0,183.5,-,2.5,1175838,215491565.0,-69892,44000,8981,430035,47000,16000,499927,3000,7019
20261002,3296,勝德,30.95,30.95,28.15,28.5,-,0.1,99061,2857699.0,-16920,0,0,24080,0,0,41000,0,0
20261002,5525,順天,21.7,21.9,21.7,21.8,-,0.1,67246,1464138.0,-17000,0,0,3000,0,0,20000,0,0
20261002,6142,友勁,9.17,9.2,9.08,9.14,-,0.03,521105,4763330.0,-17000,0,0,86000,0,0,103000,0,0
20261002,1533,車王電,30.55,30.6,30.35,30.5,-,0.05,45632,1392136.0,-17000,0,0,2000,0,0,19000,0,0
20261002,1806,冠軍,7.9,7.97,7.87,7.91,-,0.01,112608,891430.0,-17000,0,0,32000,0,0,49000,0,0
20261002,2701,萬企,10.25,10.3,10.2,10.25,-,0.05,37317,382341.0,-17000,0,0,1000,0,0,18000,0,0
20261002,2438,翔耀,20.55,20.55,19.5,20.0,+,0.05,98511,1952400.0,-17000,0,0,12000,0,1000,29000,0,1000
20261002,1810,和成,24.0,24.0,23.7,23.95,-,0.05,1196051,28542730.0,-14281,0,-3065,392102,0,0,406383,0,3065
20261002,1725,元禎,32.75,34.45,32.75,33.85,+,0.35,124234,4217486.0,-18000,0,0,26000,0,0,44000,0,0
20261002,9943,好樂迪,50.4,50.7,50.4,50.5,+,0.1,49836,2517216.0,-18000,0,0,7000,0,0,25000,0,0
20261002,9902,台火,13.2,13.2,13.05,13.05,-,0.15,92177,1207469.0,-18000,0,0,1000,0,0,19000,0,0
20261002,3617,碩天,243.5,243.5,240.5,243.5,+,0.5,258203,62325430.0,-19568,0,1518,58432,0,3000,78000,0,1482
20261002,2233,宇隆,167.5,172.0,167.5,170.0,+,1.5,243033,41168743.0,-21883,0,3194,48117,0,4000,70000,0,806
20261002,2516,新建,15.15,15.2,14.95,15.05,-,0.1,153366,2309802.0,-19000,0,0,17000,0,0,36000,0,0
20261002,1626,艾美特-KY,9.58,9.8,9.58,9.65,-,0.07,59925,581967.0,-16000,0,-3000,3000,0,0,19000,0,3000
20261002,1457,宜進,14.3,14.35,14.25,14.35,-,0.1,61701,882585.0,-19000,0,0,1000,0,0,20000,0,0
20261002,1109,信大,13.3,13.3,13.25,13.25,-,0.05,91141,1209823.0,-19000,0,0,4000,0,0,23000,0,0
20261002,2727,王品,233.5,234.0,232.0,234.0,-,1.0,185632,43253710.0,26925,-49000,3000,99299,0,3000,72374,49000,0
20261002,1466,聚隆,14.7,14.75,14.5,14.55,-,0.15,160419,2337610.0,-19192,0,0,9400,0,0,28592,0,0
20261002,00739,元大MSCI A股,26.6,26.6,26.23,26.29,-,0.21,21287,560588.0,-1000,0,-18491,0,0,542,1000,0,19033
20261002,3021,鴻名,28.05,28.45,27.95,28.2,+,0.05,599976,16888402.0,-20000,0,0,85000,0,0,105000,0,0
20261002,4930,燦星網,15.9,15.9,15.7,15.85,-,0.1,90494,1429799.0,-20000,0,0,1000,0,0,21000,0,0
20261002,3501,維熹,37.6,37.7,37.55,37.65,-,0.05,88606,3334853.0,-20000,0,0,6000,0,0,26000,0,0
20261002,1452,宏益,10.8,10.8,10.7,10.7,-,0.1,41069,441882.0,-20003,0,0,1000,0,0,21003,0,0
20261002,2429,銘旺科,30.4,30.65,30.25,30.65,-,0.1,197741,6014320.0,-20050,0,0,36000,0,0,56050,0,0
20261002,6491,晶碩,421.5,428.0,415.5,424.0,+,2.5,487235,206031062.0,-3587,0,-16976,269413,0,4217,273000,0,21193
20261002,6192,巨路,109.0,110.0,109.0,109.5,-,0.5,49825,5459216.0,-21000,0,0,8000,0,0,29000,0,0
20261002,2028,威致,16.6,16.9,16.3,16.85,+,0.25,118121,1974315.0,-21000,0,0,23000,0,0,44000,0,0
20261002,2109,華豐,14.4,14.5,14.25,14.35,-,0.05,139792,2009208.0,-21007,0,0,4000,0,0,25007,0,0
20261002,2816,旺旺保,39.65,39.7,39.35,39.7,+,0.05,181984,7182936.0,-22000,0,0,37000,0,0,59000,0,0
20261002,6931,青松健康,38.85,38.85,38.2,38.4,-,0.5,48975,1879704.0,-22000,0,0,0,0,0,22000,0,0
20261002,1446,宏和,13.35,13.4,13.3,13.4,-,0.05,139266,1857145.0,-14001,0,-8000,13000,0,0,27001,0,8000
20261002,7750,新代,1890.0,1905.0,1875.0,1885.0,-,10.0,132180,249408340.0,-23936,0,1831,35150,0,9024,59086,0,7193
20261002,4771,望隼,214.0,214.0,208.0,214.0,+,0.5,235504,49559928.0,-21213,0,-892,39988,0,170,61201,0,1062
20261002,5283,禾聯碩,52.8,52.8,52.2,52.5,-,0.5,112580,5906043.0,-22280,0,0,13960,0,0,36240,0,0
20261002,2906,高林,13.3,13.5,13.3,13.4,,0.0,94141,1259385.0,-22000,0,-295,3000,0,1000,25000,0,1295
20261002,00678,群益那斯達克生技,42.82,42.88,42.7,42.87,-,1.11,408861,17500982.0,117000,0,-139374,117000,0,245000,0,0,384374
20261002,2491,吉祥全,41.0,41.8,40.75,41.45,+,0.95,908318,37641808.0,-20950,-1000,-1000,270050,0,0,291000,1000,1000
20261002,1519,華城,687.0,704.0,681.0,692.0,+,4.0,1180606,817655615.0,-97500,-157,74312,450762,0,98584,548262,157,24272
20261002,4440,宜新實業,17.45,17.5,17.45,17.45,-,0.1,38517,672197.0,-19400,0,-4000,1000,0,0,20400,0,4000
20261002,1623,大東電,199.0,200.0,198.0,198.5,,0.0,42488,8448072.0,-23439,0,0,2000,0,0,25439,0,0
20261002,8163,達方,30.6,31.4,30.35,31.2,+,0.6,963152,29769441.0,-26980,0,3181,266020,0,19955,293000,0,16774
20261002,9955,佳龍,23.0,23.2,22.95,23.0,-,0.1,101426,2338393.0,-24000,0,0,16000,0,0,40000,0,0
20261002,00652,富邦印度,31.0,31.15,30.97,31.11,-,0.02,63390,1972402.0,0,0,-24614,0,0,9000,0,0,33614
20261002,0053,元大電子,255.7,255.7,254.15,255.55,-,0.15,169069,43171335.0,2000,0,-26935,6000,0,104000,4000,0,130935
20261002,6934,心誠鎂,74.0,74.6,73.9,73.9,-,1.3,101215,7500284.0,-25000,0,0,4000,0,0,29000,0,0
20261002,2038,海光,12.95,13.1,12.9,12.95,+,0.05,255303,3319873.0,-25499,0,0,48501,0,0,74000,0,0
20261002,3011,今皓,10.0,10.1,9.84,9.87,-,0.18,637108,6336865.0,-27000,0,0,62000,0,0,89000,0,0
20261002,3266,昇陽,13.85,13.9,13.85,13.85,-,0.15,49051,680647.0,-27000,0,0,5000,0,0,32000,0,0
20261002,8341,日友,74.3,74.3,74.1,74.2,,0.0,112529,8348931.0,-29000,0,2000,5000,0,2000,34000,0,0
20261002,1464,得力,9.98,10.05,9.97,9.99,-,0.01,150192,1500436.0,-35000,0,8000,7000,0,8000,42000,0,0
20261002,2509,全坤建,14.2,14.25,14.1,14.1,-,0.2,79968,1130846.0,-28000,0,0,5000,0,0,33000,0,0
20261002,2477,美隆電,22.9,22.9,22.75,22.75,-,0.35,113064,2581099.0,-28000,0,0,12000,0,0,40000,0,0
20261002,1531,高林股,11.6,11.6,11.5,11.5,-,0.1,46790,540040.0,-28000,0,0,3000,0,0,31000,0,0
20261002,00668,國泰美國道瓊,59.8,59.8,59.5,59.75,-,0.1,45329,2704001.0,0,0,-28122,0,0,7000,0,0,35122
20261002,6781,AES-KY,1030.0,1035.0,1025.0,1025.0,,0.0,249309,256842425.0,-28720,0,-206,41922,0,5711,70642,0,5917
20261002,6958,日盛台駿,17.2,17.2,16.95,17.0,-,0.5,82269,1402758.0,-29000,0,0,5000,0,0,34000,0,0
20261002,4555,氣立,42.35,42.8,42.0,42.2,-,0.1,114873,4855598.0,-30000,0,1000,14000,0,1000,44000,0,0
20261002,2524,京城,34.9,34.9,34.25,34.3,-,0.3,39981,1379325.0,-29000,0,0,4000,0,0,33000,0,0
20261002,2404,漢唐,1320.0,1355.0,1265.0,1285.0,-,20.0,2191273,2845497450.0,169319,-106108,-92493,983319,38000,26438,814000,144108,118931
20261002,1590,亞德客-KY,1185.0,1190.0,1150.0,1180.0,-,5.0,1257607,1466999835.0,-11199,-13479,-4700,1010786,3000,11283,1021985,16479,15983
20261002,00908,富邦入息REITs+,14.45,14.45,14.35,14.35,-,0.2,96558,1387358.0,-76000,0,46413,0,0,52000,76000,0,5587
20261002,3686,達能,16.0,16.0,15.55,15.85,-,0.15,143132,2257994.0,-27000,0,-2678,10000,0,0,37000,0,2678
20261002,4195,基米-創,16.3,16.4,15.8,15.9,+,0.2,167738,2691800.0,-31000,0,1160,13000,0,20000,44000,0,18840
20261002,2706,第一店,12.1,12.15,12.1,12.1,-,0.1,54928,664953.0,-30000,0,0,1000,0,0,31000,0,0
20261002,0061,元大寶滬深,23.31,23.31,23.0,23.06,-,0.26,102944,2370842.0,-41000,0,10295,0,0,13000,41000,0,2705
20261002,6164,華興,12.6,12.9,12.5,12.6,+,0.05,283457,3577336.0,-30784,0,0,57216,0,0,88000,0,0
20261002,6225,天瀚,73.5,73.5,64.9,68.3,+,1.4,976855,68897606.0,28000,0,-59000,134000,0,0,106000,0,59000
20261002,6756,威鋒電子,97.6,98.0,96.2,97.1,-,0.9,91658,8929849.0,-31000,0,0,18000,0,0,49000,0,0
20261002,6838,台新藥,25.5,25.7,25.0,25.3,-,0.5,204255,5149188.0,-32000,0,1000,9000,0,1000,41000,0,0
20261002,5519,隆大,25.05,25.1,25.0,25.05,-,0.1,116402,2915043.0,-31000,0,0,13000,0,0,44000,0,0
20261002,2062,橋椿,18.0,18.1,18.0,18.0,,0.0,117000,2109150.0,-32000,0,880,4000,0,880,36000,0,0
20261002,1506,正道,9.45,9.95,9.45,9.81,+,0.31,374152,3638423.0,-24000,0,-8000,11000,0,0,35000,0,8000
20261002,2630,亞航,46.9,47.15,46.6,46.8,-,0.05,644999,30216181.0,-31160,0,-1001,143000,0,0,174160,0,1001
20261002,1232,大統益,153.0,154.5,153.0,153.5,+,0.5,49914,7674888.0,-30180,0,-2000,3000,0,0,33180,0,2000
20261002,1540,喬福,19.35,19.35,19.15,19.15,-,0.35,125151,2408086.0,-33000,0,0,5000,0,0,38000,0,0
20261002,2364,倫飛,65.7,66.5,65.4,65.5,+,0.6,130790,8628469.0,-37000,0,3038,21000,0,3038,58000,0,0
20261002,5538,東明-KY,36.0,36.0,35.6,35.8,-,0.15,62022,2224382.0,-34000,0,1,0,0,1,34000,0,0
20261002,9925,新保,39.55,39.6,39.5,39.5,-,0.05,150998,5966900.0,-34000,0,0,54000,0,0,88000,0,0
20261002,3669,圓展,33.4,33.75,33.1,33.2,-,0.2,154801,5151873.0,-36000,0,1874,25000,0,2000,61000,0,126
20261002,6670,復盛應用,271.0,273.0,270.0,270.5,-,0.5,109754,29729048.0,-32982,-610,-1228,56018,0,0,89000,610,1228
20261002,1235,興泰,32.55,32.6,31.7,31.7,-,1.2,48774,1563231.0,-33900,0,-1000,4100,0,0,38000,0,1000
20261002,2540,愛山林,48.6,48.9,48.15,48.15,-,0.7,463965,22491106.0,-30000,0,-5000,172000,0,0,202000,0,5000
20261002,2832,台產,56.6,56.8,56.5,56.7,-,0.1,74871,4242962.0,-35641,0,309,14000,0,1000,49641,0,691
20261002,3046,建碁,53.7,54.0,53.5,53.9,+,0.4,105985,5699577.0,-35500,0,1,17500,0,1,53000,0,0
20261002,2414,精技,52.8,53.0,52.7,52.8,-,0.4,96131,5082634.0,-32570,-2000,-1000,10000,0,3000,42570,2000,4000
20261002,2704,國賓,44.8,45.0,44.8,44.95,-,0.2,40559,1822205.0,-36000,0,0,1000,0,0,37000,0,0
20261002,2471,資通,52.0,52.0,51.3,51.4,-,0.6,93991,4845330.0,-36012,0,0,8080,0,0,44092,0,0
20261002,3038,全台,21.0,21.0,20.6,20.65,-,0.25,113358,2347028.0,-36980,0,0,5020,0,0,42000,0,0
20261002,2231,為升,92.9,92.9,92.2,92.2,-,0.7,137927,12750955.0,-33000,0,-5302,33000,0,1135,66000,0,6437
20261002,6579,研揚,160.5,160.5,158.5,158.5,-,2.0,155093,24669080.0,-38787,0,-154,20213,0,1000,59000,0,1154
20261002,9905,大華,21.4,21.45,21.3,21.3,-,0.1,71310,1524062.0,-39000,0,0,2000,0,0,41000,0,0
20261002,1234,黑松,32.8,32.8,32.55,32.65,-,0.25,171068,5588710.0,-39000,0,-605,16000,0,3000,55000,0,3605
20261002,9908,大台北,28.95,29.0,28.95,28.95,,0.0,96958,2808414.0,-41428,0,0,7000,0,0,48428,0,0
20261002,6965,中傑-KY,62.6,62.8,61.2,61.6,-,1.6,128044,7905518.0,-44000,0,2000,24000,0,2000,68000,0,0
20261002,4142,國光生,18.15,18.15,17.9,18.0,-,0.1,581065,10461104.0,-42922,0,806,135078,0,1057,178000,0,251
20261002,1416,廣豐,11.7,11.85,11.55,11.85,+,0.2,604236,7084314.0,-42184,0,0,64533,0,0,106717,0,0
20261002,3596,智易,154.0,155.0,153.5,154.0,+,1.0,359911,55473721.0,-76000,0,33707,117000,0,35000,193000,0,1293
20261002,2707,晶華,175.5,176.0,175.0,175.0,-,1.0,98339,17232507.0,-42000,0,-1000,7000,0,0,49000,0,1000
20261002,1437,勤益控,31.65,31.9,31.5,31.55,-,0.3,68563,2173661.0,-43000,0,0,3000,0,0,46000,0,0
20261002,2392,正崴,41.25,41.7,41.15,41.4,-,0.2,751476,31141665.0,-15000,0,-28595,290000,0,1005,305000,0,29600
20261002,9945,潤泰新,29.25,29.3,29.0,29.1,-,0.15,3575449,104037453.0,-764000,713000,7264,877000,713000,37080,1641000,0,29816
20261002,3545,敦泰,51.9,51.9,50.9,51.5,-,0.1,521236,26758156.0,-43777,0,-1,144129,0,0,187906,0,1
20261002,5288,豐祥-KY,190.5,190.5,186.0,188.5,-,1.5,131717,24730270.0,-46945,0,2985,26055,0,3000,73000,0,15
20261002,5306,桂盟,88.0,88.3,87.3,88.0,-,0.4,176060,15445136.0,12000,-56000,0,50000,0,0,38000,56000,0
20261002,1604,聲寶,23.3,23.4,23.25,23.25,-,0.1,196883,4587009.0,-44000,0,0,46000,0,0,90000,0,0
20261002,3229,晟鈦,59.5,60.7,58.3,58.8,-,0.2,1350644,79791397.0,-44550,0,0,264450,0,0,309000,0,0
20261002,2514,龍邦,11.55,11.55,11.3,11.35,-,0.25,171427,1956235.0,-45000,0,0,13000,0,0,58000,0,0
20261002,1707,葡萄王,85.5,85.5,85.1,85.2,-,0.3,164270,14004140.0,-45004,0,-432,34000,0,2000,79004,0,2432
20261002,4942,嘉彰,31.6,32.0,31.4,31.5,-,0.3,107055,3379809.0,-46000,0,0,13000,0,0,59000,0,0
20261002,1904,正隆,24.05,24.3,23.85,24.2,+,0.1,1110300,26792049.0,-35716,0,-11000,587590,0,0,623306,0,11000
20261002,8464,億豐,362.5,363.5,360.5,361.0,-,1.5,158244,57205690.0,-56755,2000,5864,31000,2000,6000,87755,0,136
20261002,2913,農林,11.05,11.1,11.0,11.0,-,0.1,444038,4895598.0,-34000,0,-15000,111000,0,0,145000,0,15000
20261002,1436,華友聯,35.35,35.4,35.15,35.35,,0.0,112539,3974481.0,-49000,0,0,9000,0,0,58000,0,0
20261002,2520,冠德,36.75,37.0,36.5,36.95,+,0.2,1224002,45023098.0,440878,-488000,-2435,693878,0,32565,253000,488000,35000
20261002,1517,利奇,10.35,10.4,10.3,10.35,-,0.05,146787,1518755.0,-50000,0,0,18000,0,0,68000,0,0
20261002,6790,永豐實,37.55,37.75,37.5,37.5,-,0.15,112914,4240311.0,-50000,0,-79,1000,0,1000,51000,0,1079
20261002,2461,光群雷,17.4,17.45,17.15,17.35,-,0.05,498599,8625189.0,-93000,0,42000,130000,0,42000,223000,0,0
20261002,3416,融程電,166.0,167.5,164.5,166.0,-,0.5,184220,30613557.0,-43649,0,-7494,35308,0,2000,78957,0,9494
20261002,3716,中化控股,33.95,33.95,33.8,33.9,-,0.1,121165,4103165.0,-51890,0,0,110,0,0,52000,0,0
20261002,2395,研華,720.0,728.0,712.0,716.0,-,7.0,2331301,1672492904.0,20413,-42500,-30119,1576850,46000,15040,1556437,88500,45159
20261002,5607,遠雄港,51.9,52.0,51.6,51.8,-,0.1,231870,12007265.0,-57829,0,5000,52171,0,5000,110000,0,0
20261002,6024,群益期,59.9,60.1,59.7,59.8,-,0.1,114811,6872794.0,-53000,0,0,16000,0,0,69000,0,0
20261002,9930,中聯資源,60.2,60.2,59.6,59.8,-,0.4,99015,5921329.0,-53000,0,-113,3000,0,2000,56000,0,2113
20261002,00930,永豐ESG低碳高息,23.78,23.79,23.7,23.75,-,0.04,558328,13259290.0,29000,0,-82556,36000,0,23000,7000,0,105556
20261002,6890,來億-KY,149.0,149.0,147.0,147.0,-,1.5,149846,22108028.0,-51000,0,-2854,39000,0,1000,90000,0,3854
20261002,2608,嘉里大榮,28.7,29.0,28.65,28.8,,0.0,163236,4696505.0,-54000,0,94,38000,0,1000,92000,0,906
20261002,2546,根基,106.5,107.0,105.0,105.0,-,1.0,125411,13319251.0,-55963,0,1000,25147,0,1000,81110,0,0
20261002,4994,傳奇,80.6,83.1,79.0,81.0,-,0.6,96382,7741569.0,-55000,0,6,21000,0,6,76000,0,0
20261002,8271,宇瞻,202.5,203.0,201.0,202.5,+,1.5,681048,137514395.0,-56910,0,1743,118100,0,2000,175010,0,257
20261002,3008,大立光,6205.0,6395.0,6090.0,6290.0,+,85.0,1683166,10461357370.0,-120105,483,63642,562961,65100,117268,683066,64617,53626
20261002,2506,太設,8.38,8.4,8.37,8.38,-,0.05,151744,1271842.0,-56000,0,0,8000,0,0,64000,0,0
20261002,5284,jpp-KY,298.0,298.0,293.5,293.5,-,4.5,212857,62843277.0,-57950,0,-2154,21050,0,5000,79000,0,7154
20261002,2908,特力,22.0,22.1,21.85,22.1,,0.0,281086,6179033.0,-61000,0,0,31000,0,0,92000,0,0
20261002,1737,臺鹽,30.0,30.1,30.0,30.0,,0.0,114492,3437234.0,-61000,0,-1000,10000,0,0,71000,0,1000
20261002,1720,生達,56.1,56.1,55.8,56.0,-,0.1,142978,8005427.0,-63077,0,450,13923,0,450,77000,0,0
20261002,6782,視陽,236.5,237.5,232.0,236.0,-,1.5,127648,29943168.0,-50395,0,-12780,18605,0,91,69000,0,12871
20261002,3443,創意,7895.0,8005.0,7835.0,7900.0,,0.0,393948,3120512410.0,6606,-96854,26756,126397,201,44653,119791,97055,17897
20261002,2362,藍天,46.4,46.85,46.4,46.65,+,0.05,333270,15536017.0,-58278,0,-6030,87722,0,0,146000,0,6030
20261002,4164,承業醫,27.1,27.1,26.8,27.0,-,0.1,204579,5512194.0,-35000,0,-30000,31000,0,0,66000,0,30000
20261002,2017,官田鋼,9.09,9.09,8.98,9.03,-,0.06,254004,2290581.0,-66007,0,0,42000,0,0,108007,0,0
20261002,6873,泓德能源,67.8,67.8,67.2,67.5,-,0.4,203315,13731883.0,-66160,0,-1000,24000,0,0,90160,0,1000
20261002,2504,國產,30.5,30.75,30.45,30.65,+,0.1,1036847,31679888.0,-69000,0,996,478000,0,996,547000,0,0
20261002,3419,譁裕,11.95,12.2,11.8,12.15,+,0.3,129070,1544464.0,-66093,0,-2000,2000,0,0,68093,0,2000
20261002,6409,旭隼,891.0,894.0,886.0,886.0,-,5.0,170094,151178722.0,-54228,-8000,-6045,62772,1000,2117,117000,9000,8162
20261002,4912,聯德控股-KY,106.0,108.5,103.0,106.0,-,1.0,708989,74639988.0,-68590,0,0,168410,0,0,237000,0,0
20261002,1417,嘉裕,8.07,8.14,8.07,8.13,,0.0,128136,1038734.0,-68921,0,0,5609,0,0,74530,0,0
20261002,1103,嘉泥,13.1,13.2,13.1,13.2,,0.0,150592,1981380.0,-69000,0,0,12000,0,0,81000,0,0
20261002,2104,國際中橡,10.95,11.25,10.95,11.0,,0.0,1846415,20422541.0,-120161,0,50640,589093,0,51640,709254,0,1000
20261002,8476,台境*,20.35,20.6,20.0,20.0,-,0.3,254033,5131975.0,-67934,-2000,0,71066,0,0,139000,2000,0
20261002,1460,宏遠,6.23,6.24,6.19,6.2,-,0.03,264301,1643268.0,-70948,0,0,3000,0,0,73948,0,0
20261002,3592,瑞鼎,239.5,239.5,235.0,239.0,+,1.0,494423,117346345.0,-92011,29301,-9000,140000,32000,0,232011,2699,9000
20261002,6757,台灣虎航,53.1,53.4,53.1,53.4,,0.0,355033,18881237.0,-28000,-42000,-2000,69000,0,0,97000,42000,2000
20261002,3715,定穎投控,129.5,131.5,128.5,129.5,+,0.5,5708720,741476334.0,-224045,0,152024,1320955,0,172474,1545000,0,20450
20261002,6605,帝寶,139.0,139.0,135.5,136.5,-,2.5,474219,64698947.0,-73000,0,-323,77000,0,2000,150000,0,2323
20261002,2535,達欣工,88.9,89.0,88.3,88.5,-,0.4,299055,26518031.0,-76000,0,2470,43000,0,9081,119000,0,6611
20261002,6919,康霈*,79.1,80.4,78.5,79.9,+,0.8,3635766,288302019.0,-65364,0,-8703,914309,0,2000,979673,0,10703
20261002,3033,威健,42.45,42.8,42.2,42.4,,0.0,1689590,71795637.0,-48280,-4687,-21322,413000,0,986,461280,4687,22308
20261002,2022,聚亨,7.34,7.35,7.23,7.31,-,0.03,300624,2187400.0,-74632,0,0,3739,0,0,78371,0,0
20261002,6698,旭暉應材,32.0,32.15,31.6,31.65,-,0.6,219379,6968807.0,-75000,0,0,11000,0,0,86000,0,0
20261002,1414,東和,17.45,17.45,17.1,17.25,-,0.1,234171,4030189.0,-75005,0,0,25000,0,0,100005,0,0
20261002,1905,華紙,12.8,12.9,12.7,12.85,+,0.05,1196092,15330468.0,-60361,0,-14697,358639,0,4000,419000,0,18697
20261002,00892,富邦台灣半導體,43.14,43.33,42.89,43.31,+,0.23,3680607,158966690.0,-305774,0,230085,135225,0,2762974,440999,0,2532889
20261002,1231,聯華食,79.4,79.7,79.1,79.3,-,0.5,253319,20094724.0,-77031,0,786,32000,0,10000,109031,0,9214
20261002,00897,富邦基因免疫生技,14.0,14.03,13.96,14.01,-,0.26,1078152,15084536.0,-296000,0,218179,0,0,364000,296000,0,145821
20261002,3092,鴻碩,24.4,24.4,23.9,23.95,-,0.35,212123,5089758.0,-79000,0,218,17000,0,336,96000,0,118
20261002,1473,台南,19.2,19.2,19.15,19.15,-,0.1,132509,2545246.0,-80000,0,0,3000,0,0,83000,0,0
20261002,1217,愛之味,9.92,9.95,9.92,9.94,-,0.02,321085,3190322.0,-80163,0,0,47000,0,0,127163,0,0
20261002,2530,華建,20.05,20.05,19.95,20.05,,0.0,213513,4270094.0,-94830,0,14000,42170,0,15000,137000,0,1000
20261002,1568,倉佑,32.25,32.8,32.05,32.05,-,0.65,264348,8556050.0,-82890,0,1468,20110,0,3000,103000,0,1532
20261002,1723,中碳,79.7,80.9,79.7,80.4,+,0.7,295906,23793443.0,-30785,-53000,35,127215,0,35,158000,53000,0
20261002,1104,環泥,26.6,26.65,26.55,26.55,-,0.15,315662,8392182.0,-85259,0,0,64000,0,0,149259,0,0
20261002,5515,建國,51.5,51.5,50.5,51.1,-,0.4,475099,24170261.0,-85024,0,-529,147176,0,0,232200,0,529
20261002,6909,創控,42.7,44.95,42.55,44.35,+,1.6,818121,36036522.0,-86000,0,0,191000,0,0,277000,0,0
20261002,7769,鴻勁,5500.0,5600.0,5460.0,5580.0,+,90.0,457266,2528782460.0,-57244,-34066,4953,157142,16000,44817,214386,50066,39864
20261002,00636,國泰中國A50,26.43,26.44,26.11,26.12,-,0.31,231003,6047171.0,32000,0,-118902,47000,0,23000,15000,0,141902
20261002,1447,力鵬,6.51,6.56,6.45,6.54,+,0.03,608327,3962006.0,-74413,-13000,0,102587,0,0,177000,13000,0
20261002,5269,祥碩,1485.0,1485.0,1455.0,1460.0,-,15.0,254442,372925410.0,-86221,8000,-9855,53779,9000,4700,140000,1000,14555
20261002,1110,東泥,14.55,14.65,14.25,14.35,-,0.3,275591,3961605.0,-93000,0,4000,23000,0,4000,116000,0,0
20261002,9911,櫻花,81.5,81.7,81.3,81.4,-,0.1,164664,13410261.0,-90000,0,0,21000,0,0,111000,0,0
20261002,00924,復華S&P500成長,34.09,34.09,33.86,34.01,-,0.08,693235,23549497.0,-6431,0,-83951,2569,0,267999,9000,0,351950
20261002,4178,永笙-KY,17.5,18.2,17.2,18.0,-,0.35,466489,8198736.0,-88000,0,-3000,19000,0,1000,107000,0,4000
20261002,3056,富華新,13.75,13.8,13.65,13.7,-,0.05,421523,5783298.0,-91000,0,0,67000,0,0,158000,0,0
20261002,1215,卜蜂,105.5,105.5,104.5,105.0,-,0.5,421935,44207598.0,-89000,0,-3523,85000,0,1000,174000,0,4523
20261002,00643,群益深証中小,17.19,17.19,16.95,16.96,-,0.22,2430710,41253313.0,34000,0,-128054,47000,0,2235572,13000,0,2363626
20261002,6166,凌華,130.0,133.0,129.0,130.0,,0.0,999557,130446877.0,-94868,0,-1446,228305,0,19809,323173,0,21255
20261002,3015,全漢,55.2,55.2,54.0,54.4,-,0.2,418543,22852787.0,-56890,-46000,5100,160110,0,5100,217000,46000,0
20261002,2547,日勝生,9.81,9.81,9.76,9.76,-,0.02,671986,6565362.0,-99000,0,0,97000,0,0,196000,0,0
20261002,8411,福貞-KY,11.8,11.8,11.6,11.6,-,0.3,241808,2816972.0,-19000,0,-80000,1000,0,0,20000,0,80000
20261002,2849,安泰銀,15.8,15.8,15.35,15.35,-,0.65,239471,3723272.0,-67000,0,-32932,58000,0,1000,125000,0,33932
20261002,2107,厚生,26.8,27.05,26.7,26.95,,0.0,217200,5851462.0,-101132,0,0,20868,0,0,122000,0,0
20261002,2905,三商,18.05,18.05,17.65,17.8,-,0.25,798384,14210604.0,-96856,0,-4455,80000,0,545,176856,0,5000
20261002,2923,鼎固-KY,24.65,24.8,23.95,23.95,-,1.45,197446,4804590.0,-105000,0,-1000,65000,0,12000,170000,0,13000
20261002,6988,威力暘-創,11.6,11.75,11.3,11.45,-,0.2,140020,1608180.0,-116000,0,8980,0,0,24000,116000,0,15020
20261002,9940,信義,20.0,20.2,19.9,20.1,+,0.05,220102,4406632.0,-111000,0,673,7000,0,6000,118000,0,5327
20261002,2236,百達-KY,107.5,108.5,105.0,107.5,-,1.0,570594,60840260.0,-114000,0,0,91000,0,6000,205000,0,6000
20261002,2505,國揚,17.0,17.05,16.95,17.0,-,0.05,273583,4650101.0,-75288,0,-39000,12712,0,0,88000,0,39000
20261002,1307,三芳,31.45,31.45,31.05,31.3,-,0.15,340530,10621956.0,-110000,-5001,-1000,88000,0,0,198000,5001,1000
20261002,00898,國泰基因免疫革命,11.93,11.93,11.82,11.87,-,0.24,387501,4599307.0,-65000,0,-52490,1000,0,32395,66000,0,84885
20261002,3703,欣陸,19.55,19.6,19.45,19.55,,0.0,436814,8524993.0,-125000,0,7000,91000,0,7000,216000,0,0
20261002,6206,飛捷,139.0,139.0,136.5,137.0,-,2.0,665047,91456863.0,-112811,-3576,-2801,128189,0,9000,241000,3576,11801
20261002,9802,鈺齊-KY,64.5,64.9,64.1,64.4,-,0.4,397916,25615002.0,78450,-205000,4965,198600,0,5000,120150,205000,35
20261002,8210,勤誠,848.0,848.0,834.0,841.0,-,4.0,1636063,1372633071.0,-7882,-117000,3108,413123,0,45392,421005,117000,42284
20261002,1201,味全,11.6,11.6,11.5,11.55,-,0.05,328988,3802201.0,-122000,0,0,10000,0,0,132000,0,0
20261002,00882,中信中國高股息,14.85,14.87,14.75,14.78,-,0.06,3408185,50391657.0,-232000,0,109790,38000,0,852000,270000,0,742210
20261002,2316,楠梓電,167.0,171.5,165.5,170.5,+,3.5,2945458,496745445.0,-158541,-3000,38702,1212459,0,51700,1371000,3000,12998
20261002,3209,全科,45.35,46.35,45.2,46.1,+,0.75,875083,40209916.0,-123000,0,-104,230000,0,986,353000,0,1090
20261002,2439,美律,76.1,76.1,75.4,75.7,-,0.8,1599165,121014473.0,-153015,18000,10307,419000,20000,20000,572015,2000,9693
20261002,4532,瑞智,24.7,24.85,24.7,24.75,-,0.05,389250,9635791.0,-115550,-6562,-3000,129000,0,0,244550,6562,3000
20261002,2390,云辰,10.25,10.25,10.05,10.15,,0.0,288005,2918300.0,-126000,0,286,30000,0,286,156000,0,0
20261002,7610,聯友金屬-創,1790.0,1805.0,1715.0,1725.0,-,55.0,663600,1160434785.0,-137844,0,11848,81162,0,35605,219006,0,23757
20261002,9958,世紀鋼,92.0,92.4,91.3,91.4,-,0.6,634075,58095718.0,-123589,0,-3131,136645,0,49,260234,0,3180
20261002,2211,長榮鋼,79.2,79.9,79.1,79.4,+,0.1,347982,27650624.0,-127000,-1613,-251,125000,0,4000,252000,1613,4251
20261002,2645,長榮航太,174.0,174.5,172.5,173.5,-,0.5,597952,103803397.0,-167806,-3000,40730,157000,0,42978,324806,3000,2248
20261002,4977,眾達-KY,175.0,177.0,171.5,175.5,+,5.0,5207603,912066339.0,-133635,0,2389,880826,0,60084,1014461,0,57695
20261002,6831,邁科,474.5,485.0,473.5,481.0,+,6.5,609050,291763196.0,-122899,-384,-8132,216301,0,18276,339200,384,26408
20261002,00907,永豐優息存股,17.61,17.68,17.59,17.66,+,0.02,955814,16845795.0,-49000,0,-83851,1000,0,509000,50000,0,592851
20261002,4552,力達-KY,15.5,15.7,15.4,15.65,,0.0,199434,3114751.0,-136000,0,115,34000,0,115,170000,0,0
20261002,1736,喬山,127.5,127.5,123.0,123.5,-,4.0,733151,90988187.0,-137191,0,-283,135100,0,4000,272291,0,4283
20261002,00639,富邦深100,15.03,15.1,14.94,14.97,-,0.18,345756,5182067.0,28000,0,-167404,29000,0,39217,1000,0,206621
20261002,9934,成霖,9.85,9.89,9.82,9.83,-,0.03,338796,3332710.0,-140206,0,0,5000,0,0,145206,0,0
20261002,2597,潤弘,167.0,167.0,164.0,165.5,-,2.0,327348,54175776.0,-135200,0,-5283,88800,0,0,224000,0,5283
20261002,2106,建大,16.55,16.7,16.55,16.65,,0.0,349369,5807781.0,-141000,0,0,80000,0,0,221000,0,0
20261002,1611,中電,11.4,11.45,11.35,11.35,-,0.1,375267,4272749.0,-141090,0,0,40000,0,0,181090,0,0
20261002,3406,玉晶光,941.0,974.0,929.0,961.0,+,11.0,4816591,4588516401.0,-484464,315500,27619,1564977,319000,188743,2049441,3500,161124
20261002,5531,鄉林,6.86,6.89,6.85,6.86,-,0.05,283715,1947365.0,-142000,0,0,20000,0,0,162000,0,0
20261002,6861,睿生光電,293.0,298.5,290.0,296.0,+,4.0,1565281,460081078.0,-122910,0,-24563,191130,0,23051,314040,0,47614
20261002,3653,健策,6790.0,7065.0,6760.0,6800.0,-,75.0,1067819,7324720230.0,-219182,63500,848,504741,67000,26709,723923,3500,25861
20261002,6414,樺漢,402.5,405.0,398.5,401.5,-,1.0,896466,359188617.0,-158244,0,-8257,379280,3000,19240,537524,3000,27497
20261002,9103,美德醫療-DR,4.94,4.98,4.92,4.95,+,0.01,350330,1728606.0,-166000,0,-600,2000,0,0,168000,0,600
20261002,2548,華固,91.9,92.5,91.4,92.5,+,0.7,1422249,130692659.0,-157900,4600,-14000,513300,4600,20000,671200,0,34000
20261002,5234,達興材料,305.0,322.0,302.5,312.0,+,9.5,741353,231993373.0,-171980,-2000,5960,187020,15000,22161,359000,17000,16201
20261002,1795,美時,177.5,177.5,175.5,176.0,-,1.0,610648,107566118.0,-159000,0,-9149,61000,0,4000,220000,0,13149
20261002,1532,勤美,22.2,22.2,21.95,22.1,-,0.1,473423,10439090.0,-174000,0,0,18000,0,0,192000,0,0
20261002,8438,昶昕,82.0,85.0,81.9,84.2,+,3.3,900296,75652071.0,-175980,0,-72,184020,0,2573,360000,0,2645
20261002,2474,可成,207.0,207.5,206.0,207.0,-,0.5,1050240,217097495.0,-175182,-50328,49021,169843,10000,64735,345025,60328,15714
20261002,2537,聯上發,11.1,11.15,11.05,11.05,-,0.05,453711,5031639.0,-153914,0,-24000,12086,0,0,166000,0,24000
20261002,2538,基泰,8.83,8.87,8.8,8.87,+,0.04,337876,2985882.0,-182000,0,0,56000,0,0,238000,0,0
20261002,2852,第一保,27.6,27.65,27.35,27.5,-,0.1,436393,11980894.0,-182000,0,0,44000,0,0,226000,0,0
20261002,1444,力麗,6.88,6.94,6.88,6.92,+,0.02,699057,4833694.0,-168001,-17000,0,191000,0,0,359001,17000,0
20261002,6885,全福生技,31.7,31.85,30.4,30.4,-,1.1,883614,27350095.0,-188000,0,2000,103000,0,2000,291000,0,0
20261002,8028,昇陽半導體,280.0,287.0,277.5,283.5,+,3.5,5010534,1415518908.0,-230350,0,44305,1080150,0,93456,1310500,0,49151
20261002,2385,群光,106.0,106.5,104.5,104.5,-,1.0,1804741,189782121.0,-329228,38027,103253,930580,55313,106561,1259808,17286,3308
20261002,6598,ABC-KY,26.25,27.7,26.25,27.25,+,0.6,305555,8297019.0,-202000,0,1000,26000,0,2000,228000,0,1000
20261002,6416,瑞祺電通,119.0,119.0,116.5,117.5,-,3.0,674694,79423779.0,-207833,0,6390,84167,0,9000,292000,0,2610
20261002,4576,大銀微系統,238.0,239.5,232.5,234.0,-,3.5,1209388,284394458.0,-124508,-70000,-7272,302492,0,5002,427000,70000,12274
20261002,6472,保瑞,430.5,431.0,420.5,420.5,-,9.0,428488,181195604.0,-185858,0,-19258,29000,0,12000,214858,0,31258
20261002,2359,所羅門,128.0,129.0,127.5,128.5,+,0.5,1036629,132904099.0,-162194,0,-53412,193806,0,5000,356000,0,58412
20261002,7799,禾榮科,558.0,561.0,535.0,543.0,-,12.0,954743,519201918.0,-220729,0,3000,142000,0,5000,362729,0,2000
20261002,2375,凱美,124.0,129.0,123.0,126.0,+,1.5,5894540,746602456.0,-166250,-3000,-48836,1256750,0,35605,1423000,3000,84441
20261002,00757,統一FANG+,143.95,144.1,143.5,144.1,-,1.25,524830,75463099.0,-157030,0,-75227,25020,0,153000,182050,0,228227
20261002,6706,惠特,155.5,160.0,153.0,154.5,,0.0,4150630,647336338.0,-220040,0,-12835,823010,0,166221,1043050,0,179056
20261002,4968,立積,102.5,102.5,99.5,101.5,+,0.5,1136293,114637551.0,-246999,0,13825,143001,0,20479,390000,0,6654
20261002,2101,南港,29.65,29.65,29.1,29.3,-,0.35,3700548,108567069.0,-223000,0,-10559,837000,0,1000,1060000,0,11559
20261002,3450,聯鈞,531.0,553.0,522.0,543.0,+,28.0,17359031,9355047949.0,-1421895,1061000,119820,3245147,1085000,319463,4667042,24000,199643
20261002,3025,星通,59.9,59.9,54.9,55.4,-,2.7,1332929,74912030.0,-248995,0,0,176005,0,0,425000,0,0
20261002,9938,百和,38.3,38.45,38.15,38.25,-,0.3,391812,14998164.0,-247747,-3565,910,43253,0,2000,291000,3565,1090
20261002,1789,神隆,18.8,18.8,18.45,18.6,-,0.2,416118,7731877.0,-247333,0,-4277,29000,0,0,276333,0,4277
20261002,9927,泰銘,63.9,63.9,62.8,62.9,-,1.1,442219,27903712.0,-104000,0,-150000,5000,0,0,109000,0,150000
20261002,2442,新美齊,14.3,14.3,14.2,14.2,-,0.1,548727,7805315.0,-255000,0,0,67000,0,0,322000,0,0
20261002,4306,炎洲,14.5,14.55,14.4,14.45,,0.0,925985,13376939.0,-266201,0,8000,91000,0,8000,357201,0,0
20261002,3149,正達,74.8,79.7,74.0,77.3,+,3.0,24846956,1903926705.0,-260651,0,-625,4971128,0,23000,5231779,0,23625
20261002,6446,藥華藥,1170.0,1170.0,1140.0,1165.0,-,5.0,1255233,1452902990.0,-246960,-20000,4062,303473,0,51000,550433,20000,46938
20261002,2528,皇普,19.25,19.4,19.05,19.25,,0.0,405491,7789113.0,-40000,0,-224000,69000,0,0,109000,0,224000
20261002,5522,遠雄,60.8,60.9,60.2,60.5,-,0.3,507046,30718710.0,-256487,0,-9000,184000,0,0,440487,0,9000
20261002,6933,AMAX-KY,394.0,413.0,378.0,379.0,-,15.5,3286200,1295186930.0,-261594,0,-4907,633506,0,20547,895100,0,25454
20261002,2258,鴻華先進-創,31.5,31.75,31.0,31.0,-,0.9,541697,16905427.0,-281000,0,2556,56000,0,10473,337000,0,7917
20261002,4989,榮科,61.0,66.8,60.8,63.9,+,2.8,7789340,501374671.0,-277860,0,-4631,1740140,0,22928,2018000,0,27559
20261002,2379,瑞昱,765.0,765.0,750.0,754.0,-,8.0,1632949,1232206773.0,-399067,72228,42407,683774,120228,87026,1082841,48000,44619
20261002,3588,通嘉,60.0,60.1,56.2,58.2,-,1.0,1527854,88398103.0,-300646,0,14455,342020,0,20003,642666,0,5548
20261002,2539,櫻花建,34.05,34.2,33.85,34.0,-,0.25,1003922,34106629.0,-289000,0,-8468,244000,0,1000,533000,0,9468
20261002,00875,國泰網路資安,58.5,58.55,58.2,58.55,+,0.3,420967,24612131.0,-1996,0,-296860,2004,0,5000,4000,0,301860
20261002,3518,柏騰,41.0,44.35,40.15,44.35,+,4.0,10157623,432703787.0,-313341,0,14000,2023935,0,14000,2337276,0,0
20261002,2511,太子,8.32,8.32,8.28,8.28,-,0.04,521370,4323739.0,-312000,0,0,30000,0,0,342000,0,0
20261002,1722,台肥,41.15,41.3,41.05,41.15,,0.0,1659085,68285976.0,-308440,0,-5000,175560,0,0,484000,0,5000
20261002,6589,台康生技,52.2,52.4,50.3,50.8,-,1.6,800773,40794802.0,-318919,0,-2000,120081,0,0,439000,0,2000
20261002,3376,新日興,175.0,175.0,173.0,174.0,,0.0,1030830,179227035.0,-302173,0,-23705,142000,0,7000,444173,0,30705
20261002,2345,智邦,1955.0,1980.0,1920.0,1965.0,+,65.0,5328800,10405005906.0,-412823,110723,-25489,2217055,160040,105456,2629878,49317,130945
20261002,2483,百容,37.0,38.4,36.65,37.0,+,0.4,3184383,118967347.0,-331080,0,-1000,688120,0,0,1019200,0,1000
20261002,00956,中信日經高股息,13.41,13.41,13.27,13.29,-,0.14,436994,5815226.0,-56000,0,-282228,10000,0,50000,66000,0,332228
20261002,9910,豐泰,68.3,68.7,67.8,67.8,-,1.0,899806,61300415.0,-332909,-20000,-787,166091,12000,0,499000,32000,787
20261002,6141,柏承,52.2,52.7,50.5,51.0,-,1.2,2124864,108382285.0,-356951,0,0,168049,0,0,525000,0,0
20261002,4722,國精化,212.0,230.0,209.5,230.0,+,20.5,4598483,1021851570.0,-429933,0,67254,582000,0,102728,1011933,0,35474
20261002,4746,台耀,48.95,48.95,47.8,48.1,-,0.9,674570,32493710.0,-259791,-108000,0,77209,0,0,337000,108000,0
20261002,6994,富威電力,29.95,32.05,29.3,32.05,+,2.9,2578924,79717259.0,-379930,0,1790,540070,0,3870,920000,0,2080
20261002,3702,大聯大,119.0,120.0,117.5,119.0,,0.0,4724498,563326946.0,-23208,-467000,99358,1722849,18000,262680,1746057,485000,163322
20261002,8261,富鼎,182.5,192.0,180.0,186.5,+,5.0,5681906,1059648679.0,-443933,-2000,54836,1167906,0,118458,1611839,2000,63622
20261002,00713,元大台灣高息低波,62.75,62.75,62.6,62.7,-,0.15,2450041,153574777.0,134594,0,-537366,136594,0,210000,2000,0,747366
20261002,1227,佳格,28.0,28.1,27.9,27.95,-,0.15,658843,18423589.0,-393000,0,-12000,55000,0,0,448000,0,12000
20261002,00752,中信中國50,22.27,22.27,21.85,22.0,-,0.31,1825137,40150446.0,-60838,0,-365632,112162,0,715345,173000,0,1080977
20261002,1229,聯華,40.25,40.3,39.85,40.0,-,0.2,2092675,83651825.0,290874,-751000,22000,715000,20000,22000,424126,771000,0
20261002,8996,高力,1595.0,1635.0,1490.0,1510.0,-,55.0,5868925,9039210925.0,-420665,-80043,42904,1253695,0,188391,1674360,80043,145487
20261002,4763,材料*-KY,46.7,47.4,46.5,47.15,+,0.3,4011848,188934018.0,-290213,19000,-186617,1133523,19000,45003,1423736,0,231620
20261002,00646,元大S&P500,77.3,77.3,77.05,77.25,-,0.25,1530242,118105856.0,-551,23000,-489200,12449,23000,403000,13000,0,892200
20261002,4915,致伸,65.1,65.8,64.3,64.4,-,0.6,2611056,169453092.0,-471730,-2184,-1936,806270,0,6116,1278000,2184,8052
20261002,6533,晶心科,366.5,366.5,350.5,352.0,-,14.5,7574941,2702051591.0,-465296,0,-14925,1581052,0,97466,2046348,0,112391
20261002,0055,元大MSCI金融,48.7,48.85,48.48,48.85,+,0.15,842305,40927210.0,18913,0,-499659,98026,0,99000,79113,0,598659
20261002,6805,富世達,2340.0,2375.0,2300.0,2310.0,-,80.0,1860964,4325941780.0,511923,-1006000,2931,841869,0,31669,329946,1006000,28738
20261002,2836,高雄銀,12.05,12.1,12.0,12.0,-,0.05,1348690,16233369.0,-503753,0,8000,284247,0,8000,788000,0,0
20261002,6592,和潤企業,56.7,57.2,56.1,56.3,-,0.7,1010759,57222635.0,-337000,-178000,19117,112000,0,35000,449000,178000,15883
20261002,6541,泰福-KY,30.25,30.25,29.6,29.6,-,0.65,747941,22313646.0,-498000,0,0,89000,0,0,587000,0,0
20261002,6449,鈺邦,227.0,233.0,223.5,224.5,-,5.5,3152829,717724966.0,-478000,0,-27606,663000,0,30526,1141000,0,58132
20261002,2536,宏普,19.05,19.15,18.8,18.8,-,0.3,912720,17274699.0,-503000,0,-9000,129000,0,0,632000,0,9000
20261002,2020,美亞,26.0,27.8,25.1,26.9,+,0.7,7080440,189470428.0,-522175,0,-6000,1355825,0,1000,1878000,0,7000
20261002,8103,瀚荃,123.0,124.0,121.0,121.0,-,3.0,1955142,238302271.0,-544149,0,-13436,332194,0,1000,876343,0,14436
20261002,00943,兆豐電子高息等權,21.17,21.25,21.14,21.25,+,0.08,637591,13512526.0,-223000,0,-340055,0,0,0,223000,0,340055
20261002,4551,智伸科,173.0,186.5,172.0,186.0,+,13.5,3377447,607780909.0,-666439,-2000,87227,560561,0,111095,1227000,2000,23868
20261002,2363,矽統,59.8,63.5,59.3,62.4,+,1.8,15579464,959359930.0,-1157017,0,571826,2997983,0,891115,4155000,0,319289
20261002,3017,奇鋐,3570.0,3570.0,3385.0,3440.0,-,70.0,3274994,11292176870.0,-341979,-275034,28167,1300815,338078,129715,1642794,613112,101548
20261002,2368,金像電,1100.0,1120.0,1085.0,1105.0,+,10.0,7170519,7895619290.0,-624682,-11191,43869,2307821,45023,207321,2932503,56214,163452
20261002,3036,文曄,214.0,216.0,212.0,213.5,+,1.0,6758956,1446402222.0,-559126,-231266,190953,3177611,9734,310678,3736737,241000,119725
20261002,1210,大成,51.6,51.7,51.4,51.5,-,0.2,936983,48288910.0,-583420,0,-23648,71000,0,3000,654420,0,26648
20261002,5534,長虹,73.3,73.3,72.8,73.0,-,0.3,760082,55465711.0,-157000,-450000,-188,28000,0,5000,185000,450000,5188
20261002,1907,永豐餘,28.0,28.15,27.65,27.9,-,0.1,1312879,36495621.0,-25936,-589000,1259,491064,0,2259,517000,589000,1000
20261002,2049,上銀,337.5,339.0,331.0,332.5,-,2.5,1577341,525733137.0,-362235,-250000,-4434,411908,0,26255,774143,250000,30689
20261002,6177,達麗,46.65,46.65,46.0,46.0,-,0.65,1113794,51380537.0,-616055,0,-2952,89945,0,0,706000,0,2952
20261002,1909,榮成,10.1,10.2,10.1,10.1,-,0.1,1620404,16428520.0,-644381,0,-1000,321619,0,0,966000,0,1000
20261002,2204,中華,52.1,52.1,51.7,51.7,-,0.5,999588,51875238.0,-643000,-2928,308,49000,0,11000,692000,2928,10692
20261002,6550,北極星藥業-KY,17.5,17.5,16.75,16.75,-,0.75,1215634,20581999.0,-661262,0,0,14000,0,0,675262,0,0
20261002,2254,巨鎧精密-創,94.3,95.0,92.6,94.3,+,0.2,2135259,201037758.0,-683095,0,2984,247905,0,12000,931000,0,9016
20261002,4906,正文,40.3,43.6,40.15,41.85,+,1.35,13521119,570417624.0,-1057757,0,371969,3170055,0,486194,4227812,0,114225
20261002,2610,華航,20.2,20.35,20.15,20.35,+,0.05,7576661,153607908.0,-1831000,996000,142911,1508000,1173000,164591,3339000,177000,21680
20261002,6426,統新,350.5,373.0,344.5,361.5,+,22.0,4936579,1771029415.0,-747650,0,52069,797550,0,82844,1545200,0,30775
20261002,6205,詮欣,77.5,77.5,72.7,73.7,+,1.9,3399984,253895908.0,-702050,0,1703,462000,0,10000,1164050,0,8297
20261002,2915,潤泰全,58.1,58.2,57.4,57.5,-,0.8,1576854,90882797.0,-727000,0,3679,123000,0,5154,850000,0,1475
20261002,8422,可寧衛*,25.55,25.7,25.45,25.5,-,0.1,2992277,76422695.0,-764000,0,1000,511000,0,3000,1275000,0,2000
20261002,9941,裕融,77.8,77.8,76.5,76.7,-,1.2,1690865,130128327.0,143679,-917184,2716,513000,0,35000,369321,917184,32284
20261002,2484,希華,85.2,89.0,84.2,86.5,+,1.9,46132849,4000223819.0,-557873,-3000,-213752,11865475,0,42449,12423348,3000,256201
20261002,00909,國泰數位支付服務,48.0,48.45,48.0,48.44,-,0.07,1042649,50267974.0,-64900,0,-743973,17100,0,62000,82000,0,805973
20261002,2515,中工,11.9,11.95,11.85,11.9,-,0.05,2431185,28891880.0,-815840,0,6240,539160,0,7000,1355000,0,760
20261002,1597,直得,155.5,155.5,146.5,148.0,-,6.5,3289271,492893367.0,-874534,0,-5027,281230,0,62000,1155764,0,67027
20261002,3034,聯詠,541.0,543.0,533.0,537.0,-,10.0,2855910,1532560531.0,-1178728,211017,46521,895502,223425,114567,2074230,12408,68046
20261002,2312,金寶,31.0,31.1,30.75,30.85,-,0.15,5879296,181581143.0,-1149000,0,198275,999000,0,210000,2148000,0,11725
20261002,6949,沛爾生醫*-創,48.85,49.2,44.5,44.5,-,4.9,14023533,634983505.0,-774308,0,-181165,2292525,0,153000,3066833,0,334165
20261002,00917,中信特選金融,22.33,22.33,22.12,22.13,-,0.2,1601284,35471554.0,18000,0,-1001339,39000,0,286000,21000,0,1287339
20261002,2646,星宇航空,20.1,20.15,20.05,20.1,-,0.05,2950628,59264080.0,-974049,0,-12000,336000,0,0,1310049,0,12000
20261002,2208,台船,18.9,18.95,18.75,18.85,,0.0,1969954,37105359.0,-996830,0,-5000,154000,0,7000,1150830,0,12000
20261002,00885,富邦越南,17.93,17.93,17.72,17.78,-,0.16,2508509,44647128.0,-93922,0,-916682,122078,0,74000,216000,0,990682
20261002,2897,王道銀行,10.75,10.85,10.65,10.7,-,0.1,2489916,26660798.0,-1005285,0,-37734,461229,0,2000,1466514,0,39734
20261002,2472,立隆電,222.0,231.5,220.5,229.0,+,3.0,4791775,1095578186.0,-1099101,9000,22552,785029,9000,101510,1884130,0,78958
20261002,6155,鈞寶,69.6,75.5,69.5,72.5,+,2.9,16636888,1213912240.0,-1134050,-2000,49876,2778000,0,59000,3912050,2000,9124
20261002,2838,聯邦銀,20.45,20.55,20.4,20.4,-,0.25,1713294,35017966.0,-1093000,0,-31929,142000,0,24000,1235000,0,55929
20261002,2486,一詮,250.0,250.0,244.0,245.0,-,3.5,3396108,834891988.0,-1103462,-48000,13931,274540,0,39688,1378002,48000,25757
20261002,6669,緯穎,2115.0,2125.0,2080.0,2085.0,-,25.0,2329609,4869196730.0,-604228,-510319,-28554,477181,13566,219020,1081409,523885,247574
20261002,2912,統一超,212.5,212.5,210.0,210.5,-,2.0,2981945,627997406.0,-385574,-840000,-4942,719249,6000,2000,1104823,846000,6942
20261002,2454,聯發科,4950.0,4970.0,4880.0,4950.0,-,30.0,4503961,22207114990.0,-1471675,224681,-6001,1332503,241427,118814,2804178,16746,124815
20261002,8039,台虹,285.0,296.0,280.5,296.0,+,7.5,19171352,5501508547.0,-1389307,2000,25237,3643410,2000,482761,5032717,0,457524
20261002,00912,中信臺灣智慧50,36.25,36.41,36.18,36.36,+,0.15,1491827,54152592.0,-145960,0,-1269448,3040,0,5000,149000,0,1274448
20261002,2308,台達電,1895.0,1915.0,1880.0,1885.0,-,20.0,6064409,11464834210.0,-1540936,84361,21002,2313381,241725,77769,3854317,157364,56767
20261002,2903,遠百,21.95,21.95,21.8,21.8,-,0.15,1847025,40357217.0,-695000,-797000,16000,164000,0,16000,859000,797000,0
20261002,3026,禾伸堂,845.0,881.0,831.0,835.0,-,17.0,17157777,14718371825.0,-1954302,457000,-11688,3619151,461000,201911,5573453,4000,213599
20261002,00939,統一台灣高息動能,24.01,24.01,23.9,24.0,-,0.02,3228239,77298795.0,-501000,0,-1060192,37000,0,468000,538000,0,1528192
20261002,3013,晟銘電,94.0,94.3,91.5,92.7,-,1.3,4569107,423184847.0,-1410977,0,-157417,463050,0,48000,1874027,0,205417
20261002,3717,聯嘉投控,27.25,27.5,26.4,26.45,-,0.9,9385198,251299626.0,-1553168,0,-28000,1421041,0,0,2974209,0,28000
20261002,8112,至上,84.1,84.5,83.6,84.1,+,0.3,5045893,424656649.0,-1644036,-30000,23281,194484,0,55684,1838520,30000,32403
20261002,00963,中信全球高股息,12.37,12.37,12.28,12.31,-,0.18,2974253,36613999.0,-142000,0,-1600344,28000,0,187000,170000,0,1787344
20261002,3048,益登,53.9,55.0,53.3,53.7,+,0.9,4953591,267469532.0,-1742099,0,-3797,624000,0,10000,2366099,0,13797
20261002,2489,瑞軒,41.7,42.75,40.95,41.15,+,0.5,15967742,661897052.0,-1631203,19400,-218562,3479436,19400,47538,5110639,0,266100
20261002,2501,國建,21.0,21.05,20.8,20.85,-,0.2,2484844,51900370.0,-1904000,0,-19242,64000,0,3000,1968000,0,22242
20261002,2812,台中銀,18.8,18.85,18.75,18.75,-,0.05,5364231,100665858.0,-1849642,0,-74000,272358,0,30000,2122000,0,104000
20261002,3094,聯傑,69.2,73.0,67.9,70.3,+,2.6,35223446,2470460144.0,-1924807,0,-29673,7907543,0,54000,9832350,0,83673
20261002,2498,宏達電,43.7,43.7,42.9,42.9,-,0.8,7419209,319888053.0,-1967370,0,-133303,724630,0,43374,2692000,0,176677
20261002,00964,中信亞太高股息,14.81,14.82,14.73,14.78,,0.0,2692259,39751191.0,-362000,0,-1843133,101000,0,243000,463000,0,2086133
20261002,4938,和碩,90.8,90.9,89.1,89.2,-,1.0,4521969,405212390.0,-2404760,-67357,254897,733848,4000,364559,3138608,71357,109662
20261002,2464,盟立,194.5,199.0,190.5,195.5,+,2.0,11541972,2233866594.0,-2484864,0,146082,2065636,0,296253,4550500,0,150171
20261002,2301,光寶科,283.5,285.0,280.5,281.5,-,3.0,7078006,1995450931.0,-2238098,-238426,134366,990620,8914,367245,3228718,247340,232879
20261002,00662,富邦NASDAQ,125.5,125.75,125.2,125.6,-,0.6,3563648,447183720.0,87517,0,-2546230,257517,0,320000,170000,0,2866230
20261002,4919,新唐,151.0,167.0,145.5,163.0,+,11.0,57349128,8955449824.0,-3222885,-123,697674,13015008,0,1567510,16237893,123,869836
20261002,2633,台灣高鐵,25.65,25.8,25.6,25.75,-,0.05,3723884,95687157.0,-805000,-1779000,-26000,570000,14000,0,1375000,1793000,26000
20261002,2889,國票金,16.2,16.25,16.05,16.1,-,0.05,5874536,94775039.0,-2436000,0,-215000,991000,0,1000,3427000,0,216000
20261002,00904,台新臺灣半導體30,43.99,44.08,43.69,44.05,+,0.36,4126422,181102555.0,-244030,0,-2574005,375000,0,401241,619030,0,2975246
20261002,9105,泰金寶-DR,8.45,8.47,8.4,8.4,-,0.05,9479177,79919579.0,-3093400,0,16148,338600,0,17238,3432000,0,1090
20261002,2382,廣達,333.0,334.5,330.0,332.0,-,2.0,10305780,3415398966.0,-3708098,359882,263376,2958607,437625,363445,6666705,77743,100069
20261002,3706,神達,82.2,82.5,81.0,81.3,-,0.8,6734700,548860023.0,-3187269,-3000,22838,630431,60000,187000,3817700,63000,164162
20261002,2449,京元電子,295.5,298.0,292.0,295.5,-,0.5,13902351,4107551351.0,-2588097,-799000,94861,3584438,4000,407420,6172535,803000,312559
20261002,2354,鴻準,66.0,66.0,64.9,65.7,-,0.5,8981747,587995874.0,-3319645,0,-34564,1472000,0,92416,4791645,0,126980
20261002,00922,國泰台灣領袖50,43.82,43.93,43.69,43.86,+,0.01,8193352,359082661.0,-199885,0,-3204388,667115,0,736000,867000,0,3940388
20261002,2201,裕隆,29.15,29.2,28.65,28.65,-,0.55,5164307,148840289.0,-3431000,0,-23226,354000,0,25000,3785000,0,48226
20261002,9904,寶成,24.8,24.85,24.6,24.7,-,0.15,8170592,201626078.0,-3725000,-14742,246959,838000,65000,316728,4563000,79742,69769
20261002,5871,中租-KY,107.0,107.5,106.0,106.0,-,1.5,5948646,631464531.0,-1891318,-1750099,11944,1267655,110392,23000,3158973,1860491,11056
20261002,00947,台新臺灣IC設計,40.65,40.7,40.26,40.48,+,0.03,8284884,335319849.0,-566917,0,-3131853,929083,0,876000,1496000,0,4007853
20261002,2834,臺企銀,17.5,17.55,17.45,17.45,-,0.05,12028725,210357855.0,-4805080,0,-90454,1356000,0,9000,6161080,0,99454
20261002,2330,台積電,2505.0,2515.0,2495.0,2500.0,-,10.0,15792206,39508159297.0,-5913974,253678,316882,7044515,539805,390303,12958489,286127,73421
20261002,2845,遠東銀,13.05,13.05,12.9,12.9,-,0.2,13221721,171115149.0,-1711911,-3702000,-147927,1421000,1377000,22000,3132911,5079000,169927
20261002,00934,中信成長高股息,30.06,30.12,29.97,30.01,,0.0,6515018,195548420.0,-300000,0,-5356748,38000,0,17000,338000,0,5373748
20261002,2356,英業達,59.9,59.9,59.0,59.0,-,0.7,11624754,688496951.0,-5999455,-275561,337838,1720630,150439,517233,7720085,426000,179395
20261002,00929,復華台灣科技優息,29.61,29.75,29.56,29.73,+,0.14,22790454,675993964.0,-1366130,0,-4597846,1499270,0,144847,2865400,0,4742693
20261002,2885,元大金,67.0,67.4,66.6,66.8,-,0.6,19695021,1314854230.0,-9626470,1764355,842418,3551663,2951355,1000556,13178133,1187000,158138
20261002,2344,華邦電,182.5,184.0,177.5,179.0,-,1.0,74491648,13376065897.0,2135571,-10224141,931471,25959274,259833,1663254,23823703,10483974,731783
20261002,2353,宏碁,31.85,31.9,31.3,31.4,-,0.45,13319795,419119737.0,-4328960,143394,-3059553,1964040,213394,457758,6293000,70000,3517311
20261002,2481,強茂,176.0,178.5,172.5,174.5,-,3.0,28414583,4957028528.0,-6363799,-1670000,209500,6188138,97000,546961,12551937,1767000,337461
20261002,00962,台新AI優息動能,15.16,15.18,15.11,15.15,-,0.03,11083209,167927278.0,-4931,0,-9408100,16069,0,0,21000,0,9408100
20261002,6226,光鼎,50.0,51.7,45.05,46.4,-,1.6,39930818,1884069211.0,-9350741,-2000,-422004,5278269,0,0,14629010,2000,422004
20261002,1101,台泥,25.75,25.75,25.3,25.35,-,0.2,25248148,641982484.0,-10867517,-35000,183601,3363052,0,549000,14230569,35000,365399
20261002,00878,國泰永續高股息,34.86,34.93,34.8,34.89,,0.0,21389295,745852939.0,-134045,0,-11596932,1094530,0,398000,1228575,0,11994932
20261002,1216,統一,73.7,73.8,72.6,72.7,-,1.2,19541612,1424602116.0,-10074303,-2684000,769211,5909836,92000,769211,15984139,2776000,0
20261002,0052,富邦科技,65.9,66.1,65.65,65.95,-,0.05,19649076,1295277206.0,-4356057,0,-7935292,681243,0,608000,5037300,0,8543292
20261002,2317,鴻海,253.0,253.0,250.5,251.0,-,3.0,30466967,7654181137.0,-15146584,223181,15709,9011267,255503,248698,24157851,32322,232989
20261002,00918,大華優利高填息30,33.84,33.85,33.77,33.81,-,0.08,34981797,1182401327.0,-1159600,0,-17462042,1229400,0,1239000,2389000,0,18701042
20261002,2887,台新新光金,41.05,41.35,40.35,40.55,-,0.7,56891872,2310835158.0,-17253512,-3740558,1647190,16756592,5686000,2161814,34010104,9426558,514624
20261002,00712,復華富時不動產,7.25,7.25,7.21,7.23,-,0.08,77903826,562728037.0,1295350,0,-21290045,7503350,0,150998,6208000,0,21441043
20261002,3231,緯創,190.5,191.0,186.0,186.5,-,4.0,36439616,6811804448.0,-21168811,-1344988,417433,5368079,129953,1099046,26536890,1474941,681613
20261002,2324,仁寶,36.7,36.75,36.2,36.2,-,0.45,35135273,1274998541.0,-23964875,9339,435429,3198710,9339,856249,27163585,0,420820
20261002,00927,群益半導體收益,40.31,40.6,40.06,40.52,+,0.23,40527833,1634992604.0,-4040430,0,-24954208,1862580,0,1955385,5903010,0,26909593
20261002,0050,元大台灣50,112.85,112.95,112.3,112.8,-,0.1,68967747,7769230752.0,-32346362,2250000,1004754,10367094,2250000,11821433,42713456,0,10816679
20261002,00919,群益台灣精選高息,31.6,31.6,31.47,31.55,-,0.08,72976828,2300298452.0,-5552309,0,-39348705,6731525,0,990500,12283834,0,40339205
20261002,0056,元大高股息,56.9,57.05,56.75,57.05,+,0.2,59502313,3385785017.0,-10913695,180000,-39949733,277097,180000,203000,11190792,0,40152733
