tradeDate,stockCode,stockName,openPrice,highPrice,lowPrice,closePrice,changeSign,change,totalShares,totalAmount,foreignNetShares,investmentNetShares,dealerNetShares,foreignBuyShares,investmentBuyShares,dealerBuyShares,foreignSellShares,investmentSellShares,dealerSellShares
20260209,0050,元大台灣50,74.05,74.15,73.75,73.95,+,2.05,122340661,9050873718.0,36795082,2200000,22906904,41505543,2200000,34311765,4710461,0,11404861
20260209,00878,國泰永續高股息,23.03,23.13,22.99,23.07,+,0.37,102270560,2360353188.0,39747068,0,19013844,42088482,0,28561107,2341414,0,9547263
20260209,2883,凱基金,18.55,19.1,18.45,18.85,+,0.55,118589676,2232927962.0,62397148,-3082000,-724980,82796468,0,599020,20399320,3082000,1324000
20260209,0056,元大高股息,38.16,38.2,37.94,38.03,+,0.51,67477566,2568662900.0,10733557,0,31354515,15548153,0,31751855,4814596,0,397340
20260209,2337,旺宏,88.8,88.8,87.3,88.8,+,8.0,124974018,11079539932.0,32833903,1887000,-277160,40122252,1887000,1663080,7288349,0,1940240
20260209,00919,群益台灣精選高息,23.55,23.63,23.46,23.5,+,0.24,59833600,1408501799.0,21870771,0,11884825,23040956,0,13544386,1170185,0,1659561
20260209,2887,台新新光金,23.5,24.0,23.4,23.8,+,0.45,98988994,2354408928.0,35558215,-4434000,-2592857,67728687,7000,1212018,32170472,4441000,3804875
20260209,1303,南亞,76.9,80.3,75.8,78.0,+,4.5,107011207,8379556557.0,24776196,-862000,2436004,45920332,478000,3718723,21144136,1340000,1282719
20260209,00881,國泰台灣科技龍頭,34.65,34.71,34.4,34.4,+,0.77,34931803,1208771985.0,10787650,0,14002324,11884650,0,16061712,1097000,0,2059388
20260209,0052,富邦科技,44.02,44.1,43.83,43.88,+,1.17,50130204,2202915844.0,1500116,0,20932607,4799466,0,25323646,3299350,0,4391039
20260209,00940,元大台灣價值高息,9.65,9.76,9.63,9.63,+,0.06,31512103,304618047.0,5332000,0,16705489,5909000,0,18549188,577000,0,1843699
20260209,00882,中信中國高股息,15.86,16.09,15.86,15.98,+,0.17,24153586,386445704.0,5006000,0,14153188,5254000,0,15190377,248000,0,1037189
20260209,00830,國泰費城半導體,56.4,56.8,56.4,56.55,+,3.1,25492675,1443191417.0,13039334,0,750509,13563446,0,3883723,524112,0,3133214
20260209,2890,永豐金,29.8,30.2,29.7,30.0,+,0.5,38376279,1151152428.0,14233941,-877000,-1153430,28618196,0,283450,14384255,877000,1436880
20260209,2882,國泰金,76.2,77.8,76.1,77.2,+,1.5,25357461,1957719227.0,12910855,-828000,-53694,20591355,72000,282306,7680500,900000,336000
20260209,2301,光寶科,169.0,174.0,167.0,173.5,+,9.0,26286133,4488008990.0,11138026,-4000,351037,18719517,0,899777,7581491,4000,548740
20260209,2610,華航,22.75,23.0,22.6,22.8,+,0.15,25922093,590217556.0,9476818,1498000,351311,16863288,2070000,688311,7386470,572000,337000
20260209,00939,統一台灣高息動能,15.59,15.64,15.51,15.51,+,0.24,12849254,200349831.0,2392119,0,8145097,2392119,0,10038097,0,0,1893000
20260209,00929,復華台灣科技優息,19.26,19.45,19.14,19.19,+,0.24,20878131,401788408.0,3916000,0,5568701,5266000,0,8828758,1350000,0,3260057
20260209,2867,三商壽,7.97,8.02,7.9,7.96,+,0.01,17340639,138221783.0,9103609,0,334000,14111000,0,384000,5007391,0,50000
20260209,1326,台化,40.1,42.95,39.65,42.95,+,3.9,44433647,1848377378.0,6806333,438000,1958465,14390721,438000,2192042,7584388,0,233577
20260209,2002,中鋼,20.6,20.6,20.2,20.35,-,0.05,37219118,756461137.0,9366312,0,-533313,18280312,0,137175,8914000,0,670488
20260209,00713,元大台灣高息低波,52.0,52.15,51.8,51.95,+,0.25,15067143,783170842.0,2820442,-90000,5870471,2966562,0,5997471,146120,90000,127000
20260209,2344,華邦電,106.0,107.5,101.0,107.5,+,9.7,155358413,16426279024.0,5238610,2480000,401446,29404072,2515000,1662816,24165462,35000,1261370
20260209,3711,日月光投控,319.5,330.0,316.5,327.0,+,22.5,35712116,11625601480.0,7174852,921866,-196389,23734488,958866,405734,16559636,37000,602123
20260209,2618,長榮航,38.75,38.95,38.5,38.8,+,0.2,26191164,1013821422.0,6630937,1487000,-679665,15603559,1982000,239000,8972622,495000,918665
20260209,00927,群益半導體收益,24.58,24.66,24.34,24.54,+,0.74,13417678,329490434.0,2444275,0,4715753,3043275,0,7365413,599000,0,2649660
20260209,2881,富邦金,93.0,94.2,92.9,93.8,+,1.4,14048109,1317080578.0,7316287,-482000,174574,11159941,44000,334802,3843654,526000,160228
20260209,2356,英業達,44.75,45.1,44.35,44.8,+,1.0,15882191,710631725.0,7104132,-113000,-380438,10211132,0,211356,3107000,113000,591794
20260209,2317,鴻海,219.0,220.5,217.5,218.5,+,3.5,31063914,6790047933.0,6430718,-91000,110917,17130005,69000,537281,10699287,160000,426364
20260209,00918,大華優利高填息30,23.1,23.2,22.98,22.99,+,0.1,17758140,409218790.0,2755112,0,3470158,3366300,0,5562000,611188,0,2091842
20260209,00922,國泰台灣領袖50,29.05,29.12,28.97,29.07,+,0.84,14962617,434735896.0,417000,0,5695217,1083000,0,10707219,666000,0,5012002
20260209,2382,廣達,284.0,285.0,281.5,284.0,+,4.5,12804351,3630104896.0,5886930,-71000,72798,8228364,1000,373558,2341434,72000,300760
20260209,1314,中石化,7.91,8.02,7.85,7.98,+,0.13,11541926,91742344.0,5249000,0,107000,6906000,0,108000,1657000,0,1000
20260209,2891,中信金,51.9,52.4,51.7,52.0,+,0.4,23955974,1248120090.0,7326034,-1659000,-656253,19176259,5000,492067,11850225,1664000,1148320
20260209,5880,合庫金,23.7,23.85,23.65,23.75,+,0.1,12517070,296706828.0,4714465,-6000,284000,7690265,0,284000,2975800,6000,0
20260209,8112,至上,72.0,73.4,71.5,72.5,+,3.1,12483537,905316965.0,4458000,-170000,481146,6891000,0,653526,2433000,170000,172380
20260209,2454,聯發科,1760.0,1870.0,1760.0,1830.0,+,120.0,12809280,23212906520.0,4159183,317573,228612,7087976,323573,588364,2928793,6000,359752
20260209,2103,台橡,15.75,16.35,15.75,16.1,+,0.65,9090924,146351715.0,4091212,0,-24000,5276212,0,32000,1185000,0,56000
20260209,5876,上海商銀,40.1,40.35,39.9,40.3,+,0.35,8699987,349879805.0,4382257,-72000,-455000,7424257,0,53000,3042000,72000,508000
20260209,2886,兆豐金,39.95,40.0,39.65,39.8,,0.0,15368518,611751764.0,4448735,4000,-646000,9072317,4000,177000,4623582,0,823000
20260209,00915,凱基優選高股息30,23.8,24.0,23.8,23.91,+,0.24,5389558,128911217.0,801000,0,2626300,821000,0,4042300,20000,0,1416000
20260209,6505,台塑化,49.15,50.4,48.9,50.0,+,1.4,6679217,332555463.0,3136523,0,269283,4681523,0,413555,1545000,0,144272
20260209,00935,野村臺灣新科技50,35.98,36.17,35.82,35.99,+,1.24,10751957,387291142.0,3479160,208000,-332399,4084160,208000,4339872,605000,0,4672271
20260209,2330,台積電,1830.0,1835.0,1815.0,1815.0,+,35.0,40350444,73691322355.0,2919301,267241,6580,26070743,395841,341185,23151442,128600,334605
20260209,2801,彰銀,20.6,20.65,20.5,20.55,+,0.05,13518530,277937917.0,3584143,-564000,172000,7629343,0,206000,4045200,564000,34000
20260209,2464,盟立,75.6,78.6,74.6,74.6,+,3.1,40121391,3075344676.0,2025400,0,1043154,9535000,0,1299724,7509600,0,256570
20260209,00900,富邦特選高股息30,14.52,14.54,14.36,14.36,+,0.09,8442661,121730135.0,1298000,-163000,1776159,1509000,0,2130519,211000,163000,354360
20260209,8271,宇瞻,122.5,123.5,121.0,123.5,+,11.0,9603062,1183442605.0,2737894,0,160977,3245015,0,177228,507121,0,16251
20260209,1434,福懋,17.3,17.9,17.25,17.75,+,0.65,5587575,98690986.0,2749500,0,26001,3811500,0,28001,1062000,0,2000
20260209,1304,台聚,11.35,11.85,11.25,11.6,+,0.4,5459133,63348447.0,2337000,0,360168,3405000,0,370200,1068000,0,10032
20260209,00946,群益科技高息成長,10.15,10.15,10.0,10.04,+,0.1,5625762,56593015.0,558000,0,2130654,820000,0,2850857,262000,0,720203
20260209,1313,聯成,10.35,10.8,10.3,10.65,+,0.5,4035919,42776715.0,2540000,0,30000,3190000,0,30000,650000,0,0
20260209,00909,國泰數位支付服務,37.8,38.58,37.8,38.33,+,3.22,6920543,264462268.0,3630617,0,-1074378,3909620,0,144103,279003,0,1218481
20260209,1717,長興,56.3,56.4,54.5,54.7,+,0.6,16229937,898695446.0,2391683,13647,119902,6894933,13647,174020,4503250,0,54118
20260209,2345,智邦,1270.0,1305.0,1245.0,1305.0,+,115.0,8165564,10446468375.0,1820288,459000,213214,3695531,467000,508430,1875243,8000,295216
20260209,1301,台塑,46.2,47.4,45.65,46.65,+,0.9,27638769,1286313821.0,1473442,0,993987,10802442,0,1107874,9329000,0,113887
20260209,00965,元大航太防衛科技,25.45,25.65,25.45,25.65,+,1.08,6430196,164308144.0,2757250,-400000,89863,2865365,50000,1090653,108115,450000,1000790
20260209,2441,超豐,87.3,91.4,87.0,89.7,+,5.9,10083572,901389147.0,2790274,0,-391677,6431274,0,223891,3641000,0,615568
20260209,3706,神達,77.1,77.8,76.5,77.0,+,1.4,6299075,484810085.0,2216277,0,141283,2804277,0,180998,588000,0,39715
20260209,2880,華南金,34.0,34.15,33.55,33.95,+,0.1,9842653,334350557.0,2655528,511000,-936016,7283128,511000,230000,4627600,0,1166016
20260209,6213,聯茂,118.5,120.0,115.5,118.0,+,3.0,9705655,1143385888.0,1992929,0,213096,4668039,0,323137,2675110,0,110041
20260209,2354,鴻準,57.5,57.9,57.0,57.9,+,1.6,4148097,238603518.0,2146346,-1000,26631,3145348,0,75632,999002,1000,49001
20260209,1536,和大,61.5,63.8,61.3,62.5,+,2.6,4407219,276769965.0,1996600,0,119532,2362000,0,160927,365400,0,41395
20260209,2889,國票金,16.6,16.8,16.55,16.65,+,0.15,4886815,81518202.0,1903097,-10000,49000,3128097,0,53000,1225000,10000,4000
20260209,1312,國喬,12.55,13.05,12.35,12.95,+,0.5,5163713,66237406.0,1529000,0,379900,2759000,0,543045,1230000,0,163145
20260209,2834,臺企銀,15.5,15.65,15.45,15.45,+,0.05,13607479,211387903.0,1736528,-1000,88580,7643620,0,93000,5907092,1000,4420
20260209,3167,大量,246.0,251.5,246.0,251.5,+,22.5,8704699,2179850089.0,1529000,0,250835,1796000,0,282835,267000,0,32000
20260209,2449,京元電子,297.0,301.5,291.5,291.5,+,8.0,20671710,6138782953.0,751288,484632,539298,8594740,517632,925480,7843452,33000,386182
20260209,00941,中信上游半導體,21.18,21.3,21.18,21.29,+,0.84,3139763,66805102.0,1193000,0,563153,1220000,0,1079000,27000,0,515847
20260209,00905,FT臺灣Smart,18.8,19.05,18.8,18.98,+,0.45,2203429,41859182.0,281220,0,1445725,289220,0,1508941,8000,0,63216
20260209,2812,台中銀,20.5,20.8,20.4,20.5,+,0.1,13549316,277889354.0,1661100,0,52283,6226100,0,54000,4565000,0,1717
20260209,2368,金像電,806.0,808.0,783.0,797.0,+,52.0,7356141,5868489611.0,1567883,188000,-65347,3631560,226000,211489,2063677,38000,276836
20260209,9904,寶成,31.2,31.4,30.8,31.0,+,0.2,6852756,212512300.0,2752000,-733000,-374705,5336000,0,41739,2584000,733000,416444
20260209,3149,正達,53.0,53.7,52.0,53.7,+,4.8,8987746,478891115.0,1576000,0,66219,3318000,0,67219,1742000,0,1000
20260209,6005,群益證,28.95,29.3,28.5,28.8,+,0.95,6790755,195953428.0,1604126,4000,0,2923156,404000,0,1319030,400000,0
20260209,1402,遠東新,28.15,28.4,28.0,28.35,+,0.35,5682711,160397501.0,1699368,-142000,32000,3865368,0,38000,2166000,142000,6000
20260209,2049,上銀,229.0,236.0,229.0,235.5,+,16.0,5147829,1202429643.0,1470325,21000,83493,2754947,21000,121217,1284622,0,37724
20260209,2903,遠百,23.1,23.55,23.05,23.4,+,0.3,4067272,94530906.0,1461241,-120000,124055,2101241,0,140055,640000,120000,16000
20260209,2316,楠梓電,96.6,99.5,96.5,98.0,+,2.5,3386639,332842823.0,1367300,0,82000,1911300,0,93378,544000,0,11378
20260209,2455,全新,173.0,176.5,167.5,173.0,+,8.5,11934930,2061542068.0,913023,31000,465486,4740023,31000,545093,3827000,0,79607
20260209,1310,台苯,8.94,9.12,8.94,8.98,+,0.07,2910706,26262547.0,1404000,0,2000,1646000,0,2000,242000,0,0
20260209,2605,新興,28.0,28.7,27.95,28.7,+,0.85,5716626,162309885.0,1093150,0,249717,2910150,0,307735,1817000,0,58018
20260209,2897,王道銀行,9.3,9.38,9.28,9.35,+,0.05,2958540,27647095.0,1262000,0,42000,1704000,0,42000,442000,0,0
20260209,6239,力成,248.0,253.5,243.0,243.0,+,3.5,9794886,2423062053.0,1274791,201388,-181540,5253700,801388,178524,3978909,600000,360064
20260209,1305,華夏,11.7,12.15,11.5,12.05,+,0.55,2411237,28770953.0,1279000,0,13000,1673000,0,13000,394000,0,0
20260209,00930,永豐ESG低碳高息,18.0,18.05,17.92,17.99,+,0.21,1415375,25472182.0,264000,0,1007908,267000,0,1041908,3000,0,34000
20260209,00904,台新臺灣半導體30,27.66,27.83,27.52,27.67,+,1.02,4410869,122237292.0,17000,0,1186631,246000,0,2651041,229000,0,1464410
20260209,1409,新纖,15.15,15.2,15.0,15.05,+,0.1,2800904,42320251.0,1155000,0,-1084,1734000,0,6916,579000,0,8000
20260209,2637,慧洋-KY,69.1,70.0,68.5,70.0,+,1.8,2360746,163854120.0,1211846,-101000,41210,1668846,3000,89297,457000,104000,48087
20260209,00902,中信電池及儲能,14.0,14.14,14.0,14.1,+,0.34,2128495,29983886.0,550000,0,540979,571000,0,874845,21000,0,333866
20260209,00896,中信綠能及電動車,20.74,20.9,20.74,20.78,+,0.51,1794036,37314995.0,388000,0,697043,420000,0,838384,32000,0,141341
20260209,00936,台新永續高息中小,17.31,17.45,17.18,17.25,+,0.17,2596281,44917770.0,1070000,0,12323,1073000,0,1275704,3000,0,1263381
20260209,2436,偉詮電,54.8,57.9,53.8,56.8,+,3.3,10529614,590145338.0,930879,0,119157,3176055,0,157320,2245176,0,38163
20260209,2328,廣宇,51.1,52.1,50.5,50.6,+,0.5,3416300,174223508.0,931063,0,85336,1445063,0,157000,514000,0,71664
20260209,9945,潤泰新,29.0,29.0,28.65,28.95,+,0.15,3210149,92758743.0,1014000,0,1842,1978000,0,29195,964000,0,27353
20260209,2838,聯邦銀,18.95,19.1,18.95,19.05,+,0.2,2508459,47741682.0,957001,0,37000,1285000,0,37000,327999,0,0
20260209,00960,野村全球航運龍頭,15.4,15.51,15.4,15.48,+,0.21,1622946,25125766.0,-15000,0,1003932,0,0,1246932,15000,0,243000
20260209,00894,中信小資高價30,30.94,31.32,30.94,31.13,+,0.94,1859977,58012327.0,67300,0,916607,230200,0,1030640,162900,0,114033
20260209,4919,新唐,58.0,59.0,57.9,58.5,+,1.8,2071389,121050474.0,1026000,0,-60517,1372000,0,20852,346000,0,81369
20260209,1504,東元,81.9,82.9,80.1,80.1,+,0.1,12019193,976575339.0,986476,-77000,33075,6724676,0,84812,5738200,77000,51737
20260209,2402,毅嘉,52.5,53.5,51.8,52.9,+,2.1,3684299,194008924.0,912076,0,6278,2327076,0,82379,1415000,0,76101
20260209,6214,精誠,111.0,112.0,108.0,109.0,-,1.5,2517202,275106744.0,887899,0,-6698,1272899,0,18000,385000,0,24698
20260209,1308,亞聚,13.4,13.75,13.1,13.65,+,0.5,2060415,27807783.0,887000,0,-13771,1221000,0,2229,334000,0,16000
20260209,2323,中環,10.15,10.25,10.0,10.1,+,0.14,4198477,42552867.0,850000,0,19000,1955000,0,33000,1105000,0,14000
20260209,3048,益登,37.4,39.35,37.35,38.8,+,2.5,3487204,134676489.0,821000,0,46680,1366000,0,47306,545000,0,626
20260209,2646,星宇航空,22.95,23.1,22.85,22.9,+,0.05,2917112,66966733.0,839200,0,26000,1605200,0,33000,766000,0,7000
20260209,3060,銘異,30.6,31.3,30.15,31.0,+,1.9,3985579,122922276.0,864000,0,1051,1504000,0,4044,640000,0,2993
20260209,2329,華泰,52.3,53.0,51.0,51.7,+,1.5,7986546,415296888.0,321090,0,514076,2951090,0,634007,2630000,0,119931
20260209,3014,聯陽,118.5,121.5,118.5,120.5,+,5.0,1501384,180189668.0,820888,0,5768,1012888,0,6714,192000,0,946
20260209,2633,台灣高鐵,27.15,27.25,27.05,27.15,+,0.15,3904238,106041515.0,770667,0,47781,2945667,0,48000,2175000,0,219
20260209,1907,永豐餘,25.95,26.15,25.95,26.15,+,0.45,1782157,46429171.0,771000,0,12000,1160000,0,15000,389000,0,3000
20260209,00893,國泰智能電動車,33.71,34.0,33.6,33.83,+,1.17,2519735,85211995.0,1304000,0,-524662,1324000,0,898566,20000,0,1423228
20260209,1608,華榮,33.15,33.35,32.75,33.0,+,0.4,2818040,93133015.0,727000,0,47301,1243000,0,69468,516000,0,22167
20260209,3413,京鼎,289.0,298.5,288.5,294.5,+,13.0,2447796,720825228.0,755018,-63000,61170,1225018,0,94194,470000,63000,33024
20260209,3034,聯詠,370.5,375.5,367.5,372.0,+,7.0,3518300,1306767113.0,1076367,-34133,-291769,2630213,3867,38794,1553846,38000,330563
20260209,00701,國泰股利精選30,29.17,29.43,29.16,29.26,+,0.24,1004310,29431474.0,120000,0,596134,132000,0,692134,12000,0,96000
20260209,3305,昇貿,108.0,111.5,105.5,111.0,+,8.5,5316529,578793917.0,301000,0,407117,1503000,0,464635,1202000,0,57518
20260209,2851,中再保,27.15,27.3,27.1,27.25,+,0.25,986211,26830822.0,623000,0,82000,672000,0,82000,49000,0,0
20260209,00938,凱基優選30,18.69,18.76,18.68,18.72,+,0.36,1057767,19796109.0,28000,0,675226,28000,0,976882,0,0,301656
20260209,2457,飛宏,28.35,28.85,28.0,28.5,+,0.75,3391425,96551702.0,491000,0,206254,1323000,0,244037,832000,0,37783
20260209,2855,統一證,29.1,29.5,28.8,29.0,+,0.6,4730390,137868033.0,694000,0,0,1830000,0,0,1136000,0,0
20260209,1528,恩德,26.75,26.8,23.9,23.9,-,2.65,7988325,197999858.0,676200,0,1000,1918200,0,1000,1242000,0,0
20260209,00692,富邦公司治理,65.25,65.5,65.1,65.25,+,1.6,1224306,79948172.0,40182,0,609941,113197,0,772941,73015,0,163000
20260209,2915,潤泰全,51.5,51.9,51.2,51.7,+,0.4,1650906,85162751.0,632000,0,2199,911000,0,5199,279000,0,3000
20260209,00921,兆豐龍頭等權重,18.36,18.41,18.31,18.36,+,0.31,657034,12063686.0,281000,0,339835,281000,0,339835,0,0,0
20260209,2027,大成鋼,37.85,38.15,37.3,37.7,+,0.7,14216729,535767146.0,352015,0,265464,5038215,0,768307,4686200,0,502843
20260209,3013,晟銘電,112.5,113.0,108.0,110.0,+,3.0,2240095,245821254.0,599460,0,17338,1204460,0,25000,605000,0,7662
20260209,4904,遠傳,92.0,92.9,91.3,92.5,+,0.3,6954488,642168388.0,791786,-205000,25975,4417260,0,41975,3625474,205000,16000
20260209,5243,乙盛-KY,84.8,86.4,83.2,85.6,+,3.7,2703333,230001252.0,542000,-50000,100643,1103000,0,104937,561000,50000,4294
20260209,2489,瑞軒,23.7,24.25,22.4,23.75,+,1.0,10731223,253229222.0,460056,0,128185,1093056,0,166185,633000,0,38000
20260209,00897,富邦基因免疫生技,9.63,9.67,9.62,9.66,+,0.22,1228627,11853532.0,907000,0,-321430,908000,0,247000,1000,0,568430
20260209,00850,元大臺灣ESG永續,61.4,61.8,61.4,61.6,+,1.4,1000136,61586746.0,14000,0,542488,21000,0,556581,7000,0,14093
20260209,00891,中信關鍵半導體,23.9,24.02,23.78,23.94,+,0.82,29964142,717170453.0,5286500,0,-4741439,6530500,0,6060878,1244000,0,10802317
20260209,00892,富邦台灣半導體,25.92,26.07,25.8,25.91,+,0.93,1622139,42146137.0,115000,0,421402,238000,0,960454,123000,0,539052
20260209,00961,FT臺灣永續高息,10.02,10.04,9.94,9.95,+,0.06,966973,9631096.0,-21000,0,555318,5000,0,588436,26000,0,33118
20260209,2612,中航,60.7,61.5,60.2,61.4,+,1.5,1060951,64825804.0,527050,0,4178,700050,0,5178,173000,0,1000
20260209,2486,一詮,143.0,144.5,139.0,142.0,+,6.0,5648387,800500637.0,477651,0,51894,1002651,0,62000,525000,0,10106
20260209,2031,新光鋼,39.1,39.75,38.9,39.6,+,1.05,829793,32767331.0,504000,0,20929,555000,0,21000,51000,0,71
20260209,4739,康普,67.1,69.1,66.9,69.1,+,6.2,2671387,183736757.0,476000,0,42962,782000,0,61948,306000,0,18986
20260209,1560,中砂,407.5,417.5,406.5,411.5,+,15.5,1704297,701646980.0,669010,-213000,57001,998010,0,90477,329000,213000,33476
20260209,1215,卜蜂,147.5,151.5,146.5,151.5,+,4.5,995888,148923845.0,473331,19000,18219,799038,39000,19372,325707,20000,1153
20260209,00901,永豐智能車供應鏈,28.25,28.7,28.25,28.57,+,0.86,724963,20721598.0,243000,0,265446,243000,0,438534,0,0,173088
20260209,7769,鴻勁,3765.0,3850.0,3765.0,3850.0,+,160.0,1098084,4198262355.0,500919,-7000,10046,707985,0,35046,207066,7000,25000
20260209,3535,晶彩科,112.5,117.0,109.0,111.5,+,4.5,15938276,1799046019.0,427990,0,71848,5114050,0,93525,4686060,0,21677
20260209,1718,中纖,7.0,7.05,6.94,6.98,+,0.04,2173237,15196507.0,555000,0,-74000,1003000,0,9000,448000,0,83000
20260209,3605,宏致,62.6,64.2,62.3,63.6,+,2.5,1672393,106024132.0,486000,0,-15093,785000,0,12397,299000,0,27490
20260209,6789,采鈺,285.5,288.0,280.5,285.5,+,8.0,1373126,391591605.0,409870,-1000,53618,658920,0,64693,249050,1000,11075
20260209,3701,大眾控,51.5,52.4,49.8,50.1,+,1.05,2275529,115291706.0,454196,0,8204,860196,0,11000,406000,0,2796
20260209,5469,瀚宇博,96.8,97.7,95.0,95.4,+,1.8,4413989,423442649.0,603000,-137000,-13948,2356000,0,31808,1753000,137000,45756
20260209,2383,台光電,2005.0,2110.0,1975.0,2080.0,+,155.0,5697621,11706690980.0,366549,152000,-77353,3006636,163000,120132,2640087,11000,197485
20260209,00770,國泰北美科技,52.65,52.75,52.45,52.55,+,2.0,1375981,72312720.0,278000,0,158614,293000,0,595515,15000,0,436901
20260209,2615,萬海,74.3,74.8,73.7,73.8,-,0.1,2790775,206932993.0,448494,-66000,53022,1607494,0,79319,1159000,66000,26297
20260209,00907,永豐優息存股,15.58,15.61,15.5,15.55,+,0.14,947591,14748666.0,5000,0,428949,7000,0,810000,2000,0,381051
20260209,8996,高力,880.0,883.0,852.0,883.0,+,80.0,3012450,2641679614.0,102000,281000,50644,776000,281000,58644,674000,0,8000
20260209,6202,盛群,47.8,49.35,47.65,48.85,+,2.45,3610995,175125063.0,419000,0,14172,1263000,0,16001,844000,0,1829
20260209,3661,世芯-KY,3260.0,3310.0,3210.0,3285.0,+,170.0,1846581,6026810585.0,307072,123000,-1049,914527,123000,57136,607455,0,58185
20260209,2606,裕民,61.1,61.8,60.9,61.3,+,0.7,1971288,120967922.0,1029104,-554000,-48992,1324104,0,50805,295000,554000,99797
20260209,4576,大銀微系統,111.0,115.0,111.0,113.5,+,7.0,980847,110715541.0,414000,0,10098,614000,0,11127,200000,0,1029
20260209,0061,元大寶滬深,23.52,23.74,23.52,23.74,+,0.24,501417,11863974.0,217000,0,202564,217000,0,203028,0,0,464
20260209,2360,致茂,1015.0,1050.0,1005.0,1030.0,+,63.0,2568250,2634180980.0,541942,-132039,8601,1642564,18961,72923,1100622,151000,64322
20260209,2010,春源,22.05,22.15,21.8,22.1,+,0.25,1283342,28255102.0,414230,0,2000,769230,0,8000,355000,0,6000
20260209,2476,鉅祥,83.9,84.4,82.2,82.5,+,2.1,1066102,88586802.0,418037,0,-5000,635037,0,4000,217000,0,9000
20260209,2845,遠東銀,12.45,12.5,12.4,12.45,+,0.05,3235867,40311953.0,370000,0,43000,1043000,0,43000,673000,0,0
20260209,2534,宏盛,20.1,20.2,19.8,19.8,-,0.3,954408,19062991.0,406154,0,1950,497154,0,2000,91000,0,50
20260209,4976,佳凌,30.5,31.25,30.5,31.05,+,1.0,845551,26262857.0,406000,0,1448,510000,0,2000,104000,0,552
20260209,5871,中租-KY,105.5,106.0,105.0,105.5,+,0.5,2313449,243739664.0,440894,-45000,7056,1203944,0,10056,763050,45000,3000
20260209,2352,佳世達,25.4,25.55,25.0,25.05,,0.0,2907106,73118014.0,371185,0,30660,1210185,0,31660,839000,0,1000
20260209,2392,正崴,39.6,40.2,39.0,39.1,+,0.5,935082,36823069.0,369000,0,28893,577000,0,37122,208000,0,8229
20260209,00926,凱基全球菁英55,23.42,23.67,23.42,23.64,+,0.54,600633,14197821.0,-4800,0,402367,200,0,427511,5000,0,25144
20260209,3545,敦泰,53.3,53.7,52.7,53.0,+,0.8,790881,42058091.0,395800,0,-2280,549000,0,1808,153200,0,4088
20260209,6592,和潤企業,60.6,61.6,60.5,60.8,+,0.6,1118243,68462949.0,375000,0,9363,680000,0,12173,305000,0,2810
20260209,7610,聯友金屬-創,234.0,241.0,227.5,241.0,+,21.5,2036408,486668698.0,374350,0,8316,585000,0,38414,210650,0,30098
20260209,8046,南電,402.0,416.5,391.0,416.5,+,37.5,3652951,1495644885.0,-265782,247000,389991,514000,327000,411308,779782,80000,21317
20260209,3450,聯鈞,247.0,248.0,241.0,244.5,+,3.0,5854081,1432857517.0,271517,0,95935,1668517,0,132434,1397000,0,36499
20260209,4977,眾達-KY,132.0,134.5,129.0,131.5,+,4.5,4310176,567563542.0,293859,0,72169,1341859,0,77181,1048000,0,5012
20260209,00898,國泰基因免疫革命,8.11,8.18,8.11,8.16,+,0.2,724876,5913539.0,437000,0,-71006,443000,0,178094,6000,0,249100
20260209,4916,事欣科,61.8,64.4,60.9,61.6,+,1.8,6069542,380486499.0,288900,0,76478,1718000,0,86271,1429100,0,9793
20260209,2359,所羅門,127.0,128.0,125.0,126.5,+,4.5,1221034,154377331.0,378000,0,-15468,611000,0,8000,233000,0,23468
20260209,1708,東鹼,34.6,35.25,34.15,35.0,+,0.85,2099735,73097479.0,433108,0,-73562,675108,0,34793,242000,0,108355
20260209,2006,東和鋼鐵,71.3,71.7,70.8,71.3,+,0.4,1395931,99518235.0,543116,-114000,-75232,770116,0,8350,227000,114000,83582
20260209,00944,野村趨勢動能高息,15.0,15.0,14.91,14.91,+,0.18,534345,7987760.0,-4000,0,357442,1000,0,486471,5000,0,129029
20260209,3062,建漢,24.65,24.7,24.15,24.15,+,0.1,1326519,32314919.0,350000,0,-382,555000,0,1000,205000,0,1382
20260209,00934,中信成長高股息,21.95,22.05,21.72,21.75,+,0.13,1798750,39255691.0,204000,0,133750,314000,0,647117,110000,0,513367
20260209,00762,元大全球AI,83.7,83.85,83.45,83.6,+,3.8,508174,42528116.0,146000,0,188649,146000,0,228664,0,0,40015
20260209,2731,雄獅,184.5,185.0,180.5,183.5,-,0.5,1594735,291883514.0,284127,0,50505,635127,0,96505,351000,0,46000
20260209,2836,高雄銀,12.15,12.2,12.1,12.15,+,0.05,934987,11363060.0,330010,0,-9000,410000,0,7000,79990,0,16000
20260209,2208,台船,23.05,23.05,22.3,22.65,+,0.85,10283820,233971095.0,306000,-2000,17000,2499000,0,17000,2193000,2000,0
20260209,3010,華立,120.5,122.5,118.5,120.5,+,5.5,1135613,136666642.0,203055,114000,2000,510055,114000,27000,307000,0,25000
20260209,8103,瀚荃,97.0,99.5,95.0,96.4,+,1.4,5346184,521659384.0,317290,0,967,1948025,0,1083,1630735,0,116
20260209,3653,健策,3120.0,3155.0,3055.0,3145.0,+,175.0,1879583,5861383160.0,449004,-126500,-9074,1032593,35000,69385,583589,161500,78459
20260209,3059,華晶科,38.2,38.9,37.8,37.8,+,0.35,1344118,51224960.0,307700,0,5051,555000,0,10030,247300,0,4979
20260209,2104,國際中橡,10.95,11.15,10.9,11.0,+,0.15,1832560,20214722.0,290000,0,20851,710000,0,22000,420000,0,1149
20260209,6215,和椿,110.0,112.0,109.0,112.0,+,6.0,1360038,150398439.0,280000,0,30631,530000,0,39592,250000,0,8961
20260209,1904,正隆,18.0,18.2,17.95,18.05,+,0.05,845395,15283073.0,299196,0,10000,457196,0,11000,158000,0,1000
20260209,8261,富鼎,92.5,93.5,90.6,90.6,+,0.7,987320,90341836.0,306035,0,2240,525035,0,6476,219000,0,4236
20260209,2331,精英,26.2,26.2,25.4,25.4,+,0.15,2408026,61670909.0,336000,-21000,-12627,965000,0,3000,629000,21000,15627
20260209,8131,福懋科,67.5,67.7,65.4,65.8,+,1.2,5972197,396892824.0,294000,0,4970,1945000,0,42002,1651000,0,37032
20260209,3533,嘉澤,1660.0,1675.0,1565.0,1610.0,+,15.0,2862848,4584243295.0,385335,-95000,5650,1182582,63000,61737,797247,158000,56087
20260209,6278,台表科,97.3,98.0,96.4,96.9,+,0.6,1649229,160063580.0,442053,-153000,-1935,756053,0,8120,314000,153000,10055
20260209,2820,華票,16.35,16.5,16.35,16.4,+,0.05,767743,12618846.0,276000,0,10000,445000,0,17000,169000,0,7000
20260209,2542,興富發,38.05,38.1,37.65,37.9,+,0.15,2304830,87171152.0,278431,0,7118,1316271,0,10000,1037840,0,2882
20260209,6830,汎銓,210.5,225.5,197.0,225.5,+,20.5,6574295,1393861308.0,182000,0,103057,1854000,0,290497,1672000,0,187440
20260209,00639,富邦深100,15.38,15.55,15.36,15.5,+,0.18,725682,11225753.0,92000,0,186974,98000,0,387974,6000,0,201000
20260209,3016,嘉晶,58.0,58.8,56.9,57.5,+,1.8,1707261,98848387.0,257000,0,15613,696000,0,27480,439000,0,11867
20260209,2030,彰源,16.55,16.55,16.15,16.35,+,0.05,801679,13047415.0,232000,0,40000,369000,0,40000,137000,0,0
20260209,4746,台耀,56.6,57.9,56.0,57.4,+,1.3,795630,45140662.0,265000,0,-3180,406000,0,1820,141000,0,5000
20260209,3596,智易,181.0,184.5,179.0,183.0,+,4.0,1209168,220700618.0,257925,0,1424,884025,0,1852,626100,0,428
20260209,3543,州巧,43.3,44.8,42.75,42.75,+,0.9,3147589,136649176.0,-391000,0,649000,572000,0,701000,963000,0,52000
20260209,1309,台達化,11.9,12.35,11.7,12.25,+,0.45,1417161,17156177.0,252000,0,735,584000,0,4000,332000,0,3265
20260209,6176,瑞儀,125.0,126.5,123.5,123.5,,0.0,1508946,188537535.0,428000,-142000,-37270,903000,0,13449,475000,142000,50719
20260209,5521,工信,20.8,20.9,20.25,20.55,-,0.05,3109210,63772940.0,158000,0,87024,1602000,0,90000,1444000,0,2976
20260209,3030,德律,187.5,189.5,184.5,186.5,+,4.0,1788512,333212809.0,226032,0,15086,621032,0,51005,395000,0,35919
20260209,6753,龍德造船,140.5,143.0,137.5,139.0,+,3.0,1250244,175451931.0,218000,0,22180,466000,0,68475,248000,0,46295
20260209,6442,光聖,1800.0,1860.0,1755.0,1850.0,+,155.0,1047568,1900958910.0,196335,2000,40400,269523,2000,42500,73188,0,2100
20260209,00952,凱基台灣AI50,12.41,12.52,12.4,12.4,+,0.21,2443356,30468384.0,-28960,0,267663,118040,0,1827167,147000,0,1559504
20260209,9955,佳龍,32.7,33.05,32.4,32.65,+,0.75,651004,21295445.0,238000,0,0,336000,0,0,98000,0,0
20260209,5234,達興材料,356.5,362.5,348.5,358.5,+,10.0,1043561,371838470.0,210809,-15000,35194,460009,0,66837,249200,15000,31643
20260209,6456,GIS-KY,41.85,43.5,41.35,42.15,+,0.25,2567492,108693625.0,103000,0,127454,1050000,0,148210,947000,0,20756
20260209,3029,零壹,111.0,112.0,110.0,110.0,+,2.0,1017713,113058514.0,211041,0,16989,473041,0,25014,262000,0,8025
20260209,3056,富華新,16.8,16.95,16.6,16.7,-,0.1,751377,12543488.0,230199,0,-2571,298199,0,3000,68000,0,5571
20260209,6861,睿生光電,74.0,75.6,71.8,73.4,+,1.9,1580992,116634717.0,226000,0,313,516000,0,7000,290000,0,6687
20260209,2388,威盛,51.3,52.7,50.8,50.9,+,0.4,1560482,80440608.0,215100,0,10124,521100,0,30328,306000,0,20204
20260209,6937,天虹,219.5,233.0,215.0,233.0,+,21.0,745525,169394619.0,191100,0,29599,285100,0,31849,94000,0,2250
20260209,4961,天鈺,145.0,147.0,144.0,146.0,+,3.5,390753,56849074.0,213000,0,6796,291000,0,12242,78000,0,5446
20260209,3645,達邁,57.8,58.2,56.6,57.8,+,1.5,1220566,70350928.0,204728,0,13819,482000,0,16251,277272,0,2432
20260209,3673,TPK-KY,38.6,40.2,38.5,38.5,+,0.6,1833083,71832908.0,218000,0,-1165,873000,0,34336,655000,0,35501
20260209,4551,智伸科,119.5,123.5,118.5,122.5,+,6.5,505480,61273237.0,193000,0,22223,230000,0,26223,37000,0,4000
20260209,2905,三商,15.45,15.6,15.35,15.35,+,0.05,692741,10723332.0,212000,0,2999,397000,0,4000,185000,0,1001
20260209,00731,復華富時高息低波,72.35,73.0,72.35,72.5,+,0.65,1341280,97489833.0,416000,0,-205285,418000,0,907515,2000,0,1112800
20260209,1519,華城,948.0,964.0,934.0,945.0,+,35.0,2311495,2190922907.0,183034,0,27175,868038,0,55075,685004,0,27900
20260209,3051,力特,23.3,23.5,22.6,22.6,-,0.3,694957,15872071.0,208000,0,1000,350000,0,1000,142000,0,0
20260209,6235,華孚,57.8,58.6,56.9,58.3,+,1.5,463857,26833873.0,210000,0,-1951,295000,0,49,85000,0,2000
20260209,1432,大魯閣,19.15,19.2,18.9,19.15,+,0.25,493736,9431588.0,205000,0,2000,212000,0,2000,7000,0,0
20260209,2461,光群雷,16.6,16.95,16.4,16.55,+,0.35,524847,8724037.0,206000,0,1000,291000,0,1000,85000,0,0
20260209,00895,富邦未來車,41.07,41.5,41.07,41.38,+,1.45,611272,25283149.0,57966,0,143745,64000,0,274745,6034,0,131000
20260209,1810,和成,18.6,18.6,18.3,18.4,+,0.15,557700,10262862.0,200115,0,926,355115,0,1000,155000,0,74
20260209,3447,展達,43.0,43.0,40.9,40.9,-,1.3,696581,28837368.0,198000,0,242,340000,0,7000,142000,0,6758
20260209,1905,華紙,12.0,12.1,11.8,11.95,+,0.05,1163144,13892870.0,192000,0,4000,501000,0,6000,309000,0,2000
20260209,1597,直得,79.0,81.6,78.9,80.2,+,3.5,522300,41896628.0,187000,0,6743,274000,0,6743,87000,0,0
20260209,8033,雷虎,140.0,140.5,135.0,139.0,+,2.5,2501141,345421199.0,193992,0,-422,735050,0,7000,541058,0,7422
20260209,5434,崇越,324.0,331.5,324.0,331.0,+,9.5,663394,218306996.0,315033,-146266,24104,464033,28734,26104,149000,175000,2000
20260209,8016,矽創,189.0,195.5,189.0,192.5,+,2.0,520508,100046847.0,216007,-29000,4614,316027,0,5614,100020,29000,1000
20260209,00876,元大全球5G,60.55,60.8,60.4,60.75,+,2.55,418530,25367826.0,118003,0,68114,122003,0,214553,4000,0,146439
20260209,6854,錼創科技-KY創,124.0,128.0,123.5,125.5,+,6.0,618694,78219430.0,191000,0,-5366,288000,0,7951,97000,0,13317
20260209,8039,台虹,85.1,87.3,83.8,85.0,+,1.7,4046941,346069328.0,134016,0,50049,1320061,0,85883,1186045,0,35834
20260209,5471,松翰,36.85,37.8,36.85,37.45,+,1.8,727605,27197781.0,185000,0,-1000,343000,0,0,158000,0,1000
20260209,1522,堤維西,47.85,47.85,46.45,47.55,+,1.1,757605,35707245.0,182000,0,919,364000,0,2803,182000,0,1884
20260209,8222,寶一,39.65,40.0,39.15,39.6,+,0.8,271266,10762802.0,181000,0,-1134,208000,0,1000,27000,0,2134
20260209,1476,儒鴻,421.0,426.0,416.0,424.0,+,7.0,1180890,498244330.0,202849,0,-25664,854593,0,25990,651744,0,51654
20260209,6781,AES-KY,1150.0,1170.0,1135.0,1145.0,+,30.0,1229664,1414984520.0,238962,-90000,26848,503514,0,42774,264552,90000,15926
20260209,00916,國泰全球品牌50,26.7,26.89,26.7,26.73,+,0.39,396764,10600249.0,163000,0,10487,167000,0,115851,4000,0,105364
20260209,2312,金寶,24.8,24.9,24.0,24.25,-,0.1,22354099,544394502.0,412211,-207000,-33022,8681211,0,374700,8269000,207000,407722
20260209,9911,櫻花,84.8,85.4,84.6,85.1,+,0.5,384910,32698864.0,167226,0,3000,210051,0,3000,42825,0,0
20260209,1710,東聯,12.7,12.8,12.55,12.7,+,0.15,1562352,19790605.0,166000,0,4000,1013000,0,4000,847000,0,0
20260209,4722,國精化,164.5,166.5,160.0,164.5,+,3.5,1257989,205752288.0,156005,0,11758,457005,0,18000,301000,0,6242
20260209,2363,矽統,50.2,50.8,49.45,49.5,+,0.35,2828191,140996129.0,138000,0,25896,780000,0,30390,642000,0,4494
20260209,00932,兆豐永續高息等權,14.95,14.95,14.79,14.79,+,0.12,334197,4960727.0,22000,0,141621,26000,0,193212,4000,0,51591
20260209,00737,國泰AI機器人,34.77,35.09,34.77,35.03,+,1.37,451325,15807937.0,-3000,0,165968,1000,0,325000,4000,0,159032
20260209,3026,禾伸堂,105.5,106.5,103.0,104.5,+,1.5,1395417,146159681.0,165933,1500,-5974,751933,1500,2000,586000,0,7974
20260209,00646,元大S&P500,69.1,69.2,68.8,68.9,+,1.45,2121155,146163299.0,-120403,80000,201000,19597,80000,445000,140000,0,244000
20260209,3583,辛耘,320.0,323.0,318.5,320.0,+,9.5,400190,128152113.0,168110,0,-9075,229110,0,3925,61000,0,13000
20260209,00962,台新AI優息動能,11.12,11.14,11.07,11.08,+,0.2,262815,2915648.0,66000,0,92805,83000,0,115000,17000,0,22195
20260209,00733,富邦臺灣中小,50.05,50.25,48.91,48.98,+,0.5,914260,45217331.0,93031,0,65610,214031,0,376643,121000,0,311033
20260209,1618,合機,43.9,44.3,43.7,43.8,+,0.35,704852,30979381.0,163000,0,-5115,270000,0,1007,107000,0,6122
20260209,00963,中信全球高股息,12.3,12.33,12.29,12.31,+,0.11,1099080,13530831.0,140000,0,16867,149000,0,558402,9000,0,541535
20260209,4137,麗豐-KY,107.0,109.0,105.5,107.5,+,4.0,380039,40758073.0,153000,0,0,185000,0,0,32000,0,0
20260209,4164,承業醫,32.65,33.35,32.6,33.05,+,0.6,612910,20245814.0,155000,0,-5197,434000,0,3016,279000,0,8213
20260209,6472,保瑞,566.0,568.0,555.0,558.0,,0.0,837880,469422250.0,148770,0,335,331320,0,15000,182550,0,14665
20260209,9958,世紀鋼,127.0,128.5,124.0,124.0,-,1.5,1356927,170114871.0,141225,0,5979,573225,0,29100,432000,0,23121
20260209,6426,統新,128.0,131.0,125.5,128.5,+,8.0,1674642,214968102.0,-202000,0,348000,37000,0,348000,239000,0,0
20260209,3015,全漢,52.7,53.3,51.9,52.1,+,1.0,482906,25415847.0,144000,0,1631,253000,0,5000,109000,0,3369
20260209,7749,意騰-KY,411.0,430.0,411.0,423.5,+,24.5,379737,160420854.0,138000,0,4298,235000,0,5324,97000,0,1026
20260209,1773,勝一,143.0,148.0,140.5,146.0,+,7.0,1131841,164310419.0,112025,0,25002,366025,0,36002,254000,0,11000
20260209,2038,海光,15.45,15.55,15.15,15.35,+,0.2,476913,7300858.0,134000,0,2000,211000,0,4000,77000,0,2000
20260209,00735,國泰臺韓科技,63.7,63.8,62.9,63.15,+,2.6,1010020,63849768.0,156000,0,-21000,177000,0,182000,21000,0,203000
20260209,1529,樂事綠能,23.2,23.2,22.6,23.0,+,0.4,585351,13426831.0,132000,0,999,244000,0,1000,112000,0,1
20260209,0055,元大MSCI金融,32.38,32.92,32.38,32.88,+,0.55,273143,8944984.0,12000,0,119663,28000,0,132130,16000,0,12467
20260209,2059,川湖,3055.0,3055.0,2900.0,2910.0,-,45.0,799764,2358744485.0,167116,-37001,-4078,377416,0,31239,210300,37001,35317
20260209,2302,麗正,18.65,18.85,18.5,18.6,+,0.2,518230,9680405.0,135000,0,-10009,228000,0,1000,93000,0,11009
20260209,00861,元大全球未來通訊,61.95,62.85,61.95,62.75,+,1.9,161582,10130078.0,96989,0,27367,98002,0,27367,1013,0,0
20260209,2548,華固,106.0,107.0,105.5,106.0,+,0.5,506105,53696660.0,120477,0,3614,231727,0,5000,111250,0,1386
20260209,3592,瑞鼎,225.0,227.5,222.0,226.0,+,5.0,340185,76709164.0,121002,0,2067,225906,0,2067,104904,0,0
20260209,1319,東陽,105.0,105.0,103.0,103.5,,0.0,1800697,186756124.0,369337,-147000,-99892,1102337,0,20000,733000,147000,119892
20260209,00903,富邦元宇宙,16.47,16.65,16.47,16.6,+,0.62,172169,2857127.0,63000,0,58607,63000,0,61260,0,0,2653
20260209,2009,第一銅,43.3,43.45,42.65,43.2,+,0.75,2350900,101356447.0,138000,0,-17208,655000,0,18230,517000,0,35438
20260209,1702,南僑,37.45,37.65,37.4,37.6,+,0.15,211557,7932158.0,118000,0,999,127000,0,1000,9000,0,1
20260209,2369,菱生,25.6,25.8,25.0,25.25,+,0.65,4685286,118780559.0,126000,0,-8451,2014000,0,14228,1888000,0,22679
20260209,4306,炎洲,13.45,13.55,13.35,13.4,,0.0,590677,7912128.0,72000,0,43000,123000,0,43000,51000,0,0
20260209,2338,光罩,35.5,36.5,34.55,34.75,,0.0,2607145,91400425.0,145000,0,-30193,682000,0,29904,537000,0,60097
20260209,3563,牧德,500.0,507.0,486.5,496.5,+,8.5,1031427,511605741.0,119006,0,-5270,384007,0,12121,265001,0,17391
20260209,00717,富邦美國特別股,15.13,15.25,15.13,15.21,+,0.08,363636,5529889.0,11000,0,101250,14000,0,101250,3000,0,0
20260209,1590,亞德客-KY,1240.0,1245.0,1195.0,1215.0,+,20.0,693873,847534045.0,114745,10000,-13542,521427,10000,11989,406682,0,25531
20260209,3036,文曄,157.0,157.5,154.5,156.0,+,1.5,3438452,535251849.0,-321733,515000,-84082,1711167,611000,88091,2032900,96000,172173
20260209,1227,佳格,29.25,29.25,28.8,28.9,+,0.1,589888,17061536.0,106123,0,1704,203123,0,5000,97000,0,3296
20260209,6205,詮欣,50.0,50.0,48.3,48.55,-,0.45,373575,18207668.0,105000,0,-547,166000,0,0,61000,0,547
20260209,6834,天二科技,30.9,30.95,29.95,30.15,+,0.9,324520,9860484.0,103000,0,1000,176000,0,1000,73000,0,0
20260209,4562,穎漢,36.65,37.5,36.65,36.9,+,0.9,252776,9344904.0,102000,0,217,147000,0,1000,45000,0,783
20260209,4532,瑞智,25.65,25.95,25.55,25.65,+,0.15,591515,15222547.0,100150,0,2047,278150,0,3047,178000,0,1000
20260209,1723,中碳,72.9,73.7,72.9,73.0,+,0.5,289365,21197821.0,87051,0,14000,141051,0,15000,54000,0,1000
20260209,00643,群益深証中小,17.8,17.91,17.75,17.91,+,0.2,2514002,44874444.0,-42000,0,142822,29000,0,2323131,71000,0,2180309
20260209,6414,樺漢,284.0,287.0,283.0,284.0,+,3.5,445242,126758787.0,160018,-60000,723,259018,0,5007,99000,60000,4284
20260209,2484,希華,26.8,26.95,26.35,26.55,+,0.25,1049362,27952661.0,90000,0,9000,417000,0,9000,327000,0,0
20260209,1455,集盛,8.67,8.67,8.5,8.5,-,0.06,327452,2794250.0,83000,0,15308,110000,0,16000,27000,0,692
20260209,00912,中信臺灣智慧50,23.15,23.63,23.15,23.5,+,0.64,1003801,23632629.0,100250,0,-2227,100250,0,391219,0,0,393446
20260209,3004,豐達科,107.5,110.0,106.5,108.5,+,2.0,298310,32243029.0,95860,0,165,159060,0,1165,63200,0,1000
20260209,3504,揚明光,54.0,57.9,54.0,55.3,+,1.9,828704,46537209.0,96000,0,0,268000,0,0,172000,0,0
20260209,6994,富威電力,87.0,88.8,86.9,88.7,+,2.6,185177,16291780.0,94000,0,340,116000,0,340,22000,0,0
20260209,3027,盛達,22.55,23.3,22.55,22.95,-,0.3,570960,13055813.0,93000,0,864,200000,0,1000,107000,0,136
20260209,00908,富邦入息REITs+,14.37,14.37,14.35,14.35,+,0.05,214882,3085866.0,147000,0,-53932,149000,0,46068,2000,0,100000
20260209,2429,銘旺科,57.3,59.0,56.4,58.4,+,1.4,410519,23676746.0,93000,0,0,180000,0,0,87000,0,0
20260209,6112,邁達特,43.45,44.2,43.1,43.6,+,0.6,232354,10120001.0,92000,0,674,135000,0,1846,43000,0,1172
20260209,3346,麗清,21.45,21.45,20.9,20.95,+,0.05,217370,4572290.0,91000,0,1000,112000,0,1000,21000,0,0
20260209,00752,中信中國50,26.17,26.5,26.17,26.4,+,0.37,1465353,38665605.0,237000,0,-145617,276000,0,204458,39000,0,350075
20260209,1540,喬福,24.45,24.5,24.2,24.25,+,0.25,187269,4549549.0,91000,0,0,111000,0,0,20000,0,0
20260209,6668,中揚光,36.7,37.6,36.7,37.5,+,0.3,224250,8376998.0,90000,0,1000,134000,0,1000,44000,0,0
20260209,2472,立隆電,107.5,109.0,106.0,108.5,+,4.5,1361180,146459786.0,84043,0,6304,359043,0,21000,275000,0,14696
20260209,2462,良得電,25.3,25.5,24.7,25.15,+,0.35,356816,8974079.0,89000,0,1000,150000,0,1000,61000,0,0
20260209,2305,全友,12.95,13.05,12.55,12.55,-,0.1,573062,7265893.0,86000,0,3000,187000,0,3000,101000,0,0
20260209,4545,銘鈺,33.65,34.25,33.55,33.75,+,0.75,145230,4913101.0,87000,0,0,97000,0,0,10000,0,0
20260209,2375,凱美,83.7,84.3,82.0,83.0,+,1.9,738864,61195823.0,94000,0,-8828,253000,0,1338,159000,0,10166
20260209,2603,長榮,187.5,188.5,186.0,186.5,-,1.0,4715337,882043794.0,587362,-270100,-232418,2649637,2900,19589,2062275,273000,252007
20260209,2540,愛山林,46.5,46.75,46.2,46.75,+,0.4,393284,18263548.0,75000,0,8000,261000,0,8000,186000,0,0
20260209,3717,聯嘉投控,17.6,17.75,17.35,17.45,+,0.25,294212,5143045.0,81000,0,1000,141000,0,1000,60000,0,0
20260209,2365,昆盈,36.9,37.4,35.05,35.05,-,1.05,5096770,183840693.0,116000,0,-34945,1643000,0,6613,1527000,0,41558
20260209,2478,大毅,60.3,60.4,58.9,59.2,+,1.0,606739,36070480.0,87000,0,-7701,326000,0,1300,239000,0,9001
20260209,6168,宏齊,20.8,20.9,20.2,20.2,-,0.2,557823,11420393.0,76000,0,3000,207000,0,3000,131000,0,0
20260209,2062,橋椿,21.5,21.9,21.5,21.75,+,0.45,171370,3720565.0,56000,0,22000,86000,0,22000,30000,0,0
20260209,2032,新鋼,16.7,16.8,16.2,16.6,+,0.15,451957,7447705.0,51000,0,27000,191000,0,27000,140000,0,0
20260209,6742,澤米,41.8,43.85,41.8,43.75,+,2.2,215621,9331763.0,78000,0,0,110000,0,0,32000,0,0
20260209,2609,陽明,52.4,52.6,52.0,52.2,,0.0,5868133,306513160.0,236168,-74600,-84327,2858168,4400,55000,2622000,79000,139327
20260209,2535,達欣工,69.8,70.4,69.4,69.8,+,0.9,418945,29313163.0,75000,0,2000,127000,0,85000,52000,0,83000
20260209,8374,羅昇,90.1,90.1,87.1,87.1,+,1.9,429380,37892818.0,70000,0,4903,164000,0,6972,94000,0,2069
20260209,4770,上品,244.5,246.0,240.0,244.0,+,4.5,256074,62281066.0,74013,0,0,141013,0,2000,67000,0,2000
20260209,5258,虹堡,54.4,55.3,54.4,54.9,+,0.5,260966,14306512.0,95076,0,-22000,141076,0,1000,46000,0,23000
20260209,6695,芯鼎,42.55,43.85,42.4,42.4,+,0.4,189467,8139238.0,75000,0,-2000,115000,0,0,40000,0,2000
20260209,7711,永擎,223.0,224.0,219.5,223.0,+,5.0,158711,35247404.0,73000,0,0,89000,0,0,16000,0,0
20260209,2468,華經,36.55,36.8,36.3,36.5,+,0.15,166910,6098837.0,71000,0,1853,96000,0,2000,25000,0,147
20260209,00668,國泰美國道瓊,57.85,57.95,57.8,57.95,+,1.7,181422,10494984.0,0,0,72768,0,0,105768,0,0,33000
20260209,2545,皇翔,37.1,37.2,36.85,37.1,+,0.2,179441,6638287.0,70191,0,1847,98085,0,2000,27894,0,153
20260209,9946,三發地產,16.45,16.85,16.2,16.8,+,0.4,432377,7172380.0,81000,0,-9000,188000,0,2000,107000,0,11000
20260209,6526,達發,452.0,466.5,444.5,446.5,+,9.5,473515,214847365.0,69760,-1000,3196,178113,0,16090,108353,1000,12894
20260209,00943,兆豐電子高息等權,14.92,14.93,14.72,14.72,+,0.05,108614,1608980.0,1000,0,70434,2000,0,74000,1000,0,3566
20260209,00652,富邦印度,37.11,37.45,37.11,37.35,+,0.39,474171,17702016.0,0,0,70720,5000,0,233720,5000,0,163000
20260209,4989,榮科,48.0,48.0,45.5,45.65,-,0.35,5841382,270036941.0,70000,0,706,1329000,0,12000,1259000,0,11294
20260209,9902,台火,16.8,16.95,16.5,16.9,+,0.3,201405,3382921.0,68000,0,2563,103000,0,5000,35000,0,2437
20260209,2528,皇普,27.35,27.4,27.0,27.2,+,0.2,386698,10505074.0,68125,0,2000,170125,0,2000,102000,0,0
20260209,6658,聯策,53.2,54.9,53.2,54.9,+,2.9,219317,11877425.0,68000,0,1000,102000,0,1000,34000,0,0
20260209,4108,懷特,13.85,14.2,13.85,14.1,+,0.3,225578,3173805.0,67000,0,1000,68000,0,1000,1000,0,0
20260209,2106,建大,19.5,19.65,19.4,19.55,+,0.15,317011,6192467.0,63000,0,4964,178000,0,5000,115000,0,36
20260209,2495,普安,31.8,32.4,30.55,30.55,-,0.25,2594015,81100150.0,67000,0,471,826000,0,10000,759000,0,9529
20260209,2488,漢平,46.25,46.65,46.25,46.5,+,0.45,161778,7521254.0,66000,0,1000,68000,0,1000,2000,0,0
20260209,2108,南帝,23.8,23.95,23.65,23.95,+,0.2,318393,7563179.0,68000,0,-2175,136000,0,2000,68000,0,4175
20260209,2471,資通,51.5,52.6,51.3,51.8,+,2.05,331306,17182177.0,64000,0,1000,121000,0,1000,57000,0,0
20260209,3528,安馳,68.5,69.6,68.3,68.6,+,1.4,162657,11230172.0,63000,0,13,85000,0,13,22000,0,0
20260209,7750,新代,1095.0,1150.0,1080.0,1140.0,+,40.0,752512,844610360.0,58000,0,5000,333000,0,5000,275000,0,0
20260209,3003,健和興,47.95,48.3,47.0,47.45,+,0.15,208245,9846466.0,64000,0,-1417,96000,0,1583,32000,0,3000
20260209,1617,榮星,15.65,16.05,15.65,15.9,+,0.35,156110,2486111.0,47000,0,15000,62000,0,15000,15000,0,0
20260209,2387,精元,38.8,39.55,38.3,39.3,+,1.0,917098,35788226.0,88000,0,-28000,250000,0,1000,162000,0,29000
20260209,3703,欣陸,22.8,22.9,22.55,22.8,+,0.2,520713,11833330.0,120000,0,-60000,262000,0,4000,142000,0,64000
20260209,1526,日馳,20.0,20.55,19.55,19.85,-,0.15,235794,4694629.0,60000,0,0,110000,0,0,50000,0,0
20260209,2228,劍麟,94.5,95.5,94.5,94.9,+,0.9,160304,15203342.0,60036,0,-150,96036,0,1000,36000,0,1150
20260209,6591,動力-KY,65.0,66.1,64.8,65.4,+,1.2,158085,10327884.0,60000,0,-260,83000,0,2,23000,0,262
20260209,00702,國泰標普低波高息,24.3,24.41,24.29,24.37,+,0.22,178232,4343198.0,0,0,59551,0,0,166551,0,0,107000
20260209,7788,松川精密,170.0,172.5,166.0,167.0,-,1.0,359529,60677345.0,58000,0,1000,87000,0,1000,29000,0,0
20260209,00690,兆豐藍籌30,51.05,51.55,51.05,51.25,+,1.45,592000,30381224.0,-1000,0,59549,4000,0,207400,5000,0,147851
20260209,4952,凌通,39.55,40.35,39.45,39.9,+,0.85,215420,8599163.0,55000,0,1000,105000,0,1000,50000,0,0
20260209,9136,巨騰-DR,7.45,7.58,7.4,7.45,+,0.06,289153,2163237.0,55000,0,0,78000,0,0,23000,0,0
20260209,9919,康那香,16.8,16.85,16.6,16.75,-,0.05,453661,7582346.0,54000,0,1000,97000,0,1000,43000,0,0
20260209,6024,群益期,51.4,51.5,50.7,51.2,+,0.6,243024,12447349.0,54000,0,0,100000,0,0,46000,0,0
20260209,6192,巨路,121.5,122.0,120.0,121.0,+,2.0,202622,24498423.0,62940,0,-9000,130000,0,0,67060,0,9000
20260209,2017,官田鋼,8.75,8.76,8.63,8.69,+,0.02,610474,5313852.0,53000,0,696,160000,0,3000,107000,0,2304
20260209,1598,岱宇,20.3,20.35,20.0,20.1,+,0.05,158686,3192926.0,53000,0,0,73000,0,0,20000,0,0
20260209,6128,上福,23.0,23.95,22.95,23.85,+,0.85,201471,4761702.0,52000,0,38,59000,0,38,7000,0,0
20260209,4771,望隼,181.5,182.0,176.5,178.0,-,1.0,161873,28836599.0,46000,0,6000,72000,0,6000,26000,0,0
20260209,2247,汎德永業,273.0,284.5,273.0,282.5,+,13.5,372003,104738148.0,49312,0,978,112312,0,1978,63000,0,1000
20260209,1444,力麗,6.29,6.3,6.21,6.25,-,0.04,583845,3652565.0,46000,0,4000,135000,0,4000,89000,0,0
20260209,1340,勝悅-KY,6.57,7.14,6.49,6.8,+,0.25,457285,3133113.0,52000,0,-2977,113000,0,1023,61000,0,4000
20260209,1527,鑽全,34.35,34.35,33.8,34.25,+,0.35,168659,5752217.0,49000,0,0,84000,0,0,35000,0,0
20260209,00636,國泰中國A50,26.82,26.93,26.7,26.93,+,0.26,3444795,92445294.0,2000,0,45930,2000,0,3127605,0,0,3081675
20260209,5225,東科-KY,96.5,96.9,96.0,96.7,+,1.4,198060,19108448.0,52000,0,-4683,98000,0,1317,46000,0,6000
20260209,4540,全球傳動,45.55,48.45,45.0,48.25,+,4.05,3516004,165171660.0,47000,0,-648,812000,0,2443,765000,0,3091
20260209,2007,燁興,8.28,8.3,8.1,8.22,+,0.02,263391,2152878.0,42000,0,2000,90000,0,2000,48000,0,0
20260209,2204,中華,56.4,56.6,56.1,56.2,,0.0,479593,26986230.0,43000,-1000,1000,208000,0,2000,165000,1000,1000
20260209,3042,晶技,87.7,88.2,86.8,87.4,+,0.3,870106,76005100.0,124068,-119000,37415,368068,0,41552,244000,119000,4137
20260209,2425,承啟,28.6,28.7,28.1,28.2,+,0.2,135440,3842952.0,42000,0,-360,64000,0,0,22000,0,360
20260209,4755,三福化,129.0,130.0,126.5,127.5,+,1.0,256893,32796891.0,40000,0,1000,94000,0,1000,54000,0,0
20260209,5608,四維航,17.6,17.6,17.2,17.45,,0.0,1792483,31196138.0,40000,0,999,857000,0,2000,817000,0,1001
20260209,00714,群益道瓊美國地產,20.75,20.75,20.66,20.66,+,0.2,156135,3226443.0,3000,0,37997,4000,0,137997,1000,0,100000
20260209,3714,富采,36.0,36.6,35.6,35.7,+,0.1,2190218,78654849.0,45000,0,-4814,900000,0,7186,855000,0,12000
20260209,2415,錩新,27.1,28.0,27.05,27.5,+,1.2,526794,14503139.0,37000,0,2378,88000,0,3468,51000,0,1090
20260209,9908,大台北,29.9,29.9,29.75,29.85,+,0.1,102081,3045359.0,37000,0,2000,39000,0,2000,2000,0,0
20260209,2428,興勤,169.5,170.0,167.5,168.5,+,1.5,189548,31900365.0,37024,0,1544,88024,0,3554,51000,0,2010
20260209,8499,鼎炫-KY,272.5,280.0,266.0,271.5,,0.0,141064,38190537.0,36000,0,2516,65000,0,3191,29000,0,675
20260209,4766,南寶,310.5,313.0,308.0,312.0,+,4.0,148773,46204684.0,52287,-17000,2000,92017,0,2000,39730,17000,0
20260209,8072,陞泰,31.0,31.6,30.7,30.7,+,0.05,407248,12642731.0,38000,0,-851,140000,0,1000,102000,0,1851
20260209,5285,界霖,51.7,52.0,51.2,51.9,+,0.5,174517,9002111.0,33000,0,4000,96000,0,4000,63000,0,0
20260209,8045,達運光電,76.4,77.4,74.8,75.0,-,0.1,231518,17475566.0,40000,0,-3681,91000,0,0,51000,0,3681
20260209,1337,再生-KY,5.46,5.46,5.31,5.31,-,0.07,387023,2078292.0,45000,0,-9000,87000,0,1000,42000,0,10000
20260209,6272,驊陞,41.65,41.9,40.4,40.4,-,0.8,559350,22924929.0,35000,0,0,131000,0,0,96000,0,0
20260209,4426,利勤,9.42,9.45,8.93,9.19,-,0.23,259159,2392298.0,20000,0,14000,25000,0,14000,5000,0,0
20260209,2258,鴻華先進-創,37.95,38.0,37.7,37.85,+,0.35,333552,12614586.0,19000,0,14441,64000,0,18000,45000,0,3559
20260209,9925,新保,40.75,41.0,40.65,41.0,+,0.4,241252,9848697.0,31000,0,1622,163000,0,2000,132000,0,378
20260209,6782,視陽,171.5,173.5,170.5,172.5,+,2.0,124465,21384913.0,32000,0,0,64000,0,0,32000,0,0
20260209,2516,新建,14.4,14.75,14.4,14.7,+,0.3,347409,5094277.0,34000,0,-2000,62000,0,0,28000,0,2000
20260209,3530,晶相光,62.7,62.8,61.1,61.9,+,0.2,190224,11750690.0,32000,0,-139,69000,0,0,37000,0,139
20260209,1225,福懋油,28.2,28.55,28.2,28.4,+,0.2,278501,7912132.0,30000,0,1000,35000,0,1000,5000,0,0
20260209,2617,台航,30.4,30.4,30.05,30.2,+,0.15,297897,8991566.0,21116,0,9000,79116,0,9000,58000,0,0
20260209,2536,宏普,22.4,22.6,22.35,22.45,+,0.1,133050,2988152.0,29000,0,1000,51000,0,1000,22000,0,0
20260209,5292,華懋,191.0,191.0,173.0,177.0,-,15.0,1296354,230258650.0,30000,0,0,383000,0,0,353000,0,0
20260209,1612,宏泰,36.3,36.3,35.35,35.65,,0.0,868304,30924618.0,44105,0,-14270,253105,0,6417,209000,0,20687
20260209,1449,佳和,11.35,11.35,11.0,11.15,,0.0,423580,4726016.0,30000,0,-303,126000,0,0,96000,0,303
20260209,1587,吉茂,44.3,45.6,44.25,44.95,+,1.95,675657,30278964.0,50000,0,-20815,275000,0,4000,225000,0,24815
20260209,6525,捷敏-KY,78.4,79.6,77.3,79.3,+,1.0,127379,10041724.0,29000,0,0,60000,0,0,31000,0,0
20260209,7795,長廣,391.5,395.0,378.0,378.0,-,3.0,522556,201416543.0,30000,0,-1000,71000,0,0,41000,0,1000
20260209,1451,年興,17.55,17.75,17.45,17.5,+,0.15,126718,2223837.0,30932,0,-2000,39000,0,1000,8068,0,3000
20260209,2362,藍天,37.5,37.7,37.05,37.35,+,0.25,334303,12451337.0,26000,0,2542,204000,0,3000,178000,0,458
20260209,3057,喬鼎,16.4,16.4,15.9,15.95,-,0.05,164975,2659745.0,29000,0,-1000,57000,0,0,28000,0,1000
20260209,2816,旺旺保,28.25,28.45,28.25,28.35,+,0.1,94578,2680066.0,27000,0,900,33000,0,1000,6000,0,100
20260209,00728,第一金工業30,41.85,42.0,41.8,41.8,+,0.96,81160,3400226.0,1000,0,26545,9000,0,36592,8000,0,10047
20260209,6165,浪凡,42.0,43.15,41.6,42.95,+,1.85,318487,13501062.0,33000,0,-6000,99000,0,1000,66000,0,7000
20260209,4566,時碩工業,57.9,58.7,56.7,57.5,+,1.2,276422,15863736.0,28000,0,-1169,111000,0,3000,83000,0,4169
20260209,3588,通嘉,52.1,53.5,50.9,53.0,+,2.3,733487,38531214.0,26000,0,507,255000,0,1000,229000,0,493
20260209,5519,隆大,30.6,30.6,30.05,30.25,-,0.1,274866,8302773.0,25000,0,1184,80000,0,5000,55000,0,3816
20260209,6283,淳安,22.5,22.5,22.0,22.2,-,0.05,128044,2837921.0,25000,0,1000,38000,0,1000,13000,0,0
20260209,3518,柏騰,20.95,21.7,20.85,20.85,+,0.1,135165,2879997.0,27000,0,-1000,63000,0,0,36000,0,1000
20260209,2033,佳大,16.2,16.4,16.05,16.15,+,0.05,68026,1099567.0,17000,0,9000,19000,0,9000,2000,0,0
20260209,00851,台新全球AI,55.8,55.9,55.6,55.8,+,2.0,75819,4224174.0,-1000,0,26750,0,0,68921,1000,0,42171
20260209,2239,英利-KY,27.25,27.55,26.8,27.2,-,0.05,205015,5547840.0,24215,0,1009,65000,0,2000,40785,0,991
20260209,6776,展碁國際,59.7,59.8,58.1,58.3,-,0.4,444777,26059327.0,24000,0,1000,123000,0,1000,99000,0,0
20260209,6216,居易,27.2,27.25,26.85,26.95,-,0.15,175824,4742996.0,27000,0,-2684,40000,0,0,13000,0,2684
20260209,7799,禾榮科,450.0,451.5,438.0,443.0,,0.0,367053,163090211.0,24641,0,-1012,199000,0,0,174359,0,1012
20260209,3617,碩天,193.0,194.0,189.0,189.5,+,1.5,92944,17746097.0,23023,0,-17,54023,0,1000,31000,0,1017
20260209,4133,亞諾法,25.65,25.75,25.2,25.55,+,0.1,200941,5093125.0,22000,0,1000,39000,0,1000,17000,0,0
20260209,6887,寶綠特-KY,55.8,55.8,51.3,51.3,-,4.9,148410,7877244.0,19000,0,4000,32000,0,4000,13000,0,0
20260209,8478,東哥遊艇,181.0,181.0,179.0,179.0,,0.0,88109,15840251.0,23000,0,0,48000,0,0,25000,0,0
20260209,1219,福壽,13.55,13.6,13.5,13.55,,0.0,133454,1807520.0,7000,0,15000,25000,0,15000,18000,0,0
20260209,2929,淘帝-KY,7.76,7.77,7.63,7.63,-,0.14,211430,1623710.0,18000,0,4000,25000,0,4000,7000,0,0
20260209,00678,群益那斯達克生技,36.39,36.51,36.27,36.31,+,0.77,274024,9949610.0,0,0,21847,0,0,245847,0,0,224000
20260209,2727,王品,217.0,217.0,215.0,215.5,-,0.5,157469,34013160.0,21028,0,0,69028,0,0,48000,0,0
20260209,1233,天仁,32.25,32.25,32.15,32.2,,0.0,24128,776797.0,0,0,21000,0,0,21000,0,0,0
20260209,2460,建通,22.75,22.75,22.75,22.75,+,2.05,291061,6621621.0,14000,0,6997,16000,0,6997,2000,0,0
20260209,1906,寶隆,11.7,11.7,11.5,11.7,,0.0,117890,1374633.0,15000,0,4953,18000,0,12000,3000,0,7047
20260209,2207,和泰車,529.0,532.0,525.0,530.0,+,6.0,186183,98428810.0,34130,-19000,4749,153130,0,8000,119000,19000,3251
20260209,00703,台新MSCI中國,21.73,22.03,21.72,21.96,+,0.36,187433,4105951.0,-12000,0,31590,0,0,160740,12000,0,129150
20260209,4571,鈞興-KY,178.0,178.0,173.5,175.0,+,1.0,284922,49978159.0,18935,0,270,81000,0,280,62065,0,10
20260209,2483,百容,20.3,20.5,19.85,20.1,+,0.1,381739,7698763.0,15000,0,4000,70000,0,4000,55000,0,0
20260209,1234,黑松,37.05,37.05,36.8,37.0,+,0.1,90624,3343536.0,17000,0,2000,19000,0,2000,2000,0,0
20260209,1721,三晃,18.2,18.25,17.0,17.2,-,0.9,2313784,40210989.0,16800,0,1594,414000,0,2594,397200,0,1000
20260209,1110,東泥,16.15,16.45,16.1,16.45,+,0.3,233063,3782370.0,12000,0,6000,29000,0,7000,17000,0,1000
20260209,2706,第一店,12.9,12.9,12.8,12.85,+,0.05,183421,2350410.0,16000,0,2000,24000,0,2000,8000,0,0
20260209,2849,安泰銀,13.15,13.3,13.15,13.25,+,0.15,68614,905631.0,-1000,0,19000,16000,0,19000,17000,0,0
20260209,00739,元大MSCI A股,27.18,27.45,27.18,27.45,+,0.28,102846,2811558.0,0,0,17918,1000,0,56018,1000,0,38100
20260209,6863,永道-KY,103.5,107.0,103.5,107.0,+,2.5,89191,9374895.0,18000,0,-742,45000,0,87,27000,0,829
20260209,5244,弘凱,37.6,37.95,37.15,37.55,+,0.4,98659,3707330.0,17000,0,0,42000,0,1000,25000,0,1000
20260209,6625,必應,81.9,82.6,81.2,82.2,+,1.1,137948,11316841.0,19000,0,-2171,41000,0,1000,22000,0,3171
20260209,3432,台端,17.2,17.5,17.0,17.1,-,0.5,136851,2352097.0,16000,0,-44,17000,0,0,1000,0,44
20260209,00920,富邦ESG綠色電力,20.51,20.65,20.51,20.58,+,0.43,1078280,22212997.0,44000,0,-28148,44000,0,926097,0,0,954245
20260209,8462,柏文,144.5,144.5,140.0,141.0,-,2.0,198212,28057412.0,3000,0,12736,84000,0,15000,81000,0,2264
20260209,0051,元大中型100,104.7,105.5,104.25,104.5,+,1.55,97614,10228685.0,5287,0,10174,6287,0,37210,1000,0,27036
20260209,2028,威致,18.55,18.55,18.15,18.25,-,0.2,139425,2550985.0,14000,0,1000,26000,0,1000,12000,0,0
20260209,6933,AMAX-KY,132.0,133.0,129.0,132.5,+,4.5,66204,8686533.0,14000,0,829,31000,0,1100,17000,0,271
20260209,0053,元大電子,162.7,163.55,162.45,162.7,+,4.0,30185,4915452.0,-1000,0,15033,0,0,16342,1000,0,1309
20260209,6552,易華電,31.85,31.85,30.55,30.55,-,0.7,275898,8538529.0,14000,0,0,55000,0,0,41000,0,0
20260209,2608,嘉里大榮,32.3,32.5,32.3,32.45,+,0.05,96823,3133899.0,12000,0,1984,28000,0,2000,16000,0,16
20260209,4949,有成精密,46.35,47.45,44.7,44.95,-,1.4,1682320,76530773.0,13000,0,883,374000,0,2000,361000,0,1117
20260209,3454,晶睿,99.2,99.2,99.0,99.1,-,0.1,63261,6268100.0,13000,0,0,13000,0,0,0,0,0
20260209,6951,青新-創,78.0,78.5,77.9,77.9,+,0.1,58684,4581441.0,14000,0,-1000,18000,0,2000,4000,0,3000
20260209,6449,鈺邦,161.5,161.5,155.0,157.0,+,2.0,281440,44337783.0,15000,0,-2083,102000,0,6205,87000,0,8288
20260209,4999,鑫禾,23.8,24.0,23.25,23.5,-,0.15,83850,1972665.0,14000,0,-1238,23000,0,1000,9000,0,2238
20260209,6115,鎰勝,46.8,46.95,46.7,46.95,+,0.2,94062,4398058.0,10000,0,2110,17000,0,3000,7000,0,890
20260209,5515,建國,32.4,32.75,32.25,32.4,+,0.5,261059,8469612.0,17000,-7000,2000,156000,0,6000,139000,7000,4000
20260209,3557,嘉威,34.1,34.1,32.95,33.35,+,0.3,104939,3490374.0,12000,0,0,32000,0,0,20000,0,0
20260209,3669,圓展,33.8,34.1,33.05,33.35,-,0.25,151601,5055271.0,9000,0,3000,45000,0,4000,36000,0,1000
20260209,6698,旭暉應材,32.8,33.9,32.5,33.05,+,0.75,263019,8755212.0,12000,0,-6,95000,0,0,83000,0,6
20260209,1517,利奇,12.05,12.05,11.6,11.75,,0.0,220407,2579155.0,8000,0,3896,54000,0,5000,46000,0,1104
20260209,6277,宏正,59.8,59.9,58.9,59.3,,0.0,115073,6806274.0,11000,0,858,31000,0,2000,20000,0,1142
20260209,8411,福貞-KY,12.1,12.1,11.95,12.05,+,0.1,49891,599515.0,3000,0,8000,6000,0,8000,3000,0,0
20260209,1452,宏益,11.65,11.7,11.6,11.65,,0.0,122759,1425896.0,10000,0,1000,11000,0,1000,1000,0,0
20260209,1463,強盛新,18.15,18.15,17.8,18.05,+,0.05,36459,654994.0,10000,0,1000,20000,0,1000,10000,0,0
20260209,1445,大宇,15.55,15.6,15.15,15.25,-,0.3,89156,1380207.0,11000,0,0,12000,0,1000,1000,0,1000
20260209,2630,亞航,48.85,49.05,48.3,48.35,+,0.05,828582,40301258.0,10000,0,468,217000,0,1849,207000,0,1381
20260209,1707,葡萄王,121.5,122.5,121.0,121.0,-,0.5,72792,8836669.0,10041,0,345,17041,0,1000,7000,0,655
20260209,1232,大統益,147.5,147.5,146.0,147.0,-,0.5,71965,10537384.0,13024,0,-3000,16024,0,0,3000,0,3000
20260209,1530,亞崴,28.8,28.8,28.65,28.65,-,0.1,22098,635387.0,10000,0,0,12000,0,0,2000,0,0
20260209,2107,厚生,24.9,25.0,24.85,24.9,+,0.2,81427,2027787.0,9000,0,1000,21000,0,1000,12000,0,0
20260209,2705,六福,16.15,16.3,16.15,16.2,-,0.1,310557,5035542.0,9000,0,1000,51000,0,1000,42000,0,0
20260209,3501,維熹,51.3,51.4,50.9,51.0,+,0.2,149077,7614517.0,3000,0,7000,42000,0,7000,39000,0,0
20260209,5007,三星,59.0,59.2,58.4,59.0,-,0.3,88826,5221398.0,7000,0,3000,14000,0,3000,7000,0,0
20260209,6796,晉弘,87.7,89.5,86.9,88.8,+,1.3,130982,11560440.0,35000,0,-25000,55000,0,0,20000,0,25000
20260209,6142,友勁,9.91,9.95,9.71,9.72,-,0.08,363970,3562474.0,14000,0,-5000,91000,0,5000,77000,0,10000
20260209,4590,富田-創,79.1,80.0,78.1,79.5,+,1.4,101528,8013501.0,9000,0,0,13000,0,4000,4000,0,4000
20260209,2109,華豐,14.8,14.85,14.7,14.75,,0.0,105238,1553358.0,8000,0,1000,12000,0,1000,4000,0,0
20260209,00899,FT潔淨能源,23.45,23.45,23.25,23.28,+,0.54,128596,2996497.0,-2000,0,10671,0,0,38000,2000,0,27329
20260209,1762,中化生,25.65,25.7,25.6,25.6,-,0.15,59917,1537203.0,8000,0,628,14000,0,2000,6000,0,1372
20260209,3716,中化控股,33.95,34.05,33.75,33.8,+,0.05,166162,5634331.0,8000,0,0,30000,0,0,22000,0,0
20260209,6201,亞弘電,53.8,54.5,53.6,54.5,+,0.6,35524,1916208.0,5000,0,3000,8000,0,3000,3000,0,0
20260209,5538,東明-KY,30.25,30.55,30.0,30.55,+,0.4,72428,2181151.0,8000,0,0,10000,0,0,2000,0,0
20260209,6965,中傑-KY,82.5,83.1,81.5,82.8,,0.0,73815,6063348.0,7000,0,1000,26000,0,1000,19000,0,0
20260209,8442,威宏-KY,68.8,70.2,68.8,70.0,+,1.3,38240,2668513.0,8000,0,0,14000,0,0,6000,0,0
20260209,6598,ABC-KY,25.65,25.65,25.0,25.65,+,2.3,2384353,61144809.0,1000,0,6922,26000,0,9922,25000,0,3000
20260209,4912,聯德控股-KY,91.6,91.6,88.0,88.4,-,0.3,358986,32050068.0,6000,0,1676,93000,0,3000,87000,0,1324
20260209,0057,富邦摩台,218.65,222.25,217.95,219.85,+,6.65,124761,27425448.0,0,0,7417,0,0,118417,0,0,111000
20260209,00660,元大歐洲50,43.81,44.02,43.8,43.9,+,0.78,26338,1155786.0,0,0,7000,0,0,8000,0,0,1000
20260209,3652,精聯,28.8,28.8,27.9,28.0,-,0.15,59000,1652050.0,6000,0,1000,10000,0,1000,4000,0,0
20260209,2904,匯僑,17.0,17.15,17.0,17.1,+,0.05,34909,596267.0,6000,0,1000,7000,0,1000,1000,0,0
20260209,5215,科嘉-KY,37.6,38.0,37.0,37.4,-,0.2,68344,2552094.0,5000,0,2000,11000,0,4000,6000,0,2000
20260209,6958,日盛台駿,15.2,15.2,15.0,15.0,+,0.05,37462,563438.0,5000,0,2000,8000,0,2000,3000,0,0
20260209,6988,威力暘-創,21.0,21.1,18.95,18.95,-,2.05,386187,8058835.0,-16000,0,23000,1000,0,28000,17000,0,5000
20260209,1731,美吾華,21.95,21.95,21.85,21.9,+,0.05,112377,2459135.0,6000,0,1000,8000,0,1000,2000,0,0
20260209,1614,三洋電,33.65,33.65,33.4,33.45,+,0.1,35873,1201229.0,3000,0,4000,5000,0,4000,2000,0,0
20260209,1454,台富,14.3,14.3,13.65,13.8,-,0.3,143060,1970804.0,4000,0,3000,9000,0,3000,5000,0,0
20260209,3311,閎暉,31.75,31.75,31.3,31.3,+,0.3,121540,3821316.0,5000,0,1985,47000,0,2000,42000,0,15
20260209,00700,富邦恒生國企,18.72,18.81,18.63,18.74,+,0.3,558367,10459596.0,265000,0,-258195,265000,0,26724,0,0,284919
20260209,4942,嘉彰,37.5,37.55,37.15,37.3,+,0.25,51837,1931940.0,5000,0,1000,14000,0,1000,9000,0,0
20260209,2414,精技,40.8,40.8,40.5,40.7,+,0.05,43864,1782350.0,5000,0,1000,11000,0,1000,6000,0,0
20260209,5706,鳳凰,52.4,52.4,51.2,51.4,-,0.6,186573,9615812.0,2000,0,4000,42000,0,4000,40000,0,0
20260209,6924,榮惠-KY創,56.5,56.5,55.7,55.7,-,0.7,16000,898300.0,3000,0,3000,3000,0,6000,0,0,3000
20260209,1474,弘裕,10.2,10.2,10.05,10.05,-,0.1,171797,1739220.0,5000,0,1000,8000,0,1000,3000,0,0
20260209,1506,正道,11.7,11.8,11.5,11.75,-,0.1,298449,3471479.0,8000,0,-2000,8000,0,1000,0,0,3000
20260209,2025,千興,12.05,12.05,11.55,12.0,-,0.05,283512,3361398.0,8000,0,-2000,30000,0,1000,22000,0,3000
20260209,1521,大億,27.55,27.55,26.65,26.65,+,0.45,42134,1133732.0,4000,0,1000,8000,0,1000,4000,0,0
20260209,6792,詠業,57.7,57.7,55.9,56.2,+,0.3,45341,2558203.0,4000,0,1000,8000,0,1000,4000,0,0
20260209,6689,伊雲谷,61.0,61.0,59.6,60.0,,0.0,115379,6928215.0,4000,0,1000,32000,0,1000,28000,0,0
20260209,7765,中華資安,265.0,265.0,261.0,264.0,+,0.5,31915,8414937.0,5000,0,0,5000,0,0,0,0,0
20260209,8466,美吉吉-KY,22.2,22.95,22.0,22.15,-,0.15,58068,1294763.0,4000,0,1000,11000,0,1000,7000,0,0
20260209,8367,建新國際,42.7,42.7,42.65,42.7,,0.0,13000,555050.0,4000,0,1000,4000,0,1000,0,0,0
20260209,8105,凌巨,12.0,12.0,11.7,11.8,,0.0,1785208,21071036.0,0,0,5000,597000,0,5000,597000,0,0
20260209,9926,新海,49.15,49.15,49.1,49.1,,0.0,18181,893144.0,5000,0,0,5000,0,0,0,0,0
20260209,6224,聚鼎,40.9,41.5,40.5,40.55,-,0.25,179315,7296323.0,5000,0,0,52000,0,0,47000,0,0
20260209,2423,固緯,47.0,47.0,44.65,45.4,-,0.55,550568,24903059.0,0,0,5000,222000,0,8000,222000,0,3000
20260209,2496,卓越,70.1,70.1,69.3,69.7,-,0.1,73538,5116912.0,5000,0,0,11000,0,0,6000,0,0
20260209,2908,特力,20.3,20.35,20.2,20.35,+,0.05,75187,1526579.0,3000,0,2000,12000,0,2000,9000,0,0
20260209,2923,鼎固-KY,19.65,19.95,19.65,19.9,+,0.2,26564,526125.0,0,0,5000,8000,0,7000,8000,0,2000
20260209,4155,訊映,14.4,14.5,14.15,14.15,-,0.15,178403,2544826.0,-3000,0,8000,16000,0,8000,19000,0,0
20260209,4569,六方科-KY,144.0,146.0,141.5,142.5,-,0.5,31282,4486853.0,6000,0,-1002,10000,0,0,4000,0,1002
20260209,3308,聯德,22.25,24.45,22.25,24.45,+,2.2,826185,19621892.0,-2000,0,6517,198000,0,12517,200000,0,6000
20260209,1516,川飛,23.35,23.85,22.0,22.0,+,0.3,146517,3429330.0,5000,0,-676,9000,0,1018,4000,0,1694
20260209,1443,立益物流,26.5,26.7,26.3,26.3,-,0.25,33464,883710.0,4000,0,0,6000,0,0,2000,0,0
20260209,1725,元禎,26.5,27.0,26.5,27.0,+,0.6,22406,601556.0,3000,0,1000,10000,0,1000,7000,0,0
20260209,1108,幸福,15.1,15.1,15.0,15.1,,0.0,148025,2228789.0,3000,0,1000,21000,0,1000,18000,0,0
20260209,2020,美亞,24.15,24.15,23.8,24.05,+,0.15,205316,4908336.0,3000,0,1000,52000,0,1000,49000,0,0
20260209,4414,如興,10.25,10.4,10.0,10.05,,0.0,185043,1868977.0,-1000,0,5000,21000,0,5000,22000,0,0
20260209,2906,高林,12.4,12.4,12.3,12.35,+,0.1,68974,852269.0,2000,0,2000,3000,0,2000,1000,0,0
20260209,2701,萬企,10.9,10.95,10.85,10.9,,0.0,49087,535012.0,3000,0,1000,4000,0,1000,1000,0,0
20260209,5546,永固-KY,22.95,22.95,21.85,21.85,-,1.15,33001,734672.0,2000,0,2000,2000,0,2000,0,0,0
20260209,5531,鄉林,9.07,9.09,8.91,9.0,-,0.02,188674,1693528.0,0,0,4000,13000,0,4000,13000,0,0
20260209,8481,政伸,41.0,41.05,40.95,40.95,-,0.05,8050,330250.0,4000,0,0,5000,0,0,1000,0,0
20260209,9905,大華,20.05,20.05,19.95,20.0,+,0.05,49695,993511.0,3000,0,1000,4000,0,1000,1000,0,0
20260209,6936,永鴻生技,36.15,36.3,36.0,36.0,-,0.15,80300,2899771.0,0,0,4000,0,0,4000,0,0,0
20260209,6666,羅麗芬-KY,43.8,44.8,43.8,44.6,+,0.4,15000,667300.0,4000,0,0,5000,0,0,1000,0,0
20260209,6614,資拓宏宇,45.3,46.05,44.45,44.8,+,0.1,92907,4220379.0,3000,0,1000,30000,0,1000,27000,0,0
20260209,6446,藥華藥,743.0,743.0,731.0,731.0,+,8.0,1362949,1002028192.0,39878,2000,-38449,400061,2000,22000,360183,0,60449
20260209,5906,台南-KY,50.0,50.0,49.55,49.55,+,0.05,13198,659330.0,2000,0,1000,2000,0,1000,0,0,0
20260209,2722,夏都,26.0,26.0,25.0,25.1,-,0.4,25953,652715.0,2000,0,1000,3000,0,1000,1000,0,0
20260209,2945,三商家購,42.05,42.05,41.65,41.95,-,0.1,35504,1484704.0,2000,0,1000,2000,0,1000,0,0,0
20260209,3054,立萬利,31.1,31.75,30.7,30.75,-,0.45,40993,1269832.0,1000,0,2000,8000,0,2000,7000,0,0
20260209,4552,力達-KY,23.35,23.35,23.1,23.15,-,0.3,57700,1337326.0,3000,0,0,4000,0,0,1000,0,0
20260209,6655,科定,121.0,121.5,121.0,121.0,,0.0,7757,938397.0,2000,0,1000,2000,0,1000,0,0,0
20260209,6657,華安,47.2,47.2,46.05,46.85,+,0.4,218826,10156281.0,1000,0,2000,57000,0,2000,56000,0,0
20260209,6504,南六,41.3,42.35,41.3,42.15,+,0.85,89185,3729899.0,-1000,0,4000,11000,0,4000,12000,0,0
20260209,7705,三商餐飲,39.55,40.15,39.5,39.6,+,0.05,19917,790136.0,3000,0,0,4000,0,0,1000,0,0
20260209,2114,鑫永銓,89.4,89.4,89.3,89.3,-,0.1,21677,1938209.0,2000,0,1000,2000,0,1000,0,0,0
20260209,2243,宏旭-KY,11.45,11.65,11.45,11.55,-,0.05,37330,430525.0,2000,0,1000,7000,0,1000,5000,0,0
20260209,1109,信大,15.4,15.45,15.4,15.4,,0.0,66076,1019442.0,2000,0,1000,3000,0,1000,1000,0,0
20260209,1235,興泰,41.0,41.0,40.95,41.0,+,0.15,5660,232009.0,2000,0,1000,2000,0,1000,0,0,0
20260209,1438,三地開發,31.0,31.0,30.6,30.95,-,0.05,11798,363023.0,2000,0,1000,2000,0,1000,0,0,0
20260209,1583,程泰,48.25,48.25,46.7,47.7,+,0.5,14077,665233.0,3000,0,0,6000,0,1000,3000,0,1000
20260209,6955,邦睿生技-創,169.0,177.0,169.0,177.0,+,4.5,20441,3516152.0,3000,0,-5,3000,0,8410,0,0,8415
20260209,1231,聯華食,93.7,93.7,92.4,92.8,,0.0,182676,16963033.0,2000,0,879,47000,0,2000,45000,0,1121
20260209,1323,永裕,18.65,18.75,18.55,18.75,+,0.1,20392,380957.0,1000,0,1000,3000,0,1000,2000,0,0
20260209,1315,達新,63.9,64.6,63.9,64.0,+,0.1,7178,459713.0,1000,0,1000,2000,0,1000,1000,0,0
20260209,1459,聯發,11.7,11.8,11.7,11.8,+,0.1,39839,467561.0,0,0,2000,4000,0,2000,4000,0,0
20260209,2012,春雨,17.05,17.05,16.7,16.8,+,0.1,13196,221459.0,0,0,2000,3000,0,2000,3000,0,0
20260209,9944,新麗,16.75,16.75,16.6,16.65,-,0.1,35151,587471.0,2000,0,0,5000,0,0,3000,0,0
20260209,4555,氣立,38.35,38.95,38.1,38.15,,0.0,70375,2699922.0,3000,0,-1000,29000,0,1000,26000,0,2000
20260209,4581,光隆精密-KY,50.6,50.7,50.6,50.7,+,0.2,4017,203463.0,2000,0,0,2000,0,0,0,0,0
20260209,3150,鈺寶-創,17.85,17.95,17.55,17.55,-,0.1,32315,571072.0,7000,0,-5000,7000,0,0,0,0,5000
20260209,3130,一零四,223.5,224.5,223.0,224.0,+,0.5,20921,4678543.0,2000,0,0,6000,0,0,4000,0,0
20260209,3040,遠見,44.3,44.3,42.45,42.45,-,1.6,365449,15678209.0,-9000,0,11000,45000,0,13000,54000,0,2000
20260209,2546,根基,85.8,86.0,85.0,85.1,-,0.1,108347,9242507.0,1000,0,1000,35000,0,1000,34000,0,0
20260209,2433,互盛電,46.5,47.0,46.4,46.6,+,0.15,19569,914527.0,1000,0,1000,3000,0,1000,2000,0,0
20260209,2434,統懋,29.2,29.9,29.1,29.9,+,0.8,18442,542243.0,-1000,0,3000,1000,0,3000,2000,0,0
20260209,6136,富爾特,23.85,24.05,23.85,23.95,+,0.1,129067,3085042.0,0,0,2000,27000,0,2000,27000,0,0
20260209,1525,江申,61.8,62.8,61.8,62.8,+,1.6,8656,540125.0,1000,0,15,3000,0,15,2000,0,0
20260209,1533,車王電,30.2,30.95,30.2,30.55,+,0.55,59652,1821557.0,-4000,0,5000,9000,0,8000,13000,0,3000
20260209,1435,中福,20.5,21.3,20.5,21.3,+,0.8,2222,46333.0,0,0,1000,0,0,1000,0,0,0
20260209,1726,永記,75.8,75.9,75.7,75.8,,0.0,16295,1234259.0,0,0,1000,0,0,1000,0,0,0
20260209,1410,南染,33.25,33.75,33.2,33.7,+,0.6,12660,422674.0,1000,0,0,2000,0,0,1000,0,0
20260209,2008,高興昌,29.05,29.2,29.0,29.2,+,0.15,14431,418878.0,1000,0,0,2000,0,0,1000,0,0
20260209,2024,志聯,15.95,15.95,15.8,15.8,-,0.1,3244,51542.0,1000,0,0,1000,0,0,0,0,0
20260209,6184,大豐電,47.95,47.95,47.75,47.9,+,0.15,19118,915069.0,1000,0,0,2000,0,0,1000,0,0
20260209,2424,隴華,35.55,35.6,35.55,35.6,-,1.0,7232,257363.0,1000,0,0,1000,0,0,0,0,0
20260209,2397,友通,60.2,60.6,59.7,59.9,+,0.1,144581,8681464.0,1000,0,0,50000,0,0,49000,0,0
20260209,2459,敦吉,65.4,65.9,65.2,65.3,+,0.2,26839,1754927.0,1000,0,0,8000,0,0,7000,0,0
20260209,2852,第一保,27.35,27.35,27.2,27.3,-,0.05,218166,5956313.0,7000,0,-6000,56000,0,1000,49000,0,7000
20260209,2910,統領,21.1,21.1,21.1,21.1,+,0.2,1000,21100.0,0,0,1000,0,0,1000,0,0,0
20260209,3266,昇陽,13.45,13.6,13.45,13.6,+,0.15,20525,277887.0,-6000,0,7000,5000,0,7000,11000,0,0
20260209,3679,新至陞,113.0,113.5,113.0,113.5,+,0.5,20550,2331523.0,1000,0,0,4000,0,0,3000,0,0
20260209,9929,秋雨,10.7,10.7,10.45,10.6,+,0.15,3036,32123.0,0,0,1000,0,0,1000,0,0,0
20260209,9931,欣高,33.9,33.95,33.9,33.95,+,0.15,12048,408477.0,0,0,1000,0,0,1000,0,0,0
20260209,6918,愛派司,86.0,86.0,82.9,82.9,-,0.7,37182,3134386.0,-1000,0,2000,9000,0,2000,10000,0,0
20260209,6799,來頡,82.8,82.8,80.8,82.7,+,2.3,105879,8652586.0,1000,0,-69,43000,0,0,42000,0,69
20260209,1472,三洋實業,90.1,91.7,90.1,91.2,+,1.2,72902,6592886.0,5000,0,-4071,9000,0,0,4000,0,4071
20260209,1817,凱撒衛,38.55,38.7,38.45,38.6,+,0.05,11972,461974.0,1000,0,-105,2000,0,0,1000,0,105
20260209,9942,茂順,111.5,112.0,111.5,112.0,+,0.5,91275,10203044.0,885,0,0,7000,0,0,6115,0,0
20260209,2250,IKKA-KY,72.5,72.5,71.0,71.0,,0.0,28558,2041068.0,-1000,0,1738,6000,0,2000,7000,0,262
20260209,8101,華冠,16.25,16.25,16.25,16.25,+,1.0,2040,32115.0,0,0,3,0,0,3,0,0,0
20260209,7631,聚賢研發-創,121.0,121.0,117.5,121.0,,0.0,45309,5424992.0,1000,0,-999,3000,0,9001,2000,0,10000
20260209,1439,雋揚,29.9,29.9,29.55,29.9,+,0.2,15706,467265.0,0,0,1,0,0,1,0,0,0
20260209,1418,東華,19.8,19.95,19.8,19.95,+,0.15,5353,106455.0,-1000,0,1000,0,0,1000,1000,0,0
20260209,1468,昶和,12.85,12.95,12.7,12.9,+,0.2,38000,488400.0,-1000,0,1000,0,0,1000,1000,0,0
20260209,1475,業旺,30.65,31.2,30.6,30.6,,0.0,14297,438388.0,-1000,0,1000,1000,0,1000,2000,0,0
20260209,1203,味王,39.8,39.95,39.55,39.85,+,0.4,22789,907662.0,-2000,0,2000,3000,0,2000,5000,0,0
20260209,1413,宏洲,9.8,10.3,9.8,9.8,,0.0,15612,154409.0,-1000,0,1000,0,0,1000,1000,0,0
20260209,7736,虎山,86.1,87.1,86.1,87.1,+,1.3,4018,348694.0,0,0,0,1000,0,0,1000,0,0
20260209,6674,鋐寶科技,20.15,20.4,19.9,19.9,+,0.1,6000,120700.0,-1000,0,1000,0,0,1000,1000,0,0
20260209,6641,基士德-KY,21.25,21.35,21.15,21.15,,0.0,28361,602375.0,1000,0,-1000,7000,0,2000,6000,0,3000
20260209,9918,欣天然,39.4,39.6,39.35,39.5,+,0.15,8832,348208.0,0,0,0,1000,0,0,1000,0,0
20260209,9943,好樂迪,59.4,59.5,59.1,59.5,+,0.1,26751,1587997.0,0,0,0,1000,0,0,1000,0,0
20260209,2702,華園,11.85,11.9,11.85,11.85,+,0.05,18501,219411.0,0,0,0,1000,0,0,1000,0,0
20260209,4737,華廣,52.3,53.4,52.3,53.2,+,0.5,80025,4231900.0,-25,0,0,29975,0,0,30000,0,0
20260209,1558,伸興,96.9,97.2,95.4,95.4,+,0.4,25727,2471206.0,-7000,0,6966,8000,0,8000,15000,0,1034
20260209,1416,廣豐,11.7,11.8,11.65,11.7,,0.0,146845,1715826.0,-1045,0,1000,7000,0,1000,8045,0,0
20260209,2493,揚博,107.0,109.5,106.0,108.0,+,3.0,505282,54438397.0,-12044,0,11731,238956,0,17811,251000,0,6080
20260209,00875,國泰網路資安,36.14,36.22,36.12,36.12,+,1.02,243510,8805772.0,204000,0,-204838,206000,0,4022,2000,0,208860
20260209,6464,台數科,77.0,78.1,76.0,78.0,+,1.0,46751,3600633.0,-1000,0,48,6000,0,3048,7000,0,3000
20260209,4994,傳奇,102.0,102.0,100.5,101.5,+,1.7,3018,305808.0,-1000,0,0,0,0,0,1000,0,0
20260209,2432,倚天酷碁-創,24.45,24.5,24.4,24.5,+,0.05,18009,440317.0,-1000,0,0,0,0,0,1000,0,0
20260209,2712,遠雄來,17.15,17.3,17.15,17.3,-,0.15,15698,270642.0,-1000,0,0,0,0,0,1000,0,0
20260209,2832,台產,48.2,48.6,48.2,48.4,+,0.2,85259,4128430.0,0,0,-1000,35000,0,0,35000,0,1000
20260209,2911,麗嬰房,5.09,5.1,5.07,5.1,+,0.07,51383,261260.0,-1000,0,0,0,0,0,1000,0,0
20260209,3018,隆銘綠能,12.25,12.25,11.1,11.9,-,0.35,42240,488174.0,-1000,0,0,0,0,0,1000,0,0
20260209,4807,日成-KY,17.9,17.9,17.7,17.75,-,0.15,9721,172909.0,-1000,0,0,0,0,0,1000,0,0
20260209,4439,冠星-KY,101.5,103.0,101.5,102.5,,0.0,5565,569655.0,-1000,0,0,0,0,0,1000,0,0
20260209,4440,宜新實業,17.5,17.5,17.1,17.25,+,0.05,68970,1186589.0,-2000,0,1000,8000,0,1000,10000,0,0
20260209,8940,新天地,20.3,20.5,19.95,19.95,-,0.15,47306,950091.0,-2000,0,1000,3000,0,1000,5000,0,0
20260209,6581,鋼聯,106.0,107.0,106.0,106.0,-,1.0,12016,1282260.0,-2000,0,1000,1000,0,1000,3000,0,0
20260209,6671,三能-KY,37.4,37.4,36.65,36.65,-,0.35,5084,188253.0,-1000,0,0,1000,0,2000,2000,0,2000
20260209,1423,利華,38.85,38.95,37.9,38.4,+,0.55,11529,441053.0,-2000,0,1000,0,0,1000,2000,0,0
20260209,1441,大東,9.96,10.15,9.96,10.0,+,0.04,37534,379486.0,0,0,-1000,0,0,0,0,0,1000
20260209,1446,宏和,16.65,16.65,16.35,16.55,-,0.05,143639,2369144.0,-1000,0,0,24000,0,0,25000,0,0
20260209,1456,怡華,13.15,13.25,13.1,13.1,+,0.05,13245,175061.0,-1000,0,0,0,0,0,1000,0,0
20260209,1512,瑞利,7.7,7.94,7.7,7.89,+,0.1,38503,301720.0,3000,0,-4000,6000,0,0,3000,0,4000
20260209,2241,艾姆勒,30.35,30.35,29.7,29.8,-,0.05,205871,6149415.0,-3000,0,2000,73000,0,2000,76000,0,0
20260209,1531,高林股,12.25,12.3,12.0,12.0,-,0.2,224100,2704097.0,-3047,0,2000,3000,0,2000,6047,0,0
20260209,2254,巨鎧精密-創,59.0,59.0,58.1,58.6,+,0.1,124307,7288266.0,-1000,0,-187,1000,0,4000,2000,0,4187
20260209,9937,全國,57.6,57.6,56.8,56.8,-,0.4,14172,808830.0,0,0,-1985,9000,0,1015,9000,0,3000
20260209,2939,永邑-KY,23.85,24.4,23.65,24.1,+,0.35,31262,750783.0,-2000,0,1,5000,0,1,7000,0,0
20260209,2524,京城,40.15,41.25,40.15,40.3,-,0.05,81557,3320580.0,-5000,0,3000,24000,0,3000,29000,0,0
20260209,4148,全宇生技-KY,37.5,37.85,37.3,37.4,-,0.45,12489,468385.0,-2000,0,0,1000,0,0,3000,0,0
20260209,4106,雃博,23.0,23.0,22.9,23.0,+,0.05,47634,1093704.0,-3000,0,1000,1000,0,1000,4000,0,0
20260209,8488,吉源-KY,9.98,9.98,9.84,9.93,+,0.12,6000,59520.0,-1000,0,-1000,1000,0,0,2000,0,1000
20260209,7732,金興精密,38.0,38.0,36.5,37.75,+,0.6,10000,374850.0,-2000,0,0,0,0,0,2000,0,0
20260209,6807,峰源-KY,45.55,45.65,45.25,45.65,+,0.1,5015,227833.0,-2000,0,0,0,0,0,2000,0,0
20260209,6582,申豐,31.8,32.0,31.65,31.7,-,0.2,53570,1703157.0,-1000,0,-1000,8000,0,0,9000,0,1000
20260209,1568,倉佑,23.35,23.35,22.9,23.1,,0.0,108055,2490919.0,-2000,0,0,13000,0,1000,15000,0,1000
20260209,1453,大將,13.05,13.1,12.7,12.75,-,0.1,52882,675884.0,-3000,0,1000,6000,0,1000,9000,0,0
20260209,1805,寶徠,11.95,11.95,11.75,11.85,-,0.1,28589,337570.0,-1000,0,-1000,0,0,1000,1000,0,2000
20260209,1324,地球,10.5,10.5,10.45,10.45,-,0.05,22096,231404.0,-1000,0,-1000,0,0,0,1000,0,1000
20260209,1339,昭輝,41.4,42.95,41.4,42.9,+,1.0,49456,2103241.0,-2000,0,-13,2000,0,2000,4000,0,2013
20260209,2514,龍邦,14.6,14.7,14.45,14.5,-,0.15,297464,4326977.0,-3000,0,690,17000,0,2000,20000,0,1310
20260209,9939,宏全,120.0,120.0,118.0,119.0,,0.0,789091,93848282.0,65052,-82000,13995,210052,0,14000,145000,82000,5
20260209,5284,jpp-KY,262.5,265.0,253.0,254.5,+,2.0,821103,210758150.0,32000,0,-34958,254000,0,17534,222000,0,52492
20260209,2438,翔耀,21.35,22.0,21.2,21.45,+,0.1,128822,2748076.0,-3000,0,34,12000,0,34,15000,0,0
20260209,2739,寒舍,34.05,34.6,33.95,34.0,,0.0,54585,1857640.0,-6000,0,3000,1000,0,3000,7000,0,0
20260209,4190,佐登-KY,29.05,29.2,29.05,29.1,,0.0,23384,680708.0,-3000,0,0,1000,0,0,4000,0,0
20260209,3168,眾福科,38.95,39.35,38.75,38.85,-,0.05,24417,949735.0,-3000,0,0,5000,0,0,8000,0,0
20260209,3164,景岳,18.0,18.0,17.6,17.85,-,0.1,185210,3322432.0,-3000,0,0,0,0,0,3000,0,0
20260209,8201,無敵,13.85,14.1,13.85,13.95,+,0.1,79505,1112944.0,-3000,0,0,2000,0,0,5000,0,0
20260209,6645,金萬林-創,17.85,17.85,17.5,17.55,+,0.15,30008,530386.0,0,0,-3000,1000,0,8000,1000,0,11000
20260209,7721,微程式,48.2,48.35,46.6,47.2,+,0.25,22739,1071817.0,-3000,0,0,1000,0,0,4000,0,0
20260209,1903,士紙,54.6,54.6,53.9,54.2,+,0.7,210621,11437908.0,-2000,0,-1000,47000,0,1000,49000,0,2000
20260209,1734,杏輝,30.6,30.75,30.55,30.65,+,0.05,159070,4868075.0,-3000,0,0,31000,0,0,34000,0,0
20260209,1437,勤益控,32.0,32.3,32.0,32.15,+,0.15,44310,1421870.0,-4000,0,1000,5000,0,1000,9000,0,0
20260209,2248,華勝-KY,46.1,48.6,46.1,46.4,+,0.3,42887,2000099.0,-4000,0,1000,4000,0,1000,8000,0,0
20260209,2115,六暉-KY,24.4,24.5,24.2,24.3,+,0.35,66716,1622867.0,-4000,0,1000,6000,0,1000,10000,0,0
20260209,6756,威鋒電子,78.3,79.9,78.1,78.9,+,0.6,95442,7513089.0,-14000,10000,902,16000,10000,1000,30000,0,98
20260209,4119,旭富,52.7,52.9,51.9,52.1,+,0.2,102303,5334449.0,-5000,0,1032,28000,0,3032,33000,0,2000
20260209,1730,花仙子,53.1,53.3,53.0,53.1,,0.0,41500,2204698.0,-4000,0,0,1000,0,0,5000,0,0
20260209,4572,駐龍,146.5,146.5,144.0,146.0,,0.0,22673,3294359.0,-4794,0,0,6000,0,0,10794,0,0
20260209,8467,波力-KY,197.5,197.5,182.0,182.0,-,12.0,114122,21576466.0,-15000,0,10087,26000,0,10087,41000,0,0
20260209,2707,晶華,190.5,190.5,188.5,190.0,+,0.5,110950,21057462.0,-8971,0,4000,31029,0,4000,40000,0,0
20260209,2762,世界健身-KY,72.5,72.9,72.4,72.9,+,0.4,17607,1278862.0,-6000,0,1000,0,0,1000,6000,0,0
20260209,2509,全坤建,14.55,14.6,14.5,14.55,-,0.1,139031,2022191.0,-14000,0,9000,3000,0,9000,17000,0,0
20260209,2491,吉祥全,17.25,17.25,17.0,17.05,-,0.15,146276,2504532.0,-6000,0,1000,53000,0,2000,59000,0,1000
20260209,6902,GOGOLOOK,79.5,79.5,76.8,78.3,-,0.1,33322,2598194.0,-5000,0,0,2000,0,0,7000,0,0
20260209,6579,研揚,114.0,114.5,112.5,114.0,+,2.0,83864,9487168.0,-5000,0,0,13000,0,0,18000,0,0
20260209,2373,震旦行,54.3,55.0,54.2,54.6,+,0.3,70504,3840727.0,-6000,0,1000,3000,0,1000,9000,0,0
20260209,3094,聯傑,25.0,25.15,24.6,24.75,+,0.25,164497,4088764.0,-5000,0,-27,50000,0,0,55000,0,27
20260209,2450,神腦,29.1,29.1,28.75,28.85,-,0.05,113242,3269789.0,-7000,0,1000,12000,0,1000,19000,0,0
20260209,2616,山隆,13.8,13.8,13.7,13.75,+,0.05,47027,647227.0,-6000,0,0,1000,0,0,7000,0,0
20260209,5533,皇鼎,14.3,14.3,14.1,14.15,,0.0,134231,1898287.0,-8000,0,2000,3000,0,2000,11000,0,0
20260209,5525,順天,25.55,25.6,25.3,25.6,+,0.05,63782,1628654.0,-8000,0,2000,10000,0,2000,18000,0,0
20260209,6931,青松健康,54.8,54.8,53.2,53.2,-,0.6,81456,4392347.0,-6000,0,0,3000,0,0,9000,0,0
20260209,6969,成信實業*-創,31.55,31.55,31.0,31.45,-,0.15,18000,563300.0,-3000,0,-3000,0,0,3000,3000,0,6000
20260209,8487,愛爾達-創,80.9,82.4,80.8,81.8,+,1.6,38199,3121460.0,-3000,0,-3000,3000,0,6000,6000,0,9000
20260209,1541,錩泰,24.6,25.05,24.6,24.7,+,0.15,35064,867834.0,-7000,0,1000,1000,0,1000,8000,0,0
20260209,1713,國化,46.45,46.9,46.0,46.7,+,0.3,234098,10826386.0,-13000,0,7000,74000,0,8000,87000,0,1000
20260209,1611,中電,13.3,13.35,13.0,13.1,-,0.1,578211,7614850.0,-16000,0,9820,205000,0,14000,221000,0,4180
20260209,8443,阿瘦,11.5,11.5,11.45,11.5,-,0.05,15960,182926.0,-7000,0,500,1000,0,500,8000,0,0
20260209,8162,微矽電子-創,36.1,36.9,35.85,36.25,+,0.45,61301,2239973.0,-7000,0,9,7000,0,8009,14000,0,8000
20260209,00736,國泰新興市場,29.34,29.36,29.21,29.36,+,0.21,132202,3868136.0,4,0,-7000,4,0,116000,0,0,123000
20260209,6952,大武山,45.0,45.0,43.7,43.7,,0.0,18405,812060.0,-2000,0,-5000,1000,0,1000,3000,0,6000
20260209,6606,建德工業,25.8,25.8,25.0,25.0,-,0.1,101419,2553367.0,-8000,0,1000,1000,0,1000,9000,0,0
20260209,2506,太設,9.05,9.05,8.93,9.04,-,0.04,129274,1163958.0,-21000,0,14000,11000,0,14000,32000,0,0
20260209,4560,強信-KY,32.05,32.2,31.85,32.2,+,0.2,347009,11091088.0,-8000,0,1000,182000,0,1000,190000,0,0
20260209,6269,台郡,59.3,60.5,58.6,58.7,+,0.3,1238203,73418132.0,-2000,0,-5020,649000,0,18139,651000,0,23159
20260209,1325,恆大,30.1,30.3,29.7,29.75,-,0.25,496527,14851313.0,-7100,0,0,71000,0,0,78100,0,0
20260209,2527,宏璟,28.15,29.75,28.0,29.15,+,1.3,709842,20758662.0,2000,0,-9112,208000,0,2000,206000,0,11112
20260209,6183,關貿,95.0,95.9,94.5,94.5,-,0.3,44782,4257850.0,-6000,0,-1236,6000,0,6000,12000,0,7236
20260209,7823,奧義賽博-KY創,128.5,128.5,110.0,113.5,-,17.5,362621,41731414.0,-7000,0,-327,15000,0,12000,22000,0,12327
20260209,2013,中鋼構,41.5,41.5,41.1,41.35,+,0.15,80821,3340883.0,-9000,0,1100,24000,0,2000,33000,0,900
20260209,2314,台揚,21.25,21.25,20.65,20.65,,0.0,125005,2605520.0,-8000,0,0,0,0,0,8000,0,0
20260209,1752,南光,36.4,36.55,36.4,36.4,-,0.05,49119,1789495.0,-9000,0,1000,3000,0,1000,12000,0,0
20260209,7740,熙特爾-創,142.0,145.0,138.5,139.0,-,2.0,79801,11243905.0,-8000,0,0,10000,0,4000,18000,0,4000
20260209,6573,虹揚-KY,15.0,15.05,14.25,14.55,-,0.3,273318,3991024.0,-18000,0,10000,28000,0,16000,46000,0,6000
20260209,4588,玖鼎電力,65.4,66.0,64.3,64.3,,0.0,27796,1801493.0,-8000,0,0,2000,0,0,10000,0,0
20260209,2497,怡利電,47.0,47.0,45.6,45.7,-,0.8,287700,13199507.0,-11000,0,2787,93000,0,4000,104000,0,1213
20260209,5484,慧友,38.5,39.4,38.15,38.15,+,0.05,132384,5102077.0,-10000,0,1000,22000,0,1000,32000,0,0
20260209,6835,圓裕,39.15,40.2,38.9,39.3,+,0.1,71103,2811736.0,-9000,0,0,3000,0,0,12000,0,0
20260209,6914,阜爾運通,142.0,143.5,141.5,142.0,+,0.5,31799,4523963.0,-9000,0,0,2000,0,0,11000,0,0
20260209,9927,泰銘,69.5,69.8,69.3,69.3,,0.0,33094,2298659.0,-10000,0,1000,1000,0,1000,11000,0,0
20260209,4438,廣越,67.1,67.5,66.8,67.5,+,0.4,47032,3151918.0,-12000,0,2533,6000,0,2533,18000,0,0
20260209,8454,富邦媒,189.0,191.0,187.0,187.5,-,0.5,228094,42958202.0,-11486,0,2000,67514,0,3000,79000,0,1000
20260209,5522,遠雄,65.6,66.3,65.1,65.1,-,0.5,331415,21712190.0,22425,-36000,4000,212425,0,5000,190000,36000,1000
20260209,6206,飛捷,91.2,91.4,90.1,90.4,-,0.2,217033,19642513.0,-4954,1700,-6421,69046,1700,2596,74000,0,9017
20260209,3021,鴻名,18.05,18.05,17.45,17.45,+,0.1,85164,1508226.0,-10000,0,0,6000,0,0,16000,0,0
20260209,7786,東方風能,146.0,148.0,142.5,143.0,-,3.0,246859,35589779.0,-13000,0,3000,26000,0,3000,39000,0,0
20260209,2342,茂矽,32.45,32.45,30.85,30.85,-,0.15,1195363,37496480.0,-10000,0,-90,380000,0,0,390000,0,90
20260209,6230,尼得科超眾,127.0,127.5,122.5,124.5,+,4.0,93291,11620550.0,-11000,0,47,23000,0,47,34000,0,0
20260209,6771,平和環保-創,43.7,44.1,43.6,44.1,+,0.1,24100,1058700.0,-8000,0,-3000,0,0,1000,8000,0,4000
20260209,1220,台榮,12.85,12.85,12.7,12.85,+,0.15,68620,876698.0,-17000,0,6000,7000,0,6000,24000,0,0
20260209,1465,偉全,12.3,12.4,12.2,12.35,+,0.05,84513,1039829.0,-8000,0,-3000,3000,0,0,11000,0,3000
20260209,2504,國產,35.35,35.65,35.2,35.2,,0.0,812597,28711579.0,35000,-52000,5999,417000,0,46000,382000,52000,40001
20260209,1539,巨庭,18.3,18.3,17.8,17.9,-,0.05,102447,1840811.0,-11000,0,-9,15000,0,0,26000,0,9
20260209,3092,鴻碩,24.25,24.25,22.7,22.85,-,0.9,604697,13945214.0,-10000,0,-1316,139000,0,1000,149000,0,2316
20260209,1760,寶齡富錦,61.7,62.2,61.3,61.8,,0.0,119783,7384978.0,-12000,0,0,41000,0,0,53000,0,0
20260209,2029,盛餘,21.4,21.55,21.4,21.5,+,0.1,52209,1120014.0,-13000,0,1000,5000,0,1000,18000,0,0
20260209,00771,元大US高息特別股,16.31,16.32,16.31,16.32,+,0.01,31672,516598.0,0,0,-12000,0,0,0,0,0,12000
20260209,6928,攸泰科技,49.2,49.85,49.2,49.5,+,0.3,49927,2476547.0,-13000,0,235,15000,0,1033,28000,0,798
20260209,3515,華擎,217.5,219.0,214.0,217.5,+,2.5,367807,79492964.0,-10000,0,-2832,171000,0,3310,181000,0,6142
20260209,6585,鼎基,92.0,92.0,89.5,89.5,-,0.5,29636,2688848.0,-13000,0,143,3000,0,143,16000,0,0
20260209,2480,敦陽科,138.5,140.5,137.5,138.0,+,0.5,282491,39121931.0,-1971,0,-11001,85029,0,1000,87000,0,12001
20260209,1537,廣隆,123.0,123.0,122.0,122.0,-,1.0,53955,6608845.0,-11520,0,-1773,11480,0,1000,23000,0,2773
20260209,1615,大山,47.8,48.1,47.15,47.2,-,0.1,64051,3039637.0,-14349,0,1000,9000,0,1000,23349,0,0
20260209,6226,光鼎,8.92,8.92,8.71,8.77,-,0.07,223638,1967797.0,-24000,0,10000,27000,0,10000,51000,0,0
20260209,3041,揚智,25.85,25.9,25.2,25.2,-,0.15,399722,10152198.0,-14000,0,0,101000,0,0,115000,0,0
20260209,8081,致新,232.0,234.5,228.0,228.0,+,3.0,293724,67571959.0,-14979,0,800,102021,0,1000,117000,0,200
20260209,6862,三集瑞-KY,178.5,180.0,172.5,174.0,+,3.5,343698,60298801.0,-22000,0,7353,92000,0,9769,114000,0,2416
20260209,8473,山林水,37.3,37.3,36.45,37.0,+,0.3,431322,15872292.0,-15000,0,131,127000,0,3000,142000,0,2869
20260209,3494,誠研,8.96,9.14,8.81,8.84,-,0.12,132245,1180111.0,-16000,0,1000,14000,0,1000,30000,0,0
20260209,2023,燁輝,14.9,14.95,14.7,14.8,+,0.05,1303547,19261594.0,-44000,0,29000,407000,0,37000,451000,0,8000
20260209,1467,南緯,7.43,7.43,7.26,7.3,-,0.01,139994,1020874.0,-28000,0,13000,4000,0,13000,32000,0,0
20260209,1457,宜進,15.2,15.2,14.95,14.95,,0.0,73463,1105865.0,-17000,0,2000,6000,0,2000,23000,0,0
20260209,1417,嘉裕,8.85,9.0,8.73,8.79,+,0.01,150603,1328370.0,-8000,0,-7000,2000,0,0,10000,0,7000
20260209,2482,連宇,17.6,17.7,17.55,17.65,+,0.15,82197,1448850.0,-15000,0,-13,16000,0,1000,31000,0,1013
20260209,3008,大立光,2365.0,2365.0,2280.0,2290.0,-,40.0,517987,1190768905.0,-7188,-2000,-6486,117728,0,42397,124916,2000,48883
20260209,6141,柏承,11.0,11.0,10.6,10.6,-,0.1,195500,2093158.0,-18000,0,2000,12000,0,2000,30000,0,0
20260209,1460,宏遠,6.86,6.86,6.64,6.78,-,0.04,665231,4483007.0,-19000,0,3000,57000,0,3000,76000,0,0
20260209,1236,宏亞,26.65,26.8,26.2,26.55,,0.0,117659,3115995.0,-16000,0,0,19000,0,0,35000,0,0
20260209,1201,味全,14.55,14.55,14.3,14.35,-,0.1,379798,5466968.0,-31000,0,14000,79000,0,14000,110000,0,0
20260209,5283,禾聯碩,61.9,61.9,59.5,59.8,+,0.2,46021,2783220.0,-17000,0,0,5000,0,0,22000,0,0
20260209,8463,潤泰材,27.1,27.1,26.65,26.7,+,0.1,37024,995257.0,-17000,0,0,0,0,0,17000,0,0
20260209,3591,艾笛森,19.2,19.65,18.9,19.1,-,0.1,463711,8864669.0,-18000,0,995,172000,0,1000,190000,0,5
20260209,2426,鼎元,19.0,19.05,18.4,18.4,-,0.3,922993,17212282.0,-28000,0,10987,201000,0,11000,229000,0,13
20260209,2227,裕日車,52.7,52.7,52.4,52.4,-,0.2,44493,2338225.0,-18142,0,1000,2000,0,1000,20142,0,0
20260209,7730,暉盛-創,100.5,103.5,99.2,101.5,+,2.4,67705,6852338.0,-11000,0,-6595,0,0,6405,11000,0,13000
20260209,00709,富邦歐洲,39.11,39.14,39.02,39.14,+,0.59,58390,2284066.0,6000,0,-23629,7000,0,1000,1000,0,24629
20260209,2340,台亞,25.1,25.45,24.6,24.6,-,0.05,1348450,33543846.0,-15000,0,-2850,407000,0,10266,422000,0,13116
20260209,2420,新巨,50.5,52.0,50.2,50.4,+,0.2,116707,5909936.0,-18935,0,1000,29065,0,1000,48000,0,0
20260209,6166,凌華,60.3,60.6,59.5,59.9,+,0.4,218730,13106663.0,-18000,0,-596,65000,0,2000,83000,0,2596
20260209,2607,榮運,56.5,56.6,56.0,56.0,,0.0,403401,22646308.0,-20918,0,2000,161082,0,3000,182000,0,1000
20260209,4930,燦星網,21.8,21.8,21.45,21.5,-,0.2,56734,1223212.0,-20000,0,1000,1000,0,1000,21000,0,0
20260209,3622,洋華,62.5,62.9,61.7,61.7,,0.0,204837,12731280.0,-21000,0,1954,54000,0,2591,75000,0,637
20260209,8464,億豐,422.0,422.0,411.5,415.5,-,1.5,429400,178671708.0,-21437,0,2000,382563,0,2000,404000,0,0
20260209,4557,永新-KY,68.2,68.8,67.9,68.3,+,0.5,80834,5509248.0,-17000,0,-3000,14000,0,1000,31000,0,4000
20260209,1338,廣華-KY,19.15,19.65,19.1,19.4,+,0.15,85558,1653068.0,-17000,0,-3000,6000,0,0,23000,0,3000
20260209,1103,嘉泥,13.9,13.9,13.8,13.85,,0.0,405004,5606238.0,-23000,0,3000,55000,0,3000,78000,0,0
20260209,1473,台南,24.75,25.25,24.55,24.85,+,0.1,60192,1494496.0,-18196,0,-2000,5000,0,0,23196,0,2000
20260209,2913,農林,13.0,13.05,12.75,12.9,+,0.1,823988,10593652.0,-12000,0,-8328,211000,0,2000,223000,0,10328
20260209,6768,志強-KY,101.5,101.5,99.8,99.9,-,0.6,236932,23709579.0,-16966,0,-4004,36034,0,1000,53000,0,5004
20260209,7722,LINEPAY,441.5,445.0,430.0,430.0,-,5.0,193978,84573417.0,-22000,0,1000,22000,0,1000,44000,0,0
20260209,9103,美德醫療-DR,5.7,5.72,5.32,5.32,-,0.37,842862,4646444.0,-21000,0,0,0,0,0,21000,0,0
20260209,4536,拓凱,159.0,160.0,158.0,158.5,+,0.5,122832,19495898.0,-21978,0,719,38022,0,1000,60000,0,281
20260209,2231,為升,91.9,92.0,89.4,89.4,-,0.5,102341,9191625.0,-20000,0,-1612,28000,0,30,48000,0,1642
20260209,2405,輔信,16.05,16.1,15.8,15.8,,0.0,1009522,16031666.0,13000,0,-35000,298000,0,1000,285000,0,36000
20260209,6722,輝創,43.9,44.1,43.15,43.8,-,0.1,145457,6337965.0,-22000,0,0,16000,0,0,38000,0,0
20260209,3032,偉訓,74.8,75.1,72.4,72.6,-,0.5,507933,37368750.0,-27000,0,4086,147000,0,7101,174000,0,3015
20260209,00783,富邦中証500,28.45,28.58,28.4,28.58,+,0.22,302640,8618247.0,0,0,-22917,0,0,248218,0,0,271135
20260209,4583,台灣精銳,689.0,689.0,674.0,684.0,+,19.0,143094,97612223.0,-21000,0,-1934,29000,0,9351,50000,0,11285
20260209,2453,凌群,54.0,54.0,53.2,53.4,+,0.5,320551,17130271.0,-24000,0,1000,37000,0,1000,61000,0,0
20260209,6281,全國電,60.9,60.9,60.4,60.6,-,0.3,74639,4521149.0,-24000,0,1000,5000,0,1000,29000,0,0
20260209,6534,正瀚-創,84.9,84.9,84.2,84.2,-,0.4,68525,5795574.0,-23000,0,0,5000,0,6000,28000,0,6000
20260209,6909,創控,41.7,42.35,41.0,41.0,-,0.55,222174,9230796.0,-23000,0,0,56000,0,0,79000,0,0
20260209,2022,聚亨,8.67,8.69,8.5,8.51,-,0.08,310235,2654674.0,-26000,0,3000,21000,0,3000,47000,0,0
20260209,5388,中磊,83.9,84.1,82.4,82.7,+,0.4,2020739,168097216.0,-23925,0,700,738075,0,16771,762000,0,16071
20260209,7791,皇家可口,70.4,70.4,69.6,69.8,-,0.4,107463,7511418.0,-25000,0,1000,4000,0,1000,29000,0,0
20260209,1735,日勝化,17.15,17.25,16.5,17.25,+,0.55,384054,6464271.0,-26000,0,2000,52000,0,5000,78000,0,3000
20260209,1464,得力,11.1,11.2,11.05,11.05,-,0.05,248717,2758045.0,-26880,0,2000,32000,0,2000,58880,0,0
20260209,6934,心誠鎂,130.5,136.5,124.5,127.5,-,2.0,299530,38721435.0,-19000,0,-6000,55000,0,0,74000,0,6000
20260209,3229,晟鈦,22.0,22.0,20.55,21.3,-,0.65,121924,2632154.0,-23000,0,-3000,32000,0,1000,55000,0,4000
20260209,1737,臺鹽,31.5,31.6,31.45,31.45,-,0.05,81222,2557691.0,-26000,0,0,4000,0,0,30000,0,0
20260209,1626,艾美特-KY,10.8,10.8,10.65,10.65,-,0.15,79992,857210.0,-25000,0,-1000,1000,0,0,26000,0,1000
20260209,2458,義隆,118.5,119.0,117.5,118.0,+,1.0,647079,76326674.0,104048,-138241,7466,265048,1759,15466,161000,140000,8000
20260209,6921,嘉雨思-創,83.7,83.7,79.9,81.2,-,3.8,88509,7200946.0,-27000,0,0,7000,0,0,34000,0,0
20260209,6949,沛爾生醫-創,695.0,698.0,685.0,685.0,+,6.0,106632,74005469.0,-25923,0,-2000,6077,0,0,32000,0,2000
20260209,6108,競國,14.75,14.75,14.1,14.1,-,0.25,159232,2275697.0,-28000,0,0,18000,0,0,46000,0,0
20260209,1732,毛寶,27.85,28.4,27.5,27.5,-,0.2,354179,9798601.0,-28000,0,0,31000,0,0,59000,0,0
20260209,1806,冠軍,8.9,8.9,8.78,8.78,-,0.02,228244,2011208.0,-30000,0,2000,20000,0,2000,50000,0,0
20260209,6533,晶心科,225.0,225.0,219.0,224.5,+,4.5,181555,40230126.0,-28733,0,93,19050,0,7281,47783,0,7188
20260209,4585,達明,354.5,356.0,345.0,345.0,,0.0,322883,112702852.0,-27750,0,-1112,44250,0,2000,72000,0,3112
20260209,2015,豐興,65.0,65.5,64.8,65.0,,0.0,205902,13421959.0,-20902,-10000,2000,126098,0,2000,147000,10000,0
20260209,3712,永崴投控,25.5,25.95,25.1,25.1,-,0.4,363911,9225225.0,-25000,0,-4853,89000,0,11000,114000,0,15853
20260209,3338,泰碩,51.6,51.8,50.4,50.6,-,0.3,329795,16711641.0,-31000,0,221,60000,0,1000,91000,0,779
20260209,2364,倫飛,62.8,62.8,61.6,61.6,-,0.9,100484,6232640.0,-30999,0,0,12001,0,0,43000,0,0
20260209,3047,訊舟,17.8,18.1,17.4,17.6,+,0.15,1160852,20499586.0,-31000,0,0,341000,0,1000,372000,0,1000
20260209,9930,中聯資源,69.6,69.6,69.2,69.3,,0.0,79038,5476030.0,-32000,0,657,16000,0,1000,48000,0,343
20260209,6754,匯僑設計,43.5,43.5,42.55,42.9,-,0.1,46154,1978980.0,-13000,0,-19000,4000,0,0,17000,0,19000
20260209,2465,麗臺,53.5,54.5,52.3,52.8,+,0.2,174773,9234067.0,-32000,0,0,4000,0,0,36000,0,0
20260209,8163,達方,31.25,31.25,30.6,30.65,-,0.15,393501,12115566.0,-6000,0,-26386,140000,0,4085,146000,0,30471
20260209,6901,鑽石投資,16.1,16.35,15.8,16.05,+,0.1,478047,7675547.0,-36000,0,3000,111000,0,3000,147000,0,0
20260209,4935,茂林-KY,38.65,38.75,38.35,38.5,-,0.15,112025,4320281.0,-33000,0,0,8000,0,0,41000,0,0
20260209,5288,豐祥-KY,139.0,144.5,139.0,144.5,+,7.0,147539,21015376.0,-34000,0,1000,32000,0,1000,66000,0,0
20260209,2069,運錩,18.8,18.95,18.4,18.7,-,0.1,438599,8154945.0,-36000,0,2000,87000,0,2000,123000,0,0
20260209,2704,國賓,43.3,43.35,42.6,42.65,-,0.05,62408,2666246.0,-34000,0,0,15000,0,1000,49000,0,1000
20260209,1783,和康生,44.5,44.7,43.25,44.15,-,0.3,177903,7823389.0,-5000,0,-30000,40000,0,2000,45000,0,32000
20260209,1808,潤隆,31.65,31.8,31.05,31.4,-,0.1,757977,23860171.0,-43000,0,7000,286000,0,7000,329000,0,0
20260209,6243,迅杰,34.6,34.6,33.65,33.85,-,0.4,142208,4840204.0,-37000,0,0,33000,0,0,70000,0,0
20260209,2611,志信,14.65,14.65,14.5,14.55,,0.0,183304,2663795.0,-37000,0,0,9000,0,0,46000,0,0
20260209,4906,正文,27.35,27.9,26.9,26.9,-,0.15,1818695,49570342.0,-59000,0,21423,635000,0,26261,694000,0,4838
20260209,3321,同泰,17.8,17.8,17.1,17.1,-,0.3,229393,3975054.0,-38000,0,0,3000,0,0,41000,0,0
20260209,9924,福興,47.65,47.65,47.3,47.35,-,0.3,100387,4760160.0,-39000,0,1000,6000,0,1000,45000,0,0
20260209,1414,東和,19.7,19.7,19.2,19.7,+,0.1,226327,4415422.0,-68000,0,30000,36000,0,31000,104000,0,1000
20260209,1563,巧新,45.25,45.25,44.55,44.9,+,0.1,331688,14844127.0,-38000,0,-52,71000,0,1000,109000,0,1052
20260209,6916,華凌,18.95,19.65,18.15,18.15,+,0.25,783891,15124982.0,-40000,0,1854,55000,0,2000,95000,0,146
20260209,6670,復盛應用,279.0,279.0,271.0,273.0,-,1.5,150559,41153042.0,-47968,-6000,14999,38032,0,17000,86000,6000,2001
20260209,1535,中宇,47.3,47.7,46.5,46.5,-,1.5,432162,20347600.0,-40000,0,1000,40000,0,1000,80000,0,0
20260209,8341,日友,76.1,76.6,75.1,75.2,-,0.5,183188,13823659.0,-40000,0,737,38000,0,2000,78000,0,1263
20260209,3356,奇偶,47.8,47.8,47.2,47.3,+,0.2,129468,6132888.0,-40000,0,617,15000,0,1000,55000,0,383
20260209,1623,大東電,227.0,229.0,215.5,215.5,-,8.0,236133,51988625.0,-39900,0,0,2100,0,0,42000,0,0
20260209,6838,台新藥,27.55,27.55,27.0,27.15,-,0.35,216417,5879867.0,-43000,0,3000,17000,0,3000,60000,0,0
20260209,3043,科風,22.6,22.6,21.8,21.8,-,0.3,83021,1836553.0,-40000,0,-317,7000,0,0,47000,0,317
20260209,2385,群光,121.0,121.0,119.0,120.0,+,0.5,2184871,261683425.0,214494,-129600,-125544,938494,1400,13000,724000,131000,138544
20260209,6794,向榮生技,88.9,88.9,84.5,86.0,-,0.7,67483,5774088.0,-42000,0,1000,4000,0,1000,46000,0,0
20260209,4736,泰博,129.5,129.5,126.5,127.0,-,1.0,238315,30327036.0,57014,-100000,1000,88014,0,1000,31000,100000,0
20260209,9906,欣巴巴,44.75,45.05,42.45,44.6,-,0.15,375767,16345533.0,-44000,0,2000,122000,0,4000,166000,0,2000
20260209,2642,宅配通,24.95,24.95,24.6,24.65,-,0.3,170604,4214213.0,-56245,0,14000,5000,0,14000,61245,0,0
20260209,3550,聯穎,20.2,20.6,19.65,20.6,+,1.85,21912748,446206828.0,-60000,0,17726,3132000,0,88475,3192000,0,70749
20260209,3296,勝德,24.7,24.7,23.55,23.55,-,0.2,83137,1983019.0,-41000,0,-2000,2000,0,1000,43000,0,3000
20260209,9938,百和,52.3,52.4,51.8,51.9,,0.0,987800,51425242.0,-28923,0,-14302,362077,0,3000,391000,0,17302
20260209,1442,名軒,29.65,29.7,29.3,29.7,+,0.05,203510,6003668.0,-44000,0,190,84000,0,1000,128000,0,810
20260209,2390,云辰,10.5,10.5,10.2,10.2,-,0.1,172412,1778616.0,-45000,0,961,24000,0,1000,69000,0,39
20260209,5306,桂盟,91.0,91.8,90.1,91.2,+,0.5,92415,8398262.0,-44967,0,0,14033,0,0,59000,0,0
20260209,6117,迎廣,77.0,77.1,75.0,75.4,,0.0,203341,15350236.0,-45000,0,0,36000,0,0,81000,0,0
20260209,1217,愛之味,10.45,10.5,10.4,10.45,,0.0,330082,3448263.0,-48000,0,2000,63000,0,2000,111000,0,0
20260209,2748,雲品,40.9,40.9,40.15,40.3,-,0.1,117869,4751793.0,-46000,0,0,5000,0,0,51000,0,0
20260209,4441,振大環球,255.0,255.0,244.0,248.5,-,6.5,87651,21600913.0,-46000,0,-124,7000,0,1000,53000,0,1124
20260209,1727,中華化,42.0,42.8,40.65,40.65,-,0.2,1289952,53286111.0,-47000,0,191,387000,0,4000,434000,0,3809
20260209,6743,安普新,26.3,26.6,26.2,26.2,-,0.1,125073,3287698.0,-47230,0,0,12000,0,0,59230,0,0
20260209,6691,洋基工程,602.0,610.0,590.0,591.0,+,1.0,586192,351017457.0,-47815,-1000,1341,257015,0,12277,304830,1000,10936
20260209,2597,潤弘,167.5,169.5,167.5,168.0,+,2.5,182812,30774741.0,-44964,0,-2619,60036,0,4000,105000,0,6619
20260209,6923,中台,92.9,93.3,91.8,91.9,-,1.1,361810,33470788.0,-48095,0,-65,104905,0,3092,153000,0,3157
20260209,1524,耿鼎,31.8,31.95,31.3,31.3,,0.0,830221,26067697.0,-49000,0,713,197000,0,1000,246000,0,287
20260209,6957,裕慶-KY,184.5,186.5,180.5,181.5,-,5.0,127772,23403771.0,-48000,0,-808,14000,0,0,62000,0,808
20260209,6944,兆聯實業,690.0,704.0,682.0,697.0,+,20.0,501659,348703103.0,-64518,0,14918,113582,0,23987,178100,0,9069
20260209,6715,嘉基,149.0,151.0,142.0,144.5,-,1.5,387377,56510470.0,-53000,0,3341,84000,0,4000,137000,0,659
20260209,6491,晶碩,290.5,291.0,283.5,283.5,-,5.0,205171,58828048.0,-47989,0,-2002,58011,0,1000,106000,0,3002
20260209,1419,新紡,70.7,70.8,67.7,68.1,+,0.3,210267,14473551.0,-42000,0,-8582,59000,0,5000,101000,0,13582
20260209,3209,全科,35.8,36.4,35.2,35.7,+,0.25,2957489,106025264.0,-80887,0,30000,879113,0,33000,960000,0,3000
20260209,5222,全訊,133.0,134.0,131.0,131.0,,0.0,414633,54805934.0,-90010,0,38967,67000,0,52000,157010,0,13033
20260209,1733,五鼎,30.55,30.7,30.15,30.4,+,0.25,221240,6712009.0,-53000,0,1000,38000,0,1000,91000,0,0
20260209,3031,佰鴻,20.05,20.25,19.7,19.75,-,0.1,194799,3862139.0,-53000,0,906,31000,0,1000,84000,0,94
20260209,8429,金麗-KY,7.49,7.49,7.4,7.4,-,0.03,340898,2536192.0,-59000,0,6000,5000,0,6000,64000,0,0
20260209,6405,悅城,30.0,30.5,28.8,29.35,+,0.05,380859,11133724.0,-53000,0,-368,53000,0,1000,106000,0,1368
20260209,2419,仲琦,28.25,28.65,27.3,27.35,-,0.25,1761223,48790212.0,-3000,0,-50491,513000,0,3198,516000,0,53689
20260209,1471,首利,12.9,12.9,12.15,12.15,-,0.25,590781,7238419.0,-49000,0,-5000,1000,0,1000,50000,0,6000
20260209,1720,生達,60.6,60.8,60.3,60.8,-,0.1,174999,10593820.0,-46000,0,-8000,30000,0,0,76000,0,8000
20260209,3135,凌航,114.0,114.0,114.0,114.0,+,10.0,630937,71926818.0,-12000,0,-42796,16000,0,6204,28000,0,49000
20260209,1603,華電,39.2,39.2,38.0,38.05,-,0.4,559009,21394788.0,-53000,0,-2000,110000,0,1000,163000,0,3000
20260209,4720,德淵,16.05,16.3,16.05,16.2,+,0.2,487130,7875362.0,-57000,0,0,70000,0,0,127000,0,0
20260209,9940,信義,21.6,21.8,21.6,21.7,+,0.15,407179,8815933.0,-60000,0,3000,118000,0,3000,178000,0,0
20260209,6558,興能高,35.4,35.45,34.45,34.45,-,0.1,549681,19126482.0,-57000,0,0,139000,0,0,196000,0,0
20260209,2505,國揚,19.0,19.2,18.75,19.0,+,0.15,349758,6634083.0,-61000,0,2000,74000,0,13000,135000,0,11000
20260209,8028,昇陽半導體,168.0,169.5,166.0,166.0,+,3.0,2266536,379607734.0,-50980,-30000,20999,554020,0,50769,605000,30000,29770
20260209,6906,現觀科,75.7,75.7,70.8,71.0,-,4.7,147547,10616164.0,-60000,0,0,9000,0,0,69000,0,0
20260209,2417,圓剛,38.1,38.45,36.95,37.15,-,0.35,463683,17347298.0,-60000,0,0,110000,0,0,170000,0,0
20260209,2430,燦坤,22.65,22.65,22.4,22.5,-,0.15,191210,4307899.0,-62000,0,0,3000,0,0,65000,0,0
20260209,2538,基泰,10.65,10.65,10.45,10.55,+,0.05,244566,2571847.0,-64000,0,2000,5000,0,2000,69000,0,0
20260209,2466,冠西電,57.6,57.6,54.7,56.0,+,2.9,1243382,69895659.0,-67000,0,4000,281000,0,4000,348000,0,0
20260209,00911,兆豐洲際半導體,37.55,37.56,37.42,37.52,+,1.72,456295,17116611.0,-2870,0,-60742,5130,0,107000,8000,0,167742
20260209,3419,譁裕,14.7,14.7,14.4,14.5,-,0.15,161351,2350411.0,-65000,0,1000,7000,0,1000,72000,0,0
20260209,5907,大洋-KY,5.84,5.88,5.79,5.86,+,0.03,286200,1671720.0,-65000,0,1000,59000,0,1000,124000,0,0
20260209,1256,鮮活果汁-KY,168.0,168.0,153.5,154.5,-,10.5,189667,29979076.0,-64600,0,0,20400,0,0,85000,0,0
20260209,6431,光麗-KY,25.8,26.5,24.6,26.3,-,0.1,443807,11465171.0,-64000,0,-1000,60000,0,0,124000,0,1000
20260209,6515,穎崴,4745.0,4875.0,4615.0,4720.0,+,210.0,750718,3576422560.0,-64122,243,-2156,318536,31243,9723,382658,31000,11879
20260209,6155,鈞寶,49.2,49.2,46.0,46.8,+,1.5,1823955,86217071.0,-71000,0,4801,424000,0,4802,495000,0,1
20260209,2014,中鴻,18.3,18.4,17.8,18.0,-,0.1,7679547,138544847.0,-51000,0,-16953,1964000,0,49000,2015000,0,65953
20260209,1582,信錦,68.0,68.0,66.8,67.0,-,0.4,433883,29149728.0,-80822,0,12715,98000,0,15000,178822,0,2285
20260209,1532,勤美,24.3,24.35,23.9,24.1,,0.0,545817,13098553.0,-72000,0,1696,145000,0,2000,217000,0,304
20260209,00972,野村日本動能高息,20.69,20.69,20.2,20.22,+,0.26,580759,11785674.0,-5800,0,-64761,1200,0,369150,7000,0,433911
20260209,2723,美食-KY,76.1,76.2,75.2,75.8,-,0.3,219716,16642170.0,-70958,0,0,62042,0,0,133000,0,0
20260209,2753,八方雲集,181.0,182.5,179.0,179.5,-,1.5,236251,42709222.0,-69000,0,-3988,48000,0,0,117000,0,3988
20260209,3038,全台,23.05,23.5,22.85,23.1,+,0.1,406267,9351399.0,-72000,0,-3000,84000,0,0,156000,0,3000
20260209,1515,力山,26.95,26.95,25.95,26.1,+,0.05,230600,6062880.0,-79000,0,2230,29000,0,3000,108000,0,770
20260209,3044,健鼎,395.0,395.0,378.0,382.5,+,3.0,2561291,984208048.0,105575,-153000,-29702,1566671,0,35505,1461096,153000,65207
20260209,6605,帝寶,146.5,147.5,144.5,144.5,-,1.0,368981,53766072.0,-76960,0,-772,100040,0,8000,177000,0,8772
20260209,2501,國建,22.0,22.3,21.9,22.15,+,0.15,1086221,24013064.0,-82837,0,5000,301163,0,5000,384000,0,0
20260209,6416,瑞祺電通,85.6,86.2,83.5,84.1,-,1.0,200973,16950079.0,-80000,0,0,27000,0,0,107000,0,0
20260209,9935,慶豐富,19.5,19.5,19.25,19.3,-,0.05,206773,4009222.0,-81999,0,1000,36001,0,1000,118000,0,0
20260209,3416,融程電,146.0,146.0,142.0,142.0,-,4.0,211789,30305082.0,-84700,0,2388,12300,0,5000,97000,0,2612
20260209,1709,和益,16.85,16.85,16.7,16.75,-,0.05,214921,3605284.0,-81000,0,-3000,30000,0,2000,111000,0,5000
20260209,3312,弘憶股,39.3,39.3,37.75,37.75,-,0.3,685384,26143220.0,-84000,0,0,99000,0,1000,183000,0,1000
20260209,1809,中釉,24.0,24.05,22.85,22.9,-,0.6,2106658,48921827.0,-85000,0,877,493000,0,1000,578000,0,123
20260209,1786,科妍,74.8,74.9,72.6,72.6,-,1.0,299975,21984743.0,-85000,0,204,54000,0,4000,139000,0,3796
20260209,4764,雙鍵,105.0,106.0,103.0,103.0,,0.0,726612,75573401.0,-85000,0,34,162000,0,2000,247000,0,1966
20260209,6757,台灣虎航,65.2,65.5,64.9,65.0,-,0.2,585356,38083930.0,-92921,0,6370,107079,0,8000,200000,0,1630
20260209,00924,復華S&P500成長,28.76,28.88,28.76,28.82,+,0.87,3151696,90833543.0,223319,0,-310882,232319,0,932030,9000,0,1242912
20260209,3686,達能,21.65,21.65,19.65,20.05,-,1.45,1253164,25372631.0,-89000,0,115,250000,0,1000,339000,0,885
20260209,3052,夆典,11.55,11.55,11.45,11.5,+,0.05,181405,2083956.0,-109000,0,20000,8000,0,20000,117000,0,0
20260209,2201,裕隆,31.05,31.5,30.65,30.65,-,0.15,2668533,82367643.0,-74868,0,-14885,1356132,0,19437,1431000,0,34322
20260209,1104,環泥,29.5,29.65,29.35,29.55,+,0.05,340667,10048576.0,-91863,0,1951,65137,0,2000,157000,0,49
20260209,2892,第一金,29.15,29.35,29.0,29.0,-,0.15,18567675,540581659.0,-398489,4000,304420,10167710,4000,306000,10566199,0,1580
20260209,1616,億泰,28.8,28.8,27.95,28.25,+,0.05,950278,26870683.0,-89000,0,-1370,361000,0,1000,450000,0,2370
20260209,2440,太空梭,14.65,14.65,14.15,14.6,+,0.05,207595,2974586.0,-94000,0,2000,1000,0,2000,95000,0,0
20260209,1210,大成,51.2,51.2,50.7,50.7,-,0.2,1877662,95566066.0,-16753,-84000,6900,812147,0,9000,828900,84000,2100
20260209,3443,創意,2480.0,2505.0,2430.0,2445.0,+,70.0,2500866,6173939067.0,-186357,143441,-52471,989116,143441,70070,1175473,0,122541
20260209,6257,矽格,126.0,128.5,124.0,126.5,+,6.0,7311602,927312031.0,-1614954,1313259,205329,1869776,1343259,283789,3484730,30000,78460
20260209,1712,興農,46.9,46.9,46.05,46.1,-,0.4,323159,14967042.0,-87897,0,-8508,94103,0,2000,182000,0,10508
20260209,2236,百達-KY,114.5,115.5,111.0,113.0,-,0.5,307742,34586750.0,-97000,0,0,31000,0,0,128000,0,0
20260209,1321,大洋,33.0,33.2,32.65,32.7,-,0.45,217572,7145975.0,-101000,0,702,6000,0,1000,107000,0,298
20260209,6869,雲豹能源,107.5,107.5,103.5,104.5,-,1.0,686814,71861627.0,-102941,0,-49,111059,0,9000,214000,0,9049
20260209,8215,明基材,20.9,21.0,20.1,20.15,-,0.35,694670,14127293.0,-108000,0,3000,143000,0,3000,251000,0,0
20260209,2332,友訊,15.65,15.7,15.3,15.3,-,0.1,1451811,22398559.0,-129000,0,23984,389000,0,28000,518000,0,4016
20260209,2511,太子,8.31,8.32,8.24,8.24,-,0.02,969871,8018526.0,-95000,0,-10120,288000,0,9000,383000,0,19120
20260209,6806,森崴能源,46.5,47.55,44.55,45.0,-,1.3,1029281,46719588.0,-112000,0,6471,212000,0,21000,324000,0,14529
20260209,6409,旭隼,919.0,923.0,884.0,884.0,-,21.0,675063,603727142.0,-111178,0,2309,294447,0,5988,405625,0,3679
20260209,2850,新產,113.5,114.0,113.0,113.0,-,1.0,187074,21226441.0,-98000,-17000,4425,20000,0,5000,118000,17000,575
20260209,2613,中櫃,24.5,24.5,23.85,24.05,+,0.05,254429,6094150.0,-106000,0,-5000,26000,0,0,132000,0,5000
20260209,00730,富邦臺灣優質高息,22.9,22.94,22.65,22.66,+,0.17,198829,4525146.0,0,0,-111114,1000,0,19495,1000,0,130609
20260209,8213,志超,35.4,35.45,34.6,34.6,-,0.35,1611475,55881519.0,-117000,0,3000,1115000,0,3000,1232000,0,0
20260209,1604,聲寶,23.8,23.85,23.6,23.7,-,0.05,417313,9883301.0,-115000,0,1000,20000,0,1000,135000,0,0
20260209,5607,遠雄港,47.2,47.2,46.3,46.6,-,0.05,298633,13888484.0,-113000,0,-1942,75000,0,6058,188000,0,8000
20260209,1503,士電,209.5,209.5,205.5,207.0,+,6.0,1989919,412238928.0,-155386,-3000,42316,723614,0,58930,879000,3000,16614
20260209,2477,美隆電,23.6,23.8,23.2,23.65,+,0.25,273870,6417673.0,-117000,0,0,22000,0,0,139000,0,0
20260209,3694,海華,59.8,59.8,57.6,57.7,-,0.2,909999,52928366.0,-118000,0,-2242,222000,0,1541,340000,0,3783
20260209,1218,泰山,18.05,18.2,18.0,18.05,,0.0,509781,9205691.0,-122836,0,2000,42164,0,2000,165000,0,0
20260209,2444,兆勁,12.6,12.95,12.4,12.5,,0.0,677425,8555219.0,-123000,0,1000,70000,0,3000,193000,0,2000
20260209,6133,金橋,23.7,23.7,22.85,22.85,+,0.15,1229318,28399469.0,-126000,0,2000,296000,0,2000,422000,0,0
20260209,4142,國光生,18.3,18.35,18.15,18.2,+,0.05,936355,17065832.0,-124000,0,-3362,327000,0,2000,451000,0,5362
20260209,00964,中信亞太高股息,13.1,13.18,13.07,13.08,+,0.24,3172238,41598964.0,67000,0,-194762,190000,0,2228823,123000,0,2423585
20260209,3607,谷崧,14.1,14.1,13.8,13.85,-,0.05,257655,3576618.0,-130000,0,2000,21000,0,2000,151000,0,0
20260209,2427,三商電,25.15,25.3,24.8,24.95,,0.0,421347,10497650.0,-139000,0,11000,79000,0,11000,218000,0,0
20260209,8926,台汽電,43.55,43.75,43.3,43.3,+,0.1,503287,21857861.0,-136875,0,7793,119125,0,8000,256000,0,207
20260209,2206,三陽工業,60.7,60.9,60.1,60.9,+,0.2,750230,45429609.0,-86894,-64000,20000,188106,0,23000,275000,64000,3000
20260209,2634,漢翔,52.5,52.8,51.8,51.9,+,0.3,3767659,196710592.0,-172000,-2000,42098,1458000,0,61002,1630000,2000,18904
20260209,2233,宇隆,228.0,230.0,223.5,228.5,+,6.5,1429820,324455818.0,-139200,0,6111,337000,0,16937,476200,0,10826
20260209,6531,愛普*,419.0,419.0,405.5,405.5,-,1.5,1418657,581630575.0,-57103,-38952,-38781,383863,3548,16498,440966,42500,55279
20260209,1436,華友聯,57.9,57.9,55.9,56.8,-,1.7,766566,43434749.0,-133000,0,-4338,143000,0,1000,276000,0,5338
20260209,6890,來億-KY,209.5,210.0,203.0,209.0,+,3.0,787207,162313889.0,-127983,-4000,-7015,268017,0,7525,396000,4000,14540
20260209,3033,威健,30.3,30.35,29.8,29.9,-,0.1,1319834,39519461.0,-188838,0,49350,145162,0,51000,334000,0,1650
20260209,3011,今皓,13.05,13.1,12.9,12.9,,0.0,393366,5103344.0,-141000,0,1000,17000,0,1000,158000,0,0
20260209,2636,台驊控股,65.5,65.7,64.2,64.4,-,0.8,277130,17942530.0,-144000,0,2380,31000,0,8000,175000,0,5620
20260209,8404,百和興業-KY,23.45,23.65,23.0,23.05,-,0.25,352615,8173722.0,-146000,0,62,46000,0,3000,192000,0,2938
20260209,6873,泓德能源,120.5,120.5,115.0,115.0,-,2.5,505391,58935322.0,-144318,0,-4518,51682,0,10290,196000,0,14808
20260209,8476,台境*,18.5,18.5,17.7,17.7,-,0.5,784355,13980716.0,-154000,0,1000,70000,0,1000,224000,0,0
20260209,2537,聯上發,10.4,10.4,10.3,10.4,+,0.05,716576,7419292.0,-153000,0,-33,23000,0,1000,176000,0,1033
20260209,3002,歐格,22.5,22.5,20.95,21.2,+,0.6,595509,12849514.0,-156000,0,2683,125000,0,3000,281000,0,317
20260209,4104,佳醫,76.8,76.8,75.8,76.1,-,0.3,351086,26712117.0,-161739,0,5767,19503,0,10000,181242,0,4233
20260209,3705,永信,55.7,56.0,54.8,55.1,-,0.6,488336,26934575.0,-168920,0,2954,93080,0,10000,262000,0,7046
20260209,00661,元大日經225,73.45,73.7,72.9,73.15,+,3.4,445160,32606707.0,-30950,0,-139069,50,0,78103,31000,0,217172
20260209,1342,八貫,103.5,104.0,100.0,102.0,+,2.0,1601485,163282021.0,-169969,0,-3083,392031,0,1000,562000,0,4083
20260209,6541,泰福-KY,50.1,50.5,49.1,49.1,-,0.25,544299,26844789.0,-187890,0,12619,48000,0,17000,235890,0,4381
20260209,2211,長榮鋼,105.0,105.5,103.5,104.0,,0.0,679112,70787221.0,-180000,0,4162,184000,0,4539,364000,0,377
20260209,1736,喬山,140.5,141.5,137.0,137.5,-,2.5,428171,59365176.0,-177000,0,552,63000,0,8000,240000,0,7448
20260209,1229,聯華,45.1,45.4,44.85,44.9,-,0.05,1480620,66679394.0,-197875,0,18427,587125,0,20000,785000,0,1573
20260209,1466,聚隆,16.4,17.75,16.15,17.25,+,0.6,4753493,79719163.0,-173000,0,-6678,604000,0,1000,777000,0,7678
20260209,2601,益航,5.4,5.41,5.37,5.4,+,0.02,1007066,5425694.0,-186000,0,4000,39000,0,4000,225000,0,0
20260209,6196,帆宣,265.0,266.5,261.0,262.5,+,4.5,699673,184250113.0,-163382,-15000,-4007,197018,0,9020,360400,15000,13027
20260209,5269,祥碩,1275.0,1275.0,1230.0,1230.0,-,5.0,728136,906701680.0,-200627,1441,16099,180123,1441,58327,380750,0,42228
20260209,3024,憶聲,10.4,10.4,10.15,10.25,,0.0,569084,5813528.0,-185000,0,1000,28000,0,1000,213000,0,0
20260209,3035,智原,160.0,161.5,156.5,157.0,-,3.0,3062323,484842518.0,-37053,13389,-162093,614138,13389,30123,651191,0,192216
20260209,2543,皇昌,61.4,61.7,60.4,60.6,+,0.1,752217,45715596.0,-183000,0,-5128,75000,0,5000,258000,0,10128
20260209,2101,南港,35.0,35.1,34.1,34.4,-,0.45,1266871,43586720.0,-192000,0,2000,295000,0,4000,487000,0,2000
20260209,6164,華興,12.65,12.65,12.05,12.1,-,0.15,315699,3835747.0,-195800,0,2000,20000,0,2000,215800,0,0
20260209,3025,星通,59.9,60.0,56.8,56.9,-,4.1,2434900,140290192.0,-185000,0,-9009,760000,0,6000,945000,0,15009
20260209,8438,昶昕,55.0,57.9,52.8,53.8,+,1.1,1863266,104207591.0,-209000,0,14199,406000,0,24200,615000,0,10001
20260209,2442,新美齊,21.1,21.3,20.85,21.0,,0.0,959368,20193565.0,-203000,0,4318,121000,0,5000,324000,0,682
20260209,2421,建準,148.5,151.0,146.0,147.0,,0.0,2054052,303640668.0,-151656,0,-47934,876044,0,27793,1027700,0,75727
20260209,6790,永豐實,37.6,37.6,37.4,37.5,-,0.15,307300,11526655.0,5000,0,-205595,24000,0,1000,19000,0,206595
20260209,1609,大亞,38.3,38.45,37.65,37.85,+,0.2,3183683,120806679.0,-236570,0,33125,965670,0,65826,1202240,0,32701
20260209,2353,宏碁,26.95,27.05,26.45,26.5,-,0.05,21161268,563631924.0,190000,-102000,-291864,7409000,0,138000,7219000,102000,429864
20260209,00917,中信特選金融,21.91,22.04,21.91,22.02,+,0.33,1039241,22871760.0,142000,0,-346117,149000,0,82000,7000,0,428117
20260209,1605,華新,35.6,36.45,35.05,35.85,+,1.45,70886878,2533251581.0,440993,-900000,241262,28261652,0,1422446,27820659,900000,1181184
20260209,1909,榮成,9.88,9.94,9.81,9.81,-,0.07,1149749,11303739.0,-230000,0,6000,239000,0,6000,469000,0,0
20260209,00657,國泰日經225,67.25,67.35,66.6,66.75,+,3.2,418003,28033400.0,-10500,0,-213723,0,0,142909,10500,0,356632
20260209,6669,緯穎,3705.0,3770.0,3615.0,3630.0,-,15.0,1775400,6538154460.0,-69125,-167001,11241,640245,0,63997,709370,167001,52756
20260209,2520,冠德,32.3,32.45,31.8,31.85,-,0.45,1157546,37014145.0,-117854,0,-107825,272146,0,12000,390000,0,119825
20260209,2371,大同,37.25,37.25,36.45,36.8,+,0.8,10444645,384154041.0,-338352,18558,92922,2931648,18558,170000,3270000,0,77078
20260209,6438,迅得,147.5,149.5,144.5,149.0,+,4.0,1605411,237569323.0,-237000,0,9408,232000,0,29105,469000,0,19697
20260209,4927,泰鼎-KY,32.2,33.5,31.9,31.9,+,0.25,3522742,115026605.0,-228000,0,-1,993000,0,1000,1221000,0,1001
20260209,8249,菱光,62.2,62.4,60.9,61.9,+,1.0,4501348,278279321.0,-231852,0,3391,726000,0,16750,957852,0,13359
20260209,2539,櫻花建,48.0,48.0,47.25,47.7,-,0.2,573140,27333158.0,-226162,0,-7300,81838,0,4000,308000,0,11300
20260209,1447,力鵬,5.46,5.47,5.38,5.39,-,0.06,479038,2592536.0,-243000,0,4000,10000,0,4000,253000,0,0
20260209,6805,富世達,1600.0,1620.0,1520.0,1550.0,+,5.0,2196485,3450565285.0,-248071,46000,-37485,609184,46000,52001,857255,0,89486
20260209,2439,美律,99.2,99.3,97.6,97.6,-,0.4,662373,65023850.0,-52086,-161300,-29031,192064,1700,19496,244150,163000,48527
20260209,3702,大聯大,63.8,64.0,63.2,63.4,+,0.4,2468380,157006821.0,-21764,-81000,-145563,981236,0,34520,1003000,81000,180083
20260209,1440,南紡,13.55,13.65,13.3,13.35,-,0.05,1416199,18976695.0,-265000,0,15517,402000,0,16000,667000,0,483
20260209,2348,海悅,75.5,75.9,74.1,74.4,-,0.9,518479,38636889.0,-246867,0,-3432,66133,0,3000,313000,0,6432
20260209,6177,達麗,47.45,47.7,47.3,47.5,-,0.2,601831,28587542.0,-246884,0,-3693,170116,0,3000,417000,0,6693
20260209,1795,美時,338.5,341.0,333.0,334.0,+,2.5,2433424,817974040.0,-210673,0,-43431,754020,0,39361,964693,0,82792
20260209,8114,振樺電,175.5,176.5,170.0,171.5,-,4.0,734916,126264986.0,-243982,0,-13664,116018,0,6000,360000,0,19664
20260209,5203,訊連,80.8,81.4,75.3,76.6,-,4.4,1336999,103292322.0,-263000,0,-3240,179000,0,10000,442000,0,13240
20260209,6191,精成科,107.5,108.0,104.0,104.5,+,0.5,5342292,563223816.0,1267938,-1596000,61039,2424238,0,77364,1156300,1596000,16325
20260209,8011,台通,20.35,20.6,20.05,20.25,+,0.15,1095464,22210687.0,-266000,0,-8000,206000,0,1000,472000,0,9000
20260209,3532,台勝科,138.5,140.0,135.0,137.5,+,4.5,2208878,303601408.0,-216976,0,-63490,543024,0,55564,760000,0,119054
20260209,3046,建碁,51.6,51.7,49.7,49.9,-,1.4,507743,25522970.0,-296000,0,3247,33000,0,5000,329000,0,1753
20260209,1711,永光,23.35,24.45,22.6,23.8,+,1.15,26029300,611780919.0,-1374685,0,1076903,5624315,0,1194828,6999000,0,117925
20260209,6831,邁科,273.5,273.5,258.0,261.5,,0.0,1267157,334617278.0,-298900,0,1000,99100,0,1000,398000,0,0
20260209,8070,長華*,43.8,44.2,43.2,43.25,+,0.3,1419904,61921266.0,-263000,-40000,648,434000,0,8083,697000,40000,7435
20260209,2614,東森,20.95,21.0,20.4,20.65,-,0.1,851636,17568025.0,-276000,0,-30000,168000,0,2000,444000,0,32000
20260209,2399,映泰,22.85,22.85,21.9,22.0,-,0.2,1381501,30551284.0,-309010,0,-577,211000,0,2000,520010,0,2577
20260209,2530,華建,25.85,25.9,25.2,25.4,-,0.25,847458,21518489.0,-409820,-21000,120000,85180,0,123000,495000,21000,3000
20260209,00910,第一金太空衛星,54.55,55.4,54.55,55.15,+,3.2,4259785,235205652.0,1445925,0,-1759973,1601925,0,106432,156000,0,1866405
20260209,2347,聯強,66.4,66.8,65.4,66.3,+,0.5,2756578,181722014.0,93027,-245000,-163200,1424027,0,27786,1331000,245000,190986
20260209,3055,蔚華科,67.9,68.5,64.0,64.6,-,2.1,1213123,80026627.0,-312000,0,-4100,227000,0,9166,539000,0,13266
20260209,6589,台康生技,60.8,61.1,59.7,59.9,-,0.5,593094,35596488.0,-323000,0,454,59000,0,7000,382000,0,6546
20260209,2431,聯昌,17.0,17.65,15.2,15.2,-,1.25,9630887,160967993.0,-327000,0,2309,2066000,0,9000,2393000,0,6691
20260209,9802,鈺齊-KY,94.5,95.0,93.1,93.3,-,0.4,956196,89751426.0,51039,-380000,2601,376039,0,4726,325000,380000,2125
20260209,2395,研華,298.0,302.0,290.0,291.0,+,3.5,2450562,720564779.0,-332151,-2000,6490,1134262,0,13000,1466413,2000,6510
20260209,00947,台新臺灣IC設計,22.85,23.1,22.6,22.96,+,0.91,9372933,214966777.0,2335000,0,-2663426,2907000,0,906684,572000,0,3570110
20260209,1514,亞力,123.0,123.5,119.5,119.5,,0.0,2667483,322414145.0,-330992,0,-11944,716891,0,3000,1047883,0,14944
20260209,9917,中保科,105.5,105.5,104.5,105.0,,0.0,697634,73269874.0,-320948,-33000,2000,47052,0,2000,368000,33000,0
20260209,2308,台達電,1200.0,1210.0,1180.0,1180.0,+,20.0,9124038,10862042850.0,-425163,38999,32165,5194934,88000,210810,5620097,49001,178645
20260209,3050,鈺德,13.75,13.75,13.05,13.15,-,0.35,1288480,17015971.0,-367500,0,9987,128000,0,10000,495500,0,13
20260209,00971,野村美國研發龍頭,15.56,15.62,15.54,15.55,+,0.42,1413287,22016610.0,-35000,0,-326859,0,0,552059,35000,0,878918
20260209,6197,佳必琪,150.0,150.0,144.5,145.5,-,3.0,1954295,285755091.0,-399971,0,33331,293029,0,54938,693000,0,21607
20260209,1589,永冠-KY,16.45,16.6,16.0,16.1,-,0.15,909909,14712792.0,-367000,0,-3433,94000,0,8000,461000,0,11433
20260209,9934,成霖,10.0,10.05,9.9,9.91,-,0.02,604295,6003742.0,-370000,0,-6000,69000,0,2000,439000,0,8000
20260209,5534,長虹,76.9,77.4,76.2,76.5,-,0.8,910729,69789607.0,-320853,10000,-66019,185147,10000,61000,506000,0,127019
20260209,2351,順德,88.8,88.8,84.3,84.4,-,2.0,1153229,98534811.0,-302959,0,-79656,280041,0,14084,583000,0,93740
20260209,3090,日電貿,94.5,95.0,91.7,92.6,+,1.1,1965748,182295840.0,-376145,0,-8598,489055,0,9000,865200,0,17598
20260209,6962,奕力-KY,37.85,38.2,37.25,37.25,-,0.45,2109993,79361256.0,-382903,10000,-14728,419097,10000,2000,802000,0,16728
20260209,4526,東台,35.0,36.6,34.75,35.0,+,1.15,10723465,382676121.0,-386000,0,-5552,3090000,0,8411,3476000,0,13963
20260209,2034,允強,21.55,21.6,21.0,21.1,-,0.2,1533625,32424172.0,-336000,0,-58038,340000,0,13300,676000,0,71338
20260209,2912,統一超,225.0,225.0,220.0,220.5,-,3.5,2001887,443107914.0,-143231,-289000,37804,932896,0,43000,1076127,289000,5196
20260209,00757,統一FANG+,109.8,110.05,109.65,109.7,+,3.4,2289878,251412320.0,-85116,0,-310402,27877,0,314000,112993,0,624402
20260209,8104,錸寶,38.0,38.0,35.8,36.1,-,1.2,1532931,56160426.0,-400093,0,0,95907,0,0,496000,0,0
20260209,3257,虹冠電,62.0,62.3,60.0,60.1,-,3.4,1471693,89247344.0,-392000,0,-13000,134000,0,1000,526000,0,14000
20260209,6139,亞翔,545.0,552.0,522.0,524.0,-,5.0,2056806,1097081277.0,-348827,-1000,-69830,504119,0,74000,852946,1000,143830
20260209,6719,力智,193.5,194.0,184.0,184.0,-,6.5,910352,169600042.0,-425050,0,1242,224000,0,29080,649050,0,27838
20260209,4564,元翎,17.05,17.05,16.45,16.5,-,0.3,658860,10930021.0,-431000,0,3259,40000,0,9000,471000,0,5741
20260209,9921,巨大,88.5,88.7,86.6,87.5,,0.0,1522334,133183485.0,-329238,-100000,-2834,638762,0,38100,968000,100000,40934
20260209,2547,日勝生,10.8,10.8,10.6,10.65,,0.0,1054283,11238546.0,-401000,0,-39505,160000,0,4000,561000,0,43505
20260209,2102,泰豐,19.7,19.7,19.25,19.35,-,0.25,628426,12226667.0,-455000,0,2000,43000,0,2000,498000,0,0
20260209,2413,環科,42.45,42.45,39.7,39.7,-,1.15,3124739,126691853.0,-467000,0,10000,560000,0,10000,1027000,0,0
20260209,2645,長榮航太,162.0,162.5,158.0,158.5,-,0.5,1242795,198576844.0,-421973,-1000,-34082,191027,0,24522,613000,1000,58604
20260209,2485,兆赫,44.6,45.2,39.0,39.1,-,2.35,67064238,2783962426.0,-179305,0,-280927,15105695,0,261908,15285000,0,542835
20260209,2492,華新科,127.0,127.0,121.5,122.0,,0.0,4637732,572082734.0,-278917,0,-188220,1289083,0,27000,1568000,0,215220
20260209,1477,聚陽,320.0,320.5,310.0,313.0,-,5.0,833350,262268365.0,-427958,-18000,-29835,199042,0,2138,627000,18000,31973
20260209,00913,兆豐台灣晶圓製造,30.65,30.65,30.15,30.2,+,0.88,1782185,53967950.0,-3000,0,-473226,74000,0,928403,77000,0,1401629
20260209,2401,凌陽,21.85,21.95,20.9,20.9,-,0.25,2325625,49165741.0,-472000,0,-10924,414000,0,6020,886000,0,16944
20260209,1714,和桐,9.17,9.24,9.03,9.08,-,0.04,2247985,20457193.0,-509000,0,23000,399000,0,23000,908000,0,0
20260209,4956,光鋐,27.7,27.85,25.25,25.95,-,0.8,11509706,303922850.0,-483000,0,-7602,1915000,0,10549,2398000,0,18151
20260209,3138,耀登,187.5,189.0,173.0,176.0,+,1.0,4298400,776523990.0,-479608,0,-16292,742000,0,23000,1221608,0,39292
20260209,00645,富邦日本,53.3,53.35,52.9,53.1,+,1.5,1028726,54641931.0,-15028,0,-484655,1000,0,236000,16028,0,720655
20260209,3023,信邦,242.5,242.5,233.5,235.0,-,4.0,1456473,344377326.0,-381965,0,-127317,349035,0,8230,731000,0,135547
20260209,9941,裕融,78.8,78.9,77.8,77.9,-,0.8,1106445,86417818.0,-412866,-75000,-21702,198000,0,14000,610866,75000,35702
20260209,00956,中信日經高股息,12.95,12.95,12.75,12.78,+,0.23,1165581,14920187.0,-285000,0,-227176,0,0,472011,285000,0,699187
20260209,3708,上緯投控,111.0,111.0,104.0,104.0,-,4.0,1003556,106450983.0,-459940,0,-57579,107060,0,5277,567000,0,62856
20260209,4968,立積,124.0,124.5,118.0,118.0,-,2.5,1860425,223216871.0,-536000,20000,-2198,492000,20000,17920,1028000,0,20118
20260209,2474,可成,201.5,202.5,195.5,195.5,-,4.5,1778506,351958817.0,-225119,-232000,-83353,910881,1000,43000,1136000,233000,126353
20260209,3437,榮創,16.55,16.7,15.55,15.55,-,0.55,1746049,27820346.0,-545000,0,1000,211000,0,1000,756000,0,0
20260209,3704,合勤控,34.55,34.55,33.35,33.35,-,0.3,1777366,59868122.0,-548000,0,2789,298000,0,8000,846000,0,5211
20260209,2379,瑞昱,480.0,482.0,468.0,470.5,-,2.0,2894912,1368501908.0,-385124,-102550,-66786,1527876,5450,44320,1913000,108000,111106
20260209,1789,神隆,24.05,24.05,22.9,22.9,-,0.5,1665715,38702259.0,-578000,0,8525,215000,0,10000,793000,0,1475
20260209,6885,全福生技,32.0,32.0,28.7,28.85,-,0.45,2573438,77522001.0,-578000,0,-8081,409000,0,3000,987000,0,11081
20260209,3376,新日興,205.0,205.0,199.0,199.0,+,0.5,2019455,404932345.0,-486982,0,-104443,380018,0,60000,867000,0,164443
20260209,3028,增你強,43.3,43.55,41.2,42.0,+,0.25,10780825,454054112.0,-441872,0,-157580,3111128,0,23563,3553000,0,181143
20260209,4934,太極,17.0,17.15,16.0,16.0,-,0.65,2276332,37194841.0,-620000,0,0,251000,0,1000,871000,0,1000
20260209,9907,統一實,17.95,18.0,17.8,17.8,,0.0,1729622,30877440.0,-482722,-146000,4068,757278,0,7069,1240000,146000,3001
20260209,3665,貿聯-KY,1350.0,1365.0,1255.0,1255.0,-,30.0,3897651,5012890565.0,344596,-893159,-89503,1807857,9000,65461,1463261,902159,154964
20260209,9910,豐泰,94.0,94.0,91.1,92.1,-,0.9,2033172,187001211.0,-700935,0,36547,950545,0,59000,1651480,0,22453
20260209,9914,美利達,84.9,84.9,82.1,82.6,-,1.3,1770363,146915962.0,-651132,0,-25833,458000,0,13000,1109132,0,38833
20260209,2349,錸德,13.45,13.5,13.05,13.1,,0.0,3026732,39804029.0,-696000,0,5000,203000,0,5000,899000,0,0
20260209,1307,三芳,31.15,31.35,30.55,30.7,-,0.4,1141142,35093354.0,-300000,0,-395511,238000,0,2000,538000,0,397511
20260209,1102,亞泥,35.5,35.85,35.3,35.35,-,0.15,5665091,200855165.0,126833,-521000,-309980,2970833,0,52000,2844000,521000,361980
20260209,6477,安集,35.9,36.4,33.75,33.8,-,1.2,2176943,75034782.0,-705000,0,708,420000,0,6000,1125000,0,5292
20260209,3022,威強電,62.1,62.5,60.4,60.5,-,2.3,1656607,101148957.0,-694172,0,-15655,194828,0,13000,889000,0,28655
20260209,2404,漢唐,930.0,945.0,895.0,898.0,-,9.0,2076895,1896824112.0,-675388,-4019,-43846,328914,9000,116176,1004302,13019,160022
20260209,1513,中興電,162.5,163.5,159.5,163.0,+,4.5,5442337,878346050.0,-651301,0,-72829,1178699,0,59297,1830000,0,132126
20260209,6412,群電,95.7,96.8,90.0,90.0,-,4.8,4289006,398628454.0,-747253,0,12898,468747,0,39000,1216000,0,26102
20260209,6550,北極星藥業-KY,30.3,30.3,29.1,29.15,-,0.85,1758682,51661682.0,-738000,0,3000,37000,0,3000,775000,0,0
20260209,6189,豐藝,51.0,51.2,48.0,48.2,-,2.1,3159381,154655411.0,-764769,0,24121,352481,0,25000,1117250,0,879
20260209,1722,台肥,46.2,46.2,45.65,45.7,-,0.2,1532355,70148764.0,-785877,0,4660,103123,0,11000,889000,0,6340
20260209,4938,和碩,71.2,71.2,69.9,70.0,-,0.3,5412547,380346858.0,53366,-602000,-235809,2785294,0,54000,2731928,602000,289809
20260209,2412,中華電,133.0,133.5,132.0,132.0,-,1.0,13612468,1804927802.0,-673438,2000,-116639,4512542,2000,293647,5185980,0,410286
20260209,4967,十銓,221.5,222.5,209.5,209.5,-,1.0,7222959,1546330911.0,-779896,0,-24996,1711033,0,30006,2490929,0,55002
20260209,3406,玉晶光,457.0,462.0,434.5,434.5,-,20.0,1470836,648576756.0,-708984,-85000,-22764,282016,0,42010,991000,85000,64774
20260209,6271,同欣電,153.5,157.0,149.5,153.0,+,5.5,8966387,1382672704.0,-1002044,32000,152101,2459134,32000,259858,3461178,0,107757
20260209,2451,創見,234.5,234.5,222.5,223.5,+,2.5,7959518,1809231192.0,-802316,-6700,-10681,2338684,1300,126358,3141000,8000,137039
20260209,3019,亞光,147.0,151.5,146.0,146.0,+,1.0,9559060,1413890638.0,-84962,-511000,-227013,2134038,0,146860,2219000,511000,373873
20260209,4960,誠美材,14.1,14.25,13.65,13.7,-,0.15,4475263,61912374.0,-852000,0,1476,856000,0,3000,1708000,0,1524
20260209,2374,佳能,80.1,82.4,78.1,78.1,-,0.1,6922809,550898532.0,-829000,0,-36492,1341000,0,151866,2170000,0,188358
20260209,3058,立德,10.15,10.15,9.6,9.61,-,0.35,1681823,16367944.0,-898000,0,0,35000,0,0,933000,0,0
20260209,1316,上曜,13.8,13.85,13.25,13.35,-,0.3,3054842,41111542.0,-945000,0,7138,457000,0,16000,1402000,0,8862
20260209,4915,致伸,82.5,83.0,80.5,80.5,-,0.3,5446765,444730357.0,-795909,-185000,8621,1955091,0,17481,2751000,185000,8860
20260209,3380,明泰,31.1,31.55,30.0,30.05,-,0.25,2257879,68721585.0,-933000,0,-40880,490000,0,11281,1423000,0,52161
20260209,3049,精金,9.8,9.8,9.22,9.22,-,0.17,4462951,41740663.0,-1022000,0,40419,77000,0,54610,1099000,0,14191
20260209,2498,宏達電,45.25,47.3,44.85,44.85,-,0.05,8742633,399897320.0,-947000,0,-36255,2067000,0,247188,3014000,0,283443
20260209,00923,群益台ESG低碳50,29.43,29.57,29.37,29.48,+,0.81,14003484,412617378.0,183000,200000,-1378829,608000,200000,2558357,425000,0,3937186
20260209,6672,騰輝電子-KY,104.0,105.5,98.0,98.0,-,1.8,4802798,483586056.0,-1014800,0,1160,1019200,0,13000,2034000,0,11840
20260209,9105,泰金寶-DR,6.04,6.04,5.94,5.95,+,0.01,8918109,53280039.0,-1075000,0,-495,1011000,0,1998,2086000,0,2493
20260209,3017,奇鋐,1680.0,1680.0,1585.0,1600.0,+,5.0,5674608,9202968900.0,-1075689,72000,-81305,1606184,101000,107034,2681873,29000,188339
20260209,3005,神基,114.0,114.0,111.5,111.5,-,1.0,1963710,220969496.0,-979451,-85000,-42274,357077,0,35095,1336528,85000,77369
20260209,00949,復華日本龍頭,20.15,20.19,19.93,19.99,+,0.54,4458995,89418451.0,-413000,0,-724456,40000,0,2058595,453000,0,2783051
20260209,7780,大研生醫*,27.1,28.0,25.8,25.85,-,1.25,11745969,310310812.0,-1240900,0,89572,1370100,0,117790,2611000,0,28218
20260209,2467,志聖,288.5,298.0,266.5,268.5,-,5.0,7889844,2192599478.0,-1140482,-3000,-95566,2213518,0,46118,3354000,3000,141684
20260209,2481,強茂,88.6,90.6,86.0,86.0,-,1.0,10952984,962891888.0,-1245122,0,-32318,2635053,0,159749,3880175,0,192067
20260209,6451,訊芯-KY,185.0,186.0,173.0,173.0,-,5.5,4531983,809030097.0,-1268100,0,-15036,682900,0,45068,1951000,0,60104
20260209,2357,華碩,513.0,513.0,502.0,503.0,-,5.0,3829784,1933827594.0,-1286043,-9000,-79488,1584305,1000,32100,2870348,10000,111588
20260209,9933,中鼎,31.35,31.35,30.6,30.7,-,0.2,4172106,128450301.0,-1488000,0,9222,935000,0,20000,2423000,0,10778
20260209,3045,台灣大,105.5,106.0,105.0,105.0,-,0.5,5121050,539090315.0,-939709,-359000,-283000,1021291,1000,28000,1961000,360000,311000
20260209,8210,勤誠,1000.0,1000.0,930.0,931.0,-,46.0,4900153,4679523147.0,-1419274,-162000,-21343,937895,100000,168507,2357169,262000,189850
20260209,3189,景碩,261.0,261.0,240.5,255.0,+,12.5,44875118,11298256258.0,-2303203,432178,243989,13489183,436178,998065,15792386,4000,754076
20260209,2324,仁寶,31.2,31.6,30.6,30.7,,0.0,18842651,581212384.0,-1235864,-69000,-379459,9430788,0,171000,10666652,69000,550459
20260209,6415,矽力*-KY,280.0,281.0,263.5,265.5,-,7.0,7608553,2054463636.0,-916910,-696000,-104219,2503341,0,86500,3420251,696000,190719
20260209,2393,億光,60.1,60.2,57.8,58.3,-,0.5,6739017,396226655.0,-1791879,-24000,87853,1269121,0,150613,3061000,24000,62760
20260209,6919,康霈*,178.0,178.0,163.0,163.0,-,8.0,10470491,1742029076.0,-1745676,1000,14286,1761966,1000,15000,3507642,0,714
20260209,6153,嘉聯益,15.95,16.05,15.3,15.3,-,0.3,4128776,64044359.0,-1752061,0,-37016,683000,0,17000,2435061,0,54016
20260209,6209,今國光,63.6,64.5,59.1,59.3,-,0.9,9089465,558839468.0,-1716163,0,-98270,1922000,0,121000,3638163,0,219270
20260209,2376,技嘉,230.0,230.5,224.0,224.0,-,3.5,5024153,1135832728.0,-1745213,-11000,-74382,1472114,0,109999,3217327,11000,184381
20260209,6152,百一,17.0,17.0,15.45,15.5,-,1.65,10045738,158913925.0,-1851000,0,-4580,819000,0,2000,2670000,0,6580
20260209,8150,南茂,53.8,54.8,51.9,53.6,+,1.6,19659033,1046878217.0,-2457732,0,545430,5906008,0,625811,8363740,0,80381
20260209,2105,正新,30.7,30.8,30.2,30.2,-,0.3,4936667,149782715.0,-1628913,-10000,-311816,1848087,0,51329,3477000,10000,363145
20260209,4958,臻鼎-KY,188.0,190.0,181.0,182.0,,0.0,31886179,5892208450.0,-1912564,-11000,-101451,12770536,0,343839,14683100,11000,445290
20260209,6120,達運,13.35,13.5,12.55,12.55,-,0.55,3933946,50435243.0,-2170000,0,44874,556000,0,56000,2726000,0,11126
20260209,6706,惠特,116.5,116.5,108.0,108.0,-,6.5,7443790,825613025.0,-1910990,0,-251208,893010,0,41000,2804000,0,292208
20260209,6282,康舒,48.5,49.45,47.45,48.65,+,1.8,23893996,1160445366.0,-2647750,0,427911,6087250,0,589883,8735000,0,161972
20260209,2377,微星,90.7,91.3,88.5,88.5,-,1.5,6263541,559139497.0,-1988625,0,-244115,1625992,0,79000,3614617,0,323115
20260209,8021,尖點,212.5,216.0,196.0,198.5,-,2.5,10359691,2091109961.0,-2579064,-10000,51542,1726630,0,256250,4305694,10000,204708
20260209,3006,晶豪科,169.0,169.5,160.0,162.0,+,2.0,20141869,3297057294.0,-2151132,0,-482108,5014993,0,231244,7166125,0,713352
20260209,2885,元大金,43.0,44.45,42.95,43.9,+,1.25,28963103,1272656182.0,-1759816,-420000,-482837,12623829,897000,795366,14383645,1317000,1278203
20260209,2355,敬鵬,39.0,39.95,37.05,37.4,-,0.25,15137452,577494623.0,-2883830,0,-80481,4376118,0,53900,7259948,0,134381
20260209,2327,國巨*,257.0,257.0,250.0,250.0,+,1.5,16341913,4124635885.0,-1127819,-1740000,-109608,5812321,34000,308013,6940140,1774000,417621
20260209,4763,材料*-KY,51.8,51.8,49.45,49.7,-,2.3,11542786,579678858.0,-2656505,-3000,-385976,1597495,0,80120,4254000,3000,466096
20260209,6116,彩晶,8.54,8.57,8.2,8.29,-,0.09,18639428,154867378.0,-3051090,0,-54943,4272000,0,61000,7323090,0,115943
20260209,8422,可寧衛*,34.9,35.05,32.5,32.55,-,2.15,63192144,2096785396.0,-2674960,-99000,-333356,18101290,0,441785,20776250,99000,775141
20260209,1216,統一,74.4,74.4,73.2,73.2,-,1.0,7886866,579601422.0,-2057224,-618000,-432159,3868530,2000,44000,5925754,620000,476159
20260209,2515,中工,14.0,14.95,13.5,14.95,+,1.05,27918101,400690180.0,-3779000,0,636819,5241000,0,691594,9020000,0,54775
20260209,1101,台泥,25.55,25.7,25.35,25.4,+,0.05,20271178,515594924.0,-3080330,0,-77952,6464670,0,130791,9545000,0,208743
20260209,00662,富邦NASDAQ,102.2,102.25,101.95,102.15,+,2.85,5276370,538828466.0,80500,0,-3291384,103500,0,348000,23000,0,3639384
20260209,00954,中信日本半導體,15.99,16.0,15.61,15.72,+,1.08,7449809,117278303.0,-69000,0,-3220862,158000,0,1172552,227000,0,4393414
20260209,3231,緯創,133.0,133.5,131.0,131.0,+,2.0,28241229,3734284001.0,-3238781,-49000,-28278,6493277,0,545835,9732058,49000,574113
20260209,6285,啟碁,190.0,190.0,172.5,173.0,-,2.0,37952715,6808114394.0,-3524268,-203000,162990,12085739,64000,646295,15610007,267000,483305
20260209,8110,華東,62.9,63.3,60.3,61.5,+,2.6,27406833,1687727419.0,-3999670,0,90386,5530000,0,125541,9529670,0,35155
20260209,00712,復華富時不動產,9.4,9.4,9.37,9.4,-,0.01,12610105,118380991.0,-4594000,0,340626,129000,0,1867999,4723000,0,1527373
20260209,00885,富邦越南,18.0,18.03,17.66,17.71,-,0.04,6490908,115485762.0,-2270800,0,-1991436,160200,0,546000,2431000,0,2537436
20260209,3715,定穎投控,147.5,151.0,143.5,143.5,+,1.5,19975246,2926152483.0,-4477643,-98000,-85188,3786507,0,271370,8264150,98000,356558
20260209,2884,玉山金,34.1,34.2,33.7,33.7,-,0.3,29883580,1011842364.0,-2776088,-1675000,-850989,16678712,5000,66000,19454800,1680000,916989
20260209,2406,國碩,30.1,31.2,28.5,28.7,-,0.7,55110966,1633674099.0,-5530500,0,-10049,14978000,0,56181,20508500,0,66230
20260209,3037,欣興,355.0,358.0,332.5,347.5,+,7.5,80608982,27937954139.0,-11238142,2187000,773244,24818883,2286000,1938645,36057025,99000,1165401
20260209,00951,台新日本半導體,14.61,15.02,14.6,14.93,+,1.3,19227331,285089253.0,-1314450,0,-7728883,324550,0,316149,1639000,0,8045032
20260209,6443,元晶,41.9,42.3,39.35,39.4,+,0.1,83454405,3387744431.0,-9101452,0,-144339,13457548,0,378513,22559000,0,522852
20260209,2408,南亞科,282.5,283.0,269.0,274.5,+,10.5,88633773,24592767221.0,-12255520,1905000,105603,17245166,2013000,1768760,29500686,108000,1663157
20260209,2313,華通,182.5,182.5,172.0,172.5,+,0.5,73482384,12932857165.0,-12592047,527000,-9994,21447821,527000,787338,34039868,0,797332
20260209,3576,聯合再生,16.65,16.85,14.9,15.15,-,0.75,82773704,1294642499.0,-13614600,0,9002,9704400,0,33000,23319000,0,23998
20260209,2303,聯電,63.6,64.3,61.8,62.4,+,0.5,142787008,8975451466.0,-9539019,-2413454,-2337748,50707302,258546,1686141,60246321,2672000,4023889
20260209,1802,台玻,49.0,49.4,44.55,44.55,-,3.05,112929788,5183531875.0,-21229000,0,934406,23923500,0,2687845,45152500,0,1753439
20260209,2409,友達,15.7,15.75,14.9,15.0,-,0.2,155399653,2356123119.0,-30685751,-36000,-2473703,25966399,0,609014,56652150,36000,3082717
20260209,2367,燿華,58.6,58.8,53.2,53.5,,0.0,156061516,8700144723.0,-32851619,0,-358742,22717381,0,1577667,55569000,0,1936409
20260209,6770,力積電,67.8,68.5,63.7,63.8,+,0.3,294168948,19491941455.0,-51896933,760000,1088053,35668815,760000,5550046,87565748,0,4461993
20260209,3481,群創,22.5,22.5,21.0,21.1,-,0.7,269303363,5810622492.0,-58227611,13500,-2408956,52586099,13500,2074546,110813710,0,4483502
