tradeDate,stockCode,stockName,openPrice,highPrice,lowPrice,closePrice,changeSign,change,totalShares,totalAmount,foreignNetShares,investmentNetShares,dealerNetShares,foreignBuyShares,investmentBuyShares,dealerBuyShares,foreignSellShares,investmentSellShares,dealerSellShares
20260410,0050,元大台灣50,80.0,80.8,79.95,80.75,+,1.6,120838644,9724171699.0,59382906,0,17736519,62922874,0,20706069,3539968,0,2969550
20260410,00929,復華台灣科技優息,19.71,20.1,19.7,20.01,+,0.36,73542262,1473911873.0,4612200,0,54511649,9074000,0,56774527,4461800,0,2262878
20260410,00940,元大台灣價值高息,9.85,9.9,9.83,9.84,+,0.05,62861470,619811307.0,7041103,0,44135896,9239303,0,50929896,2198200,0,6794000
20260410,00878,國泰永續高股息,22.93,23.05,22.9,23.02,+,0.12,71839969,1653386832.0,26087135,0,22297243,26627375,0,24734373,540240,0,2437130
20260410,0052,富邦科技,47.55,47.94,47.47,47.94,+,1.04,65840225,3140050783.0,17928859,0,23170066,21042129,0,25566027,3113270,0,2395961
20260410,2303,聯電,59.7,63.5,59.3,62.0,+,2.0,151934929,9466155239.0,23681756,-116455,4669552,81978995,16064682,5366898,58297239,16181137,697346
20260410,2408,南亞科,211.0,220.0,209.0,215.0,+,10.0,93633890,20096978788.0,18152083,-262325,1101799,42342748,11256,1471659,24190665,273581,369860
20260410,00922,國泰台灣領袖50,29.7,29.94,29.63,29.9,+,0.55,25378722,756773096.0,14867778,0,3970815,15209031,0,5710999,341253,0,1740184
20260410,2344,華邦電,93.0,97.5,92.3,93.5,+,2.5,166460245,15749496362.0,18830999,-1920512,1415702,68630814,940162,2767193,49799815,2860674,1351491
20260410,00830,國泰費城半導體,61.0,61.25,60.95,61.15,+,1.8,22294832,1362085209.0,12813567,0,4924316,13037000,0,5845316,223433,0,921000
20260410,6770,力積電,54.9,57.0,54.1,55.4,+,1.4,134034940,7441143064.0,16206540,-3017000,1319299,51272940,2000,2605717,35066400,3019000,1286418
20260410,2327,國巨*,290.0,292.0,283.0,285.0,+,3.5,32500766,9363756511.0,14708562,-123929,-159709,22812883,3264,532292,8104321,127193,692001
20260410,00891,中信關鍵半導體,25.75,25.89,25.68,25.83,+,0.41,19727618,508990745.0,5290000,0,8909049,6319000,0,10004175,1029000,0,1095126
20260410,00918,大華優利高填息30,22.59,22.74,22.59,22.66,+,0.14,21645069,490907067.0,5901320,0,7366126,7745020,0,8586998,1843700,0,1220872
20260410,2382,廣達,315.0,327.5,312.0,321.5,+,8.5,39034675,12576062290.0,11030247,1344974,585451,24013715,1605811,1111238,12983468,260837,525787
20260410,00923,群益台ESG低碳50,30.69,30.91,30.62,30.9,+,0.59,15003058,462226162.0,3358909,0,9334435,4217000,0,9775724,858091,0,441289
20260410,6443,元晶,36.8,37.65,34.95,35.5,-,1.55,43860919,1571670273.0,11750110,0,27000,18945110,0,56000,7195000,0,29000
20260410,3231,緯創,134.0,136.5,133.0,135.0,+,2.5,42081754,5681288297.0,9922598,-325524,909965,19419163,2476,1183465,9496565,328000,273500
20260410,3706,神達,82.0,83.9,81.0,83.0,+,4.8,26159989,2165358450.0,9836750,-4781,525914,13754600,0,701647,3917850,4781,175733
20260410,1714,和桐,9.83,10.25,9.81,10.2,+,0.74,20472334,206156714.0,10298000,0,12866,12503000,0,42875,2205000,0,30009
20260410,00712,復華富時不動產,8.88,8.9,8.88,8.89,+,0.07,20605876,183165268.0,6897000,0,2409184,6907000,0,3082999,10000,0,673815
20260410,00900,富邦特選高股息30,14.35,14.45,14.34,14.36,+,0.11,12018639,173004823.0,3833000,0,5371029,4571000,0,5950029,738000,0,579000
20260410,3576,聯合再生,20.35,20.65,18.4,19.0,-,1.2,52393676,993068035.0,9039557,0,-35000,13036357,0,2000,3996800,0,37000
20260410,00946,群益科技高息成長,10.5,10.64,10.5,10.57,+,0.14,10856103,114891490.0,2888000,0,6112926,3320000,0,7060380,432000,0,947454
20260410,00939,統一台灣高息動能,16.04,16.12,16.01,16.05,+,0.13,9720066,156036996.0,2812000,0,6169997,3068000,0,6392837,256000,0,222840
20260410,2002,中鋼,20.3,20.55,19.95,20.05,-,0.15,45397376,919028237.0,8475350,-199000,235585,23869350,0,892427,15394000,199000,656842
20260410,2330,台積電,1975.0,2000.0,1970.0,2000.0,+,45.0,39096242,77669362959.0,8159941,-175389,374684,25486225,277922,900448,17326284,453311,525764
20260410,2402,毅嘉,57.0,61.3,56.9,61.3,+,5.5,28796377,1747206362.0,7451963,-5996,652227,10092000,0,1290147,2640037,5996,637920
20260410,2356,英業達,44.0,44.75,43.9,44.3,+,0.5,20327249,902087606.0,6779547,-105689,527532,12595607,1311,592468,5816060,107000,64936
20260410,00881,國泰台灣科技龍頭,39.75,40.14,39.75,40.13,+,1.0,14849577,594141415.0,5727000,-560000,1659619,6668000,0,3449248,941000,560000,1789629
20260410,00713,元大台灣高息低波,52.45,52.8,52.45,52.5,+,0.1,10507414,553079556.0,2033977,0,4203452,2333477,0,4819452,299500,0,616000
20260410,2027,大成鋼,38.7,39.3,37.6,37.75,-,0.75,35310832,1357247169.0,4670776,894000,47791,11437776,1038000,615240,6767000,144000,567449
20260410,1409,新纖,16.15,16.75,16.1,16.55,+,0.7,11363931,187389924.0,3909000,0,676118,6101000,0,715267,2192000,0,39149
20260410,5243,乙盛-KY,120.5,124.5,116.0,119.0,+,5.5,15965521,1931835539.0,4161200,0,272334,7428700,0,848951,3267500,0,576617
20260410,1605,華新,31.8,32.7,31.65,31.65,+,0.2,22114324,709421239.0,4006537,-60640,191039,10707846,360,461308,6701309,61000,270269
20260410,2485,兆赫,73.0,75.4,72.1,73.5,+,3.6,40563906,2994169516.0,3641234,6000,430311,11785754,6000,544557,8144520,0,114246
20260410,3702,大聯大,93.2,95.0,90.8,91.5,+,0.2,12886161,1190683455.0,4885216,-1391000,458868,8026000,34000,677692,3140784,1425000,218824
20260410,00951,台新日本半導體,14.5,14.68,14.5,14.67,+,0.46,5330324,77988203.0,2238900,0,1705411,2338000,0,2150226,99100,0,444815
20260410,0056,元大高股息,39.29,39.57,39.29,39.41,+,0.33,49996458,1972624433.0,1013667,0,2889083,7215063,0,6192936,6201396,0,3303853
20260410,00915,凱基優選高股息30,23.67,23.8,23.64,23.68,-,0.02,5369047,127349594.0,740500,0,3015265,1011500,0,3785482,271000,0,770217
20260410,2324,仁寶,28.0,28.65,27.9,28.2,+,0.9,36016014,1015987932.0,4072702,-918632,483570,19637630,67368,696049,15564928,986000,212479
20260410,00919,群益台灣精選高息,22.96,23.0,22.9,22.93,+,0.07,59698408,1370227383.0,3281600,0,292632,6882669,0,8768000,3601069,0,8475368
20260410,3037,欣興,641.0,660.0,620.0,638.0,+,13.0,31035746,19850214896.0,3245419,509112,-365562,12648966,1423112,979073,9403547,914000,1344635
20260410,1304,台聚,15.75,16.05,15.4,15.95,+,0.1,19738365,308764590.0,3542500,0,-469869,8409000,0,95001,4866500,0,564870
20260410,00947,台新臺灣IC設計,24.76,25.17,24.55,24.75,+,0.53,5039904,125165026.0,1432000,0,1627357,2090000,0,1862242,658000,0,234885
20260410,1305,華夏,16.55,16.85,16.1,16.7,+,0.3,11267696,186736586.0,2953050,0,20000,5760050,0,21000,2807000,0,1000
20260410,2486,一詮,180.5,191.0,174.5,185.5,+,11.5,32679507,5987984478.0,1377109,484000,772725,10972382,485000,1111182,9595273,1000,338457
20260410,3583,辛耘,626.0,673.0,625.0,673.0,+,61.0,9288276,6153111955.0,2622025,20693,-10208,4509435,52000,145738,1887410,31307,155946
20260410,00896,中信綠能及電動車,22.22,22.38,22.19,22.27,+,0.25,3635978,81071318.0,598000,0,2007944,635000,0,2497986,37000,0,490042
20260410,00902,中信電池及儲能,14.6,14.95,14.57,14.84,+,0.31,3208027,47438811.0,266000,0,2241246,292000,0,2427388,26000,0,186142
20260410,4977,眾達-KY,194.0,207.5,189.0,203.0,+,14.0,19610872,3950173396.0,2313897,0,180818,5598000,0,267201,3284103,0,86383
20260410,00936,台新永續高息中小,18.09,18.12,17.95,17.96,+,0.01,2835716,51136920.0,695000,0,1778086,755000,0,1847690,60000,0,69604
20260410,2329,華泰,52.5,54.8,51.7,54.1,+,2.0,15434681,826220774.0,1211265,-8000,1178246,4964000,0,1890640,3752735,8000,712394
20260410,1308,亞聚,16.8,16.8,16.2,16.55,-,0.3,10120122,166299736.0,2347000,0,-41622,4525000,0,9025,2178000,0,50647
20260410,3045,台灣大,110.0,110.0,109.5,110.0,,0.0,5163546,567259220.0,2275009,265554,-239000,3214326,447324,22000,939317,181770,261000
20260410,2371,大同,32.0,32.75,31.8,31.9,+,0.1,19042569,613291080.0,1439641,-45351,906660,7935641,0,1122128,6496000,45351,215468
20260410,00911,兆豐洲際半導體,39.38,39.82,39.38,39.7,+,0.91,2529563,100354232.0,-2778,0,2225949,0,0,2346949,2778,0,121000
20260410,00885,富邦越南,18.05,18.25,18.05,18.11,+,0.08,3751243,68192304.0,579022,0,1583572,772100,0,1776635,193078,0,193063
20260410,2313,華通,287.5,294.0,278.0,286.0,+,4.5,87024000,24955300161.0,2337326,-19390,-193180,29906530,496610,907347,27569204,516000,1100527
20260410,2316,楠梓電,111.0,118.0,110.0,118.0,+,10.5,13079258,1512920490.0,1881292,0,103823,4286392,0,227823,2405100,0,124000
20260410,00954,中信日本半導體,15.52,15.61,15.47,15.59,+,0.45,5060418,78657286.0,-2022775,0,3980121,68225,0,4333289,2091000,0,353168
20260410,00692,富邦公司治理,70.5,71.1,70.45,71.1,+,1.2,2380252,168770360.0,471000,0,1469128,572000,0,1615319,101000,0,146191
20260410,2376,技嘉,254.5,265.5,251.5,262.5,+,11.5,16450457,4283798438.0,830447,458409,598865,4972843,505409,750870,4142396,47000,152005
20260410,00733,富邦臺灣中小,61.0,61.4,60.45,61.4,+,1.65,2836491,173291187.0,1059998,0,752101,1200000,0,1291203,140002,0,539102
20260410,3450,聯鈞,295.0,311.5,282.5,306.5,+,17.0,31966503,9530304491.0,1106625,-537,683371,9809569,0,942926,8702944,537,259555
20260410,6706,惠特,133.0,140.0,128.0,140.0,+,12.5,11480776,1576437438.0,1634225,-505,147900,2858000,0,272169,1223775,505,124269
20260410,3033,威健,33.95,34.35,33.55,33.55,+,0.55,5000861,169277666.0,2124130,-2115,-359265,2547000,0,53735,422870,2115,413000
20260410,2492,華新科,126.5,131.5,126.0,128.5,+,5.0,8700780,1122906130.0,1553056,4000,190106,3550106,5000,296099,1997050,1000,105993
20260410,1309,台達化,23.15,23.15,22.2,22.6,-,0.85,20647258,466701435.0,1950500,0,-208612,6351500,0,16000,4401000,0,224612
20260410,00893,國泰智能電動車,35.0,35.25,34.92,35.24,+,0.51,2544729,89507091.0,1096000,0,623356,1119000,0,1254356,23000,0,631000
20260410,00935,野村臺灣新科技50,40.82,41.18,40.75,41.13,+,1.03,7613272,312217477.0,771000,-1330000,2253307,1317000,0,4416804,546000,1330000,2163497
20260410,00965,元大航太防衛科技,25.7,25.78,25.69,25.76,+,0.13,2850416,73389620.0,27800,0,1631391,43200,0,1633744,15400,0,2353
20260410,2305,全友,18.9,19.4,17.9,18.1,+,0.45,9528234,179118423.0,1530000,0,74065,2486000,0,159499,956000,0,85434
20260410,00932,兆豐永續高息等權,15.19,15.28,15.1,15.1,+,0.1,1795070,27301169.0,462000,0,1085127,544000,0,1198541,82000,0,113414
20260410,2890,永豐金,33.1,33.2,32.45,32.7,-,0.4,19225996,629587432.0,3685355,-1789762,-391213,13785754,22238,54000,10100399,1812000,445213
20260410,5515,建國,39.9,41.1,39.1,40.4,+,2.75,3025552,121603416.0,1440000,-10000,71641,1867000,0,80641,427000,10000,9000
20260410,3090,日電貿,101.0,103.0,99.2,100.0,+,0.1,6732318,678469465.0,1347000,-9160,157020,2725000,0,226476,1378000,9160,69456
20260410,00924,復華S&P500成長,28.47,28.51,28.44,28.49,+,0.26,2866353,81648571.0,987030,0,482220,992030,0,871020,5000,0,388800
20260410,6505,台塑化,53.4,53.4,51.5,52.0,-,0.7,10999996,574025390.0,527044,915000,18394,2996054,915000,167999,2469010,0,149605
20260410,2345,智邦,1750.0,1855.0,1720.0,1835.0,+,145.0,5713072,10367894935.0,692224,226539,452262,2649889,253002,488289,1957665,26463,36027
20260410,2301,光寶科,158.5,164.5,156.0,161.5,+,6.5,39144190,6276480585.0,189231,57176,1116277,13826198,105676,1580663,13636967,48500,464386
20260410,3532,台勝科,153.0,165.5,152.0,165.5,+,15.0,5625194,917343945.0,808490,516000,36226,1564000,516000,122935,755510,0,86709
20260410,4576,大銀微系統,164.0,171.0,155.0,165.0,+,1.5,11188156,1824530322.0,1308073,0,37469,3944200,0,204342,2636127,0,166873
20260410,2451,創見,239.5,253.0,237.0,240.5,+,7.5,11011028,2693645450.0,1831657,-597827,109236,5493243,13263,168558,3661586,611090,59322
20260410,3305,昇貿,111.0,118.5,111.0,116.5,+,8.0,10357511,1197704504.0,1048000,0,269577,2996000,0,412331,1948000,0,142754
20260410,2455,全新,311.0,314.0,287.0,299.0,+,11.0,28989988,8637605147.0,1101911,66734,91100,9877911,67000,745196,8776000,266,654096
20260410,2542,興富發,36.15,36.7,36.15,36.7,+,0.55,3672954,134125953.0,1295124,-49000,196,2888824,0,19377,1593700,49000,19181
20260410,1727,中華化,53.8,55.7,51.9,55.7,+,5.0,10538129,568498041.0,1452000,-1000,-213249,2887000,0,32706,1435000,1000,245955
20260410,00961,FT臺灣永續高息,10.12,10.15,10.06,10.07,,0.0,1875412,18947990.0,242000,0,971074,323000,0,977798,81000,0,6724
20260410,00930,永豐ESG低碳高息,17.58,17.77,17.58,17.66,+,0.15,1404725,24881657.0,252000,0,959510,293000,0,1059377,41000,0,99867
20260410,8150,南茂,62.0,64.5,61.0,61.4,+,1.0,13047040,816481718.0,1152914,11000,33590,5171064,11000,369158,4018150,0,335568
20260410,2049,上銀,248.5,249.0,239.5,242.0,-,3.0,4494184,1091174953.0,1349148,559,-163435,2435278,559,55665,1086130,0,219100
20260410,00913,兆豐台灣晶圓製造,31.56,32.2,31.56,32.12,+,0.66,1638585,52555641.0,492000,0,684868,502000,0,1048648,10000,0,363780
20260410,8021,尖點,308.0,317.5,307.5,317.5,+,28.5,5618820,1775482490.0,942751,-3440,186901,1198000,0,188901,255249,3440,2000
20260410,2413,環科,49.95,53.6,49.95,53.6,+,4.85,7150880,374334962.0,1130000,-1000,-4321,2205000,0,4018,1075000,1000,8339
20260410,3042,晶技,115.0,118.0,105.0,118.0,+,10.5,37828101,4328344563.0,64000,-529,1053753,7419000,0,1502916,7355000,529,449163
20260410,2495,普安,36.15,37.4,35.1,36.85,+,0.7,10426601,378310737.0,997100,-4000,98228,3184100,0,182227,2187000,4000,83999
20260410,00952,凱基台灣AI50,13.77,14.06,13.72,14.03,+,0.32,1951622,27344577.0,330000,0,759660,369000,0,1161259,39000,0,401599
20260410,00941,中信上游半導體,23.47,23.61,23.47,23.6,+,0.48,1799771,42436162.0,335229,0,739239,346229,0,756271,11000,0,17032
20260410,00757,統一FANG+,111.1,111.4,111.0,111.35,+,1.45,2708605,301353455.0,1009081,0,54294,1012131,0,698294,3050,0,644000
20260410,00934,中信成長高股息,21.71,21.96,21.71,21.81,+,0.29,2356014,51559849.0,337000,0,690689,501000,0,1203473,164000,0,512784
20260410,00643,群益深証中小,18.19,18.59,18.16,18.56,+,0.37,3822146,70678293.0,23000,0,1000453,27000,0,3743626,4000,0,2743173
20260410,6426,統新,188.0,197.0,186.0,197.0,+,17.5,5451897,1059607998.0,981650,0,39428,1533150,0,118000,551500,0,78572
20260410,2801,彰銀,21.15,21.2,21.0,21.15,+,0.15,22520703,475300608.0,960410,-59508,103000,12436111,18492,103000,11475701,78000,0
20260410,5284,jpp-KY,297.0,317.5,297.0,308.5,+,17.5,4176897,1287688858.0,878970,0,92600,1716000,0,128214,837030,0,35614
20260410,3022,威強電,66.2,67.8,65.9,66.6,+,4.1,2630757,176076823.0,928000,0,37049,1187000,0,41930,259000,0,4881
20260410,1609,大亞,33.2,33.55,33.2,33.4,+,0.7,2437258,81295131.0,972223,-24000,14669,1308224,0,16669,336001,24000,2000
20260410,00735,國泰臺韓科技,72.5,73.2,72.5,72.9,+,1.25,2012309,146781056.0,431200,0,520764,554200,0,539932,123000,0,19168
20260410,2515,中工,13.3,13.35,12.95,13.15,-,0.1,7024920,92238148.0,909399,-2000,25402,2361399,0,27000,1452000,2000,1598
20260410,2010,春源,25.25,25.65,25.05,25.25,+,0.3,2685362,67970399.0,893000,0,18991,1111000,0,22000,218000,0,3009
20260410,1708,東鹼,39.8,39.8,39.1,39.55,+,0.05,3385303,133639575.0,917000,0,-7669,1757000,0,14000,840000,0,21669
20260410,3149,正達,40.8,41.6,39.7,41.4,+,0.6,5443582,220884386.0,901000,0,-7,2213000,0,9000,1312000,0,9007
20260410,4566,時碩工業,62.0,66.9,62.0,66.9,+,6.0,4578113,302224104.0,892941,0,1607,1279000,0,4704,386059,0,3097
20260410,3044,健鼎,383.0,388.0,372.5,375.0,-,3.0,4215672,1598509290.0,926408,-102740,45414,2521526,39,124722,1595118,102779,79308
20260410,3048,益登,36.15,38.0,35.6,37.9,+,2.85,4292125,159273026.0,835000,0,30161,1632000,0,32775,797000,0,2614
20260410,8996,高力,1050.0,1070.0,994.0,1040.0,+,30.0,4825086,4969473164.0,815971,57000,-13746,1845539,59000,110356,1029568,2000,124102
20260410,00639,富邦深100,15.99,16.33,15.9,16.32,+,0.38,1325627,21486565.0,12000,0,845851,25000,0,1125849,13000,0,279998
20260410,2308,台達電,1690.0,1750.0,1675.0,1735.0,+,90.0,11557080,19912549837.0,581401,25109,250407,6283595,115011,507992,5702194,89902,257585
20260410,5434,崇越,388.0,402.0,383.5,401.0,+,35.5,2608118,1030737727.0,735428,-2349,114091,1420621,2000,140700,685193,4349,26609
20260410,2845,遠東銀,12.65,12.7,12.6,12.65,,0.0,2770825,35049939.0,807003,-17000,51000,1253000,0,51000,445997,17000,0
20260410,2349,錸德,13.15,13.7,12.95,13.3,+,0.15,4461015,59265024.0,802000,0,11000,1438000,0,11000,636000,0,0
20260410,6139,亞翔,615.0,646.0,600.0,636.0,+,31.0,9541819,6006365483.0,637553,-5051,179397,2963129,3249,427868,2325576,8300,248471
20260410,5469,瀚宇博,86.7,93.6,86.7,90.1,+,5.0,8997594,816848693.0,728100,-766,76957,3020100,0,100212,2292000,766,23255
20260410,4915,致伸,73.6,75.0,73.6,74.7,+,1.7,2958481,220148542.0,788200,-29434,42649,1747000,3000,43649,958800,32434,1000
20260410,00904,台新臺灣半導體30,30.41,30.48,30.11,30.36,+,0.47,5441982,165189870.0,91680,0,708361,307680,0,2212835,216000,0,1504474
20260410,2897,王道銀行,10.15,10.15,10.05,10.15,,0.0,1979922,20015089.0,780000,35000,-33000,1091000,35000,0,311000,0,33000
20260410,2838,聯邦銀,21.1,21.1,20.6,20.9,-,0.1,2405339,50025921.0,745000,-2000,26739,1303000,0,31000,558000,2000,4261
20260410,2101,南港,37.1,37.8,35.5,35.7,-,0.9,4832565,176329661.0,713274,0,55919,1871321,0,81000,1158047,0,25081
20260410,3028,增你強,62.5,63.9,58.5,59.4,-,0.8,15653367,951468287.0,891900,0,-129847,4874900,0,36043,3983000,0,165890
20260410,2851,中再保,31.0,31.3,30.95,31.25,+,0.25,1556495,48506753.0,520000,11000,211000,720000,11000,231000,200000,0,20000
20260410,9914,美利達,58.3,60.1,58.3,59.4,+,1.3,2659480,157285515.0,733128,0,7765,1614000,0,22904,880872,0,15139
20260410,00895,富邦未來車,40.8,41.05,40.8,41.05,+,0.51,841764,34493387.0,59000,0,678295,66000,0,678295,7000,0,0
20260410,9933,中鼎,35.8,35.85,35.05,35.35,-,0.25,4441364,156822317.0,763302,-29000,-921,2154302,0,6000,1391000,29000,6921
20260410,6191,精成科,98.0,103.0,97.7,99.1,+,3.8,13969085,1403798940.0,521280,0,183806,4660937,0,270046,4139657,0,86240
20260410,2885,元大金,48.3,48.35,47.6,47.7,-,0.25,19609007,939344877.0,1380068,-828711,134946,14398171,1316289,344078,13018103,2145000,209132
20260410,2387,精元,39.6,41.1,39.6,40.6,+,1.7,1806248,73529806.0,706038,-1000,-39000,962000,0,51000,255962,1000,90000
20260410,2501,國建,23.2,23.5,23.2,23.5,+,0.2,1535966,35919415.0,502898,16000,141000,957000,16000,207000,454102,0,66000
20260410,1310,台苯,10.55,10.6,10.05,10.3,-,0.2,8319020,84945187.0,577937,0,79338,2480000,0,87000,1902063,0,7662
20260410,2611,志信,14.3,15.15,14.3,15.15,+,1.35,3314600,49957990.0,631800,0,25364,809000,0,25364,177200,0,0
20260410,00944,野村趨勢動能高息,16.1,16.23,16.1,16.21,+,0.29,666203,10785912.0,60000,0,560850,65000,0,566850,5000,0,6000
20260410,2855,統一證,31.4,31.8,31.35,31.65,+,0.25,3206599,101214809.0,652133,-48000,0,1783133,10000,0,1131000,58000,0
20260410,2412,中華電,135.0,135.5,134.5,135.5,+,0.5,6895110,931117928.0,508225,178419,-95000,4438838,301824,27000,3930613,123405,122000
20260410,6442,光聖,2170.0,2325.0,2120.0,2325.0,+,210.0,3476051,7792352905.0,543055,-10000,47319,1137055,63000,124009,594000,73000,76690
20260410,6155,鈞寶,45.9,46.9,44.45,45.75,+,1.85,2206523,101171702.0,578004,0,2041,944004,0,3041,366000,0,1000
20260410,1904,正隆,19.05,19.15,18.8,19.05,+,0.35,2198736,41763797.0,580000,0,-2000,897000,0,23000,317000,0,25000
20260410,00850,元大臺灣ESG永續,66.4,67.05,66.35,66.8,+,0.9,5620732,375837888.0,717029,0,-142472,970029,0,4430528,253000,0,4573000
20260410,6202,盛群,49.0,49.95,48.7,49.35,+,0.8,1616631,79772930.0,562059,-6000,4218,799000,0,12116,236941,6000,7898
20260410,2605,新興,39.45,40.15,39.0,39.6,+,0.6,5662025,223974340.0,174005,0,375748,774005,0,527398,600000,0,151650
20260410,8105,凌巨,13.9,14.05,13.55,13.95,+,0.2,3627870,50276519.0,525000,0,13000,1240000,0,13000,715000,0,0
20260410,2527,宏璟,32.6,33.9,32.1,33.0,+,2.0,1633056,53636614.0,504000,-323,28124,679000,0,31000,175000,323,2876
20260410,00903,富邦元宇宙,16.29,16.33,16.29,16.32,+,0.11,699813,11419857.0,426000,0,105693,426000,0,255693,0,0,150000
20260410,00876,元大全球5G,68.25,69.4,68.25,69.2,+,1.8,637417,43995974.0,37888,0,485769,60088,0,485769,22200,0,0
20260410,2880,華南金,34.6,34.85,34.05,34.1,-,0.5,12508603,429816970.0,1950467,-1446000,16436,9109897,84000,223000,7159430,1530000,206564
20260410,3591,艾笛森,22.55,22.95,21.85,22.25,-,0.2,3623530,80529333.0,508939,0,416,1088000,0,2000,579061,0,1584
20260410,2812,台中銀,21.15,21.15,20.95,21.1,+,0.05,7665911,157124174.0,431597,-15375,92000,1955000,11625,92000,1523403,27000,0
20260410,00921,兆豐龍頭等權重,19.18,19.26,19.13,19.16,+,0.15,684838,13145024.0,129000,0,373244,135000,0,539244,6000,0,166000
20260410,2850,新產,119.5,124.5,119.5,124.5,+,5.5,811669,99445625.0,496000,3000,168,535000,3000,3168,39000,0,3000
20260410,2603,長榮,203.5,204.0,201.5,202.5,-,0.5,8319682,1687914263.0,574099,-171725,96524,5056213,12275,275755,4482114,184000,179231
20260410,3413,京鼎,313.0,322.5,313.0,315.0,+,6.5,3887773,1233861951.0,1062000,-610000,36028,1911000,0,64246,849000,610000,28218
20260410,00943,兆豐電子高息等權,16.01,16.23,16.01,16.16,+,0.19,593823,9562615.0,295000,0,185264,298000,0,274444,3000,0,89180
20260410,00690,兆豐藍籌30,55.6,56.25,55.6,56.15,+,1.25,623274,34928392.0,650,0,466089,3000,0,490089,2350,0,24000
20260410,2022,聚亨,9.46,9.62,9.11,9.13,-,0.04,2487905,23211959.0,432000,0,15000,797000,0,29000,365000,0,14000
20260410,00770,國泰北美科技,52.85,53.05,52.85,52.9,+,0.15,743822,39353711.0,56500,0,367281,70500,0,416281,14000,0,49000
20260410,00730,富邦臺灣優質高息,23.38,23.72,23.38,23.63,+,0.44,489332,11566254.0,29000,0,389516,29000,0,408592,0,0,19076
20260410,00762,元大全球AI,85.6,85.75,85.5,85.6,+,0.05,610058,52220355.0,-66000,0,467223,40000,0,488535,106000,0,21312
20260410,4916,事欣科,56.2,57.0,56.0,56.6,+,0.9,1644738,92944364.0,396900,-2000,4501,646000,0,7219,249100,2000,2718
20260410,2465,麗臺,58.0,62.5,58.0,59.8,+,0.9,1531487,92693413.0,388000,0,5000,610000,0,5000,222000,0,0
20260410,8438,昶昕,81.5,89.3,80.4,89.3,+,8.1,5383092,460568143.0,363851,0,22793,1523000,0,25672,1159149,0,2879
20260410,1210,大成,54.2,55.1,54.2,54.3,-,0.1,1268840,69259316.0,399000,-15000,1000,777000,3000,1000,378000,18000,0
20260410,3661,世芯-KY,2985.0,3075.0,2985.0,3025.0,+,130.0,1912794,5783075460.0,372140,-21941,33671,972957,9059,92341,600817,31000,58670
20260410,1560,中砂,515.0,522.0,508.0,516.0,+,8.0,2437668,1257675521.0,400924,-30000,12312,914000,1000,86219,513076,31000,73907
20260410,2417,圓剛,39.0,40.35,38.7,40.2,+,1.25,1976514,78539652.0,370000,0,-705,615000,0,6295,245000,0,7000
20260410,00636,國泰中國A50,27.15,27.49,27.12,27.48,+,0.33,772411,21153861.0,-8950,0,370388,0,0,677541,8950,0,307153
20260410,1440,南紡,12.7,12.9,12.7,12.75,+,0.1,1356040,17339593.0,306000,0,51000,561000,0,51000,255000,0,0
20260410,6691,洋基工程,612.0,637.0,606.0,630.0,+,30.0,991379,621534969.0,333598,-6893,26257,517486,107,37735,183888,7000,11478
20260410,2374,佳能,70.2,71.8,69.7,70.1,+,1.1,3682766,259652402.0,288899,0,51232,1155534,0,97787,866635,0,46555
20260410,1608,華榮,32.35,32.7,32.3,32.4,+,0.4,1614731,52410773.0,332000,0,3925,611000,0,4925,279000,0,1000
20260410,2484,希華,30.8,33.0,30.65,31.75,+,1.35,11395477,361906711.0,332000,0,-1282,2957000,0,1718,2625000,0,3000
20260410,5880,合庫金,24.05,24.1,23.8,23.85,-,0.2,11616652,278158904.0,371144,-46316,2000,7259688,14684,2000,6888544,61000,0
20260410,3023,信邦,275.0,280.0,272.0,274.0,+,2.0,1596660,440771992.0,396641,-83244,-574,1015809,0,5201,619168,83244,5775
20260410,2887,台新新光金,24.65,24.65,24.45,24.55,-,0.1,37871469,930076162.0,1415363,-2096883,992749,26798500,130117,1182000,25383137,2227000,189251
20260410,2820,華票,17.0,17.05,16.95,17.0,,0.0,1022699,17372703.0,289000,21000,0,451000,21000,0,162000,0,0
20260410,2009,第一銅,40.2,40.85,40.2,40.5,+,0.6,1150716,46596464.0,237800,-3000,73146,391800,0,76000,154000,3000,2854
20260410,1723,中碳,78.4,78.9,77.6,78.1,+,0.9,1024832,80200186.0,299100,0,7759,449000,0,7815,149900,0,56
20260410,6446,藥華藥,642.0,650.0,634.0,646.0,+,15.0,1444087,929785060.0,303060,-2000,4470,764115,1000,8585,461055,3000,4115
20260410,00646,元大S&P500,68.1,68.2,68.05,68.15,+,0.5,1651742,112508363.0,13090,0,288491,16190,0,355673,3100,0,67182
20260410,2363,矽統,47.05,48.1,47.05,47.2,+,0.05,2596694,123339847.0,315000,-19000,5374,788000,1000,9571,473000,20000,4197
20260410,9802,鈺齊-KY,76.4,76.9,75.4,75.9,+,0.2,853936,64843438.0,300297,0,476,595831,0,2000,295534,0,1524
20260410,2618,長榮航,34.8,34.9,34.6,34.85,+,0.05,15163791,527299331.0,1518335,-1401824,181953,9995512,49263,286389,8477177,1451087,104436
20260410,00898,國泰基因免疫革命,8.28,8.28,8.22,8.25,-,0.03,653406,5396749.0,352000,0,-55394,358000,0,228000,6000,0,283394
20260410,2612,中航,56.5,57.4,56.4,57.2,+,1.5,556252,31700874.0,292000,0,3900,389000,0,6000,97000,0,2100
20260410,2540,愛山林,48.15,48.65,47.7,48.4,+,0.9,563821,27249489.0,287000,0,6000,394000,0,6000,107000,0,0
20260410,6472,保瑞,412.5,420.0,408.5,411.5,+,9.0,1031431,425768589.0,293131,-929,-13285,489550,0,15525,196419,929,28810
20260410,00971,野村美國研發龍頭,15.29,15.29,15.23,15.25,+,0.1,443304,6761986.0,-4000,0,281357,0,0,386248,4000,0,104891
20260410,00938,凱基優選30,19.26,19.29,19.22,19.27,+,0.13,278593,5367472.0,75000,0,186692,75000,0,191837,0,0,5145
20260410,0061,元大寶滬深,23.41,23.75,23.4,23.7,+,0.29,298700,7052237.0,99000,0,162150,99000,0,163983,0,0,1833
20260410,6117,迎廣,75.7,78.6,75.3,78.6,+,7.1,1023754,79187611.0,245000,0,14348,301000,0,14348,56000,0,0
20260410,3059,華晶科,36.5,36.85,36.4,36.65,+,0.3,858058,31409453.0,259000,1000,-1399,342000,1000,0,83000,0,1399
20260410,3036,文曄,232.5,234.0,224.5,225.5,+,1.5,6569931,1498678705.0,3095375,-2879505,39362,4453724,14085,196714,1358349,2893590,157352
20260410,00717,富邦美國特別股,15.0,15.03,14.98,15.01,+,0.03,272818,4093080.0,238000,0,13000,240000,0,23000,2000,0,10000
20260410,4142,國光生,18.35,18.55,18.2,18.35,+,0.15,961425,17661921.0,237998,0,12000,403000,0,12000,165002,0,0
20260410,1337,再生-KY,5.71,5.71,5.47,5.53,-,0.09,801065,4433935.0,249300,0,0,317300,0,0,68000,0,0
20260410,6285,啟碁,229.5,233.0,220.5,225.5,-,0.5,31774755,7183886894.0,-956585,928709,277076,9080775,1081000,990940,10037360,152291,713864
20260410,6834,天二科技,33.65,34.6,33.25,33.5,-,0.15,700058,23797040.0,247000,0,2000,327000,0,2000,80000,0,0
20260410,1597,直得,99.1,99.1,99.1,99.1,+,9.0,1734801,171918697.0,-27040,0,275683,0,0,276683,27040,0,1000
20260410,9945,潤泰新,25.7,25.9,25.55,25.6,-,0.1,2933713,75320533.0,243769,0,2990,1611250,0,4000,1367481,0,1010
20260410,2464,盟立,68.7,70.2,68.1,68.9,+,1.2,2410096,166755683.0,109116,-790,135370,640134,0,160521,531018,790,25151
20260410,3013,晟銘電,104.0,105.0,102.5,103.5,+,1.5,2206210,229358340.0,246100,0,-5310,733100,0,19983,487000,0,25293
20260410,1444,力麗,6.22,6.29,6.22,6.25,+,0.03,527988,3293433.0,240754,0,0,251000,0,0,10246,0,0
20260410,2368,金像電,1130.0,1130.0,1040.0,1090.0,-,5.0,9042307,9787092340.0,419601,10786,-190232,3436383,29031,208951,3016782,18245,399183
20260410,2365,昆盈,31.45,31.8,30.95,31.35,+,0.1,1278759,40121240.0,237001,0,-851,411001,0,2000,174000,0,2851
20260410,3406,玉晶光,455.0,470.5,454.0,455.5,+,5.5,674774,311605879.0,226600,-3146,9636,406600,0,16414,180000,3146,6778
20260410,00905,FT臺灣Smart,20.9,21.02,20.88,21.01,+,0.35,2257416,47355623.0,-19000,0,250834,21000,0,832431,40000,0,581597
20260410,6166,凌華,61.1,62.2,60.8,61.8,+,1.0,534533,32833775.0,230000,0,497,299000,0,1673,69000,0,1176
20260410,2478,大毅,63.5,64.6,63.1,63.2,+,1.2,1564669,99913980.0,224687,-928,5826,697000,0,6826,472313,928,1000
20260410,9917,中保科,115.0,116.5,115.0,116.0,+,1.0,314454,36413489.0,228112,0,-3000,251612,1000,0,23500,1000,3000
20260410,6271,同欣電,175.5,177.0,170.0,171.5,-,1.5,9830497,1702131281.0,127518,0,94940,3340900,0,311973,3213382,0,217033
20260410,2511,太子,8.2,8.2,8.15,8.19,+,0.03,940704,7694629.0,216000,0,0,335000,0,0,119000,0,0
20260410,5285,界霖,51.5,55.0,51.5,53.5,+,2.0,721147,38842511.0,215000,0,0,312000,0,1000,97000,0,1000
20260410,6414,樺漢,284.0,286.0,280.5,283.0,+,5.0,1389272,393402267.0,214474,-9000,9149,625474,0,21001,411000,9000,11852
20260410,00962,台新AI優息動能,11.28,11.34,11.28,11.31,+,0.17,315906,3570654.0,27000,0,183820,29000,0,202817,2000,0,18997
20260410,2062,橋椿,21.5,22.35,21.5,21.85,+,1.15,649133,14228521.0,211000,-17000,14477,292000,0,15058,81000,17000,581
20260410,1810,和成,17.35,17.4,17.15,17.35,+,0.1,644784,11137868.0,206000,0,-2000,347000,0,0,141000,0,2000
20260410,6831,邁科,425.5,432.5,417.0,430.0,+,12.5,1185336,503668121.0,218550,-140,-21262,509000,0,6738,290450,140,28000
20260410,1795,美時,215.5,216.5,213.5,215.5,+,2.5,1463470,315334469.0,195343,0,-1382,616000,0,8450,420657,0,9832
20260410,2208,台船,20.65,20.75,20.4,20.45,-,0.1,2532062,51953094.0,194790,0,-2000,730790,0,0,536000,0,2000
20260410,6670,復盛應用,265.0,268.0,264.5,265.5,+,2.0,491640,130940580.0,206000,-12387,-1000,367000,0,0,161000,12387,1000
20260410,6412,群電,78.3,80.4,78.3,79.8,+,1.7,1051201,83826853.0,198000,-5199,-1702,540000,0,1312,342000,5199,3014
20260410,1464,得力,10.3,10.4,10.25,10.35,+,0.1,472622,4880045.0,189663,0,0,229045,0,0,39382,0,0
20260410,6890,來億-KY,152.5,154.0,151.0,151.5,+,1.0,491214,74749101.0,189897,0,-2000,246080,0,0,56183,0,2000
20260410,2547,日勝生,10.65,10.8,10.6,10.65,,0.0,1327474,14193557.0,174000,0,13436,446000,0,14000,272000,0,564
20260410,2420,新巨,52.5,53.1,52.3,52.5,+,0.1,428141,22555162.0,185000,0,0,198000,0,0,13000,0,0
20260410,4564,元翎,18.3,18.7,17.8,18.6,+,0.6,1271527,23289360.0,175100,0,3883,366100,0,6000,191000,0,2117
20260410,1503,士電,187.0,187.0,185.0,186.0,+,3.0,889906,165375671.0,118303,0,59673,287403,0,80999,169100,0,21326
20260410,2233,宇隆,217.0,221.5,213.0,213.0,+,0.5,912511,196600936.0,169895,0,6976,414000,0,12000,244105,0,5024
20260410,3708,上緯投控,115.0,118.0,115.0,116.0,+,2.0,628727,73041028.0,171240,-4000,9426,374000,0,10537,202760,4000,1111
20260410,1457,宜進,15.1,15.2,14.8,14.85,-,0.5,551212,8222843.0,175000,0,0,238000,0,0,63000,0,0
20260410,00960,野村全球航運龍頭,17.87,17.87,17.78,17.78,-,0.09,374535,6673692.0,0,0,174699,0,0,179000,0,0,4301
20260410,6933,AMAX-KY,174.0,178.0,173.0,178.0,+,16.0,1821539,322526735.0,101000,0,71646,202000,0,76230,101000,0,4584
20260410,2207,和泰車,499.0,511.0,498.0,508.0,+,10.5,458776,232582963.0,177656,-5000,-999,426712,0,1,249056,5000,1000
20260410,3550,聯穎,19.85,20.8,19.0,19.2,-,0.65,4884962,96650159.0,35000,0,134373,1338000,0,143000,1303000,0,8627
20260410,1736,喬山,122.0,123.5,120.0,121.0,-,0.5,590033,71634816.0,204000,-35000,-983,299000,0,5000,95000,35000,5983
20260410,00901,永豐智能車供應鏈,31.52,31.93,31.52,31.93,+,0.83,195550,6223052.0,23000,0,144616,23000,0,156033,0,0,11417
20260410,00916,國泰全球品牌50,25.63,25.84,25.63,25.82,+,0.24,377534,9739580.0,74000,0,92594,107000,0,157629,33000,0,65035
20260410,2597,潤弘,152.5,156.5,152.5,156.0,+,3.5,468866,72675424.0,123638,-1000,41002,316300,0,41002,192662,1000,0
20260410,1808,潤隆,30.85,31.15,30.6,30.9,+,0.5,860194,26539162.0,136000,0,26000,440000,0,26000,304000,0,0
20260410,2548,華固,130.0,131.0,126.5,127.5,-,1.5,2460822,315851136.0,147000,0,14264,1056000,0,93016,909000,0,78752
20260410,7780,大研生醫*,20.85,21.1,20.4,21.1,+,0.3,2976940,61718958.0,174055,0,-12891,668055,0,3000,494000,0,15891
20260410,3008,大立光,2285.0,2325.0,2285.0,2310.0,+,30.0,379160,874923800.0,142500,-2966,9808,228551,34,17888,86051,3000,8080
20260410,5244,弘凱,39.5,40.2,39.05,39.65,+,0.6,849053,33694591.0,147000,0,0,300000,0,0,153000,0,0
20260410,8249,菱光,48.25,48.95,48.25,48.75,+,0.6,500133,24322570.0,145948,0,-1531,221948,0,0,76000,0,1531
20260410,4164,承業醫,31.5,31.75,31.3,31.5,+,0.35,746239,23501202.0,146000,0,-2186,270000,0,4000,124000,0,6186
20260410,7610,聯友金屬-創,456.0,497.5,455.0,497.5,+,45.0,1469844,708625351.0,136000,0,7253,289000,0,31912,153000,0,24659
20260410,2461,光群雷,17.7,17.95,17.3,17.7,+,0.2,747753,13162920.0,128000,0,15000,259000,0,15000,131000,0,0
20260410,8464,億豐,356.5,359.5,353.5,356.0,+,4.0,367073,130790748.0,140750,907,1000,317750,907,1000,177000,0,0
20260410,8261,富鼎,109.5,110.0,107.0,107.5,-,0.5,1754287,189912694.0,152000,0,-9444,508000,0,7368,356000,0,16812
20260410,3596,智易,174.0,176.5,172.0,173.0,+,0.5,1509631,262202884.0,144384,1000,-3876,952384,1000,3471,808000,0,7347
20260410,2637,慧洋-KY,71.0,71.0,70.0,70.4,+,0.1,1096265,77117082.0,142000,-5638,4000,605000,5000,8000,463000,10638,4000
20260410,5521,工信,12.4,12.45,12.2,12.4,+,0.1,2499033,30828709.0,147000,0,-7058,729000,0,1000,582000,0,8058
20260410,1710,東聯,13.6,13.85,13.4,13.55,-,0.25,14915684,202850830.0,156020,0,-17985,4328020,0,13959,4172000,0,31944
20260410,2601,益航,5.67,5.71,5.65,5.7,+,0.03,1408193,7995550.0,133344,0,0,402000,0,0,268656,0,0
20260410,1612,宏泰,34.95,35.4,34.95,35.05,+,0.3,461577,16223153.0,121000,0,11345,209000,0,11365,88000,0,20
20260410,2328,廣宇,45.3,45.3,44.6,44.65,+,0.1,2110065,94654059.0,57043,-1000,75927,645043,0,99005,588000,1000,23078
20260410,3167,大量,580.0,633.0,561.0,633.0,+,57.0,1083007,657042558.0,93317,-1000,38818,168350,0,53000,75033,1000,14182
20260410,1514,亞力,104.0,104.5,102.5,104.5,+,1.5,1383867,143361165.0,131167,0,-544,435167,0,12303,304000,0,12847
20260410,3032,偉訓,63.8,64.5,62.9,64.2,+,1.4,488962,31225562.0,129258,0,1000,239000,0,1000,109742,0,0
20260410,2606,裕民,61.3,61.7,60.9,61.0,+,0.2,2358451,144267330.0,300197,-205547,34471,1213197,0,76471,913000,205547,42000
20260410,00917,中信特選金融,21.5,21.53,21.45,21.47,+,0.04,835820,17951169.0,-68000,0,197040,0,0,453040,68000,0,256000
20260410,6835,圓裕,38.5,38.95,38.0,38.8,+,0.45,393000,15135700.0,129000,0,0,159000,0,0,30000,0,0
20260410,2379,瑞昱,510.0,516.0,506.0,508.0,-,4.0,2424667,1234380815.0,839,111485,16028,1814524,194174,45846,1813685,82689,29818
20260410,3014,聯陽,118.5,120.0,118.5,118.5,,0.0,640674,76385021.0,139000,-11498,-221,275000,0,0,136000,11498,221
20260410,3051,力特,20.8,20.9,20.1,20.1,-,0.5,794259,16114501.0,118000,0,6000,244000,0,6000,126000,0,0
20260410,5607,遠雄港,46.55,48.5,46.55,48.15,+,1.7,615730,29450148.0,126973,0,-3000,236000,0,0,109027,0,3000
20260410,3515,華擎,213.0,216.0,212.5,215.0,+,4.5,391775,84091442.0,121000,-413,2841,205000,0,6980,84000,413,4139
20260410,1615,大山,45.8,46.5,45.8,46.4,+,0.75,207360,9589431.0,123000,0,0,126000,0,0,3000,0,0
20260410,00897,富邦基因免疫生技,9.82,9.87,9.82,9.85,+,0.03,255373,2516357.0,8000,0,113951,10000,0,120251,2000,0,6300
20260410,1568,倉佑,22.45,23.9,22.45,23.6,+,1.0,460348,10811869.0,120000,0,-1000,134000,0,1000,14000,0,2000
20260410,6278,台表科,95.2,104.0,95.1,104.0,+,9.2,7759553,790817875.0,-24000,-22490,164910,1410000,0,183138,1434000,22490,18228
20260410,2034,允強,21.0,21.15,20.8,20.85,,0.0,1206984,25316947.0,101000,0,15932,505000,0,18932,404000,0,3000
20260410,00899,FT潔淨能源,23.98,24.1,23.94,24.04,+,0.13,240403,5775483.0,1000,0,114918,1000,0,115918,0,0,1000
20260410,00701,國泰股利精選30,29.4,29.48,29.3,29.32,-,0.08,472852,13893625.0,-8000,0,123841,0,0,238738,8000,0,114897
20260410,2431,聯昌,11.65,11.75,11.15,11.3,-,0.35,993800,11248047.0,114000,0,1000,183000,0,1000,69000,0,0
20260410,3592,瑞鼎,226.5,230.0,226.5,228.0,+,3.5,486268,110951256.0,114665,-5277,4978,220665,0,7978,106000,5277,3000
20260410,2488,漢平,49.7,50.2,49.7,49.95,+,0.2,324040,16165839.0,114000,0,0,141000,0,0,27000,0,0
20260410,4551,智伸科,134.0,136.5,133.0,136.0,+,3.0,520736,70336993.0,101000,0,11877,202000,0,24000,101000,0,12123
20260410,6658,聯策,75.1,82.6,73.3,81.7,+,6.6,5337769,425163647.0,99000,0,12469,847000,0,31105,748000,0,18636
20260410,1104,環泥,29.3,29.55,29.3,29.5,+,0.3,366993,10795992.0,110000,0,-152,217000,0,0,107000,0,152
20260410,00912,中信臺灣智慧50,26.05,26.26,26.04,26.25,+,0.47,862198,22546945.0,7000,0,102595,14000,0,436919,7000,0,334324
20260410,2506,太設,9.03,9.03,8.9,8.97,+,0.01,189278,1696273.0,81000,0,28000,86000,0,28000,5000,0,0
20260410,1709,和益,18.4,18.5,18.15,18.4,+,0.1,754899,13842137.0,107000,0,2000,237000,0,2000,130000,0,0
20260410,6782,視陽,211.5,212.0,204.5,206.5,-,4.0,442486,92034873.0,110000,0,-1740,178000,0,1352,68000,0,3092
20260410,8454,富邦媒,182.0,184.0,180.5,182.0,+,0.5,469474,85411798.0,160709,250,-52923,318125,250,2077,157416,0,55000
20260410,2450,神腦,29.8,30.3,29.8,29.9,+,0.15,228727,6862784.0,108000,-1000,1000,152000,0,1000,44000,1000,0
20260410,2426,鼎元,47.3,47.3,45.6,47.3,+,4.3,26363134,1242857809.0,473700,0,-367003,1438000,0,467997,964300,0,835000
20260410,3025,星通,65.1,66.3,64.3,64.9,+,0.4,943086,61550743.0,105000,-1000,1159,330000,0,3000,225000,1000,1841
20260410,4764,雙鍵,151.5,156.0,143.5,155.0,+,5.5,8888726,1338270166.0,42000,-1000,62294,2524000,0,116626,2482000,1000,54332
20260410,2535,達欣工,68.5,70.2,68.5,69.9,+,1.6,595723,41416026.0,80000,0,22781,263000,0,28000,183000,0,5219
20260410,2404,漢唐,924.0,950.0,917.0,926.0,+,19.0,3667168,3417064404.0,163827,-217906,154398,1218360,4094,236931,1054533,222000,82533
20260410,3712,永崴投控,17.55,17.85,17.25,17.3,+,0.1,624807,10897443.0,99000,0,557,246000,0,4000,147000,0,3443
20260410,2537,聯上發,10.4,10.45,10.25,10.3,-,0.05,587718,6076947.0,101000,0,-2001,145000,0,0,44000,0,2001
20260410,9921,巨大,68.0,69.4,67.2,67.3,-,0.6,2203669,149738363.0,95043,0,3256,1010043,0,31200,915000,0,27944
20260410,6757,台灣虎航,49.8,50.2,49.05,49.4,,0.0,722545,35890860.0,90000,0,6545,273000,0,23000,183000,0,16455
20260410,6224,聚鼎,40.95,43.8,40.85,43.5,+,2.85,520825,22106691.0,95000,0,0,210000,0,0,115000,0,0
20260410,2704,國賓,42.2,42.7,41.75,42.25,+,0.05,185996,7855266.0,94000,0,0,99000,0,0,5000,0,0
20260410,00700,富邦恒生國企,17.63,17.71,17.59,17.62,+,0.04,169416,2987429.0,36000,0,55542,36000,0,74859,0,0,19317
20260410,8210,勤誠,893.0,901.0,885.0,890.0,+,10.0,1488462,1329135787.0,79369,-269,11224,508455,0,30305,429086,269,19081
20260410,2377,微星,91.2,92.3,89.5,90.8,-,0.8,7586357,689212657.0,217079,-71000,-56385,3394227,6000,46236,3177148,77000,102621
20260410,2748,雲品,40.5,41.45,40.3,41.2,+,1.05,274981,11270835.0,89000,0,0,130000,0,0,41000,0,0
20260410,2923,鼎固-KY,18.85,20.1,18.85,19.9,+,0.85,130342,2562669.0,81950,0,7000,111000,0,12000,29050,0,5000
20260410,6196,帆宣,325.5,331.5,320.0,325.5,+,7.0,4213012,1369015711.0,131093,-4106,-38778,1369093,0,80264,1238000,4106,119042
20260410,2543,皇昌,58.1,58.6,57.6,57.9,+,0.4,982471,57050508.0,44000,0,43144,172000,0,55000,128000,0,11856
20260410,3356,奇偶,50.5,52.2,50.1,51.0,+,1.9,1277542,65216378.0,86000,0,476,352000,0,2000,266000,0,1524
20260410,2453,凌群,53.3,53.8,53.2,53.6,+,0.6,326082,17456960.0,83000,0,0,144000,0,0,61000,0,0
20260410,1219,福壽,13.95,14.4,13.95,14.2,+,0.25,684101,9722351.0,89000,0,-6000,223000,0,0,134000,0,6000
20260410,8473,山林水,36.95,37.3,36.95,37.05,+,0.8,399626,14821005.0,77000,0,5568,131000,0,7000,54000,0,1432
20260410,2530,華建,23.65,23.65,23.0,23.25,-,0.3,1001948,23310312.0,-44440,-32000,159000,347000,0,174000,391440,32000,15000
20260410,1338,廣華-KY,16.0,16.6,16.0,16.4,+,0.8,311732,5107685.0,71000,0,11000,113000,0,11000,42000,0,0
20260410,1582,信錦,100.5,101.5,96.7,97.2,-,2.7,9679993,953254069.0,440959,-564,-359264,2497050,0,370927,2056091,564,730191
20260410,6133,金橋,23.4,23.7,23.25,23.3,+,0.15,760114,17798257.0,84000,0,-3000,250000,0,0,166000,0,3000
20260410,3229,晟鈦,19.05,20.6,18.5,20.6,+,1.85,544624,10961586.0,75000,0,4081,80000,0,5081,5000,0,1000
20260410,3060,銘異,29.5,30.2,29.25,29.5,+,0.05,1985092,58757395.0,83000,0,-4498,582000,0,1000,499000,0,5498
20260410,2705,六福,16.8,16.85,16.65,16.7,+,0.15,448592,7518628.0,78000,0,0,98000,0,0,20000,0,0
20260410,2007,燁興,8.09,8.19,8.03,8.07,+,0.05,281989,2281354.0,79000,0,-1000,111000,0,0,32000,0,1000
20260410,5706,鳳凰,51.7,52.2,51.6,52.0,+,0.5,205135,10650991.0,80000,0,-2148,96000,0,1000,16000,0,3148
20260410,2616,山隆,15.65,15.95,15.4,15.5,,0.0,695647,10863376.0,69001,0,8119,227001,0,11000,158000,0,2881
20260410,2849,安泰銀,13.5,13.6,13.3,13.45,-,0.05,115394,1558019.0,68000,0,8000,91000,0,8000,23000,0,0
20260410,6830,汎銓,659.0,712.0,659.0,700.0,+,52.0,522230,364314614.0,28425,0,46000,143067,0,46000,114642,0,0
20260410,9946,三發地產,17.3,17.45,17.05,17.15,+,0.15,411062,7060420.0,74000,0,0,128000,0,0,54000,0,0
20260410,6024,群益期,56.3,56.9,56.3,56.7,+,0.2,248615,14097225.0,73100,0,0,102100,0,0,29000,0,0
20260410,1563,巧新,42.1,42.55,41.7,42.15,+,0.1,607025,25500466.0,73000,0,0,195000,0,0,122000,0,0
20260410,6277,宏正,69.9,70.2,68.0,68.0,-,1.7,396130,27306497.0,71000,0,1646,120000,0,18000,49000,0,16354
20260410,3035,智原,153.0,153.5,149.5,149.5,-,2.5,1739781,262815210.0,67245,-4611,9018,415245,0,60913,348000,4611,51895
20260410,2436,偉詮電,62.2,62.7,60.8,61.6,+,0.1,1850654,113978174.0,83900,-6000,-6627,517100,0,4758,433200,6000,11385
20260410,8463,潤泰材,22.35,22.75,22.3,22.45,+,0.15,290247,6503042.0,69000,0,0,98000,0,2000,29000,0,2000
20260410,00783,富邦中証500,27.98,28.63,27.98,28.39,+,0.41,287842,8144441.0,61000,0,7037,61000,0,222037,0,0,215000
20260410,1103,嘉泥,13.85,13.95,13.85,13.85,+,0.15,370724,5154642.0,25000,0,43000,121000,0,43000,96000,0,0
20260410,3010,華立,131.0,131.5,129.0,129.0,+,0.5,1054687,137118524.0,79999,-10090,-2000,467000,3405,2000,387001,13495,4000
20260410,2458,義隆,132.5,135.0,130.0,130.5,-,2.5,2393248,315626692.0,218070,-99745,-53192,1146070,0,5924,928000,99745,59116
20260410,6937,天虹,287.0,296.0,278.0,284.5,+,8.5,1706163,489805446.0,-70960,139000,-2918,515040,140000,32920,586000,1000,35838
20260410,4569,六方科-KY,163.5,171.0,163.0,171.0,+,15.5,543755,91634105.0,48000,0,16755,116000,0,16755,68000,0,0
20260410,6722,輝創,38.95,40.45,38.95,40.2,+,0.6,124532,4962400.0,70000,0,-6000,74000,0,2000,4000,0,8000
20260410,1460,宏遠,6.98,7.06,6.89,7.0,,0.0,544413,3782388.0,63929,0,0,131929,0,0,68000,0,0
20260410,2362,藍天,38.35,39.0,38.35,38.65,+,0.25,362752,14036144.0,66000,1000,-4000,175000,1000,0,109000,0,4000
20260410,6862,三集瑞-KY,174.5,186.0,174.5,180.5,+,9.0,535575,96800824.0,30485,0,32465,178000,0,34584,147515,0,2119
20260410,00861,元大全球未來通訊,69.1,69.8,69.1,69.65,+,1.3,126339,8790081.0,27577,0,35169,28577,0,46799,1000,0,11630
20260410,3588,通嘉,52.4,52.9,52.0,52.1,-,0.2,363713,19055758.0,61000,0,1734,138000,0,3734,77000,0,2000
20260410,1517,利奇,11.2,11.25,11.1,11.1,,0.0,177362,1981042.0,62200,0,-278,86200,0,0,24000,0,278
20260410,1225,福懋油,33.1,33.2,32.55,32.65,+,0.2,214974,7069096.0,66600,0,-5000,110600,0,0,44000,0,5000
20260410,8103,瀚荃,89.0,92.9,88.5,88.6,,0.0,2124919,192039553.0,42015,0,19434,781015,0,33465,739000,0,14031
20260410,2392,正崴,34.45,34.9,33.95,34.1,+,0.1,1160783,39801069.0,57000,0,4098,521000,0,8683,464000,0,4585
20260410,3021,鴻名,16.2,16.35,16.1,16.35,+,0.55,164306,2663686.0,59000,0,2000,61000,0,2000,2000,0,0
20260410,3057,喬鼎,17.2,17.35,17.1,17.35,+,1.55,276670,4792684.0,41854,0,18981,42000,0,18981,146,0,0
20260410,4585,達明,301.0,304.5,296.0,297.5,-,0.5,276786,82858271.0,63679,0,-2850,88000,0,750,24321,0,3600
20260410,6885,全福生技,24.0,24.45,23.65,23.65,-,0.35,247175,5911256.0,56999,0,3000,109000,0,3000,52001,0,0
20260410,1786,科妍,60.0,60.3,59.3,60.0,+,0.7,152701,9140314.0,60000,0,-14,84000,0,1,24000,0,15
20260410,9931,欣高,35.1,35.5,35.1,35.4,-,0.3,255313,9011669.0,58000,0,51,72000,0,2000,14000,0,1949
20260410,6838,台新藥,30.65,31.25,30.55,30.85,-,0.25,268091,8284571.0,57960,0,-51,79000,0,0,21040,0,51
20260410,3003,健和興,50.3,50.9,49.85,49.85,-,0.45,218906,11013420.0,56000,-1000,2753,80000,0,3000,24000,1000,247
20260410,1702,南僑,36.15,36.35,36.1,36.1,-,0.05,186540,6755692.0,67100,-10591,-78,79100,0,0,12000,10591,78
20260410,3017,奇鋐,2305.0,2320.0,2230.0,2265.0,+,30.0,3201925,7290607325.0,60337,-31627,27593,1345361,0,109784,1285024,31627,82191
20260410,1907,永豐餘,25.9,26.1,25.8,25.85,,0.0,477198,12375737.0,46000,0,10000,180000,0,14000,134000,0,4000
20260410,2405,輔信,15.3,15.45,15.0,15.1,-,0.1,1596582,24202097.0,73000,0,-18000,339000,0,0,266000,0,18000
20260410,1540,喬福,22.2,22.25,21.85,21.85,-,0.1,240017,5285355.0,54000,0,1000,86000,0,1000,32000,0,0
20260410,4766,南寶,348.5,365.5,344.5,365.5,+,33.0,3486583,1246137508.0,26294,-1000,29580,808294,0,108353,782000,1000,78773
20260410,3528,安馳,67.8,72.0,67.0,69.2,+,2.2,528533,36838922.0,55000,0,-657,145000,0,343,90000,0,1000
20260410,2493,揚博,118.5,121.0,115.0,119.0,+,2.5,2127120,251558603.0,-42900,-2000,99158,511100,0,112008,554000,2000,12850
20260410,2014,中鴻,19.1,19.3,18.55,18.55,-,0.35,7127313,134560091.0,98000,0,-44452,2009000,0,4000,1911000,0,48452
20260410,3030,德律,290.0,303.0,284.5,303.0,+,27.5,15159212,4490976805.0,-57109,-2777,113192,4873891,223,300752,4931000,3000,187560
20260410,2390,云辰,10.15,10.35,10.1,10.1,-,0.1,453683,4613137.0,53000,0,-1000,116000,0,0,63000,0,1000
20260410,1598,岱宇,19.25,19.7,19.15,19.65,+,0.3,372718,7233767.0,54712,0,-3000,129000,0,0,74288,0,3000
20260410,00661,元大日經225,73.15,73.7,73.15,73.6,+,1.25,258057,18967017.0,-3000,0,54185,0,0,138228,3000,0,84043
20260410,00728,第一金工業30,46.8,47.16,46.8,46.97,+,0.37,126580,5945239.0,1000,0,50067,2000,0,74912,1000,0,24845
20260410,5258,虹堡,46.9,47.05,46.1,46.7,+,0.5,256416,11935401.0,52000,0,-1000,113000,0,0,61000,0,1000
20260410,9942,茂順,118.0,118.0,117.0,117.0,-,0.5,103738,12176191.0,51000,0,0,54000,0,0,3000,0,0
20260410,6283,淳安,20.3,20.95,20.05,20.5,-,0.05,145176,2986579.0,50000,0,0,79000,0,2000,29000,0,2000
20260410,4562,穎漢,31.05,31.65,30.55,30.55,-,0.2,198106,6128044.0,50000,0,0,75000,0,0,25000,0,0
20260410,3443,創意,2695.0,2720.0,2645.0,2665.0,+,10.0,2503866,6718275845.0,-182941,57830,174506,836208,78225,242806,1019149,20395,68300
20260410,6768,志強-KY,84.5,85.4,83.6,83.6,+,1.4,438270,36951656.0,48000,-3505,2497,192000,0,6008,144000,3505,3511
20260410,0053,元大電子,182.5,182.95,181.05,182.75,+,3.65,57928,10528445.0,-1000,0,47283,0,0,50283,1000,0,3000
20260410,00920,富邦ESG綠色電力,23.0,23.36,23.0,23.32,+,0.61,409570,9536818.0,-33000,0,79154,5000,0,176409,38000,0,97255
20260410,6806,森崴能源,22.9,22.9,22.9,22.9,-,2.5,960896,22004405.0,46000,0,0,116000,0,0,70000,0,0
20260410,1526,日馳,16.3,16.5,16.25,16.3,,0.0,130477,2137316.0,46000,0,0,61000,0,0,15000,0,0
20260410,1531,高林股,13.25,13.45,13.2,13.2,+,0.1,230448,3062658.0,45000,0,0,68000,0,0,23000,0,0
20260410,2028,威致,18.5,18.5,18.25,18.25,+,0.05,156918,2879295.0,38000,0,7000,81000,0,7000,43000,0,0
20260410,2415,錩新,29.3,29.35,28.3,28.6,-,0.3,335226,9614839.0,50000,0,-5000,99000,0,9000,49000,0,14000
20260410,8374,羅昇,71.5,72.0,70.6,71.8,+,1.3,213895,15242995.0,45000,0,-155,66000,0,2,21000,0,157
20260410,1513,中興電,150.5,151.0,149.5,150.5,+,0.5,2021743,303715002.0,37712,1351,5775,696712,2351,20000,659000,1000,14225
20260410,1321,大洋,33.4,33.65,33.05,33.25,-,0.15,178483,5931624.0,45000,0,-477,60000,0,0,15000,0,477
20260410,6719,力智,159.0,161.0,158.0,159.5,+,2.0,266278,42511597.0,45000,-395,-303,93000,0,2074,48000,395,2377
20260410,6525,捷敏-KY,84.9,85.2,84.4,84.6,+,0.5,235999,20002549.0,42110,0,2000,82000,0,2000,39890,0,0
20260410,00949,復華日本龍頭,19.82,19.86,19.75,19.82,-,0.04,727507,14408668.0,-44951,0,89015,8049,0,310999,53000,0,221984
20260410,2498,宏達電,40.45,40.45,39.55,39.8,-,0.3,4433188,177253721.0,117500,0,-74474,1530500,0,25000,1413000,0,99474
20260410,4736,泰博,125.0,127.0,124.0,126.5,+,1.5,230261,28941061.0,43000,0,0,72000,0,0,29000,0,0
20260410,5471,松翰,39.9,40.25,39.55,39.6,-,0.15,290300,11550653.0,44000,-1000,0,137000,0,0,93000,1000,0
20260410,2029,盛餘,20.6,20.9,20.5,20.5,,0.0,138773,2872979.0,26000,0,16456,41000,0,17000,15000,0,544
20260410,3694,海華,56.4,57.7,56.1,57.3,+,1.5,762209,43432319.0,41000,0,1186,240000,0,1186,199000,0,0
20260410,8476,台境*,18.9,19.0,18.65,18.95,,0.0,463353,8718937.0,47000,0,-5000,160000,0,0,113000,0,5000
20260410,1474,弘裕,10.05,10.15,9.99,10.1,+,0.11,117837,1182680.0,21780,0,20000,24000,0,20000,2220,0,0
20260410,6958,日盛台駿,18.1,19.25,18.1,19.15,+,1.05,367836,6950951.0,35729,0,6000,86000,0,14000,50271,0,8000
20260410,1463,強盛新,18.0,18.0,17.8,18.0,+,0.05,52771,947611.0,41000,0,0,47000,0,0,6000,0,0
20260410,1324,地球,11.9,12.05,11.35,11.4,-,0.45,304890,3527904.0,39000,0,1000,60000,0,1000,21000,0,0
20260410,3447,展達,37.55,38.5,37.55,37.6,-,0.5,253308,9618363.0,40000,0,-330,76000,0,0,36000,0,330
20260410,8478,東哥遊艇,161.0,163.5,160.5,162.0,+,2.5,98833,16019934.0,37000,0,2532,47000,0,3532,10000,0,1000
20260410,2617,台航,30.6,30.7,30.4,30.4,+,0.05,308061,9410865.0,38000,0,1499,156000,0,1499,118000,0,0
20260410,00678,群益那斯達克生技,36.13,36.23,36.13,36.23,+,0.18,244663,8858466.0,0,0,39095,0,0,239095,0,0,200000
20260410,3004,豐達科,113.0,119.5,113.0,116.0,+,4.0,797716,92979620.0,8649,0,30156,182395,0,35157,173746,0,5001
20260410,2480,敦陽科,141.0,142.5,141.0,141.5,+,1.0,138647,19627108.0,42000,-3000,-1071,60000,0,5000,18000,3000,6071
20260410,4552,力達-KY,21.2,21.3,20.85,20.9,-,0.25,160442,3368972.0,37000,0,0,43000,0,0,6000,0,0
20260410,9935,慶豐富,19.25,19.35,19.1,19.15,+,0.05,144797,2778702.0,37000,0,0,61000,0,0,24000,0,0
20260410,6901,鑽石投資,13.9,13.95,13.65,13.7,-,0.05,467168,6430268.0,-1000,0,38000,180000,0,38000,181000,0,0
20260410,6805,富世達,1870.0,1890.0,1800.0,1865.0,+,25.0,1690785,3110679980.0,233511,-184936,-11662,579775,81065,41494,346264,266001,53156
20260410,4108,懷特,12.5,12.6,12.4,12.55,,0.0,177968,2216297.0,36800,0,0,38000,0,0,1200,0,0
20260410,6449,鈺邦,164.0,164.0,158.5,158.5,-,2.0,422063,67826864.0,41000,-180,-4110,130000,0,2000,89000,180,6110
20260410,2108,南帝,26.3,26.35,25.8,26.15,-,0.15,615829,15982778.0,31000,0,5687,202000,0,6000,171000,0,313
20260410,8429,金麗-KY,6.8,6.9,6.79,6.83,-,0.02,168090,1150481.0,36600,0,0,53000,0,0,16400,0,0
20260410,2338,光罩,47.0,47.8,46.15,46.35,+,1.0,6205303,291654931.0,-105563,1000,140978,2025437,1000,184220,2131000,0,43242
20260410,6115,鎰勝,47.0,47.25,46.8,47.15,+,0.2,154659,7277268.0,35000,0,1406,52000,0,5406,17000,0,4000
20260410,3530,晶相光,59.8,60.9,59.8,59.8,,0.0,140394,8464451.0,34000,-1000,3013,54000,0,3013,20000,1000,0
20260410,3686,達能,17.5,17.75,17.25,17.75,+,0.25,300423,5290484.0,37000,0,-1000,75000,0,0,38000,0,1000
20260410,4557,永新-KY,56.0,56.3,55.4,55.9,+,0.1,98920,5515702.0,36000,0,0,39000,0,0,3000,0,0
20260410,1527,鑽全,32.55,32.8,32.5,32.5,+,0.05,143112,4664940.0,36000,0,0,63000,0,0,27000,0,0
20260410,3038,全台,20.45,20.95,20.45,20.6,+,0.15,200702,4147792.0,38000,-479,-2000,89000,0,0,51000,479,2000
20260410,3518,柏騰,20.15,21.0,19.95,20.15,+,0.1,369680,7498198.0,34000,0,1000,90000,0,1000,56000,0,0
20260410,5519,隆大,33.3,33.45,33.2,33.3,-,0.05,332056,11063404.0,36000,0,-1000,101000,0,0,65000,0,1000
20260410,1733,五鼎,29.35,29.65,29.35,29.45,+,0.1,140516,4148118.0,24999,0,10000,50000,0,10000,25001,0,0
20260410,6216,居易,25.1,25.4,25.0,25.05,-,0.05,116228,2922851.0,35000,0,-381,42000,0,0,7000,0,381
20260410,6790,永豐實,40.95,40.95,40.65,40.8,+,0.1,186644,7613314.0,34000,0,0,56000,0,0,22000,0,0
20260410,6573,虹揚-KY,12.1,12.4,12.05,12.3,+,0.15,75000,915100.0,35000,0,-1000,41000,0,0,6000,0,1000
20260410,2516,新建,13.75,13.95,13.65,13.65,+,0.05,212495,2919688.0,37000,0,-3000,84000,0,0,47000,0,3000
20260410,1535,中宇,52.6,53.1,52.1,52.1,-,0.3,80372,4225150.0,34000,0,0,53000,0,0,19000,0,0
20260410,6281,全國電,52.6,53.5,52.4,52.7,-,0.2,146797,7784989.0,33937,0,0,61000,0,0,27063,0,0
20260410,2636,台驊控股,68.2,68.5,68.1,68.1,+,0.1,230159,15714866.0,31500,0,2410,54000,0,3000,22500,0,590
20260410,2524,京城,38.5,39.3,38.5,38.6,+,0.1,86736,3375140.0,33430,0,400,60000,0,1400,26570,0,1000
20260410,7749,意騰-KY,361.0,370.5,356.5,364.5,+,9.5,194488,70465428.0,33073,0,0,73073,0,0,40000,0,0
20260410,1342,八貫,89.0,89.0,88.1,88.1,+,0.3,138964,12284594.0,33000,0,0,53000,0,0,20000,0,0
20260410,6579,研揚,119.0,119.5,115.5,116.5,,0.0,238022,27859907.0,33000,-657,585,54000,0,1001,21000,657,416
20260410,1217,愛之味,10.3,10.35,10.25,10.25,,0.0,201475,2074474.0,35200,0,-3000,49200,0,1000,14000,0,4000
20260410,6668,中揚光,33.65,34.2,33.55,33.85,+,0.25,163879,5540969.0,32000,0,0,68000,0,0,36000,0,0
20260410,4306,炎洲,13.5,13.55,13.45,13.5,,0.0,619467,8355249.0,36000,0,-5000,186000,0,0,150000,0,5000
20260410,6994,富威電力,67.1,68.3,66.1,66.1,-,0.9,455093,30544143.0,29000,0,1841,162000,0,1995,133000,0,154
20260410,2421,建準,139.5,141.0,136.5,141.0,+,4.5,4285089,595676173.0,-6993,-687,38189,1263105,0,90623,1270098,687,52434
20260410,4590,富田-創,74.5,75.2,73.5,73.6,-,0.4,112073,8333319.0,31000,0,-877,39000,0,251,8000,0,1128
20260410,7721,微程式,83.9,87.2,83.9,84.0,+,0.1,904947,77182221.0,29900,0,0,30000,0,0,100,0,0
20260410,2739,寒舍,34.4,34.4,34.0,34.35,+,0.15,110419,3780651.0,29000,0,0,33000,0,0,4000,0,0
20260410,2908,特力,20.0,20.05,19.95,20.0,,0.0,143616,2873320.0,36000,0,-7000,54000,0,0,18000,0,7000
20260410,4426,利勤,8.44,8.52,8.41,8.46,+,0.03,120211,1017704.0,29000,0,0,43000,0,0,14000,0,0
20260410,1734,杏輝,31.45,31.7,31.45,31.6,+,0.15,264978,8361175.0,29000,0,0,86000,0,0,57000,0,0
20260410,1537,廣隆,124.5,125.0,124.0,125.0,+,1.0,61395,7649429.0,28000,0,0,29000,0,0,1000,0,0
20260410,6657,華安,42.0,42.0,41.5,41.65,-,0.15,128356,5349581.0,28000,0,0,52000,0,0,24000,0,0
20260410,6165,浪凡,45.6,46.15,45.4,45.85,+,0.65,289426,13266288.0,26000,0,2000,74000,0,2000,48000,0,0
20260410,2706,第一店,12.45,12.5,12.4,12.45,-,0.05,69196,861623.0,27825,0,0,34000,0,0,6175,0,0
20260410,00657,國泰日經225,67.0,67.1,66.85,67.05,+,1.1,31559,2114029.0,1015,0,26465,1015,0,26465,0,0,0
20260410,6928,攸泰科技,47.25,47.25,45.55,45.55,-,0.15,107802,5026922.0,27000,0,0,64000,0,0,37000,0,0
20260410,1616,億泰,23.5,23.75,23.4,23.4,-,0.05,330080,7756323.0,27000,0,0,79000,0,0,52000,0,0
20260410,1783,和康生,42.3,42.85,42.3,42.6,-,0.05,103658,4412075.0,27000,0,0,31000,0,0,4000,0,0
20260410,6869,雲豹能源,82.8,83.4,81.5,81.8,-,0.3,669740,55100548.0,26509,0,429,229509,0,4107,203000,0,3678
20260410,3533,嘉澤,2400.0,2400.0,2260.0,2270.0,-,40.0,1164356,2695714265.0,94963,-2000,-66914,562387,69000,28230,467424,71000,95144
20260410,2459,敦吉,65.7,66.2,65.7,66.1,+,0.5,86202,5698732.0,21000,-1000,6000,24000,0,6000,3000,1000,0
20260410,1459,聯發,11.65,11.75,11.6,11.6,-,0.05,71278,831550.0,26000,0,0,41000,0,0,15000,0,0
20260410,00963,中信全球高股息,12.75,12.77,12.75,12.76,+,0.01,180368,2300457.0,1000,0,24924,1000,0,30000,0,0,5076
20260410,4976,佳凌,28.15,28.45,27.8,28.0,+,0.15,289216,8096005.0,25364,0,0,127364,0,0,102000,0,0
20260410,8487,愛爾達-創,79.6,81.5,79.1,79.5,,0.0,80639,6447640.0,16000,0,9000,19000,0,12000,3000,0,3000
20260410,9918,欣天然,43.5,43.9,42.65,43.35,-,0.15,274600,11895952.0,25000,0,0,82000,0,0,57000,0,0
20260410,1512,瑞利,7.45,7.68,7.35,7.44,,0.0,84695,632989.0,34000,0,-9000,37000,0,3000,3000,0,12000
20260410,00739,元大MSCI A股,27.23,27.5,27.2,27.48,+,0.37,74171,2033707.0,-3000,0,27657,0,0,58867,3000,0,31210
20260410,6934,心誠鎂,83.0,83.7,81.5,83.1,+,0.1,155424,12835263.0,24000,0,0,62000,0,0,38000,0,0
20260410,9943,好樂迪,57.4,57.8,57.4,57.5,-,0.3,72321,4162666.0,23880,0,0,25000,0,0,1120,0,0
20260410,00714,群益道瓊美國地產,21.0,21.02,21.0,21.02,+,0.12,131545,2763592.0,20000,0,3701,21000,0,103986,1000,0,100285
20260410,8499,鼎炫-KY,276.5,277.5,271.0,273.0,+,4.0,61703,16947063.0,22000,0,1546,31000,0,2554,9000,0,1008
20260410,2247,汎德永業,240.0,243.0,239.0,242.5,+,3.5,67770,16384360.0,31025,-8000,0,39025,0,0,8000,8000,0
20260410,2025,千興,11.6,11.65,11.35,11.4,,0.0,168912,1937625.0,24000,0,-1000,44000,0,5000,20000,0,6000
20260410,1227,佳格,30.2,30.4,30.05,30.05,-,0.05,473786,14290436.0,-3000,11000,15000,153000,11000,15000,156000,0,0
20260410,4952,凌通,41.2,41.45,40.65,40.8,+,0.15,192902,7912928.0,23000,0,0,90000,0,0,67000,0,0
20260410,2509,全坤建,14.3,14.35,14.2,14.3,,0.0,173018,2469304.0,23000,0,0,55000,0,0,32000,0,0
20260410,9940,信義,20.05,20.05,19.85,19.9,-,0.1,388222,7745698.0,22945,0,0,135329,0,0,112384,0,0
20260410,2364,倫飛,64.3,64.7,63.8,63.8,-,0.2,98797,6333062.0,22880,0,0,34000,0,0,11120,0,0
20260410,3055,蔚華科,60.2,61.2,59.1,59.3,-,0.8,331413,19846952.0,24000,0,-1137,100000,0,80,76000,0,1217
20260410,1339,昭輝,42.35,42.35,40.95,41.55,+,0.05,56948,2354097.0,22000,0,802,25000,0,2000,3000,0,1198
20260410,7822,倍利科,1700.0,1730.0,1660.0,1685.0,-,15.0,515194,873563430.0,29700,0,-7000,70700,0,6000,41000,0,13000
20260410,00731,復華富時高息低波,71.85,71.95,71.7,71.7,-,0.15,549477,39464860.0,-5000,0,27184,0,0,528066,5000,0,500882
20260410,5533,皇鼎,14.45,14.65,14.4,14.45,,0.0,149478,2165289.0,22002,0,0,37002,0,0,15000,0,0
20260410,6931,青松健康,50.3,51.8,50.0,51.8,+,1.7,80105,4067118.0,21000,0,1000,24000,0,1000,3000,0,0
20260410,6796,晉弘,71.5,72.0,70.7,71.0,-,0.4,80814,5749213.0,22000,0,0,31000,0,0,9000,0,0
20260410,1713,國化,47.1,47.55,46.85,46.85,-,0.2,150382,7079658.0,23000,0,-1000,44000,0,0,21000,0,1000
20260410,00703,台新MSCI中國,20.56,20.67,20.54,20.54,-,0.02,76057,1567234.0,0,0,21992,0,0,67017,0,0,45025
20260410,6754,匯僑設計,46.3,47.9,46.0,47.15,+,1.3,49223,2303442.0,19000,-69,3000,24000,0,3000,5000,69,0
20260410,0051,元大中型100,115.4,116.25,115.25,115.45,+,0.85,85199,9847136.0,200,0,21676,200,0,35244,0,0,13568
20260410,00645,富邦日本,52.75,52.9,52.7,52.8,+,0.05,154661,8168152.0,0,0,21692,1000,0,72000,1000,0,50308
20260410,4438,廣越,56.5,56.7,56.2,56.6,+,0.7,51624,2909166.0,20000,0,1000,32000,0,1000,12000,0,0
20260410,7765,中華資安,228.0,230.0,227.0,228.0,+,2.0,48682,11140275.0,23000,0,-2000,25000,0,0,2000,0,2000
20260410,2206,三陽工業,59.4,59.5,59.1,59.5,+,0.2,469832,27889390.0,27000,-1000,-5000,174000,0,0,147000,1000,5000
20260410,2373,震旦行,57.0,57.1,56.8,56.9,+,0.4,44657,2542245.0,21000,0,0,22000,0,0,1000,0,0
20260410,1109,信大,15.45,15.5,15.4,15.4,-,0.05,61179,945067.0,21000,0,0,30000,0,0,9000,0,0
20260410,4526,東台,35.6,35.8,34.8,35.05,-,0.95,4670023,164336071.0,36000,0,-15596,848000,0,1663,812000,0,17259
20260410,9929,秋雨,12.1,12.8,12.1,12.2,-,0.1,46637,576886.0,10000,0,10000,27000,0,12000,17000,0,2000
20260410,1256,鮮活果汁-KY,152.0,152.5,150.0,152.5,+,2.5,45156,6831315.0,20000,0,0,24000,0,0,4000,0,0
20260410,2013,中鋼構,44.55,44.8,44.2,44.5,+,0.2,89391,3980095.0,20000,0,0,35000,0,0,15000,0,0
20260410,1614,三洋電,32.35,32.35,31.9,32.15,+,0.15,62247,1994514.0,22000,0,-2000,25000,0,0,3000,0,2000
20260410,6689,伊雲谷,73.6,73.8,70.9,71.4,-,1.1,440183,31593503.0,15000,0,4370,86000,0,5000,71000,0,630
20260410,3312,弘憶股,37.25,37.25,36.05,36.1,,0.0,402285,14646746.0,19100,0,0,118100,0,0,99000,0,0
20260410,6936,永鴻生技,34.95,35.55,34.9,35.3,+,0.55,60730,2138531.0,19000,0,0,19000,0,0,0,0,0
20260410,2012,春雨,16.0,16.0,15.8,15.8,-,0.05,38861,617794.0,19000,0,0,27000,0,0,8000,0,0
20260410,8045,達運光電,72.7,74.1,72.0,72.6,+,0.8,170039,12406108.0,19000,0,-88,65000,0,3387,46000,0,3475
20260410,8940,新天地,17.5,17.9,17.5,17.7,+,0.2,49887,882975.0,18820,0,0,19000,0,0,180,0,0
20260410,9937,全國,56.6,57.0,56.6,56.7,+,0.1,30975,1757386.0,17000,0,1608,27000,0,1608,10000,0,0
20260410,6957,裕慶-KY,160.0,164.5,157.0,157.0,+,3.5,153368,24576924.0,12000,0,6000,55000,0,6000,43000,0,0
20260410,5525,順天,25.1,25.4,25.1,25.3,+,0.15,45626,1150912.0,18000,0,0,24000,0,0,6000,0,0
20260410,3266,昇陽,13.6,13.7,13.55,13.7,+,0.15,49000,669350.0,18000,0,0,21000,0,0,3000,0,0
20260410,1558,伸興,92.4,93.6,92.4,92.7,+,0.5,39287,3646527.0,19000,-192,-1000,21000,0,2000,2000,192,3000
20260410,5222,全訊,118.0,119.0,116.5,117.5,+,1.0,441214,51776853.0,22020,0,-4835,167020,0,4000,145000,0,8835
20260410,5283,禾聯碩,54.7,55.1,54.5,55.0,+,0.3,48940,2685623.0,17000,0,0,18000,0,0,1000,0,0
20260410,5538,東明-KY,30.75,30.9,30.15,30.75,+,0.1,25010,766858.0,17000,0,0,19000,0,0,2000,0,0
20260410,6431,光麗-KY,23.15,24.0,22.6,23.0,+,0.45,171447,3978471.0,17000,0,0,48000,0,0,31000,0,0
20260410,6585,鼎基,95.0,96.1,92.5,92.8,-,1.3,109726,10354453.0,17000,0,0,36000,0,0,19000,0,0
20260410,9905,大華,21.2,21.3,21.1,21.1,-,0.05,56927,1207241.0,17000,0,0,29000,0,0,12000,0,0
20260410,2534,宏盛,19.95,19.95,19.75,19.8,-,0.15,307379,6098974.0,16542,0,-35,128000,0,0,111458,0,35
20260410,6409,旭隼,721.0,723.0,698.0,714.0,-,6.0,1085485,772329286.0,16588,130,-286,749057,1130,3265,732469,1000,3551
20260410,6671,三能-KY,30.3,31.45,30.3,30.55,+,0.4,43324,1335437.0,4000,0,12124,21000,0,18124,17000,0,6000
20260410,6965,中傑-KY,88.0,88.0,86.9,87.7,+,1.0,31763,2777515.0,16000,0,0,20000,0,0,4000,0,0
20260410,8411,福貞-KY,12.3,12.35,12.2,12.35,,0.0,52914,649861.0,16000,0,0,17000,0,0,1000,0,0
20260410,2471,資通,52.3,52.6,52.2,52.2,,0.0,170450,8925904.0,13000,0,3000,49000,0,3000,36000,0,0
20260410,2701,萬企,10.75,10.85,10.7,10.8,+,0.1,78389,843511.0,16000,0,0,26000,0,0,10000,0,0
20260410,2314,台揚,11.3,13.65,11.3,13.65,+,1.2,2263900,28219998.0,16000,0,0,16000,0,0,0,0,0
20260410,2109,華豐,14.7,14.75,14.65,14.7,,0.0,63454,932609.0,16000,0,0,18000,0,0,2000,0,0
20260410,2231,為升,116.0,122.0,115.0,122.0,+,7.0,681280,80885534.0,-14372,0,30000,34628,0,30000,49000,0,0
20260410,00702,國泰標普低波高息,23.84,23.87,23.84,23.87,+,0.03,18202,433932.0,0,0,15012,0,0,16012,0,0,1000
20260410,1438,三地開發,28.4,29.9,28.4,28.7,+,0.3,39002,1129257.0,15002,0,0,17002,0,0,2000,0,0
20260410,1232,大統益,150.5,150.5,149.5,150.0,-,0.5,104928,15713736.0,15000,0,0,17000,0,0,2000,0,0
20260410,2239,英利-KY,23.25,23.25,22.65,22.9,-,0.15,53171,1220829.0,16000,0,-1000,30000,0,0,14000,0,1000
20260410,2227,裕日車,50.5,50.8,50.3,50.8,,0.0,27029,1368639.0,16000,0,-1000,18000,0,0,2000,0,1000
20260410,2608,嘉里大榮,30.85,31.1,30.85,30.9,+,0.05,172445,5341496.0,-13000,0,28000,63000,0,28000,76000,0,0
20260410,4555,氣立,35.8,36.45,35.75,36.0,+,0.2,97204,3503454.0,15000,0,0,30000,0,0,15000,0,0
20260410,1455,集盛,8.45,8.48,8.35,8.41,-,0.04,475003,3988224.0,13750,0,801,132000,0,2000,118250,0,1199
20260410,1451,年興,18.3,18.45,18.2,18.35,+,0.05,180347,3298905.0,14000,0,0,17000,0,0,3000,0,0
20260410,1423,利華,40.05,40.45,40.05,40.15,+,0.2,34324,1379474.0,10000,0,4000,15000,0,4000,5000,0,0
20260410,2107,厚生,25.55,25.65,25.45,25.6,,0.0,197143,5037381.0,12000,0,2000,26000,0,2000,14000,0,0
20260410,2008,高興昌,28.2,28.2,27.4,27.95,-,0.15,22213,615148.0,14000,0,0,15000,0,0,1000,0,0
20260410,6606,建德工業,24.3,24.5,24.0,24.2,,0.0,69267,1680127.0,6000,0,8000,12000,0,8000,6000,0,0
20260410,5306,桂盟,84.0,84.4,83.6,83.9,+,0.3,141641,11885197.0,14000,0,0,30000,0,0,16000,0,0
20260410,5007,三星,56.5,56.8,56.5,56.8,+,0.3,28539,1618751.0,14000,0,0,18000,0,0,4000,0,0
20260410,2483,百容,21.3,21.7,21.25,21.45,+,0.25,182998,3930197.0,11000,0,3000,44000,0,3000,33000,0,0
20260410,3308,聯德,21.45,21.5,21.0,21.0,-,0.15,101925,2155668.0,15993,0,-2000,36000,0,1000,20007,0,3000
20260410,2905,三商,14.85,14.85,14.6,14.65,,0.0,402249,5907105.0,13970,0,0,157020,0,0,143050,0,0
20260410,2852,第一保,26.05,26.15,26.0,26.05,+,0.1,189637,4945154.0,25000,-1127,-10000,50000,0,0,25000,1127,10000
20260410,1454,台富,12.95,12.95,12.45,12.55,-,0.3,106195,1346052.0,12040,0,1000,17040,0,5000,5000,0,4000
20260410,1475,業旺,29.55,30.45,29.25,30.15,+,0.95,84877,2541361.0,10000,0,3000,18000,0,3000,8000,0,0
20260410,1737,臺鹽,31.95,32.0,31.9,32.0,+,0.05,49674,1587472.0,13000,0,0,18000,0,0,5000,0,0
20260410,2430,燦坤,21.75,21.85,21.75,21.85,,0.0,122176,2662992.0,13000,0,0,14000,0,0,1000,0,0
20260410,3046,建碁,48.45,48.8,48.2,48.2,,0.0,95419,4615979.0,13000,0,0,22000,0,0,9000,0,0
20260410,6184,大豐電,47.55,47.8,47.55,47.6,+,0.05,45160,2153058.0,13000,0,0,14000,0,0,1000,0,0
20260410,5531,鄉林,8.8,8.84,8.69,8.84,,0.0,650285,5709227.0,13000,0,0,106000,0,13000,93000,0,13000
20260410,6951,青新-創,78.8,79.6,78.7,79.6,+,1.1,67149,5314257.0,20000,0,-7000,24000,0,0,4000,0,7000
20260410,1617,榮星,14.85,14.9,14.7,14.7,-,0.1,53133,785048.0,12000,0,136,13000,0,3000,1000,0,2864
20260410,1731,美吾華,21.85,21.9,21.8,21.8,,0.0,70545,1543137.0,12000,0,0,14000,0,0,2000,0,0
20260410,6558,興能高,27.25,27.55,27.0,27.0,-,0.25,348928,9457693.0,12000,0,0,101000,0,0,89000,0,0
20260410,2910,統領,21.6,21.65,21.05,21.55,+,0.15,18502,397591.0,12000,0,0,13000,0,0,1000,0,0
20260410,1307,三芳,31.3,31.9,31.3,31.8,+,0.4,612825,19377889.0,9000,0,2884,190000,0,5134,181000,0,2250
20260410,8081,致新,231.0,233.5,230.0,231.0,+,1.0,228533,52895644.0,16826,-4388,-593,91000,0,1000,74174,4388,1593
20260410,4106,雃博,22.15,22.4,22.15,22.4,+,0.1,72283,1608703.0,12000,0,-503,13000,0,0,1000,0,503
20260410,6799,來頡,75.6,76.1,75.2,75.3,+,0.2,115978,8765249.0,12000,0,-866,36000,0,139,24000,0,1005
20260410,1525,江申,62.7,62.8,61.1,61.6,-,0.8,49187,3049961.0,12000,0,-972,15000,0,4035,3000,0,5007
20260410,1465,偉全,12.3,12.5,12.25,12.3,+,0.05,73076,902239.0,10020,0,1000,21020,0,1000,11000,0,0
20260410,1909,榮成,9.88,9.98,9.69,9.8,+,0.06,3243958,31813637.0,38000,0,-27000,977000,0,0,939000,0,27000
20260410,6921,嘉雨思-創,73.6,74.2,71.8,72.2,-,1.1,59559,4337369.0,9000,0,2000,20000,0,9000,11000,0,7000
20260410,2505,國揚,19.5,19.5,19.3,19.3,-,0.15,143246,2773579.0,11000,0,0,40000,0,0,29000,0,0
20260410,2497,怡利電,50.7,51.4,49.45,50.5,-,0.2,527992,26489686.0,9000,-2000,3811,120000,0,4000,111000,2000,189
20260410,6230,尼得科超眾,145.0,147.5,143.5,144.5,,0.0,105262,15278315.0,11000,-404,134,45000,0,134,34000,404,0
20260410,6201,亞弘電,50.5,50.9,50.1,50.8,+,0.6,25319,1279807.0,10000,0,0,11000,0,1000,1000,0,1000
20260410,6952,大武山,38.7,39.5,38.2,39.0,+,0.65,20013,781042.0,7000,0,3000,8000,0,3000,1000,0,0
20260410,6969,成信實業*-創,28.75,28.9,28.5,28.8,-,0.2,96164,2747210.0,8000,0,2000,13000,0,5000,5000,0,3000
20260410,2433,互盛電,45.85,45.85,45.45,45.75,+,0.15,16726,763231.0,10000,0,0,12000,0,0,2000,0,0
20260410,2904,匯僑,16.8,16.8,16.6,16.7,-,0.05,53697,895504.0,10000,0,0,12000,0,0,2000,0,0
20260410,2753,八方雲集,180.0,181.5,180.0,180.5,+,1.0,101341,18317757.0,9000,0,1000,29000,0,1000,20000,0,0
20260410,1445,大宇,12.5,12.8,12.5,12.55,+,0.15,92870,1166491.0,6000,0,4000,12000,0,4000,6000,0,0
20260410,1203,味王,40.8,40.9,40.15,40.45,+,0.55,17748,717507.0,10000,0,0,13000,0,0,3000,0,0
20260410,1235,興泰,43.4,44.8,43.4,44.1,+,1.1,38091,1676538.0,10000,0,0,21000,0,0,11000,0,0
20260410,1467,南緯,7.05,7.08,7.01,7.02,-,0.03,110087,774058.0,9100,0,0,33100,0,0,24000,0,0
20260410,1439,雋揚,27.9,27.9,27.2,27.85,+,0.05,40203,1113831.0,9000,0,0,13000,0,0,4000,0,0
20260410,9926,新海,49.65,50.0,49.65,49.85,+,0.15,13924,694094.0,9000,0,0,11000,0,0,2000,0,0
20260410,8367,建新國際,43.3,43.55,43.3,43.45,+,0.15,27310,1186974.0,9000,0,0,10000,0,0,1000,0,0
20260410,6192,巨路,120.0,121.0,119.0,120.0,+,0.5,212997,25607343.0,14000,0,-5000,79000,0,0,65000,0,5000
20260410,6625,必應,77.0,79.6,77.0,79.3,+,2.5,291169,22918958.0,40000,0,-31261,79000,0,0,39000,0,31261
20260410,4999,鑫禾,21.1,21.5,21.1,21.25,+,0.05,71205,1512782.0,9000,0,-474,17000,0,0,8000,0,474
20260410,4935,茂林-KY,36.3,36.7,36.05,36.05,-,0.3,32768,1185850.0,8000,0,0,11000,0,0,3000,0,0
20260410,6581,鋼聯,106.5,107.0,106.0,106.5,+,1.0,13316,1421210.0,8000,0,0,10000,0,0,2000,0,0
20260410,9930,中聯資源,70.7,71.2,70.6,71.0,+,0.3,62603,4437001.0,6000,0,2000,17000,0,4000,11000,0,2000
20260410,9912,偉聯,12.55,12.95,12.45,12.65,+,0.1,102827,1301943.0,8000,0,0,9000,0,2000,1000,0,2000
20260410,9944,新麗,16.45,16.5,16.4,16.4,,0.0,39839,655034.0,8000,0,0,9000,0,0,1000,0,0
20260410,1410,南染,31.3,31.9,31.25,31.45,-,0.1,68727,2164954.0,8000,0,0,12000,0,0,4000,0,0
20260410,2114,鑫永銓,89.0,89.0,87.8,88.6,-,0.4,25789,2280192.0,8000,0,0,10000,0,0,2000,0,0
20260410,1805,寶徠,10.8,10.85,10.7,10.8,,0.0,73148,789047.0,8000,0,0,17000,0,0,9000,0,0
20260410,2722,夏都,23.15,23.3,23.0,23.2,+,0.1,24604,570380.0,7478,0,0,9478,0,0,2000,0,0
20260410,6108,競國,16.5,16.8,16.3,16.45,,0.0,243467,4018426.0,7000,0,229,57000,0,1000,50000,0,771
20260410,4949,有成精密,81.3,84.7,78.5,84.7,+,7.7,6908806,572869540.0,-51620,0,58783,1053380,0,95783,1105000,0,37000
20260410,6136,富爾特,24.25,24.6,24.2,24.4,+,0.2,277917,6796594.0,7000,0,0,32000,0,0,25000,0,0
20260410,6464,台數科,77.1,77.5,76.4,76.6,-,0.5,17029,1307718.0,7000,0,0,10000,0,3000,3000,0,3000
20260410,1521,大億,25.1,25.3,24.6,24.85,-,0.2,49127,1221780.0,7000,0,0,9000,0,0,2000,0,0
20260410,1533,車王電,30.8,30.8,30.35,30.5,-,0.3,74646,2278069.0,5000,0,2000,10000,0,2000,5000,0,0
20260410,1583,程泰,44.1,44.5,44.1,44.5,+,0.15,25490,1129587.0,7000,0,0,9000,0,0,2000,0,0
20260410,2024,志聯,14.6,14.6,14.5,14.6,,0.0,12028,175001.0,7000,0,0,7000,0,0,0,0,0
20260410,1443,立益物流,23.05,23.1,22.6,22.9,-,0.7,43620,995107.0,7000,0,0,15000,0,0,8000,0,0
20260410,1315,達新,64.8,65.2,64.5,64.9,+,0.1,16753,1086606.0,7000,0,0,8000,0,0,1000,0,0
20260410,00709,富邦歐洲,38.14,38.35,38.14,38.33,+,0.36,28492,1089175.0,-1164,0,8003,0,0,9003,1164,0,1000
20260410,9927,泰銘,68.8,68.9,68.6,68.8,+,0.4,83350,5730785.0,6814,0,0,20000,0,0,13186,0,0
20260410,6605,帝寶,136.0,137.5,135.5,136.5,+,1.0,174077,23776674.0,7000,0,-307,59000,0,808,52000,0,1115
20260410,7732,金興精密,36.0,36.0,34.7,35.0,+,0.55,14005,493225.0,6000,0,0,7000,0,0,1000,0,0
20260410,7823,奧義賽博-KY創,80.6,81.5,80.6,81.0,+,0.5,19146,1551935.0,8000,0,-2000,9000,0,0,1000,0,2000
20260410,6504,南六,43.1,43.1,41.5,41.55,-,1.45,87353,3676030.0,6000,0,0,28000,0,0,22000,0,0
20260410,2712,遠雄來,15.0,15.0,14.9,15.0,,0.0,19115,286006.0,6000,0,0,8000,0,0,2000,0,0
20260410,4439,冠星-KY,95.6,100.5,95.6,97.9,+,2.1,148777,14598336.0,6000,0,0,51000,0,0,45000,0,0
20260410,3679,新至陞,120.0,120.5,119.0,120.0,,0.0,30553,3662434.0,6000,0,0,11000,0,0,5000,0,0
20260410,3432,台端,15.65,16.4,15.65,16.1,-,0.15,30728,495035.0,6000,0,0,6000,0,0,0,0,0
20260410,2254,巨鎧精密-創,68.4,68.8,68.4,68.8,+,0.8,20003,1370606.0,9000,0,-3000,9000,0,2000,0,0,5000
20260410,1539,巨庭,16.4,16.55,16.3,16.35,-,0.05,59151,969030.0,6000,0,0,12000,0,0,6000,0,0
20260410,1468,昶和,12.0,12.4,12.0,12.4,+,0.1,47001,573112.0,7000,0,-1000,8000,0,1000,1000,0,2000
20260410,4133,亞諾法,22.45,22.45,22.2,22.35,+,0.05,46211,1031700.0,5945,0,0,8000,0,0,2055,0,0
20260410,00908,富邦入息REITs+,13.93,13.93,13.86,13.91,-,0.02,36807,511810.0,0,0,5942,0,0,14000,0,0,8058
20260410,2723,美食-KY,68.3,69.5,66.3,67.3,-,1.0,710396,47926914.0,3000,0,2643,201000,0,6000,198000,0,3357
20260410,3416,融程電,151.5,152.5,148.5,149.0,-,1.0,166840,25132595.0,4000,0,1583,49000,0,3340,45000,0,1757
20260410,1524,耿鼎,29.9,30.15,29.7,29.75,-,0.1,588769,17547355.0,7000,0,-1528,95000,0,0,88000,0,1528
20260410,8467,波力-KY,150.0,150.0,148.0,148.5,-,0.5,20477,3057101.0,5023,0,0,8023,0,0,3000,0,0
20260410,1220,台榮,12.5,12.6,12.4,12.5,,0.0,69142,864500.0,5020,0,0,17020,0,0,12000,0,0
20260410,1234,黑松,35.85,36.05,35.75,35.75,-,0.1,107977,3874794.0,5000,0,0,42000,0,0,37000,0,0
20260410,1623,大東電,184.5,185.5,181.5,181.5,,0.0,82409,15060968.0,5000,0,0,23000,0,0,18000,0,0
20260410,1730,花仙子,53.0,53.1,53.0,53.0,,0.0,31434,1666579.0,5000,0,0,6000,0,0,1000,0,0
20260410,1752,南光,35.75,35.9,35.7,35.75,+,0.05,51809,1854982.0,5000,0,0,10000,0,0,5000,0,0
20260410,1817,凱撒衛,39.1,39.1,39.0,39.0,,0.0,11248,439361.0,5000,0,0,6000,0,0,1000,0,0
20260410,2248,華勝-KY,49.1,49.1,48.4,48.5,-,0.6,28360,1376693.0,5000,0,0,6000,0,0,1000,0,0
20260410,2115,六暉-KY,21.45,21.65,21.45,21.45,-,0.05,32064,689754.0,5000,0,0,9000,0,0,4000,0,0
20260410,6645,金萬林-創,13.5,13.6,13.2,13.5,+,0.15,21809,292826.0,6000,0,-1000,6000,0,3000,0,0,4000
20260410,3494,誠研,7.89,7.92,7.8,7.83,-,0.03,70351,550155.0,5000,0,0,6000,0,0,1000,0,0
20260410,2762,世界健身-KY,73.0,73.4,72.6,73.0,+,0.2,20219,1476701.0,5000,0,0,9000,0,0,4000,0,0
20260410,2545,皇翔,36.0,36.3,35.95,36.05,+,0.15,120741,4360434.0,5000,0,0,48000,0,0,43000,0,0
20260410,3557,嘉威,30.55,31.0,30.2,30.2,-,0.2,54508,1658537.0,4950,0,0,7000,0,1000,2050,0,1000
20260410,7705,三商餐飲,34.65,34.85,34.5,34.75,-,0.05,27775,963516.0,4731,0,0,7000,0,0,2269,0,0
20260410,6924,榮惠-KY創,80.0,80.5,79.7,80.3,+,0.3,19127,1534097.0,4000,0,0,4000,0,0,0,0,0
20260410,6916,華凌,17.95,18.15,17.5,17.6,+,0.55,37101,657112.0,3000,0,1000,7000,0,1000,4000,0,0
20260410,7736,虎山,82.3,82.5,80.1,80.3,-,2.0,31054,2514063.0,4000,0,0,10000,0,0,6000,0,0
20260410,7791,皇家可口,66.6,66.6,66.2,66.3,-,0.1,17282,1146794.0,4000,0,0,6000,0,0,2000,0,0
20260410,6582,申豐,32.55,32.95,32.55,32.7,+,0.15,55088,1806612.0,4000,0,0,14000,0,0,10000,0,0
20260410,6666,羅麗芬-KY,42.1,42.1,41.05,41.7,+,0.2,9064,375284.0,4000,0,0,4000,0,0,0,0,0
20260410,6807,峰源-KY,41.15,42.0,40.05,41.7,-,0.45,46462,1916336.0,4000,0,0,6000,0,0,2000,0,0
20260410,8443,阿瘦,11.85,12.15,11.85,11.85,-,0.2,52890,633734.0,2000,0,2000,24000,0,2000,22000,0,0
20260410,3652,精聯,27.0,27.35,27.0,27.15,+,0.1,34030,923078.0,4000,0,0,6000,0,0,2000,0,0
20260410,4572,駐龍,142.5,142.5,141.5,142.5,,0.0,11490,1628697.0,4000,0,0,5000,0,0,1000,0,0
20260410,2945,三商家購,41.6,41.6,40.95,41.45,-,0.05,13114,542284.0,4000,0,0,5000,0,0,1000,0,0
20260410,1725,元禎,30.3,31.6,30.25,31.3,+,1.05,279281,8656696.0,6000,0,-2000,92000,0,0,86000,0,2000
20260410,1541,錩泰,26.75,26.95,25.8,26.0,-,0.55,34204,899751.0,3000,0,1000,8000,0,3000,5000,0,2000
20260410,1413,宏洲,9.9,9.9,9.87,9.87,-,0.06,8892,87682.0,4000,0,0,4000,0,0,0,0,0
20260410,1341,富林-KY,59.7,59.8,59.2,59.8,+,0.1,11052,659079.0,4000,0,0,4000,0,0,0,0,0
20260410,3501,維熹,47.7,47.95,47.2,47.2,-,0.1,136984,6500724.0,4000,0,-210,36000,0,1000,32000,0,1210
20260410,9924,福興,45.25,45.9,45.25,45.3,+,0.05,86681,3943294.0,6000,-442,-2000,46000,0,4000,40000,442,6000
20260410,6655,科定,130.0,130.5,128.5,130.0,+,1.0,16600,2156900.0,4000,0,-1000,6000,0,0,2000,0,1000
20260410,6674,鋐寶科技,18.3,18.85,18.3,18.7,+,0.25,11000,204900.0,3000,0,0,4000,0,0,1000,0,0
20260410,3257,虹冠電,52.7,53.1,52.4,52.5,+,0.1,186890,9841435.0,5000,-1000,-1000,67000,0,0,62000,1000,1000
20260410,4190,佐登-KY,26.95,27.0,26.8,26.9,+,0.05,15951,428991.0,3000,0,0,5000,0,0,2000,0,0
20260410,4581,光隆精密-KY,50.0,50.0,49.7,49.9,-,0.1,6044,301400.0,3000,0,0,3000,0,0,0,0,0
20260410,4440,宜新實業,17.35,17.7,17.25,17.35,+,0.1,77560,1356580.0,-6000,0,9000,19000,0,11000,25000,0,2000
20260410,1233,天仁,29.6,29.6,29.3,29.45,+,0.15,12262,360845.0,3000,0,0,6000,0,0,3000,0,0
20260410,1108,幸福,14.85,14.85,14.7,14.85,+,0.05,567774,8393365.0,3000,0,0,58000,0,0,55000,0,0
20260410,1417,嘉裕,9.05,9.18,8.96,9.0,-,0.05,136208,1230999.0,3000,0,0,18000,0,0,15000,0,0
20260410,1441,大東,9.71,9.9,9.71,9.79,-,0.15,19461,191331.0,3000,0,0,3000,0,0,0,0,0
20260410,1452,宏益,12.05,12.05,11.85,11.9,-,0.15,71913,856586.0,3000,0,0,17000,0,0,14000,0,0
20260410,1453,大將,12.1,12.45,12.1,12.1,,0.0,69039,846373.0,4000,0,-1000,27000,0,2000,23000,0,3000
20260410,3164,景岳,18.0,18.0,17.8,17.8,-,0.05,33792,602944.0,2870,0,0,5000,0,0,2130,0,0
20260410,3168,眾福科,42.5,42.5,41.8,42.5,+,0.1,32589,1373690.0,2000,0,0,11000,0,0,9000,0,0
20260410,2434,統懋,29.5,29.6,29.25,29.3,+,0.1,19569,575277.0,2000,0,0,2000,0,0,0,0,0
20260410,4930,燦星網,19.4,19.45,19.15,19.25,-,0.05,49075,945506.0,2000,0,0,7000,0,0,5000,0,0
20260410,6614,資拓宏宇,40.75,40.85,40.45,40.65,+,0.1,55339,2244422.0,14000,0,-12000,17000,0,0,3000,0,12000
20260410,6771,平和環保-創,44.2,44.9,44.2,44.6,+,0.1,31095,1388567.0,2000,0,0,7000,0,5000,5000,0,5000
20260410,2250,IKKA-KY,62.3,62.5,61.5,61.6,-,0.6,37818,2338791.0,2000,0,0,9000,0,0,7000,0,0
20260410,1470,大統新創,22.2,22.2,22.2,22.2,+,0.1,2001,44421.0,2000,0,0,2000,0,0,0,0,0
20260410,6183,關貿,93.2,93.5,92.4,93.2,+,0.1,36095,3356090.0,5002,0,-3319,16002,0,6000,11000,0,9319
20260410,6949,沛爾生醫-創,634.0,671.0,633.0,647.0,+,24.0,340566,222265830.0,1378,0,-142,111000,0,5274,109622,0,5416
20260410,6988,威力暘-創,14.95,15.0,14.8,14.8,-,0.2,22000,328700.0,1000,0,0,4000,0,0,3000,0,0
20260410,6887,寶綠特-KY,43.0,43.3,42.6,42.6,-,0.85,16161,693799.0,1000,0,0,5000,0,0,4000,0,0
20260410,8442,威宏-KY,51.3,51.5,50.5,50.7,,0.0,24242,1232682.0,-1000,0,2000,4000,0,2000,5000,0,0
20260410,8481,政伸,42.2,42.2,41.85,41.9,+,0.05,10000,420600.0,1000,0,0,3000,0,0,2000,0,0
20260410,00660,元大歐洲50,43.31,43.32,43.1,43.32,+,0.64,14248,615199.0,0,0,1000,0,0,1000,0,0,0
20260410,00771,元大US高息特別股,16.0,16.09,16.0,16.09,,0.0,9570,153428.0,0,0,1000,0,0,1000,0,0,0
20260410,1236,宏亞,25.2,25.8,25.2,25.55,+,0.15,29325,747500.0,1000,0,0,7000,0,0,6000,0,0
20260410,1506,正道,11.05,11.2,11.05,11.05,-,0.1,55287,614140.0,6000,0,-5000,8000,0,0,2000,0,5000
20260410,1776,展宇,15.95,16.1,15.75,15.85,,0.0,37021,590433.0,2000,0,-1000,4000,0,0,2000,0,1000
20260410,1538,正峰,12.75,12.75,12.65,12.65,-,0.1,24622,313672.0,1000,0,-1,1000,0,0,0,0,1
20260410,00851,台新全球AI,56.65,56.95,56.65,56.95,+,0.3,10245,581663.0,0,0,684,0,0,684,0,0,0
20260410,3015,全漢,51.9,52.0,50.8,50.8,-,0.4,172251,8811894.0,18000,-17673,0,65000,0,0,47000,17673,0
20260410,3605,宏致,65.0,66.6,64.9,66.0,+,1.5,3228805,212450554.0,-31000,0,31247,771000,0,35980,802000,0,4733
20260410,1419,新紡,63.3,64.4,62.1,62.6,-,0.1,118002,7449625.0,-1000,0,1010,59000,0,1010,60000,0,0
20260410,1418,東華,18.8,18.8,18.7,18.75,-,0.1,8165,152922.0,-3000,0,3000,1000,0,3000,4000,0,0
20260410,1516,川飛,20.1,21.5,20.1,20.5,+,0.2,13799,289176.0,-1000,0,1000,2000,0,1000,3000,0,0
20260410,1473,台南,24.0,24.3,23.8,23.8,-,0.2,48762,1171317.0,0,0,0,29000,0,0,29000,0,0
20260410,4942,嘉彰,38.15,38.3,37.95,37.95,-,0.1,61370,2336346.0,1000,-1000,0,24000,0,0,23000,1000,0
20260410,5546,永固-KY,16.7,16.9,16.7,16.85,+,0.15,6990,117751.0,0,0,0,2000,0,0,2000,0,0
20260410,6906,現觀科,69.6,69.6,68.1,68.2,+,0.2,10440,715424.0,-1000,0,1000,1000,0,1000,2000,0,0
20260410,6914,阜爾運通,154.5,155.0,153.0,154.0,,0.0,62740,9673756.0,1000,0,-1000,13000,0,0,12000,0,1000
20260410,1530,亞崴,26.7,26.85,26.5,26.7,+,0.1,24357,649554.0,928,0,-1000,7008,0,0,6080,0,1000
20260410,3018,隆銘綠能,11.25,11.25,11.2,11.2,-,0.05,10354,116558.0,-225,0,0,0,0,0,225,0,0
20260410,7722,LINEPAY,309.0,311.0,306.5,307.0,,0.0,69909,21542680.0,920,0,-1193,26920,0,305,26000,0,1498
20260410,6908,宏碁遊戲-創,38.2,38.2,37.9,38.15,+,0.1,33789,1287008.0,0,0,-1000,0,0,0,0,0,1000
20260410,6792,詠業,55.6,57.0,55.5,55.8,+,0.2,51379,2886772.0,-1000,0,0,22000,0,0,23000,0,0
20260410,8482,商億-KY,50.0,50.0,50.0,50.0,+,0.9,3000,150000.0,-1000,0,0,2000,0,0,3000,0,0
20260410,8488,吉源-KY,9.84,9.92,9.83,9.83,+,0.09,21000,206660.0,-1000,0,0,5000,0,0,6000,0,0
20260410,2939,永邑-KY,25.75,25.75,24.9,25.0,-,0.9,26058,658897.0,-1000,0,0,4000,0,0,5000,0,0
20260410,2642,宅配通,23.25,23.4,23.15,23.25,,0.0,49102,1139913.0,-1000,0,0,9000,0,0,10000,0,0
20260410,2496,卓越,67.1,67.1,66.6,66.6,,0.0,15820,1054897.0,-1000,0,0,1000,0,0,2000,0,0
20260410,1626,艾美特-KY,10.75,10.75,10.0,10.0,,0.0,66076,677273.0,-2000,0,1000,25000,0,1000,27000,0,0
20260410,1903,士紙,49.8,50.7,49.8,50.3,+,0.3,79041,3978657.0,0,0,-1000,31000,0,0,31000,0,1000
20260410,2380,虹光,5.21,5.21,5.03,5.16,-,0.05,278968,1429598.0,-1001,0,0,0,0,0,1001,0,0
20260410,2901,欣欣,23.9,23.9,23.45,23.85,+,0.15,27886,663242.0,-2000,0,0,5000,0,0,7000,0,0
20260410,0057,富邦摩台,239.05,240.55,239.05,240.45,+,5.4,6068,1451317.0,0,0,-2000,0,0,1000,0,0,3000
20260410,2432,倚天酷碁-創,27.65,28.3,27.6,28.0,+,0.55,61000,1708750.0,4000,0,-6000,10000,0,0,6000,0,6000
20260410,8462,柏文,139.5,140.5,138.5,139.0,,0.0,90994,12652090.0,-2000,0,0,19000,0,0,21000,0,0
20260410,7631,聚賢研發-創,110.0,115.0,109.5,111.0,+,1.0,118121,13196431.0,-4000,0,2000,1000,0,13000,5000,0,11000
20260410,1472,三洋實業,96.4,96.4,95.0,95.0,-,1.4,14080,1343245.0,-2000,0,0,2000,0,0,4000,0,0
20260410,1437,勤益控,30.4,30.7,30.3,30.6,+,0.1,65042,1986842.0,-2000,0,0,14000,0,0,16000,0,0
20260410,1806,冠軍,8.35,8.35,8.27,8.31,+,0.02,259950,2159432.0,-2047,0,0,61025,0,0,63072,0,0
20260410,6923,中台,76.0,76.4,74.8,75.6,+,0.4,148629,11200742.0,-3000,0,551,45000,0,767,48000,0,216
20260410,6641,基士德-KY,18.35,18.9,18.1,18.25,-,0.05,22729,415409.0,-3000,0,468,3000,0,1000,6000,0,532
20260410,8028,昇陽半導體,207.5,207.5,195.5,199.0,-,6.5,16976131,3393135196.0,277909,-3000,-277779,4451459,0,186636,4173550,3000,464415
20260410,6902,GOGOLOOK,78.2,78.2,76.8,77.1,-,1.1,57303,4439136.0,-3000,0,0,1000,0,0,4000,0,0
20260410,5215,科嘉-KY,36.5,37.0,36.5,37.0,+,0.2,44405,1632199.0,-3000,0,0,19000,0,0,22000,0,0
20260410,2546,根基,85.5,86.5,83.0,86.0,+,0.6,234648,20109961.0,-3000,0,-180,78000,0,0,81000,0,180
20260410,1726,永記,75.3,75.5,75.2,75.5,+,0.2,36578,2752870.0,-3478,0,0,10000,0,0,13478,0,0
20260410,2228,劍麟,91.4,92.8,90.2,90.2,-,1.0,170704,15591664.0,-3000,0,-577,44000,0,7,47000,0,584
20260410,1416,廣豐,11.55,11.6,11.5,11.55,-,0.05,137086,1585053.0,-4000,0,0,16000,0,0,20000,0,0
20260410,2425,承啟,26.75,27.2,26.15,26.8,+,0.1,292867,7847638.0,-4000,0,0,76000,0,0,80000,0,0
20260410,4148,全宇生技-KY,41.7,41.75,40.5,40.8,-,0.9,79400,3248243.0,-2000,0,-2000,15000,0,1000,17000,0,3000
20260410,4807,日成-KY,14.3,14.3,14.25,14.25,-,0.05,39201,561407.0,1000,0,-5000,3000,0,0,2000,0,5000
20260410,6955,邦睿生技-創,162.0,170.0,162.0,168.0,+,4.0,23000,3829500.0,0,0,-4000,0,0,9000,0,0,13000
20260410,4994,傳奇,99.4,99.5,98.0,99.4,-,0.2,16982,1678347.0,-4000,-621,0,5000,0,0,9000,621,0
20260410,9925,新保,40.8,40.85,40.7,40.75,+,0.05,111741,4554283.0,-4642,0,0,45000,0,0,49642,0,0
20260410,2482,連宇,16.95,17.15,16.85,16.85,-,0.1,103238,1756958.0,-4000,0,-835,23000,0,1000,27000,0,1835
20260410,00736,國泰新興市場,29.0,29.09,28.98,29.09,+,0.19,113104,3289904.0,0,0,-5000,0,0,103000,0,0,108000
20260410,2816,旺旺保,30.9,31.3,30.9,31.3,+,0.4,202211,6297908.0,-5000,0,0,62000,0,0,67000,0,0
20260410,3504,揚明光,51.8,53.0,51.8,52.2,+,0.4,179500,9406937.0,-4000,0,-1000,52000,0,0,56000,0,1000
20260410,6177,達麗,47.0,47.95,47.0,47.25,+,0.25,446320,21196110.0,-16194,-7000,18040,174000,0,23040,190194,7000,5000
20260410,8466,美吉吉-KY,18.15,18.15,17.95,18.0,-,0.05,32831,592000.0,-5316,0,0,5000,0,0,10316,0,0
20260410,1762,中化生,27.6,28.2,27.6,27.6,,0.0,47080,1307641.0,-4990,0,-956,9010,0,1000,14000,0,1956
20260410,1471,首利,12.1,12.2,11.9,12.0,-,0.1,403558,4835246.0,-8000,0,2000,44000,0,2000,52000,0,0
20260410,6918,愛派司,75.5,76.8,74.5,74.9,-,0.6,46273,3477230.0,-6000,0,0,6000,0,0,12000,0,0
20260410,2438,翔耀,20.95,20.95,20.55,20.75,-,0.05,120967,2508550.0,-6000,0,0,16000,0,0,22000,0,0
20260410,3705,永信,55.4,56.2,55.4,55.7,+,0.4,354476,19780860.0,6108,0,-12489,104108,0,20619,98000,0,33108
20260410,3419,譁裕,15.55,15.7,15.25,15.45,-,0.05,311854,4818434.0,-8000,0,1000,47000,0,1000,55000,0,0
20260410,4414,如興,11.65,11.75,11.4,11.4,-,0.1,261060,3010609.0,-7000,0,0,69000,0,0,76000,0,0
20260410,2538,基泰,10.0,10.1,10.0,10.0,-,0.1,449619,4502298.0,-7000,0,0,57000,0,0,64000,0,0
20260410,1323,永裕,21.95,21.95,21.45,21.75,-,0.15,160775,3482191.0,-4000,0,-3000,19000,0,4000,23000,0,7000
20260410,1466,聚隆,16.75,17.0,16.45,16.85,-,0.15,224058,3730881.0,-7000,0,0,53000,0,3000,60000,0,3000
20260410,1760,寶齡富錦,63.9,64.9,63.9,64.0,-,0.2,146420,9408753.0,-13000,0,6000,37000,0,6000,50000,0,0
20260410,00737,國泰AI機器人,33.36,33.36,33.02,33.06,-,0.32,140384,4645585.0,-11000,0,3518,0,0,38000,11000,0,34482
20260410,2429,銘旺科,39.15,39.5,37.9,37.9,-,0.25,265109,10155147.0,-7526,0,0,76000,0,0,83526,0,0
20260410,4755,三福化,142.0,142.5,137.0,138.0,-,2.0,467406,64585057.0,-9000,0,1000,129000,0,1000,138000,0,0
20260410,3043,科風,19.6,19.6,19.2,19.3,-,0.4,118752,2302700.0,-8999,0,0,9001,0,0,18000,0,0
20260410,1456,怡華,14.0,14.65,14.0,14.55,+,0.55,138304,1980841.0,14000,0,-23000,35000,0,3000,21000,0,26000
20260410,2423,固緯,47.7,48.0,47.3,47.3,-,0.3,57192,2719033.0,-9000,0,0,27000,0,0,36000,0,0
20260410,1218,泰山,19.35,19.45,19.35,19.35,,0.0,615123,11926660.0,-9300,0,0,97000,0,0,106300,0,0
20260410,2348,海悅,77.1,77.4,76.2,76.8,-,0.1,278946,21426847.0,-10000,0,226,61000,0,3000,71000,0,2774
20260410,1434,福懋,16.5,16.6,16.3,16.4,,0.0,1224039,20092734.0,-31000,21000,122,453000,21000,1000,484000,0,878
20260410,2032,新鋼,17.05,17.3,16.75,16.95,-,0.15,526698,8913666.0,-10000,0,0,88000,0,0,98000,0,0
20260410,6794,向榮生技,81.2,81.2,79.9,80.7,-,0.3,29100,2334974.0,-10000,0,0,3000,0,0,13000,0,0
20260410,3150,鈺寶-創,18.05,18.9,18.0,18.2,+,0.2,83146,1527976.0,-7000,0,-3004,9000,0,7000,16000,0,10004
20260410,6919,康霈*,115.5,115.5,110.0,112.0,-,1.5,9501484,1061644549.0,-71420,-1000,61911,2775305,0,87165,2846725,1000,25254
20260410,4583,台灣精銳,664.0,678.0,664.0,668.0,+,4.0,102749,68791525.0,3877,-14000,-525,30562,0,575,26685,14000,1100
20260410,1446,宏和,16.45,16.6,16.35,16.4,,0.0,118879,1949485.0,-8000,0,-3000,25000,0,0,33000,0,3000
20260410,1414,東和,17.25,17.25,16.5,16.7,-,0.25,223756,3735292.0,-13000,0,2000,25000,0,2000,38000,0,0
20260410,1590,亞德客-KY,1080.0,1120.0,1080.0,1115.0,+,40.0,1143757,1266154075.0,-4126,-15000,7526,840356,0,20925,844482,15000,13399
20260410,8104,錸寶,31.95,32.15,31.5,31.95,+,0.25,335076,10631913.0,-11989,0,0,93011,0,0,105000,0,0
20260410,7740,熙特爾-創,171.0,179.0,169.0,176.0,+,10.0,218836,38124724.0,-11000,0,-1000,55000,0,0,66000,0,1000
20260410,2613,中櫃,23.5,23.5,23.05,23.05,-,0.1,265516,6144517.0,-11000,0,-1000,67000,0,0,78000,0,1000
20260410,1110,東泥,15.4,15.55,15.2,15.2,-,0.2,126766,1948227.0,-13000,0,1000,55000,0,1000,68000,0,0
20260410,6189,豐藝,45.45,45.75,45.2,45.45,+,0.15,404066,18355838.0,-4002,-8000,0,131000,0,0,135002,8000,0
20260410,00652,富邦印度,33.8,34.0,33.77,33.95,+,0.16,245865,8327260.0,-5000,0,-7056,0,0,102000,5000,0,109056
20260410,00668,國泰美國道瓊,55.85,55.85,55.7,55.85,+,0.4,33855,1888632.0,-1000,0,-11205,0,0,8854,1000,0,20059
20260410,3311,閎暉,32.2,32.45,31.7,31.9,-,0.3,183630,5865901.0,-12000,0,-336,35000,0,1000,47000,0,1336
20260410,3130,一零四,221.0,221.0,220.0,221.0,,0.0,24730,5460586.0,-12772,0,0,2000,0,0,14772,0,0
20260410,3029,零壹,98.8,98.9,97.3,98.1,+,0.5,779194,76409044.0,15000,0,-27811,170000,0,1000,155000,0,28811
20260410,2832,台產,47.85,48.1,47.7,48.05,+,0.75,120310,5764025.0,-7000,0,-5889,47000,0,1111,54000,0,7000
20260410,2059,川湖,3375.0,3410.0,3265.0,3355.0,+,80.0,465081,1557153455.0,-12942,-14964,14999,219109,36,27328,232051,15000,12329
20260410,2406,國碩,33.2,34.35,32.25,32.5,+,0.9,11652626,384843567.0,-7000,0,-6077,3400000,0,3000,3407000,0,9077
20260410,8201,無敵,12.8,13.9,12.8,13.9,+,1.25,343777,4724200.0,-14000,0,0,2000,0,0,16000,0,0
20260410,9902,台火,14.45,14.55,14.25,14.25,-,0.1,113213,1627443.0,-29000,0,14971,28000,0,15000,57000,0,29
20260410,5288,豐祥-KY,144.0,144.0,140.0,142.0,-,1.5,148323,20991857.0,-14000,0,-1000,12000,0,1000,26000,0,2000
20260410,3716,中化控股,33.05,33.05,32.8,32.8,-,0.05,69436,2282991.0,-15000,0,0,26000,0,0,41000,0,0
20260410,9958,世紀鋼,108.0,109.0,106.5,107.0,,0.0,1083504,116674822.0,-19037,-5000,8306,489050,0,43503,508087,5000,35197
20260410,6742,澤米,40.25,40.65,39.6,39.9,-,0.25,157572,6301426.0,-15968,0,0,28032,0,0,44000,0,0
20260410,6128,上福,20.8,21.15,20.7,20.7,-,0.05,122953,2559594.0,-16000,0,-10,37000,0,0,53000,0,10
20260410,6756,威鋒電子,71.7,72.1,70.8,70.8,-,0.6,98450,7008178.0,-16000,0,-374,17000,0,2000,33000,0,2374
20260410,8341,日友,76.1,76.8,76.0,76.1,+,0.1,154236,11746550.0,-18000,0,0,24000,0,0,42000,0,0
20260410,6112,邁達特,46.35,46.8,46.25,46.4,+,0.15,272264,12634880.0,-24957,0,6760,42000,0,10193,66957,0,3433
20260410,4588,玖鼎電力,58.0,58.0,57.5,57.6,-,0.2,79355,4585840.0,-18000,0,-287,29000,0,0,47000,0,287
20260410,3052,夆典,11.0,11.05,10.95,11.0,,0.0,799040,8792428.0,2000,0,-21000,96000,0,0,94000,0,21000
20260410,6598,ABC-KY,22.15,22.15,21.8,22.0,+,0.2,95485,2094966.0,-18000,0,-1000,10000,0,0,28000,0,1000
20260410,3054,立萬利,75.2,75.2,75.2,75.2,+,6.8,185218,13928386.0,-21000,0,1732,0,0,3732,21000,0,2000
20260410,1325,恆大,27.0,27.15,26.75,26.8,-,0.15,189491,5094620.0,-20000,0,0,16000,0,0,36000,0,0
20260410,6944,兆聯實業,961.0,962.0,932.0,940.0,-,6.0,1037961,982516541.0,34341,0,-54389,311579,0,2552,277238,0,56941
20260410,8222,寶一,34.5,34.55,34.0,34.1,-,0.1,212089,7244215.0,-22000,0,1000,58000,0,1000,80000,0,0
20260410,9906,欣巴巴,41.05,42.9,40.9,41.65,+,0.5,117762,4931848.0,-21000,0,0,39000,0,3000,60000,0,3000
20260410,4536,拓凱,149.0,151.0,148.5,150.5,+,1.5,168587,25263796.0,17000,-39000,-321,57000,0,0,40000,39000,321
20260410,2491,吉祥全,15.0,15.45,15.0,15.0,+,0.05,96683,1465185.0,-21000,0,-2000,22000,0,1000,43000,0,3000
20260410,6243,迅杰,29.8,30.4,29.6,29.7,+,0.2,101333,3022257.0,-23000,0,-70,31000,0,0,54000,0,70
20260410,2906,高林,13.0,13.0,12.85,12.9,,0.0,98553,1273662.0,-25000,0,1000,18000,0,1000,43000,0,0
20260410,4155,訊映,13.2,13.55,13.05,13.05,,0.0,582055,7654504.0,-25134,0,0,48000,0,16000,73134,0,16000
20260410,2731,雄獅,162.0,162.5,161.0,161.5,+,1.5,335854,54345043.0,-29082,0,3570,69000,0,7000,98082,0,3430
20260410,1720,生達,63.6,64.0,63.0,63.1,-,0.4,227543,14434188.0,-37000,0,10938,68000,0,11000,105000,0,62
20260410,4441,振大環球,207.0,207.0,194.0,194.5,-,10.0,109262,21620179.0,-28647,0,1832,15353,0,2000,44000,0,168
20260410,7769,鴻勁,4305.0,4350.0,4145.0,4200.0,-,45.0,697573,2940846220.0,72363,-86774,-12467,364105,226,6744,291742,87000,19211
20260410,7786,東方風能,130.0,132.0,128.0,129.0,-,1.0,198532,25670282.0,-28000,0,1000,31000,0,1000,59000,0,0
20260410,6776,展碁國際,59.1,59.9,58.6,59.3,+,0.2,488260,28900438.0,-31000,0,4000,122000,0,4000,153000,0,0
20260410,4560,強信-KY,33.0,33.6,32.6,32.7,-,0.05,434638,14283882.0,-27000,0,0,211000,0,0,238000,0,0
20260410,3622,洋華,55.7,55.9,54.7,54.9,-,0.5,420225,23119679.0,-26950,0,-205,87050,0,1000,114000,0,1205
20260410,2468,華經,33.65,34.0,33.3,33.75,+,0.2,196467,6598486.0,-28000,0,619,36000,0,2000,64000,0,1381
20260410,8016,矽創,203.0,206.0,202.0,202.5,-,0.5,837774,170391903.0,-17024,-8336,-2143,273000,0,3000,290024,8336,5143
20260410,2911,麗嬰房,5.1,5.16,4.98,5.05,-,0.05,91848,461664.0,-27756,0,-16,0,0,0,27756,0,16
20260410,6863,永道-KY,91.0,93.9,90.1,91.1,+,1.0,175979,16156912.0,-28000,0,142,54000,0,142,82000,0,0
20260410,3296,勝德,21.6,21.7,21.5,21.5,-,0.35,77702,1674449.0,-28000,0,0,21000,0,0,49000,0,0
20260410,2359,所羅門,114.5,114.5,110.5,110.5,-,2.0,671593,74990179.0,-26992,0,-1341,154008,0,4000,181000,0,5341
20260410,9911,櫻花,85.8,85.8,84.5,84.7,+,0.1,170384,14446663.0,-24400,0,-4012,29600,0,0,54000,0,4012
20260410,0055,元大MSCI金融,33.16,33.19,32.99,33.1,-,0.1,150795,4989262.0,-15000,0,-13752,1000,0,20000,16000,0,33752
20260410,4571,鈞興-KY,155.5,155.5,153.0,154.0,+,1.0,133980,20603341.0,-30000,0,0,17000,0,0,47000,0,0
20260410,1906,寶隆,11.9,11.95,11.65,11.7,-,0.2,202418,2383229.0,-32980,0,2549,21020,0,6000,54000,0,3451
20260410,1732,毛寶,26.0,26.0,25.7,25.85,-,0.05,107342,2777228.0,-30000,0,-1000,8000,0,0,38000,0,1000
20260410,1611,中電,12.35,12.4,12.15,12.2,-,0.1,529319,6494218.0,-32000,0,62,109000,0,2000,141000,0,1938
20260410,7799,禾榮科,374.0,390.0,366.0,383.0,+,11.0,462690,177273434.0,-31995,0,0,136005,0,2000,168000,0,2000
20260410,6214,精誠,115.5,115.5,114.5,114.5,-,0.5,654848,75244786.0,-32294,-622,0,161706,0,0,194000,622,0
20260410,5907,大洋-KY,5.78,5.82,5.65,5.65,-,0.19,350712,2002460.0,-33000,0,0,43000,0,0,76000,0,0
20260410,4545,銘鈺,31.3,31.75,30.4,31.1,+,0.1,175823,5488788.0,-33000,0,0,55000,0,0,88000,0,0
20260410,2015,豐興,63.7,64.3,63.1,63.1,-,0.8,139476,8872072.0,-44000,0,10000,68000,0,10000,112000,0,0
20260410,2514,龍邦,13.5,13.55,13.45,13.45,-,0.05,116690,1574014.0,-34000,0,0,41000,0,0,75000,0,0
20260410,3094,聯傑,23.05,23.3,22.85,22.85,-,0.2,176369,4062661.0,-34000,0,-29,33000,0,0,67000,0,29
20260410,6515,穎崴,8020.0,8300.0,7700.0,7930.0,-,65.0,205346,1617695355.0,-9267,-21415,-3947,55562,300,9633,64829,21715,13580
20260410,2397,友通,59.4,60.0,59.1,59.1,-,0.7,152371,9054487.0,-35000,-930,0,26000,0,0,61000,930,0
20260410,2038,海光,15.75,15.75,15.35,15.35,-,0.15,427132,6628224.0,-36000,0,0,115000,0,0,151000,0,0
20260410,6541,泰福-KY,41.15,41.65,40.65,40.8,-,0.2,324886,13331237.0,-36777,0,0,86000,0,0,122777,0,0
20260410,7730,暉盛-創,196.5,196.5,184.5,187.0,-,10.0,112160,21211307.0,-36780,0,0,23220,0,1000,60000,0,1000
20260410,1201,味全,13.35,13.4,13.3,13.35,,0.0,289906,3864881.0,-37000,0,-4,45000,0,0,82000,0,4
20260410,2017,官田鋼,9.87,9.87,9.7,9.72,-,0.08,688588,6702661.0,-40000,0,2000,134000,0,2000,174000,0,0
20260410,4739,康普,83.0,84.7,81.7,84.6,+,1.9,2996769,250405952.0,-56000,-8000,25473,869000,0,74775,925000,8000,49302
20260410,3321,同泰,16.6,16.7,15.8,15.85,-,0.55,230766,3704503.0,-39000,0,0,16000,0,0,55000,0,0
20260410,7750,新代,1465.0,1500.0,1420.0,1500.0,+,80.0,476658,702939415.0,-25155,0,-14135,177000,0,5865,202155,0,20000
20260410,2489,瑞軒,44.6,47.0,40.6,45.3,+,2.55,226976023,9991320000.0,-7937047,6611000,1286350,57388778,6612000,5276760,65325825,1000,3990410
20260410,3135,凌航,115.0,116.5,113.0,115.5,+,2.5,1622031,186755313.0,-29000,0,-12000,55000,0,2000,84000,0,14000
20260410,2424,隴華,24.65,25.2,24.4,24.5,-,1.4,145901,3598244.0,-42000,0,-1045,3000,0,0,45000,0,1045
20260410,1536,和大,48.35,48.85,47.85,48.55,+,0.4,923097,44549645.0,-39000,0,-4193,374000,0,18964,413000,0,23157
20260410,1603,華電,32.4,32.65,32.3,32.3,+,0.2,194121,6293469.0,-42000,0,-2000,42000,0,0,84000,0,2000
20260410,3040,遠見,48.6,48.6,47.0,47.6,-,1.0,474164,22521195.0,-44000,0,0,32000,0,0,76000,0,0
20260410,4104,佳醫,78.0,78.1,77.7,78.0,+,0.2,269581,21008194.0,-45000,0,0,28000,0,0,73000,0,0
20260410,3701,大眾控,55.2,57.8,54.4,56.1,+,1.5,3710229,208382427.0,-44000,-1000,0,1035000,0,1000,1079000,1000,1000
20260410,2477,美隆電,23.85,23.9,23.5,23.8,+,0.15,256893,6082902.0,-44000,0,-1000,43000,0,0,87000,0,1000
20260410,2006,東和鋼鐵,71.7,72.2,70.7,71.0,-,0.7,3056049,217954193.0,57000,-102000,-884,2347000,5000,15769,2290000,107000,16653
20260410,3607,谷崧,14.05,14.35,14.05,14.15,-,0.05,205919,2913263.0,-46000,0,0,33000,0,0,79000,0,0
20260410,2707,晶華,189.0,190.5,189.0,190.5,+,0.5,148761,28283332.0,-44144,0,-2000,16001,0,0,60145,0,2000
20260410,1789,神隆,21.1,21.3,20.85,21.15,+,0.05,841018,17674029.0,-47000,0,106,161000,0,3000,208000,0,2894
20260410,2106,建大,18.4,18.45,18.1,18.15,-,0.2,475218,8647864.0,-52120,0,5000,168000,0,5000,220120,0,0
20260410,8213,志超,33.7,35.5,33.7,34.9,+,1.25,1381469,48072342.0,-46000,0,-2000,367000,0,0,413000,0,2000
20260410,1707,葡萄王,120.5,121.0,119.0,120.0,-,1.0,271635,32551993.0,8000,-1000,-55121,39000,0,5000,31000,1000,60121
20260410,6698,旭暉應材,31.7,31.7,30.15,30.9,-,0.05,279120,8627556.0,-51992,0,0,22008,0,0,74000,0,0
20260410,2702,華園,14.95,15.0,14.1,14.55,+,0.25,693350,10185972.0,-41000,0,-11572,64000,0,1000,105000,0,12572
20260410,2352,佳世達,24.5,24.55,24.05,24.05,-,0.3,3980062,96459397.0,-73000,-40000,60269,1551000,0,70269,1624000,40000,10000
20260410,6526,達發,482.0,487.0,473.0,474.5,-,3.5,414497,198535507.0,-6951,-44722,-1556,102541,278,14000,109492,45000,15556
20260410,6753,龍德造船,128.0,129.5,126.5,126.5,-,1.5,472051,60272107.0,-42411,0,-10929,150589,0,3000,193000,0,13929
20260410,7788,松川精密,142.5,148.5,142.0,146.0,+,5.0,293694,42786113.0,-52879,0,-1000,46121,0,0,99000,0,1000
20260410,6861,睿生光電,138.5,142.0,133.5,136.0,+,1.0,1076613,148464186.0,-52000,0,-2374,274000,0,2000,326000,0,4374
20260410,4771,望隼,192.5,194.0,188.5,190.0,-,2.5,179939,34228718.0,-55000,0,0,25000,0,0,80000,0,0
20260410,3024,憶聲,10.1,10.2,10.05,10.1,+,0.05,657943,6648752.0,-55000,0,0,125000,0,0,180000,0,0
20260410,6592,和潤企業,62.7,63.3,62.5,62.5,-,0.3,397825,24977038.0,-61000,0,4869,177000,0,5000,238000,0,131
20260410,9908,大台北,29.75,29.9,29.75,29.75,,0.0,298058,8876009.0,-57000,0,0,49000,0,0,106000,0,0
20260410,2258,鴻華先進-創,27.05,28.5,27.05,27.75,+,0.75,824593,22934791.0,-29000,0,-28031,246000,0,12000,275000,0,40031
20260410,7711,永擎,282.5,287.5,272.5,275.0,-,7.5,578881,160453555.0,-58000,0,0,59000,0,0,117000,0,0
20260410,9955,佳龍,31.8,31.95,30.85,30.95,+,0.05,455164,14258751.0,-60000,0,1000,102000,0,1000,162000,0,0
20260410,00956,中信日經高股息,12.57,12.57,12.53,12.55,-,0.05,436956,5479381.0,-58000,0,-1501,4000,0,134000,62000,0,135501
20260410,8033,雷虎,131.5,132.0,128.5,130.0,-,1.0,2096069,272299377.0,-10965,0,-49000,212035,0,25000,223000,0,74000
20260410,6552,易華電,26.6,26.6,25.55,26.0,-,0.2,135914,3537324.0,-60000,0,0,38000,0,0,98000,0,0
20260410,6416,瑞祺電通,80.5,81.0,78.5,78.9,-,1.5,197300,15699432.0,-65000,-697,4000,23000,0,4000,88000,697,0
20260410,3669,圓展,39.5,39.5,37.2,38.45,-,0.45,445968,17008153.0,-60000,0,-2209,62000,0,4000,122000,0,6209
20260410,3338,泰碩,60.5,63.1,58.7,59.0,-,0.5,1195544,71976613.0,-70000,0,7407,379000,0,11000,449000,0,3593
20260410,5225,東科-KY,79.8,79.9,78.3,79.0,-,0.5,288540,22795434.0,-63000,0,-827,9000,0,2000,72000,0,2827
20260410,2440,太空梭,15.1,15.1,14.55,14.7,+,0.2,257652,3811851.0,-63000,0,-1000,38000,0,0,101000,0,1000
20260410,1340,勝悅-KY,6.55,6.66,6.47,6.48,-,0.1,563006,3695380.0,-64000,0,0,63000,0,0,127000,0,0
20260410,2069,運錩,18.75,18.9,18.55,18.55,-,0.2,159223,2969909.0,-62000,0,-3000,34000,0,0,96000,0,3000
20260410,2466,冠西電,58.9,60.9,57.3,59.1,+,1.4,1340461,79283136.0,-60000,-3000,-2000,221000,0,6000,281000,3000,8000
20260410,2929,淘帝-KY,6.25,6.29,6.13,6.2,-,0.04,261945,1622560.0,-65000,0,0,26000,0,0,91000,0,0
20260410,1316,上曜,12.2,12.35,12.05,12.15,+,0.1,1368348,16648560.0,-70000,0,3534,367000,0,30000,437000,0,26466
20260410,6669,緯穎,3615.0,3670.0,3550.0,3630.0,+,50.0,1303965,4717498685.0,-121657,-4141,58894,607049,33,78075,728706,4174,19181
20260410,2102,泰豐,20.2,20.25,19.9,20.0,,0.0,511483,10255797.0,-67000,0,0,189000,0,0,256000,0,0
20260410,2033,佳大,17.35,17.35,16.4,16.65,+,0.1,207047,3469314.0,-68000,0,0,13000,0,0,81000,0,0
20260410,4540,全球傳動,44.0,44.55,42.55,43.9,+,0.8,1043747,45415820.0,-68000,0,-1,316000,0,0,384000,0,1
20260410,2536,宏普,22.3,22.35,22.15,22.2,-,0.2,225210,5001371.0,-78000,0,9000,71000,0,9000,149000,0,0
20260410,2539,櫻花建,47.75,48.0,47.55,47.75,,0.0,380183,18159698.0,-68001,-2000,74,115000,0,4000,183001,2000,3926
20260410,2462,良得電,22.25,22.35,21.65,21.75,-,0.3,315447,6908730.0,-71000,0,210,74000,0,2000,145000,0,1790
20260410,2241,艾姆勒,28.2,28.2,27.0,27.55,+,0.45,211710,5811996.0,-75000,0,4000,28000,0,5000,103000,0,1000
20260410,2030,彰源,16.3,16.35,15.9,15.95,-,0.15,443285,7108203.0,-70000,0,-1001,64000,0,0,134000,0,1001
20260410,6206,飛捷,105.0,106.0,102.0,102.5,-,1.0,751976,77836853.0,-35000,-4786,-32791,145000,0,2948,180000,4786,35739
20260410,4968,立積,107.0,107.0,104.0,104.5,-,1.0,820985,86393288.0,-66108,-4711,-1879,248892,0,9255,315000,4711,11134
20260410,1215,卜蜂,141.0,144.5,140.5,143.5,+,2.5,1115622,159372687.0,-250859,0,177841,501000,0,180999,751859,0,3158
20260410,5203,訊連,62.7,62.7,61.7,61.8,-,0.1,180958,11222809.0,-73000,0,-224,32000,0,3000,105000,0,3224
20260410,2342,茂矽,29.45,30.1,29.25,29.3,-,0.05,701362,20747080.0,-73965,0,570,185035,0,1000,259000,0,430
20260410,6209,今國光,55.8,56.9,54.8,55.0,-,0.3,2299121,128049126.0,-119000,-2000,47145,478000,0,54841,597000,2000,7696
20260410,2444,兆勁,12.45,12.6,12.25,12.3,-,0.25,443837,5480766.0,-74000,0,0,26000,0,0,100000,0,0
20260410,1809,中釉,26.15,26.6,25.45,25.55,-,0.45,1800754,46337374.0,-77000,0,2904,369000,0,5000,446000,0,2096
20260410,2634,漢翔,46.85,46.95,46.35,46.45,-,0.1,2651123,123450876.0,-77165,0,2992,468772,0,42164,545937,0,39172
20260410,5292,華懋,223.5,225.0,215.0,217.0,-,6.5,349480,76386638.0,-77000,-1000,0,70000,0,0,147000,1000,0
20260410,6695,芯鼎,38.6,38.9,37.85,37.85,-,0.6,372517,14248023.0,-80000,0,3,39000,0,1000,119000,0,997
20260410,1432,大魯閣,17.55,17.55,17.3,17.35,-,0.1,376035,6551208.0,-82000,0,0,40000,0,0,122000,0,0
20260410,4737,華廣,70.9,70.9,65.1,66.9,-,4.0,422246,28642409.0,-83000,0,1000,159000,0,1000,242000,0,0
20260410,3050,鈺德,13.45,13.55,13.2,13.3,-,0.1,552229,7359587.0,-82000,0,0,114000,0,0,196000,0,0
20260410,4137,麗豐-KY,106.0,110.0,106.0,109.5,+,3.0,303404,32837495.0,-83000,0,36,37000,0,36,120000,0,0
20260410,3543,州巧,45.05,46.3,44.4,44.85,+,0.75,1185119,53447099.0,-84000,0,0,378000,0,1000,462000,0,1000
20260410,00875,國泰網路資安,38.62,38.62,38.22,38.23,-,1.33,253292,9687830.0,-193000,0,108309,0,0,133000,193000,0,24691
20260410,2528,皇普,24.1,24.1,23.75,23.9,-,0.2,516821,12345871.0,-85450,0,0,56000,0,0,141450,0,0
20260410,1326,台化,46.1,46.2,44.9,45.45,-,0.15,18559421,842226840.0,-112885,12000,15226,8848254,12000,328322,8961139,0,313096
20260410,3617,碩天,178.0,181.0,176.0,176.0,-,0.5,313388,55683506.0,-88613,-528,1099,61387,0,1099,150000,528,0
20260410,2414,精技,43.5,45.15,43.15,44.7,+,1.45,595973,26376806.0,-80000,0,-9000,112000,0,0,192000,0,9000
20260410,1101,台泥,25.35,26.4,25.25,25.4,+,0.3,52862166,1357043948.0,-818420,-102000,829736,18907101,0,1574488,19725521,102000,744752
20260410,7795,長廣,348.0,363.0,336.0,344.0,-,6.0,533633,184445610.0,-91300,0,0,68000,0,0,159300,0,0
20260410,1773,勝一,155.5,155.5,151.5,152.0,-,2.0,1454629,222472049.0,-81000,0,-13289,383000,0,3586,464000,0,16875
20260410,6715,嘉基,441.0,452.5,411.0,439.0,+,24.5,3273346,1412416134.0,-136454,45862,-5627,943100,46000,13570,1079554,138,19197
20260410,6550,北極星藥業-KY,18.75,19.3,18.2,18.55,-,0.55,1536622,28545286.0,-103000,0,4000,321000,0,7000,424000,0,3000
20260410,2302,麗正,18.15,18.3,18.0,18.0,-,0.15,340343,6162920.0,-104000,0,0,51000,0,0,155000,0,0
20260410,3016,嘉晶,55.1,56.8,54.4,55.6,+,1.4,1274474,71072544.0,-106000,-1000,2957,355000,0,10362,461000,1000,7405
20260410,1231,聯華食,92.8,93.0,90.8,91.1,-,1.2,426383,39040774.0,-104800,0,245,83000,0,3000,187800,0,2755
20260410,5269,祥碩,1110.0,1130.0,1100.0,1110.0,+,25.0,872224,970315725.0,-109626,-5146,10120,343174,64,41908,452800,5210,31788
20260410,6235,華孚,45.85,46.3,45.05,45.2,-,0.6,528346,24003475.0,-106000,0,691,156000,0,1000,262000,0,309
20260410,1515,力山,23.75,23.8,23.05,23.1,-,0.7,375472,8749367.0,-105000,0,-504,36000,0,2000,141000,0,2504
20260410,8404,百和興業-KY,18.0,18.3,17.7,17.8,-,0.05,475385,8508515.0,-108000,0,0,105000,0,0,213000,0,0
20260410,8011,台通,21.0,21.45,20.4,20.6,-,0.55,2153042,44839740.0,-106999,0,-2000,413001,0,3000,520000,0,5000
20260410,6743,安普新,24.0,25.5,24.0,24.35,+,0.45,373937,9248810.0,-107100,0,-3000,69000,0,2000,176100,0,5000
20260410,2441,超豐,95.0,96.6,91.9,92.8,-,1.2,4696715,440412499.0,-84445,4606,-31695,1460555,4606,125427,1545000,0,157122
20260410,3665,貿聯-KY,2200.0,2225.0,2115.0,2200.0,+,70.0,2355912,5121509255.0,-83074,-36903,6972,1012360,82411,76721,1095434,119314,69749
20260410,6164,華興,12.4,12.55,12.0,12.2,-,0.05,608124,7411848.0,-117000,0,1000,108000,0,1000,225000,0,0
20260410,2399,映泰,35.65,36.25,34.05,34.2,-,1.25,14264863,499598665.0,-115434,-3000,1000,2843000,0,1000,2958434,3000,0
20260410,6205,詮欣,57.4,58.3,55.3,56.8,-,0.2,1483421,84154955.0,-117000,-1000,-55,317000,0,0,434000,1000,55
20260410,4961,天鈺,156.0,157.0,152.5,153.0,+,0.5,1150328,177827873.0,-107172,-12389,-938,290000,0,1728,397172,12389,2666
20260410,6491,晶碩,294.5,298.0,287.0,287.0,-,6.0,418633,122753391.0,-122000,0,1383,70000,0,1387,192000,0,4
20260410,3011,今皓,12.65,12.85,12.4,12.45,-,0.15,739622,9302284.0,-121000,0,0,140000,0,0,261000,0,0
20260410,1436,華友聯,53.0,53.2,52.4,52.4,-,0.6,244460,12869378.0,-121000,0,0,26000,0,0,147000,0,0
20260410,4912,聯德控股-KY,88.8,89.0,86.0,86.1,-,1.6,403395,35064600.0,-121000,-1000,0,24000,0,0,145000,1000,0
20260410,00972,野村日本動能高息,19.43,19.43,19.25,19.28,-,0.15,273521,5287605.0,-3000,0,-119726,0,0,140000,3000,0,259726
20260410,2031,新光鋼,41.5,41.55,40.75,40.85,-,0.15,723142,29699387.0,-134000,0,8966,183000,0,9000,317000,0,34
20260410,4119,旭富,51.6,51.6,50.3,50.5,-,0.5,231927,11775860.0,-129000,0,-1013,32000,0,6,161000,0,1019
20260410,6533,晶心科,181.5,183.0,175.0,175.0,-,3.5,410061,72702963.0,-131474,-2000,517,82526,0,8355,214000,2000,7838
20260410,3002,歐格,19.75,19.95,19.25,19.25,-,0.5,350460,6810589.0,-142000,0,5910,45000,0,6000,187000,0,90
20260410,6854,錼創科技-KY創,141.5,142.0,136.0,137.5,-,2.0,629197,86681242.0,-138000,0,1788,109000,0,7000,247000,0,5212
20260410,1476,儒鴻,326.5,330.5,326.5,328.5,-,1.5,687483,226206102.0,-140262,288,1165,479100,1288,12000,619362,1000,10835
20260410,6477,安集,33.7,34.35,33.15,33.3,-,0.15,547612,18355207.0,-138814,0,-135,137000,0,0,275814,0,135
20260410,3717,聯嘉投控,23.0,23.3,22.05,22.15,-,0.75,1919325,43004910.0,-155000,0,16000,242000,0,56000,397000,0,40000
20260410,1618,合機,38.6,38.6,37.9,38.0,-,0.35,731650,27941109.0,-144817,0,2401,102183,0,7000,247000,0,4599
20260410,6781,AES-KY,994.0,1005.0,967.0,979.0,,0.0,1360415,1333296306.0,-44803,-133125,28495,334697,0,52305,379500,133125,23810
20260410,3703,欣陸,22.3,22.45,22.2,22.25,,0.0,813009,18125976.0,-149000,0,-2000,235000,0,18000,384000,0,20000
20260410,3027,盛達,19.55,19.8,19.05,19.05,-,0.25,319312,6121936.0,-153902,0,0,33098,0,0,187000,0,0
20260410,1587,吉茂,36.0,36.3,34.45,34.8,-,1.4,975544,34381809.0,-155000,0,292,176000,0,4000,331000,0,3708
20260410,4770,上品,237.0,238.0,228.0,231.5,-,2.5,527995,122395824.0,-149960,0,-5973,104040,0,5000,254000,0,10973
20260410,1519,華城,812.0,819.0,807.0,814.0,+,8.0,969254,787674350.0,-119340,-53000,14669,264780,0,37471,384120,53000,22802
20260410,00964,中信亞太高股息,13.79,13.79,13.67,13.71,+,0.04,1830185,25112923.0,74000,0,-232582,78000,0,932000,4000,0,1164582
20260410,6272,驊陞,31.9,31.9,29.95,30.1,-,2.3,838470,25617245.0,-167000,0,0,27000,0,0,194000,0,0
20260410,2383,台光電,3280.0,3435.0,3260.0,3420.0,+,200.0,3018570,10198767760.0,-194742,110048,-82374,1317166,124048,59350,1511908,14000,141724
20260410,3019,亞光,126.5,128.0,125.0,125.5,+,0.5,1617425,204050468.0,-168950,-1102,2473,326050,0,18866,495000,1102,16393
20260410,2645,長榮航太,151.0,151.0,148.5,150.0,-,1.0,606630,90703351.0,-149149,-6000,-15781,165000,0,294,314149,6000,16075
20260410,6405,悅城,35.8,38.0,35.75,36.7,+,0.2,1763662,65062183.0,-173000,0,2000,299000,0,3000,472000,0,1000
20260410,2020,美亞,25.7,25.7,25.35,25.4,-,0.15,749409,19116315.0,-172000,0,-259,72000,0,2000,244000,0,2259
20260410,00894,中信小資高價30,36.99,37.47,36.99,37.4,+,1.04,1921674,71697689.0,-84000,0,-88327,82000,0,759483,166000,0,847810
20260410,6789,采鈺,345.0,346.5,332.5,336.5,-,2.5,2744366,929453034.0,-190231,-9000,26726,582013,0,87503,772244,9000,60777
20260410,2727,王品,228.5,230.5,227.0,227.5,-,1.0,435685,99442808.0,-175079,0,-1002,130021,0,0,305100,0,1002
20260410,4169,泰宗,168.5,175.5,153.5,157.5,-,11.0,1036110,168543164.0,-177759,0,0,62000,0,0,239759,0,0
20260410,8163,達方,27.55,27.65,27.15,27.25,-,0.2,825399,22573737.0,-165000,-10409,-3567,172000,1000,4000,337000,11409,7567
20260410,6153,嘉聯益,17.55,17.9,17.0,17.05,-,0.45,4725006,81748131.0,-135000,0,-44391,1319000,0,10000,1454000,0,54391
20260410,3138,耀登,184.0,191.0,181.5,185.0,+,3.0,4516260,837707365.0,-164507,0,-15179,1232494,0,4000,1397001,0,19179
20260410,3056,富華新,15.05,15.15,14.8,14.8,,0.0,1024080,15266957.0,-180485,0,632,310000,0,632,490485,0,0
20260410,6534,正瀚-創,96.3,96.4,92.7,93.5,-,3.4,300164,28275409.0,-185000,0,2000,44000,0,8000,229000,0,6000
20260410,2442,新美齊,20.3,20.45,20.2,20.25,-,0.05,1545347,31385799.0,-171000,0,-14000,268000,0,12000,439000,0,26000
20260410,8072,陞泰,30.0,30.1,28.8,28.9,-,0.6,488614,14323693.0,-176000,0,-11000,51000,0,0,227000,0,11000
20260410,2395,研華,350.0,356.0,343.5,346.0,-,2.0,2574500,895893774.0,408689,-606708,10684,1206116,292,22511,797427,607000,11827
20260410,8162,微矽電子-創,45.5,45.6,41.7,43.1,+,0.4,1126867,48744046.0,-193000,0,3748,155000,0,53000,348000,0,49252
20260410,2385,群光,125.5,125.5,124.0,124.5,,0.0,2034201,253464719.0,-153461,-76533,39011,809539,5213,54000,963000,81746,14989
20260410,4938,和碩,80.4,81.0,79.6,80.7,+,0.7,10120112,815745650.0,132206,-276760,-47632,4275514,0,89368,4143308,276760,137000
20260410,2630,亞航,46.65,46.7,45.75,45.85,-,0.7,685512,31573926.0,-181000,0,-14326,25000,0,1000,206000,0,15326
20260410,5234,達興材料,406.5,411.0,391.0,396.5,-,4.5,980168,391941374.0,-172674,-2138,-23312,313050,0,2000,485724,2138,25312
20260410,2204,中華,54.9,54.9,54.0,54.2,,0.0,1498651,81201636.0,-176000,-26521,-942,409000,3000,2000,585000,29521,2942
20260410,8114,振樺電,170.5,171.5,167.5,168.0,-,1.0,408098,68681653.0,-49800,-158430,-884,52200,0,6000,102000,158430,6884
20260410,3346,麗清,18.25,18.25,17.8,17.9,-,0.2,431382,7741339.0,-209826,0,0,47174,0,0,257000,0,0
20260410,2427,三商電,23.0,23.15,22.6,22.65,-,0.45,720649,16434981.0,-233000,0,0,99000,0,0,332000,0,0
20260410,2072,世紀風電,185.0,186.5,181.0,182.5,,0.0,710856,130291093.0,-237180,0,0,40000,0,0,277180,0,0
20260410,9919,康那香,15.4,15.4,15.15,15.15,-,0.25,564218,8609397.0,-238000,0,0,36000,0,0,274000,0,0
20260410,2460,建通,30.1,31.6,29.2,31.0,+,2.0,2961319,90688030.0,-261000,0,19884,428000,0,26019,689000,0,6135
20260410,2243,宏旭-KY,24.1,24.6,21.95,22.45,-,0.2,4726205,110393734.0,-235000,0,-6470,759000,0,14000,994000,0,20470
20260410,2211,長榮鋼,100.5,101.0,99.5,100.0,,0.0,512555,51282250.0,-209000,-37977,4890,99000,0,5000,308000,37977,110
20260410,2836,高雄銀,12.25,12.25,12.15,12.15,-,0.05,908374,11076376.0,-236213,0,-8000,176600,0,0,412813,0,8000
20260410,1522,堤維西,31.75,32.05,31.35,31.35,-,0.3,648759,20493325.0,-239000,-11005,-1902,118000,0,5000,357000,11005,6902
20260410,00909,國泰數位支付服務,40.05,40.09,39.86,39.99,+,0.35,3328405,133073779.0,-417664,0,165254,192770,0,231254,610434,0,66000
20260410,2867,三商壽,7.79,7.84,7.72,7.73,-,0.07,15916852,123634378.0,-506000,0,253000,11929000,0,300000,12435000,0,47000
20260410,6909,創控,50.5,51.3,49.0,49.05,-,0.95,1292808,64061366.0,-260000,0,778,127000,0,3000,387000,0,2222
20260410,2375,凱美,78.9,80.5,77.9,77.9,,0.0,1430422,113051457.0,-256741,-1360,-2432,480259,0,183,737000,1360,2615
20260410,2467,志聖,525.0,542.0,513.0,542.0,+,48.5,5529924,2930475569.0,-133042,-39000,-90620,1509000,0,71082,1642042,39000,161702
20260410,6226,光鼎,14.8,14.8,13.0,13.2,-,0.3,5744737,79501535.0,-252000,0,-14098,271000,0,1000,523000,0,15098
20260410,1722,台肥,46.8,46.8,46.05,46.3,-,0.4,1525374,70605275.0,-281575,0,8253,388425,0,14000,670000,0,5747
20260410,3092,鴻碩,29.8,31.6,29.25,29.25,+,0.45,834644,24956750.0,-278998,0,4102,196002,0,6000,475000,0,1898
20260410,6589,台康生技,54.9,55.6,52.7,52.9,-,1.5,1390342,74456138.0,-280000,0,2000,263000,0,7000,543000,0,5000
20260410,2236,百達-KY,117.0,117.5,112.5,115.5,-,1.0,837935,95701844.0,-278000,0,0,98000,0,0,376000,0,0
20260410,6142,友勁,9.27,9.3,9.12,9.12,-,0.12,907360,8344664.0,-282000,0,1000,135000,0,1000,417000,0,0
20260410,1447,力鵬,5.06,5.06,4.99,5.05,-,0.01,1233432,6192084.0,-285324,0,3000,114000,0,3000,399324,0,0
20260410,2913,農林,12.15,12.25,12.05,12.1,,0.0,2240180,27154450.0,-292266,0,8143,599000,0,12000,891266,0,3857
20260410,1532,勤美,22.15,22.2,21.8,21.85,-,0.25,577427,12668829.0,-268000,-16708,0,51000,0,0,319000,16708,0
20260410,2472,立隆電,146.5,150.0,145.0,148.0,+,2.5,4978962,734570955.0,-337402,-972,50821,1307598,0,116394,1645000,972,65573
20260410,6531,愛普*,494.0,528.0,492.0,516.0,+,35.5,5840743,3012490835.0,-394878,-10602,115648,1432122,1134,173424,1827000,11736,57776
20260410,3653,健策,4240.0,4290.0,4010.0,4125.0,-,115.0,1546069,6386803028.0,-169672,-130415,8884,551087,120085,69070,720759,250500,60186
20260410,6215,和椿,102.0,104.5,100.0,101.0,+,3.5,2107516,215271857.0,-305001,0,11504,515000,0,17396,820001,0,5892
20260410,1905,華紙,14.65,14.65,14.0,14.3,-,0.15,2790566,39948913.0,-287500,0,-6000,199500,0,28000,487000,0,34000
20260410,4934,太極,16.2,16.6,15.8,15.85,-,0.3,1197599,19154347.0,-295950,0,2000,124050,0,6000,420000,0,4000
20260410,6591,動力-KY,59.2,59.2,56.2,56.6,-,3.2,1023570,58675161.0,-295000,0,-605,140000,0,7000,435000,0,7605
20260410,9136,巨騰-DR,8.74,8.74,8.33,8.59,-,0.11,1091228,9298895.0,-298000,0,0,46000,0,0,344000,0,0
20260410,1449,佳和,16.8,17.05,15.2,15.75,-,0.65,14383447,229074876.0,-245000,0,-53720,3690000,0,7000,3935000,0,60720
20260410,6168,宏齊,27.55,28.2,26.0,26.65,-,1.05,10212964,272461296.0,-304000,0,5000,1609000,0,5000,1913000,0,0
20260410,2428,興勤,170.5,172.5,167.5,169.0,+,7.0,2077940,353538557.0,-330037,-434,31265,525465,0,47586,855502,434,16321
20260410,9939,宏全,115.5,116.0,111.5,112.0,-,3.5,3652272,412993851.0,-448231,1000,147690,590020,1000,199550,1038251,0,51860
20260410,2354,鴻準,50.9,51.2,50.1,50.1,-,0.5,5210113,262913549.0,-352932,-1000,51215,1993704,0,92070,2346636,1000,40855
20260410,5608,四維航,16.55,16.55,16.1,16.2,-,0.15,1182911,19231120.0,-303000,0,-2000,121000,0,0,424000,0,2000
20260410,2476,鉅祥,105.5,106.0,99.0,99.9,-,1.6,4511251,456413266.0,-331474,571,19489,932526,571,49711,1264000,0,30222
20260410,3026,禾伸堂,186.5,201.5,186.5,194.0,+,10.5,16945482,3296395768.0,-749745,-2329,424984,4937255,0,650263,5687000,2329,225279
20260410,9934,成霖,9.37,9.4,9.3,9.32,-,0.05,856984,7995533.0,-347740,0,1000,96000,0,1000,443740,0,0
20260410,2607,榮運,51.2,51.2,50.5,51.0,,0.0,650772,33088854.0,-350000,0,3000,131000,0,3000,481000,0,0
20260410,6005,群益證,28.4,28.65,28.35,28.6,+,0.3,7681501,218954303.0,94000,-443634,0,5410000,61736,0,5316000,505370,0
20260410,2912,統一超,231.0,231.0,226.0,227.5,-,3.5,1345433,306611945.0,-346534,-3383,234,713513,1617,23246,1060047,5000,23012
20260410,1442,名軒,26.7,26.7,25.8,26.2,-,0.2,627762,16354070.0,-353572,0,2321,75000,0,4000,428572,0,1679
20260410,4904,遠傳,94.9,95.3,94.1,94.6,-,0.7,4035868,382172572.0,432404,-838876,54000,2800725,226124,151000,2368321,1065000,97000
20260410,6269,台郡,66.3,66.3,63.7,64.5,-,1.3,3563431,229885705.0,-334297,0,-18301,963729,0,35000,1298026,0,53301
20260410,3041,揚智,21.7,21.95,21.35,21.4,-,0.25,639720,13758040.0,-355072,0,-288,51000,0,1000,406072,0,1288
20260410,1229,聯華,44.35,44.85,44.3,44.35,-,0.3,1883682,83800577.0,-374824,0,11456,511000,0,31000,885824,0,19544
20260410,2388,威盛,54.5,54.7,53.2,53.5,-,0.7,2877444,154665211.0,-511975,-8000,149279,521025,0,170152,1033000,8000,20873
20260410,2889,國票金,15.35,15.4,15.25,15.35,+,0.1,1668815,25561939.0,-391595,0,17000,671887,0,21000,1063482,0,4000
20260410,8215,明基材,26.05,26.6,24.9,25.05,+,0.4,4522831,115237693.0,-354000,-25000,2001,931000,0,4003,1285000,25000,2002
20260410,3376,新日興,212.0,213.5,206.0,206.5,-,1.5,3022965,630877818.0,-320000,-282,-60003,741000,0,63743,1061000,282,123746
20260410,3704,合勤控,34.5,34.65,33.25,33.55,-,0.8,2194611,74074116.0,-413000,1000,727,294000,1000,2000,707000,0,1273
20260410,6873,泓德能源,88.9,88.9,84.5,85.3,-,2.5,930260,79913420.0,-413046,0,-100,104142,0,1000,517188,0,1100
20260410,6962,奕力-KY,33.6,33.7,32.35,32.5,-,0.9,2650926,86939756.0,-413950,-14000,-3435,488050,0,473,902000,14000,3908
20260410,5534,長虹,84.0,85.2,83.2,83.8,-,0.3,1555228,131228553.0,-470286,0,38067,251239,0,51814,721525,0,13747
20260410,2439,美律,86.2,86.8,85.3,86.0,+,0.2,1395427,119865292.0,-175000,-235469,-30587,482000,730,6120,657000,236199,36707
20260410,3031,佰鴻,25.95,28.35,25.75,28.35,+,2.55,15401996,426084048.0,-457000,0,13296,2421000,0,38475,2878000,0,25179
20260410,2357,華碩,584.0,584.0,575.0,578.0,+,10.0,3617167,2092335840.0,-324399,-134640,4900,1583593,5669,24760,1907992,140309,19860
20260410,2646,星宇航空,21.1,21.15,21.0,21.0,-,0.1,2782350,58543323.0,-453042,0,-12000,251900,0,0,704942,0,12000
20260410,1604,聲寶,25.5,25.5,25.2,25.2,-,0.2,699220,17706451.0,-151961,0,-317000,78039,0,0,230000,0,317000
20260410,6438,迅得,185.0,188.0,178.0,179.5,,0.0,4909845,891863918.0,-283833,0,-189582,730167,0,11330,1014000,0,200912
20260410,4919,新唐,90.8,94.0,89.0,91.6,+,1.6,10169371,931409145.0,-660177,-7000,184167,2350000,0,295595,3010177,7000,111428
20260410,3209,全科,45.5,46.3,43.4,43.7,-,0.25,3346802,148359384.0,-484000,-1480,416,733000,0,3548,1217000,1480,3132
20260410,00752,中信中國50,24.35,24.46,24.25,24.25,-,0.07,1086616,26427963.0,-23000,0,-463487,26000,0,206536,49000,0,670023
20260410,1477,聚陽,224.0,224.0,218.5,219.5,-,3.0,1023621,225664513.0,-447000,-38552,-9632,260000,2633,28000,707000,41185,37632
20260410,2474,可成,192.0,192.0,189.5,192.0,,0.0,1819621,347127260.0,-132004,-341355,-32513,981043,4000,1202,1113047,345355,33715
20260410,5522,遠雄,73.8,73.9,72.8,73.3,-,0.5,978159,71697176.0,-489000,0,-19000,204000,0,10000,693000,0,29000
20260410,6152,百一,18.5,18.7,17.6,17.9,-,0.35,8070894,145275314.0,-501000,0,-14002,1138000,0,1000,1639000,0,15002
20260410,2331,精英,21.7,21.9,21.2,21.3,-,0.25,1515469,32424252.0,-489675,-31000,2987,214000,1000,11000,703675,32000,8013
20260410,2504,國產,36.7,36.95,36.45,36.55,-,0.15,1201037,43933516.0,-422000,-124061,13000,392000,0,14000,814000,124061,1000
20260410,3563,牧德,920.0,948.0,892.0,922.0,+,47.0,4136359,3791979663.0,-344676,-150000,-40034,1163365,0,114747,1508041,150000,154781
20260410,9910,豐泰,78.5,79.4,76.5,76.9,-,1.7,1874537,145693691.0,-560986,9053,8839,702327,11053,44000,1263313,2000,35161
20260410,6141,柏承,25.3,25.45,23.1,24.1,+,0.05,3783594,91319437.0,-532600,0,-14528,624400,0,1000,1157000,0,15528
20260410,3047,訊舟,15.9,16.0,15.45,15.55,-,0.2,1148925,17942747.0,-556000,0,394,83000,0,3000,639000,0,2606
20260410,9938,百和,45.5,45.6,45.35,45.4,,0.0,1229953,55912308.0,-394000,-177000,10697,341000,0,11000,735000,177000,303
20260410,1319,東陽,80.2,81.5,80.2,80.5,+,0.4,1793363,145140238.0,-571000,-2869,1332,662000,3651,31400,1233000,6520,30068
20260410,2915,潤泰全,47.3,47.9,46.5,46.9,-,0.5,1765147,83291322.0,-143014,-436000,2527,484000,0,18000,627014,436000,15473
20260410,2520,冠德,31.1,31.15,30.7,30.75,-,0.2,1412262,43600712.0,-581793,0,1777,268000,0,23009,849793,0,21232
20260410,3058,立德,9.14,9.18,9.05,9.06,-,0.08,1531294,13898847.0,-581960,0,0,99040,0,0,681000,0,0
20260410,4720,德淵,19.6,19.75,18.6,18.65,-,1.05,4977528,95155639.0,-611000,-501,29209,441000,0,32000,1052000,501,2791
20260410,8926,台汽電,43.25,44.2,42.85,44.05,+,0.8,2772728,120491451.0,-601420,0,-779,760000,0,4000,1361420,0,4779
20260410,3034,聯詠,401.5,401.5,393.5,394.0,-,5.5,2766785,1096159539.0,-478288,-75737,-58849,902248,108,44000,1380536,75845,102849
20260410,6197,佳必琪,182.0,184.5,177.0,179.0,,0.0,3193020,574979000.0,-582000,0,-32474,534000,0,31732,1116000,0,64206
20260410,3545,敦泰,50.1,50.2,48.0,48.0,-,1.7,1784629,87400341.0,-617838,-2000,5078,321162,0,6658,939000,2000,1580
20260410,3645,達邁,77.5,82.2,75.3,82.2,+,7.4,14236702,1141348711.0,-805000,0,188854,2084000,0,262842,2889000,0,73988
20260410,1735,日勝化,26.8,27.5,25.5,27.5,+,2.5,3533207,93248361.0,-615000,0,-1884,467000,0,19523,1082000,0,21407
20260410,1721,三晃,17.35,18.35,17.3,17.7,-,0.4,1717163,30272789.0,-627000,0,1000,117000,0,1000,744000,0,0
20260410,00892,富邦台灣半導體,31.84,32.17,31.71,31.9,+,0.56,2162191,69113626.0,-4000,100000,-737143,131000,100000,874476,135000,0,1611619
20260410,6451,訊芯-KY,412.5,432.0,396.0,432.0,+,39.0,12124609,5042429974.0,-532178,81000,-193978,3174135,82000,178778,3706313,1000,372756
20260410,00926,凱基全球菁英55,23.38,23.44,23.36,23.41,+,0.13,1392114,32596035.0,0,0,-660034,0,0,273966,0,0,934000
20260410,6456,GIS-KY,54.6,55.0,51.9,52.8,-,1.3,4134814,219396621.0,-638000,-945,-35202,1030000,0,14960,1668000,945,50162
20260410,1712,興農,43.1,43.2,42.35,42.45,-,0.6,1141875,48658026.0,-374000,0,-353662,62000,0,8000,436000,0,361662
20260410,6282,康舒,47.0,47.9,45.25,46.15,+,0.05,12913842,598111759.0,-468980,-33000,-238141,3936020,0,233905,4405000,33000,472046
20260410,1313,聯成,12.1,12.1,11.6,11.75,-,0.15,4760048,55972975.0,-761000,0,18889,989000,0,25000,1750000,0,6111
20260410,4956,光鋐,36.8,37.2,35.0,35.8,-,0.7,7856165,282401700.0,-771111,0,-58,1271889,0,4000,2043000,0,4058
20260410,6415,矽力*-KY,288.0,294.5,278.0,279.5,-,2.5,4418313,1254057463.0,-531844,-231000,-13905,1578156,0,49689,2110000,231000,63594
20260410,8110,華東,50.0,51.7,48.8,49.3,-,0.1,11488770,574540596.0,-798502,-8000,26144,3194798,0,47239,3993300,8000,21095
20260410,00882,中信中國高股息,15.77,15.9,15.77,15.81,+,0.07,4367905,69126860.0,121000,0,-909920,165000,0,763955,44000,0,1673875
20260410,9941,裕融,75.7,76.1,74.8,74.8,-,0.8,1371178,103052855.0,-794800,-1000,-729,319200,0,9000,1114000,1000,9729
20260410,8271,宇瞻,165.0,169.5,159.0,164.5,+,10.0,10133485,1673411397.0,-884703,-2664,87125,2486300,0,205314,3371003,2664,118189
20260410,9103,美德醫療-DR,5.09,5.09,4.93,4.97,-,0.12,1467174,7305601.0,-808000,0,0,25000,0,0,833000,0,0
20260410,00907,永豐優息存股,14.78,14.81,14.74,14.75,-,0.02,977549,14435912.0,-43000,0,-768549,0,0,30000,43000,0,798549
20260410,2393,億光,71.5,72.1,69.5,69.7,-,1.4,2728813,192199020.0,-733500,-67466,-18606,500500,0,148409,1234000,67466,167015
20260410,6257,矽格,177.5,180.5,171.5,176.0,+,5.0,15610094,2734901647.0,-873875,102877,-52702,4440125,140000,172177,5314000,37123,224879
20260410,2103,台橡,19.55,19.55,18.9,19.55,,0.0,3335988,64307948.0,-555000,0,-273794,761000,0,23000,1316000,0,296794
20260410,8039,台虹,142.0,146.0,134.0,137.0,+,1.0,32882361,4591011551.0,-913098,-5523,84995,9926250,4477,563699,10839348,10000,478704
20260410,8070,長華*,47.05,48.15,46.45,47.6,+,0.75,7925523,376585757.0,-1059000,6000,205826,2344000,7000,229866,3403000,1000,24040
20260410,5484,慧友,40.55,40.6,39.2,40.35,-,3.2,1923626,76483280.0,-865000,-1000,-4000,115000,0,0,980000,1000,4000
20260410,1529,樂事綠能,24.0,24.15,23.05,23.7,-,1.2,2350584,55371382.0,-884000,0,384,210000,0,4000,1094000,0,3616
20260410,2457,飛宏,24.6,24.85,23.7,23.8,-,0.55,2851711,68639820.0,-836100,0,-59592,559000,0,40441,1395100,0,100033
20260410,3535,晶彩科,115.0,134.0,112.0,134.0,+,12.0,27003711,3420850354.0,-933381,0,36547,6121000,0,42547,7054381,0,6000
20260410,2353,宏碁,27.35,27.55,27.15,27.2,+,0.1,16086476,439176458.0,-263683,-873851,206081,5826317,3843,285081,6090000,877694,79000
20260410,6239,力成,214.0,217.5,212.0,214.5,+,5.0,10746500,2309696327.0,-278535,-1007890,353996,3584871,37295,422157,3863406,1045185,68161
20260410,2614,東森,20.8,20.9,20.15,20.2,-,0.65,1563090,31906013.0,-944436,0,6000,88000,0,6000,1032436,0,0
20260410,4722,國精化,176.5,177.0,165.5,169.0,-,7.5,2285141,387365828.0,-778000,-2000,-169235,215000,0,23701,993000,2000,192936
20260410,2360,致茂,1930.0,1930.0,1760.0,1785.0,-,55.0,4051559,7339636100.0,-967215,3547,-10,1824664,27242,94564,2791879,23695,94574
20260410,2401,凌陽,20.2,20.3,19.65,19.75,-,0.3,2014129,39902936.0,-932999,-21000,-24959,212001,0,17000,1145000,21000,41959
20260410,4746,台耀,53.5,53.5,51.3,51.4,-,2.0,1724734,89809108.0,-1023060,0,2882,162000,0,2882,1185060,0,0
20260410,9907,統一實,18.4,18.45,18.2,18.25,-,0.1,2142663,39176315.0,-956000,-69040,-1143,334000,19000,126,1290000,88040,1269
20260410,00910,第一金太空衛星,65.85,65.85,65.1,65.7,-,0.35,3088541,202411381.0,-662948,0,-366901,65052,0,131480,728000,0,498381
20260410,2886,兆豐金,39.75,39.9,39.6,39.85,+,0.1,24729687,983396101.0,-914972,-138647,-57000,12760655,1015353,65000,13675627,1154000,122000
20260410,6120,達運,14.85,14.9,13.6,13.95,-,0.5,13737387,194824806.0,-1090000,0,-26996,3491000,0,43532,4581000,0,70528
20260410,8131,福懋科,61.9,63.2,60.4,60.8,-,1.1,3723115,228930521.0,-1140698,-1034,-2653,539302,966,13000,1680000,2000,15653
20260410,4532,瑞智,24.65,24.75,24.3,24.45,,0.0,1923008,47090879.0,-1153000,-17916,2272,146000,0,7301,1299000,17916,5029
20260410,2201,裕隆,27.05,27.15,26.35,26.35,-,0.6,5332332,142091687.0,-1143075,0,-28172,973175,0,49000,2116250,0,77172
20260410,2834,臺企銀,15.4,15.55,15.3,15.35,,0.0,27124164,418087706.0,-1159596,-61563,28000,14227380,11437,51000,15386976,73000,23000
20260410,8046,南電,679.0,685.0,646.0,667.0,-,2.0,20854078,13850268601.0,-2364940,1227000,-60683,6198150,1241000,518311,8563090,14000,578994
20260410,2340,台亞,29.5,29.65,28.15,28.25,-,1.55,5581238,159850807.0,-1056000,0,-161076,1070000,0,40084,2126000,0,201160
20260410,5871,中租-KY,108.5,109.5,107.0,107.0,-,1.5,4644004,500910874.0,-1105266,-117920,3992,2600994,0,15070,3706260,117920,11078
20260410,2351,順德,121.0,125.0,119.0,123.0,+,6.0,9986863,1226936176.0,-1130000,0,-98716,2351000,0,39000,3481000,0,137716
20260410,1504,東元,59.9,60.3,59.3,59.7,+,0.2,7913374,471868144.0,-1076789,-166707,7191,3988745,9293,38000,5065534,176000,30809
20260410,3437,榮創,24.1,24.4,21.9,22.05,-,0.8,7160173,163654832.0,-1232000,0,-21922,1351000,0,13000,2583000,0,34922
20260410,2023,燁輝,14.15,14.15,13.8,14.0,-,0.05,4221535,58818274.0,-1269000,0,-5921,845000,0,0,2114000,0,5921
20260410,3006,晶豪科,158.5,164.5,153.5,156.0,+,1.0,16331683,2585647062.0,-1408311,-16000,132215,4107458,0,305735,5515769,16000,173520
20260410,8422,可寧衛*,29.55,29.55,28.9,29.1,-,0.15,7599226,221057365.0,-1072050,-171000,-86566,1990000,0,12000,3062050,171000,98566
20260410,2347,聯強,81.1,81.1,79.1,79.3,-,1.8,4076564,325094853.0,-1411750,-408021,460925,1528250,0,513090,2940000,408021,52165
20260410,2332,友訊,15.15,15.25,14.95,15.0,-,0.15,2573221,38710672.0,-1417000,0,-7303,179000,0,1000,1596000,0,8303
20260410,2615,萬海,78.3,78.6,77.1,77.1,-,1.2,8378145,650289956.0,-1417835,-8819,133,3144827,7181,111533,4562662,16000,111400
20260410,2419,仲琦,36.95,37.5,35.25,35.85,-,1.1,12251833,441235735.0,-1461200,0,-50093,1828000,0,26000,3289200,0,76093
20260410,4763,材料*-KY,42.55,42.95,41.7,41.9,-,0.25,4977642,209562343.0,-1519242,-88000,-324,892058,0,52126,2411300,88000,52450
20260410,2633,台灣高鐵,26.8,26.95,26.55,26.95,-,0.05,4772974,127389718.0,-1787960,10204,147770,1803948,15204,156000,3591908,5000,8230
20260410,1528,恩德,27.35,28.1,26.3,27.2,+,0.15,19388401,527285464.0,-1642985,-2000,4356,3576015,0,14000,5219000,2000,9644
20260410,3005,神基,101.0,101.5,99.2,100.0,-,0.5,3474595,347786852.0,-1387484,-238000,-58738,489300,2000,72293,1876784,240000,131031
20260410,2454,聯發科,1600.0,1605.0,1570.0,1575.0,,0.0,5738781,9068482680.0,-1441359,-276294,1819,2342832,5272,92698,3784191,281566,90879
20260410,6672,騰輝電子-KY,152.0,153.0,146.0,150.0,-,4.0,7435738,1109707311.0,-1726932,0,9683,1297000,0,22000,3023932,0,12317
20260410,2323,中環,10.95,11.0,10.75,10.85,,0.0,5543012,60324232.0,-1728231,0,-33551,837769,0,25000,2566000,0,58551
20260410,4989,榮科,74.8,80.7,73.0,80.7,+,7.3,49978157,3871373404.0,-1837061,0,-4112,10542013,0,38762,12379074,0,42874
20260410,2104,國際中橡,11.95,12.0,11.55,11.65,-,0.3,4929341,57611133.0,-1853000,0,-6491,908000,0,10000,2761000,0,16491
20260410,3711,日月光投控,390.0,397.5,385.0,393.0,+,1.0,17172884,6718399520.0,-1806129,-588575,522823,8559115,47212,785004,10365244,635787,262181
20260410,9105,泰金寶-DR,5.46,5.51,5.31,5.38,-,0.06,14057195,75569155.0,-1924410,0,-2921,1620000,0,429,3544410,0,3350
20260410,3380,明泰,41.5,41.75,38.85,39.1,-,2.2,11751931,466383017.0,-1782178,0,-171438,2246022,0,98525,4028200,0,269963
20260410,2903,遠百,22.8,22.95,22.7,22.8,-,0.35,3198786,72985241.0,-2066000,15000,25000,616000,15000,25000,2682000,0,0
20260410,2105,正新,32.1,32.3,31.55,31.65,-,0.3,7779774,247658831.0,-1840784,-126594,-66621,2347216,10910,24952,4188000,137504,91573
20260410,2355,敬鵬,54.0,57.3,53.2,53.9,+,1.0,61326788,3378514201.0,-2716792,-34040,697958,15826402,0,1780853,18543194,34040,1082895
20260410,5388,中磊,87.5,87.5,83.6,84.1,-,2.3,12108423,1028525084.0,-1217140,1000,-839369,2906000,1000,307458,4123140,0,1146827
20260410,1312,國喬,12.85,12.9,12.5,12.6,-,0.2,9500390,119857847.0,-1655200,0,-406069,2172000,0,216500,3827200,0,622569
20260410,2481,強茂,101.5,105.0,100.5,101.0,+,0.5,20158050,2062414380.0,-1892750,-216563,2104,5349250,88000,318310,7242000,304563,316206
20260410,4960,誠美材,21.1,23.0,21.0,23.0,+,2.05,23702120,532720997.0,-2264000,0,134391,4114000,0,166734,6378000,0,32343
20260410,00927,群益半導體收益,25.9,26.21,25.9,26.11,+,0.55,18265593,476306915.0,-268200,0,-1879325,2598800,0,1573396,2867000,0,3452721
20260410,1301,台塑,47.9,47.9,46.4,46.95,-,0.45,15739912,737128421.0,-2262518,-1000,80720,5061175,0,464998,7323693,1000,384278
20260410,1718,中纖,7.33,7.35,7.14,7.17,-,0.16,5742581,41378247.0,-2275219,0,26057,448000,0,41456,2723219,0,15399
20260410,6176,瑞儀,90.7,91.0,89.0,89.0,-,2.4,4541252,406868906.0,-2144900,-107269,-63436,973100,1000,52000,3118000,108269,115436
20260410,2449,京元電子,280.0,282.5,273.5,277.5,+,2.5,12317884,3415494314.0,-435937,-1961164,59568,4045803,17807,461879,4481740,1978971,402311
20260410,2883,凱基金,21.35,21.45,21.15,21.15,-,0.15,37471588,807764492.0,-3423781,1087007,-62353,17569702,2098007,340487,20993483,1011000,402840
20260410,6213,聯茂,225.0,225.0,207.0,214.0,-,2.5,37919510,8107088752.0,-2240664,111518,-311213,11022820,111518,780917,13263484,0,1092130
20260410,4927,泰鼎-KY,46.2,46.75,43.7,43.85,-,1.55,13815521,620411871.0,-2699000,0,-59224,2667000,0,28000,5366000,0,87224
20260410,4967,十銓,224.0,229.5,218.5,219.5,-,0.5,9937708,2220749449.0,-2723247,-1000,-36071,2054753,0,54202,4778000,1000,90273
20260410,5876,上海商銀,39.75,39.8,39.4,39.75,,0.0,6177991,244474711.0,-2577212,-254255,-88686,2441918,9745,38000,5019130,264000,126686
20260410,2369,菱生,31.35,32.5,30.3,30.9,+,0.45,21197848,662780075.0,-3097898,-1000,3323,4219102,0,43158,7317000,1000,39835
20260410,00662,富邦NASDAQ,102.3,102.6,102.2,102.6,+,1.1,6510952,666877269.0,-1796,0,-3196845,254,0,801983,2050,0,3998828
20260410,3189,景碩,399.5,400.0,373.0,381.0,-,6.0,25688029,9868927970.0,-2168917,-1235159,176378,5400824,365000,820111,7569741,1600159,643733
20260410,2609,陽明,51.1,51.4,50.8,51.3,,0.0,17677753,903412419.0,-3540864,-108511,221090,7678941,14489,388296,11219805,123000,167206
20260410,3062,建漢,31.5,32.3,30.35,30.45,-,0.35,35967288,1127801590.0,-3822100,1000,234891,7481300,1000,325064,11303400,0,90173
20260410,2312,金寶,23.1,23.15,22.3,22.45,-,0.35,12325310,279235454.0,-3756000,3000,-32883,1650000,3000,48000,5406000,0,80883
20260410,1216,統一,71.0,72.4,71.0,71.8,-,0.2,13670845,980188715.0,-2095153,-1928000,-32528,8024887,0,161554,10120040,1928000,194082
20260410,3673,TPK-KY,52.8,52.8,49.3,50.0,-,1.3,11489059,579391181.0,-3669315,0,-431237,1382816,0,90521,5052131,0,521758
20260410,2317,鴻海,200.5,202.5,199.5,200.5,+,0.5,60470665,12150482196.0,-4481158,-415577,594256,33758550,6245,858117,38239708,421822,263861
20260410,1711,永光,39.0,40.3,37.85,38.7,+,2.05,64447625,2530765099.0,-4344730,26000,-106692,16908770,26000,252953,21253500,0,359645
20260410,1402,遠東新,26.75,26.8,26.5,26.65,-,0.25,13560941,360770902.0,-4334988,-144596,-158507,6969596,66404,50000,11304584,211000,208507
20260410,3049,精金,13.25,13.25,11.7,11.95,-,0.55,16926792,206461760.0,-4727705,0,-33254,1433300,0,12000,6161005,0,45254
20260410,1102,亞泥,36.0,36.0,35.45,35.65,-,0.25,10774056,384440479.0,-4664359,-264820,-29746,4475734,80180,118000,9140093,345000,147746
20260410,8112,至上,85.9,86.9,80.8,81.6,-,1.0,28141061,2332138182.0,-4967458,2696,-102322,7626542,13745,269016,12594000,11049,371338
20260410,3715,定穎投控,190.0,191.5,185.0,186.5,-,0.5,23846137,4462882710.0,-4962438,-77423,-55972,4817459,577,285886,9779897,78000,341858
20260410,2337,旺宏,149.0,156.0,141.5,146.0,+,4.0,199176478,29701210298.0,-8924062,1737000,1839980,46585653,2600000,5554240,55509715,863000,3714260
20260410,2882,國泰金,73.9,73.9,72.5,72.9,-,0.7,20595209,1500241152.0,-6756557,1214691,126627,10425903,1890064,424000,17182460,675373,297373
20260410,2884,玉山金,32.6,32.6,32.2,32.25,-,0.35,25766300,833476997.0,-5776212,-155729,-164206,14430053,29271,233000,20206265,185000,397206
20260410,9904,寶成,28.55,28.65,28.3,28.4,-,0.15,12762811,362961615.0,-6094334,-235774,18479,4950000,67487,68000,11044334,303261,49521
20260410,1717,長興,77.6,80.6,66.5,80.0,+,6.2,218314064,15921872486.0,395467,-8026488,1032063,65151073,619000,4567053,64755606,8645488,3534990
20260410,4906,正文,40.55,42.7,39.2,40.2,,0.0,75942878,3083853292.0,-6373115,-17061,-578728,16472100,0,914517,22845215,17061,1493245
20260410,2892,第一金,28.9,29.1,28.6,28.6,-,0.5,24307679,699044357.0,-6515958,-583315,-1932,15061834,1685,53000,21577792,585000,54932
20260410,4958,臻鼎-KY,271.0,271.0,258.5,265.0,+,1.5,33833638,8919515301.0,-8630467,683001,-15556,7552678,701001,897382,16183145,18000,912938
20260410,6116,彩晶,8.97,8.97,8.34,8.51,-,0.24,27244772,231816307.0,-9024642,0,-705460,5641000,0,138668,14665642,0,844128
20260410,2881,富邦金,87.5,88.2,87.3,87.6,-,0.9,20801353,1822716640.0,-10071328,95570,204557,7438492,1253632,383000,17509820,1158062,178443
20260410,2610,華航,18.3,18.35,18.1,18.1,-,0.05,27270784,495261864.0,-11095470,-2081891,-1577917,5921570,19109,117000,17017040,2101000,1694917
20260410,3714,富采,58.9,59.4,51.6,52.0,-,5.3,77592704,4160176657.0,-16807898,25000,315006,14096388,25000,648000,30904286,0,332994
20260410,2891,中信金,54.0,54.4,53.6,54.0,-,0.8,43434788,2343423169.0,-21138307,720997,-229452,14496085,3129153,469971,35634392,2408156,699423
20260410,1802,台玻,62.1,62.5,57.4,57.7,-,1.8,76142508,4494264556.0,-18702114,0,-1984507,10140886,0,999412,28843000,0,2983919
20260410,1314,中石化,8.05,8.07,7.5,7.71,-,0.33,83254433,640864709.0,-21900217,0,-377163,15086783,0,100000,36987000,0,477163
20260410,1303,南亞,86.9,87.2,80.4,81.6,-,3.6,91721968,7609425205.0,-24956746,-3290000,-163798,21882667,233000,1622970,46839413,3523000,1786768
20260410,2367,燿華,79.2,79.5,74.3,75.0,-,2.5,111796139,8501099041.0,-29884498,-10075,-1755344,16907452,925,422448,46791950,11000,2177792
20260410,2409,友達,19.4,19.5,17.15,18.15,-,0.6,839678020,15141025298.0,-82542534,-1769,-11338934,225827266,7231,4865346,308369800,9000,16204280
20260410,3481,群創,27.55,27.55,25.4,26.0,-,0.95,391667912,10239177276.0,-92927159,-103868,-7128643,80407658,43132,7102508,173334817,147000,14231151
