tradeDate,stockCode,stockName,openPrice,highPrice,lowPrice,closePrice,changeSign,change,totalShares,totalAmount,foreignNetShares,investmentNetShares,dealerNetShares,foreignBuyShares,investmentBuyShares,dealerBuyShares,foreignSellShares,investmentSellShares,dealerSellShares
20260107,00919,群益台灣精選高息,22.59,22.93,22.59,22.92,+,0.39,182795717,4169967845.0,94985392,0,46262367,102064560,0,52463367,7079168,0,6201000
20260107,00878,國泰永續高股息,22.04,22.23,22.03,22.2,+,0.2,118841862,2634392283.0,48623590,0,46006504,48936339,0,52952504,312749,0,6946000
20260107,00940,元大台灣價值高息,9.35,9.45,9.34,9.43,+,0.09,93423386,879146217.0,9614200,0,66733100,10043000,0,70939100,428800,0,4206000
20260107,1303,南亞,60.1,64.7,60.0,64.7,+,5.8,206471229,13106802718.0,56944867,884798,3285471,85374202,1731000,5311768,28429335,846202,2026297
20260107,00939,統一台灣高息動能,14.94,15.07,14.94,15.04,+,0.13,57305214,861309579.0,21114000,0,33915820,21186000,0,35485820,72000,0,1570000
20260107,2002,中鋼,18.65,19.45,18.6,19.45,+,0.95,101684058,1947995426.0,52540328,-207009,2482681,65411349,0,3427681,12871021,207009,945000
20260107,00929,復華台灣科技優息,18.58,18.9,18.57,18.85,+,0.32,78538816,1474881891.0,2238111,0,46972545,8098051,0,53948345,5859940,0,6975800
20260107,2409,友達,16.4,16.7,15.8,16.7,+,1.5,852102789,14033733355.0,42426076,-328775,6421145,210836486,0,12305944,168410410,328775,5884799
20260107,2303,聯電,50.8,54.1,50.7,54.1,+,4.9,232693576,12435786065.0,52553122,-11233204,5498689,79071539,425000,7614894,26518417,11658204,2116205
20260107,0056,元大高股息,37.34,37.72,37.33,37.62,+,0.36,84166000,3161974457.0,11328300,0,34431474,15204626,0,34453473,3876326,0,21999
20260107,00918,大華優利高填息30,22.71,22.9,22.66,22.89,+,0.23,46116803,1052476861.0,15155150,0,20067490,15803000,0,22568490,647850,0,2501000
20260107,00712,復華富時不動產,9.27,9.32,9.27,9.28,+,0.03,41563899,386340430.0,25998000,0,4085059,26211000,0,8894999,213000,0,4809940
20260107,8422,可寧衛*,32.55,34.9,32.35,34.9,+,3.15,162827918,5535297043.0,27585480,-385000,297597,49682000,6425000,1160684,22096520,6810000,863087
20260107,1301,台塑,38.55,41.1,38.55,40.65,+,2.45,53964617,2172822382.0,24977572,-25745,1338013,33665203,0,1862981,8687631,25745,524968
20260107,1605,華新,37.3,39.65,37.3,39.65,+,3.6,264591244,10237740986.0,10460750,5052099,6827796,53987300,5304000,9366685,43526550,251901,2538889
20260107,1101,台泥,23.0,23.65,22.95,23.65,+,0.65,35146804,820947683.0,19713385,-112000,1334732,23461196,0,1454732,3747811,112000,120000
20260107,2609,陽明,55.5,57.7,55.5,57.6,+,2.1,32749776,1865358466.0,19228844,-76432,925429,22565126,0,996908,3336282,76432,71479
20260107,2337,旺宏,57.0,57.6,53.0,57.6,+,5.2,465772691,26031228776.0,4616760,16439000,-1574013,118285180,16439000,5500959,113668420,0,7074972
20260107,3231,緯創,155.5,161.0,155.5,158.5,+,4.0,77249582,12299110151.0,14780178,771702,3597402,33581426,902002,4689152,18801248,130300,1091750
20260107,2312,金寶,23.4,24.3,23.25,23.85,+,0.6,49555417,1181151092.0,10924900,0,3798523,18171000,0,3844109,7246100,0,45586
20260107,2027,大成鋼,35.3,37.55,35.3,37.5,+,2.45,55501691,2037946607.0,12927000,0,1128729,23924000,0,1540745,10997000,0,412016
20260107,00900,富邦特選高股息30,14.25,14.25,14.19,14.19,-,0.02,21447693,304874464.0,6227200,200000,7537837,6436200,200000,9284727,209000,0,1746890
20260107,6443,元晶,25.85,28.4,25.45,28.4,+,2.55,80654537,2262686129.0,13441980,0,414802,18546000,0,518802,5104020,0,104000
20260107,00946,群益科技高息成長,9.69,9.94,9.69,9.92,+,0.25,22583071,222210520.0,4352000,0,8563684,4567000,0,13081094,215000,0,4517410
20260107,00713,元大台灣高息低波,50.75,50.9,50.55,50.85,+,0.2,19055613,967509603.0,4783127,-135000,8258637,4799427,0,8968637,16300,135000,710000
20260107,1314,中石化,7.85,8.16,7.85,8.05,+,0.2,36528775,295043866.0,12685350,0,205000,19033000,0,208000,6347650,0,3000
20260107,1326,台化,31.4,32.95,31.4,32.5,+,1.3,28080910,911899169.0,12009221,0,372526,15838640,0,1030203,3829419,0,657677
20260107,2327,國巨*,257.0,260.0,252.5,253.0,-,0.5,47713033,12221493091.0,9504244,2320536,141669,18627398,2778000,865872,9123154,457464,724203
20260107,2603,長榮,190.0,197.0,189.5,195.5,+,6.0,20814500,4044981461.0,12303696,-2153411,346270,14436137,0,851596,2132441,2153411,505326
20260107,1802,台玻,34.5,35.4,34.25,35.35,+,1.2,66650515,2328728798.0,9192317,-900000,2049346,23244717,0,2748736,14052400,900000,699390
20260107,2610,華航,20.5,20.8,20.4,20.75,+,0.25,32957863,682040129.0,13204425,-3178320,152202,20826497,11000,778202,7622072,3189320,626000
20260107,00936,台新永續高息中小,16.53,16.75,16.5,16.7,+,0.25,10902087,181498554.0,117000,0,9865543,221000,0,10277544,104000,0,412001
20260107,8112,至上,80.0,86.5,78.7,84.5,+,5.8,113299383,9431008601.0,8048940,-1835348,2840678,29628400,375000,3803460,21579460,2210348,962782
20260107,2313,華通,103.5,112.5,99.5,110.5,+,7.0,141522055,15102014319.0,4532074,3873000,355264,44743150,3873000,2806007,40211076,0,2450743
20260107,9904,寶成,30.5,31.2,30.35,31.15,+,0.75,15514793,480474856.0,9660618,-771811,-211858,11771618,0,164376,2111000,771811,376234
20260107,2615,萬海,78.4,80.7,78.3,80.5,+,2.3,13410747,1072494692.0,7889173,-364521,365370,9435979,0,380370,1546806,364521,15000
20260107,00915,凱基優選高股息30,22.88,23.1,22.87,23.09,+,0.26,10519828,242323590.0,-31000,0,7837048,74000,0,9671048,105000,0,1834000
20260107,1717,長興,51.2,55.7,50.7,55.7,+,5.0,127396434,6820687164.0,4844242,751000,2008437,31498150,751000,2455993,26653908,0,447556
20260107,2618,長榮航,36.3,36.85,36.15,36.7,+,0.4,24071279,882443349.0,11906878,-5173102,-472166,17492554,31000,432834,5585676,5204102,905000
20260107,2105,正新,29.2,29.9,28.75,29.9,+,0.6,30045220,877847679.0,7516174,-1230065,-357440,15327199,0,244000,7811025,1230065,601440
20260107,00896,中信綠能及電動車,19.78,19.94,19.7,19.87,+,0.18,8097787,160654252.0,2370000,0,3296467,2508000,0,5211945,138000,0,1915478
20260107,2605,新興,25.7,27.15,25.7,27.15,+,1.45,10026497,267146895.0,4114000,0,1013274,4956000,0,1025274,842000,0,12000
20260107,2014,中鴻,15.85,17.3,15.85,17.2,+,1.4,39863557,666466430.0,3400000,0,1564643,12808000,0,1659015,9408000,0,94372
20260107,6005,群益證,24.9,25.25,24.85,25.25,+,0.5,13144045,329830036.0,7342923,-2478257,0,8896923,495000,0,1554000,2973257,0
20260107,8150,南茂,53.0,54.0,50.7,53.2,+,1.7,66244764,3472577693.0,4454000,0,247879,21068000,0,1471312,16614000,0,1223433
20260107,1718,中纖,6.84,7.07,6.84,7.0,+,0.17,8194980,57494100.0,4624000,0,26283,5265000,0,28283,641000,0,2000
20260107,00885,富邦越南,18.47,18.66,18.47,18.58,+,0.3,10834224,201260723.0,2350885,0,2279335,4201013,0,3177544,1850128,0,898209
20260107,1608,華榮,38.85,40.0,38.65,40.0,+,1.6,19080354,753468123.0,4065960,-11122,568353,7080000,0,585199,3014040,11122,16846
20260107,9105,泰金寶-DR,5.91,5.95,5.87,5.88,+,0.02,21134609,124867685.0,4520000,0,1985,7588000,0,2035,3068000,0,50
20260107,00961,FT臺灣永續高息,9.65,9.84,9.65,9.82,+,0.19,4835270,47250523.0,1316900,0,2900308,1368000,0,3300308,51100,0,400000
20260107,00930,永豐ESG低碳高息,17.51,17.85,17.51,17.81,+,0.3,5083383,90145085.0,1497000,0,2614546,1546000,0,3297546,49000,0,683000
20260107,1312,國喬,11.4,12.1,11.35,11.95,+,0.65,7771138,92215655.0,2816000,0,1091689,4139000,0,1176689,1323000,0,85000
20260107,00882,中信中國高股息,15.41,15.53,15.41,15.45,+,0.05,10265426,158866497.0,709000,0,2911765,770000,0,4205084,61000,0,1293319
20260107,1304,台聚,10.55,11.35,10.55,11.2,+,0.65,9081366,101090678.0,3152000,0,389802,5197000,0,395000,2045000,0,5198
20260107,1609,大亞,38.9,39.65,38.7,39.5,+,0.8,7436435,292438562.0,3206497,-24000,135678,3847234,0,153678,640737,24000,18000
20260107,2408,南亞科,242.0,248.0,230.0,241.0,+,12.5,166211293,39945993492.0,243052,1977822,1039436,49176752,3112000,3141990,48933700,1134178,2102554
20260107,2367,燿華,29.3,31.65,28.8,31.65,+,2.85,102198332,3139702388.0,609252,0,2631445,23238000,0,4065094,22628748,0,1433649
20260107,2492,華新科,130.0,134.0,128.0,132.0,+,2.5,21729525,2852121393.0,3451600,0,-288963,8206658,0,319476,4755058,0,608439
20260107,00960,野村全球航運龍頭,14.6,14.75,14.58,14.73,+,0.31,3653410,53679969.0,0,0,2990524,34000,0,3295524,34000,0,305000
20260107,3706,神達,92.8,94.0,91.7,92.1,-,0.5,23093219,2140559844.0,3061900,18500,-131430,7989000,19000,243873,4927100,500,375303
20260107,2356,英業達,43.3,43.95,43.2,43.85,+,0.65,11949864,521290582.0,1826867,1401845,-366431,4482867,1567000,74224,2656000,165155,440655
20260107,2481,強茂,79.7,81.8,78.9,80.9,+,1.7,9261611,746584550.0,1696000,743000,358028,3506000,852000,524795,1810000,109000,166767
20260107,2606,裕民,59.4,61.6,59.2,61.2,+,2.3,8056058,489182275.0,4729291,-2286753,326212,5565291,0,415212,836000,2286753,89000
20260107,00909,國泰數位支付服務,42.32,42.32,42.0,42.0,-,0.37,4740648,199579693.0,1149331,0,1384435,1333002,0,1655554,183671,0,271119
20260107,1402,遠東新,27.9,28.1,27.8,28.1,+,0.25,6179539,173136005.0,3334469,-824274,12000,4853852,0,23000,1519383,824274,11000
20260107,00922,國泰台灣領袖50,27.36,27.42,27.18,27.27,-,0.11,19741101,538682515.0,10487665,0,-7965598,13515665,0,1808327,3028000,0,9773925
20260107,00902,中信電池及儲能,13.43,13.59,13.43,13.43,+,0.01,3793679,51333477.0,776000,0,1522087,784000,0,2133883,8000,0,611796
20260107,2637,慧洋-KY,66.3,69.1,66.3,68.9,+,2.6,5559717,379666734.0,3490958,-1283217,52780,4267958,0,61780,777000,1283217,9000
20260107,3006,晶豪科,152.0,152.0,146.5,146.5,+,2.0,9089983,1356670918.0,1286000,20000,936355,2056000,20000,955998,770000,0,19643
20260107,1305,華夏,10.85,11.7,10.85,11.35,+,0.5,4928430,56368902.0,2236000,0,2033,2819000,0,2033,583000,0,0
20260107,00951,台新日本半導體,12.32,12.37,12.12,12.18,+,0.04,3266767,40118932.0,1086000,0,1112622,1116000,0,1522578,30000,0,409956
20260107,2329,華泰,57.4,58.3,56.0,56.0,-,0.4,22826273,1296837775.0,2519355,0,-322885,8162560,0,154005,5643205,0,476890
20260107,00701,國泰股利精選30,29.18,29.28,29.12,29.28,+,0.1,3224729,94253316.0,1131000,0,1056583,1189000,0,1634792,58000,0,578209
20260107,2009,第一銅,51.3,51.9,50.6,51.2,+,0.9,18017724,924103902.0,2014000,0,129742,5677000,0,236992,3663000,0,107250
20260107,3576,聯合再生,8.42,9.32,8.28,9.32,+,0.84,24008305,220066840.0,2081950,0,43432,3734000,0,102432,1652050,0,59000
20260107,8070,長華*,44.3,45.2,44.3,44.9,+,0.75,4617686,207364914.0,3115000,-1098000,97105,3695000,0,97105,580000,1098000,0
20260107,1710,東聯,12.2,13.05,12.2,12.9,+,0.75,6728532,85962368.0,2055000,0,13705,3182000,0,20837,1127000,0,7132
20260107,2855,統一證,24.9,25.2,24.85,25.1,+,0.2,4528641,113380184.0,2120000,-54000,0,2829000,0,0,709000,54000,0
20260107,2034,允強,20.9,22.0,20.8,21.8,+,1.5,6234823,134074991.0,1697000,0,256428,2502000,0,259295,805000,0,2867
20260107,00907,永豐優息存股,15.21,15.3,15.18,15.28,+,0.07,2307489,35102014.0,236000,0,1662198,260000,0,1825832,24000,0,163634
20260107,3035,智原,173.5,179.5,171.5,177.0,+,6.0,10980556,1944340691.0,1451986,16000,422838,3623190,16000,644689,2171204,0,221851
20260107,2371,大同,30.7,31.1,30.3,31.0,+,0.4,13364293,410662406.0,2804980,-1384901,454891,5836980,0,473891,3032000,1384901,19000
20260107,00932,兆豐永續高息等權,14.37,14.68,14.37,14.62,+,0.28,2155075,31363714.0,394000,0,1453014,395000,0,1687014,1000,0,234000
20260107,6505,台塑化,47.15,48.75,47.15,47.7,+,0.8,8500423,409067878.0,1744507,-8857,61345,4239507,0,119846,2495000,8857,58501
20260107,1409,新纖,14.65,15.0,14.65,14.95,+,0.35,4056768,60383051.0,1797000,0,-5225,2530000,0,2115,733000,0,7340
20260107,6153,嘉聯益,15.9,16.15,15.65,16.05,+,0.3,6947039,110897495.0,1787000,0,-1155,3504000,0,3000,1717000,0,4155
20260107,3532,台勝科,112.0,119.0,109.0,119.0,+,10.5,16280535,1884042579.0,1576190,0,201648,4611290,0,429289,3035100,0,227641
20260107,00941,中信上游半導體,18.95,19.05,18.91,18.92,+,0.37,2803342,53230574.0,207010,0,1551240,232010,0,1558737,25000,0,7497
20260107,00934,中信成長高股息,21.5,21.83,21.5,21.72,+,0.29,9948360,215917866.0,500000,0,1203848,986000,0,4938095,486000,0,3734247
20260107,5608,四維航,17.3,18.05,17.25,18.0,+,0.8,3152060,55921997.0,1670000,0,24059,1979000,0,26059,309000,0,2000
20260107,1313,聯成,9.86,10.4,9.86,10.3,+,0.45,5004724,51361033.0,1676000,0,8000,2624000,0,12000,948000,0,4000
20260107,00965,元大航太防衛科技,24.3,24.3,24.09,24.12,,0.0,7046933,170497754.0,293083,-800000,2153467,504083,0,3814466,211000,800000,1660999
20260107,9945,潤泰新,29.7,30.0,29.55,29.85,+,0.15,5505103,164358546.0,1912451,-231000,-43187,2670451,15000,34813,758000,246000,78000
20260107,00733,富邦臺灣中小,47.81,48.72,47.81,48.56,+,0.83,2355533,114236711.0,567102,0,1061965,573102,0,1457829,6000,0,395864
20260107,1310,台苯,8.73,8.98,8.73,8.93,+,0.24,3184821,28311160.0,1622000,0,5122,1951000,0,6000,329000,0,878
20260107,9907,統一實,17.8,18.3,17.8,18.25,+,0.45,4336031,78769791.0,527000,1066067,12000,1753000,1200000,17000,1226000,133933,5000
20260107,3034,聯詠,381.5,402.0,378.0,402.0,+,24.0,9543999,3749219075.0,1697113,-210317,81736,4469118,471000,257416,2772005,681317,175680
20260107,3714,富采,36.0,38.1,36.0,36.55,+,1.0,9555819,353292464.0,1514720,0,20169,3730000,0,26774,2215280,0,6605
20260107,00891,中信關鍵半導體,21.21,21.5,21.15,21.38,+,0.31,13611454,290768394.0,2319050,0,-801620,3088050,0,3882123,769000,0,4683743
20260107,2495,普安,31.1,33.3,31.1,33.3,+,3.0,24501039,804067689.0,1477700,0,8296,5832000,0,19305,4354300,0,11009
20260107,1905,華紙,11.4,11.85,11.35,11.85,+,0.55,3297098,38417202.0,1465000,0,-5,1685000,0,0,220000,0,5
20260107,2457,飛宏,28.1,29.1,28.0,29.0,+,1.0,4664616,133534185.0,1440000,0,8324,2396000,0,64324,956000,0,56000
20260107,3016,嘉晶,56.7,60.3,56.3,59.4,+,2.5,8652376,508796688.0,1037600,0,389346,2582600,0,423575,1545000,0,34229
20260107,00850,元大臺灣ESG永續,58.15,58.15,57.7,57.85,-,0.3,2089246,121000607.0,440000,0,975445,459000,0,1154916,19000,0,179471
20260107,2501,國建,23.25,24.0,23.25,24.0,+,0.75,2802577,66614568.0,1218666,-30000,199000,1758000,0,200000,539334,30000,1000
20260107,3060,銘異,34.7,36.35,34.65,36.35,+,3.3,16229715,583220275.0,1219900,0,140849,3098000,0,148849,1878100,0,8000
20260107,2436,偉詮電,49.2,50.2,49.0,49.8,+,1.5,4236881,210711139.0,1312980,0,36204,2231000,0,61630,918020,0,25426
20260107,00944,野村趨勢動能高息,14.74,14.89,14.74,14.85,+,0.15,1449764,21472444.0,322000,0,946626,354000,0,1075626,32000,0,129000
20260107,1319,東陽,95.7,95.8,94.2,94.9,-,0.2,3890660,368021477.0,2003038,-722537,-20721,2365038,0,164433,362000,722537,185154
20260107,3189,景碩,178.5,186.0,171.5,175.0,+,5.5,64764264,11681189691.0,-899653,3860000,-1744497,15001000,3860000,1654545,15900653,0,3399042
20260107,00762,元大全球AI,85.4,85.5,85.05,85.15,+,1.1,1400003,119358020.0,181224,0,1032354,254024,0,1036354,72800,0,4000
20260107,00952,凱基台灣AI50,12.24,12.36,12.24,12.31,+,0.15,2122365,26095621.0,591000,0,608826,591000,0,979254,0,0,370428
20260107,00971,野村美國研發龍頭,16.1,16.14,16.07,16.08,+,0.07,1499526,24157149.0,-2000,0,1196112,0,0,1304724,2000,0,108612
20260107,4739,康普,69.2,72.5,69.2,70.3,+,1.5,2937603,209570413.0,1145000,-21000,62545,1508000,0,69572,363000,21000,7027
20260107,2889,國票金,16.35,16.6,16.35,16.55,+,0.25,3414081,56492305.0,1158000,0,5,1665000,0,5,507000,0,0
20260107,8271,宇瞻,115.5,123.0,115.0,119.5,+,7.5,42659448,5086445885.0,808050,-5000,353337,9425080,0,443141,8617030,5000,89804
20260107,2104,國際中橡,11.15,11.5,11.05,11.45,+,0.3,2849541,32485686.0,1145003,0,3000,1890003,0,14000,745000,0,11000
20260107,2617,台航,29.95,31.1,29.9,31.1,+,1.15,1652887,50784199.0,1129900,0,-1000,1228900,0,0,99000,0,1000
20260107,2377,微星,96.4,97.2,95.1,96.3,+,0.5,7296572,701505032.0,1223252,-6329,-89244,3286093,15000,39146,2062841,21329,128390
20260107,1308,亞聚,12.8,13.6,12.8,13.55,+,0.75,3476460,46311183.0,1129000,0,-2005,1984000,0,0,855000,0,2005
20260107,2017,官田鋼,8.34,9.17,8.33,9.17,+,0.83,3873960,34640589.0,901000,0,191454,993000,0,199016,92000,0,7562
20260107,2360,致茂,941.0,941.0,906.0,922.0,+,66.0,5342988,4935922049.0,1186744,-31918,-81741,3913938,39502,126415,2727194,71420,208156
20260107,00901,永豐智能車供應鏈,26.69,26.72,26.41,26.49,-,0.05,1542300,40953359.0,436000,0,615033,438000,0,898138,2000,0,283105
20260107,1589,永冠-KY,16.35,17.05,16.3,17.0,+,0.75,1647042,27640911.0,1038000,0,-440,1169000,0,2000,131000,0,2440
20260107,00897,富邦基因免疫生技,8.95,9.02,8.95,9.0,+,0.27,1971518,17747035.0,1119000,0,-137306,1220000,0,348694,101000,0,486000
20260107,1504,東元,83.1,83.7,82.5,82.7,-,0.8,10894497,904058938.0,1377250,-210125,-200505,4158691,0,64000,2781441,210125,264505
20260107,00898,國泰基因免疫革命,8.09,8.2,8.09,8.19,+,0.3,2543530,20769361.0,1220000,0,-256214,1455000,0,184786,235000,0,441000
20260107,2451,創見,232.0,238.0,231.5,238.0,+,21.5,7169902,1698969176.0,1147000,-402728,209767,1892000,0,224767,745000,402728,15000
20260107,6177,達麗,52.5,53.7,52.4,53.5,+,1.0,1703868,90806856.0,1028688,-110000,12625,1256688,0,12625,228000,110000,0
20260107,9914,美利達,79.5,80.9,79.0,80.3,+,0.9,1919932,153778116.0,924530,0,4378,1453000,0,5214,528470,0,836
20260107,1810,和成,17.65,18.1,17.5,18.1,+,0.5,2254198,40228373.0,358000,213345,350000,651000,213345,350000,293000,0,0
20260107,4142,國光生,19.0,19.5,18.9,19.35,+,0.45,1958299,37745315.0,914000,0,0,1169000,0,0,255000,0,0
20260107,3673,TPK-KY,41.25,43.3,41.25,42.35,+,1.3,3715485,157565419.0,877000,0,26113,1885000,0,35363,1008000,0,9250
20260107,1309,台達化,11.15,11.65,11.1,11.5,+,0.4,1911078,21995711.0,899000,0,-1,1097000,0,0,198000,0,1
20260107,8114,振樺電,173.5,179.5,173.0,173.5,+,1.5,1636810,287509797.0,771500,90000,7795,961000,90000,15100,189500,0,7305
20260107,2355,敬鵬,31.8,32.6,31.6,32.3,+,0.95,2933832,94302471.0,834000,-20345,51837,1375000,0,52867,541000,20345,1030
20260107,4906,正文,27.3,27.55,26.9,27.25,+,0.05,3327055,90473352.0,881000,-27139,-2261,1618000,0,5741,737000,27139,8002
20260107,4306,炎洲,14.2,14.5,14.2,14.35,+,0.15,1574368,22614001.0,846000,0,0,908000,0,0,62000,0,0
20260107,8039,台虹,84.2,88.2,83.8,86.1,+,1.9,13100208,1125648065.0,546919,-11000,308112,3704000,0,456628,3157081,11000,148516
20260107,2031,新光鋼,37.9,40.4,37.75,40.4,+,2.8,3055046,120733958.0,725000,0,114351,1187000,0,138366,462000,0,24015
20260107,2103,台橡,14.8,15.4,14.8,15.35,+,0.6,1991681,30358042.0,839000,0,-971,1138000,0,29,299000,0,1000
20260107,3711,日月光投控,277.5,281.5,273.5,275.0,+,3.5,29114025,8055491884.0,333342,1141864,-647949,17872572,1203000,177413,17539230,61136,825362
20260107,9933,中鼎,31.0,31.45,31.0,31.2,+,0.2,2314820,72408378.0,850000,-30000,-6000,1405000,0,0,555000,30000,6000
20260107,9921,巨大,87.8,90.4,87.8,90.2,+,2.6,1419179,127083632.0,820349,0,-10841,1105221,0,3922,284872,0,14763
20260107,8021,尖點,188.0,198.5,183.5,193.0,+,9.5,33642234,6437607690.0,798481,-41000,46699,8291579,0,177926,7493098,41000,131227
20260107,5469,瀚宇博,92.1,93.9,91.3,92.8,+,1.3,4968592,460788598.0,645600,0,135390,1781100,0,141669,1135500,0,6279
20260107,2881,富邦金,96.5,96.7,95.7,96.1,-,0.3,13021584,1251224298.0,4022043,-3311411,8880,9156345,0,332000,5134302,3311411,323120
20260107,1795,美時,275.0,281.0,273.0,281.0,+,9.0,2004776,558540809.0,660000,-299,58048,1221000,0,90986,561000,299,32938
20260107,2324,仁寶,30.8,31.15,30.55,30.95,+,0.15,26345709,813915861.0,3166480,-2143269,-338877,12712180,1805000,220339,9545700,3948269,559216
20260107,2023,燁輝,14.8,15.35,14.8,15.2,+,0.5,4197006,63460649.0,683000,0,-2000,1947000,0,0,1264000,0,2000
20260107,8105,凌巨,14.2,15.0,14.2,15.0,+,1.35,28057364,415050292.0,679100,0,1616,3661100,0,20616,2982000,0,19000
20260107,3592,瑞鼎,220.0,227.5,220.0,222.5,+,3.5,2052129,458518445.0,885000,-215402,6195,1232000,9000,8199,347000,224402,2004
20260107,2328,廣宇,49.0,49.6,48.7,48.8,-,0.2,4950867,242935509.0,661000,0,9372,1617000,0,49150,956000,0,39778
20260107,2504,國產,37.3,37.8,37.05,37.65,+,0.55,2999317,112741951.0,-750000,1431298,-16880,782000,1500000,1300,1532000,68702,18180
20260107,6757,台灣虎航,64.8,66.0,64.4,66.0,+,1.6,1506729,98837059.0,652010,0,6087,1010010,0,12087,358000,0,6000
20260107,1215,卜蜂,135.0,138.0,133.5,137.5,+,4.0,1980230,270755195.0,341000,248000,66762,1037000,258000,70762,696000,10000,4000
20260107,00731,復華富時高息低波,69.45,70.05,69.45,70.0,+,0.75,947869,66245650.0,457000,0,188162,467000,0,468162,10000,0,280000
20260107,2379,瑞昱,523.0,530.0,518.0,530.0,+,18.0,2930914,1542823734.0,810000,-109193,-58100,2317337,49000,50002,1507337,158193,108102
20260107,3014,聯陽,112.5,118.0,112.5,117.0,+,5.0,2562070,297842781.0,639938,-92966,87642,991938,16000,105000,352000,108966,17358
20260107,2331,精英,23.4,24.15,23.2,23.85,+,0.7,6876956,162795694.0,-230000,500000,354365,1791000,500000,433365,2021000,0,79000
20260107,2441,超豐,90.2,91.5,87.9,88.5,-,1.2,8668711,770538535.0,736000,52000,-170852,2743000,233000,9000,2007000,181000,179852
20260107,2478,大毅,62.0,65.2,62.0,63.0,+,1.6,3614034,229905658.0,611000,0,5316,1366000,0,5316,755000,0,0
20260107,2101,南港,37.15,37.65,37.0,37.45,+,0.3,1645886,61514456.0,612999,0,-13000,1075000,0,7000,462001,0,20000
20260107,3704,合勤控,33.3,34.2,33.25,33.35,+,0.45,3260545,109830847.0,575200,0,11000,1261200,0,11000,686000,0,0
20260107,6415,矽力*-KY,210.0,227.0,201.0,227.0,+,20.5,20098731,4363186465.0,157645,0,423334,7876700,0,587439,7719055,0,164105
20260107,2392,正崴,36.7,37.2,36.4,37.15,+,0.7,1730460,63827606.0,551933,0,23609,869000,0,27746,317067,0,4137
20260107,3056,富華新,17.7,17.95,17.6,17.9,+,0.25,1231231,21901424.0,518000,0,46940,617000,0,46940,99000,0,0
20260107,3135,凌航,94.0,98.8,93.2,96.0,+,6.1,17148560,1672180308.0,568538,0,-8348,3354000,0,41030,2785462,0,49378
20260107,2332,友訊,15.35,15.6,15.2,15.4,+,0.15,3227882,49756292.0,478000,0,72897,1297000,0,73000,819000,0,103
20260107,00962,台新AI優息動能,10.92,11.11,10.92,11.04,+,0.12,1057554,11646616.0,-9000,0,559615,0,0,940218,9000,0,380603
20260107,1714,和桐,8.07,8.2,8.07,8.16,+,0.1,2492005,20313503.0,546000,0,0,1156000,0,0,610000,0,0
20260107,2405,輔信,18.0,18.25,17.95,18.15,+,0.35,2160342,39149061.0,532000,0,-1000,926000,0,0,394000,0,1000
20260107,1708,東鹼,32.65,32.9,32.5,32.6,+,0.05,974852,31863897.0,527000,0,3465,611000,0,3465,84000,0,0
20260107,1434,福懋,15.6,16.7,15.6,16.4,+,0.85,7534521,122460916.0,1200000,-500000,-177862,2403000,0,1000,1203000,500000,178862
20260107,00921,兆豐龍頭等權重,17.66,17.74,17.66,17.72,+,0.12,718772,12719967.0,164000,0,357987,170000,0,385987,6000,0,28000
20260107,8131,福懋科,68.8,70.0,66.8,68.4,+,0.6,24436853,1663228089.0,518000,0,685,6369000,0,21243,5851000,0,20558
20260107,1444,力麗,5.98,6.04,5.98,6.03,+,0.06,882340,5311741.0,515000,0,0,596000,0,0,81000,0,0
20260107,00954,中信日本半導體,13.12,13.25,12.97,13.05,+,0.03,1567228,20607270.0,63000,0,430673,64000,0,766673,1000,0,336000
20260107,6962,奕力-KY,38.45,39.4,38.35,38.9,+,0.75,2516252,97997615.0,473000,0,10889,946000,0,12918,473000,0,2029
20260107,2208,台船,19.8,19.85,19.5,19.7,-,0.15,3542719,69691054.0,487000,-4000,0,757000,0,0,270000,4000,0
20260107,6706,惠特,131.5,134.0,126.0,128.0,-,3.5,6458827,836584524.0,577200,0,-113633,1808200,0,37000,1231000,0,150633
20260107,2342,茂矽,36.15,36.15,35.3,36.15,+,3.25,16586167,597905251.0,381550,0,80922,1790000,0,203922,1408450,0,123000
20260107,1727,中華化,49.5,52.0,48.0,52.0,+,3.35,18661647,919327589.0,462000,0,-2680,4252000,0,4733,3790000,0,7413
20260107,4938,和碩,68.8,69.7,68.5,69.6,+,0.7,16645536,1152789388.0,8758411,-8046727,-262145,11178411,1017000,79461,2420000,9063727,341606
20260107,2612,中航,58.3,61.4,57.9,61.3,+,3.2,1989501,119264075.0,376000,0,69881,719000,0,92061,343000,0,22180
20260107,2323,中環,11.35,11.7,11.2,11.6,+,0.3,27916161,320579263.0,387000,0,48000,8204000,0,48000,7817000,0,0
20260107,1476,儒鴻,386.0,389.0,380.0,389.0,+,3.0,1057733,407610333.0,432430,-2942,-993,798135,0,5554,365705,2942,6547
20260107,2351,順德,75.8,77.6,75.4,77.0,+,1.4,1020316,78474233.0,419000,0,6399,557000,0,16123,138000,0,9724
20260107,2498,宏達電,48.35,48.4,47.6,47.8,-,0.9,11116727,532939072.0,652448,-4000,-227833,3085448,0,136000,2433000,4000,363833
20260107,7769,鴻勁,3310.0,3370.0,3260.0,3320.0,+,60.0,1032584,3434551070.0,279154,139950,-2929,623344,154000,16073,344190,14050,19002
20260107,4720,德淵,18.75,19.05,17.65,18.9,+,0.3,6879323,126213557.0,401000,-2538,0,1431000,0,0,1030000,2538,0
20260107,2228,劍麟,106.0,110.5,105.5,110.0,+,4.5,2015460,219333810.0,327000,0,71000,494000,0,73007,167000,0,2007
20260107,6269,台郡,56.8,58.6,56.3,58.4,+,1.8,1786734,102884151.0,418030,0,-21319,996030,0,13227,578000,0,34546
20260107,2419,仲琦,25.4,25.45,24.85,25.2,+,0.1,2344241,58974514.0,484000,0,-88791,863000,0,11242,379000,0,100033
20260107,6446,藥華藥,499.0,524.0,497.5,507.0,+,7.0,3054513,1563511093.0,396291,-14000,12766,1259495,0,51766,863204,14000,39000
20260107,3010,華立,110.0,112.0,109.5,111.0,+,1.5,1560398,172730244.0,397000,-6596,1073,879000,10000,21073,482000,16596,20000
20260107,00943,兆豐電子高息等權,14.53,14.7,14.53,14.65,+,0.2,419020,6126160.0,131000,0,259388,134000,0,260388,3000,0,1000
20260107,2851,中再保,26.4,26.65,26.4,26.5,+,0.1,930482,24644390.0,386000,0,0,648000,0,0,262000,0,0
20260107,00730,富邦臺灣優質高息,23.43,23.73,23.43,23.63,+,0.2,449766,10604640.0,35000,0,350682,39000,0,362912,4000,0,12230
20260107,2454,聯發科,1490.0,1505.0,1475.0,1490.0,+,5.0,7517221,11219211765.0,-472581,740300,116543,3340948,775500,314028,3813529,35200,197485
20260107,00905,FT臺灣Smart,18.18,18.18,18.06,18.09,-,0.08,2006108,36362198.0,-98980,0,482379,13020,0,639276,112000,0,156897
20260107,5243,乙盛-KY,80.5,83.7,80.5,81.1,+,1.6,3519558,289641854.0,313000,0,68728,1296000,0,75894,983000,0,7166
20260107,1904,正隆,17.15,17.5,17.1,17.45,+,0.35,998827,17356309.0,380007,0,0,516007,0,0,136000,0,0
20260107,8011,台通,21.7,22.0,21.55,22.0,+,0.4,950840,20740909.0,378000,0,1000,475000,0,1000,97000,0,0
20260107,1307,三芳,31.15,32.25,31.15,32.15,+,1.0,1208801,38576279.0,492000,0,-113999,617000,0,9001,125000,0,123000
20260107,3025,星通,70.9,70.9,70.9,70.9,+,6.4,2306835,163554531.0,-20000,0,394805,0,0,394805,20000,0,0
20260107,5515,建國,37.0,38.75,36.85,38.7,+,1.7,1137445,43369453.0,298000,80000,-8000,616000,80000,0,318000,0,8000
20260107,6789,采鈺,285.5,286.5,277.5,280.5,-,4.5,1797941,505464697.0,425082,2000,-61261,674000,2000,28324,248918,0,89585
20260107,5388,中磊,79.6,80.3,78.4,79.6,+,2.4,5909375,470027289.0,1049000,-758000,62051,2898000,0,71110,1849000,758000,9059
20260107,2375,凱美,95.4,96.6,93.0,93.3,-,1.6,3604070,342100533.0,386300,0,-35257,1117300,0,13282,731000,0,48539
20260107,1611,中電,13.2,13.3,13.1,13.15,,0.0,1289932,17041829.0,353000,0,-3466,626000,0,1000,273000,0,4466
20260107,2493,揚博,119.0,122.5,117.5,120.5,+,1.5,1541213,184962234.0,292000,0,55351,666000,0,61123,374000,0,5772
20260107,6202,盛群,37.4,38.8,37.4,38.65,+,1.35,1013675,39039967.0,319000,20000,4161,490000,20000,4377,171000,0,216
20260107,00643,群益深証中小,17.85,17.91,17.75,17.75,-,0.04,3224711,57612467.0,-272000,0,606645,126000,0,2951732,398000,0,2345087
20260107,3588,通嘉,48.2,50.5,48.2,49.3,+,1.25,690999,34348541.0,328000,0,197,387000,0,197,59000,0,0
20260107,1449,佳和,11.1,11.7,11.1,11.4,+,0.3,1481880,17037579.0,328000,0,0,471000,0,0,143000,0,0
20260107,2929,淘帝-KY,7.64,7.85,7.63,7.8,+,0.11,598820,4645772.0,318000,0,0,326000,0,0,8000,0,0
20260107,6901,鑽石投資,16.3,16.6,16.2,16.45,+,0.35,655867,10776283.0,318000,0,0,408000,0,0,90000,0,0
20260107,3535,晶彩科,91.3,92.7,90.8,91.4,-,0.2,3129054,286722563.0,306100,0,10221,1228100,0,14000,922000,0,3779
20260107,00892,富邦台灣半導體,23.13,23.33,23.05,23.22,+,0.17,1034167,23992919.0,-21000,0,335396,31000,0,742268,52000,0,406872
20260107,2913,農林,13.15,13.4,13.15,13.35,+,0.2,1579305,20978771.0,311000,0,0,802000,0,0,491000,0,0
20260107,2614,東森,22.05,22.65,21.95,22.55,+,0.55,1220422,27198500.0,325000,-14000,-1001,487000,0,0,162000,14000,1001
20260107,2537,聯上發,11.35,11.95,11.35,11.9,+,0.55,2274466,26662419.0,315000,0,-7001,820000,0,0,505000,0,7001
20260107,3701,大眾控,49.7,50.6,49.4,50.5,+,1.15,1360290,68249627.0,306110,0,-1000,319110,0,1000,13000,0,2000
20260107,2038,海光,14.6,15.6,14.4,15.6,+,1.4,2467946,37856102.0,299000,0,4889,420000,0,11889,121000,0,7000
20260107,2385,群光,116.5,118.0,115.0,116.0,+,0.5,9399034,1093999318.0,4966094,-4540716,-124654,6314094,13000,35000,1348000,4553716,159654
20260107,9955,佳龍,31.0,31.25,30.75,31.25,+,0.35,596535,18529889.0,297000,0,0,331000,0,0,34000,0,0
20260107,2395,研華,288.5,294.0,288.0,288.5,+,0.5,1566949,454733663.0,267781,19814,7043,757040,30000,26000,489259,10186,18957
20260107,6168,宏齊,20.2,20.9,20.1,20.8,+,0.8,1162993,23989113.0,295000,0,-1000,378000,0,0,83000,0,1000
20260107,4564,元翎,17.2,17.3,17.0,17.2,,0.0,564936,9692544.0,293000,0,0,351000,0,0,58000,0,0
20260107,1503,士電,170.0,172.5,169.5,171.5,+,2.0,896207,153143712.0,277898,-155,8553,406898,0,14800,129000,155,6247
20260107,4989,榮科,49.5,50.5,48.85,49.85,-,0.05,9382515,466253103.0,283000,0,-487,2647000,0,1606,2364000,0,2093
20260107,00895,富邦未來車,40.36,40.36,40.17,40.17,-,0.19,820436,33010195.0,17000,0,262304,26000,0,474155,9000,0,211851
20260107,5871,中租-KY,105.5,106.5,104.5,105.0,-,0.5,7280702,766783212.0,1652719,-1360893,-13748,3572903,10000,3000,1920184,1370893,16748
20260107,2613,中櫃,23.7,24.1,23.7,24.05,+,0.6,531250,12724348.0,278000,0,0,336000,0,0,58000,0,0
20260107,2601,益航,5.35,5.54,5.35,5.53,+,0.18,1812725,9892439.0,278000,0,0,393000,0,0,115000,0,0
20260107,5269,祥碩,1195.0,1305.0,1190.0,1305.0,+,115.0,1779247,2254074135.0,172390,-109,103159,648605,0,120969,476215,109,17810
20260107,3026,禾伸堂,107.0,108.0,105.0,106.0,,0.0,1188663,126351804.0,292634,-7000,-13626,551634,0,1000,259000,7000,14626
20260107,3717,聯嘉投控,16.5,17.3,16.5,17.2,+,0.6,701787,11921969.0,284000,0,-12000,334000,0,0,50000,0,12000
20260107,6271,同欣電,130.5,132.5,128.5,129.5,-,1.0,2067390,269456670.0,247650,0,22759,608000,0,57501,360350,0,34742
20260107,6589,台康生技,61.8,63.0,61.8,62.4,+,0.6,735631,45927538.0,268000,0,0,416000,0,0,148000,0,0
20260107,2413,環科,44.2,44.2,42.2,42.95,-,0.95,2548575,109012867.0,257965,0,7000,317025,0,14000,59060,0,7000
20260107,6166,凌華,67.0,68.8,67.0,67.3,+,1.2,1503774,102216905.0,244981,0,14123,640000,0,16347,395019,0,2224
20260107,1528,恩德,21.5,22.0,20.8,21.9,+,0.05,5461946,116008504.0,239050,0,20000,513050,0,37000,274000,0,17000
20260107,2340,台亞,26.6,28.15,26.45,27.45,+,0.85,4623260,126194420.0,206000,0,50599,1607000,0,91587,1401000,0,40988
20260107,1103,嘉泥,13.7,13.95,13.7,13.8,+,0.1,466064,6432625.0,240000,0,14000,253000,0,14000,13000,0,0
20260107,2597,潤弘,171.0,171.5,168.0,171.5,+,0.5,601159,102422872.0,259000,-1000,-4000,357000,0,0,98000,1000,4000
20260107,2484,希華,20.4,20.85,20.25,20.85,+,0.6,680144,14017144.0,253000,0,-2473,296000,0,1000,43000,0,3473
20260107,8016,矽創,181.0,184.0,180.5,184.0,+,3.5,1289381,235522149.0,629000,-393344,13083,787000,10000,13120,158000,403344,37
20260107,2903,遠百,21.85,22.15,21.8,22.1,+,0.35,2789782,61523423.0,342000,-102000,8000,1377000,0,10000,1035000,102000,2000
20260107,3437,榮創,14.4,15.45,14.35,15.45,+,1.4,1507554,23010781.0,239000,0,7481,272000,0,7481,33000,0,0
20260107,1442,名軒,29.8,30.55,29.7,30.0,+,0.4,1507345,45432024.0,246000,0,-68,898000,0,1075,652000,0,1143
20260107,3530,晶相光,80.5,85.5,79.0,79.0,+,0.9,5214484,429563474.0,245000,0,-2548,1485000,0,8084,1240000,0,10632
20260107,3031,佰鴻,19.45,20.05,19.45,19.95,+,0.55,536567,10684956.0,245000,0,-4000,280000,0,0,35000,0,4000
20260107,2302,麗正,18.25,18.8,18.25,18.4,+,0.35,1130671,20945676.0,242000,-4000,-2308,407000,0,1000,165000,4000,3308
20260107,6139,亞翔,606.0,608.0,588.0,595.0,-,8.0,4168688,2491322257.0,122155,-11077,124219,1258131,0,219914,1135976,11077,95695
20260107,00876,元大全球5G,55.75,55.8,55.25,55.45,+,0.85,369709,20558917.0,-9489,0,244331,4000,0,245341,13489,0,1010
20260107,2359,所羅門,140.0,141.5,133.0,133.5,-,4.0,5658745,778631672.0,254625,0,-20663,1324005,0,53005,1069380,0,73668
20260107,2201,裕隆,31.9,32.25,31.75,32.1,+,0.35,3463360,110921075.0,228507,0,5425,1251707,0,6061,1023200,0,636
20260107,9939,宏全,117.0,119.5,116.5,118.5,+,1.5,825496,97574266.0,256314,-25000,-887,380000,0,130,123686,25000,1017
20260107,6831,邁科,295.0,295.0,269.0,276.5,-,18.5,2071755,583798356.0,239040,0,-9000,290040,0,1000,51000,0,10000
20260107,2374,佳能,80.3,81.2,79.0,79.3,-,0.3,6972054,557785626.0,269090,-14000,-26035,1924100,0,53350,1655010,14000,79385
20260107,2069,運錩,18.3,19.1,18.3,18.95,+,0.85,897953,16884714.0,228000,0,0,257000,0,0,29000,0,0
20260107,1903,士紙,54.4,55.4,54.4,55.0,+,1.2,466533,25564433.0,219000,0,7588,237000,0,7588,18000,0,0
20260107,1618,合機,42.2,43.2,42.0,42.85,+,0.4,718913,30664175.0,222000,0,2025,278000,0,2025,56000,0,0
20260107,6235,華孚,62.9,62.9,61.9,62.7,+,0.4,730516,45593938.0,241000,-7000,-10001,379000,0,0,138000,7000,10001
20260107,5434,崇越,303.5,307.0,301.0,307.0,+,4.5,906675,276060276.0,130000,116000,-22814,502000,181000,5429,372000,65000,28243
20260107,9103,美德醫療-DR,4.36,4.46,4.34,4.44,+,0.08,871550,3831335.0,223000,0,0,229000,0,0,6000,0,0
20260107,2010,春源,20.55,21.15,20.5,21.0,+,0.55,2666440,55711622.0,222000,0,0,620000,0,0,398000,0,0
20260107,6515,穎崴,3150.0,3315.0,3090.0,3305.0,+,175.0,1294862,4177525125.0,167136,52000,2658,646136,100000,24537,479000,48000,21879
20260107,8454,富邦媒,203.0,210.0,202.5,209.0,+,6.0,900323,187012536.0,-20279,241937,-1749,425874,242000,1251,446153,63,3000
20260107,1603,華電,36.95,37.85,36.95,37.65,+,0.7,636218,23879321.0,228000,-6000,-3000,290000,0,0,62000,6000,3000
20260107,2530,華建,28.7,29.4,28.5,29.1,+,0.4,1324980,38519657.0,-253000,500000,-28163,365000,500000,9000,618000,0,37163
20260107,3607,谷崧,14.15,14.55,14.15,14.5,+,0.35,387800,5595890.0,217000,0,0,240000,0,0,23000,0,0
20260107,9938,百和,51.2,51.9,51.1,51.9,+,0.9,1565490,80777285.0,610000,-400000,5738,904000,0,6000,294000,400000,262
20260107,4532,瑞智,24.1,24.3,24.0,24.3,+,0.1,931066,22551154.0,241000,-28524,3000,394000,0,4000,153000,28524,1000
20260107,2390,云辰,9.71,10.05,9.71,10.0,+,0.3,584353,5785900.0,217000,0,-4000,224000,0,0,7000,0,4000
20260107,6189,豐藝,44.0,44.7,43.95,44.6,+,0.35,680495,30185719.0,182000,0,29168,337000,0,31193,155000,0,2025
20260107,2607,榮運,57.4,57.9,57.1,57.8,+,0.8,995223,57244672.0,497000,-286000,0,633000,0,0,136000,286000,0
20260107,3406,玉晶光,439.0,444.0,436.0,438.5,+,1.5,570626,251312577.0,318352,-117000,8790,376492,2000,22244,58140,119000,13454
20260107,6669,緯穎,4675.0,4720.0,4515.0,4670.0,+,55.0,2149436,9922592340.0,152095,48719,9030,1020249,60000,67634,868154,11281,58604
20260107,6426,統新,93.5,95.3,90.0,90.0,-,3.7,1498073,137816128.0,209442,0,121,489000,0,2000,279558,0,1879
20260107,6854,錼創科技-KY創,130.5,141.5,128.0,137.5,+,8.5,781306,106139245.0,200000,0,8692,299000,0,33858,99000,0,25166
20260107,3712,永崴投控,24.4,24.8,24.3,24.8,+,0.4,502921,12347798.0,208000,0,144,316000,0,1000,108000,0,856
20260107,1477,聚陽,293.0,299.5,291.5,297.5,+,6.0,1563624,463854873.0,326000,-183780,64036,960000,0,110036,634000,183780,46000
20260107,6799,來頡,82.8,87.0,82.8,85.0,+,3.6,514026,43627488.0,204000,0,-1000,246000,0,0,42000,0,1000
20260107,2022,聚亨,7.84,8.62,7.84,8.62,+,0.78,2334294,19693500.0,195000,0,7117,211000,0,20117,16000,0,13000
20260107,3209,全科,32.15,32.45,31.95,32.35,+,0.25,608739,19665627.0,209000,-7493,-360,355000,0,0,146000,7493,360
20260107,2520,冠德,32.15,32.7,32.0,32.65,+,0.65,2716767,88084284.0,991000,-800000,9455,1741000,0,23000,750000,800000,13545
20260107,3694,海華,60.6,60.6,59.4,59.7,-,0.7,1005628,60207465.0,203100,0,-4425,406100,0,4000,203000,0,8425
20260107,00861,元大全球未來通訊,58.55,58.85,58.35,58.45,+,0.25,222810,13060592.0,10000,0,187085,10000,0,187085,0,0,0
20260107,5471,松翰,32.4,33.25,32.35,33.1,+,0.9,419717,13854111.0,167000,0,26000,220000,0,26000,53000,0,0
20260107,2636,台驊控股,66.2,67.5,66.1,67.0,+,0.7,292659,19577404.0,192000,0,850,209000,0,900,17000,0,50
20260107,1709,和益,16.75,17.1,16.7,16.9,+,0.25,775317,13115343.0,190000,0,0,241000,0,0,51000,0,0
20260107,2348,海悅,82.0,82.7,81.7,82.5,+,0.5,356163,29301635.0,179000,0,10159,227000,0,12159,48000,0,2000
20260107,2611,志信,14.45,14.95,14.45,14.95,+,0.45,466818,6872939.0,189000,0,0,228000,0,0,39000,0,0
20260107,2231,為升,92.9,94.4,91.6,94.2,+,2.3,446266,41384472.0,190000,0,-1921,300000,0,577,110000,0,2498
20260107,3450,聯鈞,263.0,266.0,258.0,258.5,-,3.0,6612428,1727391657.0,143160,-6000,50183,1621160,0,121979,1478000,6000,71796
20260107,1218,泰山,18.1,18.25,18.05,18.15,+,0.1,512945,9312392.0,185000,0,-1000,244000,0,0,59000,0,1000
20260107,00899,FT潔淨能源,21.25,21.28,21.21,21.22,+,0.17,275220,5847911.0,-2000,0,184046,0,0,184046,2000,0,0
20260107,4956,光鋐,20.95,21.4,20.75,21.05,+,0.25,896830,18849344.0,182000,0,0,335000,0,0,153000,0,0
20260107,1789,神隆,20.65,20.65,20.65,20.65,+,1.85,1084367,22392145.0,-17000,0,197028,0,0,204028,17000,0,7000
20260107,00636,國泰中國A50,27.8,27.85,27.63,27.63,-,0.1,778607,21608123.0,2000,0,176118,2000,0,596000,0,0,419882
20260107,1464,得力,11.05,11.2,11.0,11.05,+,0.1,372598,4135045.0,177000,0,1000,184000,0,1000,7000,0,0
20260107,2020,美亞,23.35,24.15,23.25,24.1,+,0.95,610252,14526898.0,174770,0,0,235000,0,0,60230,0,0
20260107,3008,大立光,2590.0,2630.0,2545.0,2550.0,-,25.0,1508994,3915234705.0,-18334,186647,6340,526382,319000,43952,544716,132353,37612
20260107,9958,世紀鋼,142.5,142.5,138.0,139.0,-,3.0,1742362,242585739.0,163196,-6000,17078,708206,0,44043,545010,6000,26965
20260107,6243,迅杰,35.85,36.25,35.0,35.6,-,0.25,376992,13361503.0,172000,0,-460,205000,0,1000,33000,0,1460
20260107,3059,華晶科,41.15,41.3,40.65,41.0,-,0.05,1929909,79060199.0,141078,0,29840,569078,0,33000,428000,0,3160
20260107,2511,太子,8.39,8.68,8.39,8.45,+,0.34,3417321,28969554.0,191000,0,-25000,867000,0,11000,676000,0,36000
20260107,1447,力鵬,5.17,5.25,5.16,5.21,+,0.04,1047113,5451465.0,165000,0,0,382000,0,0,217000,0,0
20260107,8249,菱光,50.3,51.0,50.1,50.9,+,0.6,604110,30604621.0,162000,0,-1000,304000,0,0,142000,0,1000
20260107,6117,迎廣,80.7,82.2,80.4,81.8,+,1.4,395629,32192057.0,150000,0,10704,183000,0,11000,33000,0,296
20260107,00903,富邦元宇宙,17.95,17.99,17.89,17.89,+,0.13,207787,3726431.0,-3000,0,163296,0,0,173296,3000,0,10000
20260107,3591,艾笛森,18.2,18.8,18.2,18.4,+,0.3,365474,6759714.0,160000,0,-67,186000,0,0,26000,0,67
20260107,6414,樺漢,285.0,290.5,285.0,287.5,+,4.5,1009246,290961042.0,124500,8000,24650,397500,176000,33460,273000,168000,8810
20260107,6282,康舒,43.5,44.75,42.75,43.3,,0.0,30820941,1341800806.0,543590,-21000,-369373,7532250,0,460081,6988660,21000,829454
20260107,6472,保瑞,480.0,495.0,476.0,495.0,+,17.0,930520,452258861.0,149025,-37292,40379,369138,0,48587,220113,37292,8208
20260107,5534,長虹,84.4,84.9,83.5,84.7,+,0.3,639479,53860266.0,151000,0,973,356000,0,14000,205000,0,13027
20260107,00717,富邦美國特別股,15.26,15.31,15.26,15.28,+,0.03,163163,2495300.0,114000,0,37000,114000,0,37000,0,0,0
20260107,6672,騰輝電子-KY,91.1,92.1,89.2,90.6,+,0.8,816798,73973428.0,148000,0,0,425000,0,0,277000,0,0
20260107,2032,新鋼,15.05,16.3,15.05,16.3,+,1.45,2321877,36815061.0,149000,0,-1394,303000,0,3676,154000,0,5070
20260107,2534,宏盛,20.45,20.5,20.3,20.35,-,0.1,299683,6112854.0,147000,0,0,199000,0,0,52000,0,0
20260107,1590,亞德客-KY,979.0,1000.0,977.0,980.0,+,10.0,620528,611667517.0,138494,-306,7234,549826,0,12942,411332,306,5708
20260107,1723,中碳,67.3,69.6,67.1,69.5,+,2.4,621714,42713813.0,144000,0,-1000,272000,0,0,128000,0,1000
20260107,6456,GIS-KY,42.45,43.65,42.45,43.0,+,0.55,1067535,45923725.0,139000,0,1999,586000,0,3000,447000,0,1001
20260107,2491,吉祥全,18.7,18.9,18.3,18.35,-,0.35,626177,11607372.0,143000,0,-5000,209000,0,4000,66000,0,9000
20260107,3321,同泰,19.05,20.1,18.95,19.5,,0.0,1248805,24411690.0,141000,0,-4000,344000,0,0,203000,0,4000
20260107,6108,競國,14.45,14.55,14.4,14.4,,0.0,256328,3717861.0,137000,0,0,140000,0,0,3000,0,0
20260107,6695,芯鼎,44.6,45.6,44.3,44.5,+,0.3,480203,21574050.0,137000,0,-215,240000,0,1000,103000,0,1215
20260107,2006,東和鋼鐵,65.5,67.0,65.5,66.7,+,1.4,1905624,126693519.0,256491,-40169,-81000,886491,10000,12000,630000,50169,93000
20260107,3533,嘉澤,1295.0,1350.0,1275.0,1345.0,+,65.0,1526299,2018057065.0,76104,-50187,109075,653249,2000,133692,577145,52187,24617
20260107,00926,凱基全球菁英55,23.45,23.58,23.45,23.52,+,0.07,1711191,40292409.0,959000,0,-824897,959000,0,416103,0,0,1241000
20260107,6923,中台,100.5,103.5,100.5,103.5,+,3.0,433433,44424155.0,122000,0,11688,175000,0,12168,53000,0,480
20260107,6756,威鋒電子,81.9,84.2,81.9,83.5,+,2.5,246570,20560082.0,133000,0,149,163000,0,1149,30000,0,1000
20260107,6533,晶心科,247.0,247.5,241.0,247.0,+,2.0,538758,132063092.0,130970,5000,-4518,205000,5000,9000,74030,0,13518
20260107,9919,康那香,16.25,16.5,16.2,16.5,+,0.3,488101,8004620.0,131000,0,0,197000,0,0,66000,0,0
20260107,1612,宏泰,34.15,34.65,34.15,34.45,+,0.35,988095,34020401.0,130000,0,455,369000,0,661,239000,0,206
20260107,8033,雷虎,147.0,147.0,143.0,144.5,-,1.5,2488749,358997234.0,84000,0,45010,514000,0,46010,430000,0,1000
20260107,4949,有成精密,37.2,37.9,37.1,37.7,+,0.7,295091,11042181.0,129000,0,0,155000,0,0,26000,0,0
20260107,00916,國泰全球品牌50,27.32,27.4,27.32,27.35,+,0.03,359561,9840650.0,46000,0,80000,49000,0,198000,3000,0,118000
20260107,2462,良得電,24.2,24.55,23.7,24.2,+,0.1,821834,19786965.0,120000,0,1979,246000,0,3000,126000,0,1021
20260107,2439,美律,96.0,96.4,95.4,96.2,-,0.1,1042907,100019708.0,220000,-97636,-731,585000,0,5000,365000,97636,5731
20260107,2545,皇翔,38.45,38.75,38.2,38.6,+,0.4,248927,9595142.0,121428,0,0,157428,0,0,36000,0,0
20260107,1529,樂事綠能,18.85,19.35,18.85,19.2,+,0.35,440467,8432674.0,124000,0,-4000,184000,0,0,60000,0,4000
20260107,7610,聯友金屬-創,146.5,152.0,142.0,152.0,+,6.0,891137,132864908.0,119050,0,-21,270050,0,5988,151000,0,6009
20260107,7799,禾榮科,392.5,395.0,380.5,387.0,-,4.5,688214,265697646.0,119000,0,0,289000,0,0,170000,0,0
20260107,3686,達能,18.5,19.2,18.3,18.85,+,0.35,325998,6160602.0,119000,0,0,142000,0,0,23000,0,0
20260107,6196,帆宣,300.0,310.0,293.0,304.5,+,8.5,6118817,1849288003.0,10720,40000,67471,2050820,40000,211753,2040100,0,144282
20260107,2630,亞航,51.6,51.6,50.5,51.3,-,0.3,1549428,78924513.0,130000,0,-12456,366000,0,2000,236000,0,14456
20260107,6164,華興,12.55,12.8,12.25,12.6,+,0.05,858077,10822634.0,116000,0,0,244000,0,1000,128000,0,1000
20260107,3443,創意,2490.0,2515.0,2435.0,2490.0,+,5.0,3407411,8437316230.0,323953,-142288,-66291,1318379,38000,85038,994426,180288,151329
20260107,6890,來億-KY,237.0,241.5,235.5,239.0,+,4.0,477759,114062562.0,106000,-21000,29056,233000,0,29424,127000,21000,368
20260107,9902,台火,16.6,17.0,16.3,16.8,+,0.4,356989,5955233.0,115000,0,-1000,145000,0,0,30000,0,1000
20260107,3550,聯穎,15.15,15.7,14.65,15.6,+,0.65,2019792,30793223.0,115000,0,-1098,521000,0,2000,406000,0,3098
20260107,2723,美食-KY,69.9,71.0,69.6,70.2,+,0.6,266203,18781203.0,152000,-40000,0,197000,0,0,45000,40000,0
20260107,6670,復盛應用,254.0,259.0,254.0,259.0,+,3.0,323014,83042016.0,109000,-7623,9000,239000,0,9000,130000,7623,0
20260107,3543,州巧,42.5,43.65,41.7,43.2,+,1.0,1535121,65838884.0,75000,0,35000,411000,0,35000,336000,0,0
20260107,2030,彰源,14.8,15.7,14.7,15.7,+,1.4,3835137,59013182.0,105000,0,2976,276000,0,14976,171000,0,12000
20260107,3041,揚智,25.45,25.7,25.15,25.45,+,0.6,836503,21243815.0,108000,0,-987,322000,0,13,214000,0,1000
20260107,6477,安集,34.5,35.9,34.2,35.2,+,0.85,1472236,52107585.0,108000,0,-1000,436000,0,0,328000,0,1000
20260107,1455,集盛,7.55,7.7,7.54,7.69,+,0.12,462726,3537155.0,106000,0,0,131000,0,0,25000,0,0
20260107,1210,大成,51.2,51.6,51.1,51.4,+,0.2,826097,42428683.0,201000,-95000,-502,350000,0,0,149000,95000,502
20260107,8996,高力,580.0,584.0,565.0,568.0,-,14.0,3472975,1995492501.0,-9740,140000,-25476,1135000,142000,44135,1144740,2000,69611
20260107,00692,富邦公司治理,61.2,61.2,60.75,60.8,-,0.45,1107159,67488783.0,-15960,0,120546,17040,0,334786,33000,0,214240
20260107,2362,藍天,38.4,38.5,37.85,38.15,-,0.05,916410,34953725.0,104000,0,273,334000,0,1000,230000,0,727
20260107,3011,今皓,14.35,14.7,14.35,14.45,+,0.15,947030,13754537.0,104000,0,0,292000,0,0,188000,0,0
20260107,1598,岱宇,20.0,20.3,20.0,20.1,+,0.05,414997,8332343.0,114000,0,-10360,168000,0,0,54000,0,10360
20260107,2025,千興,10.85,11.8,10.35,11.8,+,1.05,1182595,13397540.0,99000,0,4253,108000,0,7399,9000,0,3146
20260107,6133,金橋,20.5,21.1,20.35,21.05,+,0.7,1787880,37245014.0,104000,0,-1000,548000,0,0,444000,0,1000
20260107,2062,橋椿,20.55,20.85,20.55,20.75,+,0.2,222892,4613480.0,100000,0,1000,113000,0,4000,13000,0,3000
20260107,8404,百和興業-KY,23.85,24.05,23.4,23.55,-,0.1,447562,10600518.0,107000,-8000,1000,187000,0,1000,80000,8000,0
20260107,3413,京鼎,282.0,284.0,278.0,281.5,+,2.0,1799491,505586152.0,58000,1000,39883,498000,7000,86077,440000,6000,46194
20260107,1325,恆大,29.85,30.3,29.85,30.25,+,0.5,255399,7676123.0,98000,0,0,140000,0,0,42000,0,0
20260107,00728,第一金工業30,38.35,39.1,38.35,38.95,+,0.67,236390,9192498.0,93000,0,4366,93000,0,80990,0,0,76624
20260107,4119,旭富,47.6,49.1,47.6,48.8,+,1.2,249661,12129318.0,97000,0,-934,132000,0,3066,35000,0,4000
20260107,6142,友勁,9.05,9.22,9.05,9.2,+,0.17,437616,4006372.0,98000,0,-2000,120000,0,0,22000,0,2000
20260107,8163,達方,30.2,30.75,30.2,30.7,+,0.95,995355,30409059.0,115000,-19278,-333,327000,0,3000,212000,19278,3333
20260107,3062,建漢,23.65,24.15,23.5,23.8,+,0.2,3126730,74601199.0,94000,0,980,1086000,0,980,992000,0,0
20260107,8104,錸寶,31.6,33.1,31.6,32.4,+,1.15,1227159,39786554.0,138000,0,-45000,398000,0,0,260000,0,45000
20260107,2015,豐興,62.1,62.9,61.8,62.5,+,0.6,271480,16961435.0,57000,36000,-1000,136000,36000,0,79000,0,1000
20260107,4976,佳凌,30.6,30.65,30.05,30.25,-,0.35,587759,17827706.0,92000,0,0,223000,0,0,131000,0,0
20260107,00938,凱基優選30,17.99,18.02,17.95,17.98,-,0.03,957899,17216449.0,-10000,0,101072,0,0,881000,10000,0,779928
20260107,2426,鼎元,17.5,17.7,17.3,17.35,,0.0,846225,14775341.0,91000,0,0,335000,0,0,244000,0,0
20260107,2880,華南金,31.8,31.85,31.4,31.45,-,0.15,7197837,227095051.0,2330753,-1034652,-1206000,5881396,0,148000,3550643,1034652,1354000
20260107,3311,閎暉,30.6,31.9,30.6,31.9,+,1.0,328575,10322218.0,90000,0,0,109000,0,0,19000,0,0
20260107,3024,憶聲,11.4,11.8,11.4,11.65,+,0.25,1496208,17373493.0,89000,0,0,272000,0,0,183000,0,0
20260107,6944,兆聯實業,739.0,745.0,718.0,735.0,+,8.0,949636,697063877.0,100457,17871,-29866,360001,18000,18626,259544,129,48492
20260107,2468,華經,40.6,40.85,40.2,40.75,+,0.15,336067,13645324.0,89000,0,-729,141000,0,1000,52000,0,1729
20260107,2440,太空梭,14.35,14.45,14.1,14.45,+,0.1,414633,5931277.0,87000,0,1000,89000,0,1000,2000,0,0
20260107,3356,奇偶,47.15,47.6,47.1,47.5,+,0.4,282892,13414951.0,87870,0,-1000,124000,0,0,36130,0,1000
20260107,8261,富鼎,91.4,91.6,90.5,90.8,-,0.9,882295,80149310.0,90000,-4000,409,295000,0,5500,205000,4000,5091
20260107,8213,志超,32.35,34.8,32.35,34.3,+,1.85,1264363,42680570.0,86000,0,-1000,353000,0,6000,267000,0,7000
20260107,2029,盛餘,21.05,21.75,20.95,21.7,+,0.7,316877,6818131.0,84000,0,0,97000,0,0,13000,0,0
20260107,4414,如興,11.15,11.25,10.95,10.95,-,0.2,561418,6201714.0,81000,0,3000,105000,0,3000,24000,0,0
20260107,1736,喬山,145.0,149.0,143.5,146.5,+,2.0,944207,138909973.0,24100,0,59458,502000,0,64000,477900,0,4542
20260107,3518,柏騰,22.0,22.05,21.75,21.9,+,0.2,288576,6327802.0,82000,0,0,101000,0,0,19000,0,0
20260107,1733,五鼎,30.0,30.2,29.35,29.95,+,0.3,196323,5847266.0,87000,-4000,-1000,105000,0,0,18000,4000,1000
20260107,00893,國泰智能電動車,33.45,33.45,33.22,33.22,-,0.23,1381362,45966035.0,221111,0,-139410,231111,0,405000,10000,0,544410
20260107,1217,愛之味,10.45,10.5,10.4,10.4,,0.0,435703,4543890.0,81000,0,0,95000,0,0,14000,0,0
20260107,1786,科妍,75.4,77.1,74.4,76.7,+,4.8,909109,68854007.0,67000,0,12798,334000,0,15438,267000,0,2640
20260107,00652,富邦印度,37.6,37.6,37.43,37.51,-,0.12,204557,7668009.0,1000,0,78375,1000,0,99269,0,0,20894
20260107,6491,晶碩,280.5,284.0,280.5,283.0,+,3.0,234994,66475614.0,79000,0,-4,141000,0,412,62000,0,416
20260107,8478,東哥遊艇,190.5,192.0,188.5,191.5,+,3.0,214770,40952389.0,97000,0,-18255,131000,0,3100,34000,0,21355
20260107,1436,華友聯,63.0,63.6,62.5,62.6,-,0.2,209622,13169878.0,76214,0,2192,105255,0,2202,29041,0,10
20260107,3055,蔚華科,75.3,75.8,71.3,71.9,-,2.2,803154,58397577.0,82000,0,-4232,277000,0,698,195000,0,4930
20260107,1702,南僑,38.6,38.8,38.55,38.7,+,0.15,229868,8889823.0,95000,-17896,-9,123000,0,0,28000,17896,9
20260107,2506,太設,9.1,9.18,9.08,9.13,-,0.01,363689,3319455.0,79000,0,-2000,89000,0,0,10000,0,2000
20260107,4916,事欣科,56.1,57.1,55.5,57.0,+,0.9,3537041,199998090.0,81000,0,-4441,812000,0,0,731000,0,4441
20260107,1532,勤美,25.7,26.15,25.7,26.0,+,0.15,420735,10944936.0,104000,-32735,5000,201000,0,5000,97000,32735,0
20260107,6668,中揚光,36.6,36.6,35.85,36.15,-,0.15,349855,12648904.0,76000,0,0,118000,0,0,42000,0,0
20260107,2731,雄獅,165.5,166.5,163.5,165.5,+,1.0,552211,91209803.0,16000,0,59701,130000,0,63000,114000,0,3299
20260107,4137,麗豐-KY,100.5,102.0,100.0,102.0,+,1.0,152506,15472145.0,75000,0,8,90000,0,8,15000,0,0
20260107,6863,永道-KY,117.0,119.0,116.0,118.0,+,2.0,140859,16582123.0,77000,0,-2152,84000,0,848,7000,0,3000
20260107,3708,上緯投控,111.0,112.0,110.0,110.5,-,0.5,693002,76690666.0,96676,-4000,-19315,222010,0,1099,125334,4000,20414
20260107,5706,鳳凰,50.4,50.4,49.8,50.1,+,0.3,155262,7771889.0,73000,0,0,76000,0,0,3000,0,0
20260107,6550,北極星藥業-KY,30.25,30.75,30.2,30.2,-,0.1,775686,23502219.0,72000,0,0,193000,0,0,121000,0,0
20260107,2387,精元,38.4,38.95,38.4,38.8,+,0.5,353161,13671224.0,74000,0,-2000,193000,0,0,119000,0,2000
20260107,3338,泰碩,49.8,50.7,49.3,50.3,+,0.5,382753,19213917.0,72000,0,0,127000,0,0,55000,0,0
20260107,6689,伊雲谷,60.0,60.2,59.3,60.0,,0.0,199821,11968633.0,71000,0,0,84000,0,0,13000,0,0
20260107,3022,威強電,63.1,64.2,62.9,64.0,+,0.9,396483,25260018.0,71484,0,-885,189484,0,1001,118000,0,1886
20260107,3645,達邁,53.1,53.4,51.9,53.1,,0.0,1205381,63546872.0,74000,0,-3767,435000,0,1585,361000,0,5352
20260107,1419,新紡,67.1,69.8,67.1,69.3,+,2.3,328861,22666855.0,74000,0,-3823,132000,0,227,58000,0,4050
20260107,2397,友通,60.9,62.3,60.9,62.1,+,1.4,310006,19179975.0,70000,0,0,101000,0,0,31000,0,0
20260107,4746,台耀,58.3,59.7,58.3,59.6,+,1.3,378430,22372151.0,70000,0,-552,172000,0,448,102000,0,1000
20260107,2527,宏璟,28.95,29.3,28.95,29.1,-,0.05,160298,4674168.0,71000,-1637,-1,88000,0,0,17000,1637,1
20260107,2364,倫飛,67.0,68.0,66.5,67.3,+,0.5,198812,13339960.0,69000,0,0,102000,0,0,33000,0,0
20260107,9935,慶豐富,19.55,19.8,19.4,19.65,+,0.05,209257,4106282.0,68000,0,1000,73000,0,3000,5000,0,2000
20260107,00668,國泰美國道瓊,56.85,57.0,56.85,56.85,+,0.65,568440,32363639.0,-4000,0,72417,1000,0,534417,5000,0,462000
20260107,1760,寶齡富錦,62.8,63.7,62.5,63.7,+,0.9,130587,8251100.0,68000,0,0,80000,0,0,12000,0,0
20260107,2482,連宇,16.75,17.25,16.75,17.1,+,0.35,163698,2794297.0,70000,0,-2619,80000,0,0,10000,0,2619
20260107,6283,淳安,25.05,26.05,25.0,25.6,+,0.5,273132,7016701.0,68000,0,-1000,131000,0,0,63000,0,1000
20260107,6405,悅城,30.75,30.95,30.15,30.85,+,0.35,881284,26900438.0,67000,0,0,247000,0,0,180000,0,0
20260107,6112,邁達特,48.2,48.95,47.9,48.05,+,0.25,667111,32219542.0,66000,0,170,208000,0,170,142000,0,0
20260107,00913,兆豐台灣晶圓製造,26.74,27.26,26.74,27.17,+,0.6,362525,9800515.0,-18000,0,84109,14000,0,252609,32000,0,168500
20260107,3047,訊舟,18.45,18.45,18.1,18.4,+,0.25,1769020,32362608.0,66000,0,-1000,586000,0,0,520000,0,1000
20260107,2427,三商電,26.1,26.4,26.0,26.4,+,0.3,783791,20570099.0,65000,0,0,240000,0,0,175000,0,0
20260107,6525,捷敏-KY,75.8,76.0,75.0,76.0,+,0.9,201135,15201091.0,65000,0,0,92000,0,0,27000,0,0
20260107,1527,鑽全,32.5,32.8,32.5,32.7,+,0.2,145582,4760322.0,63000,0,0,74000,0,0,11000,0,0
20260107,4968,立積,126.0,128.5,125.5,128.0,+,2.5,1009827,128651200.0,41000,10000,11311,303000,10000,20259,262000,0,8948
20260107,9917,中保科,108.0,109.0,108.0,108.5,,0.0,332489,36099085.0,87119,-26000,0,156119,0,0,69000,26000,0
20260107,8429,金麗-KY,7.56,7.65,7.54,7.62,+,0.07,211742,1606602.0,61000,0,0,68000,0,0,7000,0,0
20260107,3416,融程電,150.0,150.5,146.0,149.0,+,1.0,223979,33117571.0,53000,0,6619,117000,0,13800,64000,0,7181
20260107,1516,川飛,20.9,22.5,20.65,21.15,+,0.25,112486,2421530.0,44000,0,15000,48000,0,19000,4000,0,4000
20260107,8464,億豐,374.5,374.5,369.0,373.0,+,1.5,533505,198141294.0,77242,1874,-20489,437242,3000,15533,360000,1126,36022
20260107,4104,佳醫,79.0,79.1,78.5,79.1,,0.0,353776,27882253.0,58000,0,365,114000,0,2000,56000,0,1635
20260107,8222,寶一,39.9,40.25,39.9,40.05,,0.0,314885,12617260.0,58000,0,0,110000,0,0,52000,0,0
20260107,1471,首利,8.73,9.6,8.73,9.6,+,0.87,1668922,15732718.0,46000,0,11055,133000,0,13055,87000,0,2000
20260107,4755,三福化,112.5,113.0,110.0,112.5,,0.0,302966,33755236.0,98000,0,-41000,140000,0,2000,42000,0,43000
20260107,2467,志聖,268.0,270.0,263.0,263.0,-,4.0,2361756,628709461.0,75000,0,-18453,892000,0,17906,817000,0,36359
20260107,4736,泰博,120.5,121.5,120.0,121.5,+,1.0,123609,14941239.0,56042,0,0,70042,0,0,14000,0,0
20260107,6830,汎銓,181.0,185.0,178.5,181.5,+,1.5,893071,162682854.0,33000,0,22478,248000,0,25680,215000,0,3202
20260107,2254,巨鎧精密-創,59.4,59.6,57.3,59.6,+,0.2,75000,4447200.0,3000,0,52000,6000,0,64000,3000,0,12000
20260107,1720,生達,59.3,59.8,59.1,59.6,+,0.3,186662,11101581.0,55000,0,0,118000,0,0,63000,0,0
20260107,1340,勝悅-KY,6.73,6.99,6.69,6.87,+,0.16,219170,1498754.0,55000,0,0,84000,0,0,29000,0,0
20260107,4155,訊映,14.3,14.4,14.3,14.4,+,0.1,146000,2095690.0,55000,0,0,58000,0,0,3000,0,0
20260107,6753,龍德造船,132.0,132.0,128.5,129.5,-,2.0,1064390,137535239.0,197000,0,-143083,342000,0,29000,145000,0,172083
20260107,3092,鴻碩,25.9,27.8,25.9,27.5,+,1.7,1540353,41339982.0,49050,0,3000,61050,0,9000,12000,0,6000
20260107,2538,基泰,11.0,11.25,10.85,11.2,+,0.3,624020,6914770.0,52000,0,0,222000,0,1000,170000,0,1000
20260107,00910,第一金太空衛星,49.97,49.99,49.26,49.46,+,1.25,2670868,132166774.0,239866,0,-188286,459298,0,119440,219432,0,307726
20260107,00924,復華S&P500成長,29.32,29.46,29.32,29.4,+,0.09,1492072,43905207.0,2000,0,48489,2000,0,361373,0,0,312884
20260107,1805,寶徠,11.95,12.1,11.7,12.0,+,0.05,164186,1961601.0,50000,0,0,53000,0,1000,3000,0,1000
20260107,1440,南紡,13.15,13.35,13.05,13.25,+,0.2,1471162,19426556.0,52000,0,-2000,616000,0,0,564000,0,2000
20260107,00714,群益道瓊美國地產,19.97,20.18,19.97,20.15,+,0.18,196492,3957372.0,84000,0,-34526,84000,0,106481,0,0,141007
20260107,8072,陞泰,31.55,32.0,30.9,31.05,+,0.85,585570,18337400.0,50000,0,-1000,167000,0,0,117000,0,1000
20260107,3003,健和興,46.85,47.65,46.8,47.0,+,0.25,389089,18307297.0,47000,0,1532,163000,0,2323,116000,0,791
20260107,4566,時碩工業,55.2,56.4,55.2,55.5,+,0.4,296293,16532092.0,48000,0,128,119000,0,128,71000,0,0
20260107,5519,隆大,32.8,32.95,32.65,32.9,+,0.05,226624,7434751.0,45000,0,3000,95000,0,3000,50000,0,0
20260107,1617,榮星,14.7,14.7,14.5,14.6,+,0.15,154401,2252696.0,50000,0,-2765,62000,0,0,12000,0,2765
20260107,7780,大研生醫*,182.0,183.5,179.0,181.5,,0.0,261556,47515725.0,47200,0,-20,110200,0,0,63000,0,20
20260107,7786,東方風能,154.5,154.5,153.0,154.5,,0.0,129287,19900754.0,47000,0,0,50000,0,0,3000,0,0
20260107,6782,視陽,175.5,178.0,175.0,177.5,+,2.0,143390,25367168.0,45000,0,2000,68000,0,2000,23000,0,0
20260107,3032,偉訓,75.7,78.2,74.9,76.7,+,0.9,783231,59712894.0,50000,0,-3922,245000,0,3150,195000,0,7072
20260107,8462,柏文,150.5,155.5,150.5,154.5,+,4.0,165082,25386877.0,47000,0,-1000,65000,0,0,18000,0,1000
20260107,3528,安馳,65.6,66.4,64.5,66.0,+,0.4,293012,19143906.0,46000,0,-475,114000,0,0,68000,0,475
20260107,6834,天二科技,29.6,29.9,28.65,28.65,-,0.95,369907,10779257.0,42000,0,3519,121000,0,4000,79000,0,481
20260107,1416,廣豐,11.9,11.9,11.75,11.85,-,0.1,321408,3794228.0,36000,0,9000,44000,0,9000,8000,0,0
20260107,6115,鎰勝,46.75,47.05,46.7,46.9,+,0.1,121097,5668546.0,45000,0,-50,59000,0,1000,14000,0,1050
20260107,6743,安普新,27.2,27.3,27.0,27.05,-,0.15,154753,4200113.0,39000,0,5000,48000,0,5000,9000,0,0
20260107,2460,建通,24.05,24.05,23.15,23.25,-,0.8,1240162,28942062.0,44000,0,0,214000,0,0,170000,0,0
20260107,2546,根基,86.2,88.9,86.1,87.3,+,1.1,152214,13245733.0,43640,0,0,63640,0,1000,20000,0,1000
20260107,00920,富邦ESG綠色電力,19.0,19.0,18.83,18.88,+,0.02,329802,6233284.0,-232000,0,275546,0,0,281872,232000,0,6326
20260107,1321,大洋,34.8,35.25,34.8,35.0,+,0.05,115357,4027330.0,43000,0,0,51000,0,0,8000,0,0
20260107,5283,禾聯碩,59.7,60.3,59.7,59.9,+,0.2,109572,6578136.0,43000,0,0,49000,0,0,6000,0,0
20260107,6861,睿生光電,68.9,69.0,66.3,66.3,-,2.3,412036,27720078.0,43000,-1000,439,95000,0,3000,52000,1000,2561
20260107,00908,富邦入息REITs+,14.0,14.0,13.97,13.97,+,0.03,67683,946626.0,38000,0,4214,38000,0,20000,0,0,15786
20260107,1342,八貫,94.4,96.3,93.4,94.5,+,2.2,430095,40792832.0,16000,0,25402,91000,0,27000,75000,0,1598
20260107,4919,新唐,53.8,54.8,53.2,54.7,+,1.1,4714401,255789798.0,17000,10000,13777,1734000,10000,15042,1717000,0,1265
20260107,6719,力智,184.0,188.5,182.5,186.5,,0.0,586571,108590416.0,31050,-3000,12295,195050,0,18186,164000,3000,5891
20260107,5292,華懋,175.0,180.0,172.0,177.5,+,3.0,275132,48312650.0,40000,0,-7,88000,0,0,48000,0,7
20260107,00737,國泰AI機器人,37.5,37.58,37.4,37.53,+,0.78,627926,23557993.0,276000,0,-236531,286000,0,107469,10000,0,344000
20260107,3046,建碁,50.5,51.5,50.4,51.5,+,0.9,246230,12576226.0,62000,0,-22930,96000,0,1000,34000,0,23930
20260107,2444,兆勁,11.35,11.35,10.9,11.2,-,0.05,356710,3988416.0,40000,0,-1000,46000,0,0,6000,0,1000
20260107,1446,宏和,18.1,18.2,17.85,18.2,+,0.1,181887,3275071.0,44000,0,-5000,57000,0,0,13000,0,5000
20260107,5285,界霖,51.2,51.5,50.4,51.1,+,0.4,139105,7090898.0,38000,0,0,62000,0,0,24000,0,0
20260107,4912,聯德控股-KY,106.0,106.0,103.0,103.0,-,3.0,555358,57906518.0,37051,0,0,176051,0,0,139000,0,0
20260107,3447,展達,49.55,50.0,49.15,49.3,-,0.1,352884,17445838.0,37000,0,-63,111000,0,0,74000,0,63
20260107,6698,旭暉應材,34.6,34.6,33.25,33.7,-,0.8,654173,22052365.0,37000,0,-445,168000,0,1000,131000,0,1445
20260107,6216,居易,26.2,26.55,26.2,26.5,+,0.1,87802,2320491.0,36000,0,0,39000,0,0,3000,0,0
20260107,3622,洋華,65.3,65.9,64.6,64.7,-,0.6,477771,31117974.0,35000,0,0,170000,0,0,135000,0,0
20260107,9906,欣巴巴,48.55,49.6,48.55,49.45,+,0.9,93845,4612910.0,36000,0,-1000,53000,0,0,17000,0,1000
20260107,9927,泰銘,67.7,68.2,67.6,67.8,+,0.1,87001,5903314.0,33243,0,0,51000,0,0,17757,0,0
20260107,8341,日友,76.4,77.2,76.2,76.3,-,0.1,211897,16259248.0,33000,0,51,72000,0,1000,39000,0,949
20260107,1219,福壽,13.3,13.35,13.25,13.3,,0.0,301077,3994707.0,33000,0,0,37000,0,0,4000,0,0
20260107,4557,永新-KY,77.7,78.1,77.4,77.6,-,0.5,70130,5447528.0,33000,0,0,36000,0,0,3000,0,0
20260107,6128,上福,21.8,22.55,21.6,22.5,+,0.65,238321,5278065.0,33000,0,-27,46000,0,0,13000,0,27
20260107,2431,聯昌,11.6,12.0,11.6,11.9,+,0.4,768424,9136585.0,34000,0,-1265,193000,0,0,159000,0,1265
20260107,3669,圓展,38.7,38.7,38.7,38.7,+,3.5,266612,10317875.0,-1000,0,33612,0,0,35612,1000,0,2000
20260107,2453,凌群,52.7,53.0,52.3,52.9,+,0.2,273512,14420688.0,32000,0,0,110000,0,0,78000,0,0
20260107,4551,智伸科,117.0,117.5,115.5,116.0,-,1.0,242986,28204319.0,23000,0,8868,81000,0,11000,58000,0,2132
20260107,6949,沛爾生醫-創,318.0,336.0,318.0,326.5,+,7.5,163054,53708886.0,32000,0,-606,93000,0,3253,61000,0,3859
20260107,6409,旭隼,1020.0,1025.0,980.0,1005.0,-,15.0,1163502,1160415453.0,37540,-2048,-4330,487949,0,26639,450409,2048,30969
20260107,3015,全漢,52.0,52.7,51.9,52.1,+,0.3,266105,13884151.0,55000,-21965,-1883,105000,0,49,50000,21965,1932
20260107,2701,萬企,11.05,11.05,10.95,11.0,-,0.05,250330,2753010.0,30000,0,0,38000,0,0,8000,0,0
20260107,2393,億光,57.9,58.7,57.0,57.2,+,0.4,8044614,464182217.0,88000,82457,-140869,3415000,1139000,56372,3327000,1056543,197241
20260107,6442,光聖,1325.0,1350.0,1295.0,1295.0,-,5.0,2550639,3370094300.0,-35938,12967,52046,565062,48000,66681,601000,35033,14635
20260107,1466,聚隆,13.75,14.15,13.6,14.1,+,0.35,151032,2100392.0,29000,0,0,36000,0,0,7000,0,0
20260107,1707,葡萄王,126.5,127.5,126.5,127.0,+,0.5,182080,23125403.0,28872,0,-436,76000,0,0,47128,0,436
20260107,3419,譁裕,13.15,13.3,12.95,13.3,+,0.15,394801,5192628.0,28000,0,0,30000,0,0,2000,0,0
20260107,4934,太極,14.0,15.35,13.95,14.7,+,0.1,2948768,43471747.0,39000,0,-11030,581000,0,2000,542000,0,13030
20260107,6277,宏正,60.0,60.5,60.0,60.1,+,0.2,92186,5546504.0,27000,0,-391,36000,0,0,9000,0,391
20260107,2033,佳大,15.8,17.35,15.8,17.1,+,1.3,1430613,24203460.0,26000,0,291,127000,0,291,101000,0,0
20260107,00875,國泰網路資安,38.63,38.75,38.62,38.62,+,0.3,53827,2082492.0,14000,0,12151,14000,0,31660,0,0,19509
20260107,6526,達發,451.0,456.0,447.0,448.0,-,1.0,311337,140549419.0,58000,-33941,1158,140000,1000,5748,82000,34941,4590
20260107,3138,耀登,104.0,105.5,103.0,103.5,,0.0,532608,55353532.0,25127,0,0,166127,0,0,141000,0,0
20260107,2107,厚生,24.6,24.75,24.5,24.65,,0.0,172661,4255505.0,25000,0,0,32000,0,0,7000,0,0
20260107,4952,凌通,36.0,37.3,36.0,36.9,+,1.25,284361,10495525.0,25000,0,-179,96000,0,230,71000,0,409
20260107,6573,虹揚-KY,15.9,16.45,15.5,15.9,+,0.55,585406,9311367.0,23000,0,1000,129000,0,6000,106000,0,5000
20260107,1220,台榮,12.45,12.55,12.45,12.55,+,0.05,136830,1706861.0,24000,0,0,25000,0,0,1000,0,0
20260107,3052,夆典,11.85,11.9,11.8,11.85,,0.0,771305,9135125.0,24000,0,0,84000,0,0,60000,0,0
20260107,3501,維熹,48.25,48.75,48.25,48.4,-,0.15,79844,3871320.0,23000,0,0,33000,0,0,10000,0,0
20260107,1615,大山,49.6,49.65,49.05,49.55,+,0.2,127841,6316321.0,23000,0,0,36000,0,0,13000,0,0
20260107,1732,毛寶,27.4,27.8,27.0,27.8,+,0.6,384886,10499779.0,23000,0,0,54000,0,0,31000,0,0
20260107,6933,AMAX-KY,147.0,149.5,146.5,149.0,+,2.0,100682,14923891.0,20000,0,2985,36000,0,3005,16000,0,20
20260107,2705,六福,16.45,16.55,16.4,16.5,+,0.1,176161,2897745.0,22000,0,0,37000,0,0,15000,0,0
20260107,3346,麗清,18.5,19.2,18.5,19.0,+,0.5,270046,5097745.0,21000,0,1000,86000,0,1000,65000,0,0
20260107,3557,嘉威,35.35,36.55,35.35,35.7,-,0.1,77808,2785591.0,22000,0,0,34000,0,0,12000,0,0
20260107,6585,鼎基,85.4,85.4,83.9,84.2,+,0.7,51276,4328947.0,22000,0,-15,25000,0,55,3000,0,70
20260107,7749,意騰-KY,462.0,487.0,459.0,471.5,+,9.5,538898,256302259.0,1000,0,20849,198000,0,21896,197000,0,1047
20260107,2206,三陽工業,60.0,60.3,59.8,60.1,,0.0,773931,46417700.0,275000,-253321,-53,352000,0,0,77000,253321,53
20260107,4426,利勤,9.1,9.26,9.1,9.13,+,0.03,109456,1000929.0,20000,0,1000,25000,0,1000,5000,0,0
20260107,2616,山隆,13.15,13.4,13.05,13.4,+,0.25,128630,1701419.0,21000,0,0,22000,0,0,1000,0,0
20260107,2425,承啟,30.55,30.6,30.1,30.35,+,0.05,193757,5871264.0,21000,0,0,50000,0,0,29000,0,0
20260107,6558,興能高,37.8,37.8,37.15,37.25,-,0.35,607036,22721052.0,16000,0,5000,152000,0,5000,136000,0,0
20260107,00709,富邦歐洲,37.85,37.89,37.79,37.8,+,0.3,73653,2786995.0,0,0,21000,0,0,22000,0,0,1000
20260107,4766,南寶,319.0,322.0,315.5,320.0,+,2.5,300300,96067268.0,30000,-10000,626,134000,0,1780,104000,10000,1154
20260107,4771,望隼,170.0,173.0,170.0,172.5,+,1.5,44710,7687602.0,20000,0,0,22000,0,0,2000,0,0
20260107,2642,宅配通,25.5,25.75,25.3,25.7,+,0.15,71226,1818795.0,17651,0,2000,23000,0,2000,5349,0,0
20260107,2429,銘旺科,76.9,76.9,74.5,75.1,-,1.8,708776,53364425.0,19000,0,303,148000,0,8000,129000,0,7697
20260107,2509,全坤建,15.55,15.65,15.5,15.55,-,0.1,180181,2804371.0,19000,0,0,22000,0,0,3000,0,0
20260107,1338,廣華-KY,20.0,20.2,20.0,20.1,+,0.1,105891,2125225.0,19000,0,0,23000,0,0,4000,0,0
20260107,1473,台南,23.95,24.1,23.85,24.05,+,0.05,59637,1430803.0,19000,0,0,21000,0,0,2000,0,0
20260107,2535,達欣工,64.0,64.2,63.6,63.9,-,0.1,211867,13541052.0,8000,0,10017,87000,0,10017,79000,0,0
20260107,3058,立德,9.27,9.27,9.27,9.27,-,1.03,3313157,30713577.0,18000,0,0,18000,0,0,0,0,0
20260107,6657,華安,41.0,41.65,41.0,41.2,+,0.25,88748,3669052.0,18000,0,0,40000,0,0,22000,0,0
20260107,6226,光鼎,7.25,7.71,7.25,7.56,+,0.29,830189,6152310.0,17000,0,1000,18000,0,7000,1000,0,6000
20260107,2428,興勤,179.5,181.0,177.0,177.0,-,1.5,468547,83586443.0,26000,-3000,-5710,185000,0,4160,159000,3000,9870
20260107,2483,百容,18.7,19.1,18.55,18.85,+,0.3,115269,2159653.0,17000,0,0,20000,0,0,3000,0,0
20260107,2753,八方雲集,188.5,191.0,188.5,190.0,+,1.5,150663,28635237.0,-6000,-2000,25000,53000,0,25000,59000,2000,0
20260107,2849,安泰銀,13.45,13.55,13.4,13.45,,0.0,52486,706136.0,15000,0,2000,25000,0,2000,10000,0,0
20260107,6141,柏承,10.45,10.7,10.45,10.7,+,0.25,182004,1922019.0,17000,0,-1000,24000,0,0,7000,0,1000
20260107,1232,大統益,144.5,145.0,144.0,144.5,-,0.5,88117,12727775.0,16000,0,0,29000,0,0,13000,0,0
20260107,2906,高林,12.5,12.6,12.35,12.55,+,0.1,423296,5270842.0,15000,0,1000,26000,0,1000,11000,0,0
20260107,4552,力達-KY,23.7,23.85,23.7,23.85,,0.0,60773,1445268.0,15000,0,1000,19000,0,1000,4000,0,0
20260107,3043,科風,21.5,21.85,21.45,21.6,+,0.05,98025,2124280.0,15000,0,0,17000,0,0,2000,0,0
20260107,1467,南緯,7.26,7.79,7.25,7.63,+,0.4,1229948,9336924.0,6000,0,9000,15000,0,9000,9000,0,0
20260107,1457,宜進,15.5,15.6,15.5,15.5,-,0.05,151615,2351521.0,15000,0,0,18000,0,0,3000,0,0
20260107,6614,資拓宏宇,49.2,50.2,49.0,49.25,,0.0,125501,6191635.0,14000,0,1000,15000,0,1000,1000,0,0
20260107,8162,微矽電子-創,38.85,38.85,37.75,37.75,-,1.1,86236,3300817.0,5000,0,9090,13000,0,14090,8000,0,5000
20260107,9942,茂順,105.0,106.5,105.0,106.0,+,0.5,72786,7700971.0,14000,0,0,22000,0,0,8000,0,0
20260107,6272,驊陞,44.3,44.85,43.65,43.8,-,0.5,626330,27577090.0,14000,0,0,87000,0,0,73000,0,0
20260107,1568,倉佑,22.35,22.5,22.2,22.45,+,0.3,112035,2511147.0,14000,0,0,16000,0,0,2000,0,0
20260107,1337,再生-KY,4.75,4.84,4.75,4.84,+,0.09,167284,804554.0,14000,0,0,37000,0,0,23000,0,0
20260107,1445,大宇,13.0,13.0,12.5,12.55,-,0.05,144792,1849781.0,16000,0,-2000,25000,0,1000,9000,0,3000
20260107,4441,振大環球,234.5,241.0,232.5,235.5,+,2.0,77168,18143609.0,14000,0,0,22000,0,0,8000,0,0
20260107,3679,新至陞,114.0,114.0,113.0,113.5,,0.0,54301,6158103.0,14000,0,0,16000,0,0,2000,0,0
20260107,4438,廣越,72.6,74.2,72.6,73.2,-,0.3,57762,4244044.0,13000,0,0,25000,0,0,12000,0,0
20260107,4440,宜新實業,17.1,17.2,17.05,17.15,-,0.05,206403,3540379.0,13000,0,0,20000,0,0,7000,0,0
20260107,1324,地球,11.25,11.4,11.1,11.3,+,0.05,196463,2211756.0,13000,0,0,31000,0,0,18000,0,0
20260107,2316,楠梓電,98.0,98.7,96.1,97.3,-,0.3,2296812,223880908.0,16200,0,-4117,690200,0,15373,674000,0,19490
20260107,1233,天仁,31.95,32.1,31.95,32.05,,0.0,15984,511604.0,-2000,0,14000,0,0,14000,2000,0,0
20260107,1463,強盛新,17.75,17.8,17.75,17.75,-,0.15,42524,756543.0,12000,0,0,15000,0,0,3000,0,0
20260107,1456,怡華,13.35,13.35,12.55,12.55,-,0.55,47803,612567.0,0,0,12000,8000,0,12000,8000,0,0
20260107,2923,鼎固-KY,20.0,20.5,20.0,20.0,,0.0,21641,438365.0,11000,0,1000,15000,0,1000,4000,0,0
20260107,3168,眾福科,42.0,42.0,40.7,40.9,-,0.8,68346,2815123.0,12000,0,0,21000,0,0,9000,0,0
20260107,8488,吉源-KY,10.05,10.5,10.0,10.05,,0.0,263207,2702266.0,12000,0,0,136000,0,0,124000,0,0
20260107,6958,日盛台駿,15.6,15.6,15.3,15.35,-,0.3,82760,1273781.0,12000,0,0,20000,0,0,8000,0,0
20260107,4935,茂林-KY,40.0,40.35,40.0,40.35,+,0.35,88268,3546842.0,12000,0,0,15000,0,0,3000,0,0
20260107,1234,黑松,37.6,37.6,37.4,37.5,+,0.05,88169,3303252.0,11000,0,283,22000,0,1000,11000,0,717
20260107,1474,弘裕,10.6,10.75,10.5,10.55,,0.0,130796,1385104.0,7000,0,4000,11000,0,4000,4000,0,0
20260107,2012,春雨,16.85,17.2,16.55,17.2,+,0.55,82571,1405303.0,10000,0,1000,16000,0,1000,6000,0,0
20260107,3150,鈺寶-創,21.95,21.95,21.5,21.6,-,0.4,51509,1116418.0,6000,0,5000,8000,0,5000,2000,0,0
20260107,4588,玖鼎電力,59.7,60.6,59.7,59.9,+,0.2,46401,2783333.0,10000,0,1000,12000,0,1000,2000,0,0
20260107,6921,嘉雨思-創,68.0,68.0,64.5,66.0,-,2.6,112287,7366694.0,-2000,0,13000,0,0,22000,2000,0,9000
20260107,9943,好樂迪,60.3,60.4,60.0,60.1,+,0.1,38639,2324431.0,11000,0,0,13000,0,0,2000,0,0
20260107,8210,勤誠,999.0,1030.0,972.0,975.0,-,15.0,2794012,2778237449.0,-203193,198000,15998,763726,204000,71867,966919,6000,55869
20260107,00690,兆豐藍籌30,47.15,47.15,46.64,46.8,-,0.29,825594,38678296.0,1500,0,8772,1500,0,545785,0,0,537013
20260107,1423,利華,38.6,38.7,38.55,38.55,+,0.05,78219,3020543.0,10165,0,2,18165,0,2,8000,0,0
20260107,5225,東科-KY,99.5,100.0,98.6,99.4,-,0.6,290974,28954500.0,10050,0,0,98050,0,0,88000,0,0
20260107,4942,嘉彰,40.0,40.1,39.8,39.85,+,0.05,114144,4559361.0,10000,0,0,18000,0,0,8000,0,0
20260107,3716,中化控股,33.2,33.5,33.1,33.45,+,0.35,132609,4421097.0,10000,0,0,26000,0,0,16000,0,0
20260107,2739,寒舍,35.2,35.3,34.8,35.1,-,0.1,70636,2481716.0,10000,0,0,11000,0,0,1000,0,0
20260107,6715,嘉基,99.3,102.0,99.0,100.5,+,0.6,51474,5158954.0,10000,0,-259,18000,0,28,8000,0,287
20260107,7730,暉盛-創,95.5,98.0,95.5,95.6,+,0.1,36351,3487559.0,8003,0,1000,8003,0,1000,0,0,0
20260107,8438,昶昕,49.0,49.7,48.8,49.55,+,0.55,583723,28671818.0,12000,0,-3000,12000,0,0,0,0,3000
20260107,9905,大華,19.95,19.95,19.8,19.9,,0.0,123740,2459743.0,9000,0,0,13000,0,0,4000,0,0
20260107,1783,和康生,45.5,45.5,44.2,44.25,-,0.4,151756,6792122.0,8000,0,1000,23000,0,2000,15000,0,1000
20260107,1225,福懋油,28.05,28.3,28.05,28.05,,0.0,122649,3453870.0,16000,0,-7000,39000,0,0,23000,0,7000
20260107,3257,虹冠電,66.8,68.3,66.8,68.0,+,1.2,481009,32553491.0,7000,0,1000,117000,0,1000,110000,0,0
20260107,2434,統懋,31.0,31.35,30.9,31.0,+,0.1,42936,1329688.0,8000,0,0,12000,0,0,4000,0,0
20260107,8463,潤泰材,26.55,26.85,26.5,26.5,,0.0,64180,1704134.0,8000,0,0,9000,0,0,1000,0,0
20260107,6951,青新-創,73.3,73.3,72.9,73.0,-,0.9,159128,11617969.0,8000,0,0,12000,0,0,4000,0,0
20260107,1339,昭輝,41.8,42.0,41.5,41.9,-,0.15,56745,2369459.0,8000,0,-234,11000,0,1000,3000,0,1234
20260107,00661,元大日經225,67.35,67.45,66.8,66.85,-,0.65,121292,8143373.0,-1000,0,8633,0,0,35000,1000,0,26367
20260107,0053,元大電子,150.65,151.2,150.2,150.85,-,0.15,26398,3975456.0,-914,0,8145,90,0,13145,1004,0,5000
20260107,2420,新巨,50.7,51.2,50.7,50.8,+,0.3,218187,11114400.0,7000,0,0,44000,0,0,37000,0,0
20260107,2516,新建,14.5,14.55,14.5,14.5,,0.0,140472,2040030.0,7000,0,0,18000,0,0,11000,0,0
20260107,5215,科嘉-KY,34.55,35.0,34.5,35.0,+,0.05,34627,1209832.0,7000,0,0,10000,0,0,3000,0,0
20260107,9940,信義,22.4,22.55,22.3,22.35,+,0.05,278937,6252685.0,7000,0,0,139000,0,0,132000,0,0
20260107,1906,寶隆,11.7,11.95,11.7,11.9,+,0.15,63010,747687.0,7000,0,-56,9000,0,14,2000,0,70
20260107,2028,威致,17.35,18.85,17.15,18.85,+,1.7,1040769,19206812.0,5000,0,1329,35000,0,4329,30000,0,3000
20260107,1438,三地開發,33.0,33.5,33.0,33.2,-,0.25,42596,1415032.0,6000,0,0,12000,0,0,6000,0,0
20260107,5306,桂盟,88.5,90.1,88.5,88.9,+,0.5,68712,6106867.0,6000,0,0,17000,0,0,11000,0,0
20260107,6598,ABC-KY,22.4,22.5,22.15,22.3,-,0.1,83808,1871309.0,4000,0,2000,5000,0,2000,1000,0,0
20260107,1537,廣隆,123.5,124.5,123.0,124.0,,0.0,42003,5194705.0,6000,0,-36,15000,0,0,9000,0,36
20260107,6937,天虹,245.0,246.5,239.5,240.5,-,7.0,448444,108463276.0,9970,-1000,-3285,94000,0,2718,84030,1000,6003
20260107,6423,億而得-創,85.5,86.8,84.1,84.1,-,1.9,88887,7581693.0,-1000,0,6000,7000,0,14000,8000,0,8000
20260107,5906,台南-KY,51.5,51.6,51.5,51.6,,0.0,8000,412500.0,1000,0,4000,1000,0,4000,0,0,0
20260107,1439,雋揚,28.95,29.8,28.8,29.1,+,0.05,215090,6249303.0,6000,0,-1000,12000,0,1000,6000,0,2000
20260107,2008,高興昌,29.1,29.25,29.05,29.05,-,0.25,11519,334845.0,5000,0,0,5000,0,0,0,0,0
20260107,1752,南光,37.05,37.7,37.05,37.6,+,0.35,51571,1921987.0,5000,0,0,5000,0,0,0,0,0
20260107,7722,LINEPAY,551.0,557.0,550.0,557.0,+,1.0,19751,10924137.0,5289,0,-458,8289,0,543,3000,0,1001
20260107,1735,日勝化,17.65,18.05,17.45,17.65,+,0.1,202716,3591690.0,8000,0,-3225,26000,0,2000,18000,0,5225
20260107,1418,東華,19.9,19.95,19.9,19.9,-,0.1,20600,410548.0,4000,0,0,4000,0,0,0,0,0
20260107,3054,立萬利,32.35,32.85,31.6,32.7,+,0.4,87550,2835322.0,4000,0,0,11000,0,2000,7000,0,2000
20260107,4560,強信-KY,32.45,32.5,32.15,32.5,+,0.05,116000,3746800.0,4000,0,0,65000,0,0,61000,0,0
20260107,4133,亞諾法,22.25,22.5,22.2,22.5,+,0.15,109307,2442650.0,4000,0,0,11000,0,0,7000,0,0
20260107,2432,倚天酷碁-創,25.55,25.55,24.95,25.1,-,0.3,90000,2258150.0,-5000,0,9000,0,0,33000,5000,0,24000
20260107,2459,敦吉,66.6,66.6,66.1,66.1,-,0.1,35567,2358205.0,5000,0,-1000,6000,0,0,1000,0,1000
20260107,2722,夏都,24.85,25.0,24.5,24.8,+,0.2,76722,1899576.0,5000,0,-1000,19000,0,0,14000,0,1000
20260107,6582,申豐,31.5,32.05,31.3,31.8,+,0.5,31478,997321.0,3000,0,1000,9000,0,1000,6000,0,0
20260107,8201,無敵,13.6,13.6,13.3,13.6,,0.0,69248,934052.0,3000,0,1000,4000,0,1000,1000,0,0
20260107,4571,鈞興-KY,170.0,170.0,166.5,167.0,-,1.0,194780,32704747.0,3000,0,131,66000,0,132,63000,0,1
20260107,5533,皇鼎,14.35,14.35,14.15,14.25,-,0.1,389681,5546566.0,3000,0,0,11000,0,0,8000,0,0
20260107,6641,基士德-KY,19.3,19.3,19.1,19.15,-,0.15,25021,479803.0,3000,0,0,4000,0,0,1000,0,0
20260107,6504,南六,41.6,42.2,41.3,41.85,-,0.1,69123,2891539.0,3000,0,0,14000,0,0,11000,0,0
20260107,6916,華凌,18.5,19.0,18.5,18.75,+,0.35,95200,1784358.0,3000,0,0,4000,0,0,1000,0,0
20260107,8481,政伸,40.1,40.55,40.05,40.55,+,0.45,37000,1487350.0,3000,0,0,9000,0,0,6000,0,0
20260107,2423,固緯,55.2,55.5,54.0,55.5,+,0.7,86474,4735457.0,5000,0,-2000,22000,0,0,17000,0,2000
20260107,4148,全宇生技-KY,38.05,38.15,37.85,38.0,-,0.05,14554,553260.0,3000,0,0,4000,0,0,1000,0,0
20260107,2910,統領,20.65,20.7,20.65,20.7,+,0.05,6621,137136.0,3000,0,0,3000,0,0,0,0,0
20260107,1539,巨庭,17.05,17.1,16.95,17.05,,0.0,138437,2355127.0,3000,0,0,5000,0,0,2000,0,0
20260107,1526,日馳,16.6,16.7,16.5,16.6,,0.0,67040,1114235.0,3000,0,0,4000,0,0,1000,0,0
20260107,2250,IKKA-KY,73.2,73.2,71.8,71.9,-,0.1,79766,5759673.0,2809,0,0,26000,0,0,23191,0,0
20260107,6191,精成科,109.0,112.0,107.0,111.0,+,2.0,8679898,956313434.0,-619093,306000,315896,2213100,306000,390671,2832193,0,74775
20260107,4999,鑫禾,22.8,22.9,22.7,22.8,+,0.1,58067,1324112.0,3000,0,-535,4000,0,1000,1000,0,1535
20260107,4581,光隆精密-KY,51.3,51.4,51.3,51.4,+,0.1,10066,516747.0,2000,0,0,2000,0,0,0,0,0
20260107,6464,台數科,76.0,76.7,76.0,76.7,+,0.1,14032,1072522.0,2000,0,0,5000,0,0,3000,0,0
20260107,1453,大將,12.2,12.35,12.2,12.25,+,0.05,39093,479976.0,2000,0,0,4000,0,0,2000,0,0
20260107,3705,永信,56.2,56.5,56.1,56.5,+,0.3,92549,5213454.0,-1000,0,3000,33000,0,3000,34000,0,0
20260107,2488,漢平,45.55,46.5,45.5,46.5,+,0.95,255094,11727509.0,10000,0,-8000,39000,0,0,29000,0,8000
20260107,2424,隴華,34.05,34.4,33.8,34.25,+,0.2,26665,909994.0,2000,0,0,8000,0,0,6000,0,0
20260107,00851,台新全球AI,57.9,58.05,57.55,57.55,+,0.05,28529,1648741.0,0,0,2000,0,0,2000,0,0,0
20260107,3094,聯傑,24.0,26.3,24.0,25.85,+,1.85,1638553,42297583.0,7000,0,-5188,245000,0,251,238000,0,5439
20260107,2258,鴻華先進-創,40.85,41.2,40.7,40.7,-,0.15,659528,26998873.0,1000,0,613,117000,0,8000,116000,0,7387
20260107,00678,群益那斯達克生技,35.06,35.2,35.06,35.15,+,0.8,518872,18240157.0,69000,0,-67700,69000,0,360300,0,0,428000
20260107,1558,伸興,104.0,104.5,103.5,104.0,-,0.5,49032,5095897.0,3000,-971,-734,7000,0,266,4000,971,1000
20260107,1817,凱撒衛,38.2,38.35,38.1,38.25,+,0.05,61869,2362547.0,1000,0,185,3000,0,10185,2000,0,10000
20260107,2007,燁興,7.57,8.2,7.46,8.2,+,0.74,1672391,13422316.0,3000,0,-1863,7000,0,4137,4000,0,6000
20260107,8467,波力-KY,171.0,173.5,169.0,172.0,-,1.5,115901,19834900.0,1000,0,41,27000,0,41,26000,0,0
20260107,9928,中視,18.35,18.35,18.0,18.0,-,0.3,195387,3531867.0,0,0,1000,0,0,1000,0,0,0
20260107,6952,大武山,42.45,43.7,42.4,42.8,-,0.15,14095,602802.0,1000,0,0,3000,0,0,2000,0,0
20260107,6955,邦睿生技-創,157.0,160.0,157.0,157.5,-,1.5,5000,789500.0,1000,0,0,1000,0,1000,0,0,1000
20260107,6969,成信實業*-創,29.05,29.15,29.05,29.1,+,0.1,21000,610950.0,1000,0,0,1000,0,0,0,0,0
20260107,6936,永鴻生技,35.95,36.0,35.75,35.95,+,0.2,48401,1734005.0,1000,0,0,3000,0,0,2000,0,0
20260107,6581,鋼聯,103.5,105.0,103.5,104.0,+,1.0,10560,1099737.0,1000,0,0,1000,0,0,0,0,0
20260107,6674,鋐寶科技,20.35,20.5,19.6,19.6,-,0.4,65020,1292860.0,-4000,0,5000,7000,0,5000,11000,0,0
20260107,5546,永固-KY,22.3,22.8,21.7,21.7,-,0.6,41573,926324.0,0,0,1000,4000,0,1000,4000,0,0
20260107,4930,燦星網,21.9,22.2,21.9,22.05,,0.0,29538,652576.0,1000,0,0,4000,0,0,3000,0,0
20260107,1731,美吾華,21.85,21.95,21.85,21.9,+,0.1,127595,2795216.0,1000,0,0,2000,0,0,1000,0,0
20260107,1726,永記,75.8,76.0,75.8,76.0,+,0.2,6750,512120.0,0,0,1000,0,0,1000,0,0,0
20260107,1459,聯發,11.95,11.95,11.75,11.9,+,0.05,121203,1434561.0,0,0,1000,6000,0,1000,6000,0,0
20260107,1475,業旺,30.55,31.2,30.35,30.55,+,0.35,48216,1476859.0,1000,0,0,4000,0,0,3000,0,0
20260107,1515,力山,26.5,27.0,26.5,26.85,+,0.05,207286,5561464.0,1000,0,0,79000,0,0,78000,0,0
20260107,1410,南染,34.05,34.25,34.0,34.25,+,0.15,25137,855958.0,1000,0,0,2000,0,0,1000,0,0
20260107,1236,宏亞,25.6,25.6,25.3,25.45,-,0.05,33567,853500.0,1000,0,0,2000,0,0,1000,0,0
20260107,1315,達新,63.9,64.4,63.9,63.9,-,0.1,76208,4877633.0,1000,0,0,3000,0,0,2000,0,0
20260107,3021,鴻名,17.9,18.2,17.8,18.05,+,0.2,153060,2756128.0,1000,0,0,7000,0,0,6000,0,0
20260107,3432,台端,13.8,14.1,13.8,14.1,+,0.25,28752,403191.0,1000,0,0,1000,0,0,0,0,0
20260107,4439,冠星-KY,100.0,101.0,100.0,101.0,+,0.5,4016,403125.0,1000,0,0,1000,0,0,0,0,0
20260107,2430,燦坤,22.6,22.6,22.55,22.6,-,0.1,106417,2403178.0,1000,0,0,2000,0,0,1000,0,0
20260107,00771,元大US高息特別股,16.16,16.19,16.16,16.17,-,0.03,16016,258962.0,0,0,1000,0,0,1000,0,0,0
20260107,6658,聯策,58.4,58.7,56.8,57.5,+,0.2,338001,19477357.0,1000,0,-70,76000,0,1000,75000,0,1070
20260107,8487,愛爾達-創,79.0,80.9,79.0,80.1,+,1.1,54164,4336755.0,2900,0,-2000,8000,0,11000,5100,0,13000
20260107,00739,元大MSCI A股,27.35,27.54,27.35,27.45,+,0.05,51478,1414228.0,0,0,838,0,0,31838,0,0,31000
20260107,8101,華冠,15.85,16.55,15.85,16.3,,0.0,8610,138011.0,0,0,108,0,0,108,0,0,0
20260107,7765,中華資安,288.0,288.0,284.0,284.5,-,3.5,31463,8963127.0,1000,-903,-3,1000,0,1000,0,903,1003
20260107,6666,羅麗芬-KY,45.85,46.8,45.35,45.55,+,0.65,21833,1004478.0,0,0,0,2000,0,0,2000,0,0
20260107,4994,傳奇,97.1,98.0,97.1,98.0,+,0.5,17115,1673884.0,0,0,0,2000,0,0,2000,0,0
20260107,4569,六方科-KY,148.5,148.5,148.0,148.0,-,1.0,6863,1016034.0,0,0,0,1000,0,0,1000,0,0
20260107,5538,東明-KY,31.75,32.4,31.6,32.3,+,0.55,56462,1818442.0,0,0,0,6000,0,0,6000,0,0
20260107,5525,順天,27.95,27.95,27.6,27.8,-,0.1,55426,1537120.0,0,0,0,4000,0,0,4000,0,0
20260107,7732,金興精密,40.2,40.2,39.7,40.0,-,0.2,30096,1201040.0,0,0,0,5000,0,0,5000,0,0
20260107,6988,威力暘-創,13.55,13.85,13.5,13.8,+,0.25,40000,548100.0,0,0,0,0,0,10000,0,0,10000
20260107,6807,峰源-KY,45.05,45.75,45.05,45.3,+,0.2,26104,1181282.0,0,0,0,3000,0,0,3000,0,0
20260107,8482,商億-KY,48.9,50.5,48.75,49.5,-,0.25,24003,1181700.0,0,0,0,1000,0,0,1000,0,0
20260107,9926,新海,49.4,49.4,49.35,49.35,-,0.05,25065,1238168.0,0,0,0,1000,0,0,1000,0,0
20260107,2433,互盛電,47.1,47.2,47.0,47.15,-,0.1,43097,2029443.0,-4000,0,4000,3000,0,4000,7000,0,0
20260107,4190,佐登-KY,29.8,29.85,29.75,29.8,-,0.05,17430,519856.0,0,0,0,2000,0,0,2000,0,0
20260107,4108,懷特,13.9,14.05,13.85,13.85,+,0.1,206112,2878975.0,0,0,0,2000,0,0,2000,0,0
20260107,3652,精聯,28.7,28.7,28.5,28.6,-,0.4,57180,1635256.0,-1000,0,1000,3000,0,1000,4000,0,0
20260107,2901,欣欣,24.7,24.7,24.3,24.5,,0.0,7618,186641.0,0,0,0,1000,0,0,1000,0,0
20260107,1413,宏洲,10.35,10.35,9.88,9.88,+,0.13,3600,35934.0,0,0,0,0,0,1000,0,0,1000
20260107,1417,嘉裕,8.82,8.94,8.8,8.83,-,0.04,124124,1096134.0,-1000,0,1000,17000,0,1000,18000,0,0
20260107,1435,中福,21.4,21.5,21.3,21.35,-,0.4,6895,147539.0,0,0,0,1000,0,0,1000,0,0
20260107,1443,立益物流,27.0,27.1,26.6,27.1,+,0.1,28204,755786.0,0,0,0,1000,0,0,1000,0,0
20260107,1517,利奇,10.75,11.1,10.7,11.0,+,0.25,350548,3837125.0,2000,0,-2000,94000,0,0,92000,0,2000
20260107,1563,巧新,48.05,48.35,47.9,48.3,+,0.35,446874,21523081.0,-1000,0,1000,112000,0,1000,113000,0,0
20260107,2114,鑫永銓,90.0,90.0,89.7,89.7,-,0.3,40458,3637070.0,0,0,0,3000,0,0,3000,0,0
20260107,1525,江申,62.6,63.8,62.6,63.8,+,0.6,18270,1149268.0,1000,0,-1010,4000,0,0,3000,0,1010
20260107,6591,動力-KY,74.1,74.2,73.1,73.5,-,0.2,388420,28563094.0,-2000,0,1376,76000,0,3000,78000,0,1624
20260107,1465,偉全,12.6,12.65,12.5,12.5,,0.0,36006,452029.0,-900,0,0,1100,0,0,2000,0,0
20260107,6924,榮惠-KY創,73.3,75.0,73.3,74.9,-,0.4,14121,1047382.0,3000,0,-3932,3000,0,5068,0,0,9000
20260107,4555,氣立,40.95,41.0,40.2,40.3,+,0.05,106210,4298514.0,-2000,0,1011,31000,0,1011,33000,0,0
20260107,3266,昇陽,14.15,14.35,14.1,14.1,+,0.1,128107,1812557.0,-3000,0,2000,3000,0,2000,6000,0,0
20260107,3164,景岳,17.95,18.1,17.75,18.05,-,0.05,57589,1033426.0,-2000,0,1000,4000,0,1000,6000,0,0
20260107,2904,匯僑,17.1,17.1,17.0,17.05,-,0.05,21589,368089.0,-1000,0,0,0,0,0,1000,0,0
20260107,2939,永邑-KY,23.8,25.7,23.2,25.7,+,1.95,30104,739228.0,-1000,0,0,2000,0,0,3000,0,0
20260107,2945,三商家購,37.9,37.9,37.9,37.9,,0.0,2172,82326.0,-1000,0,0,0,0,0,1000,0,0
20260107,2496,卓越,68.4,68.4,67.9,67.9,-,0.1,17384,1182512.0,-1000,0,0,0,0,0,1000,0,0
20260107,1454,台富,12.85,12.85,12.65,12.65,-,0.05,30230,384753.0,-1000,0,0,1000,0,0,2000,0,0
20260107,1521,大億,23.55,23.55,23.4,23.4,+,0.05,17504,411160.0,-1000,0,0,4000,0,0,5000,0,0
20260107,1530,亞崴,27.1,27.2,27.1,27.15,+,0.2,8211,223242.0,0,0,-1000,2000,0,0,2000,0,1000
20260107,1583,程泰,45.35,45.35,44.05,44.05,-,0.45,7080,317289.0,-1000,0,0,0,0,0,1000,0,0
20260107,1341,富林-KY,58.0,58.0,57.2,57.2,-,0.5,16407,943061.0,-1000,0,0,0,0,0,1000,0,0
20260107,1323,永裕,19.45,19.45,19.45,19.45,,0.0,39672,771605.0,-1000,0,0,2000,0,0,3000,0,0
20260107,1110,東泥,16.35,16.45,16.3,16.3,-,0.05,117035,1913972.0,-1000,0,0,19000,0,0,20000,0,0
20260107,1203,味王,39.7,39.8,39.6,39.7,,0.0,33393,1326981.0,-1000,0,0,2000,0,0,3000,0,0
20260107,1730,花仙子,52.6,53.0,52.6,52.8,+,0.2,29077,1531570.0,-1000,0,0,1000,0,0,2000,0,0
20260107,2227,裕日車,54.5,54.5,54.1,54.1,,0.0,44729,2430255.0,-1000,0,0,6000,0,0,7000,0,0
20260107,4807,日成-KY,18.1,18.3,18.05,18.1,-,0.35,8702,157909.0,-1000,0,0,0,0,0,1000,0,0
20260107,9918,欣天然,39.7,39.7,39.6,39.6,-,0.1,15929,631403.0,-1000,0,0,0,0,0,1000,0,0
20260107,8466,美吉吉-KY,21.35,21.95,21.2,21.45,+,0.1,44102,943369.0,-1000,0,0,11000,0,0,12000,0,0
20260107,8940,新天地,21.45,21.65,21.2,21.35,-,0.05,61672,1315413.0,-1000,0,0,6000,0,0,7000,0,0
20260107,6887,寶綠特-KY,58.9,59.3,58.9,59.3,-,0.6,9130,539273.0,-1000,0,-130,1000,0,0,2000,0,130
20260107,2415,錩新,26.55,26.6,26.2,26.2,+,0.1,90021,2371857.0,-1000,0,-327,9000,0,673,10000,0,1000
20260107,4106,雃博,21.95,22.1,21.95,22.0,-,0.2,39097,860344.0,-1000,0,-331,2000,0,0,3000,0,331
20260107,2455,全新,152.0,159.5,149.5,154.0,+,6.0,11797245,1839065952.0,-2026000,1275000,749498,2442000,1275000,869870,4468000,0,120372
20260107,6605,帝寶,134.0,137.0,134.0,137.0,+,2.0,317708,43020515.0,-7000,0,5095,115000,0,8000,122000,0,2905
20260107,2727,王品,213.0,215.0,213.0,214.5,+,1.0,233305,49890113.0,-4880,-381,3315,87120,0,5000,92000,381,1685
20260107,2243,宏旭-KY,11.35,11.35,11.15,11.25,-,0.1,193920,2173924.0,-6000,0,4000,0,0,4000,6000,0,0
20260107,1451,年興,17.2,17.4,17.2,17.3,-,0.05,153608,2659197.0,-2000,0,0,5000,0,0,7000,0,0
20260107,1614,三洋電,34.3,34.3,34.05,34.1,,0.0,51390,1753522.0,-2000,0,0,2000,0,0,4000,0,0
20260107,1541,錩泰,22.8,23.1,22.8,23.05,+,0.15,23811,546086.0,-2000,0,0,1000,0,0,3000,0,0
20260107,1512,瑞利,7.48,7.48,7.27,7.34,-,0.1,83826,613167.0,-2000,0,0,0,0,0,2000,0,0
20260107,6606,建德工業,25.3,25.55,25.3,25.45,+,0.15,39296,1001390.0,-2000,0,0,2000,0,0,4000,0,0
20260107,6201,亞弘電,54.6,54.8,54.6,54.8,,0.0,25861,1414229.0,-2000,0,0,1000,0,0,3000,0,0
20260107,7736,虎山,88.0,89.8,88.0,88.8,+,2.1,20988,1861635.0,-2000,0,0,2000,0,0,4000,0,0
20260107,8443,阿瘦,11.15,11.15,11.1,11.1,-,0.05,9612,106864.0,-2000,0,0,0,0,0,2000,0,0
20260107,6183,關貿,95.0,95.1,94.8,95.1,+,0.1,27528,2615587.0,-2000,0,-2,1000,0,0,3000,0,2
20260107,00972,野村日本動能高息,18.5,18.5,18.46,18.46,-,0.01,22712,419664.0,0,0,-2156,0,0,0,0,0,2156
20260107,5258,虹堡,63.7,64.0,63.0,63.5,-,0.2,244162,15488621.0,-1000,0,-1209,64000,0,0,65000,0,1209
20260107,6754,匯僑設計,47.3,47.6,47.3,47.55,-,0.05,6358,300956.0,-2000,-351,0,0,0,0,2000,351,0
20260107,6645,金萬林-創,18.0,18.05,17.7,17.75,-,0.15,86853,1552728.0,-13000,0,10306,0,0,24306,13000,0,14000
20260107,6655,科定,119.5,120.0,119.5,120.0,+,0.5,25010,2998695.0,-3000,0,0,3000,0,0,6000,0,0
20260107,6281,全國電,62.4,62.5,62.2,62.2,-,0.2,77139,4805998.0,1000,0,-4000,11000,0,0,10000,0,4000
20260107,5007,三星,55.8,55.8,55.3,55.5,-,0.2,8208,455714.0,-3000,0,0,2000,0,0,5000,0,0
20260107,6792,詠業,51.1,51.5,51.0,51.2,+,0.2,41457,2121153.0,-3000,0,0,2000,0,0,5000,0,0
20260107,7705,三商餐飲,39.4,39.45,39.2,39.35,-,0.05,51329,2017588.0,-3000,0,0,2000,0,0,5000,0,0
20260107,7711,永擎,264.0,264.0,258.5,259.5,-,2.0,161680,42025019.0,-3000,0,0,1000,0,0,4000,0,0
20260107,6931,青松健康,62.7,62.9,60.9,60.9,-,2.3,615156,37882553.0,-3000,0,0,33000,0,0,36000,0,0
20260107,8367,建新國際,42.25,42.65,42.25,42.45,+,0.05,30250,1283395.0,-4000,0,1000,0,0,1000,4000,0,0
20260107,9908,大台北,29.85,29.9,29.85,29.85,,0.0,97995,2926870.0,-3000,0,0,3000,0,0,6000,0,0
20260107,1531,高林股,11.95,12.1,11.8,12.1,+,0.1,33741,402858.0,-2000,0,-1000,0,0,1000,2000,0,2000
20260107,1533,車王電,34.0,34.6,33.9,34.4,+,0.6,243520,8362380.0,-3000,0,0,30000,0,0,33000,0,0
20260107,1452,宏益,11.8,11.85,11.75,11.8,-,0.05,56717,668347.0,-3000,0,0,0,0,0,3000,0,0
20260107,1109,信大,15.5,15.55,15.35,15.45,+,0.05,107158,1654854.0,-3000,0,0,1000,0,0,4000,0,0
20260107,2248,華勝-KY,48.9,49.65,48.65,49.05,-,0.05,13013,639489.0,-3000,0,0,0,0,0,3000,0,0
20260107,2241,艾姆勒,34.4,35.1,34.05,34.7,+,0.4,402077,13853631.0,-3000,0,0,144000,0,0,147000,0,0
20260107,2115,六暉-KY,24.3,24.4,24.3,24.35,,0.0,57099,1389586.0,-3000,0,0,2000,0,0,5000,0,0
20260107,9924,福興,50.5,50.5,50.0,50.2,-,0.3,137888,6935872.0,-1000,-2236,0,19000,0,0,20000,2236,0
20260107,6230,尼得科超眾,116.0,116.0,113.0,114.0,-,2.0,61015,6979010.0,-3000,0,-515,17000,0,485,20000,0,1000
20260107,9925,新保,40.9,40.9,40.65,40.7,-,0.05,138946,5656138.0,-9000,0,5000,36000,0,5000,45000,0,0
20260107,2438,翔耀,22.3,22.3,21.35,21.65,+,0.3,52616,1152416.0,-4000,0,0,1000,0,0,5000,0,0
20260107,3454,晶睿,98.8,98.8,98.7,98.8,+,0.1,286528,28289235.0,-4000,0,0,34000,0,0,38000,0,0
20260107,2024,志聯,16.5,16.9,16.35,16.9,+,0.6,41644,694517.0,-4000,0,0,1000,0,0,5000,0,0
20260107,2373,震旦行,56.1,56.7,56.0,56.4,-,0.2,20335,1147119.0,-4000,0,0,3000,0,0,7000,0,0
20260107,1776,展宇,15.55,15.55,15.35,15.4,-,0.1,50950,785082.0,-4000,0,0,3000,0,0,7000,0,0
20260107,0057,富邦摩台,205.05,205.05,203.4,203.75,-,1.3,6633,1353097.0,0,0,-4076,0,0,97,0,0,4173
20260107,6534,正瀚-創,92.3,94.5,91.4,91.4,-,0.9,103657,9668077.0,-5000,0,12,27000,0,17111,32000,0,17099
20260107,00660,元大歐洲50,43.0,43.03,42.81,42.89,-,0.11,20819,892869.0,-690,0,-5000,310,0,4000,1000,0,9000
20260107,3494,誠研,8.53,9.33,8.53,9.14,+,0.65,858582,7778741.0,-7000,0,1132,74000,0,3132,81000,0,2000
20260107,2702,華園,11.75,11.9,11.7,11.8,+,0.05,71033,838249.0,-6000,0,0,0,0,0,6000,0,0
20260107,2465,麗臺,59.2,59.5,58.9,59.5,-,0.1,199990,11837752.0,-6000,0,0,2000,0,0,8000,0,0
20260107,2109,華豐,15.0,15.0,14.85,14.95,,0.0,113842,1698488.0,-6000,0,0,2000,0,0,8000,0,0
20260107,7721,微程式,48.6,48.6,47.85,47.9,-,0.7,55209,2659375.0,-6000,0,0,4000,0,0,10000,0,0
20260107,6885,全福生技,29.0,29.1,28.35,28.35,-,0.2,253534,7263436.0,-6000,0,0,53000,0,0,59000,0,0
20260107,6928,攸泰科技,51.8,51.8,50.7,50.8,-,0.4,93569,4763323.0,-6000,0,-134,16000,0,0,22000,0,134
20260107,8081,致新,211.5,217.5,210.5,215.0,+,4.5,619594,132749042.0,-48191,17000,24973,182000,18000,25216,230191,1000,243
20260107,4583,台灣精銳,643.0,648.0,636.0,644.0,+,3.0,190368,122134800.0,-6730,0,319,38000,0,496,44730,0,177
20260107,00702,國泰標普低波高息,23.3,23.36,23.3,23.36,+,0.06,129741,3030170.0,570,0,-7337,570,0,107663,0,0,115000
20260107,8926,台汽電,40.55,40.65,40.0,40.5,-,0.1,2074803,83781032.0,-6000,0,-878,611000,0,17000,617000,0,17878
20260107,6205,詮欣,59.4,59.8,58.0,58.9,-,1.0,639459,37521185.0,-9890,0,3000,9110,0,6000,19000,0,3000
20260107,4737,華廣,56.0,56.0,54.4,55.0,-,0.3,46586,2561717.0,-7000,0,0,7000,0,0,14000,0,0
20260107,7740,熙特爾-創,158.0,160.0,155.5,157.0,-,1.0,81435,12798890.0,-7000,0,0,18000,0,0,25000,0,0
20260107,6902,GOGOLOOK,76.0,76.0,75.2,75.5,-,0.5,16002,1208851.0,-7000,0,0,1000,0,0,8000,0,0
20260107,7631,聚賢研發-創,136.0,138.0,134.0,136.5,-,0.5,27022,3678992.0,-1000,0,-6000,0,0,0,1000,0,6000
20260107,9912,偉聯,12.55,12.55,12.15,12.15,-,0.4,40494,496727.0,-9000,0,2000,1000,0,2000,10000,0,0
20260107,2514,龍邦,14.7,14.9,14.7,14.75,+,0.05,103949,1535261.0,-8000,0,1000,6000,0,1000,14000,0,0
20260107,2536,宏普,25.6,25.6,25.4,25.45,,0.0,300139,7649644.0,-7000,0,0,69000,0,0,76000,0,0
20260107,2762,世界健身-KY,76.1,76.8,75.8,76.3,+,0.3,32935,2505961.0,-7000,0,0,10000,0,0,17000,0,0
20260107,3515,華擎,242.0,244.5,240.5,242.5,+,0.5,554066,134296348.0,-13038,-1000,6660,228062,0,12000,241100,1000,5340
20260107,00703,台新MSCI中國,22.27,22.49,22.2,22.2,-,0.29,125600,2795688.0,0,0,-7979,0,0,94114,0,0,102093
20260107,2505,國揚,19.55,19.8,19.5,19.5,-,0.05,120502,2359755.0,-9000,0,1000,28000,0,1000,37000,0,0
20260107,1472,三洋實業,87.6,87.9,87.5,87.6,-,0.2,40315,3531215.0,-8000,0,0,4000,0,0,12000,0,0
20260107,1256,鮮活果汁-KY,152.0,156.0,150.5,152.0,+,0.5,103705,15829432.0,-13000,0,5000,14000,0,5000,27000,0,0
20260107,8442,威宏-KY,69.0,69.0,68.5,68.6,-,0.6,54732,3764142.0,-9000,0,1000,3000,0,1000,12000,0,0
20260107,6184,大豐電,47.3,47.5,47.0,47.2,-,0.4,137230,6471144.0,-8000,0,0,9000,0,0,17000,0,0
20260107,3029,零壹,111.0,112.5,110.5,111.5,+,0.5,735551,82118218.0,-32000,-745,23693,170000,0,28920,202000,745,5227
20260107,8473,山林水,35.85,36.0,35.75,35.75,-,0.1,256962,9209172.0,-10000,0,0,41000,0,0,51000,0,0
20260107,6136,富爾特,24.1,24.25,23.9,24.1,+,0.1,79466,1906613.0,-10000,0,0,2000,0,0,12000,0,0
20260107,6794,向榮生技,87.9,88.0,83.0,84.6,-,3.3,97499,8322589.0,-11000,0,-556,18000,0,0,29000,0,556
20260107,3130,一零四,223.5,224.0,223.0,223.0,-,0.5,21539,4810518.0,-11993,0,151,6,0,151,11999,0,0
20260107,1437,勤益控,33.3,33.45,33.2,33.2,-,0.1,71033,2364440.0,-10000,0,-2000,13000,0,1000,23000,0,3000
20260107,1626,艾美特-KY,10.9,11.0,10.85,10.9,,0.0,42426,462989.0,-12000,0,0,1000,0,0,13000,0,0
20260107,6918,愛派司,84.0,85.0,83.5,85.0,+,0.1,89280,7512278.0,-14000,0,2000,4000,0,2000,18000,0,0
20260107,3703,欣陸,22.2,22.35,22.1,22.2,,0.0,692060,15371580.0,-22000,0,9827,240000,0,10000,262000,0,173
20260107,6671,三能-KY,35.3,36.1,35.3,36.1,+,0.6,36190,1297833.0,-10000,0,-2190,5000,0,13000,15000,0,15190
20260107,6531,愛普*,485.5,486.0,452.0,455.5,-,22.0,7883505,3670973884.0,162978,-5000,-170214,2764978,13000,101654,2602000,18000,271868
20260107,6192,巨路,111.0,112.0,109.5,111.0,,0.0,321186,35685199.0,38555,0,-51000,77000,0,0,38445,0,51000
20260107,6790,永豐實,37.9,37.9,37.7,37.85,,0.0,68535,2592211.0,-13000,0,-310,2000,0,0,15000,0,310
20260107,4576,大銀微系統,110.0,110.5,106.5,107.5,-,0.5,667482,72374874.0,-10000,0,-3435,221000,0,4000,231000,0,7435
20260107,6416,瑞祺電通,86.0,87.1,86.0,86.8,+,0.9,113910,9870802.0,-14000,0,0,22000,0,0,36000,0,0
20260107,2908,特力,20.25,20.25,20.05,20.15,-,0.1,78031,1570077.0,-14000,0,0,15000,0,0,29000,0,0
20260107,4536,拓凱,161.5,163.5,161.5,162.5,+,1.0,136881,22230659.0,-14000,0,0,36000,0,1000,50000,0,1000
20260107,1762,中化生,24.7,25.0,24.7,24.95,+,0.3,79618,1972311.0,-14000,0,-240,2000,0,0,16000,0,240
20260107,1108,幸福,14.95,14.95,14.9,14.9,,0.0,108822,1622726.0,-15000,0,0,2000,0,0,17000,0,0
20260107,7791,皇家可口,71.9,71.9,71.2,71.5,-,0.2,58885,4203101.0,-14000,0,-1000,0,0,0,14000,0,1000
20260107,00736,國泰新興市場,29.0,29.0,28.96,28.96,+,0.01,121600,3523214.0,0,0,-16000,0,0,101000,0,0,117000
20260107,2748,雲品,42.9,42.9,42.1,42.35,+,0.05,113518,4804667.0,-16000,0,0,18000,0,0,34000,0,0
20260107,1535,中宇,52.5,53.0,52.3,52.9,+,0.3,68397,3596259.0,-16000,0,0,3000,0,0,19000,0,0
20260107,2314,台揚,21.6,21.6,21.1,21.25,-,0.45,221836,4716014.0,-16000,0,0,0,0,0,16000,0,0
20260107,2247,汎德永業,281.5,282.5,280.0,281.5,+,3.0,153078,43067688.0,-17000,0,0,28000,0,0,45000,0,0
20260107,6771,平和環保-創,44.6,44.6,43.25,44.0,-,0.8,238078,10401756.0,-17000,0,0,9000,0,16000,26000,0,16000
20260107,1712,興農,44.4,44.9,44.35,44.6,+,0.2,634514,28347175.0,-68334,0,50885,194000,0,51100,262334,0,215
20260107,6796,晉弘,92.7,93.5,92.5,92.8,-,0.1,54973,5108402.0,-5500,0,-12000,8000,0,0,13500,0,12000
20260107,6835,圓裕,38.25,39.0,38.25,38.8,+,0.3,42236,1641412.0,-18000,0,0,1000,0,0,19000,0,0
20260107,6024,群益期,51.9,51.9,51.3,51.3,-,0.2,181448,9346040.0,-18334,0,0,22000,0,0,40334,0,0
20260107,2480,敦陽科,151.0,151.0,149.0,149.0,-,1.0,139215,20843110.0,-26000,0,7607,20000,0,9000,46000,0,1393
20260107,7788,松川精密,140.0,140.0,133.5,134.0,-,1.0,141319,19031166.0,-19000,0,0,4000,0,0,23000,0,0
20260107,6957,裕慶-KY,201.5,201.5,195.0,196.5,-,1.0,70102,13805170.0,-33000,0,14000,9000,0,15000,42000,0,1000
20260107,9946,三發地產,19.45,19.45,19.05,19.1,-,0.1,147100,2817642.0,-19000,0,0,13000,0,0,32000,0,0
20260107,9937,全國,58.3,58.4,57.7,58.4,+,0.4,46635,2710444.0,-19000,0,0,2000,0,0,21000,0,0
20260107,2476,鉅祥,89.5,91.9,89.2,90.2,+,0.9,1617533,146438373.0,-75000,0,55197,400000,0,86809,475000,0,31612
20260107,00783,富邦中証500,26.78,27.06,26.76,27.03,+,0.25,125084,3375933.0,0,0,-19908,0,0,52131,0,0,72039
20260107,1432,大魯閣,18.1,18.1,17.85,17.9,-,0.15,290434,5202831.0,-20997,0,0,3,0,0,21000,0,0
20260107,00757,統一FANG+,117.4,117.5,117.0,117.1,+,0.05,1994386,233830586.0,-67542,0,46497,19508,0,413000,87050,0,366503
20260107,1725,元禎,31.5,31.5,29.6,30.3,-,0.7,377314,11475876.0,-22000,0,-1001,23000,0,0,45000,0,1001
20260107,5288,豐祥-KY,147.0,154.0,147.0,152.0,+,5.0,459217,69532933.0,-56000,40000,-7025,34000,40000,10000,90000,0,17025
20260107,3296,勝德,24.9,24.9,23.8,23.85,-,0.25,85240,2042431.0,-24900,0,0,2100,0,0,27000,0,0
20260107,6438,迅得,141.0,142.5,138.0,138.5,-,2.0,617470,86052331.0,-24950,0,-43,178050,0,0,203000,0,43
20260107,2450,神腦,28.65,28.7,28.5,28.6,+,0.05,151180,4326279.0,-26000,0,1000,4000,0,1000,30000,0,0
20260107,6206,飛捷,91.0,91.5,90.2,91.0,+,0.4,877340,79770035.0,359000,-384531,277,540000,0,977,181000,384531,700
20260107,6806,森崴能源,37.7,38.05,37.6,37.9,+,0.05,1076084,40660449.0,-26000,0,-1,344000,0,0,370000,0,1
20260107,6838,台新藥,26.95,27.15,26.7,27.0,+,0.05,222600,5997209.0,-28000,0,1000,54000,0,1000,82000,0,0
20260107,2471,資通,49.75,49.75,49.4,49.5,-,0.35,132402,6559922.0,-27000,0,0,8000,0,0,35000,0,0
20260107,0055,元大MSCI金融,32.09,32.09,31.84,31.85,-,0.26,138728,4428119.0,7152,0,-35149,13152,0,2000,6000,0,37149
20260107,6914,阜爾運通,144.5,144.5,143.0,143.5,-,1.0,100581,14433257.0,-28000,0,0,6000,0,0,34000,0,0
20260107,8028,昇陽半導體,203.5,205.0,196.5,196.5,-,4.5,12820577,2558739397.0,-198698,283000,-112562,3268991,290000,124830,3467689,7000,237392
20260107,3038,全台,23.9,24.15,23.8,24.0,+,0.3,424722,10182184.0,-27000,-2425,0,107000,0,0,134000,2425,0
20260107,6965,中傑-KY,88.1,88.1,87.0,87.0,,0.0,60136,5242061.0,-29988,0,0,1012,0,0,31000,0,0
20260107,3504,揚明光,51.0,51.4,50.2,51.0,,0.0,186845,9475339.0,-30000,0,0,52000,0,0,82000,0,0
20260107,2524,京城,41.35,41.75,41.1,41.2,+,0.05,141953,5870531.0,-30000,0,0,47000,0,0,77000,0,0
20260107,6541,泰福-KY,52.3,53.0,52.0,52.5,+,0.3,406631,21364792.0,-30000,0,-85,108000,0,0,138000,0,85
20260107,3229,晟鈦,24.2,25.8,23.25,25.5,+,1.4,446419,10964909.0,-30000,0,-2000,60000,0,1000,90000,0,3000
20260107,7750,新代,872.0,872.0,842.0,853.0,-,25.0,143891,122791438.0,-29990,0,-3000,26010,0,7000,56000,0,10000
20260107,4572,駐龍,149.5,150.0,148.0,149.5,,0.0,72312,10744408.0,-16000,-17000,0,13000,0,0,29000,17000,0
20260107,2816,旺旺保,28.8,29.0,28.7,28.8,+,0.05,90903,2621143.0,-34000,0,1000,2000,0,1000,36000,0,0
20260107,3040,遠見,52.0,52.4,50.3,52.0,,0.0,186876,9626624.0,-35000,0,-377,14000,0,0,49000,0,377
20260107,1506,正道,11.55,11.6,11.45,11.55,,0.0,174518,2012667.0,-36000,0,0,0,0,0,36000,0,0
20260107,5907,大洋-KY,5.48,5.61,5.48,5.55,+,0.09,282080,1564708.0,-36000,0,0,13000,0,0,49000,0,0
20260107,00911,兆豐洲際半導體,35.6,36.0,35.6,35.86,+,0.97,366435,13174919.0,-1000,0,-35242,0,0,123000,1000,0,158242
20260107,5203,訊連,88.1,89.7,87.6,88.2,+,1.2,275346,24415091.0,-38000,0,508,50000,0,716,88000,0,208
20260107,2850,新產,115.5,116.5,115.0,115.5,,0.0,221163,25573515.0,-18000,-19000,-598,73000,0,0,91000,19000,598
20260107,2414,精技,40.55,40.65,40.45,40.6,+,0.05,107908,4374080.0,-38000,0,0,10000,0,0,48000,0,0
20260107,9934,成霖,9.99,10.0,9.89,9.98,-,0.01,637192,6328357.0,-38000,0,0,156000,0,0,194000,0,0
20260107,2233,宇隆,211.0,211.0,205.5,209.0,-,2.0,710079,147904319.0,-17000,0,-21702,224000,0,2000,241000,0,23702
20260107,6625,必應,81.1,82.0,80.9,81.5,+,0.3,118093,9608318.0,-38000,0,-906,24000,0,1000,62000,0,1906
20260107,0051,元大中型100,95.0,96.3,95.0,96.2,+,1.6,109163,10478491.0,110,0,-39080,110,0,18537,0,0,57617
20260107,3380,明泰,32.6,33.1,32.15,32.3,-,0.15,2659366,86530248.0,77000,0,-116903,923000,0,46329,846000,0,163232
20260107,9930,中聯資源,70.0,70.1,69.8,69.9,,0.0,92214,6449867.0,-40000,0,-72,8000,0,0,48000,0,72
20260107,6906,現觀科,80.4,80.5,75.1,75.1,-,5.9,361283,28055066.0,-41000,0,0,62000,0,0,103000,0,0
20260107,2707,晶華,189.5,189.5,188.0,188.5,-,0.5,116271,21935320.0,-41000,0,-412,10000,0,0,51000,0,412
20260107,3308,聯德,21.0,21.3,20.4,21.1,-,0.5,424250,8797861.0,-41900,0,0,100,0,0,42000,0,0
20260107,8476,台境*,17.2,17.2,16.6,16.6,-,0.65,715441,11972393.0,-46000,0,3000,38000,0,8000,84000,0,5000
20260107,6224,聚鼎,45.1,45.2,44.0,44.2,-,0.6,174179,7727745.0,-44920,0,0,27080,0,0,72000,0,0
20260107,00770,國泰北美科技,58.55,58.95,58.55,58.65,+,0.45,819885,48153094.0,-7000,0,-38932,36000,0,130068,43000,0,169000
20260107,4585,達明,345.5,345.5,335.0,335.0,-,5.0,420758,142710511.0,-48200,0,1459,59000,0,1459,107200,0,0
20260107,4722,國精化,176.5,184.0,174.0,174.5,-,0.5,3231287,577317389.0,-52395,-3000,7001,812005,0,12071,864400,3000,5070
20260107,1582,信錦,64.4,65.1,64.2,65.0,+,0.6,413469,26711744.0,-49000,0,-142,139000,0,1000,188000,0,1142
20260107,6552,易華電,26.0,27.65,25.95,26.4,+,0.75,396934,10629524.0,-50000,0,1,37000,0,1,87000,0,0
20260107,2236,百達-KY,117.5,119.5,115.5,116.5,-,0.5,550454,64624202.0,-34000,0,-18000,157000,0,0,191000,0,18000
20260107,2608,嘉里大榮,33.0,33.1,33.0,33.05,,0.0,260302,8595854.0,-53000,0,-279,23000,0,0,76000,0,279
20260107,5607,遠雄港,48.35,48.85,48.05,48.35,+,0.05,373719,18050946.0,-30000,0,-24000,55000,0,1000,85000,0,25000
20260107,1734,杏輝,30.25,30.3,30.1,30.25,+,0.05,213194,6443409.0,-56000,0,0,14000,0,0,70000,0,0
20260107,6579,研揚,115.0,116.5,113.0,113.0,+,3.5,275838,31592526.0,-55000,0,-1003,44000,0,1000,99000,0,2003
20260107,1737,臺鹽,31.5,31.6,31.45,31.55,+,0.1,188468,5943261.0,-59000,0,0,1000,0,0,60000,0,0
20260107,2102,泰豐,19.6,19.6,19.25,19.3,-,0.25,416184,8058028.0,-69000,0,7000,69000,0,7000,138000,0,0
20260107,6412,群電,84.1,84.6,83.1,84.5,+,0.6,2223038,186779605.0,1038000,-1110095,9442,1409000,0,17000,371000,1110095,7558
20260107,2399,映泰,25.6,26.45,25.55,25.85,+,0.3,3708310,96388330.0,-76000,0,9999,413000,0,10000,489000,0,1
20260107,6278,台表科,96.2,97.1,96.0,96.7,+,0.8,1981693,191289865.0,612000,-674501,-5535,956000,0,7465,344000,674501,13000
20260107,1587,吉茂,51.5,51.5,50.2,50.5,-,1.0,1012534,51230413.0,-70000,0,75,171000,0,1000,241000,0,925
20260107,2706,第一店,12.85,12.95,12.8,12.85,+,0.05,248944,3203076.0,-71000,0,0,5000,0,0,76000,0,0
20260107,1522,堤維西,45.15,45.95,44.8,45.25,+,0.45,1124530,50791595.0,-47000,-23166,-1092,391000,0,1113,438000,23166,2205
20260107,1460,宏遠,6.4,6.4,6.32,6.39,-,0.01,688596,4382036.0,81000,0,-153000,105000,0,0,24000,0,153000
20260107,5522,遠雄,71.8,73.9,71.6,73.4,+,1.5,1246369,91169768.0,152000,-250000,25000,598000,0,25000,446000,250000,0
20260107,2905,三商,15.7,15.85,15.6,15.7,+,0.05,470150,7395814.0,-77000,0,0,173000,0,0,250000,0,0
20260107,1231,聯華食,95.0,95.0,94.0,94.0,-,1.0,278254,26223223.0,-77031,0,24,41000,0,8000,118031,0,7976
20260107,2548,華固,113.5,114.5,113.0,114.0,+,0.5,462709,52623693.0,-87502,0,9648,101998,0,30027,189500,0,20379
20260107,5244,弘凱,39.35,40.0,39.2,39.3,+,0.05,314224,12393114.0,-77988,0,0,47012,0,0,125000,0,0
20260107,3050,鈺德,13.2,13.75,13.15,13.6,+,0.5,1296737,17581914.0,-78000,0,0,199000,0,0,277000,0,0
20260107,2528,皇普,30.0,30.05,29.7,29.85,-,0.1,329325,9841209.0,-79000,0,0,85000,0,0,164000,0,0
20260107,2239,英利-KY,36.5,36.85,35.05,35.5,-,0.65,353129,12634879.0,-84000,0,2008,39000,0,3008,123000,0,1000
20260107,00645,富邦日本,49.15,49.33,49.04,49.1,-,0.3,212183,10436888.0,-1000,0,-90185,0,0,61000,1000,0,151185
20260107,9136,巨騰-DR,8.09,8.1,7.99,8.02,+,0.02,1442055,11594922.0,-92000,0,0,20000,0,0,112000,0,0
20260107,2461,光群雷,17.05,17.3,16.7,16.75,-,0.25,914241,15439539.0,-93000,0,0,114000,0,2000,207000,0,2000
20260107,0061,元大寶滬深,23.89,24.01,23.89,23.92,+,0.07,436929,10474137.0,-37000,0,-57521,14000,0,70076,51000,0,127597
20260107,3596,智易,180.0,180.0,175.0,177.5,-,0.5,570239,100869867.0,-98200,0,1639,312800,0,3000,411000,0,1361
20260107,3002,歐格,24.8,25.2,24.0,24.75,+,0.3,975134,24008675.0,-95000,0,-1670,231000,0,1000,326000,0,2670
20260107,2059,川湖,3280.0,3350.0,3240.0,3255.0,+,50.0,963948,3160932945.0,-123525,3742,22868,348862,6000,49889,472387,2258,27021
20260107,2497,怡利電,54.8,54.8,53.8,54.1,-,0.7,784696,42524971.0,24000,0,-122000,235000,0,1000,211000,0,123000
20260107,6862,三集瑞-KY,185.0,185.0,176.0,179.5,-,4.0,634816,113992892.0,-91000,0,-7900,101000,0,3000,192000,0,10900
20260107,6869,雲豹能源,92.0,92.6,91.3,91.4,-,1.0,511606,46871176.0,-99920,0,-1650,80080,0,1000,180000,0,2650
20260107,2458,義隆,117.5,119.0,117.0,117.5,+,1.0,1744703,205782082.0,291000,-414080,19780,747000,31000,24674,456000,445080,4894
20260107,00700,富邦恒生國企,18.92,18.92,18.66,18.66,-,0.3,296071,5550120.0,-10000,0,-100541,2000,0,72390,12000,0,172931
20260107,2832,台產,49.9,50.2,49.55,49.85,-,0.05,252156,12569471.0,-118860,-8000,14000,30140,0,15000,149000,8000,1000
20260107,6742,澤米,46.85,46.85,45.05,45.1,-,1.45,317575,14419266.0,-112893,0,0,37000,0,0,149893,0,0
20260107,1604,聲寶,23.95,23.95,23.75,23.9,-,0.05,871382,20754043.0,-114000,0,0,113000,0,0,227000,0,0
20260107,6994,富威電力,97.9,98.0,94.8,94.8,-,3.1,224640,21496058.0,-115000,0,-79,27000,0,772,142000,0,851
20260107,00923,群益台ESG低碳50,27.59,27.6,27.3,27.38,-,0.21,3396812,93105364.0,172500,0,-288106,240500,0,1295885,68000,0,1583991
20260107,6909,創控,47.0,49.5,45.0,48.25,+,1.25,4029630,191525608.0,-117000,0,-74,542000,0,0,659000,0,74
20260107,2211,長榮鋼,102.0,102.5,101.0,102.0,+,1.0,1193896,121683785.0,-96000,-21720,-430,452000,0,1000,548000,21720,1430
20260107,6768,志強-KY,101.5,103.5,101.0,103.0,+,0.5,1386149,141910946.0,301300,-425922,3758,659300,0,9000,358000,425922,5242
20260107,8499,鼎炫-KY,318.5,328.5,315.5,324.5,+,7.5,230996,74691331.0,-123000,0,1635,23000,0,15050,146000,0,13415
20260107,1201,味全,14.35,14.35,14.2,14.3,-,0.05,462207,6601345.0,-126000,0,744,16000,0,1000,142000,0,256
20260107,3027,盛達,22.2,24.55,22.2,24.55,+,2.2,1510689,36407722.0,-128000,0,2108,196000,0,4108,324000,0,2000
20260107,6451,訊芯-KY,158.0,159.5,154.5,155.0,-,1.5,908553,141626024.0,-119000,0,-7277,111000,0,11474,230000,0,18751
20260107,2540,愛山林,48.85,48.85,46.5,47.15,-,1.15,1127169,53481195.0,-114500,-13000,1000,247500,0,1000,362000,13000,0
20260107,2547,日勝生,10.65,10.75,10.6,10.7,+,0.1,1413774,15111738.0,-130000,0,0,433000,0,0,563000,0,0
20260107,1540,喬福,23.2,23.2,22.75,22.9,-,0.25,380850,8715802.0,-134000,0,1000,44000,0,1000,178000,0,0
20260107,00639,富邦深100,15.64,15.7,15.54,15.54,-,0.09,761894,11901129.0,-20000,0,-113260,7000,0,283481,27000,0,396741
20260107,5284,jpp-KY,278.0,280.0,272.0,273.0,-,6.5,1145170,314173640.0,-150980,0,17679,183020,0,48000,334000,0,30321
20260107,6592,和潤企業,59.4,61.1,58.7,60.1,+,0.7,1309824,77918526.0,-123965,0,-10318,400035,0,3682,524000,0,14000
20260107,5222,全訊,128.5,130.0,128.5,129.0,-,1.0,519531,67020979.0,-31000,-118000,14434,112000,0,22158,143000,118000,7724
20260107,2704,國賓,43.2,43.2,42.3,42.5,-,0.45,220251,9366745.0,-135000,0,0,42000,0,0,177000,0,0
20260107,2645,長榮航太,146.0,147.0,143.0,144.0,-,2.0,1449184,208702301.0,-101000,-1000,-34442,379000,0,37000,480000,1000,71442
20260107,2466,冠西電,67.1,68.1,66.4,67.0,-,0.5,1510197,101588827.0,-137000,0,-1000,176000,0,0,313000,0,1000
20260107,4164,承業醫,35.1,35.2,34.7,35.1,-,0.05,1316449,46077036.0,-145870,0,1628,513130,0,10000,659000,0,8372
20260107,6431,光麗-KY,27.7,27.7,26.6,27.05,-,0.4,342521,9263000.0,-144000,0,-1000,25000,0,0,169000,0,1000
20260107,3305,昇貿,108.5,109.5,105.5,108.5,-,0.5,4595642,496131649.0,81849,0,-227422,975050,0,42490,893201,0,269912
20260107,4770,上品,244.0,249.0,237.5,243.0,,0.0,768050,187128185.0,-217004,0,70964,93000,0,85000,310004,0,14036
20260107,1519,華城,744.0,755.0,732.0,755.0,+,16.0,3013515,2248543117.0,-275931,74789,54286,758158,75000,153589,1034089,211,99303
20260107,2542,興富發,38.95,39.25,38.7,38.95,,0.0,2958739,115326710.0,52950,-208000,2072,1309950,0,2072,1257000,208000,0
20260107,1536,和大,57.2,57.4,55.8,55.9,-,0.9,2783851,156786290.0,-136000,0,-20240,718000,0,21396,854000,0,41636
20260107,2207,和泰車,544.0,547.0,537.0,544.0,-,3.0,484509,262123479.0,-150479,-7050,-985,138383,0,17000,288862,7050,17985
20260107,3004,豐達科,115.0,116.0,112.0,112.5,-,2.5,841192,96011659.0,-161000,0,132,105000,0,12367,266000,0,12235
20260107,00956,中信日經高股息,11.77,11.79,11.74,11.79,+,0.02,484630,5699837.0,-4000,0,-159328,0,0,199000,4000,0,358328
20260107,9910,豐泰,108.0,108.0,105.5,106.5,,0.0,1335354,142025623.0,-127930,-34769,-822,534070,0,10000,662000,34769,10822
20260107,00657,國泰日經225,61.45,61.5,61.0,61.0,-,0.5,389907,23943431.0,-53000,0,-119361,0,0,166800,53000,0,286161
20260107,4526,東台,31.75,32.1,31.35,31.5,-,0.5,1696012,53682107.0,-176000,0,945,305000,0,1783,481000,0,838
20260107,5484,慧友,43.0,43.0,39.9,40.5,-,0.9,1100577,45477908.0,-162877,0,-12967,83123,0,1000,246000,0,13967
20260107,3042,晶技,79.8,80.3,79.4,79.9,+,0.1,2734586,218234630.0,980000,-1164000,7823,1626000,0,12200,646000,1164000,4377
20260107,1104,環泥,29.95,29.95,29.75,29.9,-,0.05,489278,14600699.0,-171050,0,-6320,87950,0,11000,259000,0,17320
20260107,00963,中信全球高股息,11.67,11.67,11.65,11.66,-,0.01,609763,7112407.0,1000,0,-181000,2000,0,141000,1000,0,322000
20260107,3057,喬鼎,23.35,23.9,22.8,22.9,-,1.0,1211863,27956969.0,-168000,0,-13000,40000,0,1000,208000,0,14000
20260107,3563,牧德,538.0,541.0,519.0,520.0,-,16.0,1508837,795541867.0,-422800,327000,-100480,217200,327000,17552,640000,0,118032
20260107,5521,工信,22.1,23.9,22.1,23.9,+,2.15,10026570,235199340.0,-255000,0,56323,2905000,0,68323,3160000,0,12000
20260107,1597,直得,75.8,76.6,73.4,73.7,-,0.7,597090,44725911.0,-198000,0,-804,81000,0,3624,279000,0,4428
20260107,2352,佳世達,24.05,24.7,23.85,24.6,+,0.7,9498177,232451986.0,-264000,-37000,101277,3143000,0,120277,3407000,37000,19000
20260107,4545,銘鈺,42.4,43.7,40.6,40.6,+,0.5,1945135,81522572.0,-199000,0,-999,379000,0,1,578000,0,1000
20260107,2646,星宇航空,23.15,23.45,23.05,23.3,+,0.2,5910513,137635982.0,-205500,0,5000,1719500,0,5000,1925000,0,0
20260107,6873,泓德能源,98.2,99.0,95.8,95.8,-,2.3,566397,54773741.0,-202000,0,9,92000,0,23250,294000,0,23241
20260107,1316,上曜,14.4,14.7,14.35,14.7,+,0.3,2308665,33596909.0,-192000,-15000,865,476000,0,865,668000,15000,0
20260107,1909,榮成,9.67,9.85,9.65,9.76,+,0.21,3572230,34800200.0,-197000,0,-12000,1114000,0,0,1311000,0,12000
20260107,1773,勝一,160.0,170.0,158.5,169.0,+,13.5,6696241,1104868495.0,-279545,0,61318,1386555,0,70788,1666100,0,9470
20260107,1560,中砂,434.5,442.5,418.5,422.0,-,11.0,4593283,1963773145.0,361450,45000,-624764,1586500,47000,42349,1225050,2000,667113
20260107,2852,第一保,27.65,27.8,27.6,27.7,+,0.05,478217,13225930.0,-201000,-5704,-12000,77000,0,0,278000,5704,12000
20260107,2883,凱基金,17.5,17.55,17.35,17.45,-,0.05,32677729,569049676.0,5271682,-3873212,-1617876,18729239,0,331000,13457557,3873212,1948876
20260107,9911,櫻花,83.0,83.1,82.0,82.7,-,0.5,504585,41695496.0,-228000,-1000,-637,74000,0,8000,302000,1000,8637
20260107,3617,碩天,208.5,208.5,203.5,204.0,-,5.5,732309,150216171.0,81000,-310000,-1510,349000,0,3000,268000,310000,4510
20260107,6165,浪凡,49.25,49.7,48.6,49.3,-,0.2,485185,23881366.0,-229000,0,-2000,58000,0,0,287000,0,2000
20260107,3149,正達,39.1,40.6,38.95,39.6,+,0.7,4684055,185425539.0,-232000,0,-1,855000,0,0,1087000,0,1
20260107,2369,菱生,25.9,26.65,25.4,26.65,+,2.4,32173378,852099475.0,-406000,0,169955,4325000,0,439955,4731000,0,270000
20260107,2539,櫻花建,47.5,47.6,47.0,47.05,-,0.45,677064,31975141.0,-245000,-1735,67,133000,0,2000,378000,1735,1933
20260107,00964,中信亞太高股息,12.07,12.08,12.03,12.03,+,0.05,2044496,24643797.0,147000,0,-394050,148000,0,1477066,1000,0,1871116
20260107,6449,鈺邦,179.5,180.5,170.0,170.5,-,5.0,997875,173350879.0,-186000,0,-64216,157000,0,8197,343000,0,72413
20260107,6776,展碁國際,57.3,58.1,56.0,56.6,+,1.0,3875508,220610997.0,-252000,0,1000,616000,0,1000,868000,0,0
20260107,3605,宏致,63.1,63.6,61.9,62.3,-,0.7,1654345,103191740.0,-252005,0,-355,314000,0,4485,566005,0,4840
20260107,6215,和椿,111.0,113.0,106.5,106.5,-,3.5,2447570,266300460.0,-225000,0,-28425,266000,0,7599,491000,0,36024
20260107,1524,耿鼎,27.7,30.4,27.6,30.1,+,2.45,6168591,184862517.0,-257000,0,3094,575000,0,8016,832000,0,4922
20260107,3030,德律,180.0,180.0,172.5,173.0,-,6.5,4741440,825128275.0,-25990,0,-232090,1234010,0,68637,1260000,0,300727
20260107,5234,達興材料,370.0,374.5,360.5,361.5,-,7.5,1496667,546777501.0,-232300,38000,-65326,386000,39000,42946,618300,1000,108272
20260107,1229,聯華,46.1,46.55,46.05,46.25,+,0.1,1894303,87534716.0,-263000,-1000,0,646000,0,0,909000,1000,0
20260107,2013,中鋼構,42.8,43.1,42.35,42.8,,0.0,511083,21791393.0,-264000,0,-201,24000,0,3000,288000,0,3201
20260107,1616,億泰,27.95,28.2,27.3,27.85,-,0.75,2289239,63647383.0,-251000,0,-14252,445000,0,0,696000,0,14252
20260107,2417,圓剛,40.95,41.5,40.0,40.0,-,0.95,1884347,76382271.0,-267000,0,-3,282000,0,0,549000,0,3
20260107,1227,佳格,29.9,29.9,29.7,29.8,-,0.1,831944,24805035.0,-271000,0,90,25000,0,1000,296000,0,910
20260107,2442,新美齊,24.0,24.0,23.15,23.35,-,0.65,1296029,30438108.0,-329000,0,51811,94000,0,63000,423000,0,11189
20260107,6691,洋基工程,580.0,584.0,567.0,567.0,-,9.0,1080366,618936764.0,-175525,-42000,-67795,280805,0,14227,456330,42000,82022
20260107,6214,精誠,115.5,116.5,115.0,115.5,,0.0,582888,67443797.0,-298338,0,-847,58662,0,6000,357000,0,6847
20260107,2049,上銀,198.0,200.5,196.0,196.0,-,1.0,3235033,640331345.0,-316849,-600,6933,878151,0,58384,1195000,600,51451
20260107,3044,健鼎,318.5,318.5,311.0,317.5,-,0.5,3360934,1060115533.0,624830,-845000,-92646,1781628,30000,18600,1156798,875000,111246
20260107,2108,南帝,24.55,25.15,24.5,24.55,+,1.45,2376348,58753359.0,-311800,0,-2264,438200,0,2016,750000,0,4280
20260107,1907,永豐餘,25.9,26.25,25.6,25.65,-,0.3,1497003,38689106.0,-317000,-22511,22000,311000,0,24000,628000,22511,2000
20260107,2515,中工,12.95,13.15,12.9,13.05,+,0.1,7354848,95934167.0,-336896,0,15577,3153572,0,54577,3490468,0,39000
20260107,2354,鴻準,60.7,61.3,60.2,60.8,+,0.5,6938514,421721213.0,-225782,-150000,51855,1838218,21000,80000,2064000,171000,28145
20260107,8045,達運光電,75.4,75.4,73.3,73.8,-,2.3,455655,33671290.0,-322000,0,-1944,37000,0,2000,359000,0,3944
20260107,6176,瑞儀,122.5,125.5,121.0,124.0,+,2.0,3857741,479049128.0,1355000,-1638239,-45980,2315000,10000,18679,960000,1648239,64659
20260107,6805,富世達,1470.0,1485.0,1400.0,1405.0,-,65.0,2192217,3135262470.0,48898,-282000,-107965,798074,9000,92232,749176,291000,200197
20260107,2404,漢唐,1020.0,1020.0,988.0,1000.0,-,20.0,4311227,4330927520.0,-121816,-150083,-69181,1486635,472000,123913,1608451,622083,193094
20260107,6152,百一,10.5,11.4,10.45,11.4,+,0.95,2552889,28048309.0,-353000,0,-2902,256000,0,5098,609000,0,8000
20260107,3583,辛耘,359.0,364.0,350.0,350.5,-,8.5,1555034,551875649.0,-316980,0,-44139,345020,0,23478,662000,0,67617
20260107,2836,高雄銀,12.25,12.25,12.15,12.15,-,0.05,1465231,17842835.0,-362000,0,0,53000,0,0,415000,0,0
20260107,00949,復華日本龍頭,18.77,18.77,18.63,18.66,-,0.18,956389,17862152.0,-100000,0,-269913,1000,0,228000,101000,0,497913
20260107,3661,世芯-KY,3770.0,3775.0,3620.0,3680.0,-,55.0,2310894,8497365030.0,-440791,125816,-60356,571849,126000,59951,1012640,184,120307
20260107,4977,眾達-KY,134.5,135.0,129.0,129.0,-,3.5,4022291,530623860.0,-370000,0,-5583,969000,0,21000,1339000,0,26583
20260107,5531,鄉林,9.03,9.07,9.02,9.03,,0.0,1034900,9342945.0,-383000,0,2000,30000,0,3000,413000,0,1000
20260107,2477,美隆電,25.65,26.25,24.7,25.5,+,0.2,2091970,53310733.0,-375000,0,-7016,216000,0,0,591000,0,7016
20260107,1514,亞力,97.2,97.2,96.0,96.6,-,0.1,1524325,147168517.0,-349035,0,-39430,282965,0,15000,632000,0,54430
20260107,4915,致伸,78.5,80.5,78.4,79.0,+,1.0,6277679,500905366.0,-1701260,1292817,11652,2095000,1538000,29823,3796260,245183,18171
20260107,6781,AES-KY,1335.0,1340.0,1270.0,1270.0,-,50.0,1570847,2023327505.0,-223436,-152500,-25044,186579,0,94022,410015,152500,119066
20260107,3312,弘憶股,41.4,42.85,40.2,42.0,+,1.05,4696681,194563517.0,-405000,0,2070,803000,0,4070,1208000,0,2000
20260107,2388,威盛,51.2,52.0,50.7,51.5,+,0.5,2919098,150205525.0,-561900,0,148382,641100,0,180970,1203000,0,32588
20260107,8374,羅昇,88.7,95.0,88.5,91.3,+,3.1,6204298,566216725.0,-408980,0,-10359,713020,0,29794,1122000,0,40153
20260107,3023,信邦,199.5,199.5,192.0,193.0,-,3.0,2511729,488089429.0,-294000,-104105,-37062,1228000,1000,32000,1522000,105105,69062
20260107,2345,智邦,1265.0,1265.0,1190.0,1205.0,-,35.0,4013280,4861299360.0,-321040,-33160,-89392,1373693,103500,62161,1694733,136660,151553
20260107,2365,昆盈,37.15,37.2,35.7,35.85,-,0.15,4817013,175278900.0,-463950,0,259,785050,0,259,1249000,0,0
20260107,2106,建大,19.05,19.25,18.95,19.15,+,0.1,982607,18760538.0,-470000,0,1026,169000,0,2000,639000,0,974
20260107,6197,佳必琪,152.5,153.5,146.5,150.0,,0.0,3883127,582952202.0,46000,-573000,55844,997000,0,92056,951000,573000,36212
20260107,3048,益登,44.35,45.5,43.05,43.3,-,0.65,10819970,473406308.0,-505968,0,28119,1963032,0,50605,2469000,0,22486
20260107,2472,立隆電,113.0,114.5,110.0,110.5,-,2.0,4154353,462791479.0,-327000,0,-154069,860000,0,24526,1187000,0,178595
20260107,9941,裕融,82.5,82.6,81.5,81.8,-,0.7,1667628,136707504.0,131000,-579000,-33340,684000,0,3000,553000,579000,36340
20260107,3036,文曄,146.5,149.5,145.5,147.5,+,1.0,8658157,1273198769.0,2646461,-2973550,-159246,5594867,15000,76393,2948406,2988550,235639
20260107,4904,遠傳,89.3,89.9,88.8,89.3,+,0.1,3876711,346531910.0,-838672,377101,-25698,1644539,1051000,32326,2483211,673899,58024
20260107,2204,中華,58.2,58.4,57.9,58.1,-,0.1,1124867,65405592.0,-439073,-47967,-3988,124927,0,515,564000,47967,4503
20260107,3045,台灣大,107.5,107.5,106.5,107.0,,0.0,6288569,673653663.0,54110,-169281,-383804,2286319,1079000,99000,2232209,1248281,482804
20260107,3653,健策,2680.0,2725.0,2480.0,2485.0,-,155.0,2587648,6571539102.0,-52223,-380300,-67841,965505,6000,84995,1017728,386300,152836
20260107,3013,晟銘電,128.0,130.5,126.0,126.0,-,2.0,3478079,442980411.0,-498570,0,-6365,432000,0,55273,930570,0,61638
20260107,2421,建準,157.5,161.0,155.0,156.5,,0.0,3229228,508735197.0,-526000,-8000,23281,1174000,0,67001,1700000,8000,43720
20260107,6919,康霈*,151.0,152.0,141.5,141.5,-,9.5,10435374,1508720286.0,206950,-730205,11000,2634814,0,11000,2427864,730205,0
20260107,3049,精金,6.7,7.19,6.61,7.19,+,0.65,10526934,73278354.0,-554000,0,35545,1823000,0,35645,2377000,0,100
20260107,1713,國化,49.1,53.2,47.8,51.5,+,2.4,6040529,306778613.0,-499000,0,-25498,613000,0,17,1112000,0,25515
20260107,2634,漢翔,52.1,52.1,51.1,51.7,-,0.4,4781964,246317323.0,-376990,-4000,-147481,723010,0,27000,1100000,4000,174481
20260107,2820,華票,16.5,16.5,16.4,16.45,-,0.05,1053179,17317033.0,-542000,0,0,52000,0,0,594000,0,0
20260107,9802,鈺齊-KY,100.0,100.5,99.1,99.9,-,1.1,1176248,117551319.0,-443000,-100000,-1406,321000,0,3000,764000,100000,4406
20260107,2338,光罩,36.7,39.35,36.55,38.95,+,2.4,5418698,207917617.0,-631000,0,50650,1183000,0,97519,1814000,0,46869
20260107,6209,今國光,64.1,65.5,61.5,61.7,-,2.3,9177668,580977900.0,-532000,0,-52668,2504000,0,36000,3036000,0,88668
20260107,6155,鈞寶,50.0,50.4,46.8,47.8,-,1.45,7657601,368687664.0,-586000,0,-4000,1456000,0,10000,2042000,0,14000
20260107,4764,雙鍵,134.5,142.0,130.0,131.5,+,2.0,7785805,1061252730.0,-599000,0,4813,1423000,0,22817,2022000,0,18004
20260107,3545,敦泰,54.2,55.2,53.4,54.1,+,0.7,2651009,143636256.0,-631000,5000,-1909,376000,5000,6067,1007000,0,7976
20260107,3005,神基,115.5,116.5,114.0,115.5,,0.0,3074425,354887078.0,901700,-1523000,-55929,1601700,9000,34000,700000,1532000,89929
20260107,1806,冠軍,8.71,8.89,8.69,8.76,+,0.06,2508345,21963967.0,383000,-1066968,2000,788000,0,16000,405000,1066968,14000
20260107,2363,矽統,46.75,49.3,46.75,48.4,+,1.9,9415941,456557444.0,-849000,20000,138759,2079000,20000,162023,2928000,0,23264
20260107,8215,明基材,21.5,22.2,21.1,22.2,+,2.0,10972629,240839972.0,-699000,0,-3474,1203000,0,20149,1902000,0,23623
20260107,00662,富邦NASDAQ,103.85,103.95,103.5,103.55,+,0.4,4687049,486395407.0,-8750,0,-694532,250,0,976000,9000,0,1670532
20260107,1809,中釉,18.1,19.8,18.1,19.35,+,1.15,4690060,89928103.0,-704000,0,-4975,851000,0,25,1555000,0,5000
20260107,4960,誠美材,14.25,14.65,13.85,13.9,-,0.1,4507117,64080759.0,-714000,0,1995,668000,0,2000,1382000,0,5
20260107,6257,矽格,116.0,118.5,115.0,116.5,+,0.5,11680249,1367324727.0,-110041,-710000,101571,4351000,0,172016,4461041,710000,70445
20260107,4540,全球傳動,38.35,38.85,37.05,38.0,+,0.1,3338287,126044438.0,-720000,0,-727,442000,0,2000,1162000,0,2727
20260107,2633,台灣高鐵,28.05,28.05,27.8,27.85,-,0.15,4414942,123274197.0,-721945,-25371,-2000,2349188,0,0,3071133,25371,2000
20260107,8103,瀚荃,97.9,99.0,92.0,92.9,+,0.2,6966897,665795606.0,-942815,188000,1292,1589035,188000,4292,2531850,0,3000
20260107,1513,中興電,147.0,147.5,145.0,146.0,-,1.0,3031840,442765277.0,138750,-943590,46402,683750,0,91000,545000,943590,44598
20260107,00735,國泰臺韓科技,59.0,59.3,57.6,57.8,+,0.15,1273915,74143824.0,-17000,0,-747000,2000,0,196000,19000,0,943000
20260107,2912,統一超,218.0,221.0,216.0,220.0,+,1.0,2606783,570109566.0,-822775,-11083,13476,981385,56000,47000,1804160,67083,33524
20260107,1808,潤隆,33.95,34.15,33.55,33.95,+,0.15,4568535,154481355.0,1546000,-2400000,12000,2741000,0,12000,1195000,2400000,0
20260107,3028,增你強,42.05,42.5,40.0,42.4,+,1.1,13504150,558578162.0,-820000,0,-23000,2124000,0,0,2944000,0,23000
20260107,2353,宏碁,26.35,27.3,26.2,27.05,+,0.85,69741421,1880086890.0,3671970,-5366216,848050,24744215,2262000,1490051,21072245,7628216,642001
20260107,4958,臻鼎-KY,148.0,149.5,146.0,148.5,+,3.0,12709161,1877578762.0,-1061851,36122,173309,6482356,39000,324615,7544207,2878,151306
20260107,2464,盟立,70.9,70.9,67.0,69.0,-,1.0,8992310,615714173.0,-354000,0,-498946,1296000,0,19471,1650000,0,518417
20260107,2402,毅嘉,59.9,60.2,58.6,58.6,-,0.5,6424313,380455914.0,-820965,0,-45165,1123035,0,26743,1944000,0,71908
20260107,1711,永光,22.0,22.9,21.5,22.3,+,0.7,33664030,750544382.0,-1163000,0,295581,7272000,0,418016,8435000,0,122435
20260107,2347,聯強,61.1,62.3,60.5,62.3,+,1.2,12916300,797343764.0,5244823,-5881865,-256276,7249823,37000,34970,2005000,5918865,291246
20260107,00912,中信臺灣智慧50,22.82,22.82,22.52,22.55,-,0.15,1428823,32287760.0,-217000,0,-693349,2000,0,405000,219000,0,1098349
20260107,4961,天鈺,151.0,154.5,148.5,152.0,+,3.5,5548566,840175296.0,-322000,-551000,-39024,1397000,18000,25760,1719000,569000,64784
20260107,3017,奇鋐,1440.0,1460.0,1375.0,1375.0,-,50.0,8590829,11985918760.0,306305,-1316957,95796,2583377,19000,424488,2277072,1335957,328692
20260107,6116,彩晶,10.6,10.6,10.6,10.6,+,0.95,35250609,373656279.0,-871000,0,-66500,7000,0,55500,878000,0,122000
20260107,4763,材料*-KY,54.0,54.0,52.8,52.9,-,1.0,7346695,390625671.0,-755260,-170662,-75024,1539990,0,13225,2295250,170662,88249
20260107,2887,台新新光金,20.8,20.95,20.7,20.85,-,0.05,57207829,1192859813.0,-5322984,5962334,-1647756,29151537,8000000,139244,34474521,2037666,1787000
20260107,3376,新日興,223.0,223.0,208.0,223.0,-,0.5,12442775,2670203325.0,-910437,0,-122445,4431285,0,254390,5341722,0,376835
20260107,3090,日電貿,107.5,109.0,104.5,105.0,-,3.0,9651969,1020805548.0,-905000,507793,-658336,2061000,525000,20398,2966000,17207,678734
20260107,6120,達運,13.55,14.1,13.2,13.75,+,0.25,17709327,241800610.0,-1015300,-21000,-26454,3635000,0,4939,4650300,21000,31393
20260107,2915,潤泰全,53.9,54.3,53.8,54.0,-,0.1,2974447,160624173.0,-653000,-381000,-35032,601000,0,0,1254000,381000,35032
20260107,2382,廣達,282.0,285.0,280.5,282.0,,0.0,19165223,5408003066.0,-919736,-166501,-16203,7215241,222000,295377,8134977,388501,311580
20260107,1721,三晃,16.5,16.7,15.85,16.0,-,0.85,5951430,95923636.0,-1155000,0,-749,254000,0,3000,1409000,0,3749
20260107,2474,可成,206.5,208.5,204.5,207.5,+,2.0,4947280,1020417605.0,1822701,-2922969,-55780,2618765,12000,25885,796064,2934969,81665
20260107,00935,野村臺灣新科技50,32.38,32.4,31.98,32.12,-,0.04,4789260,154189073.0,-234600,0,-927361,106400,0,1865200,341000,0,2792561
20260107,2376,技嘉,246.5,246.5,243.0,245.0,,0.0,3589784,878659183.0,-1065583,-144153,-38537,646483,142000,80655,1712066,286153,119192
20260107,2305,全友,12.3,12.85,11.45,11.75,-,0.05,5891754,70561229.0,-1252000,0,-24790,575000,0,7000,1827000,0,31790
20260107,6239,力成,211.0,214.0,203.0,205.5,+,1.5,27622288,5754654327.0,-1815894,999000,-478062,7579884,1456000,351755,9395778,457000,829817
20260107,2401,凌陽,20.65,21.35,20.5,21.35,+,0.9,7266610,153024347.0,-1425000,0,127182,1688000,0,133369,3113000,0,6187
20260107,2882,國泰金,76.5,76.5,74.9,75.6,-,0.4,16489328,1245318871.0,2071958,-3511407,90622,10792258,0,241000,8720300,3511407,150378
20260107,2349,錸德,15.0,16.15,15.0,16.15,+,1.45,23887955,379967072.0,-1415580,0,60000,1130000,0,98000,2545580,0,38000
20260107,4562,穎漢,39.3,40.95,38.4,39.35,+,1.1,6517310,257107027.0,-1400614,0,-2171,727386,0,9000,2128000,0,11171
20260107,2357,華碩,539.0,547.0,535.0,543.0,+,4.0,4753977,2576882341.0,-1159761,-294108,-65597,1767087,94000,89002,2926848,388108,154599
20260107,3051,力特,20.95,21.3,19.95,20.25,+,0.35,4691862,96101940.0,-1512000,0,-30910,623000,0,1000,2135000,0,31910
20260107,2838,聯邦銀,19.3,19.3,19.05,19.05,-,0.15,2875949,55016738.0,-1411000,-181000,297,323000,0,2000,1734000,181000,1703
20260107,2543,皇昌,65.8,66.0,62.0,62.2,-,3.4,4699370,296367806.0,-1640000,0,-32073,734000,0,40660,2374000,0,72733
20260107,00894,中信小資高價30,29.31,29.38,28.82,28.93,-,0.28,4690437,135989360.0,-201000,0,-1475385,271000,0,1508998,472000,0,2984383
20260107,2308,台達電,1080.0,1085.0,988.0,1030.0,-,20.0,18956362,19536353781.0,-1886230,172820,-17437,7959226,341000,613225,9845456,168180,630662
20260107,1722,台肥,46.8,46.85,46.35,46.55,-,0.25,5613003,260919473.0,-1764014,0,-10975,658986,0,15000,2423000,0,25975
20260107,2845,遠東銀,12.9,12.9,12.85,12.85,-,0.05,4520466,58244351.0,-1841662,-7000,-1000,261338,0,0,2103000,7000,1000
20260107,3715,定穎投控,121.0,121.5,115.0,117.0,-,1.0,17449284,2049006750.0,-971986,-713000,-189765,3753114,0,325138,4725100,713000,514903
20260107,2406,國碩,24.0,25.7,23.6,24.65,+,0.7,15476140,386017277.0,-2061000,0,105603,3696000,0,114000,5757000,0,8397
20260107,3033,威健,33.5,33.8,32.65,32.75,+,0.8,20727711,687494254.0,-1743850,-11710,-226240,2319150,0,135206,4063000,11710,361446
20260107,3665,貿聯-KY,1585.0,1595.0,1420.0,1430.0,-,145.0,7886165,11474636020.0,-713792,-1237002,-77733,2320784,18500,278557,3034576,1255502,356290
20260107,3702,大聯大,61.2,61.9,60.6,61.3,+,0.5,17334685,1063506633.0,-7159,-1863000,-236946,6198841,2987000,24908,6206000,4850000,261854
20260107,8110,華東,76.0,78.5,73.4,75.1,+,1.7,88711518,6760166153.0,-1873952,0,-288908,12841048,0,160189,14715000,0,449097
20260107,6213,聯茂,118.0,118.5,113.0,113.5,-,4.5,11660988,1335720983.0,-2171880,0,-27969,2504120,0,134000,4676000,0,161969
20260107,3167,大量,226.0,227.0,212.5,214.0,-,11.0,8914501,1938984671.0,-1313464,-895000,-59078,1468000,0,62000,2781464,895000,121078
20260107,6285,啟碁,107.5,107.5,103.0,105.5,-,2.0,9998750,1047853251.0,-2362562,0,70864,2280579,0,208000,4643141,0,137136
20260107,5876,上海商銀,40.5,40.5,40.05,40.25,-,0.25,10026650,402549150.0,-2096370,-3255,-598563,2962093,1625000,1000,5058463,1628255,599563
20260107,2897,王道銀行,9.15,9.15,9.12,9.14,-,0.01,4408229,40285795.0,-2694000,-10000,0,180000,0,0,2874000,10000,0
20260107,00904,台新臺灣半導體30,25.65,25.8,25.42,25.66,+,0.28,6154143,157789204.0,-338040,0,-2381350,32000,0,1251287,370040,0,3632637
20260107,2383,台光電,1720.0,1720.0,1530.0,1580.0,-,115.0,10456647,16515822535.0,-843926,-1668981,-248559,3612081,29000,614921,4456007,1697981,863480
20260107,2368,金像電,667.0,667.0,640.0,643.0,-,19.0,9058719,5871182059.0,-1901781,-783306,-202735,2428657,20000,139804,4330438,803306,342539
20260107,00752,中信中國50,27.31,27.31,26.8,26.82,-,0.49,4760814,128110142.0,-1330000,0,-1684734,79000,0,368000,1409000,0,2052734
20260107,2486,一詮,96.2,96.3,93.3,93.3,-,2.8,9118353,860833173.0,-3107300,0,-234841,1085000,0,18373,4192300,0,253214
20260107,3019,亞光,144.5,148.0,141.5,148.0,,0.0,11824147,1703082020.0,-3180000,0,-432934,1209000,0,178219,4389000,0,611153
20260107,00917,中信特選金融,26.71,26.99,26.64,26.98,+,0.51,4356817,116621420.0,4000,0,-3671027,32000,0,43302,28000,0,3714329
20260107,4967,十銓,205.0,210.5,197.5,201.0,-,2.0,29277386,5939834705.0,-3707370,-47000,-12702,5795630,0,107603,9503000,47000,120305
20260107,2867,三商壽,7.94,7.95,7.83,7.85,-,0.11,18020877,142103164.0,-3746000,0,-40000,4771000,0,0,8517000,0,40000
20260107,2885,元大金,40.1,40.3,39.75,40.2,-,0.25,32545887,1301624485.0,7143573,-10096477,-840053,22749329,17000,637323,15605756,10113477,1477376
20260107,2485,兆赫,25.45,26.8,25.05,26.8,+,1.45,28575739,747209784.0,-4082900,0,3968,5714100,0,74000,9797000,0,70032
20260107,8046,南電,247.0,253.5,240.0,241.5,-,3.0,19234470,4746191647.0,-5068361,1030400,-139062,4311459,1053000,238964,9379820,22600,378026
20260107,2489,瑞軒,17.6,18.0,16.75,16.75,-,0.55,35699266,617254185.0,-4163000,0,-136657,6705000,0,69205,10868000,0,205862
20260107,4927,泰鼎-KY,36.7,39.0,36.05,37.7,+,2.15,52672187,1977654456.0,-4611473,0,-15172,11946000,0,109342,16557473,0,124514
20260107,2812,台中銀,20.85,20.85,20.7,20.75,-,0.05,10027441,207891399.0,-4629700,-18753,-2000,704300,0,0,5334000,18753,2000
20260107,2890,永豐金,29.0,29.0,28.8,28.95,-,0.05,19739024,570575661.0,-2492621,-423913,-1811945,10767560,44000,179000,13260181,467913,1990945
20260107,2892,第一金,30.05,30.05,29.55,29.75,-,0.3,19259300,572341496.0,-3616398,-1480913,48559,9739146,0,301000,13355544,1480913,252441
20260107,00947,台新臺灣IC設計,21.7,21.7,21.02,21.36,+,0.46,12036647,257159102.0,-2286900,0,-3036878,136100,0,3734618,2423000,0,6771496
20260107,2449,京元電子,270.5,276.0,266.5,266.5,-,0.5,25557113,6920556463.0,-3513546,-606951,-1237878,6095596,253000,188407,9609142,859951,1426285
20260107,1102,亞泥,37.05,37.1,36.55,36.8,-,0.25,9205739,337822272.0,-3633959,-1269433,-524635,2371315,0,11000,6005274,1269433,535635
20260107,00646,元大S&P500,68.75,68.8,68.6,68.7,+,0.3,6829534,469341414.0,6212,60000,-5863000,11429,60000,11000,5217,0,5874000
20260107,3037,欣興,232.5,244.5,225.5,226.0,-,4.5,59270632,13876517690.0,-6411257,161002,138837,19419184,272002,1442567,25830441,111000,1303730
20260107,2412,中華電,132.0,133.5,132.0,133.0,+,0.5,12265952,1631601889.0,-6157052,-78750,32994,1402549,2000,122528,7559601,80750,89534
20260107,2886,兆豐金,40.55,40.55,40.2,40.35,-,0.2,14824905,598003221.0,-5068292,-343536,-933598,5885123,0,278000,10953415,343536,1211598
20260107,2317,鴻海,237.5,241.5,235.0,238.5,+,2.5,88280139,21020122381.0,-8417177,683690,1306488,32494565,868000,1987678,40911742,184310,681190
20260107,2834,臺企銀,16.1,16.15,16.0,16.05,-,0.1,15300536,245513732.0,-6425885,-22563,0,2411825,0,0,8837710,22563,0
20260107,2801,彰銀,20.55,20.65,20.4,20.45,-,0.05,17681542,362475362.0,-6694649,-33103,-112333,5753192,0,0,12447841,33103,112333
20260107,1216,統一,75.8,76.4,75.2,75.3,-,0.9,16831658,1270686079.0,-8335331,45030,-620097,3703589,2400000,161000,12038920,2354970,781097
20260107,2891,中信金,49.9,50.1,49.1,49.35,-,0.5,27122320,1339817447.0,-559115,-7033827,-1454686,11509355,25000,500000,12068470,7058827,1954686
20260107,00927,群益半導體收益,23.38,23.78,23.3,23.64,+,0.55,19817546,467433976.0,330050,0,-9460614,943050,0,2577063,613000,0,12037677
20260107,5880,合庫金,24.3,24.3,24.0,24.05,-,0.25,17376535,419078230.0,-9959481,-99704,212811,3356227,0,233000,13315708,99704,20189
20260107,00830,國泰費城半導體,62.1,62.45,62.05,62.15,+,1.15,24146258,1503015387.0,-3004867,0,-7633043,465531,0,3037439,3470398,0,10670482
20260107,2301,光寶科,171.5,173.0,163.0,163.5,-,7.0,25905660,4311512067.0,-5877908,-5390735,-233526,6301589,275000,516790,12179497,5665735,750316
20260107,2884,玉山金,33.75,33.75,33.2,33.25,-,0.45,44421826,1482456973.0,-23325754,6923497,-1082004,7166150,8026000,281000,30491904,1102503,1363004
20260107,3481,群創,22.55,23.6,21.0,22.15,+,0.3,358140346,7994694556.0,-19378948,-122296,2014425,50986982,49000,10081431,70365930,171296,8067006
20260107,6770,力積電,50.0,50.5,48.0,49.2,+,1.45,535325591,26366005461.0,-16379090,3208000,-5515801,135461811,3208000,4699202,151840901,0,10215003
20260107,2330,台積電,1665.0,1685.0,1665.0,1675.0,-,30.0,54807595,91717350741.0,-26816546,943945,405108,14023158,1416600,1119455,40839704,472655,714347
20260107,00881,國泰台灣科技龍頭,35.0,35.0,34.49,34.63,-,0.14,40310739,1398334309.0,-4137039,0,-22044150,1723961,0,2468227,5861000,0,24512377
20260107,2344,華邦電,109.0,110.5,104.5,106.5,+,2.5,351786974,37741386652.0,-35608233,4703487,-1520078,87161023,4745000,2943063,122769256,41513,4463141
20260107,0052,富邦科技,41.1,41.11,40.64,40.77,-,0.33,72284388,2952406582.0,-3058294,-1913000,-30623273,2837956,0,3457000,5896250,1913000,34080273
20260107,0050,元大台灣50,70.4,70.45,69.7,69.85,-,0.55,122267721,8554349889.0,-35532354,0,-21801057,2820586,0,15563000,38352940,0,37364057
