tradeDate,stockCode,stockName,openPrice,highPrice,lowPrice,closePrice,changeSign,change,totalShares,totalAmount,foreignNetShares,investmentNetShares,dealerNetShares,foreignBuyShares,investmentBuyShares,dealerBuyShares,foreignSellShares,investmentSellShares,dealerSellShares
20260618,00919,群益台灣精選高息,30.52,30.94,30.51,30.81,+,0.46,172963808,5328993821.0,66330042,0,36209018,76459699,0,49997196,10129657,0,13788178
20260618,2409,友達,27.45,28.6,26.05,28.15,+,1.9,828311957,22785902829.0,52384372,-120000,4705322,278181550,122000,8244203,225797178,242000,3538881
20260618,2890,永豐金,37.6,39.9,37.2,39.8,+,3.45,148015065,5822871817.0,23485793,22670088,-333768,111398228,22757000,357794,87912435,86912,691562
20260618,1301,台塑,48.4,51.8,48.4,51.7,+,3.75,188508912,9689626723.0,142290326,-107362798,375053,166578616,1207000,1326053,24288290,108569798,951000
20260618,2002,中鋼,18.8,19.1,18.75,19.1,+,0.35,387667193,7393736086.0,319913795,-286095940,811170,365059845,3211000,1126657,45146050,289306940,315487
20260618,2337,旺宏,164.0,171.5,162.5,169.0,+,7.5,126341325,21124021399.0,31388823,-155000,40001,61366558,152000,1270683,29977735,307000,1230682
20260618,1802,台玻,70.3,73.5,69.9,71.3,+,2.0,121469143,8756605361.0,26659152,645000,1084324,52789157,645000,3464640,26130005,0,2380316
20260618,2303,聯電,141.0,146.0,138.5,145.5,+,5.5,307999583,43965121072.0,65777401,-49325866,8305025,156991656,14817000,9819482,91214255,64142866,1514457
20260618,00929,復華台灣科技優息,30.7,31.13,30.69,31.1,+,0.53,32625052,1008088671.0,16325496,0,4496221,18018096,0,8739573,1692600,0,4243352
20260618,8150,南茂,95.5,104.0,95.1,104.0,+,9.1,73251782,7412243362.0,15843777,3099000,1098484,27391917,3099000,1494524,11548140,0,396040
20260618,2610,華航,22.1,22.4,21.8,22.0,+,0.15,100065829,2208675260.0,19462274,7000,-43711,65945305,110000,128772,46483031,103000,172483
20260618,6770,力積電,71.5,75.3,70.7,74.2,+,4.0,245700060,17947697838.0,14672197,1746000,2189116,85303834,1748000,2866335,70631637,2000,677219
20260618,00940,元大台灣價值高息,12.6,12.72,12.6,12.7,+,0.17,25220248,319613588.0,5790655,0,12391374,6060655,0,14947110,270000,0,2555736
20260618,2449,京元電子,287.0,308.5,287.0,308.5,+,28.0,52543047,16053690850.0,17378936,-1515000,1844975,23811283,3047000,2306373,6432347,4562000,461398
20260618,00918,大華優利高填息30,31.71,32.06,31.6,32.0,,0.0,90941020,2893040303.0,20340075,0,-3664922,24749800,0,20396032,4409725,0,24060954
20260618,0050,元大台灣50,107.0,107.45,106.65,107.3,+,1.3,78557448,8411642386.0,14338704,2200000,-846548,20395512,2200000,12608180,6056808,0,13454728
20260618,2426,鼎元,75.7,81.8,75.7,81.8,+,7.4,39099178,3167910606.0,12412175,0,106860,16468882,0,167860,4056707,0,61000
20260618,00878,國泰永續高股息,33.45,33.71,33.45,33.67,+,0.4,37481091,1259342934.0,6340798,0,6119067,7356978,0,11680083,1016180,0,5561016
20260618,2892,第一金,32.5,32.8,32.25,32.6,+,0.1,75198702,2447816011.0,-8947028,20339405,164113,41495479,20742000,202000,50442507,402595,37887
20260618,0056,元大高股息,52.4,52.85,52.4,52.8,+,0.85,33652479,1772299362.0,8196851,0,2483246,10566985,0,3090253,2370134,0,607007
20260618,2323,中環,11.35,11.75,11.25,11.75,+,0.5,24286129,279761719.0,8395438,0,865393,16510317,0,909393,8114879,0,44000
20260618,5880,合庫金,24.75,25.0,24.7,24.75,,0.0,33174894,822898431.0,11374001,-2645081,98000,23847577,0,99000,12473576,2645081,1000
20260618,1314,中石化,7.64,7.89,7.64,7.78,+,0.16,23805322,185387568.0,8606441,0,49802,13340214,0,97000,4733773,0,47198
20260618,2891,中信金,71.3,72.7,70.9,71.9,+,0.9,59339401,4267038332.0,19244555,-11319036,509823,50803389,57000,699793,31558834,11376036,189970
20260618,2408,南亞科,443.5,459.5,427.5,459.5,+,22.5,180896115,80554395206.0,-5297426,13354963,305795,54089804,13380000,1595434,59387230,25037,1289639
20260618,1708,東鹼,48.7,50.3,48.65,50.3,+,4.55,21194533,1064255036.0,8110238,0,136601,8677238,0,143900,567000,0,7299
20260618,2388,威盛,76.3,82.7,75.2,81.4,+,6.2,26511874,2087249589.0,7001496,-17000,954103,12755620,0,1254968,5754124,17000,300865
20260618,2401,凌陽,31.9,34.15,31.8,32.25,+,0.75,29277986,969609258.0,7428490,0,461734,13542100,0,641639,6113610,0,179905
20260618,2618,長榮航,43.3,43.7,42.25,42.55,,0.0,65533169,2801552757.0,10506912,-3778464,450534,37957991,32000,783976,27451079,3810464,333442
20260618,1402,遠東新,28.85,29.3,28.75,28.85,+,0.05,38500260,1116719760.0,-1123647,7973000,-14013,22464645,7974000,54282,23588292,1000,68295
20260618,2606,裕民,62.3,62.5,60.5,61.5,-,0.7,14448524,883504394.0,6886648,-188000,128793,8938123,0,203000,2051475,188000,74207
20260618,00891,中信關鍵半導體,37.06,37.34,37.04,37.34,+,0.69,21413708,797051477.0,3630900,0,2527534,6626000,0,5652098,2995100,0,3124564
20260618,0052,富邦科技,62.6,62.9,62.35,62.8,+,0.65,25192808,1577644053.0,3671418,0,2461060,7495738,0,7065636,3824320,0,4604576
20260618,2867,三商壽,8.65,8.78,8.62,8.74,+,0.12,18362750,159744578.0,4868000,0,1034000,11163000,0,1044000,6295000,0,10000
20260618,3711,日月光投控,591.0,618.0,591.0,613.0,+,18.0,36191812,22115749226.0,13363825,-8525378,1058465,27130369,143000,1406954,13766544,8668378,348489
20260618,6213,聯茂,274.0,290.0,272.5,280.0,+,12.5,22287192,6307460704.0,4330530,449000,482560,8661700,449000,742634,4331170,0,260074
20260618,2880,華南金,38.15,39.2,38.0,38.35,+,0.25,67936605,2619975069.0,-9125673,13666880,419760,25592054,26904000,537038,34717727,13237120,117278
20260618,2340,台亞,38.8,41.95,38.8,39.95,+,1.45,19977197,812082043.0,4520679,0,386179,8894754,0,438955,4374075,0,52776
20260618,2369,菱生,34.65,37.4,34.65,36.85,+,2.35,25394055,929711011.0,4283470,0,550410,9600470,0,600306,5317000,0,49896
20260618,1303,南亞,139.0,139.0,135.0,139.0,+,12.5,134284623,18641717663.0,4408573,331086,-56683,38601962,1439000,1511672,34193389,1107914,1568355
20260618,1905,華紙,15.95,17.1,15.4,17.1,+,1.55,44217266,737167453.0,4721500,0,-318844,10073000,0,286241,5351500,0,605085
20260618,8105,凌巨,21.6,22.2,21.3,21.9,+,0.5,16220091,354308796.0,4156044,0,11000,7040144,0,12000,2884100,0,1000
20260618,00927,群益半導體收益,40.56,41.26,40.48,41.25,+,1.13,15083070,617098422.0,3241000,0,919158,5204000,0,2754722,1963000,0,1835564
20260618,3450,聯鈞,521.0,565.0,520.0,565.0,+,51.0,15584608,8625074355.0,3573007,322000,211783,5846451,322000,591935,2273444,0,380152
20260618,6257,矽格,216.5,235.0,216.5,235.0,+,21.0,17090675,3956426094.0,3013121,195000,879397,5188155,195000,968733,2175034,0,89336
20260618,00900,富邦特選高股息30,19.59,19.67,19.47,19.58,+,0.11,6101671,119410158.0,1234010,0,2671752,1299010,0,3281436,65000,0,609684
20260618,3702,大聯大,107.5,113.0,106.5,112.0,+,5.0,20036329,2235046634.0,3405011,-60000,-134355,14267015,54000,530882,10862004,114000,665237
20260618,6155,鈞寶,90.2,98.5,90.1,98.5,+,8.9,22494851,2147443074.0,3121304,0,84170,6983304,0,104428,3862000,0,20258
20260618,3006,晶豪科,228.0,237.5,227.5,237.5,+,12.5,14324334,3350345653.0,2809228,-294000,623840,6053118,6000,742240,3243890,300000,118400
20260618,3035,智原,203.0,209.5,201.5,209.0,+,7.0,9212415,1901076786.0,2647382,-6000,324121,4223027,0,458111,1575645,6000,133990
20260618,2329,華泰,54.2,57.5,53.9,55.6,+,1.3,18365853,1031672225.0,2337430,0,554187,11904839,0,815659,9567409,0,261472
20260618,2382,廣達,374.5,379.5,372.5,376.0,+,2.0,22566584,8486637672.0,2276039,574711,-51209,10425484,1741000,422234,8149445,1166289,473443
20260618,8112,至上,97.5,99.0,97.2,98.2,+,1.4,16490673,1616804126.0,2706546,1000,-37769,6854323,1000,118505,4147777,0,156274
20260618,1326,台化,54.6,55.2,53.7,54.2,+,0.5,31267057,1699240459.0,428520,1755000,437468,15860333,1755000,622216,15431813,0,184748
20260618,2363,矽統,59.5,63.4,59.3,62.9,+,3.9,9034781,555394577.0,2541278,0,38201,3756328,0,267602,1215050,0,229401
20260618,2241,艾姆勒,46.05,50.6,46.05,50.6,+,4.55,8362429,415700603.0,2549137,0,12062,3898360,0,18018,1349223,0,5956
20260618,2441,超豐,127.5,137.0,127.5,135.0,+,8.5,13883255,1858935274.0,4269945,-2186000,439890,7115445,0,502368,2845500,2186000,62478
20260618,2886,兆豐金,45.1,46.0,44.85,45.5,+,0.4,72606918,3313366170.0,-33020694,35366883,157721,22793190,38239581,263721,55813884,2872698,106000
20260618,1304,台聚,13.15,13.95,13.05,13.55,+,0.6,9380424,127777928.0,2347000,0,137064,4673000,0,199622,2326000,0,62558
20260618,3048,益登,72.0,75.5,71.8,73.5,+,0.9,11027285,815237825.0,2543097,0,-65047,4691597,0,51589,2148500,0,116636
20260618,3060,銘異,37.75,38.95,36.7,37.9,+,0.65,22559230,855370449.0,2512557,0,-65219,7402557,0,19781,4890000,0,85000
20260618,00946,群益科技高息成長,15.21,15.43,15.2,15.4,+,0.28,4623710,71082406.0,993100,0,1443054,1201100,0,2594539,208000,0,1151485
20260618,00639,富邦深100,18.42,18.75,18.4,18.69,+,0.38,3157985,58797532.0,454000,0,1962297,680000,0,2312066,226000,0,349769
20260618,00922,國泰台灣領袖50,40.99,41.31,40.99,41.22,+,0.61,9031344,371543796.0,1455036,0,916623,2147036,0,3321256,692000,0,2404633
20260618,00915,凱基優選高股息30,31.92,32.33,31.92,32.28,+,0.56,7290025,234524650.0,2013000,0,320856,2112000,0,4746857,99000,0,4426001
20260618,6505,台塑化,52.6,55.3,52.5,53.5,+,0.9,13997185,753442148.0,3813660,-1410991,-69777,9750028,25000,124028,5936368,1435991,193805
20260618,1513,中興電,173.0,176.5,171.0,176.5,+,4.5,17875474,3128902125.0,-1833994,4004783,133879,4757649,4030000,223199,6591643,25217,89320
20260618,00896,中信綠能及電動車,27.65,28.03,27.65,27.97,+,0.38,4871481,136046892.0,1064000,0,1221869,1179000,0,1701195,115000,0,479326
20260618,3714,富采,67.0,68.7,66.5,67.2,+,1.3,13360253,903355316.0,2127384,0,122592,5117069,0,215803,2989685,0,93211
20260618,3715,定穎投控,176.5,185.0,176.5,179.0,+,3.0,11155279,2009810537.0,2139262,0,97669,3992246,0,278871,1852984,0,181202
20260618,1455,集盛,9.82,10.35,9.7,10.2,+,0.38,4663539,46952179.0,2185302,0,-9958,2662413,0,30000,477111,0,39958
20260618,1313,聯成,11.3,11.7,11.25,11.6,+,0.4,5487197,63295707.0,2182459,0,-12301,3200694,0,13700,1018235,0,26001
20260618,00885,富邦越南,18.32,18.73,18.31,18.71,+,0.43,4552429,84503384.0,807924,0,1352286,948000,0,2050286,140076,0,698000
20260618,3717,聯嘉投控,22.8,23.55,22.45,22.55,+,0.1,8578935,197151801.0,2146066,0,-24105,3448250,0,8000,1302184,0,32105
20260618,1909,榮成,10.0,10.25,9.95,10.2,+,0.15,5194352,52746051.0,2108000,0,11000,3067000,0,11000,959000,0,0
20260618,2458,義隆,159.5,172.0,159.5,172.0,+,15.5,14910283,2502440035.0,2020984,-200514,297954,6089374,7000,345223,4068390,207514,47269
20260618,6153,嘉聯益,24.7,24.95,23.75,24.45,+,0.05,20476777,500216371.0,1961190,0,100000,7557190,0,119000,5596000,0,19000
20260618,3605,宏致,77.3,82.6,77.3,80.5,+,3.4,7168015,578758842.0,2089996,0,-41535,3339010,0,205278,1249014,0,246813
20260618,6672,騰輝電子-KY,231.5,249.0,231.5,245.5,+,19.0,7230125,1757712512.0,1958685,0,78576,3122195,0,93347,1163510,0,14771
20260618,2103,台橡,21.2,22.05,21.2,21.4,+,0.2,4944708,107014471.0,1962971,0,32030,3284992,0,140015,1322021,0,107985
20260618,1907,永豐餘,27.6,28.3,27.15,28.2,+,0.7,6038265,168916692.0,1902065,0,18553,3571285,0,34553,1669220,0,16000
20260618,6962,奕力-KY,39.0,39.8,38.65,38.9,+,0.35,6052241,237532534.0,1758030,0,37832,2730030,0,45090,972000,0,7258
20260618,3033,威健,49.05,49.75,48.75,49.5,+,0.6,5334905,263709218.0,1784216,-13778,19767,3668216,0,58119,1884000,13778,38352
20260618,00965,元大航太防衛科技,25.72,25.91,25.71,25.74,-,0.02,2801243,72357628.0,56115,0,1700142,188115,0,1900577,132000,0,200435
20260618,2436,偉詮電,70.1,73.8,70.1,73.4,+,3.1,5189825,377431878.0,1620973,0,117419,2477973,0,142132,857000,0,24713
20260618,2897,王道銀行,10.55,10.7,10.5,10.5,-,0.05,5248084,55573636.0,1695000,0,0,2767000,0,0,1072000,0,0
20260618,2377,微星,137.0,139.0,136.5,138.5,+,1.5,11528768,1586309952.0,1063316,545000,62672,5435541,605000,147674,4372225,60000,85002
20260618,2472,立隆電,372.0,402.0,368.0,402.0,+,36.5,18705072,7277513604.0,310159,1073000,263562,4138190,1073000,396396,3828031,0,132834
20260618,4958,臻鼎-KY,646.0,654.0,628.0,642.0,+,3.0,53927871,34577366585.0,-18103445,19702830,44318,17050240,20176830,280381,35153685,474000,236063
20260618,6271,同欣電,228.0,247.0,223.5,242.5,+,17.5,9150795,2178699139.0,818576,583000,226880,3499214,583000,311132,2680638,0,84252
20260618,2379,瑞昱,770.0,819.0,754.0,819.0,+,74.0,6727481,5412872173.0,1805037,-198000,-31131,3242183,9000,259537,1437146,207000,290668
20260618,1718,中纖,10.1,10.1,9.53,9.86,+,0.07,14075596,138211706.0,220800,0,1295000,2563000,0,1309000,2342200,0,14000
20260618,2349,錸德,13.65,13.95,13.55,13.85,+,0.2,4949712,68053050.0,1491183,0,20000,2369337,0,23000,878154,0,3000
20260618,2801,彰銀,22.95,23.15,22.65,22.85,-,0.1,38635314,883232212.0,1581409,-164000,73005,26180711,97000,78000,24599302,261000,4995
20260618,00881,國泰台灣科技龍頭,55.55,55.65,55.15,55.4,+,0.45,8782297,486931710.0,915060,0,560469,1740090,0,2177196,825030,0,1616727
20260618,6005,群益證,39.45,40.2,39.35,39.65,+,0.2,20145609,801469311.0,7188074,-5728000,0,13595134,0,0,6407060,5728000,0
20260618,6168,宏齊,28.2,28.95,28.0,28.3,+,0.4,5413487,154080684.0,1401243,0,-1000,2355243,0,1000,954000,0,2000
20260618,2501,國建,27.15,28.4,26.6,26.85,-,0.15,12652565,349190114.0,1371313,0,23471,3821520,0,49000,2450207,0,25529
20260618,3019,亞光,159.0,161.5,158.0,160.5,+,2.0,8119793,1298575339.0,1401380,0,-37296,3071580,0,47342,1670200,0,84638
20260618,2338,光罩,52.5,54.3,52.2,53.3,+,1.1,6767176,361510988.0,1205680,0,151030,3460680,0,206670,2255000,0,55640
20260618,6719,力智,245.0,260.5,245.0,260.5,+,23.5,4105995,1062480417.0,1259736,0,62502,1950099,0,67086,690363,0,4584
20260618,4938,和碩,83.8,86.6,82.9,82.9,-,0.1,26848809,2256714500.0,3035628,-1892059,174815,15435164,124000,239243,12399536,2016059,64428
20260618,1102,亞泥,35.6,36.05,35.5,35.8,+,0.25,19588297,702721943.0,1858311,-909293,349000,12838361,20000,386000,10980050,929293,37000
20260618,4919,新唐,187.0,204.0,185.5,196.5,+,9.0,20144176,3917569472.0,613150,387000,297570,6407384,387000,534119,5794234,0,236549
20260618,2486,一詮,252.0,276.5,251.0,276.5,+,25.0,10684741,2889062934.0,1057628,0,232244,2879872,0,304244,1822244,0,72000
20260618,3090,日電貿,320.0,332.5,316.0,332.5,+,30.0,23571289,7732687827.0,-1153206,2428000,-4136,4538991,2428000,258341,5692197,0,262477
20260618,2312,金寶,35.35,36.15,34.9,35.5,+,0.65,24934619,881635672.0,1191807,0,37614,8323202,0,358447,7131395,0,320833
20260618,6120,達運,15.05,15.4,14.75,15.05,+,0.35,5538967,83340034.0,1116727,0,82048,2918859,0,127632,1802132,0,45584
20260618,2483,百容,36.1,39.65,36.1,39.65,+,3.6,8963992,345545201.0,1161632,0,22842,2519120,0,26842,1357488,0,4000
20260618,1717,長興,71.7,73.8,71.5,72.4,+,1.3,10887187,787273553.0,948122,208000,23103,4878343,241000,178386,3930221,33000,155283
20260618,2903,遠百,24.0,24.5,23.95,23.95,-,0.2,3560807,86117132.0,861186,291000,17000,2458321,291000,45000,1597135,0,28000
20260618,3504,揚明光,87.8,91.5,85.7,91.2,+,4.7,6086004,545560402.0,1157633,0,996,2307633,0,1000,1150000,0,4
20260618,8476,台境*,20.15,21.75,20.1,21.75,+,1.95,3430370,73560213.0,1149011,0,2339,1290120,0,7339,141109,0,5000
20260618,3003,健和興,67.4,71.3,67.2,69.9,+,2.9,4157767,290187497.0,1117692,0,8895,1937000,0,13000,819308,0,4105
20260618,4551,智伸科,221.0,221.5,216.0,221.5,+,20.0,4096111,904037663.0,1097822,0,25157,1849052,0,60448,751230,0,35291
20260618,8996,高力,1555.0,1660.0,1555.0,1590.0,+,75.0,5947423,9552369255.0,35473,1175000,-107040,2531525,1180000,68310,2496052,5000,175350
20260618,3706,神達,86.4,87.5,86.2,86.9,+,0.6,10099896,877767178.0,798161,270175,25671,3152810,276175,134862,2354649,6000,109191
20260618,4960,誠美材,29.25,29.5,28.3,29.1,-,0.25,6978926,201821250.0,1080201,0,-7822,2835201,0,14140,1755000,0,21962
20260618,6224,聚鼎,79.0,86.4,78.6,85.0,+,6.4,4119224,346473150.0,1062284,0,5099,1877284,0,7099,815000,0,2000
20260618,00897,富邦基因免疫生技,10.07,10.14,10.07,10.1,+,0.19,2087664,21098964.0,1539500,0,-477519,1540000,0,350481,500,0,828000
20260618,4764,雙鍵,319.0,347.5,317.0,338.5,+,22.5,4691558,1592008367.0,997432,0,29930,1675460,0,71845,678028,0,41915
20260618,6285,啟碁,271.0,281.0,268.5,274.0,+,3.5,15485699,4259565688.0,1916588,-940000,30366,7181972,10000,158573,5265384,950000,128207
20260618,00932,兆豐永續高息等權,17.58,17.74,17.58,17.68,+,0.14,1011411,17895167.0,177000,0,815054,177000,0,815054,0,0,0
20260618,00757,統一FANG+,129.35,129.7,128.55,128.9,-,0.45,1732155,223486793.0,544831,0,442837,549831,0,656985,5000,0,214148
20260618,1434,福懋,16.9,17.3,16.9,16.95,+,0.1,2826616,48249256.0,973143,0,4000,1713143,0,4000,740000,0,0
20260618,4306,炎洲,15.95,16.0,15.7,15.85,-,0.1,2388733,37745101.0,853255,0,105000,1088255,0,110000,235000,0,5000
20260618,2327,國巨*,1015.0,1080.0,974.0,1080.0,+,96.0,93655965,97896306241.0,-6505033,6738176,721176,18362443,8387000,2788690,24867476,1648824,2067514
20260618,2820,華票,17.9,18.05,17.65,17.85,,0.0,3571526,63614634.0,929774,0,6000,1822018,0,6000,892244,0,0
20260618,6446,藥華藥,1020.0,1075.0,1015.0,1060.0,+,50.0,2843156,2989221930.0,886557,11251,8437,1583633,18251,60773,697076,7000,52336
20260618,2646,星宇航空,21.35,21.45,21.05,21.25,+,0.05,7938674,168361964.0,758050,3000,144769,3771050,3000,168000,3013000,0,23231
20260618,2301,光寶科,210.0,215.5,209.5,210.5,+,0.5,21209294,4481365110.0,4976393,-4229182,157776,10084516,33818,402416,5108123,4263000,244640
20260618,2383,台光電,5460.0,5600.0,5230.0,5600.0,+,400.0,1927746,10522532290.0,717367,39884,143211,1243530,64101,209461,526163,24217,66250
20260618,2855,統一證,51.6,52.6,51.6,52.2,+,0.6,8962525,468179922.0,900967,-14244,0,4638867,1000,0,3737900,15244,0
20260618,3045,台灣大,119.0,119.5,118.5,119.0,,0.0,8119704,965496137.0,1403285,-428632,-92000,5204316,271000,6000,3801031,699632,98000
20260618,2354,鴻準,57.8,58.2,57.5,57.9,+,0.4,8137908,471256372.0,879675,-19000,13718,6004781,19000,20000,5125106,38000,6282
20260618,00949,復華日本龍頭,20.84,20.95,20.76,20.78,+,0.25,2065049,43083926.0,38000,0,836370,53000,0,1772599,15000,0,936229
20260618,00930,永豐ESG低碳高息,25.31,25.51,25.3,25.51,+,0.46,1127158,28651302.0,243000,0,620342,255000,0,765500,12000,0,145158
20260618,00935,野村臺灣新科技50,61.9,62.4,61.75,62.25,+,0.9,11754121,729567984.0,148950,87000,574686,1504050,87000,3952104,1355100,0,3377418
20260618,1503,士電,238.5,244.0,233.5,241.5,+,5.0,8234078,1968868632.0,785249,102000,-78155,2792168,103000,101531,2006919,1000,179686
20260618,6919,康霈*,99.2,109.0,99.1,109.0,+,9.9,53934831,5809502422.0,25485783,-24869246,191091,31769543,139000,243511,6283760,25008246,52420
20260618,3014,聯陽,154.0,158.0,153.5,157.5,+,6.0,3775602,588570383.0,792346,-3971,-3000,1719346,0,0,927000,3971,3000
20260618,3356,奇偶,60.3,62.2,60.2,60.4,+,0.5,1969944,120903861.0,775622,0,3000,1013712,0,7000,238090,0,4000
20260618,1476,儒鴻,325.0,333.0,321.0,327.0,+,3.5,2918848,949640449.0,497268,246118,15763,1543942,296118,27040,1046674,50000,11277
20260618,00898,國泰基因免疫革命,8.41,8.49,8.41,8.46,+,0.07,1380307,11689764.0,1137000,0,-394000,1143000,0,54000,6000,0,448000
20260618,3023,信邦,314.0,327.5,310.5,327.5,+,14.5,1450867,468512098.0,829146,-95000,8374,1079416,3000,14374,250270,98000,6000
20260618,6202,盛群,65.5,67.5,64.6,67.0,+,1.6,12412841,823263393.0,567321,0,166975,3990321,0,183770,3423000,0,16795
20260618,00939,統一台灣高息動能,21.82,22.03,21.82,21.95,+,0.23,6443864,141414038.0,1734000,0,-1009712,1819000,0,3341382,85000,0,4351094
20260618,1904,正隆,23.05,23.55,22.85,23.1,+,0.1,4402801,102313789.0,724967,0,-8094,2274029,0,10000,1549062,0,18094
20260618,2331,精英,22.05,22.8,21.95,22.4,+,0.15,4167566,93509389.0,724255,0,-9000,2197255,0,18000,1473000,0,27000
20260618,00643,群益深証中小,20.11,20.44,20.11,20.42,+,0.36,3443050,69994005.0,-50000,0,763168,62000,0,3201670,112000,0,2438502
20260618,00934,中信成長高股息,28.56,28.85,28.56,28.72,+,0.18,3128158,89826136.0,126000,0,579248,170000,0,1739012,44000,0,1159764
20260618,6789,采鈺,496.0,543.0,496.0,543.0,+,49.0,4047781,2166443288.0,653583,-2000,38669,1081117,0,187664,427534,2000,148995
20260618,2476,鉅祥,123.5,126.0,122.0,125.0,+,2.5,3435420,427294668.0,674690,0,223,1567690,0,60574,893000,0,60351
20260618,6525,捷敏-KY,136.0,143.0,135.0,143.0,+,13.0,4186904,588173772.0,571318,-5547,109047,1182000,0,110047,610682,5547,1000
20260618,2352,佳世達,30.9,31.1,30.6,30.85,+,0.05,4568981,141005234.0,696744,-19000,-14290,1987044,0,11000,1290300,19000,25290
20260618,2547,日勝生,11.25,11.35,11.1,11.2,,0.0,4688438,52561945.0,635000,0,28000,1828000,0,36000,1193000,0,8000
20260618,6197,佳必琪,333.5,356.0,333.0,347.5,+,14.5,4373191,1517544655.0,657349,0,683,1559879,0,94530,902530,0,93847
20260618,2316,楠梓電,192.0,205.5,192.0,205.5,+,18.5,5702420,1142082183.0,615330,0,42418,1721000,0,145418,1105670,0,103000
20260618,1210,大成,55.1,55.7,54.7,54.7,-,0.4,3386112,186580630.0,395711,151000,108000,2091712,151000,115000,1696001,0,7000
20260618,1477,聚陽,217.0,221.5,216.5,221.5,+,4.5,4404272,968284130.0,2832231,-2156461,-24969,3300702,275732,6693,468471,2432193,31662
20260618,00692,富邦公司治理,92.5,92.9,92.05,92.8,+,1.15,1936429,179187541.0,310012,0,329998,404012,0,1344188,94000,0,1014190
20260618,2455,全新,421.5,447.5,412.0,416.0,-,12.0,25326353,10794482187.0,-1831220,2197000,255219,7059581,2197000,572984,8890801,0,317765
20260618,2498,宏達電,47.7,47.8,46.4,46.4,-,1.1,9514067,448415114.0,652807,-30000,-3053,2329807,0,268084,1677000,30000,271137
20260618,3044,健鼎,580.0,583.0,562.0,573.0,+,2.0,6881994,3944350547.0,1094701,-445000,-34841,4250203,193000,45971,3155502,638000,80812
20260618,4927,泰鼎-KY,50.5,51.8,49.75,51.1,+,1.1,4170278,213043075.0,610150,0,519,1476300,0,8000,866150,0,7481
20260618,00936,台新永續高息中小,20.52,20.72,20.51,20.6,+,0.11,1201109,24762791.0,-54000,0,659131,32000,0,980711,86000,0,321580
20260618,2207,和泰車,460.0,482.0,460.0,482.0,+,20.5,8781085,4223660721.0,7673397,-7092628,18262,8382286,149000,19263,708889,7241628,1001
20260618,00894,中信小資高價30,50.05,50.25,49.83,50.1,+,0.71,1378442,68998931.0,388000,0,206324,489000,0,667831,101000,0,461507
20260618,00923,群益台ESG低碳50,43.17,43.35,43.04,43.18,+,0.51,4736795,204445253.0,116010,0,473619,161010,0,3823624,45000,0,3350005
20260618,00733,富邦臺灣中小,76.85,78.25,76.85,78.25,+,2.3,1330425,103299634.0,283000,0,293673,323000,0,619979,40000,0,326306
20260618,6414,樺漢,373.0,384.5,370.0,383.0,+,12.5,2030785,773063001.0,851068,-307000,31576,1480369,0,55774,629301,307000,24198
20260618,6695,芯鼎,54.5,59.2,54.3,58.4,+,3.9,2758613,159471999.0,559881,0,247,985000,0,667,425119,0,420
20260618,4916,事欣科,99.0,103.5,97.2,103.5,+,4.8,8356190,842833001.0,537000,0,13063,3048000,0,29838,2511000,0,16775
20260618,2537,聯上發,11.95,12.4,11.85,12.0,,0.0,6935018,83813802.0,520064,0,28449,2065064,0,34000,1545000,0,5551
20260618,3413,京鼎,322.0,328.5,320.5,324.5,+,5.0,1944374,630993045.0,501388,0,38351,1026706,0,42749,525318,0,4398
20260618,8033,雷虎,128.0,130.0,125.5,129.5,+,2.0,2842463,362434343.0,546976,0,-16000,909000,0,2000,362024,0,18000
20260618,4952,凌通,57.0,58.9,56.2,57.9,+,0.5,1716803,99127454.0,523000,0,1000,770000,0,4000,247000,0,3000
20260618,2104,國際中橡,10.2,10.45,10.2,10.35,+,0.15,3696580,38182399.0,540540,0,-16714,1889347,0,4286,1348807,0,21000
20260618,0061,元大寶滬深,25.38,25.61,25.3,25.5,+,0.22,575061,14635038.0,189000,0,332514,189000,0,340659,0,0,8145
20260618,2371,大同,28.05,28.35,27.85,28.3,+,0.3,15598794,438729993.0,812546,-259500,-34030,8154328,46000,80000,7341782,305500,114030
20260618,4722,國精化,269.5,290.0,261.0,277.5,+,13.5,5294631,1469851560.0,-492597,1007000,3153,1185403,1007000,83628,1678000,0,80475
20260618,2105,正新,29.95,30.4,29.65,29.65,-,0.05,38482794,1149259257.0,1383125,-1463563,597540,17049625,0,661340,15666500,1463563,63800
20260618,2030,彰源,18.55,18.7,18.35,18.55,+,0.1,1262096,23356408.0,501000,0,14000,632000,0,18000,131000,0,4000
20260618,8131,福懋科,75.5,77.0,74.7,75.9,+,0.7,6206850,470866232.0,239102,-1000,276409,2185881,0,280453,1946779,1000,4044
20260618,6177,達麗,48.85,51.7,48.8,50.4,+,2.15,8039039,404003950.0,99307,0,406512,2415202,0,508594,2315895,0,102082
20260618,1582,信錦,92.2,95.4,91.5,93.8,+,2.3,2473738,232304739.0,280030,0,222639,950030,0,237919,670000,0,15280
20260618,4967,十銓,277.0,280.0,273.5,278.5,+,3.5,3934081,1091927098.0,545149,0,-45567,1568938,0,33390,1023789,0,78957
20260618,00830,國泰費城半導體,96.8,97.1,96.25,97.0,+,1.4,7170098,693888523.0,2623764,0,-2124692,3162234,0,307000,538470,0,2431692
20260618,2023,燁輝,13.95,14.15,13.95,13.95,-,0.05,2248720,31569565.0,454440,0,35000,1274700,0,41000,820260,0,6000
20260618,2365,昆盈,33.7,34.6,33.6,34.05,+,0.4,1927960,65742415.0,484299,0,0,785300,0,1000,301001,0,1000
20260618,1519,華城,806.0,833.0,798.0,833.0,+,30.0,4010410,3262260289.0,385753,56000,41216,1804221,91000,107177,1418468,35000,65961
20260618,00752,中信中國50,22.2,22.2,21.7,21.76,-,0.54,6547438,143086550.0,-178811,0,658971,260189,0,1936000,439000,0,1277029
20260618,00735,國泰臺韓科技,116.55,118.4,116.4,118.4,+,3.35,3259454,382357256.0,334128,0,144190,703208,0,341228,369080,0,197038
20260618,6472,保瑞,417.0,425.5,413.0,422.5,+,10.0,1287852,542378045.0,469981,-18411,21806,738248,589,41016,268267,19000,19210
20260618,00909,國泰數位支付服務,51.1,51.45,50.9,51.15,+,0.05,962773,49291025.0,466500,0,3092,478000,0,198092,11500,0,195000
20260618,3591,艾笛森,23.6,24.6,23.25,23.95,+,0.8,1459231,35173121.0,468000,0,-2298,824000,0,12000,356000,0,14298
20260618,2913,農林,11.2,11.35,11.15,11.15,,0.0,3101888,34903083.0,458570,0,6435,1034000,0,7000,575430,0,565
20260618,3051,力特,27.25,28.3,27.25,27.85,+,0.7,1874161,52198095.0,472618,0,-8000,772619,0,5000,300001,0,13000
20260618,4961,天鈺,172.5,179.0,172.5,174.0,+,1.5,1786570,314318506.0,442311,0,19024,821122,0,22024,378811,0,3000
20260618,2010,春源,24.95,25.15,24.7,24.85,+,0.05,2644745,65982039.0,462156,0,-2000,1336307,0,3000,874151,0,5000
20260618,5469,瀚宇博,87.5,87.6,86.0,86.8,+,0.2,2319451,200917881.0,451320,0,750,1073320,0,6425,622000,0,5675
20260618,3305,昇貿,143.0,146.0,141.0,146.0,+,3.5,2759767,398162102.0,394764,0,49511,1126764,0,91434,732000,0,41923
20260618,1308,亞聚,13.75,14.3,13.75,13.95,+,0.25,3483109,49080815.0,446263,0,-3727,1588263,0,18158,1142000,0,21885
20260618,2637,慧洋-KY,76.8,77.4,75.4,77.4,,0.0,5408866,414118440.0,568761,-85703,-51473,3540761,1000,42131,2972000,86703,93604
20260618,6589,台康生技,45.5,46.45,45.35,46.45,+,1.0,1186411,54573078.0,429249,0,1000,654783,0,1000,225534,0,0
20260618,3257,虹冠電,56.0,61.1,56.0,61.1,+,5.5,1935181,116251520.0,414000,0,8304,725000,0,9304,311000,0,1000
20260618,00905,FT臺灣Smart,28.18,28.46,28.17,28.42,+,0.53,1420269,40216642.0,65300,0,350431,106000,0,746417,40700,0,395986
20260618,6491,晶碩,315.0,328.5,314.0,327.5,+,16.0,749542,242138818.0,349224,50000,12288,465224,50000,15698,116000,0,3410
20260618,2428,興勤,299.0,322.0,299.0,316.0,+,17.0,3696697,1157498230.0,358362,0,49171,1467555,0,96705,1109193,0,47534
20260618,00904,台新臺灣半導體30,43.01,43.46,43.0,43.46,+,0.96,1715855,74182944.0,-136000,0,543227,156000,0,976621,292000,0,433394
20260618,6196,帆宣,545.0,567.0,539.0,567.0,+,26.0,2071505,1151966970.0,176306,196000,27185,894006,196000,46150,717700,0,18965
20260618,00941,中信上游半導體,28.4,28.7,28.4,28.6,+,0.47,1694204,48423634.0,115052,0,265717,180052,0,945735,65000,0,680018
20260618,2362,藍天,48.3,48.9,47.55,47.55,-,0.5,2071302,99494605.0,360177,0,16025,926000,0,25000,565823,0,8975
20260618,3645,達邁,92.9,95.8,92.8,94.3,+,1.8,2294723,216572700.0,369509,0,3144,919506,0,18761,549997,0,15617
20260618,2480,敦陽科,149.0,154.5,148.0,153.5,+,6.0,696410,106468914.0,373077,-3412,1143,488077,0,4143,115000,3412,3000
20260618,6139,亞翔,810.0,828.0,805.0,823.0,+,17.0,2801511,2297180300.0,330658,0,26356,1246825,0,73077,916167,0,46721
20260618,3026,禾伸堂,869.0,910.0,869.0,902.0,+,6.0,1629559,1459746417.0,239931,55000,61497,436718,55000,110000,196787,0,48503
20260618,1227,佳格,28.8,29.25,28.8,29.1,+,0.25,2304172,66967292.0,311221,0,44000,1044871,0,54000,733650,0,10000
20260618,4576,大銀微系統,204.0,221.0,202.0,221.0,+,20.0,2189250,469265601.0,318025,-40000,62362,866025,0,74709,548000,40000,12347
20260618,1612,宏泰,38.15,38.45,38.0,38.3,+,0.25,1200500,45919644.0,303241,-13406,42292,611241,0,49292,308000,13406,7000
20260618,6799,來頡,90.9,99.9,90.9,99.9,+,9.0,1148969,112766537.0,304001,0,24822,519001,0,25346,215000,0,524
20260618,1710,東聯,13.7,14.15,13.55,13.65,,0.0,5332801,73893882.0,384816,0,-56827,2689314,0,15170,2304498,0,71997
20260618,3016,嘉晶,123.0,128.0,120.5,126.5,+,4.0,11958970,1490945923.0,270925,0,56667,4069605,0,137219,3798680,0,80552
20260618,2645,長榮航太,168.0,171.5,167.0,170.0,+,2.0,1052269,178343289.0,466993,-128000,-11739,612993,1000,10597,146000,129000,22336
20260618,3149,正達,96.3,96.3,93.7,95.0,+,1.3,5487747,521399763.0,325743,0,875,634793,0,2000,309050,0,1125
20260618,00850,元大臺灣ESG永續,92.05,92.5,92.0,92.45,+,1.05,949370,87544281.0,4000,455000,-137559,14000,455000,319521,10000,0,457080
20260618,6831,邁科,740.0,780.0,740.0,773.0,+,33.0,892908,682697438.0,312013,0,4562,478374,0,32562,166361,0,28000
20260618,4164,承業醫,30.7,31.4,30.7,31.15,+,0.45,691554,21540899.0,311268,0,4000,415018,0,4000,103750,0,0
20260618,00952,凱基台灣AI50,18.43,18.62,18.43,18.6,+,0.22,2171103,40266657.0,59500,0,255019,152500,0,1225163,93000,0,970144
20260618,6206,飛捷,132.0,133.5,131.0,131.5,-,0.5,1061499,140275613.0,287649,-4633,30209,543649,0,33603,256000,4633,3394
20260618,1560,中砂,692.0,704.0,689.0,700.0,+,13.0,946904,659208699.0,263123,31000,14287,496764,31000,36419,233641,0,22132
20260618,2328,廣宇,53.0,53.9,52.6,53.4,+,0.8,5450831,290486521.0,148266,0,151630,1797622,0,182085,1649356,0,30455
20260618,3583,辛耘,828.0,895.0,823.0,889.0,+,62.0,2799253,2428278453.0,230253,-3000,65842,1068383,0,141669,838130,3000,75827
20260618,00701,國泰股利精選30,38.98,39.45,38.98,39.38,+,0.66,1489349,58416797.0,65000,0,227012,83000,0,1056946,18000,0,829934
20260618,2392,正崴,39.95,40.5,39.75,39.75,-,0.3,1700490,68047332.0,326710,0,-36770,841000,0,2829,514290,0,39599
20260618,00636,國泰中國A50,28.95,29.12,28.78,29.05,+,0.29,410181,11887220.0,48000,0,237301,58000,0,276121,10000,0,38820
20260618,2330,台積電,2395.0,2415.0,2385.0,2410.0,+,25.0,49982610,120198889493.0,7515895,-7268349,36915,38296328,465116,570818,30780433,7733465,533903
20260618,2359,所羅門,135.0,137.5,132.5,134.0,+,2.0,2458260,331014294.0,241590,0,40168,766590,0,51941,525000,0,11773
20260618,8162,微矽電子-創,72.9,79.5,72.9,78.4,+,6.1,1448712,112630188.0,279780,0,-5113,499000,0,23376,219220,0,28489
20260618,4968,立積,109.0,114.0,108.5,113.5,+,5.5,1018206,114548600.0,256789,0,11941,387789,0,18914,131000,0,6973
20260618,1773,勝一,174.5,181.5,174.0,180.0,+,5.5,1205350,216223007.0,252468,0,14683,865498,0,28808,613030,0,14125
20260618,6861,睿生光電,335.5,371.0,335.5,371.0,+,33.5,1470777,535535045.0,257266,0,4707,564239,0,22762,306973,0,18055
20260618,1444,力麗,7.04,7.19,7.0,7.04,-,0.03,1596752,11285410.0,173293,0,81000,589293,0,86000,416000,0,5000
20260618,8021,尖點,554.0,554.0,531.0,543.0,+,1.0,1188992,642923056.0,234398,0,18540,486000,0,40000,251602,0,21460
20260618,1307,三芳,36.2,37.1,36.05,36.4,+,0.3,877640,32157441.0,214614,-14699,53000,418614,0,54000,204000,14699,1000
20260618,1466,聚隆,14.1,14.85,13.8,14.3,+,0.3,817196,11523062.0,246000,0,3000,333000,0,18000,87000,0,15000
20260618,6994,富威電力,55.0,55.2,53.0,53.2,-,1.5,1409572,72615079.0,253000,0,-4865,382000,0,0,129000,0,4865
20260618,6698,旭暉應材,38.5,42.1,38.5,41.95,+,3.6,1515518,62433350.0,242000,0,489,517000,0,1489,275000,0,1000
20260618,2634,漢翔,47.2,47.25,46.85,47.2,,0.0,2780692,130747315.0,221013,0,18525,776103,0,20797,555090,0,2272
20260618,00962,台新AI優息動能,14.86,15.09,14.86,15.0,+,0.18,852988,12793703.0,115000,0,120793,115000,0,395616,0,0,274823
20260618,5706,鳳凰,53.6,54.4,53.5,54.0,+,0.5,543764,29365306.0,95000,0,139000,160000,0,142000,65000,0,3000
20260618,6573,虹揚-KY,15.3,16.2,15.3,16.2,+,1.45,627682,10137287.0,209000,0,5683,237000,0,5683,28000,0,0
20260618,00770,國泰北美科技,68.0,68.35,67.9,68.0,,0.0,350964,23887556.0,15958,0,193886,19000,0,220042,3042,0,26156
20260618,6405,悅城,71.5,71.5,71.5,71.5,+,6.5,714399,51079509.0,202000,0,6239,232000,0,12239,30000,0,6000
20260618,6862,三集瑞-KY,227.0,227.0,225.5,227.0,+,20.5,1106835,251234045.0,131000,0,71793,159000,0,78793,28000,0,7000
20260618,8213,志超,36.95,37.4,36.65,37.2,+,0.7,602069,22339861.0,199003,0,1660,366003,0,1907,167000,0,247
20260618,4977,眾達-KY,181.5,188.0,178.5,184.5,+,5.5,2333701,429134328.0,100368,0,99855,638420,0,115099,538052,0,15244
20260618,6901,鑽石投資,16.25,17.2,16.2,16.55,+,0.4,3578798,60072713.0,174501,0,17000,934501,0,19000,760000,0,2000
20260618,4566,時碩工業,63.2,64.9,63.1,64.8,+,1.6,635113,40830693.0,188225,0,0,279225,0,1000,91000,0,1000
20260618,2467,志聖,585.0,605.0,576.0,599.0,,0.0,1650001,983557195.0,-22892,180000,29744,609640,180000,45744,632532,0,16000
20260618,1529,樂事綠能,23.2,23.4,22.65,22.9,,0.0,820152,18774957.0,185908,0,-768,286000,0,1000,100092,0,1768
20260618,6753,龍德造船,119.0,121.5,118.5,121.5,+,2.5,455057,54723892.0,110225,0,74819,212000,0,76293,101775,0,1474
20260618,2527,宏璟,39.0,40.45,39.0,39.8,+,0.9,2006523,80229150.0,165000,0,16938,697000,0,23000,532000,0,6062
20260618,6438,迅得,153.5,161.0,152.5,159.0,+,8.0,1186895,186420012.0,66537,0,114541,294037,0,121784,227500,0,7243
20260618,2462,良得電,25.35,25.9,25.2,25.45,+,0.3,1005912,25634898.0,175000,0,3704,362000,0,5000,187000,0,1296
20260618,6526,達發,671.0,696.0,670.0,696.0,+,30.0,988525,678034390.0,166403,11000,-818,520122,13000,18369,353719,2000,19187
20260618,2415,錩新,30.75,30.75,30.0,30.35,+,0.15,615338,18620477.0,175150,0,0,215500,0,3000,40350,0,3000
20260618,00730,富邦臺灣優質高息,29.0,29.26,28.87,28.97,+,0.12,219782,6382124.0,52240,0,121733,53000,0,132069,760,0,10336
20260618,6944,兆聯實業,1025.0,1045.0,1010.0,1045.0,+,20.0,680017,702704265.0,167911,0,5956,495067,0,18064,327156,0,12108
20260618,7780,大研生醫*,19.4,19.55,19.15,19.2,-,0.1,3210657,62150729.0,170000,0,1858,892000,0,13000,722000,0,11142
20260618,6243,迅杰,31.8,34.9,31.55,34.9,+,3.15,990524,33977558.0,162985,0,3672,236000,0,5672,73015,0,2000
20260618,00916,國泰全球品牌50,25.7,25.7,25.53,25.56,-,0.26,3746332,95865566.0,-61990,0,227517,17510,0,363000,79500,0,135483
20260618,6558,興能高,30.6,31.2,30.6,30.9,+,0.4,414281,12816346.0,162000,0,0,234000,0,0,72000,0,0
20260618,2836,高雄銀,12.3,12.4,12.25,12.35,+,0.05,3004980,37149627.0,166681,0,-5000,704681,0,21000,538000,0,26000
20260618,2727,王品,245.5,249.0,245.5,246.5,+,2.5,430706,106520976.0,148206,0,13000,241127,0,15000,92921,0,2000
20260618,00876,元大全球5G,100.15,101.7,100.15,101.65,+,2.3,302156,30576929.0,45016,0,115173,46016,0,164173,1000,0,49000
20260618,00947,台新臺灣IC設計,40.25,41.3,40.2,41.3,+,1.6,8142476,332068523.0,552988,0,-395622,1222000,0,1479071,669012,0,1874693
20260618,6949,沛爾生醫-創,938.0,968.0,895.0,911.0,+,16.0,740735,687049708.0,171025,0,-14452,348164,0,18553,177139,0,33005
20260618,3052,夆典,10.85,10.9,10.8,10.85,,0.0,355312,3843418.0,169172,0,-13000,218000,0,2000,48828,0,15000
20260618,8081,致新,295.0,322.0,295.0,319.0,+,25.5,3986055,1236282939.0,18147,71000,66319,944029,71000,82833,925882,0,16514
20260618,2032,新鋼,17.35,17.65,17.35,17.6,+,0.3,424272,7437260.0,150331,0,3000,220331,0,6000,70000,0,3000
20260618,3530,晶相光,73.0,76.4,71.0,71.1,-,0.4,1758773,128451012.0,158000,0,-4843,505000,0,3000,347000,0,7843
20260618,3321,同泰,23.5,24.4,22.9,24.3,+,0.6,1245803,29462098.0,154020,0,-2000,435100,0,0,281080,0,2000
20260618,4582,聚恆-創,26.2,26.75,26.1,26.55,+,0.55,218102,5761022.0,157000,0,-6000,160000,0,3000,3000,0,9000
20260618,1590,亞德客-KY,1345.0,1405.0,1340.0,1380.0,+,60.0,1226002,1692311290.0,136698,14925,-2374,1103185,15000,16963,966487,75,19337
20260618,1342,八貫,118.0,121.0,115.5,116.0,-,0.5,1234583,145502109.0,148617,0,-254,474134,0,0,325517,0,254
20260618,00893,國泰智能電動車,46.63,47.02,46.55,46.62,-,0.01,388637,18163601.0,-75000,0,223053,20000,0,233285,95000,0,10232
20260618,1709,和益,21.2,21.55,20.95,21.25,+,0.3,1572279,33558659.0,129140,0,13000,630750,0,15000,501610,0,2000
20260618,3588,通嘉,58.7,60.9,58.6,60.3,+,2.5,592678,35481310.0,143800,0,-2000,268800,0,1000,125000,0,3000
20260618,8163,達方,44.65,47.8,44.65,44.95,+,0.5,7719062,356490589.0,129123,0,12239,2546124,0,39795,2417001,0,27556
20260618,1609,大亞,38.4,38.95,38.05,38.15,+,0.05,5527227,212144417.0,131267,0,9992,1620049,0,36067,1488782,0,26075
20260618,2885,元大金,66.8,68.2,66.5,68.0,+,1.3,42276322,2860182567.0,10591386,-9755828,-694797,32609574,2892000,229612,22018188,12647828,924409
20260618,1725,元禎,34.05,37.45,34.05,37.45,+,3.4,767095,28219494.0,133035,0,7124,180035,0,8124,47000,0,1000
20260618,2347,聯強,92.4,95.0,92.3,93.4,+,1.0,11373660,1068016626.0,2552399,-2446763,34317,8441727,46000,118118,5889328,2492763,83801
20260618,2505,國揚,18.75,19.25,18.75,18.8,,0.0,758390,14426142.0,140000,0,-1000,324000,0,0,184000,0,1000
20260618,2332,友訊,19.5,20.05,19.5,20.05,+,1.8,16857466,335081881.0,-17000,0,155964,1508000,0,208964,1525000,0,53000
20260618,6550,北極星藥業-KY,13.3,13.75,13.15,13.65,+,0.45,1766322,23808310.0,140628,0,-2000,823331,0,3000,682703,0,5000
20260618,3004,豐達科,134.5,138.0,133.0,134.5,+,0.5,505090,68453990.0,131504,0,6166,229113,0,7000,97609,0,834
20260618,2832,台產,56.5,57.4,56.0,56.3,-,0.6,655759,37098108.0,145260,0,-8683,237000,0,13526,91740,0,22209
20260618,00717,富邦美國特別股,15.05,15.09,15.05,15.07,+,0.02,200685,3023673.0,187000,0,-51104,188000,0,0,1000,0,51104
20260618,5434,崇越,485.0,485.0,472.5,475.5,-,2.5,972862,462981242.0,221930,-90000,3417,743285,2000,6022,521355,92000,2605
20260618,4195,基米-創,15.55,15.8,15.45,15.7,+,0.05,335792,5238717.0,135000,0,0,156000,0,0,21000,0,0
20260618,2355,敬鵬,58.2,58.8,57.2,57.9,-,0.1,9455146,547377275.0,202518,0,-68556,3372518,0,80600,3170000,0,149156
20260618,8374,羅昇,91.5,92.2,90.2,91.0,+,0.8,523639,47716590.0,131580,0,2055,232000,0,4624,100420,0,2569
20260618,9908,大台北,29.7,29.8,29.55,29.55,-,0.1,343896,10202259.0,132453,0,0,218000,0,0,85547,0,0
20260618,2414,精技,61.5,63.3,61.5,62.8,+,2.1,686654,42947651.0,105000,0,27000,276000,0,28000,171000,0,1000
20260618,3550,聯穎,37.2,37.25,36.2,37.25,+,3.35,3088839,114914523.0,72000,0,59961,188000,0,85961,116000,0,26000
20260618,2034,允強,20.9,21.05,20.7,20.85,-,0.05,1356623,28297844.0,182000,0,-51702,596000,0,8021,414000,0,59723
20260618,5258,虹堡,50.4,50.9,49.95,50.6,+,0.2,419921,21173591.0,127084,0,2000,206084,0,2000,79000,0,0
20260618,00912,中信臺灣智慧50,34.2,34.75,34.2,34.74,+,0.61,371621,12854165.0,65035,0,63950,93035,0,131045,28000,0,67095
20260618,2211,長榮鋼,94.3,95.5,94.3,95.5,+,1.4,571284,54323936.0,95609,-5740,36692,288609,0,52692,193000,5740,16000
20260618,1795,美時,193.0,196.0,193.0,193.0,-,0.5,972613,188948842.0,161041,-38000,2598,455117,0,27082,294076,38000,24484
20260618,2038,海光,14.0,14.0,13.8,13.85,,0.0,429602,5969793.0,125500,0,-1000,188500,0,1000,63000,0,2000
20260618,00972,野村日本動能高息,19.46,19.51,19.34,19.4,+,0.02,199269,3874347.0,0,0,123890,0,0,190023,0,0,66133
20260618,3701,大眾控,47.8,49.35,47.8,48.45,+,1.0,884345,42928391.0,127010,0,-5153,374010,0,2937,247000,0,8090
20260618,1339,昭輝,43.55,44.1,43.4,43.95,+,0.5,249076,10881106.0,118000,0,1398,165000,0,2000,47000,0,602
20260618,8438,昶昕,89.8,92.8,87.4,92.5,+,4.3,1619771,146759805.0,92000,0,26221,496000,0,29000,404000,0,2779
20260618,00895,富邦未來車,52.15,52.3,52.1,52.25,+,0.1,248801,12993861.0,34000,0,81233,39000,0,83233,5000,0,2000
20260618,6215,和椿,107.5,109.5,106.5,108.5,+,2.5,1170678,126744082.0,112418,0,2686,447214,0,10239,334796,0,7553
20260618,3025,星通,71.0,71.5,70.3,71.0,+,0.5,355917,25231024.0,116340,0,-1850,188340,0,1000,72000,0,2850
20260618,1723,中碳,87.6,88.4,86.9,87.0,-,0.1,681494,59697030.0,219748,-4000,-102377,368183,0,3274,148435,4000,105651
20260618,4766,南寶,370.0,376.0,368.5,372.0,+,4.0,509500,190010602.0,114983,0,-2000,237530,0,0,122547,0,2000
20260618,2753,八方雲集,187.0,189.0,183.0,187.0,,0.0,339330,63426212.0,112999,-2589,1000,154033,0,11000,41034,2589,10000
20260618,00762,元大全球AI,120.65,122.3,120.65,121.7,+,0.95,275357,33532743.0,10001,0,101201,11001,0,212363,1000,0,111162
20260618,1734,杏輝,31.9,31.95,31.65,31.9,+,0.05,389194,12392337.0,114000,0,-3000,130000,0,0,16000,0,3000
20260618,00944,野村趨勢動能高息,21.79,22.22,21.79,22.17,+,0.54,906339,19984516.0,513000,0,-402650,513000,0,297088,0,0,699738
20260618,2228,劍麟,88.8,89.6,88.2,89.0,+,0.8,215348,19158256.0,112079,0,-1981,141079,0,1019,29000,0,3000
20260618,1464,得力,10.4,10.4,10.25,10.3,,0.0,518857,5354526.0,90059,0,19000,194059,0,21000,104000,0,2000
20260618,2360,致茂,2315.0,2360.0,2275.0,2310.0,+,80.0,1983387,4586800850.0,467444,-359026,-1091,1479514,52132,24448,1012070,411158,25539
20260618,7610,聯友金屬-創,2290.0,2315.0,2055.0,2315.0,+,210.0,1985805,4485610045.0,107628,0,-1234,1271628,0,43261,1164000,0,44495
20260618,00920,富邦ESG綠色電力,26.35,26.41,26.28,26.32,+,0.06,388383,10231295.0,123000,0,-17306,131000,0,168694,8000,0,186000
20260618,6691,洋基工程,712.0,720.0,700.0,720.0,+,17.0,734853,523708955.0,79732,19000,6285,433548,19000,17493,353816,0,11208
20260618,1735,日勝化,22.7,23.75,22.7,23.15,+,0.5,329410,7671428.0,103976,0,-629,149000,0,2000,45024,0,2629
20260618,3022,威強電,84.0,86.7,83.4,84.5,+,0.8,1440247,122355272.0,82433,0,20284,456433,0,29038,374000,0,8754
20260618,6830,汎銓,525.0,564.0,522.0,564.0,+,51.0,851108,470512021.0,97833,0,1505,162000,0,1787,64167,0,282
20260618,6781,AES-KY,1180.0,1190.0,1140.0,1180.0,+,5.0,1161735,1352911845.0,82486,15982,-636,354232,16000,31612,271746,18,32248
20260618,00921,兆豐龍頭等權重,23.28,23.35,23.26,23.32,+,0.3,212431,4955118.0,15000,0,80890,15000,0,176691,0,0,95801
20260618,3032,偉訓,85.6,86.3,84.6,85.9,+,1.3,589687,50509817.0,91400,0,3694,218400,0,5000,127000,0,1306
20260618,6579,研揚,166.5,169.5,166.5,168.0,+,5.0,820612,137832592.0,91620,0,3190,272000,0,6000,180380,0,2810
20260618,3376,新日興,199.0,207.0,199.0,205.0,+,7.5,3963018,808957129.0,-60228,0,154802,1127591,0,191565,1187819,0,36763
20260618,2107,厚生,25.45,25.5,25.3,25.4,+,0.2,424346,10774224.0,143360,0,-49000,190360,0,12000,47000,0,61000
20260618,00956,中信日經高股息,12.39,12.45,12.34,12.36,+,0.02,309969,3837281.0,35000,0,59284,35000,0,200000,0,0,140716
20260618,3056,富華新,15.3,15.65,15.15,15.25,+,0.05,1640658,25181057.0,91831,0,698,621440,0,1000,529609,0,302
20260618,3652,精聯,38.25,40.95,38.1,40.2,+,2.95,2847772,113335486.0,95000,0,-2544,1061000,0,2456,966000,0,5000
20260618,1514,亞力,120.5,123.0,119.5,121.5,+,1.0,3051160,370974630.0,107854,0,-15607,998593,0,21417,890739,0,37024
20260618,2258,鴻華先進-創,32.15,33.3,32.05,33.0,+,1.15,985649,32083346.0,147500,-42000,-14352,343500,0,30696,196000,42000,45048
20260618,6756,威鋒電子,99.9,105.5,99.9,103.5,+,4.5,476003,49061209.0,89205,0,1000,194205,0,1000,105000,0,0
20260618,3545,敦泰,56.9,58.4,56.9,58.0,+,1.1,1722590,99561884.0,89340,0,-23,758340,0,801,669000,0,824
20260618,00652,富邦印度,32.96,33.07,32.9,32.93,-,0.03,311281,10257458.0,0,0,83561,0,0,201561,0,0,118000
20260618,7750,新代,2235.0,2370.0,2220.0,2370.0,+,150.0,307498,710975810.0,79629,2000,-276,244629,2000,2724,165000,0,3000
20260618,5283,禾聯碩,53.0,55.5,53.0,54.5,+,1.6,265579,14473088.0,82000,0,-1000,114000,0,1000,32000,0,2000
20260618,2236,百達-KY,133.5,137.0,133.0,136.5,+,2.5,318916,43084798.0,81000,0,0,122000,0,0,41000,0,0
20260618,3311,閎暉,39.65,40.4,38.6,38.75,-,0.65,836129,32743696.0,82500,0,-2000,219500,0,5000,137000,0,7000
20260618,1340,勝悅-KY,5.79,5.88,5.72,5.72,-,0.06,197778,1143150.0,76000,0,4000,90000,0,4000,14000,0,0
20260618,00943,兆豐電子高息等權,22.28,22.81,22.28,22.81,+,0.86,817371,18471875.0,-43000,0,122427,28000,0,484542,71000,0,362115
20260618,00861,元大全球未來通訊,95.45,96.5,95.45,96.25,+,1.75,119654,11503984.0,12013,0,67081,13013,0,69742,1000,0,2661
20260618,5269,祥碩,1455.0,1475.0,1425.0,1455.0,+,30.0,1126161,1632211560.0,79309,-5971,5648,407841,56,27559,328532,6027,21911
20260618,1229,聯華,42.0,42.1,41.65,41.9,-,0.05,4134066,173086041.0,3116,21591,54058,2548221,21591,56000,2545105,0,1942
20260618,00783,富邦中証500,30.34,30.7,30.34,30.69,+,0.49,179708,5479186.0,0,0,76352,0,0,170461,0,0,94109
20260618,1702,南僑,31.5,31.85,31.5,31.8,+,0.35,298898,9486626.0,75000,0,1000,156000,0,4000,81000,0,3000
20260618,6442,光聖,1860.0,1950.0,1840.0,1945.0,+,110.0,657830,1270697540.0,70313,-5000,9865,87551,0,14019,17238,5000,4154
20260618,5607,遠雄港,52.0,52.6,51.7,51.8,,0.0,511207,26662053.0,72982,0,2000,172982,0,2000,100000,0,0
20260618,2597,潤弘,172.0,178.5,172.0,178.0,,0.0,794034,139715606.0,122048,0,-47087,344048,0,2000,222000,0,49087
20260618,00739,元大MSCI A股,29.28,29.6,29.28,29.55,+,0.37,86417,2540177.0,62000,0,11792,63000,0,18821,1000,0,7029
20260618,00690,兆豐藍籌30,82.1,82.5,81.7,82.3,+,1.25,327622,26908000.0,-2500,0,76145,23000,0,127496,25500,0,51351
20260618,4569,六方科-KY,183.5,195.0,183.5,190.5,+,8.0,275234,52343412.0,69482,0,4000,102482,0,4000,33000,0,0
20260618,5534,長虹,85.8,87.5,82.6,83.2,-,2.0,2506069,212718062.0,77142,0,-5000,1018383,0,47000,941241,0,52000
20260618,1231,聯華食,87.0,87.4,86.8,87.4,+,0.4,221027,19255848.0,77052,0,-5113,105052,0,5000,28000,0,10113
20260618,2739,寒舍,36.4,36.9,35.8,35.8,-,0.6,257534,9288744.0,50000,0,19000,73000,0,21000,23000,0,2000
20260618,0051,元大中型100,145.5,147.75,145.5,147.7,+,3.4,117696,17336791.0,1,0,68807,1001,0,70192,1000,0,1385
20260618,00926,凱基全球菁英55,24.97,24.97,24.8,24.81,-,0.09,326925,8121286.0,3000,0,65715,3000,0,198000,0,0,132285
20260618,3031,佰鴻,28.55,29.15,27.7,28.0,-,0.3,1930857,54379326.0,67451,0,1056,560451,0,8001,493000,0,6945
20260618,2017,官田鋼,9.27,9.47,9.27,9.33,+,0.06,581869,5436727.0,62473,0,6000,228473,0,7000,166000,0,1000
20260618,9940,信義,20.25,21.0,19.8,19.85,-,0.15,1517236,30665313.0,51000,0,15999,593000,0,16000,542000,0,1
20260618,1786,科妍,53.9,53.9,53.4,53.5,-,0.4,297693,15975238.0,66000,0,-387,100000,0,1208,34000,0,1595
20260618,2488,漢平,54.3,55.4,54.2,54.8,+,0.8,281836,15430403.0,64672,0,0,91672,0,1000,27000,0,1000
20260618,4746,台耀,52.8,53.3,51.8,52.3,+,0.1,705842,37154650.0,70000,0,-6794,268000,0,1250,198000,0,8044
20260618,6625,必應,79.8,79.8,78.7,79.2,+,0.2,213168,16886801.0,62000,0,0,89000,0,1000,27000,0,1000
20260618,00728,第一金工業30,63.65,64.3,63.65,64.3,,0.0,77881,4986004.0,3000,0,58375,4000,0,59375,1000,0,1000
20260618,3029,零壹,102.0,103.0,101.0,101.5,-,0.5,832469,84799324.0,64090,-4882,1850,196090,0,3000,132000,4882,1150
20260618,3543,州巧,31.2,31.7,30.85,30.95,-,0.2,393514,12258390.0,62000,0,-1000,169000,0,0,107000,0,1000
20260618,1446,宏和,16.8,17.0,16.7,16.7,-,0.05,218470,3670482.0,60000,0,1000,85000,0,2000,25000,0,1000
20260618,2705,六福,16.45,16.65,16.4,16.5,+,0.15,258395,4263259.0,62000,0,-2000,85000,0,1000,23000,0,3000
20260618,7795,長廣,400.0,413.0,395.0,410.0,+,10.0,344908,139198429.0,60201,0,-369,147201,0,0,87000,0,369
20260618,3712,永崴投控,18.0,18.05,17.65,17.65,-,0.25,522909,9315110.0,63000,0,-3384,194000,0,3000,131000,0,6384
20260618,1337,再生-KY,4.93,5.14,4.93,5.07,+,0.14,816053,4134794.0,55500,0,4000,295500,0,26000,240000,0,22000
20260618,2419,仲琦,29.75,30.15,29.4,29.45,-,0.2,1145449,33983289.0,58000,0,1138,324000,0,11000,266000,0,9862
20260618,5225,東科-KY,73.4,74.4,73.3,74.0,+,0.7,204030,15060946.0,59000,0,0,75000,0,0,16000,0,0
20260618,2007,燁興,7.31,7.47,7.3,7.39,-,0.06,483796,3559456.0,57000,0,0,107000,0,5000,50000,0,5000
20260618,6189,豐藝,54.5,55.1,54.0,54.9,+,0.5,2026169,110580019.0,63714,-10098,787,618714,0,3043,555000,10098,2256
20260618,6782,視陽,192.0,198.0,192.0,194.5,+,4.0,345701,67713253.0,20904,29000,4387,148125,29000,4387,127221,0,0
20260618,1806,冠軍,8.2,8.34,8.18,8.22,+,0.05,490888,4051076.0,58500,0,-5000,99500,0,3000,41000,0,8000
20260618,2453,凌群,57.0,57.6,56.5,56.6,-,0.3,446816,25428345.0,53098,0,0,133098,0,0,80000,0,0
20260618,1528,恩德,25.35,25.75,25.25,25.4,+,0.05,3125989,79549825.0,52655,0,0,700655,0,2000,648000,0,2000
20260618,6890,來億-KY,235.0,238.0,232.5,238.0,+,10.0,392199,92625118.0,57038,0,-5351,141038,0,4649,84000,0,10000
20260618,2013,中鋼構,43.25,43.6,42.9,42.9,-,0.3,206750,8942942.0,52000,0,-944,108000,0,4000,56000,0,4944
20260618,9919,康那香,14.1,14.2,14.0,14.0,-,0.15,504678,7089027.0,51000,0,0,98000,0,0,47000,0,0
20260618,6166,凌華,143.0,156.5,141.0,155.5,+,13.0,5724596,878601477.0,19719,0,31218,1543657,0,46133,1523938,0,14915
20260618,2614,東森,18.85,19.0,18.7,18.85,,0.0,1026754,19287699.0,50833,0,0,237156,0,0,186323,0,0
20260618,1808,潤隆,32.6,33.15,32.0,32.25,-,0.15,3879544,126415321.0,15184,0,35000,1758052,0,53000,1742868,0,18000
20260618,1533,車王電,37.9,38.35,37.75,38.2,+,0.35,181065,6888645.0,41040,0,8000,61040,0,9000,20000,0,1000
20260618,2850,新產,141.5,146.0,141.5,142.0,+,0.5,606934,86931318.0,178621,-145000,15000,342411,0,16000,163790,145000,1000
20260618,8103,瀚荃,95.0,97.7,94.8,97.1,+,2.5,928017,89643748.0,26015,0,20690,317015,0,26501,291000,0,5811
20260618,3008,大立光,5115.0,5295.0,5090.0,5195.0,+,50.0,2984416,15502262170.0,-188525,184463,50559,1271595,282063,117941,1460120,97600,67382
20260618,1762,中化生,35.5,35.85,35.05,35.5,+,0.2,309123,10999156.0,42964,0,3483,104964,0,6000,62000,0,2517
20260618,4771,望隼,187.5,191.5,186.5,191.5,+,5.0,172651,32704911.0,43690,0,2000,62662,0,2000,18972,0,0
20260618,6921,嘉雨思-創,70.0,71.5,70.0,71.5,+,1.5,63843,4514947.0,42000,0,3000,42000,0,6000,0,0,3000
20260618,6934,心誠鎂,68.3,74.8,68.0,71.3,+,3.0,208403,14683625.0,44800,0,0,78000,0,0,33200,0,0
20260618,4590,富田-創,78.0,79.0,77.5,78.0,,0.0,169255,13232436.0,42928,0,189,61040,0,1189,18112,0,1000
20260618,6277,宏正,72.1,73.5,71.9,72.4,-,0.4,318667,23041385.0,42000,0,1063,113000,0,15000,71000,0,13937
20260618,6591,動力-KY,55.6,55.7,55.0,55.5,+,0.5,135288,7484708.0,44089,0,-1383,57089,0,1000,13000,0,2383
20260618,2424,隴華,10.6,10.95,10.5,10.6,-,0.05,126878,1348242.0,42000,0,0,50000,0,0,8000,0,0
20260618,1535,中宇,50.1,50.4,50.0,50.4,+,0.4,101531,5090393.0,42000,0,0,53000,0,0,11000,0,0
20260618,1416,廣豐,11.15,11.15,11.05,11.1,-,0.05,420713,4657802.0,54000,0,-12000,61000,0,0,7000,0,12000
20260618,8222,寶一,35.6,35.6,35.05,35.25,-,0.3,273239,9639769.0,42000,0,0,117000,0,2000,75000,0,2000
20260618,00645,富邦日本,57.25,57.5,57.1,57.3,+,0.7,89123,5108608.0,-899,0,41046,126,0,49069,1025,0,8023
20260618,6792,詠業,67.3,71.4,66.6,70.0,+,3.5,176543,12258760.0,39820,0,0,86820,0,3000,47000,0,3000
20260618,2538,基泰,10.2,10.35,10.1,10.1,-,0.05,582238,5932900.0,35000,0,4000,149000,0,4000,114000,0,0
20260618,4912,聯德控股-KY,90.7,90.7,87.4,88.7,-,0.1,598578,53124388.0,36000,0,2000,167000,0,2000,131000,0,0
20260618,5203,訊連,68.6,69.1,68.3,69.0,+,0.5,241418,16585523.0,38887,0,-1043,91887,0,1000,53000,0,2043
20260618,2546,根基,95.0,96.4,94.0,96.4,+,1.9,158617,15081768.0,30150,0,7000,71230,0,10000,41080,0,3000
20260618,6283,淳安,24.2,24.6,23.7,24.0,-,0.05,176567,4265364.0,35000,0,1000,78000,0,1000,43000,0,0
20260618,2430,燦坤,18.4,18.6,18.35,18.45,+,0.05,116026,2142276.0,35500,0,0,38500,0,0,3000,0,0
20260618,7722,LINEPAY,320.0,328.0,312.0,328.0,+,9.0,385472,123376610.0,35016,0,442,104031,0,442,69015,0,0
20260618,6854,錼創科技-KY創,132.0,133.0,129.5,130.0,,0.0,331928,43432859.0,35497,0,-307,90497,0,12000,55000,0,12307
20260618,5244,弘凱,37.75,38.15,37.75,37.75,-,0.05,132688,5027771.0,41000,0,-6000,60000,0,1000,19000,0,7000
20260618,00971,野村美國研發龍頭,16.77,16.77,16.65,16.67,-,0.1,432052,7215599.0,0,0,34896,0,0,138000,0,0,103104
20260618,6592,和潤企業,65.3,65.9,65.1,65.3,,0.0,550857,36036858.0,25768,-1000,10000,330819,0,10000,305051,1000,0
20260618,1201,味全,12.45,12.55,12.45,12.55,+,0.1,489595,6120210.0,34500,0,-1,105500,0,9000,71000,0,9001
20260618,7818,溢泰實業,61.3,62.4,61.1,62.2,+,0.5,429840,26544333.0,34000,0,0,96000,0,0,62000,0,0
20260618,1903,士紙,48.0,48.5,47.85,48.1,+,0.25,134705,6486111.0,34000,0,-146,59000,0,4000,25000,0,4146
20260618,5292,華懋,226.0,229.0,225.0,228.5,+,2.5,93860,21227077.0,33000,0,831,53000,0,831,20000,0,0
20260618,4585,達明,306.0,314.0,306.0,313.5,+,7.5,190568,59416193.0,34000,0,-368,61000,0,1498,27000,0,1866
20260618,5533,皇鼎,14.1,14.1,13.95,14.0,-,0.1,283606,3975087.0,34000,0,-1000,45000,0,8000,11000,0,9000
20260618,2247,汎德永業,237.0,241.0,237.0,238.0,+,0.5,81917,19618837.0,32916,0,0,52286,0,1000,19370,0,1000
20260618,5525,順天,22.6,22.8,22.3,22.55,+,0.05,188650,4264122.0,35000,0,-3000,62000,0,3000,27000,0,6000
20260618,5215,科嘉-KY,44.35,45.55,44.35,45.35,+,0.95,205059,9215113.0,33000,0,-1000,55000,0,0,22000,0,1000
20260618,6671,三能-KY,26.0,26.85,25.6,25.75,-,0.75,142289,3720040.0,17000,0,14737,41000,0,45000,24000,0,30263
20260618,6916,華凌,22.0,22.9,21.9,22.3,+,0.35,198356,4440266.0,20000,0,11000,64000,0,12000,44000,0,1000
20260618,2028,威致,16.6,16.75,16.55,16.6,,0.0,177023,2939589.0,31000,0,0,63000,0,1000,32000,0,1000
20260618,8072,陞泰,29.2,29.9,29.05,29.4,+,0.5,411076,12108656.0,34220,0,-4000,150220,0,3000,116000,0,7000
20260618,6706,惠特,168.0,177.5,167.5,172.0,+,5.0,3437660,594110700.0,-31708,0,61812,860000,0,85630,891708,0,23818
20260618,8429,金麗-KY,6.75,6.83,6.47,6.51,-,0.16,703227,4606744.0,30000,0,0,132000,0,0,102000,0,0
20260618,3661,世芯-KY,4320.0,4530.0,4270.0,4380.0,+,60.0,2341823,10285676640.0,-3880,-38235,71898,1181128,0,109656,1185008,38235,37758
20260618,9924,福興,40.45,40.85,40.45,40.65,+,0.2,90995,3698352.0,29190,0,0,43190,0,3000,14000,0,3000
20260618,0057,富邦摩台,317.5,317.55,315.9,317.2,+,3.55,39622,12546863.0,-3,0,28719,1,0,31719,4,0,3000
20260618,1615,大山,44.9,45.3,44.9,45.2,+,0.3,140000,6314742.0,28040,0,0,42040,0,0,14000,0,0
20260618,3416,融程電,175.0,178.0,175.0,176.0,+,1.5,229907,40557268.0,24082,0,3073,83082,0,5073,59000,0,2000
20260618,2012,春雨,14.55,14.65,14.4,14.6,+,0.25,177227,2573972.0,28150,0,-1000,67000,0,3000,38850,0,4000
20260618,4555,氣立,47.4,48.1,46.8,47.85,+,0.95,320640,15262347.0,30000,0,-3000,123000,0,0,93000,0,3000
20260618,2608,嘉里大榮,29.1,29.1,28.95,29.1,+,0.05,244524,7100497.0,7977,0,18809,78000,0,28000,70023,0,9191
20260618,4736,泰博,126.0,126.0,125.0,126.0,,0.0,99330,12487417.0,28694,0,-2000,40744,0,0,12050,0,2000
20260618,1731,美吾華,21.8,21.9,21.75,21.8,,0.0,155874,3401533.0,26500,0,0,29500,0,0,3000,0,0
20260618,9946,三發地產,20.7,21.85,20.4,20.6,+,0.1,3024717,63412829.0,14161,0,12000,910183,0,13000,896022,0,1000
20260618,1805,寶徠,10.25,10.4,10.25,10.35,+,0.05,160499,1658557.0,27000,0,-1000,31000,0,2000,4000,0,3000
20260618,1539,巨庭,15.8,15.85,15.65,15.7,-,0.05,89819,1415486.0,26000,0,0,28000,0,0,2000,0,0
20260618,3708,上緯投控,115.0,120.5,115.0,116.5,+,2.0,885035,104586712.0,27049,-2000,928,320049,0,4050,293000,2000,3122
20260618,2423,固緯,76.5,78.3,76.5,77.7,+,1.3,95961,7451630.0,20825,0,5000,39000,0,5000,18175,0,0
20260618,1110,東泥,15.75,15.8,15.45,15.55,-,0.2,265818,4143766.0,25500,0,0,50500,0,0,25000,0,0
20260618,2702,華園,13.15,13.15,13.0,13.0,-,0.05,76067,993275.0,13000,0,12000,18000,0,14000,5000,0,2000
20260618,3027,盛達,21.05,21.35,20.65,21.0,-,0.05,437552,9153819.0,24000,0,898,87000,0,6000,63000,0,5102
20260618,6533,晶心科,201.0,204.5,201.0,201.5,,0.0,287777,58308457.0,24652,0,151,127078,0,2935,102426,0,2784
20260618,4536,拓凱,164.5,165.5,163.0,163.0,-,2.0,296315,48664983.0,24546,0,-137,97049,0,1000,72503,0,1137
20260618,8940,新天地,16.65,17.2,16.6,17.0,+,0.4,63813,1065874.0,19000,0,5000,20000,0,8000,1000,0,3000
20260618,6937,天虹,272.0,281.0,271.5,279.5,+,8.5,558001,154677832.0,138370,-130000,15134,288000,0,22000,149630,130000,6866
20260618,4588,玖鼎電力,59.8,59.8,58.8,59.1,+,0.7,69925,4128492.0,23483,0,0,26483,0,0,3000,0,0
20260618,4949,有成精密,87.4,89.7,87.0,88.5,+,1.9,774982,68517704.0,24100,0,-947,223130,0,5000,199030,0,5947
20260618,3716,中化控股,34.75,35.0,34.6,34.7,,0.0,181716,6313733.0,6139,0,17000,53139,0,20000,47000,0,3000
20260618,3308,聯德,20.9,22.5,20.9,21.45,+,0.55,318596,6871364.0,22090,0,347,91090,0,2086,69000,0,1739
20260618,1325,恆大,26.25,26.4,25.8,26.1,-,0.1,245061,6397620.0,23252,0,-1000,54252,0,0,31000,0,1000
20260618,3535,晶彩科,137.5,137.5,132.5,134.0,-,0.5,1268288,170950426.0,113950,0,-92000,140000,0,1000,26050,0,93000
20260618,00678,群益那斯達克生技,36.6,36.67,36.52,36.57,+,0.37,259891,9501421.0,99000,0,-77585,99000,0,153415,0,0,231000
20260618,7822,倍利科,1170.0,1175.0,1140.0,1165.0,+,10.0,245118,283180750.0,21102,0,190,60102,0,1238,39000,0,1048
20260618,3040,遠見,38.25,38.4,37.9,38.4,+,0.15,307659,11763657.0,23000,0,-2000,73000,0,0,50000,0,2000
20260618,4583,台灣精銳,632.0,637.0,624.0,630.0,+,2.0,77176,48638214.0,20677,0,-159,38677,0,0,18000,0,159
20260618,4133,亞諾法,20.7,20.85,20.6,20.7,,0.0,103212,2137456.0,18000,0,2000,30000,0,2000,12000,0,0
20260618,6152,百一,14.8,14.8,14.35,14.5,-,0.05,1128409,16364977.0,19000,0,1000,200000,0,3000,181000,0,2000
20260618,1475,業旺,27.3,27.5,26.7,27.4,+,0.1,52027,1409590.0,18000,0,2000,30000,0,2000,12000,0,0
20260618,2466,冠西電,49.5,50.2,49.3,50.1,+,0.8,399857,19929325.0,21000,0,-1000,113000,0,0,92000,0,1000
20260618,00731,復華富時高息低波,91.0,92.0,91.0,91.55,+,1.2,573860,52404720.0,11000,0,8651,12000,0,534877,1000,0,526226
20260618,2468,華經,38.5,38.5,37.8,38.0,-,0.3,632806,24087906.0,21500,0,-2037,116500,0,2000,95000,0,4037
20260618,6117,迎廣,75.5,76.8,75.5,76.1,+,0.6,302596,23041438.0,17000,0,2122,86000,0,3000,69000,0,878
20260618,1732,毛寶,26.15,26.4,26.15,26.3,+,0.05,55091,1444868.0,18000,0,0,27000,0,0,9000,0,0
20260618,2375,凱美,212.0,219.0,211.0,219.0,+,19.5,18935877,4096493124.0,-170599,0,188399,3578279,0,262483,3748878,0,74084
20260618,3138,耀登,136.0,138.0,135.5,136.5,+,1.0,457945,62520326.0,16917,0,855,164000,0,2000,147083,0,1145
20260618,2816,旺旺保,33.45,34.0,33.3,33.45,-,0.15,329544,11070535.0,16062,0,1000,109062,0,1000,93000,0,0
20260618,3669,圓展,35.45,35.75,35.05,35.45,+,0.05,172014,6068004.0,15000,0,2000,49000,0,4000,34000,0,2000
20260618,3167,大量,810.0,820.0,788.0,820.0,+,13.0,409819,329317132.0,-9874,-2000,28818,78126,18000,31000,88000,20000,2182
20260618,6515,穎崴,9500.0,9610.0,9400.0,9450.0,,0.0,195369,1858789955.0,10261,8987,-3083,111158,9000,2679,100897,13,5762
20260618,00901,永豐智能車供應鏈,47.37,47.56,47.2,47.5,+,0.7,89766,4256278.0,-22000,0,38113,4000,0,58293,26000,0,20180
20260618,6958,日盛台駿,17.15,17.35,17.05,17.2,+,0.2,37922,651806.0,1000,0,15000,12000,0,16000,11000,0,1000
20260618,3229,晟鈦,44.2,46.6,44.1,45.75,+,1.6,430704,19511699.0,21000,0,-5000,105000,0,1000,84000,0,6000
20260618,4190,佐登-KY,24.8,24.8,24.3,24.8,+,0.2,41359,1020186.0,10000,0,6000,16000,0,6000,6000,0,0
20260618,4178,永笙-KY,17.5,17.9,17.5,17.65,+,0.15,186356,3285718.0,15881,0,0,35000,0,0,19119,0,0
20260618,9902,台火,13.9,13.9,13.7,13.7,-,0.05,100101,1377220.0,16000,0,-127,32000,0,1000,16000,0,1127
20260618,6230,尼得科超眾,135.0,136.0,131.5,132.5,-,2.5,91127,12142546.0,15057,0,35,34057,0,1000,19000,0,965
20260618,3617,碩天,212.0,215.0,211.5,211.5,,0.0,205184,43727983.0,14535,0,48,103147,0,1049,88612,0,1001
20260618,2528,皇普,22.3,23.0,22.05,22.4,+,0.15,540524,12118887.0,11027,0,3000,217277,0,3000,206250,0,0
20260618,1526,日馳,14.45,14.55,14.35,14.55,+,0.05,107196,1550552.0,13000,0,1000,19000,0,3000,6000,0,2000
20260618,1338,廣華-KY,17.25,17.3,17.1,17.2,,0.0,86614,1490980.0,12500,0,1000,27500,0,1000,15000,0,0
20260618,2102,泰豐,18.4,18.7,18.25,18.35,,0.0,225831,4166615.0,13500,0,0,60500,0,0,47000,0,0
20260618,5234,達興材料,385.5,401.5,385.0,396.0,+,13.5,583634,230728850.0,-13541,-1000,27740,320459,0,32394,334000,1000,4654
20260618,6585,鼎基,139.5,140.0,135.0,138.0,+,1.5,743593,102144315.0,14059,0,-945,216189,0,0,202130,0,945
20260618,2509,全坤建,14.25,14.7,14.25,14.55,+,0.55,383932,5547966.0,12500,0,0,74500,0,2000,62000,0,2000
20260618,3447,展達,40.6,40.6,39.75,40.2,+,0.05,259392,10405080.0,12000,0,0,70000,0,0,58000,0,0
20260618,6504,南六,36.2,36.65,36.0,36.2,,0.0,51499,1866629.0,12000,0,0,17000,0,0,5000,0,0
20260618,7711,永擎,363.0,368.5,361.0,364.5,+,4.0,234775,85412253.0,11000,0,1000,56000,0,1000,45000,0,0
20260618,00875,國泰網路資安,46.27,46.8,46.27,46.6,-,0.46,52881,2469564.0,1000,0,10910,1000,0,28000,0,0,17090
20260618,2482,連宇,17.5,17.7,17.35,17.35,-,0.05,206148,3603163.0,13085,0,-1733,53085,0,3383,40000,0,5116
20260618,6914,阜爾運通,142.0,142.5,142.0,142.5,+,0.5,31878,4539169.0,8000,0,3000,10000,0,3000,2000,0,0
20260618,3686,達能,17.4,17.4,17.0,17.25,-,0.15,198655,3415272.0,11910,0,-1000,48000,0,0,36090,0,1000
20260618,1312,國喬,13.35,13.75,13.3,13.5,+,0.25,11579478,155872123.0,-125000,0,135632,5034000,0,161471,5159000,0,25839
20260618,1783,和康生,38.6,38.85,38.55,38.75,+,0.2,62147,2399052.0,8500,0,2000,12500,0,2000,4000,0,0
20260618,1324,地球,10.45,10.6,10.25,10.4,-,0.1,212086,2214492.0,10000,0,0,16000,0,0,6000,0,0
20260618,8442,威宏-KY,40.2,40.4,40.15,40.3,+,0.05,79498,3201243.0,14000,0,-4000,31000,0,0,17000,0,4000
20260618,2616,山隆,13.75,13.9,13.7,13.85,+,0.1,280598,3870937.0,13500,0,-4000,64500,0,4000,51000,0,8000
20260618,1504,東元,69.6,71.1,69.1,70.0,+,1.3,19762089,1385449067.0,45266,-107000,70742,12027137,0,85354,11981871,107000,14612
20260618,1531,高林股,12.95,12.95,12.8,12.9,-,0.05,85304,1098043.0,9500,0,-1000,18500,0,0,9000,0,1000
20260618,1713,國化,49.75,50.5,49.75,50.0,+,0.15,199696,9998869.0,16239,0,-8000,53244,0,0,37005,0,8000
20260618,2314,台揚,14.5,15.9,14.5,14.95,-,0.85,353091,5388102.0,8236,0,0,9000,0,0,764,0,0
20260618,1623,大東電,216.5,220.0,214.0,220.0,+,5.5,164232,35396644.0,18000,0,-10000,39000,0,0,21000,0,10000
20260618,6928,攸泰科技,48.0,48.05,47.15,47.95,+,0.25,90450,4305929.0,9000,0,-1000,31000,0,0,22000,0,1000
20260618,7803,雲象科技-創,23.0,23.2,22.9,23.0,,0.0,112784,2592086.0,8000,0,0,12000,0,0,4000,0,0
20260618,4572,駐龍,144.5,145.0,144.0,144.5,,0.0,35391,5124102.0,7845,0,0,8845,0,1000,1000,0,1000
20260618,7786,東方風能,129.0,130.0,128.0,130.0,+,1.0,205317,26531767.0,2778,0,5000,104000,0,5000,101222,0,0
20260618,9905,大華,21.1,21.2,21.0,21.05,,0.0,98778,2079982.0,10725,0,-3000,18725,0,0,8000,0,3000
20260618,6183,關貿,90.0,90.4,90.0,90.4,+,0.7,23298,2102319.0,7500,0,1,11500,0,3001,4000,0,3000
20260618,6952,大武山,36.0,36.1,35.7,36.05,+,0.05,36685,1315359.0,4000,0,3000,5000,0,3000,1000,0,0
20260618,1752,南光,33.0,33.15,32.8,32.8,-,0.2,87081,2868957.0,8000,0,-1000,26000,0,1000,18000,0,2000
20260618,2545,皇翔,39.2,39.55,38.55,38.55,-,0.25,664879,25964732.0,4411,0,2000,253187,0,2000,248776,0,0
20260618,8499,鼎炫-KY,304.0,305.0,300.0,304.0,+,0.5,57297,17306075.0,6000,0,293,21000,0,293,15000,0,0
20260618,6184,大豐電,47.0,47.15,46.8,46.95,-,0.05,81804,3843728.0,6000,0,0,11000,0,0,5000,0,0
20260618,6838,台新藥,25.0,25.1,24.65,24.65,-,0.3,157594,3913869.0,3000,0,3000,27000,0,4000,24000,0,1000
20260618,2432,倚天酷碁-創,28.05,28.5,28.05,28.5,+,0.5,143041,4057072.0,7000,0,-1000,11000,0,4000,4000,0,5000
20260618,1512,瑞利,7.15,7.33,7.15,7.25,+,0.09,208912,1511723.0,7000,0,-1000,26000,0,1000,19000,0,2000
20260618,1473,台南,20.55,20.65,20.2,20.2,-,0.35,105918,2163854.0,4000,0,2000,10000,0,2000,6000,0,0
20260618,1413,宏洲,9.4,9.45,9.38,9.44,+,0.04,32921,309220.0,5000,0,1000,5000,0,1000,0,0,0
20260618,6115,鎰勝,48.6,48.7,48.4,48.65,,0.0,168461,8175598.0,8380,0,-2547,31500,0,11000,23120,0,13547
20260618,2540,愛山林,55.2,56.4,54.4,55.1,+,0.3,1156587,63784901.0,29179,0,-24000,368179,0,1000,339000,0,25000
20260618,6641,基士德-KY,18.4,18.5,18.25,18.35,-,0.05,57211,1051309.0,2000,0,3106,5000,0,4000,3000,0,894
20260618,2712,遠雄來,15.25,15.3,14.95,15.2,-,0.05,14046,212664.0,6000,0,-1000,6000,0,0,0,0,1000
20260618,1776,展宇,19.0,19.0,18.5,18.75,,0.0,208448,3904804.0,6000,0,-1000,43000,0,3000,37000,0,4000
20260618,6645,金萬林-創,14.85,15.6,14.8,15.35,+,0.35,100579,1539161.0,8000,0,-3137,18000,0,21912,10000,0,25049
20260618,2250,IKKA-KY,61.5,62.6,61.5,61.7,+,0.3,95330,5929965.0,4531,0,0,25531,0,1000,21000,0,1000
20260618,1626,艾美特-KY,10.15,10.15,9.94,9.97,-,0.18,345805,3458700.0,7500,0,-3000,17500,0,2000,10000,0,5000
20260618,7749,意騰-KY,492.0,505.0,484.5,484.5,-,1.0,402207,198440104.0,6979,0,-2515,136000,0,2072,129021,0,4587
20260618,1530,亞崴,30.6,31.95,30.5,30.55,,0.0,131729,4079870.0,4642,0,-247,34642,0,3259,30000,0,3506
20260618,2434,統懋,37.0,40.05,37.0,38.85,+,2.35,501748,19605449.0,5000,0,-729,64000,0,18,59000,0,747
20260618,5222,全訊,114.0,115.0,113.0,114.0,,0.0,282894,32222049.0,6352,0,-2219,85000,0,1596,78648,0,3815
20260618,1558,伸興,91.5,91.6,91.0,91.5,+,0.5,57936,5287587.0,3998,0,7,19000,0,7,15002,0,0
20260618,1516,川飛,20.5,20.55,20.4,20.5,+,0.05,40354,826715.0,4000,0,0,5000,0,0,1000,0,0
20260618,2506,太設,8.95,9.01,8.91,8.96,-,0.07,172756,1547641.0,4000,0,0,39000,0,2000,35000,0,2000
20260618,6754,匯僑設計,45.6,45.8,45.5,45.5,,0.0,17364,792093.0,4000,0,0,4000,0,0,0,0,0
20260618,9930,中聯資源,69.8,70.0,69.7,70.0,+,0.1,122315,8544991.0,3000,-1000,2000,29000,0,6000,26000,1000,4000
20260618,8411,福貞-KY,12.25,12.25,12.0,12.15,-,0.1,270562,3266782.0,10000,0,-6000,23000,0,2000,13000,0,8000
20260618,8487,愛爾達-創,79.5,79.9,78.6,78.6,-,0.7,25829,2043531.0,4000,0,0,8000,0,1000,4000,0,1000
20260618,4999,鑫禾,20.65,20.9,20.65,20.65,-,0.05,73009,1512610.0,5000,0,-1169,22000,0,0,17000,0,1169
20260618,2852,第一保,26.4,26.6,26.25,26.35,-,0.2,1688841,44563244.0,-3410,0,7000,505000,0,10000,508410,0,3000
20260618,00661,元大日經225,91.65,91.95,91.35,91.95,+,1.95,70989,6512380.0,-910,0,4439,90,0,30439,1000,0,26000
20260618,2722,夏都,23.8,23.8,23.25,23.3,+,0.15,23105,538841.0,3500,0,0,6500,0,1000,3000,0,1000
20260618,5284,jpp-KY,395.0,410.0,394.0,405.0,+,13.0,735940,295637901.0,-62250,0,65658,151050,0,81459,213300,0,15801
20260618,3694,海華,62.0,62.8,60.7,60.8,-,1.1,1575539,96775922.0,2000,0,1067,287000,0,5115,285000,0,4048
20260618,4426,利勤,8.01,8.11,7.98,7.98,-,0.03,116263,932637.0,7000,0,-4000,43000,0,0,36000,0,4000
20260618,4439,冠星-KY,91.0,91.7,91.0,91.6,+,1.2,13338,1217418.0,3000,0,0,3000,0,0,0,0,0
20260618,2762,世界健身-KY,86.1,86.3,85.1,85.3,+,0.1,79923,6839615.0,3000,0,0,36000,0,1000,33000,0,1000
20260618,2904,匯僑,14.05,14.2,14.0,14.15,+,0.1,68314,963560.0,3000,0,0,8000,0,0,5000,0,0
20260618,2910,統領,22.75,23.45,22.75,23.1,+,0.55,17000,394850.0,2000,0,1000,5000,0,1000,3000,0,0
20260618,6666,羅麗芬-KY,43.2,43.2,42.5,42.95,+,0.15,37052,1586964.0,1000,0,2000,2000,0,2000,1000,0,0
20260618,6657,華安,37.2,37.4,36.0,36.6,+,0.1,102940,3759978.0,4000,0,-1000,20000,0,0,16000,0,1000
20260618,6988,威力暘-創,14.25,15.05,14.0,14.0,+,0.1,66010,942841.0,3000,0,0,5000,0,17000,2000,0,17000
20260618,7736,虎山,72.4,72.7,72.3,72.7,-,1.0,16005,1160162.0,3000,0,0,4000,0,0,1000,0,0
20260618,2239,英利-KY,23.05,23.2,22.7,22.7,-,0.05,31030,710782.0,3000,0,0,13000,0,1000,10000,0,1000
20260618,2008,高興昌,30.5,30.8,30.5,30.8,+,0.3,15711,480983.0,1000,0,2000,4000,0,2000,3000,0,0
20260618,1465,偉全,12.45,12.55,12.4,12.5,+,0.05,66794,832946.0,3000,0,0,6000,0,0,3000,0,0
20260618,00851,台新全球AI,73.2,73.4,73.2,73.3,+,0.05,11778,863874.0,0,0,3000,0,0,3000,0,0,0
20260618,1220,台榮,11.75,11.8,11.65,11.7,,0.0,78299,917919.0,12500,0,-10000,18500,0,0,6000,0,10000
20260618,4440,宜新實業,17.15,17.25,17.05,17.1,,0.0,34938,598418.0,5068,0,-3000,6068,0,0,1000,0,3000
20260618,4148,全宇生技-KY,31.2,31.2,30.45,30.85,-,0.3,23381,717260.0,3000,0,-1000,6000,0,2000,3000,0,3000
20260618,5906,台南-KY,43.55,45.0,40.9,40.9,,0.0,199120,8224497.0,2000,0,0,2000,0,0,0,0,0
20260618,6863,永道-KY,96.7,97.7,96.0,96.7,,0.0,95479,9234516.0,3000,0,-1000,40000,0,0,37000,0,1000
20260618,6909,創控,46.45,50.9,46.3,50.9,+,4.6,536234,27090068.0,2000,0,0,19000,0,0,17000,0,0
20260618,6918,愛派司,74.0,74.4,73.5,73.9,+,0.2,32155,2370612.0,2000,0,0,3000,0,0,1000,0,0
20260618,6674,鋐寶科技,18.1,18.1,17.4,17.45,-,0.55,28520,501369.0,1000,0,1000,3000,0,1000,2000,0,0
20260618,1236,宏亞,25.8,25.9,25.55,25.8,+,0.1,142661,3675141.0,3000,0,-1000,11000,0,2000,8000,0,3000
20260618,1445,大宇,11.1,11.1,10.85,11.0,-,0.05,75424,825331.0,4000,0,-2000,15000,0,1000,11000,0,3000
20260618,1474,弘裕,10.2,10.3,10.05,10.25,+,0.05,72723,739752.0,11000,0,-9000,13000,0,0,2000,0,9000
20260618,9931,欣高,35.5,35.65,35.1,35.25,+,0.2,36265,1276484.0,2000,0,-86,11000,0,53,9000,0,139
20260618,00709,富邦歐洲,39.59,39.59,39.27,39.32,-,0.35,21807,858742.0,0,0,1575,0,0,6000,0,0,4425
20260618,2706,第一店,12.45,12.5,12.35,12.5,+,0.1,147033,1832948.0,1500,0,0,8500,0,7000,7000,0,7000
20260618,6933,AMAX-KY,156.0,159.5,155.0,157.0,+,2.0,97071,15280901.0,50,0,1147,24050,0,1543,24000,0,396
20260618,9927,泰銘,69.2,69.4,69.2,69.4,,0.0,39233,2720179.0,2160,0,-1000,9170,0,0,7010,0,1000
20260618,7823,奧義賽博-KY創,82.4,82.5,82.0,82.1,+,0.1,12160,998149.0,-1000,0,2022,0,0,2022,1000,0,0
20260618,7732,金興精密,35.6,36.8,35.6,36.0,,0.0,40000,1437100.0,1000,0,0,1000,0,0,0,0,0
20260618,7705,三商餐飲,31.85,32.0,31.65,31.85,+,0.15,35089,1119202.0,1000,0,0,4000,0,0,3000,0,0
20260618,6771,平和環保-創,41.65,42.0,41.45,42.0,+,0.25,82000,3410150.0,1000,0,0,5000,0,4000,4000,0,4000
20260618,5546,永固-KY,16.6,17.05,16.6,17.05,+,0.05,31110,525100.0,0,0,1000,6000,0,1000,6000,0,0
20260618,2939,永邑-KY,22.2,22.2,21.6,21.9,+,0.3,10265,224621.0,2000,0,-1000,3000,0,0,1000,0,1000
20260618,3018,隆銘綠能,11.75,11.9,11.7,11.9,+,0.45,70348,824883.0,1000,0,0,1000,0,0,0,0,0
20260618,1439,雋揚,25.3,25.3,25.3,25.3,+,0.3,1000,25300.0,1000,0,0,1000,0,0,0,0,0
20260618,9926,新海,49.25,49.25,49.2,49.2,,0.0,7123,350619.0,1000,0,0,1000,0,0,0,0,0
20260618,8467,波力-KY,129.5,129.5,125.5,125.5,-,0.5,7047,889413.0,1000,0,0,1000,0,0,0,0,0
20260618,00736,國泰新興市場,31.37,31.47,31.25,31.3,+,0.03,171202,5370498.0,0,0,1000,0,0,168000,0,0,167000
20260618,9929,秋雨,12.7,12.7,12.7,12.7,+,0.35,3339,39321.0,0,0,580,0,0,580,0,0,0
20260618,8488,吉源-KY,10.5,10.6,10.5,10.55,+,0.25,11630,122817.0,500,0,0,2500,0,0,2000,0,0
20260618,1235,興泰,37.95,38.25,36.1,37.65,+,0.65,21069,779877.0,500,0,0,4500,0,1000,4000,0,1000
20260618,6581,鋼聯,108.0,109.5,108.0,109.0,+,1.5,15623,1703447.0,500,0,0,2500,0,0,2000,0,0
20260618,4106,雃博,23.25,23.4,23.0,23.4,,0.0,116951,2713297.0,-500,0,888,11500,0,1000,12000,0,112
20260618,6873,泓德能源,78.0,78.8,77.4,78.8,+,1.2,568361,44388513.0,7879,0,-7577,191040,0,2688,183161,0,10265
20260618,6908,宏碁遊戲-創,39.0,39.0,38.75,38.75,-,0.25,4482,174043.0,0,0,110,0,0,110,0,0,0
20260618,6835,圓裕,36.25,36.7,36.2,36.55,+,0.35,45488,1657837.0,0,0,0,13000,0,0,13000,0,0
20260618,6807,峰源-KY,33.25,33.75,33.25,33.65,+,0.2,11000,368900.0,2000,0,-2000,5000,0,0,3000,0,2000
20260618,6431,光麗-KY,19.0,19.35,18.15,19.35,,0.0,146628,2744016.0,0,0,0,6000,0,0,6000,0,0
20260618,4994,傳奇,94.0,94.9,91.1,91.8,-,1.1,19353,1780057.0,0,0,0,2000,0,0,2000,0,0
20260618,4581,光隆精密-KY,50.0,50.0,49.95,49.95,+,0.05,8010,400479.0,0,0,0,1000,0,0,1000,0,0
20260618,3164,景岳,16.4,16.4,16.25,16.4,,0.0,39734,648923.0,0,0,0,2000,0,0,2000,0,0
20260618,1233,天仁,27.9,28.0,27.9,28.0,+,0.05,28390,793733.0,-2000,0,2000,1000,0,2000,3000,0,0
20260618,1203,味王,42.9,43.0,42.85,43.0,-,0.15,4773,204762.0,0,0,0,2000,0,0,2000,0,0
20260618,1454,台富,12.8,12.9,12.8,12.85,+,0.05,26716,343225.0,0,0,0,2000,0,0,2000,0,0
20260618,2033,佳大,15.6,15.75,15.55,15.75,+,0.1,148249,2321241.0,0,0,0,4000,0,0,4000,0,0
20260618,2024,志聯,14.05,14.1,14.05,14.1,-,0.05,10167,142824.0,-1000,0,1000,1000,0,1000,2000,0,0
20260618,2248,華勝-KY,56.0,56.3,55.8,56.3,,0.0,10006,559536.0,0,0,0,1000,0,0,1000,0,0
20260618,8481,政伸,41.75,42.1,41.75,42.1,-,0.05,6078,254629.0,0,0,0,2000,0,2000,2000,0,2000
20260618,8443,阿瘦,11.35,11.4,11.35,11.4,,0.0,24154,274541.0,0,0,0,1000,0,0,1000,0,0
20260618,9918,欣天然,43.1,43.35,43.0,43.1,-,0.4,15790,680684.0,0,0,0,6000,0,0,6000,0,0
20260618,6225,天瀚,23.2,25.85,23.2,24.0,+,0.25,28664,713274.0,0,0,-44,0,0,0,0,0,44
20260618,1817,凱撒衛,40.45,40.95,40.45,40.6,+,0.15,87605,3563635.0,0,0,-464,12000,0,5000,12000,0,5464
20260618,2106,建大,17.8,18.15,17.8,17.85,+,0.1,806789,14487963.0,-5500,0,5000,283000,0,5000,288500,0,0
20260618,2496,卓越,64.9,65.1,64.8,65.0,+,0.5,18810,1223609.0,-500,0,0,500,0,0,1000,0,0
20260618,00903,富邦元宇宙,21.59,21.59,21.43,21.47,-,0.26,137131,2949561.0,55000,0,-55514,56000,0,12000,1000,0,67514
20260618,0053,元大電子,245.45,245.45,244.5,244.95,+,2.95,25594,6267321.0,-990,0,241,10,0,5519,1000,0,5278
20260618,2433,互盛電,44.4,44.55,44.25,44.5,+,0.15,23091,1025810.0,1049,0,-2000,4049,0,0,3000,0,2000
20260618,6416,瑞祺電通,83.7,84.8,83.5,83.7,-,0.1,205487,17265569.0,-8973,0,8000,42027,0,8000,51000,0,0
20260618,6924,榮惠-KY創,116.5,125.0,116.5,125.0,+,11.0,52626,6401790.0,-1000,0,0,0,0,1000,1000,0,1000
20260618,5538,東明-KY,32.2,32.3,32.0,32.0,-,0.05,53045,1702191.0,-1000,0,0,0,0,2000,1000,0,2000
20260618,2901,欣欣,24.1,24.15,23.7,23.85,-,0.45,16685,398733.0,-1000,0,0,3000,0,0,4000,0,0
20260618,4930,燦星網,17.0,17.4,17.0,17.35,-,0.2,106634,1841527.0,11000,0,-12000,15000,0,0,4000,0,12000
20260618,1443,立益物流,27.3,27.95,27.25,27.9,+,0.2,14912,413127.0,-3000,0,2000,1000,0,2000,4000,0,0
20260618,1410,南染,25.4,25.4,24.65,24.85,+,0.1,35659,889719.0,3000,0,-4000,10000,0,0,7000,0,4000
20260618,9943,好樂迪,57.9,58.0,57.4,57.6,-,0.1,71409,4123292.0,0,0,-1000,16040,0,2000,16040,0,3000
20260618,1256,鮮活果汁-KY,177.5,186.5,177.5,181.5,+,3.0,117348,21450323.0,-13019,0,12000,29000,0,14000,42019,0,2000
20260618,8045,達運光電,61.5,63.2,61.1,61.1,-,0.1,87562,5408334.0,-502,0,-569,34498,0,0,35000,0,569
20260618,1617,榮星,16.5,16.5,16.0,16.2,-,0.2,174865,2835733.0,-1000,0,-212,9000,0,1000,10000,0,1212
20260618,1525,江申,66.3,66.3,65.5,66.0,+,0.3,15603,1029515.0,2500,0,-3921,2500,0,4079,0,0,8000
20260618,1468,昶和,11.9,12.0,11.7,12.0,,0.0,71477,844740.0,-3523,0,2000,2477,0,2000,6000,0,0
20260618,3437,榮創,21.75,21.85,21.4,21.45,,0.0,1078106,23252145.0,3369,0,-5000,336369,0,3000,333000,0,8000
20260618,2348,海悅,78.0,79.8,75.7,76.8,-,0.8,2160283,168063399.0,8877,0,-10713,394877,0,13631,386000,0,24344
20260618,1418,東華,18.95,18.95,18.35,18.5,,0.0,14725,272216.0,-2000,0,0,2000,0,0,4000,0,0
20260618,6936,永鴻生技,33.35,33.4,33.35,33.4,-,0.2,8627,288007.0,-2000,0,0,0,0,0,2000,0,0
20260618,6541,泰福-KY,40.85,41.35,40.4,40.45,,0.0,337648,13771438.0,1000,0,-3000,98000,0,2000,97000,0,5000
20260618,1730,花仙子,53.0,53.2,53.0,53.0,,0.0,57609,3059917.0,-2000,0,-307,0,0,2000,2000,0,2307
20260618,00668,國泰美國道瓊,59.95,59.95,59.65,59.65,-,0.4,126813,7571256.0,-1000,0,-1389,0,0,116000,1000,0,117389
20260618,1517,利奇,10.55,10.65,10.35,10.5,-,0.1,324486,3401701.0,16500,0,-19129,72500,0,5000,56000,0,24129
20260618,1323,永裕,19.85,19.95,19.75,19.8,,0.0,102243,2028633.0,-3000,0,0,12000,0,1000,15000,0,1000
20260618,6606,建德工業,25.0,25.2,24.75,25.0,-,0.05,130068,3233454.0,-1000,0,-2000,23000,0,4000,24000,0,6000
20260618,7827,漢康-KY創,165.0,168.0,161.0,164.5,-,2.0,463065,76411237.0,-5000,0,2000,102000,0,19000,107000,0,17000
20260618,2701,萬企,10.55,10.55,10.55,10.55,,0.0,45503,480046.0,1000,0,-4000,5000,0,0,4000,0,4000
20260618,3419,譁裕,14.4,14.5,14.2,14.4,+,0.1,259727,3720149.0,-2000,0,-1000,64000,0,1000,66000,0,2000
20260618,3168,眾福科,47.0,48.0,46.0,48.0,+,0.45,135451,6396601.0,-4000,0,1000,14000,0,2000,18000,0,1000
20260618,4108,懷特,12.05,12.15,11.9,12.0,,0.0,164306,1973902.0,-4500,0,1000,18500,0,1000,23000,0,0
20260618,3150,鈺寶-創,18.25,18.8,18.2,18.8,+,0.5,46500,867759.0,2000,0,-5604,7000,0,12396,5000,0,18000
20260618,6951,青新-創,78.6,78.8,78.6,78.8,+,0.2,18000,1417538.0,-3500,0,-319,5500,0,0,9000,0,319
20260618,6965,中傑-KY,81.1,82.3,81.0,82.0,+,0.9,44900,3664670.0,-5000,0,1000,12000,0,2000,17000,0,1000
20260618,1341,富林-KY,61.8,62.1,61.3,62.0,-,0.2,21062,1302554.0,-4000,0,0,0,0,0,4000,0,0
20260618,1614,三洋電,31.9,32.45,31.7,31.9,,0.0,50313,1613407.0,-6000,0,2000,4000,0,3000,10000,0,1000
20260618,1453,大將,11.85,11.95,11.65,11.8,-,0.1,79677,941910.0,-8000,0,4000,3000,0,6000,11000,0,2000
20260618,9912,偉聯,12.75,12.75,12.5,12.65,+,0.05,25481,320676.0,-1000,0,-3000,2000,0,0,3000,0,3000
20260618,2497,怡利電,61.7,61.8,60.2,60.2,-,1.2,961807,58408339.0,-5000,0,927,258000,0,3000,263000,0,2073
20260618,2461,光群雷,18.55,18.65,18.1,18.4,-,0.15,1128289,20707807.0,-17500,0,13000,332500,0,14000,350000,0,1000
20260618,1419,新紡,67.1,67.5,66.2,67.1,+,0.3,89504,5961146.0,-8630,0,4000,23500,0,4000,32130,0,0
20260618,1459,聯發,11.8,11.8,11.7,11.8,-,0.05,36316,427276.0,-6000,0,1000,9000,0,1000,15000,0,0
20260618,2945,三商家購,43.1,43.15,41.8,42.9,-,0.25,21263,905295.0,-5000,0,0,1000,0,1000,6000,0,1000
20260618,7631,聚賢研發-創,130.0,134.5,130.0,131.5,+,2.0,32065,4250487.0,-5000,0,0,3000,0,8000,8000,0,8000
20260618,1537,廣隆,127.0,127.5,127.0,127.5,,0.0,59637,7590857.0,-3963,0,-1066,12067,0,2000,16030,0,3066
20260618,6902,GOGOLOOK,131.0,133.0,129.0,133.0,+,3.5,115140,15084350.0,-5338,0,0,30000,0,0,35338,0,0
20260618,00911,兆豐洲際半導體,65.05,65.15,64.3,65.05,+,0.1,711827,46154246.0,44042,0,-49430,49042,0,213000,5000,0,262430
20260618,6582,申豐,32.1,32.1,31.3,31.45,-,0.1,67285,2129879.0,-5500,0,0,8500,0,1000,14000,0,1000
20260618,2748,雲品,40.7,40.7,40.3,40.4,-,0.35,48418,1958159.0,-5500,0,0,9500,0,0,15000,0,0
20260618,1438,三地開發,22.55,22.7,22.15,22.25,-,0.3,109507,2446784.0,-10500,0,5000,5500,0,6000,16000,0,1000
20260618,3679,新至陞,112.5,112.5,111.0,111.0,-,1.0,89807,10003787.0,-144,0,-5787,13025,0,0,13169,0,5787
20260618,6464,台數科,77.7,78.0,77.5,78.0,,0.0,9607,745960.0,-5000,0,-1000,1000,0,0,6000,0,1000
20260618,1315,達新,61.8,62.4,61.7,62.3,+,0.6,128392,7992820.0,-3000,0,-3000,15000,0,0,18000,0,3000
20260618,1463,強盛新,17.5,17.6,17.4,17.6,,0.0,45135,789907.0,-5000,0,-1000,7000,0,1000,12000,0,2000
20260618,2429,銘旺科,39.0,39.1,38.35,38.55,-,0.05,386589,14922096.0,-6000,0,0,90000,0,0,96000,0,0
20260618,9937,全國,55.8,56.0,55.1,55.5,+,0.2,53004,2949022.0,-11000,0,5000,6000,0,11000,17000,0,6000
20260618,9942,茂順,118.5,119.0,118.5,118.5,,0.0,51180,6079110.0,-6000,0,0,2000,0,0,8000,0,0
20260618,1457,宜進,14.4,14.45,14.25,14.3,-,0.1,379524,5432894.0,10500,0,-17000,26500,0,2000,16000,0,19000
20260618,6534,正瀚-創,94.0,94.3,93.0,93.0,-,0.8,31452,2944622.0,-7000,0,139,3000,0,139,10000,0,0
20260618,1737,臺鹽,31.75,31.85,31.65,31.8,+,0.05,114571,3636789.0,-2880,0,-4000,17120,0,1000,20000,0,5000
20260618,6869,雲豹能源,77.8,78.9,77.3,77.3,-,0.4,541157,42050102.0,-5827,0,-1167,133065,0,1250,138892,0,2417
20260618,7791,皇家可口,62.5,62.6,62.2,62.6,+,0.1,102244,6376615.0,-7000,0,0,13000,0,3000,20000,0,3000
20260618,6794,向榮生技,80.7,80.7,78.7,79.4,+,0.6,41189,3254369.0,-7000,0,0,2000,0,1000,9000,0,1000
20260618,6281,全國電,51.7,51.7,51.2,51.5,,0.0,85990,4418810.0,-7000,0,0,29000,0,2000,36000,0,2000
20260618,6165,浪凡,48.85,49.2,48.5,48.6,-,0.2,396308,19319569.0,-3000,0,-4000,72000,0,0,75000,0,4000
20260618,1541,錩泰,22.15,22.65,21.5,22.0,-,0.5,19292,424304.0,-7000,0,0,1000,0,1000,8000,0,1000
20260618,1414,東和,17.4,17.6,17.35,17.5,+,0.1,99887,1743708.0,-7329,0,0,16671,0,0,24000,0,0
20260618,2373,震旦行,58.4,58.4,58.0,58.0,+,0.1,32087,1862519.0,-7460,0,0,2540,0,0,10000,0,0
20260618,5007,三星,56.0,56.6,56.0,56.0,-,0.3,716642,41534149.0,-7500,0,0,3500,0,3000,11000,0,3000
20260618,2906,高林,13.0,13.1,12.9,12.9,,0.0,234362,3044885.0,-1500,0,-6000,32500,0,1000,34000,0,7000
20260618,2059,川湖,6640.0,6895.0,6620.0,6865.0,+,245.0,449793,3067596055.0,24627,-33623,1381,281729,22000,9521,257102,55623,8140
20260618,00660,元大歐洲50,45.97,45.97,45.51,45.51,-,0.58,31932,1456132.0,0,0,-8000,0,0,21000,0,0,29000
20260618,1906,寶隆,11.4,11.6,11.4,11.45,+,0.1,134325,1542286.0,-9000,0,1000,21000,0,2000,30000,0,1000
20260618,1456,怡華,15.2,15.5,14.75,15.5,+,0.35,186244,2810125.0,-8000,0,0,38000,0,2000,46000,0,2000
20260618,1583,程泰,52.0,52.0,50.2,50.3,-,0.3,29464,1491386.0,-8000,0,0,5000,0,2000,13000,0,2000
20260618,4770,上品,216.0,216.0,213.5,215.5,+,2.0,449659,96502168.0,-9189,0,647,122028,0,1000,131217,0,353
20260618,2227,裕日車,50.0,50.0,49.3,49.3,-,0.4,53256,2646929.0,-8550,0,0,16500,0,1000,25050,0,1000
20260618,6024,群益期,62.5,63.1,61.8,62.0,-,0.3,667489,41679483.0,-8875,0,0,162644,0,0,171519,0,0
20260618,6201,亞弘電,48.3,48.6,47.5,48.4,+,0.15,51508,2460650.0,-1000,0,-8000,6000,0,1000,7000,0,9000
20260618,4807,日成-KY,40.5,44.0,39.35,44.0,+,4.0,475295,19780097.0,-14000,0,5000,3000,0,5000,17000,0,0
20260618,3432,台端,18.5,19.35,18.5,18.7,+,0.3,55501,1042775.0,-9000,0,0,6000,0,0,15000,0,0
20260618,6715,嘉基,470.0,489.0,457.0,471.5,-,3.5,621757,292360909.0,6761,0,-16002,185780,0,7719,179019,0,23721
20260618,2516,新建,13.5,13.6,13.3,13.35,-,0.15,159180,2132288.0,-10501,0,1000,3500,0,2000,14001,0,1000
20260618,6887,寶綠特-KY,35.0,35.25,34.2,34.2,-,0.6,24075,839303.0,-9000,0,-1000,2000,0,2000,11000,0,3000
20260618,7730,暉盛-創,172.5,185.5,170.5,180.5,+,10.0,138784,24533489.0,-10712,0,687,36000,0,4687,46712,0,4000
20260618,5907,大洋-KY,5.09,5.11,5.01,5.1,+,0.01,391948,1986060.0,-9000,0,-2000,52000,0,0,61000,0,2000
20260618,1521,大億,26.55,26.7,26.5,26.6,+,0.05,72065,1913488.0,-7000,0,-4000,1000,0,0,8000,0,4000
20260618,6957,裕慶-KY,190.5,190.5,186.5,189.5,-,1.5,76783,14497060.0,-11000,0,-265,17000,0,0,28000,0,265
20260618,8201,無敵,13.95,13.95,13.5,13.5,-,0.2,100839,1375930.0,-12000,0,440,5000,0,440,17000,0,0
20260618,6128,上福,21.2,21.2,20.7,21.0,-,0.2,166940,3493309.0,-13270,0,1280,36730,0,6000,50000,0,4720
20260618,2630,亞航,39.35,39.9,39.1,39.9,+,0.7,635327,25108361.0,-11000,0,-1000,257000,0,2000,268000,0,3000
20260618,8367,建新國際,40.7,40.7,40.3,40.3,-,0.1,33003,1334022.0,-10000,0,-2000,3000,0,0,13000,0,2000
20260618,6923,中台,77.5,77.8,76.7,77.7,+,0.7,166103,12832808.0,-12000,0,-339,37000,0,4,49000,0,343
20260618,00657,國泰日經225,82.6,83.05,82.5,82.9,+,1.45,27543,2279117.0,-1000,0,-11840,0,0,6638,1000,0,18478
20260618,1760,寶齡富錦,60.2,60.8,59.9,59.9,,0.0,317391,19125856.0,-19960,0,7000,110040,0,9000,130000,0,2000
20260618,2460,建通,36.4,36.5,34.6,34.8,-,0.7,1975592,69608496.0,-19000,0,6000,477000,0,7000,496000,0,1000
20260618,2911,麗嬰房,8.29,8.29,8.0,8.01,-,0.07,347835,2811584.0,-14000,0,1000,41000,0,6000,55000,0,5000
20260618,4942,嘉彰,37.8,37.8,37.5,37.8,,0.0,63295,2378857.0,-12000,0,-1074,5000,0,0,17000,0,1074
20260618,2025,千興,14.25,14.35,13.7,14.1,-,0.05,677900,9469261.0,-21450,0,8000,107550,0,13000,129000,0,5000
20260618,1451,年興,16.75,16.85,16.75,16.75,-,0.05,125323,2104615.0,-11500,0,-2000,5500,0,5000,17000,0,7000
20260618,4414,如興,8.42,8.49,8.4,8.44,+,0.07,182308,1537472.0,-13720,0,0,38280,0,0,52000,0,0
20260618,1733,五鼎,29.35,29.35,29.15,29.3,+,0.05,103664,3031653.0,-14974,0,1000,17630,0,5000,32604,0,4000
20260618,6931,青松健康,40.8,40.85,40.1,40.8,,0.0,80961,3278555.0,-12000,0,-2000,13000,0,0,25000,0,2000
20260618,6614,資拓宏宇,41.4,41.65,40.8,40.9,-,0.5,137065,5656233.0,-14000,0,0,26000,0,0,40000,0,0
20260618,6796,晉弘,60.0,60.1,58.9,59.3,-,0.5,61313,3653237.0,-13000,0,-1000,13000,0,1000,26000,0,2000
20260618,8016,矽創,301.0,305.0,298.0,300.5,+,5.0,2607613,785882000.0,-12844,-10345,9025,764156,0,34401,777000,10345,25376
20260618,4737,華廣,56.2,56.9,55.5,56.9,+,0.7,69719,3928011.0,-15000,0,0,7000,0,1000,22000,0,1000
20260618,3494,誠研,8.1,8.14,8.01,8.05,-,0.03,137005,1099767.0,-15000,0,0,16000,0,2000,31000,0,2000
20260618,9944,新麗,18.0,18.0,17.6,17.75,+,0.2,116754,2072531.0,-17500,0,2000,12500,0,3000,30000,0,1000
20260618,8261,富鼎,215.0,215.0,215.0,215.0,+,19.5,2912328,626150520.0,-77100,0,61575,0,0,64575,77100,0,3000
20260618,1472,三洋實業,91.1,91.1,89.0,91.0,,0.0,95105,8565883.0,-15000,0,-1000,12000,0,0,27000,0,1000
20260618,6722,輝創,37.8,37.8,37.35,37.4,-,0.4,37418,1401886.0,-15729,0,-1000,271,0,1000,16000,0,2000
20260618,3266,昇陽,13.5,13.7,13.5,13.7,+,0.15,129182,1750918.0,-21000,0,4000,11000,0,5000,32000,0,1000
20260618,8463,潤泰材,21.25,21.35,21.05,21.3,,0.0,97089,2065775.0,-18000,0,1000,5000,0,4000,23000,0,3000
20260618,1436,華友聯,46.8,48.5,46.8,47.5,+,0.75,753794,35914929.0,-2083,0,-15000,257216,0,1000,259299,0,16000
20260618,6192,巨路,117.5,118.5,117.0,117.5,+,1.0,120736,14218073.0,-17790,0,438,39210,0,1000,57000,0,562
20260618,2849,安泰銀,14.3,14.7,14.3,14.6,+,0.05,156480,2272726.0,-21500,0,4000,23500,0,8000,45000,0,4000
20260618,6790,永豐實,40.1,40.25,39.9,40.05,-,0.05,201393,8078605.0,-18000,0,0,30000,0,1000,48000,0,1000
20260618,1437,勤益控,29.6,29.7,29.45,29.55,,0.0,107665,3180705.0,-24000,0,6000,7000,0,12000,31000,0,6000
20260618,8464,億豐,345.0,358.0,338.5,358.0,+,8.5,1306211,454178798.0,-211332,204625,-12261,897044,214625,0,1108376,10000,12261
20260618,1506,正道,10.6,10.6,10.25,10.3,-,0.15,250570,2588644.0,-16000,0,-3000,7000,0,0,23000,0,3000
20260618,3557,嘉威,26.7,26.7,26.25,26.65,+,0.4,96429,2549125.0,-34510,0,15000,18490,0,15000,53000,0,0
20260618,2364,倫飛,68.5,69.0,67.8,67.9,+,0.3,194114,13236751.0,-20170,0,464,35000,0,1000,55170,0,536
20260618,1321,大洋,31.85,33.15,31.85,32.15,+,0.4,446160,14488065.0,-25995,0,6000,108005,0,7000,134000,0,1000
20260618,1467,南緯,7.3,7.36,7.27,7.28,-,0.02,230070,1680211.0,-20000,0,0,16000,0,0,36000,0,0
20260618,7760,享溫馨,32.75,34.1,32.75,33.6,+,1.0,165213,5537380.0,5800,0,-26000,27000,0,0,21200,0,26000
20260618,2109,華豐,14.6,14.65,14.5,14.65,+,0.05,119114,1732583.0,-12500,0,-8000,4500,0,2000,17000,0,10000
20260618,3054,立萬利,68.0,68.6,67.0,67.7,-,0.1,126076,8534183.0,-15645,0,-5000,15000,0,2000,30645,0,7000
20260618,1417,嘉裕,8.54,8.68,8.48,8.52,-,0.02,249731,2134169.0,-14000,0,-7000,34000,0,0,48000,0,7000
20260618,1452,宏益,11.2,11.25,11.0,11.15,,0.0,180371,2006478.0,-15500,0,-6000,9500,0,1000,25000,0,7000
20260618,00771,元大US高息特別股,15.79,15.79,15.75,15.79,,0.0,78343,1234393.0,0,0,-22000,0,0,0,0,0,22000
20260618,6906,現觀科,91.9,94.3,88.0,92.1,+,2.2,217024,19651745.0,-22000,0,-49,51000,0,1000,73000,0,1049
20260618,6969,成信實業*-創,26.3,26.55,26.05,26.4,-,0.2,121264,3183096.0,-22900,0,658,100,0,6000,23000,0,5342
20260618,3130,一零四,224.0,224.5,223.0,224.0,,0.0,53346,11944540.0,-21362,0,-1000,10071,0,0,31433,0,1000
20260618,2115,六暉-KY,20.8,20.9,20.45,20.6,-,0.3,187269,3860445.0,-26000,0,3000,18000,0,8000,44000,0,5000
20260618,3622,洋華,55.5,56.3,55.5,55.7,+,0.1,191093,10651930.0,-25000,0,1246,57000,0,1460,82000,0,214
20260618,1720,生達,62.6,63.1,62.6,62.9,+,0.2,207976,13076948.0,-30000,0,6000,38000,0,9000,68000,0,3000
20260618,2704,國賓,46.1,47.0,45.6,45.6,-,0.5,261976,12095779.0,-25288,0,1000,120000,0,7000,145288,0,6000
20260618,2642,宅配通,20.95,21.15,20.95,21.05,-,0.05,133543,2805788.0,-27500,0,3000,14500,0,3000,42000,0,0
20260618,2514,龍邦,13.7,13.75,13.6,13.7,,0.0,161318,2203778.0,-43000,0,18391,14000,0,21000,57000,0,2609
20260618,5306,桂盟,86.2,86.5,85.3,85.7,-,0.9,171177,14678722.0,-25927,0,1000,32073,0,2000,58000,0,1000
20260618,1726,永記,78.6,79.0,78.1,78.4,-,0.3,48268,3797037.0,-24000,0,-1000,3000,0,0,27000,0,1000
20260618,00917,中信特選金融,22.67,22.67,22.6,22.61,-,0.06,536526,12137861.0,-5000,0,-20000,0,0,22000,5000,0,42000
20260618,2633,台灣高鐵,26.15,26.45,26.15,26.15,,0.0,18795601,492636062.0,-5095939,5027396,43000,11484380,5094396,45000,16580319,67000,2000
20260618,3338,泰碩,74.2,75.9,73.9,75.2,+,1.2,722593,54099429.0,-25000,0,-738,192000,0,6000,217000,0,6738
20260618,4552,力達-KY,21.4,21.6,21.35,21.55,+,0.25,130262,2796822.0,-22000,0,-4000,8000,0,0,30000,0,4000
20260618,4441,振大環球,204.0,204.5,200.0,200.0,-,2.0,81241,16429521.0,-25976,0,-522,8500,0,0,34476,0,522
20260618,2491,吉祥全,38.95,42.0,38.9,41.0,+,1.65,1161982,46451461.0,-26000,0,-885,33000,0,115,59000,0,1000
20260618,8466,美吉吉-KY,15.9,15.9,15.5,15.55,-,0.35,82971,1300648.0,-27000,0,-1000,8000,0,1000,35000,0,2000
20260618,3043,科風,24.0,24.6,23.5,23.8,-,0.2,400614,9542105.0,-26000,0,-2000,75000,0,2000,101000,0,4000
20260618,2636,台驊控股,70.8,71.0,70.1,70.2,-,0.3,286623,20176390.0,-41000,0,13000,64000,0,17000,105000,0,4000
20260618,3050,鈺德,13.0,13.05,12.85,13.0,+,0.05,987996,12780951.0,-28500,0,0,326500,0,1000,355000,0,1000
20260618,4104,佳醫,69.5,69.9,69.4,69.5,,0.0,202913,14106974.0,-31495,0,2785,25505,0,4000,57000,0,1215
20260618,4560,強信-KY,33.15,33.45,32.7,33.1,+,0.05,315100,10409189.0,-33000,0,4000,171000,0,4000,204000,0,0
20260618,2707,晶華,180.0,181.0,178.0,179.0,-,1.0,141681,25410179.0,-29491,0,0,24275,0,0,53766,0,0
20260618,4438,廣越,61.7,61.7,60.9,61.1,-,0.8,76054,4658425.0,-27000,0,-3550,12000,0,1000,39000,0,4550
20260618,2233,宇隆,309.0,309.0,301.0,305.5,+,2.5,651842,198311566.0,-23579,0,-7684,215421,0,5285,239000,0,12969
20260618,4956,光鋐,38.6,39.6,38.3,38.5,-,0.1,1223268,47341509.0,-30000,0,-1437,322000,0,7000,352000,0,8437
20260618,2923,鼎固-KY,25.5,25.6,23.55,23.55,-,1.95,97046,2342296.0,-61000,0,29000,15000,0,34000,76000,0,5000
20260618,9935,慶豐富,19.4,19.45,19.25,19.3,-,0.1,286695,5539721.0,-34494,0,1000,39506,0,3000,74000,0,2000
20260618,2613,中櫃,21.85,22.1,21.85,21.9,+,0.05,188908,4151004.0,-35001,0,1000,54000,0,2000,89001,0,1000
20260618,8341,日友,79.9,80.7,79.4,79.6,-,0.2,187300,14963761.0,-35015,0,300,43085,0,1000,78100,0,700
20260618,7768,頌勝科技,380.0,380.0,367.0,373.0,+,3.0,147200,55106392.0,-31860,0,-3000,12140,0,0,44000,0,3000
20260618,3705,永信,57.2,57.4,56.9,56.9,-,0.3,237383,13543649.0,-38244,0,3000,78107,0,7000,116351,0,4000
20260618,2062,橋椿,19.2,19.25,18.9,19.0,-,0.2,325996,6196606.0,-36000,0,16,57000,0,1000,93000,0,984
20260618,1108,幸福,13.9,13.95,13.8,13.9,,0.0,148849,2064792.0,-35000,0,-1000,27000,0,0,62000,0,1000
20260618,4119,旭富,43.8,44.75,43.7,44.2,+,0.85,242729,10753560.0,-35204,0,-1000,53796,0,1000,89000,0,2000
20260618,1587,吉茂,28.15,28.5,27.95,28.05,,0.0,233842,6586291.0,-39000,0,2309,51000,0,3000,90000,0,691
20260618,2481,強茂,160.0,160.0,160.0,160.0,+,14.5,11956520,1913043200.0,-386011,0,348363,104991,0,371363,491002,0,23000
20260618,5285,界霖,93.0,97.5,92.5,93.7,+,3.7,4165955,392435293.0,-41100,0,3000,1163000,0,3000,1204100,0,0
20260618,7799,禾榮科,358.5,373.0,358.0,362.0,+,5.0,964303,350645798.0,-80340,-18000,59894,636660,0,66000,717000,18000,6106
20260618,2524,京城,39.8,40.3,38.15,39.25,+,0.3,366475,14316800.0,-40140,0,1000,89000,0,2000,129140,0,1000
20260618,00714,群益道瓊美國地產,21.25,21.49,21.25,21.44,-,0.49,207099,4441175.0,-39000,0,-191,5000,0,145853,44000,0,146044
20260618,4540,全球傳動,59.5,61.2,59.5,61.2,+,1.9,2000086,121410162.0,-37000,0,-2462,537000,0,10000,574000,0,12462
20260618,1234,黑松,35.2,35.2,34.8,34.85,-,0.15,118645,4143017.0,-38316,0,-1250,13000,0,7000,51316,0,8250
20260618,1711,永光,44.45,46.7,44.35,45.3,+,0.85,8253528,375155021.0,-146900,0,107255,2943100,0,131315,3090000,0,24060
20260618,2114,鑫永銓,89.4,89.8,88.0,89.0,-,0.4,147303,13027981.0,-39000,0,-1000,19000,0,4000,58000,0,5000
20260618,4155,訊映,15.3,15.55,15.05,15.3,,0.0,421532,6448730.0,-43936,0,3000,80734,0,8000,124670,0,5000
20260618,4545,銘鈺,38.7,38.7,36.85,37.1,,0.0,346666,12928516.0,-42000,0,1000,95000,0,1000,137000,0,0
20260618,2477,美隆電,22.25,22.3,21.85,21.9,-,0.2,125277,2758020.0,-40000,0,-1000,11000,0,0,51000,0,1000
20260618,3058,立德,9.5,9.62,9.33,9.4,-,0.08,837714,7950270.0,-41063,0,0,137000,0,3000,178063,0,3000
20260618,6598,ABC-KY,24.5,24.5,24.0,24.15,-,0.25,132028,3183760.0,-44940,0,3000,15060,0,3000,60000,0,0
20260618,1109,信大,14.65,14.65,14.55,14.65,,0.0,258465,3773863.0,-14000,0,-28135,19000,0,0,33000,0,28135
20260618,6409,旭隼,927.0,939.0,914.0,926.0,-,4.0,577945,532901701.0,-36061,-3000,-3892,266521,0,2325,302582,3000,6217
20260618,6743,安普新,29.0,29.3,28.85,29.0,,0.0,192267,5571502.0,-42000,0,-1000,11000,0,1000,53000,0,2000
20260618,1527,鑽全,33.4,33.6,33.15,33.3,-,0.1,212468,7072140.0,-37500,0,-6000,50500,0,7000,88000,0,13000
20260618,1442,名軒,28.15,28.65,27.45,28.0,+,0.1,523042,14646768.0,-44120,0,604,165000,0,2000,209120,0,1396
20260618,00737,國泰AI機器人,38.51,38.51,38.22,38.27,-,0.26,460655,17644861.0,-142000,0,95948,0,0,275000,142000,0,179052
20260618,2243,宏旭-KY,49.0,51.7,49.0,51.7,+,4.7,1614835,82464620.0,-46000,0,-115,110000,0,0,156000,0,115
20260618,00703,台新MSCI中國,18.96,18.96,18.63,18.65,-,0.32,198495,3731644.0,0,0,-46190,0,0,146541,0,0,192731
20260618,2929,淘帝-KY,5.94,6.05,5.78,6.0,+,0.2,495172,2892596.0,-45000,0,-2000,49000,0,5000,94000,0,7000
20260618,8454,富邦媒,321.0,346.5,321.0,341.0,+,26.0,1255820,426315297.0,-59191,-6000,17500,238750,0,19500,297941,6000,2000
20260618,00899,FT潔淨能源,26.09,26.2,26.09,26.13,-,0.43,172037,4496618.0,0,0,-47864,0,0,9000,0,0,56864
20260618,2471,資通,54.5,54.5,53.6,53.8,-,0.4,148510,8002064.0,-37877,0,-10000,16123,0,0,54000,0,10000
20260618,1618,合機,42.15,42.35,41.75,41.8,-,0.1,835814,35029987.0,-58190,0,9999,160000,0,10000,218190,0,1
20260618,4562,穎漢,36.05,36.4,35.2,35.25,-,0.45,399298,14214753.0,-47588,0,-1099,61412,0,2000,109000,0,3099
20260618,4564,元翎,16.3,16.3,15.7,15.8,-,0.2,535243,8491058.0,-49410,0,-1329,81000,0,6000,130410,0,7329
20260618,2231,為升,93.2,93.8,92.6,92.9,,0.0,160222,14921193.0,-48070,0,-3401,40048,0,2599,88118,0,6000
20260618,1524,耿鼎,29.8,30.15,29.75,29.95,+,0.6,825287,24682893.0,-53500,0,2000,216500,0,3000,270000,0,1000
20260618,7765,中華資安,241.0,242.0,236.5,238.0,,0.0,199758,47656769.0,-44690,0,-7000,7500,0,0,52190,0,7000
20260618,6885,全福生技,22.4,22.7,22.15,22.4,,0.0,346927,7766886.0,-51000,0,-1000,37000,0,5000,88000,0,6000
20260618,4571,鈞興-KY,180.5,184.0,179.5,181.5,+,2.5,268697,48917864.0,-53000,0,1,63000,0,1,116000,0,0
20260618,00892,富邦台灣半導體,45.46,45.9,45.45,45.84,+,0.78,1851320,84664624.0,260500,0,-313594,374500,0,621947,114000,0,935541
20260618,2723,美食-KY,67.0,68.3,66.6,66.9,-,0.1,315323,21229606.0,-57474,0,4379,118526,0,6000,176000,0,1621
20260618,5288,豐祥-KY,190.0,194.5,187.5,189.0,-,2.0,198592,37673397.0,-53433,0,-16,45567,0,1000,99000,0,1016
20260618,7821,神數,44.15,44.15,43.8,43.9,-,0.25,152824,6709480.0,-63500,0,10000,3500,0,13000,67000,0,3000
20260618,3092,鴻碩,31.95,32.8,31.25,31.3,-,0.9,2106591,67249722.0,-50000,0,-3569,442500,0,0,492500,0,3569
20260618,1540,喬福,22.15,22.25,21.75,21.9,-,0.15,254761,5579817.0,-65999,0,12000,51001,0,18000,117000,0,6000
20260618,2029,盛餘,20.6,20.95,20.6,20.6,-,0.35,357764,7416303.0,-50701,0,-3434,68299,0,7000,119000,0,10434
20260618,1103,嘉泥,13.9,13.9,13.65,13.8,,0.0,232607,3199549.0,-54500,0,0,21500,0,7000,76000,0,7000
20260618,4557,永新-KY,49.9,49.95,48.5,49.7,+,0.35,85368,4209266.0,-55281,0,-1000,8719,0,0,64000,0,1000
20260618,1603,華電,32.05,32.05,31.65,31.7,-,0.05,315067,10008293.0,-39843,0,-17000,58157,0,0,98000,0,17000
20260618,2072,世紀風電,175.0,176.5,172.5,174.0,-,1.0,412993,71885103.0,-3000,-50000,-4000,118000,0,0,121000,50000,4000
20260618,00702,國泰標普低波高息,24.54,24.54,24.23,24.24,-,0.3,110875,2690687.0,50,0,-59056,50,0,50000,0,0,109056
20260618,6108,競國,19.5,19.5,19.0,19.35,+,0.05,618513,11852687.0,-57945,0,-2000,113158,0,3000,171103,0,5000
20260618,3501,維熹,43.0,43.0,41.75,41.8,-,0.95,634897,26717524.0,-49000,0,-11785,59000,0,8000,108000,0,19785
20260618,2511,太子,8.18,8.29,8.18,8.22,+,0.03,2280474,18770121.0,-127000,0,66000,576000,0,73000,703000,0,7000
20260618,6133,金橋,23.4,23.4,22.9,23.05,-,0.25,879959,20296803.0,-61000,0,-1000,159000,0,1000,220000,0,2000
20260618,6136,富爾特,25.35,25.45,25.2,25.3,+,0.05,215596,5447792.0,-43000,0,-19000,35000,0,0,78000,0,19000
20260618,2397,友通,62.3,62.5,60.6,60.8,-,0.7,421569,25739285.0,-73000,0,10000,83000,0,10000,156000,0,0
20260618,1604,聲寶,23.2,23.25,23.1,23.15,-,0.05,392570,9086738.0,-50640,0,-13000,69360,0,6000,120000,0,19000
20260618,1217,愛之味,9.9,9.91,9.83,9.88,-,0.01,537675,5308279.0,-42889,0,-21000,83112,0,3000,126001,0,24000
20260618,2535,達欣工,96.7,96.9,93.6,93.7,-,3.0,823866,78111632.0,-68552,0,4601,321136,0,23000,389688,0,18399
20260618,2450,神腦,29.05,29.35,29.05,29.15,+,0.1,305732,8902000.0,-75253,0,11000,60747,0,15000,136000,0,4000
20260618,8478,東哥遊艇,153.0,153.5,151.0,151.0,-,1.0,239114,36357645.0,-63413,0,-1146,59176,0,0,122589,0,1146
20260618,1598,岱宇,20.3,20.4,20.1,20.2,-,0.25,278098,5628844.0,-68102,0,3541,70000,0,5000,138102,0,1459
20260618,6689,伊雲谷,68.2,68.8,66.8,67.0,-,1.1,294187,19785984.0,-63400,0,-2248,23000,0,5000,86400,0,7248
20260618,6552,易華電,30.2,31.9,29.75,31.05,+,1.35,443851,13772083.0,-64779,0,-1000,88221,0,3000,153000,0,4000
20260618,3592,瑞鼎,277.5,284.5,273.5,275.0,-,1.0,1177315,327656713.0,74925,-141055,-285,445050,0,6517,370125,141055,6802
20260618,3034,聯詠,518.0,540.0,514.0,516.0,+,1.0,10114964,5297574356.0,1398951,-1674198,208419,5245654,52000,312117,3846703,1726198,103698
20260618,6272,驊陞,32.3,32.5,31.75,32.1,-,0.1,295567,9438778.0,-65655,0,-2000,20345,0,0,86000,0,2000
20260618,1219,福壽,12.55,12.6,12.5,12.6,,0.0,269160,3377014.0,-37000,0,-31000,60000,0,0,97000,0,31000
20260618,8249,菱光,53.5,53.5,51.9,52.1,-,0.9,686967,36012329.0,-67973,0,-655,52027,0,0,120000,0,655
20260618,2459,敦吉,65.0,65.1,64.3,64.4,-,0.3,217275,14033323.0,-71557,0,2000,31500,0,4000,103057,0,2000
20260618,4137,麗豐-KY,109.5,110.0,108.5,109.0,-,0.5,186993,20379028.0,-83000,0,11995,17000,0,13000,100000,0,1005
20260618,4169,泰宗,156.0,168.0,156.0,168.0,+,15.0,577290,95996743.0,-76027,0,4701,63000,0,4701,139027,0,0
20260618,1460,宏遠,7.24,7.27,7.15,7.2,-,0.06,612182,4417283.0,-81940,0,10000,109500,0,10000,191440,0,0
20260618,2438,翔耀,22.25,23.0,22.25,22.5,+,0.7,191929,4346764.0,-75003,0,1000,18000,0,3000,93003,0,2000
20260618,6834,天二科技,101.5,101.5,101.5,101.5,+,9.1,1227755,124617101.0,-55000,0,-19014,0,0,13986,55000,0,33000
20260618,4755,三福化,148.5,149.0,144.5,145.5,-,1.5,255287,37377072.0,-74000,0,-549,57000,0,1451,131000,0,2000
20260618,3653,健策,3990.0,4230.0,3935.0,3965.0,-,25.0,2001751,8079035725.0,-158361,80559,3119,929369,87000,51050,1087730,6441,47931
20260618,3041,揚智,29.0,29.8,28.0,28.15,-,0.85,13516089,389032624.0,-57025,0,-17825,3186514,0,12000,3243539,0,29825
20260618,8462,柏文,138.0,140.0,137.5,139.0,,0.0,233271,32286742.0,-75248,0,0,35752,0,0,111000,0,0
20260618,9939,宏全,134.0,135.5,133.0,134.0,,0.0,1065930,143082337.0,-73386,-4257,1000,449505,0,1000,522891,4257,0
20260618,8473,山林水,50.0,50.7,49.3,50.0,-,0.3,1363503,68066776.0,-81120,0,3000,355120,0,7000,436240,0,4000
20260618,3057,喬鼎,20.7,20.7,19.7,19.7,-,0.7,263562,5293706.0,-76217,0,-2000,43000,0,0,119217,0,2000
20260618,6112,邁達特,45.75,45.85,45.0,45.2,-,0.1,552994,25039760.0,-81000,0,1013,86000,0,3193,167000,0,2180
20260618,2006,東和鋼鐵,69.3,70.1,68.1,69.5,-,0.1,8510543,590076902.0,5548797,-5723637,93094,7223898,230000,101578,1675101,5953637,8484
20260618,3515,華擎,248.0,248.5,245.5,246.5,-,0.5,443156,109385160.0,-72206,0,-10870,110794,0,2739,183000,0,13609
20260618,3518,柏騰,28.3,28.85,28.05,28.35,+,0.05,471912,13387834.0,-83000,0,-1000,114000,0,7000,197000,0,8000
20260618,4935,茂林-KY,40.4,40.4,39.6,40.05,-,0.35,169064,6743531.0,-84000,0,0,6000,0,1000,90000,0,1000
20260618,2208,台船,17.75,17.9,17.7,17.8,-,0.05,1821415,32402301.0,-87000,0,1000,324000,0,1000,411000,0,0
20260618,6415,矽力*-KY,597.0,629.0,597.0,629.0,+,57.0,6364019,3942579038.0,-222139,8000,127988,2172719,30000,191591,2394858,22000,63603
20260618,00908,富邦入息REITs+,14.94,14.94,14.82,14.82,-,0.21,320432,4757947.0,-205000,0,118736,1000,0,207093,206000,0,88357
20260618,9955,佳龍,27.3,27.4,26.9,26.95,-,0.35,333547,9039724.0,-87000,0,0,53000,0,0,140000,0,0
20260618,6805,富世達,1745.0,1765.0,1720.0,1755.0,+,40.0,873086,1528761420.0,-485,-103000,16313,355719,11000,34910,356204,114000,18597
20260618,1449,佳和,14.25,14.25,13.95,14.05,-,0.1,1044006,14645948.0,-88992,0,0,123030,0,0,212022,0,0
20260618,1232,大統益,143.5,143.5,142.5,143.0,-,0.5,222686,31856811.0,-96729,0,7699,8551,0,13000,105280,0,5301
20260618,2390,云辰,12.3,12.4,12.1,12.35,+,0.05,738608,9024241.0,-110965,0,21793,130500,0,28000,241465,0,6207
20260618,3596,智易,196.5,196.5,189.5,191.5,-,2.0,3840006,736298151.0,-422183,330000,2858,2112572,330000,13962,2534755,0,11104
20260618,8210,勤誠,1385.0,1385.0,1345.0,1365.0,+,20.0,1146686,1559895720.0,300324,-391000,593,513156,10000,37313,212832,401000,36720
20260618,2905,三商,15.4,15.5,15.15,15.15,-,0.25,1103183,16865093.0,-92589,0,-59,370691,0,7000,463280,0,7059
20260618,00902,中信電池及儲能,15.89,15.96,15.66,15.76,-,0.13,1356988,21385221.0,-34000,0,-58694,36000,0,384582,70000,0,443276
20260618,3021,鴻名,31.75,32.5,30.05,31.0,-,0.2,1778025,55428770.0,-93000,0,-2703,234000,0,6000,327000,0,8703
20260618,2908,特力,21.05,21.05,20.55,20.8,,0.0,236440,4894567.0,-116000,0,20000,30000,0,34000,146000,0,14000
20260618,3038,全台,23.3,23.3,22.65,22.85,-,0.2,318282,7264361.0,-94158,0,-2000,13011,0,3000,107169,0,5000
20260618,6226,光鼎,12.45,12.6,12.3,12.4,,0.0,995753,12367034.0,-96007,0,-2000,224002,0,0,320009,0,2000
20260618,2387,精元,39.5,39.9,39.3,39.5,+,0.1,491511,19426409.0,-78000,0,-20392,122000,0,2000,200000,0,22392
20260618,1736,喬山,118.0,119.5,117.5,119.5,+,1.5,806923,95921770.0,-93443,0,-6000,263557,0,4000,357000,0,10000
20260618,1568,倉佑,41.3,46.05,41.3,46.05,+,4.15,4203808,187697232.0,-93010,0,-7028,914000,0,6014,1007010,0,13042
20260618,1522,堤維西,32.0,32.8,32.0,32.1,+,0.65,1442521,46720402.0,-115210,0,15142,386585,0,19142,501795,0,4000
20260618,2031,新光鋼,39.4,39.7,38.95,39.05,-,0.05,762134,29925934.0,-89077,-11456,0,262923,0,0,352000,11456,0
20260618,2838,聯邦銀,22.6,22.8,22.35,22.75,+,0.3,7573267,171959231.0,-5686,64000,-160001,6594193,64000,21000,6599879,0,181001
20260618,3563,牧德,705.0,728.0,705.0,715.0,+,13.0,598904,429100380.0,-118591,0,14984,100009,0,28231,218600,0,13247
20260618,3296,勝德,27.8,29.8,27.8,29.8,+,2.7,1092531,31962581.0,-108000,0,3410,107000,0,10410,215000,0,7000
20260618,6776,展碁國際,59.2,59.5,58.7,59.3,+,0.4,341471,20174546.0,-104869,0,0,53131,0,1000,158000,0,1000
20260618,1447,力鵬,6.1,6.16,6.03,6.03,-,0.07,1595661,9702982.0,-107500,0,1000,306500,0,2000,414000,0,1000
20260618,9925,新保,40.7,40.75,40.65,40.65,-,0.05,276323,11246542.0,-104520,0,-2000,48000,0,8000,152520,0,10000
20260618,6605,帝寶,143.0,145.0,141.0,141.5,-,1.0,592139,84211201.0,-110576,0,3823,200424,0,6000,311000,0,2177
20260618,3046,建碁,58.2,58.2,56.5,56.8,-,0.2,641432,36696390.0,-110502,0,615,93498,0,7000,204000,0,6385
20260618,3607,谷崧,17.2,17.2,16.75,16.85,-,0.25,495374,8373440.0,-107500,0,-3000,54500,0,6000,162000,0,9000
20260618,00907,永豐優息存股,16.5,16.68,16.5,16.66,+,0.2,2082459,34621164.0,94500,0,-206711,162000,0,538200,67500,0,744911
20260618,6216,居易,22.95,23.25,22.85,23.2,+,0.25,419712,9692979.0,-114986,0,0,55014,0,5000,170000,0,5000
20260618,8114,振樺電,212.0,214.0,209.5,212.0,+,3.0,605008,128497867.0,-114076,0,-1716,206024,0,2000,320100,0,3716
20260618,8404,百和興業-KY,16.8,16.95,16.55,16.65,-,0.1,279665,4666129.0,-121000,0,2000,26000,0,2000,147000,0,0
20260618,1423,利華,40.75,40.85,39.65,39.65,,0.0,307336,12302361.0,-113000,0,-7000,15000,0,1000,128000,0,8000
20260618,7740,熙特爾-創,163.0,163.0,153.0,156.0,-,7.0,635924,99522841.0,-121000,0,235,42000,0,35003,163000,0,34768
20260618,2069,運錩,19.0,19.2,18.7,18.8,-,0.2,447733,8446116.0,-121000,0,-1000,54000,0,4000,175000,0,5000
20260618,6205,詮欣,81.6,82.5,80.7,81.3,+,0.1,753901,61321556.0,-120000,0,-2024,66000,0,2000,186000,0,4024
20260618,9136,巨騰-DR,16.5,16.9,16.25,16.7,+,0.05,1392688,22979594.0,-124000,0,1238,262000,0,1238,386000,0,0
20260618,3532,台勝科,390.5,395.0,372.0,390.0,-,5.5,6976480,2685994404.0,-281921,307000,-148448,1931890,308000,173292,2213811,1000,321740
20260618,3013,晟銘電,113.5,115.0,113.0,113.0,,0.0,2330671,265596993.0,-118370,0,-8144,289730,0,3000,408100,0,11144
20260618,2611,志信,14.1,14.2,13.95,14.0,-,0.05,348468,4890380.0,-109814,0,-17000,27186,0,0,137000,0,17000
20260618,9934,成霖,10.4,10.45,10.15,10.2,-,0.2,986616,10128837.0,-94861,0,-32000,178139,0,0,273000,0,32000
20260618,1432,大魯閣,17.4,17.75,17.4,17.6,+,0.2,1058983,18640062.0,-129500,0,-1000,144500,0,0,274000,0,1000
20260618,2101,南港,33.25,33.85,32.4,32.45,-,0.85,8666059,283719534.0,-138699,0,8000,2570957,0,8000,2709656,0,0
20260618,2420,新巨,61.0,62.0,60.7,61.2,+,0.4,1076503,66027651.0,-135677,0,3000,351323,0,4000,487000,0,1000
20260618,5484,慧友,47.4,48.25,46.75,47.0,-,0.4,597508,28270645.0,-135781,0,3000,74219,0,3000,210000,0,0
20260618,6164,華興,13.6,13.65,13.2,13.35,-,0.25,870154,11668059.0,-131953,0,-2000,161047,0,0,293000,0,2000
20260618,2425,承啟,41.2,41.2,39.15,39.4,-,1.85,3564426,142400972.0,-137597,0,2979,776403,0,4000,914000,0,1021
20260618,3017,奇鋐,2400.0,2425.0,2365.0,2400.0,+,35.0,3318114,7964551140.0,268017,-452698,46977,1846266,157547,106690,1578249,610245,59713
20260618,2465,麗臺,81.8,82.2,80.4,80.9,-,0.9,990966,80439850.0,-139855,0,970,181198,0,2000,321053,0,1030
20260618,3533,嘉澤,2335.0,2335.0,2270.0,2290.0,-,10.0,1094331,2507293405.0,291769,-461231,28923,703939,3000,52631,412170,464231,23708
20260618,2049,上銀,324.0,336.5,324.0,335.0,+,11.0,4643529,1546944285.0,-251536,-11989,121800,2769276,4011,163900,3020812,16000,42100
20260618,2543,皇昌,46.5,46.6,44.1,44.1,-,2.35,2753988,124363098.0,-136800,0,-8474,377200,0,18000,514000,0,26474
20260618,1225,福懋油,33.0,33.0,32.1,32.25,-,0.75,271987,8802371.0,-143826,0,-5000,1507,0,0,145333,0,5000
20260618,6426,統新,196.5,214.0,193.5,210.5,+,15.5,1109233,230282587.0,-150000,0,788,240000,0,1888,390000,0,1100
20260618,9802,鈺齊-KY,78.2,78.6,76.7,77.2,-,0.4,854666,65973040.0,-143913,0,-6283,443087,0,1000,587000,0,7283
20260618,4720,德淵,24.6,24.6,24.1,24.2,-,0.15,1261035,30638667.0,-145000,0,-6000,172000,0,1000,317000,0,7000
20260618,2022,聚亨,7.79,7.82,7.7,7.72,-,0.05,709537,5491678.0,-155158,0,3000,93842,0,6000,249000,0,3000
20260618,2440,太空梭,17.05,17.05,16.8,16.95,,0.0,480093,8113910.0,-150300,0,-2000,41500,0,2000,191800,0,4000
20260618,6235,華孚,40.7,41.2,40.5,40.55,-,0.2,560055,22804740.0,-153000,0,0,102000,0,3000,255000,0,3000
20260618,6768,志強-KY,87.5,87.6,85.5,85.7,-,0.4,358131,30832419.0,-149944,-5827,2043,37325,0,3000,187269,5827,957
20260618,5519,隆大,34.95,35.25,34.2,34.45,-,0.3,826497,28633304.0,-138500,0,-16000,218500,0,0,357000,0,16000
20260618,4906,正文,44.25,44.45,43.2,43.8,+,0.15,7362948,322402966.0,-213694,0,55558,2147805,0,112946,2361499,0,57388
20260618,2014,中鴻,17.8,17.95,17.6,17.7,+,0.05,4678137,83136964.0,-158665,0,0,1582000,0,2000,1740665,0,2000
20260618,1707,葡萄王,101.0,101.0,99.7,99.7,,0.0,268797,26867477.0,-160574,0,236,15063,0,2000,175637,0,1764
20260618,2493,揚博,251.0,273.5,247.5,273.5,+,24.5,3011303,803962855.0,-253907,0,92868,385093,0,134868,639000,0,42000
20260618,8271,宇瞻,210.5,213.5,209.0,211.0,+,2.5,2179722,460367309.0,-175601,0,13783,576770,0,31263,752371,0,17480
20260618,3002,歐格,21.65,22.95,21.5,22.95,+,2.05,4778877,105560619.0,-163000,0,1123,705000,0,5021,868000,0,3898
20260618,2915,潤泰全,52.4,53.5,52.4,53.3,+,0.9,25797125,1373554956.0,171145,-245000,-90000,2035864,0,1000,1864719,245000,91000
20260618,1616,億泰,22.55,22.75,22.0,22.15,-,0.4,710644,15844166.0,-166500,0,0,95500,0,0,262000,0,0
20260618,5531,鄉林,8.4,8.66,8.21,8.27,-,0.06,678829,5695163.0,-176000,0,5000,145000,0,7000,321000,0,2000
20260618,9906,欣巴巴,48.05,51.4,46.0,46.8,-,0.8,975566,47423186.0,-168817,0,-2285,199183,0,3000,368000,0,5285
20260618,00960,野村全球航運龍頭,17.4,17.4,17.37,17.39,-,0.16,463924,8063904.0,-172000,0,-3217,0,0,0,172000,0,3217
20260618,8110,華東,58.5,60.2,58.2,59.2,+,0.8,15164864,897419311.0,45630,0,-221210,3195607,0,49829,3149977,0,271039
20260618,2305,全友,30.6,33.65,30.55,33.65,+,3.05,9123312,297887433.0,-248930,0,72639,1471200,0,72746,1720130,0,107
20260618,2427,三商電,22.95,22.95,22.2,22.3,-,0.45,628602,14079096.0,-175000,0,-4000,18000,0,0,193000,0,4000
20260618,9911,櫻花,83.0,83.2,82.5,82.5,-,0.4,353874,29264215.0,-179577,0,0,72113,0,1000,251690,0,1000
20260618,3028,增你強,75.8,76.5,73.8,75.0,+,0.7,3608619,270920403.0,-190405,0,10125,1054595,0,15058,1245000,0,4933
20260618,5515,建國,43.05,43.25,41.9,42.0,-,1.05,963791,40864969.0,-192265,0,10913,135000,0,13921,327265,0,3008
20260618,9914,美利達,73.0,73.9,72.1,72.1,-,0.9,980872,71191910.0,-211902,0,23360,347616,0,31000,559518,0,7640
20260618,6658,聯策,190.0,206.5,188.0,189.0,-,1.0,1627194,320062426.0,-274288,0,79900,316000,0,80000,590288,0,100
20260618,3135,凌航,194.0,199.0,194.0,198.0,+,5.5,2110779,415317909.0,-197782,0,1227,532000,0,8000,729782,0,6773
20260618,3030,德律,333.5,344.0,333.0,340.5,+,8.0,1669989,566343751.0,-503601,292000,2529,288070,292000,41406,791671,0,38877
20260618,7721,微程式,77.9,77.9,75.1,75.1,-,2.0,503279,38301959.0,-209300,0,0,22000,0,2000,231300,0,2000
20260618,4934,太極,17.4,17.6,17.1,17.1,-,0.3,1135336,19541176.0,-217700,0,8000,185300,0,9000,403000,0,1000
20260618,2601,益航,5.97,5.98,5.8,5.81,-,0.09,1743215,10195786.0,-218879,0,3000,105361,0,11000,324240,0,8000
20260618,5521,工信,10.75,10.8,10.5,10.6,-,0.1,3673724,39072442.0,-216899,0,32,1243101,0,6000,1460000,0,5968
20260618,9910,豐泰,72.7,74.3,72.2,72.6,-,0.2,4796301,349938238.0,581579,-807000,3793,2907934,0,19000,2326355,807000,15207
20260618,3094,聯傑,39.0,39.55,38.0,38.25,-,0.75,5046865,195285473.0,-221477,0,-1588,1264000,0,20000,1485477,0,21588
20260618,2108,南帝,29.2,29.6,28.7,28.7,-,0.5,1440938,41689246.0,-238735,0,10713,474333,0,15000,713068,0,4287
20260618,6668,中揚光,46.9,47.95,46.0,47.2,+,1.05,6827610,320971281.0,-216000,0,-13553,1371000,0,0,1587000,0,13553
20260618,6191,精成科,101.0,101.5,99.7,100.5,+,0.5,5831524,587061147.0,327979,-565000,6848,1537123,0,46541,1209144,565000,39693
20260618,4739,康普,127.0,127.0,122.0,123.5,+,0.5,3725300,461009828.0,-292005,0,60395,812427,0,69489,1104432,0,9094
20260618,8011,台通,18.6,18.6,17.9,18.0,-,0.15,1447583,26305389.0,-230000,0,-2000,128000,0,2000,358000,0,4000
20260618,2020,美亞,21.75,21.85,21.5,21.75,-,0.05,510110,11052396.0,-191000,0,-42000,26000,0,0,217000,0,42000
20260618,6477,安集,32.55,32.75,32.05,32.05,-,0.5,441827,14239871.0,-233299,0,215,37000,0,3000,270299,0,2785
20260618,00964,中信亞太高股息,14.6,14.6,14.51,14.53,-,0.08,1856052,26981263.0,-16000,0,-223802,1000,0,1150000,17000,0,1373802
20260618,6176,瑞儀,88.9,89.4,87.2,87.9,-,0.3,11842519,1042172744.0,4241740,-4459904,-25893,7978677,44096,69000,3736937,4504000,94893
20260618,2206,三陽工業,61.5,62.4,61.2,61.6,-,0.3,1160667,71506168.0,-326664,76000,0,607336,76000,4000,934000,0,4000
20260618,2374,佳能,75.9,76.4,75.3,75.3,-,1.0,4195525,317421179.0,-194980,0,-60606,672020,0,28589,867000,0,89195
20260618,9941,裕融,82.0,82.5,81.2,81.4,,0.0,1392321,113553559.0,-152027,-108293,1027,714973,0,4000,867000,108293,2973
20260618,1536,和大,48.75,49.2,48.4,48.7,-,0.05,1341598,65287075.0,-271517,0,11611,270000,0,29785,541517,0,18174
20260618,2534,宏盛,18.45,18.8,18.3,18.3,-,0.15,1370302,25309140.0,-259658,0,-1287,432342,0,2000,692000,0,3287
20260618,2539,櫻花建,39.8,40.25,39.15,39.95,+,0.55,1771484,70285989.0,-152364,-91000,-18582,621836,0,9000,774200,91000,27582
20260618,2617,台航,30.2,30.4,29.8,29.85,-,0.3,985477,29540931.0,-274743,0,-592,236257,0,5000,511000,0,5592
20260618,1789,神隆,21.3,21.35,20.55,20.55,-,0.65,1399713,29284723.0,-276500,0,897,362500,0,3000,639000,0,2103
20260618,2612,中航,54.9,55.1,53.6,53.7,-,0.7,672651,36365885.0,-284939,0,5225,120111,0,8000,405050,0,2775
20260618,1305,華夏,12.95,13.5,12.9,13.25,+,0.45,4734212,62582236.0,-342000,0,59481,1582000,0,77106,1924000,0,17625
20260618,3010,華立,130.0,133.5,129.0,131.0,+,1.5,2744227,359726553.0,638140,-937000,11520,1885115,1000,16639,1246975,938000,5119
20260618,2484,希華,69.8,72.8,69.2,71.2,+,1.7,23448656,1662314321.0,-220450,0,-67436,6018550,0,64000,6239000,0,131436
20260618,2444,兆勁,13.6,13.6,13.2,13.4,-,0.3,667737,8892072.0,-289906,0,-2018,62094,0,0,352000,0,2018
20260618,3406,玉晶光,728.0,762.0,702.0,753.0,+,31.0,4818121,3506376090.0,-173923,-218000,97970,1781550,0,169296,1955473,218000,71326
20260618,5608,四維航,15.15,15.2,14.9,14.9,-,0.2,924075,13858932.0,-294040,0,-2000,182089,0,4000,476129,0,6000
20260618,2395,研華,494.5,504.0,490.0,494.0,+,5.5,4327273,2143923387.0,-176566,-108295,-13489,2901243,44338,29011,3077809,152633,42500
20260618,3528,安馳,118.0,118.0,110.5,110.5,-,12.0,3310922,368975493.0,-279950,0,-20000,689120,0,0,969070,0,20000
20260618,4989,榮科,81.0,85.5,81.0,85.5,+,4.9,5929756,497779998.0,-299633,0,-588,1510387,0,34635,1810020,0,35223
20260618,3011,今皓,15.0,15.0,14.45,14.55,-,0.3,1029376,15013477.0,-310500,0,1000,161500,0,1000,472000,0,0
20260618,1316,上曜,11.15,11.3,10.9,10.95,-,0.15,2549845,28232284.0,-316131,0,5308,651410,0,9000,967541,0,3692
20260618,00700,富邦恒生國企,16.42,16.42,16.08,16.1,-,0.37,731190,11795965.0,-159000,0,-158083,9000,0,264000,168000,0,422083
20260618,6669,緯穎,5150.0,5250.0,5085.0,5130.0,+,50.0,1753502,9032292205.0,-353008,-4766,31515,686953,14334,131115,1039961,19100,99600
20260618,2421,建準,145.0,146.0,144.0,145.0,+,0.5,2090848,302996466.0,-315396,0,-15914,642604,0,42531,958000,0,58445
20260618,3024,憶聲,12.55,12.55,12.2,12.2,-,0.3,1141695,14105169.0,-319000,0,-14000,154000,0,7000,473000,0,21000
20260618,2889,國票金,15.2,15.35,15.15,15.25,+,0.05,7205938,109893131.0,-368000,0,30000,2673000,0,32000,3041000,0,2000
20260618,7788,松川精密,275.5,299.0,270.5,292.0,+,17.0,3647223,1047613216.0,-366970,0,28023,765030,0,81352,1132000,0,53329
20260618,3443,創意,5160.0,5160.0,4860.0,4860.0,-,215.0,4719521,23249958325.0,-2518123,2104521,70119,1086651,2146521,119845,3604774,42000,49726
20260618,2015,豐興,62.4,62.9,60.7,60.7,-,1.5,634367,38926987.0,-361225,0,16069,124630,0,21000,485855,0,4931
20260618,1471,首利,10.9,11.2,10.8,10.95,-,0.65,1502138,16502616.0,-352000,0,-3879,211000,0,2000,563000,0,5879
20260618,6209,今國光,95.8,98.3,93.1,97.1,+,1.4,30951785,2956742479.0,-128763,0,-227784,6737965,0,287905,6866728,0,515689
20260618,2457,飛宏,29.25,29.35,28.5,28.8,-,0.2,4761471,137213999.0,-253797,0,-104217,1529203,0,94000,1783000,0,198217
20260618,00913,兆豐台灣晶圓製造,52.95,53.9,52.5,53.9,+,1.85,2919946,155262285.0,257100,0,-616834,358100,0,1093360,101000,0,1710194
20260618,2204,中華,56.2,56.2,55.3,55.3,-,0.9,813350,45277184.0,-357422,-9608,0,202000,0,0,559422,9608,0
20260618,9103,美德醫療-DR,5.33,5.51,5.24,5.33,,0.0,1442856,7717413.0,-370000,0,0,221000,0,0,591000,0,0
20260618,3042,晶技,225.0,229.0,215.0,216.0,-,8.0,32055902,7010477355.0,-394677,-35000,59149,8761449,0,671307,9156126,35000,612158
20260618,1104,環泥,29.2,29.35,29.05,29.1,,0.0,1604629,46790230.0,-362548,0,-16044,383803,0,10000,746351,0,26044
20260618,1721,三晃,24.3,24.95,23.6,23.8,+,0.3,2141260,51876816.0,-375000,0,-7000,414000,0,0,789000,0,7000
20260618,1810,和成,20.35,20.35,19.75,19.9,-,0.3,2167857,43195002.0,-413690,0,25979,345000,0,29000,758690,0,3021
20260618,4142,國光生,17.55,17.7,17.35,17.4,-,0.1,1102349,19241556.0,-389494,0,-1733,205506,0,4058,595000,0,5791
20260618,3346,麗清,24.6,25.05,23.5,23.7,-,0.8,1711383,41313224.0,-397000,0,5147,115000,0,12000,512000,0,6853
20260618,1532,勤美,24.05,24.4,23.85,24.0,-,0.05,1216545,29308848.0,-416858,0,22000,265524,0,22000,682382,0,0
20260618,00961,FT臺灣永續高息,12.86,12.97,12.86,12.91,+,0.09,5580968,72108284.0,267000,0,-669049,482000,0,1857167,215000,0,2526216
20260618,2607,榮運,50.0,50.2,49.55,49.55,-,0.45,688395,34327748.0,-402601,0,0,118681,0,0,521282,0,0
20260618,9933,中鼎,43.2,43.8,42.3,42.65,-,0.4,4305688,185116594.0,-403376,-12000,12000,1500955,1000,15000,1904331,13000,3000
20260618,2345,智邦,2480.0,2490.0,2415.0,2435.0,-,60.0,4237239,10337317670.0,-239033,-206872,38284,2832674,17310,113815,3071707,224182,75531
20260618,2417,圓剛,47.5,47.5,45.8,46.1,-,0.9,1421199,65879477.0,-404058,0,-3716,194942,0,0,599000,0,3716
20260618,7769,鴻勁,7330.0,7410.0,6950.0,6975.0,-,355.0,1446331,10195362665.0,-270147,-139050,350,620666,5000,96258,890813,144050,95908
20260618,00924,復華S&P500成長,32.43,32.46,32.25,32.3,-,0.13,2041548,66021453.0,-293339,0,-117941,21661,0,468999,315000,0,586940
20260618,3703,欣陸,21.9,22.15,21.7,21.8,-,0.1,1418869,30987864.0,-424966,0,12292,553171,0,13000,978137,0,708
20260618,6531,愛普*,942.0,1025.0,942.0,1025.0,+,92.0,5511532,5513122857.0,-425833,-38000,50026,1648568,15000,123381,2074401,53000,73355
20260618,1563,巧新,63.1,67.7,61.0,67.7,+,6.1,6707844,438762349.0,-423841,0,7506,2407359,0,20083,2831200,0,12577
20260618,2731,雄獅,153.5,154.0,152.0,152.0,-,0.5,1161676,177250586.0,-218571,-198000,-1769,228037,0,8000,446608,198000,9769
20260618,0055,元大MSCI金融,42.91,43.69,42.91,43.46,+,0.8,1453055,62985629.0,83215,0,-504749,291215,0,41061,208000,0,545810
20260618,1309,台達化,14.65,15.2,14.6,14.75,+,0.25,4208035,62636130.0,-383500,0,-44996,1115500,0,7000,1499000,0,51996
20260618,3665,貿聯-KY,2140.0,2140.0,2080.0,2100.0,+,10.0,7002236,14737787790.0,-4363092,3898802,31436,1248393,4599708,92233,5611485,700906,60797
20260618,6451,訊芯-KY,543.0,573.0,534.0,561.0,+,18.0,4036949,2245546017.0,-428402,0,-4538,771501,0,59235,1199903,0,63773
20260618,1611,中電,13.3,13.4,13.0,13.0,-,0.3,1281481,16802461.0,-401000,0,-33724,358000,0,5000,759000,0,38724
20260618,2530,華建,20.55,20.7,20.0,20.0,-,0.45,1047634,21166347.0,-426971,0,-12000,236029,0,61000,663000,0,73000
20260618,1218,泰山,17.9,17.95,17.8,17.9,-,0.05,1195372,21347415.0,-428138,0,-13910,105862,0,3000,534000,0,16910
20260618,9917,中保科,117.5,118.5,116.5,117.0,-,0.5,1088780,127457992.0,-445575,-11000,-1000,404011,0,1000,849586,11000,2000
20260618,4532,瑞智,24.15,24.35,23.75,23.75,-,0.4,1944613,46587698.0,-509668,-19289,61506,768332,0,67000,1278000,19289,5494
20260618,3704,合勤控,49.35,49.6,48.15,48.25,-,1.1,5001868,243103082.0,-500807,0,10434,2106306,0,27000,2607113,0,16566
20260618,1712,興農,39.65,39.8,39.3,39.3,-,0.35,924948,36494681.0,-530363,0,22987,116227,0,41000,646590,0,18013
20260618,5243,乙盛-KY,108.0,110.5,106.0,109.5,+,1.5,3048168,330734825.0,-489748,0,-20224,607189,0,72152,1096937,0,92376
20260618,8926,台汽電,79.7,82.0,78.4,79.0,-,0.4,12774581,1017997381.0,-1086232,574000,-323,3157798,581000,13000,4244030,7000,13323
20260618,6670,復盛應用,300.5,300.5,287.0,287.5,-,13.0,1177877,343226065.0,-705061,247207,-57010,165096,249000,5000,870157,1793,62010
20260618,1597,直得,149.0,161.0,148.0,158.0,+,11.0,2508374,390980889.0,-586900,0,61125,497100,0,96053,1084000,0,34928
20260618,6214,精誠,142.5,143.5,140.5,142.0,+,1.0,2660556,380795851.0,-525555,-1000,182,546075,0,10000,1071630,1000,9818
20260618,2413,環科,58.0,58.6,56.2,56.5,-,1.2,3254286,185523855.0,-550000,0,-2000,531000,0,3000,1081000,0,5000
20260618,2431,聯昌,11.95,12.5,11.65,11.65,-,0.3,2491224,29838409.0,-381441,0,-172694,357559,0,4000,739000,0,176694
20260618,6141,柏承,35.1,35.5,34.2,34.85,-,0.25,1186671,41101413.0,-549688,0,-5055,57469,0,1000,607157,0,6055
20260618,2368,金像電,1380.0,1390.0,1340.0,1355.0,-,15.0,3589052,4883241335.0,-832415,311554,-35178,1259735,485000,46636,2092150,173446,81814
20260618,2393,億光,71.5,72.8,70.0,70.6,-,0.9,4085889,291394140.0,-183456,-378619,-4548,1662684,1000,2452,1846140,379619,7000
20260618,8070,長華*,54.5,56.4,54.2,55.0,+,0.4,5728191,316605390.0,-594698,-9907,22182,1437030,0,56629,2031728,9907,34447
20260618,2201,裕隆,28.15,28.5,27.85,28.1,-,0.05,4397988,123660898.0,-502986,-73000,-9583,1628605,0,9600,2131591,73000,19183
20260618,2405,輔信,19.5,19.7,18.85,18.9,-,0.5,4329566,82637886.0,-590308,0,-8000,703000,0,2000,1293308,0,10000
20260618,2308,台達電,2190.0,2210.0,2150.0,2150.0,-,5.0,12882319,27891157760.0,210806,-854417,31096,8882689,61105,312615,8671883,915522,281519
20260618,5388,中磊,85.7,86.0,84.0,84.2,-,1.1,3102958,262352216.0,-531928,0,-83460,652072,0,17000,1184000,0,100460
20260618,1722,台肥,49.0,49.5,48.15,48.15,-,0.7,3646070,176994243.0,-623561,-5000,-9000,1478593,1000,8000,2102154,6000,17000
20260618,3209,全科,61.6,62.7,61.2,62.3,+,2.0,2111335,131252904.0,-679486,0,20694,361150,0,26538,1040636,0,5844
20260618,00910,第一金太空衛星,67.55,67.8,67.0,67.25,+,0.1,2861868,192864659.0,-710201,0,44357,35809,0,81000,746010,0,36643
20260618,2485,兆赫,63.0,63.0,61.7,61.7,-,1.3,8343039,517450054.0,-522181,0,-155720,1243000,0,47776,1765181,0,203496
20260618,9938,百和,44.6,44.85,44.0,44.0,-,0.4,1332054,58910453.0,-676172,-10478,4472,162171,0,8000,838343,10478,3528
20260618,2536,宏普,21.75,22.45,21.6,22.35,+,0.95,4132953,91724363.0,-683883,0,0,963117,0,3000,1647000,0,3000
20260618,1215,卜蜂,116.5,116.5,114.5,115.0,-,1.5,2068283,238598146.0,-460001,-240000,767,542021,0,29000,1002022,240000,28233
20260618,3380,明泰,35.4,35.7,34.7,34.95,-,0.45,4011734,140661351.0,-709000,0,4716,2062000,0,29272,2771000,0,24556
20260618,2454,聯發科,4535.0,4590.0,4375.0,4390.0,-,70.0,12997743,57436715170.0,1655668,-2387910,18411,8370014,67300,214071,6714346,2455210,195660
20260618,9921,巨大,75.4,76.0,73.8,74.1,-,1.1,2136328,159137662.0,-711427,-15000,8305,775378,0,11725,1486805,15000,3420
20260618,8104,錸寶,42.5,43.15,41.4,42.35,,0.0,7310968,308844342.0,-725000,0,1000,1339000,0,1000,2064000,0,0
20260618,9958,世紀鋼,116.0,116.5,113.5,115.0,-,1.5,2599236,298249528.0,-744114,0,19996,337886,0,56000,1082000,0,36004
20260618,5876,上海商銀,42.7,43.25,42.5,42.5,-,0.3,13608079,580829982.0,-4813076,4026839,41904,6508690,4240839,95000,11321766,214000,53096
20260618,5522,遠雄,75.1,76.7,74.2,74.4,-,0.6,2047135,153668879.0,-437500,-254000,-55663,717000,0,5000,1154500,254000,60663
20260618,8215,明基材,32.05,33.15,31.15,31.15,-,0.9,9801202,311223066.0,-749494,5000,-3551,1772506,5000,6302,2522000,0,9853
20260618,3062,建漢,25.7,25.95,25.4,25.95,+,0.3,5008511,128925836.0,-752000,0,-6760,2019000,0,1249,2771000,0,8009
20260618,9945,潤泰新,27.15,27.9,27.05,27.5,+,0.4,17961489,493556721.0,-1607529,696000,142752,10215573,696000,148393,11823102,0,5641
20260618,1608,華榮,34.9,35.1,34.55,34.65,-,0.1,3243881,112816263.0,-751000,-14518,-6313,678000,0,2010,1429000,14518,8323
20260618,1515,力山,25.75,27.2,25.3,25.9,+,0.2,3323092,86067403.0,-704430,0,-80716,499570,0,6000,1204000,0,86716
20260618,00951,台新日本半導體,20.18,20.5,20.18,20.46,+,0.6,4395885,89578371.0,-344318,0,-445107,358000,0,1924040,702318,0,2369147
20260618,2009,第一銅,40.05,40.25,39.3,39.5,-,0.55,2741956,108683906.0,-786860,0,-34494,487140,0,19000,1274000,0,53494
20260618,1310,台苯,8.75,9.34,8.72,9.26,+,0.55,12944781,118487423.0,-771826,0,-50742,3669174,0,7463,4441000,0,58205
20260618,6449,鈺邦,450.0,483.0,432.0,433.0,-,12.0,4942229,2239246025.0,-846156,0,12195,677100,0,140287,1523256,0,128092
20260618,4526,東台,39.15,40.5,38.85,39.15,+,0.45,5825134,229905554.0,-876722,0,24894,1427278,0,37947,2304000,0,13053
20260618,3055,蔚華科,89.8,95.0,86.8,91.1,+,4.3,2907958,263873010.0,-909000,0,43311,476000,0,63036,1385000,0,19725
20260618,2404,漢唐,1295.0,1305.0,1245.0,1265.0,-,15.0,3238724,4093864520.0,-945811,85000,-8387,960421,87000,164779,1906232,2000,173166
20260618,2442,新美齊,20.05,20.45,19.75,19.85,-,0.1,2904939,58159058.0,-877000,0,1000,555000,0,2000,1432000,0,1000
20260618,8046,南電,900.0,912.0,874.0,874.0,-,11.0,17763806,15684034501.0,-5808053,4790463,120884,4100744,5518463,427088,9908797,728000,306204
20260618,2542,興富發,45.65,47.0,44.75,44.75,-,0.7,19814060,904011733.0,-1422449,26011,484670,6876332,28011,498692,8298781,2000,14022
20260618,3015,全漢,63.2,63.5,60.8,60.9,+,0.2,4100910,254438659.0,-916896,-5000,4823,608104,0,6000,1525000,5000,1177
20260618,6456,GIS-KY,78.1,78.3,76.0,76.4,-,0.9,6567679,505326455.0,-939558,0,10876,1376990,0,88473,2316548,0,77597
20260618,00954,中信日本半導體,21.52,21.9,21.52,21.84,+,0.64,6583758,143311230.0,-399000,0,-546896,510000,0,3794883,909000,0,4341779
20260618,2515,中工,13.3,13.5,13.2,13.35,+,0.05,18611379,248310332.0,-997878,0,14993,9935123,0,19000,10933001,0,4007
20260618,2402,毅嘉,70.9,71.0,69.3,70.0,-,0.9,7794800,545584306.0,-943879,0,-52224,1252221,0,45935,2196100,0,98159
20260618,3047,訊舟,17.0,17.25,16.3,16.65,-,0.25,8132538,136308714.0,-1008110,0,5736,1335890,0,21000,2344000,0,15264
20260618,3005,神基,102.5,103.5,101.0,101.5,-,1.0,3836090,391151343.0,-862945,-164798,-7378,1176755,0,19422,2039700,164798,26800
20260618,2439,美律,92.6,92.8,91.8,92.4,-,0.4,2513457,232212374.0,-1052447,0,16477,177135,0,51300,1229582,0,34823
20260618,8028,昇陽半導體,311.0,317.5,305.0,311.5,,0.0,7052137,2191835978.0,-1004600,-120000,55277,1932484,0,141345,2937084,120000,86068
20260618,2504,國產,33.85,33.95,33.45,33.6,-,0.2,6356074,213767030.0,-2738000,1670000,-4123,1179000,1706000,7000,3917000,36000,11123
20260618,4763,材料*-KY,45.0,45.7,44.05,44.3,-,0.25,6669406,298396548.0,-1101930,0,18136,1802070,0,56370,2904000,0,38234
20260618,2851,中再保,40.55,40.6,38.75,39.0,-,1.55,4677381,185467448.0,-1080781,0,-9486,678469,0,8000,1759250,0,17486
20260618,1809,中釉,51.9,52.3,51.0,51.4,-,0.3,5665424,292091461.0,-1118149,0,-1000,715351,0,0,1833500,0,1000
20260618,4904,遠傳,110.5,110.5,108.0,108.5,-,1.0,42315837,4608506949.0,-24676956,23500922,32557,7606961,29442000,74000,32283917,5941078,41443
20260618,6742,澤米,68.1,71.1,66.0,69.0,+,1.5,18058340,1236731999.0,-1116605,0,-30535,3098395,0,1000,4215000,0,31535
20260618,2615,萬海,80.5,81.5,80.0,80.4,,0.0,9290534,748025415.0,-1151520,-47000,35908,4562824,8000,60981,5714344,55000,25073
20260618,5471,松翰,61.3,62.3,60.1,60.9,-,1.7,10384518,634493844.0,-1164607,0,-1177,2037800,0,14000,3202407,0,15177
20260618,2351,順德,187.5,198.0,184.0,195.0,+,15.0,13403622,2594168838.0,-1967225,572000,189217,2260380,572000,362536,4227605,0,173319
20260618,8039,台虹,147.0,149.0,143.5,145.5,-,0.5,5310715,775392396.0,-1186071,0,-60797,1088521,0,40898,2274592,0,101695
20260618,6239,力成,344.0,369.5,337.5,363.5,+,18.5,62259885,22146406097.0,-2900596,61734,1585215,16787769,652734,2473721,19688365,591000,888506
20260618,6278,台表科,208.0,208.5,203.5,204.5,,0.0,6187795,1273360977.0,-488755,-1094000,185287,2002706,0,234134,2491461,1094000,48847
20260618,00963,中信全球高股息,12.65,12.65,12.47,12.5,-,0.14,2008536,25100631.0,-109000,0,-1352927,19000,0,302000,128000,0,1654927
20260618,6142,友勁,9.69,9.9,9.41,9.61,+,0.22,4571590,44051830.0,-1471966,0,-5385,497034,0,5000,1969000,0,10385
20260618,00646,元大S&P500,74.6,74.6,74.2,74.25,-,0.4,2479822,184410638.0,1713,0,-1479783,7669,0,202000,5956,0,1681783
20260618,1727,中華化,95.6,97.9,93.5,94.1,+,0.2,11037035,1052552141.0,-1471604,0,-13099,1887396,0,53274,3359000,0,66373
20260618,2812,台中銀,19.95,20.1,19.8,19.8,-,0.05,22418129,446207889.0,-1512769,58000,-75000,11687084,58000,43000,13199853,0,118000
20260618,6269,台郡,80.0,81.8,77.0,79.6,-,0.3,18354410,1459834512.0,-1642008,0,82980,4551075,0,359965,6193083,0,276985
20260618,9907,統一實,16.7,16.85,16.6,16.7,+,0.05,11090252,185479574.0,1247371,-2809181,-50000,5108371,0,0,3861000,2809181,50000
20260618,6757,台灣虎航,59.4,59.5,57.3,58.2,-,0.9,6110394,354787288.0,-1627942,0,-35308,1187645,0,33000,2815587,0,68308
20260618,9105,泰金寶-DR,9.62,9.8,9.5,9.53,+,0.03,45601923,436515787.0,-1684000,0,-4241,8141000,0,11905,9825000,0,16146
20260618,3049,精金,14.85,14.85,14.2,14.45,-,0.45,8380884,120792540.0,-1675550,0,-13001,144010,0,6000,1819560,0,19001
20260618,2376,技嘉,348.0,353.0,344.0,344.0,-,3.5,8646604,2998714255.0,-1766692,-99000,82401,3236799,184000,183646,5003491,283000,101245
20260618,2603,長榮,194.5,196.0,193.0,193.0,-,1.0,16196533,3139126835.0,-1454124,-412353,-27971,3273340,94010,254500,4727464,506363,282471
20260618,2302,麗正,45.5,48.5,45.4,47.0,+,2.0,30436049,1427879732.0,-1895950,0,-3000,5325250,0,1000,7221200,0,4000
20260618,00662,富邦NASDAQ,122.4,122.45,121.45,121.8,-,0.6,8625406,1051304909.0,-147582,0,-1825438,155918,0,2887455,303500,0,4712893
20260618,2464,盟立,168.0,175.5,166.5,172.0,+,6.0,20454203,3494541927.0,-1897240,0,-107217,4536760,0,138735,6434000,0,245952
20260618,6412,群電,92.5,93.2,91.5,91.6,-,0.9,3883724,357874510.0,-2006937,0,-3455,682063,0,41157,2689000,0,44612
20260618,5871,中租-KY,115.0,116.5,114.0,114.0,-,1.0,16134724,1844826550.0,-1921777,-191296,85085,11746445,14000,95000,13668222,205296,9915
20260618,1440,南紡,13.7,14.15,13.3,13.3,-,0.2,4811677,65600469.0,-2050500,0,-2733,584500,0,26000,2635000,0,28733
20260618,6282,康舒,57.7,58.6,57.2,58.1,+,0.7,17178239,997014969.0,-2092019,-9000,38945,4418120,0,297367,6510139,9000,258422
20260618,00938,凱基優選30,24.66,25.06,24.66,25.06,+,0.59,3384099,84199210.0,-235000,0,-1859127,20000,0,1078000,255000,0,2937127
20260618,6806,森崴能源,3.6,3.6,3.24,3.24,-,0.36,4347126,14598192.0,-2114656,0,0,6000,0,0,2120656,0,0
20260618,2520,冠德,36.25,37.35,35.6,36.4,+,0.25,10674434,390020552.0,-2221650,0,105833,2264181,0,135209,4485831,0,29376
20260618,2412,中華電,145.0,145.5,144.0,144.0,-,1.5,9967054,1440400694.0,-1800466,-691193,363998,5141036,226000,467000,6941502,917193,103002
20260618,2385,群光,115.5,116.5,114.0,114.0,-,1.0,6989377,801342459.0,-1253037,-1032219,128085,1842638,10562,232000,3095675,1042781,103915
20260618,6443,元晶,40.2,40.2,39.3,39.35,-,1.2,11579074,458566320.0,-2186598,0,4300,1727902,0,167001,3914500,0,162701
20260618,2342,茂矽,52.0,55.2,51.3,55.2,+,5.0,29235308,1572576597.0,-2381750,0,168922,4403250,0,173922,6785000,0,5000
20260618,2367,燿華,62.3,62.5,61.2,61.3,-,1.2,17377136,1070988514.0,-1992108,0,-254851,3402489,0,62493,5394597,0,317344
20260618,4976,佳凌,44.6,44.9,42.2,43.9,+,2.2,18480906,798931288.0,-2266188,0,-4406,3120600,0,9000,5386788,0,13406
20260618,2548,華固,107.0,107.5,103.0,103.5,-,4.5,4114099,429303760.0,-1993143,-339000,27412,372270,0,83320,2365413,339000,55908
20260618,1319,東陽,102.5,104.0,98.9,99.2,-,3.3,10059795,1005207359.0,2722309,-4790028,-249870,4787533,0,18299,2065224,4790028,268169
20260618,3189,景碩,738.0,738.0,702.0,724.0,+,18.0,27743868,19845128175.0,-2671896,2000,253829,7191927,67000,1205431,9863823,65000,951602
20260618,2474,可成,205.0,207.5,202.5,202.5,-,3.0,7402689,1508506475.0,-1935200,-574094,70687,2685014,1000,208000,4620214,575094,137313
20260618,4915,致伸,76.0,76.2,75.3,75.9,-,0.1,4506377,341065937.0,-2873967,289579,-3051,651912,322000,7000,3525879,32421,10051
20260618,2881,富邦金,137.0,141.0,135.5,138.0,+,2.5,45796330,6353953146.0,5402015,-8139610,142453,26718552,491000,655279,21316537,8630610,512826
20260618,2451,創見,312.0,315.0,308.0,311.5,+,0.5,5828511,1813464411.0,-2574718,-18000,-9074,1266581,5000,52603,3841299,23000,61677
20260618,2357,華碩,807.0,810.0,789.0,789.0,-,14.0,7939182,6315668020.0,-2099547,-668114,77856,3616577,40843,379000,5716124,708957,301144
20260618,2887,台新新光金,32.95,33.55,32.1,32.45,-,0.15,109574168,3572848561.0,3369760,-6210332,130809,62561377,2346000,1068832,59191617,8556332,938023
20260618,2912,統一超,229.0,229.0,223.5,223.5,-,5.5,6802212,1527930035.0,-3741369,706200,6609,2321412,729000,22000,6062781,22800,15391
20260618,2495,普安,52.6,53.5,51.2,52.1,-,1.7,12721654,663976015.0,-3074706,0,14091,2268009,0,58760,5342715,0,44669
20260618,2478,大毅,236.0,241.0,223.0,234.0,+,6.5,36381648,8470411442.0,-3113910,0,9408,9902090,0,97089,13016000,0,87681
20260618,2353,宏碁,35.05,35.3,34.35,34.4,-,0.6,47935508,1658769346.0,-2777419,-595000,-37292,9256583,0,321000,12034002,595000,358292
20260618,2027,大成鋼,41.5,42.1,40.8,41.0,-,0.7,22472299,925250819.0,-2223631,-784000,-550689,8669395,500000,273837,10893026,1284000,824526
20260618,1216,統一,76.3,76.4,74.5,74.5,-,1.5,28281863,2115382775.0,-11886999,8258975,-5803,11919851,9123000,129000,23806850,864025,134803
20260618,00713,元大台灣高息低波,61.1,61.75,61.1,61.7,+,0.65,10621939,653618557.0,-1920503,180000,-1923060,130236,180000,1217393,2050739,0,3140453
20260618,2489,瑞軒,49.0,49.2,47.7,48.15,-,0.45,27365297,1321496472.0,-3619783,0,-62293,4099621,0,71717,7719404,0,134010
20260618,8422,可寧衛*,28.6,28.6,28.1,28.1,-,0.35,9757045,275719066.0,-3784789,0,-61915,1173010,0,16000,4957799,0,77915
20260618,3036,文曄,224.5,229.0,220.5,222.5,-,1.5,17383768,3855233740.0,-3572555,-349005,-34785,10042707,747995,263319,13615262,1097000,298104
20260618,3037,欣興,1000.0,1005.0,965.0,968.0,-,20.0,21005907,20530868464.0,-3201799,-991556,115592,7995064,645566,583344,11196863,1637122,467752
20260618,2609,陽明,51.6,52.5,51.3,51.3,-,0.3,34519700,1783666359.0,-4425534,-71000,99706,21232622,10000,228822,25658156,81000,129116
20260618,3059,華晶科,50.5,50.5,48.75,48.85,-,1.65,13026331,641109248.0,-4125590,0,-378575,1389410,0,18662,5515000,0,397237
20260618,2356,英業達,68.6,68.6,67.0,67.7,+,0.2,38001921,2574042059.0,-4050050,-1503000,646322,14219882,5000,859172,18269932,1508000,212850
20260618,2406,國碩,36.15,36.6,34.85,34.85,-,1.35,17606051,622003778.0,-4962561,0,20773,5129500,0,35000,10092061,0,14227
20260618,2845,遠東銀,13.4,13.45,12.95,12.95,-,0.35,37159921,487345577.0,-9411083,4161000,265000,17918000,5037000,280000,27329083,876000,15000
20260618,2883,凱基金,31.0,31.2,30.2,30.75,+,0.55,127489583,3912840002.0,727209,-4752683,-1279722,77345578,4598000,495590,76618369,9350683,1775312
20260618,1714,和桐,20.05,20.7,20.05,20.35,+,1.1,31934556,650779559.0,-5236000,0,-72000,1029200,0,30000,6265200,0,102000
20260618,3312,弘憶股,61.2,67.7,60.0,62.8,+,1.2,22887831,1462709179.0,-5497385,0,107417,3364700,0,168001,8862085,0,60584
20260618,3673,TPK-KY,88.5,88.6,85.4,86.2,-,0.4,32118735,2789789004.0,-5771337,0,-157839,6130892,0,339359,11902229,0,497198
20260618,2324,仁寶,37.8,38.45,37.25,37.75,+,0.45,71745861,2709906797.0,-2982390,-3345000,334237,35213749,0,634573,38196139,3345000,300336
20260618,2399,映泰,51.9,52.7,47.75,48.05,-,3.85,18677608,918516141.0,-6199100,0,-1569,1993600,0,89000,8192700,0,90569
20260618,2882,國泰金,115.0,117.5,114.0,115.5,+,2.0,48383199,5603160364.0,-4087465,-2676746,222446,26341778,2880000,791612,30429243,5556746,569166
20260618,2313,華通,266.0,267.5,259.0,259.5,-,4.5,40499868,10624337565.0,-6977396,-205000,-87425,10775858,101000,449032,17753254,306000,536457
20260618,2605,新興,32.65,32.65,30.85,31.0,-,1.45,13595519,426388488.0,-7286686,0,-473297,2515205,0,220000,9801891,0,693297
20260618,3481,群創,62.0,64.4,58.5,64.4,+,5.8,861089224,53613975840.0,-29761210,17759000,4223873,157823735,18221000,13218517,187584945,462000,8994644
20260618,2884,玉山金,35.5,36.25,35.4,35.4,-,0.1,98205698,3495598425.0,-15142454,6608705,309942,53738120,14780003,1017490,68880574,8171298,707548
20260618,2492,華新科,537.0,590.0,501.0,561.0,+,19.0,68149740,37758460036.0,-14993305,6603000,-105014,13831895,6616000,1684306,28825200,13000,1789320
20260618,1101,台泥,24.6,24.8,24.5,24.5,-,0.05,33250276,816015464.0,-9248081,52000,6836,14756688,98000,39836,24004769,46000,33000
20260618,2834,臺企銀,17.7,17.8,17.35,17.5,-,0.15,51570859,904447020.0,-9837334,-713446,119000,23248792,50554,120000,33086126,764000,1000
20260618,2344,華邦電,203.5,218.5,201.5,218.5,+,19.5,338003801,71264800231.0,-19836811,7275043,1616023,85364989,9126000,3612177,105201800,1850957,1996154
20260618,1605,華新,39.2,40.45,38.4,39.0,+,0.3,61750339,2422912823.0,-12550281,-109000,554276,15732098,33000,1411411,28282379,142000,857135
20260618,00882,中信中國高股息,15.77,15.78,15.49,15.52,-,0.3,20618691,321323555.0,-1524000,0,-12542377,205000,0,664000,1729000,0,13206377
20260618,1409,新纖,25.95,26.85,25.4,25.6,-,2.35,40189860,1040614097.0,-14691652,2000,-246057,4898826,2000,27233,19590478,0,273290
20260618,9904,寶成,26.5,26.75,26.15,26.15,-,0.3,43192125,1136030072.0,-14774528,-3947878,1236509,19577212,14000,1336000,34351740,3961878,99491
20260618,3231,緯創,162.0,163.5,160.5,161.5,-,1.0,45633029,7375418700.0,-25043493,4249517,49683,8748089,6261000,644476,33791582,2011483,594793
20260618,3576,聯合再生,19.05,19.05,18.0,18.0,-,1.15,39457299,720904580.0,-21442432,0,44505,2201474,0,129000,23643906,0,84495
20260618,2317,鴻海,270.5,271.5,268.5,268.5,-,3.5,68996866,18605623168.0,-25474195,-3495080,-408474,24737955,257053,737352,50212150,3752133,1145826
20260618,00712,復華富時不動產,8.64,8.65,8.59,8.6,-,0.09,70456220,606372116.0,-399637,0,-49333518,399563,0,999,799200,0,49334517
20260618,6116,彩晶,19.4,19.9,17.8,18.8,+,0.55,362004002,6821321284.0,-79725519,2323000,-3099367,60568855,2323000,3899507,140294374,0,6998874
