tradeDate,stockCode,stockName,openPrice,highPrice,lowPrice,closePrice,changeSign,change,totalShares,totalAmount,foreignNetShares,investmentNetShares,dealerNetShares,foreignBuyShares,investmentBuyShares,dealerBuyShares,foreignSellShares,investmentSellShares,dealerSellShares
20260713,2618,長榮航,40.0,41.25,39.8,40.75,+,1.15,92302029,3743117866.0,58019569,-2892598,109321,77372730,351376,1424727,19353161,3243974,1315406
20260713,2891,中信金,70.1,70.2,66.1,66.5,-,0.9,108347523,7264601730.0,41021324,70905,-15362980,69657117,275551,1944580,28635793,204646,17307560
20260713,4958,臻鼎-KY,616.0,646.0,614.0,646.0,+,58.0,72309919,46207604908.0,21044750,4007276,442604,31709683,4232276,3138418,10664933,225000,2695814
20260713,2610,華航,21.0,21.45,20.9,21.05,+,0.45,43973194,928682407.0,21428258,372124,1450284,28984799,394000,1803000,7556541,21876,352716
20260713,2332,友訊,24.85,26.45,23.9,25.95,+,1.9,131450187,3382455664.0,22426474,0,-854960,47242201,0,1063167,24815727,0,1918127
20260713,2634,漢翔,61.6,63.8,61.2,63.8,+,5.8,64428045,4097880280.0,15428471,0,927562,18188100,0,1105092,2759629,0,177530
20260713,00712,復華富時不動產,8.81,8.92,8.81,8.87,+,0.08,22524362,199840758.0,13005000,0,1798137,13250000,0,2497999,245000,0,699862
20260713,5876,上海商銀,43.2,44.4,43.15,44.15,+,1.35,25943112,1140055454.0,12298208,-8000,716649,22342936,343000,739649,10044728,351000,23000
20260713,2886,兆豐金,46.7,47.3,46.55,47.0,+,0.3,26920661,1265722915.0,3231086,8661067,688416,13407430,8676709,942141,10176344,15642,253725
20260713,2313,華通,228.0,245.0,225.0,235.0,+,12.0,64090809,15077679721.0,7840358,3350000,1203158,26717592,3352000,2267772,18877234,2000,1064614
20260713,6505,台塑化,60.5,64.4,60.5,63.1,+,4.3,33452848,2113123374.0,8886683,889148,925612,17835933,889148,1094218,8949250,0,168606
20260713,5880,合庫金,25.0,25.3,25.0,25.2,+,0.05,19660420,495135171.0,10121230,196811,328018,15130422,211720,369018,5009192,14909,41000
20260713,3045,台灣大,111.0,111.5,108.5,109.5,+,1.0,19694998,2152047457.0,9723733,559758,299131,13971545,716758,598484,4247812,157000,299353
20260713,1301,台塑,56.0,60.2,56.0,60.2,+,5.4,52147050,3105960053.0,8131428,0,841566,16591000,0,1191366,8459572,0,349800
20260713,2347,聯強,80.7,84.3,80.7,82.5,,0.0,23067205,1901665210.0,11472068,6000,-3648654,15874068,195000,2462022,4402000,189000,6110676
20260713,3033,威健,51.3,54.3,50.4,50.9,+,1.3,25713816,1348884261.0,7606000,0,-194137,13222000,0,362060,5616000,0,556197
20260713,4904,遠傳,96.0,97.6,94.7,96.1,+,1.1,19562265,1885462905.0,940807,6108987,16372,9827635,7278987,312862,8886828,1170000,296490
20260713,00918,大華優利高填息30,32.13,32.3,31.82,31.88,-,0.06,18330594,587686819.0,1538764,0,5443412,2007264,0,8481215,468500,0,3037803
20260713,2377,微星,146.0,153.0,144.5,149.5,+,4.5,29889763,4455505184.0,6337460,6000,621383,16262737,8000,906759,9925277,2000,285376
20260713,1709,和益,26.3,26.8,25.7,26.8,+,2.4,18769827,500285437.0,6524231,0,80036,7569473,0,117611,1045242,0,37575
20260713,3704,合勤控,48.0,49.85,47.95,49.85,+,4.5,16834669,836693103.0,6467350,0,105217,7893000,0,117711,1425650,0,12494
20260713,2359,所羅門,142.0,151.5,141.0,148.0,,0.0,17555326,2637601243.0,6054177,0,116141,7670447,0,374470,1616270,0,258329
20260713,1216,統一,78.0,79.4,78.0,78.5,+,0.1,20557092,1622427132.0,5321896,117556,444975,11282829,117556,553975,5960933,0,109000
20260713,3576,聯合再生,16.4,17.1,16.4,16.7,+,0.3,14613283,246436513.0,5615405,0,18000,10741405,0,24000,5126000,0,6000
20260713,2301,光寶科,219.0,232.0,218.5,222.0,+,8.5,33486483,7538945952.0,5608280,-296341,233495,18489251,108659,669155,12880971,405000,435660
20260713,2845,遠東銀,13.2,13.35,13.2,13.35,+,0.15,10309292,137085494.0,5341766,0,108000,7246766,0,139000,1905000,0,31000
20260713,1326,台化,60.0,66.0,60.0,65.0,+,5.0,96160170,6244351831.0,4752503,6000,652417,29878020,6000,1581402,25125517,0,928985
20260713,2883,凱基金,30.1,30.65,29.7,29.8,-,0.25,36468752,1093337930.0,4051332,115952,1157899,22708611,135172,1540867,18657279,19220,382968
20260713,2890,永豐金,41.75,41.75,40.0,40.2,-,0.25,31611423,1280791773.0,4802758,-35429,193389,25395472,238463,479411,20592714,273892,286022
20260713,2880,華南金,38.85,39.45,38.75,39.0,+,0.15,15365069,599545654.0,2500543,1761221,660226,12050029,1761221,886509,9549486,0,226283
20260713,2105,正新,32.6,33.25,32.6,32.85,+,0.45,10115158,333558180.0,4694066,-191539,376387,7009066,76000,452895,2315000,267539,76508
20260713,2371,大同,28.2,28.3,27.8,28.1,+,0.4,11579904,325336937.0,4584575,10000,147425,6839025,10000,165425,2254450,0,18000
20260713,3016,嘉晶,133.0,133.5,130.5,133.5,+,12.0,20361863,2713989553.0,4477362,0,-30722,6684814,0,158448,2207452,0,189170
20260713,1303,南亞,192.5,199.5,192.5,199.5,+,18.0,88890080,17700400057.0,-6699972,9372000,1508953,16849095,9372000,2493922,23549067,0,984969
20260713,00940,元大台灣價值高息,12.56,12.63,12.31,12.37,-,0.16,12002648,149102831.0,-49633,0,4127407,619367,0,6240192,669000,0,2112785
20260713,2892,第一金,34.0,34.05,33.35,33.65,+,0.05,19179499,645826500.0,3513153,220346,20694,14279936,227346,349762,10766783,7000,329068
20260713,2882,國泰金,96.9,97.8,95.9,96.7,+,0.4,20949390,2024648758.0,5057316,-1846792,185352,16097490,450845,420842,11040174,2297637,235490
20260713,2603,長榮,194.0,196.5,191.5,195.0,+,0.5,8993958,1752489289.0,4445246,-1057451,-178295,6473940,48980,179400,2028694,1106431,357695
20260713,2312,金寶,34.7,35.9,33.7,34.2,+,0.2,23960949,834829838.0,3125821,0,82951,9910209,0,636835,6784388,0,553884
20260713,2357,華碩,706.0,725.0,703.0,704.0,+,20.0,6768399,4824912572.0,3170105,-110605,135434,4653360,44395,224220,1483255,155000,88786
20260713,2351,順德,213.0,215.0,207.0,210.5,+,10.5,8160783,1723659818.0,1952750,802000,102476,3485050,802000,163068,1532300,0,60592
20260713,2867,三商壽,8.86,8.9,8.77,8.83,-,0.03,9959503,88043690.0,2400065,0,397000,7834065,0,500000,5434000,0,103000
20260713,2382,廣達,377.0,385.0,374.0,378.0,+,4.5,17625716,6681130135.0,479422,2054130,185318,8750098,2094130,488318,8270676,40000,303000
20260713,2881,富邦金,125.5,127.5,124.5,127.0,+,2.5,24403302,3086214347.0,3928112,-1440992,171120,18658211,142426,337583,14730099,1583418,166463
20260713,2637,慧洋-KY,83.4,88.0,82.5,84.7,+,1.7,6524259,559591423.0,1679329,757000,85833,3899239,758000,98562,2219910,1000,12729
20260713,2884,玉山金,34.75,34.9,34.45,34.6,-,0.15,32021145,1109865830.0,1059700,520237,820183,22005657,534458,1128628,20945957,14221,308445
20260713,2208,台船,20.0,21.7,19.9,21.7,+,1.95,25957921,546339384.0,2175437,0,167007,7090026,0,167007,4914589,0,0
20260713,1718,中纖,14.9,14.9,14.2,14.35,+,0.15,10254279,147455529.0,2190000,0,15000,2799000,0,41000,609000,0,26000
20260713,2836,高雄銀,12.45,12.65,12.45,12.55,+,0.1,8103125,101970269.0,2158093,0,12000,2905093,0,45000,747000,0,33000
20260713,9921,巨大,74.1,79.9,73.9,79.9,+,7.2,3747806,293379122.0,1978027,0,30585,2482215,0,35651,504188,0,5066
20260713,2606,裕民,63.6,64.9,63.2,63.9,+,0.8,4727723,303681538.0,2130724,-65000,-94644,3072214,5000,49471,941490,70000,144115
20260713,9105,泰金寶-DR,9.0,9.3,8.76,8.88,+,0.24,38804975,349878083.0,1288500,0,673978,9466000,0,685890,8177500,0,11912
20260713,8112,至上,86.8,90.5,86.3,87.5,+,2.5,15198595,1332966547.0,2002042,-2000,-162564,6300042,0,505190,4298000,2000,667754
20260713,2812,台中銀,20.6,20.8,20.5,20.65,+,0.05,8851324,182637126.0,1734300,-11148,106000,4124300,0,139000,2390000,11148,33000
20260713,2478,大毅,172.5,183.5,163.0,163.5,-,10.5,7133356,1213073628.0,1832946,5000,-14440,3832057,5000,24496,1999111,0,38936
20260713,4564,元翎,19.2,21.0,18.9,21.0,+,1.7,11759182,238752931.0,1799102,0,-65545,3824102,0,14000,2025000,0,79545
20260713,3034,聯詠,494.0,505.0,467.5,467.5,-,51.5,13046938,6228743770.0,2383371,237103,-1089733,5295355,290103,642686,2911984,53000,1732419
20260713,2489,瑞軒,39.0,40.3,36.5,38.25,-,0.15,15069853,580314898.0,1505812,0,-18279,7449812,0,246228,5944000,0,264507
20260713,00900,富邦特選高股息30,18.96,19.16,18.74,18.77,-,0.23,5021822,94897605.0,-349950,0,1831222,115050,0,2932300,465000,0,1101078
20260713,1434,福懋,17.85,18.9,17.85,18.5,+,0.8,7199441,133320953.0,1434450,0,31901,2889977,0,40000,1455527,0,8099
20260713,2302,麗正,47.3,47.6,42.35,43.55,-,2.8,6008739,263999975.0,1408507,0,9000,2738507,0,18000,1330000,0,9000
20260713,2527,宏璟,43.0,46.5,43.0,45.65,+,3.05,3445397,156607925.0,1400450,0,16004,1899521,0,37580,499071,0,21576
20260713,9939,宏全,124.5,125.0,121.0,124.0,+,1.5,2634227,323674725.0,1413509,2000,-6277,1782509,2000,19192,369000,0,25469
20260713,3019,亞光,146.0,153.0,146.0,147.5,+,4.0,6350603,950928300.0,1172021,0,224555,2554366,0,268129,1382345,0,43574
20260713,6116,彩晶,17.55,17.75,16.4,16.6,-,0.6,44957729,762730996.0,1402160,0,-16611,13993170,0,369196,12591010,0,385807
20260713,6443,元晶,31.35,31.65,30.2,30.4,-,0.85,6356988,194982794.0,1321690,0,8000,2469690,0,9000,1148000,0,1000
20260713,2375,凱美,190.5,200.5,180.0,185.0,-,3.5,14010896,2614354232.0,1351543,0,-34554,4648123,0,70738,3296580,0,105292
20260713,9907,統一實,15.25,15.25,15.1,15.2,+,0.1,4161357,63171770.0,1590900,-320000,31089,2528000,0,34000,937100,320000,2911
20260713,2367,燿華,51.6,52.0,50.0,50.5,-,1.0,14693380,745139541.0,1145945,0,91552,5911489,0,320903,4765544,0,229351
20260713,5388,中磊,86.3,86.3,84.2,85.4,+,0.8,3975298,339992595.0,1234065,0,-23559,2439065,0,45580,1205000,0,69139
20260713,2485,兆赫,50.5,51.2,49.0,49.55,-,0.35,5912332,294843884.0,1015191,0,168159,2511591,0,279462,1496400,0,111303
20260713,8261,富鼎,332.0,332.0,292.5,292.5,-,32.5,5130684,1534791544.0,1062350,0,80430,1294615,0,119000,232265,0,38570
20260713,6919,康霈*,108.0,108.5,105.5,107.5,,0.0,4953364,530263459.0,1105145,0,35939,2942423,0,60642,1837278,0,24703
20260713,5871,中租-KY,116.0,117.5,115.5,116.5,+,2.0,9489413,1108061254.0,833420,95000,187425,5845021,97000,194425,5011601,2000,7000
20260713,8046,南電,1280.0,1335.0,1265.0,1270.0,+,55.0,25734524,33581284065.0,-3481879,4778588,-223334,4958568,4862588,839035,8440447,84000,1062369
20260713,2031,新光鋼,38.55,39.6,38.55,39.6,+,1.25,1477109,58051782.0,989511,80000,3000,1080511,80000,7000,91000,0,4000
20260713,3149,正達,91.0,95.5,90.4,92.3,+,2.8,15950647,1484055340.0,1063311,0,2947,4472311,0,27320,3409000,0,24373
20260713,4938,和碩,84.0,84.0,82.2,82.6,-,0.1,7876770,653202032.0,1328399,-471000,197227,6115803,30000,250212,4787404,501000,52985
20260713,2023,燁輝,13.9,14.35,13.9,14.2,+,0.3,2976880,42187236.0,1012832,0,38000,1711832,0,52000,699000,0,14000
20260713,2646,星宇航空,21.15,21.3,21.05,21.2,+,0.05,3747627,79288740.0,1055635,12000,-29849,1758012,12000,61000,702377,0,90849
20260713,3702,大聯大,113.0,117.0,113.0,117.0,+,10.5,11343796,1319827132.0,1174672,-6000,-139948,3539000,0,235257,2364328,6000,375205
20260713,00916,國泰全球品牌50,26.04,26.23,26.04,26.08,+,0.04,1496824,39123255.0,598000,0,400704,646000,0,489875,48000,0,89171
20260713,2492,華新科,473.5,478.5,419.0,419.0,-,46.5,16911261,7333804444.0,81670,111000,777206,7214288,142000,1219199,7132618,31000,441993
20260713,1810,和成,23.95,26.2,23.95,26.2,+,2.35,25738963,657103617.0,719480,0,163458,5681760,0,222130,4962280,0,58672
20260713,2912,統一超,240.0,244.0,239.0,239.5,-,1.5,2352106,565690379.0,856967,4088,18000,1475734,6000,20000,618767,1912,2000
20260713,2425,承啟,44.05,44.05,44.05,44.05,+,4.0,1889627,83238013.0,-385000,0,1260648,0,0,1260648,385000,0,0
20260713,4916,事欣科,112.5,118.5,112.5,118.0,+,10.0,21558219,2506759989.0,688000,0,184195,4764100,0,265539,4076100,0,81344
20260713,2605,新興,30.55,30.85,30.25,30.6,+,0.15,2765146,84423502.0,875100,0,-4239,1408100,0,77163,533000,0,81402
20260713,1313,聯成,12.6,12.85,12.25,12.3,-,0.2,6172380,77371460.0,874374,0,-8756,2432374,0,115402,1558000,0,124158
20260713,3042,晶技,200.5,204.5,193.5,193.5,-,6.5,12544973,2477512575.0,1313935,0,-456390,5506935,0,145337,4193000,0,601727
20260713,3059,華晶科,46.75,47.75,45.6,45.95,-,0.55,3454700,160805263.0,877886,0,-54262,1520960,0,24998,643074,0,79260
20260713,3605,宏致,91.2,91.8,88.5,89.7,-,1.5,9829156,885101678.0,823205,0,-37646,3583114,0,148963,2759909,0,186609
20260713,3189,景碩,838.0,838.0,815.0,819.0,+,24.0,3480697,2879432565.0,202435,426000,149641,1905781,426000,228641,1703346,0,79000
20260713,2006,東和鋼鐵,70.2,71.2,69.5,70.2,,0.0,2583556,181637983.0,405585,371000,-17505,1546460,372000,29000,1140875,1000,46505
20260713,2458,義隆,185.0,189.5,179.5,183.0,-,0.5,7926770,1461854628.0,-395607,1303000,-160775,2926210,1304000,124573,3321817,1000,285348
20260713,1609,大亞,39.6,40.75,38.9,40.1,+,1.0,9296519,369756536.0,668117,0,63763,3087117,0,149923,2419000,0,86160
20260713,2467,志聖,580.0,609.0,577.0,595.0,+,39.0,2269356,1348445308.0,715890,0,10838,1410370,0,68695,694480,0,57857
20260713,00915,凱基優選高股息30,31.98,32.25,31.69,31.76,-,0.22,1948570,62256020.0,-90000,0,787360,168000,0,1400107,258000,0,612747
20260713,2493,揚博,283.0,283.0,251.0,257.5,-,16.5,3713230,988736471.0,789538,8000,-102296,1655538,8000,35377,866000,0,137673
20260713,2427,三商電,24.75,26.25,24.5,25.4,+,0.15,5153220,131366709.0,679000,0,7000,1373000,0,17000,694000,0,10000
20260713,2101,南港,34.3,34.7,34.3,34.55,+,0.55,2313785,79750855.0,684700,0,-3000,1207700,0,16000,523000,0,19000
20260713,1218,泰山,16.65,16.65,15.95,16.2,-,0.65,5767874,93094873.0,677030,0,-4000,1627030,0,58000,950000,0,62000
20260713,1536,和大,55.4,57.2,54.0,56.1,+,1.1,13299989,746207925.0,549110,0,114706,3761240,0,232064,3212130,0,117358
20260713,00897,富邦基因免疫生技,11.44,11.44,10.43,11.14,-,0.37,1707641,18987239.0,940000,0,-278212,957000,0,228000,17000,0,506212
20260713,6753,龍德造船,150.0,162.5,150.0,159.5,+,11.5,6958720,1096999363.0,149154,0,511439,1512507,0,564705,1363353,0,53266
20260713,4551,智伸科,227.5,229.5,210.0,214.0,-,15.5,2291267,496374552.0,710241,-45000,-11055,1617009,0,8233,906768,45000,19288
20260713,6271,同欣電,254.0,255.0,233.5,236.0,-,16.0,10006860,2402762706.0,810465,0,-157403,4504765,0,227372,3694300,0,384775
20260713,00757,統一FANG+,131.7,131.8,130.8,130.8,-,0.05,2755673,361669929.0,1622451,0,-969426,1673450,0,668574,50999,0,1638000
20260713,6177,達麗,45.9,46.45,45.8,46.1,+,0.8,1401766,64667791.0,642000,0,-7000,886000,0,2000,244000,0,9000
20260713,2368,金像電,1085.0,1105.0,1040.0,1045.0,-,30.0,4210045,4475208520.0,1177877,-497828,-48549,2712627,8172,130088,1534750,506000,178637
20260713,00896,中信綠能及電動車,27.54,27.95,27.13,27.3,-,0.02,2315500,63720155.0,59000,0,561498,150000,0,1265022,91000,0,703524
20260713,3550,聯穎,28.55,28.6,26.7,27.0,-,1.2,3402594,93598086.0,590050,0,11429,1408050,0,23000,818000,0,11571
20260713,4739,康普,99.0,100.5,93.7,94.9,-,4.1,3707946,356985898.0,629700,0,-34000,1509000,0,58972,879300,0,92972
20260713,2543,皇昌,39.65,40.75,39.45,39.75,+,0.95,1873125,75021543.0,556842,0,19088,900429,0,25088,343587,0,6000
20260713,00926,凱基全球菁英55,25.21,25.36,25.21,25.29,+,0.12,811862,20564840.0,-150000,0,713164,28000,0,719164,178000,0,6000
20260713,9934,成霖,10.45,10.95,10.45,10.95,+,0.65,4366144,46877795.0,566970,0,-6000,1129000,0,17000,562030,0,23000
20260713,00907,永豐優息存股,16.4,16.55,16.36,16.39,+,0.01,1108298,18209204.0,-95000,0,652936,6000,0,765024,101000,0,112088
20260713,6155,鈞寶,74.0,74.2,69.4,70.2,-,3.0,2809944,199870810.0,554193,0,3000,1383193,0,13000,829000,0,10000
20260713,2374,佳能,75.8,78.2,75.2,75.5,+,0.5,6151945,470432614.0,445678,0,104013,1854378,0,140378,1408700,0,36365
20260713,9938,百和,46.2,47.1,45.8,45.95,-,0.2,1717013,79905930.0,551430,0,-5707,785431,0,8189,234001,0,13896
20260713,1723,中碳,87.0,88.7,86.0,86.5,+,2.1,1309208,113995836.0,528544,0,9812,725544,0,10822,197000,0,1010
20260713,6442,光聖,1465.0,1475.0,1335.0,1375.0,-,105.0,2383157,3329511330.0,553724,16000,-33298,1109263,25000,68260,555539,9000,101558
20260713,1476,儒鴻,335.5,347.0,335.5,341.0,+,6.0,1825714,625591605.0,503056,-25035,49300,1343886,8209,61301,840830,33244,12001
20260713,2376,技嘉,341.5,342.5,334.0,335.5,-,1.0,4320187,1463983721.0,624000,-51607,-52079,2495242,5393,72753,1871242,57000,124832
20260713,5269,祥碩,1475.0,1510.0,1460.0,1510.0,+,30.0,997120,1483683825.0,319104,190000,2143,549484,190000,35344,230380,0,33201
20260713,6719,力智,270.0,273.5,247.5,252.5,-,14.0,3298235,844649216.0,611007,0,-101260,1278007,0,46910,667000,0,148170
20260713,3645,達邁,82.7,84.1,78.5,79.5,-,3.4,2384350,192264331.0,530229,0,-25791,1210180,0,14403,679951,0,40194
20260713,00939,統一台灣高息動能,21.46,21.61,21.31,21.33,-,0.13,1793704,38431012.0,-239000,0,742377,133000,0,1089919,372000,0,347542
20260713,6525,捷敏-KY,203.0,203.5,183.0,192.5,-,7.0,6380726,1225367345.0,501122,0,-13059,2481200,0,89844,1980078,0,102903
20260713,1477,聚陽,224.5,228.0,223.5,226.0,+,3.5,2768589,625918241.0,406397,69000,12563,1171321,69000,30574,764924,0,18011
20260713,00924,復華S&P500成長,32.42,32.96,32.42,32.77,+,0.14,1778230,58384800.0,329060,0,156278,331060,0,627278,2000,0,471000
20260713,1215,卜蜂,112.0,113.5,111.5,113.5,+,1.5,1577613,177879814.0,479000,0,4859,933000,0,11000,454000,0,6141
20260713,2355,敬鵬,50.8,50.9,48.2,49.05,-,1.65,7105005,349667073.0,631522,0,-163623,2749522,0,149266,2118000,0,312889
20260713,2455,全新,332.0,343.0,323.0,329.0,-,1.5,5437400,1806916638.0,612953,-18000,-145267,2958182,16000,127240,2345229,34000,272507
20260713,6214,精誠,145.5,146.0,140.0,141.0,-,2.5,1857281,264658162.0,442493,0,1270,834122,0,10000,391629,0,8730
20260713,2889,國票金,15.9,16.1,15.7,15.85,+,0.05,11883776,189060658.0,377014,0,63000,4559014,0,126000,4182000,0,63000
20260713,4919,新唐,165.0,170.5,159.0,163.5,+,1.0,7612067,1255183601.0,199587,21000,212835,2589587,22000,285366,2390000,1000,72531
20260713,4977,眾達-KY,153.5,154.5,148.5,151.5,-,1.0,1448051,219377218.0,411516,0,3815,885616,0,8194,474100,0,4379
20260713,2539,櫻花建,39.3,41.0,39.3,40.95,+,1.65,1363423,54932271.0,398660,0,7661,684660,0,12000,286000,0,4339
20260713,2354,鴻準,57.2,57.9,56.5,56.6,-,0.4,3489999,198919043.0,462110,-2000,-59454,1777450,0,47025,1315340,2000,106479
20260713,2331,精英,21.05,21.1,20.65,20.9,+,0.35,1725722,35992258.0,452150,-120000,63000,897202,0,72000,445052,120000,9000
20260713,3535,晶彩科,104.5,106.0,98.6,100.0,-,4.5,1646339,165792689.0,392018,0,2592,596018,0,20000,204000,0,17408
20260713,00662,富邦NASDAQ,122.6,122.6,121.15,121.15,+,0.25,5579153,679014566.0,-100874,0,488480,156225,0,2816656,257099,0,2328176
20260713,1466,聚隆,16.6,17.45,16.3,16.85,,0.0,1786056,30054775.0,349060,0,28000,644100,0,48000,295040,0,20000
20260713,2103,台橡,22.95,23.4,22.9,23.3,+,0.25,2983938,68989563.0,367001,0,-3963,1316001,0,75959,949000,0,79922
20260713,2015,豐興,61.5,62.7,61.5,62.5,+,1.0,567232,35276353.0,358370,0,3000,517370,0,14000,159000,0,11000
20260713,4967,十銓,236.0,237.0,227.5,229.5,-,3.5,2255149,523564583.0,290099,120000,-59245,712361,120000,11514,422262,0,70759
20260713,6414,樺漢,394.5,407.5,384.0,388.5,-,5.5,1800091,706153841.0,468464,-1000,-118495,985647,0,20632,517183,1000,139127
20260713,1808,潤隆,30.7,31.1,30.35,30.8,+,0.7,804207,24702760.0,360651,0,-15000,510651,0,4000,150000,0,19000
20260713,2104,國際中橡,10.45,10.6,10.45,10.55,+,0.1,3184712,33511221.0,332420,0,7937,1264420,0,58000,932000,0,50063
20260713,3305,昇貿,128.5,129.5,122.0,123.5,-,4.0,2350121,293098712.0,446082,0,-114261,965082,0,36387,519000,0,150648
20260713,4566,時碩工業,64.5,66.0,63.7,64.8,+,2.7,885720,57369835.0,330895,0,-66,483000,0,2000,152105,0,2066
20260713,2328,廣宇,49.35,50.2,48.35,48.5,,0.0,2752615,135174202.0,367128,0,-36502,989128,0,122988,622000,0,159490
20260713,2342,茂矽,52.6,53.9,49.3,49.7,+,0.7,8804855,458453360.0,317700,0,4605,2268080,0,38545,1950380,0,33940
20260713,1304,台聚,13.45,14.15,13.45,13.55,+,0.15,7561377,104278366.0,279018,0,43256,2901018,0,247797,2622000,0,204541
20260713,1307,三芳,32.45,32.75,32.0,32.35,+,0.2,959637,31099109.0,350000,0,-29532,566000,0,8000,216000,0,37532
20260713,3029,零壹,104.0,104.0,102.0,102.0,-,1.0,835191,86045427.0,315400,0,3000,479400,0,6000,164000,0,3000
20260713,6789,采鈺,527.0,555.0,520.0,535.0,+,20.0,4271267,2293947517.0,225439,1000,85959,1309426,1000,180285,1083987,0,94326
20260713,6226,光鼎,28.3,28.3,25.3,25.65,-,0.95,4089435,106525469.0,203000,0,107000,487000,0,110000,284000,0,3000
20260713,2308,台達電,1970.0,1980.0,1885.0,1890.0,+,10.0,9299583,17940977138.0,261458,7125,38069,6621192,41125,163555,6359734,34000,125486
20260713,1232,大統益,150.0,152.5,149.5,151.0,+,5.5,787260,118833681.0,300056,0,-3000,396056,0,14000,96000,0,17000
20260713,00971,野村美國研發龍頭,17.2,17.2,17.11,17.11,+,0.02,697154,11964652.0,506000,0,-214880,506000,0,131887,0,0,346767
20260713,3701,大眾控,42.3,42.3,40.0,40.65,-,1.0,834363,34263085.0,288976,0,1184,446000,0,4000,157024,0,2816
20260713,5522,遠雄,64.7,66.2,64.7,66.1,+,1.4,738243,48541388.0,213814,74000,-4000,445814,74000,19000,232000,0,23000
20260713,6165,浪凡,51.0,52.2,50.6,50.8,+,0.7,773346,39736729.0,284000,0,-1000,406000,0,4000,122000,0,5000
20260713,5243,乙盛-KY,100.5,100.5,94.6,95.3,-,2.5,1952807,188379356.0,260413,0,21196,763158,0,92686,502745,0,71490
20260713,6205,詮欣,69.5,70.5,67.4,68.6,-,0.9,826735,56647984.0,277408,0,-1709,449408,0,5000,172000,0,6709
20260713,3596,智易,198.0,198.0,194.5,197.0,+,3.0,805130,158138874.0,265932,2000,7009,513932,2000,16829,248000,0,9820
20260713,00936,台新永續高息中小,21.05,21.2,20.77,20.89,-,0.02,821947,17224050.0,-212760,0,486775,69240,0,601972,282000,0,115197
20260713,2885,元大金,70.1,70.3,68.3,68.3,,0.0,19474705,1342967794.0,327657,-200233,144769,14201676,246698,376921,13874019,446931,232152
20260713,6944,兆聯實業,1005.0,1060.0,1005.0,1045.0,+,47.0,731671,760592300.0,275725,0,-3724,467533,0,28907,191808,0,32631
20260713,00951,台新日本半導體,20.24,20.52,19.65,19.65,-,0.04,4458054,89691698.0,276100,0,-12902,1028100,0,1616000,752000,0,1628902
20260713,6164,華興,15.05,15.4,14.15,14.35,-,0.6,2130776,30908383.0,255052,0,8000,778052,0,54000,523000,0,46000
20260713,1809,中釉,49.1,50.8,47.5,47.65,-,0.95,2269425,111044907.0,262021,0,-3509,633021,0,35225,371000,0,38734
20260713,3167,大量,790.0,834.0,731.0,826.0,+,51.0,3797081,3013270176.0,119676,127000,11767,1103735,127000,38527,984059,0,26760
20260713,00898,國泰基因免疫革命,9.54,9.54,9.35,9.35,-,0.19,833535,7819762.0,519000,0,-269383,522000,0,141000,3000,0,410383
20260713,00960,野村全球航運龍頭,17.76,17.76,17.55,17.59,-,0.17,438856,7715924.0,11940,0,234032,13000,0,336000,1060,0,101968
20260713,8454,富邦媒,269.5,270.0,260.0,262.0,-,6.0,949384,248632047.0,251335,20238,-25982,566418,20238,8078,315083,0,34060
20260713,3443,創意,4385.0,4415.0,4180.0,4270.0,-,70.0,1703309,7298040875.0,369298,-167563,42779,943650,37437,118249,574352,205000,75470
20260713,2049,上銀,337.0,351.0,326.0,332.0,+,0.5,2540069,855831446.0,267055,-35129,7329,1111988,1000,129500,844933,36129,122171
20260713,6830,汎銓,416.0,419.0,390.5,394.5,-,22.0,1236296,493646862.0,235807,0,-2303,538698,0,20725,302891,0,23028
20260713,5258,虹堡,53.0,54.6,53.0,54.6,+,1.8,1033550,55700530.0,229000,0,3000,434000,0,5000,205000,0,2000
20260713,4590,富田-創,91.5,96.9,91.5,93.4,+,3.0,806719,76310874.0,226995,0,626,314110,0,9626,87115,0,9000
20260713,2511,太子,8.49,8.53,8.43,8.5,+,0.01,1231641,10442328.0,280558,0,-53000,565558,0,117000,285000,0,170000
20260713,6873,泓德能源,87.3,92.5,87.3,90.0,+,3.4,787131,71094993.0,184914,0,38850,309914,0,39717,125000,0,867
20260713,1337,再生-KY,5.12,5.16,5.0,5.0,-,0.13,829234,4179242.0,240000,0,-17000,403000,0,64000,163000,0,81000
20260713,2482,連宇,17.8,19.0,17.75,18.2,+,0.55,1094975,20141656.0,219034,0,1026,431034,0,19000,212000,0,17974
20260713,6526,達發,673.0,694.0,650.0,682.0,+,30.0,1039458,704484289.0,142993,55000,21866,494393,61000,46165,351400,6000,24299
20260713,2465,麗臺,91.5,93.0,84.3,85.9,-,3.6,10135081,904679484.0,241377,0,-25189,3198377,0,9000,2957000,0,34189
20260713,00713,元大台灣高息低波,60.55,61.0,60.4,60.55,,0.0,6879272,417186044.0,-198853,50000,363072,683149,50000,2202045,882002,0,1838973
20260713,6491,晶碩,375.0,376.5,362.0,365.5,-,9.5,611546,223916312.0,231350,0,-17488,442650,0,5000,211300,0,22488
20260713,1513,中興電,170.0,170.0,166.5,168.0,-,0.5,2378452,400113761.0,265004,-59106,7820,858040,5000,50000,593036,64106,42180
20260713,9925,新保,41.3,41.6,41.2,41.3,,0.0,513966,21266076.0,167087,0,46000,279087,0,65000,112000,0,19000
20260713,3022,威強電,89.0,89.1,86.0,88.3,-,0.7,2010384,176197950.0,226234,0,-15209,714284,0,26485,488050,0,41694
20260713,00954,中信日本半導體,21.64,21.83,21.02,21.02,,0.0,2587947,55450582.0,355000,0,-146957,557000,0,1552253,202000,0,1699210
20260713,3312,弘憶股,56.9,57.0,54.8,55.5,-,0.1,1055373,58889068.0,196996,0,10183,436996,0,13000,240000,0,2817
20260713,3653,健策,3200.0,3280.0,3080.0,3195.0,-,10.0,803353,2551887425.0,198066,-5761,13117,485436,3239,55986,287370,9000,42869
20260713,1590,亞德客-KY,1320.0,1340.0,1295.0,1320.0,+,40.0,523251,688676030.0,203615,0,990,486010,0,9848,282395,0,8858
20260713,4956,光鋐,36.7,37.15,34.6,34.95,-,1.65,1798254,63756959.0,197819,0,2266,639169,0,23000,441350,0,20734
20260713,8222,寶一,40.65,42.5,40.5,41.35,+,1.35,2906469,121209232.0,199000,0,-380,792000,0,11000,593000,0,11380
20260713,1527,鑽全,33.5,34.05,33.5,33.95,+,0.45,369426,12499611.0,107000,0,88000,183000,0,109000,76000,0,21000
20260713,1522,堤維西,30.25,30.7,30.15,30.4,+,0.4,559774,17012415.0,188000,0,5531,264000,0,19293,76000,0,13762
20260713,00893,國泰智能電動車,46.2,46.26,45.52,45.74,+,0.48,843875,38938010.0,576000,0,-382846,593000,0,108393,17000,0,491239
20260713,2491,吉祥全,36.35,36.65,34.55,35.1,-,1.55,778739,27640724.0,193000,0,0,360000,0,6000,167000,0,6000
20260713,4934,太極,17.25,17.75,16.95,17.0,-,0.25,750192,12955311.0,193000,0,0,341000,0,0,148000,0,0
20260713,9941,裕融,81.0,81.6,80.5,81.6,+,0.6,988666,80266304.0,188030,0,-722,734030,0,13480,546000,0,14202
20260713,2107,厚生,25.75,26.05,25.75,25.9,+,0.3,381520,9875971.0,184729,0,2000,230729,0,41000,46000,0,39000
20260713,2480,敦陽科,161.5,165.0,161.5,163.5,+,3.0,407663,66450000.0,182825,0,3030,286825,0,4030,104000,0,1000
20260713,2385,群光,108.0,108.5,105.5,106.0,-,1.0,3723953,397016911.0,224695,-83795,42594,2410495,21205,54000,2185800,105000,11406
20260713,3591,艾笛森,25.95,26.3,24.5,24.5,-,1.05,1503245,37730422.0,204001,0,-20852,571001,0,20000,367000,0,40852
20260713,1515,力山,41.65,41.65,39.25,41.15,+,1.0,1586405,64417708.0,136400,0,44809,216025,0,64000,79625,0,19191
20260713,5471,松翰,68.0,69.1,64.7,65.0,-,2.6,10565999,709784415.0,-4511,0,184426,2882571,0,232774,2887082,0,48348
20260713,00700,富邦恒生國企,16.52,16.8,16.52,16.58,+,0.13,465262,7724339.0,217000,0,-37562,218000,0,127629,1000,0,165191
20260713,00692,富邦公司治理,92.5,93.1,91.7,92.05,+,0.4,736637,68106374.0,121020,0,56517,140020,0,303692,19000,0,247175
20260713,2365,昆盈,32.95,33.6,32.35,32.5,,0.0,4860196,160168614.0,152866,0,23990,1897150,0,28055,1744284,0,4065
20260713,6890,來億-KY,199.0,201.5,177.5,181.5,,0.0,1038997,190050012.0,107927,91000,-23636,303977,91000,11127,196050,0,34763
20260713,00972,野村日本動能高息,19.92,19.95,19.88,19.9,-,0.09,227292,4521853.0,1000,0,169809,1000,0,218000,0,0,48191
20260713,1460,宏遠,7.18,7.23,7.0,7.1,-,0.07,1468385,10404196.0,150000,0,19000,390000,0,28000,240000,0,9000
20260713,4536,拓凱,172.0,174.5,170.0,171.5,,0.0,394903,67961586.0,176000,0,-8823,227000,0,2000,51000,0,10823
20260713,2852,第一保,26.85,27.05,26.85,27.0,+,0.2,432296,11654230.0,181000,0,-14000,227000,0,21000,46000,0,35000
20260713,3416,融程電,180.0,187.0,180.0,185.0,+,3.5,474011,87407126.0,170000,0,-4950,251000,0,5172,81000,0,10122
20260713,6533,晶心科,210.5,210.5,210.5,210.5,+,19.0,617268,129934866.0,-18000,0,181736,0,0,181736,18000,0,0
20260713,2520,冠德,35.1,35.5,34.9,35.35,+,0.25,971743,34225989.0,144633,0,17721,443633,0,38000,299000,0,20279
20260713,6592,和潤企業,59.4,60.5,58.9,59.7,+,0.3,1406080,83416287.0,150750,0,8627,716000,0,29000,565250,0,20373
20260713,6196,帆宣,565.0,565.0,542.0,551.0,+,2.0,1838561,1016058978.0,588387,-438000,7262,1046553,3000,38652,458166,441000,31390
20260713,2348,海悅,76.0,78.3,74.5,76.9,+,1.0,595540,45063155.0,150701,0,6474,234701,0,7475,84000,0,1001
20260713,8464,億豐,363.5,373.0,362.0,368.0,+,8.0,825090,303426819.0,88856,59508,6621,570090,61000,8621,481234,1492,2000
20260713,1305,華夏,12.9,13.3,12.9,12.95,+,0.15,2883111,37682193.0,164521,0,-12725,1088251,0,67984,923730,0,80709
20260713,2201,裕隆,28.3,28.6,28.0,28.25,-,0.2,2253988,63668550.0,129000,0,22714,842000,0,84063,713000,0,61349
20260713,00930,永豐ESG低碳高息,24.6,24.78,24.34,24.48,,0.0,890359,21900454.0,20000,0,131665,144000,0,669156,124000,0,537491
20260713,3013,晟銘電,102.5,104.0,98.0,99.5,-,2.5,2212338,220752052.0,231057,0,-79983,468057,0,33016,237000,0,112999
20260713,1217,愛之味,10.0,10.0,9.95,10.0,+,0.01,576520,5748059.0,120000,0,29000,204000,0,88000,84000,0,59000
20260713,00917,中信特選金融,23.15,23.27,23.15,23.19,+,0.18,798490,18535911.0,228000,0,-80644,229000,0,386356,1000,0,467000
20260713,5515,建國,41.7,41.85,41.25,41.75,+,0.55,528947,21982668.0,208000,-40000,-22050,320000,0,4000,112000,40000,26050
20260713,4104,佳醫,70.1,70.8,70.1,70.7,+,0.9,320094,22599759.0,154105,0,-9000,187105,0,1000,33000,0,10000
20260713,1227,佳格,29.8,30.15,29.8,30.1,+,0.35,1431818,43012556.0,157380,0,-13000,539380,0,34000,382000,0,47000
20260713,3356,奇偶,60.7,61.5,60.1,60.4,+,0.6,454371,27621022.0,159077,0,-16900,255177,0,7102,96100,0,24002
20260713,2442,新美齊,19.4,19.5,19.2,19.25,,0.0,884360,17042897.0,172000,0,-30000,384000,0,2000,212000,0,32000
20260713,4106,雃博,24.3,25.9,24.2,25.1,+,1.55,1228385,30781882.0,86000,0,55030,208000,0,77314,122000,0,22284
20260713,6415,矽力*-KY,544.0,560.0,521.0,524.0,+,1.0,3842106,2060557440.0,202045,9000,-70579,2454125,9000,32934,2252080,0,103513
20260713,3005,神基,114.0,117.5,112.0,115.0,+,3.0,10075428,1159948354.0,-104349,39000,205064,4203751,40000,262926,4308100,1000,57862
20260713,8114,振樺電,204.5,207.5,196.5,199.5,-,4.5,497115,99748088.0,142004,0,-2657,234004,0,1002,92000,0,3659
20260713,1442,名軒,28.75,28.75,28.2,28.75,+,0.3,314044,8956448.0,140390,0,-2000,181390,0,1000,41000,0,3000
20260713,00895,富邦未來車,51.7,51.85,51.15,51.2,+,0.5,680088,34965417.0,35000,0,103099,44000,0,537341,9000,0,434242
20260713,1440,南紡,13.55,13.55,13.15,13.35,,0.0,2005284,26703818.0,84000,0,52630,814000,0,89265,730000,0,36635
20260713,6861,睿生光電,288.0,288.0,263.0,263.0,-,29.0,1009014,270843223.0,129036,0,3913,354351,0,16897,225315,0,12984
20260713,2392,正崴,37.15,37.65,36.85,37.25,+,0.2,1163977,43408260.0,156888,0,-24570,615921,0,3074,459033,0,27644
20260713,2476,鉅祥,129.0,130.5,123.5,126.5,-,2.5,2682604,339603512.0,232630,0,-100479,1024260,0,100000,791630,0,200479
20260713,2206,三陽工業,63.9,63.9,63.3,63.7,-,0.5,983078,62435612.0,-75959,202000,5000,489041,202000,18000,565000,0,13000
20260713,7788,松川精密,258.5,264.5,250.0,259.0,+,8.5,2252773,581753403.0,80096,0,49274,689558,0,66763,609462,0,17489
20260713,3048,益登,60.6,61.6,56.6,57.4,-,2.6,3203977,186660819.0,196878,0,-68298,1241944,0,29670,1045066,0,97968
20260713,8021,尖點,528.0,528.0,499.0,508.0,-,13.0,687875,351229534.0,42000,0,86517,280000,0,91597,238000,0,5080
20260713,9914,美利達,73.1,75.9,73.0,75.4,+,2.6,1418740,106368347.0,112321,3000,10739,634321,3000,34005,522000,0,23266
20260713,6133,金橋,24.65,25.2,23.8,24.0,-,0.65,1414957,34424248.0,126844,0,-1000,507844,0,6000,381000,0,7000
20260713,00770,國泰北美科技,67.8,68.45,67.8,67.85,+,0.25,247443,16862648.0,73937,0,51740,74000,0,64044,63,0,12304
20260713,1201,味全,12.45,12.55,12.4,12.55,+,0.1,273602,3403362.0,129213,0,-3646,155223,0,12000,26010,0,15646
20260713,00921,兆豐龍頭等權重,23.41,23.51,23.24,23.34,+,0.2,194880,4558512.0,43000,0,81705,43000,0,130778,0,0,49073
20260713,2233,宇隆,246.0,251.0,231.5,242.5,-,10.0,672060,161076187.0,145572,0,-23006,152000,0,3000,6428,0,26006
20260713,2397,友通,59.2,60.3,58.7,59.2,+,0.7,381588,22703908.0,131481,0,-10000,184000,0,3000,52519,0,13000
20260713,2540,愛山林,53.2,53.4,52.7,53.4,+,0.6,368705,19549365.0,106248,0,14000,201248,0,25000,95000,0,11000
20260713,2404,漢唐,1225.0,1245.0,1205.0,1230.0,+,15.0,1588919,1953881760.0,202769,-59000,-23668,847123,152000,63448,644354,211000,87116
20260713,2106,建大,17.4,17.6,17.4,17.5,+,0.1,622711,10909542.0,103030,0,17000,389030,0,28000,286000,0,11000
20260713,2434,統懋,68.3,68.3,64.9,68.3,+,6.2,2225114,150565735.0,119000,0,-1046,480000,0,28954,361000,0,30000
20260713,00733,富邦臺灣中小,75.0,75.95,73.2,74.05,+,0.85,1154571,85954710.0,126000,0,-8883,217000,0,820624,91000,0,829507
20260713,3008,大立光,4345.0,4345.0,4345.0,4345.0,+,395.0,904164,3928592580.0,13322,7000,94523,234052,7000,118673,220730,0,24150
20260713,9802,鈺齊-KY,75.2,76.1,73.6,74.7,-,0.3,557895,41669000.0,107170,0,4497,317170,0,4497,210000,0,0
20260713,8210,勤誠,1185.0,1195.0,1115.0,1135.0,-,40.0,1119300,1278009900.0,480772,-352000,-17478,708399,0,29048,227627,352000,46526
20260713,1342,八貫,110.5,115.0,110.5,114.5,+,4.0,501909,56726180.0,114023,0,-2854,224473,0,2146,110450,0,5000
20260713,6192,巨路,120.5,122.0,120.0,121.0,+,1.0,210855,25462948.0,113000,0,-3000,149000,0,2000,36000,0,5000
20260713,00904,台新臺灣半導體30,43.8,43.8,41.74,42.0,-,0.15,1868166,79162548.0,59170,0,49854,294170,0,645479,235000,0,595625
20260713,1308,亞聚,14.7,15.35,14.7,14.8,+,0.15,2492105,37431679.0,133882,0,-25587,938382,0,49256,804500,0,74843
20260713,1234,黑松,33.2,33.5,33.1,33.3,+,0.1,290600,9677112.0,125000,0,-17000,168000,0,17000,43000,0,34000
20260713,6579,研揚,170.5,171.5,159.5,161.0,-,7.0,860557,141200427.0,94000,0,7135,261000,0,14000,167000,0,6865
20260713,2607,榮運,46.45,46.75,46.35,46.75,+,0.4,283085,13177172.0,90205,0,10000,163205,0,10000,73000,0,0
20260713,4927,泰鼎-KY,41.1,42.2,40.2,40.65,-,0.2,2953279,121057466.0,94371,0,5815,1116371,0,28000,1022000,0,22185
20260713,6933,AMAX-KY,173.0,173.0,173.0,173.0,+,15.5,333359,57671107.0,-10200,0,110360,0,0,110360,10200,0,0
20260713,8462,柏文,160.5,161.5,156.0,160.0,+,1.0,340214,54257680.0,107303,0,-8000,167740,0,0,60437,0,8000
20260713,2528,皇普,22.4,22.4,21.25,21.4,-,1.05,1016644,21979066.0,98000,0,-1000,349000,0,2000,251000,0,3000
20260713,2851,中再保,37.85,38.3,37.65,38.05,+,0.2,1457591,55247643.0,-60052,200000,-43137,809059,200000,35233,869111,0,78370
20260713,6909,創控,51.5,52.0,49.3,49.85,-,1.45,621650,31244936.0,99009,0,-3000,226009,0,3000,127000,0,6000
20260713,3257,虹冠電,65.3,65.4,61.0,61.3,-,2.9,767962,47784842.0,98000,0,-2000,226000,0,9000,128000,0,11000
20260713,6531,愛普*,931.0,947.0,888.0,893.0,-,29.0,2260805,2068726844.0,170552,-72000,-3149,969007,3000,66538,798455,75000,69687
20260713,2468,華經,37.45,38.5,37.1,38.0,+,1.4,624391,23615415.0,83050,0,9000,214050,0,11000,131000,0,2000
20260713,00910,第一金太空衛星,60.05,60.05,58.35,58.8,-,2.7,2165532,127744766.0,-136090,0,227994,85080,0,403498,221170,0,175504
20260713,00652,富邦印度,33.23,33.23,33.0,33.18,-,0.02,264622,8760159.0,60000,0,31402,62000,0,148598,2000,0,117196
20260713,3021,鴻名,26.8,26.8,24.5,24.9,-,1.6,536638,13498643.0,91070,0,0,205070,0,7000,114000,0,7000
20260713,2816,旺旺保,34.35,35.0,34.35,34.65,+,0.3,315307,10929533.0,96000,0,-5000,168000,0,8000,72000,0,13000
20260713,3014,聯陽,140.5,141.5,134.5,138.0,-,1.5,2496520,342452953.0,87615,229000,-226026,1376625,229000,5000,1289010,0,231026
20260713,3673,TPK-KY,79.6,82.7,77.4,78.0,+,0.2,8662321,689731020.0,200358,0,-110180,3587729,0,51162,3387371,0,161342
20260713,6790,永豐實,38.1,38.5,38.0,38.2,,0.0,443785,16959811.0,98000,0,-8000,175000,0,2000,77000,0,10000
20260713,7786,東方風能,134.0,136.5,132.5,134.0,+,1.5,291293,39041294.0,85000,0,5000,140324,0,5000,55324,0,0
20260713,2231,為升,111.5,118.0,111.5,114.0,+,3.0,1389501,160175371.0,87000,0,1452,440000,0,24300,353000,0,22848
20260713,2488,漢平,49.85,49.85,48.65,49.15,+,0.75,387205,18998712.0,100000,0,-12000,175000,0,8000,75000,0,20000
20260713,6472,保瑞,428.5,433.0,419.5,422.0,-,4.0,612635,259545420.0,133480,0,-46542,310971,0,13000,177491,0,59542
20260713,9935,慶豐富,18.65,19.1,18.55,18.8,+,0.5,395266,7458742.0,86834,0,-2000,178096,0,21000,91262,0,23000
20260713,1604,聲寶,23.5,23.65,23.4,23.45,+,0.05,420740,9877696.0,112598,0,-28000,236598,0,22000,124000,0,50000
20260713,8033,雷虎,235.0,249.5,235.0,249.5,+,22.5,6454071,1586215650.0,52309,0,31000,730540,0,35000,678231,0,4000
20260713,1720,生達,63.9,64.9,63.6,64.2,+,0.3,547937,35188095.0,83000,0,-1000,167000,0,16000,84000,0,17000
20260713,2611,志信,14.8,14.8,14.4,14.55,-,0.05,631487,9207040.0,78800,0,3000,283100,0,3000,204300,0,0
20260713,6558,興能高,29.65,30.5,29.1,29.6,-,0.2,302615,8960331.0,79000,0,1000,156000,0,1000,77000,0,0
20260713,3413,京鼎,335.0,342.5,329.0,334.0,-,0.5,2098790,705278107.0,80300,0,-451,763340,0,53423,683040,0,53874
20260713,3052,夆典,10.9,10.95,10.85,10.85,-,0.05,234425,2547054.0,77000,0,2000,107000,0,10000,30000,0,8000
20260713,3040,遠見,37.6,38.4,37.55,38.1,+,0.6,148184,5620130.0,78006,0,0,82006,0,1000,4000,0,1000
20260713,2029,盛餘,20.8,21.05,20.8,20.95,+,0.15,446654,9356532.0,72000,0,5999,178000,0,12000,106000,0,6001
20260713,1309,台達化,14.7,15.3,14.6,14.8,+,0.25,3816114,56985971.0,62350,0,15281,1318350,0,60308,1256000,0,45027
20260713,1702,南僑,32.6,32.9,32.6,32.7,+,0.1,257312,8416469.0,88000,0,-11002,126000,0,7000,38000,0,18002
20260713,1568,倉佑,33.4,34.9,32.2,32.4,-,0.5,838686,27925594.0,75895,0,599,325030,0,26000,249135,0,25401
20260713,6625,必應,79.2,80.4,78.5,80.1,+,1.2,282402,22439807.0,78990,0,-4024,104000,0,1000,25010,0,5024
20260713,9942,茂順,120.0,122.0,120.0,121.0,+,1.0,174850,21177169.0,77398,0,-3000,93398,0,5000,16000,0,8000
20260713,6863,永道-KY,102.0,102.0,102.0,102.0,+,9.2,120470,12287940.0,-1000,0,75033,0,0,75033,1000,0,0
20260713,3043,科風,22.35,23.2,22.35,22.8,+,1.15,242834,5502568.0,75000,0,-1000,114000,0,7000,39000,0,8000
20260713,6598,ABC-KY,23.0,25.1,22.85,24.85,+,2.0,914057,22634688.0,73000,0,297,165000,0,7297,92000,0,7000
20260713,8131,福懋科,77.3,81.0,76.5,77.2,+,1.2,9395404,736611718.0,-135487,0,205613,3068620,0,244494,3204107,0,38881
20260713,1528,恩德,22.8,23.2,22.4,22.5,-,0.1,1476525,33557381.0,60080,0,9996,475080,0,16000,415000,0,6004
20260713,8478,東哥遊艇,157.5,160.0,155.5,156.5,+,2.5,188577,29671726.0,68229,0,763,91229,0,1000,23000,0,237
20260713,5306,桂盟,87.7,88.8,87.6,88.8,+,2.3,275564,24333140.0,79000,0,-11000,108000,0,1000,29000,0,12000
20260713,5608,四維航,14.8,14.85,14.45,14.45,-,0.15,701041,10239996.0,65598,0,2000,351598,0,3000,286000,0,1000
20260713,6928,攸泰科技,54.3,55.8,53.8,53.8,+,0.5,270807,14781305.0,65000,0,1000,121000,0,4000,56000,0,3000
20260713,4755,三福化,135.0,144.0,135.0,137.5,+,6.0,889309,124067064.0,64204,0,-960,315204,0,3040,251000,0,4000
20260713,2597,潤弘,168.5,169.0,166.0,168.5,,0.0,201572,33793829.0,54075,0,9110,129075,0,9110,75000,0,0
20260713,2453,凌群,54.4,55.1,53.9,54.5,+,0.8,370155,20160478.0,63000,0,0,199000,0,1000,136000,0,1000
20260713,2630,亞航,54.2,57.8,54.2,56.7,+,2.8,14155513,799155997.0,-230571,0,292972,3426629,0,326955,3657200,0,33983
20260713,3002,歐格,20.45,20.55,19.4,19.8,-,0.65,424786,8480915.0,50000,0,10883,139000,0,27000,89000,0,16117
20260713,4155,訊映,15.7,15.7,15.4,15.65,+,0.05,513609,7991502.0,68050,0,-8000,148050,0,4000,80000,0,12000
20260713,1623,大東電,232.0,234.0,226.5,231.5,+,5.0,355774,81834880.0,23995,0,35073,170000,0,36073,146005,0,1000
20260713,6854,錼創科技-KY創,114.0,115.0,108.0,109.0,-,4.5,698641,76612413.0,58000,0,-853,228000,0,20000,170000,0,20853
20260713,2832,台產,56.8,57.1,56.5,56.8,+,0.5,181616,10312235.0,65910,0,-9000,114070,0,12000,48160,0,21000
20260713,6606,建德工業,25.15,25.4,25.1,25.4,+,0.35,243152,6137503.0,57000,0,-1000,68000,0,12000,11000,0,13000
20260713,1455,集盛,9.5,9.5,9.07,9.12,-,0.18,1705603,15779350.0,50100,0,5000,539100,0,38000,489000,0,33000
20260713,1617,榮星,23.8,24.5,23.4,24.5,+,1.0,1366937,32813433.0,51000,0,3985,71000,0,7200,20000,0,3215
20260713,2537,聯上發,11.3,11.3,10.9,11.0,-,0.2,1393988,15362310.0,79000,0,-24464,487000,0,2000,408000,0,26464
20260713,4906,正文,40.2,40.75,38.2,38.75,-,1.15,6497989,253859965.0,153088,0,-98862,2184560,0,20490,2031472,0,119352
20260713,6585,鼎基,125.5,128.5,123.0,124.0,-,0.5,236547,29706029.0,56302,0,-3198,94302,0,1000,38000,0,4198
20260713,8249,菱光,47.0,48.5,46.6,47.1,+,0.1,252819,11987744.0,43101,0,10000,97101,0,10000,54000,0,0
20260713,2612,中航,54.8,55.5,54.1,54.6,+,0.2,433127,23719501.0,61346,0,-9000,205000,0,1000,143654,0,10000
20260713,8473,山林水,45.65,46.0,44.85,45.1,-,0.5,612000,27705763.0,50311,0,1432,215000,0,12001,164689,0,10569
20260713,3450,聯鈞,516.0,520.0,504.0,515.0,+,13.0,1357739,696844300.0,27210,0,23999,275000,0,38999,247790,0,15000
20260713,5434,崇越,536.0,559.0,527.0,559.0,+,50.0,3038091,1673038873.0,-785572,769000,66752,627054,769000,81177,1412626,0,14425
20260713,2923,鼎固-KY,27.1,28.75,26.7,28.75,+,1.6,104028,2904249.0,60000,0,-10085,80000,0,13000,20000,0,23085
20260713,1733,五鼎,30.5,31.2,30.4,30.65,+,0.35,277737,8542227.0,50180,0,-1000,88180,0,8000,38000,0,9000
20260713,7740,熙特爾-創,146.5,158.5,146.5,156.0,+,8.5,283965,43786191.0,50000,0,-1038,101000,0,1153,51000,0,2191
20260713,3026,禾伸堂,1025.0,1030.0,905.0,905.0,-,100.0,13719015,12970798249.0,-438899,511000,-23234,3671435,804000,191096,4110334,293000,214330
20260713,2020,美亞,21.45,21.55,21.3,21.45,,0.0,206510,4425467.0,43000,0,5000,86000,0,8000,43000,0,3000
20260713,4555,氣立,47.75,49.3,47.75,48.5,-,0.2,214951,10401420.0,49009,0,-1189,115009,0,3000,66000,0,4189
20260713,1734,杏輝,33.0,33.25,32.85,32.95,-,0.15,326119,10763580.0,48552,0,-1000,129000,0,28000,80448,0,29000
20260713,7769,鴻勁,6990.0,6995.0,6605.0,6705.0,+,45.0,802604,5449912540.0,-113013,153556,5675,357925,158556,17171,470938,5000,11496
20260713,2908,特力,21.95,21.95,21.7,21.8,-,0.05,190633,4162303.0,28000,0,17000,100000,0,38000,72000,0,21000
20260713,9930,中聯資源,63.2,63.5,62.5,63.1,-,0.3,244039,15381470.0,35000,0,10000,75000,0,19000,40000,0,9000
20260713,8341,日友,76.6,77.2,76.0,76.2,-,0.4,273060,20834715.0,47658,0,-3819,158000,0,7000,110342,0,10819
20260713,2534,宏盛,16.4,16.6,16.35,16.6,+,0.1,314956,5185117.0,41000,0,2738,116000,0,28000,75000,0,25262
20260713,2034,允強,20.55,20.7,20.25,20.35,-,0.2,1048299,21412231.0,44000,0,-1586,401000,0,17000,357000,0,18586
20260713,2459,敦吉,63.7,64.6,63.7,64.5,+,0.8,147417,9462485.0,42000,0,0,87000,0,11000,45000,0,11000
20260713,2705,六福,16.15,16.6,16.1,16.25,+,0.1,119617,1945967.0,37000,0,4000,65000,0,12000,28000,0,8000
20260713,1730,花仙子,51.3,52.0,51.3,51.5,+,0.2,92501,4759592.0,39000,0,1000,58000,0,2000,19000,0,1000
20260713,4912,聯德控股-KY,86.8,88.3,85.8,87.2,+,0.7,257902,22421471.0,43045,0,-4000,119050,0,0,76005,0,4000
20260713,6885,全福生技,21.95,22.15,21.4,21.4,-,0.45,253903,5514304.0,10000,0,29000,80000,0,37000,70000,0,8000
20260713,2420,新巨,60.9,61.6,60.0,60.8,,0.0,417717,25276211.0,47999,0,-9000,181000,0,12000,133001,0,21000
20260713,2707,晶華,180.0,181.0,179.0,180.5,+,0.5,127534,22950731.0,43083,0,-5000,76083,0,6000,33000,0,11000
20260713,1451,年興,17.3,17.35,16.85,17.2,-,0.1,180374,3083968.0,34000,0,2000,47000,0,19000,13000,0,17000
20260713,2207,和泰車,473.5,483.0,473.0,475.0,-,1.5,271051,129437804.0,19147,3166,13010,211524,4000,14052,192377,834,1042
20260713,6691,洋基工程,734.0,745.0,715.0,725.0,+,17.0,513131,373097654.0,21180,1000,12959,235340,1000,35700,214160,0,22741
20260713,8045,達運光電,59.0,60.2,58.6,59.3,+,0.9,129746,7698252.0,34000,0,-296,76000,0,2000,42000,0,2296
20260713,1517,利奇,10.75,10.75,10.4,10.45,-,0.25,437885,4620616.0,30000,0,3650,52000,0,19000,22000,0,15350
20260713,6438,迅得,152.5,155.0,151.0,153.5,+,3.5,361749,55364228.0,32445,0,902,139726,0,7043,107281,0,6141
20260713,2364,倫飛,71.2,71.2,67.0,69.3,+,1.3,224544,15517803.0,32040,0,1000,85040,0,1000,53000,0,0
20260713,5285,界霖,98.0,101.0,95.0,96.5,+,0.5,2062596,201926761.0,32010,0,581,741300,0,4000,709290,0,3419
20260713,1587,吉茂,26.65,27.2,26.35,26.45,-,0.15,258761,6910252.0,33000,0,-634,107000,0,2000,74000,0,2634
20260713,6136,富爾特,24.45,24.6,24.25,24.4,+,0.3,182840,4458332.0,29000,0,3000,68000,0,10000,39000,0,7000
20260713,5525,順天,22.1,22.5,21.85,22.2,+,0.35,140676,3114602.0,36000,0,-5000,53000,0,4000,17000,0,9000
20260713,2115,六暉-KY,21.3,21.85,21.3,21.75,+,0.35,172506,3731427.0,40000,0,-9000,65000,0,14000,25000,0,23000
20260713,1220,台榮,11.55,11.55,11.3,11.45,-,0.1,289687,3298744.0,28000,0,3000,31000,0,15000,3000,0,12000
20260713,1325,恆大,24.55,24.55,24.15,24.25,-,0.2,133830,3248894.0,30000,0,1000,55000,0,2000,25000,0,1000
20260713,9940,信義,19.7,19.85,19.6,19.75,+,0.05,291540,5750512.0,20685,0,10000,115685,0,27000,95000,0,17000
20260713,6923,中台,76.4,79.2,76.2,78.7,+,3.3,197136,15352668.0,30049,0,0,86760,0,1000,56711,0,1000
20260713,6914,阜爾運通,143.0,145.5,143.0,144.0,+,1.5,91047,13158105.0,31048,0,-1000,36072,0,1000,5024,0,2000
20260713,7791,皇家可口,63.5,63.7,62.4,62.7,+,0.4,103902,6550492.0,32000,0,-2000,45000,0,5000,13000,0,7000
20260713,9927,泰銘,68.7,69.7,68.7,69.4,+,1.1,121885,8439279.0,35150,0,-6000,43150,0,3000,8000,0,9000
20260713,3705,永信,54.6,55.1,54.4,54.9,+,0.3,99476,5437959.0,32120,0,-3000,65120,0,0,33000,0,3000
20260713,3607,谷崧,16.25,16.7,16.05,16.2,+,0.05,360379,5876818.0,30101,0,-1000,127101,0,2000,97000,0,3000
20260713,3557,嘉威,26.6,27.0,26.1,26.2,+,0.6,109173,2890501.0,35000,0,-6000,56000,0,3000,21000,0,9000
20260713,1464,得力,10.6,10.75,10.55,10.65,+,0.1,385240,4091825.0,26781,0,2000,128781,0,34000,102000,0,32000
20260713,1582,信錦,80.0,80.0,78.0,78.5,-,0.7,838318,65899161.0,49000,0,-20955,250000,0,6111,201000,0,27066
20260713,1467,南緯,8.59,8.64,8.11,8.21,-,0.2,481102,3995408.0,26000,0,2000,123000,0,22000,97000,0,20000
20260713,2748,雲品,39.6,40.0,39.6,39.75,+,0.2,74291,2957020.0,26000,0,2000,34000,0,2000,8000,0,0
20260713,6689,伊雲谷,64.8,65.3,63.8,64.7,+,0.9,170705,11019010.0,28000,0,0,70000,0,0,42000,0,0
20260713,3004,豐達科,155.0,160.5,152.5,154.5,+,1.0,1768473,276287175.0,-68766,0,96692,438866,0,101626,507632,0,4934
20260713,6235,華孚,42.6,43.15,42.0,42.25,-,0.15,639803,27147634.0,24119,0,3000,229400,0,6000,205281,0,3000
20260713,3296,勝德,27.85,28.05,26.05,27.3,-,0.7,202293,5479960.0,26000,0,1000,67000,0,11000,41000,0,10000
20260713,9924,福興,40.0,40.3,40.0,40.1,+,0.2,101520,4077271.0,27000,0,0,71000,0,3000,44000,0,3000
20260713,1310,台苯,10.45,10.75,10.3,10.35,,0.0,5550773,58162711.0,13208,0,13529,1621208,0,124000,1608000,0,110471
20260713,4414,如興,8.73,8.88,8.47,8.47,-,0.26,289588,2476449.0,22000,0,4000,95000,0,5000,73000,0,1000
20260713,1598,岱宇,19.15,19.2,18.9,19.2,+,0.1,88543,1688461.0,22000,0,3004,42000,0,5004,20000,0,2000
20260713,5706,鳳凰,46.8,47.75,46.8,47.05,-,0.15,132741,6253002.0,23000,0,1919,62000,0,5000,39000,0,3081
20260713,4588,玖鼎電力,57.9,59.0,57.9,58.7,+,1.2,150509,8791488.0,25000,0,-313,49000,0,1000,24000,0,1313
20260713,00678,群益那斯達克生技,41.98,41.98,40.61,40.72,-,1.26,407377,16582175.0,112000,0,-87606,115000,0,233399,3000,0,321005
20260713,6464,台數科,77.9,78.0,77.6,78.0,+,0.4,166404,12975133.0,24155,0,0,35155,0,1000,11000,0,1000
20260713,2704,國賓,45.4,45.75,45.3,45.6,+,0.2,79074,3598208.0,22100,0,2000,54100,0,2000,32000,0,0
20260713,3056,富華新,14.85,14.95,14.6,14.65,-,0.2,516447,7593935.0,8000,0,15905,227000,0,17000,219000,0,1095
20260713,6669,緯穎,5170.0,5230.0,4940.0,4960.0,-,80.0,1106711,5571517840.0,9805,45317,-31238,599532,51317,16993,589727,6000,48231
20260713,00941,中信上游半導體,27.57,27.9,27.4,27.4,+,0.07,1140944,31442319.0,-278923,0,302716,13077,0,696366,292000,0,393650
20260713,00645,富邦日本,56.8,56.85,56.4,56.45,-,0.3,433422,24564998.0,5125,0,18477,5125,0,377000,0,0,358523
20260713,3138,耀登,116.5,118.0,112.0,113.5,-,1.5,304749,34850676.0,23049,0,486,130801,0,1000,107752,0,514
20260713,00903,富邦元宇宙,21.2,21.32,21.02,21.02,-,0.12,802593,17007715.0,207000,0,-185084,208000,0,568104,1000,0,753188
20260713,7631,聚賢研發-創,158.0,158.0,145.0,145.0,-,8.5,161057,23755320.0,21109,0,694,39109,0,22000,18000,0,21306
20260713,00875,國泰網路資安,53.0,53.9,52.25,52.25,-,0.1,423558,22432576.0,-1000,0,22422,0,0,405880,1000,0,383458
20260713,2108,南帝,28.9,28.95,28.3,28.45,-,0.4,753688,21532908.0,18954,0,2356,297000,0,15000,278046,0,12644
20260713,6776,展碁國際,55.7,56.0,54.6,54.7,-,1.0,186808,10323185.0,21000,0,0,95000,0,3000,74000,0,3000
20260713,4438,廣越,61.8,61.8,60.7,61.0,-,0.5,53928,3290401.0,17000,0,3941,30000,0,4000,13000,0,59
20260713,00668,國泰美國道瓊,61.5,61.5,61.4,61.5,+,0.05,41962,2578194.0,150,0,20467,150,0,24500,0,0,4033
20260713,1903,士紙,48.8,49.2,48.1,48.85,-,0.1,126207,6122852.0,22010,0,-2000,66010,0,2000,44000,0,4000
20260713,3515,華擎,213.0,214.5,211.0,212.5,+,1.5,266241,56510025.0,13000,0,6967,128000,0,7015,115000,0,48
20260713,6189,豐藝,50.9,51.6,49.85,49.9,-,0.5,689392,34751708.0,16363,0,3310,251363,0,8001,235000,0,4691
20260713,6277,宏正,72.0,77.6,72.0,74.8,+,4.1,640846,47557761.0,14000,0,5010,159000,0,38010,145000,0,33000
20260713,5288,豐祥-KY,187.5,191.0,183.0,185.5,-,4.5,97274,18091164.0,17301,0,1204,51301,0,1204,34000,0,0
20260713,6757,台灣虎航,58.9,59.2,58.0,58.1,-,0.1,1126834,65879827.0,-73049,0,91133,458000,0,116000,531049,0,24867
20260713,4119,旭富,46.5,46.5,45.15,45.5,,0.0,114013,5188018.0,15050,0,3000,48050,0,16000,33000,0,13000
20260713,1519,華城,727.0,730.0,709.0,727.0,+,6.0,1414238,1016606308.0,28455,0,-11227,572466,0,57493,544011,0,68720
20260713,3311,閎暉,36.9,37.1,36.1,36.85,+,0.25,328740,12031981.0,24020,0,-7000,135020,0,8000,111000,0,15000
20260713,9937,全國,56.3,56.3,55.0,55.5,+,0.1,47011,2606200.0,15000,0,2000,29000,0,10000,14000,0,8000
20260713,2102,泰豐,19.1,19.2,18.95,19.15,+,0.1,144667,2760040.0,14219,0,2000,59219,0,19000,45000,0,17000
20260713,2497,怡利電,60.9,63.0,60.5,61.6,+,0.8,682466,42113043.0,16346,0,-722,273346,0,1022,257000,0,1744
20260713,5607,遠雄港,52.1,52.2,51.0,51.1,-,0.3,381669,19617794.0,31030,0,-16000,181030,0,3000,150000,0,19000
20260713,6668,中揚光,38.85,39.9,37.9,37.9,,0.0,694517,26841204.0,13000,0,2000,251000,0,2000,238000,0,0
20260713,1906,寶隆,11.3,11.3,11.0,11.05,-,0.25,114572,1277528.0,16000,0,-1000,17000,0,2000,1000,0,3000
20260713,2460,建通,34.85,34.85,32.8,33.45,-,0.85,1128680,37905793.0,15000,0,0,230000,0,4000,215000,0,4000
20260713,6957,裕慶-KY,210.5,215.5,210.0,211.5,+,2.0,135815,28940470.0,15000,0,-48,43000,0,572,28000,0,620
20260713,2114,鑫永銓,89.6,90.5,89.6,89.6,-,0.1,54492,4894858.0,14780,0,0,29000,0,10000,14220,0,10000
20260713,2059,川湖,8210.0,8340.0,7850.0,8080.0,-,170.0,592920,4766206470.0,33351,-27237,8624,334361,38263,32482,301010,65500,23858
20260713,1526,日馳,14.5,14.5,14.0,14.2,-,0.2,122063,1723457.0,14000,0,0,26000,0,0,12000,0,0
20260713,6887,寶綠特-KY,37.15,37.15,37.15,37.15,+,3.35,22506,836095.0,0,0,14000,0,0,14000,0,0,0
20260713,4736,泰博,126.0,127.0,125.0,126.5,+,0.5,122355,15424020.0,12569,0,1000,43569,0,1000,31000,0,0
20260713,4737,華廣,63.6,63.6,63.6,63.6,+,5.7,268949,17105145.0,-7000,0,20567,0,0,20567,7000,0,0
20260713,7827,漢康-KY創,183.5,187.0,167.5,171.0,-,14.0,806692,143165081.0,5000,0,8389,341000,0,34844,336000,0,26455
20260713,4572,駐龍,147.5,152.5,147.5,150.5,+,3.0,71654,10752480.0,13973,0,-1000,24000,0,1000,10027,0,2000
20260713,4439,冠星-KY,101.0,104.0,97.8,104.0,+,3.0,105494,10784131.0,14900,0,-2000,20000,0,0,5100,0,2000
20260713,4583,台灣精銳,600.0,607.0,590.0,607.0,+,1.0,36953,22173739.0,12856,0,0,23499,0,1000,10643,0,1000
20260713,3533,嘉澤,2000.0,2070.0,1960.0,1980.0,+,25.0,1300269,2600295745.0,94439,-64000,-18786,1131501,1000,34346,1037062,65000,53132
20260713,6166,凌華,135.5,139.5,131.0,134.5,,0.0,1363465,183816716.0,3394,0,8085,536394,0,13000,533000,0,4915
20260713,3055,蔚華科,160.5,163.0,153.0,163.0,+,5.5,1127856,176534032.0,-54000,0,65445,196000,0,66000,250000,0,555
20260713,2723,美食-KY,66.2,66.8,65.1,65.2,-,1.7,412508,27054281.0,5000,0,5560,129000,0,7000,124000,0,1440
20260713,2383,台光電,5380.0,5390.0,5055.0,5125.0,-,170.0,1879346,9691705885.0,-637,15897,-5148,1089888,53897,106990,1090525,38000,112138
20260713,1535,中宇,49.9,50.7,49.9,50.3,+,0.4,64622,3241809.0,10000,0,0,28000,0,0,18000,0,0
20260713,7711,永擎,310.0,323.5,309.0,317.0,+,9.5,224730,71187219.0,8656,0,1097,77656,0,1247,69000,0,150
20260713,00944,野村趨勢動能高息,22.07,22.07,21.42,21.55,-,0.24,627148,13569116.0,75600,0,-66061,76600,0,451231,1000,0,517292
20260713,1737,臺鹽,31.95,32.0,31.9,32.0,+,0.1,110456,3529275.0,7089,0,2000,54089,0,14000,47000,0,12000
20260713,2227,裕日車,49.9,49.9,49.4,49.9,-,0.05,16552,822706.0,7000,0,2000,12000,0,2000,5000,0,0
20260713,2424,隴華,9.72,10.05,9.52,9.61,-,0.49,85625,829694.0,7000,0,2000,20000,0,2000,13000,0,0
20260713,2929,淘帝-KY,5.82,5.93,5.81,5.81,+,0.02,118352,694003.0,18000,0,-9000,34000,0,2000,16000,0,11000
20260713,00714,群益道瓊美國地產,21.99,22.02,21.96,22.01,-,0.03,130797,2876201.0,0,0,8846,0,0,122452,0,0,113606
20260713,5283,禾聯碩,53.5,53.5,52.9,53.3,+,0.3,52359,2782786.0,9087,0,-1000,24150,0,4000,15063,0,5000
20260713,1459,聯發,11.8,11.8,11.6,11.7,+,0.05,107970,1262988.0,7018,0,1000,18018,0,1000,11000,0,0
20260713,1445,大宇,11.3,11.75,11.3,11.5,+,0.25,57582,665248.0,6000,0,2000,14000,0,13000,8000,0,11000
20260713,1537,廣隆,126.0,126.5,125.5,126.5,+,0.5,53076,6687144.0,7000,0,1000,11000,0,4000,4000,0,3000
20260713,2248,華勝-KY,57.2,57.2,55.8,55.9,,0.0,52063,2925816.0,9000,0,-1000,20000,0,1000,11000,0,2000
20260713,00717,富邦美國特別股,14.9,14.99,14.9,14.94,+,0.04,39938,596054.0,0,0,8000,0,0,21000,0,0,13000
20260713,6183,關貿,90.1,90.2,88.6,90.2,,0.0,51871,4659503.0,7000,0,1000,19000,0,6000,12000,0,5000
20260713,6771,平和環保-創,39.5,39.5,39.05,39.1,-,0.7,23010,901270.0,5000,0,3000,7000,0,11000,2000,0,8000
20260713,8443,阿瘦,11.4,11.45,11.4,11.4,,0.0,31044,354129.0,8000,0,0,8000,0,0,0,0,0
20260713,00899,FT潔淨能源,25.0,25.1,25.0,25.0,-,0.33,132755,3321824.0,10000,0,-2917,11000,0,0,1000,0,2917
20260713,1783,和康生,40.5,40.5,39.7,40.0,-,0.35,77067,3083595.0,10000,0,-3000,14000,0,3000,4000,0,6000
20260713,7765,中華資安,221.5,223.0,221.0,222.5,+,1.0,38927,8655729.0,7000,0,0,14000,0,2000,7000,0,2000
20260713,4560,強信-KY,34.4,34.55,33.65,33.85,-,0.45,224815,7640155.0,21000,0,-14000,128000,0,0,107000,0,14000
20260713,00661,元大日經225,87.5,87.5,86.25,86.25,-,0.95,611585,53192422.0,263074,0,-256252,266074,0,285239,3000,0,541491
20260713,6112,邁達特,44.7,45.2,44.15,44.6,+,0.25,399296,17824833.0,6000,0,757,128000,0,5644,122000,0,4887
20260713,2211,長榮鋼,95.6,96.1,95.0,95.3,+,0.3,495150,47255637.0,1000,0,5318,198000,0,18000,197000,0,12682
20260713,4582,聚恆-創,26.75,27.2,26.5,26.9,+,0.6,206592,5531403.0,6000,0,126,51000,0,13005,45000,0,12879
20260713,1558,伸興,92.4,92.8,92.3,92.6,+,0.2,45501,4209684.0,6065,0,0,13080,0,3000,7015,0,3000
20260713,5222,全訊,124.5,126.5,123.0,126.0,+,3.0,529279,66144947.0,10424,0,-4382,155125,0,7000,144701,0,11382
20260713,3593,力銘,15.6,17.45,15.5,17.45,+,1.5,34550,563917.0,6000,0,0,6000,0,0,0,0,0
20260713,2012,春雨,15.6,15.65,15.45,15.55,-,0.15,62458,971065.0,2000,0,4000,11000,0,16000,9000,0,12000
20260713,00701,國泰股利精選30,39.05,39.4,38.78,38.87,-,0.18,892499,34714401.0,-101001,0,106813,62000,0,687366,163001,0,580553
20260713,6951,青新-創,72.0,72.8,71.2,72.1,,0.0,109163,7888965.0,4740,0,991,30000,0,16000,25260,0,15009
20260713,7749,意騰-KY,407.5,407.5,390.0,393.0,-,11.0,210661,83257816.0,7973,0,-2337,87000,0,0,79027,0,2337
20260713,6456,GIS-KY,72.3,75.4,70.5,70.6,-,0.1,5154934,374089242.0,35327,0,-29706,1656339,0,46674,1621012,0,76380
20260713,4771,望隼,215.0,215.0,206.0,209.5,-,3.5,242676,50558676.0,7073,0,-2010,110073,0,0,103000,0,2010
20260713,4942,嘉彰,37.7,37.7,36.95,37.0,-,0.3,119623,4436483.0,2000,0,3000,11000,0,4000,9000,0,1000
20260713,6582,申豐,32.8,32.95,32.25,32.6,-,0.2,71528,2328571.0,7000,0,-2000,18000,0,8000,11000,0,10000
20260713,1235,興泰,36.25,36.25,35.6,35.9,-,0.1,71002,2565120.0,3000,0,2000,8000,0,2000,5000,0,0
20260713,1541,錩泰,21.95,21.95,21.45,21.65,+,0.25,42000,908950.0,6000,0,-1000,13000,0,0,7000,0,1000
20260713,4133,亞諾法,20.7,20.85,20.3,20.5,-,0.3,121078,2477211.0,1900,0,3000,11000,0,3000,9100,0,0
20260713,8162,微矽電子-創,78.9,79.6,70.3,72.5,-,5.6,611245,45444238.0,-8082,0,12721,187018,0,47057,195100,0,34336
20260713,3135,凌航,166.5,171.5,161.5,165.0,-,7.0,1463366,242616280.0,5432,0,-1006,356432,0,11000,351000,0,12006
20260713,2008,高興昌,28.9,29.3,28.85,29.3,+,0.45,25809,749071.0,2000,0,2000,7000,0,3000,5000,0,1000
20260713,1473,台南,20.2,20.55,20.1,20.15,-,0.05,53740,1084603.0,2000,0,2000,17000,0,10000,15000,0,8000
20260713,3652,精聯,33.85,33.85,32.4,32.4,-,1.5,220037,7282945.0,7000,0,-3000,70000,0,10000,63000,0,13000
20260713,2431,聯昌,11.4,11.6,10.9,10.95,-,0.5,535321,5959135.0,0,0,3983,117000,0,5000,117000,0,1017
20260713,00731,復華富時高息低波,89.4,89.7,88.55,88.55,-,0.35,531525,47216204.0,1000,0,2936,1000,0,512286,0,0,509350
20260713,2905,三商,15.4,15.4,15.2,15.35,-,0.05,678109,10351109.0,-102115,0,105999,169085,0,113000,271200,0,7001
20260713,7818,溢泰實業,70.0,70.6,69.6,70.3,+,0.1,272551,19120710.0,-2118,0,6000,25333,0,6000,27451,0,0
20260713,8163,達方,37.35,37.6,35.7,36.1,-,1.05,1717935,62506499.0,7279,0,-3460,749279,0,26050,742000,0,29510
20260713,1707,葡萄王,91.5,92.3,90.4,91.5,-,0.1,358047,32546152.0,-2213,0,6000,142600,0,8000,144813,0,2000
20260713,00938,凱基優選30,24.86,24.86,24.5,24.59,-,0.01,748867,18447807.0,-1000,0,4528,7000,0,667002,8000,0,662474
20260713,1468,昶和,12.15,12.3,12.0,12.15,-,0.05,35001,424212.0,1000,0,2000,4000,0,2000,3000,0,0
20260713,2939,永邑-KY,19.05,19.05,18.65,18.9,-,0.55,15002,282788.0,3000,0,0,4000,0,0,1000,0,0
20260713,2613,中櫃,22.05,22.3,21.45,21.5,-,0.25,210202,4560329.0,3000,0,0,73000,0,2000,70000,0,2000
20260713,9929,秋雨,10.9,11.2,10.9,11.2,+,0.25,18016,197177.0,2000,0,1000,3000,0,1000,1000,0,0
20260713,6965,中傑-KY,78.9,80.0,78.7,80.0,,0.0,14565,1157731.0,3000,0,0,5000,0,0,2000,0,0
20260713,6666,羅麗芬-KY,44.45,44.45,43.8,44.35,-,0.1,17058,751484.0,4000,0,-1000,5000,0,0,1000,0,1000
20260713,3266,昇陽,13.75,13.75,13.4,13.6,+,0.15,40647,549448.0,2000,0,1000,9000,0,2000,7000,0,1000
20260713,00901,永豐智能車供應鏈,46.48,46.48,45.14,45.36,-,0.19,488650,22329810.0,-124000,0,126613,112000,0,344153,236000,0,217540
20260713,00739,元大MSCI A股,29.49,29.49,28.3,28.3,-,0.57,46001,1316029.0,-23000,0,25436,0,0,26600,23000,0,1164
20260713,2033,佳大,15.8,15.8,15.3,15.3,-,0.5,119130,1848984.0,3000,0,-1000,19000,0,1000,16000,0,2000
20260713,1806,冠軍,8.41,8.41,8.22,8.26,-,0.15,240000,1991471.0,-5000,0,7000,53000,0,11000,58000,0,4000
20260713,2642,宅配通,20.85,20.95,20.7,20.95,+,0.1,40026,833176.0,3000,0,-1000,15000,0,0,12000,0,1000
20260713,1439,雋揚,23.5,24.85,23.5,24.8,+,1.3,47264,1134034.0,3000,0,-1000,6000,0,0,3000,0,1000
20260713,1315,達新,63.5,63.7,63.4,63.7,+,0.1,17847,1135592.0,0,0,2000,5000,0,4000,5000,0,2000
20260713,1203,味王,43.2,43.3,42.8,42.85,-,0.3,20172,865863.0,1000,0,1000,10000,0,3000,9000,0,2000
20260713,3679,新至陞,111.0,111.0,109.5,110.0,,0.0,41637,4576791.0,1000,0,1000,11000,0,2000,10000,0,1000
20260713,5906,台南-KY,36.8,37.0,36.8,37.0,+,0.2,2169,79506.0,2000,0,0,2000,0,0,0,0,0
20260713,9928,中視,18.65,18.7,18.5,18.6,-,0.05,44004,817623.0,0,0,2000,0,0,4000,0,0,2000
20260713,9926,新海,49.3,49.7,49.2,49.7,+,0.05,18040,891031.0,2000,0,0,10000,0,0,8000,0,0
20260713,8482,商億-KY,47.3,48.4,47.3,47.95,+,0.05,7086,339277.0,1000,0,1000,4000,0,1000,3000,0,0
20260713,8467,波力-KY,111.5,112.0,110.0,110.0,-,4.5,9134,1012511.0,2000,0,0,3000,0,0,1000,0,0
20260713,3054,立萬利,63.4,63.4,60.2,60.3,-,3.1,62484,3816649.0,-1000,0,2950,9000,0,4000,10000,0,1050
20260713,00736,國泰新興市場,31.8,31.8,31.55,31.61,+,0.18,204822,6479519.0,-1000,0,2925,0,0,202000,1000,0,199075
20260713,00908,富邦入息REITs+,15.3,15.36,15.3,15.36,+,0.1,20656,316609.0,3000,0,-1255,3000,0,0,0,0,1255
20260713,1597,直得,139.0,148.0,138.0,140.0,+,1.5,954036,135505044.0,19522,0,-17910,297342,0,14951,277820,0,32861
20260713,6768,志強-KY,71.7,72.3,70.5,71.0,-,0.2,232830,16613178.0,1000,0,599,114040,0,1435,113040,0,836
20260713,00730,富邦臺灣優質高息,28.78,28.8,28.25,28.39,-,0.29,209062,5958373.0,-106000,0,107001,0,0,121000,106000,0,13999
20260713,1443,立益物流,26.45,26.45,26.05,26.3,+,0.2,9988,259669.0,-2000,0,3000,4000,0,3000,6000,0,0
20260713,1470,大統新創,21.55,21.55,21.3,21.45,-,0.05,7000,149900.0,0,0,1000,4000,0,1000,4000,0,0
20260713,2910,統領,22.35,22.8,22.1,22.35,,0.0,230001,5136022.0,-1000,0,2000,20000,0,2000,21000,0,0
20260713,6918,愛派司,74.1,74.1,73.3,74.0,-,0.1,24111,1776963.0,4000,0,-3000,8000,0,1000,4000,0,4000
20260713,4581,光隆精密-KY,50.8,51.0,50.6,51.0,+,0.5,35228,1795739.0,1000,0,0,3000,0,0,2000,0,0
20260713,3168,眾福科,42.75,44.95,42.75,43.4,-,0.75,34300,1498132.0,-2000,0,3000,7000,0,5000,9000,0,2000
20260713,8488,吉源-KY,10.05,10.7,9.97,9.97,-,0.08,245000,2559950.0,0,0,1000,122000,0,1000,122000,0,0
20260713,4195,基米-創,18.15,18.15,17.05,17.15,-,0.7,226496,3934053.0,22201,0,-21297,82201,0,6135,60000,0,27432
20260713,6831,邁科,800.0,800.0,713.0,724.0,-,58.0,911470,677670529.0,-109333,124000,-13966,382469,124000,10603,491802,0,24569
20260713,2321,東訊,14.9,15.2,14.9,15.2,+,1.35,28557,430120.0,0,0,139,0,0,139,0,0,0
20260713,6225,天瀚,24.1,25.5,23.8,24.2,+,0.9,18139,452976.0,0,0,138,0,0,138,0,0,0
20260713,9919,康那香,13.8,13.8,13.65,13.75,-,0.05,145802,1999291.0,-2971,0,3000,27029,0,3000,30000,0,0
20260713,8101,華冠,13.15,13.15,13.15,13.15,+,0.05,8264,108626.0,0,0,4,0,0,4,0,0,0
20260713,9912,偉聯,12.75,12.75,12.55,12.55,-,0.2,20495,258910.0,0,0,0,2000,0,1000,2000,0,1000
20260713,9918,欣天然,43.75,43.75,43.15,43.5,-,0.25,25065,1085018.0,0,0,0,11000,0,0,11000,0,0
20260713,5546,永固-KY,15.6,16.55,15.6,16.55,+,0.6,41345,668702.0,1000,0,-1000,5000,0,0,4000,0,1000
20260713,6581,鋼聯,106.5,108.0,106.5,108.0,+,1.5,8079,867992.0,0,0,0,3000,0,0,3000,0,0
20260713,2701,萬企,10.75,10.8,10.65,10.75,-,0.05,79253,851379.0,-3000,0,3000,10000,0,3000,13000,0,0
20260713,2712,遠雄來,14.75,14.95,14.6,14.95,+,0.2,5003,73743.0,0,0,0,2000,0,0,2000,0,0
20260713,2706,第一店,12.6,12.6,12.5,12.55,,0.0,155564,1946434.0,-1000,0,1000,40000,0,11000,41000,0,10000
20260713,2904,匯僑,13.9,14.0,13.85,13.95,-,0.05,15190,211878.0,0,0,0,3000,0,0,3000,0,0
20260713,1626,艾美特-KY,10.8,10.8,10.2,10.25,-,0.65,78462,819104.0,1000,0,-1000,11000,0,0,10000,0,1000
20260713,1413,宏洲,9.3,9.44,9.22,9.43,+,0.04,32473,301478.0,0,0,0,3000,0,0,3000,0,0
20260713,1453,大將,11.05,11.35,11.05,11.15,,0.0,35287,392902.0,-1000,0,1000,5000,0,1000,6000,0,0
20260713,1583,程泰,48.2,49.45,48.2,49.05,+,0.5,22100,1076301.0,1000,0,-1000,8000,0,4000,7000,0,5000
20260713,6908,宏碁遊戲-創,36.5,36.8,36.0,36.8,+,0.2,13051,473176.0,0,0,-51,2000,0,0,2000,0,51
20260713,6969,成信實業*-創,25.5,25.5,24.5,24.6,-,1.4,130245,3231833.0,-8000,0,7802,7000,0,14000,15000,0,6198
20260713,4766,南寶,340.0,347.0,337.0,339.0,-,0.5,277458,94572305.0,200,0,-581,133200,0,3000,133000,0,3581
20260713,6426,統新,190.5,192.0,181.0,182.0,-,5.5,290031,53759911.0,-1289,0,391,119011,0,1000,120300,0,609
20260713,2373,震旦行,53.9,54.0,53.6,53.8,-,0.1,23645,1270406.0,-1000,0,0,7000,0,1000,8000,0,1000
20260713,2024,志聯,13.6,13.9,13.6,13.75,+,0.15,9634,133038.0,-2000,0,1000,2000,0,1000,4000,0,0
20260713,1454,台富,12.65,12.65,12.65,12.65,-,0.15,24050,304890.0,2000,0,-3000,5000,0,0,3000,0,3000
20260713,1418,東華,19.2,19.2,18.2,18.5,-,0.7,21958,409997.0,-1000,0,0,1000,0,0,2000,0,0
20260713,1516,川飛,18.2,18.2,18.0,18.05,-,0.15,10387,187486.0,-2000,0,1000,0,0,1000,2000,0,0
20260713,00771,元大US高息特別股,15.88,15.88,15.79,15.79,-,0.03,6000,95000.0,0,0,-1000,0,0,0,0,0,1000
20260713,6201,亞弘電,49.2,49.2,47.85,48.8,+,0.6,20250,979549.0,-1000,0,0,7000,0,2000,8000,0,2000
20260713,6807,峰源-KY,33.0,33.3,33.0,33.3,-,0.05,8000,264600.0,-1000,0,0,1000,0,0,2000,0,0
20260713,6614,資拓宏宇,40.5,40.9,40.05,40.75,+,0.75,110148,4451383.0,0,0,-1000,42000,0,0,42000,0,1000
20260713,8367,建新國際,40.6,40.6,40.1,40.5,-,0.1,21053,848062.0,2000,0,-3000,9000,0,0,7000,0,3000
20260713,8487,愛爾達-創,78.5,78.5,76.4,77.0,-,1.6,90540,6969375.0,2000,0,-3801,14000,0,2000,12000,0,5801
20260713,4994,傳奇,91.5,91.9,88.1,89.8,-,1.2,14002,1261573.0,-2000,0,1,1000,0,1,3000,0,0
20260713,6184,大豐電,42.85,42.85,42.6,42.8,-,0.15,63310,2707234.0,-2000,0,0,7000,0,0,9000,0,0
20260713,6655,科定,116.5,118.0,116.5,118.0,,0.0,13640,1599771.0,-2000,0,0,2000,0,0,4000,0,0
20260713,6988,威力暘-創,13.6,13.6,13.5,13.6,,0.0,15000,203700.0,-1000,0,-1000,0,0,1000,1000,0,2000
20260713,6955,邦睿生技-創,117.0,117.0,114.0,114.0,-,3.0,17234,1983817.0,-4000,0,2000,0,0,6000,4000,0,4000
20260713,1615,大山,46.75,48.3,46.4,46.85,+,0.45,493533,23404879.0,-1000,0,-1000,96000,0,1000,97000,0,2000
20260713,1324,地球,10.4,10.45,10.3,10.35,-,0.1,56929,589879.0,-7000,0,5000,2000,0,7000,9000,0,2000
20260713,1456,怡華,13.55,14.0,13.4,13.95,+,0.6,106538,1469202.0,-2000,0,0,16000,0,1000,18000,0,1000
20260713,1465,偉全,12.75,12.75,12.45,12.5,-,0.25,124779,1563810.0,20000,0,-22000,31000,0,18000,11000,0,40000
20260713,2524,京城,35.5,36.0,35.05,35.45,-,0.05,60168,2129537.0,-1000,0,-1000,24000,0,1000,25000,0,2000
20260713,2945,三商家購,41.3,41.3,40.9,40.9,-,0.4,12424,510059.0,-2000,0,0,0,0,0,2000,0,0
20260713,2901,欣欣,23.7,23.7,23.55,23.55,-,0.25,8375,197804.0,-1000,0,-1000,3000,0,0,4000,0,1000
20260713,2380,虹光,20.8,20.8,19.7,19.7,-,0.3,44948,905333.0,-2000,0,0,1000,0,0,3000,0,0
20260713,9917,中保科,108.0,108.0,106.0,107.5,,0.0,547079,58546792.0,-6327,1000,3000,315000,2000,9000,321327,1000,6000
20260713,0055,元大MSCI金融,42.66,43.2,42.35,42.61,-,0.05,313332,13362487.0,-27000,0,24596,43000,0,39266,70000,0,14670
20260713,3046,建碁,56.3,56.4,54.2,54.3,-,1.3,569960,31384671.0,-5000,0,2413,151000,0,5000,156000,0,2587
20260713,00783,富邦中証500,30.88,30.88,29.17,29.17,-,0.95,258898,7791930.0,-66000,0,63064,0,0,249412,66000,0,186348
20260713,2702,華園,13.25,13.25,12.9,13.0,-,0.25,53702,697480.0,0,0,-3000,6000,0,6000,6000,0,9000
20260713,2496,卓越,61.6,61.7,60.8,61.2,-,0.4,37735,2314120.0,-3000,0,0,1000,0,0,4000,0,0
20260713,1525,江申,69.2,69.2,66.3,66.3,-,0.6,16143,1074371.0,-4000,0,1000,2000,0,2000,6000,0,1000
20260713,1441,大東,9.36,9.36,9.22,9.27,-,0.09,11590,107528.0,-5000,0,2000,0,0,2000,5000,0,0
20260713,1435,中福,29.0,29.0,26.95,26.95,-,2.25,24240,661029.0,-3000,0,0,0,0,0,3000,0,0
20260713,8481,政伸,42.5,42.65,42.15,42.25,+,0.05,18299,774351.0,-2000,0,-1000,3000,0,3000,5000,0,4000
20260713,6952,大武山,35.1,35.1,34.65,34.9,-,0.3,17213,599946.0,-3000,0,0,3000,0,1000,6000,0,1000
20260713,6671,三能-KY,24.4,24.4,24.4,24.4,-,0.2,5000,122000.0,-3000,0,0,0,0,0,3000,0,0
20260713,6754,匯僑設計,42.45,42.45,41.4,41.5,,0.0,32000,1338100.0,-4000,0,1000,4000,0,2000,8000,0,1000
20260713,6722,輝創,35.45,35.45,34.25,34.35,-,1.1,34675,1196346.0,1000,0,-4025,10000,0,1000,9000,0,5025
20260713,6937,天虹,266.5,268.0,250.5,255.0,-,3.5,337513,86562567.0,3701,0,-7452,116047,0,9154,112346,0,16606
20260713,3432,台端,18.1,18.3,17.9,18.2,+,0.1,52233,945454.0,-4000,0,62,2000,0,62,6000,0,0
20260713,6958,日盛台駿,17.0,17.2,16.8,17.1,+,0.25,57404,979643.0,5000,0,-9000,11000,0,2000,6000,0,11000
20260713,6670,復盛應用,262.0,262.0,256.5,259.5,-,2.0,175468,45277056.0,36000,-40000,0,118000,0,2000,82000,40000,2000
20260713,6645,金萬林-創,16.3,16.45,15.25,15.6,-,0.2,25021,398280.0,-2000,0,-2000,1000,0,2000,3000,0,4000
20260713,6431,光麗-KY,18.75,18.9,18.3,18.3,+,0.05,16109,301671.0,-5000,0,1000,0,0,1000,5000,0,0
20260713,5538,東明-KY,32.2,33.3,32.2,33.25,+,0.3,28059,924582.0,2000,0,-6000,10000,0,3000,8000,0,9000
20260713,2432,倚天酷碁-創,28.05,28.15,27.9,28.0,-,0.2,49001,1374228.0,-7000,0,3000,6000,0,3000,13000,0,0
20260713,1817,凱撒衛,38.75,38.75,38.55,38.55,-,0.2,39721,1534126.0,-4000,0,0,7000,0,4000,11000,0,4000
20260713,2546,根基,92.2,92.8,92.0,92.6,+,0.4,77087,7111199.0,2000,0,-6000,22000,0,6000,20000,0,12000
20260713,1463,強盛新,17.85,18.0,17.7,17.8,-,0.2,76515,1361897.0,-6000,0,2000,21000,0,14000,27000,0,12000
20260713,5007,三星,55.8,55.8,55.5,55.8,,0.0,22851,1271057.0,-3043,0,-1000,7000,0,1000,10043,0,2000
20260713,6128,上福,20.3,20.45,20.05,20.15,-,0.2,93276,1883343.0,5000,0,-9090,34000,0,2000,29000,0,11090
20260713,8499,鼎炫-KY,293.0,293.0,283.5,284.5,-,12.0,43621,12565443.0,-6038,0,1712,5000,0,2266,11038,0,554
20260713,5215,科嘉-KY,42.05,42.55,41.65,41.65,-,0.4,88417,3715899.0,-11000,0,6643,19000,0,10000,30000,0,3357
20260713,9911,櫻花,84.3,84.7,83.7,84.5,+,1.0,286651,24162953.0,-1533,0,-3000,130467,0,9000,132000,0,12000
20260713,6641,基士德-KY,19.05,19.05,18.05,18.2,-,0.35,99309,1810938.0,-6000,0,1191,9000,0,2000,15000,0,809
20260713,2535,達欣工,89.0,89.6,87.9,89.3,+,0.8,170116,15077698.0,18601,0,-23537,92000,0,10000,73399,0,33537
20260713,3164,景岳,16.45,16.45,16.3,16.4,-,0.05,37952,622616.0,-5000,0,0,4000,0,0,9000,0,0
20260713,1731,美吾華,20.65,20.8,20.55,20.6,-,0.05,121220,2503196.0,-3000,0,-2000,19000,0,10000,22000,0,12000
20260713,00660,元大歐洲50,45.53,45.53,45.15,45.15,-,0.64,7374,333653.0,0,0,-5000,0,0,0,0,0,5000
20260713,7736,虎山,71.0,71.8,70.1,71.8,+,1.4,28000,1986500.0,-6000,0,1000,2000,0,1000,8000,0,0
20260713,3494,誠研,7.8,7.93,7.7,7.84,+,0.06,91708,712885.0,-7000,0,2000,6000,0,4000,13000,0,2000
20260713,4190,佐登-KY,25.4,26.0,25.2,25.55,-,0.25,46388,1189667.0,-2000,0,-3000,10000,0,5000,12000,0,8000
20260713,8466,美吉吉-KY,17.25,17.6,17.25,17.5,+,0.05,47446,829023.0,-5000,0,0,10000,0,4000,15000,0,4000
20260713,6742,澤米,58.1,62.1,55.3,55.9,-,1.1,1400233,81599005.0,-11638,0,6456,519000,0,12002,530638,0,5546
20260713,6541,泰福-KY,41.5,41.85,40.0,40.1,-,0.7,411782,16732072.0,-9914,0,4702,150086,0,16000,160000,0,11298
20260713,1614,三洋電,32.1,32.1,31.9,32.0,-,0.1,50069,1599730.0,-6000,0,0,7000,0,2000,13000,0,2000
20260713,1472,三洋實業,86.8,87.8,86.0,86.8,-,1.7,41323,3581550.0,-6000,0,0,3000,0,1000,9000,0,1000
20260713,2722,夏都,23.0,23.0,22.5,22.7,,0.0,67627,1533448.0,-9000,0,3000,2000,0,4000,11000,0,1000
20260713,6674,鋐寶科技,16.6,16.7,16.1,16.4,-,0.4,53000,863100.0,-6000,0,0,3000,0,0,9000,0,0
20260713,7732,金興精密,35.8,35.8,35.1,35.75,+,0.05,15030,534766.0,-7000,0,1000,2000,0,1000,9000,0,0
20260713,4930,燦星網,16.8,16.85,16.65,16.85,-,0.05,39696,665815.0,-5000,0,-1000,5000,0,0,10000,0,1000
20260713,4557,永新-KY,50.3,50.3,48.9,49.3,-,0.3,51246,2519656.0,-4000,0,-2000,23000,0,2000,27000,0,4000
20260713,1530,亞崴,29.1,29.25,28.7,29.05,+,0.3,37900,1097587.0,-4000,0,-2065,10000,0,4000,14000,0,6065
20260713,00657,國泰日經225,79.25,79.35,78.15,78.15,-,1.1,1007666,79751163.0,331075,0,-338020,333075,0,663179,2000,0,1001199
20260713,2850,新產,143.5,145.5,143.5,145.0,+,1.5,150251,21663016.0,-8000,0,1000,83000,0,8000,91000,0,7000
20260713,2906,高林,14.0,14.1,13.85,13.9,-,0.1,351926,4918382.0,-1000,0,-6000,94000,0,17000,95000,0,23000
20260713,1452,宏益,11.7,11.7,11.55,11.6,-,0.05,90186,1046695.0,-3000,0,-4000,15000,0,0,18000,0,4000
20260713,4148,全宇生技-KY,30.0,30.2,29.6,29.6,-,0.4,38203,1143347.0,1000,0,-8000,9000,0,0,8000,0,8000
20260713,6936,永鴻生技,32.65,32.65,32.2,32.3,-,0.35,66702,2157264.0,-7000,0,0,2000,0,0,9000,0,0
20260713,4571,鈞興-KY,167.5,169.0,163.0,165.0,-,0.5,189766,31403239.0,-7000,0,-546,96000,0,1000,103000,0,1546
20260713,2247,汎德永業,233.5,234.0,230.0,232.5,-,0.5,55713,12910903.0,-7900,0,0,14100,0,0,22000,0,0
20260713,1726,永記,78.5,78.8,78.4,78.7,-,0.1,24541,1927334.0,-10000,0,2000,5000,0,4000,15000,0,2000
20260713,2450,神腦,28.7,29.0,28.7,28.9,+,0.15,128958,3715542.0,-13000,0,5000,35000,0,5000,48000,0,0
20260713,2849,安泰銀,14.6,14.7,14.6,14.65,+,0.05,278443,4076114.0,-12000,0,4000,60000,0,11000,72000,0,7000
20260713,1233,天仁,28.1,28.45,28.1,28.1,+,0.2,22337,630870.0,-8000,0,0,6000,0,2000,14000,0,2000
20260713,1457,宜進,14.15,14.3,14.1,14.25,+,0.1,84137,1191920.0,-8000,0,0,8000,0,1000,16000,0,1000
20260713,1521,大億,26.2,26.2,25.5,25.7,-,0.1,27363,702176.0,-6000,0,-2000,7000,0,2000,13000,0,4000
20260713,6504,南六,36.45,36.45,35.55,35.6,-,0.4,35254,1263309.0,-8000,0,0,5000,0,0,13000,0,0
20260713,8940,新天地,16.45,16.85,16.2,16.2,-,0.15,28725,470027.0,-8000,0,0,3000,0,3000,11000,0,3000
20260713,9906,欣巴巴,39.9,40.8,39.9,40.1,-,0.4,72732,2919519.0,-12000,0,4000,24000,0,4000,36000,0,0
20260713,6782,視陽,210.0,214.0,200.0,202.0,-,6.0,349357,71138893.0,-40913,0,32752,86786,0,33000,127699,0,248
20260713,4137,麗豐-KY,96.8,97.0,95.2,95.8,-,0.9,221494,21302851.0,-2000,0,-6831,73000,0,3000,75000,0,9831
20260713,3669,圓展,35.05,35.55,34.4,35.35,+,0.45,76696,2679256.0,-9000,0,0,29000,0,0,38000,0,0
20260713,6931,青松健康,39.7,39.75,39.5,39.55,-,0.2,34907,1382505.0,-8000,0,-1000,3000,0,1000,11000,0,2000
20260713,2228,劍麟,86.3,86.5,84.4,85.0,-,0.4,104794,8911532.0,-10000,0,512,31000,0,2052,41000,0,1540
20260713,4999,鑫禾,19.95,20.05,19.65,19.85,,0.0,40593,805964.0,-10000,0,479,5000,0,3000,15000,0,2521
20260713,6534,正瀚-創,93.0,94.5,91.5,93.0,,0.0,125910,11713530.0,-4000,0,-5856,49000,0,5144,53000,0,11000
20260713,0057,富邦摩台,318.05,318.05,315.15,315.15,+,1.0,13966,4425180.0,2,0,-9930,2,0,0,0,0,9930
20260713,1540,喬福,22.25,22.5,22.15,22.3,-,0.25,376821,8399246.0,-9998,0,0,113002,0,23000,123000,0,23000
20260713,1438,三地開發,22.0,22.0,21.5,21.85,-,0.1,32283,700156.0,-9000,0,-1000,3000,0,0,12000,0,1000
20260713,2477,美隆電,21.3,21.35,20.9,21.2,-,0.1,130199,2752778.0,-12000,0,2000,43000,0,7000,55000,0,5000
20260713,0053,元大電子,242.95,242.95,238.8,239.2,+,2.2,49899,12017747.0,-960,0,-9065,2040,0,11000,3000,0,20065
20260713,6921,嘉雨思-創,66.1,68.5,66.0,67.8,-,0.2,48531,3252059.0,-11000,0,331,2000,0,9331,13000,0,9000
20260713,2440,太空梭,16.5,16.95,16.5,16.75,+,0.1,420460,7042676.0,-10734,0,0,139266,0,0,150000,0,0
20260713,4935,茂林-KY,36.2,36.35,36.0,36.3,+,0.15,95698,3458393.0,-12875,0,2000,29125,0,3000,42000,0,1000
20260713,00702,國泰標普低波高息,25.24,25.24,25.19,25.19,-,0.07,23863,601686.0,0,0,-10997,0,0,10213,0,0,21210
20260713,2429,銘旺科,43.2,44.5,41.15,43.45,+,0.25,532495,22750558.0,-13000,0,2000,132000,0,3000,145000,0,1000
20260713,2109,華豐,14.8,14.85,14.6,14.75,-,0.05,183259,2691486.0,-6000,0,-5000,50000,0,16000,56000,0,21000
20260713,2314,台揚,14.0,14.0,13.4,13.5,-,0.35,133410,1812014.0,-11000,0,0,2000,0,0,13000,0,0
20260713,1323,永裕,20.2,20.35,20.0,20.1,-,0.3,97368,1960852.0,-4000,0,-7000,24000,0,11000,28000,0,18000
20260713,7705,三商餐飲,30.5,30.65,30.35,30.45,-,0.05,50133,1525386.0,-10000,0,-1000,7000,0,8000,17000,0,9000
20260713,2498,宏達電,45.4,45.95,43.65,43.8,-,1.35,6722401,299914928.0,131575,0,-142627,1349903,0,193545,1218328,0,336172
20260713,1437,勤益控,30.95,31.0,30.05,30.55,-,0.25,358030,10896769.0,8210,0,-20000,99210,0,9000,91000,0,29000
20260713,1475,業旺,26.95,27.15,26.65,27.15,-,0.15,18498,497377.0,-13000,0,1000,0,0,1000,13000,0,0
20260713,9905,大華,20.6,20.8,20.6,20.65,+,0.35,341493,7059452.0,-17000,0,5000,62000,0,17000,79000,0,12000
20260713,6906,現觀科,84.5,84.5,78.6,80.3,-,1.7,156217,12552351.0,-12000,0,-451,35000,0,5000,47000,0,5451
20260713,00762,元大全球AI,115.15,115.15,113.2,113.2,+,0.1,213759,24381847.0,-66920,0,54198,80,0,159069,67000,0,104871
20260713,1316,上曜,10.4,10.45,10.2,10.3,-,0.05,1237872,12746784.0,-14000,0,1258,553000,0,4000,567000,0,2742
20260713,1539,巨庭,15.85,15.95,15.7,15.7,-,0.15,91753,1448732.0,-8000,0,-5000,22000,0,3000,30000,0,8000
20260713,2433,互盛電,41.85,42.0,41.85,42.0,,0.0,26303,1101493.0,-15000,0,2000,2000,0,2000,17000,0,0
20260713,6794,向榮生技,82.0,82.1,79.0,79.8,-,2.6,63464,5106634.0,-13000,0,0,12000,0,1000,25000,0,1000
20260713,8411,福貞-KY,12.35,12.45,12.25,12.45,+,0.05,79951,987858.0,11000,0,-24000,21000,0,2000,10000,0,26000
20260713,1419,新紡,67.0,67.1,65.4,66.2,-,0.5,97930,6458939.0,-15000,0,1978,36000,0,10000,51000,0,8022
20260713,4441,振大環球,187.5,190.5,185.0,187.5,-,2.5,71228,13328635.0,-14000,0,0,12000,0,1000,26000,0,1000
20260713,4569,六方科-KY,172.0,172.0,160.0,163.0,-,5.0,135819,22068697.0,-13000,0,-1153,24000,0,0,37000,0,1153
20260713,3532,台勝科,465.5,465.5,465.5,465.5,+,42.0,1362260,634131798.0,-55401,0,41102,0,0,44102,55401,0,3000
20260713,6605,帝寶,127.0,129.0,125.5,127.5,+,1.5,394310,50304883.0,50390,0,-65212,188390,0,6006,138000,0,71218
20260713,9944,新麗,17.85,17.95,17.75,17.75,,0.0,61553,1097866.0,-11000,0,-4000,7000,0,5000,18000,0,9000
20260713,1805,寶徠,10.1,10.1,9.95,9.96,-,0.14,123921,1239543.0,-16000,0,1000,7000,0,1000,23000,0,0
20260713,2509,全坤建,13.2,13.25,13.05,13.2,+,0.1,113398,1488018.0,-11000,0,-4000,8000,0,2000,19000,0,6000
20260713,2762,世界健身-KY,81.6,82.6,81.6,82.0,-,0.4,134846,11052925.0,-16000,0,1000,54000,0,2000,70000,0,1000
20260713,1410,南染,26.65,26.65,25.4,25.4,-,0.85,158403,4092614.0,-16000,0,1000,37000,0,7000,53000,0,6000
20260713,00728,第一金工業30,63.5,64.15,62.4,63.1,+,0.1,204914,12931917.0,35000,0,-50299,38000,0,130000,3000,0,180299
20260713,8201,無敵,12.9,12.9,12.55,12.85,+,0.2,87029,1111246.0,-16000,0,0,1000,0,1000,17000,0,1000
20260713,1109,信大,14.65,14.7,14.55,14.65,-,0.05,741565,11549245.0,-21000,0,4853,10000,0,5000,31000,0,147
20260713,7823,奧義賽博-KY創,89.9,91.0,85.0,87.9,-,0.9,48957,4319079.0,-17000,0,503,3000,0,1000,20000,0,497
20260713,5534,長虹,79.0,79.4,78.5,79.4,+,0.2,379190,29949883.0,-21680,0,5095,142345,0,7432,164025,0,2337
20260713,8429,金麗-KY,6.26,6.31,6.21,6.22,-,0.03,160609,1008800.0,-16832,0,0,16168,0,0,33000,0,0
20260713,1236,宏亞,24.55,24.55,23.25,23.3,-,1.25,179861,4267180.0,-14840,0,-2000,19160,0,0,34000,0,2000
20260713,1616,億泰,22.0,22.05,21.25,21.25,-,0.55,454272,9825322.0,-19000,0,2000,82000,0,2000,101000,0,0
20260713,6657,華安,35.35,35.5,34.7,34.75,-,0.55,84663,2963698.0,-18000,0,0,17000,0,0,35000,0,0
20260713,2250,IKKA-KY,65.2,66.8,64.8,65.0,+,0.5,180425,11785533.0,-17000,0,-1000,64000,0,8000,81000,0,9000
20260713,1773,勝一,177.0,180.0,173.5,176.5,+,2.0,683751,120633187.0,-19111,0,360,263005,0,7869,282116,0,7509
20260713,2438,翔耀,20.35,20.5,19.55,19.9,-,0.35,217006,4327062.0,-14000,0,-5000,57000,0,0,71000,0,5000
20260713,2753,八方雲集,176.5,178.5,175.5,177.0,+,1.0,232601,41202491.0,-20000,0,1000,99000,0,1000,119000,0,0
20260713,1423,利華,36.9,37.2,36.7,36.9,,0.0,84193,3101652.0,-20000,0,1000,22000,0,1000,42000,0,0
20260713,6698,旭暉應材,40.25,40.35,38.25,39.9,-,0.15,395450,15671180.0,-22000,0,3000,131000,0,8000,153000,0,5000
20260713,3035,智原,219.0,220.5,211.0,213.0,-,3.0,5197217,1121595414.0,108142,1000,-128743,1906287,1000,80159,1798145,0,208902
20260713,7730,暉盛-創,186.0,187.0,174.5,174.5,-,8.5,153792,27762000.0,-20000,0,387,28000,0,5018,48000,0,4631
20260713,4426,利勤,8.25,8.26,8.09,8.13,-,0.13,253141,2065100.0,-17000,0,-3000,47000,0,17000,64000,0,20000
20260713,6756,威鋒電子,102.0,102.0,97.7,100.5,+,0.8,171856,17042112.0,-20000,0,-1000,56000,0,2000,76000,0,3000
20260713,6515,穎崴,7990.0,7990.0,7360.0,7375.0,-,390.0,325580,2444035610.0,-13576,-7500,6,149639,2500,35369,163215,10000,35363
20260713,6799,來頡,100.0,103.0,95.1,95.8,-,2.8,609691,59896127.0,-19299,0,-2000,210701,0,5000,230000,0,7000
20260713,2062,橋椿,19.3,19.3,19.0,19.1,-,0.2,228595,4367437.0,-19000,0,-2576,82000,0,4000,101000,0,6576
20260713,1110,東泥,15.6,15.8,15.55,15.7,+,0.1,179152,2805478.0,-22000,0,0,27000,0,4000,49000,0,4000
20260713,6796,晉弘,60.6,60.6,57.8,58.4,-,0.8,38710,2277705.0,-21000,0,-1000,5000,0,0,26000,0,1000
20260713,6934,心誠鎂,80.5,81.9,76.8,79.4,-,0.3,103064,8121693.0,-22000,0,0,20000,0,0,42000,0,0
20260713,9902,台火,14.15,14.15,13.7,13.8,-,0.1,155448,2147477.0,-24000,0,1819,22000,0,3231,46000,0,1412
20260713,1338,廣華-KY,16.7,16.85,15.8,16.05,-,0.85,180965,2944328.0,-14000,0,-9000,47000,0,3000,61000,0,12000
20260713,6230,尼得科超眾,124.0,124.0,118.5,120.0,-,4.0,80415,9680927.0,-25000,0,1760,13000,0,3000,38000,0,1240
20260713,7821,神數,41.3,41.3,40.45,40.8,-,0.2,96610,3928725.0,-13000,0,-11000,21000,0,1000,34000,0,12000
20260713,1432,大魯閣,15.25,15.25,15.15,15.2,,0.0,115286,1750443.0,-24000,0,0,18000,0,0,42000,0,0
20260713,4807,日成-KY,39.85,41.4,39.0,41.4,+,3.75,508338,20884273.0,-31000,0,6268,33000,0,8268,64000,0,2000
20260713,6153,嘉聯益,19.85,20.45,18.95,19.05,-,0.65,6236616,121763308.0,12374,0,-37217,2670374,0,34000,2658000,0,71217
20260713,1474,弘裕,10.55,10.65,10.35,10.4,-,0.1,83376,869610.0,-32000,0,7000,11000,0,16000,43000,0,9000
20260713,6949,沛爾生醫-創,931.0,943.0,870.0,900.0,-,25.0,266304,239337068.0,-23993,0,-1472,95057,0,3002,119050,0,4474
20260713,9943,好樂迪,53.3,53.3,53.0,53.0,-,0.3,89036,4732871.0,-24659,0,-1000,9341,0,1000,34000,0,2000
20260713,3716,中化控股,35.2,35.4,34.55,34.95,-,0.25,146980,5119516.0,-11812,0,-14000,58188,0,6000,70000,0,20000
20260713,1471,首利,10.5,10.65,10.25,10.25,-,0.15,585398,6052076.0,-31000,0,5000,67000,0,5000,98000,0,0
20260713,1340,勝悅-KY,5.5,5.5,5.33,5.33,-,0.17,220929,1195465.0,-12000,0,-14000,29000,0,1000,41000,0,15000
20260713,4440,宜新實業,17.45,17.5,17.2,17.25,-,0.8,210395,3639547.0,-23000,0,-3000,35000,0,3000,58000,0,6000
20260713,6743,安普新,31.4,31.7,30.2,30.35,-,0.55,302422,9320462.0,-28000,0,2000,87000,0,8000,115000,0,6000
20260713,7822,倍利科,998.0,1015.0,962.0,969.0,-,29.0,192581,188752320.0,-25988,0,-19,26022,0,0,52010,0,19
20260713,6902,GOGOLOOK,138.0,139.0,131.0,134.0,-,3.5,125591,16774772.0,-27392,0,1000,17000,0,2000,44392,0,1000
20260713,2360,致茂,1840.0,1915.0,1830.0,1850.0,+,30.0,3247598,6069777200.0,111315,-83552,-54428,2668719,27448,85450,2557404,111000,139878
20260713,2010,春源,21.4,21.55,21.15,21.2,-,0.15,944224,20077368.0,-31854,0,4999,356674,0,14000,388528,0,9001
20260713,4746,台耀,55.0,55.0,53.3,53.8,-,1.0,537805,28958055.0,-28246,0,658,163754,0,1100,192000,0,442
20260713,5244,弘凱,34.35,34.4,33.35,33.8,-,0.3,125755,4237252.0,-28000,0,0,48000,0,3000,76000,0,3000
20260713,7768,頌勝科技,356.0,356.0,339.5,342.0,-,8.5,86960,29939347.0,-29000,0,1000,6000,0,1000,35000,0,0
20260713,1752,南光,32.4,32.4,31.5,31.7,-,0.1,71170,2253397.0,-25000,0,-3000,5000,0,1000,30000,0,4000
20260713,2239,英利-KY,21.8,21.8,21.05,21.05,-,0.5,54191,1155073.0,-30000,0,1958,7000,0,9000,37000,0,7042
20260713,6838,台新藥,24.2,24.2,23.8,24.0,-,0.3,118424,2832359.0,-28050,0,0,14000,0,2000,42050,0,2000
20260713,00703,台新MSCI中國,19.2,19.22,18.92,18.96,-,0.2,44378,845342.0,0,0,-28390,0,0,5840,0,0,34230
20260713,1776,展宇,19.35,19.75,18.9,19.0,-,0.55,147333,2812978.0,-19000,0,-10000,18000,0,7000,37000,0,17000
20260713,1531,高林股,13.05,13.2,12.95,13.05,+,0.05,217234,2829220.0,-28000,0,-1000,26000,0,2000,54000,0,3000
20260713,3308,聯德,21.6,21.6,20.7,21.1,-,0.5,83989,1780985.0,-30000,0,920,6000,0,2000,36000,0,1080
20260713,00709,富邦歐洲,39.45,39.69,39.43,39.53,-,0.48,65319,2584100.0,2075,0,-31220,2075,0,5026,0,0,36246
20260713,1417,嘉裕,8.82,8.93,8.74,8.81,-,0.03,210061,1848102.0,-31000,0,1000,48000,0,40000,79000,0,39000
20260713,4169,泰宗,270.0,270.0,243.0,243.0,-,27.0,591694,148225991.0,-31000,0,1000,15000,0,1000,46000,0,0
20260713,6792,詠業,61.7,61.7,59.0,59.6,-,2.1,106926,6422717.0,-26000,0,-4000,26000,0,3000,52000,0,7000
20260713,3588,通嘉,67.1,68.6,64.0,64.6,-,2.2,545247,35673758.0,-31159,0,1000,187000,0,8000,218159,0,7000
20260713,2616,山隆,13.7,13.8,13.5,13.55,-,0.1,243867,3324055.0,-29000,0,-1256,69000,0,7000,98000,0,8256
20260713,1339,昭輝,44.9,45.6,44.15,44.5,-,0.3,150418,6708548.0,-18990,0,-11926,34010,0,8000,53000,0,19926
20260713,8463,潤泰材,21.4,21.4,21.05,21.2,-,0.2,66000,1398900.0,-29000,0,-2000,9000,0,1000,38000,0,3000
20260713,2241,艾姆勒,43.5,43.65,40.0,40.5,-,2.45,1640436,67903035.0,-33330,0,1831,608670,0,21000,642000,0,19169
20260713,1321,大洋,31.55,31.55,30.95,31.15,-,0.3,173463,5397414.0,-31000,0,-1000,24000,0,9000,55000,0,10000
20260713,1256,鮮活果汁-KY,201.0,201.0,186.5,192.0,-,5.5,141668,27546106.0,-37000,0,5000,28000,0,6000,65000,0,1000
20260713,3150,鈺寶-創,18.45,18.45,17.95,18.05,-,0.25,110004,1991570.0,-31000,0,-1998,3000,0,12002,34000,0,14000
20260713,5203,訊連,68.4,68.8,67.2,68.1,-,0.1,148336,10081087.0,-34000,0,955,35000,0,3000,69000,0,2045
20260713,6916,華凌,20.1,20.3,19.7,19.8,-,0.35,75134,1499235.0,-34000,0,0,2000,0,0,36000,0,0
20260713,2072,世紀風電,149.5,149.5,144.0,144.5,-,2.5,328983,48033974.0,-32000,0,-2008,74000,0,0,106000,0,2008
20260713,00894,中信小資高價30,48.41,48.42,46.9,47.37,-,0.13,624316,29680601.0,67000,0,-101181,170000,0,148689,103000,0,249870
20260713,4585,達明,308.5,315.0,305.0,305.0,-,13.0,495026,153027547.0,-20840,0,-13810,91160,0,2000,112000,0,15810
20260713,3047,訊舟,16.65,16.75,16.0,16.15,-,0.5,1365328,22209927.0,-50680,0,14930,446320,0,22000,497000,0,7070
20260713,2731,雄獅,146.5,147.5,145.0,145.0,-,0.5,572575,83672695.0,-26000,0,-10000,191000,0,2000,217000,0,12000
20260713,1506,正道,10.45,10.55,10.3,10.35,-,0.2,242168,2517639.0,-34000,0,-2000,56000,0,3000,90000,0,5000
20260713,00943,兆豐電子高息等權,22.58,22.58,22.21,22.3,-,0.12,67886,1525435.0,-4000,0,-32042,0,0,10500,4000,0,42542
20260713,3025,星通,61.5,61.6,58.5,59.4,-,0.4,610416,36544046.0,-35076,0,-1594,168000,0,5000,203076,0,6594
20260713,4770,上品,218.5,221.0,212.5,216.5,-,1.0,270834,58597052.0,-39000,0,2096,59000,0,7054,98000,0,4958
20260713,7722,LINEPAY,320.0,320.5,305.0,306.5,-,15.0,190700,59109874.0,-33119,0,-4229,28991,0,119,62110,0,4348
20260713,8271,宇瞻,183.0,185.5,181.0,183.0,+,2.0,1923999,352049889.0,-123804,80000,6219,631196,80000,12832,755000,0,6613
20260713,1416,廣豐,11.05,11.1,11.0,11.05,,0.0,243756,2689725.0,-42000,0,3000,43000,0,14000,85000,0,11000
20260713,1725,元禎,31.6,31.6,30.05,30.2,-,1.4,240465,7359038.0,-38000,0,-2000,43000,0,6000,81000,0,8000
20260713,2305,全友,39.45,39.6,39.25,39.6,+,3.6,2536540,100315850.0,-111000,0,70992,137000,0,71992,248000,0,1000
20260713,4164,承業醫,29.05,29.05,28.35,28.75,-,0.25,461359,13189280.0,-49000,0,8812,109000,0,12000,158000,0,3188
20260713,5225,東科-KY,74.0,74.2,72.6,72.6,-,1.3,173165,12687860.0,-43000,0,2642,51000,0,3001,94000,0,359
20260713,3501,維熹,40.6,40.9,40.15,40.45,-,0.05,214964,8685353.0,-41000,0,0,58000,0,2000,99000,0,2000
20260713,1736,喬山,132.5,132.5,127.0,128.0,-,3.5,343071,44021575.0,-51860,0,9999,98140,0,10000,150000,0,1
20260713,2028,威致,16.1,16.1,15.6,15.65,-,0.25,153463,2415032.0,-35000,0,-7000,17000,0,8000,52000,0,15000
20260713,2025,千興,11.5,12.05,11.5,11.85,-,0.25,392982,4627439.0,-19182,0,-23000,84000,0,1000,103182,0,24000
20260713,9136,巨騰-DR,12.85,13.3,12.75,12.8,+,0.25,399038,5162813.0,-43000,0,0,87000,0,0,130000,0,0
20260713,1735,日勝化,22.0,22.6,21.05,21.3,-,0.7,202919,4380547.0,-42000,0,-1339,48000,0,18000,90000,0,19339
20260713,2236,百達-KY,175.0,177.0,169.0,174.0,-,2.0,737545,126860644.0,-42660,0,-1000,193340,0,3000,236000,0,4000
20260713,2516,新建,13.7,13.8,13.6,13.7,+,0.05,138726,1893915.0,-46000,0,2000,6000,0,2000,52000,0,0
20260713,1225,福懋油,28.05,28.1,26.0,26.4,-,1.7,478163,12782783.0,-45000,0,1000,76000,0,6000,121000,0,5000
20260713,2514,龍邦,12.9,13.0,12.65,12.75,-,0.2,649754,8344619.0,-52000,0,7929,24000,0,27000,76000,0,19071
20260713,6869,雲豹能源,70.9,72.3,69.1,69.1,-,2.1,460610,32244088.0,-35950,0,-8135,108050,0,9000,144000,0,17135
20260713,0051,元大中型100,144.25,145.95,142.5,143.8,-,0.45,76807,11084013.0,90,0,-44855,5090,0,1000,5000,0,45855
20260713,1760,寶齡富錦,62.3,62.7,60.6,60.9,-,1.3,243057,14874322.0,-46000,0,1000,58000,0,4000,104000,0,3000
20260713,4108,懷特,12.0,12.15,11.85,11.9,-,0.1,169898,2024955.0,-45000,0,0,7000,0,1000,52000,0,1000
20260713,1512,瑞利,7.06,7.08,6.56,6.88,-,0.2,255070,1737431.0,-48000,0,1000,4000,0,1000,52000,0,0
20260713,00850,元大臺灣ESG永續,91.35,91.35,89.1,89.6,-,0.15,699233,63145570.0,-168878,0,121460,50122,0,354354,219000,0,232894
20260713,3563,牧德,726.0,727.0,687.0,691.0,-,30.0,746006,523261929.0,-1670,0,-46179,216360,0,8999,218030,0,55178
20260713,7721,微程式,71.0,73.2,68.5,69.3,-,1.7,227264,16048438.0,-48000,0,0,48000,0,2000,96000,0,2000
20260713,3032,偉訓,81.4,82.0,79.0,79.9,-,1.5,564692,45300870.0,-45001,0,-3000,167000,0,0,212001,0,3000
20260713,4178,永笙-KY,19.25,19.8,18.1,18.1,-,0.9,400731,7474376.0,-53000,0,4000,57000,0,4000,110000,0,0
20260713,9908,大台北,29.75,29.95,29.7,29.85,+,0.1,222030,6605788.0,-62216,0,12000,21000,0,12000,83216,0,0
20260713,1789,神隆,20.8,20.9,19.9,20.0,-,0.55,886547,17855495.0,-76988,0,25850,220012,0,26000,297000,0,150
20260713,1231,聯華食,86.0,86.5,85.5,86.5,+,0.1,343812,29577498.0,-57000,0,5421,92000,0,12000,149000,0,6579
20260713,3686,達能,16.65,16.85,16.2,16.2,-,0.25,142965,2351156.0,-57000,0,5000,14000,0,5000,71000,0,0
20260713,3338,泰碩,70.9,70.9,67.7,68.2,-,1.3,619840,42715876.0,-56485,0,3000,232515,0,7000,289000,0,4000
20260713,1414,東和,19.5,19.5,18.65,19.3,-,0.1,171339,3262749.0,-60000,0,6000,12000,0,23000,72000,0,17000
20260713,6706,惠特,141.0,141.0,128.5,131.0,-,8.0,2103810,278606835.0,-36322,0,-17690,769355,0,45241,805677,0,62931
20260713,6416,瑞祺電通,102.0,102.5,95.3,96.7,-,1.7,1650833,162669129.0,-55472,0,937,441528,0,3000,497000,0,2063
20260713,5284,jpp-KY,330.0,332.0,308.0,310.0,-,20.0,714695,225201210.0,-15113,0,-39508,160115,0,12164,175228,0,51672
20260713,2038,海光,13.2,13.4,13.0,13.05,-,0.15,305754,4003992.0,-54000,0,-1000,59000,0,6000,113000,0,7000
20260713,2430,燦坤,18.05,18.15,17.9,18.0,,0.0,249779,4493536.0,-57000,0,2000,33000,0,2000,90000,0,0
20260713,6835,圓裕,34.7,34.7,32.75,33.75,-,0.6,230309,7691093.0,-55880,0,0,50120,0,0,106000,0,0
20260713,2614,東森,18.3,18.35,18.2,18.35,+,0.15,401344,7348233.0,-57019,0,1000,82981,0,3000,140000,0,2000
20260713,00956,中信日經高股息,12.53,12.53,12.46,12.46,-,0.07,271822,3394049.0,-50000,0,-6877,0,0,164000,50000,0,170877
20260713,3380,明泰,34.2,34.8,33.25,33.65,-,0.1,1622084,55071320.0,-54465,0,-2850,734035,0,14001,788500,0,16851
20260713,00965,元大航太防衛科技,25.05,25.05,24.74,24.81,+,0.05,799629,19872319.0,-211000,0,153602,88000,0,173000,299000,0,19398
20260713,8442,威宏-KY,45.5,45.9,43.8,44.0,-,1.5,146774,6525944.0,-52000,0,-6266,32000,0,0,84000,0,6266
20260713,4720,德淵,23.55,23.85,22.75,22.9,-,0.65,1086923,25124598.0,-9000,0,-49291,243000,0,22000,252000,0,71291
20260713,1449,佳和,14.2,14.2,13.55,13.6,-,0.25,944029,13079053.0,-46000,0,-13000,185000,0,0,231000,0,13000
20260713,3027,盛達,20.45,20.7,19.95,20.0,-,0.4,326270,6589996.0,-67000,0,7459,105000,0,18000,172000,0,10541
20260713,7760,享溫馨,35.45,35.9,33.5,35.0,-,0.6,201325,7098696.0,-56000,0,-5000,25000,0,9000,81000,0,14000
20260713,3321,同泰,20.2,22.55,20.0,20.4,-,1.4,952813,19683399.0,27899,0,-89000,261000,0,5000,233101,0,94000
20260713,9933,中鼎,41.15,41.3,40.3,40.6,-,0.5,1669296,67815429.0,-76338,-3000,18052,879265,0,22001,955603,3000,3949
20260713,4915,致伸,69.1,69.8,67.5,67.9,-,0.9,2636011,180375230.0,-209985,158000,-9463,1215015,160000,26849,1425000,2000,36312
20260713,5531,鄉林,7.95,7.97,7.9,7.95,,0.0,332560,2637541.0,-67000,0,5000,150000,0,5000,217000,0,0
20260713,5533,皇鼎,13.55,13.65,13.45,13.55,,0.0,204987,2772047.0,-56000,0,-6000,24000,0,1000,80000,0,7000
20260713,2471,資通,53.6,53.6,52.5,52.8,-,0.4,113478,5999837.0,-64000,0,2000,12000,0,5000,76000,0,3000
20260713,2032,新鋼,16.4,16.4,16.05,16.1,-,0.3,247824,4007099.0,-43010,0,-19000,57000,0,3000,100010,0,22000
20260713,2007,燁興,7.44,7.44,7.14,7.2,-,0.11,304261,2199222.0,-65000,0,2000,30000,0,2000,95000,0,0
20260713,6281,全國電,51.4,51.5,51.0,51.0,-,1.0,101555,5205774.0,-67000,0,4000,6000,0,5000,73000,0,1000
20260713,5907,大洋-KY,5.02,5.02,4.9,4.9,-,0.1,214670,1061903.0,-66000,0,3000,22000,0,3000,88000,0,0
20260713,6994,富威電力,41.4,42.4,40.6,41.7,+,0.3,803257,33426714.0,-64000,0,699,243000,0,1001,307000,0,302
20260713,00737,國泰AI機器人,38.97,39.07,38.79,38.79,+,0.07,170840,6648445.0,-59000,0,-7243,1000,0,37042,60000,0,44285
20260713,7803,雲象科技-創,22.55,22.55,22.15,22.15,-,0.55,192652,4301436.0,-72000,0,5455,6000,0,7000,78000,0,1545
20260713,1713,國化,47.85,48.15,47.7,47.8,-,0.05,173103,8293549.0,-65000,0,-2000,14000,0,1000,79000,0,3000
20260713,2013,中鋼構,41.3,41.35,40.7,40.95,-,0.45,133999,5476722.0,-70940,0,3655,9060,0,11000,80000,0,7345
20260713,2466,冠西電,102.0,102.0,99.0,100.5,+,2.0,2206382,221749631.0,-70350,0,2845,237947,0,9000,308297,0,6155
20260713,6658,聯策,181.5,183.0,173.0,175.5,-,4.0,690032,122849858.0,-69061,0,-272,181010,0,4000,250071,0,4272
20260713,7610,聯友金屬-創,2380.0,2425.0,2290.0,2425.0,,0.0,567676,1350508875.0,-75014,0,4784,145000,0,36414,220014,0,31630
20260713,6695,芯鼎,54.4,55.2,53.1,54.1,+,0.4,713116,38524019.0,-72245,0,823,253188,0,9000,325433,0,8177
20260713,2451,創見,258.0,258.5,250.5,252.5,-,1.0,3320934,843547589.0,-261431,242000,-52252,1769090,291000,17533,2030521,49000,69785
20260713,3229,晟鈦,40.95,41.3,38.05,38.3,-,0.45,295271,11654908.0,-74000,0,2000,60000,0,4000,134000,0,2000
20260713,9910,豐泰,67.6,68.2,66.8,67.4,-,0.1,1228571,82729530.0,-68000,-24000,19594,741000,33000,29008,809000,57000,9414
20260713,6862,三集瑞-KY,186.0,186.0,171.0,172.5,-,9.0,531970,93298349.0,-50199,0,-22936,101120,0,633,151319,0,23569
20260713,2462,良得電,22.9,22.9,21.8,21.9,-,0.95,363977,8078995.0,-79000,0,5567,87000,0,15000,166000,0,9433
20260713,2505,國揚,18.15,18.15,17.7,17.9,-,0.05,199440,3552500.0,-83000,0,9000,39000,0,11000,122000,0,2000
20260713,3015,全漢,64.1,65.7,62.6,63.2,-,1.0,1251593,79590454.0,-72727,0,-1452,394273,0,8000,467000,0,9452
20260713,7750,新代,2190.0,2215.0,2020.0,2030.0,-,35.0,257248,545585260.0,-78610,0,4217,85043,0,7191,163653,0,2974
20260713,2069,運錩,18.2,18.2,17.95,18.0,-,0.2,411465,7432213.0,-78000,0,3000,81000,0,19000,159000,0,16000
20260713,8374,羅昇,86.2,91.9,86.1,86.4,+,0.6,675409,60048138.0,-78950,0,3806,110050,0,4006,189000,0,200
20260713,2739,寒舍,34.25,34.3,33.5,34.05,-,0.2,162635,5529867.0,-77000,0,0,17000,0,3000,94000,0,3000
20260713,0061,元大寶滬深,25.04,25.13,24.64,24.64,-,0.35,166002,4130128.0,25000,0,-102072,28000,0,677,3000,0,102749
20260713,1103,嘉泥,13.45,13.65,13.45,13.55,+,0.15,512183,6942304.0,-92000,0,14000,137000,0,20000,229000,0,6000
20260713,3622,洋華,56.0,56.4,55.1,55.8,-,0.1,171618,9548245.0,-79000,0,136,44000,0,2000,123000,0,1864
20260713,1529,樂事綠能,22.1,22.1,21.3,21.45,-,0.3,517963,11153249.0,-79214,0,0,132000,0,4000,211214,0,4000
20260713,6405,悅城,55.8,57.5,52.0,54.6,-,1.1,1758061,97262518.0,-82000,0,2337,578000,0,9000,660000,0,6663
20260713,4552,力達-KY,19.85,19.85,19.4,19.45,-,0.2,105397,2056866.0,-81000,0,0,3000,0,0,84000,0,0
20260713,3130,一零四,220.5,222.5,220.5,221.0,+,0.5,188274,41633696.0,-80000,0,-2000,57000,0,2000,137000,0,4000
20260713,6215,和椿,113.5,119.5,111.0,111.0,-,2.5,2026650,232945786.0,-86834,0,4623,390246,0,14999,477080,0,10376
20260713,9931,欣高,33.3,33.35,33.0,33.0,-,0.3,126052,4173627.0,-82000,0,-580,6000,0,0,88000,0,580
20260713,6224,聚鼎,74.5,74.6,67.1,67.3,-,7.2,1753751,121264352.0,-82850,0,0,527150,0,5000,610000,0,5000
20260713,2911,麗嬰房,8.0,8.0,7.46,7.5,-,0.34,342142,2629761.0,-70000,0,-13005,75000,0,10000,145000,0,23005
20260713,1786,科妍,54.4,55.1,53.8,53.8,-,2.2,319256,17344313.0,-87000,0,3946,80000,0,5001,167000,0,1055
20260713,1319,東陽,76.0,77.0,75.2,75.2,-,0.6,2619629,198644889.0,-575450,0,491475,1048550,0,502000,1624000,0,10525
20260713,2017,官田鋼,9.13,9.19,9.0,9.03,-,0.09,593544,5378991.0,-87720,0,3000,165000,0,31000,252720,0,28000
20260713,6781,AES-KY,1145.0,1165.0,1100.0,1105.0,-,25.0,652214,733758475.0,-61610,0,-23709,113347,0,47272,174957,0,70981
20260713,8081,致新,285.0,285.5,268.5,276.5,-,6.5,1469847,406515900.0,-190170,119000,-14551,597300,120000,17000,787470,1000,31551
20260713,1524,耿鼎,28.5,28.55,27.8,27.8,-,0.5,488128,13704329.0,-86000,0,0,80000,0,2000,166000,0,2000
20260713,4562,穎漢,34.75,36.3,34.0,34.1,+,0.1,543092,18894108.0,-106000,0,19577,94000,0,26000,200000,0,6423
20260713,1436,華友聯,44.9,45.3,44.35,44.9,,0.0,463987,20705036.0,-86000,0,-1000,105000,0,1000,191000,0,2000
20260713,2617,台航,30.55,30.7,30.1,30.1,-,0.4,1054150,31940374.0,-65000,0,-22512,407000,0,9000,472000,0,31512
20260713,6591,動力-KY,49.85,49.85,47.4,47.75,-,1.65,371836,17851674.0,-92000,0,2470,76000,0,7000,168000,0,4530
20260713,1762,中化生,37.6,37.95,37.15,37.9,-,0.25,302499,11337963.0,-85001,0,-7550,62000,0,7000,147001,0,14550
20260713,8072,陞泰,29.35,29.35,28.0,28.35,-,0.75,229900,6534722.0,-92000,0,-1000,33000,0,10000,125000,0,11000
20260713,6805,富世達,1465.0,1485.0,1395.0,1410.0,-,50.0,768579,1092517460.0,-89937,7000,-11823,279489,7000,9444,369426,0,21267
20260713,6176,瑞儀,90.7,91.4,89.5,90.0,-,0.6,3970962,357896515.0,159280,-157000,-97130,2477280,3000,44661,2318000,160000,141791
20260713,3010,華立,118.0,119.5,116.5,118.5,+,1.0,864058,102040903.0,-82620,-1000,-14917,397427,0,7000,480047,1000,21917
20260713,4532,瑞智,26.2,26.7,25.85,26.2,+,0.15,1879537,49231852.0,-49908,0,-50000,537092,0,17000,587000,0,67000
20260713,2395,研華,557.0,593.0,535.0,536.0,-,4.0,4473042,2472705333.0,-183083,45265,35513,2698349,46265,83056,2881432,1000,47543
20260713,3346,麗清,25.15,25.15,23.75,23.85,-,2.5,2714631,65399012.0,-111000,0,8450,538000,0,23000,649000,0,14550
20260713,2545,皇翔,34.9,34.95,34.5,34.8,,0.0,353956,12270341.0,-107000,0,4235,30000,0,14000,137000,0,9765
20260713,2243,宏旭-KY,50.9,53.6,49.3,49.9,-,1.1,1440069,73759207.0,-105050,0,2000,554950,0,5000,660000,0,3000
20260713,00932,兆豐永續高息等權,17.88,17.98,17.6,17.7,-,0.12,341486,6060974.0,-207000,0,103874,17000,0,129248,224000,0,25374
20260713,6216,居易,23.05,23.1,22.4,22.55,-,0.6,237609,5392142.0,-106000,0,1758,22000,0,5000,128000,0,3242
20260713,2204,中華,57.6,57.6,56.6,57.1,+,0.1,592863,33778512.0,-148000,3000,40000,128000,3000,58000,276000,0,18000
20260713,3518,柏騰,30.2,30.25,29.4,29.65,-,0.2,708112,21081301.0,-97000,0,-9000,190000,0,4000,287000,0,13000
20260713,8438,昶昕,96.0,96.7,91.0,91.8,-,2.0,304693,28281510.0,-83000,0,-23000,68000,0,1000,151000,0,24000
20260713,3447,展達,37.9,37.9,35.5,35.75,-,1.3,253415,9182937.0,-111000,0,0,17000,0,0,128000,0,0
20260713,1447,力鵬,8.54,8.8,8.4,8.43,+,0.05,2883862,24667549.0,-113194,0,2000,153000,0,36000,266194,0,34000
20260713,2461,光群雷,17.3,17.35,16.95,16.95,-,0.35,622403,10623136.0,-110000,0,-7000,144000,0,9000,254000,0,16000
20260713,3530,晶相光,65.5,65.5,61.7,62.3,-,2.9,278057,17500832.0,-116000,0,-1169,49000,0,8000,165000,0,9169
20260713,1560,中砂,727.0,727.0,695.0,700.0,-,9.0,721561,511795162.0,-159609,52000,-10138,283207,52000,15886,442816,0,26024
20260713,4545,銘鈺,38.75,38.75,36.05,36.35,-,1.95,243908,8951029.0,-119000,0,1000,24000,0,4000,143000,0,3000
20260713,9958,世紀鋼,118.0,119.0,116.5,116.5,-,0.5,1294014,151901931.0,-98989,2000,-21395,443317,2000,14000,542306,0,35395
20260713,6283,淳安,23.2,23.4,21.75,21.8,-,1.4,244311,5438073.0,-120000,0,1000,28000,0,1000,148000,0,0
20260713,2258,鴻華先進-創,31.6,31.8,30.75,31.5,-,0.3,728314,22758703.0,-148000,0,27992,54000,0,48000,202000,0,20008
20260713,1533,車王電,37.55,38.4,35.75,36.05,-,0.8,374779,13691381.0,-110000,0,-11000,92000,0,8000,202000,0,19000
20260713,2419,仲琦,28.2,28.35,27.4,27.4,-,0.5,715241,19804763.0,-122000,0,201,191000,0,6002,313000,0,5801
20260713,6168,宏齊,29.3,29.9,27.95,28.35,-,0.5,2453112,70124375.0,-124000,0,762,694000,0,11000,818000,0,10238
20260713,6552,易華電,29.85,29.85,28.2,28.3,-,1.15,227498,6529860.0,-123960,0,0,33040,0,6000,157000,0,6000
20260713,6924,榮惠-KY創,124.0,125.0,118.5,125.0,-,5.0,193800,24037176.0,-131010,0,6919,5000,0,9000,136010,0,2081
20260713,1108,幸福,13.7,13.7,13.6,13.65,,0.0,643070,8780720.0,-127000,0,2000,31000,0,2000,158000,0,0
20260713,3038,全台,22.0,22.0,21.25,21.3,-,0.55,247173,5312947.0,-124000,0,-1000,31000,0,7000,155000,0,8000
20260713,00639,富邦深100,17.82,17.99,17.19,17.19,-,0.62,1041513,18275990.0,-212000,0,86865,59000,0,521000,271000,0,434135
20260713,6209,今國光,81.1,84.7,80.7,82.8,+,2.0,9630421,797058885.0,-103707,0,-22130,2119813,0,115966,2223520,0,138096
20260713,2538,基泰,9.86,9.89,9.8,9.81,-,0.1,312630,3074090.0,-126000,0,-1000,55000,0,4000,181000,0,5000
20260713,4722,國精化,258.0,263.0,243.0,247.0,-,9.5,882617,222304882.0,-96849,0,-30811,222119,0,4500,318968,0,35311
20260713,9955,佳龍,26.1,26.2,25.45,25.55,-,0.65,379995,9794209.0,-130065,0,0,67000,0,0,197065,0,0
20260713,2506,太設,8.94,8.95,8.85,8.89,-,0.01,208216,1850511.0,-131000,0,-3000,26000,0,4000,157000,0,7000
20260713,00949,復華日本龍頭,20.54,20.66,20.35,20.35,-,0.31,865050,17710436.0,-25953,0,-110027,3047,0,516498,29000,0,626525
20260713,6117,迎廣,71.8,71.8,69.0,69.4,-,3.0,591825,41368920.0,-112950,0,-23048,69050,0,6000,182000,0,29048
20260713,4968,立積,110.5,112.0,108.0,108.5,-,1.5,417261,45590900.0,-129000,1000,-8702,57000,1000,11000,186000,0,19702
20260713,00861,元大全球未來通訊,90.85,91.05,89.45,89.45,-,0.05,501971,45290030.0,-113460,0,-23917,2540,0,300000,116000,0,323917
20260713,3665,貿聯-KY,1865.0,1910.0,1830.0,1865.0,,0.0,1503926,2814008640.0,-91743,-72399,24522,795234,4601,62030,886977,77000,37508
20260713,3661,世芯-KY,4230.0,4300.0,4090.0,4135.0,-,75.0,1516848,6321415970.0,-120620,12466,-34772,598937,12466,34398,719557,0,69170
20260713,2530,華建,19.7,19.7,19.15,19.6,-,0.15,533643,10352805.0,-227809,80000,3000,116191,80000,4000,344000,0,1000
20260713,6108,競國,18.8,18.8,18.05,18.15,-,0.45,988889,18009202.0,-135113,0,-10648,110000,0,4000,245113,0,14648
20260713,1532,勤美,23.0,23.1,22.6,22.75,-,0.3,409261,9302357.0,-161000,0,13089,37000,0,21000,198000,0,7911
20260713,1104,環泥,27.3,27.3,27.0,27.1,,0.0,612238,16583206.0,-98962,0,-52003,230038,0,35000,329000,0,87003
20260713,3437,榮創,20.9,21.1,20.2,20.25,-,0.5,793422,16184026.0,-154000,0,3000,205000,0,14000,359000,0,11000
20260713,1563,巧新,68.5,69.5,63.8,64.3,-,3.4,2252054,148026475.0,-148055,0,-4765,389070,0,12000,537125,0,16765
20260713,1446,宏和,14.85,14.95,14.5,14.6,-,0.4,570802,8352931.0,-150000,0,-3000,55000,0,15000,205000,0,18000
20260713,6272,驊陞,31.45,31.45,30.0,30.0,-,1.45,335436,10160126.0,-154000,0,-64,14000,0,1000,168000,0,1064
20260713,3051,力特,25.3,25.55,24.25,24.65,-,0.55,1211250,30012529.0,-153971,0,-472,232100,0,8000,386071,0,8472
20260713,2608,嘉里大榮,29.5,29.5,29.2,29.35,-,0.1,348471,10224203.0,-159000,0,4000,56000,0,25000,215000,0,21000
20260713,4976,佳凌,38.3,40.35,36.85,37.0,-,1.3,2349886,90573601.0,-174000,0,15618,480000,0,21000,654000,0,5382
20260713,3708,上緯投控,108.0,108.0,103.5,105.0,-,1.5,561370,58870746.0,-202368,50000,-7109,105054,50000,5000,307422,0,12109
20260713,1603,華電,32.1,32.45,31.85,31.85,-,0.15,1524339,51814380.0,-161000,0,0,29000,0,1000,190000,0,1000
20260713,3583,辛耘,830.0,842.0,786.0,794.0,-,23.0,1054901,848648676.0,-144314,0,-17256,358780,0,64929,503094,0,82185
20260713,6243,迅杰,39.55,40.45,36.05,36.05,-,3.5,465847,17541710.0,-151000,0,-10784,4000,0,4000,155000,0,14784
20260713,00690,兆豐藍籌30,79.05,79.25,77.05,77.55,-,0.75,598423,46653176.0,2199,0,-164024,16199,0,182000,14000,0,346024
20260713,2413,環科,46.1,47.05,44.6,45.75,+,0.45,2496286,114880662.0,-162023,0,-11,809000,0,7000,971023,0,7011
20260713,8213,志超,34.45,34.7,33.95,34.2,+,0.1,466887,15987292.0,-139946,0,-23000,146054,0,6000,286000,0,29000
20260713,00920,富邦ESG綠色電力,25.02,25.02,24.7,24.7,-,0.32,489687,12173268.0,-303000,0,137525,0,0,242417,303000,0,104892
20260713,2423,固緯,79.5,82.0,74.3,78.3,-,1.4,646257,49769767.0,-158060,0,-8000,166000,0,5000,324060,0,13000
20260713,8404,百和興業-KY,16.9,17.85,16.7,16.9,+,0.1,484475,8262205.0,-182999,0,12000,65001,0,29000,248000,0,17000
20260713,3528,安馳,99.3,99.5,91.2,92.8,-,6.5,728436,68965682.0,-174100,0,-176,134000,0,8000,308100,0,8176
20260713,6024,群益期,65.0,65.4,63.7,63.8,-,0.7,477198,30723153.0,-176090,0,1000,70000,0,1000,246090,0,0
20260713,4540,全球傳動,59.0,62.5,58.0,58.5,-,0.8,1742189,104401302.0,-182594,0,7418,310406,0,21000,493000,0,13582
20260713,00962,台新AI優息動能,15.0,15.04,14.61,14.74,-,0.07,378668,5618518.0,-108000,0,-67887,3000,0,137000,111000,0,204887
20260713,3376,新日興,197.0,198.0,192.0,194.0,,0.0,1708590,332505071.0,-48700,-30000,-104350,507300,0,43585,556000,30000,147935
20260713,2415,錩新,38.0,38.0,35.3,36.2,-,2.1,1103986,40376578.0,-196000,0,12661,231220,0,20000,427220,0,7339
20260713,1503,士電,222.5,225.5,218.5,220.0,-,1.5,1692495,374563482.0,-168640,0,-17706,559008,0,114339,727648,0,132045
20260713,4960,誠美材,24.1,24.85,22.9,23.35,-,0.3,3660900,87101425.0,-192112,0,5631,1131888,0,26002,1324000,0,20371
20260713,1229,聯華,40.35,40.5,39.85,40.3,+,0.2,2566612,102870725.0,-234810,5000,42558,758030,5000,72000,992840,0,29442
20260713,8996,高力,1240.0,1305.0,1225.0,1240.0,+,10.0,1677436,2109324990.0,-217845,26967,2786,776955,27000,64184,994800,33,61398
20260713,6115,鎰勝,46.55,46.55,45.5,45.75,-,0.25,336442,15428746.0,-193000,0,3000,37000,0,12000,230000,0,9000
20260713,5234,達興材料,389.5,392.5,366.5,369.5,-,11.0,544140,204532950.0,-170762,0,-20848,145000,0,12000,315762,0,32848
20260713,1712,興農,39.5,39.65,39.35,39.45,-,0.15,539094,21258097.0,-186000,0,-5646,183000,0,28000,369000,0,33646
20260713,1732,毛寶,27.0,27.0,25.85,25.95,-,1.05,536709,13982381.0,-193000,0,1000,27000,0,1000,220000,0,0
20260713,1909,榮成,10.25,10.45,10.15,10.25,-,0.05,4285957,44119212.0,-207000,0,15000,1826000,0,38000,2033000,0,23000
20260713,2414,精技,66.2,67.7,62.5,63.8,+,2.2,1176243,76341620.0,-176432,0,-16000,246568,0,5000,423000,0,21000
20260713,6451,訊芯-KY,524.0,529.0,478.5,490.0,-,28.0,3635748,1819302024.0,-185942,0,-6917,939470,0,50387,1125412,0,57304
20260713,6672,騰輝電子-KY,300.5,303.5,273.0,275.0,-,23.0,3858200,1094065496.0,-112690,0,-81799,1027310,0,61956,1140000,0,143755
20260713,8104,錸寶,41.05,41.8,39.0,40.6,-,0.55,2428817,98679930.0,-196000,0,0,295000,0,0,491000,0,0
20260713,6152,百一,13.65,13.65,13.05,13.2,-,0.25,642533,8515479.0,-199938,0,-1000,135062,0,1000,335000,0,2000
20260713,6409,旭隼,1110.0,1115.0,1035.0,1055.0,-,50.0,1304505,1387159920.0,-186652,-5957,-10111,443705,1043,29316,630357,7000,39427
20260713,2390,云辰,12.85,12.85,12.1,12.15,-,0.75,1478292,18397189.0,-166484,0,-38432,315541,0,2000,482025,0,40432
20260713,3057,喬鼎,19.0,19.2,17.1,17.2,-,1.8,450664,7909640.0,-209000,0,0,40000,0,0,249000,0,0
20260713,8039,台虹,169.0,169.0,169.0,169.0,+,15.0,8932894,1509659086.0,-317111,0,105727,0,0,209247,317111,0,103520
20260713,1618,合機,38.9,39.0,38.2,38.65,-,0.15,999997,38601139.0,-184000,0,-27412,182000,0,4000,366000,0,31412
20260713,2484,希華,91.3,93.6,83.7,84.3,-,6.4,36599637,3219595065.0,-203894,0,-7766,10324147,0,57215,10528041,0,64981
20260713,3011,今皓,13.1,13.3,12.85,12.85,-,0.25,947022,12331040.0,-211880,0,0,213260,0,4000,425140,0,4000
20260713,3024,憶聲,12.4,12.4,12.1,12.3,-,0.1,2279761,27844616.0,-198000,0,-18000,686000,0,24000,884000,0,42000
20260713,7795,長廣,583.0,583.0,552.0,552.0,,0.0,723482,406642056.0,-224181,0,7708,136000,0,8000,360181,0,292
20260713,2402,毅嘉,65.1,65.2,62.0,62.2,-,2.2,2736802,172912499.0,-126462,0,-91017,497538,0,36000,624000,0,127017
20260713,3044,健鼎,455.0,459.0,433.5,439.0,-,9.5,3231388,1426562363.0,-220049,4038,-2120,1993649,5038,99363,2213698,1000,101483
20260713,2457,飛宏,28.05,28.45,27.3,27.65,-,0.2,1806619,50069677.0,-173771,0,-44984,604229,0,22000,778000,0,66984
20260713,3406,玉晶光,634.0,650.0,609.0,609.0,-,7.0,2579835,1617476191.0,-238498,1000,18114,1237902,1000,76069,1476400,0,57955
20260713,2345,智邦,2565.0,2565.0,2400.0,2405.0,-,65.0,2111638,5182175855.0,-63383,-63541,-96515,1213689,48459,78239,1277072,112000,174754
20260713,3094,聯傑,40.6,41.2,37.75,38.4,-,1.95,2704622,105451644.0,-214760,0,-10000,653240,0,10000,868000,0,20000
20260713,00963,中信全球高股息,12.84,12.84,12.77,12.83,+,0.08,1118258,14345186.0,-254000,0,21196,6000,0,339396,260000,0,318200
20260713,00909,國泰數位支付服務,46.1,46.1,45.64,45.64,-,0.16,525838,24116102.0,-173964,0,-59747,2036,0,42310,176000,0,102057
20260713,6715,嘉基,391.5,396.0,368.0,373.0,-,18.5,696392,263807523.0,-212000,-16000,-6355,208000,0,12425,420000,16000,18780
20260713,2727,王品,240.5,242.5,239.0,239.0,-,1.5,641523,153894107.0,-226445,0,-9450,148000,0,6000,374445,0,15450
20260713,6573,虹揚-KY,27.8,28.1,25.2,26.0,-,1.95,1850371,48454443.0,-237961,0,2000,195039,0,3000,433000,0,1000
20260713,6139,亞翔,894.0,900.0,869.0,883.0,+,8.0,2806447,2480482821.0,-309118,3000,69056,1013086,3000,164520,1322204,0,95464
20260713,5484,慧友,53.9,53.9,47.7,49.15,-,0.15,1499705,75685027.0,-239000,0,-2040,70000,0,7000,309000,0,9040
20260713,00636,國泰中國A50,28.68,28.68,27.97,27.97,-,0.52,456507,12889971.0,-53000,0,-188930,0,0,144009,53000,0,332939
20260713,1611,中電,13.15,13.25,12.85,12.9,-,0.25,656685,8518943.0,-244960,0,1068,52040,0,12000,297000,0,10932
20260713,3592,瑞鼎,275.5,275.5,254.5,255.5,-,17.0,1160055,301969894.0,-334404,112000,-24459,198600,112000,2000,533004,0,26459
20260713,3419,譁裕,13.8,13.8,12.85,13.15,-,0.55,517696,6829823.0,-248000,0,1000,9000,0,2000,257000,0,1000
20260713,3050,鈺德,12.55,12.55,12.0,12.1,-,0.35,880113,10691897.0,-248115,0,1000,142000,0,7000,390115,0,6000
20260713,3037,欣興,921.0,948.0,892.0,903.0,+,28.0,33722307,31045938081.0,-1793611,1498619,47688,11172445,1524619,1005211,12966056,26000,957523
20260713,2483,百容,68.9,68.9,61.2,61.2,-,6.8,2425644,154369855.0,-262000,0,7944,189000,0,9000,451000,0,1056
20260713,3703,欣陸,20.65,20.8,20.4,20.55,-,0.05,738626,15169577.0,-276457,0,10420,93000,0,19000,369457,0,8580
20260713,8103,瀚荃,90.6,92.1,87.6,89.2,,0.0,853316,76152925.0,-224241,0,-41831,214009,0,16405,438250,0,58236
20260713,00876,元大全球5G,96.95,96.95,93.9,93.9,-,0.75,624047,59225508.0,-340066,0,70696,14934,0,286000,355000,0,215304
20260713,2009,第一銅,38.3,38.4,37.8,37.9,-,0.2,766231,29145306.0,-263000,0,-8153,98000,0,12000,361000,0,20153
20260713,4952,凌通,58.4,58.4,54.8,55.5,-,2.3,1078918,60543325.0,-269459,0,-7194,233541,0,7000,503000,0,14194
20260713,2472,立隆電,375.0,379.0,338.5,343.0,-,33.0,7766648,2731020464.0,-139113,-110000,-32930,2035987,0,106828,2175100,110000,139758
20260713,00923,群益台ESG低碳50,42.44,42.7,41.71,41.85,-,0.17,2827748,119400318.0,-447745,0,163496,257255,0,1623300,705000,0,1459804
20260713,4763,材料*-KY,46.95,48.2,46.3,47.25,-,0.35,5785188,272491886.0,-171899,0,-114569,1074553,0,49878,1246452,0,164447
20260713,5292,華懋,191.0,193.0,180.0,180.0,-,12.5,516709,95136559.0,-277700,0,-9961,60000,0,0,337700,0,9961
20260713,2636,台驊控股,70.5,71.3,69.4,69.7,-,0.8,842525,58946144.0,-262471,0,-26944,175000,0,15000,437471,0,41944
20260713,2474,可成,196.0,198.0,190.5,192.5,-,3.0,4208741,812674820.0,-206139,-50000,-35678,1726856,22000,94000,1932995,72000,129678
20260713,9103,美德醫療-DR,5.12,5.12,4.95,4.97,-,0.08,1070678,5353316.0,-295000,0,1591,53000,0,3044,348000,0,1453
20260713,3209,全科,61.8,62.9,59.0,59.9,+,1.1,2470430,149796270.0,-272810,0,-23673,869145,0,14348,1141955,0,38021
20260713,4576,大銀微系統,220.5,227.5,208.0,209.5,-,8.5,1805319,390431251.0,-283055,0,-14234,460030,0,57844,743085,0,72078
20260713,3092,鴻碩,28.5,29.05,26.2,26.55,-,2.25,1361846,37372020.0,-300000,0,846,289000,0,11000,589000,0,10154
20260713,4764,雙鍵,320.0,340.0,302.5,302.5,-,33.5,2732785,855742332.0,-317744,0,18231,591296,0,24477,909040,0,6246
20260713,2444,兆勁,12.4,12.6,12.1,12.2,-,0.2,589832,7247283.0,-311000,0,1000,68000,0,1000,379000,0,0
20260713,2387,精元,39.9,39.95,38.75,38.85,-,1.0,474947,18568863.0,-309000,0,-2910,41000,0,5000,350000,0,7910
20260713,9946,三發地產,19.8,19.8,18.7,18.7,-,1.2,927998,17708585.0,-377850,50000,13000,111150,50000,24000,489000,0,11000
20260713,2030,彰源,17.8,17.9,17.3,17.4,-,0.4,924925,16212073.0,-288050,0,-29000,162000,0,14000,450050,0,43000
20260713,00912,中信臺灣智慧50,34.35,34.58,33.8,33.96,-,0.15,603746,20577318.0,-157000,0,-167937,10000,0,154045,167000,0,321982
20260713,8011,台通,17.5,17.55,16.9,17.05,-,0.45,1364377,23391468.0,-326000,0,-2000,118000,0,4000,444000,0,6000
20260713,00922,國泰台灣領袖50,40.86,41.05,40.15,40.35,-,0.04,5964390,242217421.0,6884,0,-337039,673884,0,2194380,667000,0,2531419
20260713,8016,矽創,367.5,368.0,327.0,327.0,-,36.0,3354086,1133281513.0,-301397,122000,-155662,932858,123000,8025,1234255,1000,163687
20260713,6446,藥華藥,1275.0,1310.0,1230.0,1250.0,-,35.0,3373173,4266405320.0,-389963,53000,990,1266630,53000,58113,1656593,0,57123
20260713,3003,健和興,67.2,67.2,63.4,64.1,-,2.0,937847,60675021.0,-336900,0,657,184330,0,9222,521230,0,8565
20260713,2340,台亞,38.1,39.65,36.85,37.25,+,0.75,8284627,314660289.0,-450757,0,105943,2628170,0,198431,3078927,0,92488
20260713,8215,明基材,28.5,28.7,27.15,27.4,-,0.9,1436893,39644207.0,-342999,0,-4275,362001,0,9000,705000,0,13275
20260713,7780,大研生醫*,18.05,18.15,17.7,17.9,,0.0,1268578,22672293.0,-326452,0,-22806,92548,0,18000,419000,0,40806
20260713,00964,中信亞太高股息,14.3,14.35,14.0,14.05,-,0.1,2007447,28447863.0,-620000,0,268029,39000,0,1133041,659000,0,865012
20260713,2536,宏普,19.3,19.75,19.25,19.55,,0.0,1178900,22927575.0,-337850,0,-15000,174150,0,9000,512000,0,24000
20260713,1219,福壽,12.35,12.35,11.75,11.9,-,0.3,2682441,31879394.0,-355015,0,-1000,498250,0,34000,853265,0,35000
20260713,3031,佰鴻,31.2,31.3,28.9,29.05,-,1.8,1942797,57571833.0,-355575,0,-2192,359995,0,15000,715570,0,17192
20260713,2362,藍天,43.15,43.25,41.7,42.15,-,1.25,1345177,56818748.0,-370701,0,10698,348299,0,19000,719000,0,8302
20260713,6589,台康生技,49.7,50.6,48.65,50.6,+,2.35,1494720,73890171.0,-365795,0,4281,279205,0,12000,645000,0,7719
20260713,2417,圓剛,46.0,46.5,44.65,45.3,+,0.25,1284659,58587424.0,-376316,0,2000,303684,0,5000,680000,0,3000
20260713,3694,海華,65.8,67.7,64.5,67.6,+,2.6,5465902,361730084.0,-398411,0,19797,1069589,0,50000,1468000,0,30203
20260713,6191,精成科,103.5,105.5,101.0,101.5,+,0.5,5674955,583994448.0,-341950,0,-42257,986050,0,35093,1328000,0,77350
20260713,2542,興富發,44.35,44.35,43.1,43.25,-,0.35,5065808,220359866.0,-701982,280000,34332,2377821,280000,107566,3079803,0,73234
20260713,1514,亞力,123.0,123.0,118.5,120.5,-,2.0,2748300,330947806.0,-361939,0,-26639,589061,0,36605,951000,0,63244
20260713,3712,永崴投控,17.1,17.3,16.55,16.85,-,0.35,1259665,21385071.0,-394000,0,-3000,381000,0,4000,775000,0,7000
20260713,3023,信邦,328.0,332.0,318.0,324.0,-,2.0,1294551,418595053.0,-420727,0,15414,547100,1000,25088,967827,1000,9674
20260713,1907,永豐餘,27.45,27.45,26.9,27.05,,0.0,1363334,36862015.0,-471000,7000,31000,480000,7000,48000,951000,0,17000
20260713,1721,三晃,24.25,24.75,23.2,23.35,-,0.5,1226735,29100986.0,-437574,0,4000,112426,0,4000,550000,0,0
20260713,3058,立德,9.77,9.85,9.11,9.14,-,0.36,914048,8479626.0,-438000,0,3000,94000,0,6000,532000,0,3000
20260713,6449,鈺邦,348.0,350.0,317.0,317.0,-,35.0,2649400,872141691.0,-388028,0,-47833,737099,0,19714,1125127,0,67547
20260713,2633,台灣高鐵,26.75,26.85,26.4,26.45,-,0.25,14795672,392837557.0,-434000,296000,-299511,7103000,300000,116000,7537000,4000,415511
20260713,8476,台境*,24.3,24.3,21.7,22.0,-,2.1,2653395,59108799.0,-443000,0,1000,523000,0,12000,966000,0,11000
20260713,4961,天鈺,178.5,179.5,165.0,171.0,-,5.0,1324174,225729489.0,-564846,140000,-21862,196222,140000,6000,761068,0,27862
20260713,00752,中信中國50,22.55,22.9,22.51,22.56,+,0.08,2331979,52919381.0,-177000,0,-270717,155000,0,815598,332000,0,1086315
20260713,6412,群電,89.3,89.5,85.8,86.7,-,2.1,1967330,171354695.0,-385125,0,-65761,458875,0,23447,844000,0,89208
20260713,3041,揚智,26.95,27.0,25.35,25.8,-,0.65,1378205,35772986.0,-459307,0,507,305693,0,11000,765000,0,10493
20260713,00643,群益深証中小,19.95,20.4,19.39,19.39,-,0.48,4445764,88037025.0,-196000,0,-263496,46000,0,3623576,242000,0,3887072
20260713,6142,友勁,12.0,12.05,10.5,10.65,-,0.6,11564779,133057109.0,-446610,0,-18109,1451000,0,5000,1897610,0,23109
20260713,6206,飛捷,132.5,132.5,126.0,128.5,-,3.0,1687593,216589579.0,-444946,0,-21273,437449,0,9252,882395,0,30525
20260713,3030,德律,301.0,302.5,292.5,299.0,,0.0,1937627,574852642.0,-432925,0,-57335,544255,0,23081,977180,0,80416
20260713,2897,王道銀行,10.55,10.6,10.45,10.5,-,0.05,3729055,39158030.0,-405938,17000,-102250,935000,17000,58000,1340938,0,160250
20260713,3717,聯嘉投控,26.0,26.3,24.95,25.4,-,0.05,4250734,108444647.0,-451554,0,-44800,1025604,0,8000,1477158,0,52800
20260713,5519,隆大,29.5,29.5,28.55,28.9,-,0.75,1328143,38518327.0,-515200,0,6507,131000,0,14000,646200,0,7493
20260713,7799,禾榮科,439.0,441.0,397.0,402.5,-,33.0,1332154,545605707.0,-522670,0,1000,169350,0,5000,692020,0,4000
20260713,6141,柏承,39.2,40.5,37.0,38.05,-,1.0,1802373,69337167.0,-522793,0,-1000,89207,0,4000,612000,0,5000
20260713,6197,佳必琪,364.0,364.0,324.5,328.5,-,30.0,4809830,1613649304.0,-481746,1000,-51806,1280350,1000,173194,1762096,0,225000
20260713,0052,富邦科技,62.3,62.95,61.8,62.1,+,0.1,24847266,1550229555.0,-740657,0,206653,3463590,0,9033861,4204247,0,8827208
20260713,3504,揚明光,80.1,82.9,74.7,76.4,-,5.4,3614190,285530474.0,-529621,0,-19885,942000,0,20254,1471621,0,40139
20260713,1210,大成,57.1,58.2,57.1,57.9,+,0.9,2824026,163632022.0,-781679,214000,17240,712321,215000,62240,1494000,1000,45000
20260713,4949,有成精密,80.5,85.8,79.5,80.7,+,1.7,2796852,228445487.0,-559052,0,-9783,554000,0,5000,1113052,0,14783
20260713,1711,永光,43.5,44.9,41.85,41.9,-,0.9,6116017,263670604.0,-559710,0,-11876,2003290,0,93287,2563000,0,105163
20260713,1795,美時,201.5,203.5,193.0,196.5,-,7.5,2792616,549048602.0,-451119,2000,-123525,469881,2000,36000,921000,0,159525
20260713,3617,碩天,240.0,242.0,225.0,230.5,-,11.5,1564513,361565205.0,-580900,0,7637,207100,0,40213,788000,0,32576
20260713,4306,炎洲,15.0,15.1,14.7,14.75,,0.0,1801512,26791334.0,-489488,0,-103000,313010,0,63000,802498,0,166000
20260713,6282,康舒,58.7,61.7,57.0,58.0,+,0.4,35781394,2111055026.0,-1495674,420000,482463,10570860,420000,1392290,12066534,0,909827
20260713,2022,聚亨,8.13,8.18,7.95,7.95,-,0.12,966909,7766051.0,-591992,0,-3000,61008,0,32000,653000,0,35000
20260713,2014,中鴻,17.2,17.25,16.9,17.05,-,0.1,3522923,59982192.0,-617483,0,18730,516000,0,26000,1133483,0,7270
20260713,00952,凱基台灣AI50,18.54,18.75,18.22,18.38,-,0.07,1323975,24390514.0,-187000,0,-411894,19000,0,275780,206000,0,687674
20260713,4526,東台,38.1,38.6,36.0,37.15,-,0.6,3146572,116969596.0,-579826,0,-21198,818762,0,54854,1398588,0,76052
20260713,00913,兆豐台灣晶圓製造,52.95,53.05,51.4,51.85,+,0.05,1596330,83492387.0,18000,0,-623521,117000,0,363000,99000,0,986521
20260713,00902,中信電池及儲能,13.18,13.18,12.7,12.7,-,0.34,2151251,27749185.0,-225000,0,-388880,144000,0,494000,369000,0,882880
20260713,3049,精金,12.65,12.85,12.0,12.1,-,0.55,5149471,62900298.0,-581174,0,-34000,767000,0,9000,1348174,0,43000
20260713,3062,建漢,24.1,24.35,23.25,23.35,-,0.65,2728486,64540437.0,-606000,0,-14251,593000,0,23000,1199000,0,37251
20260713,2405,輔信,17.7,17.85,16.95,17.2,-,0.3,2235027,38535052.0,-621000,0,0,398000,0,3000,1019000,0,3000
20260713,00911,兆豐洲際半導體,63.0,63.6,61.75,61.8,+,0.35,1338501,83288835.0,-15328,0,-623881,33492,0,457000,48820,0,1080881
20260713,3545,敦泰,58.5,58.7,54.7,55.5,-,2.1,1842249,103122446.0,-604682,0,-37123,529613,0,14100,1134295,0,51223
20260713,1905,華紙,16.0,16.0,15.05,15.1,-,0.65,4772142,73385581.0,-530000,0,-127682,1044000,0,27055,1574000,0,154737
20260713,1444,力麗,8.26,8.58,8.01,8.07,-,0.16,4228751,34884314.0,-640586,0,-29000,1059094,0,74000,1699680,0,103000
20260713,1612,宏泰,33.65,33.95,32.65,32.8,-,0.75,1714630,56755420.0,-657000,0,-13527,391000,0,10501,1048000,0,24028
20260713,2486,一詮,259.0,262.5,249.5,251.0,-,8.0,7094453,1814305798.0,-913627,0,239910,1923107,0,362357,2836734,0,122447
20260713,2421,建準,144.0,144.0,137.0,138.0,-,4.5,1753920,244553694.0,-599331,0,-75950,280249,0,23198,879580,0,99148
20260713,2412,中華電,134.5,135.5,133.0,133.5,,0.0,20063542,2680976494.0,-166448,661221,-1201994,6201087,662221,172006,6367535,1000,1374000
20260713,8070,長華*,52.9,53.7,51.1,52.4,-,0.3,3930932,205350238.0,-690883,-2000,-29446,1176117,0,52367,1867000,2000,81813
20260713,2436,偉詮電,67.9,68.4,64.2,65.0,-,2.2,3856284,253095771.0,-630628,0,-95400,1114534,0,45502,1745162,0,140902
20260713,2338,光罩,48.05,48.65,46.05,46.5,-,1.2,2048633,96581090.0,-702783,0,-52518,450290,0,23635,1153073,0,76153
20260713,3017,奇鋐,2420.0,2420.0,2210.0,2225.0,-,125.0,2704759,6140607380.0,-547528,-177022,-32519,961028,18978,223035,1508556,196000,255554
20260713,00881,國泰台灣科技龍頭,53.95,54.25,53.0,53.3,,0.0,6808593,364702537.0,-681892,0,-88923,803108,0,2878856,1485000,0,2967779
20260713,5469,瀚宇博,82.0,82.4,79.5,80.1,-,0.5,1823774,146803771.0,-770000,0,-8248,213000,0,24000,983000,0,32248
20260713,9904,寶成,24.25,24.6,24.2,24.25,,0.0,16432246,400192726.0,-724600,-244367,171597,9902000,82000,180000,10626600,326367,8403
20260713,2464,盟立,164.5,176.0,163.5,166.0,+,4.5,13922325,2353537835.0,-794076,0,-18467,3169862,0,203242,3963938,0,221709
20260713,6269,台郡,63.1,64.3,61.5,61.9,-,0.6,2960876,185499064.0,-799131,0,-19856,624425,0,35528,1423556,0,55384
20260713,8105,凌巨,20.25,20.4,18.65,18.9,-,1.35,8754847,169156372.0,-846685,0,8997,2660251,0,16000,3506936,0,7003
20260713,1727,中華化,91.5,93.4,86.7,89.5,-,1.4,3682369,330571886.0,-824255,0,-16323,805313,0,102484,1629568,0,118807
20260713,2615,萬海,79.6,79.9,78.8,79.2,-,1.2,5694121,451051503.0,-665672,-820,-177197,2672420,3521,78263,3338092,4341,255460
20260713,1722,台肥,47.4,47.75,47.15,47.2,-,0.35,2346795,110891643.0,-876000,-2000,25510,542000,0,36000,1418000,2000,10490
20260713,2330,台積電,2460.0,2480.0,2440.0,2440.0,+,25.0,35310380,86697387632.0,-2044802,530076,622810,23184896,755576,1270659,25229698,225500,647849
20260713,2454,聯發科,4095.0,4095.0,3825.0,3825.0,-,100.0,7033208,27554314750.0,-773135,-131348,11847,2779352,119652,633630,3552487,251000,621783
20260713,2548,華固,101.0,102.0,100.0,100.0,-,1.0,1526928,153070628.0,-903835,0,2959,229165,0,26000,1133000,0,23041
20260713,3028,增你強,75.4,76.9,71.0,71.2,-,4.0,2792980,203935032.0,-960289,0,43717,417000,0,94271,1377289,0,50554
20260713,3706,神達,92.1,94.1,89.3,90.8,+,2.1,23698394,2161117647.0,-1134532,0,159888,5819883,2000,458595,6954415,2000,298707
20260713,3543,州巧,33.3,33.4,30.3,30.75,-,2.65,2288817,72485247.0,-974221,0,-3028,303070,0,2000,1277291,0,5028
20260713,2903,遠百,22.15,22.25,21.9,22.0,-,0.25,1590107,34974472.0,-572860,-2000,-405336,258140,0,42000,831000,2000,447336
20260713,6550,北極星藥業-KY,13.0,13.0,12.45,12.55,-,0.45,1830748,23248595.0,-1006000,0,9000,249000,0,10000,1255000,0,1000
20260713,2838,聯邦銀,24.0,24.05,23.25,23.45,-,0.35,3999683,93974064.0,-1280020,0,229868,952000,0,435000,2232020,0,205132
20260713,1710,東聯,16.5,16.9,15.85,16.1,-,0.3,7172491,117271678.0,-976270,0,-83098,1708901,0,75096,2685171,0,158194
20260713,6834,天二科技,143.0,143.0,120.5,129.0,-,1.0,13160591,1746358079.0,-1075722,0,10032,2900892,0,65032,3976614,0,55000
20260713,00885,富邦越南,18.59,18.77,18.38,18.42,-,0.42,2846728,52917452.0,-752879,0,-321456,453020,0,757000,1205899,0,1078456
20260713,00946,群益科技高息成長,15.37,15.41,14.92,14.97,-,0.43,5746717,86536853.0,-1869934,0,792626,188166,0,3400555,2058100,0,2607929
20260713,2439,美律,89.1,89.8,87.0,87.0,-,1.9,1990679,174821542.0,-975000,0,-106446,160000,0,12202,1135000,0,118648
20260713,8110,華東,52.1,52.1,48.2,48.8,-,1.8,5428049,271321527.0,-1065738,0,-52691,815462,0,14285,1881200,0,66976
20260713,1708,東鹼,59.0,60.5,55.3,55.8,-,3.0,7994221,457287961.0,-1105000,0,-40845,1701000,0,64690,2806000,0,105535
20260713,2428,興勤,320.5,322.5,292.5,295.5,-,29.5,2864189,870272878.0,-1084307,0,-72115,600013,0,58076,1684320,0,130191
20260713,9945,潤泰新,25.85,26.0,25.3,25.4,-,0.45,5728891,146305605.0,-1183892,0,15212,2212108,0,63000,3396000,0,47788
20260713,3036,文曄,213.0,221.5,209.0,211.0,-,0.5,8848448,1889821481.0,-879657,133081,-423082,4152344,134081,230443,5032001,1000,653525
20260713,4142,國光生,17.55,17.55,16.95,17.05,-,0.6,2324953,39811819.0,-1196250,0,12471,248000,0,13000,1444250,0,529
20260713,6213,聯茂,390.0,407.5,357.0,359.5,-,25.5,28776375,10846884161.0,-942586,48000,-332744,9014963,49000,589582,9957549,1000,922326
20260713,2547,日勝生,11.55,11.55,11.2,11.3,-,0.15,3706697,41954361.0,-1154746,0,-75068,590100,0,46000,1744846,0,121068
20260713,1608,華榮,34.35,34.35,33.25,33.6,-,0.45,2520380,85037903.0,-1323458,80000,-1596,296000,80000,22120,1619458,0,23716
20260713,2363,矽統,67.4,69.2,64.5,65.5,-,0.1,10939349,730458713.0,-1220955,10000,-40139,2980994,10000,56198,4201949,0,96337
20260713,3006,晶豪科,238.0,243.5,222.5,228.0,-,9.0,20108316,4698340784.0,-993428,1000,-283084,7158897,1000,230261,8152325,0,513345
20260713,2316,楠梓電,197.0,200.0,185.5,185.5,,0.0,3747341,705800661.0,-1170175,0,-132853,445700,0,8000,1615875,0,140853
20260713,2426,鼎元,72.1,73.3,66.0,67.1,-,4.9,12465134,856996710.0,-1311950,0,7246,2315050,0,99629,3627000,0,92383
20260713,8028,昇陽半導體,315.5,318.5,296.5,303.0,-,9.5,5128197,1568254768.0,-1376284,0,-80022,1066479,0,145377,2442763,0,225399
20260713,6120,達運,14.6,14.7,13.7,13.9,-,0.5,3737630,52255711.0,-1491361,0,4439,852639,0,20000,2344000,0,15561
20260713,00735,國泰臺韓科技,107.0,107.45,103.0,103.0,-,3.55,4048191,422953547.0,-530921,-84000,-874275,319495,0,459000,850416,84000,1333275
20260713,2349,錸德,12.85,12.85,12.3,12.35,-,0.5,4509414,56397784.0,-1509320,0,-1000,534000,0,3000,2043320,0,4000
20260713,2388,威盛,73.2,73.6,69.7,70.1,-,3.0,5805776,413670540.0,-1563000,0,12708,1341000,0,120935,2904000,0,108227
20260713,2915,潤泰全,52.0,52.5,50.4,50.4,-,1.6,3559869,182756460.0,-1596316,0,27240,681909,0,37000,2278225,0,9760
20260713,6257,矽格,248.0,249.0,231.0,234.5,-,10.0,7161310,1694719357.0,-1566803,188000,-194918,2028536,189000,145101,3595339,1000,340019
20260713,1904,正隆,23.05,23.3,21.9,21.9,-,1.5,3584438,79854139.0,-1703404,0,115190,374014,0,230000,2077418,0,114810
20260713,2317,鴻海,242.0,242.5,236.5,236.5,-,1.0,37504587,8964234781.0,-1179403,92632,-512727,22688896,121632,615862,23868299,29000,1128589
20260713,6477,安集,39.85,42.8,39.2,40.55,+,1.05,16101177,664015887.0,-1603745,0,1832,3197050,0,11829,4800795,0,9997
20260713,2855,統一證,50.5,50.8,49.25,49.65,-,0.75,5028602,250180272.0,-2071000,410000,0,954000,413000,0,3025000,3000,0
20260713,1314,中石化,8.8,9.25,8.8,8.85,-,0.05,73051277,660163721.0,-1687364,0,-9674,23949263,0,263000,25636627,0,272674
20260713,6202,盛群,72.6,72.6,68.3,70.2,-,3.1,15972363,1118561569.0,-1695343,0,-27036,4452330,0,43511,6147673,0,70547
20260713,2601,益航,8.02,8.18,7.24,7.31,-,0.67,21520299,165305887.0,-1740780,0,7705,2433120,0,13000,4173900,0,5295
20260713,3714,富采,63.8,64.9,60.3,60.9,-,2.8,7774324,483303498.0,-1699390,0,-44695,1912163,0,145597,3611553,0,190292
20260713,3090,日電貿,286.5,288.0,258.0,258.0,-,28.5,7174422,1897392938.0,653842,-2339000,-71070,2493219,71000,45583,1839377,2410000,116653
20260713,2323,中環,11.25,11.35,10.85,10.95,-,0.2,7775092,85567894.0,-1488685,0,-271492,2371652,0,30000,3860337,0,301492
20260713,3715,定穎投控,153.0,154.5,143.5,144.0,-,7.0,7377863,1086914827.0,-1639575,0,-126196,1767162,0,182985,3406737,0,309181
20260713,3060,銘異,37.45,38.8,34.0,34.35,-,2.8,6529324,232258314.0,-1777620,0,3906,1070866,0,25000,2848486,0,21094
20260713,6962,奕力-KY,36.75,36.75,34.5,34.9,-,1.05,3543010,124595319.0,-1795773,2000,-24141,729227,2000,25288,2525000,0,49429
20260713,2449,京元電子,315.0,321.0,306.0,307.0,-,1.5,19383018,6055621735.0,-1795647,32690,-57638,7926890,35690,284550,9722537,3000,342188
20260713,00830,國泰費城半導體,90.9,91.35,89.55,89.85,-,0.15,9515593,859351436.0,-1610304,0,-245079,1330026,0,3152000,2940330,0,3397079
20260713,6239,力成,326.5,332.0,310.5,312.5,-,7.5,14834355,4734600596.0,-1628607,205000,-503339,4366408,219000,345843,5995015,14000,849182
20260713,6285,啟碁,265.0,271.5,248.0,259.0,-,1.5,15146700,3920078109.0,212007,-2384000,239492,5281595,42000,410581,5069588,2426000,171089
20260713,2324,仁寶,37.95,38.2,36.2,36.65,+,0.05,64219539,2382368508.0,-2326774,36162,300608,29339637,45162,1477117,31666411,9000,1176509
20260713,00935,野村臺灣新科技50,59.8,60.0,57.95,58.35,-,0.6,8120212,477760692.0,-371241,372000,-2008754,699759,372000,2087326,1071000,0,4096080
20260713,1312,國喬,13.5,13.8,13.2,13.35,-,0.15,11351685,152514942.0,-1786000,0,-271785,2716000,0,33000,4502000,0,304785
20260713,2393,億光,71.0,71.6,69.0,69.1,-,1.9,3482159,242823253.0,-1884576,-181000,-10525,741161,0,37000,2625737,181000,47525
20260713,2504,國產,32.0,32.1,31.2,31.2,-,0.9,5459939,171941108.0,-2134000,30000,17138,1390000,30000,38000,3524000,0,20862
20260713,00891,中信關鍵半導體,37.0,37.04,35.93,36.1,-,0.37,10935004,398181144.0,-2905707,0,801189,1109893,0,3137012,4015600,0,2335823
20260713,00934,中信成長高股息,28.2,28.3,27.8,27.87,-,0.19,3451737,96574680.0,-171000,0,-1936716,107000,0,712000,278000,0,2648716
20260713,00947,台新臺灣IC設計,37.61,37.81,35.89,36.19,-,1.11,8112772,298197279.0,-1032110,0,-1129919,547890,0,2454400,1580000,0,3584319
20260713,1717,長興,74.6,76.2,71.8,72.6,-,1.2,13039765,962019912.0,-1897620,0,-338050,3462323,0,599249,5359943,0,937299
20260713,3231,緯創,147.0,148.0,142.5,143.5,-,1.0,27031128,3900747066.0,-2620837,317703,21813,8643328,770703,566455,11264165,453000,544642
20260713,2481,強茂,218.0,220.0,192.0,192.0,-,21.0,21398949,4235610086.0,-1439158,260000,-1126912,5563425,260000,279158,7002583,0,1406070
20260713,2645,長榮航太,247.5,258.0,245.5,251.5,,0.0,9451820,2377050301.0,-2345909,2000,31931,2039843,2000,162012,4385752,0,130081
20260713,2327,國巨*,921.0,921.0,810.0,816.0,-,84.0,72043684,60784357462.0,2813962,-4365427,-763241,27024273,334574,2703593,24210311,4700001,3466834
20260713,2329,華泰,52.4,52.5,50.0,50.6,-,0.8,5634602,286272886.0,-2200328,0,-115006,1062018,0,109240,3262346,0,224246
20260713,4989,榮科,92.8,93.1,82.7,82.7,-,9.1,13411924,1146418532.0,-2419200,0,-26305,2467000,0,28000,4886200,0,54305
20260713,2401,凌陽,33.75,33.8,31.25,31.9,-,1.1,11645320,374590463.0,-1711757,5000,-772957,3548000,5000,807831,5259757,0,1580788
20260713,2379,瑞昱,813.0,819.0,756.0,756.0,-,84.0,6513083,5037120053.0,-3100830,629061,-38331,1290866,630061,261586,4391696,1000,299917
20260713,1714,和桐,17.5,18.25,16.45,16.65,-,0.6,38965011,667606766.0,-2302108,0,-244895,11991892,0,41898,14294000,0,286793
20260713,00905,FT臺灣Smart,27.84,27.99,27.24,27.39,-,0.16,3642216,100364257.0,-214897,0,-2357051,283103,0,453865,498000,0,2810916
20260713,3711,日月光投控,682.0,690.0,657.0,670.0,-,7.0,27795403,18723411431.0,-3121921,401657,70089,13208507,1636657,497978,16330428,1235000,427889
20260713,2820,華票,16.95,17.05,16.65,16.65,-,0.4,4646479,77931303.0,-2687972,0,1460,730000,0,44000,3417972,0,42540
20260713,6901,鑽石投資,20.8,20.8,18.7,18.75,-,2.0,9787884,188986450.0,-2704000,0,2000,1164000,0,8000,3868000,0,6000
20260713,2027,大成鋼,40.1,40.25,39.35,39.5,-,0.5,20528143,816601022.0,-5461416,1395586,1351600,4755374,1404000,1656400,10216790,8414,304800
20260713,2441,超豐,148.0,152.0,134.5,137.5,-,7.0,13592390,1926362364.0,-2686121,348000,-402895,3047583,348000,214449,5733704,0,617344
20260713,2801,彰銀,24.05,24.2,23.85,23.85,-,0.2,22219932,533456743.0,-2949136,-27983,190289,12425786,0,246000,15374922,27983,55711
20260713,2913,農林,11.7,11.7,11.1,11.2,-,0.55,9096538,103326202.0,-2813000,0,-9554,1333000,0,49000,4146000,0,58554
20260713,00646,元大S&P500,76.15,76.45,76.0,76.05,+,0.3,4106782,312975930.0,13362,0,-2836454,40362,0,306000,27000,0,3142454
20260713,5521,工信,10.55,10.55,10.15,10.25,-,0.35,4222762,43437570.0,-2876000,0,12676,306000,0,18000,3182000,0,5324
20260713,2369,菱生,42.5,43.8,40.5,41.15,-,1.35,27627284,1154230798.0,-2579938,0,-285400,6821062,0,255420,9401000,0,540820
20260713,2501,國建,23.95,24.1,23.0,23.5,-,0.4,10751431,252950625.0,-3382743,7000,179663,2429257,7000,278317,5812000,0,98654
20260713,2515,中工,13.8,13.8,13.3,13.5,-,0.4,13007108,175311382.0,-3232284,0,-140712,3221360,0,32000,6453644,0,172712
20260713,1605,華新,34.8,35.3,33.5,33.9,-,0.5,18944578,645934548.0,-3290586,347,-182722,4618835,347,489999,7909421,0,672721
20260713,1504,東元,68.5,68.5,65.8,66.5,-,1.0,10238906,684288420.0,-3425751,-3460,-176304,1969869,0,141000,5395620,3460,317304
20260713,00882,中信中國高股息,14.97,15.03,14.84,14.86,-,0.11,9698041,144771417.0,78100,0,-3696841,95100,0,2653000,17000,0,6349841
20260713,6005,群益證,36.15,36.8,35.05,35.35,-,1.05,11541213,411912202.0,-2661202,-1190626,0,3460974,7000,0,6122176,1197626,0
20260713,2337,旺宏,146.0,147.0,138.0,138.0,-,5.5,51524844,7332212634.0,-4537624,11000,653400,19112328,16000,1329247,23649952,5000,675847
20260713,8926,台汽電,76.0,76.4,68.9,69.3,-,6.7,16051291,1150689332.0,-4033223,-1000,56017,2535100,0,117000,6568323,1000,60983
20260713,6278,台表科,202.0,202.0,180.0,180.5,-,19.0,10000669,1860351604.0,-3852604,-1000,-452006,1097281,0,181367,4949885,1000,633373
20260713,2352,佳世達,33.0,33.4,31.0,31.0,-,2.0,17112057,546064435.0,-4166301,0,-324722,3659261,0,234974,7825562,0,559696
20260713,2406,國碩,39.4,39.9,37.05,37.15,-,1.35,17797054,682251942.0,-4501626,0,-15145,3573230,0,33384,8074856,0,48529
20260713,8150,南茂,121.5,123.0,112.5,115.0,-,2.0,106971602,12612048437.0,-8155908,3428000,-356811,35088014,3428000,407770,43243922,0,764581
20260713,00878,國泰永續高股息,33.38,33.59,33.0,33.13,-,0.06,29799822,990687081.0,-6218852,0,1099646,3773579,0,5498225,9992431,0,4398579
20260713,2303,聯電,156.0,158.0,151.5,153.5,-,2.5,68418819,10589222990.0,5168504,-8770673,-1980444,32064071,513327,1403558,26895567,9284000,3384002
20260713,2399,映泰,48.0,48.0,44.0,44.0,-,4.85,11040426,494750661.0,-5632899,0,-40194,738601,0,6000,6371500,0,46194
20260713,1802,台玻,66.3,69.4,63.5,64.2,-,0.8,52793973,3497731758.0,-5740964,-159000,-20060,16442083,30000,848483,22183047,189000,868543
20260713,8422,可寧衛*,27.1,27.15,26.4,26.55,-,0.45,11249130,300417859.0,-5505155,-634000,-15401,946100,16000,140000,6451255,650000,155401
20260713,2495,普安,52.8,52.8,47.25,47.4,-,5.1,15621209,758351702.0,-7720271,0,-203526,1524100,0,22000,9244371,0,225526
20260713,00892,富邦台灣半導體,45.43,45.5,43.24,43.4,-,0.92,12526401,548706032.0,-1281876,0,-7038777,748124,0,2508230,2030000,0,9547007
20260713,1409,新纖,26.65,26.9,25.4,25.8,-,0.75,36500839,949763163.0,-8484144,10000,-100970,8259686,14000,101459,16743830,4000,202429
20260713,2887,台新新光金,37.3,37.75,35.6,35.75,-,1.1,86952795,3160637001.0,-18594138,9616692,-452162,41333576,9960692,1010370,59927714,344000,1462532
20260713,2353,宏碁,32.75,33.1,31.7,31.95,-,0.55,27816944,895931105.0,-9317322,-1013304,-389497,5638798,73696,361000,14956120,1087000,750497
20260713,1101,台泥,22.95,23.05,22.7,22.85,+,0.15,26175062,597099198.0,-11780279,0,-155722,8506677,0,172000,20286956,0,327722
20260713,6770,力積電,72.4,73.0,68.1,69.0,-,2.1,117782988,8279438686.0,-11988880,-820000,-472922,32748681,15000,1641838,44737561,835000,2114760
20260713,2344,華邦電,181.5,183.0,166.0,167.0,-,9.5,149251061,25896358310.0,-13660490,10643,-1032822,47460384,2252643,1841253,61120874,2242000,2874075
20260713,00961,FT臺灣永續高息,12.79,12.82,12.66,12.67,-,0.02,17829336,226708556.0,-104250,0,-15322184,87750,0,297000,192000,0,15619184
20260713,1102,亞泥,36.0,36.0,34.85,34.9,-,0.8,20417794,719776264.0,-16143597,88565,121971,2403693,103085,209000,18547290,14520,87029
20260713,2609,陽明,51.4,51.4,50.1,50.1,-,1.5,34126647,1722621804.0,-14536520,23573,-1426277,6499192,30580,136000,21035712,7007,1562277
20260713,1402,遠東新,27.45,27.7,26.8,26.85,-,0.6,44969324,1215194263.0,-18748811,5302389,-3362884,13270189,5302389,424478,32019000,0,3787362
20260713,2002,中鋼,18.6,18.65,18.4,18.4,-,0.15,43032855,794718324.0,-16914824,1000,69702,8476306,1000,436000,25391130,0,366298
20260713,00929,復華台灣科技優息,30.55,30.64,29.85,30.02,-,0.17,29672160,893398016.0,-7571746,0,-11993995,2173314,0,2526999,9745060,0,14520994
20260713,00919,群益台灣精選高息,30.0,30.17,29.64,29.71,-,0.26,78688076,2346402924.0,-20459946,0,621642,11021654,0,14171000,31481600,0,13549358
20260713,3481,群創,66.4,67.2,60.5,61.0,-,4.3,404195419,25748128609.0,-13494028,19443,-7108275,101060243,37443,5149878,114554271,18000,12258153
20260713,0050,元大台灣50,107.0,107.55,105.7,106.0,+,0.2,71523037,7623449944.0,-19097461,838000,-6006976,6247712,1000000,10293411,25345173,162000,16300387
20260713,2356,英業達,70.0,71.3,64.5,64.7,-,5.1,64016763,4301102819.0,-26602157,2902299,-762230,10103854,3238299,1662149,36706011,336000,2424379
20260713,0056,元大高股息,53.1,53.45,52.15,52.4,-,0.25,49611568,2611757742.0,-14069311,210000,-12440524,4523097,210000,485000,18592408,0,12925524
20260713,2408,南亞科,466.5,466.5,420.5,423.0,-,12.5,130554777,57886770502.0,-29028546,1400929,95910,27302018,1408929,2403246,56330564,8000,2307336
20260713,2834,臺企銀,18.0,18.05,17.7,17.75,-,0.2,46406276,825475170.0,-31523328,-11055,191262,7805586,0,213000,39328914,11055,21738
20260713,00927,群益半導體收益,42.36,42.36,40.78,41.03,-,0.58,74861048,3099321440.0,-3163820,0,-46528463,5459180,0,2943318,8623000,0,49471781
20260713,2409,友達,31.7,32.5,29.2,29.25,-,2.2,492027398,15076673956.0,-106993369,-3829,-9858926,97560734,11171,3083416,204554103,15000,12942342
