tradeDate,stockCode,stockName,openPrice,highPrice,lowPrice,closePrice,changeSign,change,totalShares,totalAmount,foreignNetShares,investmentNetShares,dealerNetShares,foreignBuyShares,investmentBuyShares,dealerBuyShares,foreignSellShares,investmentSellShares,dealerSellShares
20260805,0050,元大台灣50,103.75,104.75,102.9,103.8,+,3.15,168906182,17568942082.0,84036810,9902000,-9300365,97322311,9902000,15007726,13285501,0,24308091
20260805,3231,緯創,198.0,202.5,190.0,193.0,-,2.0,206766416,40612720772.0,35613026,5824909,-3332350,97799818,7849439,2372434,62186792,2024530,5704784
20260805,2883,凱基金,30.95,31.75,30.95,31.6,+,1.05,65464870,2060299538.0,39175595,-1154883,-751337,53374826,8000,598948,14199231,1162883,1350285
20260805,0056,元大高股息,51.95,52.1,51.45,51.45,+,0.85,59266052,3072970354.0,15036177,80000,21639542,21186685,80000,22105724,6150508,0,466182
20260805,2317,鴻海,257.0,260.5,256.0,258.5,+,8.5,72633762,18765599956.0,36977842,-1107959,488817,52303361,2000,1339957,15325519,1109959,851140
20260805,2301,光寶科,260.0,268.5,247.0,249.0,-,3.0,90355678,23289138860.0,29757994,470701,-220497,54512154,513854,1597592,24754160,43153,1818089
20260805,00940,元大台灣價值高息,12.47,12.58,12.45,12.47,+,0.24,38258544,477783704.0,1757019,0,27893497,2349019,0,34138528,592000,0,6245031
20260805,00919,群益台灣精選高息,30.09,30.2,29.9,29.94,+,0.43,61769667,1855379095.0,13700204,0,12536439,18688265,0,14873776,4988061,0,2337337
20260805,0052,富邦科技,60.7,61.3,60.2,60.65,+,2.0,40325712,2452942290.0,13122645,1600000,9233185,16230920,1600000,15275185,3108275,0,6042000
20260805,2618,長榮航,44.0,44.55,43.55,43.8,,0.0,45129966,1985057278.0,23852111,-133929,-1360465,34709478,124000,191662,10857367,257929,1552127
20260805,1605,華新,34.5,35.65,34.4,34.85,+,1.1,38467625,1351579766.0,18179511,2868,581529,24775879,3000,816662,6596368,132,235133
20260805,2344,華邦電,167.0,172.5,164.5,169.0,+,12.0,232656923,39390948939.0,9363434,9995104,-1862633,73541456,10182163,3759731,64178022,187059,5622364
20260805,2610,華航,22.7,22.85,22.4,22.6,+,0.15,40607242,918309773.0,13888815,856025,-51458,26001641,904000,335542,12112826,47975,387000
20260805,2891,中信金,65.1,66.7,65.1,66.0,+,1.2,33164030,2190448442.0,15924568,-979876,-812573,28832772,8000,240715,12908204,987876,1053288
20260805,2324,仁寶,37.8,37.9,36.85,36.95,-,0.05,48333032,1806788046.0,12931622,-1963,180205,26727987,0,884745,13796365,1963,704540
20260805,2634,漢翔,61.6,64.5,61.3,63.5,+,3.0,38862353,2453950232.0,9487282,1000,935946,17550332,1000,1043087,8063050,0,107141
20260805,3037,欣興,1005.0,1010.0,962.0,969.0,+,45.0,44514982,44121921383.0,8712450,1817592,-181894,19333725,1867592,1772608,10621275,50000,1954502
20260805,1314,中石化,7.74,8.06,7.74,7.84,+,0.19,46518538,367955377.0,9661613,0,546771,20163165,0,666000,10501552,0,119229
20260805,2330,台積電,2385.0,2415.0,2370.0,2405.0,+,85.0,36782301,88157683613.0,12251238,-1204507,-1099016,24592903,360268,382189,12341665,1564775,1481205
20260805,2353,宏碁,29.8,30.9,29.65,30.25,+,1.2,35392054,1069420599.0,8737024,111429,-23819,18785306,119000,701834,10048282,7571,725653
20260805,2408,南亞科,469.0,470.5,441.5,445.0,+,9.0,144425745,66098441799.0,7255434,3916935,-3023236,46616666,3921000,2076753,39361232,4065,5099989
20260805,2313,華通,209.5,218.0,205.5,218.0,+,19.5,29232368,6279821257.0,5671811,-2000,672250,11138158,0,1104250,5466347,2000,432000
20260805,3706,神達,92.8,93.7,91.8,91.9,+,0.6,19462683,1802493391.0,5747768,243000,24877,9137868,246000,211978,3390100,3000,187101
20260805,2002,中鋼,18.95,19.0,18.8,18.9,+,0.05,18036777,340555435.0,5655665,7000,38000,10062425,7000,189000,4406760,0,151000
20260805,4938,和碩,89.3,91.2,89.3,89.5,+,1.1,14584438,1313661553.0,5508499,44604,-63590,10322776,47000,283304,4814277,2396,346894
20260805,00935,野村臺灣新科技50,55.4,56.75,55.4,55.85,+,1.8,13610727,765603273.0,2012996,0,3142307,3402000,0,4780334,1389004,0,1638027
20260805,2388,威盛,81.2,84.7,81.0,83.0,+,2.7,13127655,1089789036.0,5360793,-100000,-151221,7410269,0,441249,2049476,100000,592470
20260805,2890,永豐金,39.8,40.1,39.4,39.55,-,0.05,20888840,828282158.0,6692412,-217417,-1366451,15610062,6000,875,8917650,223417,1367326
20260805,3605,宏致,93.2,101.5,92.0,101.5,+,8.9,23451330,2333651837.0,4967809,0,138525,8069899,0,516848,3102090,0,378323
20260805,2376,技嘉,340.0,347.0,338.0,342.0,+,10.0,10360283,3543806848.0,4976009,31850,-44078,6845512,63000,209576,1869503,31150,253654
20260805,2887,台新新光金,36.0,36.3,35.5,35.7,+,0.15,36200595,1297449752.0,5982893,-20782,-1162014,25847836,0,197244,19864943,20782,1359258
20260805,00900,富邦特選高股息30,18.66,18.85,18.65,18.74,+,0.36,7364874,138106366.0,4350000,0,280513,4478000,0,2214233,128000,0,1933720
20260805,3006,晶豪科,237.5,239.0,234.0,239.0,+,21.5,12064027,2877657324.0,4290590,0,149459,5476084,0,360575,1185494,0,211116
20260805,2881,富邦金,130.0,132.5,129.0,129.5,+,1.0,15360465,2003522845.0,5205578,-749258,-141198,11695248,66000,9083,6489670,815258,150281
20260805,3189,景碩,843.0,843.0,812.0,828.0,+,61.0,33103524,27700605414.0,3198315,931864,102434,11829753,941864,1600676,8631438,10000,1498242
20260805,2027,大成鋼,44.25,44.75,43.9,44.35,+,0.1,14191524,628475274.0,3480395,811702,-100359,8492014,896000,294497,5011619,84298,394856
20260805,00918,大華優利高填息30,33.63,33.99,33.62,33.66,+,0.41,18034535,609139150.0,518100,0,3642420,2420100,0,5276159,1902000,0,1633739
20260805,00965,元大航太防衛科技,26.66,26.73,26.6,26.64,+,0.63,5157220,137540868.0,956000,0,3074050,977000,0,3566050,21000,0,492000
20260805,1717,長興,65.0,67.5,64.9,66.5,+,2.9,10614919,706705089.0,3293592,363575,283797,5317870,363575,341157,2024278,0,57360
20260805,2204,中華,52.5,53.3,51.1,51.5,+,0.9,6729668,349878729.0,4537689,-663672,-783,4911689,0,27000,374000,663672,27783
20260805,8112,至上,87.1,88.4,86.2,86.2,+,1.0,15378648,1343397320.0,4745807,-632498,-291823,6679264,0,471163,1933457,632498,762986
20260805,00922,國泰台灣領袖50,39.96,40.25,39.74,39.85,+,1.08,11372319,455389966.0,2964000,0,764675,4692000,0,3176227,1728000,0,2411552
20260805,2377,微星,152.5,154.5,150.0,151.0,+,1.5,19359463,2950133096.0,2987570,-11633,681611,8203653,1000,1098178,5216083,12633,416567
20260805,00830,國泰費城半導體,86.75,87.75,86.75,87.7,+,5.15,11968754,1043237924.0,4167588,0,-939650,7064076,0,1110724,2896488,0,2050374
20260805,00927,群益半導體收益,36.5,36.7,35.99,36.01,+,0.99,17633419,641731510.0,5132000,0,-1971482,7925000,0,3255158,2793000,0,5226640
20260805,6213,聯茂,324.0,341.0,320.5,341.0,+,31.0,26865735,9005589132.0,2727342,0,222839,10849245,0,803760,8121903,0,580921
20260805,5388,中磊,90.0,92.8,89.7,91.6,+,2.4,5001820,458479177.0,2834295,-2684,57966,3438295,0,168071,604000,2684,110105
20260805,1504,東元,66.9,67.5,66.4,66.5,+,1.1,7027912,469740245.0,2862844,-5113,-29849,4580844,2000,44624,1718000,7113,74473
20260805,2359,所羅門,134.0,145.0,134.0,145.0,+,13.0,8315060,1178431368.0,2374156,0,183344,3540611,0,246455,1166455,0,63111
20260805,2882,國泰金,100.5,102.0,100.0,100.5,+,1.3,13772994,1388876704.0,3166290,-631512,-70526,9690358,10017,187507,6524068,641529,258033
20260805,1402,遠東新,27.1,27.15,26.6,26.7,-,0.45,21225465,568032452.0,2975771,10852,-646611,10181817,122000,414000,7206046,111148,1060611
20260805,00951,台新日本半導體,18.48,18.76,18.48,18.64,+,0.99,4103267,76294988.0,1414900,0,911002,1834000,0,1565124,419100,0,654122
20260805,3034,聯詠,540.0,572.0,538.0,550.0,+,26.0,7764412,4321441067.0,2746894,-399888,-45298,6016118,9151,304209,3269224,409039,349507
20260805,3704,合勤控,46.95,49.5,46.95,48.8,+,2.9,4306421,209765255.0,2314005,0,-16998,2915005,0,5002,601000,0,22000
20260805,2605,新興,31.6,32.45,31.3,32.0,+,0.75,5060942,161960310.0,2199000,0,72153,2996000,0,95153,797000,0,23000
20260805,00939,統一台灣高息動能,22.41,22.52,22.34,22.36,+,0.26,4611684,103364871.0,1048000,0,1220193,1483000,0,2370776,435000,0,1150583
20260805,2369,菱生,33.95,34.7,33.4,33.7,+,0.5,12007892,408675554.0,2223667,0,13505,4838157,0,91088,2614490,0,77583
20260805,2606,裕民,63.8,65.0,63.8,64.5,+,1.1,3456327,222665487.0,2109569,0,88798,2714874,0,118798,605305,0,30000
20260805,1216,統一,74.0,74.0,72.7,73.2,-,0.7,17477976,1276642244.0,2717656,-64000,-508567,8804713,0,90000,6087057,64000,598567
20260805,6206,飛捷,142.5,153.5,140.5,148.0,+,8.0,7373393,1094339418.0,1955953,-1645,94497,3196060,0,212292,1240107,1645,117795
20260805,1101,台泥,23.7,24.05,23.55,24.05,+,0.5,20385198,485342407.0,1622968,4000,354000,12534561,4000,495000,10911593,0,141000
20260805,6269,台郡,57.0,61.7,57.0,61.7,+,5.6,6285859,379750393.0,1639568,0,324006,2593568,0,383841,954000,0,59835
20260805,2392,正崴,35.55,37.2,35.35,37.0,+,2.15,3089503,112754771.0,1845111,0,90157,2224425,0,128291,379314,0,38134
20260805,2357,華碩,813.0,859.0,813.0,838.0,+,32.0,5273869,4444915900.0,1976945,-80347,13224,3102589,89000,328956,1125644,169347,315732
20260805,2371,大同,25.45,25.8,25.3,25.5,+,0.25,6664584,170159414.0,1857787,2000,-27926,4579186,2000,48124,2721399,0,76050
20260805,00946,群益科技高息成長,15.02,15.24,15.0,15.06,+,0.38,3021212,45703583.0,196000,0,1598645,621000,0,2144603,425000,0,545958
20260805,2393,億光,57.6,60.9,57.6,60.7,+,3.2,3592453,214722837.0,1574518,168437,34452,2336347,179000,67569,761829,10563,33117
20260805,4904,遠傳,100.5,102.5,100.0,101.0,,0.0,8077037,816308712.0,1683573,229955,-150808,5566087,792000,96561,3882514,562045,247369
20260805,00934,中信成長高股息,28.3,28.6,28.2,28.23,+,0.45,3199722,90979687.0,202000,0,1537332,312000,0,1978305,110000,0,440973
20260805,6116,彩晶,13.35,14.2,13.2,14.2,+,1.25,36172134,502580329.0,1548444,0,120607,7175500,0,340852,5627056,0,220245
20260805,8039,台虹,214.5,220.0,214.5,220.0,+,20.0,7676388,1685518860.0,1134497,29000,495931,1703250,29000,545478,568753,0,49547
20260805,2454,聯發科,4095.0,4125.0,3980.0,4000.0,+,135.0,12935125,52565983817.0,1846903,-11107,-192104,7957840,79805,345993,6110937,90912,538097
20260805,2498,宏達電,40.4,41.0,40.15,40.45,+,0.35,5690454,230806619.0,1492663,0,127378,2267663,0,177627,775000,0,50249
20260805,6919,康霈*,109.0,111.0,107.0,108.5,+,0.5,4434456,483299480.0,1599827,0,10847,2489925,0,26688,890098,0,15841
20260805,00892,富邦台灣半導體,40.58,40.78,40.2,40.29,+,1.38,5338708,215918153.0,953983,0,614070,1180013,0,3367314,226030,0,2753244
20260805,00735,國泰臺韓科技,100.0,100.0,98.0,98.7,+,3.95,4547254,450512682.0,1328160,0,100000,1623360,0,539000,295200,0,439000
20260805,2340,台亞,32.7,34.2,32.4,33.35,+,1.65,6546394,219152012.0,1238741,0,182649,2925269,0,232990,1686528,0,50341
20260805,4967,十銓,265.0,271.0,262.5,265.5,+,9.0,8583641,2291862181.0,1336290,-300,60933,2639839,0,85197,1303549,300,24264
20260805,3042,晶技,171.0,182.5,169.5,177.0,+,7.5,23363585,4142354359.0,1201775,-100,188440,9586503,0,712868,8384728,100,524428
20260805,3017,奇鋐,2660.0,2775.0,2640.0,2730.0,+,130.0,5823988,15860875725.0,794266,524300,54535,2323859,525300,535506,1529593,1000,480971
20260805,00916,國泰全球品牌50,27.38,27.53,27.38,27.51,+,0.31,1569138,43129051.0,464000,0,905497,471000,0,906388,7000,0,891
20260805,00936,台新永續高息中小,21.42,21.57,21.33,21.36,+,0.42,2168462,46521915.0,842000,0,518100,852000,0,1257097,10000,0,738997
20260805,1312,國喬,11.7,12.1,11.65,12.1,+,0.5,7040774,84062321.0,1521967,0,-179353,2860967,0,41425,1339000,0,220778
20260805,00885,富邦越南,18.5,18.6,18.44,18.48,+,0.1,2312578,42833945.0,186000,0,1151503,463000,0,1305696,277000,0,154193
20260805,9914,美利達,77.2,78.7,76.1,78.3,+,2.1,3111796,240348108.0,1253533,0,80283,1775672,0,104376,522139,0,24093
20260805,2421,建準,138.0,141.0,138.0,140.5,+,5.0,2471525,345162417.0,1245628,0,28706,1827943,0,57963,582315,0,29257
20260805,2637,慧洋-KY,84.4,87.5,84.4,85.4,+,1.5,3671853,316520394.0,1387953,-8000,-107628,2352160,0,39607,964207,8000,147235
20260805,2912,統一超,222.0,222.0,218.5,221.5,,0.0,3383063,744097915.0,1279381,-14931,-3539,2258475,0,7000,979094,14931,10539
20260805,1536,和大,51.0,52.2,50.1,51.6,+,1.4,2401693,123492867.0,1230144,0,22570,1482306,0,47134,252162,0,24564
20260805,1326,台化,59.4,61.0,58.4,58.6,+,0.4,25180356,1490050027.0,1384153,0,-133524,11313173,0,897251,9929020,0,1030775
20260805,2412,中華電,136.5,138.0,136.0,137.0,+,0.5,11911467,1630218839.0,1089905,-1274,153389,7361633,558000,222000,6271728,559274,68611
20260805,3019,亞光,134.0,136.0,134.0,134.0,+,3.0,2832424,381321837.0,1216279,0,3801,1646379,0,28310,430100,0,24509
20260805,2464,盟立,168.5,176.0,165.0,170.0,+,8.0,16112433,2740373973.0,1169133,0,28838,5362253,0,311676,4193120,0,282838
20260805,2885,元大金,69.5,70.5,69.0,69.4,+,0.4,16914031,1177437082.0,513675,1361328,-677358,11626140,1628000,28785,11112465,266672,706143
20260805,00752,中信中國50,24.28,24.49,24.23,24.37,+,0.14,2060003,50233396.0,139000,0,1057199,225000,0,1488779,86000,0,431580
20260805,2009,第一銅,38.35,39.3,38.15,38.45,+,0.9,2614500,101054841.0,1136590,0,53798,1534590,0,57798,398000,0,4000
20260805,1310,台苯,7.5,8.17,7.5,8.17,+,0.74,7230149,57956865.0,1180861,0,2790,2531825,0,7790,1350964,0,5000
20260805,6202,盛群,60.6,62.6,59.9,60.1,+,2.0,5238445,319919873.0,1057999,30000,70744,2485999,30000,83836,1428000,0,13092
20260805,2425,承啟,51.0,52.1,49.0,49.1,-,1.1,9307892,470529711.0,1158179,0,-4000,2498179,0,6000,1340000,0,10000
20260805,3576,聯合再生,16.9,18.25,16.7,18.25,+,1.65,20856161,367145581.0,1180220,0,-28999,4065000,0,1,2884780,0,29000
20260805,3035,智原,172.0,176.5,170.0,171.5,+,5.5,5535203,956680191.0,1016884,0,127331,2693482,0,174592,1676598,0,47261
20260805,2646,星宇航空,21.35,21.45,21.2,21.3,+,0.15,3681432,78486637.0,1144697,0,-6000,2033000,0,15000,888303,0,21000
20260805,00915,凱基優選高股息30,31.8,32.37,31.8,32.2,+,0.66,2751442,88710750.0,1118000,0,16225,1243000,0,1376455,125000,0,1360230
20260805,2374,佳能,68.6,69.7,68.1,69.3,+,1.9,3202837,221403435.0,1062352,0,67149,1426325,0,68933,363973,0,1784
20260805,2539,櫻花建,41.15,43.5,41.1,43.35,+,2.2,1874341,79540264.0,1108000,0,2154,1286000,0,4000,178000,0,1846
20260805,00954,中信日本半導體,19.69,20.03,19.69,19.89,+,1.05,3247021,64490242.0,608000,0,489569,864000,0,1668605,256000,0,1179036
20260805,1608,華榮,33.95,35.5,33.25,33.4,-,0.85,22414576,768040627.0,1643125,0,-549374,7249274,0,76083,5606149,0,625457
20260805,2855,統一證,45.5,46.7,45.4,45.85,+,1.1,4435187,204885749.0,1139840,-47000,0,2428840,0,0,1289000,47000,0
20260805,2363,矽統,54.0,54.4,52.6,52.7,+,1.3,7093254,379021768.0,263670,0,823359,2612504,0,868943,2348834,0,45584
20260805,2465,麗臺,80.1,85.8,79.6,85.8,+,7.8,3001815,254394870.0,1077000,0,1141,1283000,0,19291,206000,0,18150
20260805,1301,台塑,55.8,57.2,55.3,56.0,+,0.7,21040185,1178216254.0,1009558,-97000,130210,8400425,0,733207,7390867,97000,602997
20260805,00910,第一金太空衛星,61.5,61.65,61.15,61.5,+,2.5,1944338,119304992.0,120884,0,920705,148125,0,1020705,27241,0,100000
20260805,2049,上銀,343.0,365.0,340.5,365.0,+,33.0,7751136,2768170218.0,843327,-264,192540,2555517,0,528984,1712190,264,336444
20260805,1513,中興電,161.5,163.0,160.5,161.0,+,2.0,2416786,390898818.0,1000710,-4330,-22409,1421710,0,40188,421000,4330,62597
20260805,6168,宏齊,25.0,25.8,24.85,25.2,+,0.7,3455140,87619528.0,971873,0,-23,1635000,0,4011,663127,0,4034
20260805,2426,鼎元,64.9,66.8,62.5,62.5,+,1.7,18384326,1192699231.0,1069727,0,-104029,5004729,0,64843,3935002,0,168872
20260805,6120,達運,13.55,13.9,13.55,13.65,+,0.25,2223093,30467184.0,954182,0,2012,1480182,0,12739,526000,0,10727
20260805,00952,凱基台灣AI50,18.1,18.25,17.99,17.99,+,0.3,4190354,76023895.0,742000,0,196692,885000,0,2557477,143000,0,2360785
20260805,2476,鉅祥,122.0,127.0,122.0,124.5,+,5.5,2041019,254212390.0,814299,0,117074,1114299,0,132247,300000,0,15173
20260805,00896,中信綠能及電動車,26.88,27.1,26.74,26.78,+,0.66,2892915,77864667.0,1083000,0,-152205,1361000,0,731345,278000,0,883550
20260805,1710,東聯,13.7,14.3,13.7,13.9,+,0.4,5821691,81360481.0,924330,0,-40172,2345790,0,38601,1421460,0,78773
20260805,2379,瑞昱,762.0,770.0,745.0,751.0,+,28.0,3793663,2867949358.0,821543,15724,42043,2381994,207747,177451,1560451,192023,135408
20260805,2101,南港,33.9,34.5,33.35,34.45,+,0.75,2432806,82933358.0,800811,0,73876,1389304,0,89876,588493,0,16000
20260805,6209,今國光,70.7,72.6,70.1,71.9,+,2.8,3710700,265139430.0,770489,0,97507,1384488,0,109547,613999,0,12040
20260805,1447,力鵬,6.9,7.04,6.8,6.93,+,0.08,3543310,24449940.0,825912,1000,39000,1304878,1000,41000,478966,0,2000
20260805,8271,宇瞻,228.5,238.0,225.0,227.0,+,3.0,10429154,2400028083.0,888691,-500,-46567,3553693,0,80188,2665002,500,126755
20260805,2867,三商壽,9.76,9.89,9.65,9.77,+,0.01,16412622,160030728.0,835000,0,-38000,9935000,0,7000,9100000,0,45000
20260805,1736,喬山,123.0,134.5,121.0,134.5,+,12.0,1571420,203236434.0,421380,372000,-3498,590380,402000,1502,169000,30000,5000
20260805,00713,元大台灣高息低波,61.2,61.35,61.0,61.1,+,0.3,2853013,174468007.0,-81496,0,862943,48550,0,1121328,130046,0,258385
20260805,8131,福懋科,68.0,69.5,65.9,66.0,,0.0,8546248,578606379.0,771130,0,-20370,2928130,0,34670,2157000,0,55040
20260805,3665,貿聯-KY,2400.0,2450.0,2330.0,2355.0,+,55.0,3940517,9413946290.0,596198,131996,5787,1951781,132000,126154,1355583,4,120367
20260805,2397,友通,59.4,63.0,59.4,62.1,+,4.8,2190472,136253082.0,721823,0,8925,972958,0,43925,251135,0,35000
20260805,2014,中鴻,16.95,17.0,16.75,16.85,+,0.1,2178179,36760776.0,693000,0,30000,902000,0,30000,209000,0,0
20260805,2401,凌陽,27.7,28.2,27.35,27.75,+,0.6,3932613,109587031.0,510187,0,207990,1816236,0,233284,1306049,0,25294
20260805,2362,藍天,48.55,48.55,45.8,47.15,+,2.45,3032869,142691285.0,726463,0,-10008,1284523,0,93,558060,0,10101
20260805,3032,偉訓,83.8,87.1,83.8,87.1,+,7.9,2465806,214247305.0,685000,0,20542,732000,0,40542,47000,0,20000
20260805,9103,美德醫療-DR,5.14,5.33,5.12,5.3,+,0.18,1691253,8880728.0,676000,0,1990,711000,0,2090,35000,0,100
20260805,2201,裕隆,27.45,27.7,27.35,27.35,+,0.15,2243945,61753487.0,652585,0,22312,1361208,0,39255,708623,0,16943
20260805,2347,聯強,94.7,98.3,94.7,97.1,+,3.3,7257173,703847740.0,1437062,-1504,-761623,5404062,202000,46011,3967000,203504,807634
20260805,6472,保瑞,396.5,425.0,396.0,424.5,+,32.5,1595173,659326365.0,579040,0,91749,935040,0,121457,356000,0,29708
20260805,3062,建漢,20.5,20.7,20.2,20.65,+,0.5,2447854,50176644.0,666600,0,4001,1122000,0,5001,455400,0,1000
20260805,2034,允強,18.8,19.15,18.8,18.95,+,0.35,1499636,28437412.0,669025,0,49,786025,0,1049,117000,0,1000
20260805,2547,日勝生,10.3,10.35,10.2,10.3,,0.0,2277773,23318977.0,620860,-7970,51000,950860,0,156000,330000,7970,105000
20260805,3376,新日興,182.0,187.0,181.0,185.0,+,5.5,2298204,422547919.0,431481,0,230713,1057001,0,275932,625520,0,45219
20260805,8114,振樺電,227.0,236.5,227.0,230.0,+,6.0,1771758,410491651.0,553180,-1000,106933,940267,0,110023,387087,1000,3090
20260805,3023,信邦,310.0,322.0,309.5,318.0,+,18.5,1857579,586772824.0,610698,84000,-43475,1151698,297000,8768,541000,213000,52243
20260805,4916,事欣科,103.0,107.0,103.0,104.5,+,3.0,4991120,524447480.0,657928,0,-6929,1661784,0,40265,1003856,0,47194
20260805,2105,正新,30.45,30.8,30.2,30.5,+,0.05,5740661,175485204.0,650363,89054,-94516,3119791,121000,150617,2469428,31946,245133
20260805,3028,增你強,69.0,72.2,68.9,71.7,+,4.0,2732356,194286169.0,615738,-4928,9199,1242173,0,34461,626435,4928,25262
20260805,2457,飛宏,23.4,23.95,23.3,23.8,+,0.8,1544903,36565643.0,587260,0,31368,850260,0,43002,263000,0,11634
20260805,1609,大亞,35.6,36.3,35.6,35.8,+,0.45,2905632,104430288.0,532614,0,77164,1282888,0,98434,750274,0,21270
20260805,1476,儒鴻,356.5,358.5,352.5,355.0,+,0.5,1462036,519879936.0,607165,5363,-3104,1140205,10000,25188,533040,4637,28292
20260805,00905,FT臺灣Smart,25.49,25.66,25.27,25.4,+,0.71,1861602,47492528.0,226000,0,376874,412000,0,869777,186000,0,492903
20260805,2302,麗正,43.5,44.5,42.25,42.4,+,0.5,4716984,204118027.0,597023,0,5,1690031,0,4913,1093008,0,4908
20260805,1313,聯成,10.7,11.05,10.7,11.0,+,0.3,3619408,39399818.0,610296,0,-19854,1613632,0,10725,1003336,0,30579
20260805,2328,廣宇,43.45,44.65,43.45,44.1,+,1.25,1805601,79770132.0,537937,0,20880,804937,0,47377,267000,0,26497
20260805,6579,研揚,166.5,179.5,166.5,179.5,+,16.0,1892307,334975729.0,511557,0,46399,693557,0,47399,182000,0,1000
20260805,1795,美時,186.5,190.0,186.5,190.0,+,4.0,1326509,250250712.0,566190,0,-19545,743320,0,17759,177130,0,37304
20260805,1308,亞聚,12.75,13.05,12.75,13.0,+,0.25,1307573,16920961.0,572398,0,-31454,841398,0,14000,269000,0,45454
20260805,6491,晶碩,365.5,387.0,365.5,379.0,+,13.5,1034648,392685855.0,561164,-60000,21894,753164,0,26896,192000,60000,5002
20260805,8070,長華*,47.6,48.5,47.0,47.25,+,0.35,2474546,118003530.0,568181,-3836,-43099,1278489,0,6608,710308,3836,49707
20260805,3416,融程電,177.5,188.0,172.5,185.0,+,7.0,1291713,235360763.0,507368,0,13693,772368,0,15928,265000,0,2235
20260805,6550,北極星藥業-KY,11.1,11.35,11.1,11.25,+,0.2,1038015,11660881.0,514000,0,0,641000,0,0,127000,0,0
20260805,3712,永崴投控,18.9,20.35,18.8,20.3,+,1.55,1520414,29831715.0,514499,0,-14000,808499,0,0,294000,0,14000
20260805,3022,威強電,91.9,99.0,91.9,97.6,+,6.7,7195625,696190467.0,310267,-2622,177153,1977267,0,197978,1667000,2622,20825
20260805,6456,GIS-KY,59.9,62.0,59.6,60.3,+,2.3,2626270,159641696.0,447287,0,33910,1002287,0,38975,555000,0,5065
20260805,3596,智易,185.5,189.5,184.5,187.5,+,7.0,776548,145247949.0,464761,-1228,13961,577930,0,15961,113169,1228,2000
20260805,4566,時碩工業,68.8,71.1,68.2,70.4,+,2.8,1899755,132876624.0,451258,0,13800,722258,0,14000,271000,0,200
20260805,2630,亞航,49.95,50.9,49.35,49.9,+,0.95,3823400,191913869.0,391109,0,66977,1268109,0,109422,877000,0,42445
20260805,3005,神基,115.0,116.0,114.5,115.0,+,1.0,2819818,324633761.0,529886,-17545,-62766,1387886,0,42205,858000,17545,104971
20260805,00902,中信電池及儲能,13.15,13.35,13.15,13.32,+,0.4,953495,12651163.0,-10000,0,456784,17000,0,552999,27000,0,96215
20260805,3059,華晶科,39.55,40.35,39.55,40.0,+,1.05,2084802,83454567.0,454000,0,-7787,958000,0,0,504000,0,7787
20260805,9939,宏全,131.0,134.0,129.5,134.0,+,3.0,1701938,224431267.0,426565,0,13429,603565,0,34860,177000,0,21431
20260805,2417,圓剛,41.0,42.15,40.9,42.0,+,1.1,854928,35603333.0,436596,0,0,537596,0,0,101000,0,0
20260805,4142,國光生,17.05,17.45,17.05,17.15,+,0.25,1581307,27256977.0,434000,0,-9,687000,0,0,253000,0,9
20260805,1907,永豐餘,29.7,29.85,29.4,29.75,+,0.25,1504107,44644801.0,406070,0,23000,1076734,0,24000,670664,0,1000
20260805,2645,長榮航太,192.0,199.5,190.5,196.5,+,8.5,3183531,621791408.0,422491,0,3472,1574978,0,49501,1152487,0,46029
20260805,6191,精成科,84.0,85.5,84.0,84.4,+,1.4,3031213,256911590.0,416780,0,8592,903461,0,24079,486681,0,15487
20260805,00904,台新臺灣半導體30,39.68,39.99,39.33,39.41,+,1.28,1072076,42595734.0,335900,0,87000,514000,0,267664,178100,0,180664
20260805,6782,視陽,192.5,201.5,192.0,199.0,+,9.0,619701,122125542.0,448000,-31000,181,501000,0,204,53000,31000,23
20260805,8046,南電,1140.0,1145.0,1055.0,1060.0,+,15.0,5440142,6034363105.0,360300,0,56549,2379511,0,175376,2019211,0,118827
20260805,2329,華泰,44.7,45.2,44.1,44.3,+,1.05,2993076,133751322.0,393928,0,19091,1140163,0,112492,746235,0,93401
20260805,6285,啟碁,260.0,264.0,255.5,260.0,+,7.5,11916726,3091251119.0,329140,0,81274,4072001,0,277741,3742861,0,196467
20260805,00909,國泰數位支付服務,45.76,46.17,45.76,46.14,+,0.52,701765,32332973.0,374015,0,25994,385015,0,85994,11000,0,60000
20260805,00964,中信亞太高股息,14.0,14.08,14.0,14.01,+,0.14,2298228,32274275.0,775000,0,-377409,778000,0,1119591,3000,0,1497000
20260805,9910,豐泰,68.0,68.1,67.0,67.4,,0.0,1133660,76341051.0,350366,55000,-11559,741000,58000,5000,390634,3000,16559
20260805,6166,凌華,127.0,139.0,127.0,139.0,+,12.5,5759028,778888373.0,372293,0,19606,2027650,0,62623,1655357,0,43017
20260805,3504,揚明光,79.1,80.9,76.1,76.5,-,1.7,4096086,322222736.0,375838,0,15632,1182100,0,16684,806262,0,1052
20260805,3563,牧德,662.0,698.0,662.0,685.0,+,37.0,1240732,845134747.0,320000,0,48065,573000,0,76069,253000,0,28004
20260805,3029,零壹,108.0,109.5,105.5,107.0,+,0.5,1353614,145752994.0,371985,-2160,-2970,706021,0,1030,334036,2160,4000
20260805,2458,義隆,160.5,162.5,158.0,160.5,+,3.0,4539847,726434063.0,352213,-43415,53174,2768438,0,80793,2416225,43415,27619
20260805,2913,農林,10.9,11.0,10.85,10.95,+,0.1,1421179,15556865.0,410933,0,-50000,704933,0,13000,294000,0,63000
20260805,00717,富邦美國特別股,15.04,15.09,15.04,15.07,+,0.06,443735,6684782.0,328000,0,31120,328000,0,31120,0,0,0
20260805,00701,國泰股利精選30,39.09,39.36,38.95,39.03,+,0.35,636126,24890319.0,380000,0,-25853,398000,0,83888,18000,0,109741
20260805,6589,台康生技,47.2,48.9,46.7,48.65,+,1.25,968096,46502776.0,370001,0,-17000,547001,0,0,177000,0,17000
20260805,2375,凱美,127.5,130.0,122.5,123.5,+,1.5,4308975,541012884.0,278632,0,72485,1394632,0,115666,1116000,0,43181
20260805,5871,中租-KY,112.5,113.0,111.0,112.0,+,0.5,5407681,605494184.0,334797,25000,-9789,3790654,36000,20000,3455857,11000,29789
20260805,5269,祥碩,1390.0,1445.0,1375.0,1415.0,+,55.0,938050,1327945140.0,294837,15000,32772,520293,15000,67510,225456,0,34738
20260805,8016,矽創,289.5,300.5,289.5,292.5,+,12.5,1386098,408222996.0,376965,-68771,31817,738029,0,38083,361064,68771,6266
20260805,3591,艾笛森,22.45,22.45,22.45,22.45,+,2.0,1073085,24090733.0,-107000,0,442000,3000,0,442000,110000,0,0
20260805,3694,海華,55.9,58.1,55.0,57.8,+,2.6,2326190,131507031.0,326427,0,6988,937427,0,12545,611000,0,5557
20260805,1503,士電,199.5,201.0,197.0,197.5,+,2.5,1219982,242696838.0,293027,-1000,37719,627941,0,69032,334914,1000,31313
20260805,2385,群光,105.0,106.0,103.5,104.0,,0.0,3715947,388587153.0,513021,-125711,-59876,2548962,30000,11000,2035941,155711,70876
20260805,3004,豐達科,129.0,131.5,127.5,128.5,+,3.0,613586,79417873.0,317971,0,5661,397610,0,9672,79639,0,4011
20260805,9941,裕融,81.4,82.4,81.2,82.3,+,1.2,668006,54717762.0,135000,101000,87285,309000,101000,87937,174000,0,652
20260805,00770,國泰北美科技,70.25,70.5,70.1,70.35,+,2.5,415065,29148735.0,112902,0,208309,114000,0,209127,1098,0,818
20260805,6781,AES-KY,1040.0,1080.0,1040.0,1065.0,+,55.0,936446,996392745.0,310066,0,10954,663587,0,43960,353521,0,33006
20260805,00912,中信臺灣智慧50,32.61,33.32,32.61,32.91,+,0.86,633366,20918711.0,230000,0,90569,298000,0,276110,68000,0,185541
20260805,00893,國泰智能電動車,44.05,44.05,43.53,43.71,+,0.6,494088,21572206.0,57000,0,261738,78000,0,302204,21000,0,40466
20260805,8105,凌巨,16.55,16.8,16.45,16.7,+,0.45,2345130,39006195.0,331038,1000,-15000,1222149,1000,2000,891111,0,17000
20260805,3661,世芯-KY,3550.0,3700.0,3490.0,3610.0,+,220.0,2014461,7245816940.0,268434,7000,41303,876230,47000,90948,607796,40000,49645
20260805,3617,碩天,225.5,235.0,225.5,231.5,+,10.5,768933,177396278.0,252250,-1067,64755,333450,0,64755,81200,1067,0
20260805,1563,巧新,57.1,58.5,56.4,56.4,-,0.7,715465,40894926.0,292495,0,23309,401286,0,23309,108791,0,0
20260805,00930,永豐ESG低碳高息,23.84,23.92,23.72,23.77,+,0.39,364881,8685480.0,2000,0,311628,3000,0,325805,1000,0,14177
20260805,3010,華立,119.0,121.0,118.5,119.0,+,2.0,798930,95774147.0,294720,-1726,14091,422720,0,16091,128000,1726,2000
20260805,00894,中信小資高價30,47.15,47.79,47.04,47.12,+,1.76,2010289,95224298.0,846000,0,-539877,930000,0,138981,84000,0,678858
20260805,5469,瀚宇博,69.4,71.9,69.4,70.4,+,2.2,2039026,144636455.0,303868,0,-369,984008,0,21332,680140,0,21701
20260805,3406,玉晶光,512.0,538.0,508.0,533.0,+,31.0,2583748,1361217095.0,196086,22000,77646,1204051,23000,127295,1007965,1000,49649
20260805,3673,TPK-KY,61.6,62.7,61.1,61.6,+,1.7,5819951,359129566.0,188212,0,106116,1624826,0,227296,1436614,0,121180
20260805,2915,潤泰全,52.0,52.3,51.6,51.8,,0.0,1451486,75361299.0,273047,0,21000,723330,0,24000,450283,0,3000
20260805,2104,國際中橡,9.64,9.8,9.64,9.77,+,0.18,1981256,19321971.0,288000,0,2029,840000,0,21029,552000,0,19000
20260805,6901,鑽石投資,16.9,17.9,16.9,17.6,+,0.75,2108183,36948957.0,285000,0,5000,760000,0,15000,475000,0,10000
20260805,00692,富邦公司治理,89.0,89.8,88.5,88.95,+,2.3,875108,78004902.0,288020,0,96,416020,0,330871,128000,0,330775
20260805,9919,康那香,14.0,14.15,13.9,14.0,+,0.1,578373,8125522.0,302600,0,-16000,336600,0,0,34000,0,16000
20260805,00643,群益深証中小,18.49,18.95,18.36,18.95,+,0.55,3709318,69312502.0,6000,0,279695,33000,0,3058470,27000,0,2778775
20260805,3046,建碁,54.4,56.3,54.3,55.5,+,2.3,589646,32647965.0,282240,0,1990,332240,0,5000,50000,0,3010
20260805,3016,嘉晶,99.4,104.0,96.2,104.0,+,9.2,11106435,1116226365.0,185142,0,96964,3274448,0,187907,3089306,0,90943
20260805,00972,野村日本動能高息,21.4,21.54,21.39,21.45,+,0.15,472069,10125903.0,5,0,281660,1005,0,430481,1000,0,148821
20260805,4576,大銀微系統,209.0,221.0,205.5,218.0,+,17.0,3119454,675094478.0,212857,0,62640,994712,0,83315,781855,0,20675
20260805,1305,華夏,11.25,11.5,11.25,11.35,+,0.2,1126193,12791970.0,322993,0,-47792,544993,0,7000,222000,0,54792
20260805,2103,台橡,21.95,22.6,21.95,22.4,+,0.6,3444507,76635063.0,392874,0,-118656,1468965,0,34074,1076091,0,152730
20260805,2022,聚亨,7.64,7.72,7.58,7.58,+,0.01,572762,4373531.0,244921,0,29000,303923,0,66000,59002,0,37000
20260805,1319,東陽,72.4,73.3,72.3,72.9,+,0.9,1444291,105034350.0,395929,-114000,-11000,774944,0,14000,379015,114000,25000
20260805,9802,鈺齊-KY,70.5,70.5,69.0,69.3,-,0.4,1360096,94189295.0,542987,-312000,39170,696987,0,43000,154000,312000,3830
20260805,2308,台達電,1705.0,1720.0,1645.0,1650.0,+,30.0,16778461,28034100690.0,117818,-78077,220757,10378641,54000,566334,10260823,132077,345577
20260805,6235,華孚,38.5,39.65,38.5,39.15,+,0.55,496246,19468391.0,252151,0,5848,327151,0,5848,75000,0,0
20260805,00932,兆豐永續高息等權,17.42,17.48,17.34,17.38,+,0.22,354783,6183286.0,49000,0,208558,102000,0,218049,53000,0,9491
20260805,2331,精英,19.55,20.0,19.4,19.55,+,0.25,2134623,41900308.0,264534,0,-7986,813548,0,33014,549014,0,41000
20260805,4961,天鈺,157.5,160.5,157.5,158.5,+,2.0,495015,78700297.0,254236,0,593,323270,0,593,69034,0,0
20260805,6189,豐藝,48.4,49.1,48.4,48.8,+,0.9,434081,21179653.0,260463,-4076,-2157,323463,0,7138,63000,4076,9295
20260805,00850,元大臺灣ESG永續,88.3,89.4,88.3,88.55,+,2.4,747737,66552092.0,-38000,0,288333,43000,0,465708,81000,0,177375
20260805,2208,台船,19.4,19.4,19.05,19.1,+,0.1,2602615,49931144.0,249980,0,0,826295,0,0,576315,0,0
20260805,6197,佳必琪,313.5,321.0,311.5,312.5,+,4.5,1873019,592108626.0,257913,0,-13588,625913,0,51896,368000,0,65484
20260805,9934,成霖,10.85,10.85,10.65,10.65,-,0.05,917928,9859697.0,224100,0,17000,376100,0,38000,152000,0,21000
20260805,1708,東鹼,50.5,51.1,50.0,50.1,+,0.4,3120464,157353339.0,215153,0,25939,769006,0,32574,553853,0,6635
20260805,2419,仲琦,24.6,25.25,24.6,24.8,+,0.35,773726,19311272.0,229274,0,6221,475274,0,6221,246000,0,0
20260805,9958,世紀鋼,107.0,107.5,105.5,107.0,+,1.5,1164820,124153976.0,223866,0,10599,628220,0,11120,404354,0,521
20260805,2601,益航,6.3,6.65,6.3,6.5,+,0.24,3416146,22015845.0,230018,0,0,1033018,0,0,803000,0,0
20260805,3041,揚智,22.8,23.0,22.65,22.9,+,0.65,704263,16104721.0,229925,0,0,325925,0,1000,96000,0,1000
20260805,6153,嘉聯益,15.7,16.25,15.7,16.0,+,0.5,3642921,58208032.0,243251,0,-14000,1611251,0,19000,1368000,0,33000
20260805,00690,兆豐藍籌30,76.05,76.4,75.4,75.45,+,2.0,538765,40875020.0,-8215,0,235466,40000,0,281466,48215,0,46000
20260805,2355,敬鵬,40.3,41.15,40.25,40.95,+,1.45,3360983,137059858.0,119502,0,106723,1454857,0,160146,1335355,0,53423
20260805,3645,達邁,70.8,71.4,67.5,69.4,+,0.3,1686140,118296404.0,222296,0,3487,705002,0,22076,482706,0,18589
20260805,6257,矽格,206.5,211.0,202.0,202.5,+,3.0,4736267,975501381.0,275471,-33790,-18291,2195622,1210,80992,1920151,35000,99283
20260805,1514,亞力,102.0,103.0,101.0,101.5,+,1.6,1201872,122170395.0,217215,0,3817,456430,0,8180,239215,0,4363
20260805,6024,群益期,58.3,59.8,58.3,59.7,+,1.5,466349,27604906.0,218875,-1000,0,293129,0,0,74254,1000,0
20260805,3003,健和興,58.9,59.8,58.6,59.5,+,1.7,447215,26560161.0,203168,0,13028,298168,0,13128,95000,0,100
20260805,3532,台勝科,310.0,319.0,300.0,316.5,+,25.0,1134407,350444318.0,266430,0,-50738,383430,0,15262,117000,0,66000
20260805,3413,京鼎,328.5,331.0,321.0,321.5,,0.0,1257814,410712440.0,206037,0,6277,486037,0,15642,280000,0,9365
20260805,2615,萬海,86.2,86.8,85.1,85.4,-,0.7,6431208,550448920.0,226441,-10264,-5015,3263029,0,42917,3036588,10264,47932
20260805,3515,華擎,206.0,212.0,205.5,209.5,+,11.0,675847,141339479.0,209433,-904,2237,328433,0,4013,119000,904,1776
20260805,2466,冠西電,96.5,99.1,95.7,96.3,+,1.2,859138,83395080.0,208027,0,1000,331030,0,7000,123003,0,6000
20260805,8033,雷虎,190.5,190.5,185.0,189.0,+,10.5,1076498,202758421.0,196172,0,11000,364318,0,11000,168146,0,0
20260805,1304,台聚,11.45,11.7,11.4,11.6,+,0.2,3288625,38098345.0,212316,0,-5547,1148416,0,29050,936100,0,34597
20260805,1517,利奇,11.3,11.5,11.3,11.35,+,0.1,563967,6413923.0,201313,0,3000,251313,0,3000,50000,0,0
20260805,00949,復華日本龍頭,21.52,21.57,21.42,21.53,+,0.14,473116,10165288.0,-3000,0,207200,4000,0,370075,7000,0,162875
20260805,2617,台航,28.4,29.1,28.4,28.9,+,0.5,727999,21003179.0,220050,0,-17783,405050,0,34237,185000,0,52020
20260805,1722,台肥,45.2,45.5,44.95,45.3,+,0.2,2874404,129687742.0,123982,0,78137,715982,0,94000,592000,0,15863
20260805,2889,國票金,15.4,15.45,15.35,15.35,-,0.05,3322036,51171516.0,69000,0,133017,1191000,0,274000,1122000,0,140983
20260805,3051,力特,22.5,23.05,21.9,22.7,+,0.8,858250,19435525.0,194000,0,7000,404000,0,13000,210000,0,6000
20260805,4968,立積,101.5,101.5,98.8,98.8,-,0.7,814372,81549812.0,196140,0,4195,380140,0,6000,184000,0,1805
20260805,5471,松翰,56.2,56.8,55.0,55.0,-,0.2,2510340,140253769.0,202348,0,-2299,853615,0,5000,651267,0,7299
20260805,1789,神隆,19.05,19.45,19.05,19.4,+,0.4,439859,8450613.0,193025,0,2000,248203,0,2000,55178,0,0
20260805,1590,亞德客-KY,1455.0,1535.0,1445.0,1510.0,+,85.0,1270092,1892227130.0,132643,49000,12735,813098,49000,29965,680455,0,17230
20260805,00898,國泰基因免疫革命,9.53,9.6,9.49,9.58,+,0.14,748718,7159027.0,393000,0,-199100,405000,0,70000,12000,0,269100
20260805,6526,達發,618.0,632.0,605.0,632.0,+,57.0,1155759,719072609.0,139974,15000,38632,353977,34000,57078,214003,19000,18446
20260805,00700,富邦恒生國企,17.94,18.02,17.85,17.91,,0.0,481520,8642708.0,128000,0,65407,227000,0,193491,99000,0,128084
20260805,2023,燁輝,13.65,13.7,13.6,13.65,,0.0,1253974,17113516.0,210306,0,-17000,609306,0,0,399000,0,17000
20260805,00971,野村美國研發龍頭,17.91,17.93,17.86,17.89,+,0.32,269473,4820841.0,-2000,0,194735,0,0,206125,2000,0,11390
20260805,00907,永豐優息存股,16.9,16.95,16.83,16.85,+,0.08,776477,13100715.0,61000,0,131068,69000,0,364600,8000,0,233532
20260805,3094,聯傑,37.35,37.75,36.05,36.05,+,0.65,1736121,63847498.0,191845,0,0,544865,0,0,353020,0,0
20260805,6605,帝寶,135.0,136.5,131.0,136.0,+,2.0,412341,55690558.0,189479,0,381,234479,0,381,45000,0,0
20260805,6416,瑞祺電通,95.0,101.5,95.0,99.6,+,5.0,784754,77687054.0,187295,0,0,341295,0,3000,154000,0,3000
20260805,3047,訊舟,14.6,14.8,14.5,14.65,+,0.15,511141,7484354.0,202121,0,-16000,298121,0,1000,96000,0,17000
20260805,00924,復華S&P500成長,34.23,34.28,34.15,34.2,+,0.7,1439049,49210075.0,-385678,0,569055,15322,0,692979,401000,0,123924
20260805,00861,元大全球未來通訊,87.55,89.1,87.55,89.1,+,4.35,398550,35408990.0,308011,0,-127353,310011,0,45647,2000,0,173000
20260805,6962,奕力-KY,31.75,31.95,31.15,31.2,+,0.05,1360713,42841264.0,175741,0,3661,430741,0,4156,255000,0,495
20260805,2537,聯上發,10.95,11.0,10.9,10.95,+,0.05,483923,5295136.0,190000,0,-12019,225000,0,8000,35000,0,20019
20260805,2405,輔信,16.5,16.6,16.2,16.3,+,0.1,1240343,20328541.0,170270,0,0,641270,0,0,471000,0,0
20260805,1904,正隆,21.35,21.55,21.15,21.25,-,0.1,1128277,24073378.0,173216,0,-3000,516598,0,20000,343382,0,23000
20260805,2460,建通,30.55,31.7,30.55,31.65,+,1.15,404880,12673318.0,169583,0,0,233583,0,0,64000,0,0
20260805,6541,泰福-KY,37.15,37.95,37.15,37.95,+,0.8,310752,11684894.0,168000,0,0,194000,0,0,26000,0,0
20260805,1721,三晃,20.8,20.9,20.25,20.4,+,0.3,881704,18103909.0,166956,0,0,308035,0,0,141079,0,0
20260805,2543,皇昌,36.65,37.55,36.4,37.45,+,0.8,931835,34458491.0,163055,0,3028,381055,0,7541,218000,0,4513
20260805,4746,台耀,52.4,53.2,52.0,52.9,+,0.5,434265,22870788.0,126085,0,39819,227300,0,40019,101215,0,200
20260805,1808,潤隆,32.3,32.65,32.25,32.4,-,0.05,857580,27841413.0,143150,0,22000,415150,0,37000,272000,0,15000
20260805,4306,炎洲,14.15,14.25,14.15,14.2,+,0.15,565921,8026943.0,160721,0,4000,292308,0,116000,131587,0,112000
20260805,6214,精誠,151.0,153.5,150.5,153.0,+,3.0,2633781,400942691.0,135057,-1593,30205,879990,0,38592,744933,1593,8387
20260805,6768,志強-KY,66.0,66.6,65.2,66.0,+,1.1,716622,47213342.0,288177,-125000,-44,479177,0,361,191000,125000,405
20260805,6177,達麗,47.6,47.8,47.1,47.75,+,0.45,835004,39705409.0,139319,-4256,25990,452389,0,49000,313070,4256,23010
20260805,6282,康舒,49.5,50.0,48.0,48.0,+,0.1,11305747,553837827.0,78735,1000,81107,3444830,1000,375274,3366095,0,294167
20260805,2354,鴻準,56.8,57.2,55.5,55.5,-,0.5,4771508,268777370.0,198702,0,-38839,1784813,0,48000,1586111,0,86839
20260805,6243,迅杰,51.8,53.6,49.25,49.5,-,1.0,4758193,244299124.0,172115,0,-14707,1470000,0,3211,1297885,0,17918
20260805,00652,富邦印度,34.5,34.53,34.37,34.45,+,0.04,419894,14472769.0,0,45000,111795,0,45000,300000,0,0,188205
20260805,00920,富邦ESG綠色電力,24.42,24.75,24.21,24.65,+,0.53,215291,5312827.0,3000,0,151620,5000,0,154620,2000,0,3000
20260805,00911,兆豐洲際半導體,55.6,55.6,54.75,55.3,+,2.85,1401251,77147825.0,-864,0,155365,24236,0,1064383,25100,0,909018
20260805,2478,大毅,126.5,128.0,119.0,120.0,-,1.5,6291640,772256784.0,161432,0,-9520,2319125,0,11204,2157693,0,20724
20260805,6805,富世達,1720.0,1725.0,1570.0,1600.0,+,10.0,3251236,5288033480.0,-874088,1049000,-28160,1089459,1069000,25226,1963547,20000,53386
20260805,6669,緯穎,6265.0,6400.0,6130.0,6175.0,-,30.0,2205262,13791851620.0,280697,-117578,-17044,1274041,55000,81482,993344,172578,98526
20260805,2453,凌群,53.7,54.2,53.5,53.7,+,1.0,348623,18802003.0,145217,0,0,189217,0,4000,44000,0,4000
20260805,6196,帆宣,541.0,541.0,503.0,509.0,+,17.0,2615401,1366058875.0,100308,-350,45118,828313,0,537058,728005,350,491940
20260805,6890,來億-KY,165.0,172.0,164.0,171.5,+,8.0,276773,46757804.0,146701,0,-3265,202903,0,1799,56202,0,5064
20260805,8215,明基材,23.65,24.2,23.65,23.85,+,0.55,588117,14040225.0,144220,1000,-1944,340220,1000,5587,196000,0,7531
20260805,00895,富邦未來車,50.5,50.55,50.25,50.5,+,1.25,751525,37893212.0,119000,0,23994,120000,0,476147,1000,0,452153
20260805,00901,永豐智能車供應鏈,44.41,44.75,44.05,44.32,+,1.4,332444,14785937.0,-124000,0,266736,33000,0,276129,157000,0,9393
20260805,5203,訊連,66.6,67.7,66.2,67.5,+,1.8,234733,15729864.0,93029,0,47000,137029,0,47000,44000,0,0
20260805,2467,志聖,520.0,525.0,508.0,517.0,+,14.0,908590,469802344.0,152090,-10538,-2466,427090,662,14229,275000,11200,16695
20260805,6141,柏承,34.8,36.7,34.45,35.45,+,2.05,1974937,70565910.0,139000,0,-37,603000,0,2792,464000,0,2829
20260805,3714,富采,55.2,55.9,54.8,55.1,+,1.4,5965991,329325855.0,105073,0,33617,1886073,0,65488,1781000,0,31871
20260805,6215,和椿,95.7,97.5,94.7,96.0,+,3.4,929078,89619732.0,134368,0,4243,328317,0,18433,193949,0,14190
20260805,8454,富邦媒,258.0,265.5,255.5,261.5,+,8.0,1131478,294562507.0,154586,-91,-16165,608875,0,4443,454289,91,20608
20260805,3669,圓展,39.0,41.45,38.45,39.75,+,1.1,742550,29599187.0,140137,0,-2000,287137,0,3000,147000,0,5000
20260805,3056,富華新,14.05,14.05,13.85,13.95,-,0.05,743154,10347618.0,137721,0,0,377721,0,0,240000,0,0
20260805,00636,國泰中國A50,28.43,28.51,27.95,28.51,+,0.32,764252,21538815.0,-51000,0,187155,28000,0,585909,79000,0,398754
20260805,00730,富邦臺灣優質高息,28.8,29.15,28.8,28.9,+,0.5,201823,5860530.0,11000,0,124362,38000,0,133027,27000,0,8665
20260805,1342,八貫,100.5,102.5,100.5,102.0,+,2.0,355083,36035441.0,132126,0,2000,187161,0,6000,55035,0,4000
20260805,4526,東台,30.05,31.2,30.05,30.7,+,0.95,2002887,61184005.0,133000,0,231,753000,0,8125,620000,0,7894
20260805,7769,鴻勁,6400.0,6600.0,6325.0,6530.0,+,340.0,628017,4093944595.0,103134,25001,2872,327518,25001,19987,224384,0,17115
20260805,00876,元大全球5G,87.8,89.8,87.8,89.65,+,4.7,259570,23196395.0,129012,0,1858,131012,0,49858,2000,0,48000
20260805,3060,銘異,29.5,29.85,29.05,29.05,+,0.25,1235420,36334150.0,138060,1000,-9026,524185,1000,4050,386125,0,13076
20260805,4771,望隼,187.5,193.0,187.5,192.5,+,5.0,201294,38487797.0,126848,0,3007,133074,0,4031,6226,0,1024
20260805,6533,晶心科,231.0,233.5,228.0,228.5,+,3.0,659676,151934057.0,128722,0,917,264772,0,4250,136050,0,3333
20260805,4915,致伸,64.4,64.6,63.3,63.7,+,0.1,2508102,160056573.0,125000,0,4146,872000,0,45499,747000,0,41353
20260805,2505,國揚,17.85,17.9,17.65,17.7,-,0.1,270039,4799709.0,129000,0,0,184000,0,0,55000,0,0
20260805,6438,迅得,146.5,150.0,146.5,147.0,+,3.0,327866,48476946.0,116892,0,11884,163810,0,12884,46918,0,1000
20260805,8222,寶一,37.45,38.15,36.85,37.45,+,0.7,968123,36406176.0,128013,0,0,368013,0,0,240000,0,0
20260805,2108,南帝,27.8,28.0,27.45,27.45,,0.0,551839,15250158.0,126091,0,1533,255000,0,1533,128909,0,0
20260805,1409,新纖,23.0,23.2,22.4,22.6,,0.0,9195198,209390469.0,-17692,0,141379,3048059,0,207494,3065751,0,66115
20260805,00960,野村全球航運龍頭,19.01,19.01,18.73,18.73,-,0.31,318053,5985333.0,-20000,0,143070,1000,0,151000,21000,0,7930
20260805,00944,野村趨勢動能高息,20.73,20.81,20.66,20.68,+,0.43,342979,7109130.0,303000,0,-181447,304000,0,23660,1000,0,205107
20260805,9921,巨大,84.3,85.9,83.6,85.1,+,1.1,1741425,147146129.0,100749,0,17215,776753,0,25000,676004,0,7785
20260805,1307,三芳,31.8,32.2,31.7,32.0,+,0.25,360453,11494003.0,136355,0,-20472,212355,0,0,76000,0,20472
20260805,1102,亞泥,32.4,32.6,32.25,32.6,+,0.2,8109403,262988772.0,215822,99736,-201179,5094964,136000,39778,4879142,36264,240957
20260805,4952,凌通,49.4,49.7,48.75,48.9,+,0.9,416836,20537323.0,112115,0,0,218115,0,3000,106000,0,3000
20260805,0055,元大MSCI金融,44.0,44.82,44.0,44.41,+,0.49,578659,25772653.0,357121,0,-246588,377129,0,69412,20008,0,316000
20260805,6691,洋基工程,696.0,709.0,694.0,698.0,+,19.0,608390,426654553.0,75244,-1000,35636,266202,0,40660,190958,1000,5024
20260805,1325,恆大,26.35,27.35,26.25,26.65,+,0.6,732159,19683921.0,109471,0,0,232416,0,0,122945,0,0
20260805,6756,威鋒電子,98.8,100.5,97.1,99.3,+,3.3,227005,22439570.0,107000,0,1143,143000,0,2143,36000,0,1000
20260805,8374,羅昇,77.3,80.9,77.1,79.8,+,3.8,479748,37988046.0,103074,0,4190,168027,0,5273,64953,0,1083
20260805,1471,首利,9.59,9.67,9.12,9.5,,0.0,451246,4277340.0,110000,0,-3000,140000,0,1000,30000,0,4000
20260805,4976,佳凌,36.9,38.15,36.5,36.5,-,0.8,3931859,146598751.0,106832,0,-799,936088,0,201,829256,0,1000
20260805,3257,虹冠電,52.4,52.9,51.6,51.6,+,0.4,468541,24478776.0,105872,0,0,229140,0,0,123268,0,0
20260805,2038,海光,12.25,12.4,12.1,12.25,,0.0,342018,4172587.0,121580,0,-16000,207000,0,0,85420,0,16000
20260805,6525,捷敏-KY,140.0,142.5,134.5,135.0,-,1.0,2771420,382325686.0,50044,0,55462,1080044,0,78015,1030000,0,22553
20260805,00899,FT潔淨能源,24.29,24.31,24.22,24.31,+,0.51,125367,3040237.0,1000,0,103009,1000,0,103025,0,0,16
20260805,2352,佳世達,29.1,29.75,28.4,28.45,-,0.45,7063350,204718557.0,182590,2000,-81341,2623590,2000,28247,2441000,0,109588
20260805,1526,日馳,17.55,17.75,17.25,17.45,-,0.35,729682,12691017.0,102929,0,0,234020,0,0,131091,0,0
20260805,4133,亞諾法,21.25,21.7,21.2,21.5,+,0.35,259682,5582942.0,101601,0,0,127601,0,0,26000,0,0
20260805,1540,喬福,20.25,20.65,20.25,20.35,+,0.2,296938,6085236.0,101000,0,0,175000,0,24000,74000,0,24000
20260805,3014,聯陽,130.0,131.5,129.0,130.0,+,2.0,1007021,130687783.0,106544,-4628,-918,344544,0,6030,238000,4628,6948
20260805,4540,全球傳動,51.0,55.0,50.6,53.6,+,3.6,3655063,194127410.0,98000,0,1714,1161000,0,5055,1063000,0,3341
20260805,3708,上緯投控,96.1,97.4,95.3,97.2,+,2.8,243171,23529806.0,89570,0,9506,121570,0,9736,32000,0,230
20260805,6477,安集,36.4,37.05,35.8,36.3,+,0.25,1858650,67569647.0,97077,0,0,508904,0,0,411827,0,0
20260805,6789,采鈺,458.0,467.5,452.0,453.5,+,13.5,1424056,654276701.0,75219,0,21774,501736,0,42038,426517,0,20264
20260805,2534,宏盛,17.0,17.1,16.9,17.0,+,0.1,229828,3908487.0,97310,0,-519,178310,0,17000,81000,0,17519
20260805,6757,台灣虎航,56.4,57.3,56.3,56.7,+,0.8,1136960,64445978.0,86253,0,10189,471157,0,14189,384904,0,4000
20260805,4564,元翎,16.25,16.55,16.15,16.45,+,0.45,979925,16039327.0,107426,0,-11859,315426,0,1000,208000,0,12859
20260805,00897,富邦基因免疫生技,11.16,11.19,11.15,11.17,+,0.11,162860,1817352.0,1000,0,94544,1000,0,96005,0,0,1461
20260805,4585,達明,293.0,303.0,290.0,301.0,+,14.0,332317,98480215.0,88855,0,6594,129025,0,8077,40170,0,1483
20260805,4912,聯德控股-KY,90.3,92.3,89.6,89.6,+,0.7,538408,48825256.0,95015,0,0,211015,0,2000,116000,0,2000
20260805,3015,全漢,57.2,57.9,56.0,56.1,-,0.2,639436,36471976.0,90842,-2693,6488,246452,1000,6488,155610,3693,0
20260805,4755,三福化,115.5,117.0,115.0,116.0,+,2.5,457056,52982808.0,91000,0,2000,221000,0,3000,130000,0,1000
20260805,00938,凱基優選30,25.0,25.16,24.97,25.01,+,0.29,1455652,36405772.0,314800,0,-222694,337000,0,1062851,22200,0,1285545
20260805,2414,精技,60.1,61.5,60.1,60.6,+,1.0,397889,24191750.0,91616,0,0,151000,0,7000,59384,0,7000
20260805,2420,新巨,54.6,55.4,54.4,55.2,+,0.9,572702,31450425.0,88626,0,999,282626,0,16000,194000,0,15001
20260805,3321,同泰,19.0,19.55,18.9,19.2,+,0.7,346525,6660359.0,88000,0,1000,134000,0,1000,46000,0,0
20260805,2528,皇普,19.25,20.3,19.2,20.1,+,0.95,644512,12803903.0,184520,-3169,-96000,330520,0,2000,146000,3169,98000
20260805,6799,來頡,81.2,87.0,80.4,87.0,+,7.9,457014,38696042.0,81000,0,3920,158000,0,3920,77000,0,0
20260805,2497,怡利電,46.7,47.4,46.5,47.0,+,0.75,390400,18351749.0,85000,0,-166,169000,0,2657,84000,0,2823
20260805,8210,勤誠,1190.0,1210.0,1160.0,1170.0,+,20.0,1439474,1701419820.0,94988,0,-10792,549766,0,16278,454778,0,27070
20260805,1711,永光,35.1,36.2,34.9,35.4,+,1.15,3098070,109805400.0,-13164,0,95834,1048443,0,138112,1061607,0,42278
20260805,1515,力山,29.25,30.9,29.05,30.9,+,2.8,540386,16340603.0,18000,0,64000,91000,0,64000,73000,0,0
20260805,3545,敦泰,51.1,51.2,50.2,50.5,+,0.6,799280,40558138.0,76972,10000,-5095,343233,10000,1396,266261,0,6491
20260805,6164,華興,11.9,12.05,11.9,12.0,+,0.3,525667,6286259.0,81563,0,0,190000,0,0,108437,0,0
20260805,5243,乙盛-KY,86.1,86.4,84.2,85.9,+,2.7,1049839,89634925.0,-92535,0,173313,348379,0,182111,440914,0,8798
20260805,6949,沛爾生醫-創,876.0,961.0,876.0,958.0,+,84.0,354216,329006624.0,92564,0,-13645,198000,0,25975,105436,0,39620
20260805,4720,德淵,19.95,19.95,19.5,19.6,+,0.45,652764,12863138.0,78000,0,38,270000,0,2000,192000,0,1962
20260805,9905,大華,20.85,21.05,20.8,20.9,+,0.3,343348,7188266.0,69000,0,9000,117000,0,19000,48000,0,10000
20260805,0061,元大寶滬深,24.62,24.94,24.5,24.94,+,0.3,164942,4078511.0,110000,0,-33749,110000,0,1398,0,0,35147
20260805,3443,創意,4355.0,4515.0,4285.0,4390.0,+,245.0,2175518,9603737715.0,85837,7408,-17066,965766,92488,118400,879929,85080,135466
20260805,4571,鈞興-KY,156.5,165.5,155.5,163.0,+,11.0,343811,55356462.0,58164,0,17673,131164,0,22673,73000,0,5000
20260805,7827,漢康-KY創,156.0,157.0,152.0,156.0,+,2.5,269742,41641769.0,70090,0,4036,102090,0,27231,32000,0,23195
20260805,6139,亞翔,811.0,830.0,800.0,800.0,+,14.0,3060692,2491440127.0,42235,-2400,33894,974985,0,107992,932750,2400,74098
20260805,6937,天虹,261.5,265.0,257.0,260.0,+,6.0,325787,84906066.0,65000,0,8711,130000,0,15446,65000,0,6735
20260805,3346,麗清,20.05,20.4,20.0,20.15,+,0.3,351686,7100772.0,73072,0,0,183244,0,0,110172,0,0
20260805,6689,伊雲谷,61.7,62.4,60.7,60.7,,0.0,186129,11468836.0,73000,0,0,99000,0,0,26000,0,0
20260805,1467,南緯,9.5,9.97,9.29,9.97,+,0.9,622726,6038901.0,58614,0,13679,270630,0,22679,212016,0,9000
20260805,00962,台新AI優息動能,15.13,15.22,15.0,15.04,+,0.38,901549,13613774.0,404000,0,-332184,430000,0,65738,26000,0,397922
20260805,3437,榮創,17.9,18.1,17.65,17.8,+,0.35,462113,8239060.0,71000,0,0,171000,0,4000,100000,0,4000
20260805,2010,春源,21.05,21.1,21.0,21.1,+,0.2,590801,12438323.0,68624,0,0,250000,0,28000,181376,0,28000
20260805,1532,勤美,21.4,21.65,21.4,21.65,+,0.15,271256,5864473.0,67882,0,0,102882,0,6000,35000,0,6000
20260805,4927,泰鼎-KY,32.2,32.45,31.45,31.9,+,1.45,2866179,91698540.0,67100,0,-118,1039100,0,12000,972000,0,12118
20260805,2030,彰源,17.15,17.45,17.1,17.4,+,0.3,800231,13854123.0,50715,0,16000,207364,0,68000,156649,0,52000
20260805,5244,弘凱,32.0,32.6,32.0,32.05,+,0.55,219816,7105248.0,66010,0,0,104010,0,0,38000,0,0
20260805,00645,富邦日本,56.65,57.1,56.65,57.05,+,1.1,306273,17412662.0,119143,55000,-108447,121143,55000,83101,2000,0,191548
20260805,7750,新代,2400.0,2485.0,2370.0,2460.0,+,130.0,471755,1153107020.0,49384,3000,11533,229546,3000,19580,180162,0,8047
20260805,3543,州巧,33.4,33.85,32.85,33.3,+,0.45,1268698,42344783.0,72320,0,-9000,405320,0,0,333000,0,9000
20260805,3135,凌航,171.0,182.0,169.0,176.5,+,11.0,4916737,875282911.0,49007,0,13113,998784,0,52028,949777,0,38915
20260805,6133,金橋,20.75,21.95,20.7,21.95,+,1.55,863517,18406656.0,53000,0,9000,277000,0,9000,224000,0,0
20260805,6558,興能高,25.45,25.95,25.45,25.55,+,0.5,195247,5020900.0,62000,0,0,123000,0,0,61000,0,0
20260805,3311,閎暉,32.35,32.8,32.3,32.7,+,0.75,208695,6777808.0,61000,0,-100,116000,0,8000,55000,0,8100
20260805,5534,長虹,77.8,78.5,77.6,78.1,+,0.6,378649,29557730.0,-97095,0,156996,66000,0,160110,163095,0,3114
20260805,8081,致新,259.5,263.5,255.0,258.0,+,4.0,1066799,276852975.0,53161,-852,7259,284274,0,11886,231113,852,4627
20260805,4590,富田-創,81.0,82.4,79.6,80.3,+,0.3,275069,22176949.0,41300,0,18129,84300,0,44000,43000,0,25871
20260805,6753,龍德造船,133.0,136.0,132.5,134.0,+,3.5,1358657,182227151.0,-28935,0,88107,418065,0,97215,447000,0,9108
20260805,4582,聚恆-創,27.75,28.95,27.75,28.35,+,0.85,281831,7989947.0,58000,0,1055,84000,0,20065,26000,0,19010
20260805,6885,全福生技,20.75,20.9,20.65,20.85,+,0.15,204438,4248729.0,58000,0,0,71000,0,0,13000,0,0
20260805,00709,富邦歐洲,41.44,41.55,41.38,41.39,+,0.23,148105,6142545.0,1000,75000,-18000,1000,75000,33000,0,0,51000
20260805,1522,堤維西,28.15,28.6,28.15,28.2,-,0.05,248453,7028225.0,52966,0,0,105073,0,1000,52107,0,1000
20260805,8213,志超,30.1,30.45,30.0,30.2,+,0.5,329966,9972900.0,40000,0,12608,146000,0,31608,106000,0,19000
20260805,5222,全訊,112.5,114.5,112.0,113.0,+,1.5,198631,22504977.0,51185,0,890,95669,0,1000,44484,0,110
20260805,00737,國泰AI機器人,40.68,41.2,40.68,41.08,+,1.18,180480,7402670.0,5000,0,46905,22000,0,55514,17000,0,8609
20260805,5284,jpp-KY,310.0,313.0,302.5,313.0,+,13.5,551009,169476456.0,36000,0,14136,157000,0,18136,121000,0,4000
20260805,3050,鈺德,11.35,11.4,11.25,11.3,+,0.05,419542,4732535.0,50000,0,0,130000,0,0,80000,0,0
20260805,2597,潤弘,162.5,163.5,161.5,163.5,+,3.0,110451,17917632.0,50000,0,0,74000,0,0,24000,0,0
20260805,7689,大鵬科CLMX,168.5,170.5,166.5,167.0,,0.0,168199,28262196.0,50000,0,0,54000,0,0,4000,0,0
20260805,6152,百一,11.95,12.2,11.85,11.9,+,0.1,326048,3903851.0,49961,0,0,127000,0,0,77039,0,0
20260805,00661,元大日經225,85.0,85.8,85.0,85.8,+,3.45,109085,9322159.0,-7000,0,56891,6000,0,70064,13000,0,13173
20260805,6861,睿生光電,210.0,215.5,206.0,209.5,+,3.5,368945,77625570.0,49265,0,-25,141265,0,7022,92000,0,7047
20260805,4583,台灣精銳,491.5,516.0,491.5,515.0,+,24.5,146844,74823447.0,50000,0,-1000,87000,0,0,37000,0,1000
20260805,2471,資通,48.7,49.2,48.7,49.0,+,0.3,114848,5627967.0,47970,0,-1000,61000,0,9000,13030,0,10000
20260805,00639,富邦深100,16.98,17.23,16.78,17.23,+,0.28,886458,15030468.0,35000,0,11817,111000,0,548212,76000,0,536395
20260805,2032,新鋼,15.8,15.9,15.6,15.65,+,0.05,218470,3437468.0,59007,0,-13000,95007,0,21000,36000,0,34000
20260805,1445,大宇,10.7,10.7,10.45,10.45,-,0.25,133189,1404084.0,43000,0,3000,49000,0,8000,6000,0,5000
20260805,8249,菱光,42.5,43.9,42.15,42.8,+,1.1,266239,11396066.0,46766,0,-1000,126766,0,2000,80000,0,3000
20260805,6854,錼創科技-KY創,94.5,97.8,94.5,96.4,+,2.3,309504,29814591.0,48000,0,-2947,130000,0,26063,82000,0,29010
20260805,00731,復華富時高息低波,91.9,92.2,91.4,91.75,+,1.45,566272,52022613.0,206000,0,-161565,220000,0,316601,14000,0,478166
20260805,6902,GOGOLOOK,121.0,123.5,120.5,123.0,+,2.5,86772,10584669.0,43000,0,0,54000,0,0,11000,0,0
20260805,1735,日勝化,20.15,20.5,20.1,20.45,+,0.65,232517,4733804.0,33005,0,9000,97005,0,34000,64000,0,25000
20260805,1783,和康生,40.35,40.5,39.8,40.5,+,0.55,81263,3257088.0,14000,0,28000,19000,0,28000,5000,0,0
20260805,2480,敦陽科,154.0,154.5,152.0,153.0,+,2.0,375757,57594268.0,40106,-1433,2700,177197,0,3100,137091,1433,400
20260805,6790,永豐實,38.3,38.75,37.9,38.25,-,0.2,222111,8490577.0,35800,0,4855,96000,0,22000,60200,0,17145
20260805,2211,長榮鋼,86.5,87.1,86.1,86.7,+,0.2,318016,27549374.0,97033,-49000,-8138,201000,0,2012,103967,49000,10150
20260805,4770,上品,215.0,217.0,214.0,215.0,+,3.0,150953,32494561.0,41003,0,-1324,61003,0,0,20000,0,1324
20260805,6695,芯鼎,52.2,52.5,51.0,51.1,+,0.1,395196,20428778.0,39601,0,0,151258,0,0,111657,0,0
20260805,3588,通嘉,53.1,54.1,53.0,53.3,+,0.9,226757,12129834.0,43012,0,-3854,97019,0,2146,54007,0,6000
20260805,3447,展達,27.8,28.05,27.65,27.65,+,0.25,133271,3705770.0,39000,0,0,60000,0,0,21000,0,0
20260805,5234,達興材料,331.0,338.0,329.5,335.0,+,14.5,217584,72743444.0,33604,-5000,10383,111604,0,11799,78000,5000,1416
20260805,6117,迎廣,65.5,66.5,65.3,65.6,+,1.1,249269,16413743.0,33029,0,4804,94038,0,11004,61009,0,6200
20260805,5434,崇越,523.0,532.0,509.0,512.0,+,3.0,1222577,632235979.0,499218,-407950,-53628,737218,1050,12160,238000,409000,65788
20260805,00762,元大全球AI,115.15,115.3,114.55,115.3,+,4.3,213816,24592284.0,49830,0,-12199,50000,0,56801,170,0,69000
20260805,00903,富邦元宇宙,21.83,21.84,21.78,21.84,+,0.76,469649,10234682.0,-416000,0,453485,4000,0,455485,420000,0,2000
20260805,2423,固緯,73.1,75.3,73.0,74.2,+,1.7,157262,11639217.0,36000,0,1000,80000,0,1000,44000,0,0
20260805,2429,銘旺科,32.1,33.6,31.95,32.15,+,1.15,572065,18656179.0,37000,0,0,166000,0,0,129000,0,0
20260805,2387,精元,37.5,38.6,37.5,37.85,+,0.35,685825,26078282.0,40842,-7943,3970,233842,0,4000,193000,7943,30
20260805,8028,昇陽半導體,278.0,286.0,275.0,282.0,+,14.0,1547396,433941556.0,266479,-185000,-45461,588987,0,12000,322508,185000,57461
20260805,5258,虹堡,55.0,55.6,52.8,52.8,-,1.6,701985,37996531.0,35983,0,0,262063,0,0,226080,0,0
20260805,1723,中碳,83.8,84.1,83.0,83.7,+,0.4,305227,25510220.0,30000,1000,4055,157000,1000,6581,127000,0,2526
20260805,4562,穎漢,30.8,31.45,30.3,31.05,+,0.95,243427,7562414.0,35000,0,0,95000,0,3000,60000,0,3000
20260805,1432,大魯閣,15.05,15.1,15.0,15.1,+,0.05,119040,1792194.0,35000,0,0,45000,0,0,10000,0,0
20260805,1446,宏和,13.75,13.8,13.65,13.8,+,0.2,146497,2012798.0,35000,0,0,49000,0,13000,14000,0,13000
20260805,2390,云辰,10.6,10.95,10.55,10.7,+,0.35,667291,7140570.0,55599,0,-21000,231078,0,0,175479,0,21000
20260805,9946,三發地產,17.9,18.0,17.85,17.85,-,0.05,190579,3416253.0,-21564,0,56000,47436,0,67000,69000,0,11000
20260805,3040,遠見,35.8,37.5,35.7,37.5,+,1.7,114021,4144201.0,33000,0,0,37000,0,0,4000,0,0
20260805,1466,聚隆,16.0,16.3,15.85,16.25,+,0.4,485190,7815266.0,32862,0,0,150864,0,0,118002,0,0
20260805,00921,兆豐龍頭等權重,23.41,23.54,23.33,23.35,+,0.36,184808,4335837.0,-63000,0,94014,19000,0,121863,82000,0,27849
20260805,1527,鑽全,32.5,32.6,32.4,32.5,,0.0,112340,3652381.0,31000,0,0,43000,0,0,12000,0,0
20260805,6115,鎰勝,45.6,45.6,45.1,45.1,,0.0,145424,6587524.0,31000,0,0,57000,0,10000,26000,0,10000
20260805,7768,頌勝科技,252.0,267.5,252.0,262.0,+,10.0,164048,42536559.0,31000,0,-276,69000,0,0,38000,0,276
20260805,0051,元大中型100,139.95,141.45,139.25,140.1,+,4.2,72742,10212076.0,1039,0,29588,1065,0,32588,26,0,3000
20260805,1215,卜蜂,104.0,104.0,103.0,104.0,+,0.5,625593,64892308.0,30153,0,-122,353000,0,4000,322847,0,4122
20260805,00728,第一金工業30,62.95,63.45,62.8,63.1,+,2.0,100793,6364010.0,-37000,0,66481,5000,0,77212,42000,0,10731
20260805,6216,居易,21.85,22.0,21.8,21.8,-,0.05,144910,3168431.0,30000,0,-578,39000,0,1000,9000,0,1578
20260805,2236,百達-KY,137.0,142.0,136.0,138.0,+,1.0,746345,103964250.0,28060,0,-1,234060,0,0,206000,0,1
20260805,00739,元大MSCI A股,27.9,28.32,27.84,28.32,+,0.42,79923,2236672.0,42000,0,-14409,42000,0,30591,0,0,45000
20260805,3711,日月光投控,620.0,624.0,588.0,593.0,+,8.0,32968894,19925931556.0,-2332853,1710465,649735,13561660,1716890,1662156,15894513,6425,1012421
20260805,1732,毛寶,26.75,27.5,26.6,26.95,+,0.45,401449,10830435.0,26242,0,1000,99242,0,1000,73000,0,0
20260805,5607,遠雄港,48.3,48.6,48.1,48.15,+,0.3,233542,11288774.0,26953,0,0,90000,0,4000,63047,0,4000
20260805,3607,谷崧,14.1,14.4,14.05,14.1,+,0.15,236666,3357336.0,26220,0,0,64220,0,0,38000,0,0
20260805,1524,耿鼎,26.55,26.85,26.4,26.4,-,0.05,266003,7051853.0,26048,0,0,64048,0,0,38000,0,0
20260805,1340,勝悅-KY,5.07,5.09,5.04,5.06,+,0.01,98514,498362.0,26000,0,0,29000,0,0,3000,0,0
20260805,3011,今皓,11.6,12.0,11.6,11.8,+,0.25,287827,3378844.0,26000,0,0,111000,0,0,85000,0,0
20260805,2430,燦坤,16.6,16.7,16.45,16.65,-,0.05,229050,3798819.0,27000,0,-1000,50000,0,8000,23000,0,9000
20260805,8072,陞泰,27.25,27.25,26.9,26.9,+,0.25,111888,3018324.0,26000,0,0,35000,0,5000,9000,0,5000
20260805,4999,鑫禾,18.5,18.6,18.3,18.45,,0.0,85294,1570315.0,26000,0,-748,40000,0,1000,14000,0,1748
20260805,8045,達運光電,57.3,57.3,55.3,55.4,+,0.2,97833,5490244.0,26000,0,-981,56000,0,1019,30000,0,2000
20260805,7821,神數,40.45,40.65,39.95,40.0,+,0.25,93286,3740876.0,7000,0,18000,19000,0,18000,12000,0,0
20260805,4555,氣立,42.35,42.85,42.1,42.8,+,1.0,136381,5809987.0,19000,0,5000,61000,0,12000,42000,0,7000
20260805,4935,茂林-KY,35.45,35.5,34.0,34.5,-,0.15,188570,6521182.0,39000,0,-15000,70000,0,2000,31000,0,17000
20260805,3138,耀登,96.1,98.4,96.1,97.5,+,3.2,311673,30303170.0,21203,0,2088,141864,0,4281,120661,0,2193
20260805,3296,勝德,23.7,23.7,22.7,23.0,-,0.1,104714,2430632.0,24000,0,-1000,45000,0,0,21000,0,1000
20260805,1339,昭輝,44.65,44.95,44.4,44.45,+,0.05,77289,3449861.0,28000,0,-5000,34000,0,2000,6000,0,7000
20260805,1760,寶齡富錦,58.9,59.9,58.9,59.6,+,0.8,93647,5571503.0,22000,0,0,33000,0,0,11000,0,0
20260805,6592,和潤企業,60.0,60.3,59.6,60.0,+,0.1,208990,12536203.0,21000,0,472,109000,0,2000,88000,0,1528
20260805,6947,台鎔科技,75.0,82.0,73.5,80.9,+,4.2,1236575,98313616.0,21249,0,0,286249,0,0,265000,0,0
20260805,00733,富邦臺灣中小,63.25,63.55,62.55,62.75,+,1.3,462234,29163251.0,39079,0,-17877,128079,0,46611,89000,0,64488
20260805,8104,錸寶,31.1,31.75,30.7,31.2,+,0.8,468243,14614171.0,23000,0,-2000,132000,0,0,109000,0,2000
20260805,8201,無敵,11.55,11.6,11.45,11.6,+,0.1,60614,698271.0,21000,0,0,22000,0,0,1000,0,0
20260805,2404,漢唐,1140.0,1145.0,1110.0,1115.0,+,5.0,1695547,1911640010.0,339950,-263000,-56212,805547,0,34282,465597,263000,90494
20260805,3501,維熹,38.7,38.7,38.3,38.5,+,0.4,135053,5193120.0,22208,0,-2000,61208,0,0,39000,0,2000
20260805,9955,佳龍,22.8,23.15,22.8,23.05,+,0.3,219426,5056269.0,20070,0,0,91070,0,0,71000,0,0
20260805,3652,精聯,30.45,31.1,30.4,31.1,+,1.1,107812,3313329.0,20000,0,0,47000,0,2000,27000,0,2000
20260805,6552,易華電,24.85,24.9,24.3,24.45,+,0.1,108300,2661720.0,28000,0,-8000,57000,0,9000,29000,0,17000
20260805,1762,中化生,32.2,32.6,32.0,32.35,+,0.2,178431,5755591.0,29990,0,-10000,53000,0,0,23010,0,10000
20260805,7799,禾榮科,360.0,364.0,356.5,361.5,+,6.5,246867,89053196.0,19100,0,0,90100,0,0,71000,0,0
20260805,6969,成信實業*-創,35.2,35.25,33.7,34.1,-,0.35,206182,7116844.0,19000,0,0,19000,0,0,0,0,0
20260805,3043,科風,20.25,20.45,19.9,20.25,+,0.55,70573,1422800.0,27000,0,-8000,34000,0,7000,7000,0,15000
20260805,2838,聯邦銀,20.55,20.65,20.4,20.65,+,0.2,930152,19101891.0,43000,0,-24181,552000,0,35000,509000,0,59181
20260805,3027,盛達,18.2,18.75,18.2,18.45,+,0.25,219960,4033718.0,32000,0,-13411,93000,0,1000,61000,0,14411
20260805,00875,國泰網路資安,55.85,56.45,55.85,56.4,+,2.75,103137,5798530.0,-1083,0,19431,6,0,41431,1089,0,22000
20260805,4106,雃博,23.95,24.35,23.9,24.05,+,0.3,193491,4660314.0,25000,0,-6714,51000,0,7286,26000,0,14000
20260805,6994,富威電力,36.55,37.0,36.2,36.55,+,0.25,491824,17959804.0,18011,0,-1,170011,0,0,152000,0,1
20260805,2906,高林,12.85,13.0,12.8,12.9,+,0.05,150901,1948828.0,20000,0,-2000,33000,0,11000,13000,0,13000
20260805,6668,中揚光,35.55,36.1,35.25,35.7,+,0.35,466221,16583682.0,18000,0,0,119000,0,0,101000,0,0
20260805,3030,德律,304.0,309.0,297.0,297.5,+,1.0,1403549,423777209.0,22075,-500,-3613,464330,0,18188,442255,500,21801
20260805,6136,富爾特,24.3,25.25,24.3,24.9,+,0.45,256965,6375388.0,17000,0,0,49000,0,0,32000,0,0
20260805,6606,建德工業,25.85,26.15,25.85,26.1,,0.0,107077,2782406.0,17000,0,0,24000,0,10000,7000,0,10000
20260805,8464,億豐,375.5,381.0,372.0,375.5,,0.0,334892,126368045.0,7673,-6068,15320,293016,0,16174,285343,6068,854
20260805,2482,連宇,16.35,16.7,16.35,16.5,+,0.25,94818,1565880.0,17000,0,-197,43000,0,2000,26000,0,2197
20260805,2462,良得電,20.0,20.15,19.8,19.8,,0.0,176415,3524372.0,17000,0,-503,69000,0,0,52000,0,503
20260805,2612,中航,53.6,55.5,53.5,54.9,+,1.7,760476,41684299.0,18000,0,-1523,246000,0,2477,228000,0,4000
20260805,2706,第一店,12.55,12.55,12.4,12.4,-,0.05,156686,1947953.0,16000,0,0,51000,0,0,35000,0,0
20260805,4736,泰博,129.0,130.0,128.5,129.5,+,1.5,135770,17552698.0,26863,0,-11000,47148,0,3000,20285,0,14000
20260805,4588,玖鼎電力,50.1,51.9,50.1,51.0,+,0.4,50566,2570237.0,16000,0,-1000,26000,0,0,10000,0,1000
20260805,2929,淘帝-KY,5.57,5.64,5.52,5.56,-,0.02,128007,711089.0,15000,0,0,26000,0,8000,11000,0,8000
20260805,1521,大億,25.15,25.3,25.0,25.0,-,0.1,30252,760427.0,17000,0,-2000,18000,0,2000,1000,0,4000
20260805,6742,澤米,45.75,45.95,44.65,45.55,+,0.75,564154,25529198.0,15000,0,0,184000,0,0,169000,0,0
20260805,6796,晉弘,56.2,57.0,56.0,56.6,+,0.2,33000,1859900.0,16000,0,-1000,18000,0,0,2000,0,1000
20260805,2432,倚天酷碁-創,28.4,28.5,28.3,28.5,+,0.15,49000,1392850.0,14000,0,0,17000,0,5000,3000,0,5000
20260805,4545,銘鈺,33.6,33.7,33.1,33.45,+,0.75,43241,1445413.0,13000,0,1000,23000,0,1000,10000,0,0
20260805,2434,統懋,59.2,60.1,59.2,60.1,+,5.4,309473,18416817.0,0,0,13998,78000,0,14998,78000,0,1000
20260805,8478,東哥遊艇,151.0,152.5,150.5,150.5,,0.0,132253,20023459.0,-21999,0,35964,27001,0,36000,49000,0,36
20260805,3528,安馳,89.1,91.8,87.7,88.8,+,0.7,505902,45260933.0,18026,0,-4500,170026,0,0,152000,0,4500
20260805,2017,官田鋼,8.68,8.75,8.63,8.65,+,0.04,250622,2177924.0,20035,0,-7000,85035,0,0,65000,0,7000
20260805,1626,艾美特-KY,9.73,9.73,9.67,9.67,-,0.05,57363,556058.0,11000,0,2000,26000,0,4000,15000,0,2000
20260805,4572,駐龍,141.0,142.0,140.0,140.0,+,0.5,26658,3744442.0,13000,0,0,16000,0,0,3000,0,0
20260805,4737,華廣,54.6,54.6,54.2,54.3,-,0.7,54806,2979837.0,13000,0,0,24000,0,0,11000,0,0
20260805,1587,吉茂,24.7,24.75,24.25,24.4,+,0.05,98051,2394518.0,12658,0,0,28000,0,0,15342,0,0
20260805,3530,晶相光,55.1,56.3,55.1,55.5,+,1.1,107348,5978946.0,13000,0,-380,36000,0,0,23000,0,380
20260805,00657,國泰日經225,78.0,78.6,78.0,78.55,+,3.05,24411,1912938.0,-3000,0,15391,0,0,17391,3000,0,2000
20260805,1786,科妍,50.9,51.0,49.5,50.0,-,0.4,152147,7638209.0,12000,0,328,67000,0,458,55000,0,130
20260805,2413,環科,41.2,41.5,40.3,40.35,+,0.4,576834,23650190.0,9000,0,3000,197060,0,4000,188060,0,1000
20260805,6958,日盛台駿,18.75,18.75,18.5,18.7,,0.0,83113,1544363.0,12000,0,0,17000,0,0,5000,0,0
20260805,6183,關貿,92.5,93.5,91.8,92.1,+,0.4,30178,2791110.0,13000,0,-2000,22000,0,0,9000,0,2000
20260805,4934,太極,14.5,15.0,14.45,14.85,+,0.5,677170,9931250.0,10950,0,0,222000,0,0,211050,0,0
20260805,3622,洋華,54.1,54.6,54.0,54.0,+,0.3,169058,9174515.0,13000,-3969,1257,52000,0,1257,39000,3969,0
20260805,6591,動力-KY,44.6,45.3,44.0,44.0,-,0.5,214804,9547945.0,11000,0,-856,43000,0,0,32000,0,856
20260805,1530,亞崴,27.45,27.9,27.45,27.9,+,0.4,30690,848161.0,10000,0,50,13000,0,50,3000,0,0
20260805,3018,隆銘綠能,14.2,14.55,13.9,14.05,-,0.25,108140,1519099.0,10000,0,0,14000,0,0,4000,0,0
20260805,2705,六福,16.25,16.25,16.05,16.1,-,0.05,84833,1366098.0,10000,0,0,36000,0,0,26000,0,0
20260805,6952,大武山,34.65,38.0,34.65,36.3,+,1.5,60400,2190146.0,7000,0,3000,16000,0,5000,9000,0,2000
20260805,9902,台火,13.75,13.75,13.6,13.7,-,0.05,123244,1689538.0,10000,0,0,15000,0,0,5000,0,0
20260805,00783,富邦中証500,27.82,28.5,27.71,28.5,+,0.69,146800,4099675.0,20000,0,-10720,48000,0,93378,28000,0,104098
20260805,2642,宅配通,20.75,20.75,20.05,20.5,+,0.25,64085,1294828.0,10000,0,-1000,22000,0,0,12000,0,1000
20260805,3168,眾福科,42.35,43.3,42.2,42.75,+,1.6,25291,1081602.0,3000,0,6000,10000,0,6000,7000,0,0
20260805,9931,欣高,33.95,33.95,33.55,33.95,+,0.1,23000,775750.0,9000,0,0,13000,0,0,4000,0,0
20260805,2247,汎德永業,225.0,226.5,224.5,226.5,+,2.5,25054,5660022.0,9000,-307,0,19000,0,0,10000,307,0
20260805,6205,詮欣,60.9,61.6,59.7,60.1,+,0.1,548333,33119353.0,8000,0,438,213000,0,7000,205000,0,6562
20260805,00908,富邦入息REITs+,15.78,15.78,15.76,15.76,-,0.06,61155,964203.0,1000,0,7354,2000,0,13448,1000,0,6094
20260805,00851,台新全球AI,72.05,72.05,71.8,71.8,+,1.8,17882,1284592.0,0,0,8000,0,0,8000,0,0,0
20260805,1439,雋揚,28.9,29.7,28.5,29.1,+,0.6,49942,1458892.0,8000,0,0,13000,0,1000,5000,0,1000
20260805,1452,宏益,11.2,11.3,11.15,11.15,-,0.05,91073,1019711.0,8000,0,0,14000,0,0,6000,0,0
20260805,1453,大將,11.0,11.15,10.9,11.15,-,0.05,50758,560599.0,8000,0,0,10000,0,0,2000,0,0
20260805,6928,攸泰科技,49.85,50.8,49.2,49.3,-,0.3,128785,6434666.0,8000,0,0,53000,0,0,45000,0,0
20260805,2477,美隆電,21.7,21.9,21.5,21.55,-,0.1,134037,2905507.0,9000,-1067,0,58000,0,1000,49000,1067,1000
20260805,6446,藥華藥,1245.0,1335.0,1240.0,1335.0,+,120.0,4891358,6427227600.0,-49248,46000,10892,1170141,63000,68290,1219389,17000,57398
20260805,7749,意騰-KY,346.0,353.5,346.0,348.0,+,9.0,122346,42804449.0,6013,0,1000,41013,0,1000,35000,0,0
20260805,6431,光麗-KY,18.1,18.1,17.9,18.0,-,0.55,44003,792603.0,11000,0,-4000,16000,0,0,5000,0,4000
20260805,2028,威致,15.2,15.3,15.05,15.1,-,0.1,101619,1541604.0,13000,0,-6000,29000,0,10000,16000,0,16000
20260805,4439,冠星-KY,103.0,103.0,100.5,101.5,,0.0,49105,4987305.0,5000,0,2000,15000,0,3000,10000,0,1000
20260805,0053,元大電子,235.6,236.65,233.95,234.95,+,8.15,53063,12449890.0,4,0,6576,4,0,18576,0,0,12000
20260805,7721,微程式,61.0,62.0,61.0,61.1,+,1.0,42559,2610659.0,6090,0,0,14090,0,1000,8000,0,1000
20260805,7730,暉盛-創,160.0,161.0,154.5,160.0,+,3.0,107955,16978510.0,14000,0,-7955,31000,0,9000,17000,0,16955
20260805,1465,偉全,12.5,12.65,12.2,12.45,-,0.05,156920,1946503.0,6030,0,0,32030,0,0,26000,0,0
20260805,6184,大豐電,42.45,42.55,42.1,42.35,-,0.05,50532,2134576.0,6000,0,0,8000,0,0,2000,0,0
20260805,4440,宜新實業,17.4,17.45,17.4,17.45,+,0.05,18112,315348.0,6000,0,0,9000,0,0,3000,0,0
20260805,3266,昇陽,13.8,13.9,13.75,13.9,+,0.25,24068,333415.0,5000,0,1000,12000,0,4000,7000,0,3000
20260805,1805,寶徠,9.7,9.87,9.7,9.87,+,0.17,39462,386277.0,7000,0,-1000,12000,0,0,5000,0,1000
20260805,6792,詠業,55.4,56.4,55.4,55.9,+,0.5,33150,1851310.0,6000,0,0,17000,0,0,11000,0,0
20260805,8467,波力-KY,99.0,101.5,98.0,98.5,-,0.5,11450,1139550.0,6000,0,0,7000,0,0,1000,0,0
20260805,3002,歐格,16.5,16.75,16.5,16.5,+,0.15,107518,1787340.0,6000,0,-86,43000,0,0,37000,0,86
20260805,1535,中宇,46.0,46.2,45.65,45.7,-,0.05,49315,2263659.0,5321,0,0,23321,0,4000,18000,0,4000
20260805,1473,台南,19.6,19.8,19.6,19.8,+,0.05,44892,885211.0,6000,0,-1000,10000,0,3000,4000,0,4000
20260805,1225,福懋油,23.9,24.4,23.9,24.25,+,0.35,118594,2860726.0,5000,0,0,22000,0,8000,17000,0,8000
20260805,5538,東明-KY,33.5,34.05,33.45,34.05,+,0.3,12000,403100.0,8000,0,-3000,9000,0,0,1000,0,3000
20260805,2496,卓越,60.0,60.5,59.6,59.7,-,0.2,52533,3150209.0,5000,0,0,6000,0,0,1000,0,0
20260805,6674,鋐寶科技,15.45,15.7,15.3,15.4,-,0.05,24021,371369.0,5000,0,0,6000,0,0,1000,0,0
20260805,6224,聚鼎,57.5,57.7,55.3,55.7,-,0.3,296936,16682172.0,5000,0,0,108000,0,1000,103000,0,1000
20260805,7765,中華資安,223.5,224.5,222.5,222.5,+,1.0,34204,7636862.0,5000,0,0,12000,0,2000,7000,0,2000
20260805,6887,寶綠特-KY,38.5,39.45,37.0,37.1,-,0.9,44069,1655459.0,4000,0,1000,12000,0,5000,8000,0,4000
20260805,9944,新麗,17.8,17.8,17.55,17.6,-,0.1,46606,824047.0,4000,0,1000,15000,0,8000,11000,0,7000
20260805,0057,富邦摩台,310.0,311.55,309.6,310.95,+,9.3,15380,4760140.0,-25,0,4620,1,0,5620,26,0,1000
20260805,6230,尼得科超眾,108.0,110.5,108.0,108.0,+,0.5,42101,4590167.0,4218,0,-102,19218,0,0,15000,0,102
20260805,6614,資拓宏宇,35.55,35.85,35.55,35.8,+,0.25,40480,1445738.0,3000,0,1000,8000,0,1000,5000,0,0
20260805,3432,台端,16.0,16.5,15.9,16.0,+,0.05,20001,321965.0,4000,0,0,5000,0,0,1000,0,0
20260805,3150,鈺寶-創,16.2,16.8,16.2,16.25,+,0.05,60000,989500.0,4000,0,0,12000,0,12000,8000,0,12000
20260805,2516,新建,13.9,14.0,13.85,13.95,+,0.05,139358,1936183.0,4000,0,0,18000,0,0,14000,0,0
20260805,1713,國化,46.5,47.2,46.5,46.95,+,0.85,559806,26316953.0,4000,0,0,147000,0,0,143000,0,0
20260805,2115,六暉-KY,21.85,21.95,21.85,21.9,+,0.05,40100,878339.0,5000,0,-1000,13000,0,5000,8000,0,6000
20260805,2008,高興昌,31.0,31.2,31.0,31.15,+,0.6,21139,655243.0,4000,0,0,4000,0,0,0,0,0
20260805,2816,旺旺保,33.9,33.9,33.6,33.65,+,0.05,245773,8287452.0,4000,0,0,60000,0,13000,56000,0,13000
20260805,2702,華園,12.55,12.65,12.4,12.55,+,0.05,25443,318753.0,-1000,0,5000,2000,0,8000,3000,0,3000
20260805,1203,味王,47.05,48.05,47.05,47.8,-,0.65,17282,824321.0,5000,0,-1000,12000,0,0,7000,0,1000
20260805,1525,江申,67.5,68.8,67.3,68.8,+,0.6,37325,2537847.0,4000,0,0,6000,0,3000,2000,0,3000
20260805,9924,福興,38.75,38.75,38.35,38.5,+,0.1,153500,5907106.0,1000,0,3000,56000,0,18000,55000,0,15000
20260805,6921,嘉雨思-創,58.0,63.8,58.0,63.8,+,4.0,27200,1663519.0,7000,0,-3000,10000,0,6000,3000,0,9000
20260805,8411,福貞-KY,12.9,13.1,12.85,13.1,+,0.3,95323,1236196.0,3000,0,1000,10000,0,10000,7000,0,9000
20260805,6641,基士德-KY,17.95,18.0,17.75,17.95,+,0.25,25002,446435.0,4000,0,-1,6000,0,2000,2000,0,2001
20260805,7711,永擎,329.0,329.0,329.0,329.0,+,29.5,74377,24470033.0,-5256,0,8721,0,0,8721,5256,0,0
20260805,2427,三商電,22.55,22.85,22.3,22.4,,0.0,841373,18946031.0,3075,0,0,261075,0,0,258000,0,0
20260805,4155,訊映,14.45,14.6,14.4,14.4,+,0.1,144778,2096362.0,12000,0,-9000,57000,0,18000,45000,0,27000
20260805,6128,上福,20.2,20.2,20.15,20.2,,0.0,25513,514588.0,3000,0,0,5000,0,0,2000,0,0
20260805,1441,大東,9.05,9.05,8.85,8.89,-,0.16,21169,188650.0,3000,0,0,3000,0,0,0,0,0
20260805,8463,潤泰材,20.95,21.05,20.9,20.95,-,0.1,51001,1069621.0,4000,0,-1000,6000,0,4000,2000,0,5000
20260805,4942,嘉彰,34.0,34.35,33.7,33.85,-,0.15,146756,4976260.0,3000,0,-271,34000,0,7000,31000,0,7271
20260805,3679,新至陞,109.0,110.0,109.0,109.5,+,1.0,16838,1842241.0,3000,-296,0,6000,0,3000,3000,296,3000
20260805,2227,裕日車,49.75,50.0,49.4,50.0,+,0.15,25130,1247728.0,2547,0,-7,6000,0,0,3453,0,7
20260805,4119,旭富,48.7,48.95,48.0,48.6,+,0.6,49861,2413822.0,2000,0,0,19000,0,2000,17000,0,2000
20260805,4426,利勤,7.94,7.99,7.82,7.92,-,0.01,47794,378206.0,2000,0,0,13000,0,0,11000,0,0
20260805,2945,三商家購,41.3,41.6,40.75,41.6,+,0.15,10442,427785.0,2000,0,0,3000,0,3000,1000,0,3000
20260805,2007,燁興,7.02,7.1,7.0,7.0,,0.0,186733,1309334.0,2000,0,0,41000,0,0,39000,0,0
20260805,6657,華安,31.35,31.4,30.5,30.5,-,0.15,66726,2050458.0,2000,0,0,12000,0,0,10000,0,0
20260805,00736,國泰新興市場,32.08,32.09,32.0,32.01,+,0.41,147840,4733029.0,0,0,2000,0,0,145000,0,0,143000
20260805,1108,幸福,12.1,12.1,11.95,11.95,-,0.1,110803,1329466.0,2000,0,0,25000,0,1000,23000,0,1000
20260805,1443,立益物流,25.7,26.45,25.7,25.75,-,0.1,9049,234451.0,2000,0,0,3000,0,0,1000,0,0
20260805,6754,匯僑設計,42.0,42.1,41.35,42.0,+,0.2,9038,378797.0,3000,0,-1000,3000,0,0,0,0,1000
20260805,6988,威力暘-創,12.15,12.15,11.9,11.9,,0.0,13000,156100.0,4000,0,-2000,4000,0,6000,0,0,8000
20260805,6771,平和環保-創,38.2,38.35,38.0,38.0,-,0.65,14002,534176.0,-1000,0,3000,0,0,4000,1000,0,1000
20260805,9926,新海,49.1,49.55,49.0,49.0,-,0.6,9193,451587.0,2000,0,0,2000,0,0,0,0,0
20260805,7823,奧義賽博-KY創,81.0,84.5,80.6,84.5,+,3.5,36170,2999410.0,2000,0,-30,7000,0,7000,5000,0,7030
20260805,6108,競國,17.35,17.45,17.05,17.4,+,0.5,677732,11730087.0,2744,0,-1000,151745,0,3000,149001,0,4000
20260805,3308,聯德,19.95,20.4,19.8,19.8,-,0.15,89809,1788180.0,2000,0,-418,19000,0,582,17000,0,1000
20260805,00702,國泰標普低波高息,25.29,25.3,25.29,25.3,+,0.08,112008,2833198.0,0,0,1423,0,0,104423,0,0,103000
20260805,3164,景岳,16.2,16.2,16.2,16.2,+,0.05,14106,228518.0,1000,0,0,1000,0,0,0,0,0
20260805,3494,誠研,6.88,6.99,6.8,6.95,+,0.07,166983,1150646.0,1000,0,0,10000,0,0,9000,0,0
20260805,4148,全宇生技-KY,31.0,31.3,30.8,30.95,+,0.05,43107,1335652.0,1000,0,0,6000,0,0,5000,0,0
20260805,2904,匯僑,13.25,13.35,12.8,13.2,-,0.05,33812,443371.0,1000,0,0,2000,0,0,1000,0,0
20260805,1752,南光,31.8,31.95,31.55,31.55,-,0.25,79065,2510828.0,1000,0,0,19000,0,1000,18000,0,1000
20260805,1776,展宇,16.45,16.85,16.4,16.7,+,0.05,65548,1091569.0,12000,0,-11000,26000,0,9000,14000,0,20000
20260805,2020,美亞,21.1,21.1,20.95,20.95,-,0.1,181599,3814277.0,1000,0,0,63000,0,0,62000,0,0
20260805,2433,互盛電,41.7,41.9,41.65,41.75,-,0.1,18553,774750.0,1000,0,0,4000,0,5000,3000,0,5000
20260805,2459,敦吉,64.3,64.9,64.3,64.3,+,0.4,99092,6390662.0,1000,0,0,14000,0,7000,13000,0,7000
20260805,6225,天瀚,24.0,24.85,24.0,24.35,+,1.75,17915,436405.0,1000,0,0,1000,0,0,0,0,0
20260805,1583,程泰,49.35,49.4,49.1,49.1,-,0.2,6033,297070.0,1000,0,0,1000,0,0,0,0,0
20260805,1470,大統新創,22.95,23.0,22.9,22.9,-,0.4,6001,137621.0,1000,0,0,4000,0,0,3000,0,0
20260805,1235,興泰,35.8,36.4,35.8,36.05,+,0.15,16040,580236.0,1000,0,0,5000,0,0,4000,0,0
20260805,1341,富林-KY,57.7,59.4,57.7,59.4,+,0.8,6089,355726.0,1000,0,0,1000,0,0,0,0,0
20260805,1315,達新,63.6,63.7,63.1,63.3,-,0.2,43008,2725068.0,1000,0,0,6000,0,0,5000,0,0
20260805,7818,溢泰實業,61.1,62.8,61.1,62.1,+,0.3,86628,5360826.0,-11000,0,12000,6000,0,12000,17000,0,0
20260805,8481,政伸,39.95,40.3,39.95,40.0,-,0.2,7448,299286.0,0,0,1000,2000,0,2000,2000,0,1000
20260805,3092,鴻碩,23.3,23.85,23.3,23.6,+,0.5,145676,3440410.0,998,0,0,48050,0,0,47052,0,0
20260805,1725,元禎,30.0,30.2,29.6,29.6,-,0.25,31351,940611.0,-1000,0,1649,13000,0,2000,14000,0,351
20260805,2024,志聯,13.65,13.65,13.35,13.35,-,0.2,16957,227520.0,0,0,0,1000,0,0,1000,0,0
20260805,1906,寶隆,11.1,11.1,10.95,11.0,-,0.15,27649,304638.0,0,0,0,2000,0,0,2000,0,0
20260805,3593,力銘,12.6,12.6,12.1,12.5,-,0.1,23016,286046.0,0,0,0,1000,0,0,1000,0,0
20260805,4930,燦星網,16.15,16.4,16.05,16.25,+,0.2,21993,356678.0,1000,0,-1000,5000,0,1000,4000,0,2000
20260805,2901,欣欣,24.3,24.3,23.75,23.85,-,0.45,16684,399847.0,0,0,0,2000,0,0,2000,0,0
20260805,1233,天仁,28.85,28.85,28.65,28.7,-,0.3,5345,153756.0,0,0,0,2000,0,1000,2000,0,1000
20260805,1438,三地開發,22.7,22.7,22.55,22.55,-,0.15,17185,388723.0,0,0,0,4000,0,0,4000,0,0
20260805,1454,台富,12.95,12.95,12.95,12.95,-,0.05,2755,35793.0,0,0,0,1000,0,0,1000,0,0
20260805,8488,吉源-KY,10.05,10.05,10.05,10.05,+,0.14,3001,30158.0,0,0,0,2000,0,0,2000,0,0
20260805,8367,建新國際,40.35,40.6,40.25,40.3,-,0.35,22358,901365.0,1000,0,-1000,4000,0,3000,3000,0,4000
20260805,1531,高林股,12.95,12.95,12.8,12.85,-,0.05,86581,1112721.0,1986,0,-2000,9000,0,10000,7014,0,12000
20260805,1817,凱撒衛,38.2,38.4,38.2,38.25,-,0.15,44278,1695035.0,0,0,-169,7000,0,10000,7000,0,10169
20260805,2348,海悅,67.8,69.0,67.8,68.8,+,1.0,304598,20860900.0,-230,0,0,88770,0,1000,89000,0,1000
20260805,1232,大統益,152.5,153.5,152.5,152.5,+,1.0,168033,25706496.0,-1773,0,1000,58227,0,5000,60000,0,4000
20260805,5306,桂盟,90.5,90.5,89.7,89.9,+,0.2,56480,5080174.0,-859,0,0,22141,0,0,23000,0,0
20260805,6909,創控,41.5,41.7,41.05,41.15,+,0.95,209921,8678998.0,-995,0,0,66005,0,0,67000,0,0
20260805,6807,峰源-KY,36.15,36.15,34.8,35.2,-,0.1,16102,567669.0,-1000,0,0,1000,0,0,2000,0,0
20260805,7736,虎山,70.3,70.3,69.6,69.6,-,0.7,4171,291236.0,-1000,0,0,0,0,0,1000,0,0
20260805,6924,榮惠-KY創,108.0,109.5,107.0,108.0,-,0.5,20850,2250802.0,-1000,0,0,3000,0,6000,4000,0,6000
20260805,8443,阿瘦,11.45,11.5,11.45,11.45,-,0.05,30569,350960.0,-1000,0,0,1000,0,0,2000,0,0
20260805,9929,秋雨,11.3,11.3,11.1,11.15,-,0.15,9401,104874.0,1000,0,-2000,2000,0,0,1000,0,2000
20260805,9937,全國,55.6,55.7,55.0,55.4,,0.0,9721,537435.0,-1000,0,0,3000,0,3000,4000,0,3000
20260805,5007,三星,56.0,56.5,56.0,56.1,-,0.4,15629,877047.0,0,0,-1000,7000,0,3000,7000,0,4000
20260805,4581,光隆精密-KY,51.3,51.3,50.8,51.0,-,0.3,4131,211346.0,-1000,0,0,0,0,0,1000,0,0
20260805,4560,強信-KY,31.6,31.8,31.35,31.55,+,0.1,292165,9215981.0,-3000,0,2000,157000,0,14000,160000,0,12000
20260805,4438,廣越,60.9,60.9,60.4,60.5,,0.0,19233,1165348.0,0,0,-1000,3000,0,2000,3000,0,3000
20260805,2939,永邑-KY,18.65,18.7,18.1,18.2,-,0.2,31081,569268.0,-2000,0,1000,6000,0,1000,8000,0,0
20260805,2239,英利-KY,20.1,20.35,19.55,19.8,-,0.2,80660,1593386.0,-1000,0,0,11000,0,0,12000,0,0
20260805,6281,全國電,51.9,51.9,51.4,51.4,+,0.1,51151,2639593.0,0,0,-1000,19000,0,5000,19000,0,6000
20260805,1324,地球,10.0,10.0,9.95,9.96,,0.0,23407,233458.0,-1000,0,0,1000,0,0,2000,0,0
20260805,1456,怡華,14.1,14.2,13.9,14.1,+,0.1,36224,508161.0,-1000,0,0,3000,0,0,4000,0,0
20260805,1516,川飛,15.8,15.8,15.8,15.8,-,0.25,4088,64568.0,-1000,0,0,0,0,0,1000,0,0
20260805,6863,永道-KY,136.0,142.5,134.0,135.0,+,1.0,523300,71831389.0,-651,0,-356,143349,0,0,144000,0,356
20260805,6908,宏碁遊戲-創,33.15,33.15,32.5,32.85,-,0.3,39128,1284142.0,-1000,0,-128,6000,0,15000,7000,0,15128
20260805,6951,青新-創,71.0,71.2,70.9,71.2,+,0.2,10192,724167.0,-2000,0,422,1000,0,1000,3000,0,578
20260805,7631,聚賢研發-創,133.0,137.0,133.0,133.5,+,1.0,31600,4275051.0,-992,0,-825,6008,0,5220,7000,0,6045
20260805,6192,巨路,115.0,115.5,113.5,114.5,+,0.5,90223,10310703.0,-1801,0,-18,32199,0,2000,34000,0,2018
20260805,00660,元大歐洲50,47.44,47.45,47.21,47.36,+,0.25,16789,794891.0,0,0,-2000,1000,0,1000,1000,0,3000
20260805,2911,麗嬰房,6.85,6.9,6.81,6.84,-,0.02,86649,592848.0,-2000,0,0,17000,0,12000,19000,0,12000
20260805,1726,永記,76.6,77.0,76.5,77.0,+,0.1,12085,927720.0,-2000,0,0,7000,0,2000,9000,0,2000
20260805,1614,三洋電,30.95,31.15,30.9,31.05,+,0.1,22161,686954.0,-1000,0,-1000,4000,0,6000,5000,0,7000
20260805,1512,瑞利,6.69,6.72,6.59,6.64,-,0.05,102999,681517.0,-2000,0,0,1000,0,0,3000,0,0
20260805,1423,利華,35.5,35.5,35.0,35.5,,0.0,20057,705895.0,-2000,0,0,3000,0,0,5000,0,0
20260805,1418,東華,18.25,18.3,18.1,18.3,+,0.3,8562,155608.0,-2000,0,0,0,0,1000,2000,0,1000
20260805,6931,青松健康,38.0,38.0,37.55,37.7,+,0.1,83040,3129521.0,-2000,0,0,8000,0,0,10000,0,0
20260805,6934,心誠鎂,73.3,75.5,72.0,74.8,+,0.9,40245,2946486.0,-2000,0,0,11000,0,0,13000,0,0
20260805,8466,美吉吉-KY,17.15,17.15,16.8,16.85,-,0.05,12001,202666.0,-2000,0,0,0,0,0,2000,0,0
20260805,9918,欣天然,42.8,42.8,42.4,42.6,-,0.2,39273,1670458.0,-2000,0,0,7000,0,0,9000,0,0
20260805,9906,欣巴巴,39.35,39.8,39.05,39.4,+,0.2,30464,1197724.0,-2000,0,0,13000,0,1000,15000,0,1000
20260805,6957,裕慶-KY,216.5,221.0,212.0,213.5,+,3.0,128089,27701473.0,-1994,0,-271,41006,0,0,43000,0,271
20260805,7786,東方風能,122.5,125.5,122.0,124.0,+,2.0,121532,15054832.0,-5952,0,3659,28646,0,4000,34598,0,341
20260805,2880,華南金,43.3,44.4,43.2,43.8,+,0.55,20929947,917280056.0,-5203755,6331000,-1129556,8187616,7185000,169887,13391371,854000,1299443
20260805,2364,倫飛,71.0,72.4,70.4,70.6,-,0.3,126803,8997514.0,-2400,0,0,43601,0,0,46001,0,0
20260805,1537,廣隆,125.5,127.0,125.5,125.5,,0.0,115121,14503693.0,-3000,0,474,10000,0,4000,13000,0,3526
20260805,1236,宏亞,25.25,25.25,24.8,24.85,,0.0,43162,1075163.0,-3000,0,0,5000,0,0,8000,0,0
20260805,2012,春雨,15.3,15.4,15.2,15.2,-,0.15,38560,589710.0,-3000,0,0,4000,0,0,7000,0,0
20260805,4994,傳奇,89.0,90.2,88.0,88.2,-,1.0,66002,5862479.0,-3000,0,0,4000,0,0,7000,0,0
20260805,3686,達能,14.5,15.0,14.5,15.0,+,0.55,121855,1793654.0,-3000,0,0,35000,0,1000,38000,0,1000
20260805,6645,金萬林-創,12.85,13.2,12.85,13.0,-,0.15,25052,328333.0,-2000,0,-1000,0,0,2000,2000,0,3000
20260805,6581,鋼聯,108.5,108.5,107.5,108.5,-,0.5,23253,2508798.0,-6000,0,3000,2000,0,3000,8000,0,0
20260805,6671,三能-KY,23.2,23.2,23.0,23.0,-,0.25,5100,117700.0,-3000,0,0,0,0,0,3000,0,0
20260805,8940,新天地,15.4,15.45,15.3,15.35,,0.0,38109,586187.0,0,0,-3000,5000,0,2000,5000,0,5000
20260805,2059,川湖,9500.0,9575.0,9275.0,9470.0,-,25.0,727099,6868030340.0,-75826,74495,-1712,336371,74500,38289,412197,5,40001
20260805,00771,元大US高息特別股,15.78,15.78,15.76,15.76,+,0.03,16923,266969.0,0,0,-3389,0,0,2611,0,0,6000
20260805,1905,華紙,13.3,13.4,13.2,13.2,+,0.05,1735105,23027169.0,95555,0,-98946,585555,0,3255,490000,0,102201
20260805,5546,永固-KY,13.8,13.8,13.4,13.6,-,0.2,17030,231216.0,0,0,-4000,6000,0,0,6000,0,4000
20260805,2033,佳大,15.55,16.0,15.5,16.0,+,0.25,103124,1631885.0,-4000,0,0,9000,0,0,13000,0,0
20260805,6272,驊陞,24.55,24.7,24.0,24.1,-,0.45,234950,5715443.0,-4000,0,0,70000,0,4000,74000,0,4000
20260805,6698,旭暉應材,33.55,34.3,33.35,34.05,+,1.05,122595,4149259.0,-4000,0,0,48000,0,0,52000,0,0
20260805,6464,台數科,78.4,79.1,78.4,78.4,-,0.5,12137,952806.0,-4000,0,0,0,0,0,4000,0,0
20260805,2910,統領,25.05,25.1,24.65,24.7,-,0.65,20474,510064.0,-1000,0,-3128,5000,0,0,6000,0,3128
20260805,9942,茂順,115.0,115.0,114.0,114.5,+,0.5,43527,4986312.0,-9616,0,5000,5159,0,6000,14775,0,1000
20260805,1582,信錦,71.5,72.1,70.7,71.0,+,0.5,857417,61080578.0,-8058,0,3087,252645,0,5112,260703,0,2025
20260805,1539,巨庭,16.1,16.6,16.05,16.1,,0.0,74154,1202329.0,-5000,0,0,6000,0,9000,11000,0,9000
20260805,1533,車王電,32.2,32.8,32.0,32.6,+,0.55,104895,3403984.0,2000,0,-7000,43000,0,7000,41000,0,14000
20260805,1472,三洋實業,88.1,89.1,88.0,88.0,-,1.5,16148,1426224.0,-4000,0,-1000,4000,0,3000,8000,0,4000
20260805,1463,強盛新,17.65,17.7,17.45,17.7,,0.0,61207,1075887.0,-5000,0,0,4000,0,0,9000,0,0
20260805,1410,南染,25.85,26.1,25.6,25.9,+,0.2,95775,2477738.0,-5000,0,0,9000,0,0,14000,0,0
20260805,4414,如興,8.45,8.45,8.32,8.35,-,0.03,88329,738562.0,-5000,0,0,14000,0,1000,19000,0,1000
20260805,2438,翔耀,17.05,17.8,17.05,17.55,-,0.05,51447,901133.0,-5000,0,0,10000,0,0,15000,0,0
20260805,6504,南六,40.05,40.1,38.8,38.8,+,0.05,35174,1380177.0,-5000,0,0,10000,0,0,15000,0,0
20260805,9912,偉聯,12.9,12.95,12.75,12.85,,0.0,26037,334047.0,-5000,0,0,1000,0,0,6000,0,0
20260805,8487,愛爾達-創,75.0,75.0,74.1,74.9,-,0.1,24266,1810208.0,-5000,0,-55,2000,0,0,7000,0,55
20260805,2243,宏旭-KY,44.0,44.5,42.6,43.4,+,0.1,249533,10821334.0,-5800,0,0,111220,0,0,117020,0,0
20260805,2248,華勝-KY,58.1,58.5,57.6,57.9,-,0.2,63700,3697346.0,-6000,0,0,9000,0,0,15000,0,0
20260805,2114,鑫永銓,87.8,87.9,87.2,87.2,-,0.7,30405,2665162.0,-6000,0,0,0,0,5000,6000,0,5000
20260805,2509,全坤建,13.15,13.2,13.05,13.1,-,0.15,95357,1250143.0,-6000,0,0,2000,0,0,8000,0,0
20260805,5533,皇鼎,13.95,13.95,13.8,13.95,,0.0,132363,1835690.0,-6000,0,0,2000,0,12000,8000,0,12000
20260805,1413,宏洲,9.2,9.29,9.16,9.2,-,0.04,45900,422991.0,-6000,0,0,0,0,0,6000,0,0
20260805,1506,正道,10.45,10.45,10.15,10.3,+,0.1,151014,1542405.0,-13000,0,7000,6000,0,7000,19000,0,0
20260805,1541,錩泰,22.45,22.45,21.5,21.5,-,0.8,22697,491816.0,-6000,0,0,3000,0,0,9000,0,0
20260805,6955,邦睿生技-創,117.0,121.0,117.0,121.0,+,4.0,10100,1203150.0,0,0,-6000,0,0,2000,0,0,8000
20260805,6936,永鴻生技,31.9,32.0,31.75,31.75,-,0.05,26921,858286.0,-5000,0,-1000,0,0,1000,5000,0,2000
20260805,8499,鼎炫-KY,251.0,255.5,250.0,254.0,+,7.0,35725,9014768.0,-6000,0,-416,14000,0,27,20000,0,443
20260805,2338,光罩,40.0,40.95,39.7,39.7,+,0.8,1694810,68366833.0,-5388,0,-1195,612052,0,31054,617440,0,32249
20260805,7803,雲象科技-創,21.6,21.6,19.75,19.75,,0.0,52637,1047401.0,-7000,0,413,6000,0,8000,13000,0,7587
20260805,4766,南寶,321.0,326.5,318.5,319.5,+,0.5,305653,98360333.0,24685,-30000,-1329,126000,0,19,101315,30000,1348
20260805,6625,必應,77.4,77.4,76.5,76.7,-,0.3,69307,5326495.0,-6860,0,0,12140,0,0,19000,0,0
20260805,3167,大量,645.0,645.0,645.0,645.0,+,58.0,228001,147060645.0,-6000,0,-969,3000,0,231,9000,0,1200
20260805,4195,基米-創,15.45,15.45,15.1,15.15,+,0.15,33580,512298.0,-8000,0,999,1000,0,2000,9000,0,1001
20260805,1220,台榮,11.2,11.3,11.15,11.15,-,0.1,109758,1228453.0,-8348,0,771,11000,0,1000,19348,0,229
20260805,6914,阜爾運通,147.0,147.0,146.5,147.0,+,0.5,22387,3281650.0,-7906,0,0,1094,0,0,9000,0,0
20260805,6918,愛派司,71.0,72.1,69.8,72.1,+,1.7,24435,1716214.0,-8000,0,0,5000,0,2000,13000,0,2000
20260805,6965,中傑-KY,75.8,76.9,75.7,76.2,+,0.3,21053,1609216.0,-8000,0,0,4000,0,0,12000,0,0
20260805,1475,業旺,26.95,27.2,26.8,26.85,-,0.15,22071,593302.0,-7000,0,-1000,0,0,2000,7000,0,3000
20260805,2739,寒舍,34.15,34.25,33.95,34.05,+,0.15,61186,2086682.0,-13000,0,5000,3000,0,6000,16000,0,1000
20260805,1615,大山,42.3,42.7,41.95,42.05,-,0.25,161381,6818440.0,-9000,0,1000,26000,0,8000,35000,0,7000
20260805,2850,新產,159.0,160.0,153.0,157.5,-,1.5,617561,96468049.0,-8004,0,-408,171000,0,8000,179004,0,8408
20260805,1623,大東電,213.0,215.5,212.0,212.5,-,0.5,92782,19780982.0,-8910,0,-63,22090,0,0,31000,0,63
20260805,2109,華豐,14.4,14.4,14.25,14.4,,0.0,104250,1494658.0,-14000,0,5000,4000,0,5000,18000,0,0
20260805,6201,亞弘電,45.9,45.9,45.15,45.5,,0.0,118017,5365600.0,-9000,0,0,12000,0,2000,21000,0,2000
20260805,3021,鴻名,21.3,22.0,20.95,21.05,-,0.25,290172,6172176.0,-10000,0,1000,73000,0,2000,83000,0,1000
20260805,1474,弘裕,10.0,10.05,9.95,9.96,-,0.04,54538,543969.0,-8000,0,-1000,1000,0,0,9000,0,1000
20260805,7835,永悅健康-創,28.35,28.35,27.75,28.05,-,0.75,52310,1466899.0,-9000,0,0,2000,0,0,11000,0,0
20260805,3025,星通,56.3,56.6,55.8,56.1,+,1.2,171007,9592947.0,-8750,0,-587,36250,0,0,45000,0,587
20260805,6409,旭隼,950.0,978.0,950.0,963.0,+,22.0,350627,338498726.0,-13393,-1265,5243,146796,0,8380,160189,1265,3137
20260805,2428,興勤,236.0,236.0,227.0,228.5,+,2.5,509451,117747291.0,-9029,0,-463,223178,0,7019,232207,0,7482
20260805,6906,現觀科,69.3,75.0,69.3,72.1,+,3.4,101759,7337092.0,-9547,0,-32,35000,0,16,44547,0,48
20260805,4169,泰宗,164.5,164.5,161.5,162.0,,0.0,122461,19956379.0,-8990,0,-1000,6010,0,0,15000,0,1000
20260805,00703,台新MSCI中國,20.44,20.44,20.35,20.35,-,0.04,15161,308720.0,0,0,-9999,0,0,1001,0,0,11000
20260805,1234,黑松,33.55,33.7,33.45,33.55,,0.0,40986,1374630.0,-10000,0,0,15000,0,0,25000,0,0
20260805,1323,永裕,20.0,20.0,19.75,19.75,,0.0,22195,440611.0,-10000,0,0,1000,0,0,11000,0,0
20260805,1435,中福,24.1,25.35,23.0,23.0,-,1.1,46613,1124609.0,-10000,0,0,4000,0,0,14000,0,0
20260805,1730,花仙子,51.5,51.6,51.2,51.2,,0.0,36665,1885503.0,-8000,0,-2000,0,0,2000,8000,0,4000
20260805,2722,夏都,22.35,22.35,21.55,21.7,-,0.5,44811,982377.0,-12000,0,2000,7000,0,2000,19000,0,0
20260805,2701,萬企,10.6,10.65,10.55,10.55,,0.0,33696,356544.0,0,0,-10000,6000,0,0,6000,0,10000
20260805,2849,安泰銀,14.7,14.9,14.65,14.65,,0.0,125645,1855044.0,-10000,0,0,54000,0,8000,64000,0,8000
20260805,6666,羅麗芬-KY,42.7,43.15,40.5,42.7,,0.0,244010,10146439.0,-11000,0,1000,27000,0,2000,38000,0,1000
20260805,6838,台新藥,23.25,23.6,23.2,23.4,-,0.1,113270,2639404.0,-10000,0,0,12000,0,0,22000,0,0
20260805,7732,金興精密,35.05,35.8,35.0,35.65,+,0.05,39000,1381000.0,7000,0,-17000,8000,0,0,1000,0,17000
20260805,6112,邁達特,42.45,43.35,42.35,42.6,+,1.05,570890,24457384.0,-11672,0,1524,212328,0,3524,224000,0,2000
20260805,4137,麗豐-KY,95.1,95.6,94.5,95.5,+,1.0,86908,8270327.0,-2959,-640,-6616,38041,0,6000,41000,640,12616
20260805,3130,一零四,204.0,204.0,203.5,204.0,+,0.5,26627,5424321.0,-12000,0,1000,4000,0,2000,16000,0,1000
20260805,2373,震旦行,53.4,53.8,53.4,53.4,-,0.1,27865,1494357.0,-13000,0,2000,3000,0,3000,16000,0,1000
20260805,6722,輝創,33.3,33.3,32.5,33.05,+,0.15,40171,1323810.0,-9000,0,-2000,1000,0,0,10000,0,2000
20260805,7791,皇家可口,59.9,59.9,59.1,59.7,+,0.4,41639,2472725.0,-11000,0,0,3000,0,2000,14000,0,2000
20260805,2616,山隆,13.3,13.35,13.25,13.3,+,0.05,127853,1700261.0,-11000,0,-71,30000,0,0,41000,0,71
20260805,00943,兆豐電子高息等權,21.53,21.78,21.53,21.7,+,0.47,215950,4681283.0,-43000,0,31927,1000,0,150291,44000,0,118364
20260805,8462,柏文,162.5,167.0,161.5,166.5,+,2.5,162214,26687662.0,-12150,0,0,57000,0,1000,69150,0,1000
20260805,00668,國泰美國道瓊,64.15,64.15,63.95,64.0,+,0.95,307744,19689879.0,160000,0,-172155,160000,0,130270,0,0,302425
20260805,6933,AMAX-KY,170.0,171.5,165.0,165.5,-,3.5,819365,138030854.0,-5773,0,-6849,194004,0,1448,199777,0,8297
20260805,1528,恩德,18.55,18.65,18.25,18.4,+,0.25,941743,17391319.0,-12000,0,-634,328000,0,0,340000,0,634
20260805,6916,華凌,18.35,18.5,18.1,18.1,-,0.25,72001,1320016.0,-15000,0,2001,5000,0,2001,20000,0,0
20260805,4569,六方科-KY,164.5,169.5,164.5,166.0,+,3.0,51029,8508388.0,-13000,0,0,3000,0,0,16000,0,0
20260805,7610,聯友金屬-創,1595.0,1595.0,1580.0,1595.0,+,145.0,268832,428062040.0,-10017,0,-3000,7000,0,0,17017,0,3000
20260805,3054,立萬利,49.35,50.9,49.0,49.5,+,0.2,79724,3963812.0,-11000,0,-2044,30000,0,2000,41000,0,4044
20260805,4178,永笙-KY,17.75,18.2,17.65,18.05,+,0.4,150363,2676548.0,-11270,0,-2000,36730,0,0,48000,0,2000
20260805,2241,艾姆勒,35.2,37.25,34.8,35.3,+,0.7,1369425,48953200.0,-13844,0,-45,496156,0,4000,510000,0,4045
20260805,2535,達欣工,88.4,89.5,87.7,87.9,-,0.4,267225,23720991.0,-13498,0,-422,112902,0,8000,126400,0,8422
20260805,2524,京城,35.05,35.5,34.95,34.95,-,0.1,64518,2263637.0,-3000,0,-11000,22000,0,0,25000,0,11000
20260805,2314,台揚,12.1,12.2,12.1,12.15,+,0.1,97866,1190225.0,-14000,0,0,0,0,0,14000,0,0
20260805,4552,力達-KY,17.75,17.75,17.5,17.7,-,0.25,246118,4336919.0,-14000,0,0,33000,0,10000,47000,0,10000
20260805,6582,申豐,31.35,31.35,31.1,31.35,,0.0,52386,1636748.0,-14000,0,0,0,0,0,14000,0,0
20260805,1321,大洋,31.85,31.9,31.4,31.6,+,0.05,71999,2272017.0,-8000,0,-6000,19000,0,0,27000,0,6000
20260805,8103,瀚荃,77.2,79.9,76.9,78.7,+,3.0,610899,47908002.0,-22687,0,8008,220324,0,12009,243011,0,4001
20260805,2250,IKKA-KY,59.0,61.0,58.4,60.2,+,2.6,112944,6725875.0,-13940,0,-1000,28060,0,3000,42000,0,4000
20260805,2025,千興,12.15,12.15,11.75,11.9,-,0.15,291879,3492648.0,3000,0,-18000,65000,0,10000,62000,0,28000
20260805,5907,大洋-KY,5.0,5.0,4.93,4.95,-,0.05,253289,1256776.0,-15000,0,0,27000,0,0,42000,0,0
20260805,1338,廣華-KY,15.45,15.55,15.3,15.45,,0.0,74262,1147305.0,-13000,0,-2000,9000,0,4000,22000,0,6000
20260805,1457,宜進,14.3,14.3,14.2,14.25,-,0.05,71728,1021833.0,-15000,0,0,16000,0,0,31000,0,0
20260805,7705,三商餐飲,30.0,30.2,30.0,30.1,+,0.1,43381,1305150.0,-15000,0,0,2000,0,0,17000,0,0
20260805,00678,群益那斯達克生技,40.84,40.84,40.75,40.8,+,0.82,307324,12535458.0,-18000,0,2983,2000,0,277983,20000,0,275000
20260805,6165,浪凡,50.4,51.5,49.2,49.4,-,1.0,609577,30576200.0,-15962,0,0,167038,0,6000,183000,0,6000
20260805,2923,鼎固-KY,29.1,30.4,28.5,29.3,-,0.45,206789,6057241.0,4768,0,-21000,89000,0,22000,84232,0,43000
20260805,1109,信大,13.6,13.7,13.55,13.55,-,0.05,78991,1076905.0,-16411,0,-561,3000,0,0,19411,0,561
20260805,3419,譁裕,12.05,12.1,11.85,12.1,+,0.1,122099,1464558.0,-16000,0,-1000,13000,0,0,29000,0,1000
20260805,5283,禾聯碩,55.1,55.1,53.3,53.4,-,0.4,50945,2740594.0,-18000,0,0,5000,0,0,23000,0,0
20260805,2228,劍麟,78.4,79.6,77.8,78.0,-,1.0,175316,13703518.0,-18000,0,0,70000,0,0,88000,0,0
20260805,1468,昶和,13.95,14.0,13.5,13.85,-,0.15,67004,918050.0,-18000,0,0,0,0,2000,18000,0,2000
20260805,7760,享溫馨,33.3,34.0,33.0,33.15,-,0.85,83262,2806864.0,-13000,0,-5000,13000,0,1000,26000,0,6000
20260805,3013,晟銘電,83.9,85.2,83.3,84.6,+,2.1,1161053,98021622.0,-29991,0,11974,396000,0,18119,425991,0,6145
20260805,3008,大立光,4410.0,4730.0,4340.0,4575.0,+,220.0,4740431,21549479135.0,-389081,421000,-49966,1198787,422000,265150,1587868,1000,315116
20260805,2753,八方雲集,178.5,179.5,178.0,179.0,+,0.5,135180,24153863.0,-17759,-607,0,40241,0,0,58000,607,0
20260805,2611,志信,13.5,13.5,13.4,13.4,+,0.05,137203,1844556.0,-19000,0,0,38000,0,0,57000,0,0
20260805,5525,順天,23.2,23.3,22.7,23.25,+,0.25,236960,5461289.0,-22000,0,3000,19000,0,11000,41000,0,8000
20260805,3052,夆典,10.55,10.65,10.55,10.55,,0.0,116672,1234763.0,-38000,0,19000,5000,0,19000,43000,0,0
20260805,8011,台通,16.7,16.9,16.5,16.7,+,0.2,975743,16260723.0,-20659,0,1000,163341,0,1000,184000,0,0
20260805,6835,圓裕,31.55,31.55,30.5,30.75,,0.0,30133,928236.0,-21000,0,1000,2000,0,1000,23000,0,0
20260805,6283,淳安,20.55,20.6,20.15,20.2,-,0.2,66058,1346501.0,-21000,0,1000,14000,0,1000,35000,0,0
20260805,2762,世界健身-KY,84.7,85.4,84.7,85.4,+,0.7,69228,5895408.0,-23000,0,3000,9000,0,5000,32000,0,2000
20260805,2415,錩新,31.4,31.65,31.05,31.3,+,0.3,230493,7213183.0,-20000,0,0,76000,0,0,96000,0,0
20260805,7740,熙特爾-創,153.5,157.0,152.0,153.5,+,0.5,179046,27616022.0,-24124,0,4005,32876,0,12150,57000,0,8145
20260805,8442,威宏-KY,44.5,44.7,43.5,44.15,-,0.15,61219,2693127.0,-21000,-370,1000,6000,0,1000,27000,370,0
20260805,4104,佳醫,69.6,69.8,69.2,69.7,,0.0,122375,8527995.0,-21950,0,1000,17050,0,13000,39000,0,12000
20260805,8476,台境*,20.25,20.35,19.7,20.1,-,0.1,278685,5568916.0,-24000,1000,1000,80000,1000,1000,104000,0,0
20260805,2704,國賓,46.3,46.3,45.5,45.85,+,0.55,73243,3352141.0,-16000,0,-6000,26000,0,0,42000,0,6000
20260805,5285,界霖,77.1,78.5,76.5,77.4,+,2.1,677354,52549800.0,-22026,0,-101,263000,0,3006,285026,0,3107
20260805,5292,華懋,167.0,169.0,163.0,163.0,,0.0,73420,12121629.0,-23000,0,781,6000,0,2000,29000,0,1219
20260805,2013,中鋼構,40.6,40.6,40.5,40.5,-,0.1,62835,2548518.0,-22000,0,-228,9000,0,0,31000,0,228
20260805,2613,中櫃,20.15,20.4,20.05,20.3,+,0.15,190583,3843393.0,-23000,0,0,60000,0,14000,83000,0,14000
20260805,6794,向榮生技,76.0,76.0,73.8,74.3,-,1.5,82010,6092157.0,-23000,0,0,2000,0,0,25000,0,0
20260805,5236,凌陽創新,151.0,152.0,148.5,149.5,+,1.5,129820,19515164.0,-26000,0,1917,20000,0,6232,46000,0,4315
20260805,1558,伸興,91.7,92.0,91.0,91.0,-,0.7,77498,7101932.0,-26999,0,2000,4001,0,10000,31000,0,8000
20260805,2908,特力,21.4,22.0,21.4,22.0,+,0.6,210627,4543785.0,-12000,0,-13000,44000,0,7000,56000,0,20000
20260805,2542,興富發,44.05,44.25,44.05,44.05,-,0.1,3837912,169282384.0,-594028,493000,75998,1595010,509000,93000,2189038,16000,17002
20260805,1459,聯發,12.9,12.95,12.9,12.9,-,0.05,241443,3115884.0,-25322,0,0,9000,0,0,34322,0,0
20260805,4551,智伸科,168.0,170.0,163.0,165.5,+,2.5,692943,114799948.0,-26530,0,749,288319,0,8933,314849,0,8184
20260805,7822,倍利科,847.0,880.0,835.0,867.0,+,54.0,234645,201189538.0,-26000,0,0,63000,0,0,89000,0,0
20260805,9943,好樂迪,51.0,51.3,50.7,51.0,,0.0,115274,5878097.0,-25000,0,-1000,24000,0,10000,49000,0,11000
20260805,2491,吉祥全,29.05,29.05,29.05,29.05,+,2.6,123788,3596037.0,-27000,0,591,0,0,591,27000,0,0
20260805,1806,冠軍,8.03,8.03,7.96,7.97,-,0.03,195211,1558797.0,-27000,0,0,10000,0,0,37000,0,0
20260805,1442,名軒,29.35,29.65,28.95,29.5,+,0.45,210242,6169571.0,-18817,0,-9000,36187,0,0,55004,0,9000
20260805,6534,正瀚-創,93.5,94.9,93.1,94.8,+,0.3,154350,14530642.0,-24000,0,-3870,39000,0,8130,63000,0,12000
20260805,5484,慧友,40.5,41.75,39.8,41.3,+,1.5,312562,12716058.0,-32000,0,4000,81000,0,4000,113000,0,0
20260805,2444,兆勁,10.85,10.9,10.8,10.85,-,0.05,315770,3420160.0,-28000,0,0,35000,0,0,63000,0,0
20260805,5225,東科-KY,76.1,79.4,75.1,75.5,+,1.9,722639,55314980.0,-27899,0,-501,247101,0,1000,275000,0,1501
20260805,4536,拓凱,166.5,166.5,165.0,166.0,,0.0,203367,33673345.0,12019,-40000,-563,114019,0,0,102000,40000,563
20260805,2383,台光電,5425.0,5425.0,5165.0,5245.0,+,105.0,2477774,13131142990.0,101233,-96859,-33475,1308373,68146,51782,1207140,165005,85257
20260805,2431,聯昌,10.6,10.6,10.25,10.4,-,0.1,118817,1233465.0,-10000,0,-19511,30000,0,3000,40000,0,22511
20260805,2069,運錩,18.7,18.7,18.4,18.5,-,0.05,94453,1750901.0,-22000,0,-9000,11000,0,22000,33000,0,31000
20260805,6155,鈞寶,56.2,57.2,54.4,54.9,+,0.2,2070922,114814114.0,-21000,0,-10376,731000,0,1741,752000,0,12117
20260805,3356,奇偶,57.9,59.6,57.1,57.1,-,0.5,467085,27185370.0,-30943,0,-587,153200,0,7073,184143,0,7660
20260805,2723,美食-KY,61.6,61.6,60.9,61.2,,0.0,129066,7888026.0,-32000,0,-100,25000,0,0,57000,0,100
20260805,9930,中聯資源,62.6,62.9,62.3,62.3,-,0.1,111183,6956246.0,-32000,0,-240,13000,0,5000,45000,0,5240
20260805,7722,LINEPAY,277.5,277.5,270.0,270.0,-,3.0,84250,22875894.0,-31983,0,-733,10047,0,0,42030,0,733
20260805,2395,研華,590.0,633.0,590.0,633.0,+,57.0,4139154,2583740144.0,-163709,-16000,146141,1295405,0,173548,1459114,16000,27407
20260805,2365,昆盈,29.75,30.2,29.55,30.05,+,0.5,984646,29520168.0,-34823,0,900,324177,0,1623,359000,0,723
20260805,1720,生達,56.7,57.2,56.5,56.6,+,0.2,347474,19702788.0,-30535,0,-4000,163465,0,0,194000,0,4000
20260805,4108,懷特,11.2,11.3,11.15,11.2,,0.0,140952,1580899.0,-36000,0,0,9000,0,0,45000,0,0
20260805,2231,為升,95.1,97.0,93.1,93.3,-,0.9,290107,27502261.0,-13462,0,-22632,63543,0,15827,77005,0,38459
20260805,5706,鳳凰,44.3,44.3,43.7,43.95,+,0.1,221116,9718632.0,-36600,0,0,51000,0,0,87600,0,0
20260805,1256,鮮活果汁-KY,191.0,193.0,179.5,186.0,+,0.5,308471,56588162.0,-36671,0,0,44329,0,2000,81000,0,2000
20260805,5522,遠雄,64.7,64.7,64.1,64.4,+,0.3,300088,19339145.0,-33000,-6444,2000,166000,0,11000,199000,6444,9000
20260805,2748,雲品,38.05,38.25,38.0,38.2,+,0.25,88145,3358752.0,-33000,0,-5000,4000,0,0,37000,0,5000
20260805,4441,振大環球,187.5,194.0,186.0,188.5,+,10.0,227401,43155274.0,-37979,0,-698,69040,0,1,107019,0,699
20260805,1419,新紡,66.7,67.2,65.5,65.6,-,0.9,181503,11999148.0,-35848,0,-3000,19152,0,5000,55000,0,8000
20260805,1417,嘉裕,8.3,8.36,8.22,8.3,+,0.05,114980,952002.0,-38000,0,-1000,4000,0,0,42000,0,1000
20260805,5531,鄉林,7.8,7.85,7.76,7.78,,0.0,325164,2533664.0,-39000,0,0,135000,0,0,174000,0,0
20260805,2461,光群雷,17.0,17.1,16.55,16.9,+,0.05,610060,10264557.0,-27000,0,-14000,112000,0,0,139000,0,14000
20260805,5215,科嘉-KY,38.5,39.35,38.1,38.5,,0.0,119952,4618073.0,-42000,0,1000,22000,0,3000,64000,0,2000
20260805,3653,健策,4200.0,4430.0,4180.0,4340.0,+,195.0,3016143,12985714255.0,-523147,491001,-8908,707419,495001,217877,1230566,4000,226785
20260805,1731,美吾華,20.45,20.55,20.45,20.5,+,0.05,140769,2881726.0,-31000,0,-11000,4000,0,9000,35000,0,20000
20260805,8341,日友,75.9,75.9,75.1,75.3,,0.0,109664,8271903.0,-41550,0,-1356,13020,0,14000,54570,0,15356
20260805,2520,冠德,34.4,34.5,34.15,34.3,+,0.2,557747,19153206.0,-38823,0,-5660,183177,0,8000,222000,0,13660
20260805,3557,嘉威,26.95,26.95,26.15,26.6,-,0.65,128954,3423691.0,-35718,0,-9000,16282,0,1000,52000,0,10000
20260805,3338,泰碩,65.0,65.8,63.4,63.6,-,0.7,399429,25757734.0,-44839,0,-1,99170,0,1000,144009,0,1001
20260805,6670,復盛應用,258.0,261.0,256.5,258.5,+,0.5,273106,70529138.0,5758,-53000,2036,142158,0,3000,136400,53000,964
20260805,6277,宏正,78.8,78.9,76.9,77.5,-,0.2,305796,23843045.0,-46987,0,1733,71013,0,6000,118000,0,4267
20260805,2540,愛山林,55.9,58.5,55.0,57.8,+,2.0,5856479,307289128.0,-49645,0,4000,518355,0,4000,568000,0,0
20260805,6405,悅城,40.1,40.45,38.3,38.95,+,0.3,966607,37996371.0,-44995,0,-1228,309005,0,0,354000,0,1228
20260805,6869,雲豹能源,67.6,68.9,67.2,68.1,+,0.7,529573,35999013.0,-38664,0,-7562,178371,0,1021,217035,0,8583
20260805,6862,三集瑞-KY,144.0,148.5,141.0,144.0,+,6.0,195323,27911460.0,-47000,0,677,31000,0,2410,78000,0,1733
20260805,2607,榮運,47.45,47.5,46.7,47.0,+,0.05,296811,13939741.0,-47038,0,0,102090,0,21000,149128,0,21000
20260805,2514,龍邦,12.55,12.6,12.45,12.45,-,0.1,130182,1626746.0,-34000,0,-13160,29000,0,13000,63000,0,26160
20260805,1702,南僑,33.55,33.55,33.25,33.3,-,0.25,140763,4690603.0,-47163,0,0,31046,0,6000,78209,0,6000
20260805,1414,東和,19.8,19.95,19.25,19.5,-,0.3,125904,2451953.0,-48215,0,1000,10020,0,1000,58235,0,0
20260805,1733,五鼎,32.5,32.5,31.75,31.85,-,0.4,171917,5479070.0,-40480,0,-7000,19520,0,8000,60000,0,15000
20260805,2029,盛餘,20.45,20.5,20.25,20.3,-,0.15,132101,2691256.0,-38000,0,-10000,14000,0,16000,52000,0,26000
20260805,3229,晟鈦,47.1,48.8,44.05,44.25,-,3.5,967190,44546092.0,-48000,0,0,221000,0,0,269000,0,0
20260805,3055,蔚華科,108.0,112.0,108.0,112.0,+,10.0,486511,54048061.0,-55000,0,7000,50000,0,27000,105000,0,20000
20260805,9136,巨騰-DR,11.85,11.85,11.35,11.35,-,0.15,399101,4601524.0,-48000,0,-92,43000,0,0,91000,0,92
20260805,2406,國碩,32.1,33.3,31.35,32.85,+,1.55,12125005,390735571.0,-87038,0,38678,2840962,0,43644,2928000,0,4966
20260805,2107,厚生,25.4,25.7,25.35,25.4,,0.0,225247,5747794.0,-49098,0,0,47902,0,29000,97000,0,29000
20260805,1903,士紙,47.25,47.25,46.8,46.85,-,0.2,163342,7673697.0,-48000,0,-1163,42000,0,0,90000,0,1163
20260805,6923,中台,74.5,74.5,73.3,73.6,-,0.9,101443,7486193.0,-50000,0,387,14000,0,1000,64000,0,613
20260805,6944,兆聯實業,803.0,820.0,787.0,787.0,+,1.0,576928,462240073.0,-24799,-15000,-10070,207895,0,33103,232694,15000,43173
20260805,3583,辛耘,730.0,738.0,703.0,703.0,+,4.0,933432,669302272.0,15725,-76000,10399,336016,39000,55850,320291,115000,45451
20260805,4557,永新-KY,50.4,50.4,47.8,48.2,-,1.45,142070,6852136.0,-48107,0,-2000,9000,0,0,57107,0,2000
20260805,3057,喬鼎,14.55,16.0,14.5,16.0,+,1.45,222998,3502474.0,-54000,0,3886,15000,0,4886,69000,0,1000
20260805,1440,南紡,12.45,12.45,12.3,12.3,,0.0,726605,8975816.0,-34000,0,-17446,145000,0,13000,179000,0,30446
20260805,8162,微矽電子-創,52.3,54.7,52.3,52.5,+,0.6,198425,10589053.0,-55003,0,1441,36005,0,16076,91008,0,14635
20260805,4807,日成-KY,36.9,37.0,36.0,36.65,-,0.05,125240,4579122.0,-53000,0,-1000,16000,0,2000,69000,0,3000
20260805,2102,泰豐,18.85,19.3,18.85,18.95,+,0.1,238020,4534983.0,-58094,0,1000,31906,0,2000,90000,0,1000
20260805,2530,華建,19.5,19.8,19.15,19.6,+,0.35,451792,8773212.0,-19269,-24917,-13000,245731,0,0,265000,24917,13000
20260805,9935,慶豐富,19.85,19.95,19.4,19.65,-,0.1,321493,6300731.0,-66774,-1317,10000,102226,0,10000,169000,1317,0
20260805,6658,聯策,152.5,154.5,150.5,151.5,+,4.0,277914,42307200.0,-58800,0,333,65200,0,3000,124000,0,2667
20260805,2488,漢平,48.4,48.75,48.35,48.5,+,0.25,211013,10237898.0,-57000,0,-2000,35000,0,9000,92000,0,11000
20260805,3058,立德,8.24,8.32,8.18,8.19,-,0.04,385963,3174715.0,-39000,0,-23000,38000,0,0,77000,0,23000
20260805,1460,宏遠,6.74,6.74,6.61,6.62,-,0.11,384532,2563001.0,-62662,0,0,15000,0,0,77662,0,0
20260805,9927,泰銘,69.2,69.6,68.6,68.6,-,0.2,95514,6571391.0,-61000,0,-3000,3000,0,0,64000,0,3000
20260805,2832,台產,59.6,59.6,58.5,58.6,-,0.2,163448,9587983.0,-64000,-1383,-8,16000,0,4000,80000,1383,4008
20260805,3716,中化控股,32.45,32.5,32.15,32.15,-,0.1,195027,6287057.0,-60000,0,-6000,10000,0,9000,70000,0,15000
20260805,3038,全台,20.9,21.05,20.8,20.85,,0.0,219737,4597853.0,-66830,0,0,27170,0,0,94000,0,0
20260805,2316,楠梓電,157.5,161.0,155.5,159.5,+,7.0,1930330,306368124.0,-111758,0,43167,645252,0,55556,757010,0,12389
20260805,4722,國精化,216.0,222.5,207.5,218.0,+,15.0,2131765,461604256.0,-122386,0,53267,754662,0,93054,877048,0,39787
20260805,2440,太空梭,15.45,15.6,15.25,15.25,-,0.15,249720,3839296.0,-60000,0,-10000,46000,0,3000,106000,0,13000
20260805,3045,台灣大,110.5,111.0,110.0,110.5,-,0.5,6505480,718637734.0,113857,-31845,-152762,3576857,2000,75000,3463000,33845,227762
20260805,6873,泓德能源,78.7,79.5,77.9,78.0,-,0.1,270570,21184061.0,-71690,0,863,37310,0,2880,109000,0,2017
20260805,2506,太設,8.61,8.66,8.52,8.53,-,0.03,126998,1090060.0,-66000,0,-5000,9000,0,6000,75000,0,11000
20260805,6451,訊芯-KY,430.0,430.0,430.0,430.0,+,39.0,1938530,833567900.0,-104509,0,32825,2000,0,34075,106509,0,1250
20260805,00956,中信日經高股息,13.09,13.2,13.09,13.09,+,0.06,785343,10308875.0,-176000,0,103585,1000,0,565000,177000,0,461415
20260805,6598,ABC-KY,31.8,31.9,30.6,31.1,-,0.4,527673,16417736.0,-74000,0,0,73000,0,1000,147000,0,1000
20260805,6719,力智,214.5,222.0,212.0,216.0,+,7.5,1635060,355222783.0,-97491,0,23317,561513,0,46238,659004,0,22921
20260805,7780,大研生醫*,16.7,16.75,16.6,16.6,,0.0,790683,13167137.0,-72000,0,-3032,90000,0,0,162000,0,3032
20260805,6515,穎崴,7015.0,7220.0,6825.0,6885.0,+,310.0,496898,3486099965.0,-43888,-32000,187,268188,6000,13359,312076,38000,13172
20260805,5288,豐祥-KY,195.0,196.0,188.5,191.5,-,2.0,285714,54730480.0,-79000,5000,-2999,50000,5000,1,129000,0,3000
20260805,1773,勝一,157.5,160.5,156.5,157.0,+,2.0,701128,110855852.0,6000,-95000,11309,359000,0,20686,353000,95000,9377
20260805,1568,倉佑,28.65,28.9,28.15,28.4,+,0.5,466904,13304780.0,-73000,0,-5621,103000,0,7000,176000,0,12621
20260805,3026,禾伸堂,525.0,547.0,520.0,547.0,+,49.0,1209964,645646696.0,-84000,-17550,21229,96000,0,74488,180000,17550,53259
20260805,1449,佳和,12.5,12.55,12.25,12.5,+,0.25,431212,5342652.0,-81000,0,499,56000,0,6499,137000,0,6000
20260805,2015,豐興,64.5,64.5,63.5,63.5,-,0.3,362379,23184817.0,-79544,0,-1000,215456,0,12000,295000,0,13000
20260805,1464,得力,10.3,10.4,10.25,10.3,+,0.05,269845,2781650.0,-55725,0,-25000,25275,0,19000,81000,0,44000
20260805,4949,有成精密,64.2,68.0,64.1,66.3,+,3.1,610281,40278384.0,-83770,0,3000,139230,0,7000,223000,0,4000
20260805,1451,年興,17.55,17.6,17.45,17.6,+,0.05,187762,3288239.0,-78000,0,-3000,24000,0,17000,102000,0,20000
20260805,6743,安普新,26.25,26.7,26.2,26.4,+,0.2,293976,7770131.0,-80000,-1155,0,29000,0,10000,109000,1155,10000
20260805,2345,智邦,2420.0,2480.0,2375.0,2385.0,+,65.0,2914548,7057301985.0,-64484,-66736,48203,1666300,97264,133372,1730784,164000,85169
20260805,4764,雙鍵,268.0,283.0,260.0,261.0,+,2.0,1650483,448152719.0,-83915,0,67,351085,0,7385,435000,0,7318
20260805,3518,柏騰,26.2,26.75,25.6,25.65,-,0.15,364503,9480641.0,-75000,0,-9000,107000,0,5000,182000,0,14000
20260805,1110,東泥,15.85,16.05,15.7,15.9,,0.0,218266,3455881.0,-84000,0,-1000,7000,0,0,91000,0,1000
20260805,1219,福壽,10.75,10.75,10.45,10.6,-,0.15,1149970,12144099.0,-92571,0,7000,192429,0,32000,285000,0,25000
20260805,1737,臺鹽,32.1,32.1,31.9,31.95,-,0.1,123575,3950725.0,-88000,0,0,10000,0,3000,98000,0,3000
20260805,8473,山林水,41.75,42.1,41.2,41.4,+,0.05,494608,20505288.0,-90790,0,1,109300,0,1000,200090,0,999
20260805,2527,宏璟,43.3,43.4,42.45,42.75,+,0.2,819877,35168270.0,-89000,0,-2027,301000,0,3222,390000,0,5249
20260805,4532,瑞智,24.4,24.6,24.05,24.1,,0.0,768467,18596051.0,-90900,-3528,2855,329100,0,18000,420000,3528,15145
20260805,8438,昶昕,64.0,64.9,62.8,63.4,+,0.5,345542,22034877.0,-92000,0,-1000,100000,0,2000,192000,0,3000
20260805,8404,百和興業-KY,16.35,16.4,16.2,16.2,-,0.15,137235,2229829.0,-95000,0,0,16000,0,0,111000,0,0
20260805,1810,和成,25.4,25.85,24.7,24.9,,0.0,7775368,195965988.0,-85813,0,-9630,1905250,0,8477,1991063,0,18107
20260805,1611,中電,12.1,12.15,11.9,11.95,-,0.05,371618,4446534.0,-75055,0,-21024,105711,0,0,180766,0,21024
20260805,1603,華電,29.35,29.4,28.9,28.95,-,0.15,218748,6363327.0,-48455,0,-48000,26000,0,0,74455,0,48000
20260805,6449,鈺邦,238.0,239.5,227.0,229.5,+,2.0,1072394,249541334.0,-103224,0,5773,349282,0,12928,452506,0,7155
20260805,1436,華友聯,36.2,36.2,35.6,35.7,-,0.5,254132,9104173.0,-98601,0,0,38000,0,0,136601,0,0
20260805,6706,惠特,111.0,116.5,109.5,116.5,+,10.5,1188172,136356509.0,-141000,0,42172,132000,0,48172,273000,0,6000
20260805,2450,神腦,28.65,28.65,28.45,28.45,-,0.05,177181,5053338.0,-96000,0,-3000,11000,0,6000,107000,0,9000
20260805,2468,華經,34.8,36.45,34.55,35.7,+,2.45,1171064,41856987.0,-109965,0,7069,241035,0,11069,351000,0,4000
20260805,00917,中信特選金融,24.3,24.4,24.3,24.37,+,0.11,484939,11819864.0,-250874,0,145527,14166,0,170527,265040,0,25000
20260805,3535,晶彩科,86.5,87.5,85.1,85.1,+,1.0,810225,69749265.0,-105875,0,-274,219125,0,7000,325000,0,7274
20260805,1217,愛之味,9.85,9.89,9.8,9.83,+,0.04,463444,4552675.0,-107000,0,0,180000,0,0,287000,0,0
20260805,3305,昇貿,111.5,115.0,111.0,111.5,+,2.0,2097134,235098819.0,-126474,0,18838,713526,0,72373,840000,0,53535
20260805,2851,中再保,35.0,35.25,34.8,35.0,+,0.3,961679,33673555.0,-89000,0,-20761,497000,0,11239,586000,0,32000
20260805,1337,再生-KY,4.72,4.78,4.63,4.71,+,0.06,345340,1614964.0,-109881,0,0,21679,0,0,131560,0,0
20260805,4164,承業醫,26.0,26.2,25.8,26.05,+,0.25,343864,8923427.0,-110000,0,-1,111000,0,0,221000,0,1
20260805,5608,四維航,13.35,13.5,13.15,13.25,,0.0,1339797,17816243.0,-112109,0,0,640000,0,22000,752109,0,22000
20260805,1616,億泰,19.9,19.95,19.4,19.5,+,0.1,364953,7136995.0,-113516,0,799,80000,0,2000,193516,0,1201
20260805,1604,聲寶,23.2,23.25,23.0,23.05,,0.0,338139,7800945.0,-114645,0,1000,24355,0,39000,139000,0,38000
20260805,2546,根基,100.0,101.0,98.9,99.2,-,0.7,346686,34466343.0,-115540,0,0,109000,0,0,224540,0,0
20260805,6715,嘉基,366.5,383.0,357.0,371.5,+,23.0,824135,307769147.0,84996,-202000,899,275000,0,4249,190004,202000,3350
20260805,9917,中保科,108.5,108.5,107.5,108.0,-,0.5,534357,57668059.0,-116285,-2000,2000,131640,0,11000,247925,2000,9000
20260805,3705,永信,53.4,53.6,52.8,52.8,-,0.5,276340,14654814.0,-117000,0,0,23000,0,10000,140000,0,10000
20260805,1598,岱宇,20.45,20.5,20.05,20.15,-,0.3,317714,6413389.0,-109568,0,-9000,45092,0,0,154660,0,9000
20260805,2062,橋椿,19.25,19.4,18.8,18.8,-,0.45,267476,5097109.0,-121381,0,-1,50023,0,0,171404,0,1
20260805,3450,聯鈞,475.0,475.0,475.0,475.0,+,43.0,6262308,2974596300.0,159713,-400000,118269,315000,1100000,243568,155287,1500000,125299
20260805,4739,康普,83.6,87.0,83.6,85.9,+,3.3,1433059,122606204.0,-153001,0,30642,358773,0,56660,511774,0,26018
20260805,3024,憶聲,12.55,12.6,12.35,12.5,+,0.1,1022989,12734025.0,-122900,0,0,269100,0,11000,392000,0,11000
20260805,2707,晶華,176.5,177.5,176.0,176.0,,0.0,188519,33259292.0,-124000,0,-17,9000,0,3000,133000,0,3017
20260805,2072,世紀風電,167.0,167.0,160.5,161.0,-,2.5,556525,90576831.0,-131432,0,1001,78946,0,1001,210378,0,0
20260805,1529,樂事綠能,17.35,17.45,17.1,17.15,,0.0,312249,5371872.0,-131000,0,0,27000,0,0,158000,0,0
20260805,1103,嘉泥,12.95,13.1,12.95,13.0,+,0.05,270174,3514464.0,-130452,0,-2000,27548,0,0,158000,0,2000
20260805,9940,信義,20.65,20.65,20.3,20.4,,0.0,354665,7251183.0,-121210,0,-11632,84000,0,16000,205210,0,27632
20260805,1416,廣豐,10.8,10.85,10.7,10.85,+,0.1,311337,3351970.0,-120984,0,-13000,5016,0,10000,126000,0,23000
20260805,2258,鴻華先進-創,30.5,31.0,29.5,30.0,,0.0,595955,17858427.0,-146000,0,9520,52000,0,35000,198000,0,25480
20260805,1444,力麗,7.16,7.25,7.15,7.16,+,0.02,1334372,9586143.0,-204094,1000,64000,284106,1000,64000,488200,0,0
20260805,2608,嘉里大榮,28.7,28.8,28.55,28.6,-,0.1,256036,7337151.0,-138000,0,-4849,35000,0,29000,173000,0,33849
20260805,1231,聯華食,80.0,81.0,79.1,80.1,+,0.1,549452,43901948.0,-148482,0,1000,135518,0,11000,284000,0,10000
20260805,1437,勤益控,30.35,30.5,29.75,29.75,,0.0,222324,6687169.0,-147873,0,0,16127,0,0,164000,0,0
20260805,2207,和泰車,530.0,530.0,509.0,509.0,-,8.0,444979,228019243.0,-173166,4285,17052,213713,7000,18000,386879,2715,948
20260805,9908,大台北,29.1,29.1,28.95,29.0,-,0.1,196637,5704671.0,-155456,0,-237,9000,0,0,164456,0,237
20260805,7788,松川精密,208.0,215.0,205.5,210.0,+,6.5,1060141,222178624.0,-213000,0,56210,253000,0,98827,466000,0,42617
20260805,2349,錸德,10.9,11.15,10.85,10.9,+,0.1,1881825,20700338.0,-164355,0,0,386620,0,0,550975,0,0
20260805,1560,中砂,700.0,702.0,680.0,680.0,+,5.0,1176761,812189643.0,-157864,0,-10032,531208,0,30439,689072,0,40471
20260805,2538,基泰,9.35,9.35,9.28,9.29,-,0.05,230290,2142719.0,-171000,0,0,14000,0,0,185000,0,0
20260805,7795,長廣,449.5,453.5,422.0,426.0,+,8.0,968699,422680466.0,-164259,0,-7001,320469,0,1000,484728,0,8001
20260805,8429,金麗-KY,5.99,6.2,5.97,6.14,+,0.16,597570,3633315.0,-175681,0,0,119000,0,0,294681,0,0
20260805,1734,杏輝,31.5,31.75,31.45,31.7,-,0.05,358627,11321808.0,-178012,0,-1000,53911,0,19000,231923,0,20000
20260805,5515,建國,42.35,42.45,41.65,41.95,-,0.3,538786,22636529.0,-187677,0,8636,78323,0,22545,266000,0,13909
20260805,1612,宏泰,30.6,31.0,30.5,30.75,+,0.4,1267481,38919146.0,-180298,0,747,487862,0,16400,668160,0,15653
20260805,6830,汎銓,430.5,438.5,403.5,404.5,+,1.5,3077292,1290730690.0,-298542,110000,8756,725974,110000,45785,1024516,0,37029
20260805,2905,三商,16.45,16.65,16.25,16.35,,0.0,841056,13786732.0,-177347,0,-3000,331750,0,23000,509097,0,26000
20260805,2897,王道銀行,10.2,10.25,10.15,10.25,+,0.05,3078410,31397972.0,-99000,0,-82000,1033000,0,0,1132000,0,82000
20260805,2031,新光鋼,39.35,39.35,38.65,38.8,-,0.25,425230,16506375.0,-181000,0,-6825,85000,0,6000,266000,0,12825
20260805,1201,味全,12.1,12.1,12.05,12.05,-,0.05,298682,3609704.0,-173000,0,-16000,14000,0,28000,187000,0,44000
20260805,1455,集盛,8.86,8.86,8.7,8.85,+,0.12,513088,4513468.0,-161000,0,-28331,72000,0,15000,233000,0,43331
20260805,1727,中華化,74.2,78.4,73.6,73.9,+,1.5,2592772,195942516.0,-194568,0,3459,783115,0,14266,977683,0,10807
20260805,1519,華城,666.0,684.0,655.0,663.0,,0.0,1596921,1062955084.0,-176729,0,-18989,610333,0,108731,787062,0,127720
20260805,9933,中鼎,36.95,36.95,36.45,36.65,+,0.2,1170566,42960434.0,-210234,1100,-619,434129,1100,12000,644363,0,12619
20260805,6585,鼎基,123.0,123.0,116.0,121.5,+,4.0,1155755,138993453.0,-216000,0,2993,349000,0,6000,565000,0,3007
20260805,1618,合機,39.45,39.45,38.5,38.5,-,0.35,726684,28198044.0,-211307,0,-6709,87830,0,0,299137,0,6709
20260805,6573,虹揚-KY,18.5,18.5,17.55,17.65,-,0.6,466047,8337370.0,-218100,0,-61,7000,0,0,225100,0,61
20260805,3703,欣陸,20.4,20.5,20.3,20.35,-,0.05,851039,17354996.0,-219000,0,0,256000,0,3000,475000,0,3000
20260805,6776,展碁國際,55.4,55.7,53.7,53.8,-,1.4,499318,27076173.0,-228000,0,7970,96000,0,20000,324000,0,12030
20260805,1597,直得,134.5,140.0,132.5,137.5,+,6.5,1758526,240311198.0,-247030,0,25840,470088,0,36424,717118,0,10584
20260805,6142,友勁,9.85,10.0,9.7,9.72,-,0.17,660044,6489402.0,-225000,0,0,72000,0,1000,297000,0,1000
20260805,5876,上海商銀,44.5,44.5,43.65,44.15,,0.0,6498684,285978909.0,-176883,279000,-327213,4360385,319000,47000,4537268,40000,374213
20260805,3380,明泰,29.45,30.0,28.8,28.9,-,0.35,2187796,64275379.0,-231518,0,3996,911144,0,18483,1142662,0,14487
20260805,6531,愛普*,866.0,880.0,819.0,855.0,+,49.0,2047212,1755896895.0,-216758,-29362,12749,626918,638,56282,843676,30000,43533
20260805,5519,隆大,28.05,28.25,27.6,27.75,-,0.3,325665,9023128.0,-240000,0,-47,22000,0,2000,262000,0,2047
20260805,2402,毅嘉,54.9,55.4,53.8,54.0,+,0.2,1960732,106795962.0,-233327,0,-8330,460673,0,7768,694000,0,16098
20260805,5521,工信,10.25,10.35,10.15,10.25,,0.0,1730704,17687415.0,-243000,0,0,573000,0,0,816000,0,0
20260805,3209,全科,59.0,60.2,58.6,58.7,+,0.6,2217610,131278794.0,-270865,0,26196,616675,0,33657,887540,0,7461
20260805,1316,上曜,10.05,10.15,9.95,9.96,-,0.09,1366755,13650546.0,-280000,0,32000,473000,0,36000,753000,0,4000
20260805,2545,皇翔,32.25,32.4,32.0,32.05,-,0.45,551602,17737661.0,-227000,0,-21229,65000,0,2000,292000,0,23229
20260805,00714,群益道瓊美國地產,22.67,22.68,22.62,22.62,-,0.09,477748,10819168.0,51000,0,-299896,110000,0,113390,59000,0,413286
20260805,2636,台驊控股,66.0,66.0,64.5,64.5,-,1.1,406224,26402345.0,-250625,0,1277,46000,0,22000,296625,0,20723
20260805,3550,聯穎,22.5,23.1,21.95,22.55,+,0.7,2114073,47662896.0,-247679,0,-11338,555321,0,2000,803000,0,13338
20260805,4956,光鋐,30.3,32.35,30.0,31.6,+,1.9,2719777,84987898.0,-261112,0,610,690750,0,6376,951862,0,5766
20260805,3312,弘憶股,49.0,49.85,47.9,47.9,-,0.7,2796485,136803662.0,-261368,0,-2194,719632,0,6937,981000,0,9131
20260805,3717,聯嘉投控,23.3,23.95,23.0,23.05,-,0.1,2201658,51261945.0,-243772,0,-21016,499228,0,2000,743000,0,23016
20260805,4906,正文,35.5,37.65,35.35,37.65,+,3.4,3862396,143676168.0,-303493,0,34397,595000,0,36397,898493,0,2000
20260805,3701,大眾控,40.6,43.0,39.1,42.9,+,3.8,2476328,103964393.0,-278541,0,4101,632314,0,7344,910855,0,3243
20260805,2233,宇隆,212.0,224.0,208.0,224.0,+,20.0,1795034,388189059.0,-302621,0,17964,344999,0,32167,647620,0,14203
20260805,6831,邁科,635.0,660.0,589.0,597.0,-,20.0,1363186,841109553.0,-268133,9000,-25571,427066,40000,24858,695199,31000,50429
20260805,3031,佰鴻,22.8,23.65,22.75,23.2,+,0.7,1157067,26814360.0,-284520,0,-1000,233480,0,1000,518000,0,2000
20260805,2351,順德,171.0,177.0,167.0,169.0,+,3.5,3028897,518281806.0,-470985,155000,23770,844015,155000,59004,1315000,0,35234
20260805,2206,三陽工業,60.5,61.2,60.2,60.7,+,0.6,864686,52366953.0,-307999,0,6000,275001,0,9000,583000,0,3000
20260805,2472,立隆電,241.5,249.5,237.0,240.5,+,4.5,3619962,874454787.0,-304978,31400,-39592,1306373,32000,33656,1611351,600,73248
20260805,2312,金寶,32.95,33.6,32.0,32.0,-,0.3,16707379,545956935.0,-372133,0,51434,4121490,0,351401,4493623,0,299967
20260805,1477,聚陽,224.0,226.0,221.5,225.0,+,3.0,2015241,451918159.0,-320477,19555,-25284,425559,27000,5600,746036,7445,30884
20260805,2536,宏普,17.95,18.0,17.7,17.9,-,0.05,571656,10190383.0,-327000,0,0,52000,0,1000,379000,0,1000
20260805,2852,第一保,26.75,26.8,26.55,26.6,-,0.1,492010,13101644.0,-313000,0,-15000,14000,0,35000,327000,0,50000
20260805,6415,矽力*-KY,453.5,466.0,442.0,445.0,+,21.0,6983785,3192013670.0,75041,-443000,37712,3416353,40000,89148,3341312,483000,51436
20260805,2515,中工,12.0,12.15,11.9,11.9,-,0.1,4507708,54121957.0,-347000,0,-556,1651000,0,3000,1998000,0,3556
20260805,6672,騰輝電子-KY,227.0,228.0,221.5,221.5,+,3.0,2656170,596928207.0,-335746,0,-15076,715834,0,16700,1051580,0,31776
20260805,1309,台達化,12.85,13.1,12.7,12.95,+,0.25,1877063,24299192.0,-330977,0,-26973,417023,0,1128,748000,0,28101
20260805,2495,普安,38.1,39.7,37.9,38.3,+,0.8,2734319,105463703.0,-409871,0,51545,674129,0,62011,1084000,0,10466
20260805,1229,聯華,40.1,40.35,39.95,40.1,,0.0,1487685,59653919.0,-367282,0,-1169,294718,0,16000,662000,0,17169
20260805,6414,樺漢,443.0,478.0,440.5,469.0,+,32.5,3812059,1768754842.0,-432233,-29000,91456,832033,0,221449,1264266,29000,129993
20260805,2820,華票,16.35,16.4,16.3,16.3,,0.0,1241628,20280786.0,-373670,0,0,371000,0,21000,744670,0,21000
20260805,9925,新保,40.25,40.25,40.05,40.1,-,0.15,677164,27167434.0,-374000,0,-243,228000,0,10000,602000,0,10243
20260805,2106,建大,18.45,18.5,17.95,18.1,-,0.15,1147662,20806257.0,-363600,0,-13000,316400,0,20000,680000,0,33000
20260805,2474,可成,183.5,184.5,181.5,181.5,+,0.5,2941675,537695301.0,-260987,-98036,-25297,1518800,30000,50000,1779787,128036,75297
20260805,3049,精金,10.6,10.9,10.4,10.75,+,0.55,2943848,31475885.0,-394436,0,3274,751000,0,3274,1145436,0,0
20260805,2342,茂矽,37.5,38.7,37.2,37.65,+,0.95,3047340,115080392.0,-390574,0,-615,840537,0,5000,1231111,0,5615
20260805,1707,葡萄王,89.6,89.8,88.4,88.7,-,0.9,590124,52340922.0,-393448,0,-939,32422,0,10000,425870,0,10939
20260805,2360,致茂,2000.0,2015.0,1860.0,1885.0,-,40.0,3640717,6999008550.0,733653,-1120922,-10812,1880892,27168,119231,1147239,1148090,130043
20260805,3533,嘉澤,2020.0,2045.0,1935.0,1955.0,-,55.0,1462364,2886790860.0,-339367,-70110,8794,720987,0,60172,1060354,70110,51378
20260805,1104,環泥,26.5,26.6,26.35,26.4,-,0.05,591281,15631704.0,-401906,0,864,41094,0,3000,443000,0,2136
20260805,3033,威健,48.95,49.35,47.55,47.8,-,0.4,8248645,399286913.0,-455998,-4467,50130,2032002,0,130110,2488000,4467,79980
20260805,2727,王品,226.5,226.5,221.0,224.0,-,2.5,779959,173693588.0,-378368,0,-35360,245010,0,12000,623378,0,47360
20260805,1227,佳格,28.7,28.85,28.65,28.7,,0.0,790788,22714113.0,-414000,0,-3244,161000,0,24000,575000,0,27244
20260805,1434,福懋,17.4,17.6,17.25,17.25,-,0.1,1963927,34084073.0,-428571,0,0,475137,0,0,903708,0,0
20260805,4919,新唐,135.0,135.5,129.0,130.0,+,0.5,8928344,1182726576.0,-289750,-150000,9087,2354250,0,157174,2644000,150000,148087
20260805,6278,台表科,167.0,168.0,163.5,168.0,+,15.0,2427164,406265052.0,-316100,-231000,111415,141000,0,112415,457100,231000,1000
20260805,2731,雄獅,146.0,147.0,145.5,146.0,,0.0,848862,123971858.0,-448816,0,0,139184,0,0,588000,0,0
20260805,2486,一詮,231.5,239.0,218.0,218.5,-,2.5,8316481,1877246694.0,-633150,200000,-22034,2463497,200000,77323,3096647,0,99357
20260805,3044,健鼎,399.0,409.5,395.0,398.5,+,6.5,4190490,1687721602.0,-535957,67986,1168,2318340,100000,64095,2854297,32014,62927
20260805,2614,東森,18.3,18.4,17.9,17.95,-,0.25,1267142,22810661.0,-467465,0,0,131000,0,0,598465,0,0
20260805,9911,櫻花,82.0,82.2,81.2,81.4,-,0.3,602068,49042601.0,-481953,0,0,29047,0,0,511000,0,0
20260805,3715,定穎投控,107.0,113.0,105.5,109.5,+,5.0,7350549,802398196.0,-592222,0,96790,2328879,0,173849,2921101,0,77059
20260805,6426,統新,179.5,186.5,168.0,170.0,-,3.5,2025281,359890733.0,-499405,0,-201,284065,0,16001,783470,0,16202
20260805,6442,光聖,1450.0,1495.0,1365.0,1370.0,-,25.0,6003603,8604027615.0,-458875,-2000,-41166,1986665,0,87196,2445540,2000,128362
20260805,3592,瑞鼎,236.0,243.5,230.5,243.5,+,2.5,2032364,484432136.0,-518634,0,5307,443000,0,6000,961634,0,693
20260805,6834,天二科技,97.4,98.9,90.5,91.2,-,2.3,4833148,456228810.0,-518518,0,-11,1208000,0,0,1726518,0,11
20260805,9938,百和,42.55,42.85,42.4,42.5,-,0.2,1630613,69478510.0,-226000,-280967,-13409,278000,249000,3405,504000,529967,16814
20260805,4960,誠美材,21.0,21.7,20.55,21.0,+,0.65,2617494,55072822.0,-528200,0,-3352,763000,0,14001,1291200,0,17353
20260805,2442,新美齊,19.3,19.3,18.95,18.95,-,0.15,1657219,31562897.0,-537000,0,0,242000,0,0,779000,0,0
20260805,2439,美律,81.5,82.3,81.1,81.4,+,0.2,1793919,146562873.0,-646480,-2515,69560,273520,0,108103,920000,2515,38543
20260805,2903,遠百,22.1,22.15,21.9,22.0,-,0.1,1343756,29573527.0,-633000,0,45000,294000,0,45000,927000,0,0
20260805,00923,群益台ESG低碳50,41.5,41.78,41.16,41.33,+,1.13,7878429,326878542.0,1203470,0,-1816766,2214470,0,1653887,1011000,0,3470653
20260805,1709,和益,25.45,26.8,25.2,26.2,+,1.0,5363182,139661119.0,-499436,0,-130462,1755051,0,17724,2254487,0,148186
20260805,3149,正達,66.5,67.3,64.0,65.4,-,0.4,22517268,1475920881.0,-668450,0,-5856,6289600,0,99000,6958050,0,104856
20260805,2006,東和鋼鐵,81.9,81.9,77.9,78.4,-,4.1,5039468,398095443.0,-612876,-9000,-100022,2551619,0,14353,3164495,9000,114375
20260805,2323,中環,10.45,10.5,10.2,10.3,,0.0,4843531,50215092.0,-762798,0,35000,1406915,0,54000,2169713,0,19000
20260805,8110,華東,45.8,47.5,44.8,46.0,+,2.55,15738098,727884052.0,-788634,0,58078,2907366,0,114028,3696000,0,55950
20260805,1218,泰山,15.2,15.65,15.2,15.5,+,0.25,2000100,30799726.0,-741000,0,-16000,220000,0,7000,961000,0,23000
20260805,3702,大聯大,119.0,129.0,119.0,129.0,+,11.5,17747015,2244298943.0,-1098443,-345062,685612,4204884,0,871115,5303327,345062,185503
20260805,1712,興農,39.2,39.2,38.6,38.6,-,0.35,919669,35566955.0,-766000,-3550,110,51000,0,11000,817000,3550,10890
20260805,5880,合庫金,26.7,26.8,26.5,26.6,+,0.05,18998546,505549601.0,-725397,-24651,-53000,8672741,6000,35000,9398138,30651,88000
20260805,2367,燿華,41.2,42.85,41.0,41.6,+,1.15,10002437,420039798.0,-883054,0,78182,3072030,0,195424,3955084,0,117242
20260805,1909,榮成,10.05,10.1,9.94,9.99,-,0.11,2614668,26169014.0,-787036,0,-22000,978964,0,12000,1766000,0,34000
20260805,8422,可寧衛*,26.7,26.7,25.95,26.0,-,0.25,4542457,119044831.0,-796000,-16000,-726,1007000,0,5194,1803000,16000,5920
20260805,1617,榮星,19.4,19.8,18.45,18.55,+,0.3,4156953,78439927.0,-742738,0,-71518,801463,0,15000,1544201,0,86518
20260805,2399,映泰,39.95,40.6,39.1,39.35,-,0.5,7939136,316281964.0,-828991,0,-16234,1529092,0,10000,2358083,0,26234
20260805,4977,眾達-KY,140.0,144.0,138.5,142.5,+,11.5,5144394,730335710.0,-957122,0,96856,761198,0,146543,1718320,0,49687
20260805,2845,遠東銀,13.3,13.35,13.2,13.3,,0.0,4451076,59072053.0,-898983,0,23000,1376343,0,23000,2275326,0,0
20260805,4763,材料*-KY,48.8,49.15,48.0,48.45,,0.0,6408651,310163901.0,-909235,0,11590,1183500,0,81230,2092735,0,69640
20260805,8996,高力,1050.0,1085.0,1030.0,1035.0,+,5.0,6155836,6532738840.0,-1808883,915932,-32877,2199294,916000,44141,4008177,68,77018
20260805,2501,國建,22.3,22.35,22.05,22.25,,0.0,1725653,38239791.0,-934703,0,-12919,404000,0,1000,1338703,0,13919
20260805,1809,中釉,39.55,40.65,38.2,39.35,+,1.65,5375470,211414801.0,-947000,0,-20330,1118000,0,15331,2065000,0,35661
20260805,2603,長榮,207.0,207.0,203.5,205.0,-,1.0,5472120,1121139757.0,-677802,-73055,-227641,2228903,24000,3000,2906705,97055,230641
20260805,8926,台汽電,63.4,64.0,62.8,63.3,+,0.7,3396239,214892258.0,-1016175,1000,1931,534000,1000,9570,1550175,0,7639
20260805,2836,高雄銀,11.9,11.95,11.8,11.8,-,0.1,2026719,23992063.0,-1182817,0,0,126200,0,79000,1309017,0,79000
20260805,2493,揚博,224.5,228.0,205.5,205.5,-,14.5,6651161,1431211968.0,-1194890,0,2157,1698400,0,47530,2893290,0,45373
20260805,8261,富鼎,190.5,192.0,178.5,179.5,-,0.5,10981614,2039991182.0,-1197433,0,-9873,2629612,0,121094,3827045,0,130967
20260805,8163,達方,32.4,32.5,30.75,31.05,-,1.05,2343777,73350584.0,-1034923,0,-181095,398077,0,10689,1433000,0,191784
20260805,8021,尖點,429.5,429.5,392.0,396.0,+,5.5,11219384,4624427124.0,-1210244,16000,-84706,3310230,16000,30647,4520474,0,115353
20260805,2451,創見,290.0,291.5,280.5,282.5,-,2.0,9764165,2787243253.0,-1230874,-18900,-83370,2043309,0,20487,3274183,18900,103857
20260805,2511,太子,8.46,8.5,8.33,8.33,-,0.17,1975557,16609510.0,-1403000,0,0,174000,0,0,1577000,0,0
20260805,00926,凱基全球菁英55,26.9,27.0,26.87,26.95,+,0.63,1826809,49145656.0,125500,0,-1601682,126500,0,121318,1000,0,1723000
20260805,3090,日電貿,153.0,154.0,144.5,147.0,+,3.0,11899347,1778730691.0,-1354469,0,-125792,3207062,0,115744,4561531,0,241536
20260805,2436,偉詮電,60.4,62.7,60.2,61.0,+,2.0,10015844,617330642.0,-1623495,0,92499,2373505,0,207910,3997000,0,115411
20260805,6505,台塑化,67.6,68.4,66.7,67.6,-,0.6,20430002,1382284116.0,-1729738,0,131300,7106437,0,502259,8836175,0,370959
20260805,2441,超豐,122.5,125.0,118.5,118.5,-,1.0,12088982,1469537090.0,-1687107,50000,32389,3798893,142000,247679,5486000,92000,215290
20260805,00963,中信全球高股息,13.5,13.5,13.4,13.44,-,0.03,2287920,30749532.0,-241000,0,-1391553,3000,0,82000,244000,0,1473553
20260805,6443,元晶,26.45,28.35,26.15,27.7,+,1.9,8135971,220996091.0,-1667395,0,3039,1942605,0,8039,3610000,0,5000
20260805,00913,兆豐台灣晶圓製造,48.58,48.58,47.23,47.25,+,1.37,3229520,154862173.0,-1139000,0,-584944,283000,0,606280,1422000,0,1191224
20260805,2485,兆赫,42.0,42.95,40.4,41.05,+,0.25,12235534,510020441.0,-1715000,0,-47550,2389000,0,162786,4104000,0,210336
20260805,00941,中信上游半導體,26.23,26.67,26.23,26.67,+,0.99,4508507,119794407.0,1154020,0,-2919466,1170020,0,513534,16000,0,3433000
20260805,2884,玉山金,38.1,38.35,37.6,38.1,+,0.1,35004151,1328174400.0,-903336,-135085,-737780,23208565,401000,144000,24111901,536085,881780
20260805,6412,群電,79.6,80.0,77.4,78.6,-,3.2,3150167,248183103.0,-1780801,-2563,-9873,293510,0,16380,2074311,2563,26253
20260805,00891,中信關鍵半導體,35.3,35.53,34.99,35.13,+,1.27,19307470,681544796.0,1090449,0,-2977506,3174449,0,2163763,2084000,0,5141269
20260805,4958,臻鼎-KY,475.0,488.0,461.5,488.0,+,44.0,24359063,11644569177.0,-2568586,230315,394241,4836905,233000,886879,7405491,2685,492638
20260805,2504,國產,30.85,30.95,30.25,30.35,-,0.4,3758920,114628850.0,-2018000,-39111,-13230,432000,0,1000,2450000,39111,14230
20260805,1210,大成,55.6,55.8,54.8,55.0,-,0.5,4196584,232010655.0,-2132932,0,10060,660732,0,39000,2793664,0,28940
20260805,2449,京元電子,258.0,261.5,246.0,247.0,+,1.5,19763740,5020957920.0,-2081058,213052,-301666,7184816,286140,533912,9265874,73088,835578
20260805,2633,台灣高鐵,25.7,25.9,25.7,25.9,+,0.15,4630895,119515819.0,-2670000,486000,3000,1010000,486000,76000,3680000,0,73000
20260805,2483,百容,43.55,43.55,37.95,38.55,-,1.05,5170804,209724353.0,-2188000,0,-2000,554000,0,17000,2742000,0,19000
20260805,6176,瑞儀,87.2,87.6,83.9,84.6,-,2.5,7119793,606926453.0,-2195462,-2482,-59980,1482000,0,57119,3677462,2482,117099
20260805,2305,全友,32.0,32.05,29.35,29.35,-,3.25,8879137,267292428.0,-2336863,0,-284,884800,0,1230,3221663,0,1514
20260805,2368,金像電,950.0,969.0,919.0,940.0,+,43.0,13005498,12236099505.0,8488,-2099011,-248920,5324892,525000,306340,5316404,2624011,555260
20260805,00947,台新臺灣IC設計,35.53,35.53,34.64,34.69,+,1.34,11695439,411532177.0,-1004025,0,-1442269,1655000,0,1718979,2659025,0,3161248
20260805,9945,潤泰新,26.7,26.75,26.4,26.4,-,0.3,5984261,158744203.0,-2516785,0,15958,1730982,0,24000,4247767,0,8042
20260805,2548,華固,98.0,98.1,95.6,96.5,-,1.0,3165019,304704317.0,-2486000,0,-23218,173600,0,64000,2659600,0,87218
20260805,6271,同欣電,186.0,191.0,183.0,190.0,+,10.5,10347174,1940795474.0,-2995874,0,305272,1803400,0,424131,4799274,0,118859
20260805,6226,光鼎,22.4,22.95,20.8,20.8,-,1.2,18438052,398527659.0,-2729000,1000,0,2587000,1000,2000,5316000,0,2000
20260805,6005,群益證,35.5,35.9,34.85,34.85,,0.0,9429907,332451405.0,-2764375,-13398,0,2197625,0,0,4962000,13398,0
20260805,00878,國泰永續高股息,33.37,33.45,33.09,33.15,+,0.58,43855594,1460002458.0,3151208,0,-6142532,7433308,0,6318938,4282100,0,12461470
20260805,00712,復華富時不動產,8.84,8.87,8.84,8.85,+,0.02,8685732,76873317.0,12400,0,-3006801,14400,0,39999,2000,0,3046800
20260805,8150,南茂,86.7,90.4,85.4,86.5,+,4.0,41209713,3612079607.0,-3364093,-165000,483680,14773001,0,939210,18137094,165000,455530
20260805,1714,和桐,15.15,15.3,14.6,14.75,+,0.2,17469654,260689611.0,-3033438,1000,-26784,3857560,1000,29408,6890998,0,56192
20260805,2481,強茂,137.5,141.5,132.0,134.0,+,4.0,28619327,3914871379.0,-3262894,18000,138457,9050262,19000,784935,12313156,1000,646478
20260805,3036,文曄,221.0,233.5,217.0,225.0,+,12.5,23076116,5252763258.0,-2602295,-615031,-21050,7479556,193000,746127,10081851,808031,767177
20260805,00757,統一FANG+,140.9,142.0,140.9,141.95,+,4.55,6022773,852539509.0,-2104660,0,-1173494,27019,0,1148506,2131679,0,2322000
20260805,4989,榮科,68.5,71.9,66.4,66.9,-,0.3,21028199,1432417269.0,-3354239,0,-65265,3387890,0,33662,6742129,0,98927
20260805,00882,中信中國高股息,15.15,15.2,15.05,15.09,-,0.06,7490918,112992856.0,-2983000,0,-444565,18000,0,1466000,3001000,0,1910565
20260805,3048,益登,59.0,59.5,57.2,58.3,+,2.5,15202838,885124498.0,-3608960,0,72555,2759040,0,117631,6368000,0,45076
20260805,2886,兆豐金,50.7,51.5,50.2,51.2,+,0.5,30109399,1533395311.0,-7854110,3718872,221689,10906929,3756000,1184000,18761039,37128,962311
20260805,2484,希華,71.7,74.0,69.1,70.5,+,0.6,39733540,2852236267.0,-4041155,3000,28226,7213968,3000,116184,11255123,0,87958
20260805,00662,富邦NASDAQ,123.65,123.65,123.1,123.6,+,3.25,7591016,936396061.0,-1910028,0,-2248611,72309,0,632389,1982337,0,2881000
20260805,2382,廣達,306.5,310.5,302.5,304.0,+,3.5,19176092,5869636081.0,-3355631,-10065,-850937,8618855,54877,314000,11974486,64942,1164937
20260805,9907,統一實,14.75,14.85,14.45,14.55,-,0.2,8462282,123132934.0,-3318000,-898251,-743,907000,0,3000,4225000,898251,3743
20260805,2455,全新,388.0,388.0,382.5,388.0,+,35.0,10922747,4237370336.0,-4263473,0,-40318,1066006,0,174681,5329479,0,214999
20260805,1802,台玻,55.1,56.3,53.4,53.9,+,1.6,41348595,2252506913.0,-4304735,0,-237439,9874984,0,308570,14179719,0,546009
20260805,1718,中纖,10.0,10.35,9.99,9.99,,0.0,39812285,403436601.0,-4731633,2000,177366,11361499,2000,259157,16093132,0,81791
20260805,2492,華新科,274.0,283.5,254.0,259.5,,0.0,43709111,11614348943.0,-4239205,0,-401155,15545405,0,1616575,19784610,0,2017730
20260805,9105,泰金寶-DR,8.5,8.56,8.21,8.21,-,0.09,22609705,188417394.0,-5414000,0,-12233,1754000,0,2252,7168000,0,14485
20260805,6239,力成,266.5,269.0,255.5,256.5,,0.0,32170645,8409303181.0,-6692607,931836,-193009,6947150,931836,791708,13639757,0,984717
20260805,2356,英業達,67.0,67.5,65.2,65.7,-,0.3,45447893,3003764991.0,-5100029,-80114,-828174,15338167,0,631453,20438196,80114,1459627
20260805,2892,第一金,35.3,36.1,35.2,35.9,+,0.6,50836332,1815963212.0,-11962069,1635867,4242909,20829958,1657483,4256903,32792027,21616,13994
20260805,2609,陽明,51.2,51.2,50.3,50.6,-,0.4,16626510,840886129.0,-6067582,34373,-139777,4844282,54000,44000,10911864,19627,183777
20260805,00929,復華台灣科技優息,28.94,29.11,28.75,28.78,+,0.63,30433579,880504996.0,-2238915,0,-3966452,2397585,0,4492065,4636500,0,8458517
20260805,00646,元大S&P500,79.0,79.05,78.75,78.95,+,1.25,7882365,621660717.0,-1819700,0,-4420953,10378,0,457499,1830078,0,4878452
20260805,2489,瑞軒,31.15,33.1,31.0,33.1,+,3.0,23176014,749450009.0,-6864000,-2000,45476,3050000,0,172661,9914000,2000,127185
20260805,2327,國巨*,608.0,618.0,568.0,578.0,+,12.0,63678413,37343854567.0,-8196014,1112193,-62476,21578526,1284090,1063833,29774540,171897,1126309
20260805,2332,友訊,24.1,24.95,22.8,22.9,-,0.95,71893041,1702123284.0,-7791813,0,427752,14372187,0,1003597,22164000,0,575845
20260805,00881,國泰台灣科技龍頭,52.6,53.25,52.4,52.65,+,1.75,29066184,1537889318.0,-820460,1500000,-8481256,5604240,1500000,3265796,6424700,0,11747052
20260805,1303,南亞,180.0,184.0,172.5,177.0,+,6.5,83793472,14821504435.0,-6340656,-4181000,-76126,24213112,66000,1635064,30553768,4247000,1711190
20260805,2812,台中銀,18.95,19.05,18.8,18.8,-,0.1,16912705,319065931.0,-9945415,-24454,-698978,2574653,0,89000,12520068,24454,787978
20260805,00961,FT臺灣永續高息,13.23,13.27,13.11,13.12,+,0.09,21929657,289112600.0,16038,0,-13235802,1290038,0,530138,1274000,0,13765940
20260805,6770,力積電,63.4,66.1,62.2,66.1,+,6.0,240808216,15535147636.0,-15672112,0,-2010524,39446275,0,2510309,55118387,0,4520833
20260805,2303,聯電,129.0,129.0,121.5,122.0,+,3.5,279502812,34760195802.0,-28026230,5713948,-1472921,86049494,6514858,4222766,114075724,800910,5695687
20260805,2834,臺企銀,16.95,17.05,16.75,16.75,-,0.15,44472287,748162193.0,-23329934,-31318,-1111709,8406066,0,145000,31736000,31318,1256709
20260805,2801,彰銀,24.0,24.1,23.55,23.65,,0.0,66850684,1586274624.0,-15948002,-205027,-8345179,16946636,0,277000,32894638,205027,8622179
20260805,9904,寶成,23.85,23.9,23.4,23.45,-,0.3,39365698,927788862.0,-25566204,91239,-183348,4172000,136000,62000,29738204,44761,245348
20260805,2337,旺宏,123.0,127.5,117.0,117.5,-,2.5,173482291,21261609488.0,-35273087,10582000,-1690992,41324808,10713000,2268295,76597895,131000,3959287
20260805,2409,友達,25.25,25.55,24.35,24.45,,0.0,205885267,5133287956.0,-29375079,-445,-1381050,48634051,0,1301616,78009130,445,2682666
20260805,3481,群創,49.3,50.5,47.75,47.8,,0.0,421661010,20732797979.0,-38794875,-104392,-3505936,86567194,0,11552721,125362069,104392,15058657
