tradeDate,stockCode,stockName,openPrice,highPrice,lowPrice,closePrice,changeSign,change,totalShares,totalAmount,foreignNetShares,investmentNetShares,dealerNetShares,foreignBuyShares,investmentBuyShares,dealerBuyShares,foreignSellShares,investmentSellShares,dealerSellShares
20260402,2409,友達,16.5,17.4,16.4,16.85,+,0.9,700945979,11824969601.0,182387756,37459,14271570,357538519,37459,18731419,175150763,0,4459849
20260402,2887,台新新光金,24.4,24.75,24.25,24.35,+,0.3,220483780,5376330239.0,27309254,-673825,649000,206189903,168175,3916000,178880649,842000,3267000
20260402,2027,大成鋼,37.3,38.75,37.05,38.4,+,1.45,61239163,2324667769.0,19006000,0,2682291,27362000,0,2950779,8356000,0,268488
20260402,2002,中鋼,19.6,19.6,19.35,19.5,,0.0,28468476,554681251.0,17170553,0,-366276,22176000,0,169935,5005447,0,536211
20260402,2481,強茂,90.6,96.9,90.6,95.1,+,6.5,36748757,3489611031.0,10453335,1780000,289062,19008435,1780000,548810,8555100,0,259748
20260402,2891,中信金,55.0,55.0,53.6,54.5,+,0.8,50959018,2758096996.0,8044540,1957893,2048578,42525134,2320893,3462142,34480594,363000,1413564
20260402,2344,華邦電,96.0,97.6,91.8,91.8,-,1.3,183485734,17299197617.0,8415701,2257625,383110,61586286,6194625,3111000,53170585,3937000,2727890
20260402,2886,兆豐金,39.1,39.3,38.7,39.25,+,0.3,21454526,838044031.0,7200918,798142,2513865,13074374,838142,2707000,5873456,40000,193135
20260402,6213,聯茂,167.5,176.0,167.0,170.0,+,7.0,59038515,10110235908.0,7110568,508000,1138061,21063020,508000,1748429,13952452,0,610368
20260402,2883,凱基金,19.9,20.05,19.85,19.9,+,0.1,26251551,522727407.0,4519515,-231927,4250801,15181542,117073,4712801,10662027,349000,462000
20260402,2892,第一金,28.45,28.6,28.3,28.4,-,0.05,17820415,506506464.0,6609514,-16149,-144555,14223533,16851,75000,7614019,33000,219555
20260402,1717,長興,60.8,65.0,60.1,61.9,+,1.9,34562820,2175063417.0,5662900,276000,413887,12544900,276000,825080,6882000,0,411193
20260402,6443,元晶,41.55,41.9,38.75,38.8,-,2.35,37560091,1499035688.0,6223092,0,2800,14374692,0,63000,8151600,0,60200
20260402,2834,臺企銀,15.25,15.3,15.15,15.25,+,0.05,17179638,261622566.0,5963005,-24000,109000,13212009,0,206000,7249004,24000,97000
20260402,3702,大聯大,90.8,90.9,87.4,88.0,-,1.9,12365975,1096271814.0,3924561,1272000,598863,8045561,1275000,752364,4121000,3000,153501
20260402,3576,聯合再生,21.35,21.55,20.1,20.55,-,0.75,28675658,589093987.0,5766000,0,1000,8121000,0,4000,2355000,0,3000
20260402,2880,華南金,33.7,34.35,33.7,33.85,+,0.15,14929354,507456472.0,2523125,-50000,2902807,9953106,5000,3953000,7429981,55000,1050193
20260402,00934,中信成長高股息,20.95,21.03,20.46,20.53,-,0.38,10063296,207294377.0,2317000,0,3043599,2606000,0,5570000,289000,0,2526401
20260402,3481,群創,25.3,25.9,24.65,24.65,-,0.4,280976969,7092162089.0,4772545,109353,420337,81192907,251353,4041548,76420362,142000,3621211
20260402,2337,旺宏,138.0,138.0,127.0,129.0,+,2.0,26764501,3506453763.0,1697352,491000,2491224,8693789,671000,3453016,6996437,180000,961792
20260402,5243,乙盛-KY,90.0,97.2,89.4,93.7,+,4.8,17950793,1687590375.0,4418782,0,250392,7920782,0,448390,3502000,0,197998
20260402,2618,長榮航,35.3,35.4,34.85,34.95,-,0.05,13482779,472336631.0,2342483,591215,1449430,8574855,609911,1791860,6232372,18696,342430
20260402,00939,統一台灣高息動能,15.52,15.62,15.19,15.2,-,0.24,7069719,108171668.0,1979000,0,2177382,2261000,0,3489099,282000,0,1311717
20260402,8039,台虹,111.5,122.0,111.5,122.0,+,11.0,16524819,1979555766.0,3623845,0,330131,5977000,0,459396,2353155,0,129265
20260402,2890,永豐金,31.8,32.0,31.6,31.8,+,0.1,17840091,567162706.0,1505274,226809,2132938,11958090,422809,3862844,10452816,196000,1729906
20260402,8046,南電,588.0,627.0,564.0,568.0,-,6.0,46908295,27952637013.0,2130200,1144000,239156,15455134,1144000,1172529,13324934,0,933373
20260402,2812,台中銀,20.85,20.9,20.7,20.75,,0.0,6542119,135877699.0,3319601,-8000,-83000,4540701,0,0,1221100,8000,83000
20260402,1216,統一,72.2,73.0,72.2,72.4,+,0.5,7271574,527439118.0,2012470,-59000,1264558,5137220,2000,1494558,3124750,61000,230000
20260402,00713,元大台灣高息低波,51.75,51.85,51.3,51.35,-,0.15,5413054,278895150.0,551,0,3036226,7551,0,3444000,7000,0,407774
20260402,00830,國泰費城半導體,55.25,55.3,53.75,53.8,-,0.3,10393680,564251193.0,1108891,0,1779226,5070020,0,2606023,3961129,0,826797
20260402,6116,彩晶,8.3,8.49,8.21,8.21,-,0.04,19195547,159884436.0,2685000,0,142547,7911000,0,270590,5226000,0,128043
20260402,3711,日月光投控,375.5,375.5,356.0,361.0,,0.0,24470659,8925309806.0,-476300,3193360,-54824,11675576,3210360,775544,12151876,17000,830368
20260402,3045,台灣大,109.5,109.5,109.0,109.5,,0.0,5673613,620395720.0,1099150,471261,879000,1964007,483261,960000,864857,12000,81000
20260402,4960,誠美材,21.9,22.2,20.0,20.4,-,1.5,22769320,472668181.0,2270051,0,104054,8885000,0,127386,6614949,0,23332
20260402,00915,凱基優選高股息30,23.41,23.47,23.01,23.05,-,0.22,3865852,89598869.0,406000,0,1868034,674000,0,2891000,268000,0,1022966
20260402,3167,大量,418.0,445.5,416.0,445.5,+,40.5,12708323,5565802147.0,674474,1578000,-68951,2883599,1607000,133570,2209125,29000,202521
20260402,2884,玉山金,32.45,32.6,32.1,32.15,-,0.15,20530689,661934953.0,-60179,-206375,2345421,12209250,137625,2940589,12269429,344000,595168
20260402,8438,昶昕,71.4,75.5,69.1,71.2,+,2.5,11027213,808636622.0,1960000,-1000,7554,3735000,0,22366,1775000,1000,14812
20260402,2406,國碩,32.55,33.05,30.7,30.8,-,1.7,11378784,358763856.0,1964119,0,-18559,4180021,0,33000,2215902,0,51559
20260402,3049,精金,11.85,11.9,11.0,11.15,-,0.55,11014606,124550264.0,2016600,0,-97824,3553000,0,19252,1536400,0,117076
20260402,2101,南港,36.25,38.35,36.2,37.75,+,1.8,4315616,161511390.0,1491366,0,56387,2008366,0,108000,517000,0,51613
20260402,1589,永冠-KY,5.54,5.54,5.54,5.54,-,0.61,8432214,46714700.0,1521952,0,0,1581953,0,0,60001,0,0
20260402,2867,三商壽,7.76,7.78,7.67,7.69,-,0.04,4334488,33397291.0,1416000,0,2000,3131000,0,70000,1715000,0,68000
20260402,00917,中信特選金融,20.52,20.65,20.48,20.5,-,0.01,2058880,42345814.0,-96000,0,1494240,8000,0,1855165,104000,0,360925
20260402,2912,統一超,226.5,230.0,225.5,227.0,+,1.5,2801552,639501539.0,1410045,-52000,1031,2199293,0,28031,789248,52000,27000
20260402,1102,亞泥,35.35,35.45,35.2,35.25,-,0.05,7106566,251034371.0,88743,87286,1134000,4183747,95286,1202000,4095004,8000,68000
20260402,4938,和碩,78.8,78.8,77.9,78.0,-,0.2,5945310,464719191.0,536257,-129920,895792,3176834,6000,934289,2640577,135920,38497
20260402,3189,景碩,342.0,352.0,323.5,336.0,+,4.0,8260441,2783962388.0,1921857,-920000,283460,2968298,1000,537685,1046441,921000,254225
20260402,00882,中信中國高股息,15.53,15.61,15.48,15.49,-,0.04,4284254,66617205.0,-154951,0,1424432,49,0,2189834,155000,0,765402
20260402,2845,遠東銀,12.55,12.6,12.5,12.55,,0.0,3391557,42529846.0,1324000,-12000,-97000,2068000,0,0,744000,12000,97000
20260402,2897,王道銀行,10.1,10.15,10.0,10.05,,0.0,2992084,30159955.0,1289000,0,-86000,1893000,0,10000,604000,0,96000
20260402,6706,惠特,118.0,123.0,118.0,119.5,+,4.5,6320204,762284511.0,1072000,0,115065,2379000,0,207881,1307000,0,92816
20260402,6282,康舒,45.6,46.1,44.0,44.0,-,1.25,12110032,542723764.0,1635200,-110000,-340599,3965200,0,255448,2330000,110000,596047
20260402,3673,TPK-KY,43.5,44.7,43.5,44.3,+,0.85,2805508,124000306.0,1155193,0,28111,1771200,0,104037,616007,0,75926
20260402,8150,南茂,57.0,57.7,55.6,56.7,+,1.2,8772457,496868474.0,856913,115000,201980,4466000,115000,303481,3609087,0,101501
20260402,1210,大成,54.6,55.2,54.3,54.7,+,0.1,2293512,125830191.0,1110975,28000,-19867,1724000,28000,5133,613025,0,25000
20260402,2371,大同,31.1,32.0,30.85,31.55,+,0.6,13528101,424418600.0,667495,-2000,449562,4271495,0,592358,3604000,2000,142796
20260402,6770,力積電,56.5,57.2,53.5,53.5,-,1.4,155762985,8583324534.0,846814,-72000,253913,51255700,9000,2448357,50408886,81000,2194444
20260402,9933,中鼎,35.7,36.0,34.6,35.65,+,0.15,4752354,167319229.0,1079900,-1000,-54387,2280000,0,22109,1200100,1000,76496
20260402,6120,達運,12.95,13.25,12.8,12.85,+,0.15,3509947,45765027.0,1020000,0,-6917,1790000,0,21499,770000,0,28416
20260402,1904,正隆,18.8,18.9,18.45,18.8,,0.0,2745620,51259563.0,725000,0,270000,1319000,0,281000,594000,0,11000
20260402,2352,佳世達,23.35,23.7,23.2,23.3,,0.0,3193024,74812554.0,1002302,-70000,24126,1644582,0,29126,642280,70000,5000
20260402,2006,東和鋼鐵,69.3,69.8,68.7,69.3,+,0.7,2705583,187590594.0,1206901,0,-258000,2159401,3000,245000,952500,3000,503000
20260402,8105,凌巨,13.05,13.35,12.95,13.15,+,0.25,2428683,31907526.0,945000,0,-1000,1285000,0,0,340000,0,1000
20260402,2105,正新,31.9,31.9,31.5,31.55,-,0.2,8991675,284509380.0,-161538,-3834,1087204,3684462,0,1210201,3846000,3834,122997
20260402,7780,大研生醫*,20.7,22.25,20.55,22.25,+,2.0,7407595,162681459.0,779000,0,102644,1084000,0,118644,305000,0,16000
20260402,00885,富邦越南,17.61,17.65,17.37,17.5,-,0.07,2635208,46093795.0,654000,0,226829,869000,0,949104,215000,0,722275
20260402,3036,文曄,227.5,230.0,220.5,224.0,-,1.0,7787605,1758073310.0,-2325792,2906847,294330,2772331,3024847,439991,5098123,118000,145661
20260402,1905,華紙,15.2,15.2,15.05,15.05,-,1.65,10941181,164992698.0,706000,0,151000,751000,0,235000,45000,0,84000
20260402,5876,上海商銀,39.45,39.65,39.25,39.55,+,0.3,4893610,193268782.0,-720141,-6000,1575200,2678378,0,1622200,3398519,6000,47000
20260402,1909,榮成,10.05,10.1,9.85,9.95,-,0.2,5465473,54461104.0,783408,0,49000,2165000,0,78000,1381592,0,29000
20260402,2646,星宇航空,21.15,21.35,21.0,21.0,-,0.1,2920206,61773096.0,880033,0,-50000,1657033,0,5000,777000,0,55000
20260402,4142,國光生,18.95,19.05,18.8,18.9,+,0.1,1651835,31264846.0,832000,0,-20000,990000,0,0,158000,0,20000
20260402,6152,百一,16.05,17.0,15.55,16.5,+,0.45,4320035,69400802.0,793000,0,-8000,1508000,0,3000,715000,0,11000
20260402,00900,富邦特選高股息30,13.97,14.0,13.74,13.76,-,0.14,7873367,108913186.0,568500,0,214815,1183500,0,2101196,615000,0,1886381
20260402,00961,FT臺灣永續高息,9.95,10.01,9.8,9.8,-,0.13,3197092,31585708.0,727000,0,40248,1086000,0,453150,359000,0,412902
20260402,2393,億光,68.1,68.8,67.7,68.7,+,0.8,2083495,142429707.0,716025,-2206,50831,1171025,0,123922,455000,2206,73091
20260402,9958,世紀鋼,113.0,113.5,101.5,103.0,-,9.5,5589406,586148493.0,736105,0,14765,1588105,0,120000,852000,0,105235
20260402,3209,全科,41.4,41.45,40.3,40.35,-,1.15,2591767,105311602.0,733000,0,12000,1250000,0,24000,517000,0,12000
20260402,2347,聯強,78.0,78.8,77.3,77.4,-,0.1,3969321,308882286.0,141785,-340,596632,3069785,4000,611664,2928000,4340,15032
20260402,6456,GIS-KY,55.4,57.9,55.2,56.0,+,1.6,5806701,329286777.0,694523,0,27924,2383523,0,48193,1689000,0,20269
20260402,4956,光鋐,32.5,34.2,32.05,32.95,+,0.6,5565133,183994459.0,681000,0,713,1813000,0,6000,1132000,0,5287
20260402,8021,尖點,250.0,259.0,242.5,242.5,-,5.5,13313455,3363868273.0,665200,11000,-8772,4353208,24000,43417,3688008,13000,52189
20260402,3023,信邦,261.5,265.5,258.5,261.0,+,1.5,2589716,678561743.0,572000,-3000,96856,1956000,0,110513,1384000,3000,13657
20260402,2605,新興,42.0,42.2,41.1,41.3,+,0.3,11396835,475991779.0,180183,0,484192,2556000,0,779934,2375817,0,295742
20260402,2467,志聖,401.0,414.5,390.0,392.0,-,6.5,3889134,1562689763.0,720898,9000,-80645,1733913,11000,24774,1013015,2000,105419
20260402,2356,英業達,41.1,41.4,40.6,40.85,-,0.25,8198672,335144737.0,-631370,396113,864736,3195066,410113,1188000,3826436,14000,323264
20260402,2206,三陽工業,59.4,60.4,59.4,60.0,+,0.7,1186698,71343812.0,667010,-31000,-6998,815010,0,2,148000,31000,7000
20260402,2377,微星,89.2,89.6,87.0,87.2,-,0.9,3484978,306345750.0,347516,51000,229721,1512693,51000,317893,1165177,0,88172
20260402,2338,光罩,43.75,44.95,43.0,43.25,-,0.2,3325922,146119253.0,763020,0,-163076,1701020,0,16751,938000,0,179827
20260402,00910,第一金太空衛星,59.8,60.2,58.15,58.2,+,0.75,2804895,165187982.0,219143,0,363290,453143,0,597417,234000,0,234127
20260402,2881,富邦金,88.1,88.4,87.2,87.8,,0.0,10713620,945215174.0,-945499,1689663,-163341,6061180,1719663,136922,7006679,30000,300263
20260402,5434,崇越,329.0,336.5,326.5,331.5,+,9.0,1330306,442678741.0,404015,153000,17863,664000,155000,21863,259985,2000,4000
20260402,2340,台亞,25.55,25.8,25.0,25.7,+,0.4,1894852,48221966.0,513000,0,47801,980000,0,73914,467000,0,26113
20260402,00965,元大航太防衛科技,25.18,25.2,24.52,24.55,+,0.24,3323393,82273429.0,-15000,0,524991,558000,0,1231911,573000,0,706920
20260402,3037,欣興,535.0,537.0,515.0,519.0,+,30.5,49200504,25957223443.0,-1303030,3015978,-1206858,14873927,3350978,1631739,16176957,335000,2838597
20260402,2349,錸德,13.1,13.4,12.95,12.95,-,0.15,2363556,30810450.0,474000,0,0,698000,0,0,224000,0,0
20260402,2023,燁輝,14.5,14.6,14.4,14.5,+,0.05,808152,11721888.0,461000,0,-14000,637000,0,0,176000,0,14000
20260402,6830,汎銓,533.0,565.0,533.0,565.0,+,51.0,5759569,3198408320.0,470000,0,-41942,1483000,0,45209,1013000,0,87151
20260402,1708,東鹼,41.5,42.65,41.3,41.8,-,0.4,4447955,186415172.0,396000,0,11694,1735000,0,26490,1339000,0,14796
20260402,2301,光寶科,148.5,148.5,142.5,145.0,-,2.5,11205949,1623886102.0,-250881,88808,550185,5730279,92808,876872,5981160,4000,326687
20260402,2103,台橡,19.15,19.3,18.85,19.05,-,0.35,5299329,100946141.0,400900,-2000,-19214,1677000,0,10000,1276100,2000,29214
20260402,6909,創控,47.7,48.45,47.0,48.45,+,4.4,3123931,151148000.0,347000,0,14317,386000,0,14317,39000,0,0
20260402,00960,野村全球航運龍頭,17.68,17.7,17.56,17.58,+,0.03,557132,9795744.0,-2000,0,362985,6000,0,413000,8000,0,50015
20260402,00639,富邦深100,15.61,15.61,15.41,15.46,-,0.13,749327,11632915.0,-7000,0,367190,0,0,664229,7000,0,297039
20260402,2851,中再保,30.85,30.9,30.35,30.4,-,0.45,1618626,49464752.0,357000,0,-2933,743000,0,3000,386000,0,5933
20260402,4919,新唐,94.5,97.0,91.6,92.4,-,2.1,11710588,1097344472.0,367950,-5000,-22722,3767000,0,92650,3399050,5000,115372
20260402,00893,國泰智能電動車,33.7,33.7,32.96,32.99,-,0.24,1341596,44706886.0,-42000,0,381415,40000,0,1202573,82000,0,821158
20260402,2497,怡利電,50.2,53.5,49.5,52.1,+,1.9,1862350,95853832.0,329000,-1000,10000,679000,0,10000,350000,1000,0
20260402,1723,中碳,84.7,87.4,83.2,85.2,-,1.5,3871982,329300558.0,116000,0,217000,1078000,0,258000,962000,0,41000
20260402,00949,復華日本龍頭,19.83,19.84,19.35,19.36,-,0.18,1194774,23474260.0,30000,0,280015,39000,0,1001999,9000,0,721984
20260402,2102,泰豐,20.05,20.35,19.85,20.2,+,0.2,637152,12858614.0,311000,0,-1000,343000,0,3000,32000,0,4000
20260402,3443,創意,2375.0,2410.0,2315.0,2320.0,-,35.0,1707978,4014288855.0,82611,233197,-16027,663150,239247,53461,580539,6050,69488
20260402,6505,台塑化,55.8,55.8,54.6,54.7,-,1.0,9622606,530065212.0,514078,0,-215614,3119118,0,238195,2605040,0,453809
20260402,3533,嘉澤,2180.0,2190.0,2035.0,2045.0,-,80.0,1259571,2614017990.0,302600,3920,-8239,836697,8000,37315,534097,4080,45554
20260402,6196,帆宣,281.0,286.0,279.0,282.0,+,2.0,1123143,316613458.0,297005,-2000,-1257,687005,0,11367,390000,2000,12624
20260402,6168,宏齊,24.1,26.0,23.2,26.0,+,2.35,13553796,340114270.0,219000,0,70250,3120000,0,78250,2901000,0,8000
20260402,00701,國泰股利精選30,28.9,29.1,28.65,28.73,-,0.16,1057403,30483356.0,55000,0,220247,69000,0,885022,14000,0,664775
20260402,1477,聚陽,228.0,229.5,215.5,219.0,-,9.0,2905294,639715408.0,204625,-2495,72742,1165628,0,123723,961003,2495,50981
20260402,8464,億豐,345.0,345.0,334.0,337.0,-,9.0,1385984,465723473.0,270680,0,-3000,1209680,0,0,939000,0,3000
20260402,00936,台新永續高息中小,17.61,17.69,17.29,17.3,-,0.2,1144604,19939317.0,123000,0,142161,170000,0,814040,47000,0,671879
20260402,00733,富邦臺灣中小,56.75,57.6,55.0,55.05,-,0.8,840168,47628343.0,172009,0,85814,248009,0,350180,76000,0,264366
20260402,1471,首利,12.2,12.35,11.9,12.25,,0.0,680085,8220342.0,256000,0,0,276000,0,1000,20000,0,1000
20260402,1229,聯華,44.9,45.1,44.75,44.95,+,0.1,1300722,58452658.0,265000,0,-12028,636000,0,1000,371000,0,13028
20260402,6209,今國光,50.3,51.0,49.4,50.2,-,0.1,1210171,60754108.0,240000,-3000,14980,618000,0,23013,378000,3000,8033
20260402,2104,國際中橡,12.35,12.4,12.05,12.25,,0.0,2397150,29274200.0,241000,0,6999,1144000,0,15000,903000,0,8001
20260402,6269,台郡,59.3,60.4,58.8,59.2,+,0.7,1063906,63181134.0,221000,0,22653,565000,0,48661,344000,0,26008
20260402,2426,鼎元,38.3,38.3,38.3,38.3,+,3.45,11959044,458031226.0,-20200,0,259096,258000,0,259096,278200,0,0
20260402,00932,兆豐永續高息等權,14.68,14.81,14.48,14.5,-,0.1,603273,8793123.0,30000,0,202198,43000,0,516000,13000,0,313802
20260402,5608,四維航,16.5,16.5,16.25,16.25,-,0.2,582203,9510021.0,239000,0,-10000,349000,0,1000,110000,0,11000
20260402,2351,順德,103.5,107.0,98.8,99.6,-,3.9,6428329,659821560.0,407000,0,-180719,2154000,0,50868,1747000,0,231587
20260402,1786,科妍,59.2,60.7,59.0,60.7,+,1.3,531342,31740716.0,233100,0,-9588,287100,0,0,54000,0,9588
20260402,2332,友訊,15.35,15.45,15.0,15.15,-,0.2,3178793,48262249.0,188000,0,30882,1163000,0,61719,975000,0,30837
20260402,2379,瑞昱,488.0,493.0,484.5,488.0,+,3.5,2417055,1180471417.0,37186,24640,156321,1667429,59640,192628,1630243,35000,36307
20260402,2903,遠百,22.95,23.3,22.9,23.0,+,0.05,1450060,33483720.0,260000,4000,-51000,612000,4000,1000,352000,0,52000
20260402,4904,遠傳,93.5,93.7,92.4,92.5,-,1.0,3354406,311221171.0,-239745,517244,-76297,2210113,528244,117000,2449858,11000,193297
20260402,00692,富邦公司治理,66.75,66.9,65.1,65.25,-,1.3,1315392,86488607.0,74000,0,120156,118000,0,930000,44000,0,809844
20260402,4764,雙鍵,126.0,129.0,120.0,121.0,-,4.5,2050347,254749796.0,215000,0,-28774,725000,0,1942,510000,0,30716
20260402,00903,富邦元宇宙,15.53,15.6,15.33,15.33,-,0.08,653461,10054056.0,-428000,0,612518,0,0,614518,428000,0,2000
20260402,00898,國泰基因免疫革命,8.15,8.23,8.1,8.11,-,0.02,281246,2293986.0,148000,0,28292,157000,0,30292,9000,0,2000
20260402,2030,彰源,16.05,16.25,15.9,16.15,+,0.15,500975,8055422.0,179000,0,-5083,271000,0,3000,92000,0,8083
20260402,2312,金寶,22.35,22.5,21.85,21.85,-,0.3,7813091,172313180.0,218200,0,-48561,2729200,0,32844,2511000,0,81405
20260402,3705,永信,54.5,55.7,54.5,55.5,+,1.0,365120,20221428.0,178000,0,-9000,206000,0,4000,28000,0,13000
20260402,3701,大眾控,57.1,57.7,53.3,53.3,-,3.2,3279480,180452436.0,168900,-2000,2000,1193000,0,2000,1024100,2000,0
20260402,3026,禾伸堂,142.5,144.0,137.0,138.5,-,3.5,3611648,504757191.0,217510,0,-50278,1315510,0,37226,1098000,0,87504
20260402,2015,豐興,62.8,62.8,61.5,61.6,-,0.5,481905,29766095.0,163000,0,1000,201000,0,10000,38000,0,9000
20260402,2548,華固,123.0,123.0,119.5,122.0,-,1.0,1879537,227320669.0,106000,0,57461,554000,0,127000,448000,0,69539
20260402,6531,愛普*,465.5,473.0,440.0,440.0,-,20.0,2564980,1164867403.0,198255,14000,-49453,870355,14000,23501,672100,0,72954
20260402,1809,中釉,26.3,26.65,24.9,25.1,-,0.95,2116381,54059095.0,162000,0,655,617000,0,9000,455000,0,8345
20260402,1337,再生-KY,6.14,6.31,6.07,6.16,+,0.01,1007523,6226903.0,176000,0,-14000,369000,0,0,193000,0,14000
20260402,2388,威盛,52.5,52.8,51.4,51.4,-,1.1,2252991,116556660.0,213000,-8000,-43425,822000,0,22929,609000,8000,66354
20260402,1907,永豐餘,26.3,26.4,25.9,26.0,-,0.45,1180836,30805149.0,135000,0,22000,496000,0,30000,361000,0,8000
20260402,8131,福懋科,61.5,62.0,58.9,58.9,-,2.2,2782016,167373773.0,172000,-3000,-14144,1000000,0,4982,828000,3000,19126
20260402,9945,潤泰新,25.6,25.65,25.3,25.4,-,0.2,2908810,73957120.0,185600,0,-33123,1631600,0,12000,1446000,0,45123
20260402,6491,晶碩,284.0,290.0,281.5,290.0,+,8.5,471160,135231506.0,144599,5000,650,190599,5000,2650,46000,0,2000
20260402,1310,台苯,10.8,11.3,10.55,11.0,+,0.1,11845017,130647828.0,62000,0,86759,3640000,0,93000,3578000,0,6241
20260402,00938,凱基優選30,18.71,18.77,18.45,18.46,-,0.18,958351,17896496.0,39900,0,108361,175000,0,743984,135100,0,635623
20260402,7822,倍利科,1555.0,1700.0,1520.0,1615.0,+,70.0,1071121,1733101635.0,138410,0,9000,284410,0,9000,146000,0,0
20260402,1903,士紙,49.9,50.2,48.2,48.45,-,1.75,635961,31021058.0,133000,0,13741,197000,0,17000,64000,0,3259
20260402,2461,光群雷,17.85,18.15,17.7,18.0,,0.0,587231,10536957.0,146999,0,-1000,218000,0,0,71001,0,1000
20260402,2072,世紀風電,183.0,184.0,170.0,170.5,-,12.5,1143983,200418232.0,140699,0,-677,205699,0,0,65000,0,677
20260402,3312,弘憶股,35.3,35.75,34.95,34.95,-,0.35,394361,13869957.0,134000,0,6000,239000,0,7000,105000,0,1000
20260402,6589,台康生技,57.0,58.4,57.0,57.3,+,0.3,422426,24340079.0,135000,0,3000,199000,0,3000,64000,0,0
20260402,8454,富邦媒,180.5,182.0,179.5,181.0,+,1.0,281688,50856018.0,136628,1498,-1000,222628,2498,0,86000,1000,1000
20260402,2364,倫飛,62.0,66.2,62.0,66.2,+,6.0,873961,57195556.0,132000,0,1301,208000,0,2301,76000,0,1000
20260402,1720,生達,64.5,65.0,63.8,63.9,-,0.2,236964,15211505.0,128000,0,4686,147000,0,6692,19000,0,2006
20260402,2031,新光鋼,40.3,40.3,39.9,40.1,+,0.2,432939,17358571.0,137500,0,-5000,209500,0,0,72000,0,5000
20260402,00902,中信電池及儲能,14.33,14.36,14.03,14.06,-,0.18,1414174,19960593.0,-558000,0,690057,31000,0,792103,589000,0,102046
20260402,6658,聯策,74.1,75.5,71.0,73.0,-,0.9,1588117,116963259.0,132000,0,-309,563000,0,1000,431000,0,1309
20260402,00954,中信日本半導體,14.31,14.38,13.74,13.79,-,0.25,3063409,42854010.0,67050,0,64151,298050,0,2038000,231000,0,1973849
20260402,3563,牧德,780.0,795.0,774.0,775.0,,0.0,2249731,1763910177.0,139600,0,-8689,709600,0,55050,570000,0,63739
20260402,1514,亞力,103.5,104.5,100.5,100.5,-,2.5,1237336,126036916.0,158500,0,-28598,467500,0,5000,309000,0,33598
20260402,6446,藥華藥,642.0,642.0,628.0,632.0,-,3.0,854965,542045773.0,110735,-1000,17885,418184,3000,24581,307449,4000,6696
20260402,2383,台光電,2920.0,2965.0,2775.0,2785.0,-,75.0,4147382,11863395991.0,-19797,177129,-35257,1944688,181129,117941,1964485,4000,153198
20260402,6592,和潤企業,63.1,63.1,62.3,63.1,,0.0,402416,25233508.0,130100,-1000,-7327,239100,0,1000,109000,1000,8327
20260402,2243,宏旭-KY,22.05,22.05,19.85,19.9,-,2.15,1966559,40449797.0,113000,0,8000,214000,0,9000,101000,0,1000
20260402,2540,愛山林,49.0,49.1,47.9,48.25,-,0.55,563758,27278442.0,99000,0,18000,318000,0,26000,219000,0,8000
20260402,1323,永裕,21.1,23.3,21.0,23.3,+,2.1,962697,21940598.0,106636,0,6061,187636,0,11061,81000,0,5000
20260402,00926,凱基全球菁英55,22.83,22.83,22.43,22.43,-,0.23,274573,6172070.0,-1000,0,112224,1000,0,162000,2000,0,49776
20260402,3535,晶彩科,106.5,109.0,103.5,103.5,-,2.5,1954738,207816024.0,110000,0,-1000,706000,0,0,596000,0,1000
20260402,9907,統一實,18.75,18.75,18.45,18.5,-,0.15,1443763,26788483.0,104000,3320,100,626000,11000,8100,522000,7680,8000
20260402,6670,復盛應用,265.0,265.0,253.5,257.0,-,8.0,486722,124768819.0,8005,97460,681,158005,100000,11962,150000,2540,11281
20260402,00636,國泰中國A50,27.07,27.07,26.8,26.8,-,0.17,338966,9142355.0,-23000,0,128139,0,0,270268,23000,0,142129
20260402,2376,技嘉,233.5,233.5,227.0,228.0,-,4.0,3071639,702100878.0,-138221,9091,231887,1794897,9091,309922,1933118,0,78035
20260402,00941,中信上游半導體,22.02,22.05,21.58,21.58,-,0.19,3117980,67720438.0,-1626991,0,1728970,71009,0,2368000,1698000,0,639030
20260402,2457,飛宏,24.8,25.1,23.9,23.9,-,0.85,2131605,51682432.0,94000,0,7205,600000,0,50000,506000,0,42795
20260402,00943,兆豐電子高息等權,15.16,15.32,15.0,15.01,-,0.05,550351,8343821.0,477000,0,-376775,482000,0,46006,5000,0,422781
20260402,4164,承業醫,31.05,31.4,30.9,30.95,-,0.05,512439,15951452.0,100000,0,-1954,188000,0,0,88000,0,1954
20260402,4927,泰鼎-KY,42.05,42.3,40.7,40.85,-,0.6,3466316,142920038.0,93716,0,3149,1105000,0,11000,1011284,0,7851
20260402,6789,采鈺,325.0,327.0,314.0,318.0,,0.0,2504599,803505725.0,109878,0,-13179,828517,1000,47848,718639,1000,61027
20260402,7610,聯友金屬-創,375.0,391.0,369.5,378.0,+,11.5,1131430,429278537.0,93000,0,1133,300000,0,14826,207000,0,13693
20260402,1718,中纖,7.53,7.53,7.3,7.37,-,0.11,5402901,39882767.0,110000,0,-16209,1395000,0,30000,1285000,0,46209
20260402,2634,漢翔,47.5,47.55,46.6,46.7,-,0.35,2807931,131711166.0,67000,0,26426,959000,0,87010,892000,0,60584
20260402,00643,群益深証中小,17.85,17.85,17.62,17.62,-,0.15,2592840,45863728.0,-66000,0,157988,0,0,2449855,66000,0,2291867
20260402,5269,祥碩,1100.0,1125.0,1060.0,1060.0,-,35.0,799622,863081335.0,97919,4000,-10224,433906,4000,36201,335987,0,46425
20260402,3005,神基,99.0,100.0,97.5,98.7,+,1.0,4809373,473152954.0,-204334,0,295411,1668666,1000,349370,1873000,1000,53959
20260402,1316,上曜,12.35,12.35,12.05,12.05,-,0.15,968239,11732683.0,102000,0,-11299,277000,0,8000,175000,0,19299
20260402,5225,東科-KY,79.0,79.0,77.7,77.7,-,1.1,231352,18078762.0,90100,0,-19,99100,0,1000,9000,0,1019
20260402,00895,富邦未來車,40.0,40.0,38.95,38.96,-,0.38,482355,18939434.0,-113000,0,202800,1000,0,384000,114000,0,181200
20260402,2355,敬鵬,53.3,55.8,51.4,51.7,-,1.1,45630045,2428472794.0,134030,-4013,-40538,13331070,0,324283,13197040,4013,364821
20260402,00850,元大臺灣ESG永續,62.5,63.3,61.35,61.55,-,0.95,898985,55813288.0,111000,20000,-41818,152000,20000,434458,41000,0,476276
20260402,3583,辛耘,470.0,480.0,461.0,461.0,-,4.0,2365031,1114587189.0,78935,0,9963,665005,0,41803,586070,0,31840
20260402,6806,森崴能源,34.75,34.75,34.75,34.75,-,3.85,694249,24125020.0,88000,0,-1000,88000,0,0,0,0,1000
20260402,2597,潤弘,152.5,154.0,151.5,152.5,+,0.5,259226,39578044.0,88938,-1000,-4000,165000,0,0,76062,1000,4000
20260402,00971,野村美國研發龍頭,14.78,14.83,14.62,14.63,-,0.09,808028,11911711.0,-7000,0,90814,0,0,704524,7000,0,613710
20260402,2820,華票,16.9,16.9,16.75,16.75,-,0.05,606428,10196940.0,58000,8000,16000,122000,8000,17000,64000,0,1000
20260402,1527,鑽全,32.65,32.95,32.55,32.75,+,0.15,178034,5816969.0,78000,0,3000,94000,0,5000,16000,0,2000
20260402,3024,憶聲,10.05,10.25,9.98,10.2,+,0.2,992390,10060287.0,77000,0,2000,192000,0,2000,115000,0,0
20260402,7769,鴻勁,4000.0,4065.0,3810.0,3835.0,-,20.0,1309214,5160472485.0,68987,43000,-33066,833532,46000,22168,764545,3000,55234
20260402,1449,佳和,12.4,12.4,12.2,12.4,+,1.1,3654631,45290178.0,65960,0,12763,143000,0,417516,77040,0,404753
20260402,2323,中環,11.15,11.2,10.9,10.9,-,0.15,3368748,37033093.0,118000,0,-41036,934000,0,2000,816000,0,43036
20260402,2258,鴻華先進-創,27.3,27.9,27.1,27.3,,0.0,636142,17452184.0,90000,0,-14974,273000,0,8104,183000,0,23078
20260402,3056,富華新,14.95,15.05,14.7,14.8,-,0.15,608529,9030521.0,71500,0,3000,244000,0,3000,172500,0,0
20260402,8222,寶一,35.2,35.35,34.2,34.2,-,0.95,289498,10030882.0,74225,0,0,133225,0,0,59000,0,0
20260402,4566,時碩工業,57.8,58.0,56.3,56.5,-,1.3,296889,16921925.0,66000,0,6218,128000,0,9000,62000,0,2782
20260402,6451,訊芯-KY,307.5,317.0,295.5,295.5,-,9.5,1815436,547207663.0,83000,0,-11070,258000,0,15000,175000,0,26070
20260402,3011,今皓,12.45,12.8,12.35,12.35,-,0.1,365359,4584332.0,69000,0,1000,124000,0,1000,55000,0,0
20260402,6164,華興,11.85,12.0,11.6,11.6,-,0.2,291495,3420525.0,68000,0,2000,111000,0,2000,43000,0,0
20260402,2345,智邦,1670.0,1685.0,1580.0,1590.0,-,70.0,3328016,5422781290.0,-242736,394500,-81821,1402611,399000,90722,1645347,4500,172543
20260402,6442,光聖,2095.0,2180.0,1985.0,2000.0,-,30.0,3799843,7912621595.0,-88800,152000,6313,1187210,170000,86323,1276010,18000,80010
20260402,4576,大銀微系統,131.5,133.5,129.5,130.5,-,1.0,1328179,174365645.0,32000,0,37104,516000,0,64350,484000,0,27246
20260402,1906,寶隆,12.4,12.4,11.85,12.05,-,0.65,1157622,14016334.0,65000,0,1821,256000,0,8000,191000,0,6179
20260402,00962,台新AI優息動能,10.86,10.86,10.52,10.54,-,0.17,657687,7000020.0,159000,0,-92763,170000,0,398513,11000,0,491276
20260402,6805,富世達,1940.0,2005.0,1880.0,1885.0,-,40.0,1699169,3289333900.0,-63419,180000,-51273,618981,180000,39145,682400,0,90418
20260402,6672,騰輝電子-KY,132.0,134.5,127.5,129.5,-,0.5,6111173,796008512.0,65000,0,-1130,1609000,0,2087,1544000,0,3217
20260402,6541,泰福-KY,41.35,42.95,41.35,41.9,+,0.6,465512,19649863.0,64000,0,-1000,151000,0,0,87000,0,1000
20260402,6585,鼎基,95.1,95.1,92.1,92.2,-,2.8,113470,10505319.0,59000,0,3000,72000,0,4000,13000,0,1000
20260402,6838,台新藥,28.3,28.4,27.85,27.95,-,0.3,174910,4917219.0,61000,0,-30,83000,0,0,22000,0,30
20260402,2402,毅嘉,52.7,56.0,52.0,52.8,+,1.2,22058938,1181895174.0,-145132,-4000,209734,6813000,0,598444,6958132,4000,388710
20260402,00920,富邦ESG綠色電力,21.73,21.83,21.37,21.39,-,0.3,640479,13781312.0,-165000,0,225543,16000,0,407796,181000,0,182253
20260402,2466,冠西電,47.55,50.5,47.0,49.45,+,2.65,559020,27439977.0,62000,-3000,0,168000,0,0,106000,3000,0
20260402,5515,建國,36.5,36.6,35.85,36.15,-,0.3,649310,23464424.0,60000,0,-2236,181000,0,0,121000,0,2236
20260402,9934,成霖,9.41,9.42,9.31,9.35,-,0.05,570439,5334317.0,56000,0,1000,176000,0,11000,120000,0,10000
20260402,2427,三商電,23.3,23.45,23.1,23.2,+,0.05,238207,5536229.0,57000,0,0,92000,0,0,35000,0,0
20260402,2069,運錩,18.55,18.55,18.35,18.45,-,0.1,218404,4034045.0,39000,0,16000,92000,0,16000,53000,0,0
20260402,2038,海光,15.6,15.8,15.4,15.55,+,0.05,376486,5855590.0,56000,0,-1000,124000,0,0,68000,0,1000
20260402,9939,宏全,117.0,118.5,116.0,116.0,-,1.0,477431,55832137.0,14000,0,40096,147000,0,49000,133000,0,8904
20260402,4746,台耀,56.1,56.9,55.6,55.6,-,0.4,850485,47818457.0,73000,0,-18926,291000,0,3742,218000,0,22668
20260402,2348,海悅,79.8,81.3,78.4,80.0,+,0.7,515406,41265890.0,18000,0,35832,129000,0,54832,111000,0,19000
20260402,3092,鴻碩,29.1,29.55,28.0,29.05,+,0.3,504731,14443948.0,47000,0,6000,181000,0,8000,134000,0,2000
20260402,2913,農林,12.35,12.35,12.2,12.25,-,0.05,843164,10338837.0,59000,0,-6179,189000,0,6000,130000,0,12179
20260402,4739,康普,78.1,78.6,75.8,76.4,-,1.7,1460955,112515485.0,82000,0,-29404,488000,0,12817,406000,0,42221
20260402,00762,元大全球AI,80.85,81.55,79.6,79.7,-,0.1,233059,18703377.0,1000,0,51377,3000,0,154795,2000,0,103418
20260402,6582,申豐,33.05,34.8,33.0,33.95,+,0.3,303968,10233957.0,52000,0,0,92000,0,0,40000,0,0
20260402,6573,虹揚-KY,12.45,12.85,12.05,12.25,-,0.25,254133,3147868.0,63000,0,-11000,85000,0,1000,22000,0,12000
20260402,1217,愛之味,10.3,10.35,10.25,10.3,+,0.05,235063,2422358.0,50000,0,2000,86000,0,2000,36000,0,0
20260402,00731,復華富時高息低波,71.0,71.1,70.5,70.75,+,0.15,608926,42984922.0,-4000,0,55777,2000,0,600960,6000,0,545183
20260402,2537,聯上發,10.45,10.45,10.2,10.35,-,0.05,408969,4212755.0,55000,0,-4001,133000,0,0,78000,0,4001
20260402,1324,地球,11.5,12.0,11.2,11.6,+,0.25,725089,8412265.0,50000,0,0,130000,0,0,80000,0,0
20260402,8261,富鼎,99.9,102.0,99.3,100.5,+,1.2,1481869,148972351.0,41000,0,8897,575000,0,15950,534000,0,7053
20260402,6885,全福生技,24.45,25.35,24.25,25.05,+,0.7,323340,8055812.0,62000,0,-15000,86000,0,2000,24000,0,17000
20260402,1219,福壽,14.05,14.25,13.75,13.9,-,0.05,422754,5892040.0,43000,0,4000,88000,0,4000,45000,0,0
20260402,2465,麗臺,52.3,52.7,51.5,52.2,-,0.1,233282,12122349.0,45000,0,1000,72000,0,1000,27000,0,0
20260402,4104,佳醫,77.5,78.0,77.5,77.9,+,0.4,251402,19585201.0,50000,0,-4060,77000,0,0,27000,0,4060
20260402,6854,錼創科技-KY創,142.0,142.5,138.0,139.0,-,2.0,600835,84056738.0,45000,0,-544,200000,0,8001,155000,0,8545
20260402,6873,泓德能源,84.5,85.6,81.4,82.5,-,1.7,750999,62222343.0,73999,0,-29890,247000,0,1162,173001,0,31052
20260402,6550,北極星藥業-KY,20.15,20.8,19.8,19.9,-,0.4,3687999,73607381.0,45000,0,-1000,2939325,0,3000,2894325,0,4000
20260402,3051,力特,20.35,20.35,19.75,19.9,-,0.2,298564,5961125.0,42000,0,2000,107000,0,2000,65000,0,0
20260402,6141,柏承,21.3,21.3,20.5,20.95,+,0.05,567841,11843565.0,44000,0,0,51000,0,0,7000,0,0
20260402,1444,力麗,6.31,6.32,6.18,6.25,,0.0,318343,1989545.0,54000,0,-11000,117000,0,0,63000,0,11000
20260402,00956,中信日經高股息,12.62,12.66,12.4,12.41,-,0.12,231729,2903366.0,-3000,0,45595,0,0,120202,3000,0,74607
20260402,6426,統新,156.0,162.0,153.5,157.5,+,8.0,448311,70351466.0,31000,0,11000,86000,0,15000,55000,0,4000
20260402,1108,幸福,14.9,14.95,14.8,14.8,,0.0,230267,3414307.0,41000,0,0,54000,0,0,13000,0,0
20260402,4551,智伸科,132.0,133.5,129.5,131.5,,0.0,264441,34819108.0,45000,0,-4846,135000,0,7601,90000,0,12447
20260402,1737,臺鹽,31.95,31.95,31.75,31.8,-,0.15,101912,3247211.0,39000,0,0,44000,0,0,5000,0,0
20260402,1225,福懋油,31.6,31.95,31.25,31.9,+,0.25,101574,3218500.0,42000,0,-3000,56000,0,2000,14000,0,5000
20260402,1597,直得,87.9,87.9,85.6,85.7,-,0.8,591917,51147235.0,-27000,0,65632,179000,0,65632,206000,0,0
20260402,1463,強盛新,17.8,17.95,17.8,17.95,,0.0,51225,914433.0,42000,0,-4000,49000,0,0,7000,0,4000
20260402,4737,華廣,72.0,72.2,69.2,70.3,-,1.4,284492,20020901.0,38000,0,0,131000,0,0,93000,0,0
20260402,3704,合勤控,33.1,33.7,32.4,32.4,-,0.65,1813693,59723523.0,50000,0,-12160,596000,0,6000,546000,0,18160
20260402,2451,創見,238.0,238.0,232.0,233.0,+,3.0,2313392,543012707.0,12160,17870,7000,932160,27000,22000,920000,9130,15000
20260402,00645,富邦日本,52.0,52.15,50.9,50.95,-,0.6,155092,7988219.0,458,0,35797,1458,0,94511,1000,0,58714
20260402,8499,鼎炫-KY,265.0,265.0,248.5,254.0,-,6.0,98803,25164412.0,36000,0,-196,69000,0,804,33000,0,1000
20260402,8341,日友,76.5,76.7,76.0,76.2,-,0.1,138443,10566535.0,36000,0,-1001,68000,0,0,32000,0,1001
20260402,5292,華懋,229.5,229.5,211.0,211.5,-,17.5,546329,119519387.0,34000,0,-1000,225000,0,0,191000,0,1000
20260402,9103,美德醫療-DR,5.22,5.22,5.1,5.13,-,0.07,503878,2587521.0,33000,0,0,77000,0,0,44000,0,0
20260402,7795,長廣,340.0,350.0,322.5,322.5,-,17.0,432297,144785078.0,45000,-12000,0,70000,0,0,25000,12000,0
20260402,4755,三福化,140.5,140.5,136.0,138.0,-,3.0,499548,68754225.0,34000,0,-2000,186000,0,0,152000,0,2000
20260402,2850,新產,117.5,118.0,116.5,118.0,+,0.5,169872,19899734.0,32000,0,-2,46000,0,0,14000,0,2
20260402,2455,全新,267.0,276.5,258.0,259.0,-,4.5,30358649,8120053688.0,-380165,432000,-20214,8914935,432000,770531,9295100,0,790745
20260402,2707,晶華,187.5,189.5,186.5,188.5,+,1.5,269210,50719961.0,35000,0,-4000,69000,0,0,34000,0,4000
20260402,3419,譁裕,15.45,15.65,15.25,15.5,-,0.15,226044,3474684.0,32000,0,-1000,71000,0,0,39000,0,1000
20260402,6933,AMAX-KY,131.0,139.5,127.0,139.5,+,12.5,337257,45946923.0,24000,0,6258,45000,0,6258,21000,0,0
20260402,00944,野村趨勢動能高息,15.3,15.33,15.08,15.08,-,0.11,353248,5337451.0,0,0,30007,3000,0,243090,3000,0,213083
20260402,1707,葡萄王,122.0,122.0,120.5,120.5,-,2.0,59756,7240239.0,31000,0,-1000,41000,0,0,10000,0,1000
20260402,2115,六暉-KY,21.5,21.6,21.45,21.45,-,0.2,79687,1712843.0,33000,0,-3000,36000,0,0,3000,0,3000
20260402,00952,凱基台灣AI50,12.92,13.01,12.61,12.63,-,0.2,1693241,21762278.0,232000,0,-202092,303000,0,911023,71000,0,1113115
20260402,6890,來億-KY,168.0,173.0,165.5,168.0,+,0.5,673570,113416890.0,31742,0,-2000,495126,0,1000,463384,0,3000
20260402,2929,淘帝-KY,6.16,6.2,6.1,6.17,-,0.03,267133,1644827.0,30000,0,-1000,40000,0,0,10000,0,1000
20260402,3027,盛達,19.65,19.65,19.1,19.1,-,0.55,197194,3802717.0,29000,0,0,95000,0,0,66000,0,0
20260402,1760,寶齡富錦,63.8,66.5,63.5,65.5,+,2.0,438554,28552034.0,29000,0,0,96000,0,0,67000,0,0
20260402,1231,聯華食,92.9,93.0,92.2,92.8,-,0.3,166513,15444132.0,29000,0,-200,71000,0,1000,42000,0,1200
20260402,2204,中華,56.6,56.8,55.0,55.4,-,1.1,1212954,67379636.0,6000,23710,-1000,438000,27000,14000,432000,3290,15000
20260402,9919,康那香,15.75,15.75,15.55,15.65,,0.0,248397,3876401.0,28000,0,0,62000,0,0,34000,0,0
20260402,9917,中保科,116.0,116.0,114.5,115.5,,0.0,484619,55994313.0,38900,-4000,-7000,193900,0,0,155000,4000,7000
20260402,2748,雲品,40.2,40.2,39.7,39.8,+,0.1,81385,3254791.0,28000,0,-1000,37000,0,0,9000,0,1000
20260402,2425,承啟,26.85,27.0,26.0,26.0,-,0.65,240897,6341517.0,20000,0,6000,78000,0,6000,58000,0,0
20260402,9924,福興,45.35,45.35,44.8,45.05,-,0.3,194211,8749776.0,23000,0,3000,40000,0,6000,17000,0,3000
20260402,00757,統一FANG+,106.0,106.1,104.15,104.15,-,0.95,1594415,167006018.0,-127373,0,152575,14226,0,631001,141599,0,478426
20260402,2705,六福,16.65,16.65,16.55,16.55,-,0.1,115773,1921433.0,25000,0,0,30000,0,0,5000,0,0
20260402,3413,京鼎,295.5,298.0,292.5,293.5,-,1.5,795476,234515448.0,11700,14000,-1624,255000,14000,10575,243300,0,12199
20260402,6526,達發,488.0,491.0,472.5,476.5,-,7.0,374998,179666047.0,26174,-1000,-1932,195032,0,4793,168858,1000,6725
20260402,6165,浪凡,45.4,45.55,45.05,45.4,+,0.3,178265,8067551.0,30000,0,-7000,62000,0,2000,32000,0,9000
20260402,2636,台驊控股,68.5,69.0,68.5,68.9,-,0.3,207568,14271007.0,25000,0,-2184,71000,0,0,46000,0,2184
20260402,1201,味全,13.6,13.6,13.4,13.4,-,0.1,275374,3718337.0,48000,0,-25323,70000,0,2000,22000,0,27323
20260402,9911,櫻花,84.7,85.3,83.9,84.6,+,0.1,363383,30716534.0,35000,0,-12742,216000,0,1000,181000,0,13742
20260402,0055,元大MSCI金融,32.63,32.85,32.5,32.52,-,0.06,52030,1697548.0,11015,0,11126,12015,0,17000,1000,0,5874
20260402,6277,宏正,71.8,73.3,70.5,72.1,-,0.1,394217,28172288.0,26000,0,-4940,133000,0,2000,107000,0,6940
20260402,6552,易華電,25.9,26.0,25.6,25.7,-,0.15,58001,1494315.0,21000,0,0,29000,0,0,8000,0,0
20260402,3665,貿聯-KY,1980.0,2075.0,1900.0,1915.0,+,5.0,4922718,9730963570.0,-521934,566114,-23331,1763285,567114,123748,2285219,1000,147079
20260402,00963,中信全球高股息,12.57,12.57,12.42,12.43,-,0.03,1429515,17823252.0,-1173000,0,1193506,0,0,1257000,1173000,0,63494
20260402,1517,利奇,11.2,11.3,11.05,11.15,-,0.05,251128,2796072.0,-5000,0,25476,45000,0,26000,50000,0,524
20260402,00921,兆豐龍頭等權重,18.54,18.6,18.22,18.24,-,0.27,100630,1856452.0,40000,0,-20460,41000,0,37000,1000,0,57460
20260402,8463,潤泰材,22.1,22.35,22.1,22.2,-,0.1,78025,1735332.0,19000,0,0,25000,0,0,6000,0,0
20260402,6742,澤米,40.65,40.8,39.8,40.1,+,0.05,108966,4392415.0,19000,0,0,42000,0,0,23000,0,0
20260402,2613,中櫃,23.45,23.45,23.05,23.15,-,0.3,258445,5992477.0,20000,0,-1000,82000,0,1000,62000,0,2000
20260402,1725,元禎,29.7,29.75,28.9,28.9,-,0.8,196413,5736569.0,23000,0,-4000,45000,0,2000,22000,0,6000
20260402,4590,富田-創,74.3,74.5,72.2,72.3,-,2.0,144528,10565939.0,16000,0,2107,28000,0,6475,12000,0,4368
20260402,6937,天虹,249.0,251.5,240.5,240.5,-,5.0,374148,91830223.0,18000,-1000,748,160000,0,8962,142000,1000,8214
20260402,2303,聯電,57.5,57.8,52.8,53.6,-,3.8,113154703,6104661492.0,-3790349,1610000,2197746,44775666,2086033,4690914,48566015,476033,2493168
20260402,2390,云辰,10.2,10.2,10.05,10.1,,0.0,343230,3475508.0,17000,0,0,91000,0,0,74000,0,0
20260402,3338,泰碩,60.5,61.4,59.7,60.2,+,0.3,556072,33598956.0,20000,0,-3000,184000,0,1000,164000,0,4000
20260402,6472,保瑞,458.0,469.0,449.0,449.0,-,10.0,577317,264895956.0,51625,-52456,17465,198906,0,43186,147281,52456,25721
20260402,3557,嘉威,30.7,30.7,30.1,30.25,-,0.4,36767,1118225.0,16000,0,0,22000,0,0,6000,0,0
20260402,2424,隴華,25.5,25.65,24.8,25.5,-,0.1,75588,1904155.0,17000,0,-1000,20000,0,0,3000,0,1000
20260402,1568,倉佑,22.55,22.85,22.55,22.55,,0.0,106844,2428500.0,19000,0,-3000,25000,0,0,6000,0,3000
20260402,0061,元大寶滬深,23.17,23.28,23.03,23.03,-,0.14,62165,1435848.0,-5000,0,20648,1000,0,24167,6000,0,3519
20260402,00703,台新MSCI中國,20.3,20.3,19.94,20.2,-,0.02,20440,408728.0,0,0,15482,0,0,16573,0,0,1091
20260402,6271,同欣電,149.0,155.0,149.0,151.5,+,2.5,5005875,761166818.0,9840,0,5272,1944000,0,105254,1934160,0,99982
20260402,7730,暉盛-創,166.5,167.5,163.0,167.5,+,1.5,71377,11830245.0,21000,0,-5951,31000,0,1049,10000,0,7000
20260402,6534,正瀚-創,90.5,93.8,90.5,91.0,-,1.0,509181,46857483.0,9000,0,6000,126000,0,20000,117000,0,14000
20260402,2524,京城,38.4,38.5,38.05,38.1,-,0.65,41310,1579291.0,15000,0,0,23000,0,0,8000,0,0
20260402,2608,嘉里大榮,31.25,31.25,30.85,30.9,-,0.05,113936,3525803.0,15000,0,-378,44000,0,1000,29000,0,1378
20260402,00678,群益那斯達克生技,36.01,36.01,35.57,35.65,-,0.29,238117,8485481.0,0,0,14596,0,0,224947,0,0,210351
20260402,00908,富邦入息REITs+,13.5,13.51,13.36,13.37,-,0.05,146069,1961861.0,-56000,0,70538,0,0,128000,56000,0,57462
20260402,00875,國泰網路資安,38.51,38.51,37.98,38.01,+,0.08,44321,1688866.0,-11000,0,25198,0,0,33290,11000,0,8092
20260402,9942,茂順,114.5,115.5,114.5,115.0,+,0.5,62955,7229242.0,13000,0,1000,19000,0,1000,6000,0,0
20260402,6914,阜爾運通,149.5,150.5,148.0,148.5,,0.0,31798,4744488.0,9000,0,4000,14000,0,4000,5000,0,0
20260402,6861,睿生光電,132.5,136.5,129.0,129.0,-,3.0,350711,46330375.0,13000,0,-1,109000,0,0,96000,0,1
20260402,8478,東哥遊艇,159.5,160.5,156.0,156.0,-,2.5,93104,14704384.0,13000,0,-22,34000,0,2000,21000,0,2022
20260402,2250,IKKA-KY,60.8,60.8,60.0,60.6,-,0.2,93161,5613500.0,9000,0,3293,27000,0,5003,18000,0,1710
20260402,00783,富邦中証500,27.38,27.38,27.1,27.1,-,0.39,52087,1420271.0,0,0,12037,0,0,47095,0,0,35058
20260402,1732,毛寶,26.5,26.5,26.15,26.3,-,0.15,59212,1554961.0,10000,0,2000,17000,0,2000,7000,0,0
20260402,9918,欣天然,45.6,47.7,45.0,46.5,+,0.1,482702,22473220.0,12000,0,0,105000,0,0,93000,0,0
20260402,6183,關貿,92.8,92.8,91.0,91.5,-,1.2,50245,4598922.0,12000,0,-787,15000,0,17000,3000,0,17787
20260402,6645,金萬林-創,13.3,13.55,13.15,13.3,-,0.35,82750,1102455.0,6000,0,5000,9000,0,24000,3000,0,19000
20260402,9937,全國,56.3,56.5,56.2,56.5,-,0.1,50013,2819835.0,13000,0,-2000,23000,0,0,10000,0,2000
20260402,4555,氣立,35.5,35.7,34.8,34.8,-,0.65,108328,3806003.0,10000,0,1000,33000,0,1000,23000,0,0
20260402,5607,遠雄港,45.55,46.1,45.55,45.55,+,0.05,213880,9795223.0,11000,0,0,66000,0,0,55000,0,0
20260402,00736,國泰新興市場,28.12,28.12,27.26,27.26,-,0.59,192258,5281204.0,0,0,11000,0,0,186000,0,0,175000
20260402,8374,羅昇,68.2,68.2,64.4,65.3,-,2.1,202566,13288458.0,11000,0,-474,61000,0,0,50000,0,474
20260402,6112,邁達特,43.7,44.0,42.85,42.95,-,0.5,204822,8828901.0,21000,0,-10723,90000,0,2962,69000,0,13685
20260402,1232,大統益,149.0,150.0,149.0,149.0,-,0.5,63574,9499062.0,11000,0,-1000,21000,0,0,10000,0,1000
20260402,5484,慧友,44.75,46.0,42.0,43.35,-,1.35,1894627,82907663.0,11000,-1000,-24,474000,0,0,463000,1000,24
20260402,4119,旭富,51.7,52.1,51.5,51.6,-,0.3,55002,2846154.0,9000,0,7,16000,0,7,7000,0,0
20260402,2247,汎德永業,241.5,241.5,234.5,235.0,-,1.0,35055,8256453.0,9000,0,0,17000,0,2000,8000,0,2000
20260402,2248,華勝-KY,48.5,48.5,48.1,48.1,-,0.55,48029,2324051.0,7000,0,2000,7000,0,2000,0,0,0
20260402,1539,巨庭,16.35,16.4,16.2,16.2,-,0.35,71000,1157100.0,-1000,0,9000,4000,0,9000,5000,0,0
20260402,1776,展宇,15.75,15.75,15.5,15.55,-,0.3,64101,998025.0,4000,0,4000,9000,0,4000,5000,0,0
20260402,2702,華園,12.45,12.8,12.2,12.8,+,0.2,220280,2751714.0,9000,0,-1000,20000,0,5000,11000,0,6000
20260402,2739,寒舍,34.2,34.3,34.0,34.1,,0.0,42245,1443516.0,8000,0,0,15000,0,0,7000,0,0
20260402,3712,永崴投控,19.7,19.7,19.7,19.7,-,2.15,1449183,28552775.0,8000,0,-414,9000,0,2000,1000,0,2414
20260402,00972,野村日本動能高息,19.3,19.45,19.12,19.12,-,0.1,115745,2234537.0,0,0,7509,0,0,109000,0,0,101491
20260402,3607,谷崧,14.25,14.3,14.0,14.15,-,0.05,255122,3598982.0,9000,0,-2000,73000,0,0,64000,0,2000
20260402,3257,虹冠電,53.7,53.9,52.4,52.6,-,0.9,132686,7007103.0,8000,-1000,0,62000,0,0,54000,1000,0
20260402,5533,皇鼎,14.45,14.55,14.35,14.4,-,0.05,415048,5972666.0,6000,0,1000,12000,0,1000,6000,0,0
20260402,6283,淳安,20.4,20.5,20.2,20.3,-,0.1,91720,1862804.0,6000,0,1000,22000,0,2000,16000,0,1000
20260402,6957,裕慶-KY,156.5,158.0,156.0,156.0,-,4.5,40716,6385764.0,8000,0,-1000,20000,0,0,12000,0,1000
20260402,7740,熙特爾-創,184.0,184.0,173.5,173.5,-,5.0,143187,25373070.0,8000,0,-1000,38000,0,4000,30000,0,5000
20260402,7791,皇家可口,65.6,65.9,65.0,65.1,-,0.2,52314,3420068.0,7000,0,0,11000,0,0,4000,0,0
20260402,2397,友通,54.3,54.5,53.4,53.5,-,0.7,72366,3883526.0,7000,0,-1000,23000,0,0,16000,0,1000
20260402,1453,大將,12.15,12.45,12.1,12.1,+,0.05,60596,741712.0,2000,0,4000,6000,0,4000,4000,0,0
20260402,1733,五鼎,29.7,29.8,29.55,29.6,-,0.05,26425,783350.0,6000,0,0,14000,0,0,8000,0,0
20260402,00717,富邦美國特別股,14.85,14.94,14.85,14.86,+,0.03,37232,554330.0,-8000,0,14000,0,0,17000,8000,0,3000
20260402,3003,健和興,49.85,50.4,49.3,49.4,-,0.45,200912,9994478.0,-1000,0,6340,95000,0,7100,96000,0,760
20260402,1321,大洋,33.7,33.8,33.45,33.65,+,0.05,67040,2251483.0,5000,0,0,16000,0,0,11000,0,0
20260402,1467,南緯,7.03,7.06,7.02,7.03,,0.0,44649,314431.0,-2000,0,7000,3000,0,8000,5000,0,1000
20260402,2645,長榮航太,149.0,151.0,145.0,146.5,-,2.0,735783,108293632.0,6024,-80000,78793,238024,0,106922,232000,80000,28129
20260402,3406,玉晶光,452.5,454.0,440.5,444.0,-,7.5,370022,165080110.0,5320,-1000,442,213320,0,20088,208000,1000,19646
20260402,6657,華安,42.1,42.1,40.6,40.7,-,0.8,143341,5903881.0,-1000,0,5000,47000,0,5000,48000,0,0
20260402,6641,基士德-KY,18.55,18.7,18.35,18.55,,0.0,31286,580019.0,4000,0,0,6000,0,0,2000,0,0
20260402,6794,向榮生技,81.2,81.6,79.6,81.6,+,0.9,23091,1859125.0,4000,0,0,8000,0,0,4000,0,0
20260402,6790,永豐實,40.7,40.9,40.5,40.7,,0.0,101699,4138064.0,4000,0,0,16000,0,0,12000,0,0
20260402,3679,新至陞,117.5,117.5,116.5,117.0,-,1.0,41400,4847464.0,4000,0,0,15000,0,0,11000,0,0
20260402,1506,正道,11.15,11.2,11.0,11.1,-,0.1,151154,1668226.0,0,0,4000,12000,0,5000,12000,0,1000
20260402,1218,泰山,19.5,19.6,19.4,19.45,-,0.05,616400,11992036.0,2000,0,2000,159000,0,2000,157000,0,0
20260402,3002,歐格,18.65,18.75,18.2,18.2,-,0.4,129291,2386708.0,4000,0,-69,57000,0,0,53000,0,69
20260402,00702,國泰標普低波高息,23.75,23.75,23.73,23.75,,0.0,105769,2510187.0,0,0,3638,0,0,103638,0,0,100000
20260402,00668,國泰美國道瓊,54.25,54.25,53.7,53.85,-,0.3,23879,1290782.0,-1000,0,4592,0,0,18000,1000,0,13408
20260402,00700,富邦恒生國企,17.4,17.4,17.18,17.2,-,0.2,66252,1144117.0,-1000,0,4491,0,0,32000,1000,0,27509
20260402,2488,漢平,49.3,49.9,49.0,49.2,+,0.3,298188,14706265.0,13000,0,-9663,52000,0,1337,39000,0,11000
20260402,4952,凌通,40.2,40.2,38.9,39.1,-,0.9,215729,8453260.0,0,0,3230,63000,0,4000,63000,0,770
20260402,5258,虹堡,48.6,48.6,46.6,46.9,-,1.0,223302,10560635.0,3000,0,0,81000,0,0,78000,0,0
20260402,6136,富爾特,24.25,24.35,24.25,24.3,+,0.05,93341,2268023.0,-1000,0,4000,11000,0,4000,12000,0,0
20260402,6201,亞弘電,49.85,51.0,49.85,50.9,+,1.1,19799,998895.0,2000,0,1000,4000,0,1000,2000,0,0
20260402,1805,寶徠,10.3,10.5,10.3,10.5,+,0.3,107095,1112981.0,5000,0,-2000,9000,0,0,4000,0,2000
20260402,2314,台揚,16.95,16.95,16.95,16.95,-,1.85,1101672,18673218.0,3000,0,0,3000,0,0,0,0,0
20260402,2432,倚天酷碁-創,26.65,26.65,26.55,26.55,-,0.45,12656,336786.0,-3000,0,6000,0,0,6000,3000,0,0
20260402,5284,jpp-KY,280.5,283.5,273.0,273.5,-,1.5,654901,181405042.0,-16000,0,18279,173000,0,29904,189000,0,11625
20260402,3038,全台,20.35,20.6,20.25,20.5,+,0.25,93190,1905091.0,7000,0,-5000,33000,0,1000,26000,0,6000
20260402,2906,高林,12.95,13.1,12.9,13.0,-,0.05,46063,596295.0,2000,0,0,7000,0,0,5000,0,0
20260402,2901,欣欣,23.35,23.4,23.2,23.3,-,0.05,29070,677863.0,2000,0,0,5000,0,1000,3000,0,1000
20260402,6504,南六,41.75,41.75,40.75,40.75,-,1.0,32241,1318666.0,2000,0,0,6000,0,0,4000,0,0
20260402,6792,詠業,55.3,56.4,54.2,54.2,-,1.1,32453,1787560.0,1000,0,1000,8000,0,2000,7000,0,1000
20260402,6666,羅麗芬-KY,40.35,40.65,40.2,40.2,-,0.1,8060,325337.0,2000,0,0,2000,0,0,0,0,0
20260402,6955,邦睿生技-創,163.5,163.5,162.0,162.0,-,1.5,11009,1793967.0,0,0,2000,0,0,4000,0,0,2000
20260402,2911,麗嬰房,5.1,5.2,5.07,5.07,-,0.06,62160,316010.0,0,0,1171,0,0,1171,0,0,0
20260402,1447,力鵬,5.15,5.2,5.12,5.12,-,0.03,437226,2251611.0,1000,0,0,126000,0,0,125000,0,0
20260402,2380,虹光,5.71,5.71,5.28,5.3,-,0.56,1006183,5374241.0,1000,0,0,1000,0,0,0,0,0
20260402,3494,誠研,7.92,8.08,7.8,8.04,+,0.12,104781,823558.0,1000,0,0,6000,0,0,5000,0,0
20260402,3518,柏騰,20.95,20.95,20.2,20.45,-,0.15,83439,1713396.0,1000,0,0,31000,0,0,30000,0,0
20260402,4155,訊映,13.25,13.4,13.25,13.35,+,0.1,41941,558378.0,1000,0,0,9000,0,0,8000,0,0
20260402,5283,禾聯碩,53.9,54.5,53.8,54.5,+,0.6,44679,2418095.0,1000,0,0,17000,0,0,16000,0,0
20260402,6931,青松健康,50.5,50.8,49.8,50.5,-,0.5,79269,3987914.0,1000,0,0,14000,0,0,13000,0,0
20260402,6906,現觀科,68.8,68.8,67.2,68.0,,0.0,20192,1368353.0,1000,0,0,5000,0,1000,4000,0,1000
20260402,6908,宏碁遊戲-創,41.05,41.05,39.55,39.55,-,1.5,39200,1570524.0,0,0,1000,0,0,1000,0,0,0
20260402,6230,尼得科超眾,145.5,147.5,142.0,142.0,-,2.0,61643,8905595.0,1000,0,0,18000,0,0,17000,0,0
20260402,2462,良得電,22.05,22.05,21.55,21.65,-,0.2,143640,3114858.0,0,0,401,44000,0,2000,44000,0,1599
20260402,3308,聯德,21.0,21.1,20.4,20.4,-,0.3,88340,1830028.0,-3000,0,3381,31000,0,8036,34000,0,4655
20260402,00851,台新全球AI,54.0,54.0,53.6,53.6,-,0.75,6742,362747.0,0,0,231,0,0,2267,0,0,2036
20260402,1443,立益物流,22.7,22.7,22.3,22.3,-,0.7,15010,338133.0,1000,0,-1000,3000,0,0,2000,0,1000
20260402,3311,閎暉,32.05,32.05,31.45,31.45,-,0.7,93655,2961523.0,-1000,0,1000,18000,0,1000,19000,0,0
20260402,5546,永固-KY,16.45,16.75,16.15,16.75,+,0.3,30020,493645.0,0,0,0,5000,0,1000,5000,0,1000
20260402,4190,佐登-KY,27.3,27.5,27.25,27.4,+,0.1,17863,488095.0,-1000,0,1000,2000,0,1000,3000,0,0
20260402,4439,冠星-KY,86.5,86.8,84.2,84.2,-,2.3,26346,2254249.0,0,0,0,4000,0,0,4000,0,0
20260402,4440,宜新實業,17.5,17.5,17.2,17.2,+,0.2,5290,91716.0,-1000,0,1000,0,0,1000,1000,0,0
20260402,6771,平和環保-創,44.1,44.3,43.85,43.9,-,0.15,123245,5421552.0,0,0,0,0,0,17000,0,0,17000
20260402,6698,旭暉應材,29.55,29.8,29.35,29.8,,0.0,71011,2096146.0,-1000,0,1000,16000,0,1000,17000,0,0
20260402,8467,波力-KY,150.5,150.5,146.0,148.0,+,1.0,13390,1969344.0,0,0,0,2000,0,0,2000,0,0
20260402,8411,福貞-KY,12.15,12.3,12.15,12.25,+,0.05,27377,334280.0,-2000,0,2000,5000,0,3000,7000,0,1000
20260402,9929,秋雨,12.8,13.4,12.65,12.7,,0.0,91411,1187055.0,0,0,0,5000,0,2000,5000,0,2000
20260402,8482,商億-KY,46.85,48.15,46.85,47.0,-,0.35,7000,331350.0,0,0,0,2000,0,2000,2000,0,2000
20260402,2062,橋椿,20.8,20.8,20.25,20.4,-,0.2,88359,1805016.0,-1000,0,993,23000,0,1000,24000,0,7
20260402,6243,迅杰,29.3,29.75,28.6,28.65,-,0.2,109986,3202734.0,0,0,-233,36000,0,0,36000,0,233
20260402,4564,元翎,19.1,19.1,18.65,18.85,-,0.1,471985,8862438.0,-3000,0,2409,161000,0,7000,164000,0,4591
20260402,4766,南寶,317.0,318.0,307.0,308.0,-,6.5,451357,140349927.0,5000,-2000,-3689,195000,0,942,190000,2000,4631
20260402,00714,群益道瓊美國地產,20.31,20.35,20.31,20.34,+,0.06,114115,2320599.0,11000,0,-11990,11000,0,100010,0,0,112000
20260402,4581,光隆精密-KY,49.0,49.0,48.8,49.0,-,0.1,4000,195800.0,-1000,0,0,0,0,0,1000,0,0
20260402,4560,強信-KY,32.9,32.95,32.4,32.4,-,0.35,126000,4118150.0,3000,0,-4000,74000,0,0,71000,0,4000
20260402,4133,亞諾法,22.85,22.85,22.15,22.8,-,0.05,137652,3105597.0,0,0,-1000,23000,0,0,23000,0,1000
20260402,2904,匯僑,16.7,16.9,16.7,16.7,,0.0,4117,68957.0,-1000,0,0,0,0,0,1000,0,0
20260402,2509,全坤建,14.3,14.35,14.2,14.25,-,0.1,66793,953122.0,-1000,0,0,4000,0,0,5000,0,0
20260402,3043,科風,20.15,20.15,19.4,19.5,-,0.5,98622,1943161.0,-1000,0,0,1000,0,0,2000,0,0
20260402,3164,景岳,18.5,18.5,18.35,18.35,-,0.15,24379,448782.0,-1000,0,0,3000,0,0,4000,0,0
20260402,6807,峰源-KY,42.2,42.2,42.05,42.05,-,0.3,3000,126350.0,-1000,0,0,0,0,0,1000,0,0
20260402,6921,嘉雨思-創,70.0,70.1,69.2,70.1,-,0.9,14000,975300.0,-4000,0,3000,1000,0,3000,5000,0,0
20260402,6952,大武山,38.3,38.35,38.05,38.05,-,0.3,3000,114700.0,-1000,0,0,0,0,0,1000,0,0
20260402,7736,虎山,81.9,81.9,80.0,80.0,-,1.9,14050,1133648.0,0,0,-1000,6000,0,0,6000,0,1000
20260402,7705,三商餐飲,34.6,34.95,34.6,34.65,+,0.05,12775,443407.0,-1000,0,0,1000,0,0,2000,0,0
20260402,2254,巨鎧精密-創,69.8,69.8,68.7,68.7,-,1.4,17416,1211392.0,-1000,0,0,1000,0,0,2000,0,0
20260402,2109,華豐,14.6,14.65,14.55,14.65,-,0.05,84912,1239961.0,-1000,0,0,8000,0,0,9000,0,0
20260402,2433,互盛電,45.95,45.95,45.5,45.5,-,0.1,16050,731302.0,-1000,0,0,2000,0,0,3000,0,0
20260402,2423,固緯,47.45,47.45,47.1,47.45,,0.0,18517,876050.0,-1000,0,0,6000,0,0,7000,0,0
20260402,1614,三洋電,31.6,31.7,31.45,31.5,-,0.1,113067,3564929.0,-5000,0,4000,14000,0,4000,19000,0,0
20260402,1783,和康生,43.15,43.25,42.65,42.7,-,0.45,31883,1368643.0,-13000,0,12000,2000,0,12000,15000,0,0
20260402,1752,南光,35.95,36.0,35.65,35.75,-,0.2,52775,1887711.0,-1000,0,0,5000,0,0,6000,0,0
20260402,1731,美吾華,21.8,21.8,21.7,21.7,-,0.05,76116,1655680.0,-1000,0,0,3000,0,0,4000,0,0
20260402,1203,味王,39.4,39.85,39.4,39.4,,0.0,17334,683877.0,-2000,0,1000,3000,0,1000,5000,0,0
20260402,1413,宏洲,9.84,9.84,9.8,9.83,-,0.01,15187,149054.0,-1000,0,0,0,0,0,1000,0,0
20260402,1470,大統新創,21.8,22.0,21.6,21.6,-,0.7,9958,217061.0,0,0,-1000,0,0,0,0,0,1000
20260402,1465,偉全,12.2,12.25,12.15,12.2,-,0.05,48389,590298.0,-1000,0,0,1000,0,0,2000,0,0
20260402,00771,元大US高息特別股,15.92,16.01,15.92,16.01,+,0.09,8204,130595.0,0,0,-1359,0,0,0,0,0,1359
20260402,8103,瀚荃,81.8,81.9,78.5,79.3,-,1.4,492912,39382451.0,4030,0,-5688,203030,0,1982,199000,0,7670
20260402,00660,元大歐洲50,41.41,41.41,40.7,40.7,-,0.71,6229,255919.0,256,0,-2000,256,0,1000,0,0,3000
20260402,9912,偉聯,12.65,12.8,12.4,12.8,+,0.1,205891,2595439.0,-999,0,-1000,1,0,1000,1000,0,2000
20260402,8488,吉源-KY,9.82,9.82,9.77,9.77,-,0.05,3000,29360.0,-2000,0,0,0,0,0,2000,0,0
20260402,8443,阿瘦,12.2,12.2,12.0,12.05,-,0.05,59308,713352.0,-2000,0,0,8000,0,0,10000,0,0
20260402,9928,中視,17.8,18.15,17.8,17.9,-,0.1,111371,2002717.0,0,0,-2000,0,0,0,0,0,2000
20260402,6924,榮惠-KY創,79.7,80.5,76.5,79.5,-,0.2,31000,2445400.0,2000,0,-4000,3000,0,5000,1000,0,9000
20260402,6918,愛派司,78.4,79.5,78.0,78.5,+,0.1,15100,1190340.0,-3000,0,1000,0,0,2000,3000,0,1000
20260402,6674,鋐寶科技,18.05,18.35,17.9,18.05,+,0.25,12006,217561.0,-2000,0,0,1000,0,0,3000,0,0
20260402,6189,豐藝,45.2,45.5,44.6,44.7,-,0.5,305451,13687323.0,3000,0,-5000,110000,0,4000,107000,0,9000
20260402,3716,中化控股,32.95,33.15,32.85,32.85,-,0.4,70466,2323112.0,-1000,0,-1000,10000,0,0,11000,0,1000
20260402,2762,世界健身-KY,73.0,73.0,71.6,71.6,-,0.7,25896,1867510.0,-2000,0,0,3000,0,0,5000,0,0
20260402,5538,東明-KY,29.55,30.1,29.4,29.45,+,0.1,9040,266980.0,-4000,0,2000,1000,0,2000,5000,0,0
20260402,4552,力達-KY,20.55,21.2,20.55,20.9,,0.0,19904,414107.0,-2000,0,0,3000,0,0,5000,0,0
20260402,1459,聯發,11.65,11.75,11.6,11.65,-,0.05,168881,1967901.0,-3000,0,1000,16000,0,1000,19000,0,0
20260402,1418,東華,19.1,19.1,18.7,18.7,+,0.15,5365,101530.0,-2000,0,0,0,0,0,2000,0,0
20260402,1423,利華,40.2,40.2,39.85,39.85,,0.0,10449,417871.0,-4000,0,2000,1000,0,2000,5000,0,0
20260402,1435,中福,17.7,17.8,16.3,16.35,-,1.35,17020,288968.0,-2000,0,0,0,0,0,2000,0,0
20260402,1315,達新,63.2,63.3,62.8,63.0,-,0.2,14779,930640.0,-1000,0,-1000,2000,0,0,3000,0,1000
20260402,2430,燦坤,21.8,21.8,21.7,21.75,+,0.05,23753,516367.0,-2000,0,0,2000,0,0,4000,0,0
20260402,2114,鑫永銓,87.9,88.5,87.7,87.8,-,0.1,26397,2321712.0,-2000,0,0,3000,0,0,5000,0,0
20260402,2024,志聯,14.65,14.65,14.6,14.6,-,0.1,2042,29857.0,-2000,0,0,0,0,0,2000,0,0
20260402,00737,國泰AI機器人,32.79,32.79,31.95,32.0,-,0.35,61354,1973921.0,-16000,0,13311,3000,0,18000,19000,0,4689
20260402,6533,晶心科,178.5,181.0,174.0,174.5,-,4.5,253529,44665029.0,-3000,0,302,88000,0,3962,91000,0,3660
20260402,6464,台數科,75.9,76.0,75.8,75.9,-,0.6,21704,1647236.0,-2000,0,-1000,1000,0,4000,3000,0,5000
20260402,6184,大豐電,47.85,47.85,47.6,47.7,+,0.2,32504,1552858.0,-3000,0,0,0,0,0,3000,0,0
20260402,7631,聚賢研發-創,112.5,114.0,111.0,111.5,,0.0,34169,3831358.0,-3000,0,0,1000,0,0,4000,0,0
20260402,6969,成信實業*-創,28.5,28.5,28.1,28.15,-,0.45,24000,678200.0,-3000,0,0,0,0,0,3000,0,0
20260402,7732,金興精密,34.95,34.95,34.0,34.0,-,0.95,3002,103469.0,-2000,0,-1000,0,0,0,2000,0,1000
20260402,9943,好樂迪,57.9,58.4,57.5,57.6,-,0.3,36690,2121648.0,-2000,0,-1000,4000,0,0,6000,0,1000
20260402,8481,政伸,42.0,42.1,42.0,42.1,+,0.3,10000,420200.0,-3000,0,0,0,0,0,3000,0,0
20260402,8487,愛爾達-創,79.5,81.0,79.5,80.4,+,1.4,9857,791873.0,0,0,-3000,0,0,0,0,0,3000
20260402,4106,雃博,22.35,22.35,22.15,22.3,+,0.1,60780,1350295.0,-4000,0,1000,22000,0,1000,26000,0,0
20260402,4148,全宇生技-KY,43.8,43.8,43.0,43.25,-,0.35,71015,3084084.0,-2000,0,-1000,8000,0,0,10000,0,1000
20260402,4994,傳奇,98.9,99.3,97.1,98.0,-,0.9,16006,1572491.0,-3000,0,0,3000,0,0,6000,0,0
20260402,6117,迎廣,70.7,71.0,69.6,69.7,-,0.4,140879,9908745.0,-5000,0,2000,29000,0,2000,34000,0,0
20260402,2712,遠雄來,14.6,14.6,14.45,14.5,-,0.15,13001,189115.0,-3000,0,0,1000,0,0,4000,0,0
20260402,2939,永邑-KY,26.25,26.25,25.9,26.15,+,0.15,5105,133331.0,-3000,0,0,0,0,0,3000,0,0
20260402,2945,三商家購,41.1,41.15,40.6,40.6,+,0.55,11843,486561.0,-3000,0,0,0,0,0,3000,0,0
20260402,3168,眾福科,40.9,41.5,40.85,40.95,+,0.1,5017,205890.0,-2000,0,-1000,1000,0,0,3000,0,1000
20260402,2025,千興,11.55,11.55,11.3,11.3,-,0.1,67808,771251.0,-5000,0,2000,1000,0,2000,6000,0,0
20260402,1537,廣隆,124.0,124.5,123.5,124.5,+,0.5,39522,4896346.0,-3000,0,0,3000,0,0,6000,0,0
20260402,1530,亞崴,26.75,27.0,26.5,26.55,+,0.25,21517,575662.0,-4000,0,1000,1000,0,1000,5000,0,0
20260402,1533,車王電,29.6,29.65,29.25,29.3,-,0.4,58876,1727251.0,-3000,0,0,4000,0,0,7000,0,0
20260402,1521,大億,24.7,24.7,24.15,24.55,-,0.15,13314,326354.0,-4000,0,1000,0,0,1000,4000,0,0
20260402,1583,程泰,43.95,43.95,43.55,43.55,-,0.3,9268,405710.0,-4000,0,1000,0,0,1000,4000,0,0
20260402,1410,南染,31.3,31.9,31.0,31.0,-,0.3,72000,2263850.0,-3000,0,0,7000,0,0,10000,0,0
20260402,1438,三地開發,28.0,28.2,27.75,28.0,-,0.05,20518,573864.0,-3000,0,0,2000,0,0,5000,0,0
20260402,1439,雋揚,27.6,27.6,26.6,27.55,+,0.2,13043,354102.0,-2000,0,-1000,2000,0,0,4000,0,1000
20260402,1454,台富,13.1,13.1,12.9,12.9,-,0.15,18039,233570.0,-4000,0,1000,0,0,1000,4000,0,0
20260402,1468,昶和,11.65,11.7,11.4,11.6,-,0.2,41001,471661.0,-1000,0,-2000,0,0,1000,1000,0,3000
20260402,1512,瑞利,7.83,7.92,7.53,7.58,-,0.24,87362,672257.0,-2000,0,-1000,8000,0,7000,10000,0,8000
20260402,00916,國泰全球品牌50,25.08,25.1,24.8,24.81,-,0.23,94299,2351980.0,16000,0,-19238,17000,0,8000,1000,0,27238
20260402,7722,LINEPAY,309.0,309.5,297.5,300.0,-,6.5,133649,40154128.0,5148,-8000,-588,54110,0,944,48962,8000,1532
20260402,2637,慧洋-KY,69.8,69.8,67.8,67.9,-,1.2,1283169,87630807.0,15667,-213,-18921,744667,5000,2922,729000,5213,21843
20260402,2701,萬企,10.8,10.8,10.65,10.65,-,0.15,61874,661417.0,-4000,0,0,11000,0,4000,15000,0,4000
20260402,2910,統領,21.4,21.4,20.95,21.05,-,0.15,11001,232471.0,-4000,0,0,1000,0,0,5000,0,0
20260402,4930,燦星網,19.5,19.5,19.35,19.45,-,0.05,47571,925145.0,-4000,0,0,2000,0,0,6000,0,0
20260402,4807,日成-KY,14.35,14.55,14.25,14.25,-,0.15,61205,875402.0,-4000,0,0,0,0,0,4000,0,0
20260402,6581,鋼聯,107.0,107.0,106.5,106.5,-,0.5,5360,572606.0,-4000,0,0,0,0,0,4000,0,0
20260402,6754,匯僑設計,45.0,45.1,45.0,45.0,-,0.1,15396,693341.0,-4000,0,0,0,0,0,4000,0,0
20260402,8442,威宏-KY,53.4,53.4,51.3,51.7,,0.0,12316,637606.0,-4000,0,0,5000,0,0,9000,0,0
20260402,9944,新麗,16.2,16.4,16.2,16.4,+,0.2,42664,693196.0,-4000,0,0,2000,0,0,6000,0,0
20260402,1472,三洋實業,95.7,96.5,94.3,95.9,+,0.2,19021,1813017.0,-3000,0,-1000,3000,0,0,6000,0,1000
20260402,1474,弘裕,10.0,10.0,9.91,9.92,-,0.04,82147,816735.0,-4000,0,0,0,0,0,4000,0,0
20260402,1441,大東,9.82,9.95,9.69,9.83,+,0.01,76595,756201.0,-4000,0,0,1000,0,0,5000,0,0
20260402,1233,天仁,28.55,28.55,28.4,28.4,-,0.1,10122,288030.0,-4000,0,0,0,0,0,4000,0,0
20260402,1235,興泰,37.5,38.85,37.5,37.5,-,0.15,12765,481373.0,-4000,0,0,1000,0,0,5000,0,0
20260402,1558,伸興,92.2,92.8,92.0,92.0,-,0.7,25328,2335487.0,-4000,0,0,1000,0,0,5000,0,0
20260402,1730,花仙子,53.0,53.0,52.8,52.8,-,0.2,10338,547134.0,-4000,0,0,0,0,0,4000,0,0
20260402,2033,佳大,15.7,15.8,15.7,15.75,,0.0,40000,629650.0,-4000,0,0,2000,0,0,6000,0,0
20260402,2008,高興昌,27.1,27.2,27.0,27.0,-,0.2,13276,359428.0,-4000,0,0,3000,0,0,7000,0,0
20260402,6108,競國,16.2,16.4,16.1,16.25,+,0.05,201605,3263790.0,-35000,0,30717,44000,0,33000,79000,0,2283
20260402,0053,元大電子,169.9,169.9,165.95,165.95,-,2.2,9562,1602339.0,0,0,-4890,0,0,1152,0,0,6042
20260402,0057,富邦摩台,223.1,223.1,219.0,219.45,-,5.9,116348,25553379.0,0,0,-5000,0,0,109000,0,0,114000
20260402,1817,凱撒衛,38.85,38.9,38.8,38.8,+,0.15,19708,765960.0,-5000,0,0,0,0,0,5000,0,0
20260402,2373,震旦行,56.7,56.8,56.0,56.0,-,0.4,16747,942511.0,-5000,0,0,4000,0,0,9000,0,0
20260402,4557,永新-KY,57.9,57.9,57.0,57.5,-,0.4,32079,1840536.0,-5000,0,0,8000,0,0,13000,0,0
20260402,4572,駐龍,141.5,142.5,140.0,142.5,,0.0,18621,2620663.0,-5000,0,0,5000,0,1000,10000,0,1000
20260402,3229,晟鈦,19.6,20.0,18.55,18.55,-,1.05,120308,2297838.0,-15000,0,10000,14000,0,12000,29000,0,2000
20260402,3432,台端,16.7,16.7,16.0,16.35,-,0.3,50012,810345.0,-5000,0,0,2000,0,0,7000,0,0
20260402,3652,精聯,26.9,26.9,26.55,26.7,-,0.2,27049,721212.0,-2000,0,-3000,1000,0,2000,3000,0,5000
20260402,6936,永鴻生技,34.65,34.7,34.05,34.5,-,0.15,38008,1303673.0,-5000,0,0,2000,0,0,7000,0,0
20260402,6916,華凌,17.35,17.5,17.25,17.3,-,0.2,26070,451677.0,-6000,0,1000,3000,0,1000,9000,0,0
20260402,3055,蔚華科,59.0,60.8,57.3,57.3,-,1.2,286867,16850598.0,-5000,0,-62,148000,0,1000,153000,0,1062
20260402,1339,昭輝,40.7,40.7,40.4,40.4,-,0.1,55201,2237573.0,-8000,0,2930,0,0,6000,8000,0,3070
20260402,1726,永記,75.0,75.3,75.0,75.0,,0.0,18696,1403096.0,-4457,0,-1000,5000,0,0,9457,0,1000
20260402,1236,宏亞,25.95,26.25,25.65,25.95,-,0.15,33795,873766.0,-7000,0,1000,0,0,1000,7000,0,0
20260402,1475,業旺,28.5,28.85,28.5,28.85,-,0.1,22054,629303.0,-5000,0,-1000,1000,0,0,6000,0,1000
20260402,1457,宜進,15.0,15.0,14.8,14.8,-,0.2,132050,1966203.0,-16000,0,10000,3000,0,10000,19000,0,0
20260402,2450,神腦,29.15,29.25,29.05,29.05,-,0.15,33151,964385.0,-6000,0,0,7000,0,0,13000,0,0
20260402,3669,圓展,33.1,33.1,32.45,32.7,,0.0,43148,1409643.0,-12000,0,6000,6000,0,6000,18000,0,0
20260402,3266,昇陽,13.2,13.2,13.15,13.15,,0.0,15735,207098.0,-4000,0,-2000,2000,0,0,6000,0,2000
20260402,4108,懷特,12.65,12.85,12.65,12.65,-,0.15,75708,964166.0,-6000,0,0,5000,0,0,11000,0,0
20260402,5306,桂盟,87.3,87.3,86.6,86.6,-,0.7,90261,7832162.0,-6000,0,0,9000,0,0,15000,0,0
20260402,6951,青新-創,78.5,78.7,78.5,78.6,-,0.2,18718,1471893.0,-6000,0,0,0,0,0,6000,0,0
20260402,8466,美吉吉-KY,18.6,18.6,18.05,18.25,-,0.15,20100,367439.0,-6000,0,0,1000,0,0,7000,0,0
20260402,8367,建新國際,43.1,43.3,43.1,43.1,-,0.05,15150,654127.0,-6000,0,0,0,0,0,6000,0,0
20260402,1529,樂事綠能,23.75,23.8,22.75,22.75,-,0.75,941734,21727273.0,-7000,0,995,201000,0,4000,208000,0,3005
20260402,6216,居易,25.0,25.0,24.8,24.9,-,0.15,79348,1974777.0,-6000,0,-649,3000,0,0,9000,0,649
20260402,2723,美食-KY,70.0,70.0,69.0,69.2,-,0.8,112220,7779426.0,0,0,-6708,49000,0,2000,49000,0,8708
20260402,1456,怡華,16.2,16.2,14.2,14.3,-,0.65,364320,5522210.0,-23000,0,16277,21000,0,27000,44000,0,10723
20260402,8162,微矽電子-創,38.95,38.95,38.25,38.25,-,0.45,35086,1352499.0,-5000,0,-1993,4000,0,2007,9000,0,4000
20260402,6431,光麗-KY,22.55,22.55,21.15,22.5,-,0.45,174114,3839378.0,-8000,0,1000,20000,0,1000,28000,0,0
20260402,2506,太設,9.01,9.01,8.86,8.9,-,0.09,85622,762017.0,-8000,0,1000,2000,0,1000,10000,0,0
20260402,2538,基泰,10.2,10.2,10.0,10.0,-,0.05,221632,2239546.0,-12000,0,5000,17000,0,14000,29000,0,9000
20260402,3296,勝德,21.85,22.0,21.85,21.95,,0.0,14636,321052.0,-7000,0,0,0,0,0,7000,0,0
20260402,1417,嘉裕,9.19,9.22,9.06,9.15,,0.0,94231,862398.0,-7000,0,0,3000,0,0,10000,0,0
20260402,1234,黑松,36.05,36.1,35.75,35.8,-,0.25,109199,3918275.0,-9000,0,2000,33000,0,7000,42000,0,5000
20260402,1535,中宇,53.0,53.1,52.5,52.6,-,0.4,27825,1470456.0,-7000,0,0,7000,0,0,14000,0,0
20260402,1541,錩泰,26.3,26.3,25.6,25.75,-,0.55,36770,954712.0,-6000,0,-1000,7000,0,0,13000,0,1000
20260402,1615,大山,45.65,46.1,44.8,45.0,-,0.85,67262,3034174.0,-9000,0,2000,7000,0,2000,16000,0,0
20260402,2012,春雨,15.55,15.6,15.5,15.5,-,0.2,27541,427477.0,-10000,0,3000,2000,0,3000,12000,0,0
20260402,00739,元大MSCI A股,26.79,26.79,26.58,26.68,-,0.06,48368,1290006.0,0,0,-7034,0,0,20271,0,0,27305
20260402,00657,國泰日經225,63.25,63.25,62.1,62.1,-,1.25,261372,16377222.0,-38000,0,30775,46000,0,202122,84000,0,171347
20260402,2013,中鋼構,44.1,44.1,43.5,43.7,-,0.35,74733,3265629.0,-14000,0,6633,18000,0,9000,32000,0,2367
20260402,2642,宅配通,23.3,23.45,23.0,23.1,-,0.15,39380,912441.0,-7900,0,0,1100,0,0,9000,0,0
20260402,6863,永道-KY,91.9,92.0,88.4,88.5,-,1.9,69849,6282435.0,-9000,0,1039,24000,0,1039,33000,0,0
20260402,6902,GOGOLOOK,74.5,74.5,73.3,74.0,-,0.8,28605,2110537.0,-8000,0,0,0,0,0,8000,0,0
20260402,9927,泰銘,68.1,69.0,67.8,68.2,,0.0,83624,5711092.0,-8000,0,0,23000,0,0,31000,0,0
20260402,2704,國賓,42.95,42.95,42.15,42.3,-,0.25,49215,2086679.0,-8000,0,0,18000,0,0,26000,0,0
20260402,4438,廣越,57.0,57.5,56.1,56.3,-,0.4,31384,1774611.0,-10000,0,2000,7000,0,2000,17000,0,0
20260402,1256,鮮活果汁-KY,148.0,150.0,146.0,146.5,-,0.5,39558,5813071.0,-2000,0,-6000,15000,0,1000,17000,0,7000
20260402,3022,威強電,61.6,62.4,61.0,62.1,+,0.7,838971,51763429.0,-8000,0,-137,284000,0,0,292000,0,137
20260402,8404,百和興業-KY,18.65,18.65,17.95,18.05,-,0.5,322654,5860205.0,-9000,0,424,80000,0,1000,89000,0,576
20260402,6224,聚鼎,40.7,40.7,39.5,39.85,-,0.2,72842,2898592.0,-9987,0,1000,12013,0,1000,22000,0,0
20260402,4588,玖鼎電力,57.6,57.6,57.2,57.4,-,0.2,35956,2062988.0,-9000,0,2,8000,0,2,17000,0,0
20260402,3150,鈺寶-創,17.45,18.1,17.15,17.85,+,0.55,75046,1326145.0,-7000,0,-2000,9000,0,22000,16000,0,24000
20260402,2516,新建,13.6,13.65,12.95,13.1,-,0.45,404930,5325197.0,-8000,0,-1000,61000,0,6000,69000,0,7000
20260402,7711,永擎,263.5,268.5,260.0,264.5,-,1.0,154096,40689860.0,-10000,0,1000,2000,0,1000,12000,0,0
20260402,1416,廣豐,11.55,11.55,11.35,11.4,-,0.05,118187,1350470.0,-9000,0,0,8000,0,0,17000,0,0
20260402,1531,高林股,13.3,13.3,12.95,13.05,-,0.2,96641,1264032.0,-8000,0,-1000,9000,0,0,17000,0,1000
20260402,2459,敦吉,65.1,65.1,64.8,64.8,-,0.3,45467,2952445.0,-9000,0,0,2000,0,0,11000,0,0
20260402,2227,裕日車,49.8,50.3,49.6,49.6,+,0.15,19513,972549.0,-6000,0,-3000,2000,0,0,8000,0,3000
20260402,1525,江申,65.9,65.9,63.1,63.8,-,0.7,33142,2127596.0,-9000,0,-110,2000,0,0,11000,0,110
20260402,2722,夏都,23.4,23.7,23.05,23.5,+,0.55,95618,2239635.0,-7152,0,-2000,18000,0,1000,25152,0,3000
20260402,6768,志強-KY,88.0,88.0,84.5,84.6,-,3.4,885633,75616973.0,-15000,-1168,6818,236000,0,14000,251000,1168,7182
20260402,3130,一零四,220.5,221.0,220.0,221.0,,0.0,27431,6053687.0,-9872,0,0,1000,0,0,10872,0,0
20260402,4935,茂林-KY,36.85,36.85,35.4,35.4,-,0.8,53406,1909026.0,-7875,0,-2000,4125,0,0,12000,0,2000
20260402,5907,大洋-KY,5.78,5.85,5.76,5.79,+,0.02,135200,782316.0,-10000,0,0,25000,0,0,35000,0,0
20260402,6598,ABC-KY,23.1,23.3,23.1,23.1,-,0.3,49829,1155993.0,-8000,0,-2000,9000,0,0,17000,0,2000
20260402,6901,鑽石投資,14.05,14.4,14.0,14.25,+,0.25,404020,5728587.0,-10000,0,0,121000,0,0,131000,0,0
20260402,9926,新海,49.7,49.8,49.7,49.7,+,0.05,36337,1806906.0,-10000,0,0,0,0,0,10000,0,0
20260402,1626,艾美特-KY,10.15,10.15,9.96,9.97,-,0.18,119208,1192552.0,-10000,0,0,5000,0,0,15000,0,0
20260402,1436,華友聯,54.5,54.5,53.1,53.5,-,0.5,138620,7427664.0,-8001,0,-2000,31000,0,0,39001,0,2000
20260402,3501,維熹,49.45,49.45,47.8,47.85,-,0.45,65938,3173028.0,-9000,0,-1052,18000,0,0,27000,0,1052
20260402,2207,和泰車,495.0,496.0,485.5,485.5,-,6.0,252342,123489472.0,-8350,-1000,-999,192980,0,5076,201330,1000,6075
20260402,2429,銘旺科,41.0,41.0,38.9,39.05,-,1.4,209521,8266249.0,-11000,0,0,60000,0,0,71000,0,0
20260402,1103,嘉泥,13.9,13.9,13.65,13.7,-,0.15,146829,2022496.0,-10000,0,-1000,49000,0,0,59000,0,1000
20260402,3321,同泰,16.0,16.2,15.55,15.7,,0.0,91808,1450024.0,-10000,0,-1000,12000,0,0,22000,0,1000
20260402,4569,六方科-KY,129.0,130.5,127.0,127.0,-,1.5,29794,3805582.0,-11000,0,0,4000,0,0,15000,0,0
20260402,8940,新天地,18.85,18.85,18.25,18.4,+,0.1,28229,521199.0,-10000,0,-1000,2000,0,0,12000,0,1000
20260402,9905,大華,21.45,21.5,21.0,21.05,-,0.25,59681,1257561.0,-11000,0,0,8000,0,0,19000,0,0
20260402,8429,金麗-KY,6.9,6.9,6.8,6.81,-,0.07,148089,1010421.0,-11000,0,0,7000,0,0,18000,0,0
20260402,6614,資拓宏宇,41.25,41.25,40.1,40.2,-,1.05,65635,2656004.0,-4000,0,-7000,8000,0,1000,12000,0,8000
20260402,00709,富邦歐洲,37.0,37.0,36.32,36.37,-,0.48,156958,5722983.0,-1000,0,-10000,1000,0,69000,2000,0,79000
20260402,2514,龍邦,13.55,13.55,13.4,13.45,-,0.15,97873,1317588.0,-10000,0,-1524,2000,0,1000,12000,0,2524
20260402,1702,南僑,36.6,36.65,36.15,36.3,-,0.3,173304,6305215.0,-31000,-3530,23000,60000,0,24000,91000,3530,1000
20260402,6756,威鋒電子,71.3,72.4,70.4,70.5,-,0.5,71673,5077139.0,-12500,0,850,19500,0,2000,32000,0,1150
20260402,6887,寶綠特-KY,44.65,44.95,43.5,44.95,-,0.55,100108,4433222.0,-11000,0,-1000,18000,0,3000,29000,0,4000
20260402,2483,百容,20.9,21.15,20.55,20.8,-,0.05,64445,1332729.0,-10000,0,-2000,1000,0,0,11000,0,2000
20260402,3346,麗清,18.55,18.65,18.1,18.2,-,0.1,138347,2529449.0,-7000,0,-5000,45000,0,1000,52000,0,6000
20260402,3530,晶相光,58.3,58.7,57.1,57.4,-,0.5,92700,5350489.0,4000,0,-16000,38000,0,0,34000,0,16000
20260402,4942,嘉彰,38.9,39.0,38.5,38.65,-,0.25,137433,5324153.0,-9000,0,-3000,15000,0,0,24000,0,3000
20260402,5525,順天,24.95,25.1,24.6,24.6,-,0.15,48777,1208028.0,-12000,0,0,1000,0,0,13000,0,0
20260402,2228,劍麟,88.6,88.8,86.6,86.6,-,1.3,98166,8557554.0,-12000,0,0,14000,0,2000,26000,0,2000
20260402,9930,中聯資源,70.1,70.5,70.1,70.3,,0.0,24620,1731268.0,-10000,0,-2046,7000,0,0,17000,0,2046
20260402,6695,芯鼎,39.7,39.7,38.1,38.25,-,1.0,216125,8313618.0,-13000,0,193,53000,0,3000,66000,0,2807
20260402,3416,融程電,145.5,145.5,142.5,143.5,-,0.5,106986,15325419.0,-11000,0,-1819,28000,0,0,39000,0,1819
20260402,6928,攸泰科技,48.4,48.4,46.4,46.4,-,0.9,60083,2839829.0,-13000,0,0,10000,0,0,23000,0,0
20260402,6115,鎰勝,47.4,47.4,46.75,46.9,-,0.05,103241,4845674.0,-13000,0,-110,16000,0,0,29000,0,110
20260402,1515,力山,23.8,23.8,23.55,23.6,-,0.25,134432,3175974.0,-18000,0,4829,26000,0,5000,44000,0,171
20260402,3025,星通,58.3,58.9,57.0,57.4,-,0.9,252834,14561555.0,-14000,-1000,1663,89000,0,2000,103000,1000,337
20260402,6415,矽力*-KY,285.5,287.0,270.5,274.0,-,8.5,3853247,1064476578.0,102580,-53000,-63565,1801631,31000,23018,1699051,84000,86583
20260402,5285,界霖,48.85,49.5,47.8,48.2,-,0.55,126598,6135690.0,-15000,0,1000,48000,0,1000,63000,0,0
20260402,1526,日馳,17.0,17.0,16.65,16.75,-,0.1,69691,1171202.0,-14000,0,0,2000,0,0,16000,0,0
20260402,2444,兆勁,12.35,12.5,12.2,12.3,,0.0,278815,3440053.0,-14000,0,0,43000,0,0,57000,0,0
20260402,1109,信大,15.4,15.4,15.25,15.25,,0.0,56262,859686.0,-15000,0,283,5000,0,1000,20000,0,717
20260402,3588,通嘉,47.0,47.15,46.0,46.35,-,0.8,127906,5942985.0,-20000,0,5005,29000,0,6000,49000,0,995
20260402,3528,安馳,65.4,65.4,63.3,63.9,-,0.6,117375,7528614.0,-32000,0,17004,22000,0,18004,54000,0,1000
20260402,5215,科嘉-KY,37.15,37.15,36.6,36.7,-,0.4,49117,1806497.0,-13000,0,-2000,4000,0,0,17000,0,2000
20260402,7765,中華資安,228.5,228.5,219.0,220.0,-,6.5,81614,18191020.0,-8000,0,-7000,14000,0,0,22000,0,7000
20260402,9906,欣巴巴,42.5,42.5,40.25,41.2,-,0.35,50918,2090865.0,-12000,0,-3000,17000,0,3000,29000,0,6000
20260402,1220,台榮,12.6,12.6,12.45,12.5,-,0.1,75199,939836.0,-15000,0,0,2000,0,0,17000,0,0
20260402,1110,東泥,15.0,15.1,14.4,14.4,-,0.55,422179,6191171.0,-16000,0,0,113000,0,0,129000,0,0
20260402,9925,新保,40.65,40.8,40.65,40.8,,0.0,119959,4884483.0,-7000,0,-9000,27000,0,0,34000,0,9000
20260402,4571,鈞興-KY,152.5,152.5,147.0,148.5,-,2.0,210600,31246208.0,-16000,0,0,51000,0,0,67000,0,0
20260402,4720,德淵,17.55,17.8,17.15,17.5,-,0.2,981292,17064198.0,-19000,0,3000,194000,0,4000,213000,0,1000
20260402,3021,鴻名,15.8,16.0,15.7,15.75,-,0.15,49086,774927.0,-8000,0,-8000,9000,0,0,17000,0,8000
20260402,2480,敦陽科,141.0,142.0,139.0,139.0,,0.0,114384,16043056.0,-13000,0,-3023,38000,0,5844,51000,0,8867
20260402,2029,盛餘,20.55,20.65,20.35,20.35,-,0.3,77881,1588823.0,-17000,0,421,9000,0,1000,26000,0,579
20260402,4137,麗豐-KY,105.5,108.0,105.5,106.0,+,0.5,134562,14376821.0,-16967,0,0,29033,0,0,46000,0,0
20260402,3135,凌航,110.0,110.0,104.5,104.5,-,2.0,692443,74261467.0,-15000,0,-2000,39000,0,1000,54000,0,3000
20260402,8201,無敵,12.6,12.6,12.3,12.35,-,0.15,52314,653101.0,-9000,0,-8000,0,0,0,9000,0,8000
20260402,2302,麗正,17.85,17.95,17.4,17.4,-,0.3,243354,4282619.0,2000,0,-19000,89000,0,1000,87000,0,20000
20260402,7721,微程式,78.0,80.8,77.0,77.6,+,0.7,1166046,91498441.0,-20220,0,3000,29030,0,3000,49250,0,0
20260402,3605,宏致,57.9,60.9,56.2,60.1,+,3.6,2386895,141303430.0,-27000,0,9375,609000,0,20584,636000,0,11209
20260402,3040,遠見,51.5,52.9,50.0,50.3,-,1.2,131344,6675845.0,-18000,0,0,7000,0,0,25000,0,0
20260402,2546,根基,80.0,80.5,79.4,80.0,,0.0,125313,10031829.0,-28000,0,10000,16000,0,12000,44000,0,2000
20260402,4545,銘鈺,30.95,30.95,30.1,30.2,-,0.5,85033,2582058.0,-18000,0,0,21000,0,0,39000,0,0
20260402,5007,三星,55.9,55.9,55.2,55.4,-,0.6,46371,2565355.0,-18000,0,0,7000,0,0,25000,0,0
20260402,2415,錩新,30.05,30.3,29.55,29.95,-,0.15,223126,6679390.0,-16000,0,-2000,46000,0,0,62000,0,2000
20260402,2107,厚生,25.75,25.75,25.3,25.4,+,0.05,175583,4487309.0,-17000,0,-1000,42000,0,0,59000,0,1000
20260402,2028,威致,18.45,18.45,18.1,18.15,-,0.15,64484,1172765.0,-18000,0,0,3000,0,0,21000,0,0
20260402,6689,伊雲谷,77.2,77.8,74.0,74.2,-,2.4,529589,39954348.0,-15000,0,-3262,111000,0,2000,126000,0,5262
20260402,4999,鑫禾,21.35,21.4,21.25,21.35,-,0.05,88254,1885914.0,-18000,0,-440,3000,0,6000,21000,0,6440
20260402,1516,川飛,20.5,21.8,20.35,20.35,,0.0,145719,3042038.0,-19000,0,0,4000,0,1000,23000,0,1000
20260402,1452,宏益,12.6,12.6,11.85,12.0,+,0.3,329621,4011391.0,-18000,0,-1000,34000,0,0,52000,0,1000
20260402,2106,建大,18.7,18.85,18.4,18.7,+,0.1,895594,16712901.0,-10000,0,-9000,332000,0,5000,342000,0,14000
20260402,6579,研揚,115.0,115.0,112.5,113.5,-,1.5,53287,6049996.0,-20000,0,1000,6000,0,1000,26000,0,0
20260402,6281,全國電,56.1,56.5,55.5,55.6,-,0.6,131062,7321498.0,-19000,0,0,17000,0,0,36000,0,0
20260402,9908,大台北,29.95,30.0,29.85,29.9,+,0.05,292487,8755798.0,-19000,0,0,81000,0,0,100000,0,0
20260402,3094,聯傑,22.9,22.95,22.25,22.4,-,0.25,120022,2695768.0,-20000,0,125,27000,0,1000,47000,0,875
20260402,6192,巨路,117.5,118.0,115.0,115.5,-,2.0,125714,14605132.0,-17000,0,-3000,36000,0,0,53000,0,3000
20260402,6606,建德工業,24.85,25.25,24.05,24.15,-,0.15,71794,1761746.0,-24000,0,4000,2000,0,4000,26000,0,0
20260402,8011,台通,20.5,20.6,19.8,20.1,-,0.45,965826,19455833.0,-23000,0,3000,171000,0,4000,194000,0,1000
20260402,2420,新巨,51.3,51.5,50.7,50.7,-,0.6,65661,3353182.0,-20000,0,0,6000,0,0,26000,0,0
20260402,1451,年興,18.4,18.4,18.1,18.15,+,0.05,171805,3124331.0,-20000,0,0,2000,0,0,22000,0,0
20260402,6715,嘉基,325.0,330.5,303.0,312.0,-,17.5,2007613,635420168.0,-114000,140000,-46126,630000,140000,8000,744000,0,54126
20260402,9931,欣高,36.7,37.8,36.3,37.3,+,0.6,199749,7402094.0,-21000,0,212,24000,0,1000,45000,0,788
20260402,1762,中化生,28.5,28.65,28.35,28.4,-,0.3,104319,2968360.0,-22000,0,1110,16000,0,2000,38000,0,890
20260402,1604,聲寶,25.5,25.55,25.4,25.4,-,0.1,233768,5955075.0,-21000,0,0,13000,0,0,34000,0,0
20260402,2440,太空梭,14.15,14.25,13.95,14.15,,0.0,158126,2232464.0,-23000,0,2000,21000,0,2000,44000,0,0
20260402,8462,柏文,139.0,142.0,138.5,138.5,-,2.5,55742,7811072.0,-18000,0,-3000,6000,0,0,24000,0,3000
20260402,6834,天二科技,32.0,32.5,31.25,31.3,-,0.65,195922,6178396.0,-21000,0,0,53000,0,1000,74000,0,1000
20260402,6835,圓裕,37.5,37.7,36.8,37.4,-,0.1,226022,8406667.0,-21000,0,0,53000,0,0,74000,0,0
20260402,6796,晉弘,75.8,75.8,72.0,72.2,-,1.6,53989,3948281.0,-21000,0,0,12000,0,0,33000,0,0
20260402,7786,東方風能,130.5,130.5,127.5,128.0,-,4.0,166253,21394254.0,-22000,0,1000,30000,0,1000,52000,0,0
20260402,6272,驊陞,31.9,32.15,31.2,31.3,-,0.9,162041,5097236.0,-21000,0,0,18000,0,0,39000,0,0
20260402,3057,喬鼎,15.85,16.3,15.5,15.65,-,0.1,68177,1073504.0,-20000,0,-1000,4000,0,0,24000,0,1000
20260402,2505,國揚,19.5,19.7,19.2,19.2,-,0.35,133152,2570350.0,-17000,0,-4000,39000,0,0,56000,0,4000
20260402,4583,台灣精銳,646.0,655.0,629.0,632.0,-,10.0,86823,55350845.0,-21038,0,-364,16264,0,1636,37302,0,2000
20260402,2520,冠德,32.25,32.5,31.65,31.95,-,0.05,1110032,35506438.0,-23001,0,1516,633000,0,9943,656001,0,8427
20260402,6671,三能-KY,30.4,30.95,30.4,30.5,+,0.25,75177,2305480.0,-6000,0,-15895,4000,0,15105,10000,0,31000
20260402,7788,松川精密,137.5,138.0,131.0,132.0,-,5.5,189088,25102527.0,-21000,0,-1000,38000,0,0,59000,0,1000
20260402,2491,吉祥全,15.4,15.4,14.9,14.9,-,0.35,147992,2222548.0,-22000,0,0,40000,0,0,62000,0,0
20260402,2816,旺旺保,30.9,30.9,30.55,30.55,-,0.4,107525,3295930.0,-25000,0,3000,6000,0,3000,31000,0,0
20260402,2417,圓剛,35.4,35.4,33.85,34.2,-,0.2,174722,5970798.0,-24000,0,1000,52000,0,1000,76000,0,0
20260402,1473,台南,24.7,24.7,23.85,23.85,-,0.45,148610,3585040.0,-25000,0,2000,5000,0,2000,30000,0,0
20260402,00661,元大日經225,69.95,70.1,68.0,68.1,-,1.2,56139,3853792.0,0,0,-23156,2000,0,11022,2000,0,34178
20260402,1432,大魯閣,17.5,17.5,17.3,17.35,-,0.1,197750,3440491.0,-25000,0,1000,0,0,1000,25000,0,0
20260402,8104,錸寶,33.0,33.0,32.0,32.0,-,0.65,436671,14044241.0,-26000,0,2000,61000,0,2000,87000,0,0
20260402,2706,第一店,12.5,12.5,12.3,12.3,-,0.2,41119,509175.0,-18000,0,-6000,2000,0,0,20000,0,6000
20260402,1419,新紡,61.6,62.6,60.5,60.5,-,1.9,52409,3205473.0,-23000,0,-1034,20000,0,0,43000,0,1034
20260402,3046,建碁,46.8,46.9,46.05,46.3,-,0.3,77373,3590338.0,-24000,0,-411,11000,0,36,35000,0,447
20260402,6753,龍德造船,129.5,130.0,126.0,126.0,-,2.5,400089,50852933.0,1045,0,-25898,129045,0,4000,128000,0,29898
20260402,2482,連宇,16.9,16.9,16.65,16.7,-,0.1,143953,2414214.0,-25000,0,0,10000,0,2000,35000,0,2000
20260402,2438,翔耀,23.5,23.55,22.45,22.5,-,1.0,116514,2668184.0,-25000,0,0,11000,0,0,36000,0,0
20260402,2923,鼎固-KY,18.15,18.15,17.2,17.2,-,0.45,78705,1372877.0,-33000,0,7000,13000,0,23000,46000,0,16000
20260402,6591,動力-KY,60.5,60.9,59.5,59.7,-,0.3,214786,12849195.0,-27000,0,336,40000,0,1000,67000,0,664
20260402,9935,慶豐富,19.35,19.35,19.0,19.05,-,0.1,95275,1820064.0,-27000,0,0,2000,0,0,29000,0,0
20260402,1445,大宇,12.5,12.65,12.4,12.4,-,0.2,105201,1312198.0,-26000,0,-1000,1000,0,0,27000,0,1000
20260402,00770,國泰北美科技,50.4,50.5,49.66,49.7,-,0.25,398837,19916535.0,-145981,0,118546,24019,0,188119,170000,0,69573
20260402,2017,官田鋼,9.95,9.95,9.8,9.86,-,0.09,513145,5066056.0,-28000,0,0,84000,0,0,112000,0,0
20260402,6405,悅城,37.15,37.15,36.2,37.15,+,3.35,1276619,47419657.0,-52000,0,23967,4000,0,28967,56000,0,5000
20260402,6923,中台,76.0,76.0,74.7,74.7,-,0.9,182330,13679963.0,-27000,0,-2000,55000,0,0,82000,0,2000
20260402,1623,大東電,183.0,183.0,177.0,177.5,-,4.0,97354,17412130.0,-31000,0,2000,6000,0,3000,37000,0,1000
20260402,2032,新鋼,16.5,17.0,16.4,16.9,+,0.4,679037,11390588.0,-29000,0,0,149000,0,0,178000,0,0
20260402,2453,凌群,53.1,53.1,52.0,52.0,-,0.9,189095,9881945.0,-29000,0,0,43000,0,0,72000,0,0
20260402,4441,振大環球,196.5,196.5,187.0,188.0,-,4.0,104432,19724409.0,-30000,0,0,7000,0,1000,37000,0,1000
20260402,6416,瑞祺電通,80.0,80.0,78.1,78.2,-,1.6,108741,8540920.0,-30000,0,0,9000,0,1000,39000,0,1000
20260402,1455,集盛,8.77,8.77,8.53,8.63,-,0.09,342752,2956242.0,-36000,0,5649,80000,0,9000,116000,0,3351
20260402,7749,意騰-KY,365.5,365.5,353.5,355.0,-,5.0,148089,52808929.0,-26980,0,-4000,38020,0,0,65000,0,4000
20260402,6722,輝創,39.85,39.85,38.8,38.85,-,1.0,106603,4164531.0,-33000,0,2000,0,0,2000,33000,0,0
20260402,4562,穎漢,30.85,31.0,29.8,29.8,-,0.3,190931,5738443.0,-31000,0,0,42000,0,0,73000,0,0
20260402,9802,鈺齊-KY,78.2,78.4,75.5,76.8,-,1.4,1456493,111293661.0,-30000,0,-1512,409000,0,14000,439000,0,15512
20260402,5288,豐祥-KY,141.0,141.0,138.5,140.5,-,1.0,70766,9886638.0,-32000,0,0,5000,0,0,37000,0,0
20260402,1714,和桐,9.7,9.78,9.51,9.53,-,0.17,3104418,29732279.0,-18000,0,-15000,846000,0,22000,864000,0,37000
20260402,3504,揚明光,53.0,53.5,51.1,51.2,-,1.9,183538,9532708.0,-32100,0,-1000,37000,0,0,69100,0,1000
20260402,2108,南帝,25.9,25.9,25.3,25.6,-,0.3,871100,22209119.0,-33000,0,-589,282000,0,7000,315000,0,7589
20260402,3010,華立,120.0,122.5,118.5,119.5,+,0.5,951719,114181469.0,-27195,2502,-9043,587000,4000,4999,614195,1498,14042
20260402,6958,日盛台駿,17.9,18.0,17.6,17.95,,0.0,151424,2700864.0,-37000,0,3000,12000,0,7000,49000,0,4000
20260402,2007,燁興,8.13,8.14,8.05,8.06,-,0.04,173872,1405055.0,-34000,0,0,21000,0,0,55000,0,0
20260402,7750,新代,1360.0,1380.0,1320.0,1340.0,-,15.0,204877,275491110.0,-36000,0,1823,57146,0,3015,93146,0,1192
20260402,2527,宏璟,30.3,30.4,29.55,29.6,-,0.6,154630,4615967.0,-30000,0,-5000,26000,0,0,56000,0,5000
20260402,00901,永豐智能車供應鏈,29.88,29.88,28.75,28.78,-,0.66,562976,16467141.0,264000,0,-299496,275000,0,230058,11000,0,529554
20260402,1464,得力,10.5,10.5,10.35,10.35,-,0.1,164418,1713497.0,-36000,0,0,28000,0,0,64000,0,0
20260402,6965,中傑-KY,84.7,86.3,84.4,86.1,,0.0,66601,5711584.0,-36000,0,0,6000,0,0,42000,0,0
20260402,2536,宏普,22.4,22.4,22.15,22.15,-,0.25,87153,1938432.0,-14000,0,-23000,31000,0,2000,45000,0,25000
20260402,3686,達能,17.8,17.8,17.35,17.4,-,0.5,255146,4473575.0,-37000,0,0,5000,0,0,42000,0,0
20260402,6782,視陽,198.5,198.5,191.0,191.5,-,6.0,138301,26826223.0,-37000,0,-54,43000,0,0,80000,0,54
20260402,9941,裕融,77.2,77.2,75.7,76.1,-,0.7,1288397,97883811.0,-14000,-2000,-21976,675000,0,2000,689000,2000,23976
20260402,9902,台火,14.45,14.45,14.2,14.2,-,0.1,124150,1771287.0,-38000,0,0,1000,0,0,39000,0,0
20260402,2832,台產,47.35,47.35,46.7,46.7,-,0.7,99226,4660442.0,-38000,0,0,15000,0,0,53000,0,0
20260402,1713,國化,46.65,46.65,45.6,45.7,-,1.0,171645,7893062.0,-40000,0,2000,24000,0,2000,64000,0,0
20260402,2239,英利-KY,23.95,23.95,23.1,23.1,-,0.75,72304,1688908.0,-39000,0,906,7000,0,1000,46000,0,94
20260402,3356,奇偶,48.6,49.25,47.95,48.1,-,0.75,150249,7251840.0,-38000,0,-304,20000,0,0,58000,0,304
20260402,0051,元大中型100,109.05,110.7,108.05,108.05,-,0.7,96469,10520225.0,1000,0,-39654,1000,0,18727,0,0,58381
20260402,3447,展達,38.85,39.0,37.4,37.4,-,1.3,171294,6481971.0,-39000,0,0,16000,0,0,55000,0,0
20260402,2908,特力,20.05,20.1,19.95,20.0,-,0.1,131106,2623820.0,-39000,0,0,11000,0,0,50000,0,0
20260402,2852,第一保,25.95,26.0,25.8,25.85,-,0.1,119584,3090073.0,-31000,0,-9000,20000,0,0,51000,0,9000
20260402,1325,恆大,27.9,27.9,27.3,27.7,-,0.15,164267,4520767.0,-40000,0,0,8000,0,0,48000,0,0
20260402,3041,揚智,22.2,22.6,21.7,21.75,-,0.45,428075,9384662.0,-41000,0,364,131000,0,2000,172000,0,1636
20260402,00646,元大S&P500,66.2,66.2,65.3,65.45,-,0.3,3706462,242602465.0,-15993,130000,-154921,17307,130000,1956000,33300,0,2110921
20260402,6988,威力暘-創,14.0,15.35,14.0,15.35,+,0.4,96235,1411776.0,-40000,0,-1000,2000,0,1000,42000,0,2000
20260402,2316,楠梓電,100.5,102.5,98.6,99.6,+,0.1,3115841,311783910.0,-7000,0,-35364,1221000,0,24086,1228000,0,59450
20260402,2236,百達-KY,114.0,114.0,110.0,112.0,,0.0,262442,29093161.0,-43000,0,0,33000,0,0,76000,0,0
20260402,1437,勤益控,31.7,31.7,30.45,30.6,-,0.1,78560,2409938.0,-42000,0,-1000,1000,0,0,43000,0,1000
20260402,2460,建通,26.45,26.45,24.75,25.1,-,0.4,264044,6639879.0,-45000,0,1999,39000,0,2000,84000,0,1
20260402,4585,達明,294.0,294.0,285.0,286.0,-,3.0,154993,44550780.0,-36000,0,-7131,10000,0,0,46000,0,7131
20260402,4736,泰博,122.0,122.5,121.0,122.5,,0.0,120191,14640086.0,-44000,0,0,7000,0,2000,51000,0,2000
20260402,5706,鳳凰,52.7,52.8,51.3,51.5,-,1.2,140040,7241642.0,-46000,0,2000,16000,0,2000,62000,0,0
20260402,6668,中揚光,34.4,34.4,33.3,34.15,-,0.25,158985,5361738.0,-40000,0,-4000,21000,0,0,61000,0,4000
20260402,2414,精技,43.15,43.35,42.9,42.9,-,0.15,85965,3696261.0,-45000,0,1000,3000,0,4000,48000,0,3000
20260402,2331,精英,21.5,21.8,21.05,21.05,-,0.4,1491175,31877369.0,-32299,0,-12136,465000,0,0,497299,0,12136
20260402,2753,八方雲集,182.0,182.0,179.5,179.5,-,1.0,77403,13922209.0,-43000,0,-1735,9000,0,404,52000,0,2139
20260402,1466,聚隆,16.8,16.85,16.25,16.55,-,0.45,231464,3813817.0,-45000,0,0,40000,0,2000,85000,0,2000
20260402,4770,上品,221.5,221.5,215.5,216.5,-,2.5,146855,31934097.0,-47000,0,1752,27000,0,3765,74000,0,2013
20260402,8045,達運光電,75.5,75.5,72.1,72.2,-,1.9,179639,13080128.0,-42000,0,-3413,20000,0,3010,62000,0,6423
20260402,6625,必應,77.5,77.5,76.1,76.2,-,1.0,142358,10910502.0,-43000,0,-2465,26000,0,4000,69000,0,6465
20260402,2601,益航,6.06,6.06,5.9,5.91,-,0.07,800853,4764474.0,-46000,0,0,103000,0,0,149000,0,0
20260402,6949,沛爾生醫-創,578.0,578.0,556.0,562.0,-,8.0,103713,58479366.0,-46677,0,472,17323,0,6179,64000,0,5707
20260402,2633,台灣高鐵,26.9,26.9,26.5,26.6,-,0.2,4346180,115700905.0,28180,-3000,-72000,2672000,0,13000,2643820,3000,85000
20260402,1618,合機,39.15,39.4,38.35,38.4,-,0.75,504454,19466891.0,-45000,0,-2432,156000,0,3000,201000,0,5432
20260402,3617,碩天,173.5,174.0,168.5,168.5,-,3.0,148762,25232949.0,-46704,0,-1173,40296,0,1010,87000,0,2183
20260402,6743,安普新,22.55,22.6,22.1,22.2,-,0.35,107085,2386079.0,-51000,0,3000,3000,0,3000,54000,0,0
20260402,2399,映泰,32.85,33.85,32.6,33.8,+,1.95,7527622,250986761.0,-104005,-3000,58000,217000,0,58000,321005,3000,0
20260402,8081,致新,233.0,233.5,227.5,230.5,-,1.5,269478,61852267.0,-69000,19000,981,62000,19000,6000,131000,0,5019
20260402,3031,佰鴻,22.85,24.0,22.25,23.5,+,0.7,2193820,51011673.0,-37000,0,-12887,436000,0,1000,473000,0,13887
20260402,00752,中信中國50,23.97,23.98,23.61,23.64,-,0.33,988681,23478852.0,-4000,0,-45985,11000,0,597000,15000,0,642985
20260402,6226,光鼎,12.8,12.8,12.0,12.0,-,0.9,1146480,13936339.0,-50000,0,0,12000,0,0,62000,0,0
20260402,1342,八貫,84.6,85.0,83.5,83.6,-,1.0,120173,10099052.0,-51000,0,0,17000,0,1000,68000,0,1000
20260402,2471,資通,52.0,52.0,50.6,50.6,-,1.3,123957,6333339.0,-53000,0,2000,20000,0,2000,73000,0,0
20260402,4426,利勤,9.0,9.0,8.82,8.9,-,0.1,281560,2512107.0,-47000,0,-4000,4000,0,0,51000,0,4000
20260402,2034,允強,20.55,20.55,20.2,20.25,-,0.05,618647,12569119.0,-64000,0,12776,158000,0,26000,222000,0,13224
20260402,6214,精誠,107.5,108.5,106.5,107.5,,0.0,322381,34661872.0,-50000,0,-1262,62000,0,1000,112000,0,2262
20260402,2727,王品,231.5,231.5,227.0,227.5,-,4.0,264126,60368207.0,-46000,0,-6227,68000,0,4000,114000,0,10227
20260402,6944,兆聯實業,814.0,829.0,780.0,780.0,-,30.0,852417,679267483.0,-6962,0,-45624,348038,0,9660,355000,0,55284
20260402,1734,杏輝,31.6,31.6,31.2,31.3,-,0.2,352351,11039308.0,-53000,0,0,104000,0,0,157000,0,0
20260402,8249,菱光,48.5,48.7,47.0,47.0,-,0.9,254274,12088745.0,-49000,0,-4029,67000,0,2000,116000,0,6029
20260402,6781,AES-KY,1010.0,1015.0,957.0,957.0,-,41.0,1169779,1144654918.0,3709,-38000,-18807,298709,0,25962,295000,38000,44769
20260402,6412,群電,73.2,74.0,72.7,73.0,,0.0,616638,45100445.0,-51000,-2399,-3,320000,0,0,371000,2399,3
20260402,9105,泰金寶-DR,5.62,5.67,5.53,5.54,-,0.01,7408993,41300988.0,-37000,0,-17577,1992000,0,37,2029000,0,17614
20260402,8072,陞泰,28.25,28.25,26.6,26.7,-,0.55,180547,4881322.0,-56000,0,1000,33000,0,1000,89000,0,0
20260402,2849,安泰銀,13.4,13.4,13.05,13.05,-,0.35,100135,1315017.0,-53000,0,-2000,10000,0,0,63000,0,2000
20260402,1612,宏泰,34.75,35.2,34.55,34.55,-,0.2,336459,11676591.0,-55000,0,-924,101000,0,0,156000,0,924
20260402,7799,禾榮科,346.5,353.5,339.5,341.0,-,7.0,315910,109113788.0,-56000,0,0,117000,0,1000,173000,0,1000
20260402,4536,拓凱,151.0,152.0,149.0,149.5,-,1.5,127598,19146397.0,-55000,0,-1085,19000,0,233,74000,0,1318
20260402,6177,達麗,47.05,47.3,46.5,46.9,-,0.15,494958,23169379.0,-13000,-8000,-35563,261000,0,4500,274000,8000,40063
20260402,2387,精元,40.05,40.3,39.25,39.5,-,0.45,732519,28996104.0,-58000,0,421,261000,0,1000,319000,0,579
20260402,1721,三晃,17.55,17.55,17.0,17.3,-,0.05,796162,13702565.0,-58000,0,0,169000,0,2000,227000,0,2000
20260402,1590,亞德客-KY,1025.0,1040.0,991.0,996.0,-,29.0,780687,784752571.0,-164810,0,106208,494720,0,117247,659530,0,11039
20260402,6776,展碁國際,58.5,59.1,57.0,57.0,-,1.3,317871,18302381.0,-59000,0,0,56000,0,0,115000,0,0
20260402,1709,和益,18.3,18.3,17.8,17.8,-,0.3,433090,7745215.0,-61000,0,1000,44000,0,8000,105000,0,7000
20260402,1540,喬福,22.4,22.5,21.85,21.9,-,0.5,164385,3620891.0,-71000,0,11000,11000,0,11000,82000,0,0
20260402,2405,輔信,15.5,15.65,15.1,15.2,-,0.2,1178078,17993825.0,-60000,0,0,203000,0,0,263000,0,0
20260402,3703,欣陸,22.3,22.45,22.2,22.25,-,0.15,447026,9957951.0,-42000,0,-19000,98000,0,6000,140000,0,25000
20260402,00690,兆豐藍籌30,52.4,52.45,50.9,51.0,-,1.0,224121,11504463.0,-2000,0,-59951,0,0,58000,2000,0,117951
20260402,2477,美隆電,24.2,24.3,23.85,24.0,+,0.1,138732,3336489.0,-54000,0,-9000,4000,0,0,58000,0,9000
20260402,1617,榮星,14.75,14.9,14.6,14.7,-,0.05,106160,1563067.0,-57000,0,-6030,1000,0,1000,58000,0,7030
20260402,2545,皇翔,35.9,36.05,35.5,35.85,+,0.1,190837,6825143.0,-63000,0,-442,31000,0,0,94000,0,442
20260402,4976,佳凌,27.95,28.4,27.1,27.1,-,0.65,308287,8438002.0,-64000,0,502,38000,0,1000,102000,0,498
20260402,3305,昇貿,106.0,107.0,101.5,101.5,-,3.5,2004884,208747147.0,-71000,0,7450,407000,0,53525,478000,0,46075
20260402,6799,來頡,74.6,74.6,73.2,73.8,-,0.9,150014,11048271.0,-63000,0,-1327,20000,0,1000,83000,0,2327
20260402,2231,為升,119.0,119.5,111.0,112.0,-,9.0,1381647,157985272.0,-144999,0,80512,106001,0,85000,251000,0,4488
20260402,2375,凱美,76.8,77.4,72.5,72.6,-,3.5,849051,62949631.0,-47000,0,-17761,180000,0,4922,227000,0,22683
20260402,1340,勝悅-KY,6.64,6.9,6.59,6.66,-,0.04,354582,2365522.0,-67000,0,2000,34000,0,2000,101000,0,0
20260402,6133,金橋,23.0,23.0,21.95,21.95,-,0.7,1018105,22656379.0,-74000,0,9000,184000,0,9000,258000,0,0
20260402,8114,振樺電,170.5,171.0,166.0,167.0,-,2.5,257433,43128083.0,-67000,0,1886,56000,0,5982,123000,0,4096
20260402,3054,立萬利,77.2,81.7,67.4,67.4,-,6.9,2510579,191302853.0,-25700,0,-39626,330300,0,9088,356000,0,48714
20260402,6558,興能高,28.0,28.5,27.2,27.2,-,1.05,342526,9430896.0,-66000,0,0,96000,0,0,162000,0,0
20260402,1598,岱宇,19.9,19.9,19.4,19.65,-,0.25,298356,5873033.0,-66000,0,0,57000,0,0,123000,0,0
20260402,9940,信義,20.05,20.1,19.85,20.0,-,0.05,183228,3655288.0,-62000,0,-4132,29000,0,5000,91000,0,9132
20260402,3622,洋華,57.8,57.8,56.4,56.6,-,0.5,146837,8316533.0,-66000,0,-964,14000,0,2000,80000,0,2964
20260402,1446,宏和,16.7,16.7,16.3,16.4,-,0.3,289826,4768889.0,-60000,0,-7000,61000,0,0,121000,0,7000
20260402,2468,華經,34.5,34.9,33.65,33.65,-,1.0,248620,8455599.0,-68000,0,339,62000,0,1000,130000,0,661
20260402,3013,晟銘電,100.5,101.5,98.0,98.2,-,1.7,1533739,152481572.0,-50160,0,-19365,416840,0,5011,467000,0,24376
20260402,3015,全漢,50.6,50.6,49.5,49.5,-,0.7,206513,10306932.0,-66000,-2558,-2145,44000,0,0,110000,2558,2145
20260402,6515,穎崴,7600.0,7600.0,6565.0,6605.0,-,685.0,435413,2918500355.0,62590,-144000,9986,106103,3000,33040,43513,147000,23054
20260402,1806,冠軍,8.59,8.59,8.41,8.43,-,0.08,195999,1656279.0,-41000,0,-33000,16000,0,0,57000,0,33000
20260402,1810,和成,17.35,17.45,16.9,16.9,-,0.45,432705,7387128.0,-77000,0,2999,109000,0,4000,186000,0,1001
20260402,1603,華電,32.0,32.2,31.75,31.75,-,0.35,208229,6635686.0,-79000,0,4000,45000,0,4000,124000,0,0
20260402,6862,三集瑞-KY,162.0,164.5,157.5,159.5,-,2.0,344848,55183711.0,-70950,0,-4578,86050,0,142,157000,0,4720
20260402,2022,聚亨,8.91,9.08,8.88,8.89,-,0.11,406709,3632539.0,-94000,0,18000,42000,0,18000,136000,0,0
20260402,00899,FT潔淨能源,23.71,23.73,23.47,23.47,-,0.22,286282,6778628.0,1000,0,-77337,1000,0,104000,0,0,181337
20260402,4968,立積,105.5,106.5,101.5,102.0,-,3.0,928404,95540029.0,-70904,0,-5609,344096,0,10308,415000,0,15917
20260402,2607,榮運,52.0,52.1,51.4,51.5,-,0.5,252981,13042497.0,-70000,0,-7000,81000,0,0,151000,0,7000
20260402,2059,川湖,3500.0,3560.0,3340.0,3345.0,-,110.0,520393,1788638950.0,-79508,8129,-6408,226597,15129,11793,306105,7000,18201
20260402,00930,永豐ESG低碳高息,17.2,17.23,16.83,16.89,-,0.21,531977,9037921.0,34293,0,-112138,46293,0,155000,12000,0,267138
20260402,9921,巨大,71.6,71.8,70.3,71.1,-,0.5,1233185,87463092.0,-84843,0,6495,691700,0,38024,776543,0,31529
20260402,3017,奇鋐,2140.0,2150.0,2065.0,2070.0,-,40.0,3100871,6506852315.0,-52280,105000,-131360,1319525,107000,55954,1371805,2000,187314
20260402,4912,聯德控股-KY,90.6,90.6,88.0,88.2,-,2.2,244172,21710551.0,-79000,-1000,1000,23000,0,1000,102000,1000,0
20260402,5244,弘凱,38.7,40.5,38.2,40.2,+,1.25,1949079,77236151.0,-79000,0,-9,365000,0,0,444000,0,9
20260402,1532,勤美,22.0,22.0,21.7,21.7,-,0.1,258807,5649504.0,-73000,-5125,-1000,34000,0,0,107000,5125,1000
20260402,2360,致茂,1620.0,1695.0,1520.0,1535.0,-,75.0,5962929,9425242887.0,-423756,288656,55184,3528557,294456,175341,3952313,5800,120157
20260402,2431,聯昌,12.05,12.05,11.65,11.65,-,0.25,426112,5008017.0,-81000,0,928,39000,0,1000,120000,0,72
20260402,3052,夆典,11.0,11.0,10.95,10.95,-,0.05,306181,3357069.0,-64000,0,-17000,28000,0,0,92000,0,17000
20260402,00730,富邦臺灣優質高息,22.37,22.59,22.15,22.2,-,0.16,265022,5931872.0,67000,0,-149362,69000,0,57125,2000,0,206487
20260402,2617,台航,30.55,30.65,30.05,30.2,-,0.3,336552,10178419.0,-63000,0,-21101,91000,0,300,154000,0,21401
20260402,00911,兆豐洲際半導體,36.2,36.52,36.0,36.0,+,0.18,364988,13200828.0,201,0,-86214,201,0,169000,0,0,255214
20260402,2359,所羅門,111.0,111.5,107.0,107.5,-,3.5,562704,61228503.0,-82000,0,-5495,111000,0,1000,193000,0,6495
20260402,2612,中航,55.0,55.0,53.5,53.8,-,0.8,244880,13237997.0,-73000,0,-14606,88000,0,0,161000,0,14606
20260402,6525,捷敏-KY,80.5,81.0,79.6,79.6,-,0.9,163072,13039592.0,-87000,0,-1000,12000,0,0,99000,0,1000
20260402,8476,台境*,19.0,19.15,18.5,18.5,-,0.45,322846,6040631.0,-70000,0,-18000,44000,0,2000,114000,0,20000
20260402,1616,億泰,23.35,23.55,23.05,23.05,-,0.25,300902,6974319.0,-88000,0,-79,55000,0,0,143000,0,79
20260402,4771,望隼,182.5,183.5,179.0,179.5,-,3.0,219535,39531386.0,-89000,0,0,24000,0,0,113000,0,0
20260402,6024,群益期,56.5,56.8,55.8,55.9,-,0.5,275065,15421068.0,-99865,0,10000,55135,0,10000,155000,0,0
20260402,2838,聯邦銀,20.9,21.0,20.7,20.75,-,0.15,773032,16110515.0,-69000,-4000,-17000,373000,0,11000,442000,4000,28000
20260402,2630,亞航,47.8,48.4,46.55,46.55,-,1.15,719256,33858985.0,-71000,0,-19550,178000,0,4000,249000,0,23550
20260402,2208,台船,20.5,20.65,20.1,20.2,-,0.2,3024717,61377660.0,-104420,0,11000,1037580,0,21000,1142000,0,10000
20260402,2241,艾姆勒,29.0,29.0,28.2,28.2,-,0.8,220308,6265150.0,-95122,0,1000,14878,0,1000,110000,0,0
20260402,2528,皇普,24.65,25.0,24.0,25.0,+,0.35,615638,15048053.0,-95100,0,0,84000,0,0,179100,0,0
20260402,6605,帝寶,135.5,135.5,132.0,132.0,-,3.5,190170,25304971.0,-97000,0,1865,13000,0,8000,110000,0,6135
20260402,6128,上福,20.9,21.0,20.7,20.95,+,0.05,170384,3552929.0,-96000,0,781,3000,0,2000,99000,0,1219
20260402,1522,堤維西,32.4,32.4,31.65,31.65,-,0.55,500828,15941115.0,-92000,-3217,-291,133000,0,3000,225000,3217,3291
20260402,1414,東和,17.2,17.2,16.55,16.6,-,0.55,344229,5756936.0,-101000,0,5000,29000,0,5000,130000,0,0
20260402,00728,第一金工業30,44.73,44.73,42.7,42.99,-,1.2,341337,14848527.0,-3000,0,-93621,0,0,199751,3000,0,293372
20260402,3515,華擎,209.5,209.5,201.0,201.0,-,6.0,409621,83048519.0,-104700,0,7244,96300,0,32214,201000,0,24970
20260402,2404,漢唐,846.0,851.0,824.0,829.0,-,5.0,2650770,2206771844.0,533407,-628000,-3230,1492817,85000,81230,959410,713000,84460
20260402,6235,華孚,47.1,47.35,46.0,46.0,-,1.2,437160,20261261.0,-99211,0,1019,67789,0,4962,167000,0,3943
20260402,8473,山林水,38.3,38.35,37.5,37.7,-,0.15,318502,12057084.0,-98000,0,-486,54000,0,1000,152000,0,1486
20260402,6669,緯穎,3495.0,3510.0,3375.0,3410.0,-,10.0,1307355,4492280295.0,-62089,-31671,-5928,765566,1329,37113,827655,33000,43041
20260402,2905,三商,14.55,14.6,14.35,14.4,-,0.15,310824,4498396.0,-93000,0,-6882,48000,0,1000,141000,0,7882
20260402,1104,環泥,29.6,29.7,29.35,29.35,-,0.25,276164,8137162.0,-101000,0,442,55000,0,2000,156000,0,1558
20260402,3717,聯嘉投控,22.85,22.85,22.1,22.1,-,0.75,1483852,33202233.0,-122000,0,20000,297000,0,20000,419000,0,0
20260402,2362,藍天,38.1,38.1,37.3,37.6,-,0.15,327739,12279695.0,-99000,-1000,-2350,102000,0,1000,201000,1000,3350
20260402,1560,中砂,460.0,474.5,442.5,443.0,-,9.0,1998946,913266251.0,-45951,-23000,-34921,744000,0,58541,789951,23000,93462
20260402,2611,志信,13.95,14.0,13.85,13.85,-,0.1,214179,2979128.0,-104000,0,0,1000,0,0,105000,0,0
20260402,2836,高雄銀,12.15,12.15,12.1,12.15,+,0.05,590700,7154540.0,-267000,0,163000,54000,0,163000,321000,0,0
20260402,3138,耀登,173.0,177.0,160.0,160.0,-,10.5,2885573,483850833.0,-106908,0,1942,812000,0,26000,918908,0,24058
20260402,6719,力智,164.0,164.5,159.0,159.5,-,3.5,281820,45204343.0,-104000,0,-3279,57000,0,8309,161000,0,11588
20260402,6869,雲豹能源,88.7,89.0,85.0,85.0,-,3.9,842967,72720587.0,-110980,0,1401,93020,0,5924,204000,0,4523
20260402,6166,凌華,58.4,58.9,56.9,57.0,-,0.8,291451,16729062.0,-103870,0,-7871,34130,0,3000,138000,0,10871
20260402,9955,佳龍,31.9,31.95,30.45,30.45,-,0.85,319472,9886217.0,-105000,0,-10000,42000,0,0,147000,0,10000
20260402,2534,宏盛,19.8,19.9,19.65,19.75,-,0.05,236637,4660056.0,-116000,0,0,10000,0,0,126000,0,0
20260402,1301,台塑,46.6,46.85,45.75,45.9,-,0.75,17355217,799950996.0,138228,0,-254682,7103665,0,233000,6965437,0,487682
20260402,2882,國泰金,72.1,72.3,71.1,71.8,-,0.1,18054289,1291020598.0,-1193596,1643586,-566949,13388904,1676697,61946,14582500,33111,628895
20260402,00876,元大全球5G,62.95,63.05,61.35,61.35,-,0.4,319901,19724881.0,-122882,0,5478,32118,0,108000,155000,0,102522
20260402,6994,富威電力,69.3,70.4,65.6,65.6,-,7.2,2305492,153393007.0,-115000,0,-2584,385000,0,2924,500000,0,5508
20260402,8163,達方,27.4,27.5,27.0,27.0,-,0.2,337654,9164735.0,-121000,-3803,2624,30000,0,15002,151000,3803,12378
20260402,6206,飛捷,99.0,99.0,96.3,96.7,-,2.0,479629,46595526.0,-130000,-1288,7810,115000,0,20157,245000,1288,12347
20260402,1611,中電,12.3,12.3,12.15,12.2,-,0.1,249748,3048234.0,-123000,0,-532,13000,0,1000,136000,0,1532
20260402,1795,美時,217.0,219.5,213.5,216.0,+,2.0,2175589,470477588.0,-105075,-6000,-12492,502500,0,17182,607575,6000,29674
20260402,3532,台勝科,136.0,137.5,129.5,130.5,-,4.5,1061919,140990827.0,-94100,0,-29511,340900,0,11005,435000,0,40516
20260402,6142,友勁,9.51,9.57,9.35,9.38,-,0.13,512582,4818689.0,-124000,0,0,33000,0,0,157000,0,0
20260402,5519,隆大,33.2,33.5,33.2,33.2,-,0.25,318238,10589525.0,-108000,0,-19693,28000,0,7000,136000,0,26693
20260402,00913,兆豐台灣晶圓製造,29.85,29.87,28.7,28.71,-,0.76,501991,14663853.0,247000,0,-375178,248000,0,100000,1000,0,475178
20260402,2428,興勤,156.0,156.0,149.5,150.0,-,5.5,455408,68781228.0,-126000,0,-2726,119000,0,3000,245000,0,5726
20260402,00652,富邦印度,32.29,32.63,31.44,31.52,-,0.66,682326,21610284.0,-2000,0,-127608,4000,0,377000,6000,0,504608
20260402,2436,偉詮電,61.5,62.0,58.9,59.6,-,1.5,2187231,131542704.0,-95800,-17000,-16865,596200,0,444,692000,17000,17309
20260402,6215,和椿,98.6,98.9,94.1,94.1,-,3.9,816402,77925732.0,-119990,0,-9843,170010,0,4962,290000,0,14805
20260402,8926,台汽電,43.7,43.8,43.0,43.45,-,0.2,1389137,60168111.0,-176000,52000,-5871,417000,52000,13000,593000,0,18871
20260402,1460,宏遠,7.16,7.17,7.05,7.1,-,0.06,456652,3254804.0,-129000,0,-1000,30000,0,0,159000,0,1000
20260402,3008,大立光,2215.0,2215.0,2135.0,2140.0,-,50.0,466551,1006978430.0,-126376,670,-5168,142119,1000,72186,268495,330,77354
20260402,2474,可成,190.5,192.5,189.5,190.5,+,1.0,1827410,348123828.0,-300285,-1000,169003,947363,9000,178373,1247648,10000,9370
20260402,5471,松翰,38.45,38.7,36.7,36.85,-,1.6,469308,17485227.0,-132750,0,51,94250,0,4000,227000,0,3949
20260402,3014,聯陽,116.5,116.5,115.0,115.5,-,0.5,502368,58043803.0,-165000,31944,0,115000,33000,2000,280000,1056,2000
20260402,3592,瑞鼎,227.0,227.0,217.0,218.0,-,7.0,410096,90485115.0,-151000,20000,-2816,77000,20000,2864,228000,0,5680
20260402,2233,宇隆,227.0,232.0,218.5,218.5,-,7.0,538546,120444869.0,-120000,-1000,-16150,98000,0,2960,218000,1000,19110
20260402,6197,佳必琪,164.5,164.5,157.0,157.5,-,5.5,1745762,278720883.0,-125000,0,-12470,444000,0,15716,569000,0,28186
20260402,2401,凌陽,20.05,20.1,19.6,19.6,-,0.3,1630716,32213701.0,-141000,-20000,22254,446000,0,35844,587000,20000,13590
20260402,1503,士電,184.5,186.5,179.0,179.0,-,3.5,1061396,192851299.0,-130223,0,-9167,336777,0,30897,467000,0,40064
20260402,2395,研華,334.0,334.0,317.0,323.5,-,7.5,2038229,658237357.0,-130350,0,-9162,1031730,1000,34271,1162080,1000,43433
20260402,2478,大毅,60.0,60.1,57.5,57.5,-,1.7,884326,51697907.0,-139000,0,-1218,251000,0,17922,390000,0,19140
20260402,6449,鈺邦,152.0,153.0,147.0,147.5,-,3.5,405282,60282962.0,-138000,0,-2247,57000,0,1056,195000,0,3303
20260402,9136,巨騰-DR,8.88,8.88,8.61,8.7,,0.0,1086271,9464279.0,-141000,0,0,104000,0,0,245000,0,0
20260402,3035,智原,146.0,147.0,139.0,139.0,-,5.5,1933823,274276147.0,-44240,0,-97755,485760,0,54000,530000,0,151755
20260402,4977,眾達-KY,186.0,191.0,178.0,178.0,-,4.5,5730747,1058633014.0,-143950,0,1673,1481050,0,24472,1625000,0,22799
20260402,4414,如興,12.05,12.3,11.8,11.8,-,0.25,462023,5534217.0,-116526,0,-29000,87000,0,0,203526,0,29000
20260402,4722,國精化,166.0,166.5,159.0,159.0,-,5.5,814588,131310326.0,-138150,-15000,5209,122000,0,36805,260150,15000,31596
20260402,1442,名軒,26.3,26.35,25.85,26.15,-,0.15,269139,7035339.0,-151000,0,-199,41000,0,0,192000,0,199
20260402,3004,豐達科,106.5,109.0,102.0,103.0,-,5.0,410272,42695174.0,-139649,0,-11662,61000,0,0,200649,0,11662
20260402,6934,心誠鎂,86.0,89.0,82.1,83.1,-,2.0,652572,55434162.0,-127000,0,-24534,144000,0,0,271000,0,24534
20260402,1338,廣華-KY,17.9,17.9,16.1,16.3,-,0.85,1041880,17503535.0,-151000,0,-4661,156000,0,3000,307000,0,7661
20260402,00861,元大全球未來通訊,64.4,64.4,63.0,63.3,-,0.55,307559,19619165.0,-16864,0,-139156,136,0,122000,17000,0,261156
20260402,2542,興富發,35.55,35.55,34.95,35.0,-,0.4,2141099,75234241.0,-80000,-9000,-67189,858000,1000,1000,938000,10000,68189
20260402,3059,華晶科,36.5,36.5,35.4,35.4,-,0.7,903935,32229649.0,-157000,0,-215,177000,0,7864,334000,0,8079
20260402,6205,詮欣,54.0,54.6,51.4,51.8,-,1.8,559371,29414641.0,-157000,-1000,481,99000,0,2000,256000,1000,1519
20260402,1736,喬山,130.5,131.0,122.5,123.0,-,7.5,397070,50025323.0,-152000,0,-6551,103000,0,0,255000,0,6551
20260402,2731,雄獅,163.0,163.0,159.0,159.5,-,1.5,373439,59900597.0,-162000,0,-1526,47000,0,10000,209000,0,11526
20260402,8070,長華*,43.4,43.75,42.65,43.0,-,0.35,1496515,64271553.0,-188000,53000,-33977,532000,53000,22982,720000,0,56959
20260402,9946,三發地產,17.6,17.6,17.05,17.1,-,0.5,304658,5257383.0,-176000,0,-1000,24000,0,0,200000,0,1000
20260402,3019,亞光,124.5,125.0,120.0,120.5,-,2.5,1858720,225481270.0,-134000,0,-44657,471000,0,24932,605000,0,69589
20260402,1227,佳格,31.25,31.25,30.65,30.75,-,0.3,642756,19795367.0,-174000,0,-7000,107000,0,0,281000,0,7000
20260402,5388,中磊,78.4,81.9,77.5,79.8,+,3.2,8389602,669668424.0,11000,0,-193115,3658000,0,58100,3647000,0,251215
20260402,2543,皇昌,58.2,59.2,57.4,57.4,-,0.6,1585715,92073265.0,-152000,0,-33664,274000,0,12922,426000,0,46586
20260402,2211,長榮鋼,100.0,100.0,98.5,99.0,-,1.0,478358,47361909.0,-250000,67675,-3802,111000,70000,1000,361000,2325,4802
20260402,3058,立德,9.58,9.58,9.35,9.39,-,0.11,556156,5232603.0,-187000,0,0,28000,0,0,215000,0,0
20260402,5531,鄉林,8.86,8.89,8.75,8.88,+,0.01,500661,4413632.0,-184000,0,-4000,26000,0,0,210000,0,4000
20260402,3032,偉訓,63.5,64.0,61.1,61.1,-,2.2,527292,32622916.0,-188000,0,-281,97000,0,5000,285000,0,5281
20260402,2486,一詮,149.0,149.0,142.5,149.0,+,4.0,1726082,254439891.0,-273000,0,83076,278000,0,103076,551000,0,20000
20260402,3047,訊舟,16.25,16.3,15.5,15.6,-,0.45,1157278,18166904.0,-193000,0,2662,163000,0,7000,356000,0,4338
20260402,1563,巧新,41.9,42.15,41.0,41.6,-,0.5,882611,36574266.0,-188000,0,-3271,164000,0,0,352000,0,3271
20260402,1524,耿鼎,31.0,31.05,30.05,30.1,-,0.5,1136180,34524021.0,-192000,0,-1000,139000,0,0,331000,0,1000
20260402,2476,鉅祥,84.0,86.9,83.2,83.9,-,0.5,890519,75316611.0,-177000,0,-16700,180000,0,4300,357000,0,21000
20260402,1519,華城,824.0,832.0,797.0,797.0,-,15.0,2208904,1786357488.0,-104433,-81600,-7910,966280,0,50136,1070713,81600,58046
20260402,4306,炎洲,13.85,13.85,13.55,13.6,-,0.1,944509,12857217.0,-208000,0,12000,80000,0,12000,288000,0,0
20260402,5880,合庫金,23.85,23.9,23.6,23.65,-,0.15,9246456,218925923.0,-126472,-34000,-37170,6230645,0,274000,6357117,34000,311170
20260402,4532,瑞智,26.15,26.4,25.85,26.05,+,0.05,1139971,29735863.0,-205000,-5627,11769,211000,0,18088,416000,5627,6319
20260402,00897,富邦基因免疫生技,9.76,9.83,9.67,9.67,-,0.04,388803,3783102.0,-112000,0,-87926,8000,0,144449,120000,0,232375
20260402,2413,環科,50.0,51.7,48.55,48.55,-,1.55,2742065,136372303.0,-201000,-1000,1646,772000,0,7000,973000,1000,5354
20260402,2511,太子,8.13,8.13,8.04,8.05,-,0.06,971037,7826551.0,-157000,0,-45000,99000,0,0,256000,0,45000
20260402,3550,聯穎,18.55,18.8,17.55,17.6,-,0.95,1710771,30824215.0,-207000,0,3484,354000,0,6000,561000,0,2516
20260402,3050,鈺德,13.3,13.3,12.95,13.05,-,0.2,506396,6606082.0,-206000,0,1000,33000,0,1000,239000,0,0
20260402,1319,東陽,82.1,82.8,80.1,80.1,-,1.9,1708573,138171084.0,-462599,-2507,258078,670401,0,279000,1133000,2507,20922
20260402,00735,國泰臺韓科技,67.0,67.25,64.3,64.35,-,2.15,1796373,117348745.0,-303960,0,96272,301040,0,231396,605000,0,135124
20260402,1735,日勝化,25.0,25.0,23.0,23.0,-,2.5,876899,20624657.0,14000,0,-222092,22000,0,3000,8000,0,225092
20260402,2020,美亞,25.05,25.05,24.6,24.85,-,0.1,563579,13960690.0,-205000,0,-3239,99000,0,3000,304000,0,6239
20260402,8016,矽創,194.5,196.0,190.0,191.0,-,3.5,403010,77216678.0,-153000,20340,-80358,71000,21000,6964,224000,660,87322
20260402,00896,中信綠能及電動車,20.98,21.19,20.44,20.5,-,0.45,2011589,41777887.0,492000,0,-705831,611000,0,345227,119000,0,1051058
20260402,1215,卜蜂,138.5,142.0,138.5,139.0,+,0.5,907431,127251766.0,-210000,0,-3832,339000,0,7000,549000,0,10832
20260402,1434,福懋,16.75,16.75,16.5,16.5,-,0.15,691810,11465544.0,-230000,26000,-13000,133000,26000,0,363000,0,13000
20260402,5534,長虹,79.0,79.0,77.4,77.7,-,1.0,553613,43089224.0,-222000,0,3817,107000,0,15904,329000,0,12087
20260402,2365,昆盈,31.6,31.6,30.5,30.5,-,0.7,1077586,33116715.0,-223000,0,2116,164000,0,7000,387000,0,4884
20260402,3591,艾笛森,20.65,22.05,20.15,21.3,+,0.75,7428283,158579529.0,-40000,0,-182735,1687000,0,132000,1727000,0,314735
20260402,2539,櫻花建,48.0,48.15,47.5,47.55,-,0.35,479018,22832922.0,-223000,0,-424,88000,0,13000,311000,0,13424
20260402,00951,台新日本半導體,13.35,13.5,12.88,12.97,-,0.2,2373452,31237501.0,14160,0,-242310,168160,0,1293398,154000,0,1535708
20260402,6691,洋基工程,578.0,580.0,561.0,561.0,-,13.0,461761,262331104.0,-210000,-17000,-1479,106000,0,12000,316000,17000,13479
20260402,2305,全友,15.9,16.85,15.5,16.2,+,0.3,4515083,72903635.0,-247000,0,17423,1027000,0,28945,1274000,0,11522
20260402,4540,全球傳動,42.5,42.85,40.7,40.8,-,1.1,767047,31748727.0,-231000,0,-3745,120000,0,0,351000,0,3745
20260402,1609,大亞,32.9,33.25,32.3,32.35,-,0.15,2731794,89393732.0,-231093,-1000,-6050,771907,0,28944,1003000,1000,34994
20260402,3545,敦泰,48.7,49.2,47.0,47.7,-,1.0,1690779,80904121.0,-223000,0,-15799,517000,0,2527,740000,0,18326
20260402,2493,揚博,110.5,110.5,103.0,103.5,-,5.5,772190,81661376.0,-224324,-2000,-15837,156676,0,2922,381000,2000,18759
20260402,6409,旭隼,782.0,783.0,739.0,739.0,-,39.0,600389,451760308.0,-239555,6447,-9532,156297,7447,7333,395852,1000,16865
20260402,3661,世芯-KY,2815.0,2830.0,2700.0,2705.0,-,25.0,2298688,6343803222.0,-421166,154200,21252,711498,173000,105651,1132664,18800,84399
20260402,8271,宇瞻,146.5,147.5,142.0,145.5,+,2.5,1091301,158898668.0,-149000,-2000,-97500,170000,0,2000,319000,2000,99500
20260402,3645,達邁,74.6,77.3,72.9,73.2,+,0.1,7517795,564301248.0,-199000,0,-55621,2314000,0,45134,2513000,0,100755
20260402,2530,華建,25.05,25.05,23.95,24.05,-,0.85,1146927,27810893.0,-512002,0,252000,233000,0,265000,745002,0,13000
20260402,3016,嘉晶,53.4,53.6,51.0,51.0,-,1.8,1139627,58997650.0,-208000,0,-55117,234000,0,1000,442000,0,56117
20260402,1587,吉茂,37.3,37.7,35.8,36.2,-,0.35,643528,23487075.0,-263000,0,-657,87000,0,0,350000,0,657
20260402,6153,嘉聯益,16.4,16.8,16.1,16.2,,0.0,2220014,36346086.0,-277000,0,12997,441000,0,36000,718000,0,23003
20260402,00924,復華S&P500成長,27.54,27.54,27.07,27.08,-,0.18,1828663,49784373.0,-217458,0,-49122,80542,0,386997,298000,0,436119
20260402,2535,達欣工,71.1,71.2,70.2,70.7,-,0.2,779818,55126996.0,-326000,0,49973,231000,0,66000,557000,0,16027
20260402,8033,雷虎,139.0,140.0,133.0,134.0,-,5.0,2281017,308688345.0,-280782,0,0,302218,0,81000,583000,0,81000
20260402,2616,山隆,16.35,16.65,16.15,16.25,-,0.55,1371005,22441813.0,-279599,0,-2469,185000,0,8000,464599,0,10469
20260402,1513,中興電,147.0,148.0,143.5,144.0,-,1.0,2855384,413978290.0,-269043,0,-14958,1039957,0,78354,1309000,0,93312
20260402,3028,增你強,51.8,52.9,50.0,50.2,-,0.2,3514271,180390956.0,-257120,0,-27283,1097880,0,4864,1355000,0,32147
20260402,1710,東聯,14.7,14.7,14.15,14.2,-,0.35,8656083,124238380.0,-320000,0,35110,2640000,0,49004,2960000,0,13894
20260402,3029,零壹,97.0,97.5,93.7,93.9,-,2.0,1719396,163515660.0,-229000,0,-55914,381000,0,19000,610000,0,74914
20260402,3694,海華,55.7,56.5,53.6,53.6,-,2.0,783485,42802974.0,-290000,0,1416,126000,0,7000,416000,0,5584
20260402,1808,潤隆,30.85,30.9,30.2,30.4,-,0.45,631781,19230504.0,-263000,0,-31000,97000,0,0,360000,0,31000
20260402,2603,長榮,204.0,204.5,201.0,202.5,-,2.0,6011232,1218056499.0,-627476,-14000,347240,2615523,0,680840,3242999,14000,333600
20260402,2441,超豐,88.8,89.9,84.8,85.0,-,3.4,2934532,254112043.0,-187668,11000,-118273,987772,60000,63601,1175440,49000,181874
20260402,6477,安集,33.9,34.05,32.75,32.75,-,0.85,684366,22622199.0,-295164,0,-583,99000,0,1000,394164,0,1583
20260402,1722,台肥,46.0,46.05,45.4,45.55,-,0.55,1715230,78214189.0,-204830,0,-93027,423170,0,5000,628000,0,98027
20260402,2484,希華,32.0,32.5,29.75,30.35,-,0.9,9183197,283623977.0,-304000,0,3011,1903000,0,6020,2207000,0,3009
20260402,6414,樺漢,275.0,275.5,271.0,272.5,-,2.0,1048650,286637431.0,-277950,-1000,-22094,228050,0,1924,506000,1000,24018
20260402,2392,正崴,34.4,34.8,33.4,34.0,-,1.7,4764775,161763024.0,-266650,0,-35976,1516100,0,126851,1782750,0,162827
20260402,2439,美律,85.5,86.0,83.7,83.8,-,1.5,732968,61888766.0,-279000,-2358,-21517,162000,0,1000,441000,2358,22517
20260402,5203,訊連,63.9,66.1,62.6,63.7,+,0.5,808122,52238067.0,-306000,0,-2666,143000,0,3000,449000,0,5666
20260402,5222,全訊,127.5,128.0,122.0,122.5,-,4.5,873594,108352623.0,-301990,0,-8449,92010,0,10000,394000,0,18449
20260402,6155,鈞寶,45.3,45.75,42.0,42.0,-,2.5,1199289,51657492.0,-314000,0,1954,253000,0,8000,567000,0,6046
20260402,6831,邁科,403.0,411.5,386.0,386.5,,0.0,1562545,619001833.0,-316000,0,501,210000,0,1000,526000,0,499
20260402,2464,盟立,68.2,69.2,66.2,66.5,-,1.6,1893976,127440849.0,-266000,0,-51733,351000,0,10000,617000,0,61733
20260402,4934,太極,17.05,17.05,15.9,15.95,-,0.7,1129659,18252694.0,-318000,0,0,104000,0,4000,422000,0,4000
20260402,00947,台新臺灣IC設計,23.6,23.7,22.52,22.73,-,0.38,4043320,93222996.0,165000,0,-484063,1139000,0,1109050,974000,0,1593113
20260402,8213,志超,33.7,34.4,32.9,33.3,-,0.35,565065,18878633.0,-313000,0,-10000,66000,0,0,379000,0,10000
20260402,2342,茂矽,29.0,29.1,28.0,28.0,-,0.8,872701,24697083.0,-324000,0,-1791,163000,0,4000,487000,0,5791
20260402,3030,德律,255.5,261.5,247.5,247.5,-,9.0,5401950,1366156392.0,-106970,-127000,-92169,1929030,0,35737,2036000,127000,127906
20260402,6176,瑞儀,93.5,94.0,91.8,92.0,-,1.5,1917521,177365455.0,-474000,-4014,147713,1021000,4000,150298,1495000,8014,2585
20260402,4916,事欣科,57.5,58.5,54.6,54.6,-,2.8,2884387,162581210.0,-216650,-1000,-115498,666350,0,2942,883000,1000,118440
20260402,2363,矽統,48.2,48.55,46.3,46.3,-,1.35,2486682,116596978.0,-289000,0,-45457,621000,0,8406,910000,0,53863
20260402,2472,立隆電,135.5,137.0,130.0,131.5,-,1.5,5036739,671541860.0,-246255,0,-89740,1434745,0,67073,1681000,0,156813
20260402,2614,東森,21.0,21.3,20.45,20.45,-,0.4,841041,17536277.0,-364000,0,21000,128000,0,21000,492000,0,0
20260402,6202,盛群,47.95,48.2,44.95,45.3,-,2.4,1942136,89085288.0,-345100,0,-771,574000,0,23000,919100,0,23771
20260402,2915,潤泰全,48.2,48.45,47.7,47.9,-,0.3,1105824,53101684.0,-298000,-7000,-42000,369000,0,1000,667000,7000,43000
20260402,4915,致伸,72.4,72.7,70.9,71.0,-,1.1,1044871,74555871.0,-434000,79189,-341,196000,81000,4000,630000,1811,4341
20260402,00904,台新臺灣半導體30,28.6,28.7,27.57,27.7,-,0.54,4530616,127146933.0,-88000,0,-267973,308000,0,2048504,396000,0,2316477
20260402,5522,遠雄,73.0,73.0,70.2,72.7,+,0.1,1201553,86059350.0,-357425,0,1000,375000,0,18000,732425,0,17000
20260402,4961,天鈺,153.5,154.0,148.0,149.0,-,4.0,955606,143023980.0,-394000,29000,2240,104000,29000,4000,498000,0,1760
20260402,3653,健策,4055.0,4065.0,3710.0,3710.0,-,240.0,1635526,6259854758.0,-391440,23500,-3886,644215,57500,107657,1035655,34000,111543
20260402,2014,中鴻,18.6,18.7,18.2,18.3,,0.0,5182198,95381582.0,-394136,0,21998,1546864,0,36000,1941000,0,14002
20260402,5234,達興材料,363.0,372.5,355.0,357.0,-,4.0,1444956,523169149.0,-345900,-14000,-12844,478100,0,17139,824000,14000,29983
20260402,6962,奕力-KY,33.5,33.65,32.45,32.6,-,0.7,2124569,69491976.0,-367000,0,-6181,390000,0,3350,757000,0,9531
20260402,3062,建漢,34.0,34.1,30.75,31.05,-,1.55,77056426,2478295325.0,-339358,0,-37307,20314293,0,325657,20653651,0,362964
20260402,3042,晶技,94.0,94.2,91.4,91.8,-,2.1,1770224,163840795.0,-375050,0,-11349,420000,0,16928,795050,0,28277
20260402,3034,聯詠,392.5,396.0,382.0,382.0,-,9.5,2805846,1081803928.0,-489728,15080,84691,1201939,37080,214360,1691667,22000,129669
20260402,1440,南紡,12.8,12.85,12.65,12.7,-,0.1,826257,10507946.0,-384000,0,-6972,66000,0,34000,450000,0,40972
20260402,1476,儒鴻,331.5,332.0,321.5,322.5,-,8.5,1970056,638969550.0,-357144,-24831,-9723,1270856,2169,52000,1628000,27000,61723
20260402,3596,智易,170.0,174.0,165.0,165.0,-,2.0,3992123,673305093.0,-408900,31000,-29144,1171100,31000,19331,1580000,0,48475
20260402,5521,工信,12.7,12.85,12.35,12.65,+,0.05,3907873,48993475.0,-431000,0,17909,1118000,0,19000,1549000,0,1091
20260402,1789,神隆,22.0,22.8,21.9,22.65,+,0.95,3275968,73538490.0,-418502,0,-1087,562000,0,11000,980502,0,12087
20260402,2385,群光,121.5,122.5,120.0,121.0,+,1.0,3609710,436769907.0,-643528,-35925,259235,1851472,15131,271290,2495000,51056,12055
20260402,3006,晶豪科,159.5,160.0,150.0,150.5,-,6.0,2862899,440396490.0,-183041,-35000,-207211,125020,0,32000,308061,35000,239211
20260402,8996,高力,915.0,936.0,865.0,866.0,-,42.0,4300820,3864658750.0,-429850,16999,-16831,1230350,19000,95439,1660200,2001,112270
20260402,4906,正文,41.55,42.0,39.0,39.3,-,0.35,188353559,7633250948.0,-424550,-5353,-3612,43033450,0,577116,43458000,5353,580728
20260402,1727,中華化,49.5,50.0,48.1,48.1,-,1.15,2631100,128166503.0,-439500,-2000,140,552500,0,4000,992000,2000,3860
20260402,1712,興農,43.95,44.0,43.4,43.55,-,0.55,672805,29362149.0,-246000,0,-198781,75000,0,12000,321000,0,210781
20260402,1608,華榮,31.85,32.1,31.2,31.2,-,0.6,1455182,45837488.0,-409000,0,-36216,288000,0,2824,697000,0,39040
20260402,1773,勝一,141.5,150.0,137.5,145.5,+,4.0,1632768,235318152.0,-442000,0,-15289,310000,0,5346,752000,0,20635
20260402,9914,美利達,65.2,65.4,63.8,64.6,-,0.9,1986645,127687595.0,-451741,0,-9740,389250,0,15000,840991,0,24740
20260402,3450,聯鈞,251.0,257.5,241.0,241.0,-,6.5,9144116,2275938117.0,-454507,0,-13575,2090456,0,73929,2544963,0,87504
20260402,3048,益登,34.9,35.2,34.15,34.15,-,0.55,1420938,49002796.0,-471000,0,-33988,252000,0,12932,723000,0,46920
20260402,2374,佳能,68.8,69.0,66.2,66.5,-,1.4,2713208,181501000.0,-476000,0,-30741,470000,0,60000,946000,0,90741
20260402,1307,三芳,32.55,32.55,31.5,31.5,-,1.0,1355418,43162308.0,-480000,0,-27282,165000,0,5007,645000,0,32289
20260402,4763,材料*-KY,43.05,43.3,42.0,42.2,-,0.7,2738465,116041734.0,-454472,-8000,-46953,618735,3000,23115,1073207,11000,70068
20260402,3543,州巧,47.55,47.95,45.85,45.95,-,1.4,1239450,57750633.0,-513782,0,4000,214000,0,6000,727782,0,2000
20260402,3380,明泰,37.0,37.6,35.55,35.55,-,1.15,4585469,166867573.0,-239000,0,-278906,1230000,0,20000,1469000,0,298906
20260402,00923,群益台ESG低碳50,28.95,29.05,28.17,28.21,-,0.54,2610439,74382820.0,213027,0,-736117,569027,0,265418,356000,0,1001535
20260402,6438,迅得,176.0,176.5,166.0,170.0,-,2.5,3120537,533210121.0,-410000,1000,-115809,641000,1000,6023,1051000,0,121832
20260402,2354,鴻準,52.8,52.9,51.3,51.4,-,1.1,2455708,127069420.0,-499096,3000,-32304,751904,3000,21000,1251000,0,53304
20260402,2515,中工,13.55,13.55,13.0,13.15,-,0.25,5868442,77629690.0,-516000,-2000,-17323,1629000,0,43000,2145000,2000,60323
20260402,2412,中華電,134.5,134.5,133.5,134.0,,0.0,7496636,1003897223.0,-525787,63244,-81000,2344320,272244,1000,2870107,209000,82000
20260402,2606,裕民,60.0,60.0,58.5,58.6,-,0.9,2328596,137329124.0,-474278,-3516,-67294,887722,0,30720,1362000,3516,98014
20260402,9910,豐泰,81.1,81.1,78.8,79.0,-,2.7,2078819,164855610.0,-630257,22000,54981,716140,23000,72000,1346397,1000,17019
20260402,4949,有成精密,69.0,69.4,63.3,64.1,-,3.8,4206166,278766406.0,-519400,0,-37000,846100,0,6000,1365500,0,43000
20260402,3044,健鼎,358.0,363.5,345.5,346.5,-,8.5,2551748,898433890.0,-742768,-26606,209673,907262,1394,254259,1650030,28000,44586
20260402,00907,永豐優息存股,14.77,14.77,14.59,14.63,-,0.12,683864,10032125.0,25290,0,-589767,38340,0,2000,13050,0,591767
20260402,3714,富采,51.7,54.2,50.0,54.2,+,4.9,45397542,2386194315.0,-1356392,0,791538,8670608,0,879855,10027000,0,88317
20260402,4526,東台,34.55,34.9,33.05,33.15,-,1.3,2736533,92394819.0,-563971,0,-4199,374000,0,1637,937971,0,5836
20260402,6139,亞翔,535.0,543.0,520.0,521.0,-,4.0,2425334,1282201338.0,-564925,-3000,-1994,471075,0,85766,1036000,3000,87760
20260402,2009,第一銅,41.0,41.4,39.9,39.95,-,0.9,1391460,55990014.0,-556800,-4000,-14213,229200,0,2922,786000,4000,17135
20260402,2049,上銀,237.5,237.5,225.5,228.0,-,5.5,3022689,693831437.0,-153111,-325000,-106865,1177889,0,22546,1331000,325000,129411
20260402,00912,中信臺灣智慧50,24.54,24.8,24.1,24.12,-,0.42,1487829,36301576.0,-126000,0,-461355,135000,0,576001,261000,0,1037356
20260402,3708,上緯投控,123.0,124.5,116.0,116.0,-,6.5,1803406,214811532.0,-533000,0,-55163,444000,0,5761,977000,0,60924
20260402,4967,十銓,220.0,223.0,208.0,209.0,-,4.0,8795138,1891374632.0,-521000,-1000,-69946,2289000,0,29962,2810000,1000,99908
20260402,6191,精成科,92.1,92.1,88.3,88.3,-,2.5,2944703,263313153.0,-566000,0,-26285,615000,0,36722,1181000,0,63007
20260402,1504,東元,62.6,62.6,60.6,60.7,-,1.6,4493695,275186755.0,-545757,0,-47161,1896184,0,40000,2441941,0,87161
20260402,2357,華碩,570.0,570.0,551.0,555.0,-,12.0,3384391,1880675804.0,-1249566,414502,212018,1003023,418700,323777,2252589,4198,111759
20260402,3149,正達,45.7,46.05,43.5,43.5,-,1.65,3286545,146199165.0,-635000,0,1112,439000,0,11000,1074000,0,9888
20260402,6257,矽格,157.0,159.0,150.5,151.0,-,5.0,16219418,2488683655.0,-425950,183000,-404715,4394100,191000,307968,4820050,8000,712683
20260402,2547,日勝生,10.6,10.65,10.5,10.55,,0.0,1811147,19127277.0,-651000,0,23,126000,0,2000,777000,0,1977
20260402,2458,義隆,127.0,127.0,123.0,123.5,-,4.0,2390195,297435250.0,-634143,15936,-32923,617000,34000,19000,1251143,18064,51923
20260402,6005,群益證,28.2,28.25,27.65,27.75,-,0.4,3417731,95136005.0,-723000,66000,0,1100000,76000,0,1823000,10000,0
20260402,1312,國喬,13.2,13.55,12.9,13.2,-,0.1,14559287,192487926.0,-703000,0,42671,4921000,0,357688,5624000,0,315017
20260402,2010,春源,25.2,25.3,24.75,24.8,-,0.4,1211467,30166561.0,-642000,0,-34001,126000,0,0,768000,0,34001
20260402,3090,日電貿,92.9,93.2,90.4,90.7,-,1.8,1507458,137391660.0,-665000,-4816,-8157,176000,0,16932,841000,4816,25089
20260402,1536,和大,49.85,49.85,47.9,47.95,-,1.5,2130552,102997949.0,-635000,0,-46478,415000,0,34000,1050000,0,80478
20260402,1313,聯成,12.55,12.75,12.3,12.65,+,0.1,7933968,99393670.0,-695000,0,6137,2197000,0,18000,2892000,0,11863
20260402,2442,新美齊,20.95,21.0,20.4,20.5,-,0.35,1149975,23732575.0,-680000,0,-9000,39000,0,3000,719000,0,12000
20260402,3033,威健,32.7,32.9,31.7,31.85,-,0.75,2620848,83903749.0,-743000,-1000,28696,415000,0,97000,1158000,1000,68304
20260402,2421,建準,128.0,129.5,122.5,122.5,-,5.5,3677481,458090238.0,-643601,0,-81988,1395205,0,43115,2038806,0,125103
20260402,8215,明基材,24.55,24.9,23.8,24.2,+,0.1,6834396,165860318.0,-751394,0,-3013,1289606,0,0,2041000,0,3013
20260402,2324,仁寶,27.75,27.75,27.0,27.4,-,0.05,20383786,556066152.0,-604402,120687,-285613,10672310,120687,1565000,11276712,0,1850613
20260402,6757,台灣虎航,51.0,51.0,49.0,49.0,-,1.6,1719120,85037924.0,-752938,0,-24999,413062,0,26000,1166000,0,50999
20260402,3231,緯創,127.0,128.0,124.0,125.0,-,2.0,15663058,1963348212.0,-2753185,1209759,736577,4492063,1223759,1583242,7245248,14000,846665
20260402,2889,國票金,15.0,15.15,14.95,14.95,-,0.05,1997451,29963818.0,-803000,-1000,-5784,561000,0,1000,1364000,1000,6784
20260402,2201,裕隆,27.85,27.9,27.15,27.2,-,0.5,2846269,77725726.0,-738701,-2000,-69668,313300,0,9146,1052001,2000,78814
20260402,2615,萬海,79.5,79.5,77.8,78.0,-,1.8,6662549,522519004.0,-447978,25618,-391361,2305846,36618,122000,2753824,11000,513361
20260402,2609,陽明,52.8,52.9,51.8,52.1,-,0.6,11338274,591955939.0,-716697,3034,-101505,5315118,6034,70000,6031815,3000,171505
20260402,2501,國建,22.8,22.8,22.15,22.3,-,0.3,3035699,67811847.0,-770000,4000,-53030,487000,4000,10000,1257000,0,63030
20260402,2368,金像電,977.0,980.0,900.0,905.0,-,41.0,10146068,9468613609.0,-687608,19310,-153080,3319445,30310,274610,4007053,11000,427690
20260402,6278,台表科,95.2,95.2,92.9,94.1,-,0.9,1602049,150156791.0,-853000,38718,-8876,324000,40000,6944,1177000,1282,15820
20260402,2454,聯發科,1500.0,1510.0,1445.0,1465.0,,0.0,9301597,13658631065.0,-824336,-27277,11239,5606650,124723,376533,6430986,152000,365294
20260402,2492,華新科,120.0,120.5,114.0,114.0,-,4.0,6454502,752905749.0,-988095,13000,112284,2731015,14000,179267,3719110,1000,66983
20260402,5469,瀚宇博,83.1,83.3,79.4,79.4,-,2.4,2073397,167039953.0,-857000,0,-22041,494000,0,27952,1351000,0,49993
20260402,9938,百和,46.9,46.9,45.85,45.9,-,0.75,1561331,71962366.0,-849100,0,-30778,197000,0,10000,1046100,0,40778
20260402,1711,永光,39.5,39.5,37.5,37.5,-,1.45,4788601,182522205.0,-709900,0,-213497,159100,0,1000,869000,0,214497
20260402,2495,普安,34.1,34.4,31.75,32.0,-,2.2,5657426,184194881.0,-826870,-4000,-95753,1255130,0,8000,2082000,4000,103753
20260402,00894,中信小資高價30,34.25,34.52,33.08,33.13,-,0.91,2912551,98123937.0,90000,0,-1018903,686000,0,552826,596000,0,1571729
20260402,3060,銘異,29.95,30.8,28.4,28.55,-,0.35,3915178,115013794.0,-937000,0,2766,830000,0,13000,1767000,0,10234
20260402,4989,榮科,66.6,67.9,62.7,63.4,-,2.8,11365489,741865901.0,-935760,0,-8067,2562240,0,22000,3498000,0,30067
20260402,1582,信錦,111.0,112.5,103.0,105.0,-,3.0,21432933,2291608257.0,-1335761,0,332361,5029239,0,795160,6365000,0,462799
20260402,1409,新纖,15.65,15.65,15.35,15.4,-,0.15,2734524,42253577.0,-931000,0,-82937,423000,0,1000,1354000,0,83937
20260402,5871,中租-KY,109.5,109.5,106.5,107.5,-,1.5,4783000,514028365.0,-1115768,-21307,56867,2049990,1000,96182,3165758,22307,39315
20260402,9904,寶成,28.85,28.85,28.4,28.45,-,0.4,5987253,170773922.0,-1971459,50247,815201,1752541,57000,890000,3724000,6753,74799
20260402,00905,FT臺灣Smart,19.85,19.92,19.28,19.36,-,0.3,3030688,59031569.0,-162999,0,-954681,14001,0,1266354,177000,0,2221035
20260402,00662,富邦NASDAQ,98.8,98.8,97.15,97.15,-,0.85,5346997,522681515.0,-7880,0,-1112682,391120,0,1627000,399000,0,2739682
20260402,2329,華泰,51.0,52.7,50.1,50.3,-,0.2,9087664,463674396.0,-1514950,-7000,343898,2546050,0,602427,4061000,7000,258529
20260402,00964,中信亞太高股息,13.5,13.5,13.22,13.23,-,0.2,2358054,31358870.0,-119000,0,-1102548,105000,0,941000,224000,0,2043548
20260402,2504,國產,36.0,36.2,35.55,35.65,-,0.25,1877622,67012689.0,-1207000,-10013,-17660,242000,0,3000,1449000,10013,20660
20260402,2498,宏達電,40.4,40.6,39.4,39.4,-,0.7,4438175,176411462.0,-1021400,0,-246976,1008600,0,58922,2030000,0,305898
20260402,00935,野村臺灣新科技50,37.86,38.09,36.54,36.54,-,0.92,7828326,290903657.0,-102972,-356000,-814184,1374028,0,2861050,1477000,356000,3675234
20260402,2485,兆赫,81.4,81.4,78.0,78.5,-,3.0,7191648,569872059.0,-1143134,0,-145951,18216,0,13000,1161350,0,158951
20260402,2328,廣宇,46.0,46.0,44.15,44.4,-,0.6,4067168,182358911.0,-1120000,0,-188535,606000,0,16000,1726000,0,204535
20260402,6285,啟碁,181.5,185.0,176.0,179.5,+,1.5,26648359,4796286960.0,-2077099,775000,-47033,7142401,796000,558557,9219500,21000,605590
20260402,2855,統一證,32.6,32.7,31.85,31.95,-,0.6,3192331,102520629.0,-1448000,1000,0,821000,3000,0,2269000,2000,0
20260402,00892,富邦台灣半導體,29.69,29.72,28.55,28.58,-,0.64,3227630,93247611.0,536000,30000,-2102981,619000,30000,767008,83000,0,2869989
20260402,00940,元大台灣價值高息,9.62,9.65,9.49,9.49,-,0.09,15745992,150345641.0,1599000,0,-3222911,2748000,0,3889010,1149000,0,7111921
20260402,3437,榮創,22.1,22.1,20.3,20.3,-,2.25,5348035,111371072.0,-1680000,0,-6715,541000,0,10000,2221000,0,16715
20260402,1304,台聚,16.6,18.7,16.1,17.9,+,0.65,81517007,1448497290.0,-1929801,0,207259,21154299,0,423021,23084100,0,215762
20260402,2353,宏碁,27.45,27.55,27.05,27.05,-,0.25,10632218,288687155.0,-2546443,-22125,802954,1857557,46440,975934,4404000,68565,172980
20260402,8028,昇陽半導體,179.0,180.5,170.0,170.0,-,7.5,8528090,1485718164.0,-1606680,-2000,-178256,1777375,0,129555,3384055,2000,307811
20260402,2419,仲琦,35.65,36.9,32.7,32.85,-,2.3,26261332,914569227.0,-1529500,0,-269864,5335000,0,90858,6864500,0,360722
20260402,8422,可寧衛*,29.7,29.7,28.6,28.75,-,0.5,9346852,270267041.0,-1629000,-17000,-171875,2163000,0,47000,3792000,17000,218875
20260402,2308,台達電,1480.0,1510.0,1420.0,1430.0,-,45.0,9953601,14489054481.0,-2171503,96101,240799,4009338,121101,493038,6180841,25000,252239
20260402,1309,台達化,23.1,25.95,22.15,25.95,+,2.35,53264129,1316558922.0,-2097000,0,181004,10280000,0,287186,12377000,0,106182
20260402,2369,菱生,30.8,31.2,28.95,29.0,-,1.25,18483400,552746331.0,-1719796,0,-239458,5055230,0,9013,6775026,0,248471
20260402,1528,恩德,27.0,27.4,25.25,25.45,-,0.65,36492422,965047818.0,-1837000,-2000,-123998,8202000,0,10000,10039000,2000,133998
20260402,2801,彰銀,20.75,20.75,20.5,20.5,-,0.2,10998627,226128707.0,-2045917,-27000,87000,4574809,0,185000,6620726,27000,98000
20260402,8112,至上,78.5,78.8,74.1,75.0,-,1.6,7937133,603455652.0,-1865500,-3016,-204684,1803000,0,132385,3668500,3016,337069
20260402,3376,新日興,196.5,198.0,187.0,187.5,-,8.5,5076594,965611421.0,-2062000,0,-81054,893000,0,136000,2955000,0,217054
20260402,1326,台化,45.35,45.75,44.65,44.95,-,0.35,24161144,1089780322.0,-2215573,17000,6380,8791437,17000,560050,11007010,0,553670
20260402,8110,華東,51.6,52.2,48.4,48.7,-,2.2,17086660,863122487.0,-2196087,-6000,-54459,3846713,0,16902,6042800,6000,71361
20260402,2327,國巨*,256.0,257.0,245.0,246.0,-,5.5,13724318,3409279741.0,-2153750,-44668,-76609,4087568,289643,243938,6241318,334311,320547
20260402,3706,神達,76.9,77.2,74.5,74.7,-,1.7,6335854,476899776.0,-2216973,0,-85414,772027,2000,79932,2989000,2000,165346
20260402,6239,力成,199.5,209.5,197.5,202.0,+,7.0,13058004,2681858520.0,-2914322,151500,305018,3490600,175500,594236,6404922,24000,289218
20260402,1314,中石化,8.26,8.27,8.14,8.15,-,0.09,21539389,176362727.0,-2371261,0,-135060,5600739,0,89000,7972000,0,224060
20260402,2313,華通,270.0,285.0,260.0,260.0,-,6.0,119229438,32442493219.0,-2125489,389000,-773587,32095438,610000,1054603,34220927,221000,1828190
20260402,1605,華新,31.0,31.2,30.0,30.1,-,0.7,15067174,457247184.0,-2298238,-177395,-156553,3758762,3605,229403,6057000,181000,385956
20260402,1308,亞聚,17.4,19.5,16.85,18.6,+,0.7,39804655,735439688.0,-2607000,0,-58667,10498000,0,108639,13105000,0,167306
20260402,00881,國泰台灣科技龍頭,37.16,37.31,35.99,36.08,-,0.78,13246263,483914306.0,-3212737,0,522106,1769263,0,4011989,4982000,0,3489883
20260402,1305,華夏,16.3,18.1,15.85,17.95,+,1.05,44796178,775222023.0,-2732833,0,-22472,10548167,0,22000,13281000,0,44472
20260402,1101,台泥,23.75,23.9,23.5,23.7,,0.0,26328156,624359014.0,-2901497,-6000,135038,8768803,0,476334,11670300,6000,341296
20260402,00946,群益科技高息成長,10.1,10.14,9.88,9.91,,0.0,4755482,47329630.0,-237000,0,-2641374,474000,0,182000,711000,0,2823374
20260402,2610,華航,18.35,18.65,18.2,18.2,-,0.2,27696971,510419525.0,-2205306,-582000,-173670,16398500,0,56396,18603806,582000,230066
20260402,2382,廣達,290.5,291.5,284.5,284.5,-,6.0,11221762,3212312387.0,-4648824,1037842,301369,3742772,1230142,765310,8391596,192300,463941
20260402,8210,勤誠,910.0,910.0,840.0,841.0,-,58.0,5623445,4897777746.0,-2390513,-974000,-74359,644487,0,431000,3035000,974000,505359
20260402,4958,臻鼎-KY,230.0,237.0,213.0,213.5,-,6.0,39861027,8896622212.0,-3973801,223482,284360,11654189,226482,1257816,15627990,3000,973456
20260402,1802,台玻,54.5,55.6,52.0,52.2,-,1.7,48195258,2580478827.0,-3261820,0,-401156,10603400,0,495138,13865220,0,896294
20260402,00891,中信關鍵半導體,24.24,24.39,23.51,23.56,-,0.48,10471863,249493588.0,-683957,0,-3313184,2026043,0,487000,2710000,0,3800184
20260402,3715,定穎投控,183.0,185.5,172.0,172.0,-,8.0,32760078,5834592369.0,-3920895,-20000,-103993,7615130,0,278859,11536025,20000,382852
20260402,00909,國泰數位支付服務,36.93,36.93,35.87,35.99,-,0.67,6366143,230273926.0,-1211395,0,-3171057,270605,0,567157,1482000,0,3738214
20260402,1303,南亞,80.5,81.2,77.0,77.1,-,1.6,69705526,5508651761.0,-6438337,2535000,-610028,20255444,2580000,972935,26693781,45000,1582963
20260402,00712,復華富時不動產,8.71,8.71,8.6,8.61,-,0.1,15338479,132415108.0,-2584000,0,-2514556,150000,0,1608999,2734000,0,4123555
20260402,2408,南亞科,217.0,219.0,200.0,200.5,-,10.5,119851725,24895331475.0,-3486075,-1004427,-832968,38095197,135573,1634182,41581272,1140000,2467150
20260402,00918,大華優利高填息30,22.16,22.22,21.83,21.86,-,0.19,18362732,402773826.0,-32880,0,-5417705,2191120,0,1339000,2224000,0,6756705
20260402,2317,鴻海,198.0,199.0,191.5,193.0,-,4.0,41954568,8143562865.0,-5413842,-433548,327433,20212615,67452,1231998,25626457,501000,904565
20260402,00922,國泰台灣領袖50,28.17,28.22,27.36,27.43,-,0.54,14481866,400250045.0,-182658,0,-5553519,895342,0,3529988,1078000,0,9083507
20260402,2885,元大金,47.05,47.1,45.8,45.85,-,1.25,27597587,1272904412.0,-9930139,1720366,2322498,12265306,1845366,3075000,22195445,125000,752502
20260402,2449,京元電子,284.0,284.0,255.5,259.0,-,21.5,28958269,7663602719.0,-3664790,-2357927,94326,7703866,409073,1232445,11368656,2767000,1138119
20260402,1402,遠東新,27.0,27.0,26.45,26.65,-,0.5,14238847,379764045.0,-6046307,71042,-87513,3504080,82042,54824,9550387,11000,142337
20260402,2489,瑞軒,33.65,34.7,31.8,32.2,-,1.2,50918405,1682462352.0,-5500122,-32000,-646663,12506000,100000,676696,18006122,132000,1323359
20260402,2367,燿華,75.4,77.7,70.7,71.5,-,3.0,124332184,9229532565.0,-7349381,-11000,-125313,29644539,0,317290,36993920,11000,442603
20260402,6919,康霈*,96.0,103.0,94.5,95.8,+,0.9,47321422,4644830104.0,-9345539,0,-11012,11932249,0,91000,21277788,0,102012
20260402,2330,台積電,1865.0,1865.0,1805.0,1810.0,-,45.0,29332490,53540295381.0,-9385603,-192771,136029,10910818,355229,604504,20296421,548000,468475
20260402,0052,富邦科技,45.07,45.07,43.73,43.82,-,0.91,33332017,1472525351.0,-7140305,-100000,-7713093,2713725,0,2919380,9854030,100000,10632473
20260402,00929,復華台灣科技優息,19.14,19.21,18.69,18.73,-,0.27,31694918,598018234.0,-4880539,0,-11648238,2508611,0,6549999,7389150,0,18198237
20260402,00878,國泰永續高股息,22.43,22.48,21.96,22.03,-,0.27,49885438,1102725500.0,-4384733,0,-20146814,2655267,0,6017098,7040000,0,26163912
20260402,00927,群益半導體收益,24.58,24.61,23.73,23.75,-,0.45,39362075,944037074.0,-33928,0,-29939248,1996072,0,2134568,2030000,0,32073816
20260402,00919,群益台灣精選高息,22.67,22.69,22.24,22.3,-,0.2,79548861,1780538441.0,-3110476,0,-35115160,7750524,0,4027801,10861000,0,39142961
20260402,0050,元大台灣50,75.9,76.05,73.8,73.95,-,1.5,113976137,8478357215.0,-44024005,3000000,-11292333,14079475,3000000,7718245,58103480,0,19010578
20260402,0056,元大高股息,38.52,38.52,37.7,37.82,-,0.29,142688419,5412696178.0,-15313769,250000,-103914231,5668771,250000,3376000,20982540,0,107290231
