tradeDate,stockCode,stockName,openPrice,highPrice,lowPrice,closePrice,changeSign,change,totalShares,totalAmount,foreignNetShares,investmentNetShares,dealerNetShares,foreignBuyShares,investmentBuyShares,dealerBuyShares,foreignSellShares,investmentSellShares,dealerSellShares
20260102,6770,力積電,39.85,42.2,39.3,42.1,+,2.55,352857727,14600797303.0,99771731,271000,4132380,153594466,271000,5902608,53822735,0,1770228
20260102,2344,華邦電,83.1,90.8,82.1,90.8,+,8.2,414793767,36674571197.0,65085450,10112000,1941722,118409926,10161000,4168381,53324476,49000,2226659
20260102,3481,群創,16.95,18.5,16.2,18.1,+,1.05,788088302,13790925317.0,55616989,-160800,14511902,271851550,38200,21847542,216234561,199000,7335640
20260102,00878,國泰永續高股息,21.75,21.92,21.73,21.86,+,0.15,77879430,1701368175.0,8349228,0,52891230,8864493,0,53554412,515265,0,663182
20260102,2409,友達,12.2,12.65,11.9,12.6,+,0.35,198404879,2448490473.0,36921413,29403,1549313,105201512,83403,2370103,68280099,54000,820790
20260102,3231,緯創,152.0,155.5,149.5,155.0,+,4.5,91886281,14087931136.0,35368053,417670,2121662,50242723,5658670,3000119,14874670,5241000,878457
20260102,00919,群益台灣精選高息,22.4,22.5,22.39,22.4,,0.0,68179895,1530258030.0,22600285,0,6686398,22919858,0,12551819,319573,0,5865421
20260102,2337,旺宏,40.55,43.35,40.05,43.35,+,3.9,171846986,7314045530.0,27408660,55000,1181353,45006282,79000,2392572,17597622,24000,1211219
20260102,00940,元大台灣價值高息,9.27,9.33,9.27,9.3,+,0.04,35489298,330248939.0,222105,0,27022394,223105,0,27524670,1000,0,502276
20260102,00900,富邦特選高股息30,13.79,13.86,13.78,13.83,+,0.07,32985234,456133447.0,6592070,200000,17527284,8100070,200000,18755284,1508000,0,1228000
20260102,1605,華新,31.95,33.0,31.7,32.9,+,1.1,73283072,2384743227.0,17755674,2648000,3133523,30948816,2653000,3617386,13193142,5000,483863
20260102,2408,南亞科,192.5,208.5,191.0,207.0,+,14.0,138960869,27966612651.0,18928842,2162249,440569,44264125,3692249,1681804,25335283,1530000,1241235
20260102,3706,神達,88.3,92.2,86.8,90.9,+,4.5,69176292,6226527423.0,16466190,289000,3504709,28027430,289000,4025843,11561240,0,521134
20260102,0056,元大高股息,36.77,37.09,36.77,37.01,+,0.28,55463608,2051211325.0,7315370,0,12810188,9595947,0,13031828,2280577,0,221640
20260102,00929,復華台灣科技優息,18.11,18.27,18.11,18.18,+,0.11,27781516,505615852.0,854000,0,17723389,2986000,0,18465943,2132000,0,742554
20260102,00939,統一台灣高息動能,14.72,14.8,14.71,14.75,,0.0,20005207,295287662.0,3296000,0,14578645,3296000,0,15909645,0,0,1331000
20260102,2884,玉山金,33.8,34.1,33.4,34.1,+,0.35,61726864,2090586766.0,-24091327,39884401,-71530,5932748,41451401,389399,30024075,1567000,460929
20260102,00922,國泰台灣領袖50,26.01,26.37,25.96,26.34,+,0.44,19952507,522596179.0,11101300,0,3495670,11106000,0,5878670,4700,0,2383000
20260102,00918,大華優利高填息30,22.6,22.75,22.6,22.67,+,0.06,22321100,505883907.0,4629000,0,8954095,4657000,0,9631095,28000,0,677000
20260102,6282,康舒,42.9,44.8,42.8,43.8,+,1.5,61037767,2687773123.0,9754999,-2000,813126,22755000,0,1529853,13000001,2000,716727
20260102,2867,三商壽,7.99,8.02,7.9,8.01,+,0.01,19658415,157012376.0,8206000,0,415000,15276000,0,416000,7070000,0,1000
20260102,00713,元大台灣高息低波,50.55,50.7,50.45,50.6,+,0.05,17604179,890079575.0,2881892,-70000,5792484,2892542,0,6634893,10650,70000,842409
20260102,8150,南茂,47.85,49.2,46.8,48.6,+,1.45,30166843,1461179814.0,7223670,141000,776538,13774670,141000,999440,6551000,0,222902
20260102,2356,英業達,43.5,44.75,43.35,44.55,+,1.65,23298989,1031845444.0,6783550,959000,349827,11663550,969000,507438,4880000,10000,157611
20260102,2327,國巨*,232.5,243.0,230.0,241.0,+,10.0,53713523,12828394368.0,1487713,4100400,2316270,17039469,4152185,2513676,15551756,51785,197406
20260102,2312,金寶,22.55,22.95,22.45,22.95,+,0.55,12945478,294982385.0,6462000,0,820571,7423000,0,887571,961000,0,67000
20260102,2382,廣達,274.0,280.0,270.0,277.0,+,5.0,23284219,6418480280.0,5402119,862714,457818,12660432,907585,547201,7258313,44871,89383
20260102,8112,至上,75.5,78.2,74.8,76.4,+,1.7,34690813,2669659233.0,7716000,-2693598,838263,14109000,0,948167,6393000,2693598,109904
20260102,6239,力成,175.0,185.0,173.5,183.5,+,10.5,20224536,3665679590.0,2280761,2111000,938577,5911570,2645000,1235316,3630809,534000,296739
20260102,2891,中信金,50.2,51.0,49.85,50.8,+,0.6,37562055,1903681715.0,-6523596,11245312,508885,9205663,19515912,761075,15729259,8270600,252190
20260102,3006,晶豪科,119.5,129.5,117.0,129.5,+,11.5,32963935,4161592927.0,5726880,0,-673079,9902280,0,214149,4175400,0,887228
20260102,00936,台新永續高息中小,16.19,16.35,16.19,16.23,+,0.04,5205949,84796172.0,816000,0,4126707,846000,0,4206750,30000,0,80043
20260102,2317,鴻海,232.0,233.5,229.0,232.0,+,1.5,58776015,13613204429.0,12565571,-11512555,3697307,24990825,1549702,4094220,12425254,13062257,396913
20260102,2308,台達電,970.0,998.0,969.0,995.0,+,32.0,14649316,14507759588.0,3399839,515930,802640,7210007,548430,1100333,3810168,32500,297693
20260102,2369,菱生,23.1,23.75,22.8,23.4,+,0.7,11475751,268781502.0,3705000,0,630096,5777000,0,632724,2072000,0,2628
20260102,00757,統一FANG+,117.85,118.25,117.5,118.2,+,0.05,5833176,688658637.0,2380435,-300000,2157963,2424535,0,2261000,44100,300000,103037
20260102,2472,立隆電,108.5,117.5,108.0,117.5,+,10.5,14525513,1666377100.0,3740000,-95000,387110,5787000,0,580031,2047000,95000,192921
20260102,00961,FT臺灣永續高息,9.46,9.51,9.46,9.49,+,0.04,4263178,40463355.0,290000,0,3735322,290000,0,3840366,0,0,105044
20260102,00896,中信綠能及電動車,19.15,19.29,19.13,19.25,+,0.25,4877783,93736356.0,855000,0,3041371,855000,0,3389385,0,0,348014
20260102,2324,仁寶,30.75,31.0,30.45,30.8,+,0.4,20113290,620056648.0,2391946,1173000,311536,9846626,2691000,423636,7454680,1518000,112100
20260102,6116,彩晶,7.82,8.05,7.65,7.99,+,0.19,21862586,172647133.0,3424000,0,377529,8195000,0,493788,4771000,0,116259
20260102,00701,國泰股利精選30,29.03,29.26,29.0,29.03,-,0.19,6322826,183826449.0,137000,0,3647772,397000,0,3818887,260000,0,171115
20260102,2603,長榮,192.5,194.5,192.0,193.0,+,3.0,15229052,2942700563.0,-1196828,4684441,254550,4446685,6018441,284548,5643513,1334000,29998
20260102,8028,昇陽半導體,180.5,188.0,180.5,186.5,+,8.5,21388283,3955369064.0,2141564,1268000,132247,6329604,1268000,451395,4188040,0,319148
20260102,00733,富邦臺灣中小,45.97,46.8,45.97,46.68,+,0.83,3948070,184039046.0,1063050,0,2400732,1070050,0,2680932,7000,0,280200
20260102,2492,華新科,118.0,126.0,117.5,124.5,+,7.5,17737104,2174871575.0,2521560,1000,770772,6132210,1000,835335,3610650,0,64563
20260102,1102,亞泥,37.05,37.7,36.35,37.7,+,0.5,30312245,1124200478.0,-15844147,19076000,-103647,3357902,19152000,27000,19202049,76000,130647
20260102,3048,益登,42.4,45.7,42.4,45.7,+,4.15,27619467,1233861144.0,2978000,0,140011,6619000,0,186875,3641000,0,46864
20260102,2376,技嘉,249.0,259.0,245.0,259.0,+,9.5,9368681,2386051613.0,-932784,4260000,-209542,2249416,4461000,72817,3182200,201000,282359
20260102,00752,中信中國50,25.85,26.52,25.83,26.5,+,0.64,4128368,108962157.0,1571946,0,1503555,1627000,0,1659015,55054,0,155460
20260102,2374,佳能,77.7,81.0,77.6,79.2,+,1.6,8977840,713462439.0,3018484,0,48648,4201549,0,71043,1183065,0,22395
20260102,00712,復華富時不動產,9.11,9.13,9.08,9.11,-,0.01,16423941,149633047.0,4943000,0,-1961000,4943000,0,2582000,0,0,4543000
20260102,3090,日電貿,99.0,108.0,97.7,108.0,+,9.6,23082637,2390181271.0,1086500,821063,1031749,6080500,824000,1123231,4994000,2937,91482
20260102,2610,華航,20.2,20.45,20.15,20.25,+,0.05,17202460,348868605.0,3787978,-1985000,552431,10215178,0,646431,6427200,1985000,94000
20260102,9904,寶成,30.3,31.0,30.25,30.25,+,0.1,18458755,563282045.0,11454692,-9409818,273310,12901692,254000,505902,1447000,9663818,232592
20260102,2485,兆赫,26.5,26.6,25.55,25.55,-,0.85,18494247,477629287.0,2240820,0,-5391,4859000,0,8000,2618180,0,13391
20260102,2441,超豐,89.5,91.0,86.1,90.2,+,1.2,15084999,1345530958.0,-1380000,3760000,-150481,2655000,3761000,175300,4035000,1000,325781
20260102,00885,富邦越南,18.03,18.08,18.01,18.01,-,0.02,4445575,80258904.0,2284000,0,-183000,2305000,0,25000,21000,0,208000
20260102,3019,亞光,140.0,145.0,139.5,143.5,+,4.5,4898873,700979727.0,1854700,0,169615,2381000,0,181655,526300,0,12040
20260102,2887,台新新光金,20.4,20.65,20.35,20.4,,0.0,45785582,936978511.0,-2473958,3873822,598238,18742542,6573822,969000,21216500,2700000,370762
20260102,3715,定穎投控,128.0,135.0,125.5,127.0,-,0.5,55305834,7161729657.0,998560,809000,189470,15761211,809000,949656,14762651,0,760186
20260102,2449,京元電子,253.5,272.0,252.5,267.5,+,20.0,57297864,15211858904.0,-1101142,3086000,-87413,15219451,4912000,827355,16320593,1826000,914768
20260102,1711,永光,19.3,20.45,19.3,20.3,+,1.15,13832219,276758233.0,1634000,0,141254,4009000,0,141414,2375000,0,160
20260102,00934,中信成長高股息,20.81,21.07,20.81,20.96,+,0.26,4969293,104220919.0,337000,0,1415175,338000,0,2235612,1000,0,820437
20260102,2615,萬海,80.1,80.8,79.3,79.6,+,0.8,7846472,628628002.0,1588726,312,122354,3232726,312,153355,1644000,0,31001
20260102,2498,宏達電,49.85,49.85,49.15,49.25,+,0.05,4595698,227387122.0,1509578,0,129477,1955678,0,160000,446100,0,30523
20260102,00952,凱基台灣AI50,11.91,12.04,11.91,11.98,+,0.12,2597114,31121457.0,136000,0,1502943,144000,0,2093178,8000,0,590235
20260102,00965,元大航太防衛科技,22.86,22.91,22.82,22.89,+,0.04,4369423,99994970.0,2162080,-450000,-75761,2201080,0,547000,39000,450000,622761
20260102,2880,華南金,31.1,31.7,31.05,31.5,+,0.5,9837903,309885584.0,-1715078,3146061,170575,4791922,3503061,383081,6507000,357000,212506
20260102,00915,凱基優選高股息30,22.83,22.9,22.7,22.73,-,0.08,5596276,127522253.0,-54985,0,1643998,15,0,3167235,55000,0,1523237
20260102,00932,兆豐永續高息等權,14.18,14.38,14.18,14.3,+,0.09,1701233,24363620.0,6000,0,1550815,6000,0,1613815,0,0,63000
20260102,2375,凱美,92.0,97.2,91.6,96.4,+,5.4,9581152,909817912.0,1284000,0,236030,2912000,0,242168,1628000,0,6138
20260102,1504,東元,84.0,85.0,83.2,84.3,+,0.3,9124919,767418663.0,1590166,-322000,170786,4104166,0,196233,2514000,322000,25447
20260102,3149,正達,36.45,38.7,36.2,38.7,+,3.5,9749207,373455398.0,1321000,0,80455,2159000,0,81455,838000,0,1000
20260102,6213,聯茂,114.0,118.0,112.0,116.5,+,3.0,9449653,1092713427.0,985000,0,374672,3047000,0,415278,2062000,0,40606
20260102,2454,聯發科,1450.0,1495.0,1440.0,1470.0,+,40.0,12570809,18471115845.0,-371290,983788,723209,4096148,996326,1050479,4467438,12538,327270
20260102,00941,中信上游半導體,17.4,17.4,17.37,17.37,,0.0,1684337,29289718.0,1013015,0,318186,1031015,0,330000,18000,0,11814
20260102,1717,長興,41.15,42.8,41.15,41.95,+,1.05,20045708,846499164.0,515226,0,814778,6058326,0,862152,5543100,0,47374
20260102,2402,毅嘉,64.1,66.5,63.5,63.5,+,0.5,15476826,1001222645.0,960295,0,307661,4351295,0,416719,3391000,0,109058
20260102,00930,永豐ESG低碳高息,17.33,17.47,17.33,17.36,+,0.03,1797010,31283856.0,23000,0,1215985,23000,0,1693439,0,0,477454
20260102,00882,中信中國高股息,15.16,15.3,15.13,15.3,+,0.14,8065206,122706323.0,159218,0,1065045,219218,0,2844937,60000,0,1779892
20260102,3060,銘異,31.9,33.65,31.75,32.6,+,0.85,8815929,289809033.0,1195000,0,-1150,2976000,0,1000,1781000,0,2150
20260102,2845,遠東銀,12.85,12.95,12.8,12.85,,0.0,3970697,51088509.0,1147016,-8000,40959,1528016,0,42000,381000,8000,1041
20260102,2634,漢翔,50.6,51.5,50.6,51.1,+,0.5,3907523,199775635.0,1086200,0,57944,1493200,0,148000,407000,0,90056
20260102,1727,中華化,43.75,47.0,43.35,45.25,+,1.9,11001246,503002579.0,1143000,0,286,3474000,0,1066,2331000,0,780
20260102,00692,富邦公司治理,57.8,58.7,57.7,58.55,+,1.0,1770253,103171638.0,4000,0,1107606,23000,0,1390877,19000,0,283271
20260102,3026,禾伸堂,102.5,107.0,102.5,106.0,+,4.0,2776161,292801539.0,1038400,900,64612,1414000,900,70164,375600,0,5552
20260102,1528,恩德,23.0,23.1,22.15,22.8,-,0.95,11282121,255108077.0,827200,0,228000,1741200,0,253000,914000,0,25000
20260102,9105,泰金寶-DR,5.74,5.78,5.71,5.72,,0.0,6715309,38542984.0,1051000,0,-2617,1983000,0,0,932000,0,2617
20260102,00892,富邦台灣半導體,21.88,22.22,21.88,22.18,+,0.3,1538994,34044855.0,34000,0,962913,35000,0,1253230,1000,0,290317
20260102,3535,晶彩科,93.5,99.7,93.3,95.8,+,2.5,10638393,1033460991.0,972243,0,4292,3530000,0,15000,2557757,0,10708
20260102,1609,大亞,38.2,38.6,38.1,38.5,+,0.55,3033659,116426643.0,1017140,-1000,-64304,1366140,0,15120,349000,1000,79424
20260102,2882,國泰金,75.4,76.0,74.8,75.2,-,0.6,25849549,1946348037.0,-8064087,8743674,253808,6955783,11029075,391358,15019870,2285401,137550
20260102,2489,瑞軒,15.3,15.7,15.25,15.4,+,0.25,4555642,70475860.0,907000,0,-11665,1870000,0,19000,963000,0,30665
20260102,2354,鴻準,61.7,62.0,61.0,61.5,-,0.2,4404500,270860091.0,1414283,-639000,65877,1881298,4000,71256,467015,643000,5379
20260102,00944,野村趨勢動能高息,14.54,14.63,14.54,14.59,+,0.06,1310703,19152482.0,7000,0,831496,7000,0,1272496,0,0,441000
20260102,2367,燿華,27.5,28.6,27.1,28.15,+,0.95,16954317,473222407.0,268000,0,561764,3909000,0,674826,3641000,0,113062
20260102,2377,微星,96.7,97.7,95.6,95.8,-,0.3,5078876,489897602.0,712073,-3656,118567,1733928,3000,194834,1021855,6656,76267
20260102,2412,中華電,131.5,132.0,131.0,132.0,+,1.5,3280560,432341601.0,909055,-17154,-67277,1404055,846,168017,495000,18000,235294
20260102,00923,群益台ESG低碳50,26.16,26.43,26.06,26.41,+,0.41,2992307,78649246.0,240000,0,577798,283000,0,1173892,43000,0,596094
20260102,8070,長華*,43.9,44.4,43.3,43.95,+,0.5,3182975,140198246.0,1953000,-1140772,0,2210000,10228,1000,257000,1151000,1000
20260102,4916,事欣科,57.2,59.3,56.8,58.3,+,1.3,4387255,255274470.0,801000,0,-2500,1301000,0,8904,500000,0,11404
20260102,2457,飛宏,28.85,29.15,28.6,28.8,+,0.3,2522285,72949143.0,753100,0,-8029,1070100,0,33163,317000,0,41192
20260102,6155,鈞寶,47.2,48.45,47.0,48.45,+,4.4,10917217,527396253.0,673000,0,48387,1207000,0,84387,534000,0,36000
20260102,1802,台玻,34.6,34.95,34.35,34.75,+,0.2,22884054,793403006.0,742144,0,-23001,4204744,0,337712,3462600,0,360713
20260102,2537,聯上發,12.05,12.1,11.55,11.6,-,0.35,3053990,35767534.0,697000,0,5998,1111000,0,6000,414000,0,2
20260102,00850,元大臺灣ESG永續,55.5,56.2,55.5,56.15,+,0.8,1149242,64252891.0,190999,0,497280,200000,0,529160,9001,0,31880
20260102,00905,FT臺灣Smart,17.45,17.65,17.45,17.65,+,0.25,4130048,72674184.0,-217000,0,903439,50000,0,2955885,267000,0,2052446
20260102,8131,福懋科,66.9,67.9,64.0,66.7,+,2.0,62201252,4109477211.0,528000,-78000,228969,13797000,0,334000,13269000,78000,105031
20260102,00971,野村美國研發龍頭,16.07,16.1,16.04,16.1,+,0.01,1445852,23242216.0,222000,0,452266,237000,0,894000,15000,0,441734
20260102,5876,上海商銀,40.6,40.95,40.55,40.8,+,0.2,4209511,171549482.0,743498,-101000,31460,2077498,1000000,48000,1334000,1101000,16540
20260102,2365,昆盈,34.85,35.6,34.75,35.15,+,0.55,1436784,50582201.0,643000,0,-993,776000,0,484,133000,0,1477
20260102,1773,勝一,138.0,145.0,137.5,144.5,+,6.5,1356780,193600611.0,599450,28000,3720,708000,48000,3877,108550,20000,157
20260102,3059,華晶科,40.85,41.7,40.8,41.05,+,0.7,2750788,113492670.0,648488,0,-23468,1133000,0,15682,484512,0,39150
20260102,00901,永豐智能車供應鏈,25.21,25.53,25.18,25.52,+,0.44,742180,18866327.0,231000,0,384658,238000,0,428658,7000,0,44000
20260102,4526,東台,31.95,32.65,31.7,32.1,+,0.4,3747456,120892277.0,614000,0,-2735,1334000,0,809,720000,0,3544
20260102,4919,新唐,51.0,52.3,50.6,51.2,+,0.2,2130382,109623052.0,562000,0,42428,1002000,0,70439,440000,0,28011
20260102,2478,大毅,58.0,62.5,57.7,61.8,+,4.6,3777462,228437108.0,469000,0,132791,1243000,0,133791,774000,0,1000
20260102,6446,藥華藥,470.0,501.0,470.0,495.0,+,25.0,2248209,1103147635.0,549846,-8000,43580,915055,0,55846,365209,8000,12266
20260102,2401,凌陽,20.1,20.4,20.0,20.2,+,0.3,1534622,31029725.0,464000,20000,99139,660000,20000,107437,196000,0,8298
20260102,2464,盟立,62.9,63.7,62.0,63.5,+,1.6,1842623,116492084.0,537000,0,42476,742000,0,64965,205000,0,22489
20260102,2360,致茂,787.0,802.0,776.0,796.0,+,21.0,2382868,1881966442.0,536740,24082,13168,1498980,38082,66260,962240,14000,53092
20260102,2342,茂矽,28.5,30.75,28.5,30.0,+,1.6,4006885,120231284.0,535000,0,-1302,1213000,0,1024,678000,0,2326
20260102,4142,國光生,18.95,19.4,18.9,19.15,+,0.2,1349198,25927093.0,516000,0,991,885000,0,1000,369000,0,9
20260102,5522,遠雄,77.0,77.5,73.4,74.1,-,2.4,2000346,149079637.0,653000,-190000,51927,1030000,0,52000,377000,190000,73
20260102,2329,華泰,56.0,57.0,55.4,55.9,-,0.1,25657890,1444584795.0,747000,0,-237858,6858000,0,254577,6111000,0,492435
20260102,2515,中工,12.8,12.95,12.75,12.9,+,0.1,6186615,79508049.0,522905,-24345,6373,2694000,0,26207,2171095,24345,19834
20260102,6806,森崴能源,38.0,39.3,37.95,38.5,+,0.65,1342165,52019028.0,479000,0,18847,715000,0,42002,236000,0,23155
20260102,2834,臺企銀,16.0,16.1,16.0,16.05,+,0.05,6221499,99800991.0,251808,-15000,255959,1800808,0,256000,1549000,15000,41
20260102,3016,嘉晶,51.7,55.0,51.2,54.9,+,3.8,2897565,154941727.0,428000,0,63857,944000,0,96223,516000,0,32366
20260102,2301,光寶科,164.5,171.5,164.5,167.0,+,3.5,24704090,4159909142.0,4793353,-5085570,777518,10154917,222430,882348,5361564,5308000,104830
20260102,00700,富邦恒生國企,18.14,18.59,18.14,18.59,+,0.44,830103,15306138.0,91000,0,393385,191000,0,410489,100000,0,17104
20260102,3004,豐達科,103.5,113.0,102.5,110.0,+,6.5,2058830,226316827.0,384000,0,78607,732000,0,104610,348000,0,26003
20260102,4764,雙鍵,107.0,115.5,107.0,115.5,+,10.5,2777390,317436210.0,431580,0,29538,804000,0,30538,372420,0,1000
20260102,00907,永豐優息存股,15.24,15.31,15.24,15.25,+,0.01,850921,13006751.0,5000,0,441301,6000,0,729000,1000,0,287699
20260102,2405,輔信,17.9,18.3,17.85,18.0,+,0.2,1269472,22959269.0,433000,0,0,588000,0,0,155000,0,0
20260102,2645,長榮航太,142.0,144.5,141.5,143.5,+,1.5,1180376,169100047.0,386000,0,33646,620000,0,93040,234000,0,59394
20260102,2379,瑞昱,494.5,497.0,487.5,487.5,-,1.5,3520743,1728897113.0,1311918,-909892,13211,2422118,133108,50318,1110200,1043000,37107
20260102,9910,豐泰,117.0,117.5,112.5,112.5,-,4.0,2674186,305608774.0,-621528,1019000,4675,378472,1095000,9014,1000000,76000,4339
20260102,1809,中釉,17.75,18.1,17.65,18.0,+,0.55,1102508,19758003.0,397000,0,0,550000,0,0,153000,0,0
20260102,7769,鴻勁,3395.0,3435.0,3330.0,3430.0,+,5.0,1198842,4060828750.0,381261,-43000,51527,664050,108000,70527,282789,151000,19000
20260102,3645,達邁,52.0,53.4,52.0,53.0,+,1.1,1128585,59435920.0,386000,0,883,594000,0,883,208000,0,0
20260102,6550,北極星藥業-KY,31.4,32.2,30.9,31.6,+,0.5,1337806,42474848.0,378000,0,-2000,577000,0,1000,199000,0,3000
20260102,3450,聯鈞,272.5,287.5,272.0,273.0,+,3.0,23785967,6631531155.0,336887,60000,-22771,5945130,60000,367465,5608243,0,390236
20260102,00639,富邦深100,15.18,15.32,15.18,15.32,+,0.09,584125,8928591.0,9000,0,363273,19000,0,437884,10000,0,74611
20260102,00960,野村全球航運龍頭,14.4,14.43,14.4,14.4,-,0.01,481311,6939403.0,7000,0,361000,7000,0,361000,0,0,0
20260102,8271,宇瞻,114.0,115.0,110.0,113.0,,0.0,12014779,1356952092.0,316000,0,51809,3010000,0,89000,2694000,0,37191
20260102,00636,國泰中國A50,27.08,27.28,27.04,27.28,+,0.23,585046,15913767.0,30000,0,335011,30000,0,495717,0,0,160706
20260102,6168,宏齊,20.0,20.4,19.85,20.3,+,0.95,1064864,21461398.0,364000,0,0,454000,0,0,90000,0,0
20260102,5234,達興材料,351.5,381.5,351.5,381.5,+,34.5,1980054,741727800.0,62400,175000,125485,533000,175000,142321,470600,0,16836
20260102,6830,汎銓,175.0,183.0,175.0,179.0,+,5.0,1315481,236184551.0,366350,0,-5992,564350,0,3490,198000,0,9482
20260102,00951,台新日本半導體,11.33,11.42,11.33,11.4,+,0.05,1453889,16565981.0,381000,0,-23991,381000,0,669000,0,0,692991
20260102,2633,台灣高鐵,28.0,28.15,27.9,28.0,,0.0,2017774,56536086.0,166524,-5000,191000,944524,0,191000,778000,5000,0
20260102,3321,同泰,17.3,18.6,17.25,18.6,+,1.65,1588272,28711290.0,355000,0,-3079,449000,0,14921,94000,0,18000
20260102,3062,建漢,23.25,23.6,23.25,23.4,+,0.1,1292319,30279625.0,347000,0,-3039,453000,0,0,106000,0,3039
20260102,5243,乙盛-KY,77.3,79.5,76.9,77.7,+,0.5,1138162,88697095.0,319010,0,20018,579010,0,21762,260000,0,1744
20260102,1589,永冠-KY,17.0,18.0,16.9,17.3,+,0.45,1729508,30246733.0,349000,0,-10831,669000,0,11000,320000,0,21831
20260102,00893,國泰智能電動車,32.42,32.64,32.34,32.63,+,0.21,1389556,45230035.0,641013,0,-307782,665013,0,486737,24000,0,794519
20260102,7780,大研生醫*,182.0,190.0,180.0,189.5,+,10.0,884260,165394785.0,313000,0,20000,401000,0,20000,88000,0,0
20260102,4739,康普,65.2,68.8,65.2,68.2,+,3.0,1122637,76016400.0,313194,-1000,19041,551000,0,25272,237806,1000,6231
20260102,3305,昇貿,104.0,111.0,103.5,108.5,+,5.0,5255159,564014479.0,86000,0,244916,1089000,0,296072,1003000,0,51156
20260102,00962,台新AI優息動能,10.66,10.88,10.66,10.83,+,0.09,636903,6902667.0,1000,0,325875,1000,0,532411,0,0,206536
20260102,0061,元大寶滬深,23.05,23.33,23.01,23.3,+,0.25,479440,11149326.0,440000,0,-115714,444000,0,596,4000,0,116310
20260102,8110,華東,58.2,62.3,58.2,62.3,+,5.1,12470578,759855906.0,5201,0,317000,615201,0,337000,610000,0,20000
20260102,3543,州巧,41.75,43.5,41.75,42.65,+,0.9,2094111,89775020.0,266676,0,55000,903000,0,56000,636324,0,1000
20260102,8103,瀚荃,85.8,88.8,85.8,87.6,+,1.8,1374021,120281632.0,318080,0,0,669000,0,0,350920,0,0
20260102,1616,億泰,28.6,29.3,28.55,28.9,+,0.25,742320,21540585.0,315000,0,-1660,398000,0,0,83000,0,1660
20260102,6285,啟碁,99.6,101.0,99.1,100.0,+,1.0,2612007,261398960.0,288000,-3690,28917,1128000,0,51715,840000,3690,22798
20260102,6192,巨路,108.0,112.5,107.5,111.5,+,4.0,832956,92057586.0,232000,0,81000,250000,0,196000,18000,0,115000
20260102,1721,三晃,17.95,18.15,17.0,17.35,+,0.85,12981173,229519036.0,-623000,0,932330,897000,0,937330,1520000,0,5000
20260102,2233,宇隆,219.5,228.0,219.5,225.5,+,6.5,1592074,357845803.0,231000,50000,24485,521000,50000,38485,290000,0,14000
20260102,6112,邁達特,46.4,48.15,46.4,47.6,+,1.55,885673,42153911.0,299000,0,1439,418000,0,2967,119000,0,1528
20260102,6271,同欣電,134.5,137.0,133.5,134.0,+,0.5,2266720,305414846.0,313865,0,-15221,789015,0,45721,475150,0,60942
20260102,6834,天二科技,28.9,30.0,28.75,29.75,+,1.25,710091,21023193.0,247000,0,48000,297000,0,48000,50000,0,0
20260102,5871,中租-KY,106.5,107.5,104.0,104.0,-,1.5,17836069,1874867339.0,7912046,-7758324,135470,10383036,0,164610,2470990,7758324,29140
20260102,2613,中櫃,24.0,24.75,24.0,24.05,+,0.4,795898,19364320.0,289000,0,0,352000,0,0,63000,0,0
20260102,00897,富邦基因免疫生技,8.71,8.76,8.71,8.75,+,0.04,458821,4011697.0,1000,0,285591,1000,0,355000,0,0,69409
20260102,00903,富邦元宇宙,17.47,17.51,17.41,17.51,+,0.06,668376,11678894.0,460000,0,-176797,460000,0,200213,0,0,377010
20260102,2014,中鴻,15.75,15.75,15.5,15.65,-,0.1,4132736,64468291.0,77000,0,205901,1093000,0,305000,1016000,0,99099
20260102,3049,精金,5.8,6.25,5.7,6.1,-,0.06,11439757,68282621.0,277000,0,1493,2742000,0,2898,2465000,0,1405
20260102,3028,增你強,37.5,38.3,37.25,38.1,+,0.75,1023550,38894683.0,279000,0,-6000,453000,0,0,174000,0,6000
20260102,8261,富鼎,91.0,92.4,90.6,92.3,+,2.2,1432094,131672133.0,282000,0,-15200,467000,0,2911,185000,0,18111
20260102,00921,兆豐龍頭等權重,17.49,17.53,17.45,17.45,-,0.08,340222,5947579.0,-1000,0,267088,0,0,277000,1000,0,9912
20260102,6531,愛普*,449.0,467.5,445.0,458.5,+,10.5,7410805,3383824707.0,-21800,133000,153279,1983000,157000,227071,2004800,24000,73792
20260102,1319,東陽,97.7,99.0,97.1,97.7,+,0.7,1659295,162503808.0,185000,78473,952,969000,101000,3952,784000,22527,3000
20260102,9939,宏全,122.0,122.5,120.0,120.5,-,0.5,1021679,123796783.0,331000,-46000,-21006,518000,0,6000,187000,46000,27006
20260102,4989,榮科,53.8,57.4,53.0,54.3,+,1.8,40315631,2210447802.0,165173,0,94945,10275173,0,118530,10110000,0,23585
20260102,2425,承啟,30.75,31.9,30.75,31.7,+,1.25,728901,22853652.0,252000,0,-1000,281000,0,0,29000,0,1000
20260102,3025,星通,65.0,66.8,64.5,64.9,+,0.9,1411277,92742269.0,249000,0,-1000,526000,0,0,277000,0,1000
20260102,4960,誠美材,13.45,13.55,13.3,13.35,-,0.1,1098508,14698786.0,243000,0,0,522000,0,0,279000,0,0
20260102,3030,德律,192.0,192.5,187.0,192.5,+,1.0,3527633,670610979.0,262584,0,-20290,1083584,0,93100,821000,0,113390
20260102,3312,弘憶股,35.3,38.3,35.1,38.3,+,3.45,4631767,174283481.0,241000,0,988,1022000,0,4988,781000,0,4000
20260102,2049,上銀,194.5,198.5,194.5,196.0,+,2.0,816889,160484663.0,240201,-1000,1735,412201,0,12871,172000,1000,11136
20260102,00949,復華日本龍頭,18.33,18.33,18.27,18.28,-,0.01,516735,9450774.0,205000,0,28130,210000,0,31000,5000,0,2870
20260102,00690,兆豐藍籌30,44.95,45.29,44.9,45.25,+,0.52,664811,29986101.0,21000,0,209919,28000,0,495178,7000,0,285259
20260102,2419,仲琦,24.15,24.5,24.05,24.25,+,0.1,1084606,26313418.0,160000,0,66370,393000,0,68526,233000,0,2156
20260102,4540,全球傳動,34.7,35.75,34.7,35.2,+,0.8,651598,23022515.0,224000,0,281,306000,0,1144,82000,0,863
20260102,00652,富邦印度,37.31,37.6,37.31,37.6,+,0.33,395396,14838333.0,1127,0,222178,1127,0,222178,0,0,0
20260102,7610,聯友金屬-創,147.0,152.5,143.5,147.0,+,4.0,1103829,163396491.0,220000,0,2842,421000,0,14048,201000,0,11206
20260102,2460,建通,20.1,22.1,19.7,22.1,+,2.0,1339315,28863251.0,215000,0,6417,263000,0,8714,48000,0,2297
20260102,3380,明泰,31.15,31.7,31.15,31.65,+,0.3,1437861,45217861.0,185918,0,34855,544418,0,54005,358500,0,19150
20260102,3712,永崴投控,24.5,25.2,24.5,25.1,+,0.6,498151,12446956.0,151000,0,65214,272000,0,86000,121000,0,20786
20260102,6133,金橋,21.0,21.5,20.8,20.8,,0.0,1454539,30618598.0,216000,0,0,493000,0,0,277000,0,0
20260102,6449,鈺邦,163.0,177.0,163.0,173.5,+,10.5,1516315,259907167.0,100050,0,107429,450050,0,111997,350000,0,4568
20260102,2637,慧洋-KY,68.7,69.3,67.6,67.8,-,0.1,2289644,156182335.0,629020,-406343,-15662,1185020,1900,42338,556000,408243,58000
20260102,3024,憶聲,11.35,11.45,11.25,11.4,+,0.2,618465,7023197.0,205000,0,0,256000,0,0,51000,0,0
20260102,1712,興農,43.75,44.4,43.75,44.1,+,0.35,330826,14619024.0,182000,0,22512,205000,0,22512,23000,0,0
20260102,2338,光罩,35.5,36.2,35.5,35.95,+,0.6,663175,23803438.0,212000,0,-7676,306000,0,1880,94000,0,9556
20260102,3661,世芯-KY,3600.0,3745.0,3580.0,3635.0,+,125.0,3470112,12728369810.0,-297245,430518,70257,748024,432518,209908,1045269,2000,139651
20260102,2363,矽統,46.7,47.5,46.6,46.7,+,0.1,2136250,100347574.0,185000,10000,6162,696000,10000,42692,511000,0,36530
20260102,2340,台亞,26.25,26.8,26.2,26.3,+,0.2,1667874,44155793.0,153000,0,43511,647000,0,45300,494000,0,1789
20260102,5222,全訊,131.5,134.5,131.0,131.0,+,2.0,513329,67976085.0,193000,0,2793,260000,0,4000,67000,0,1207
20260102,6235,華孚,62.5,63.9,62.5,62.8,+,0.3,597960,37761775.0,194000,0,1159,282000,0,27106,88000,0,25947
20260102,3092,鴻碩,25.6,26.8,24.5,26.8,+,1.2,3485378,88849836.0,65000,0,130000,89000,0,130000,24000,0,0
20260102,2413,環科,44.8,46.8,44.0,46.1,+,0.5,4184617,187418548.0,148000,0,44000,244000,0,69000,96000,0,25000
20260102,5608,四維航,17.75,17.95,17.5,17.55,-,0.05,1388890,24578100.0,191000,0,-195,432000,0,4000,241000,0,4195
20260102,6442,光聖,1385.0,1420.0,1365.0,1380.0,+,20.0,2958883,4116048410.0,154865,11000,23747,807900,11000,38563,653035,0,14816
20260102,6215,和椿,102.5,105.0,102.0,103.5,+,2.0,861361,89226315.0,188000,0,813,326000,0,5326,138000,0,4513
20260102,6152,百一,10.6,10.7,10.3,10.5,+,0.1,756850,7934518.0,184000,0,4000,214000,0,4000,30000,0,0
20260102,6919,康霈*,156.0,156.5,152.5,153.5,-,1.5,2571754,396799192.0,171609,220,14395,417513,220,14395,245904,0,0
20260102,6672,騰輝電子-KY,92.9,95.1,92.1,94.2,+,1.6,967093,90626769.0,230000,0,-45000,368000,0,3000,138000,0,48000
20260102,3041,揚智,23.8,26.2,23.8,26.2,+,2.35,1967667,50717976.0,173000,0,11469,315000,0,12469,142000,0,1000
20260102,3013,晟銘電,130.5,132.0,130.0,130.0,-,0.5,2291155,299832350.0,154450,0,28181,450550,0,33181,296100,0,5000
20260102,3703,欣陸,22.35,23.0,22.35,22.45,+,0.15,821370,18574505.0,-104000,0,285446,213000,0,298000,317000,0,12554
20260102,4976,佳凌,30.35,31.15,30.15,30.4,+,0.35,747584,22950297.0,179000,0,-47,327000,0,0,148000,0,47
20260102,2885,元大金,39.5,39.85,39.3,39.65,+,0.35,49993463,1974026154.0,35352511,-35774586,596828,40586326,2414,651330,5233815,35777000,54502
20260102,4576,大銀微系統,104.0,106.5,103.0,105.0,+,2.0,410623,43102773.0,164000,0,6045,250000,0,8647,86000,0,2602
20260102,3533,嘉澤,1295.0,1315.0,1290.0,1295.0,,0.0,535441,695779865.0,164539,773,4506,263659,1000,23434,99120,227,18928
20260102,2392,正崴,37.1,37.5,37.0,37.0,+,0.1,1232080,45866499.0,177000,0,-8250,501000,0,23553,324000,0,31803
20260102,00916,國泰全球品牌50,27.4,27.46,27.36,27.46,+,0.06,306955,8415010.0,-2000,0,169254,0,0,200105,2000,0,30851
20260102,3055,蔚華科,78.1,79.4,77.9,78.5,+,0.7,583753,45848101.0,164000,0,-2004,276000,0,996,112000,0,3000
20260102,1529,樂事綠能,18.85,19.15,18.75,18.8,,0.0,390498,7387900.0,157000,0,2875,172000,0,4000,15000,0,1125
20260102,2359,所羅門,126.5,129.5,126.0,129.0,+,3.5,1266207,162282558.0,160000,0,-3071,352000,0,4663,192000,0,7734
20260102,6831,邁科,294.0,297.0,288.5,290.5,-,4.5,1193983,349182463.0,149100,0,6000,267100,0,6000,118000,0,0
20260102,2497,怡利電,54.0,56.8,53.2,54.8,+,2.3,2322780,128512875.0,161500,0,-7982,717500,0,13026,556000,0,21008
20260102,00912,中信臺灣智慧50,21.8,21.94,21.72,21.94,+,0.18,547809,11955731.0,8000,0,144502,8000,0,416329,0,0,271827
20260102,5534,長虹,85.1,85.8,84.0,84.2,-,1.4,867357,73389401.0,161054,0,-9618,280054,0,40332,119000,0,49950
20260102,3532,台勝科,95.4,97.8,94.8,96.8,+,1.7,1249375,120516888.0,124162,0,22358,454162,0,29483,330000,0,7125
20260102,3673,TPK-KY,40.4,41.0,40.2,40.4,,0.0,1390047,56301963.0,136000,0,9152,539000,0,13024,403000,0,3872
20260102,9911,櫻花,83.7,84.1,83.6,83.9,+,0.2,243479,20437581.0,147000,-1000,-1000,205000,0,0,58000,1000,1000
20260102,2236,百達-KY,117.0,121.0,115.5,120.0,+,4.0,800756,94793814.0,149908,0,-5000,290000,0,0,140092,0,5000
20260102,00895,富邦未來車,39.11,39.4,39.07,39.39,+,0.28,1101226,43233752.0,519000,0,-374284,529000,0,382276,10000,0,756560
20260102,6862,三集瑞-KY,152.0,167.5,152.0,167.5,+,15.0,896489,146757299.0,93400,0,50310,233000,0,50310,139600,0,0
20260102,1325,恆大,29.95,30.85,29.95,30.4,+,0.45,333330,10183139.0,139000,0,0,176000,0,0,37000,0,0
20260102,3008,大立光,2540.0,2590.0,2495.0,2585.0,+,90.0,1425258,3639917355.0,-279213,304725,113286,223638,315021,164877,502851,10296,51591
20260102,2428,興勤,175.0,183.0,175.0,181.0,+,6.5,1004643,180921205.0,92000,0,46640,346000,0,77101,254000,0,30461
20260102,6202,盛群,37.1,38.0,37.1,37.5,+,0.35,592020,22244365.0,139000,0,-1454,281000,0,546,142000,0,2000
20260102,6923,中台,103.0,104.5,102.0,103.5,+,1.0,354789,36742449.0,137000,0,0,217000,0,2000,80000,0,2000
20260102,2426,鼎元,17.2,17.4,16.9,17.25,+,0.05,982278,16831556.0,134000,0,3000,367000,0,3000,233000,0,0
20260102,3704,合勤控,32.2,32.7,32.2,32.6,+,0.6,1024904,33188497.0,138200,0,-2000,392200,0,14000,254000,0,16000
20260102,9919,康那香,16.45,16.7,16.45,16.6,+,0.2,276268,4585440.0,135000,0,0,164000,0,0,29000,0,0
20260102,6591,動力-KY,75.8,77.3,75.8,76.4,+,1.0,296334,22704505.0,133000,0,0,161000,0,0,28000,0,0
20260102,2442,新美齊,25.0,25.2,24.9,25.1,+,0.1,518368,12965727.0,131000,0,0,192000,0,0,61000,0,0
20260102,1524,耿鼎,28.0,28.3,27.85,27.85,+,0.05,550928,15448331.0,133000,0,-2085,195000,0,2000,62000,0,4085
20260102,6205,詮欣,60.3,61.0,58.7,61.0,-,1.0,1871791,112325303.0,-4000,0,134000,34000,0,134000,38000,0,0
20260102,6695,芯鼎,45.4,46.1,45.05,45.05,-,0.35,420232,19116319.0,128000,0,1000,174000,0,1000,46000,0,0
20260102,4566,時碩工業,58.2,58.4,56.5,56.7,-,0.7,460524,26480144.0,134050,0,-6345,179050,0,1023,45000,0,7368
20260102,00731,復華富時高息低波,69.0,69.1,68.85,69.05,+,0.05,727582,50243940.0,-7000,0,134474,0,0,711614,7000,0,577140
20260102,2431,聯昌,11.35,11.55,11.35,11.45,+,0.1,407748,4660740.0,127000,0,0,143000,0,0,16000,0,0
20260102,4770,上品,233.0,242.0,231.5,233.5,+,2.5,423202,100052867.0,85000,0,40067,181000,0,42807,96000,0,2740
20260102,7750,新代,860.0,880.0,854.0,880.0,+,18.0,247315,215574235.0,123005,0,2000,166005,0,2000,43000,0,0
20260102,6885,全福生技,29.75,30.3,29.55,29.7,-,0.05,288642,8654489.0,124000,0,0,130000,0,0,6000,0,0
20260102,3356,奇偶,47.05,47.7,47.05,47.3,+,0.3,267603,12692690.0,127000,0,-5000,154000,0,0,27000,0,5000
20260102,4306,炎洲,14.2,14.35,14.2,14.35,+,0.15,684866,9783820.0,120000,0,0,227000,0,0,107000,0,0
20260102,2636,台驊控股,67.1,67.8,67.0,67.1,+,0.1,378877,25569986.0,121000,0,-1000,190000,0,0,69000,0,1000
20260102,1590,亞德客-KY,940.0,975.0,940.0,956.0,+,26.0,473509,455621520.0,103072,0,14624,310341,0,16729,207269,0,2105
20260102,1536,和大,56.0,57.1,56.0,56.4,+,0.6,984177,55654990.0,117800,0,-475,394000,0,17876,276200,0,18351
20260102,00954,中信日本半導體,12.15,12.23,12.15,12.22,+,0.07,756502,9231589.0,11000,0,105584,11000,0,391000,0,0,285416
20260102,1597,直得,72.0,74.0,72.0,73.0,+,1.0,186752,13679947.0,112000,0,3517,138000,0,3517,26000,0,0
20260102,8072,陞泰,30.25,31.2,30.25,31.0,+,0.75,378378,11635576.0,115000,0,0,159000,0,0,44000,0,0
20260102,00926,凱基全球菁英55,23.31,23.35,23.23,23.33,+,0.02,579165,13499396.0,-500,0,114127,0,0,322000,500,0,207873
20260102,2484,希華,20.3,20.45,20.2,20.45,+,0.2,331377,6742338.0,112000,0,607,135000,0,1000,23000,0,393
20260102,8222,寶一,40.4,41.0,40.05,40.4,,0.0,418572,16985172.0,111000,0,0,179000,0,0,68000,0,0
20260102,3022,威強電,64.8,65.6,64.2,65.1,+,0.6,410449,26700743.0,111000,2012,-2560,215000,2012,1000,104000,0,3560
20260102,00938,凱基優選30,17.44,17.59,17.44,17.57,+,0.13,594114,10414199.0,6000,0,104123,11000,0,524000,5000,0,419877
20260102,00762,元大全球AI,83.1,83.3,82.7,83.25,+,0.15,333005,27635404.0,78950,0,27386,151050,0,53840,72100,0,26454
20260102,00964,中信亞太高股息,11.73,11.8,11.68,11.79,+,0.1,1775507,20858481.0,-393000,0,497988,0,0,1632000,393000,0,1134012
20260102,8249,菱光,50.3,50.9,49.9,50.2,+,0.3,387542,19548603.0,109000,0,-4072,194000,0,0,85000,0,4072
20260102,6873,泓德能源,98.8,102.0,98.4,100.0,+,1.3,335485,33522326.0,98150,0,6299,159150,0,6387,61000,0,88
20260102,6165,浪凡,47.7,47.7,46.35,47.15,-,0.1,439750,20584622.0,102000,0,2000,213000,0,2000,111000,0,0
20260102,2727,王品,217.0,218.5,217.0,218.0,+,1.0,189096,41184587.0,103020,0,0,125020,0,0,22000,0,0
20260102,2543,皇昌,60.0,60.5,59.3,60.5,+,0.4,1462331,87817961.0,101620,0,1382,386000,0,8001,284380,0,6619
20260102,5607,遠雄港,48.65,49.2,48.35,48.75,+,0.35,270510,13179524.0,102000,0,1000,150000,0,1000,48000,0,0
20260102,4562,穎漢,35.0,35.6,35.0,35.15,+,0.2,205452,7257807.0,102000,0,0,118000,0,0,16000,0,0
20260102,2731,雄獅,165.0,167.5,165.0,167.0,+,3.5,543865,90662539.0,92000,0,9995,170000,0,17000,78000,0,7005
20260102,1795,美時,283.0,285.0,281.5,282.0,-,1.0,980632,277490225.0,160000,-66000,7953,321000,0,13610,161000,66000,5657
20260102,4934,太極,13.95,14.2,13.9,13.95,+,0.1,457173,6404066.0,101000,0,0,166000,0,0,65000,0,0
20260102,6269,台郡,58.8,59.9,58.3,58.9,-,0.1,1227838,72460338.0,84000,0,14855,469000,0,27283,385000,0,12428
20260102,3035,智原,171.0,174.0,170.0,170.5,,0.0,3299136,567631609.0,117950,-1000,-18679,931000,0,71226,813050,1000,89905
20260102,2032,新鋼,15.35,15.45,15.2,15.3,-,0.05,617279,9452637.0,103000,0,-4926,132000,0,1000,29000,0,5926
20260102,2241,艾姆勒,36.8,37.85,36.8,37.2,+,0.55,420160,15664455.0,99000,0,-2000,208000,0,0,109000,0,2000
20260102,6505,台塑化,48.1,48.1,46.6,46.6,-,1.2,5142181,241897797.0,54197,264,41834,1490197,264,166591,1436000,0,124757
20260102,1210,大成,51.0,51.5,51.0,51.3,+,0.4,795853,40804878.0,240000,-138000,-5769,373000,0,1000,133000,138000,6769
20260102,00783,富邦中証500,25.69,25.81,25.68,25.81,+,0.23,171812,4424141.0,51000,0,44620,51000,0,100627,0,0,56007
20260102,5471,松翰,33.25,33.4,33.0,33.15,+,0.3,225839,7492351.0,96000,0,-689,110000,0,1000,14000,0,1689
20260102,6139,亞翔,554.0,578.0,552.0,565.0,+,13.0,5926137,3355916772.0,-432560,414000,111856,1807740,489000,185944,2240300,75000,74088
20260102,1436,華友聯,65.0,65.4,64.8,65.0,+,0.1,137748,8953500.0,92000,0,859,101000,0,859,9000,0,0
20260102,3029,零壹,114.5,116.0,113.5,114.5,+,1.5,999053,114813622.0,107000,0,-15187,330000,0,11954,223000,0,27141
20260102,00861,元大全球未來通訊,55.85,56.25,55.75,56.25,+,0.4,128976,7231696.0,41000,0,50548,43000,0,70701,2000,0,20153
20260102,4545,銘鈺,39.0,40.55,38.9,39.05,+,0.25,449627,17852389.0,90000,0,-1000,152000,0,0,62000,0,1000
20260102,6224,聚鼎,42.9,44.4,42.8,44.2,+,1.2,259167,11394310.0,89000,0,-1000,130000,0,0,41000,0,1000
20260102,2420,新巨,50.7,51.3,50.7,51.1,+,0.5,211290,10787682.0,82000,5840,0,89000,5840,0,7000,0,0
20260102,00972,野村日本動能高息,17.98,18.08,17.98,18.07,+,0.13,393484,7097737.0,373000,0,-287241,375000,0,194,2000,0,287435
20260102,5225,東科-KY,99.9,101.0,99.9,100.0,+,0.2,287667,28839226.0,90000,0,-5000,104000,0,0,14000,0,5000
20260102,4551,智伸科,114.5,116.5,114.0,114.5,+,2.0,238990,27495157.0,84674,0,301,147000,0,306,62326,0,5
20260102,3257,虹冠電,70.7,70.7,69.2,69.2,-,0.8,599078,41772685.0,84000,0,0,127000,0,0,43000,0,0
20260102,2453,凌群,53.0,54.2,53.0,53.7,+,0.7,407996,21876866.0,85000,0,-1000,164000,0,0,79000,0,1000
20260102,3528,安馳,66.9,67.7,66.1,67.4,+,1.2,147271,9903159.0,83000,0,0,94000,0,0,11000,0,0
20260102,2465,麗臺,58.0,63.8,58.0,62.8,+,4.8,1119304,69463914.0,81271,0,1615,103016,0,2615,21745,0,1000
20260102,2030,彰源,14.8,14.9,14.55,14.55,-,0.25,548205,8066051.0,82000,0,0,94000,0,0,12000,0,0
20260102,5706,鳳凰,50.9,51.1,50.6,50.8,+,0.2,158075,8056126.0,81000,0,107,81000,0,107,0,0,0
20260102,4949,有成精密,37.65,38.15,37.0,37.0,-,0.4,319020,11953259.0,81000,0,-213,123000,0,0,42000,0,213
20260102,2501,國建,23.8,23.8,23.15,23.3,-,0.1,1681030,39225446.0,-67000,0,147383,491000,0,148000,558000,0,617
20260102,2364,倫飛,66.5,68.1,66.5,67.7,+,1.2,187040,12632385.0,67000,0,11026,91000,0,11026,24000,0,0
20260102,3047,訊舟,18.1,18.5,18.1,18.15,,0.0,1085673,19815226.0,95600,0,-19000,361000,0,0,265400,0,19000
20260102,1449,佳和,11.2,11.35,11.05,11.15,+,0.05,480804,5388699.0,75000,0,999,148000,0,1000,73000,0,1
20260102,2486,一詮,94.5,96.7,93.8,96.1,+,2.2,7810618,744044118.0,-34010,0,108540,2129000,0,224474,2163010,0,115934
20260102,6226,光鼎,7.4,7.49,7.31,7.4,-,0.09,267811,1974076.0,74000,0,0,76000,0,0,2000,0,0
20260102,9946,三發地產,19.35,19.6,19.25,19.45,+,0.25,325833,6335242.0,73000,0,0,90000,0,0,17000,0,0
20260102,6698,旭暉應材,31.45,33.9,31.25,33.9,+,3.05,687631,22893205.0,70000,0,2013,167000,0,2013,97000,0,0
20260102,2748,雲品,42.6,43.15,42.5,43.1,+,0.5,124536,5341879.0,71000,0,0,73000,0,0,2000,0,0
20260102,6869,雲豹能源,91.6,92.8,91.3,91.5,+,0.1,463707,42603050.0,69800,0,42,215000,0,1000,145200,0,958
20260102,1503,士電,170.0,171.5,169.0,169.0,-,1.0,795898,135336257.0,81236,-4000,-7408,280236,0,7000,199000,4000,14408
20260102,2302,麗正,17.6,17.9,17.6,17.65,+,0.05,245457,4360755.0,70000,0,-1000,98000,0,0,28000,0,1000
20260102,1702,南僑,39.05,39.45,39.05,39.05,-,0.15,223399,8763703.0,109060,-3578,-37057,140060,0,0,31000,3578,37057
20260102,1618,合機,42.65,42.85,42.2,42.4,+,0.15,371259,15772983.0,69000,0,-1000,120000,0,0,51000,0,1000
20260102,3031,佰鴻,19.8,20.0,19.7,19.8,+,0.15,345060,6848690.0,65000,0,3000,95000,0,3000,30000,0,0
20260102,2038,海光,14.65,14.7,14.45,14.5,-,0.05,191140,2788169.0,67000,0,0,87000,0,0,20000,0,0
20260102,1517,利奇,11.05,11.2,10.9,10.9,-,0.15,289732,3185004.0,67000,0,-128,76000,0,1000,9000,0,1128
20260102,00943,兆豐電子高息等權,14.4,14.47,14.37,14.4,+,0.04,717327,10362142.0,0,0,65993,0,0,680000,0,0,614007
20260102,3057,喬鼎,20.45,21.25,20.4,21.05,+,0.1,689576,14418652.0,65982,0,0,109000,0,0,43018,0,0
20260102,3518,柏騰,21.25,21.7,21.1,21.55,+,0.3,210912,4507614.0,65000,0,0,77000,0,0,12000,0,0
20260102,1217,愛之味,10.5,10.5,10.4,10.5,+,0.1,259829,2715174.0,65000,0,0,67000,0,1000,2000,0,1000
20260102,3046,建碁,52.1,52.8,51.8,52.8,+,0.9,289618,15222486.0,66000,0,-1040,86000,0,0,20000,0,1040
20260102,7711,永擎,259.0,261.5,255.5,259.5,+,0.5,204530,52937002.0,57000,0,7162,78000,0,7162,21000,0,0
20260102,8374,羅昇,78.5,80.2,78.5,79.4,+,0.9,222720,17709873.0,61000,0,2053,100000,0,2053,39000,0,0
20260102,6776,展碁國際,53.4,54.7,52.7,53.9,+,0.2,3129332,168295954.0,106092,0,-44016,460000,0,0,353908,0,44016
20260102,4746,台耀,59.5,60.5,59.4,59.5,+,0.2,460861,27600564.0,54000,0,8025,180000,0,12000,126000,0,3975
20260102,1760,寶齡富錦,63.0,63.8,63.0,63.5,+,0.5,114599,7275175.0,62000,0,0,66000,0,0,4000,0,0
20260102,00728,第一金工業30,37.18,37.28,37.12,37.2,+,0.02,150598,5600878.0,-1000,0,62434,0,0,89434,1000,0,27000
20260102,0051,元大中型100,91.5,92.75,91.5,92.35,+,0.85,95494,8813748.0,0,0,61186,0,0,61186,0,0,0
20260102,2471,資通,50.0,50.6,50.0,50.2,+,0.35,111658,5622142.0,61000,0,0,65000,0,0,4000,0,0
20260102,1540,喬福,22.8,23.15,22.8,23.1,+,0.2,199386,4601561.0,61000,0,0,69000,0,0,8000,0,0
20260102,8213,志超,32.45,32.8,32.45,32.75,+,0.2,200508,6548596.0,61000,0,0,93000,0,0,32000,0,0
20260102,4564,元翎,17.6,17.6,17.15,17.25,-,0.2,659452,11450512.0,61000,0,-1,220000,0,0,159000,0,1
20260102,2228,劍麟,105.5,109.0,105.5,109.0,+,3.5,1610260,174230775.0,-3000,0,63999,189000,0,66000,192000,0,2001
20260102,4137,麗豐-KY,101.0,101.0,100.0,101.0,,0.0,100196,10091290.0,52002,0,8000,55002,0,10000,3000,0,2000
20260102,8105,凌巨,11.4,11.5,11.3,11.35,-,0.05,449313,5134397.0,59000,0,1000,194000,0,1000,135000,0,0
20260102,2540,愛山林,50.0,50.4,49.7,50.0,+,0.3,642095,32092234.0,55250,0,4000,167250,0,25000,112000,0,21000
20260102,00703,台新MSCI中國,21.51,21.88,21.51,21.88,+,0.37,64965,1412424.0,1000,0,57904,1000,0,59065,0,0,1161
20260102,00739,元大MSCI A股,26.39,26.69,26.39,26.69,+,0.3,97819,2601598.0,44000,0,14655,44000,0,44755,0,0,30100
20260102,2395,研華,291.0,294.5,285.0,286.5,-,1.5,1602712,463204404.0,91283,-44898,11974,682446,18102,47000,591163,63000,35026
20260102,00737,國泰AI機器人,35.7,35.73,35.52,35.71,-,0.02,105434,3755407.0,58000,0,-950,58000,0,14000,0,0,14950
20260102,2017,官田鋼,8.53,8.53,8.43,8.49,+,0.01,262932,2229053.0,56000,0,629,93000,0,1000,37000,0,371
20260102,00898,國泰基因免疫革命,7.84,7.89,7.84,7.87,+,0.03,216525,1704840.0,19000,0,37000,21000,0,44000,2000,0,7000
20260102,8011,台通,22.25,22.65,22.25,22.3,+,0.05,509635,11389444.0,55000,0,0,154000,0,0,99000,0,0
20260102,3296,勝德,24.5,24.65,24.0,24.3,+,0.3,154725,3771954.0,52000,0,2000,75000,0,2000,23000,0,0
20260102,5907,大洋-KY,5.65,5.77,5.48,5.52,-,0.06,348393,1932078.0,54000,0,0,61000,0,0,7000,0,0
20260102,6120,達運,12.2,12.35,12.05,12.15,,0.0,1624652,19799076.0,-65000,0,118790,374000,0,120000,439000,0,1210
20260102,6472,保瑞,488.0,499.0,488.0,492.0,+,4.0,388558,191940057.0,55693,-7000,4522,176693,6000,8572,121000,13000,4050
20260102,4952,凌通,35.25,35.85,35.15,35.3,,0.0,114671,4070179.0,48000,0,4061,56000,0,5061,8000,0,1000
20260102,1340,勝悅-KY,7.58,7.72,7.2,7.29,-,0.19,557517,4126127.0,51000,0,1000,113000,0,4000,62000,0,3000
20260102,4571,鈞興-KY,163.5,166.0,163.0,164.5,+,1.5,142580,23448605.0,50607,0,403,68000,0,403,17393,0,0
20260102,3588,通嘉,48.65,49.45,48.65,48.95,+,0.55,154188,7564491.0,51000,0,-16,66000,0,0,15000,0,16
20260102,2832,台產,50.3,50.7,50.0,50.3,,0.0,229911,11566879.0,14000,0,36856,87000,0,43000,73000,0,6144
20260102,6166,凌華,63.1,64.2,63.0,63.5,+,0.3,208603,13290349.0,51000,0,-147,105000,0,53,54000,0,200
20260102,6861,睿生光電,59.5,61.0,59.5,60.3,+,1.0,146093,8826982.0,50000,0,30,61000,0,30,11000,0,0
20260102,2107,厚生,24.65,24.7,24.55,24.65,,0.0,167129,4115102.0,50000,0,0,55000,0,0,5000,0,0
20260102,6243,迅杰,36.65,37.6,36.65,37.3,-,0.05,233721,8705904.0,49000,0,856,78000,0,1000,29000,0,144
20260102,1522,堤維西,45.95,46.55,45.55,45.7,-,0.25,892720,41054510.0,19000,-6005,36674,303000,0,40323,284000,6005,3649
20260102,4557,永新-KY,78.2,79.2,78.2,78.8,+,0.6,92161,7279365.0,48000,0,0,55000,0,0,7000,0,0
20260102,3051,力特,18.45,19.15,18.4,18.55,+,0.1,593954,11099670.0,46000,0,2000,180000,0,2000,134000,0,0
20260102,3058,立德,10.7,10.8,10.4,10.4,-,0.15,619672,6521127.0,48000,0,0,136000,0,0,88000,0,0
20260102,2461,光群雷,14.9,15.4,14.9,15.4,+,0.5,448803,6812581.0,48000,0,0,76000,0,1000,28000,0,1000
20260102,6477,安集,35.1,35.6,34.8,35.05,+,0.15,560968,19733322.0,47000,0,141,181000,0,1000,134000,0,859
20260102,7786,東方風能,157.0,157.5,153.5,157.5,+,2.5,159791,24846104.0,28000,0,18498,38000,0,18498,10000,0,0
20260102,6890,來億-KY,252.0,255.0,250.5,250.5,,0.0,356232,89725359.0,62000,-15000,-599,106000,0,4302,44000,15000,4901
20260102,8464,億豐,364.5,370.0,363.5,366.5,+,5.5,527151,193306469.0,39887,0,6434,487144,0,6434,447257,0,0
20260102,1903,士紙,54.2,54.3,54.0,54.2,+,0.3,140758,7619721.0,45000,0,0,51000,0,0,6000,0,0
20260102,1732,毛寶,27.85,28.25,27.3,28.1,+,0.1,264878,7393531.0,44000,0,0,75000,0,0,31000,0,0
20260102,3591,艾笛森,18.4,18.8,18.35,18.45,+,0.05,163684,3041910.0,42000,0,1999,57000,0,2000,15000,0,1
20260102,6272,驊陞,45.15,45.9,44.3,45.6,+,0.5,675421,30483481.0,42979,0,0,114000,0,0,71021,0,0
20260102,2062,橋椿,20.55,20.7,20.45,20.7,+,0.15,298216,6135601.0,50000,-7000,-36,95000,0,0,45000,7000,36
20260102,3043,科風,21.3,22.15,21.3,22.0,+,0.6,148326,3237630.0,42000,0,0,46000,0,0,4000,0,0
20260102,6573,虹揚-KY,15.2,15.8,14.95,15.5,+,0.3,321523,4980553.0,42000,0,0,106000,0,6000,64000,0,6000
20260102,5292,華懋,173.0,173.5,168.0,168.0,-,2.5,777224,124123285.0,42000,0,0,87000,0,0,45000,0,0
20260102,8215,明基材,19.0,19.1,18.85,18.9,-,0.05,273938,5189857.0,41000,0,0,103000,0,0,62000,0,0
20260102,5285,界霖,50.8,50.9,50.0,50.4,+,0.1,201761,10173845.0,41000,0,0,69000,0,0,28000,0,0
20260102,2397,友通,61.0,61.7,61.0,61.0,+,0.2,86888,5324834.0,41000,0,0,52000,0,0,11000,0,0
20260102,00920,富邦ESG綠色電力,18.15,18.19,18.14,18.17,+,0.01,172001,3127061.0,144201,0,-103994,144651,0,6000,450,0,109994
20260102,2254,巨鎧精密-創,59.5,59.5,58.8,59.2,-,0.7,47000,2792500.0,1000,0,39000,3000,0,39000,2000,0,0
20260102,3094,聯傑,23.8,24.3,23.8,24.0,,0.0,147186,3540182.0,40000,0,0,58000,0,0,18000,0,0
20260102,6668,中揚光,37.8,38.1,37.6,37.6,-,0.3,170653,6452726.0,39000,0,0,66000,0,0,27000,0,0
20260102,2440,太空梭,14.6,14.6,14.35,14.45,-,0.15,165748,2395351.0,39000,0,0,44000,0,0,5000,0,0
20260102,2491,吉祥全,20.2,20.25,19.35,19.4,-,0.5,752436,14900532.0,37000,0,1000,148000,0,1000,111000,0,0
20260102,1598,岱宇,20.6,20.85,20.5,20.6,-,0.1,135197,2795661.0,49000,0,-11000,51000,0,0,2000,0,11000
20260102,6768,志強-KY,105.0,109.0,105.0,105.5,,0.0,607959,64898411.0,15000,18816,3619,107000,170000,7000,92000,151184,3381
20260102,00717,富邦美國特別股,15.02,15.06,15.02,15.02,-,0.01,171359,2577062.0,133000,0,-96000,133000,0,1000,0,0,97000
20260102,00661,元大日經225,64.95,65.5,64.95,65.5,+,0.7,175094,11414226.0,-1000,0,37615,0,0,101032,1000,0,63417
20260102,00660,元大歐洲50,41.83,41.94,41.8,41.85,+,0.11,43339,1813234.0,0,0,36000,0,0,37000,0,0,1000
20260102,2546,根基,86.7,88.1,85.8,86.0,-,0.6,169073,14650929.0,36000,0,0,49000,0,0,13000,0,0
20260102,3686,達能,18.0,18.2,17.9,17.95,-,0.25,209883,3785528.0,35000,0,1000,66000,0,1000,31000,0,0
20260102,4755,三福化,106.5,112.0,106.5,111.0,+,3.5,245111,27147415.0,36000,0,0,71000,0,0,35000,0,0
20260102,6283,淳安,25.3,26.0,25.3,25.55,+,0.05,178310,4579723.0,34000,0,2000,81000,0,2000,47000,0,0
20260102,00876,元大全球5G,51.55,51.65,51.25,51.6,+,0.3,83118,4283112.0,45000,0,-9450,46000,0,999,1000,0,10449
20260102,3346,麗清,19.15,19.25,18.9,18.95,-,0.2,115460,2200870.0,35000,0,0,41000,0,0,6000,0,0
20260102,3209,全科,31.75,32.05,31.6,31.9,+,0.25,279705,8916980.0,47000,-6003,-6000,93000,0,0,46000,6003,6000
20260102,2305,全友,10.95,11.15,10.95,10.95,-,0.05,294311,3243592.0,56000,0,-22000,76000,0,0,20000,0,22000
20260102,6909,創控,39.7,39.85,39.2,39.3,-,0.3,130977,5175997.0,34000,0,0,45000,0,0,11000,0,0
20260102,4583,台灣精銳,651.0,664.0,651.0,656.0,+,4.0,171194,112483169.0,32930,0,1009,58000,0,6082,25070,0,5073
20260102,1220,台榮,12.45,12.5,12.35,12.5,+,0.05,139931,1743824.0,32000,0,0,34000,0,0,2000,0,0
20260102,6136,富爾特,24.25,24.3,24.2,24.25,+,0.05,130806,3168019.0,15000,0,17000,16000,0,17000,1000,0,0
20260102,5284,jpp-KY,282.5,291.0,281.0,287.5,+,6.5,1308913,374656331.0,-53000,0,84729,380000,0,91489,433000,0,6760
20260102,5484,慧友,37.8,38.4,37.0,37.95,+,0.15,154619,5873916.0,39000,0,-8000,54000,0,2000,15000,0,10000
20260102,3717,聯嘉投控,16.7,16.95,16.7,16.85,+,0.15,218616,3683178.0,31000,0,0,66000,0,0,35000,0,0
20260102,2029,盛餘,21.25,21.3,21.05,21.1,-,0.15,93764,1983202.0,29000,0,2000,48000,0,2000,19000,0,0
20260102,1516,川飛,22.9,23.15,22.55,22.55,-,0.35,102470,2325517.0,27000,0,3000,32000,0,3000,5000,0,0
20260102,3607,谷崧,14.85,15.2,14.7,14.7,-,0.05,603541,8993405.0,31000,0,-1000,150000,0,0,119000,0,1000
20260102,6838,台新藥,26.6,27.45,26.6,26.95,+,0.55,240805,6515634.0,31000,0,-1000,78000,0,0,47000,0,1000
20260102,3494,誠研,8.61,8.84,8.61,8.67,+,0.06,124471,1082462.0,30000,0,-193,38000,0,0,8000,0,193
20260102,2707,晶華,188.5,190.5,188.5,189.5,+,0.5,66186,12554914.0,29000,0,0,35000,0,0,6000,0,0
20260102,2015,豐興,61.9,61.9,61.3,61.8,+,0.5,117329,7241434.0,-18000,46000,1000,38000,46000,1000,56000,0,0
20260102,00899,FT潔淨能源,20.07,20.28,20.07,20.26,+,0.21,218922,4424183.0,149,0,28766,149,0,88099,0,0,59333
20260102,6230,尼得科超眾,115.0,118.0,115.0,116.5,+,1.5,55067,6456133.0,32000,0,-3492,37000,0,508,5000,0,4000
20260102,1218,泰山,18.2,18.25,18.15,18.15,-,0.05,265240,4826587.0,29000,0,-1000,40000,0,1000,11000,0,2000
20260102,2444,兆勁,11.35,11.5,11.2,11.4,+,0.05,281293,3185395.0,28000,0,0,28000,0,1000,0,0,1000
20260102,8478,東哥遊艇,190.5,192.0,189.0,192.0,+,4.0,165002,31576053.0,16000,0,11614,58000,0,12000,42000,0,386
20260102,4720,德淵,15.9,16.6,15.9,16.6,+,1.5,3054351,50475012.0,21000,-1016,7034,77000,0,7034,56000,1016,0
20260102,2488,漢平,46.0,46.25,45.95,46.1,+,0.2,107689,4961073.0,27000,0,18,32000,0,18,5000,0,0
20260102,3669,圓展,33.8,34.0,33.15,33.15,-,0.9,165347,5536510.0,25000,0,2000,33000,0,2000,8000,0,0
20260102,00678,群益那斯達克生技,34.68,34.81,34.67,34.79,+,0.24,288331,10029219.0,-99986,0,126377,14,0,256000,100000,0,129623
20260102,6928,攸泰科技,52.9,53.9,52.2,52.6,+,1.0,151457,8012298.0,27000,0,-677,46000,0,0,19000,0,677
20260102,3311,閎暉,31.2,31.6,31.1,31.2,+,0.05,121038,3790221.0,26000,0,0,43000,0,0,17000,0,0
20260102,2108,南帝,23.35,23.55,23.15,23.2,-,0.25,317452,7394086.0,27000,0,-1000,126000,0,1000,99000,0,2000
20260102,1535,中宇,53.0,53.3,53.0,53.0,-,0.2,55913,2964786.0,26000,0,0,26000,0,0,0,0,0
20260102,6863,永道-KY,117.0,120.0,115.5,116.5,-,0.5,119494,14045832.0,25000,0,4,45000,0,4,20000,0,0
20260102,00771,元大US高息特別股,16.02,16.07,16.02,16.07,+,0.05,27060,433776.0,0,0,25000,0,0,26000,0,0,1000
20260102,6949,沛爾生醫-創,342.5,345.0,308.5,308.5,-,34.0,479768,153319053.0,19369,0,5267,150000,0,19000,130631,0,13733
20260102,8429,金麗-KY,7.75,7.78,7.68,7.76,+,0.01,133087,1030602.0,19000,0,5000,26000,0,5000,7000,0,0
20260102,6216,居易,26.6,27.0,26.4,26.5,-,0.05,70868,1884856.0,24000,0,0,27000,0,0,3000,0,0
20260102,2597,潤弘,168.5,171.0,167.0,167.5,-,0.5,352917,59605794.0,23000,0,1000,172000,0,1000,149000,0,0
20260102,3406,玉晶光,450.0,451.5,437.0,437.5,-,12.0,1125829,497418713.0,90837,-49000,-17939,461296,1000,9895,370459,50000,27834
20260102,6944,兆聯實業,693.0,709.0,693.0,699.0,+,7.0,445399,312027372.0,-45211,39000,29760,99020,44000,32130,144231,5000,2370
20260102,1342,八貫,89.9,89.9,88.9,89.2,,0.0,92382,8255917.0,23000,0,376,26000,0,376,3000,0,0
20260102,2231,為升,93.1,95.2,93.0,93.3,+,0.4,322280,30331111.0,27000,0,-3732,127000,0,637,100000,0,4369
20260102,3150,鈺寶-創,20.0,20.85,20.0,20.45,+,0.75,146019,2993483.0,21000,0,2007,25000,0,23007,4000,0,21000
20260102,4737,華廣,59.5,59.5,58.5,58.5,-,1.0,90977,5360446.0,23000,0,0,27000,0,0,4000,0,0
20260102,1786,科妍,72.8,74.5,72.8,73.0,+,0.4,261221,19215763.0,23000,0,-99,116000,0,1156,93000,0,1255
20260102,2390,云辰,9.8,9.88,9.8,9.8,-,0.03,150296,1476202.0,22000,0,0,27000,0,0,5000,0,0
20260102,5283,禾聯碩,60.5,61.0,60.0,60.4,-,0.1,124230,7485165.0,22000,0,0,40000,0,0,18000,0,0
20260102,6108,競國,14.35,14.7,14.35,14.45,+,0.1,198324,2878319.0,22000,0,0,22000,0,0,0,0,0
20260102,3038,全台,23.3,23.6,23.3,23.6,+,0.25,232036,5444233.0,22000,-970,0,65000,0,0,43000,970,0
20260102,2509,全坤建,16.7,17.15,16.35,16.35,-,0.15,769220,12841350.0,22000,0,-1000,87000,0,0,65000,0,1000
20260102,4588,玖鼎電力,60.5,61.3,60.5,61.2,+,0.4,49458,3018879.0,21000,0,0,22000,0,0,1000,0,0
20260102,6184,大豐電,48.05,48.4,48.05,48.35,+,0.3,34784,1678123.0,21000,0,0,21000,0,0,0,0,0
20260102,6024,群益期,51.0,51.2,51.0,51.0,,0.0,270431,13807687.0,20000,0,0,31000,0,0,11000,0,0
20260102,1603,華電,37.1,37.3,37.05,37.15,+,0.15,157998,5866373.0,19000,0,1000,47000,0,1000,28000,0,0
20260102,3056,富華新,18.0,18.15,17.85,17.85,-,0.15,1459847,26215270.0,103700,0,-84000,390000,0,3000,286300,0,87000
20260102,3694,海華,61.0,62.2,60.5,61.9,+,1.6,759480,46728771.0,21000,0,-1916,208000,0,84,187000,0,2000
20260102,4155,訊映,14.45,14.55,14.4,14.55,+,0.05,115613,1673017.0,19000,0,0,19000,0,0,0,0,0
20260102,6914,阜爾運通,145.5,147.0,145.5,145.5,+,1.0,61821,9045272.0,19000,0,0,28000,0,0,9000,0,0
20260102,6957,裕慶-KY,201.5,206.5,200.0,203.0,+,6.0,139492,28363006.0,19000,0,0,44000,0,0,25000,0,0
20260102,2247,汎德永業,280.5,283.0,278.5,282.0,+,0.5,149601,42022868.0,23000,0,-4000,54000,0,0,31000,0,4000
20260102,2069,運錩,18.45,18.7,18.2,18.4,-,0.05,328218,6043050.0,13000,0,6000,34000,0,6000,21000,0,0
20260102,2642,宅配通,26.05,26.4,26.0,26.15,-,0.05,53241,1392808.0,19000,0,0,21000,0,0,2000,0,0
20260102,4555,氣立,39.2,39.2,38.45,38.7,+,0.3,81523,3157438.0,19000,0,-99,51000,0,0,32000,0,99
20260102,6585,鼎基,87.8,89.0,87.8,88.2,+,0.2,37165,3287594.0,19000,0,-111,24000,0,289,5000,0,400
20260102,2618,長榮航,36.7,36.75,36.35,36.5,-,0.05,18937978,691425302.0,-1066044,1125254,-40464,4466956,6500000,69095,5533000,5374746,109559
20260102,2250,IKKA-KY,72.1,73.0,71.5,71.6,-,0.5,54260,3912444.0,29000,0,-10476,33000,0,0,4000,0,10476
20260102,2906,高林,12.8,12.85,12.7,12.75,-,0.1,115907,1480532.0,17000,0,1000,18000,0,1000,1000,0,0
20260102,6958,日盛台駿,16.05,16.1,16.0,16.05,+,0.05,25761,413326.0,17000,0,0,20000,0,0,3000,0,0
20260102,1418,東華,19.85,20.2,19.85,19.95,+,0.1,73278,1460561.0,17000,0,0,18000,0,0,1000,0,0
20260102,7749,意騰-KY,428.0,452.0,428.0,440.0,+,13.0,251134,111142524.0,9000,0,7456,83000,0,7456,74000,0,0
20260102,2482,連宇,17.35,17.5,17.25,17.25,-,0.15,123666,2143087.0,17000,0,-604,25000,0,0,8000,0,604
20260102,1762,中化生,24.5,24.55,24.45,24.55,+,0.05,45106,1106825.0,16000,0,273,16000,0,1000,0,0,727
20260102,8162,微矽電子-創,36.55,37.55,36.2,37.55,+,1.5,180530,6671768.0,3000,0,13100,7000,0,51100,4000,0,38000
20260102,9927,泰銘,68.0,68.3,68.0,68.1,,0.0,57113,3887457.0,16000,0,0,25000,0,0,9000,0,0
20260102,2739,寒舍,36.15,36.6,36.05,36.15,+,0.2,70816,2566166.0,19000,0,-3000,24000,0,0,5000,0,3000
20260102,3504,揚明光,50.5,52.3,50.5,52.0,+,1.4,219542,11343655.0,16000,0,-133,82000,0,3000,66000,0,3133
20260102,00714,群益道瓊美國地產,19.96,20.0,19.96,19.98,-,0.13,226510,4529853.0,0,0,15821,0,0,217571,0,0,201750
20260102,9917,中保科,108.0,109.0,108.0,108.0,,0.0,253118,27417507.0,-20826,20000,16000,57174,31000,16000,78000,11000,0
20260102,2849,安泰銀,13.55,13.55,13.45,13.45,-,0.15,32003,432067.0,15000,0,0,17000,0,0,2000,0,0
20260102,1735,日勝化,18.85,19.0,18.35,18.35,-,0.15,314247,5860959.0,14000,0,1000,38000,0,2000,24000,0,1000
20260102,1110,東泥,16.6,16.7,16.25,16.3,-,0.25,451686,7426610.0,14000,0,0,53000,0,1000,39000,0,1000
20260102,1533,車王電,32.55,33.0,32.45,32.5,+,0.05,92256,3018088.0,10000,0,4000,12000,0,4000,2000,0,0
20260102,2114,鑫永銓,90.5,90.5,89.7,90.1,-,0.4,83384,7499352.0,14000,0,0,14000,0,2000,0,0,2000
20260102,2033,佳大,15.8,16.0,15.8,15.8,,0.0,108016,1719351.0,14000,0,0,15000,0,0,1000,0,0
20260102,3557,嘉威,37.2,37.2,36.6,36.85,+,0.25,49108,1810744.0,14000,0,0,21000,0,0,7000,0,0
20260102,6281,全國電,62.7,63.7,62.6,63.1,+,0.2,42588,2679642.0,14000,0,0,16000,0,0,2000,0,0
20260102,6579,研揚,106.0,109.0,106.0,108.0,+,1.5,60684,6528390.0,16000,0,-2000,27000,0,0,11000,0,2000
20260102,7791,皇家可口,72.8,72.8,72.0,72.5,-,0.2,50519,3652453.0,14000,0,0,15000,0,1000,1000,0,1000
20260102,6782,視陽,174.5,176.5,173.5,175.0,+,0.5,90687,15914231.0,12863,0,1000,30000,0,1000,17137,0,0
20260102,2527,宏璟,29.1,29.25,29.0,29.25,+,0.2,169233,4927563.0,24000,-655,-10188,66000,0,0,42000,655,10188
20260102,2102,泰豐,19.5,19.9,19.5,19.85,+,0.3,324583,6399628.0,22000,0,-9000,88000,0,2000,66000,0,11000
20260102,1725,元禎,26.85,27.55,26.75,27.2,+,0.6,96454,2632867.0,13000,0,0,23000,0,0,10000,0,0
20260102,1467,南緯,7.13,7.17,7.12,7.15,+,0.02,66280,473745.0,14000,0,-1000,15000,0,0,1000,0,1000
20260102,1439,雋揚,29.8,30.2,29.35,29.35,-,0.55,36130,1072381.0,4000,0,9000,8000,0,9000,4000,0,0
20260102,1232,大統益,145.0,146.5,144.5,145.0,+,0.5,63020,9148227.0,13000,0,0,17000,0,0,4000,0,0
20260102,6405,悅城,27.95,30.35,27.95,28.85,+,1.25,2400208,71366756.0,11000,0,1967,433000,0,4279,422000,0,2312
20260102,4119,旭富,48.7,49.1,48.25,48.55,-,0.15,75337,3652096.0,12000,0,0,26000,0,0,14000,0,0
20260102,8404,百和興業-KY,23.3,23.4,22.9,22.95,-,0.15,477099,11025618.0,12000,0,0,107000,0,1000,95000,0,1000
20260102,1473,台南,24.55,24.75,24.25,24.35,-,0.45,82779,2024250.0,12000,0,0,17000,0,0,5000,0,0
20260102,1568,倉佑,22.3,22.55,22.25,22.3,-,0.25,114279,2552859.0,12000,0,0,12000,0,0,0,0,0
20260102,4999,鑫禾,23.05,23.1,22.95,23.0,-,0.05,75111,1728046.0,2000,0,9761,2000,0,12000,0,0,2239
20260102,3308,聯德,21.5,22.1,21.15,22.1,+,2.0,1623576,35259557.0,0,0,11035,127000,0,20035,127000,0,9000
20260102,1463,強盛新,18.6,18.8,18.5,18.5,-,0.05,32460,603147.0,11000,0,0,13000,0,0,2000,0,0
20260102,1233,天仁,32.1,32.15,32.05,32.15,+,0.05,12170,390726.0,1000,0,10000,1000,0,10000,0,0,0
20260102,4560,強信-KY,32.45,32.55,32.25,32.5,+,0.05,134006,4337643.0,11000,0,0,68000,0,0,57000,0,0
20260102,9935,慶豐富,20.05,20.25,20.0,20.1,+,0.05,105427,2119513.0,21000,0,-10000,30000,0,0,9000,0,10000
20260102,7765,中華資安,289.0,289.0,278.0,287.5,-,1.5,121595,34443512.0,-4000,15000,0,5000,15000,0,9000,0,0
20260102,3229,晟鈦,27.0,28.4,27.0,28.3,+,0.6,325246,9111078.0,10962,0,0,11000,0,0,38,0,0
20260102,2611,志信,14.9,14.95,14.7,14.7,-,0.05,257705,3825279.0,6000,0,4000,52000,0,4000,46000,0,0
20260102,1453,大將,12.6,12.65,12.45,12.55,+,0.05,39522,495736.0,7000,0,3000,8000,0,3000,1000,0,0
20260102,1454,台富,13.1,13.1,12.95,12.95,-,0.1,58755,764721.0,10000,0,0,12000,0,0,2000,0,0
20260102,2007,燁興,7.8,7.82,7.58,7.78,-,0.21,664144,5131626.0,13000,0,-3013,44000,0,3000,31000,0,6013
20260102,2468,華經,41.4,42.1,41.05,41.35,-,0.05,259202,10759312.0,9000,0,721,98000,0,1000,89000,0,279
20260102,9906,欣巴巴,51.0,51.8,50.2,50.2,-,0.8,4644480,233174143.0,9199,0,0,19199,0,0,10000,0,0
20260102,7730,暉盛-創,103.5,104.0,102.0,102.5,-,1.0,60069,6194514.0,12000,0,-3000,14000,0,3000,2000,0,6000
20260102,6598,ABC-KY,22.0,22.05,21.9,22.0,,0.0,138703,3045733.0,9000,0,0,11000,0,0,2000,0,0
20260102,1776,展宇,15.3,15.6,15.3,15.35,+,0.05,56370,872205.0,8000,0,0,8000,0,0,0,0,0
20260102,1525,江申,64.5,64.5,63.2,63.3,-,1.2,31301,1992906.0,8000,0,0,10000,0,4000,2000,0,4000
20260102,6742,澤米,45.25,46.9,45.25,45.55,-,0.05,183989,8425051.0,9000,0,-1000,60000,0,0,51000,0,1000
20260102,4935,茂林-KY,40.85,41.45,40.5,40.85,-,0.05,49364,2015399.0,3000,0,5000,5000,0,5000,2000,0,0
20260102,8201,無敵,13.35,13.6,13.2,13.6,+,0.2,84195,1125487.0,7000,0,1000,7000,0,1000,0,0,0
20260102,1707,葡萄王,127.0,128.0,127.0,127.5,+,1.0,42309,5398863.0,9000,0,-1254,12000,0,0,3000,0,1254
20260102,3563,牧德,531.0,538.0,518.0,519.0,-,9.0,1505535,795738017.0,-308006,347000,-31446,257000,347000,48219,565006,0,79665
20260102,1752,南光,37.2,37.5,37.2,37.2,-,0.1,41963,1563580.0,7000,0,0,9000,0,0,2000,0,0
20260102,1530,亞崴,27.25,27.45,27.2,27.45,+,0.2,19546,533076.0,7000,0,0,7000,0,0,0,0,0
20260102,2362,藍天,38.8,39.05,38.65,38.75,+,0.05,383175,14860760.0,16000,0,-9000,132000,0,1000,116000,0,10000
20260102,2424,隴華,35.4,37.6,35.2,36.65,+,1.25,48086,1766416.0,7000,0,0,11000,0,0,4000,0,0
20260102,6887,寶綠特-KY,59.5,60.8,59.5,60.2,-,1.7,48000,2877100.0,7000,0,-1000,9000,0,0,2000,0,1000
20260102,5215,科嘉-KY,35.2,35.2,35.0,35.1,+,0.05,43492,1527491.0,6000,0,0,10000,0,0,4000,0,0
20260102,4190,佐登-KY,29.95,29.95,29.8,29.85,,0.0,20807,621931.0,7000,0,-1000,9000,0,0,2000,0,1000
20260102,8411,福貞-KY,12.5,12.5,12.25,12.4,-,0.1,66533,822653.0,4000,0,2000,4000,0,2000,0,0,0
20260102,6931,青松健康,62.7,63.5,62.0,63.0,+,0.1,275588,17261107.0,6000,0,0,20000,0,1000,14000,0,1000
20260102,2923,鼎固-KY,20.35,20.35,20.0,20.0,,0.0,11641,236440.0,6000,0,0,9000,0,0,3000,0,0
20260102,3002,歐格,25.15,25.5,24.8,25.15,+,0.1,823904,20804596.0,6000,0,0,162000,0,0,156000,0,0
20260102,1733,五鼎,30.65,30.95,30.55,30.55,+,0.1,99422,3052642.0,7000,0,-1000,49000,0,0,42000,0,1000
20260102,1537,廣隆,125.0,125.5,124.0,125.0,,0.0,52085,6497415.0,5000,0,1000,13000,0,1000,8000,0,0
20260102,1339,昭輝,44.15,44.2,43.3,43.8,-,0.1,34800,1518430.0,5000,0,458,6000,0,1000,1000,0,542
20260102,00935,野村臺灣新科技50,30.41,30.82,30.35,30.79,+,0.62,4435940,135885622.0,-207704,0,213011,36300,0,2885885,244004,0,2672874
20260102,1465,偉全,12.5,12.6,12.5,12.6,+,0.1,18090,226963.0,5000,0,0,5000,0,0,0,0,0
20260102,1423,利華,37.9,38.0,37.9,37.9,,0.0,45006,1706776.0,5000,0,0,7000,0,0,2000,0,0
20260102,1783,和康生,43.25,43.25,42.7,42.8,,0.0,64713,2787656.0,6000,0,-1000,17000,0,0,11000,0,1000
20260102,1526,日馳,16.75,16.95,16.75,16.8,,0.0,36284,611519.0,5000,0,0,7000,0,0,2000,0,0
20260102,2929,淘帝-KY,7.86,8.01,7.81,7.82,-,0.1,230168,1810686.0,5000,0,0,44000,0,0,39000,0,0
20260102,2722,夏都,26.5,26.5,26.1,26.1,-,0.05,50442,1319429.0,4000,0,1000,9000,0,1000,5000,0,0
20260102,6924,榮惠-KY創,71.4,75.1,71.0,75.1,+,4.1,91979,6652796.0,-5000,0,10000,13000,0,21000,18000,0,11000
20260102,6835,圓裕,39.0,39.15,38.9,38.9,+,0.2,46051,1797137.0,5000,0,0,5000,0,0,0,0,0
20260102,6525,捷敏-KY,75.6,75.9,75.1,75.9,+,0.7,176993,13362227.0,7000,0,-2000,66000,0,0,59000,0,2000
20260102,6589,台康生技,61.7,63.1,61.7,62.1,+,0.4,389058,24297449.0,4000,0,863,145000,0,1000,141000,0,137
20260102,0053,元大電子,142.3,144.2,142.3,143.65,+,2.75,34000,4865997.0,0,0,4493,0,0,8493,0,0,4000
20260102,6645,金萬林-創,17.7,18.35,17.7,17.95,+,0.25,32207,579348.0,3000,0,1050,4000,0,11050,1000,0,10000
20260102,9937,全國,57.2,57.6,57.2,57.4,+,0.3,89876,5155089.0,4000,0,3,15000,0,3,11000,0,0
20260102,7732,金興精密,40.2,40.3,39.85,40.3,+,0.1,31002,1244031.0,4000,0,0,4000,0,0,0,0,0
20260102,6906,現觀科,83.4,83.5,81.8,82.5,+,0.5,38045,3134943.0,4000,0,0,12000,0,0,8000,0,0
20260102,6201,亞弘電,56.9,56.9,56.2,56.2,-,0.5,20318,1147704.0,4000,0,0,4000,0,0,0,0,0
20260102,4994,傳奇,96.8,97.5,96.8,97.0,,0.0,21461,2084165.0,4000,0,0,5000,0,0,1000,0,0
20260102,4133,亞諾法,22.7,22.7,22.5,22.6,-,0.1,49529,1120132.0,4000,0,0,4000,0,0,0,0,0
20260102,4440,宜新實業,17.65,17.65,17.4,17.45,-,0.1,60000,1053000.0,4000,0,0,7000,0,0,3000,0,0
20260102,4771,望隼,174.5,174.5,172.0,173.5,+,0.5,24674,4269746.0,4000,0,0,6000,0,0,2000,0,0
20260102,2616,山隆,13.35,13.45,13.25,13.3,-,0.05,133891,1781845.0,4000,0,0,4000,0,0,0,0,0
20260102,1531,高林股,12.25,12.25,12.0,12.05,-,0.15,36163,436282.0,3000,0,1000,4000,0,1000,1000,0,0
20260102,1731,美吾華,21.7,21.8,21.7,21.8,+,0.05,60448,1313529.0,4000,0,0,4000,0,0,0,0,0
20260102,2109,華豐,15.15,15.15,14.9,15.0,+,0.05,96546,1447572.0,5000,0,-1000,10000,0,0,5000,0,1000
20260102,3419,譁裕,13.25,13.25,12.95,13.2,+,0.15,160514,2101508.0,4000,0,0,8000,0,0,4000,0,0
20260102,1256,鮮活果汁-KY,148.0,149.5,143.0,145.5,-,3.0,78130,11428473.0,4000,0,0,19000,0,0,15000,0,0
20260102,00851,台新全球AI,56.3,56.4,56.3,56.4,-,0.15,15706,883666.0,1000,0,3000,2000,0,3000,1000,0,0
20260102,1612,宏泰,34.8,34.8,34.3,34.4,,0.0,514312,17744381.0,1000,0,2839,155000,0,4000,154000,0,1161
20260102,6128,上福,22.7,22.75,22.4,22.5,-,0.2,111114,2506084.0,3000,0,470,5000,0,2000,2000,0,1530
20260102,5533,皇鼎,14.5,14.6,14.45,14.45,-,0.05,96964,1406094.0,3000,0,0,3000,0,0,0,0,0
20260102,6423,億而得-創,85.0,86.5,85.0,85.2,+,0.6,39323,3360015.0,3000,0,0,4000,0,0,1000,0,0
20260102,7740,熙特爾-創,158.5,163.0,158.5,160.5,+,2.5,42068,6730758.0,3000,0,0,13000,0,0,10000,0,0
20260102,8367,建新國際,43.5,43.55,42.75,42.75,-,0.85,56619,2447691.0,3000,0,0,11000,0,0,8000,0,0
20260102,8466,美吉吉-KY,22.1,22.2,21.9,21.9,,0.0,392484,8671721.0,3000,0,0,4000,0,0,1000,0,0
20260102,8482,商億-KY,50.5,51.0,49.85,51.0,+,1.55,6412,323235.0,4000,0,-1000,5000,0,0,1000,0,1000
20260102,1615,大山,49.5,49.9,49.5,49.65,+,0.05,92531,4593376.0,3000,0,0,16000,0,0,13000,0,0
20260102,2248,華勝-KY,48.75,49.75,48.7,49.3,+,0.55,23000,1127350.0,3000,0,0,6000,0,0,3000,0,0
20260102,2459,敦吉,65.7,66.5,65.7,66.2,+,0.1,50174,3319853.0,3000,0,0,11000,0,0,8000,0,0
20260102,1468,昶和,12.0,12.0,11.7,11.7,-,0.3,42001,499660.0,0,0,3000,1000,0,3000,1000,0,0
20260102,1457,宜進,15.85,15.9,15.7,15.9,+,0.1,60736,959986.0,4000,0,-1000,5000,0,0,1000,0,1000
20260102,6464,台數科,76.0,77.0,75.9,77.0,,0.0,11558,882188.0,2970,0,0,5000,0,0,2030,0,0
20260102,1906,寶隆,11.75,11.85,11.7,11.8,-,0.05,59536,700038.0,3000,0,-223,4000,0,3000,1000,0,3223
20260102,9926,新海,49.7,49.7,49.7,49.7,+,0.2,9331,463688.0,2150,0,0,2150,0,0,0,0,0
20260102,9943,好樂迪,60.6,60.7,60.1,60.4,-,0.3,41479,2505828.0,2000,0,0,8000,0,0,6000,0,0
20260102,7631,聚賢研發-創,126.0,128.0,125.5,128.0,,0.0,7060,894679.0,1000,0,1000,1000,0,1000,0,0,0
20260102,6951,青新-創,73.8,74.4,73.3,73.3,-,0.5,26341,1941137.0,0,0,2000,1000,0,2000,1000,0,0
20260102,6606,建德工業,25.25,25.35,25.2,25.3,,0.0,60577,1529845.0,2000,0,0,3000,0,0,1000,0,0
20260102,5538,東明-KY,31.0,31.0,30.5,30.9,+,0.3,24022,738928.0,2000,0,0,7000,0,0,5000,0,0
20260102,6921,嘉雨思-創,67.8,69.5,65.7,68.3,+,1.6,63351,4272901.0,5000,0,-3000,6000,0,1000,1000,0,4000
20260102,2430,燦坤,22.8,22.85,22.7,22.85,,0.0,23056,525213.0,2000,0,0,3000,0,0,1000,0,0
20260102,2477,美隆電,23.95,24.0,23.75,23.75,,0.0,87314,2085604.0,2000,0,0,21000,0,0,19000,0,0
20260102,3266,昇陽,14.15,14.25,14.15,14.15,-,0.05,56104,796018.0,3000,0,-1000,5000,0,0,2000,0,1000
20260102,1459,聯發,12.05,12.05,11.85,11.85,-,0.25,98745,1179429.0,2000,0,0,6000,0,0,4000,0,0
20260102,1452,宏益,11.8,11.8,11.75,11.75,,0.0,30845,363692.0,0,0,2000,1000,0,2000,1000,0,0
20260102,1413,宏洲,10.05,10.05,10.05,10.05,+,0.05,2000,20100.0,1000,0,1000,1000,0,1000,0,0,0
20260102,1235,興泰,45.25,46.0,45.2,46.0,+,0.75,4781,217396.0,2000,0,0,3000,0,0,1000,0,0
20260102,1203,味王,39.75,39.75,39.75,39.75,,0.0,3180,126398.0,2000,0,0,2000,0,0,0,0,0
20260102,6183,關貿,95.0,95.1,94.8,95.0,,0.0,14298,1357552.0,1000,0,153,2000,0,153,1000,0,0
20260102,6552,易華電,25.3,25.35,25.2,25.25,+,0.05,54562,1379852.0,1000,0,0,2000,0,0,1000,0,0
20260102,6671,三能-KY,35.9,35.9,35.8,35.8,-,0.1,7000,250700.0,1000,0,0,1000,0,0,0,0,0
20260102,6771,平和環保-創,45.6,45.6,45.3,45.5,-,0.7,11100,504270.0,1000,0,0,1000,0,0,0,0,0
20260102,6743,安普新,27.55,27.95,27.5,27.5,-,0.45,106310,2936774.0,1000,0,0,33000,0,0,32000,0,0
20260102,5906,台南-KY,51.9,51.9,51.9,51.9,+,0.4,1002,52003.0,1000,0,0,1000,0,0,0,0,0
20260102,4930,燦星網,22.1,22.15,22.0,22.05,-,0.1,28387,626995.0,1000,0,0,3000,0,0,2000,0,0
20260102,4108,懷特,13.5,13.55,13.4,13.5,,0.0,85054,1146973.0,1000,0,0,1000,0,0,0,0,0
20260102,6918,愛派司,86.0,86.1,85.3,85.5,,0.0,34175,2930947.0,1000,0,0,4000,0,0,3000,0,0
20260102,6936,永鴻生技,36.45,36.45,36.05,36.05,-,0.1,22479,811923.0,1000,0,0,2000,0,0,1000,0,0
20260102,6988,威力暘-創,13.35,13.6,13.1,13.5,-,0.1,25000,334450.0,1000,0,0,1000,0,12000,0,0,12000
20260102,9944,新麗,16.95,17.0,16.95,17.0,-,0.05,20699,351076.0,1000,0,0,1000,0,0,0,0,0
20260102,9931,欣高,33.9,34.2,33.9,34.0,,0.0,9001,305534.0,1000,0,0,1000,0,0,0,0,0
20260102,9918,欣天然,39.6,39.75,39.6,39.75,,0.0,9209,365414.0,1000,0,0,2000,0,0,1000,0,0
20260102,9942,茂順,106.5,106.5,105.5,106.0,,0.0,39734,4214744.0,1000,0,0,6000,0,0,5000,0,0
20260102,8488,吉源-KY,9.99,9.99,9.99,9.99,+,0.09,1108,11070.0,1000,0,0,1000,0,0,0,0,0
20260102,8481,政伸,40.65,40.85,40.65,40.65,,0.0,19000,774500.0,1000,0,0,3000,0,0,2000,0,0
20260102,8463,潤泰材,26.7,27.0,26.55,26.65,,0.0,97270,2598677.0,1000,0,0,7000,0,0,6000,0,0
20260102,8443,阿瘦,11.1,11.15,11.1,11.15,+,0.05,8058,89745.0,1000,0,0,1000,0,0,0,0,0
20260102,1219,福壽,13.5,13.5,13.4,13.45,,0.0,163678,2198492.0,1000,0,0,3000,0,0,2000,0,0
20260102,1341,富林-KY,61.9,61.9,58.4,58.8,-,1.0,7153,425618.0,1000,0,0,1000,0,0,0,0,0
20260102,1324,地球,10.35,10.5,10.15,10.5,+,0.2,76799,793794.0,2000,0,-1000,4000,0,0,2000,0,1000
20260102,1315,達新,64.2,64.5,64.2,64.4,-,0.1,4203,270560.0,1000,0,0,2000,0,0,1000,0,0
20260102,1410,南染,34.1,34.55,34.1,34.45,+,0.15,9118,312572.0,1000,0,0,2000,0,0,1000,0,0
20260102,1435,中福,21.75,22.4,21.75,22.0,,0.0,4121,90811.0,1000,0,0,1000,0,0,0,0,0
20260102,1438,三地開發,33.5,33.8,33.5,33.55,-,0.05,23011,772698.0,1000,0,0,4000,0,0,3000,0,0
20260102,3054,立萬利,32.45,32.45,30.45,31.9,-,0.55,129697,4086063.0,1000,0,0,22000,0,2000,21000,0,2000
20260102,3021,鴻名,18.05,18.05,17.85,17.85,-,0.05,78476,1406916.0,1000,0,0,2000,0,0,1000,0,0
20260102,3164,景岳,18.15,18.3,18.05,18.3,-,0.05,55017,997406.0,1000,0,0,2000,0,0,1000,0,0
20260102,3432,台端,13.9,14.4,13.7,14.4,+,0.65,19932,278751.0,1000,0,0,1000,0,0,0,0,0
20260102,2506,太設,9.34,9.34,9.28,9.28,-,0.06,122717,1141989.0,1000,0,0,6000,0,1000,5000,0,1000
20260102,2433,互盛電,47.3,47.6,47.3,47.5,,0.0,9168,434963.0,1000,0,0,1000,0,0,0,0,0
20260102,2438,翔耀,21.5,21.85,21.1,21.6,+,0.15,73628,1589123.0,1000,0,0,3000,0,0,2000,0,0
20260102,2712,遠雄來,18.25,18.25,18.2,18.25,-,0.1,5500,100200.0,1000,0,0,1000,0,0,0,0,0
20260102,2910,統領,20.9,20.9,20.65,20.65,,0.0,5585,115764.0,1000,0,0,1000,0,0,0,0,0
20260102,2945,三商家購,37.95,37.95,37.9,37.9,+,0.05,6428,243759.0,1000,0,0,1000,0,0,0,0,0
20260102,2012,春雨,16.9,17.0,16.75,16.8,-,0.15,106829,1794959.0,1000,0,0,7000,0,0,6000,0,0
20260102,2024,志聯,17.5,17.55,17.5,17.5,,0.0,11912,207800.0,1000,0,0,1000,0,0,0,0,0
20260102,2373,震旦行,56.2,56.2,56.0,56.0,-,0.2,26538,1487432.0,1000,0,0,2000,0,0,1000,0,0
20260102,1512,瑞利,7.43,7.53,7.41,7.44,-,0.08,47708,355352.0,1000,0,0,1000,0,0,0,0,0
20260102,1541,錩泰,23.35,23.6,23.05,23.1,-,0.2,14261,331188.0,1000,0,0,1000,0,0,0,0,0
20260102,1583,程泰,44.5,44.5,44.5,44.5,+,0.35,2034,90501.0,1000,0,0,1000,0,0,0,0,0
20260102,1817,凱撒衛,38.3,38.45,38.2,38.45,+,0.15,25965,995249.0,1000,0,-16,1000,0,0,0,0,16
20260102,6933,AMAX-KY,152.0,153.0,149.5,149.5,-,0.5,132547,20018964.0,1000,0,-43,37000,0,1044,36000,0,1087
20260102,1109,信大,15.5,15.5,15.4,15.45,-,0.05,138086,2134016.0,1000,0,-45,2000,0,0,1000,0,45
20260102,00875,國泰網路資安,38.5,38.68,38.5,38.68,+,0.06,15544,600746.0,-2000,0,2521,0,0,4000,2000,0,1479
20260102,6625,必應,82.3,82.8,81.8,81.9,+,0.6,241563,19888260.0,-3000,0,3018,60000,0,3018,63000,0,0
20260102,6715,嘉基,102.5,103.0,100.0,100.0,-,2.5,40508,4106510.0,0,0,10,6000,0,10,6000,0,0
20260102,1470,大統新創,22.8,22.8,22.75,22.75,-,0.05,2009,45744.0,1000,0,-992,1000,0,8,0,0,1000
20260102,1441,大東,10.4,10.45,10.3,10.45,+,0.05,30402,315770.0,0,0,0,1000,0,0,1000,0,0
20260102,1432,大魯閣,18.25,18.25,18.15,18.2,-,0.05,156111,2843138.0,0,0,0,1000,0,0,1000,0,0
20260102,1474,弘裕,10.55,10.75,10.45,10.45,-,0.2,143281,1502849.0,0,0,0,3000,0,0,3000,0,0
20260102,1475,業旺,30.35,30.8,30.3,30.6,+,0.25,20521,625238.0,1000,0,-1000,2000,0,0,1000,0,1000
20260102,1506,正道,11.55,11.6,11.5,11.6,-,0.05,71048,821002.0,0,0,0,1000,0,0,1000,0,0
20260102,1236,宏亞,25.3,25.65,25.2,25.65,+,0.2,49513,1259862.0,-1000,0,1000,6000,0,1000,7000,0,0
20260102,2423,固緯,54.8,56.5,54.8,55.4,+,0.4,97744,5454561.0,-7000,0,7000,23000,0,7000,30000,0,0
20260102,1614,三洋電,34.45,34.45,34.2,34.2,-,0.1,64590,2215198.0,0,0,0,1000,0,0,1000,0,0
20260102,1726,永記,75.9,76.3,75.9,76.2,-,0.3,6280,478038.0,0,0,0,1000,0,0,1000,0,0
20260102,2939,永邑-KY,23.35,23.4,23.3,23.35,+,0.35,7048,164590.0,0,0,0,1000,0,0,1000,0,0
20260102,2901,欣欣,24.75,25.0,24.2,24.2,-,0.45,21596,529160.0,0,0,0,1000,0,0,1000,0,0
20260102,2904,匯僑,17.05,17.05,17.05,17.05,,0.0,12681,216231.0,0,0,0,1000,0,0,1000,0,0
20260102,2701,萬企,11.1,11.1,11.0,11.0,-,0.1,44280,489310.0,0,0,0,2000,0,0,2000,0,0
20260102,2706,第一店,12.9,12.9,12.85,12.85,-,0.05,75557,972979.0,1000,0,-1000,4000,0,0,3000,0,1000
20260102,2496,卓越,68.4,68.4,68.0,68.2,-,0.1,12600,859966.0,0,0,0,1000,0,0,1000,0,0
20260102,6792,詠業,50.1,50.7,50.0,50.2,+,0.1,14805,747100.0,0,0,0,2000,0,0,2000,0,0
20260102,6655,科定,120.5,120.5,118.5,118.5,-,2.0,4001,480120.0,0,0,0,1000,0,0,1000,0,0
20260102,6666,羅麗芬-KY,44.5,45.0,44.5,44.85,+,0.35,9510,425286.0,0,0,0,1000,0,0,1000,0,0
20260102,6674,鋐寶科技,20.6,21.05,20.4,20.7,+,0.05,23000,476750.0,0,0,0,1000,0,0,1000,0,0
20260102,4807,日成-KY,18.35,18.6,18.2,18.55,+,0.2,15749,289650.0,0,0,0,4000,0,0,4000,0,0
20260102,4581,光隆精密-KY,51.7,51.7,51.6,51.6,-,0.1,8146,420561.0,0,0,0,1000,0,0,1000,0,0
20260102,7705,三商餐飲,40.0,40.1,39.95,39.95,-,0.05,30388,1215298.0,1000,0,-1000,2000,0,0,1000,0,1000
20260102,7736,虎山,90.0,90.6,89.5,89.9,-,0.1,21000,1889200.0,0,0,0,16000,0,0,16000,0,0
20260102,9928,中視,18.8,18.8,17.9,18.5,-,0.5,688495,12555306.0,0,0,0,0,0,1000,0,0,1000
20260102,8101,華冠,15.75,16.0,15.75,16.0,-,0.4,13348,212568.0,0,0,-1,0,0,0,0,0,1
20260102,9929,秋雨,10.65,10.7,10.5,10.65,-,0.2,29056,309147.0,0,0,-45,1000,0,0,1000,0,45
20260102,1730,花仙子,52.7,52.8,52.4,52.8,,0.0,25320,1332509.0,0,0,-99,2000,0,1000,2000,0,1099
20260102,4106,雃博,22.1,22.2,22.0,22.2,+,0.15,44668,986550.0,-1000,0,255,1000,0,1000,2000,0,745
20260102,2432,倚天酷碁-創,25.7,25.85,25.6,25.8,+,0.3,18615,478561.0,0,0,-841,1000,0,2159,1000,0,3000
20260102,2025,千興,10.25,11.3,10.05,11.3,+,1.0,2164298,23408208.0,-5000,0,4154,56000,0,11154,61000,0,7000
20260102,2028,威致,17.5,17.75,16.65,17.45,-,0.05,124548,2162802.0,-1000,0,0,8000,0,3000,9000,0,3000
20260102,2008,高興昌,29.3,29.3,29.0,29.05,-,0.05,12931,375697.0,0,0,-1000,2000,0,0,2000,0,1000
20260102,1521,大億,23.8,23.95,23.8,23.95,+,0.2,14444,344671.0,-1000,0,0,1000,0,0,2000,0,0
20260102,2702,華園,11.9,11.95,11.8,11.95,,0.0,30854,367466.0,-1000,0,0,1000,0,1000,2000,0,1000
20260102,2911,麗嬰房,5.4,5.68,5.4,5.64,+,0.32,84286,472291.0,-1000,0,0,0,0,0,1000,0,0
20260102,3027,盛達,22.75,22.95,22.65,22.65,-,0.1,177718,4042018.0,-1000,0,0,45000,0,0,46000,0,0
20260102,3652,精聯,28.3,29.1,28.3,29.05,+,0.25,56746,1624484.0,0,0,-1000,1000,0,1000,1000,0,2000
20260102,3168,眾福科,41.5,41.85,41.2,41.5,,0.0,11088,459346.0,-1000,0,0,1000,0,0,2000,0,0
20260102,1321,大洋,35.2,35.3,34.9,35.0,-,0.15,70006,2451109.0,-1000,0,0,10000,0,0,11000,0,0
20260102,1443,立益物流,27.6,27.6,26.5,26.5,-,0.75,18250,489335.0,-1000,0,0,1000,0,0,2000,0,0
20260102,1456,怡華,13.1,13.25,13.1,13.25,+,0.05,11100,146164.0,-2000,0,1000,1000,0,1000,3000,0,0
20260102,4148,全宇生技-KY,38.4,38.65,38.3,38.5,+,0.2,9027,347384.0,0,0,-1000,1000,0,0,1000,0,1000
20260102,4414,如興,11.55,11.6,11.4,11.6,,0.0,237114,2731991.0,12000,0,-13000,37000,0,0,25000,0,13000
20260102,4736,泰博,122.0,122.5,121.5,122.0,+,0.5,46814,5709346.0,-1000,0,0,6000,0,0,7000,0,0
20260102,4552,力達-KY,23.9,24.2,23.85,24.15,,0.0,91167,2197616.0,-1000,0,0,3000,0,0,4000,0,0
20260102,5546,永固-KY,22.85,22.85,22.35,22.35,-,0.45,13060,295720.0,-1000,0,0,2000,0,0,3000,0,0
20260102,6225,天瀚,18.15,18.2,18.0,18.2,+,0.1,5151,93233.0,-1000,0,0,0,0,0,1000,0,0
20260102,6581,鋼聯,104.0,106.0,104.0,104.5,-,1.5,12293,1284555.0,-1000,0,0,1000,0,0,2000,0,0
20260102,6807,峰源-KY,46.0,46.0,45.2,45.2,-,0.45,12037,545670.0,-1000,0,0,1000,0,0,2000,0,0
20260102,6916,華凌,18.3,18.55,18.3,18.45,+,0.25,40005,739040.0,1000,0,-2000,3000,0,0,2000,0,2000
20260102,9905,大華,19.95,20.0,19.9,19.9,-,0.1,49952,996830.0,-1000,0,0,2000,0,0,3000,0,0
20260102,8940,新天地,20.6,22.4,20.25,22.25,+,1.85,636382,14006303.0,-1000,0,0,20000,0,0,21000,0,0
20260102,6969,成信實業*-創,30.3,30.65,30.3,30.65,+,0.85,13000,395500.0,1000,0,-2000,1000,0,1000,0,0,3000
20260102,0057,富邦摩台,193.0,195.65,193.0,195.65,+,4.55,2484,482043.0,0,0,-1000,0,0,0,0,0,1000
20260102,2548,華固,116.0,117.0,114.0,115.0,-,1.5,968668,111427777.0,149100,0,-150168,294100,0,74034,145000,0,224202
20260102,6754,匯僑設計,48.1,48.2,48.1,48.2,+,0.05,8324,400842.0,-1000,-141,0,1000,0,0,2000,141,0
20260102,8487,愛爾達-創,77.6,79.8,77.5,78.8,+,1.3,57722,4523772.0,0,0,-1721,4000,0,14279,4000,0,16000
20260102,1466,聚隆,14.2,14.2,13.9,14.1,-,0.1,93541,1312633.0,-2000,0,5,10000,0,5,12000,0,0
20260102,1446,宏和,18.2,18.3,18.05,18.3,,0.0,194641,3539173.0,3000,0,-5000,39000,0,0,36000,0,5000
20260102,1416,廣豐,11.95,12.0,11.9,11.95,,0.0,135918,1625546.0,-2000,0,0,1000,0,0,3000,0,0
20260102,1604,聲寶,24.35,24.5,24.3,24.3,-,0.1,481355,11719325.0,-2000,0,0,84000,0,0,86000,0,0
20260102,1539,巨庭,17.5,17.5,17.3,17.35,+,0.05,36124,626123.0,-2000,0,0,3000,0,0,5000,0,0
20260102,2115,六暉-KY,24.45,24.5,24.2,24.3,-,0.1,52640,1278865.0,-2000,0,0,3000,0,0,5000,0,0
20260102,8442,威宏-KY,70.2,70.4,69.9,70.3,+,0.1,15114,1060988.0,-2000,0,0,1000,0,0,3000,0,0
20260102,9908,大台北,30.0,30.0,29.85,29.85,-,0.15,160456,4795592.0,-3000,0,1000,4000,0,1000,7000,0,0
20260102,6641,基士德-KY,19.2,19.2,19.05,19.1,+,0.05,16997,325111.0,-2000,0,0,2000,0,0,4000,0,0
20260102,3032,偉訓,77.4,79.5,77.1,77.9,+,0.6,558392,43711128.0,0,0,-2045,183000,0,1000,183000,0,3045
20260102,3003,健和興,48.75,49.25,47.7,47.7,-,0.95,240518,11623285.0,-1000,0,-1326,82000,0,1684,83000,0,3010
20260102,00668,國泰美國道瓊,55.35,55.35,55.2,55.25,-,0.15,85252,4707247.0,-2000,0,-342,0,0,67000,2000,0,67342
20260102,2239,英利-KY,37.4,38.0,36.55,36.55,-,0.85,191020,7130595.0,-3000,0,0,41000,0,1000,44000,0,1000
20260102,2414,精技,40.95,40.95,39.8,40.65,-,0.25,124555,5063715.0,-2000,0,-1000,11000,0,0,13000,0,1000
20260102,1626,艾美特-KY,11.05,11.1,11.0,11.0,,0.0,33508,369544.0,-3000,0,0,1000,0,0,4000,0,0
20260102,1323,永裕,19.4,19.5,19.35,19.5,+,0.05,34141,665058.0,-2000,0,-1000,1000,0,0,3000,0,1000
20260102,1338,廣華-KY,20.65,20.65,20.2,20.3,-,0.3,53392,1090575.0,-3000,0,0,2000,0,0,5000,0,0
20260102,1437,勤益控,34.5,34.55,34.45,34.5,-,0.05,113004,3897396.0,5000,0,-8000,11000,0,0,6000,0,8000
20260102,1451,年興,17.3,17.35,17.2,17.25,-,0.05,221762,3836322.0,-3000,0,0,5000,0,0,8000,0,0
20260102,4441,振大環球,238.0,243.5,237.5,243.0,+,7.0,71145,17096866.0,-3000,0,0,17000,0,0,20000,0,0
20260102,3679,新至陞,113.0,114.0,113.0,114.0,+,0.5,15599,1770049.0,-3000,0,0,2000,0,0,5000,0,0
20260102,4572,駐龍,152.0,152.0,150.5,151.0,-,1.0,30006,4530582.0,-3000,0,0,8000,0,0,11000,0,0
20260102,4569,六方科-KY,150.0,155.0,149.0,151.0,-,1.0,159305,24164860.0,-3000,0,0,31000,0,0,34000,0,0
20260102,6141,柏承,10.5,10.5,10.35,10.5,-,0.1,320354,3336424.0,-3000,0,0,24000,0,0,27000,0,0
20260102,9912,偉聯,12.35,12.55,12.3,12.45,-,0.05,34590,430754.0,-2000,0,-1000,1000,0,0,3000,0,1000
20260102,1108,幸福,15.0,15.0,14.9,14.9,-,0.05,72137,1078361.0,-2007,0,-1000,3000,0,0,5007,0,1000
20260102,1445,大宇,13.1,13.15,13.0,13.0,-,0.05,60160,787093.0,-4000,0,0,2000,0,0,6000,0,0
20260102,2243,宏旭-KY,11.45,11.55,11.4,11.45,,0.0,76537,877199.0,-4000,0,0,1000,0,0,5000,0,0
20260102,2483,百容,18.75,19.05,18.55,18.85,-,0.05,50950,959414.0,-3000,0,-1000,1000,0,1000,4000,0,2000
20260102,8104,錸寶,31.9,32.25,31.4,31.45,-,0.4,674904,21482613.0,6000,0,-10000,141000,0,0,135000,0,10000
20260102,5007,三星,56.3,56.3,54.9,55.8,-,0.4,41509,2304227.0,-5000,0,1000,4000,0,1000,9000,0,0
20260102,00736,國泰新興市場,27.97,28.25,27.97,28.24,+,0.27,119904,3383148.0,0,0,-4000,0,0,106000,0,0,110000
20260102,1720,生達,59.7,59.8,59.0,59.7,+,0.8,260586,15517999.0,-4000,0,-18,88000,0,0,92000,0,18
20260102,00913,兆豐台灣晶圓製造,25.1,25.35,25.1,25.27,+,0.34,154149,3896931.0,6000,0,-10083,6000,0,112917,0,0,123000
20260102,2436,偉詮電,47.9,48.65,47.75,47.9,+,0.25,959359,46167758.0,-13000,10000,-1594,266000,10000,60,279000,0,1654
20260102,6955,邦睿生技-創,147.0,162.0,147.0,162.0,+,14.0,25944,3871616.0,3000,0,-7834,3000,0,4166,0,0,12000
20260102,7722,LINEPAY,570.0,570.0,558.0,558.0,-,12.0,47565,26717110.0,-5120,0,253,7000,0,268,12120,0,15
20260102,7721,微程式,50.8,50.8,49.3,49.5,-,0.2,25400,1263818.0,-5000,0,0,1000,0,0,6000,0,0
20260102,4426,利勤,9.6,9.61,9.57,9.57,-,0.07,85706,821298.0,-5000,0,0,8000,0,0,13000,0,0
20260102,6582,申豐,32.45,32.45,31.8,31.9,-,0.5,127594,4091132.0,10000,0,-15000,21000,0,0,11000,0,15000
20260102,2514,龍邦,15.1,15.15,15.0,15.1,-,0.05,620007,9361695.0,-3000,0,-2000,3000,0,0,6000,0,2000
20260102,2013,中鋼構,42.05,42.2,41.95,41.95,+,0.05,52108,2189121.0,-5000,0,0,2000,0,0,7000,0,0
20260102,1471,首利,8.74,8.84,8.7,8.83,+,0.05,273589,2390901.0,0,0,-5000,3000,0,0,3000,0,5000
20260102,3416,融程電,151.5,151.5,149.0,150.0,+,0.5,175342,26329318.0,-3500,0,-1571,58500,0,1000,62000,0,2571
20260102,3130,一零四,224.5,225.0,224.0,224.0,-,0.5,22306,5009624.0,-5300,0,0,2000,0,0,7300,0,0
20260102,1455,集盛,7.65,7.72,7.64,7.67,+,0.02,258788,1981908.0,-6000,0,376,14000,0,1000,20000,0,624
20260102,2434,統懋,32.0,32.6,32.0,32.3,+,0.55,30766,995376.0,-6000,0,0,2000,0,0,8000,0,0
20260102,2762,世界健身-KY,76.2,76.8,76.0,76.5,,0.0,35208,2683835.0,-6000,0,0,4000,0,0,10000,0,0
20260102,6115,鎰勝,47.35,47.35,46.8,46.8,-,0.4,69923,3288185.0,-8000,0,2000,6000,0,2000,14000,0,0
20260102,4438,廣越,75.0,75.5,74.5,74.9,-,1.0,79341,5965170.0,-8000,0,2000,23000,0,4000,31000,0,2000
20260102,8476,台境*,18.0,18.1,17.9,17.9,-,0.1,203332,3659095.0,-6000,0,0,13000,0,0,19000,0,0
20260102,1558,伸興,102.0,104.0,101.5,101.5,-,1.0,60881,6276633.0,-6000,-388,124,3000,0,21124,9000,388,21000
20260102,2816,旺旺保,28.75,28.9,28.7,28.75,-,0.15,67205,1932556.0,0,0,-7000,8000,0,0,8000,0,7000
20260102,1472,三洋實業,88.0,88.1,87.5,88.1,+,0.1,27379,2403618.0,-11000,0,4000,7000,0,4000,18000,0,0
20260102,9902,台火,16.95,17.2,16.7,16.85,,0.0,318815,5396236.0,62000,0,-69000,105000,0,0,43000,0,69000
20260102,6952,大武山,43.55,43.85,43.0,43.1,-,0.6,33052,1432071.0,-6000,0,-1000,5000,0,0,11000,0,1000
20260102,6965,中傑-KY,94.3,94.3,91.0,92.3,-,0.1,80962,7480876.0,-6000,0,-1000,27000,0,0,33000,0,1000
20260102,4439,冠星-KY,106.5,106.5,103.0,103.0,-,3.5,22427,2347669.0,-7000,0,0,2000,0,0,9000,0,0
20260102,6504,南六,41.35,42.3,41.2,41.2,-,0.25,54217,2257216.0,-7000,0,0,5000,0,0,12000,0,0
20260102,4585,達明,338.0,338.5,332.5,335.0,-,3.0,245608,82309787.0,-7360,0,-44,49000,0,0,56360,0,44
20260102,2415,錩新,26.4,26.4,25.65,25.7,+,0.1,145943,3764806.0,-7000,0,-988,17000,0,12,24000,0,1000
20260102,1713,國化,45.25,45.35,44.75,44.75,-,0.5,76052,3419060.0,-8000,0,0,3000,0,0,11000,0,0
20260102,1805,寶徠,12.05,12.1,11.95,11.95,-,0.15,69685,838001.0,-8000,0,0,2000,0,0,10000,0,0
20260102,2505,國揚,20.2,20.2,19.85,20.0,,0.0,534681,10723142.0,-4000,0,-4000,29000,0,2000,33000,0,6000
20260102,2524,京城,42.5,42.85,42.1,42.25,-,0.45,54342,2301517.0,-8000,0,0,7000,0,0,15000,0,0
20260102,3338,泰碩,49.45,50.9,49.45,50.2,+,0.9,438592,22083381.0,-7000,0,-1000,115000,0,0,122000,0,1000
20260102,1417,嘉裕,8.96,8.96,8.86,8.92,-,0.04,143389,1274178.0,-12000,0,4000,1000,0,5000,13000,0,1000
20260102,00702,國泰標普低波高息,23.29,23.3,23.23,23.23,-,0.11,136534,3178765.0,-19000,0,11000,0,0,111000,19000,0,100000
20260102,5525,順天,28.3,28.3,27.95,28.1,-,0.15,109415,3064870.0,-9000,0,0,7000,0,0,16000,0,0
20260102,6796,晉弘,94.9,96.4,94.7,95.2,+,1.0,46724,4467171.0,-9000,0,0,5000,0,0,14000,0,0
20260102,2227,裕日車,55.5,56.0,55.1,55.1,-,0.4,43903,2429659.0,-9000,0,0,2000,0,0,11000,0,0
20260102,1617,榮星,14.8,14.85,14.65,14.7,-,0.05,97727,1443719.0,-9000,0,-173,4000,0,0,13000,0,173
20260102,1527,鑽全,32.5,32.7,32.5,32.55,-,0.15,99053,3226704.0,-11000,0,1000,22000,0,1000,33000,0,0
20260102,2851,中再保,26.4,26.45,26.2,26.25,,0.0,504998,13281354.0,-2000,0,-8000,107000,0,1000,109000,0,9000
20260102,6431,光麗-KY,25.05,27.5,25.05,26.9,,0.0,264701,7095847.0,-10000,0,0,63000,0,0,73000,0,0
20260102,9930,中聯資源,70.4,70.4,70.0,70.2,-,0.1,53440,3750436.0,-11000,0,0,10000,0,0,21000,0,0
20260102,9955,佳龍,30.65,30.9,30.5,30.55,+,0.05,327884,10032594.0,-12000,0,1000,94000,0,1000,106000,0,0
20260102,8341,日友,79.4,80.1,78.8,78.8,+,0.1,189794,15096922.0,-11000,0,0,32000,0,0,43000,0,0
20260102,2608,嘉里大榮,33.15,33.3,33.05,33.1,-,0.05,171604,5684186.0,-12000,0,628,31000,0,1000,43000,0,372
20260102,00956,中信日經高股息,11.45,11.46,11.42,11.44,,0.0,191947,2196648.0,110000,0,-121402,110000,0,32000,0,0,153402
20260102,8926,台汽電,40.9,41.1,40.8,40.9,+,0.05,597131,24434416.0,-32322,0,20150,166678,0,21000,199000,0,850
20260102,6277,宏正,61.2,61.2,60.7,60.7,-,0.5,89039,5422781.0,-14000,0,1146,5000,0,3000,19000,0,1854
20260102,2480,敦陽科,151.5,153.5,151.0,152.5,+,1.5,118818,18115281.0,-22000,700,7364,22000,700,8050,44000,0,686
20260102,6117,迎廣,82.4,83.0,81.2,81.2,-,1.2,515322,42270668.0,-14000,0,0,132000,0,1000,146000,0,1000
20260102,6534,正瀚-創,90.0,90.0,88.6,89.6,-,0.4,34570,3087600.0,-14000,0,-524,1000,0,0,15000,0,524
20260102,3501,維熹,48.35,48.6,48.1,48.6,+,0.25,64117,3100965.0,-16000,0,1133,19000,0,2000,35000,0,867
20260102,2314,台揚,22.6,22.6,22.55,22.55,-,0.1,118346,2669028.0,-15000,0,0,0,0,0,15000,0,0
20260102,0055,元大MSCI金融,31.95,32.0,31.72,31.95,,0.0,267162,8516670.0,-16000,0,657,8000,0,75007,24000,0,74350
20260102,6515,穎崴,2880.0,2960.0,2755.0,2895.0,+,55.0,880238,2528851325.0,-17831,2923,-441,314247,18000,17679,332078,15077,18120
20260102,1225,福懋油,28.55,28.95,28.4,28.55,+,0.05,111463,3184987.0,-16000,0,0,15000,0,0,31000,0,0
20260102,1234,黑松,37.7,37.8,37.65,37.65,-,0.35,82746,3117659.0,-16000,0,-52,6000,0,1000,22000,0,1052
20260102,8033,雷虎,145.5,151.0,144.5,145.0,,0.0,5037018,741081379.0,-87100,0,70550,535000,0,139288,622100,0,68738
20260102,2208,台船,20.05,20.15,19.95,19.95,-,0.05,2104493,42148457.0,-18000,0,1000,36000,0,1000,54000,0,0
20260102,2450,神腦,29.05,29.1,28.8,28.85,-,0.1,105311,3039313.0,-18000,0,0,3000,0,0,21000,0,0
20260102,3437,榮創,14.4,14.7,14.25,14.35,-,0.05,389443,5635532.0,-19000,0,1000,75000,0,2000,94000,0,1000
20260102,3023,信邦,192.5,194.0,189.0,189.0,-,3.5,928112,177539137.0,12000,-14000,-16238,289000,1000,19000,277000,15000,35238
20260102,8467,波力-KY,180.0,181.0,174.0,177.5,-,2.5,250959,44460012.0,-19000,0,162,38000,0,162,57000,0,0
20260102,9925,新保,40.75,40.8,40.7,40.7,-,0.1,103585,4219749.0,-19000,0,0,23000,0,0,42000,0,0
20260102,2387,精元,38.55,39.0,38.5,38.5,,0.0,379844,14732348.0,2000,0,-21051,108000,0,1000,106000,0,22051
20260102,4906,正文,27.0,27.2,26.8,27.05,+,0.2,1247291,33754211.0,-7000,-5426,-6721,311000,0,5098,318000,5426,11819
20260102,9924,福興,52.4,52.9,52.3,52.4,,0.0,70289,3689569.0,-15000,-895,-4000,8000,0,0,23000,895,4000
20260102,6794,向榮生技,90.8,90.8,87.9,89.7,+,0.1,58595,5205136.0,-20000,0,0,2000,0,0,22000,0,0
20260102,2321,東訊,15.85,15.85,15.85,15.85,,0.0,20792,329588.0,-20000,0,0,0,0,0,20000,0,0
20260102,2705,六福,16.7,16.7,16.55,16.55,-,0.05,99919,1660526.0,-25000,0,4000,6000,0,4000,31000,0,0
20260102,2427,三商電,26.7,26.75,26.4,26.45,-,0.15,812828,21553763.0,-21000,0,0,176000,0,0,197000,0,0
20260102,6533,晶心科,240.0,246.0,240.0,242.0,+,2.0,353117,85943256.0,-29892,0,8566,82108,0,14238,112000,0,5672
20260102,1789,神隆,16.75,17.25,16.7,17.15,+,0.4,870556,14858048.0,-24000,0,1000,223000,0,1000,247000,0,0
20260102,4104,佳醫,81.6,81.7,80.7,80.8,-,0.8,352500,28594786.0,-24616,0,691,30384,0,16000,55000,0,15309
20260102,3447,展達,53.3,53.6,52.5,52.5,-,0.8,688450,36330597.0,-25000,0,993,59000,0,1000,84000,0,7
20260102,6994,富威電力,93.7,93.7,92.0,92.7,+,1.1,86793,8035011.0,-24000,0,-100,25000,0,0,49000,0,100
20260102,6177,達麗,53.7,53.7,51.9,52.6,-,1.1,1796735,94454220.0,-13000,0,-11298,720000,0,1805,733000,0,13103
20260102,3515,華擎,248.0,251.5,245.5,249.0,+,1.0,540577,134360923.0,113105,-137000,-882,217110,0,13080,104005,137000,13962
20260102,1734,杏輝,30.5,30.55,30.45,30.5,,0.0,85033,2594676.0,-25000,0,0,11000,0,0,36000,0,0
20260102,2010,春源,20.75,20.8,20.6,20.6,-,0.05,854112,17663321.0,-26320,0,1000,171680,0,1000,198000,0,0
20260102,1611,中電,13.1,13.1,12.9,12.9,-,0.05,482166,6249509.0,-27000,0,-1,63000,0,0,90000,0,1
20260102,3040,遠見,55.2,55.2,51.8,52.6,-,2.2,654483,34593754.0,-114000,0,86000,29000,0,87000,143000,0,1000
20260102,5306,桂盟,90.0,90.1,88.2,88.6,-,2.1,105913,9432019.0,-29000,0,0,15000,0,0,44000,0,0
20260102,2908,特力,20.3,20.3,20.15,20.3,,0.0,157535,3195650.0,-25000,0,-4000,27000,0,0,52000,0,4000
20260102,3708,上緯投控,113.5,114.5,110.5,111.5,+,0.5,787195,88539895.0,-17000,0,-12940,190000,0,1000,207000,0,13940
20260102,6902,GOGOLOOK,76.7,76.9,75.7,75.9,-,1.1,72893,5542498.0,-29000,0,-1000,10000,0,0,39000,0,1000
20260102,7788,松川精密,136.0,144.5,136.0,141.5,+,6.0,474034,67268421.0,-27000,0,-3000,47000,0,0,74000,0,3000
20260102,1737,臺鹽,31.7,31.7,31.55,31.55,-,0.15,87859,2775384.0,-31000,0,1000,1000,0,1000,32000,0,0
20260102,2020,美亞,23.7,23.7,23.45,23.6,-,0.2,151644,3578754.0,-30000,0,0,21000,0,0,51000,0,0
20260102,5469,瀚宇博,93.2,93.6,91.3,92.5,+,0.2,5007588,463265256.0,45720,-91000,15149,1529720,0,53965,1484000,91000,38816
20260102,00643,群益深証中小,17.1,17.26,17.1,17.25,+,0.15,1373619,23649139.0,93000,0,-123184,93000,0,1069816,0,0,1193000
20260102,2630,亞航,52.7,52.9,51.8,51.8,-,0.3,1504669,78525353.0,-19000,0,-11221,193000,0,1000,212000,0,12221
20260102,6669,緯穎,4540.0,4595.0,4445.0,4480.0,-,5.0,1536585,6945600820.0,-195572,124023,41092,470518,127023,85523,666090,3000,44431
20260102,3583,辛耘,339.5,347.5,337.5,339.0,+,5.0,1116430,383046443.0,-27000,1000,-5804,333000,1000,20702,360000,0,26506
20260102,2545,皇翔,39.25,39.35,39.0,39.0,-,0.15,233359,9143257.0,-34000,0,2000,39000,0,2000,73000,0,0
20260102,3716,中化控股,33.4,33.4,33.2,33.25,-,0.15,118662,3951666.0,-33000,0,0,7000,0,0,40000,0,0
20260102,00911,兆豐洲際半導體,32.54,33.15,32.52,33.15,+,0.02,334527,11057440.0,-1900,0,-31505,100,0,218697,2000,0,250202
20260102,1227,佳格,30.15,30.35,30.1,30.15,-,0.05,392375,11839932.0,-22000,-15000,2793,54000,0,5000,76000,15000,2207
20260102,6614,資拓宏宇,50.6,51.1,50.1,50.4,-,0.6,171415,8665549.0,-35000,0,0,20000,0,0,55000,0,0
20260102,3454,晶睿,98.8,98.9,98.7,98.8,,0.0,196390,19403738.0,-37000,0,0,14000,0,0,51000,0,0
20260102,9103,美德醫療-DR,4.45,4.47,4.41,4.46,+,0.02,715104,3177720.0,-36000,0,-1000,8000,0,0,44000,0,1000
20260102,1709,和益,16.65,16.7,16.5,16.6,-,0.05,353771,5871079.0,-39000,0,0,22000,0,0,61000,0,0
20260102,6799,來頡,81.6,82.3,80.8,80.9,-,0.1,130179,10580083.0,-39920,0,-113,28080,0,0,68000,0,113
20260102,8081,致新,211.5,212.0,209.5,209.5,-,0.5,140245,29504385.0,-38000,-710,-2000,30000,0,0,68000,710,2000
20260102,8462,柏文,152.0,152.0,147.5,147.5,-,3.5,139831,20807651.0,-41000,0,0,27000,0,0,68000,0,0
20260102,1419,新紡,66.6,67.2,66.3,67.2,+,0.6,146717,9806171.0,-37000,0,-4000,35000,0,0,72000,0,4000
20260102,8016,矽創,180.0,183.0,179.0,180.5,+,1.0,884293,159782042.0,341000,-381184,-2741,449000,485,3000,108000,381669,5741
20260102,3622,洋華,62.2,63.0,62.1,62.8,+,0.8,243137,15240166.0,-43000,0,0,46000,0,0,89000,0,0
20260102,1337,再生-KY,4.8,4.8,4.76,4.79,-,0.01,203859,974810.0,-43000,0,0,2000,0,0,45000,0,0
20260102,2493,揚博,122.5,127.0,121.0,124.5,+,3.5,3268179,407326917.0,-82570,0,39420,905500,0,58047,988070,0,18627
20260102,2429,銘旺科,80.3,80.9,79.1,79.5,-,0.7,357083,28551460.0,-46000,0,348,27000,0,2000,73000,0,1652
20260102,2852,第一保,27.75,27.95,27.65,27.8,+,0.05,234233,6522326.0,-44000,-2282,0,31000,0,0,75000,2282,0
20260102,9958,世紀鋼,142.0,148.0,141.0,145.5,+,6.0,2454492,356178916.0,-195010,24000,123922,703000,24000,153397,898010,0,29475
20260102,5258,虹堡,67.4,67.8,65.9,66.3,-,0.6,347325,23124337.0,-50000,0,-460,92000,0,550,142000,0,1010
20260102,3701,大眾控,53.8,53.8,51.0,52.0,-,2.4,4890175,255195422.0,-255000,0,204450,36000,0,205000,291000,0,550
20260102,00908,富邦入息REITs+,13.88,13.89,13.87,13.89,+,0.02,149175,2071398.0,-4000,0,-47099,0,0,58000,4000,0,105099
20260102,1476,儒鴻,386.5,393.5,380.5,380.5,-,4.0,1103555,424484212.0,231138,-297000,14756,641138,0,39595,410000,297000,24839
20260102,6164,華興,12.55,12.9,12.55,12.55,-,0.25,973661,12310430.0,-52000,0,0,116000,0,0,168000,0,0
20260102,1515,力山,27.45,27.65,27.25,27.3,-,0.1,233025,6380488.0,-48000,0,-4039,38000,0,5000,86000,0,9039
20260102,3617,碩天,211.5,214.5,208.0,208.5,-,3.0,562985,118858845.0,264000,-311112,-5202,318000,1888,0,54000,313000,5202
20260102,1464,得力,11.05,11.1,11.0,11.0,-,0.05,305914,3378376.0,-52000,0,-1000,6000,0,0,58000,0,1000
20260102,8499,鼎炫-KY,341.0,341.5,328.0,330.5,-,9.0,270885,90079031.0,-54000,0,935,60000,0,4542,114000,0,3607
20260102,3705,永信,57.0,57.2,56.7,57.1,+,0.1,365511,20823856.0,-53000,0,-438,101000,0,1010,154000,0,1448
20260102,6416,瑞祺電通,91.9,91.9,89.8,90.1,-,1.0,239161,21576316.0,-44000,0,-10000,34000,0,0,78000,0,10000
20260102,9136,巨騰-DR,8.2,8.2,8.05,8.15,-,0.06,928250,7542257.0,-54000,0,0,28000,0,0,82000,0,0
20260102,2534,宏盛,20.85,21.0,20.65,20.8,,0.0,398678,8299699.0,-58000,0,4000,100000,0,4000,158000,0,0
20260102,1714,和桐,8.08,8.14,8.05,8.05,-,0.03,1402238,11325500.0,-54000,0,-1000,192000,0,0,246000,0,1000
20260102,00770,國泰北美科技,57.9,58.1,57.7,58.1,,0.0,743350,43058617.0,-26996,0,-29326,4004,0,144000,31000,0,173326
20260102,4766,南寶,317.0,323.0,316.0,318.0,+,3.5,392239,125360772.0,-33000,-27000,2813,111000,15000,9646,144000,42000,6833
20260102,6526,達發,448.5,451.0,443.0,444.0,+,1.5,225059,100591179.0,-37748,-17000,-3708,39000,6000,2864,76748,23000,6572
20260102,2406,國碩,25.35,25.9,24.8,24.85,-,0.4,7187409,181110296.0,-59000,0,505,1441000,0,2000,1500000,0,1495
20260102,8454,富邦媒,207.5,208.5,206.0,206.0,-,1.5,669091,138518026.0,-316940,257000,1383,94060,257000,9000,411000,0,7617
20260102,2355,敬鵬,30.9,32.5,30.55,32.0,+,1.3,3003672,94923456.0,-160000,-4068,104895,746000,0,113572,906000,4068,8677
20260102,5203,訊連,89.3,89.4,88.5,88.5,-,0.8,179752,15981723.0,-55000,0,-6383,38000,0,0,93000,0,6383
20260102,6689,伊雲谷,61.6,62.4,61.0,61.0,-,0.5,303213,18718870.0,46000,-100000,-7452,94000,0,4000,48000,100000,11452
20260102,4956,光鋐,21.6,21.95,21.35,21.35,-,0.25,803567,17365484.0,-62000,0,0,121000,0,0,183000,0,0
20260102,1587,吉茂,49.95,50.5,49.25,49.95,+,0.55,1023966,51060798.0,-65000,0,1726,192000,0,5000,257000,0,3274
20260102,2495,普安,33.05,33.8,32.65,32.65,-,0.4,9182859,303832976.0,-79030,0,13300,1536000,0,14431,1615030,0,1131
20260102,6153,嘉聯益,15.15,15.3,15.05,15.05,+,0.05,1360771,20613100.0,-68000,0,625,364000,0,1000,432000,0,375
20260102,1532,勤美,26.25,26.3,26.0,26.05,-,0.2,399142,10421008.0,-47000,-13897,-7038,95000,0,4000,142000,13897,11038
20260102,9934,成霖,10.05,10.05,9.91,9.93,-,0.12,467757,4655675.0,-68000,0,0,61000,0,0,129000,0,0
20260102,6142,友勁,9.02,9.17,9.02,9.07,-,0.07,335273,3044222.0,-66000,0,-3000,8000,0,1000,74000,0,4000
20260102,1810,和成,17.55,17.75,17.4,17.6,+,0.05,1082336,19040595.0,-422000,350000,0,144000,350000,0,566000,0,0
20260102,1103,嘉泥,13.95,13.95,13.85,13.85,-,0.1,383039,5331295.0,-72000,0,0,61000,0,1000,133000,0,1000
20260102,9940,信義,22.75,22.8,22.55,22.7,,0.0,160889,3647495.0,-68000,0,-4064,15000,0,1000,83000,0,5064
20260102,3015,全漢,53.0,55.0,53.0,53.9,+,1.1,458870,24764687.0,-79000,1487,-2473,90000,5079,547,169000,3592,3020
20260102,2536,宏普,26.2,26.2,25.8,25.85,-,0.15,168877,4378360.0,-80000,0,0,4000,0,0,84000,0,0
20260102,6189,豐藝,44.65,45.35,44.4,44.4,-,0.2,438990,19666825.0,-50000,-2753,-29056,140000,0,3360,190000,2753,32416
20260102,2538,基泰,11.3,11.35,11.2,11.2,-,0.15,234091,2633706.0,-82000,0,0,5000,0,0,87000,0,0
20260102,2258,鴻華先進-創,42.9,43.0,42.5,42.6,-,0.5,579543,24738947.0,-88000,0,5000,85000,0,5000,173000,0,0
20260102,00645,富邦日本,47.8,47.99,47.8,47.9,+,0.11,118482,5678044.0,-1000,0,-82180,0,0,3000,1000,0,85180
20260102,2612,中航,59.9,60.5,59.1,59.2,-,0.2,979557,58479023.0,-19000,0,-65114,303000,0,20000,322000,0,85114
20260102,5288,豐祥-KY,143.5,147.0,136.5,147.0,+,5.0,748898,106420426.0,-103000,0,18563,112000,0,20000,215000,0,1437
20260102,00709,富邦歐洲,37.0,37.1,37.0,37.05,+,0.05,127351,4718651.0,-2000,0,-84000,0,0,16000,2000,0,100000
20260102,5515,建國,36.0,36.2,35.1,36.05,+,0.05,926650,32894538.0,-323000,150000,87000,104000,150000,103000,427000,0,16000
20260102,4904,遠傳,88.9,89.5,88.7,88.9,+,0.6,3468042,308493582.0,351345,-483607,41173,1905345,873393,99173,1554000,1357000,58000
20260102,1708,東鹼,32.3,32.4,32.05,32.05,-,0.1,566542,18239472.0,-70000,0,-21397,107000,0,1196,177000,0,22593
20260102,6209,今國光,67.3,67.5,65.5,66.4,-,0.4,9464162,626678975.0,-93000,0,1541,2599000,0,9000,2692000,0,7459
20260102,8473,山林水,37.55,37.8,36.8,36.95,-,0.45,356172,13236296.0,-14000,0,-78000,52000,0,0,66000,0,78000
20260102,00730,富邦臺灣優質高息,23.11,23.35,23.06,23.09,-,0.06,204983,4744794.0,-4960,0,-87350,40,0,38000,5000,0,125350
20260102,2601,益航,5.43,5.45,5.38,5.38,-,0.05,935812,5059709.0,-90000,0,-3000,8000,0,0,98000,0,3000
20260102,2348,海悅,81.1,81.3,80.3,80.3,-,0.5,291945,23528134.0,-109000,0,15665,35000,0,30000,144000,0,14335
20260102,1201,味全,14.55,14.65,14.5,14.5,-,0.05,212646,3091035.0,-94000,0,0,7000,0,1000,101000,0,1000
20260102,5519,隆大,33.0,33.3,32.75,32.75,-,0.25,352190,11587511.0,-89000,0,-5519,33000,0,2000,122000,0,7519
20260102,1560,中砂,402.0,414.0,398.5,407.0,+,10.5,4630899,1882252454.0,-735819,513000,127380,1137006,516000,183508,1872825,3000,56128
20260102,2516,新建,14.85,14.95,14.75,14.75,-,0.1,235347,3486892.0,-98000,0,1000,1000,0,1000,99000,0,0
20260102,4968,立積,127.0,127.0,124.0,124.0,-,2.0,815931,102233650.0,-94500,0,-4184,176000,0,6603,270500,0,10787
20260102,6756,威鋒電子,82.1,84.0,80.3,80.3,-,2.2,239965,19602394.0,-93000,0,-5782,40000,0,3000,133000,0,8782
20260102,2905,三商,15.9,15.9,15.6,15.75,-,0.1,528037,8312437.0,-97000,0,-2000,91000,0,1000,188000,0,3000
20260102,2476,鉅祥,86.5,91.6,86.5,91.0,+,4.4,3130894,282535630.0,-208000,0,102703,616000,0,162608,824000,0,59905
20260102,6409,旭隼,976.0,1065.0,976.0,1015.0,+,44.0,1661760,1728505060.0,-148608,5000,36803,436975,5000,84882,585583,0,48079
20260102,3530,晶相光,72.9,79.1,72.5,76.6,+,3.8,1552516,118322749.0,-128000,0,18136,397000,0,23156,525000,0,5020
20260102,00891,中信關鍵半導體,20.1,20.42,20.07,20.36,+,0.4,14284829,290083754.0,137026,0,-247395,729026,0,4240860,592000,0,4488255
20260102,4912,聯德控股-KY,99.0,106.0,97.9,105.5,+,8.8,2543830,262397626.0,-116000,0,4112,508000,0,5841,624000,0,1729
20260102,6558,興能高,37.5,38.1,37.0,37.3,+,0.3,821210,30731557.0,-114000,0,-31,125000,0,4000,239000,0,4031
20260102,3138,耀登,109.0,110.5,103.5,105.5,-,2.5,939199,100779835.0,-123000,0,8000,137000,0,8000,260000,0,0
20260102,2204,中華,59.1,60.1,58.8,58.9,+,0.3,1186313,70509827.0,-144814,-14665,44351,373186,0,46399,518000,14665,2048
20260102,2704,國賓,43.1,43.1,42.8,42.85,-,0.3,169537,7275260.0,-117000,0,0,8000,0,0,125000,0,0
20260102,6753,龍德造船,132.0,134.5,132.0,133.0,,0.0,692055,92353805.0,-127000,0,9026,81000,0,17436,208000,0,8410
20260102,1460,宏遠,6.38,6.39,6.34,6.39,+,0.01,464854,2960575.0,-117000,0,-1000,9000,0,0,126000,0,1000
20260102,6414,樺漢,286.0,290.5,286.0,286.0,-,0.5,542175,155888780.0,-42000,-70000,-7364,143000,0,15000,185000,70000,22364
20260102,2850,新產,117.5,117.5,116.5,116.5,-,1.0,249961,29207854.0,-87000,-34000,1594,16000,0,3000,103000,34000,1406
20260102,6790,永豐實,38.5,38.5,38.0,38.05,-,0.45,230950,8819823.0,-118000,-2000,-436,2000,0,2000,120000,2000,2436
20260102,6491,晶碩,286.0,286.0,281.0,281.0,-,4.0,229917,64967314.0,-119000,0,-3429,47000,0,4000,166000,0,7429
20260102,00657,國泰日經225,59.3,59.75,59.3,59.7,+,0.5,406438,24196409.0,-1000,0,-121924,0,0,268176,1000,0,390100
20260102,2328,廣宇,49.3,49.6,48.8,49.55,-,0.15,6242952,306809600.0,-113000,0,-11905,1201000,0,108946,1314000,0,120851
20260102,2617,台航,30.2,30.65,30.05,30.1,-,0.1,478359,14448133.0,-120000,0,-4950,74000,0,4000,194000,0,8950
20260102,2530,華建,28.3,28.3,27.8,27.8,-,0.45,651650,18239665.0,-316000,200000,-9000,112000,200000,43000,428000,0,52000
20260102,2466,冠西電,66.1,67.4,65.9,66.5,+,0.1,1348646,89853910.0,-127000,0,1000,98000,0,1000,225000,0,0
20260102,2820,華票,16.85,16.9,16.85,16.85,-,0.05,431497,7273131.0,-40000,-94000,1000,38000,0,2000,78000,94000,1000
20260102,6937,天虹,243.0,258.5,239.5,250.5,+,9.5,1431859,356583022.0,-148006,0,12344,341000,0,42988,489006,0,30644
20260102,3052,夆典,12.05,12.1,12.0,12.05,,0.0,634765,7658026.0,-136000,0,0,39000,0,0,175000,0,0
20260102,6541,泰福-KY,55.4,56.5,55.0,55.3,+,0.3,422789,23493232.0,-136000,0,-534,59000,0,0,195000,0,534
20260102,2723,美食-KY,70.8,71.4,69.5,69.8,-,1.0,353390,24868058.0,-142000,0,4000,84000,0,19000,226000,0,15000
20260102,8438,昶昕,44.85,46.05,43.55,46.05,+,4.15,2519985,114362586.0,-134000,0,-6182,173000,0,9818,307000,0,16000
20260102,2836,高雄銀,12.25,12.35,12.2,12.2,-,0.1,820042,10053449.0,-150000,0,4130,90000,0,5000,240000,0,870
20260102,8996,高力,580.0,595.0,563.0,569.0,-,11.0,4581202,2634722045.0,-128586,40500,-60815,1261507,52000,111724,1390093,11500,172539
20260102,1447,力鵬,5.37,5.41,5.31,5.33,-,0.07,632094,3375662.0,-146000,0,-3000,45000,0,0,191000,0,3000
20260102,7799,禾榮科,453.0,469.0,445.0,445.0,-,6.5,609160,277708871.0,-157000,0,7000,161000,0,8000,318000,0,1000
20260102,5531,鄉林,9.1,9.1,9.0,9.01,-,0.09,453137,4087134.0,-150000,0,-2000,21000,0,0,171000,0,2000
20260102,2753,八方雲集,191.0,192.5,189.0,190.0,-,0.5,287726,54697251.0,-135000,0,-17421,37000,0,8000,172000,0,25421
20260102,6456,GIS-KY,43.65,43.65,42.5,42.5,-,0.25,589037,25292369.0,-114950,0,-41870,214050,0,1000,329000,0,42870
20260102,4942,嘉彰,39.1,39.1,38.0,38.65,-,0.45,347112,13376633.0,-159000,0,228,50000,0,4000,209000,0,3772
20260102,00902,中信電池及儲能,13.05,13.05,12.95,13.03,-,0.03,1628686,21145528.0,-5000,0,-155513,0,0,406000,5000,0,561513
20260102,2022,聚亨,8.25,8.27,8.05,8.12,-,0.13,673859,5461392.0,-159000,0,-2000,24000,0,0,183000,0,2000
20260102,4536,拓凱,162.0,165.5,162.0,162.5,+,1.0,322776,52701194.0,-164000,0,-145,37000,0,1000,201000,0,1145
20260102,3050,鈺德,13.6,13.75,13.2,13.2,-,0.35,1074526,14374053.0,-158000,0,-11000,147000,0,0,305000,0,11000
20260102,3545,敦泰,51.7,52.4,51.1,51.1,-,0.6,958931,49525356.0,-146000,0,-23594,180000,0,8000,326000,0,31594
20260102,5434,崇越,292.0,298.5,291.0,296.5,+,5.5,708435,209855834.0,-122604,-40000,-7455,265396,1000,6000,388000,41000,13455
20260102,2511,太子,8.19,8.24,8.12,8.12,-,0.07,1097836,8962529.0,-176000,0,1000,171000,0,2000,347000,0,1000
20260102,6426,統新,101.5,106.5,100.0,100.5,+,2.6,3538675,365823746.0,-175900,0,850,715100,0,3036,891000,0,2186
20260102,6658,聯策,60.5,62.5,59.7,60.9,+,2.3,1765154,107543651.0,-175000,0,-128,266000,0,81,441000,0,209
20260102,2351,順德,78.0,78.5,76.6,76.7,-,0.9,828361,64052084.0,-173000,0,-3116,92000,0,7252,265000,0,10368
20260102,1736,喬山,152.5,152.5,148.0,148.5,-,2.5,486648,72612678.0,-165236,-22000,7044,43000,0,15000,208236,22000,7956
20260102,2535,達欣工,63.1,63.1,62.6,62.6,-,0.5,411167,25810340.0,-181000,-3000,0,58000,0,0,239000,3000,0
20260102,8045,達運光電,77.2,82.6,77.1,79.8,+,3.4,472944,37970924.0,-185000,0,-2494,113000,0,1559,298000,0,4053
20260102,6781,AES-KY,1335.0,1345.0,1300.0,1300.0,-,30.0,986289,1293657410.0,-8458,-174084,-6960,216109,0,16655,224567,174084,23615
20260102,2207,和泰車,552.0,552.0,546.0,546.0,-,4.0,279539,152946055.0,-185248,-9938,4707,29752,62,12000,215000,10000,7293
20260102,6854,錼創科技-KY創,134.0,134.0,129.0,131.0,-,3.5,323661,42280574.0,-194991,0,3837,28009,0,8028,223000,0,4191
20260102,2609,陽明,56.7,56.9,55.7,56.0,+,0.3,12999146,729706527.0,-167621,-136300,112160,5098379,2700,198267,5266000,139000,86107
20260102,6438,迅得,138.5,143.0,138.5,141.5,+,4.0,1145772,161947642.0,-197000,0,3653,286000,0,6000,483000,0,2347
20260102,2838,聯邦銀,19.35,19.55,19.25,19.55,+,0.2,1934464,37517525.0,-6000,-514000,326104,594000,0,328000,600000,514000,1896
20260102,6901,鑽石投資,16.5,16.7,16.0,16.15,-,0.35,836213,13602484.0,-210000,0,12000,44000,0,12000,254000,0,0
20260102,1723,中碳,68.0,68.4,67.0,67.1,-,1.0,561716,37869502.0,-178000,0,-20000,95000,0,9000,273000,0,29000
20260102,1215,卜蜂,132.5,132.5,131.5,132.0,+,0.5,559107,73730111.0,-86000,-138000,23524,167000,0,34000,253000,138000,10476
20260102,3596,智易,176.0,177.5,174.5,174.5,+,0.5,417554,73348118.0,-217939,19000,-3593,64000,19000,3000,281939,0,6593
20260102,2462,良得電,22.2,24.1,21.95,24.1,+,2.15,2359401,56288597.0,-205000,0,2222,37000,0,15775,242000,0,13553
20260102,3576,聯合再生,8.72,8.85,8.5,8.5,-,0.11,7977495,68812029.0,-212000,0,9000,652000,0,9000,864000,0,0
20260102,2455,全新,152.5,153.5,149.0,150.5,-,1.0,2357987,356302499.0,-186806,-12000,-7238,751194,0,28052,938000,12000,35290
20260102,2417,圓剛,38.85,39.2,38.4,38.85,,0.0,758454,29405563.0,-206000,0,-332,83000,0,0,289000,0,332
20260102,1231,聯華食,97.7,98.0,95.3,95.7,-,1.9,667064,64185256.0,-211000,0,4203,45000,0,13000,256000,0,8797
20260102,2211,長榮鋼,97.3,98.7,97.2,98.4,+,1.8,1405434,138066638.0,-278000,55656,14115,436000,69000,24000,714000,13344,9885
20260102,2467,志聖,250.5,274.5,250.0,270.0,+,19.5,6693052,1787085074.0,-128850,0,-79570,1735150,0,77783,1864000,0,157353
20260102,3413,京鼎,277.5,285.0,277.5,282.0,+,4.5,881933,248976424.0,-220000,-1000,11964,137000,0,41646,357000,1000,29682
20260102,1444,力麗,6.02,6.05,5.96,5.97,-,0.05,838827,5022880.0,-211000,0,1751,19000,0,10000,230000,0,8249
20260102,2031,新光鋼,38.55,38.55,37.55,37.6,-,0.4,615388,23234229.0,-210000,0,-838,60000,0,1000,270000,0,1838
20260102,2404,漢唐,950.0,985.0,945.0,960.0,+,11.0,3996393,3853684275.0,-203622,-149000,141427,1241479,125000,267957,1445101,274000,126530
20260102,8163,達方,30.0,30.15,29.9,29.9,-,0.05,728882,21852499.0,-165000,-3855,-44121,110000,0,8000,275000,3855,52121
20260102,6206,飛捷,91.8,92.7,91.0,91.1,-,0.7,1161928,106575197.0,458000,-683783,11333,623000,1523,19507,165000,685306,8174
20260102,5521,工信,23.7,25.55,23.7,24.35,+,1.0,6223739,154167828.0,-1094000,0,871000,69000,0,1201000,1163000,0,330000
20260102,8114,振樺電,179.0,182.5,176.0,176.0,-,1.0,833037,149179708.0,-227150,0,1268,107000,0,22595,334150,0,21327
20260102,1907,永豐餘,26.05,26.2,25.85,26.05,-,0.1,1443410,37671132.0,-352970,100000,25739,203030,100000,36000,556000,0,10261
20260102,6670,復盛應用,256.5,256.5,250.0,250.0,-,5.5,475966,120016813.0,-260000,-17103,48490,109000,0,54000,369000,17103,5510
20260102,00963,中信全球高股息,11.54,11.54,11.45,11.48,-,0.02,928628,10656115.0,-8000,0,-223224,1000,0,290000,9000,0,513224
20260102,00910,第一金太空衛星,43.92,44.4,43.8,44.39,+,0.46,1499571,66249508.0,456407,0,-689154,470407,0,72529,14000,0,761683
20260102,2646,星宇航空,23.6,23.75,23.45,23.5,-,0.1,2854313,67238640.0,-248000,0,11000,543000,0,15000,791000,0,4000
20260102,00917,中信特選金融,25.61,25.61,25.5,25.61,,0.0,534110,13664296.0,-47948,0,-189084,100,0,167000,48048,0,356084
20260102,6719,力智,195.0,195.0,187.0,188.0,-,7.0,539556,102322805.0,-246000,0,7121,51000,0,23001,297000,0,15880
20260102,6657,華安,42.9,42.9,40.85,41.05,-,1.95,456180,18932784.0,-242000,0,0,51000,0,0,293000,0,0
20260102,1513,中興電,150.0,150.5,148.0,148.5,-,1.0,2120193,315479879.0,-39640,-201000,-8435,657360,0,18000,697000,201000,26435
20260102,5244,弘凱,45.0,45.25,43.05,43.05,-,0.5,2766069,121682481.0,-189000,0,-77920,321000,0,0,510000,0,77920
20260102,6962,奕力-KY,39.45,39.65,38.85,38.9,-,0.2,1814588,70953145.0,-266000,0,-3461,322000,0,0,588000,0,3461
20260102,1582,信錦,67.5,67.5,65.8,66.0,-,0.4,520462,34580665.0,-272000,3578,-13065,60000,3578,2000,332000,0,15065
20260102,3605,宏致,62.0,64.5,61.3,63.4,+,1.2,4137365,262382926.0,-294000,0,8552,982000,0,42160,1276000,0,33608
20260102,1722,台肥,47.95,47.95,47.35,47.55,-,0.25,1118367,53274537.0,-242544,-78000,23000,299456,0,23000,542000,78000,0
20260102,2331,精英,22.3,22.9,22.3,22.85,+,0.7,3881824,88063881.0,-686030,250000,135179,980000,250000,151718,1666030,0,16539
20260102,2528,皇普,30.1,30.25,29.8,30.1,-,0.05,599340,17983350.0,-307501,0,1000,90499,0,1000,398000,0,0
20260102,1440,南紡,13.25,13.3,13.05,13.1,-,0.15,1118739,14720206.0,-315000,0,7091,124000,0,14000,439000,0,6909
20260102,2547,日勝生,10.9,10.95,10.75,10.75,-,0.15,2194994,23775028.0,-307000,0,-2383,358000,0,1000,665000,0,3383
20260102,9802,鈺齊-KY,102.5,103.5,101.5,102.0,,0.0,607291,62163566.0,-270000,-40000,574,101000,0,2000,371000,40000,1426
20260102,2539,櫻花建,48.5,48.5,47.75,48.0,-,0.5,602489,28889803.0,-321000,0,11118,54000,0,36000,375000,0,24882
20260102,3014,聯陽,116.0,116.0,114.5,114.5,-,0.5,651245,74972208.0,-154000,-152516,-6615,114000,0,4000,268000,152516,10615
20260102,3376,新日興,203.5,209.5,202.5,204.5,+,2.0,2362837,486374541.0,-452000,0,137955,436000,0,209277,888000,0,71322
20260102,2897,王道銀行,9.14,9.15,9.12,9.12,-,0.02,864834,7894835.0,-319000,-4000,2000,101000,0,4000,420000,4000,2000
20260102,00735,國泰臺韓科技,53.25,54.55,53.0,54.55,+,1.6,466660,25150699.0,-11040,0,-330000,25000,0,45000,36040,0,375000
20260102,2458,義隆,118.5,120.0,117.5,117.5,-,1.0,2145759,254220099.0,97633,-468554,12634,436000,0,32000,338367,468554,19366
20260102,3443,創意,2180.0,2240.0,2150.0,2185.0,+,60.0,3753466,8262839395.0,-624916,128000,137675,847302,128000,174169,1472218,0,36494
20260102,6605,帝寶,140.0,140.0,137.0,137.5,-,2.0,695834,96203597.0,-314000,-40000,-9540,83000,0,12000,397000,40000,21540
20260102,3550,聯穎,16.75,17.4,16.5,16.5,-,0.1,4837619,81595999.0,-369000,0,-596,678000,0,4000,1047000,0,4596
20260102,6757,台灣虎航,64.5,64.9,64.2,64.4,-,0.1,993737,64070100.0,-317980,-51000,-2002,227020,0,11000,545000,51000,13002
20260102,6451,訊芯-KY,167.5,170.5,163.0,164.5,-,1.5,1473297,245643256.0,-321000,0,-54288,320000,0,6000,641000,0,60288
20260102,6592,和潤企業,59.9,60.3,59.0,59.5,-,0.4,1043986,62269690.0,-366000,0,-9972,129000,0,10000,495000,0,19972
20260102,6789,采鈺,286.5,287.0,278.5,279.0,-,6.0,1601707,451008586.0,-377871,9000,-13547,182000,11000,31630,559871,2000,45177
20260102,6196,帆宣,276.0,283.5,274.5,276.0,+,1.0,2127371,592670767.0,-387993,0,-3420,426179,0,24544,814172,0,27964
20260102,2034,允強,21.6,21.6,20.85,20.9,-,0.5,2393669,50478056.0,-332000,0,-63999,570000,0,31001,902000,0,95000
20260102,3011,今皓,15.15,15.3,14.65,14.7,-,0.4,1637048,24381743.0,-406000,0,0,162000,0,0,568000,0,0
20260102,2357,華碩,554.0,563.0,552.0,555.0,+,7.0,4418986,2465699962.0,-251340,-187439,27340,1685380,822151,70941,1936720,1009590,43601
20260102,2542,興富發,40.2,40.2,39.15,39.25,-,0.95,4620511,182629264.0,-360016,-107000,54977,1671984,0,64000,2032000,107000,9023
20260102,1104,環泥,30.0,30.15,29.7,29.85,-,0.15,883033,26374339.0,-488000,0,75906,37000,0,82000,525000,0,6094
20260102,2614,東森,22.6,22.6,22.1,22.25,-,0.35,2077746,46274026.0,-484000,0,57000,334000,0,59000,818000,0,2000
20260102,2383,台光電,1655.0,1660.0,1580.0,1590.0,-,55.0,3537708,5679597855.0,-542283,39862,58877,1251762,59062,182432,1794045,19200,123555
20260102,4977,眾達-KY,143.5,146.5,140.0,140.5,-,1.5,6161985,879812675.0,-463000,0,19352,1244000,0,38000,1707000,0,18648
20260102,1309,台達化,11.2,11.2,10.9,10.9,-,0.25,1510010,16600643.0,-445000,0,871,138000,0,10000,583000,0,9129
20260102,2006,東和鋼鐵,64.1,64.5,64.0,64.0,+,0.4,867989,55721381.0,-398950,-81000,33973,146050,5000,40000,545000,86000,6027
20260102,3042,晶技,80.4,81.1,80.0,80.2,-,0.2,2711927,217677899.0,609000,-810000,-247379,1178000,0,10193,569000,810000,257572
20260102,2106,建大,19.65,19.7,19.35,19.5,-,0.2,1100011,21486052.0,-451000,0,1592,43000,0,9000,494000,0,7408
20260102,9933,中鼎,30.95,31.0,30.65,30.75,-,0.15,2478309,76152177.0,-421708,-108000,72237,450000,0,97000,871708,108000,24763
20260102,5269,祥碩,1210.0,1210.0,1160.0,1160.0,-,50.0,966187,1140196035.0,-465795,-7132,8704,157205,2000,69147,623000,9132,60443
20260102,1563,巧新,49.0,49.15,47.5,47.75,-,1.25,852551,40910503.0,-472000,0,0,70000,0,3000,542000,0,3000
20260102,4722,國精化,187.5,193.0,182.5,186.0,-,1.5,5170628,973373075.0,-472000,0,-5255,781000,0,46000,1253000,0,51255
20260102,6214,精誠,118.0,119.0,117.5,118.0,,0.0,770049,91072341.0,-466000,-3057,-26654,45000,0,11000,511000,3057,37654
20260102,1514,亞力,100.0,100.5,98.1,98.1,-,1.4,1822610,180245863.0,-513038,0,15253,196962,0,40000,710000,0,24747
20260102,2393,億光,55.4,55.8,54.7,55.1,-,0.1,4151505,229182016.0,-1710000,1178663,30066,539000,1192645,67300,2249000,13982,37234
20260102,4164,承業醫,38.5,38.8,36.9,36.9,-,1.6,1301798,48865044.0,-532000,0,21658,210000,0,42000,742000,0,20342
20260102,2059,川湖,3750.0,3750.0,3420.0,3460.0,-,290.0,1588691,5592403720.0,-282991,-230877,-6614,306461,33013,89356,589452,263890,95970
20260102,4967,十銓,190.0,195.0,183.5,193.5,+,4.5,36809588,6988952051.0,-505207,0,-24890,9241250,0,277662,9746457,0,302552
20260102,6415,矽力*-KY,192.0,193.5,183.5,185.5,-,6.0,3319970,621864874.0,-522212,15000,-23856,1076974,15000,53520,1599186,0,77376
20260102,00909,國泰數位支付服務,38.7,38.95,38.69,38.94,+,0.08,2455576,95415616.0,258602,0,-796309,346602,0,200000,88000,0,996309
20260102,1402,遠東新,27.8,27.9,27.6,27.8,,0.0,3422317,94987596.0,-271534,-553000,277463,1503466,0,327000,1775000,553000,49537
20260102,00894,中信小資高價30,27.81,28.06,27.76,28.02,+,0.36,2734561,76350785.0,3500,0,-559119,71500,0,600450,68000,0,1159569
20260102,2912,統一超,223.0,225.5,221.5,221.5,,0.0,2694181,600833689.0,69764,-624882,-1090,994568,28118,36044,924804,653000,37134
20260102,1806,冠軍,8.98,9.05,8.89,8.99,+,0.01,970004,8673451.0,14000,-600000,2000,109000,0,2000,95000,600000,0
20260102,1316,上曜,15.3,15.35,14.9,14.9,-,0.4,3258900,48935356.0,-707000,0,114802,520000,0,115000,1227000,0,198
20260102,6197,佳必琪,152.5,152.5,152.5,152.5,+,13.5,2035803,310459898.0,-63000,-587000,52046,1000,0,56046,64000,587000,4000
20260102,3665,貿聯-KY,1525.0,1570.0,1510.0,1525.0,+,5.0,2346102,3600745270.0,-617952,10040,7363,474059,52040,55757,1092011,42000,48394
20260102,3010,華立,109.0,109.0,106.0,106.5,-,1.0,1235115,131897245.0,-507100,-80464,-16181,150000,0,10000,657100,80464,26181
20260102,6706,惠特,141.5,145.5,136.0,136.5,-,4.0,12067700,1689507817.0,-481000,0,-144424,2139000,0,38041,2620000,0,182465
20260102,6191,精成科,112.0,113.5,110.5,110.5,-,1.5,8628186,959773507.0,89100,-595000,-124347,2112100,51000,240340,2023000,646000,364687
20260102,3653,健策,2785.0,2785.0,2590.0,2590.0,-,155.0,1796727,4737372240.0,-278458,-250268,-112741,343569,21018,79163,622027,271286,191904
20260102,2352,佳世達,23.65,23.85,23.45,23.5,,0.0,4344910,102718728.0,-966902,145000,170702,980098,148000,196702,1947000,3000,26000
20260102,1904,正隆,17.25,17.35,17.2,17.25,-,0.05,1056127,18239130.0,-152000,-500000,-3461,72000,0,9000,224000,500000,12461
20260102,2101,南港,37.55,37.7,37.05,37.45,+,0.2,1743654,65080267.0,-696000,0,37000,167000,0,37000,863000,0,0
20260102,3592,瑞鼎,228.0,228.0,221.0,221.0,-,7.0,1253877,279969656.0,-492327,-170115,-7459,149000,2446,0,641327,172561,7459
20260102,2504,國產,37.8,37.95,37.15,37.8,-,0.1,4619827,173947365.0,-1946000,1262786,991,1273000,1500000,34000,3219000,237214,33009
20260102,2027,大成鋼,35.6,35.95,35.4,35.85,+,0.25,17323816,617812227.0,-8247000,7585000,-24983,2046000,7585000,119129,10293000,0,144112
20260102,2206,三陽工業,61.6,61.7,60.1,60.6,-,0.8,1289434,78337006.0,-306000,-385000,1000,250000,56000,1000,556000,441000,0
20260102,5388,中磊,80.6,81.0,79.4,79.6,,0.0,1746404,139842480.0,-107000,-656161,44195,560000,0,68600,667000,656161,24405
20260102,1477,聚陽,290.5,292.0,283.5,283.5,-,5.0,1053847,301828290.0,-576284,-138947,-6863,137000,10000,26990,713284,148947,33853
20260102,1710,東聯,12.45,12.45,12.1,12.25,-,0.2,1557677,19022444.0,-733000,0,10538,202000,0,13000,935000,0,2462
20260102,8210,勤誠,1000.0,1010.0,939.0,954.0,-,51.0,3664197,3529696523.0,-833784,72000,36220,699266,72000,107712,1533050,0,71492
20260102,2913,農林,13.35,13.4,13.2,13.25,-,0.05,1402015,18607932.0,-744000,0,1000,95000,0,1000,839000,0,0
20260102,6278,台表科,95.6,95.9,94.6,94.7,-,0.7,2329335,221175245.0,-106990,-648538,6585,662010,3762,52000,769000,652300,45415
20260102,2009,第一銅,48.0,49.6,48.0,48.6,+,0.35,9637388,468658217.0,-873000,0,113359,2139000,0,154769,3012000,0,41410
20260102,2451,創見,198.0,212.0,193.5,203.0,+,7.0,17563816,3574639307.0,1672438,-2750345,315163,5058438,98800,420078,3386000,2849145,104915
20260102,1434,福懋,16.0,16.1,15.7,15.8,-,0.1,1620352,25708375.0,-465000,-300000,401,301000,0,3000,766000,300000,2599
20260102,6691,洋基工程,565.0,572.0,554.0,554.0,-,4.0,1441434,807277881.0,-775100,-1550,11624,180050,35000,49507,955150,36550,37883
20260102,2421,建準,160.5,160.5,157.5,158.5,-,2.0,2898714,460746529.0,-769675,2000,346,613582,2000,60000,1383257,0,59654
20260102,1442,名軒,29.7,29.8,28.65,28.65,-,0.9,1872412,54285446.0,-742000,0,-34338,469000,0,4000,1211000,0,38338
20260102,4915,致伸,76.8,77.6,76.4,76.6,-,0.2,3882921,298659322.0,-2546000,1734164,27695,540000,2039000,34020,3086000,304836,6325
20260102,4532,瑞智,24.85,24.9,24.25,24.3,-,0.5,1304167,31878706.0,-808000,-5703,291,129000,0,4000,937000,5703,3709
20260102,6805,富世達,1635.0,1635.0,1520.0,1535.0,-,90.0,2344640,3649867275.0,-498277,-287300,-28179,421412,55000,78820,919689,342300,106999
20260102,1608,華榮,38.55,39.3,38.15,38.25,-,0.1,9295553,358881539.0,-815000,0,-3472,1784000,0,85532,2599000,0,89004
20260102,9941,裕融,86.0,86.2,83.9,83.9,-,1.7,2994988,253922691.0,-246800,-615000,34432,534200,0,80000,781000,615000,45568
20260102,2605,新興,26.3,26.55,25.85,25.9,-,0.15,5820037,152061138.0,-1267000,420000,19350,1040000,420000,66066,2307000,0,46716
20260102,3135,凌航,90.1,94.8,88.6,89.0,-,0.1,9780203,893235150.0,-811700,0,-22049,1573300,0,30000,2385000,0,52049
20260102,2023,燁輝,14.9,14.9,14.7,14.8,-,0.25,1854781,27427231.0,-610000,-244000,999,100000,0,2000,710000,244000,1001
20260102,2812,台中銀,20.8,21.0,20.8,20.9,+,0.1,4477625,93662844.0,-401840,-8000,-457009,817160,0,34000,1219000,8000,491009
20260102,3005,神基,117.0,118.5,116.0,117.5,+,0.5,4483208,525551482.0,-1822900,929000,20390,584100,2034000,116000,2407000,1105000,95610
20260102,2104,國際中橡,11.5,11.55,11.05,11.15,-,0.35,3273755,36938881.0,-896000,0,772,412000,0,3000,1308000,0,2228
20260102,00924,復華S&P500成長,29.18,29.26,29.1,29.26,+,0.02,2234739,65280580.0,-7933,0,-913126,17067,0,85000,25000,0,998126
20260102,00947,台新臺灣IC設計,19.02,19.66,19.02,19.6,+,0.64,3472996,67746106.0,-83000,0,-839558,236000,0,1239825,319000,0,2079383
20260102,4958,臻鼎-KY,142.5,142.5,138.5,140.5,-,1.5,7556164,1061740580.0,1713788,-2963000,324505,4405818,38000,366621,2692030,3001000,42116
20260102,2332,友訊,15.15,15.2,14.9,14.95,-,0.1,2354239,35341938.0,-934000,0,-11450,323000,0,10000,1257000,0,21450
20260102,8046,南電,243.5,246.0,236.0,237.0,-,4.0,5671117,1353330375.0,-1177813,129000,95020,1151410,181000,200625,2329223,52000,105605
20260102,4961,天鈺,144.0,144.0,139.0,139.5,-,4.0,1580684,222682249.0,-339000,-600000,-18623,287000,0,19160,626000,600000,37783
20260102,2313,華通,93.9,95.0,91.5,94.6,+,1.5,28005649,2621696157.0,-1465149,156000,276170,7008632,156000,587801,8473781,0,311631
20260102,2399,映泰,26.15,28.2,26.1,27.3,+,1.15,23768280,647765190.0,-1038200,0,-16,4217800,0,8550,5256000,0,8566
20260102,1909,榮成,9.83,9.89,9.75,9.76,-,0.1,2156584,21151370.0,-1042000,0,-5000,209000,0,2000,1251000,0,7000
20260102,2347,聯強,58.1,58.4,57.7,58.1,+,0.2,6631262,384483377.0,3115326,-4154119,-9140,3834326,644253,21000,719000,4798372,30140
20260102,1229,聯華,47.55,47.55,46.9,47.0,-,0.55,1833903,86446562.0,-1046995,-3000,2011,122005,0,29000,1169000,3000,26989
20260102,1310,台苯,8.85,8.88,8.54,8.68,-,0.18,2168570,18783381.0,-1052000,0,627,186000,0,6000,1238000,0,5373
20260102,9907,統一實,17.95,17.95,17.75,17.85,+,0.05,2795454,49907934.0,-1493000,436216,3244,375000,617000,15000,1868000,180784,11756
20260102,6176,瑞儀,125.0,125.5,121.5,122.5,-,1.5,8487259,1040626593.0,4602000,-5658638,-1800,5516000,2000,32000,914000,5660638,33800
20260102,6257,矽格,119.5,124.0,116.0,117.0,+,0.5,27540985,3291482540.0,-129570,-381000,-563791,8011430,128000,507840,8141000,509000,1071631
20260102,1519,華城,770.0,777.0,737.0,744.0,-,21.0,4156239,3118686184.0,-755134,-298000,-22258,587096,0,177000,1342230,298000,199258
20260102,1305,華夏,10.95,11.0,10.7,10.75,-,0.2,1731917,18735415.0,-1089000,0,1686,98000,0,8000,1187000,0,6314
20260102,2439,美律,98.3,98.3,95.6,95.8,-,1.9,2504673,241542870.0,-824000,-87184,-226861,608000,2495,41000,1432000,89679,267861
20260102,2103,台橡,15.55,15.7,15.0,15.0,-,0.5,3249687,49319278.0,-1242000,0,75791,206000,0,150000,1448000,0,74209
20260102,2855,統一證,23.9,24.0,23.8,23.8,-,0.1,1810495,43209282.0,-1186000,-3000,0,121000,0,0,1307000,3000,0
20260102,1307,三芳,32.1,32.35,31.1,31.15,-,1.15,1953808,61683822.0,-1180000,-6000,-8800,70000,0,4000,1250000,6000,12800
20260102,3017,奇鋐,1535.0,1540.0,1440.0,1455.0,-,55.0,5780257,8489042455.0,-581010,-660228,24745,1202492,49072,228861,1783502,709300,204116
20260102,1308,亞聚,13.3,13.3,12.7,12.85,-,0.3,2091558,26940525.0,-1225000,0,-16830,220000,0,14000,1445000,0,30830
20260102,2606,裕民,60.9,61.6,59.9,60.4,,0.0,4650959,281943213.0,-94676,-1307550,158721,1010324,0,202293,1105000,1307550,43572
20260102,1905,華紙,11.6,11.65,11.4,11.45,-,0.15,2742439,31532864.0,-1271000,0,-71,237000,0,9000,1508000,0,9071
20260102,2345,智邦,1190.0,1190.0,1145.0,1145.0,-,40.0,4120258,4764707735.0,-826572,-468090,17028,1340696,42110,155110,2167268,510200,138082
20260102,2316,楠梓電,103.5,104.5,101.0,101.0,-,2.0,2681811,273294662.0,-1238000,0,-59548,376000,0,17686,1614000,0,77234
20260102,9914,美利達,82.7,82.7,78.5,78.5,-,4.2,2955252,236147154.0,-1328015,0,-12700,357000,0,55000,1685015,0,67700
20260102,3033,威健,30.9,31.6,30.75,31.3,+,0.85,11478839,359513055.0,-1326000,-15423,-8520,1123000,0,139007,2449000,15423,147527
20260102,2903,遠百,22.0,22.0,21.75,21.75,-,0.25,3206467,69936676.0,-1372000,-153000,156000,458000,22000,166000,1830000,175000,10000
20260102,2388,威盛,52.8,52.8,51.3,51.5,-,0.6,3071005,159286955.0,-1414622,10000,8181,362378,10000,66000,1777000,0,57819
20260102,8021,尖點,193.5,195.0,186.0,189.5,-,0.5,20081930,3804617796.0,-1374030,37000,-73773,4523120,37000,90159,5897150,0,163932
20260102,1808,潤隆,34.45,34.45,33.0,33.5,-,0.6,4436422,148503230.0,791000,-2200000,-22000,2096000,0,3000,1305000,2200000,25000
20260102,2881,富邦金,96.2,97.0,95.5,95.6,-,0.5,13130192,1258863384.0,5300027,-7087203,308923,7704637,1849,467000,2404610,7089052,158077
20260102,2607,榮運,57.7,57.8,56.6,56.6,-,1.1,2040461,116350247.0,-687000,-799000,3000,407000,0,3000,1094000,799000,0
20260102,6412,群電,92.0,92.0,87.4,87.9,-,4.0,2086181,185024254.0,-256312,-854731,-377944,363688,0,38000,620000,854731,415944
20260102,2474,可成,209.0,209.0,205.0,205.5,-,2.5,5653603,1166753052.0,2597274,-4175939,59180,3021474,2600,75202,424200,4178539,16022
20260102,3044,健鼎,320.0,321.0,311.5,312.5,-,5.0,4633069,1454153973.0,478863,-2020000,-52830,1998000,29000,63000,1519137,2049000,115830
20260102,9938,百和,50.7,50.9,49.85,49.85,-,0.65,2476096,124275991.0,-1119000,-485000,-1257,326000,0,2000,1445000,485000,3257
20260102,4763,材料*-KY,52.2,52.6,51.1,51.2,-,0.7,7702768,396622449.0,1548369,-3214330,22023,3013369,0,76104,1465000,3214330,54081
20260102,3702,大聯大,58.6,59.4,58.0,59.2,+,1.0,13343935,786797099.0,-1199824,-625754,179024,3895176,2378246,229481,5095000,3004000,50457
20260102,3714,富采,35.0,35.3,34.15,34.7,-,1.05,5869833,204165936.0,-1642995,0,-17905,637005,0,17212,2280000,0,35117
20260102,2385,群光,118.0,119.5,116.0,116.5,-,0.5,6310172,739284963.0,1472008,-3125510,-12119,3088114,6807,23000,1616106,3132317,35119
20260102,1409,新纖,15.0,15.1,14.75,14.75,-,0.25,3612425,53790053.0,-1470900,0,-214234,540100,0,9000,2011000,0,223234
20260102,4938,和碩,68.8,69.2,68.3,68.9,+,0.3,11311365,777711081.0,4612666,-6314104,-6514,6112666,962000,67440,1500000,7276104,73954
20260102,2481,強茂,80.6,80.8,79.5,79.9,-,0.2,5594580,447032835.0,-1010000,-814000,20266,937000,0,53015,1947000,814000,32749
20260102,2105,正新,29.55,29.95,29.55,29.55,+,0.05,4585772,136293247.0,-914040,-831887,-61597,1449960,0,43000,2364000,831887,104597
20260102,2323,中環,10.95,11.5,10.8,11.1,+,0.3,26351330,294539665.0,-1698000,0,-126067,8249000,0,10033,9947000,0,136100
20260102,9945,潤泰新,29.9,30.25,29.7,29.7,-,0.1,14023980,418509474.0,8178164,-10150000,118355,9676164,0,190422,1498000,10150000,72067
20260102,2883,凱基金,17.25,17.4,17.15,17.2,-,0.05,23670457,407997061.0,1961546,-3581506,-237798,9568640,3494,139046,7607094,3585000,376844
20260102,00946,群益科技高息成長,9.6,9.67,9.6,9.61,+,0.01,7541012,72627207.0,197000,0,-2070540,323000,0,1628309,126000,0,3698849
20260102,9921,巨大,92.4,92.7,88.0,88.6,-,4.0,3275335,294412583.0,-1916616,0,6765,180284,0,130510,2096900,0,123745
20260102,3034,聯詠,378.5,379.0,367.0,367.0,-,7.0,5565024,2059027394.0,-73436,-1994066,50124,1554564,319127,252000,1628000,2313193,201876
20260102,3036,文曄,138.0,141.5,137.0,140.5,+,3.5,9938173,1386634678.0,-2568662,353000,63068,2127647,2652000,145000,4696309,2299000,81932
20260102,1313,聯成,10.05,10.15,9.83,9.83,-,0.17,3377614,33511750.0,-2161000,0,1000,282000,0,2000,2443000,0,1000
20260102,2330,台積電,1555.0,1585.0,1545.0,1585.0,+,35.0,39836425,62469965712.0,-4398757,712435,1362540,14449737,792459,1612685,18848494,80024,250145
20260102,2892,第一金,29.55,29.55,29.2,29.55,+,0.15,13839472,407108715.0,-2622633,-23596,292016,5351367,2404,392991,7974000,26000,100975
20260102,2520,冠德,33.8,33.95,32.6,32.65,-,1.1,4573030,151017297.0,-1836000,-400000,-140384,800000,0,30000,2636000,400000,170384
20260102,1216,統一,77.1,77.6,76.2,77.4,+,0.3,8791772,675943784.0,-3497228,1035091,43724,2118604,1947091,122417,5615832,912000,78693
20260102,2915,潤泰全,55.3,55.4,54.5,54.6,-,0.5,7276576,398519436.0,2922000,-5350000,1954,4036000,0,11000,1114000,5350000,9046
20260102,2201,裕隆,33.2,33.7,32.55,32.7,-,0.45,6058215,199649395.0,-2578580,0,84875,535420,0,134544,3114000,0,49669
20260102,5880,合庫金,24.3,24.4,24.2,24.25,-,0.05,6937193,168260104.0,-2649286,-27681,164876,1645264,2319,168000,4294550,30000,3124
20260102,3167,大量,246.0,246.5,228.0,231.5,-,12.5,9973440,2348086502.0,-2522218,0,-127664,1326000,0,102190,3848218,0,229854
20260102,3711,日月光投控,253.0,264.0,250.0,258.0,+,7.5,24219119,6227577620.0,-3659693,541727,394388,8812749,762727,648474,12472442,221000,254086
20260102,3037,欣興,222.5,225.0,216.0,219.0,-,1.0,21511262,4726739953.0,-2647328,-575000,488262,7118677,0,807721,9766005,575000,319459
20260102,1718,中纖,6.86,6.88,6.73,6.75,-,0.11,4459516,30271807.0,-2691000,0,-52595,237000,0,15000,2928000,0,67595
20260102,3045,台灣大,109.0,109.5,107.0,108.0,-,0.5,8165146,880417613.0,-4291250,992313,549216,1688226,1007313,577441,5979476,15000,28225
20260102,2890,永豐金,28.6,28.9,28.6,28.8,+,0.2,11736786,337833301.0,-3096024,-161360,314398,4484976,252640,623349,7581000,414000,308951
20260102,1312,國喬,11.65,11.75,11.25,11.3,-,0.45,5294389,60525021.0,-2969000,0,-57737,685000,0,29975,3654000,0,87712
20260102,1304,台聚,11.1,11.1,10.65,10.65,-,0.45,5793284,62603160.0,-3094000,0,-39107,527000,0,6000,3621000,0,45107
20260102,6005,群益證,24.1,24.1,23.85,23.85,-,0.1,4837343,115650346.0,-1603764,-1619930,0,732236,64000,0,2336000,1683930,0
20260102,00830,國泰費城半導體,57.8,58.35,57.7,58.35,+,0.5,5269517,306493713.0,-250981,0,-2975711,165361,0,374000,416342,0,3349711
20260102,2303,聯電,49.35,49.4,48.4,48.7,-,0.55,29528142,1438509914.0,4958367,-8194051,-75376,13879367,620882,261000,8921000,8814933,336376
20260102,2889,國票金,16.55,16.55,16.1,16.1,-,0.45,4899067,79347830.0,-3354514,-15000,-260748,512000,0,6000,3866514,15000,266748
20260102,1101,台泥,23.35,23.35,22.8,23.0,-,0.2,29722691,683846695.0,-4785144,-8000,922693,7125222,0,1269108,11910366,8000,346415
20260102,2368,金像電,684.0,687.0,636.0,643.0,-,44.0,14169480,9258745775.0,-629946,-3362000,-42395,3617018,18000,533945,4246964,3380000,576340
20260102,8039,台虹,85.8,90.1,85.2,89.2,+,4.0,20990284,1862338876.0,-4456607,0,422238,4203000,0,702117,8659607,0,279879
20260102,00904,台新臺灣半導體30,23.45,23.92,23.45,23.91,+,0.65,6619922,157209487.0,294083,0,-4534379,373083,0,887090,79000,0,5421469
20260102,3189,景碩,162.0,167.0,156.0,156.0,-,3.0,27284853,4356529904.0,-4949974,14000,491935,5564700,20000,974795,10514674,6000,482860
20260102,2349,錸德,15.5,15.8,14.8,14.85,-,0.45,16123234,243628375.0,-4497100,0,3000,561000,0,4000,5058100,0,1000
20260102,2353,宏碁,26.4,26.6,26.0,26.4,,0.0,42137996,1109147780.0,-15586660,10478800,393096,7318340,12797427,465001,22905000,2318627,71905
20260102,2886,兆豐金,40.0,40.4,39.95,40.3,+,0.3,10256403,412538179.0,-4535423,-277383,93576,2514124,2617,117607,7049547,280000,24031
20260102,00662,富邦NASDAQ,102.25,102.85,102.2,102.7,+,0.05,6195188,636080436.0,123325,0,-4844128,129942,0,577000,6617,0,5421128
20260102,4927,泰鼎-KY,32.8,33.4,31.75,31.8,-,1.0,18206735,586959189.0,-4879948,0,-4458,2104000,0,32000,6983948,0,36458
20260102,2002,中鋼,19.0,19.05,18.7,18.75,-,0.25,34913742,656631683.0,-5690417,-8492,-52538,8643993,2508,267000,14334410,11000,319538
20260102,2371,大同,31.75,31.8,30.7,30.7,-,0.85,18056037,560105981.0,-4412686,-1328900,-134434,2055164,3100,74000,6467850,1332000,208434
20260102,1314,中石化,7.82,7.86,7.69,7.71,-,0.06,17171707,132980420.0,-6290700,0,-15061,3000300,0,9000,9291000,0,24061
20260102,00646,元大S&P500,67.75,67.9,67.6,67.85,-,0.05,7642410,518495262.0,-189141,30000,-6647169,859,30000,10000,190000,0,6657169
20260102,1301,台塑,39.3,39.3,38.2,38.45,-,0.55,20388290,784647790.0,-7733806,-242070,280430,1807594,930,609000,9541400,243000,328570
20260102,6443,元晶,28.35,29.4,27.5,27.75,-,0.15,57367075,1617378497.0,-7035700,0,-735944,7060300,0,119694,14096000,0,855638
20260102,1326,台化,32.15,32.15,30.8,30.95,-,1.15,20271981,632949858.0,-9044534,0,481840,2732526,0,859000,11777060,0,377160
20260102,0050,元大台灣50,66.0,67.0,65.8,66.95,+,1.35,81135717,5396295605.0,-11428844,0,1181926,4393881,0,12620915,15822725,0,11438989
20260102,8422,可寧衛*,32.5,34.5,31.8,32.5,+,0.9,200746321,6617881243.0,-16209330,3996000,-256920,49299070,7642000,1090905,65508400,3646000,1347825
20260102,0052,富邦科技,38.09,38.78,37.94,38.76,+,0.87,46573974,1789438944.0,-6520640,-1001000,-6670142,1400060,0,7483228,7920700,1001000,14153370
20260102,2801,彰銀,20.45,20.7,20.35,20.4,-,0.05,73041914,1495489352.0,34790352,-51019000,561378,41285352,0,562000,6495000,51019000,622
20260102,00927,群益半導體收益,22.15,22.44,22.04,22.26,+,0.42,22214988,493794383.0,-4217000,0,-12488536,203000,0,1437644,4420000,0,13926180
20260102,1303,南亞,60.2,60.2,57.0,57.0,-,3.2,101489286,5853333897.0,-43262025,-1543908,-681775,11429975,151092,1365173,54692000,1695000,2046948
20260102,00881,國泰台灣科技龍頭,33.17,33.4,33.0,33.4,+,0.78,76413091,2536793207.0,-27345000,0,-22794230,202000,0,15515219,27547000,0,38309449
