tradeDate,stockCode,stockName,openPrice,highPrice,lowPrice,closePrice,changeSign,change,totalShares,totalAmount,foreignNetShares,investmentNetShares,dealerNetShares,foreignBuyShares,investmentBuyShares,dealerBuyShares,foreignSellShares,investmentSellShares,dealerSellShares
20260915,2891,中信金,69.5,69.9,68.2,69.7,+,1.6,59318127,4105999361.0,13796579,2998538,-249750,48901319,3378538,971581,35104740,380000,1221331
20260915,2412,中華電,143.5,143.5,142.5,143.5,+,1.0,16914018,2421792026.0,11835598,-33000,99000,14587783,15000,132000,2752185,48000,33000
20260915,6226,光鼎,33.95,36.3,33.05,36.3,+,3.3,81114487,2861882679.0,4727975,0,58166,15154100,0,335166,10426125,0,277000
20260915,2887,台新新光金,43.6,43.8,43.1,43.4,-,0.15,43388044,1882352699.0,-429822,3580000,256762,25387823,4579000,1496100,25817645,999000,1239338
20260915,2880,華南金,46.3,47.25,46.3,46.9,+,0.6,15252989,713894602.0,3528163,-627200,456390,12498984,83800,618703,8970821,711000,162313
20260915,2609,陽明,59.4,59.9,58.6,58.8,-,0.5,22032722,1300040215.0,2547014,86000,-171176,14243161,105000,128000,11696147,19000,299176
20260915,3045,台灣大,121.5,124.5,121.0,124.0,+,2.5,10604689,1305534285.0,2396812,-46000,-191870,6896870,10000,100242,4500058,56000,292112
20260915,3042,晶技,175.0,186.0,175.0,181.0,+,3.0,8407802,1531107407.0,1992635,55000,65265,3699603,55000,352370,1706968,0,287105
20260915,2354,鴻準,64.5,65.1,63.9,64.6,-,0.1,6936955,446596773.0,2185499,65000,-149790,4180499,67000,79190,1995000,2000,228980
20260915,5876,上海商銀,49.85,50.0,49.3,49.8,-,0.1,5628831,279776775.0,1222179,647000,133561,4296161,651000,339043,3073982,4000,205482
20260915,2049,上銀,318.0,334.5,313.5,329.0,+,5.5,5290726,1737785287.0,1641970,23000,93935,3520552,33000,188427,1878582,10000,94492
20260915,00900,富邦特選高股息30,19.54,19.58,19.5,19.52,-,0.07,4607219,89963202.0,-591990,0,2314229,935010,0,2939000,1527000,0,624771
20260915,9945,潤泰新,27.8,27.95,27.65,27.95,+,0.1,3583516,99613068.0,1607431,26000,59636,2700431,26000,78435,1093000,0,18799
20260915,9904,寶成,24.15,24.35,24.05,24.25,+,0.2,6567302,159019456.0,1381146,188000,-19555,4445132,262000,121000,3063986,74000,140555
20260915,2820,華票,17.4,17.4,17.2,17.35,-,0.05,2974451,51450097.0,1383073,0,18000,2133963,0,18000,750890,0,0
20260915,2441,超豐,114.0,121.0,114.0,115.0,+,1.0,6099917,717380064.0,1199272,73000,46003,2444472,92000,169580,1245200,19000,123577
20260915,00757,統一FANG+,139.25,139.55,138.75,138.85,+,1.7,1930267,268631265.0,1095110,0,135195,1116230,0,616049,21120,0,480854
20260915,9933,中鼎,41.6,42.4,40.9,41.9,+,0.7,3421059,143546056.0,1371249,-89000,-53097,2151649,0,31000,780400,89000,84097
20260915,3406,玉晶光,944.0,973.0,906.0,915.0,-,39.0,9449175,8854216774.0,694552,395000,125052,4120122,494000,368854,3425570,99000,243802
20260915,4904,遠傳,106.5,107.5,105.5,106.5,+,0.5,4578462,487439691.0,1246799,-137000,64795,3370261,6000,97105,2123462,143000,32310
20260915,2371,大同,27.95,28.3,27.7,28.1,+,0.45,7713128,216493798.0,1101219,0,50876,2874289,0,99000,1773070,0,48124
20260915,3189,景碩,795.0,822.0,791.0,795.0,-,3.0,7509520,6051891571.0,539042,695000,-101486,2597315,695000,107057,2058273,0,208543
20260915,2308,台達電,1590.0,1715.0,1585.0,1670.0,+,50.0,14802962,24912933435.0,1846904,-964339,247861,8608408,467661,396334,6761504,1432000,148473
20260915,2382,廣達,331.0,338.0,330.5,333.0,+,0.5,7988351,2667055915.0,522204,432942,86442,4608358,699942,196098,4086154,267000,109656
20260915,6214,精誠,189.0,195.0,186.0,190.0,+,2.5,3389449,646164478.0,1020537,44408,-83195,1743921,54408,26043,723384,10000,109238
20260915,6108,競國,22.1,22.8,22.1,22.4,+,0.25,2680974,59735022.0,980141,0,1000,1445141,0,1000,465000,0,0
20260915,2395,研華,696.0,705.0,683.0,685.0,+,15.0,3502426,2424818521.0,881674,-10000,43136,2490513,8000,137239,1608839,18000,94103
20260915,1102,亞泥,34.95,35.2,34.8,35.2,+,0.2,5120946,179410163.0,710351,230952,-61196,3620481,267952,147725,2910130,37000,208921
20260915,6139,亞翔,701.0,726.0,701.0,713.0,+,10.0,2055879,1469087124.0,814584,-11000,41230,1143083,0,71897,328499,11000,30667
20260915,8046,南電,1070.0,1110.0,1055.0,1085.0,+,30.0,7742890,8444887345.0,520242,153000,115858,2933649,168000,268734,2413407,15000,152876
20260915,3229,晟鈦,65.2,66.9,60.3,60.3,-,6.6,7363074,462996171.0,769205,0,0,2384080,0,0,1614875,0,0
20260915,00940,元大台灣價值高息,12.8,12.82,12.73,12.74,-,0.1,5832399,74514596.0,-2412990,0,3160228,57010,0,3844000,2470000,0,683772
20260915,2615,萬海,113.5,115.0,111.0,112.0,-,1.0,8078477,907209515.0,920976,-48000,-169519,4114139,0,109000,3193163,48000,278519
20260915,6213,聯茂,514.0,531.0,511.0,519.0,+,4.0,11540383,6031663931.0,733544,119000,-152225,4878226,119000,98103,4144682,0,250328
20260915,00882,中信中國高股息,14.85,14.88,14.77,14.78,-,0.05,2639818,39069092.0,8000,0,684131,10000,0,1219000,2000,0,534869
20260915,3702,大聯大,106.5,108.0,106.5,107.0,,0.0,4409655,473051734.0,906969,-154000,-91318,3040375,31000,142483,2133406,185000,233801
20260915,2351,順德,252.5,256.0,244.0,251.5,-,5.5,12699025,3181259669.0,730753,8000,-93502,4180000,8000,80474,3449247,0,173976
20260915,6672,騰輝電子-KY,294.5,303.5,289.5,291.0,-,3.5,4204679,1245722340.0,500330,90000,11116,1813380,90000,65622,1313050,0,54506
20260915,4915,致伸,64.0,65.7,63.4,65.6,+,1.0,8267711,534361797.0,169417,807000,-376033,2856617,807000,46129,2687200,0,422162
20260915,00916,國泰全球品牌50,26.69,27.04,26.69,26.93,+,0.2,671864,18137827.0,19000,0,563882,25000,0,565000,6000,0,1118
20260915,9921,巨大,89.5,91.8,88.5,91.1,+,1.4,1449432,131501353.0,540167,-8000,1626,1154167,0,9150,614000,8000,7524
20260915,6271,同欣電,218.5,234.0,218.5,221.0,+,1.0,6201502,1408157566.0,483806,0,40409,2566174,0,182262,2082368,0,141853
20260915,00909,國泰數位支付服務,46.9,47.2,46.9,46.96,+,0.27,751540,35403511.0,63000,0,441733,71000,0,468612,8000,0,26879
20260915,2385,群光,105.5,106.5,104.5,105.5,,0.0,1455229,153040078.0,413493,75900,-10412,1075493,112900,27000,662000,37000,37412
20260915,2492,華新科,305.5,315.5,300.0,300.0,-,5.5,21610352,6628801351.0,1482191,-1523000,518206,6822253,1000,733723,5340062,1524000,215517
20260915,2484,希華,66.8,69.8,66.8,68.0,+,0.8,4704529,322159527.0,467944,0,1210,1628291,0,3685,1160347,0,2475
20260915,4977,眾達-KY,166.0,166.5,160.5,160.5,-,6.5,2090246,340875325.0,512292,0,-71123,875192,0,1040,362900,0,72163
20260915,3017,奇鋐,3265.0,3300.0,3100.0,3115.0,-,195.0,3217593,10218771055.0,500572,-46000,-21804,1591426,30000,98117,1090854,76000,119921
20260915,3029,零壹,116.5,121.0,115.0,118.5,+,2.0,7857851,927668256.0,431246,0,-3443,2259246,0,15000,1828000,0,18443
20260915,2905,三商,18.55,18.95,18.5,18.85,+,0.35,2369419,44401334.0,302167,0,117000,1046349,0,117000,744182,0,0
20260915,00901,永豐智能車供應鏈,45.43,45.6,44.99,45.0,-,0.43,429970,19515687.0,-22000,0,411126,0,0,414201,22000,0,3075
20260915,4576,大銀微系統,224.0,237.5,223.5,230.5,+,2.5,1857842,432652043.0,332215,0,39914,893215,0,84580,561000,0,44666
20260915,2329,華泰,41.75,42.2,41.25,41.45,-,0.3,1213027,50626961.0,358317,0,-8677,746008,0,58032,387691,0,66709
20260915,6224,聚鼎,84.5,88.5,84.4,86.0,+,1.0,1348110,116674195.0,267168,0,81000,644178,0,85000,377010,0,4000
20260915,2034,允強,20.25,20.8,20.25,20.45,+,0.15,1226459,25150331.0,293777,0,42035,852184,0,47366,558407,0,5331
20260915,9910,豐泰,67.8,68.8,67.7,68.4,+,0.6,821779,56145656.0,198249,112812,18759,558249,115812,44276,360000,3000,25517
20260915,6994,富威電力,27.5,27.5,25.6,26.1,-,1.9,1892332,49899123.0,462370,0,-136540,836370,0,2000,374000,0,138540
20260915,6442,光聖,1580.0,1595.0,1505.0,1510.0,-,80.0,2407912,3716382300.0,592891,-245000,-31594,986917,1000,80737,394026,246000,112331
20260915,2404,漢唐,1015.0,1050.0,1015.0,1035.0,+,20.0,965057,1001083915.0,312111,-27000,24278,651613,1000,71394,339502,28000,47116
20260915,1319,東陽,78.2,79.3,78.1,79.0,+,0.7,950303,74893646.0,309927,-13000,8752,712927,0,26060,403000,13000,17308
20260915,4961,天鈺,178.0,180.5,174.5,178.5,+,0.5,1273246,226427467.0,270486,0,31353,637552,0,41356,367066,0,10003
20260915,00885,富邦越南,18.23,18.3,18.16,18.24,+,0.01,1474641,26880621.0,526700,0,-232783,561000,0,598910,34300,0,831693
20260915,00717,富邦美國特別股,14.49,14.58,14.49,14.54,+,0.04,439152,6388620.0,404000,0,-130000,404000,0,10000,0,0,140000
20260915,00949,復華日本龍頭,21.93,21.97,21.84,21.91,-,0.02,542909,11895923.0,104000,0,152289,117000,0,369997,13000,0,217708
20260915,2103,台橡,25.5,25.8,25.35,25.75,+,0.3,1765093,45218799.0,176794,0,78962,749587,0,114008,572793,0,35046
20260915,4540,全球傳動,56.2,59.5,55.7,57.3,+,1.0,2223370,129159746.0,251320,0,1645,746320,0,3000,495000,0,1355
20260915,00752,中信中國50,22.4,22.63,22.4,22.56,+,0.16,517142,11658059.0,74000,0,172474,75000,0,290966,1000,0,118492
20260915,6196,帆宣,521.0,530.0,516.0,518.0,-,2.0,1109429,580853434.0,228493,1000,13577,656977,2000,33936,428484,1000,20359
20260915,2480,敦陽科,158.0,162.0,158.0,161.0,+,3.5,428248,68700856.0,224449,0,12379,271456,0,13379,47007,0,1000
20260915,00951,台新日本半導體,16.41,16.65,16.3,16.35,-,0.06,1715441,28314155.0,636422,0,-402568,798422,0,480000,162000,0,882568
20260915,3011,今皓,9.38,9.59,9.2,9.44,+,0.06,988520,9318873.0,228158,0,1000,342158,0,2000,114000,0,1000
20260915,00910,第一金太空衛星,55.75,56.1,55.7,55.8,+,0.05,428785,23989367.0,208100,0,18523,216100,0,76000,8000,0,57477
20260915,6805,富世達,2175.0,2195.0,2010.0,2025.0,-,140.0,1303815,2697867445.0,405904,-154000,-41191,655736,1000,16709,249832,155000,57900
20260915,2428,興勤,252.0,260.0,252.0,253.0,,0.0,794119,202912388.0,192446,0,11516,412446,0,34588,220000,0,23072
20260915,2030,彰源,23.25,23.25,22.1,22.2,-,1.0,2317619,52339894.0,180566,0,22000,685872,0,60000,505306,0,38000
20260915,2617,台航,33.05,33.05,32.3,32.4,-,0.65,1456809,47496885.0,207056,0,-7320,940056,0,5250,733000,0,12570
20260915,5608,四維航,16.5,16.6,16.2,16.3,-,0.3,2346331,38220079.0,397786,0,-202639,988000,0,0,590214,0,202639
20260915,6589,台康生技,48.0,49.6,47.8,48.65,+,0.6,620762,30227373.0,202666,-15000,7000,366666,0,7000,164000,15000,0
20260915,6278,台表科,186.0,187.0,180.5,180.5,-,5.0,1557487,284336421.0,145122,50000,-2648,587120,50000,29365,441998,0,32013
20260915,4142,國光生,17.2,17.3,17.05,17.2,,0.0,668255,11461634.0,167000,0,12000,310000,0,12000,143000,0,0
20260915,3059,華晶科,37.6,37.7,37.05,37.3,+,0.05,949694,35506064.0,190000,0,-12442,507000,0,2000,317000,0,14442
20260915,6416,瑞祺電通,118.5,123.5,117.0,118.0,-,1.0,2341906,280439190.0,154176,0,23000,756176,0,26000,602000,0,3000
20260915,1795,美時,175.0,178.5,173.0,178.5,+,5.0,725132,128307233.0,151288,6000,17821,319288,6000,43822,168000,0,26001
20260915,8926,台汽電,57.4,58.2,57.2,57.4,,0.0,1459609,84176779.0,133869,30721,7826,537869,30721,13000,404000,0,5174
20260915,6715,嘉基,333.5,380.0,333.5,357.5,+,11.5,2625978,960454543.0,214066,-61000,17481,851055,0,53706,636989,61000,36225
20260915,6168,宏齊,29.65,30.2,29.2,29.25,-,0.7,3346135,99130292.0,178287,0,-7898,1096287,0,4127,918000,0,12025
20260915,8464,億豐,381.0,384.0,376.5,382.0,+,4.5,318653,121446315.0,162632,4005,2944,278632,7005,8000,116000,3000,5056
20260915,00643,群益深証中小,17.85,18.0,17.79,17.87,+,0.03,2365593,42363167.0,8000,0,155697,16000,0,2319142,8000,0,2163445
20260915,3056,富華新,13.65,13.65,13.45,13.6,-,0.05,369668,5006261.0,154000,0,7000,209000,0,7000,55000,0,0
20260915,1463,強盛新,17.15,17.6,17.15,17.6,+,0.55,281006,4889056.0,158000,0,-2000,255000,0,1000,97000,0,3000
20260915,6605,帝寶,136.5,138.5,136.0,137.5,+,1.5,278582,38280001.0,181614,-28000,2140,232614,0,4342,51000,28000,2202
20260915,6446,藥華藥,1200.0,1220.0,1170.0,1205.0,+,15.0,2315449,2790832205.0,153994,-3591,4494,1170968,1409,66924,1016974,5000,62430
20260915,2419,仲琦,26.9,26.9,26.55,26.6,-,0.15,493599,13181448.0,156791,0,-4357,248791,0,7021,92000,0,11378
20260915,9938,百和,37.8,38.15,37.8,37.85,-,0.1,875487,33208799.0,139000,19381,-16000,329000,19381,6000,190000,0,22000
20260915,2457,飛宏,21.5,21.75,21.0,21.05,-,0.45,1203973,25749760.0,172000,0,-30792,575000,0,20000,403000,0,50792
20260915,1597,直得,136.0,139.0,133.0,133.5,-,4.5,1501685,203710931.0,153817,0,-13455,640426,0,13973,486609,0,27428
20260915,2069,運錩,24.0,24.0,22.8,22.8,-,1.1,1388503,32147571.0,121642,0,12000,361002,0,12000,239360,0,0
20260915,3033,威健,41.25,41.6,40.8,40.8,-,0.6,2357253,97133354.0,254100,0,-123869,940100,0,35000,686000,0,158869
20260915,2427,三商電,22.95,24.5,22.65,24.35,+,1.55,5301477,125604206.0,120080,0,9000,1148080,0,15000,1028000,0,6000
20260915,2472,立隆電,211.0,216.0,208.0,208.0,-,2.5,2251524,475402890.0,703312,-558000,-20110,1752583,0,11346,1049271,558000,31456
20260915,6743,安普新,29.35,29.8,28.75,29.5,+,0.25,392619,11550571.0,116179,5618,1000,159179,5618,1000,43000,0,0
20260915,6472,保瑞,404.0,415.5,404.0,411.0,+,7.5,460996,189523747.0,78748,18000,25436,209748,18000,28503,131000,0,3067
20260915,2478,大毅,118.5,121.5,116.5,117.0,-,2.0,1494229,178030228.0,135100,0,-15587,612100,0,19000,477000,0,34587
20260915,4746,台耀,45.5,46.5,45.2,46.05,+,0.65,361971,16565986.0,119000,0,0,205000,0,0,86000,0,0
20260915,2349,錸德,10.2,10.25,10.1,10.1,-,0.1,1210342,12285818.0,114322,0,0,437109,0,0,322787,0,0
20260915,3014,聯陽,130.0,131.0,129.5,130.5,,0.0,288580,37581804.0,92221,16122,978,199221,19122,1000,107000,3000,22
20260915,00893,國泰智能電動車,42.5,42.5,42.07,42.09,-,0.49,761716,32162432.0,141000,0,-33335,142000,0,543000,1000,0,576335
20260915,6901,鑽石投資,15.05,15.15,14.9,15.1,+,0.05,530157,7952715.0,90000,0,14000,227000,0,20000,137000,0,6000
20260915,4807,日成-KY,28.1,30.8,28.1,30.8,+,2.8,372346,11288479.0,102060,0,1092,132060,0,2092,30000,0,1000
20260915,4960,誠美材,20.0,20.1,19.5,19.5,-,0.45,1915556,37734675.0,143684,0,-41198,660000,0,9000,516316,0,50198
20260915,00639,富邦深100,15.89,15.97,15.78,15.8,-,0.06,584185,9268362.0,4000,0,97987,16000,0,471671,12000,0,373684
20260915,2915,潤泰全,56.8,57.2,56.6,56.9,+,0.2,867924,49318076.0,185619,-7000,-78816,504619,0,16455,319000,7000,95271
20260915,9941,裕融,82.0,82.2,81.0,81.0,-,0.6,428413,34950664.0,86126,1000,9454,296126,1000,10000,210000,0,546
20260915,00924,復華S&P500成長,32.66,32.8,32.61,32.64,+,0.1,1176897,38485271.0,404000,0,-309660,404000,0,398999,0,0,708659
20260915,2493,揚博,170.5,174.5,169.5,171.0,+,0.5,522879,89851244.0,100088,-1000,-6120,339088,0,5666,239000,1000,11786
20260915,2027,大成鋼,45.75,45.75,44.95,45.0,-,0.75,12037554,544616108.0,701000,100000,-708438,5342000,100000,395344,4641000,0,1103782
20260915,2886,兆豐金,52.5,52.9,51.2,51.8,-,0.7,20370352,1052602389.0,-5029761,5013000,109166,9228913,5606000,820000,14258674,593000,710834
20260915,2912,統一超,216.0,217.0,215.0,215.5,-,1.0,1125625,242684215.0,4326,60523,24898,485312,105523,26000,480986,45000,1102
20260915,00960,野村全球航運龍頭,22.16,22.4,22.16,22.36,+,0.24,1433298,32015855.0,396821,0,-307480,397021,0,592000,200,0,899480
20260915,3022,威強電,86.3,88.6,85.1,85.2,-,1.0,1114601,96623570.0,87890,0,110,511890,0,10110,424000,0,10000
20260915,2316,楠梓電,157.0,160.0,154.5,155.0,,0.0,1022268,160121061.0,75950,0,11418,466165,0,47361,390215,0,35943
20260915,2347,聯強,89.3,90.2,88.5,88.5,-,1.1,2705824,241017372.0,-1077766,1163300,1303,944236,1319300,127566,2022002,156000,126263
20260915,2832,台產,56.3,57.8,56.3,57.5,+,0.9,346402,19802064.0,79815,6768,69,170000,6768,1000,90185,0,931
20260915,00902,中信電池及儲能,12.72,12.78,12.62,12.66,-,0.05,490964,6226994.0,64000,0,22585,65000,0,260000,1000,0,237415
20260915,2816,旺旺保,39.15,40.05,39.1,39.1,-,0.05,380707,14995223.0,86270,0,0,156270,0,0,70000,0,0
20260915,2425,承啟,36.0,36.3,35.25,35.6,-,0.7,539910,19283571.0,89283,0,-3300,167283,0,0,78000,0,3300
20260915,6550,北極星藥業-KY,9.9,10.1,9.9,9.9,,0.0,1026794,10221349.0,85858,0,0,354000,0,0,268142,0,0
20260915,2367,燿華,39.8,40.4,39.55,39.55,-,0.35,2130451,85017373.0,116550,0,-30882,877550,0,65000,761000,0,95882
20260915,3008,大立光,6015.0,6195.0,5930.0,6055.0,+,60.0,2988683,18102787597.0,368333,-285913,2971,1430002,157087,136276,1061669,443000,133305
20260915,3055,蔚華科,161.0,162.5,156.5,157.5,-,2.0,1373705,219477020.0,110100,0,-30000,118000,0,16000,7900,0,46000
20260915,2471,資通,51.0,54.0,50.8,51.7,+,0.8,1987251,104450058.0,79000,0,1000,445000,0,2000,366000,0,1000
20260915,4919,新唐,112.0,114.0,110.0,111.0,-,2.0,2297812,256518123.0,80795,70000,-72578,814795,73000,82145,734000,3000,154723
20260915,9958,世紀鋼,91.4,92.5,90.5,90.5,-,0.6,1329255,121620509.0,93085,-37000,18445,529085,0,97460,436000,37000,79015
20260915,9802,鈺齊-KY,63.1,65.0,63.1,63.8,-,0.2,450323,28750158.0,112737,-42000,3000,303180,0,3000,190443,42000,0
20260915,1309,台達化,13.65,13.7,13.45,13.65,-,0.1,1260046,17079139.0,71051,0,1672,461051,0,8000,390000,0,6328
20260915,4119,旭富,57.9,60.2,57.3,59.6,+,1.6,318971,18911867.0,68199,0,3248,118199,0,10860,50000,0,7612
20260915,2607,榮運,52.8,53.0,52.6,53.0,,0.0,194503,10269201.0,60250,0,11000,147250,0,11000,87000,0,0
20260915,5388,中磊,71.7,72.3,71.3,72.0,+,1.0,1657783,119275815.0,20938,0,48383,779938,0,66413,759000,0,18030
20260915,2444,兆勁,11.55,11.8,11.5,11.65,-,0.05,250935,2931444.0,68700,0,0,94000,0,0,25300,0,0
20260915,6869,雲豹能源,62.8,63.5,62.7,63.5,,0.0,325886,20604764.0,63181,0,2029,164000,0,3023,100819,0,994
20260915,7786,東方風能,114.0,119.5,113.0,119.5,+,5.5,117863,13702549.0,64002,0,0,90002,0,0,26000,0,0
20260915,3605,宏致,124.5,129.5,122.0,127.5,+,1.0,7841855,985190624.0,-101342,0,164460,2625658,0,312669,2727000,0,148209
20260915,6657,華安,33.5,34.1,33.2,33.6,-,0.25,173306,5809251.0,59000,0,0,79000,0,0,20000,0,0
20260915,6235,華孚,37.8,38.2,37.55,37.55,-,0.4,238946,9016495.0,55060,0,3000,138061,0,3000,83001,0,0
20260915,6698,旭暉應材,31.35,31.7,31.3,31.45,+,0.1,131318,4129262.0,58000,0,0,75000,0,0,17000,0,0
20260915,2731,雄獅,140.5,141.5,139.5,141.5,+,1.5,207010,29150039.0,58000,2305,-2715,123000,2305,1000,65000,0,3715
20260915,00932,兆豐永續高息等權,17.17,17.18,17.09,17.1,-,0.16,387388,6647706.0,-295000,0,352240,9000,0,355000,304000,0,2760
20260915,3040,遠見,33.45,34.3,33.1,34.3,+,0.5,352277,11836946.0,57000,0,0,90000,0,0,33000,0,0
20260915,00735,國泰臺韓科技,101.8,102.5,100.9,100.9,-,1.3,955540,97266059.0,-2900,0,59130,41100,0,316000,44000,0,256870
20260915,4736,泰博,128.0,129.5,127.5,129.0,+,0.5,126080,16204131.0,52463,0,3000,77463,0,3000,25000,0,0
20260915,3645,達邁,67.8,68.2,66.8,66.8,-,1.0,735490,49640733.0,54622,0,-186,293622,0,5537,239000,0,5723
20260915,2102,泰豐,17.75,17.85,17.75,17.8,-,0.1,120061,2135369.0,54000,0,0,91000,0,0,37000,0,0
20260915,4564,元翎,15.85,15.85,15.5,15.8,+,0.15,496241,7751118.0,51830,0,1921,153000,0,5000,101170,0,3079
20260915,5519,隆大,25.3,25.45,25.2,25.2,-,0.1,261627,6621785.0,51350,0,2364,140350,0,4000,89000,0,1636
20260915,4771,望隼,203.5,212.0,203.5,210.5,+,6.5,193385,40428638.0,42862,0,10756,95079,0,11080,52217,0,324
20260915,00898,國泰基因免疫革命,10.84,10.93,10.84,10.92,+,0.26,436694,4763081.0,47000,0,3748,48000,0,140498,1000,0,136750
20260915,00903,富邦元宇宙,21.03,21.17,21.03,21.09,+,0.1,63049,1332237.0,-1000,0,51218,1000,0,55493,2000,0,4275
20260915,1702,南僑,32.1,32.35,32.1,32.35,-,0.05,122852,3958433.0,47000,0,3000,75000,0,3000,28000,0,0
20260915,1563,巧新,74.5,75.6,74.0,74.0,-,0.8,419146,31256783.0,48943,0,0,159216,0,1,110273,0,1
20260915,9136,巨騰-DR,9.39,9.65,9.23,9.59,+,0.2,269288,2570894.0,47000,0,500,89000,0,500,42000,0,0
20260915,5434,崇越,539.0,540.0,530.0,537.0,-,2.0,424026,227607088.0,-51853,91000,7033,233747,99000,11265,285600,8000,4232
20260915,8454,富邦媒,242.0,245.0,241.0,242.0,-,3.0,335448,81238166.0,79863,-39017,4462,226863,983,8070,147000,40000,3608
20260915,8249,菱光,37.55,37.55,37.1,37.1,-,0.45,141470,5276991.0,44000,0,1000,70000,0,1000,26000,0,0
20260915,5269,祥碩,1380.0,1385.0,1345.0,1370.0,+,5.0,283562,386933850.0,-19167,52000,10979,100833,53000,28852,120000,1000,17873
20260915,3021,鴻名,22.45,24.65,21.8,24.65,+,2.2,660797,15880095.0,40000,0,3000,105000,0,5000,65000,0,2000
20260915,00700,富邦恒生國企,17.05,17.08,16.99,17.0,,0.0,68095,1160257.0,48000,0,-5698,51000,0,302,3000,0,6000
20260915,6558,興能高,23.3,23.5,23.05,23.05,-,0.35,173822,4040780.0,42121,0,0,87121,0,0,45000,0,0
20260915,1217,愛之味,9.96,9.98,9.93,9.97,+,0.01,340167,3387652.0,-7000,0,49000,137000,0,49000,144000,0,0
20260915,4585,達明,296.0,299.0,295.5,296.0,-,2.0,190130,56578303.0,54000,-13000,211,134000,0,1083,80000,13000,872
20260915,2461,光群雷,17.4,17.55,17.35,17.4,,0.0,246569,4308795.0,34000,0,7000,94000,0,7000,60000,0,0
20260915,6525,捷敏-KY,126.0,130.0,125.5,125.5,-,2.5,531566,67645421.0,47194,0,-7060,221248,0,710,174054,0,7770
20260915,8996,高力,1245.0,1260.0,1200.0,1220.0,-,15.0,973745,1198421845.0,60880,1000,-22226,280190,1000,16900,219310,0,39126
20260915,1617,榮星,17.65,17.8,17.45,17.6,-,0.05,203969,3593353.0,38295,0,1000,73345,0,1000,35050,0,0
20260915,00771,元大US高息特別股,15.08,15.13,15.08,15.13,+,0.05,45055,679912.0,0,0,38708,0,0,41000,0,0,2292
20260915,2379,瑞昱,717.0,717.0,703.0,703.0,-,10.0,1859893,1317522073.0,-60226,139000,-40217,1184667,180000,49317,1244893,41000,89534
20260915,3003,健和興,56.8,57.9,56.6,56.6,-,0.5,356754,20344058.0,41021,0,-2668,162021,0,4001,121000,0,6669
20260915,8081,致新,246.5,248.5,245.0,246.0,-,0.5,149828,36843136.0,28520,9100,-1146,70000,10100,0,41480,1000,1146
20260915,8045,達運光電,50.1,52.6,50.1,52.6,+,4.75,144843,7535836.0,34000,0,2020,55000,0,2020,21000,0,0
20260915,4949,有成精密,72.5,72.9,71.0,71.5,-,1.1,371204,26630968.0,36000,0,0,100000,0,0,64000,0,0
20260915,6155,鈞寶,56.0,57.4,55.6,55.6,-,0.1,555983,31229271.0,35165,0,0,204165,0,0,169000,0,0
20260915,2206,三陽工業,63.5,63.5,62.9,63.4,+,0.3,1052906,66551066.0,-85784,105000,15000,671216,105000,15000,757000,0,0
20260915,6923,中台,76.0,76.2,75.6,76.0,+,0.3,61698,4684169.0,33000,0,0,37000,0,0,4000,0,0
20260915,4536,拓凱,160.0,164.0,160.0,162.5,+,2.0,91920,14965375.0,32000,0,1000,61000,0,1000,29000,0,0
20260915,6768,志強-KY,61.9,63.2,61.7,62.4,+,0.7,241559,15149268.0,35110,0,-3806,141110,0,194,106000,0,4000
20260915,1517,利奇,10.5,10.55,10.4,10.5,,0.0,253540,2658998.0,28000,0,3000,98000,0,3000,70000,0,0
20260915,6209,今國光,75.9,78.5,75.3,75.6,-,0.9,5765279,441108929.0,35397,0,-5397,1359397,0,99378,1324000,0,104775
20260915,00926,凱基全球菁英55,26.19,26.22,26.15,26.17,+,0.16,1268824,33232328.0,100,0,29479,100,0,1218410,0,0,1188931
20260915,7610,聯友金屬-創,1695.0,1755.0,1655.0,1655.0,-,125.0,878535,1496451125.0,28707,0,547,243707,0,54010,215000,0,53463
20260915,00908,富邦入息REITs+,14.86,14.89,14.86,14.89,-,0.01,41789,621433.0,0,0,29152,0,0,30000,0,0,848
20260915,4562,穎漢,29.35,29.55,29.0,29.15,+,0.1,142877,4177282.0,29000,0,-1870,93000,0,1000,64000,0,2870
20260915,00915,凱基優選高股息30,32.82,33.2,32.82,32.89,-,0.25,5207011,171521992.0,-495000,0,521756,34000,0,4692872,529000,0,4171116
20260915,3311,閎暉,35.0,37.6,34.85,36.8,+,1.8,2318623,84944123.0,23618,0,3000,607618,0,5000,584000,0,2000
20260915,0061,元大寶滬深,23.77,23.99,23.77,23.91,-,0.04,64399,1538109.0,39000,0,-13226,39000,0,1734,0,0,14960
20260915,2597,潤弘,167.0,169.5,166.5,169.5,+,2.5,115120,19369552.0,-4400,26839,2951,50000,26839,5000,54400,0,2049
20260915,6128,上福,18.95,19.0,18.85,18.9,-,0.05,68006,1288043.0,11000,0,14000,22000,0,14000,11000,0,0
20260915,5244,弘凱,33.3,33.95,33.25,33.95,+,0.45,58248,1963432.0,25000,0,0,46000,0,0,21000,0,0
20260915,7799,禾榮科,410.0,424.0,408.0,415.5,-,2.5,277482,114932934.0,-5000,30000,0,73000,30000,2000,78000,0,2000
20260915,3023,信邦,320.0,325.5,316.5,318.5,-,2.0,769688,246976712.0,-272586,289000,8467,277000,300000,17476,549586,11000,9009
20260915,1727,中華化,88.0,92.8,87.6,90.1,+,1.9,2685038,244729473.0,-35745,0,59775,772275,0,93777,808020,0,34002
20260915,1721,國慶科技,21.8,21.85,21.1,21.1,-,1.0,501644,10741804.0,18905,0,5000,108620,0,5000,89715,0,0
20260915,6166,凌華,112.0,112.0,108.0,109.0,-,1.5,812352,89245055.0,20548,0,3076,390035,0,14000,369487,0,10924
20260915,2348,海悅,69.8,70.5,69.7,70.2,-,0.3,171609,12008828.0,20500,0,2900,69000,0,3000,48500,0,100
20260915,7855,和運租車,42.05,42.1,42.0,42.0,,0.0,367485,15448282.0,23000,0,0,23000,0,0,0,0,0
20260915,00733,富邦臺灣中小,65.95,66.55,65.35,65.35,-,0.65,252515,16650297.0,-109000,0,130612,20000,0,155287,129000,0,24675
20260915,1736,喬山,125.0,126.5,123.5,125.0,+,1.0,274367,34259676.0,107849,-91000,4434,179049,0,5261,71200,91000,827
20260915,2417,圓剛,37.95,38.5,37.9,37.95,-,0.1,277605,10568316.0,21000,0,0,104000,0,0,83000,0,0
20260915,9940,信義,19.85,19.9,19.75,19.85,,0.0,231983,4597701.0,7000,0,13838,99000,0,15000,92000,0,1162
20260915,3338,泰碩,65.1,66.0,64.5,64.7,-,0.8,176725,11512440.0,24005,0,-4000,67005,0,1000,43000,0,5000
20260915,3592,瑞鼎,222.0,222.5,219.5,219.5,-,2.5,149879,33050271.0,19109,-1000,1000,101000,0,1000,81891,1000,0
20260915,4552,力達-KY,15.4,15.4,15.25,15.35,,0.0,159046,2438754.0,18000,0,0,27000,0,0,9000,0,0
20260915,9906,欣巴巴,39.0,39.0,36.95,36.95,-,1.6,93242,3544335.0,14000,0,3000,41000,0,3000,27000,0,0
20260915,6409,旭隼,878.0,886.0,865.0,870.0,-,4.0,274170,239443782.0,1694,9000,6120,188476,13000,9449,186782,4000,3329
20260915,4766,南寶,330.5,335.0,330.5,333.0,-,0.5,100253,33366198.0,26801,-10000,-236,70000,0,2000,43199,10000,2236
20260915,3705,永信,55.7,56.1,55.7,56.0,+,0.3,208172,11647424.0,15292,0,0,41292,0,0,26000,0,0
20260915,2228,劍麟,74.9,75.6,74.8,74.9,,0.0,72925,5476160.0,15030,0,0,39030,0,0,24000,0,0
20260915,2723,美食-KY,78.0,78.0,76.8,77.6,-,0.4,171562,13246932.0,12000,0,3000,72000,0,3000,60000,0,0
20260915,2369,菱生,29.2,29.5,28.8,28.85,-,0.35,1907224,55568137.0,34996,0,-20024,713000,0,8601,678004,0,28625
20260915,1810,和成,23.7,23.85,23.4,23.45,-,0.35,861105,20299551.0,-19559,17047,16950,79000,17047,27000,98559,0,10050
20260915,1734,杏輝,30.9,31.3,30.9,31.3,+,0.15,163938,5111546.0,14123,0,0,50163,0,0,36040,0,0
20260915,8442,威宏-KY,45.65,45.7,44.8,45.65,+,0.2,48403,2188446.0,7000,1830,5000,21000,1830,5000,14000,0,0
20260915,1325,恆大,25.5,25.6,25.2,25.35,-,0.15,122292,3101991.0,12751,0,0,41000,0,0,28249,0,0
20260915,00897,富邦基因免疫生技,12.88,12.95,12.88,12.93,+,0.34,351827,4549296.0,-8000,0,20641,1000,0,132448,9000,0,111807
20260915,2466,冠西電,103.0,104.5,100.5,102.0,-,1.0,701940,71887708.0,13916,0,-2000,196916,0,0,183000,0,2000
20260915,6272,驊陞,27.4,27.65,26.2,26.4,-,0.6,232216,6248668.0,9000,0,2000,81000,0,2000,72000,0,0
20260915,1773,勝一,156.5,159.0,155.5,157.5,+,1.0,284373,44773142.0,-29850,38000,2754,114150,38000,6139,144000,0,3385
20260915,00714,群益道瓊美國地產,21.28,21.28,21.23,21.26,-,0.08,135691,2883996.0,-1000,0,11717,0,0,116500,1000,0,104783
20260915,2107,厚生,26.6,26.85,26.55,26.7,+,0.1,202629,5410872.0,-10576,0,21000,73424,0,21000,84000,0,0
20260915,3518,柏騰,30.0,30.55,29.6,29.7,-,0.3,430131,12869736.0,10362,0,0,143362,0,0,133000,0,0
20260915,5225,東科-KY,53.1,53.8,53.1,53.2,+,0.1,152923,8175872.0,9000,0,1314,41000,0,2000,32000,0,686
20260915,1590,亞德客-KY,1260.0,1285.0,1255.0,1280.0,+,10.0,445567,567323270.0,5252,1900,2931,380665,4000,6919,375413,2100,3988
20260915,4560,強信-KY,28.85,29.1,28.75,28.95,-,0.05,148107,4281803.0,10000,0,0,85000,0,0,75000,0,0
20260915,3652,精聯,33.25,33.45,32.9,33.15,,0.0,62773,2084154.0,9000,0,1000,36000,0,1000,27000,0,0
20260915,8011,台通,15.7,15.7,15.4,15.4,-,0.15,197565,3064827.0,10000,0,0,59000,0,0,49000,0,0
20260915,8478,東哥遊艇,140.5,142.0,140.5,141.5,-,0.5,41040,5788739.0,8000,0,1000,23000,0,1000,15000,0,0
20260915,1735,日勝化,19.7,19.7,19.3,19.3,-,0.4,72692,1423262.0,4000,0,4938,29000,0,6000,25000,0,1062
20260915,7822,倍利科,810.0,821.0,792.0,800.0,-,10.0,129355,103752610.0,2000,0,6690,26000,0,10541,24000,0,3851
20260915,6526,達發,637.0,637.0,623.0,623.0,-,7.0,202854,127336818.0,6161,1000,1260,85161,7000,6045,79000,6000,4785
20260915,3257,虹冠電,46.6,47.55,46.5,46.6,+,0.1,167692,7865455.0,7250,0,1000,66250,0,1000,59000,0,0
20260915,1603,華電,30.2,30.2,29.8,29.95,-,0.15,142859,4270625.0,1000,0,7000,46000,0,7000,45000,0,0
20260915,2488,漢平,48.2,48.85,48.2,48.3,-,0.05,55198,2670678.0,7000,0,1000,21000,0,1000,14000,0,0
20260915,1529,樂事綠能,15.55,15.65,15.25,15.25,-,0.45,431421,6683346.0,5880,0,2000,133000,0,2000,127120,0,0
20260915,00636,國泰中國A50,27.22,27.25,27.02,27.03,-,0.15,164587,4465894.0,13000,0,-5375,14000,0,101000,1000,0,106375
20260915,00652,富邦印度,32.16,32.22,31.9,31.93,-,0.2,116489,3736598.0,27733,0,-20679,30000,0,37000,2267,0,57679
20260915,1342,八貫,99.8,101.5,99.8,100.5,+,0.7,74895,7551069.0,6040,0,1000,28040,0,1000,22000,0,0
20260915,1623,大東電,203.0,205.0,200.0,204.0,+,1.0,52457,10628817.0,7000,0,-265,19000,0,0,12000,0,265
20260915,00783,富邦中証500,27.3,27.37,27.2,27.2,-,0.03,9371,255226.0,0,0,6057,0,0,8057,0,0,2000
20260915,1321,大洋,31.9,32.3,31.9,32.15,-,0.15,36026,1156039.0,-2000,0,8000,18000,0,8000,20000,0,0
20260915,8499,鼎炫-KY,252.0,259.0,250.5,251.0,-,0.5,22406,5666221.0,6000,0,0,17000,0,0,11000,0,0
20260915,4976,佳凌,34.75,35.75,34.55,34.9,-,0.1,783006,27473367.0,4000,0,1909,180000,0,2000,176000,0,91
20260915,5288,豐祥-KY,182.5,184.5,181.0,183.0,+,0.5,56501,10307844.0,3111,0,2775,24111,0,2775,21000,0,0
20260915,6412,群電,74.0,75.1,73.7,73.8,,0.0,351266,26111588.0,24000,0,-18375,144000,0,6819,120000,0,25194
20260915,7730,暉盛-創,168.0,171.0,167.0,169.0,+,1.0,95271,16098916.0,4200,0,929,19200,0,20000,15000,0,19071
20260915,6914,阜爾運通,119.5,120.0,119.0,119.5,-,0.5,35104,4199329.0,5000,0,0,19000,0,0,14000,0,0
20260915,9919,康那香,13.95,13.95,13.8,13.9,-,0.05,94790,1311170.0,2000,0,3000,12000,0,3000,10000,0,0
20260915,3002,歐格,16.75,16.9,16.65,16.65,-,0.15,35302,592657.0,6000,0,-1000,14000,0,0,8000,0,1000
20260915,2908,特力,21.9,21.9,21.8,21.85,-,0.15,179016,3912748.0,5000,0,0,62000,0,0,57000,0,0
20260915,3138,耀登,88.0,88.4,86.0,86.5,-,1.1,117058,10199080.0,5996,0,-1179,51000,0,4009,45004,0,5188
20260915,4169,泰宗,142.0,143.5,141.0,143.0,+,0.5,86980,12354258.0,4796,0,0,22796,0,0,18000,0,0
20260915,4104,佳醫,71.9,72.0,71.7,71.7,-,0.4,115452,8293396.0,3000,0,1000,24000,0,1000,21000,0,0
20260915,2509,全坤建,14.35,14.35,14.05,14.05,-,0.3,95860,1358990.0,4000,0,0,11000,0,0,7000,0,0
20260915,1442,名軒,29.95,30.0,29.8,29.9,+,0.05,119625,3574893.0,4000,0,0,60000,0,0,56000,0,0
20260915,8443,阿瘦,11.15,11.2,11.1,11.2,,0.0,21244,236214.0,4000,0,0,6000,0,0,2000,0,0
20260915,6225,天瀚,60.8,70.0,60.8,63.5,-,4.0,114514,7120721.0,4000,0,0,8000,0,0,4000,0,0
20260915,6965,中傑-KY,67.7,69.3,67.7,69.0,+,0.4,26290,1796856.0,4000,0,0,15000,0,0,11000,0,0
20260915,00739,元大MSCI A股,27.25,27.32,27.11,27.23,-,0.02,13539,368522.0,-1000,0,4897,0,0,8392,1000,0,3495
20260915,3653,健策,5735.0,5765.0,5240.0,5310.0,-,510.0,2469366,13300208370.0,-49307,19440,33682,1077856,29000,120425,1127163,9560,86743
20260915,3679,新至陞,108.0,108.5,107.0,108.0,,0.0,26550,2854378.0,2000,1468,0,10000,1468,0,8000,0,0
20260915,2537,聯上發,11.3,11.3,11.05,11.05,-,0.2,616251,6865093.0,3000,0,0,154000,0,0,151000,0,0
20260915,1720,生達,55.9,56.1,55.9,56.1,+,0.2,73488,4115065.0,-13000,0,16000,12000,0,16000,25000,0,0
20260915,1540,喬福,19.3,19.5,19.1,19.1,-,0.1,110532,2124214.0,3000,0,0,35000,0,0,32000,0,0
20260915,6776,展碁國際,51.4,51.9,51.4,51.7,+,0.1,43351,2237965.0,3000,0,0,15000,0,0,12000,0,0
20260915,00678,群益那斯達克生技,42.38,42.66,42.38,42.66,+,0.55,496151,21129352.0,-4000,0,6841,5000,0,459002,9000,0,452161
20260915,2420,新巨,53.6,54.1,53.3,53.4,-,0.6,233052,12505764.0,-4790,0,7559,64210,0,13000,69000,0,5441
20260915,1708,東鹼,47.95,48.35,47.4,48.0,+,0.05,873025,41842109.0,50028,0,-47355,326338,0,5063,276310,0,52418
20260915,3030,德律,258.5,262.0,258.5,258.5,-,0.5,377353,98111824.0,-924,12000,-8421,159271,12000,5250,160195,0,13671
20260915,6625,必應,73.5,74.3,73.3,73.3,,0.0,83413,6137447.0,2030,0,528,23030,0,1000,21000,0,472
20260915,2247,汎德永業,228.5,230.0,227.5,229.5,,0.0,26645,6094607.0,8015,-5497,0,14015,1503,0,6000,7000,0
20260915,1558,伸興,107.5,108.5,106.5,108.5,+,1.0,107345,11557027.0,2098,0,0,25113,0,0,23015,0,0
20260915,2380,虹光,17.0,17.0,16.8,16.8,-,0.2,37785,640207.0,2000,0,0,8000,0,0,6000,0,0
20260915,1817,凱撒衛,40.25,40.25,40.2,40.2,-,0.1,9362,376386.0,2000,0,0,3000,0,0,1000,0,0
20260915,3038,全台,20.05,20.1,20.0,20.05,,0.0,62416,1250590.0,1000,0,1000,20000,0,1000,19000,0,0
20260915,6902,GOGOLOOK,124.0,126.0,122.5,124.5,+,0.5,65270,8108044.0,2000,0,0,22000,0,0,20000,0,0
20260915,6936,永鴻生技,31.6,31.8,31.5,31.8,+,0.2,27109,855691.0,2000,0,0,4000,0,0,2000,0,0
20260915,1476,儒鴻,290.0,290.0,285.0,285.0,-,3.0,1039100,297010878.0,-12550,17000,-2924,471135,20000,24000,483685,3000,26924
20260915,2415,錩新,27.15,27.15,26.8,26.95,-,0.25,39205,1056173.0,1246,0,0,11246,0,0,10000,0,0
20260915,2540,愛山林,47.9,48.05,47.45,47.5,-,0.55,406019,19387403.0,-2973,0,4000,270027,0,4000,273000,0,0
20260915,3308,聯德,21.25,22.0,21.25,22.0,+,0.25,39565,853505.0,1000,0,0,11000,0,1000,10000,0,1000
20260915,4108,懷特,11.6,11.7,11.3,11.3,-,0.1,228173,2621700.0,-1000,0,2000,34000,0,3000,35000,0,1000
20260915,00660,元大歐洲50,46.0,46.0,45.83,45.96,-,0.12,6402,294264.0,0,0,1000,0,0,1000,0,0,0
20260915,7835,永悅健康-創,20.75,21.7,20.75,21.25,+,0.4,12053,255597.0,1000,0,0,2000,0,0,1000,0,0
20260915,6955,邦睿生技-創,98.5,98.5,97.7,97.7,,0.0,5000,490200.0,-2000,0,3000,0,0,3000,2000,0,0
20260915,6908,宏碁遊戲-創,30.15,30.15,30.1,30.1,-,0.75,9040,272184.0,0,0,1000,0,0,1000,0,0,0
20260915,6641,基士德-KY,17.15,17.15,16.8,16.8,,0.0,10535,178303.0,0,0,465,1000,0,1000,1000,0,535
20260915,7722,LINEPAY,261.0,267.0,261.0,264.0,-,1.5,29380,7770476.0,-6609,6000,999,9406,6000,1000,16015,0,1
20260915,7732,金興精密,33.0,33.8,33.0,33.8,-,0.35,3000,100000.0,0,0,0,1000,0,0,1000,0,0
20260915,7736,虎山,69.0,69.9,68.5,69.0,+,0.6,6889,475896.0,0,0,0,2000,0,0,2000,0,0
20260915,6952,大武山,38.4,38.8,38.2,38.75,+,0.2,9000,345600.0,0,0,0,3000,0,0,3000,0,0
20260915,6934,心誠鎂,76.4,76.4,72.3,72.3,-,0.8,29650,2163314.0,0,0,0,8000,0,0,8000,0,0
20260915,6835,圓裕,30.75,30.75,29.9,30.35,+,0.25,15000,453400.0,0,0,0,2000,0,0,2000,0,0
20260915,6807,峰源-KY,32.4,32.6,32.4,32.6,-,1.15,2000,65000.0,0,0,0,1000,0,0,1000,0,0
20260915,6796,晉弘,51.8,51.8,49.7,50.9,+,0.7,43882,2204625.0,0,0,0,5000,0,0,5000,0,0
20260915,6581,鋼聯,110.0,110.5,108.5,109.0,-,1.5,36271,3967720.0,0,0,0,9000,0,2000,9000,0,2000
20260915,00736,國泰新興市場,31.3,31.39,31.3,31.39,-,0.02,102219,3199204.0,0,0,0,0,0,100000,0,0,100000
20260915,1233,天仁,28.0,28.0,27.85,27.85,-,0.1,16020,447205.0,0,0,0,3000,0,0,3000,0,0
20260915,1418,東華,17.45,17.55,17.3,17.55,+,0.15,5242,91301.0,0,0,0,1000,0,0,1000,0,0
20260915,2314,台揚,10.9,11.2,10.9,11.0,-,0.35,90417,1001907.0,0,0,0,1000,0,0,1000,0,0
20260915,4133,亞諾法,20.1,20.3,20.1,20.2,,0.0,29332,593225.0,0,0,0,4000,0,0,4000,0,0
20260915,4190,佐登-KY,25.35,25.4,25.3,25.4,-,0.5,3631,91981.0,0,0,0,1000,0,0,1000,0,0
20260915,4441,振大環球,170.5,173.5,170.5,171.0,-,1.5,30680,5293382.0,0,0,0,11000,0,0,11000,0,0
20260915,3164,景岳,15.65,15.75,15.65,15.7,-,0.05,8673,136278.0,0,0,0,2000,0,0,2000,0,0
20260915,3346,麗清,19.75,19.75,19.2,19.3,-,0.1,186617,3616077.0,0,0,0,73000,0,0,73000,0,0
20260915,3043,科風,20.25,20.3,20.0,20.1,+,0.1,43669,877485.0,-8000,0,8000,7000,0,8000,15000,0,0
20260915,5306,桂盟,88.9,89.8,88.9,89.5,+,0.5,45128,4034649.0,0,0,0,17000,0,0,17000,0,0
20260915,4930,燦星網,15.75,15.9,15.75,15.9,+,0.1,3334,52736.0,0,0,0,1000,0,0,1000,0,0
20260915,4557,永新-KY,50.5,50.7,50.0,50.2,-,0.3,90091,4512489.0,-1000,0,1000,3000,0,1000,4000,0,0
20260915,2901,欣欣,23.2,23.45,22.3,22.7,-,0.8,33874,772904.0,0,0,0,4000,0,0,4000,0,0
20260915,2748,雲品,38.8,38.95,38.65,38.95,+,0.15,34475,1336924.0,-1000,0,1000,7000,0,2000,8000,0,1000
20260915,1760,寶齡富錦,53.9,54.5,53.8,53.8,-,0.1,102984,5563471.0,-1,0,0,33000,0,0,33001,0,0
20260915,00762,元大全球AI,111.85,112.4,111.7,111.7,+,0.1,120824,13544471.0,38005,0,-38175,40005,0,41000,2000,0,79175
20260915,5258,虹堡,41.8,42.7,41.5,41.95,-,0.35,137123,5767282.0,-3000,0,2626,40000,0,4000,43000,0,1374
20260915,00703,台新MSCI中國,19.07,19.07,18.88,18.92,-,0.01,43985,831399.0,0,0,-661,0,0,41699,0,0,42360
20260915,6201,亞弘電,44.9,44.9,44.4,44.9,-,0.05,13225,590849.0,-4000,0,3000,1000,0,3000,5000,0,0
20260915,4581,光隆精密-KY,47.15,47.15,47.15,47.15,,0.0,7040,331942.0,-1000,0,0,0,0,0,1000,0,0
20260915,4994,傳奇,81.2,81.9,80.1,81.3,+,0.3,7212,585680.0,-2000,0,1000,0,0,1000,2000,0,0
20260915,2613,中櫃,22.1,22.2,21.8,21.8,-,0.3,192836,4227319.0,-1000,0,0,37000,0,0,38000,0,0
20260915,3018,隆銘綠能,11.35,11.35,11.25,11.25,-,0.1,9361,106084.0,-1000,0,0,1000,0,0,2000,0,0
20260915,2012,春雨,13.95,14.15,13.85,13.95,,0.0,22527,313926.0,0,0,-1000,8000,0,4000,8000,0,5000
20260915,1423,利華,34.5,35.25,34.5,35.25,+,0.45,2001,69787.0,-1000,0,0,1000,0,0,2000,0,0
20260915,1413,宏洲,9.2,9.22,9.2,9.22,+,0.02,2000,18420.0,-2000,0,1000,0,0,1000,2000,0,0
20260915,1525,江申,64.2,64.2,64.2,64.2,-,0.3,1001,64270.0,-1000,0,0,0,0,0,1000,0,0
20260915,1475,業旺,26.1,26.5,25.8,26.25,+,0.2,18528,483641.0,-1000,0,0,2000,0,0,3000,0,0
20260915,1225,福懋油,24.5,25.15,24.5,24.65,-,0.3,44496,1103755.0,-1000,0,0,21000,0,0,22000,0,0
20260915,8481,政伸,40.7,40.8,40.7,40.8,,0.0,2003,81623.0,-1000,0,0,0,0,0,1000,0,0
20260915,8482,商億-KY,47.3,47.3,47.3,47.3,,0.0,1150,54366.0,-1000,0,0,0,0,0,1000,0,0
20260915,8466,美吉吉-KY,13.5,13.75,13.5,13.6,-,0.15,6307,85769.0,-1000,0,0,0,0,0,1000,0,0
20260915,6281,全國電,51.4,51.4,51.2,51.2,-,0.1,25524,1308899.0,-1000,0,0,3000,0,0,4000,0,0
20260915,6671,三能-KY,23.0,23.0,22.55,22.75,+,0.2,3496,79705.0,-1000,0,0,1000,0,0,2000,0,0
20260915,6754,匯僑設計,41.7,42.0,41.3,41.3,-,0.4,11000,458400.0,-1000,0,0,2000,0,0,3000,0,0
20260915,6988,威力暘-創,11.95,11.95,11.8,11.8,-,0.2,11001,130412.0,-4000,0,2999,0,0,3000,4000,0,1
20260915,1516,川飛,14.4,14.4,14.35,14.4,+,0.4,24241,348227.0,-1001,0,0,8000,0,0,9001,0,0
20260915,9931,欣高,33.9,33.9,33.9,33.9,,0.0,3006,101905.0,-1000,0,-6,1000,0,0,2000,0,6
20260915,4999,鑫禾,17.95,17.95,17.9,17.95,+,0.05,10262,184134.0,-1000,0,-61,1000,0,0,2000,0,61
20260915,2239,英利-KY,19.6,19.6,19.15,19.3,-,0.05,16200,312330.0,-2000,0,900,1000,0,1000,3000,0,100
20260915,6951,青新-創,70.0,70.0,69.8,69.9,,0.0,13758,961691.0,0,0,-1105,1000,0,0,1000,0,1105
20260915,4569,六方科-KY,152.5,155.5,152.5,154.0,+,1.5,41611,6415047.0,-930,0,-335,11070,0,0,12000,0,335
20260915,2482,連宇,15.95,15.95,15.6,15.65,-,0.1,34970,551033.0,-2000,0,637,7000,0,2000,9000,0,1363
20260915,2233,宇隆,157.5,159.0,156.0,156.5,-,0.5,263805,41486412.0,-3909,0,2261,126091,0,3000,130000,0,739
20260915,7689,大鵬科CLMX,154.5,154.5,153.5,153.5,-,1.0,15716,2421923.0,-1940,0,0,2060,0,0,4000,0,0
20260915,6906,現觀科,82.0,84.7,81.5,83.0,,0.0,24704,2028429.0,-2000,0,0,5000,0,0,7000,0,0
20260915,6674,鋐寶科技,15.75,15.9,15.6,15.6,-,0.3,4000,62850.0,-2000,0,0,0,0,0,2000,0,0
20260915,6794,向榮生技,76.5,76.5,75.0,76.5,,0.0,16000,1209800.0,-2000,0,0,1000,0,0,3000,0,0
20260915,6431,光麗-KY,17.15,17.55,17.05,17.3,-,0.25,8034,138536.0,-1000,0,-1000,1000,0,0,2000,0,1000
20260915,2248,華勝-KY,60.0,60.0,59.1,59.3,+,0.1,26006,1544854.0,1000,0,-3000,5000,0,0,4000,0,3000
20260915,1521,大億,24.6,25.0,24.5,24.75,+,0.3,26502,653059.0,-4000,0,2000,3000,0,2000,7000,0,0
20260915,1725,元禎,32.5,33.25,32.5,32.65,-,0.35,51131,1674875.0,-3000,0,1000,20000,0,1000,23000,0,0
20260915,1340,勝悅-KY,5.13,5.18,5.06,5.07,-,0.09,110986,567794.0,-2000,0,0,13000,0,0,15000,0,0
20260915,1341,富林-KY,58.2,59.4,58.2,59.4,,0.0,3510,206651.0,-2000,0,0,0,0,0,2000,0,0
20260915,2424,隴華,7.7,7.98,7.7,7.97,-,0.01,16185,128851.0,-2000,0,0,0,0,0,2000,0,0
20260915,4572,駐龍,144.0,144.0,138.5,141.5,-,1.0,14426,2044165.0,-2000,0,0,2000,0,0,4000,0,0
20260915,00851,台新全球AI,70.2,70.2,69.9,69.9,-,0.25,46826,3283559.0,-1000,0,-1000,0,0,40000,1000,0,41000
20260915,1530,亞崴,27.5,27.5,27.25,27.25,-,0.1,23037,630212.0,-2000,0,-7,2000,0,0,4000,0,7
20260915,3025,星通,50.5,50.9,50.3,50.3,-,0.2,51844,2622991.0,-2205,0,0,18001,0,0,20206,0,0
20260915,6944,兆聯實業,689.0,699.0,689.0,691.0,-,3.0,138983,96483338.0,-8614,6460,-333,53260,6460,8224,61874,0,8557
20260915,1234,黑松,33.15,33.25,33.05,33.1,-,0.05,100499,3330845.0,-2462,0,-343,44000,0,0,46462,0,343
20260915,1583,程泰,47.2,47.2,46.85,46.85,-,0.35,11167,525724.0,-3000,0,0,0,0,0,3000,0,0
20260915,1435,中福,22.35,22.35,21.75,21.75,-,0.6,5278,115428.0,-3000,0,0,0,0,0,3000,0,0
20260915,1470,大統新創,23.7,23.9,23.7,23.85,+,0.05,4003,95220.0,-3000,0,0,0,0,0,3000,0,0
20260915,1446,宏和,13.35,13.4,13.25,13.3,-,0.05,79045,1051498.0,-3000,0,0,7000,0,0,10000,0,0
20260915,1441,大東,8.59,8.74,8.58,8.61,-,0.14,21949,189701.0,-3000,0,0,0,0,0,3000,0,0
20260915,2114,鑫永銓,88.6,88.6,88.5,88.6,-,0.2,4239,375432.0,-3000,0,0,1000,0,0,4000,0,0
20260915,2115,六暉-KY,23.65,23.9,23.65,23.7,-,0.1,53840,1278373.0,-3000,0,0,4000,0,0,7000,0,0
20260915,2024,志聯,13.0,13.0,12.85,12.85,-,0.2,14997,193928.0,-3000,0,0,1000,0,0,4000,0,0
20260915,2430,燦坤,17.85,18.0,17.8,18.0,+,0.05,34539,619308.0,-12000,0,9000,4000,0,9000,16000,0,0
20260915,2910,統領,24.05,24.05,23.3,23.3,-,0.15,11064,260295.0,-3000,0,0,3000,0,0,6000,0,0
20260915,2712,遠雄來,13.7,13.85,13.5,13.8,-,0.25,77000,1049100.0,-3000,0,0,0,0,0,3000,0,0
20260915,5283,禾聯碩,53.2,53.4,52.8,52.9,-,0.7,23254,1234569.0,-3000,0,0,9000,0,0,12000,0,0
20260915,6183,關貿,90.7,92.2,90.7,91.0,-,1.2,20811,1903939.0,-9000,0,6000,4000,0,6000,13000,0,0
20260915,5538,東明-KY,35.3,35.5,34.95,35.1,-,0.4,39300,1381235.0,-1000,0,-2000,12000,0,0,13000,0,2000
20260915,5546,永固-KY,14.4,14.75,14.35,14.5,-,0.25,27182,394957.0,-3000,0,0,3000,0,0,6000,0,0
20260915,5484,慧友,39.45,39.5,39.0,39.0,-,0.45,127616,5002187.0,-3000,0,0,9000,0,0,12000,0,0
20260915,6887,寶綠特-KY,39.0,39.8,37.0,37.15,-,1.05,19010,717467.0,-6000,0,3000,3000,0,4000,9000,0,1000
20260915,6666,羅麗芬-KY,45.05,45.05,43.6,44.0,-,0.2,32061,1409067.0,-4000,0,1000,1000,0,1000,5000,0,0
20260915,6614,資拓宏宇,35.45,35.75,35.45,35.45,,0.0,21860,777538.0,-3000,0,0,5000,0,0,8000,0,0
20260915,9929,秋雨,11.0,11.0,10.8,10.95,,0.0,10001,109060.0,-3000,0,0,0,0,0,3000,0,0
20260915,8463,潤泰材,21.1,21.2,20.95,21.15,+,0.05,17025,359174.0,-3000,0,0,3000,0,0,6000,0,0
20260915,8940,新天地,14.75,15.1,14.6,14.7,+,0.05,27563,407395.0,-3000,0,0,1000,0,0,4000,0,0
20260915,8367,建新國際,40.7,40.7,40.5,40.5,-,0.2,7065,286345.0,-3000,0,0,1000,0,0,4000,0,0
20260915,8487,愛爾達-創,70.5,70.5,70.0,70.0,-,0.1,7216,507309.0,0,0,-3011,0,0,0,0,0,3011
20260915,9912,偉聯,13.15,13.2,13.0,13.0,-,0.1,23074,301304.0,-3000,0,-13,1000,0,0,4000,0,13
20260915,6598,ABC-KY,27.6,27.75,27.1,27.15,-,0.6,107991,2961402.0,-3021,0,0,12000,0,0,15021,0,0
20260915,00657,國泰日經225,75.55,76.1,75.25,75.25,,0.0,86560,6545693.0,-8000,0,4944,0,0,81045,8000,0,76101
20260915,6771,平和環保-創,42.1,42.2,41.2,41.7,,0.0,29291,1217224.0,-3000,0,-104,0,0,2000,3000,0,2104
20260915,2231,為升,89.6,89.7,88.9,89.0,-,0.7,84419,7525783.0,-4000,0,893,28000,0,8000,32000,0,7107
20260915,1436,華友聯,36.2,36.45,36.0,36.1,-,0.35,62288,2250626.0,-3725,0,0,37275,0,0,41000,0,0
20260915,1541,錩泰,20.5,21.05,20.5,20.75,+,0.1,27193,563073.0,-3938,0,0,2062,0,0,6000,0,0
20260915,2762,世界健身-KY,79.6,79.6,79.2,79.4,-,0.1,32376,2572110.0,-3960,0,0,10040,0,0,14000,0,0
20260915,6670,復盛應用,274.0,274.0,270.0,270.5,-,2.0,164177,44489577.0,46100,-12000,-38069,116000,0,2000,69900,12000,40069
20260915,9918,欣天然,42.75,43.5,42.75,42.8,-,0.7,38153,1634424.0,-4000,0,0,11000,0,0,15000,0,0
20260915,8467,波力-KY,84.3,84.3,83.3,84.3,+,1.1,8260,691900.0,-4000,0,0,2000,0,0,6000,0,0
20260915,7791,皇家可口,55.1,55.4,55.0,55.4,+,0.3,19730,1087678.0,-4000,0,0,2000,0,0,6000,0,0
20260915,9926,新海,49.0,49.45,48.95,49.0,-,0.5,7174,351948.0,-4000,0,0,2000,0,0,6000,0,0
20260915,2642,宅配通,20.2,20.3,20.2,20.2,,0.0,23178,468862.0,-4000,0,0,1000,0,0,5000,0,0
20260915,2939,永邑-KY,19.7,19.8,19.3,19.4,-,0.15,21002,410840.0,-4000,0,0,1000,0,0,5000,0,0
20260915,5706,鳳凰,43.85,43.95,43.7,43.75,-,0.1,87921,3848161.0,-8000,0,4000,24000,0,4000,32000,0,0
20260915,3168,眾福科,43.4,43.4,41.8,43.0,+,0.95,25035,1067562.0,-4000,0,0,2000,0,0,6000,0,0
20260915,4414,如興,8.09,8.14,8.09,8.1,+,0.01,56853,460850.0,-18000,0,14000,1000,0,14000,19000,0,0
20260915,4178,永笙-KY,16.55,16.55,16.4,16.45,-,0.2,151071,2490624.0,-4000,0,0,21000,0,0,25000,0,0
20260915,3686,達能,14.15,14.15,14.05,14.1,-,0.1,73742,1039691.0,-4000,0,0,2000,0,0,6000,0,0
20260915,1539,巨庭,15.45,15.7,15.45,15.5,-,0.15,11315,175566.0,-4000,0,0,0,0,0,4000,0,0
20260915,1443,立益物流,22.75,23.1,22.55,23.0,-,0.3,7032,160729.0,-4000,0,0,1000,0,0,5000,0,0
20260915,1731,美吾華,20.8,20.9,20.75,20.75,-,0.15,45977,956160.0,-4000,0,0,1000,0,0,5000,0,0
20260915,2462,良得電,19.15,19.15,18.7,18.9,-,0.3,148131,2802064.0,-7000,0,3000,9000,0,3000,16000,0,0
20260915,6534,正瀚-創,91.9,91.9,89.8,89.8,-,0.7,25539,2303349.0,-5000,0,961,9000,0,1000,14000,0,39
20260915,4764,雙鍵,206.5,211.5,202.0,202.5,-,5.0,372450,76480700.0,6108,0,-10164,130108,0,445,124000,0,10609
20260915,00702,國泰標普低波高息,24.38,24.4,24.38,24.4,+,0.1,109822,2678423.0,0,0,-4245,0,0,102755,0,0,107000
20260915,3617,碩天,240.5,241.5,236.0,236.0,-,5.0,251146,59814115.0,2504,0,-6841,149704,0,1000,147200,0,7841
20260915,1220,台榮,10.8,10.8,10.7,10.75,,0.0,44095,474494.0,-4666,0,0,6334,0,0,11000,0,0
20260915,00895,富邦未來車,49.4,49.4,49.01,49.01,-,0.39,436150,21438025.0,65000,0,-69726,71000,0,310000,6000,0,379726
20260915,1445,大宇,10.3,10.3,10.1,10.15,-,0.05,59192,608347.0,-5000,0,0,1000,0,0,6000,0,0
20260915,1452,宏益,11.2,11.2,11.0,11.0,-,0.1,14255,157131.0,-5000,0,0,0,0,0,5000,0,0
20260915,1324,地球,10.05,10.1,9.99,10.0,-,0.05,53590,538346.0,-5000,0,0,0,0,0,5000,0,0
20260915,1338,廣華-KY,14.5,14.55,14.2,14.3,-,0.3,95767,1369675.0,-5000,0,0,7000,0,2000,12000,0,2000
20260915,1512,瑞利,6.11,6.18,6.1,6.13,+,0.02,20719,126848.0,-5000,0,0,0,0,0,5000,0,0
20260915,1626,艾美特-KY,9.52,9.66,9.41,9.41,-,0.25,47811,455998.0,-6000,0,1000,5000,0,2000,11000,0,1000
20260915,4755,三福化,111.5,112.5,111.0,111.0,-,0.5,87341,9754271.0,-6000,0,1000,36000,0,1000,42000,0,0
20260915,2722,夏都,21.7,21.7,21.0,21.15,-,0.1,51811,1096833.0,-8000,0,3000,2000,0,3000,10000,0,0
20260915,7768,頌勝科技,252.0,255.0,252.0,252.5,-,3.0,33937,8594363.0,-5000,0,0,5000,0,0,10000,0,0
20260915,6957,裕慶-KY,244.0,245.0,238.0,245.0,+,5.0,170601,41247531.0,-5000,0,0,53000,0,0,58000,0,0
20260915,6931,青松健康,40.0,40.0,39.5,39.5,-,0.5,24728,978938.0,-5000,0,0,2000,0,0,7000,0,0
20260915,8488,吉源-KY,9.93,9.94,9.86,9.86,-,0.08,21573,213515.0,-5000,0,0,3000,0,0,8000,0,0
20260915,7749,意騰-KY,339.0,354.5,338.5,352.5,+,13.5,193727,67498897.0,-5903,0,764,57097,0,997,63000,0,233
20260915,1726,永記,76.5,76.8,76.5,76.5,-,0.1,18872,1444314.0,-5758,0,0,2000,0,0,7758,0,0
20260915,1438,三地開發,21.2,21.2,21.1,21.2,-,0.15,19606,414500.0,-6000,0,0,1000,0,0,7000,0,0
20260915,1439,雋揚,28.05,28.15,27.55,27.7,-,1.2,57437,1603432.0,-7000,0,1000,5000,0,1000,12000,0,0
20260915,2483,百容,30.95,30.95,30.3,30.3,-,0.55,304112,9303962.0,-7000,0,1000,146000,0,1000,153000,0,0
20260915,3557,嘉威,22.4,22.9,22.4,22.75,+,0.05,22119,499399.0,-6000,0,0,3000,0,0,9000,0,0
20260915,6552,易華電,23.25,23.6,23.05,23.35,,0.0,27835,645819.0,-6000,0,0,8000,0,0,14000,0,0
20260915,6504,南六,37.25,37.55,36.55,36.55,-,0.7,30043,1110080.0,-6000,0,0,5000,0,0,11000,0,0
20260915,6790,永豐實,37.8,37.8,37.7,37.7,-,0.1,46930,1770775.0,-6000,0,0,13000,0,0,19000,0,0
20260915,8201,無敵,11.7,12.05,11.6,11.6,-,0.3,41242,481515.0,-6000,0,0,2000,0,0,8000,0,0
20260915,1456,怡華,14.3,14.6,13.9,13.9,-,0.4,241173,3439061.0,-10000,0,3999,23000,0,8000,33000,0,4001
20260915,2241,艾姆勒,33.65,34.0,33.25,33.35,-,0.1,155149,5209173.0,-5001,0,-1000,61000,0,0,66001,0,1000
20260915,6645,金萬林-創,12.8,12.9,12.6,12.65,-,0.35,38894,494142.0,-4000,0,-2120,2000,0,4000,6000,0,6120
20260915,00731,復華富時高息低波,98.4,98.5,97.45,97.75,-,0.7,569498,55634225.0,15000,0,-21212,34000,0,519999,19000,0,541211
20260915,1786,科妍,43.4,43.55,42.75,43.05,-,0.5,75399,3250486.0,-8295,0,2023,32000,0,2029,40295,0,6
20260915,6658,聯策,165.5,168.0,163.0,163.0,-,3.0,96868,15955729.0,-5947,0,-708,26100,0,0,32047,0,708
20260915,7631,聚賢研發-創,133.5,135.0,133.0,134.0,,0.0,13246,1775010.0,-5990,0,-1000,1010,0,0,7000,0,1000
20260915,6838,台新藥,23.4,23.4,23.1,23.35,-,0.05,72365,1686288.0,-7000,0,0,4000,0,0,11000,0,0
20260915,6655,科定,122.5,123.0,122.0,123.0,+,0.5,14793,1815246.0,-7000,0,0,1000,0,0,8000,0,0
20260915,6582,申豐,31.5,31.5,31.0,31.2,,0.0,21437,668605.0,-7000,0,0,3000,0,0,10000,0,0
20260915,9944,新麗,17.15,17.3,17.0,17.15,,0.0,28024,480697.0,-7000,0,0,1000,0,0,8000,0,0
20260915,1805,寶徠,10.05,10.1,10.05,10.1,,0.0,22556,227215.0,-7000,0,0,1000,0,0,8000,0,0
20260915,1472,三洋實業,88.6,89.1,87.5,88.3,,0.0,25050,2213275.0,2000,0,-9000,5000,0,0,3000,0,9000
20260915,1315,達新,65.5,65.8,65.4,65.8,-,0.5,16053,1052697.0,-7000,0,0,4000,0,0,11000,0,0
20260915,1615,大山,43.7,43.7,43.05,43.05,-,0.3,47605,2054850.0,-7000,0,0,17000,0,0,24000,0,0
20260915,1526,日馳,15.0,15.0,14.7,14.7,-,0.3,83980,1253309.0,-7000,0,0,10000,0,0,17000,0,0
20260915,1256,鮮活果汁-KY,173.0,174.0,171.0,171.0,-,1.0,27564,4752426.0,-4000,0,-3000,3000,0,1000,7000,0,4000
20260915,6115,鎰勝,43.8,43.95,43.7,43.8,-,0.05,78284,3430129.0,-10000,0,3000,10000,0,3000,20000,0,0
20260915,2705,六福,15.15,15.5,15.1,15.25,-,0.1,113760,1731661.0,-9000,0,2000,11000,0,5000,20000,0,3000
20260915,2904,匯僑,12.6,12.6,12.45,12.55,-,0.1,53802,672261.0,-7000,0,0,1000,0,0,8000,0,0
20260915,6591,動力-KY,41.85,42.85,41.4,41.5,-,0.15,24295,1011261.0,-7000,0,-32,7000,0,0,14000,0,32
20260915,1537,廣隆,114.5,114.5,114.0,114.0,-,1.0,28063,3210040.0,-8047,0,1000,2000,0,1000,10047,0,0
20260915,00899,FT潔淨能源,22.78,22.78,22.76,22.77,-,0.43,28298,644655.0,0,0,-7181,0,0,0,0,0,7181
20260915,6189,豐藝,47.0,47.0,46.4,46.6,-,0.45,175811,8206982.0,-12000,0,4750,54000,0,8000,66000,0,3250
20260915,9914,美利達,68.2,69.2,67.2,68.1,-,0.6,2615301,178585668.0,92287,-49000,-50619,1968287,0,20000,1876000,49000,70619
20260915,2207,和泰車,538.0,538.0,529.0,530.0,-,8.0,172922,91978382.0,-17351,-2240,11938,113244,13760,15010,130595,16000,3072
20260915,6285,啟碁,221.0,226.0,220.0,222.0,,0.0,2429329,542478698.0,-192688,242000,-56995,1047313,272000,86280,1240001,30000,143275
20260915,1457,宜進,14.35,14.45,14.3,14.35,-,0.1,37872,544469.0,-7915,0,0,9085,0,0,17000,0,0
20260915,1468,昶和,13.0,13.1,12.75,13.1,-,0.15,92000,1184500.0,-7000,0,-1000,0,0,2000,7000,0,3000
20260915,1531,高林股,11.55,11.6,11.5,11.55,,0.0,44280,511113.0,-8000,0,0,9000,0,0,17000,0,0
20260915,1235,興泰,37.05,37.05,35.9,36.9,-,0.2,11021,403027.0,-8000,0,0,2000,0,0,10000,0,0
20260915,2432,倚天酷碁-創,27.15,27.2,27.05,27.05,-,0.25,46000,1248550.0,-8000,0,0,4000,0,0,12000,0,0
20260915,3150,鈺寶-創,15.05,15.2,15.0,15.05,-,0.15,47000,710850.0,4000,0,-12000,10000,0,3000,6000,0,15000
20260915,3494,誠研,7.25,7.25,6.98,7.07,,0.0,17116,120940.0,-8000,0,0,0,0,0,8000,0,0
20260915,0057,富邦摩台,318.35,319.6,317.5,317.5,-,0.85,15926,5095608.0,0,0,-8000,0,0,0,0,0,8000
20260915,6722,輝創,32.25,32.25,32.0,32.0,-,0.15,13025,418451.0,-8000,0,0,1000,0,0,9000,0,0
20260915,6921,嘉雨思-創,61.2,61.4,59.9,59.9,-,1.1,15000,911600.0,-2000,0,-6000,0,0,5000,2000,0,11000
20260915,4195,基米-創,13.25,13.3,13.15,13.3,-,0.15,53892,712575.0,-10000,0,1998,0,0,2000,10000,0,2
20260915,9930,中聯資源,61.6,61.6,60.8,61.0,-,0.4,139278,8497627.0,-15000,0,6990,16000,0,7000,31000,0,10
20260915,6862,三集瑞-KY,133.5,133.5,130.0,130.0,-,2.0,138260,18107942.0,-6200,0,-1854,19000,0,0,25200,0,1854
20260915,7823,奧義賽博-KY創,82.2,83.5,80.3,80.3,-,1.5,72158,5889171.0,-8000,0,-139,15000,0,1000,23000,0,1139
20260915,5236,凌陽創新,130.5,130.5,129.5,130.0,,0.0,38973,5068712.0,-7000,0,-1501,4000,0,0,11000,0,1501
20260915,2364,倫飛,65.1,65.3,63.8,64.0,-,0.6,164571,10580339.0,-10645,0,2000,67355,0,2000,78000,0,0
20260915,00737,國泰AI機器人,39.28,39.91,39.28,39.69,+,0.5,52051,2072177.0,10000,0,-18659,10000,0,1070,0,0,19729
20260915,1752,南光,31.1,31.5,31.1,31.2,-,0.1,63210,1973464.0,-9000,0,0,16000,0,0,25000,0,0
20260915,1762,中化生,33.25,33.5,33.05,33.5,,0.0,30739,1020654.0,-11000,0,2000,5000,0,2000,16000,0,0
20260915,1776,展宇,17.6,17.85,17.5,17.75,+,0.2,53577,947815.0,-9000,0,0,4000,0,0,13000,0,0
20260915,6165,浪凡,47.95,47.95,47.0,47.0,-,0.4,142182,6741780.0,-30000,0,21000,18000,0,21000,48000,0,0
20260915,4440,宜新實業,17.55,17.65,17.5,17.65,+,0.1,30254,531257.0,-3000,0,-6000,3000,0,0,6000,0,6000
20260915,2945,三商家購,39.25,39.25,39.0,39.05,-,0.75,13483,527656.0,-1000,0,-8000,0,0,1000,1000,0,9000
20260915,7705,三商餐飲,29.8,29.9,29.75,29.9,+,0.05,27365,816640.0,-9000,0,0,1000,0,0,10000,0,0
20260915,7760,享溫馨,33.0,33.0,32.5,32.95,-,0.05,18060,593930.0,-8000,0,-1000,0,0,0,8000,0,1000
20260915,6606,建德工業,25.25,25.65,24.95,25.05,-,0.2,82672,2075377.0,-9000,0,0,7000,0,1000,16000,0,1000
20260915,3092,鴻碩,22.55,23.0,21.6,21.6,-,0.9,251283,5573529.0,-10000,0,999,66000,0,1000,76000,0,1
20260915,7803,雲象科技-創,18.6,19.0,18.5,18.55,-,0.45,35210,654107.0,-11000,0,1890,1000,0,5000,12000,0,3110
20260915,2616,山隆,13.3,13.3,13.25,13.25,-,0.05,61118,811739.0,-9200,0,0,3800,0,0,13000,0,0
20260915,00709,富邦歐洲,39.98,39.99,39.96,39.96,-,0.02,15728,629083.0,0,0,-9327,0,0,1000,0,0,10327
20260915,4588,玖鼎電力,54.1,54.2,53.1,53.4,-,0.7,61042,3274426.0,-9000,0,-430,6000,0,0,15000,0,430
20260915,2459,敦吉,65.4,65.5,65.1,65.3,,0.0,31265,2042198.0,-11000,0,1000,4000,0,1000,15000,0,0
20260915,1730,花仙子,51.5,51.5,51.2,51.2,-,0.1,23148,1188255.0,-10000,0,0,1000,0,0,11000,0,0
20260915,1906,寶隆,10.85,10.85,10.75,10.75,-,0.15,39045,421997.0,-13000,0,3000,1000,0,3000,14000,0,0
20260915,1454,台富,12.85,12.85,12.45,12.55,+,0.1,43194,541500.0,-11000,0,1000,1000,0,1000,12000,0,0
20260915,9942,茂順,113.5,114.0,113.0,113.5,,0.0,22482,2550822.0,-10130,0,0,2000,0,0,12130,0,0
20260915,2109,華豐,14.85,15.0,14.65,14.7,-,0.05,136987,2034438.0,-35148,0,25000,10000,0,25000,45148,0,0
20260915,1339,昭輝,42.25,42.7,42.15,42.7,+,0.25,36880,1559386.0,-12000,0,1391,1000,0,7000,13000,0,5609
20260915,2477,美隆電,21.95,21.95,21.7,21.75,-,0.1,71307,1558313.0,-17000,5257,1000,12000,5257,1000,29000,0,0
20260915,2450,神腦,28.1,28.25,28.1,28.25,,0.0,47457,1336534.0,-14000,0,3000,1000,0,3000,15000,0,0
20260915,1453,大將,10.95,11.0,10.8,10.8,-,0.1,47026,511509.0,-14000,0,3000,0,0,3000,14000,0,0
20260915,1451,年興,17.15,17.15,16.9,16.9,-,0.15,97725,1653837.0,-11000,0,0,4000,0,0,15000,0,0
20260915,1614,三洋電,30.75,31.0,30.75,30.9,-,0.1,34728,1075472.0,-11000,0,0,1000,0,0,12000,0,0
20260915,2237,華德動能-創,26.8,26.9,26.7,26.8,,0.0,39290,1051838.0,-11000,0,0,5000,0,0,16000,0,0
20260915,2516,新建,14.6,14.6,14.35,14.35,-,0.25,57316,826198.0,-11000,0,0,7000,0,0,18000,0,0
20260915,5007,三星,55.5,55.8,55.5,55.6,-,0.1,22104,1227903.0,-12000,0,1000,10000,0,1000,22000,0,0
20260915,5533,皇鼎,13.75,13.9,13.75,13.85,+,0.05,119460,1655847.0,-11000,0,0,4000,0,0,15000,0,0
20260915,3501,維熹,38.55,38.55,38.05,38.2,-,0.25,58221,2225403.0,-11000,0,0,14000,0,0,25000,0,0
20260915,6916,華凌,18.25,18.25,17.85,17.95,-,0.2,31000,559350.0,-11000,0,0,1000,0,0,12000,0,0
20260915,6464,台數科,75.9,78.0,75.8,78.0,+,2.1,24088,1839334.0,-11000,0,0,1000,0,0,12000,0,0
20260915,00668,國泰美國道瓊,61.0,61.0,60.8,60.8,-,0.15,13081,797027.0,0,0,-11144,0,0,0,0,0,11144
20260915,00972,野村日本動能高息,22.18,22.18,22.11,22.15,-,0.06,19655,435251.0,-1000,0,-10687,0,0,4262,1000,0,14949
20260915,4155,訊映,14.65,14.75,14.6,14.7,,0.0,72600,1064384.0,-12000,0,0,15000,0,0,27000,0,0
20260915,5215,科嘉-KY,37.5,37.6,37.2,37.25,-,0.25,32355,1207813.0,-13000,0,1000,3000,0,1000,16000,0,0
20260915,2702,華園,12.75,12.75,12.55,12.65,-,0.1,21010,265911.0,-11000,0,-1000,3000,0,0,14000,0,1000
20260915,2013,中鋼構,41.15,41.6,41.15,41.4,-,0.1,33224,1375942.0,-15000,0,3000,6000,0,3000,21000,0,0
20260915,1806,冠軍,7.96,8.01,7.93,7.99,+,0.01,91760,731330.0,-16000,0,4000,21000,0,4000,37000,0,0
20260915,1432,大魯閣,15.0,15.05,14.95,14.95,,0.0,103442,1548219.0,-12000,0,0,7000,0,0,19000,0,0
20260915,1236,宏亞,25.8,26.1,25.4,25.55,-,0.3,61821,1588410.0,-13000,0,1000,3000,0,1000,16000,0,0
20260915,6792,詠業,58.1,59.4,58.0,58.7,-,0.7,31000,1814900.0,-11000,0,-2000,7000,0,0,18000,0,2000
20260915,2373,震旦行,52.4,52.7,52.4,52.5,-,0.4,39389,2069470.0,-16000,0,3000,5000,0,3000,21000,0,0
20260915,3054,立萬利,57.5,57.5,54.7,54.7,-,1.1,34437,1911675.0,-15000,0,2000,5000,0,2000,20000,0,0
20260915,4555,氣立,42.35,42.35,41.4,41.65,-,0.25,57565,2402711.0,-12000,0,-1491,17000,0,0,29000,0,1491
20260915,2460,建通,29.0,29.3,28.35,28.8,-,0.65,347798,10011538.0,-14958,0,1000,86042,0,3000,101000,0,2000
20260915,1323,永裕,21.7,21.9,21.35,21.35,-,0.35,73861,1592069.0,-14000,0,0,2000,0,2000,16000,0,2000
20260915,1465,偉全,11.9,11.95,11.8,11.95,+,0.05,30280,359079.0,-14000,0,0,0,0,0,14000,0,0
20260915,1108,幸福,11.0,11.1,11.0,11.05,-,0.05,123202,1361629.0,-14000,0,0,23000,0,0,37000,0,0
20260915,1203,味王,42.1,42.75,42.1,42.65,-,0.55,21867,932142.0,-14000,0,0,2000,0,0,16000,0,0
20260915,00861,元大全球未來通訊,84.35,84.35,83.0,83.0,-,1.6,24002,2000817.0,-998,0,-13422,2,0,1000,1000,0,14422
20260915,9935,慶豐富,17.95,18.0,17.85,17.9,+,0.05,261765,4692893.0,-21000,6467,0,60000,6467,0,81000,0,0
20260915,4582,聚恆-創,22.5,22.5,22.1,22.15,-,0.2,51198,1137462.0,-23900,0,8965,100,0,12000,24000,0,3035
20260915,2031,新光鋼,43.85,43.85,43.2,43.3,-,0.25,228735,9915751.0,-20999,0,6000,77001,0,6000,98000,0,0
20260915,1535,中宇,44.65,44.65,44.1,44.35,-,0.3,53337,2367467.0,-21000,0,6000,3000,0,6000,24000,0,0
20260915,1109,信大,13.4,13.45,13.35,13.45,+,0.05,52197,699389.0,-19000,0,4000,9000,0,4000,28000,0,0
20260915,3130,一零四,208.5,209.0,208.0,208.0,-,0.5,25374,5290854.0,-15000,0,0,0,0,0,15000,0,0
20260915,9943,好樂迪,50.8,50.8,50.5,50.5,-,0.4,31152,1577898.0,-15000,0,0,4000,0,0,19000,0,0
20260915,6928,攸泰科技,46.05,46.05,44.6,45.5,-,1.5,51460,2343879.0,-15000,0,0,6000,0,0,21000,0,0
20260915,7818,溢泰實業,60.1,60.2,59.2,60.0,-,0.2,96519,5753474.0,-15070,0,0,12000,0,0,27070,0,0
20260915,9902,台火,13.3,13.3,13.1,13.15,-,0.15,59332,781505.0,-7000,0,-8082,7000,0,1000,14000,0,9082
20260915,1903,士紙,47.35,47.35,47.05,47.2,-,0.3,47531,2245041.0,-15000,0,-309,15000,0,0,30000,0,309
20260915,6192,巨路,109.5,110.5,109.5,109.5,-,0.5,56394,6193355.0,-17140,0,1778,18000,0,6000,35140,0,4222
20260915,6585,鼎基,104.0,104.0,102.5,102.5,-,1.0,66736,6897055.0,-16372,0,1010,15628,0,1010,32000,0,0
20260915,4566,時碩工業,63.1,64.1,62.6,62.8,-,0.1,447348,28265789.0,-17000,0,777,135000,0,2000,152000,0,1223
20260915,3447,展達,27.35,27.35,26.65,26.8,-,0.55,99200,2673527.0,-17000,0,0,37000,0,0,54000,0,0
20260915,2929,淘帝-KY,5.89,5.89,5.62,5.72,-,0.03,53522,303843.0,-17000,0,0,2000,0,0,19000,0,0
20260915,2911,麗嬰房,6.28,6.34,6.28,6.32,+,0.04,29837,187692.0,-17000,0,0,1000,0,0,18000,0,0
20260915,2015,豐興,63.9,64.5,63.9,64.5,-,0.1,89765,5761972.0,-33000,0,16000,43000,0,16000,76000,0,0
20260915,2250,IKKA-KY,55.8,55.8,54.6,54.8,-,0.2,54040,2969830.0,-17000,0,0,12000,0,0,29000,0,0
20260915,1474,弘裕,9.83,9.88,9.71,9.72,-,0.16,81744,800615.0,-17000,0,0,2000,0,0,19000,0,0
20260915,6491,晶碩,378.0,395.0,376.5,390.0,+,8.5,590199,229787085.0,-43763,0,26402,237322,0,34426,281085,0,8024
20260915,00971,野村美國研發龍頭,17.42,17.42,17.28,17.28,+,0.11,26433,458510.0,-17000,0,-453,0,0,3000,17000,0,3453
20260915,4952,凌通,47.0,47.25,46.15,46.15,-,1.05,180271,8405445.0,-27041,0,9152,53000,0,11000,80041,0,1848
20260915,4737,華廣,54.0,56.5,53.3,56.5,+,2.5,62037,3385609.0,-18000,0,0,6000,0,0,24000,0,0
20260915,2423,固緯,72.1,72.7,72.0,72.0,-,0.8,44303,3203535.0,-19000,0,1000,10000,0,4000,29000,0,3000
20260915,6947,台鎔科技,67.6,67.6,66.5,66.6,-,1.1,175483,11721964.0,-18000,0,0,15000,0,0,33000,0,0
20260915,1466,聚隆,14.95,14.95,14.6,14.7,-,0.15,171002,2511230.0,-23000,0,4000,38000,0,5000,61000,0,1000
20260915,1467,南緯,7.91,7.94,7.9,7.9,-,0.05,62059,490643.0,-21000,0,2000,2000,0,2000,23000,0,0
20260915,2008,高興昌,30.5,30.55,30.5,30.5,,0.0,39282,1198154.0,-19000,0,0,0,0,0,19000,0,0
20260915,3296,勝德,25.3,27.7,25.1,27.0,+,1.5,217217,5778092.0,-14000,0,-5000,30000,0,0,44000,0,5000
20260915,4545,銘鈺,32.6,32.9,32.6,32.6,-,0.75,57541,1881487.0,-19000,0,0,3000,0,0,22000,0,0
20260915,3530,晶相光,56.3,56.7,55.5,55.6,-,0.9,47410,2660587.0,-19000,0,0,14000,0,0,33000,0,0
20260915,00956,中信日經高股息,13.72,13.73,13.68,13.69,-,0.08,248558,3407290.0,126000,0,-145154,140000,0,50000,14000,0,195154
20260915,6789,采鈺,435.5,438.0,425.0,425.0,-,11.0,756040,325668539.0,18537,-20000,-17787,255980,0,35653,237443,20000,53440
20260915,6756,威鋒電子,94.2,94.7,93.5,93.8,-,0.7,71459,6718871.0,-17000,0,-2315,17000,0,0,34000,0,2315
20260915,7740,熙特爾-創,126.0,126.0,121.5,123.5,-,0.5,177665,21856131.0,-19760,0,30,13240,0,1000,33000,0,970
20260915,9955,佳龍,23.3,23.3,23.1,23.1,-,0.25,107382,2489946.0,-20000,0,0,27000,0,0,47000,0,0
20260915,9937,全國,54.5,54.8,53.9,54.8,,0.0,138988,7550921.0,-19000,0,-1000,8000,0,0,27000,0,1000
20260915,1522,堤維西,25.15,25.3,24.9,25.05,-,0.05,355332,8932022.0,-25000,0,5000,192000,0,5000,217000,0,0
20260915,1515,力山,29.65,29.8,29.15,29.15,-,0.7,516938,15219905.0,-23000,0,2930,63000,0,7000,86000,0,4070
20260915,1449,佳和,12.3,12.3,12.1,12.1,-,0.2,204958,2498403.0,-23171,0,3000,19030,0,3000,42201,0,0
20260915,2535,達欣工,89.5,89.7,88.6,88.6,-,1.1,170019,15129121.0,-6478,-20000,5841,62000,0,6000,68478,20000,159
20260915,2906,高林,13.95,13.95,13.55,13.6,-,0.2,143868,1964541.0,-28000,0,7056,6000,0,7056,34000,0,0
20260915,4912,聯德控股-KY,89.2,89.9,87.3,87.7,-,0.6,194218,17126723.0,-21000,0,0,70000,0,0,91000,0,0
20260915,6230,尼得科超眾,119.0,119.0,108.0,109.0,-,7.5,396676,45322756.0,-21000,0,0,71000,0,2000,92000,0,2000
20260915,7750,新代,1910.0,1940.0,1890.0,1890.0,-,70.0,139284,266661725.0,-21843,0,831,71187,0,12000,93030,0,11169
20260915,3057,喬鼎,16.25,16.35,15.6,15.65,-,0.55,107861,1719760.0,-21000,0,-377,8000,0,2000,29000,0,2377
20260915,4106,雃博,24.4,24.4,24.15,24.4,,0.0,47869,1163757.0,-25000,0,3000,1000,0,3000,26000,0,0
20260915,4583,台灣精銳,426.5,432.0,420.0,420.0,-,10.0,69581,29658274.0,-12000,-11000,1000,24000,0,2000,36000,11000,1000
20260915,1416,廣豐,11.3,11.35,11.15,11.25,,0.0,309661,3478185.0,-26000,0,4000,5000,0,4000,31000,0,0
20260915,9927,泰銘,69.5,69.7,69.4,69.7,+,0.1,79512,5529742.0,-23000,0,1000,6000,0,1000,29000,0,0
20260915,9905,大華,21.25,21.25,21.1,21.2,-,0.05,203413,4304123.0,-18000,0,-4000,21000,0,0,39000,0,4000
20260915,8438,昶昕,67.1,67.4,66.6,67.2,-,0.5,72393,4850811.0,-22000,0,0,24000,0,0,46000,0,0
20260915,1437,勤益控,32.0,32.25,31.85,32.25,+,0.2,125672,4023811.0,-17050,0,-5000,22000,0,0,39050,0,5000
20260915,2727,王品,227.5,228.5,227.5,228.5,+,0.5,94232,21513746.0,-23001,0,348,44000,0,1000,67001,0,652
20260915,00645,富邦日本,57.2,57.35,56.85,57.05,-,0.2,97901,5596928.0,-15859,0,-6825,1141,0,27000,17000,0,33825
20260915,4137,麗豐-KY,76.3,77.3,76.3,76.6,+,0.3,170363,13081402.0,-25000,3141,-1003,48000,3141,6000,73000,0,7003
20260915,3419,譁裕,11.0,11.0,10.75,10.75,-,0.25,93009,1006299.0,-24000,0,1000,8000,0,1000,32000,0,0
20260915,6405,悅城,37.55,37.9,37.1,37.1,-,0.5,143069,5337463.0,-23000,0,0,44000,0,0,67000,0,0
20260915,2753,八方雲集,177.0,178.5,176.5,176.5,-,0.5,174259,30864927.0,-27000,3103,746,49000,3103,1000,76000,0,254
20260915,5222,全訊,103.0,103.0,101.0,101.0,-,1.0,135048,13740307.0,-24980,0,1314,19020,0,2000,44000,0,686
20260915,3504,揚明光,78.1,79.9,77.0,77.0,-,1.0,1419165,111056551.0,-23795,0,20,402205,0,3220,426000,0,3200
20260915,2375,凱美,119.5,122.5,117.5,117.5,-,2.0,1600067,191644588.0,-4000,0,-19887,592000,0,9562,596000,0,29449
20260915,1587,吉茂,23.4,23.5,23.2,23.25,-,0.25,147335,3431767.0,-24000,0,0,3000,0,0,27000,0,0
20260915,6924,榮惠-KY創,140.0,140.0,128.0,128.0,,0.0,76567,10248195.0,-24000,0,-46,8000,0,6293,32000,0,6339
20260915,6933,AMAX-KY,310.5,312.0,280.5,286.0,-,19.5,1753249,508483393.0,-18700,0,-5401,823469,0,5895,842169,0,11296
20260915,6243,迅杰,36.9,37.0,36.3,36.4,-,0.5,156724,5737984.0,-24042,0,-98,36058,0,1000,60100,0,1098
20260915,1616,億泰,18.6,18.6,18.25,18.35,-,0.05,157515,2895886.0,-24570,0,0,51430,0,0,76000,0,0
20260915,6579,研揚,150.0,150.5,147.5,147.5,-,1.5,233090,34698290.0,-22728,-33000,31060,70272,0,36062,93000,33000,5002
20260915,2434,統懋,63.1,63.1,59.3,59.3,-,2.0,323108,19661116.0,-25768,0,1000,41232,0,1000,67000,0,0
20260915,4968,立積,88.8,89.6,88.0,88.0,-,1.0,154292,13666947.0,-23606,0,-1189,74199,0,2010,97805,0,3199
20260915,2438,翔耀,19.0,19.8,18.8,19.8,+,0.8,84810,1625045.0,-23000,0,-2000,8000,0,0,31000,0,2000
20260915,1410,南染,24.1,24.55,23.8,23.9,-,0.3,208159,5012366.0,-26000,0,1000,13000,0,1000,39000,0,0
20260915,1732,毛寶,25.95,25.95,25.7,25.85,-,0.1,39067,1007125.0,-24000,0,-1000,0,0,0,24000,0,1000
20260915,6958,日盛台駿,17.15,17.75,17.05,17.15,-,0.2,70002,1211036.0,-18000,0,-7000,17000,0,0,35000,0,7000
20260915,00728,第一金工業30,67.05,67.55,66.7,66.8,-,1.05,97221,6521885.0,-37000,0,11859,0,0,42000,37000,0,30141
20260915,6592,和潤企業,59.8,60.0,59.5,59.7,,0.0,155943,9308222.0,-33000,0,7800,45000,0,9000,78000,0,1200
20260915,2020,美亞,21.35,21.55,21.35,21.55,+,0.2,387958,8300421.0,-29638,0,4000,13362,0,4000,43000,0,0
20260915,8114,振樺電,177.0,180.0,176.0,176.0,-,3.5,263909,46890878.0,-28000,0,2022,147000,0,7000,175000,0,4978
20260915,8462,柏文,160.5,161.0,159.5,160.5,-,1.5,43371,6938580.0,-26000,0,0,8000,0,2000,34000,0,2000
20260915,2505,國揚,17.2,17.3,17.0,17.15,-,0.2,253507,4333362.0,-31000,0,5000,144000,0,5000,175000,0,0
20260915,1232,大統益,154.0,155.0,153.5,154.5,+,1.0,81651,12590313.0,-14001,-16000,4000,18000,0,4000,32001,16000,0
20260915,6541,泰福-KY,30.45,31.2,30.3,30.3,-,0.45,293163,8979438.0,-27000,0,778,147000,0,1000,174000,0,222
20260915,2545,皇翔,33.0,33.3,32.95,33.15,+,0.1,84780,2810825.0,-31000,0,4493,26000,0,5000,57000,0,507
20260915,4438,廣越,56.7,56.7,56.2,56.3,-,0.4,53313,3005895.0,-29000,0,1791,2000,0,2000,31000,0,209
20260915,1568,倉佑,29.2,29.2,28.6,28.8,-,0.15,105428,3038524.0,-23940,0,-3650,22060,0,0,46000,0,3650
20260915,4148,全宇生技-KY,35.2,35.2,33.55,33.55,-,0.95,77786,2637401.0,-28000,0,0,5000,0,0,33000,0,0
20260915,7721,微程式,58.7,58.8,56.6,57.5,-,1.4,73122,4237106.0,-27000,0,-1000,8000,0,0,35000,0,1000
20260915,2707,晶華,177.5,177.5,177.0,177.5,,0.0,62775,11129458.0,-16000,-15000,2982,5000,0,3000,21000,15000,18
20260915,5292,華懋,212.5,215.0,209.0,209.0,-,6.5,133494,28168293.0,-24950,0,-3070,24050,0,1831,49000,0,4901
20260915,3047,訊舟,13.4,13.6,13.35,13.4,-,0.1,251967,3390917.0,-27850,0,-229,62150,0,0,90000,0,229
20260915,2243,宏旭-KY,47.85,48.0,47.15,47.45,-,0.15,127776,6074742.0,-28000,0,-425,30000,0,0,58000,0,425
20260915,3380,明泰,29.95,30.0,29.5,29.55,-,0.4,1117376,33162324.0,-85427,33000,23994,480633,33000,45095,566060,0,21101
20260915,4571,鈞興-KY,150.5,150.5,147.5,147.5,-,1.5,98967,14770599.0,-25000,0,-3501,31000,0,0,56000,0,3501
20260915,5521,工信,10.35,10.4,10.25,10.35,,0.0,839240,8661584.0,-37000,0,8000,297000,0,8000,334000,0,0
20260915,3266,昇陽,13.8,13.8,13.65,13.75,-,0.1,36270,496735.0,-29000,0,0,3000,0,0,32000,0,0
20260915,1506,正道,9.85,9.85,9.68,9.77,-,0.08,274176,2663547.0,-32000,0,3000,0,0,4000,32000,0,1000
20260915,6573,虹揚-KY,15.9,15.95,15.55,15.55,-,0.3,89311,1400807.0,-31000,0,2000,7000,0,2000,38000,0,0
20260915,7827,漢康-KY創,151.0,151.0,148.0,149.5,-,2.5,100172,14971371.0,-29234,0,159,12050,0,6000,41284,0,5841
20260915,1789,神隆,18.05,18.1,17.9,18.1,+,0.1,313893,5662508.0,-51000,0,21831,113000,0,22000,164000,0,169
20260915,2414,精技,52.4,52.8,52.2,52.5,-,0.2,129546,6803887.0,-35932,0,6000,17068,0,18000,53000,0,12000
20260915,2514,龍邦,11.5,11.55,11.4,11.5,,0.0,137769,1578979.0,-36000,0,5844,3000,0,7000,39000,0,1156
20260915,2059,川湖,11920.0,12075.0,11665.0,11715.0,-,275.0,211570,2508624160.0,-41776,4000,7193,97775,4000,23461,139551,0,16268
20260915,00661,元大日經225,82.5,83.1,82.15,82.2,-,0.05,285739,23580543.0,-247880,0,217250,1120,0,242000,249000,0,24750
20260915,8341,日友,74.2,74.6,74.2,74.2,,0.0,132619,9862675.0,-39932,0,9300,12068,0,11000,52000,0,1700
20260915,6782,視陽,222.5,234.0,222.5,231.0,+,4.0,195636,44894997.0,-9056,0,-21728,70000,0,10542,79056,0,32270
20260915,5203,訊連,57.4,58.8,56.8,56.8,-,0.9,162501,9382864.0,-32000,0,1000,48000,0,1000,80000,0,0
20260915,3031,佰鴻,23.35,23.55,23.0,23.0,-,0.35,229023,5320810.0,-34100,0,2990,56000,0,3000,90100,0,10
20260915,00876,元大全球5G,84.75,84.75,83.5,83.75,-,1.75,73380,6173991.0,-12998,0,-18584,3002,0,0,16000,0,18584
20260915,5525,順天,21.8,21.9,21.7,21.7,-,0.15,85049,1850719.0,-32000,0,0,1000,0,0,33000,0,0
20260915,2739,寒舍,36.9,37.05,36.45,36.5,-,0.4,62619,2291880.0,-32000,0,0,3000,0,0,35000,0,0
20260915,2429,銘旺科,30.4,30.4,30.0,30.05,-,0.45,113436,3424494.0,-32000,0,0,22000,0,0,54000,0,0
20260915,00944,野村趨勢動能高息,21.5,21.55,21.42,21.42,-,0.12,284859,6123875.0,-177000,0,144822,10000,0,224000,187000,0,79178
20260915,6691,洋基工程,607.0,623.0,607.0,608.0,-,5.0,246634,151185369.0,-42088,4000,5370,116065,9000,8487,158153,5000,3117
20260915,2236,百達-KY,118.0,120.0,116.0,118.0,-,2.0,314246,36958800.0,-30000,0,-3000,42000,0,15000,72000,0,18000
20260915,1533,車王電,30.8,30.8,29.9,29.95,-,0.35,81172,2438408.0,-34000,0,1000,9000,0,1000,43000,0,0
20260915,4426,利勤,7.5,7.6,7.45,7.47,-,0.09,109179,820056.0,-28000,0,-5000,8000,0,4000,36000,0,9000
20260915,9908,大台北,29.1,29.1,28.95,29.0,+,0.05,90067,2610975.0,-40000,0,6999,8000,0,7000,48000,0,1
20260915,6216,居易,19.6,19.6,19.25,19.3,-,0.3,120867,2344080.0,-35000,0,1353,7000,0,3000,42000,0,1647
20260915,2534,宏盛,16.65,16.95,16.65,16.7,-,0.05,213067,3567488.0,-41002,0,6999,87000,0,7000,128002,0,1
20260915,6719,力智,183.0,184.0,179.0,179.0,-,3.5,285019,51465599.0,-11000,-15000,-8111,79000,0,2000,90000,15000,10111
20260915,3563,牧德,649.0,656.0,639.0,643.0,-,2.0,236655,152946386.0,-23000,-11000,-249,99000,0,8678,122000,11000,8927
20260915,8404,百和興業-KY,13.9,13.9,13.65,13.65,-,0.25,427126,5875074.0,-37000,0,2675,147000,0,5000,184000,0,2325
20260915,8374,羅昇,76.1,77.2,76.0,76.0,-,1.2,124293,9519692.0,-18000,0,-16500,34000,0,1000,52000,0,17500
20260915,3588,通嘉,51.3,51.5,50.6,50.6,-,0.7,77169,3935254.0,-34713,0,-241,14293,0,2000,49006,0,2241
20260915,2701,萬企,10.3,10.3,10.25,10.3,,0.0,60709,624691.0,-35000,0,0,0,0,0,35000,0,0
20260915,2431,聯昌,9.96,10.0,9.7,9.76,-,0.2,206137,2035960.0,-35000,0,0,2000,0,1000,37000,0,1000
20260915,1219,福壽,11.25,11.35,11.15,11.2,-,0.05,191741,2152457.0,-39000,0,4000,67000,0,4000,106000,0,0
20260915,1337,再生-KY,4.48,4.48,4.39,4.39,-,0.09,269204,1188102.0,-35000,0,0,23000,0,0,58000,0,0
20260915,2028,威致,15.65,15.65,15.4,15.6,-,0.05,65002,1010430.0,-42000,0,7000,7000,0,7000,49000,0,0
20260915,4551,智伸科,155.0,156.5,153.5,153.5,-,2.5,269290,41715597.0,-26040,0,-9251,111155,0,0,137195,0,9251
20260915,6695,芯鼎,45.95,46.45,45.6,45.6,-,0.4,225604,10367049.0,-36202,0,620,66000,0,1000,102202,0,380
20260915,6890,來億-KY,148.0,149.5,147.0,148.5,+,1.0,157125,23366415.0,-527,-38000,2588,72473,0,4693,73000,38000,2105
20260915,3416,融程電,162.0,163.0,160.0,160.0,-,1.0,106860,17216328.0,-36000,0,1,29000,0,2000,65000,0,1999
20260915,6277,宏正,76.1,77.4,76.0,76.3,-,0.2,117501,9008831.0,-37000,0,1000,57000,0,7000,94000,0,6000
20260915,3015,全漢,51.0,51.6,50.6,50.6,-,1.4,356508,18215307.0,-31000,0,-5323,88000,0,6000,119000,0,11323
20260915,3013,晟銘電,81.5,83.2,81.5,81.5,-,1.3,634971,52159519.0,-32339,13000,-17180,207884,13000,11000,240223,0,28180
20260915,3622,洋華,44.95,45.4,44.75,44.8,+,0.15,203040,9142586.0,-33850,0,-3000,98150,0,1000,132000,0,4000
20260915,4935,茂林-KY,31.85,31.85,30.65,30.95,-,0.9,118973,3683231.0,-39000,0,2000,21000,0,2000,60000,0,0
20260915,2397,友通,59.4,60.0,59.0,59.0,-,0.7,136367,8114192.0,-48000,0,11000,25000,0,11000,73000,0,0
20260915,1471,首利,9.5,9.5,9.3,9.3,-,0.2,114788,1075611.0,-37000,0,0,3000,0,0,40000,0,0
20260915,7821,神數,38.6,38.65,38.3,38.6,-,0.1,75390,2902287.0,-38000,0,1000,4000,0,1000,42000,0,0
20260915,6873,泓德能源,68.9,68.9,67.0,67.1,-,0.9,156299,10581100.0,-42014,0,5000,51086,0,6000,93100,0,1000
20260915,6215,和椿,96.3,97.6,95.7,95.7,-,0.5,346228,33487499.0,-34001,0,-3147,102000,0,492,136001,0,3639
20260915,1414,東和,17.65,17.65,17.2,17.2,-,0.4,102554,1776375.0,-45167,0,8000,6000,0,8000,51167,0,0
20260915,8162,微矽電子-創,59.0,59.7,58.1,58.8,-,1.6,96728,5681576.0,-35000,0,-2263,9000,0,5000,44000,0,7263
20260915,6830,汎銓,553.0,561.0,532.0,532.0,-,24.0,1006110,548228686.0,-24154,-5000,-8428,272326,0,10338,296480,5000,18766
20260915,6283,淳安,18.2,18.3,17.85,18.05,-,0.25,155366,2800757.0,-38000,0,0,2000,0,1000,40000,0,1000
20260915,1783,和康生,36.5,36.5,36.2,36.2,-,0.2,56653,2060174.0,-22000,0,-16000,1000,0,2000,23000,0,18000
20260915,4942,嘉彰,31.55,31.75,31.15,31.4,-,0.3,107824,3379613.0,-40000,0,1395,1000,0,2000,41000,0,605
20260915,6799,來頡,78.3,78.3,77.3,77.5,-,1.2,82153,6397525.0,-38000,0,-619,7000,0,0,45000,0,619
20260915,1524,耿鼎,25.85,25.95,25.8,25.8,-,0.05,117411,3037829.0,-38840,0,0,5160,0,0,44000,0,0
20260915,5234,達興材料,285.0,286.0,281.0,282.5,,0.0,146939,41634377.0,-18000,-15000,-5851,48000,0,5000,66000,15000,10851
20260915,6415,矽力*-KY,414.0,417.5,403.0,406.0,-,8.0,2869603,1172564950.0,-16927,-6000,-16316,1573757,4000,30412,1590684,10000,46728
20260915,6438,迅得,144.5,145.0,142.5,142.5,-,1.5,160313,23001239.0,-30672,0,-9816,29328,0,800,60000,0,10616
20260915,3669,圓展,32.3,32.4,32.0,32.0,-,0.35,79060,2542760.0,-40581,0,0,7419,0,0,48000,0,0
20260915,6117,迎廣,62.2,62.2,60.8,61.0,-,0.1,142267,8698478.0,-10810,0,-30296,38190,0,1000,49000,0,31296
20260915,2497,怡利電,43.05,43.65,42.85,42.95,-,0.1,155751,6708800.0,-39155,0,-2000,44000,0,0,83155,0,2000
20260915,2704,國賓,45.6,45.6,44.95,44.95,-,0.65,47671,2155697.0,-42000,0,0,3000,0,0,45000,0,0
20260915,2433,互盛電,40.6,40.6,40.0,40.25,-,0.6,77767,3131905.0,-43000,0,1000,5000,0,1000,48000,0,0
20260915,6205,詮欣,60.8,61.3,60.0,60.2,-,0.6,136002,8228845.0,-42964,0,548,33000,0,2000,75964,0,1452
20260915,00730,富邦臺灣優質高息,28.01,28.19,27.95,28.19,-,0.03,183731,5157858.0,-123965,0,81489,1035,0,91000,125000,0,9511
20260915,5284,jpp-KY,295.0,301.5,290.0,290.0,-,7.0,207016,61053344.0,-35617,0,-7178,56383,0,4348,92000,0,11526
20260915,2524,京城,33.9,33.9,33.3,33.3,-,0.7,88830,2978388.0,-44000,0,1000,8000,0,1000,52000,0,0
20260915,6831,邁科,539.0,546.0,512.0,513.0,-,28.0,532270,280823899.0,8475,-21000,-31323,212475,5000,2423,204000,26000,33746
20260915,5607,遠雄港,51.9,52.7,51.8,52.5,+,0.4,489041,25526994.0,-9000,-35000,0,331000,0,0,340000,35000,0
20260915,4532,瑞智,23.4,23.5,23.35,23.35,-,0.05,308610,7226758.0,-88000,17383,25971,121000,17383,26000,209000,0,29
20260915,2101,南港,30.05,30.3,29.95,30.0,-,0.15,843126,25366601.0,-55656,0,11000,372062,0,14000,427718,0,3000
20260915,3052,夆典,10.3,10.3,10.15,10.2,-,0.05,264661,2705713.0,-45000,0,0,5000,0,0,50000,0,0
20260915,3312,弘憶股,47.5,47.8,46.7,46.7,-,0.7,287469,13578190.0,-41000,0,-4005,96000,0,3000,137000,0,7005
20260915,1609,大亞,37.7,37.7,37.2,37.2,-,0.1,1529214,57176698.0,28886,-64000,-10053,503000,0,15022,474114,64000,25075
20260915,2072,世紀風電,128.0,129.5,127.5,127.5,-,0.5,157128,20137997.0,-45619,0,0,41431,0,0,87050,0,0
20260915,2062,橋椿,18.15,18.15,18.0,18.0,-,0.15,88301,1592033.0,-50001,0,4000,3049,0,4000,53050,0,0
20260915,2227,裕日車,46.55,46.6,45.5,45.6,-,0.95,114872,5259225.0,-49356,0,3000,6000,0,3000,55356,0,0
20260915,1582,信錦,70.0,70.6,69.1,69.1,-,0.9,275233,19135010.0,-85980,0,39061,46020,0,52123,132000,0,13062
20260915,2387,精元,36.1,36.3,35.9,36.1,,0.0,121236,4365908.0,-70000,12053,11000,13000,12053,11000,83000,0,0
20260915,4770,上品,226.5,226.5,219.0,220.0,-,4.5,292874,64908364.0,-43999,-1000,-3930,91001,0,4000,135000,1000,7930
20260915,3004,豐達科,115.0,116.0,114.0,114.0,-,1.5,184882,21254736.0,-9000,-40000,-278,59000,0,5000,68000,40000,5278
20260915,6414,樺漢,373.5,377.5,369.5,369.5,-,2.0,882570,328948535.0,-93033,35000,8657,549967,40000,15000,643000,5000,6343
20260915,3528,安馳,81.5,81.5,77.0,80.4,-,0.9,213618,17093377.0,-53000,0,3000,39000,0,4000,92000,0,1000
20260915,2491,吉祥全,40.15,40.7,39.7,39.95,+,0.45,628740,25172570.0,-41141,0,-9000,217174,0,6000,258315,0,15000
20260915,3321,同泰,17.2,17.75,16.8,16.8,-,0.2,139415,2382776.0,-52000,0,1000,23000,0,2000,75000,0,1000
20260915,8104,錸寶,29.6,29.75,28.9,28.9,-,0.75,290666,8510146.0,-51000,0,0,32000,0,0,83000,0,0
20260915,8429,金麗-KY,5.93,5.93,5.88,5.88,-,0.04,170626,1008242.0,-52000,0,0,3000,0,0,55000,0,0
20260915,6184,大豐電,39.7,39.75,39.4,39.55,-,0.25,200792,7937196.0,-52000,0,0,12000,0,0,64000,0,0
20260915,2706,第一店,12.15,12.15,12.1,12.1,-,0.05,67560,820599.0,-52000,0,0,0,0,0,52000,0,0
20260915,8016,矽創,277.0,278.0,274.0,274.0,-,3.0,388121,106837259.0,-61000,10000,-1617,256000,10000,1000,317000,0,2617
20260915,6863,永道-KY,92.7,94.8,91.4,92.9,,0.0,109926,10166310.0,-53000,0,0,20000,0,0,73000,0,0
20260915,1527,鑽全,32.3,32.35,32.1,32.2,-,0.1,130444,4202413.0,-54091,0,0,6000,0,0,60091,0,0
20260915,6753,龍德造船,131.0,132.5,130.0,130.0,-,3.0,451999,59141738.0,-32995,0,-21217,19105,0,10000,52100,0,31217
20260915,6164,華興,11.1,11.35,11.05,11.05,-,0.05,215445,2402451.0,-53900,0,-2000,23100,0,0,77000,0,2000
20260915,6142,友勁,8.88,8.88,8.63,8.7,-,0.08,244312,2121463.0,-58000,0,2000,36000,0,2000,94000,0,0
20260915,1733,五鼎,30.4,30.5,29.85,29.9,-,0.45,114872,3457518.0,-56001,0,0,1000,0,0,57001,0,0
20260915,4590,富田-創,88.0,88.7,86.8,86.8,-,1.5,225421,19769311.0,-56000,0,-376,19000,0,2000,75000,0,2376
20260915,3046,建碁,52.5,52.6,51.9,52.2,+,0.3,126639,6618153.0,-59000,0,2479,9000,0,4000,68000,0,1521
20260915,1723,中碳,81.8,81.8,81.2,81.3,-,0.6,274991,22396998.0,-57000,0,-627,148000,0,3000,205000,0,3627
20260915,7780,大研生醫*,16.1,16.15,16.0,16.05,-,0.05,602925,9679680.0,-54000,0,-4214,186000,0,0,240000,0,4214
20260915,00936,台新永續高息中小,21.01,21.08,20.88,20.89,,0.0,549394,11513025.0,29000,0,-87357,96000,0,131000,67000,0,218357
20260915,6969,成信實業*-創,32.1,32.8,31.7,32.2,-,0.45,157126,5058517.0,-47000,0,-11495,21000,0,4104,68000,0,15599
20260915,2543,皇昌,37.5,37.8,37.35,37.35,-,0.25,525134,19705669.0,-6359,-51000,-1200,216091,0,8000,222450,51000,9200
20260915,3037,欣興,969.0,986.0,951.0,951.0,-,19.0,9646657,9352140641.0,-387537,347600,-19617,3423414,405600,152393,3810951,58000,172010
20260915,2612,中航,63.9,63.9,61.3,61.5,-,2.4,594852,37012855.0,-13365,0,-46327,211635,0,148,225000,0,46475
20260915,2850,新產,156.0,156.0,155.0,155.5,-,0.5,150623,23416677.0,-58240,0,-2235,16000,0,12000,74240,0,14235
20260915,1447,力鵬,6.43,6.43,6.3,6.31,-,0.12,736501,4666289.0,-60620,0,0,147000,0,0,207620,0,0
20260915,2606,裕民,75.7,76.0,73.9,74.6,-,1.6,4503726,336394051.0,-317229,388000,-132105,1765716,607000,57258,2082945,219000,189363
20260915,0051,元大中型100,142.95,143.05,141.0,141.0,-,2.45,120538,17107298.0,-971,0,-60730,1030,0,39000,2001,0,99730
20260915,1604,聲寶,23.4,23.45,23.3,23.35,-,0.05,280935,6554809.0,-68000,0,6000,34000,0,6000,102000,0,0
20260915,6477,安集,33.9,34.15,33.5,33.5,-,0.55,292810,9878385.0,-63000,0,1000,19000,0,1000,82000,0,0
20260915,1419,新紡,66.5,66.5,64.9,65.9,-,0.6,128424,8414864.0,-14038,-49000,1000,32000,0,3000,46038,49000,2000
20260915,2453,凌群,54.7,55.3,53.2,53.6,-,1.7,1042773,56467950.0,-63769,0,1000,215231,0,2000,279000,0,1000
20260915,6206,飛捷,136.5,140.5,136.0,137.0,+,1.0,679676,93684457.0,-64702,0,1805,288285,0,7755,352987,0,5950
20260915,6937,天虹,282.5,287.0,277.5,277.5,-,6.0,274117,76901106.0,-53963,0,-9144,86037,0,6016,140000,0,15160
20260915,2528,皇普,19.7,19.7,19.3,19.5,+,0.1,221913,4307090.0,13000,15877,-92000,84000,15877,0,71000,0,92000
20260915,6515,穎崴,6600.0,6725.0,6305.0,6310.0,-,290.0,362102,2339419480.0,4638,-67000,-1150,139215,0,31248,134577,67000,32398
20260915,2360,致茂,2100.0,2155.0,2075.0,2080.0,-,60.0,985458,2071207415.0,-73294,-12847,21305,567154,153,41529,640448,13000,20224
20260915,2033,佳大,26.7,27.05,25.45,25.5,-,1.15,768559,20013768.0,-64985,0,0,208401,0,0,273386,0,0
20260915,2440,太空梭,13.8,13.95,13.65,13.8,-,0.15,214588,2954653.0,-66000,0,1000,5000,0,1000,71000,0,0
20260915,7769,鴻勁,6255.0,6285.0,6105.0,6135.0,-,170.0,420235,2599127605.0,-60515,-3000,-1579,225646,3000,20403,286161,6000,21982
20260915,00692,富邦公司治理,91.9,92.05,91.3,91.35,-,0.55,589641,54002972.0,-192935,0,127166,34065,0,340740,227000,0,213574
20260915,2546,根基,103.5,106.0,102.5,105.5,+,3.5,238982,25031858.0,-61796,0,-4000,75424,0,0,137220,0,4000
20260915,1713,國化,42.7,42.8,42.05,42.05,-,0.45,440957,18734712.0,-65931,0,0,34070,0,0,100001,0,0
20260915,6834,天二科技,98.2,102.0,97.0,97.1,-,1.1,5641078,559533265.0,-44838,0,-21347,1672312,0,11870,1717150,0,33217
20260915,1460,宏遠,6.42,6.42,6.26,6.28,-,0.14,386923,2444725.0,-67000,0,0,8000,0,0,75000,0,0
20260915,5531,鄉林,7.05,7.12,7.0,7.03,-,0.05,407551,2868866.0,-67000,0,0,118000,0,0,185000,0,0
20260915,00904,台新臺灣半導體30,40.6,40.61,40.1,40.14,-,0.48,547390,22123415.0,-365000,0,297877,5000,0,383020,370000,0,85143
20260915,2636,台驊控股,69.8,69.8,68.9,69.2,-,0.5,233086,16130195.0,-66080,0,-1241,71100,0,1000,137180,0,2241
20260915,4720,德淵,18.2,18.25,17.85,17.9,-,0.35,348727,6271081.0,-67585,0,-102,58420,0,0,126005,0,102
20260915,6742,澤米,45.95,45.95,44.2,44.2,-,1.3,245117,10970746.0,-67950,0,0,55050,0,0,123000,0,0
20260915,1459,聯發,15.35,15.5,15.35,15.35,+,0.1,172508,2669867.0,-68000,0,0,10000,0,0,78000,0,0
20260915,8021,尖點,442.5,445.0,428.0,431.5,-,11.0,563545,244590378.0,-92465,13000,10564,151266,13000,11564,243731,0,1000
20260915,2849,安泰銀,15.7,15.85,15.55,15.75,-,0.25,211497,3313437.0,-69000,0,0,65000,0,0,134000,0,0
20260915,7765,中華資安,255.0,260.0,235.0,235.0,-,5.0,2000032,501189484.0,-52000,0,-17159,264000,0,0,316000,0,17159
20260915,1598,岱宇,20.4,20.4,20.0,20.1,-,0.3,132445,2667805.0,-72860,0,3000,7140,0,3000,80000,0,0
20260915,3543,州巧,42.1,42.7,42.0,42.0,-,0.05,424798,17957681.0,-70000,0,0,128000,0,0,198000,0,0
20260915,1907,永豐餘,29.0,29.15,28.8,28.85,-,0.15,561160,16222958.0,-120700,13578,37000,285300,13578,37000,406000,0,0
20260915,5515,建國,49.25,49.7,48.35,48.4,-,1.05,326001,15932977.0,-69158,0,-1437,114106,0,12532,183264,0,13969
20260915,00965,元大航太防衛科技,25.23,25.23,24.88,24.99,-,0.24,635709,15875892.0,-52000,0,-19199,18000,0,257000,70000,0,276199
20260915,4526,東台,30.25,30.25,29.7,29.8,-,0.3,882665,26381108.0,-69000,0,-3144,249000,0,3000,318000,0,6144
20260915,1532,勤美,22.5,22.7,22.3,22.3,-,0.25,315519,7081263.0,-77000,0,4000,37000,0,4000,114000,0,0
20260915,1417,嘉裕,8.12,8.14,7.96,7.98,-,0.1,315338,2524601.0,-73000,0,0,1000,0,0,74000,0,0
20260915,3051,力特,21.45,21.5,20.9,20.9,-,0.4,354649,7494082.0,-72760,0,-306,66240,0,0,139000,0,306
20260915,1473,台南,19.7,19.95,19.55,19.65,-,0.1,164728,3236519.0,-74000,0,0,38000,0,0,112000,0,0
20260915,9924,福興,38.0,38.0,37.6,37.7,-,0.3,145334,5486100.0,-75000,0,1000,10000,0,1000,85000,0,0
20260915,8215,明基材,25.0,25.0,24.5,24.5,-,0.45,316404,7794734.0,-76000,0,1902,92000,0,4000,168000,0,2098
20260915,2413,環科,49.2,51.2,47.5,48.2,-,2.4,3950916,193916576.0,-76000,0,645,557000,0,11000,633000,0,10355
20260915,3607,谷崧,13.55,13.6,13.45,13.55,,0.0,145208,1959574.0,-76000,0,0,3000,0,0,79000,0,0
20260915,6191,精成科,82.1,83.4,81.0,81.0,-,1.0,919848,75561420.0,-1836,-67000,-7512,354164,0,13468,356000,67000,20980
20260915,8476,台境*,19.3,19.5,19.05,19.5,-,0.2,232621,4489428.0,-76411,0,0,55000,0,0,131411,0,0
20260915,3413,京鼎,276.0,277.5,274.0,274.0,-,1.5,404311,111388385.0,-74000,0,-2457,177000,0,2200,251000,0,4657
20260915,3026,禾伸堂,744.0,749.0,721.0,726.0,-,5.0,6230611,4588217854.0,-263093,176000,10340,1826619,179000,82678,2089712,3000,72338
20260915,8103,瀚荃,111.0,116.5,111.0,114.0,+,1.0,1820514,207928627.0,-81293,0,4367,549339,0,27105,630632,0,22738
20260915,1218,泰山,14.3,14.3,14.15,14.25,-,0.05,408681,5811349.0,-86000,0,6953,114000,0,7000,200000,0,47
20260915,2439,美律,78.3,78.5,76.6,76.6,-,0.7,920480,71330995.0,-72627,0,-6938,372029,0,5000,444656,0,11938
20260915,2630,亞航,47.8,48.1,46.25,46.25,-,1.9,778426,36642374.0,-37253,0,-42784,98040,0,0,135293,0,42784
20260915,5907,大洋-KY,4.83,4.84,4.74,4.82,+,0.06,244122,1171837.0,-81000,0,0,11000,0,0,92000,0,0
20260915,4927,泰鼎-KY,41.15,41.5,40.05,40.05,-,1.1,1538858,62361431.0,-85035,0,3591,539965,0,6000,625000,0,2409
20260915,1612,宏泰,34.7,34.8,34.5,34.5,-,0.2,317949,10996178.0,-98000,0,16526,81000,0,24000,179000,0,7474
20260915,2608,嘉里大榮,28.65,28.65,28.5,28.6,-,0.15,112075,3197943.0,-88000,0,5959,14000,0,6000,102000,0,41
20260915,3443,創意,6400.0,6455.0,6035.0,6035.0,-,365.0,2199061,13618376645.0,-197458,103000,11917,663024,112000,80466,860482,9000,68549
20260915,3533,嘉澤,1590.0,1590.0,1520.0,1520.0,-,70.0,746610,1154809165.0,-47619,-6100,-30022,359145,0,52302,406764,6100,82324
20260915,6885,全福生技,28.0,28.0,26.6,26.6,-,1.0,578526,15710208.0,-81920,0,-3000,101080,0,2000,183000,0,5000
20260915,00913,兆豐台灣晶圓製造,48.11,48.3,47.47,47.47,-,0.65,872750,41697551.0,-372000,0,285673,94000,0,457000,466000,0,171327
20260915,1618,合機,38.7,38.85,38.45,38.45,-,0.25,185429,7154245.0,-86164,0,-1037,17000,0,0,103164,0,1037
20260915,2611,志信,13.95,14.15,13.95,14.0,+,0.15,427341,5996139.0,-87774,0,0,31226,0,0,119000,0,0
20260915,2357,華碩,930.0,933.0,908.0,928.0,-,6.0,2598522,2391372023.0,-295469,237700,-31798,1242381,271700,124100,1537850,34000,155898
20260915,8411,福貞-KY,12.7,12.75,12.55,12.75,+,0.1,129927,1642293.0,-19000,0,-71000,3000,0,0,22000,0,71000
20260915,6136,富爾特,24.6,24.8,24.2,24.6,-,0.15,347077,8524259.0,-92930,0,1000,31070,0,1000,124000,0,0
20260915,6533,晶心科,232.0,234.0,224.0,224.5,-,7.5,612997,139686696.0,-90000,0,-2213,94000,0,14071,184000,0,16284
20260915,2017,官田鋼,8.64,8.72,8.58,8.62,-,0.05,340434,2935309.0,-95704,0,3000,32000,0,4000,127704,0,1000
20260915,1308,亞聚,14.05,14.1,13.85,13.9,-,0.25,1101680,15343433.0,-93676,0,500,400324,0,8000,494000,0,7500
20260915,2913,農林,10.9,10.95,10.85,10.95,,0.0,651398,7102519.0,-115537,0,22000,128463,0,22000,244000,0,0
20260915,3545,敦泰,49.8,49.8,48.3,48.45,-,0.6,415935,20356473.0,-93636,0,-79,109000,0,3000,202636,0,3079
20260915,2838,聯邦銀,21.5,21.65,21.25,21.45,-,0.15,1711368,36602048.0,-215767,4000,118000,859776,5000,126000,1075543,1000,8000
20260915,00690,兆豐藍籌30,77.65,78.3,77.15,77.2,-,1.0,410759,31866574.0,-2000,0,-91925,39000,0,229000,41000,0,320925
20260915,3515,華擎,202.5,204.0,201.0,201.0,-,2.0,291043,58736749.0,-75000,0,-20431,75000,0,1000,150000,0,21431
20260915,2511,太子,8.4,8.4,8.33,8.37,-,0.03,480766,4015501.0,-121000,0,25000,127000,0,25000,248000,0,0
20260915,1514,亞力,100.0,101.5,99.6,99.6,-,0.4,595972,59671528.0,-72012,-20000,-4295,195761,0,3949,267773,20000,8244
20260915,4739,康普,77.4,77.8,76.0,76.0,-,1.3,555466,42611725.0,-80000,0,-16917,113000,0,4105,193000,0,21022
20260915,1110,東泥,15.65,15.65,15.4,15.4,-,0.15,523661,8091819.0,-76000,0,-21000,24000,0,0,100000,0,21000
20260915,6781,AES-KY,998.0,1010.0,982.0,982.0,-,16.0,313842,311997726.0,-95617,7000,-9461,62339,7000,21382,157956,0,30843
20260915,2852,第一保,27.95,27.95,27.7,27.75,-,0.2,261957,7289573.0,-98337,0,0,33663,0,0,132000,0,0
20260915,2421,建準,163.5,163.5,158.0,158.0,-,5.0,2719238,435068128.0,45366,-11000,-134275,1038252,33000,14104,992886,44000,148379
20260915,3694,海華,49.8,49.8,48.5,48.5,-,0.7,387294,18973918.0,-97000,0,-4000,50000,0,0,147000,0,4000
20260915,1737,臺鹽,30.45,30.5,30.3,30.4,-,0.05,235619,7158497.0,-67000,0,-34000,42000,0,0,109000,0,34000
20260915,2392,正崴,41.6,42.25,41.1,41.1,-,0.4,1985053,82419547.0,42872,-100000,-44381,1272872,0,30500,1230000,100000,74881
20260915,00912,中信臺灣智慧50,34.68,34.8,34.45,34.45,-,0.29,378996,13121686.0,-93965,0,-9348,12035,0,201000,106000,0,210348
20260915,2258,鴻華先進-創,29.9,30.25,29.8,30.05,-,0.05,286831,8605811.0,-110000,0,6302,67000,0,21000,177000,0,14698
20260915,9917,中保科,106.0,106.0,105.5,106.0,-,0.5,336597,35575602.0,-90880,-22000,9000,58120,40000,9000,149000,62000,0
20260915,3032,偉訓,71.0,71.7,69.9,70.5,-,0.3,310804,21914289.0,-107000,0,2761,21000,0,9000,128000,0,6239
20260915,8261,富鼎,166.5,172.0,164.5,165.0,-,1.5,1836022,308427092.0,-60320,0,-44224,526680,0,10853,587000,0,55077
20260915,6962,奕力-KY,30.9,31.0,30.55,30.55,-,0.2,720664,22131339.0,-103000,0,-2228,239000,0,559,342000,0,2787
20260915,2390,云辰,9.98,10.1,9.94,9.94,-,0.01,239914,2399523.0,-105800,0,0,22000,0,0,127800,0,0
20260915,2022,聚亨,7.3,7.3,7.12,7.19,-,0.09,310625,2229853.0,-106000,0,0,0,0,0,106000,0,0
20260915,1710,東聯,15.95,16.1,15.6,15.7,-,0.35,3352053,52966806.0,-86273,0,-20050,1305776,0,24000,1392049,0,44050
20260915,3090,日電貿,162.0,166.0,159.0,159.0,-,4.5,2541717,411827648.0,-123446,49000,-32534,735554,49000,17647,859000,0,50181
20260915,3535,晶彩科,82.6,83.3,81.1,81.1,-,1.5,303185,24917610.0,-112000,0,2557,69000,0,8252,181000,0,5695
20260915,3027,盛達,17.7,17.85,17.4,17.55,-,0.15,167679,2954314.0,-111000,0,863,17000,0,1000,128000,0,137
20260915,6909,創控,41.8,41.8,40.25,40.35,-,1.45,379125,15528211.0,-109835,0,-449,71165,0,0,181000,0,449
20260915,2485,兆赫,38.7,38.75,37.55,37.55,-,0.95,1328003,50567838.0,-91176,0,-20174,349824,0,16470,441000,0,36644
20260915,2365,昆盈,27.8,27.85,27.05,27.1,-,0.7,781512,21434762.0,-113000,0,0,198000,0,0,311000,0,0
20260915,6449,鈺邦,214.0,219.5,208.5,209.5,-,5.0,1204011,256762671.0,606022,-718000,-1740,769167,0,10102,163145,718000,11842
20260915,1313,聯成,11.7,11.95,11.65,11.8,+,0.05,1678846,19717261.0,-145422,0,30994,530927,0,60000,676349,0,29006
20260915,2536,宏普,19.5,19.5,19.1,19.1,-,0.35,438700,8444797.0,-125000,0,10000,150000,0,10000,275000,0,0
20260915,9946,三發地產,16.9,16.9,16.6,16.7,-,0.2,224867,3760690.0,-110000,0,-5000,17000,0,0,127000,0,5000
20260915,6854,錼創科技-KY創,88.3,89.8,87.2,87.4,-,1.8,212464,18762702.0,-117747,0,1860,31000,0,20000,148747,0,18140
20260915,3135,凌航,161.0,161.0,158.0,158.5,-,0.5,482885,76855636.0,-116000,0,9,82000,0,4000,198000,0,3991
20260915,8110,華東,41.7,41.7,40.5,40.5,-,1.0,1901645,78076929.0,-106060,0,-11089,550140,0,19000,656200,0,30089
20260915,00907,永豐優息存股,17.83,17.83,17.66,17.69,-,0.18,690046,12228295.0,-231000,0,113836,1000,0,301000,232000,0,187164
20260915,8213,志超,33.0,33.15,32.25,32.3,-,0.55,268725,8775660.0,-122000,0,2997,59000,0,3000,181000,0,3
20260915,2506,太設,8.55,8.59,8.52,8.57,-,0.01,146181,1253076.0,-121000,0,0,2000,0,0,123000,0,0
20260915,2029,盛餘,20.9,20.9,20.6,20.65,-,0.2,326731,6759473.0,-128000,0,6773,61000,0,7000,189000,0,227
20260915,1201,味全,12.0,12.05,11.95,12.05,+,0.05,357441,4286534.0,-131000,0,7000,81000,0,7000,212000,0,0
20260915,3715,定穎投控,120.5,123.5,119.0,119.5,-,1.0,3599210,436268672.0,-21551,0,-103256,1690449,0,21277,1712000,0,124533
20260915,4916,事欣科,94.1,94.1,92.3,92.3,-,1.6,684396,63754016.0,-118000,0,-8968,55000,0,2060,173000,0,11028
20260915,9925,新保,39.4,39.55,39.35,39.45,+,0.05,274170,10812129.0,-134000,0,5990,66000,0,6000,200000,0,10
20260915,1455,集盛,9.7,9.72,9.59,9.6,-,0.1,470308,4534551.0,-141000,0,12669,72000,0,14000,213000,0,1331
20260915,2377,微星,150.5,151.0,148.0,148.0,-,2.5,3410222,508851812.0,159803,-65000,-223339,1566286,8000,67170,1406483,73000,290509
20260915,3701,大眾控,39.85,40.0,38.8,38.8,-,1.0,335733,13219094.0,-128816,0,-2,34184,0,0,163000,0,2
20260915,2025,千興,12.15,12.2,11.85,11.85,-,0.45,392957,4718210.0,-125905,0,-3000,41100,0,0,167005,0,3000
20260915,4934,太極,13.4,13.5,13.2,13.2,-,0.3,297752,3971798.0,-131000,0,0,20000,0,0,151000,0,0
20260915,6949,沛爾生醫*-創,54.8,56.0,51.0,51.4,-,4.4,7426041,394575528.0,-139805,0,8075,2202815,0,110593,2342620,0,102518
20260915,2032,新鋼,16.6,16.85,16.25,16.85,+,0.2,300586,4966866.0,-133000,0,-1846,12000,0,1000,145000,0,2846
20260915,5285,界霖,86.5,87.4,83.4,83.4,-,4.1,1199764,101969987.0,-140755,0,3680,422995,0,4000,563750,0,320
20260915,3717,聯嘉投控,21.1,21.1,20.9,21.0,-,0.1,470577,9885120.0,-142000,0,4576,65000,0,5000,207000,0,424
20260915,4956,光鋐,33.1,33.4,32.05,32.05,-,1.35,1010476,32928913.0,-137000,0,-488,240000,0,1000,377000,0,1488
20260915,1707,葡萄王,87.2,87.2,86.2,86.3,-,0.8,345389,29923003.0,-142626,0,4834,58000,0,14000,200626,0,9166
20260915,2104,國際中橡,10.3,10.35,10.25,10.3,,0.0,823029,8466306.0,-87000,0,-51000,188000,0,11000,275000,0,62000
20260915,1560,中砂,746.0,752.0,735.0,735.0,-,18.0,702383,521683961.0,-139752,-1000,2117,236000,2000,15791,375752,3000,13674
20260915,00911,兆豐洲際半導體,50.9,50.9,50.4,50.4,-,1.3,213284,10798348.0,-797,0,-137930,203,0,24000,1000,0,161930
20260915,4164,承業醫,25.35,25.45,25.1,25.4,+,0.05,316644,7995326.0,-126414,0,-14010,47000,0,6000,173414,0,20010
20260915,2038,海光,12.05,12.05,11.75,11.75,-,0.2,299531,3550746.0,-148000,0,7000,11000,0,7000,159000,0,0
20260915,3716,中化控股,33.9,33.9,33.6,33.7,-,0.15,220294,7426448.0,-141000,0,-1000,18000,0,0,159000,0,1000
20260915,2442,新美齊,14.5,14.6,14.35,14.45,-,0.15,1093630,15830688.0,-147000,0,4000,362000,0,4000,509000,0,0
20260915,6451,訊芯-KY,412.5,418.5,393.5,394.0,-,23.5,2301670,932434973.0,-137475,20000,-26996,668100,20000,34754,805575,0,61750
20260915,1611,中電,11.4,11.4,11.3,11.3,-,0.15,341988,3878296.0,-149732,0,5000,51000,0,5000,200732,0,0
20260915,8222,寶一,34.95,34.95,34.25,34.25,-,0.45,252099,8668331.0,-148980,0,2000,20020,0,2000,169000,0,0
20260915,3048,益登,50.2,50.3,49.4,49.4,-,0.8,669936,33338618.0,-153940,0,6451,163060,0,16000,317000,0,9549
20260915,1464,得力,10.0,10.0,9.9,9.96,+,0.01,492932,4900759.0,-169000,0,20000,5000,0,20000,174000,0,0
20260915,1316,上曜,10.7,10.7,10.4,10.4,-,0.3,1750884,18368195.0,-156800,0,5984,369200,0,7000,526000,0,1016
20260915,3665,貿聯-KY,1940.0,2020.0,1925.0,1980.0,+,25.0,2594783,5137595940.0,-197760,29000,17174,1180973,37000,127754,1378733,8000,110580
20260915,5469,瀚宇博,72.3,73.0,71.3,71.5,-,0.8,704295,50834096.0,-66646,-83000,-3000,308354,0,6000,375000,83000,9000
20260915,1103,嘉泥,13.1,13.1,12.95,13.0,-,0.05,365933,4764066.0,-161000,0,8000,76000,0,8000,237000,0,0
20260915,6689,伊雲谷,71.0,74.7,68.0,69.3,-,1.2,7763172,561585042.0,-153000,0,-157,1169000,0,7000,1322000,0,7157
20260915,3028,增你強,61.2,61.4,60.5,60.7,-,0.5,446467,27201160.0,-165000,8800,-667,118000,8800,5000,283000,0,5667
20260915,3708,上緯投控,96.1,97.2,95.4,95.4,-,1.5,237684,22857738.0,-159000,0,993,48000,0,3000,207000,0,2007
20260915,3035,智原,172.5,172.5,169.0,170.0,-,2.5,1298444,221704849.0,-63993,0,-95535,493668,0,27478,557661,0,123013
20260915,9911,櫻花,81.6,81.7,81.3,81.3,-,0.3,291881,23766004.0,-176000,11000,4000,18000,11000,16000,194000,0,12000
20260915,3041,揚智,22.5,22.65,21.95,21.95,-,0.4,516002,11450513.0,-161000,0,0,100000,0,0,261000,0,0
20260915,2538,基泰,8.68,8.68,8.59,8.63,-,0.04,633201,5459937.0,-163930,0,0,163070,0,0,327000,0,0
20260915,2465,麗臺,88.8,91.0,88.6,89.5,+,0.9,1093990,98095331.0,-163990,0,0,263090,0,1000,427080,0,1000
20260915,2634,漢翔,63.2,63.8,62.0,62.0,-,1.8,7430842,465803297.0,-30941,74000,-208039,973137,74000,104000,1004078,0,312039
20260915,1712,興農,40.05,40.05,39.65,39.9,,0.0,366057,14553366.0,-225209,37003,22515,86000,37003,23000,311209,0,485
20260915,1307,三芳,30.25,30.3,30.15,30.15,-,0.15,279688,8446988.0,-158000,0,-8597,21000,0,0,179000,0,8597
20260915,8072,陞泰,26.35,28.45,26.25,26.95,+,0.6,1107818,30443984.0,-168000,0,0,137000,0,3000,305000,0,3000
20260915,3437,榮創,17.95,17.95,17.5,17.5,-,0.3,471448,8329835.0,-169381,0,0,46000,0,0,215381,0,0
20260915,6024,群益期,60.8,60.9,60.3,60.5,-,0.6,239326,14488319.0,-172800,0,0,26000,0,0,198800,0,0
20260915,1519,華城,704.0,708.0,694.0,694.0,-,3.0,1232165,860137215.0,-28608,-116513,-29856,392504,487,23995,421112,117000,53851
20260915,9103,美德醫療-DR,4.99,5.04,4.96,4.96,,0.0,460315,2297516.0,-177000,0,-506,37000,0,0,214000,0,506
20260915,1104,環泥,26.85,26.85,26.6,26.65,-,0.2,413954,11044594.0,-217418,32000,7000,95000,32000,7000,312418,0,0
20260915,3583,辛耘,679.0,688.0,664.0,664.0,-,19.0,647457,437199601.0,-97407,-47000,-34567,136145,14000,31404,233552,61000,65971
20260915,5471,松翰,51.3,51.3,49.9,49.9,-,1.2,692885,34896971.0,-179000,0,-2335,86000,0,4000,265000,0,6335
20260915,2007,燁興,6.76,6.76,6.63,6.65,-,0.11,253053,1698994.0,-182000,0,0,0,0,0,182000,0,0
20260915,3550,聯穎,21.75,22.1,21.2,21.2,-,0.5,615041,13238286.0,-179887,0,-2530,91113,0,1000,271000,0,3530
20260915,2108,南帝,27.9,27.9,27.55,27.75,-,0.15,561831,15576116.0,-179514,0,-4972,117017,0,5000,296531,0,9972
20260915,2393,億光,62.5,62.5,61.6,61.7,-,0.8,516010,31935659.0,-250895,44537,21639,138000,44537,28000,388895,0,6361
20260915,2355,敬鵬,40.85,41.3,40.3,40.4,-,0.45,1165926,47427022.0,-104443,0,-80420,528000,0,25014,632443,0,105434
20260915,9939,宏全,125.5,126.0,124.5,125.5,-,0.5,820511,102737619.0,-99000,-25000,-61832,400000,0,12000,499000,25000,73832
20260915,6197,佳必琪,297.0,300.0,292.0,292.0,-,5.0,762733,225764938.0,-155980,-20000,-10685,105020,0,40092,261000,20000,50777
20260915,2208,台船,19.0,19.05,18.75,18.75,-,0.35,928659,17528575.0,-196000,0,9000,18000,0,9000,214000,0,0
20260915,8163,達方,29.6,29.8,29.05,29.05,-,0.65,617702,18121482.0,-189756,0,1987,113000,0,22000,302756,0,20013
20260915,8473,山林水,38.1,38.35,37.7,37.85,-,0.55,461515,17527349.0,-187000,0,-1000,68000,0,0,255000,0,1000
20260915,2405,輔信,14.7,14.85,14.6,14.65,-,0.05,497201,7315405.0,-188000,0,0,91000,0,0,279000,0,0
20260915,8271,宇瞻,202.0,203.0,198.5,199.5,-,2.5,1043149,209264495.0,-183094,0,-7715,213126,0,16000,396220,0,23715
20260915,2451,創見,276.0,276.5,271.5,273.0,-,1.0,1233606,336720249.0,-163770,-13600,-14478,516230,1400,9683,680000,15000,24161
20260915,2010,春源,21.8,21.8,21.5,21.55,-,0.25,544328,11766778.0,-199000,0,6815,74000,0,7000,273000,0,185
20260915,3209,全科,44.7,44.8,44.25,44.25,-,0.45,570765,25341721.0,-195000,0,1206,76000,0,2000,271000,0,794
20260915,4306,炎洲,14.65,14.65,14.4,14.4,-,0.25,720958,10442919.0,-232060,0,35000,63000,0,35000,295060,0,0
20260915,2362,藍天,46.55,46.65,46.25,46.25,-,0.4,613204,28433723.0,-212124,0,13812,168000,0,14000,380124,0,188
20260915,00943,兆豐電子高息等權,20.9,20.98,20.75,20.78,-,0.09,434227,9039812.0,-408000,0,208826,0,0,214000,408000,0,5174
20260915,2331,精英,18.75,18.9,18.5,18.5,-,0.2,728374,13567439.0,-206000,0,6734,184000,0,21000,390000,0,14266
20260915,7795,長廣,486.5,490.5,463.0,466.0,-,25.0,932332,443012486.0,-126647,-10000,-65007,220353,0,30000,347000,10000,95007
20260915,2254,巨鎧精密-創,70.9,74.4,70.9,73.1,+,2.3,1509097,110088563.0,-37000,0,-164866,308000,0,48134,345000,0,213000
20260915,1718,中纖,10.6,10.6,10.3,10.4,-,0.15,6493005,67740935.0,-150150,0,-59117,2276493,0,36000,2426643,0,95117
20260915,1227,佳格,28.3,28.35,28.1,28.15,-,0.15,475914,13417576.0,-130000,-92000,11955,123000,0,12000,253000,92000,45
20260915,00946,群益科技高息成長,15.07,15.07,14.96,14.96,-,0.11,912056,13665839.0,-488000,0,277676,28000,0,472365,516000,0,194689
20260915,6152,百一,15.45,15.45,15.0,15.05,-,0.15,1176163,17798549.0,-202415,0,-8000,157585,0,1000,360000,0,9000
20260915,2467,志聖,527.0,541.0,515.0,516.0,-,21.0,794077,417575613.0,-210144,1000,-7057,280520,1000,38862,490664,0,45919
20260915,2374,佳能,66.6,66.9,65.7,65.7,-,0.9,1326411,87741169.0,-142671,-54000,-20204,284302,0,6128,426973,54000,26332
20260915,3596,智易,153.0,156.0,153.0,155.0,+,2.5,869537,134624637.0,-225000,0,5060,202000,0,8483,427000,0,3423
20260915,2614,東森,17.8,17.9,17.7,17.7,-,0.1,444311,7882960.0,-220000,0,0,7000,0,0,227000,0,0
20260915,00920,富邦ESG綠色電力,24.0,24.14,23.96,23.96,-,0.47,330559,7957214.0,21000,0,-244384,35000,0,51053,14000,0,295437
20260915,1231,聯華食,79.8,79.8,79.2,79.3,-,0.7,381816,30376737.0,-190000,-42000,7832,22000,0,17000,212000,42000,9168
20260915,3050,鈺德,11.2,11.2,10.9,11.05,-,0.15,498124,5494289.0,-208000,0,-17000,24000,0,1000,232000,0,18000
20260915,2495,普安,37.2,38.5,36.45,36.45,-,0.85,1455835,54621838.0,-206648,0,-19813,348000,0,3000,554648,0,22813
20260915,2890,永豐金,44.8,45.2,44.1,44.55,-,0.25,26932735,1197474613.0,-3338525,3331000,-228350,18940567,3708000,381842,22279092,377000,610192
20260915,1305,華夏,11.95,11.95,11.7,11.7,-,0.2,1005203,11822889.0,-249687,0,7983,300000,0,10000,549687,0,2017
20260915,3062,建漢,20.4,20.4,20.1,20.25,-,0.15,848680,17177366.0,-238000,0,-3704,267000,0,4000,505000,0,7704
20260915,1809,中釉,36.9,37.15,36.0,36.0,-,1.0,778635,28378454.0,-244010,0,674,110000,0,9000,354010,0,8326
20260915,2458,義隆,126.5,127.0,125.0,125.0,-,1.5,724849,91146615.0,-63915,-174000,-8983,268085,0,10000,332000,174000,18983
20260915,3712,永崴投控,20.55,20.7,20.35,20.55,-,0.05,684780,14079371.0,-247415,0,0,137585,0,0,385000,0,0
20260915,8210,勤誠,887.0,903.0,873.0,874.0,-,12.0,852882,753211850.0,-268512,20000,979,216030,20000,60000,484542,0,59021
20260915,2923,鼎固-KY,23.85,24.15,23.0,23.0,-,1.35,327576,7654393.0,-241000,0,-7000,48000,0,11000,289000,0,18000
20260915,0053,元大電子,237.55,239.55,237.35,237.35,-,1.6,281948,67343867.0,-5925,0,-245826,1075,0,13000,7000,0,258826
20260915,1229,聯華,40.3,40.4,40.1,40.35,,0.0,1425646,57373683.0,-375387,90000,28401,483000,91000,40000,858387,1000,11599
20260915,4722,國精化,186.5,195.5,182.0,185.0,-,5.0,1243585,235000599.0,-243000,-16000,115,343000,0,8418,586000,16000,8303
20260915,5243,乙盛-KY,86.4,87.0,85.1,85.3,-,1.0,607190,52219793.0,-217000,0,-43211,117000,0,9178,334000,0,52389
20260915,9907,統一實,15.0,15.05,14.9,14.9,-,0.1,1312596,19628212.0,-84000,-184050,996,597000,49950,19000,681000,234000,18004
20260915,6426,統新,306.0,312.0,298.0,300.0,-,12.0,2409765,732174301.0,-243031,0,-29388,646141,0,10197,889172,0,39585
20260915,1808,潤隆,33.2,33.5,32.9,33.0,-,0.2,1211558,40198530.0,-267000,0,-8000,496000,0,0,763000,0,8000
20260915,2106,建大,16.55,16.6,16.45,16.6,+,0.05,707336,11691908.0,-366671,83000,7976,152000,83000,12000,518671,0,4024
20260915,1904,正隆,24.65,24.9,24.35,24.4,-,0.4,1308734,32138939.0,-80767,-192000,-3000,524238,0,28000,605005,192000,31000
20260915,00850,元大臺灣ESG永續,91.55,91.8,90.8,90.95,-,0.6,544177,49690185.0,-280783,0,4176,15217,0,162000,296000,0,157824
20260915,6153,嘉聯益,17.15,17.3,16.85,16.9,-,0.25,1389536,23635473.0,-252000,0,-25164,418000,0,22000,670000,0,47164
20260915,2383,台光電,5300.0,5365.0,5110.0,5115.0,-,230.0,1525730,7960468005.0,-176927,-99300,-1823,635206,1700,81099,812133,101000,82922
20260915,3010,華立,125.0,125.0,122.5,122.5,-,3.0,488994,60297270.0,-257000,-25000,2721,44000,0,6000,301000,25000,3279
20260915,3060,銘異,26.0,26.25,25.5,25.5,-,0.65,735525,18983551.0,-278555,0,-1226,112000,0,5000,390555,0,6226
20260915,2476,鉅祥,118.0,120.0,116.5,117.0,-,2.5,691939,81628793.0,-260364,0,-20316,171411,0,11071,431775,0,31387
20260915,4989,榮科,59.8,60.7,58.3,58.3,-,1.7,2251477,133696395.0,-276000,0,-4817,377000,0,6013,653000,0,10830
20260915,6176,瑞儀,93.4,94.5,91.6,92.0,-,1.6,1969799,182335666.0,-245759,-1000,-34806,770601,0,31440,1016360,1000,66246
20260915,8422,可寧衛*,26.15,26.2,25.8,25.95,-,0.15,4672298,121463964.0,-1091493,806000,-1000,1395507,1347000,42000,2487000,541000,43000
20260915,6257,矽格,210.0,214.5,207.5,207.5,-,2.5,2791002,587502209.0,-278153,-14000,4315,729847,9000,61451,1008000,23000,57136
20260915,6202,盛群,54.6,54.7,53.5,53.7,-,1.0,698267,37759297.0,-290950,0,1128,158050,0,5221,449000,0,4093
20260915,6668,中揚光,41.5,45.5,40.8,42.7,+,0.5,5594952,242525691.0,-290952,0,1000,1214048,0,1000,1505000,0,0
20260915,1503,士電,197.0,198.5,195.0,195.0,-,2.0,839563,164888917.0,-285364,7000,-14952,158124,12000,29000,443488,5000,43952
20260915,3058,立德,8.02,8.02,7.91,7.94,-,0.08,675087,5367858.0,-294000,0,0,2000,0,0,296000,0,0
20260915,1440,南紡,13.35,13.35,13.05,13.05,-,0.2,1700760,22385290.0,-18000,-252000,-27160,568000,0,21000,586000,252000,48160
20260915,2520,冠德,36.7,36.7,36.15,36.5,-,0.1,1083142,39514176.0,-195922,-113000,11163,364078,0,42507,560000,113000,31344
20260915,00952,凱基台灣AI50,17.75,17.87,17.65,17.66,-,0.13,1372687,24365326.0,11000,0,-312066,13000,0,824000,2000,0,1136066
20260915,3049,精金,11.95,12.1,11.8,11.8,-,0.2,2397221,28538031.0,-303000,0,-962,417000,0,0,720000,0,962
20260915,2527,宏璟,43.35,43.4,42.3,42.5,-,1.2,499243,21327841.0,-322830,0,15224,41170,0,16000,364000,0,776
20260915,7788,松川精密,280.0,291.5,279.5,280.5,-,1.5,1428881,406901987.0,-280395,0,-39220,357605,0,7162,638000,0,46382
20260915,2601,益航,6.38,6.38,6.21,6.23,-,0.15,2025754,12676865.0,-321667,0,0,175970,0,0,497637,0,0
20260915,2204,中華,52.5,52.8,51.9,52.0,-,0.6,699842,36525244.0,-280000,-56067,9276,120000,17933,15000,400000,74000,5724
20260915,3714,富采,61.3,61.7,60.1,60.1,-,1.4,3640157,221058058.0,-459683,125000,6628,978506,125000,77417,1438189,0,70789
20260915,1513,中興電,163.5,164.5,162.0,162.0,-,1.5,1255434,204252701.0,-330048,23000,-23003,315104,23000,17640,645152,0,40643
20260915,2530,華建,20.25,20.25,19.7,20.15,-,0.45,805807,16113820.0,-479920,134236,14000,117080,134236,14000,597000,0,0
20260915,1444,力麗,6.7,6.74,6.66,6.66,-,0.07,884227,5919152.0,-338000,0,6000,96000,0,11000,434000,0,5000
20260915,2455,全新,528.0,536.0,506.0,520.0,-,15.0,1671642,871247057.0,-131090,-64000,-137770,634910,0,21976,766000,64000,159746
20260915,1711,永光,37.95,39.1,37.95,38.1,+,0.15,2825800,108806910.0,-288896,0,-47162,860115,0,8354,1149011,0,55516
20260915,00894,中信小資高價30,46.64,47.0,46.2,46.3,-,0.52,1100578,51292470.0,-299000,0,-41356,49000,0,516798,348000,0,558154
20260915,1434,福懋,17.65,17.65,17.45,17.5,-,0.15,1208799,21163862.0,-345000,-15000,18227,376000,0,20000,721000,15000,1773
20260915,00875,國泰網路資安,55.75,58.0,55.75,56.15,+,3.25,913385,51458534.0,-476000,0,133606,16000,0,240948,492000,0,107342
20260915,00662,富邦NASDAQ,118.65,119.2,118.5,118.55,+,0.4,1962635,233334071.0,470319,0,-812827,553319,0,225000,83000,0,1037827
20260915,8070,長華*,49.9,50.2,49.45,49.45,-,0.75,878758,43683057.0,-252815,-100000,9355,177185,0,12000,430000,100000,2645
20260915,2009,第一銅,38.3,38.45,38.15,38.2,-,0.3,868888,33227862.0,-328000,0,-16171,123000,0,5000,451000,0,21171
20260915,3305,昇貿,100.5,101.0,98.0,98.1,-,1.9,748240,74288731.0,-315500,0,-31756,87000,0,21003,402500,0,52759
20260915,2211,長榮鋼,80.7,80.9,80.0,80.1,-,0.5,586677,47105176.0,-278000,-55000,-14471,49000,0,9000,327000,55000,23471
20260915,9934,成霖,9.86,9.87,9.73,9.75,-,0.1,706017,6904565.0,-353000,0,0,49000,0,0,402000,0,0
20260915,1477,聚陽,195.0,195.0,192.0,192.0,-,2.5,726664,140001916.0,-326650,10,-31378,113000,75010,28000,439650,75000,59378
20260915,2006,東和鋼鐵,81.9,82.1,80.7,80.9,-,1.2,1149181,93131149.0,-213805,-202886,56514,492106,59114,58419,705911,262000,1905
20260915,2645,長榮航太,172.0,173.0,170.0,170.0,-,3.0,860644,147259325.0,-312864,-40000,-9873,94900,0,7000,407764,40000,16873
20260915,3661,世芯-KY,3535.0,3590.0,3335.0,3355.0,-,235.0,2699862,9287996320.0,-132959,-154500,-77540,1043255,2000,120165,1176214,156500,197705
20260915,8033,雷虎,171.0,172.0,166.5,166.5,-,7.5,2429775,411355703.0,-366724,0,1062,198414,0,41000,565138,0,39938
20260915,3703,欣陸,19.55,19.65,19.5,19.5,-,0.15,579720,11342418.0,-300000,-63000,-5000,112000,1000,12000,412000,64000,17000
20260915,3036,文曄,193.0,196.5,192.0,192.5,+,0.5,7214663,1396898999.0,-495174,36533,88556,4684765,64533,147951,5179939,28000,59395
20260915,6120,達運,12.05,12.1,11.75,11.75,-,0.05,1215164,14431879.0,-403907,0,32300,180193,0,33000,584100,0,700
20260915,1709,和益,36.0,36.35,34.3,35.5,-,0.55,8469055,300912003.0,-385959,0,-5218,2694053,0,28000,3080012,0,33218
20260915,00892,富邦台灣半導體,41.29,41.29,40.67,40.72,-,0.6,3211336,131581959.0,-141700,0,-252012,58300,0,2407392,200000,0,2659404
20260915,3005,神基,116.5,117.0,114.5,115.0,-,1.5,1588708,183090398.0,-496968,111438,-11690,457032,122438,23241,954000,11000,34931
20260915,6141,柏承,48.8,50.0,48.2,48.35,-,0.45,1516835,74313531.0,-397258,0,0,291400,0,0,688658,0,0
20260915,2402,毅嘉,55.0,55.0,53.3,53.4,-,1.0,1091415,58798645.0,-372540,0,-27673,281460,0,5000,654000,0,32673
20260915,4906,正文,35.45,35.5,34.85,35.1,-,0.4,2574071,90312924.0,-387457,0,-16387,816543,0,14918,1204000,0,31305
20260915,1905,華紙,13.2,13.25,12.95,13.05,-,0.1,1357003,17745732.0,-416861,0,11141,358139,0,35000,775000,0,23859
20260915,8105,凌巨,14.5,14.55,14.15,14.15,-,0.35,1668621,23868415.0,-412022,0,-2000,452478,0,4000,864500,0,6000
20260915,5522,遠雄,61.0,61.0,60.2,60.7,-,0.4,822371,49732773.0,-455000,13626,13000,97000,96626,18000,552000,83000,5000
20260915,6177,達麗,46.75,46.95,46.1,46.85,,0.0,1288714,59869596.0,-461000,21344,8281,231000,21344,13000,692000,0,4719
20260915,1304,台聚,12.15,12.2,12.0,12.15,-,0.1,1673059,20208828.0,-391307,0,-48854,415693,0,23000,807000,0,71854
20260915,6269,台郡,64.3,64.8,63.1,63.3,-,1.4,2615223,166836473.0,-352800,-59000,-28559,823200,0,57520,1176000,59000,86079
20260915,2340,台亞,32.05,32.35,31.15,31.15,-,0.9,1931697,61180138.0,-368800,0,-80261,397200,0,24659,766000,0,104920
20260915,6757,台灣虎航,53.8,54.0,52.7,52.8,-,1.1,920004,48894597.0,-395318,0,-54000,108050,0,11000,503368,0,65000
20260915,1210,大成,51.8,52.0,51.5,51.6,-,0.2,1335950,69050175.0,-356578,7000,-100426,447000,10000,28000,803578,3000,128426
20260915,2836,高雄銀,12.3,12.35,12.15,12.25,-,0.05,1143253,13964161.0,-513180,0,61500,400000,0,63000,913180,0,1500
20260915,3034,聯詠,556.0,559.0,526.0,541.0,-,15.0,3608523,1946657603.0,-472872,85500,-65629,1972232,259500,93495,2445104,174000,159124
20260915,6669,緯穎,2235.0,2345.0,2235.0,2315.0,+,45.0,2767688,6392556880.0,-772694,-8000,327216,997482,57000,379837,1770176,65000,52621
20260915,5534,長虹,73.4,73.4,72.7,73.1,-,0.5,712436,52022307.0,-365143,0,-93698,101000,0,25000,466143,0,118698
20260915,2851,中再保,47.7,47.9,46.35,46.5,-,1.0,2135227,100404645.0,-569183,0,106582,883703,0,201292,1452886,0,94710
20260915,2327,國巨*,550.0,558.0,535.0,537.0,-,8.0,22575963,12369577524.0,-686673,197000,16338,7450025,396000,260800,8136698,199000,244462
20260915,2328,廣宇,45.4,45.85,44.85,44.9,-,0.5,1828166,82695367.0,-392910,0,-81070,485090,0,67000,878000,0,148070
20260915,00917,中信特選金融,23.75,23.75,23.59,23.61,-,0.19,1148132,27097265.0,-160957,0,-314453,43,0,545000,161000,0,859453
20260915,3532,台勝科,416.0,444.0,403.0,407.0,-,9.0,9430827,3996515402.0,-555029,-15000,84530,1759873,1000,182301,2314902,16000,97771
20260915,2468,華經,40.95,43.25,40.05,43.25,+,3.9,7140627,301954555.0,-511020,0,17130,417000,0,27130,928020,0,10000
20260915,2539,櫻花建,34.6,34.6,33.95,34.05,-,0.55,908259,30978631.0,-517000,8000,12844,152000,10000,24000,669000,2000,11156
20260915,6239,力成,271.0,279.5,268.0,268.0,-,3.5,7964169,2176337889.0,-470432,-9000,-20745,2549580,11000,297209,3020012,20000,317954
20260915,2406,國碩,26.5,26.95,25.85,25.85,-,0.65,1698955,44563990.0,-510000,0,3314,107000,0,5000,617000,0,1686
20260915,00905,FT臺灣Smart,26.16,26.2,25.9,25.9,-,0.26,1040528,27090621.0,-273000,0,-253597,15000,0,246000,288000,0,499597
20260915,1310,台苯,8.68,8.68,8.45,8.45,-,0.2,1468489,12514851.0,-535000,0,7000,210000,0,7000,745000,0,0
20260915,1608,華榮,36.0,36.0,35.35,35.4,-,0.6,1271056,45255506.0,-469000,-91816,28757,206000,10184,33000,675000,102000,4243
20260915,00954,中信日本半導體,17.41,17.81,17.39,17.45,-,0.05,1857069,32734017.0,467000,0,-1005744,502000,0,333000,35000,0,1338744
20260915,2302,麗正,41.6,42.1,40.2,40.2,-,1.4,1486684,61055051.0,-528770,0,-18559,143230,0,120,672000,0,18679
20260915,2345,智邦,1870.0,1895.0,1830.0,1840.0,-,35.0,2272078,4228856595.0,-536354,6150,-17781,1170457,21150,80826,1706811,15000,98607
20260915,6112,邁達特,51.6,52.9,48.1,48.15,-,2.45,21595485,1095001366.0,-541760,0,-11293,3162240,0,39811,3704000,0,51104
20260915,2376,技嘉,346.5,346.5,341.5,343.0,-,1.0,2237694,769300032.0,-692211,162000,-31501,649152,406000,44000,1341363,244000,75501
20260915,2637,慧洋-KY,101.0,101.0,95.9,96.9,-,4.1,3917647,381313705.0,-1114492,636000,-89185,1361895,647000,14156,2476387,11000,103341
20260915,6706,惠特,150.5,155.5,141.0,143.5,-,7.5,19143749,2812716578.0,-453863,0,-119504,4537287,0,113679,4991150,0,233183
20260915,8131,福懋科,59.1,59.4,57.5,57.5,-,1.5,1423126,82931351.0,-581000,0,-3434,180000,0,29350,761000,0,32784
20260915,2359,所羅門,127.0,129.0,125.0,125.0,-,1.5,2049232,259870863.0,-566709,0,-26424,266291,0,20254,833000,0,46678
20260915,2498,宏達電,39.95,40.15,39.2,39.25,-,0.65,2667623,105767003.0,-582548,0,-38644,278452,0,96000,861000,0,134644
20260915,3024,憶聲,14.85,14.85,14.3,14.3,-,0.4,1009988,14615620.0,-624118,0,0,85882,0,0,710000,0,0
20260915,6133,金橋,23.75,23.75,22.95,22.95,-,0.3,1878837,43746950.0,-630000,0,2000,201000,0,2000,831000,0,0
20260915,2313,華通,218.5,224.0,217.0,218.5,-,2.5,11772158,2595328027.0,-22055,-451000,-161266,4878219,30000,214255,4900274,481000,375521
20260915,1722,台肥,42.3,42.45,41.8,42.0,-,0.4,3554623,149109131.0,-530696,-119000,15000,918304,5000,18000,1449000,124000,3000
20260915,1215,卜蜂,107.5,108.0,105.5,105.5,-,2.0,866770,92007670.0,-624922,-20000,6927,92000,0,19000,716922,20000,12073
20260915,6456,GIS-KY,62.5,63.4,61.4,61.6,-,1.7,1606173,99778081.0,-606000,0,-32761,345000,0,10000,951000,0,42761
20260915,3167,大量,805.0,834.0,785.0,792.0,-,18.0,3934764,3187683130.0,-696894,69000,-11090,940147,69000,35000,1637041,0,46090
20260915,1714,和桐,14.9,15.35,14.9,15.15,+,0.2,5071270,76779657.0,-645334,0,4942,1360205,0,37047,2005539,0,32105
20260915,00939,統一台灣高息動能,24.11,24.11,23.89,23.9,-,0.21,3476048,83409753.0,-1391000,0,749718,83000,0,2011000,1474000,0,1261282
20260915,00713,元大台灣高息低波,64.4,64.4,64.1,64.25,-,0.1,2437498,156455316.0,-151988,60000,-549538,23012,60000,410000,175000,0,959538
20260915,6861,睿生光電,235.5,242.5,222.0,228.0,-,7.5,3944720,911956919.0,-658465,0,15808,655540,0,53784,1314005,0,37976
20260915,2547,日勝生,9.75,9.75,9.6,9.69,-,0.06,2249415,21720815.0,-716000,38779,25598,183000,38779,46000,899000,0,20402
20260915,2401,凌陽,24.0,24.2,23.7,23.75,-,0.5,1721054,41105263.0,-525400,0,-127359,396000,0,19000,921400,0,146359
20260915,2464,盟立,174.0,181.5,173.0,176.0,+,0.5,6261941,1114739890.0,-634203,0,-20021,2120300,0,136401,2754503,0,156422
20260915,3673,TPK-KY,63.4,64.2,61.5,61.5,-,1.9,2301828,144254399.0,-594114,0,-69679,509886,0,37464,1104000,0,107143
20260915,1909,榮成,10.15,10.25,10.05,10.1,-,0.15,1943300,19705331.0,-761000,0,91988,459000,0,102000,1220000,0,10012
20260915,00701,國泰股利精選30,41.54,41.65,41.1,41.33,-,0.21,1628574,67313422.0,-371000,0,-310200,94000,0,723000,465000,0,1033200
20260915,00646,元大S&P500,76.2,76.4,76.1,76.2,+,0.05,1452783,110798684.0,-14463,130000,-803621,4587,130000,52000,19050,0,855621
20260915,3044,健鼎,502.0,508.0,490.0,490.5,-,19.5,2732822,1359038434.0,-667180,16000,-46505,902705,118000,70510,1569885,102000,117015
20260915,00941,中信上游半導體,24.13,24.13,23.9,23.93,-,0.51,1028063,24649907.0,-26949,0,-675171,36051,0,27000,63000,0,702171
20260915,0055,元大MSCI金融,50.6,50.65,49.61,49.76,-,0.54,1206727,60198495.0,44090,0,-748666,116090,0,70000,72000,0,818666
20260915,6531,愛普*,953.0,964.0,887.0,890.0,-,72.0,4824312,4413111170.0,-665198,0,-40771,1923324,4000,75898,2588522,4000,116669
20260915,9105,泰金寶-DR,8.38,8.54,8.32,8.42,+,0.04,11512792,96832741.0,-815500,0,101587,2179000,0,257913,2994500,0,156326
20260915,2504,國產,31.0,31.05,30.5,30.5,-,0.45,1858662,56974490.0,-701746,-48935,20196,737234,60065,30000,1438980,109000,9804
20260915,2892,第一金,40.4,40.4,39.5,39.55,-,0.3,30707411,1220030034.0,-4150526,3370000,42706,15059111,3933000,542048,19209637,563000,499342
20260915,1312,國喬,14.45,14.7,14.3,14.35,-,0.1,9867693,142802878.0,-795847,0,51265,2399153,0,196595,3195000,0,145330
20260915,3019,亞光,133.0,134.5,131.0,132.0,-,2.0,2307775,305946662.0,-698164,0,-49839,313629,0,23781,1011793,0,73620
20260915,7711,永擎,461.0,473.0,438.0,468.0,-,10.0,3570247,1625933002.0,-774946,0,23347,685054,0,109141,1460000,0,85794
20260915,4967,十銓,272.5,274.5,266.0,266.0,-,7.5,2851415,764030965.0,-702526,0,-63000,560474,0,24000,1263000,0,87000
20260915,3149,正達,61.0,61.3,59.4,59.4,-,1.5,2834368,170451436.0,-723378,0,-48373,500622,0,17000,1224000,0,65373
20260915,2486,一詮,234.0,237.5,228.0,228.0,-,6.5,3063177,708951872.0,-824070,41000,5600,314267,41000,78212,1138337,0,72612
20260915,2399,映泰,45.0,46.6,44.25,46.0,+,1.1,4643801,212248302.0,-797109,0,4691,978891,0,12765,1776000,0,8074
20260915,1536,和大,46.85,47.05,46.0,46.0,-,0.85,1446637,67049740.0,-783000,0,-29415,138000,0,21000,921000,0,50415
20260915,2363,矽統,51.0,51.3,50.3,50.3,-,1.1,2106753,106861605.0,-636260,0,-193287,328680,0,9000,964940,0,202287
20260915,2368,金像電,1010.0,1015.0,971.0,972.0,-,48.0,6666940,6585750355.0,-350849,-181000,-302156,2091488,56000,330558,2442337,237000,632714
20260915,3231,緯創,181.0,184.0,181.0,182.5,+,1.5,21186201,3861163767.0,-1692485,974000,-131279,10389523,1068000,290893,12082008,94000,422172
20260915,3094,聯傑,43.95,44.0,42.2,42.25,-,1.75,4642507,198680150.0,-853372,0,1839,985628,0,4000,1839000,0,2161
20260915,2897,王道銀行,11.25,11.3,11.05,11.2,-,0.05,6343448,70955368.0,-1023086,0,169876,2118914,0,183099,3142000,0,13223
20260915,6919,康霈*,79.8,83.4,79.6,79.9,+,0.6,4142059,336312353.0,-744092,-138000,18938,1070474,0,33600,1814566,138000,14662
20260915,8028,昇陽半導體,221.0,231.5,220.0,226.5,+,5.0,3338771,759066879.0,-1268508,394000,-285,759545,411000,38462,2028053,17000,38747
20260915,2023,燁輝,13.8,13.85,13.6,13.7,-,0.15,1486524,20362088.0,-838000,-138000,99000,131000,0,99000,969000,138000,0
20260915,6282,康舒,42.45,43.2,41.55,41.55,-,0.95,3732535,157686200.0,-911041,0,32481,726070,0,211430,1637111,0,178949
20260915,6443,元晶,23.35,23.65,22.7,22.7,-,0.65,3113764,72045205.0,-848500,0,-37777,537500,0,31000,1386000,0,68777
20260915,2548,華固,92.9,93.0,91.6,91.6,-,1.3,1610583,148124478.0,-948717,-17200,32784,239000,4800,74000,1187717,22000,41216
20260915,8039,台虹,273.0,285.0,269.5,270.0,-,4.0,17266429,4767833421.0,-1324159,61000,326105,4410841,61000,439891,5735000,0,113786
20260915,00963,中信全球高股息,13.21,13.21,13.07,13.11,+,0.04,2125809,27844205.0,-192000,0,-769989,0,0,956000,192000,0,1725989
20260915,00930,永豐ESG低碳高息,23.85,23.92,23.77,23.79,-,0.06,1143018,27236449.0,-5894,0,-968697,3106,0,68000,9000,0,1036697
20260915,2454,聯發科,4505.0,4575.0,4430.0,4430.0,-,130.0,6209254,27933518180.0,-999999,-19057,35344,2490721,39943,152084,3490720,59000,116740
20260915,1504,東元,70.5,70.9,69.0,69.0,-,1.3,3641620,253710804.0,-982256,-69000,-9326,872744,0,65000,1855000,69000,74326
20260915,2903,遠百,22.1,22.15,21.85,21.85,-,0.2,1529035,33563794.0,-932900,-185000,40522,209100,0,41000,1142000,185000,478
20260915,2332,友訊,18.9,19.2,18.75,18.8,-,0.1,8493922,161495098.0,-1074000,0,-19706,1883000,0,52000,2957000,0,71706
20260915,3706,神達,78.5,78.9,77.6,77.6,-,1.1,7205968,562393252.0,-172554,-502000,-420374,2397446,10000,269555,2570000,512000,689929
20260915,00921,兆豐龍頭等權重,24.08,24.14,23.99,24.04,-,0.06,1179100,28354555.0,0,0,-1103043,0,0,0,0,0,1103043
20260915,2474,可成,205.0,205.0,203.0,203.5,-,2.0,1707551,348071614.0,-1036001,-50000,-18632,112629,72000,39000,1148630,122000,57632
20260915,3450,聯鈞,506.0,524.0,492.0,492.5,-,16.5,8062676,4068329273.0,-620406,-387000,-99325,2063230,3000,187886,2683636,390000,287211
20260915,2388,威盛,72.1,72.8,69.4,69.4,-,2.9,3721940,263329176.0,-899502,0,-240567,529160,0,46000,1428662,0,286567
20260915,2201,裕隆,30.35,30.4,29.6,29.65,-,0.75,2929514,87659426.0,-1072534,-87000,-49728,386466,0,28000,1459000,87000,77728
20260915,2352,佳世達,28.75,29.05,28.3,28.3,-,0.45,3647989,104389245.0,-1185441,-20000,-14505,711659,0,55338,1897100,20000,69843
20260915,00947,台新臺灣IC設計,36.45,36.69,36.0,36.0,-,0.63,3147816,114341015.0,-1220928,0,-32561,363072,0,666523,1584000,0,699084
20260915,6116,彩晶,13.85,13.9,13.65,13.65,-,0.2,12653885,173805956.0,-1048394,0,-270021,2855184,0,90000,3903578,0,360021
20260915,00934,中信成長高股息,29.7,29.7,29.5,29.56,-,0.14,2692368,79781848.0,-5000,0,-1321527,296000,0,663000,301000,0,1984527
20260915,5871,中租-KY,113.0,114.0,111.5,111.5,-,2.0,4767486,534528159.0,-1402601,33941,14562,1921562,90941,71000,3324163,57000,56438
20260915,2312,金寶,30.9,31.45,30.5,31.1,+,0.25,8006946,248022678.0,-1241461,254000,-394039,2455539,274000,185275,3697000,20000,579314
20260915,2605,新興,36.15,36.55,34.85,35.05,-,1.1,8993430,319167303.0,-699992,-112000,-572389,1558082,0,86131,2258074,112000,658520
20260915,2603,長榮,235.0,237.0,231.5,233.5,-,3.5,6962846,1627111302.0,-2746255,1435800,-100757,1874022,1468800,172999,4620277,33000,273756
20260915,3576,聯合再生,16.45,16.45,16.05,16.05,-,0.55,4939724,80041995.0,-1425760,0,8000,410300,0,16000,1836060,0,8000
20260915,2014,中鴻,16.5,16.5,16.2,16.25,-,0.25,2321052,37853711.0,-1442000,0,11000,112000,0,11000,1554000,0,0
20260915,2337,旺宏,116.0,116.5,114.0,114.5,-,1.5,28359737,3268645705.0,-1312556,-32000,-88378,17814256,1000,165000,19126812,33000,253378
20260915,2542,興富發,45.6,45.6,44.85,45.25,-,0.45,9711683,439183072.0,-2607103,1123400,23922,3395897,1218400,340733,6003000,95000,316811
20260915,2426,鼎元,92.9,94.5,90.6,90.8,-,2.5,26180761,2417990045.0,-1159776,0,-301734,6031924,0,77095,7191700,0,378829
20260915,2305,全友,45.6,48.05,44.2,44.95,-,0.2,93620288,4305591015.0,-1322802,0,-145577,18599848,0,193186,19922650,0,338763
20260915,3376,新日興,180.5,182.0,173.0,173.0,-,8.0,6133879,1083350784.0,-1259039,-15000,-206785,2001272,0,172000,3260311,15000,378785
20260915,4958,臻鼎-KY,485.5,493.5,476.0,477.5,-,12.0,19168557,9271028322.0,-1784423,-6000,303471,7569489,18000,678315,9353912,24000,374844
20260915,2338,光罩,47.3,49.85,45.7,46.1,-,1.9,29585483,1415225406.0,-1563900,0,1434,5419100,0,198800,6983000,0,197366
20260915,00922,國泰台灣領袖50,41.59,41.77,41.32,41.37,-,0.27,3857428,160061116.0,-1902000,0,315665,385000,0,868000,2287000,0,552335
20260915,00964,中信亞太高股息,14.94,14.94,14.84,14.85,-,0.08,2196724,32701929.0,-313000,0,-1290000,0,0,535000,313000,0,1825000
20260915,2436,偉詮電,68.0,68.1,66.0,66.3,-,1.6,3379379,225630389.0,-1581000,37000,-99869,514000,37000,3150,2095000,0,103019
20260915,2323,中環,10.55,10.6,10.4,10.4,-,0.1,3498973,36682241.0,-1613022,0,-100258,420000,0,0,2033022,0,100258
20260915,3006,晶豪科,272.0,274.0,263.0,264.0,-,6.5,9092194,2415709088.0,-1601440,-6000,-163320,2371590,1000,133283,3973030,7000,296603
20260915,2342,茂矽,41.65,41.9,38.35,38.4,-,1.3,5432362,215452651.0,-1779759,0,-604,852241,0,13961,2632000,0,14565
20260915,8112,至上,83.2,83.9,82.5,82.6,-,1.0,3987720,331066872.0,-1843786,100000,-62219,372348,100000,121000,2216134,0,183219
20260915,2855,統一證,52.9,52.9,50.8,51.5,-,1.4,5011104,258446739.0,-3273167,1457900,0,352000,1514900,0,3625167,57000,0
20260915,2105,正新,30.15,30.2,30.0,30.0,-,0.15,4049274,121749901.0,-2209760,283228,342,622240,283228,108000,2832000,0,107658
20260915,2633,台灣高鐵,25.9,26.0,25.85,25.85,-,0.15,4195719,108575604.0,-2924984,947000,16000,643016,950000,264000,3568000,3000,248000
20260915,1717,長興,69.2,69.5,68.1,68.1,-,1.1,4705926,323541670.0,-1735462,4000,-243645,536110,34000,29000,2271572,30000,272645
20260915,2646,星宇航空,20.1,20.2,20.0,20.1,,0.0,5088904,102088599.0,-2041804,0,20906,972329,0,22000,3014133,0,1094
20260915,2449,京元電子,260.5,261.5,256.5,257.0,-,4.5,7605273,1965195253.0,-1874741,-61000,-143786,2844256,5000,231332,4718997,66000,375118
20260915,2845,遠東銀,13.85,13.85,13.5,13.6,-,0.15,7755084,105682214.0,-2210158,-15000,139974,2634842,0,148000,4845000,15000,8026
20260915,00938,凱基優選30,27.21,27.21,26.56,26.64,-,0.18,2968291,79091975.0,-149000,0,-1973939,17000,0,763001,166000,0,2736940
20260915,2353,宏碁,31.4,31.45,30.8,30.9,-,0.5,9020306,279632088.0,-2088764,236000,-306452,2768236,276000,216120,4857000,40000,522572
20260915,2317,鴻海,247.5,250.0,246.5,246.5,-,2.0,15812094,3918516707.0,-2393248,-91147,317717,7713202,159853,672330,10106450,251000,354613
20260915,4938,和碩,90.6,90.6,88.3,88.3,-,1.9,7402017,658893255.0,-1180496,-389000,-630236,3822354,131000,140194,5002850,520000,770430
20260915,1216,統一,74.9,74.9,73.9,74.5,-,0.1,10616868,788330290.0,-2092996,-221421,97116,6772135,64579,161000,8865131,286000,63884
20260915,0052,富邦科技,61.7,62.1,61.5,61.6,-,0.3,10671485,658972018.0,-4074788,30000,1774399,1002212,30000,4047000,5077000,0,2272601
20260915,2881,富邦金,154.0,154.5,149.5,151.0,-,3.0,15894184,2403353783.0,-4298703,1807960,155726,8157982,1810960,687865,12456685,3000,532139
20260915,2489,瑞軒,39.3,39.6,37.4,37.5,-,1.8,15674743,605375349.0,-2270058,-29800,-53169,3606380,20200,149320,5876438,50000,202489
20260915,00923,群益台ESG低碳50,39.6,39.78,39.34,39.4,-,0.2,6896097,272697485.0,-1846743,0,-618211,269257,0,3187780,2116000,0,3805991
20260915,00962,台新AI優息動能,14.84,14.84,14.65,14.66,,0.0,5785329,85169620.0,-21000,0,-2540700,59000,0,1692000,80000,0,4232700
20260915,00927,群益半導體收益,36.92,37.08,36.62,36.63,-,0.47,9984571,367655006.0,-2506800,0,-57759,1413200,0,2546019,3920000,0,2603778
20260915,2356,英業達,61.8,62.7,60.5,60.5,-,1.2,9229037,566109736.0,-1538374,-966000,-107606,3583947,19000,130132,5122321,985000,237738
20260915,1528,恩德,23.75,25.3,23.6,24.65,+,1.35,37110090,909378722.0,-2643990,0,-15400,5863010,0,46000,8507000,0,61400
20260915,2501,國建,21.85,21.9,21.3,21.3,-,0.55,3634884,78181433.0,-2746394,0,6915,519000,0,29000,3265394,0,22085
20260915,1605,華新,37.0,37.0,36.2,36.35,-,0.65,12337053,450183891.0,-2718389,-1000,-217910,4426890,0,166000,7145279,1000,383910
20260915,1409,新纖,24.25,24.25,23.8,23.9,-,0.45,9754438,233941560.0,-2649292,-166000,-136971,2456000,0,130000,5105292,166000,266971
20260915,2515,中工,11.95,11.95,11.7,11.75,-,0.25,5105437,60311919.0,-2745940,-220000,-3702,1252060,0,1000,3998000,220000,4702
20260915,8150,南茂,86.0,88.1,84.4,84.4,-,2.2,11605119,998404979.0,-3098044,69000,-114199,3085588,69000,100088,6183632,0,214287
20260915,1314,中石化,8.23,8.24,8.08,8.11,-,0.11,12078524,98137175.0,-3189885,0,40221,1890248,0,71000,5080133,0,30779
20260915,2301,光寶科,281.0,286.0,273.0,274.0,-,3.5,17907973,4985979884.0,-3201494,20000,27894,6481850,34000,296090,9683344,14000,268196
20260915,1402,遠東新,28.05,28.05,27.7,27.8,-,0.3,9055012,251891399.0,-865179,-2387025,58858,2893966,259975,267000,3759145,2647000,208142
20260915,4763,材料*-KY,49.5,49.5,48.1,48.1,-,1.25,8910769,431029396.0,-3787497,140881,307197,391107,140881,360845,4178604,0,53648
20260915,3016,嘉晶,113.0,119.0,107.5,110.0,-,2.5,30912478,3519353372.0,-3056715,7000,-293052,7037875,7000,452466,10094590,0,745518
20260915,2618,長榮航,42.2,42.25,40.85,41.2,-,0.85,20290683,837006001.0,-5970145,2515052,8716,9286980,3169052,507000,15257125,654000,498284
20260915,1802,台玻,57.6,57.8,56.0,56.0,-,1.8,10001475,567282405.0,-3211871,4000,-479354,1310896,4000,145459,4522767,0,624813
20260915,2330,台積電,2405.0,2405.0,2380.0,2385.0,+,5.0,15215752,36376152215.0,-4226760,-13848,350547,7484872,128152,647513,11711632,142000,296966
20260915,5880,合庫金,27.55,27.55,26.8,27.0,-,0.45,23217099,629012559.0,-4900459,-46000,1030916,8147194,20000,1230000,13047653,66000,199084
20260915,00770,國泰北美科技,68.0,68.15,67.65,67.75,,0.0,4666434,317297129.0,-32410,0,-4082805,2590,0,130000,35000,0,4212805
20260915,6505,台塑化,81.4,83.1,80.0,82.9,+,0.1,17586676,1437151596.0,-4083116,12000,-373011,4430662,12000,278511,8513778,0,651522
20260915,3704,合勤控,41.9,42.4,39.7,39.8,-,1.4,10631775,440183640.0,-4461060,0,5161,1135000,0,14121,5596060,0,8960
20260915,2884,玉山金,46.3,46.5,45.3,45.65,-,0.7,35427709,1620472395.0,-9521342,4558000,486845,17586531,4564000,1247000,27107873,6000,760155
20260915,2882,國泰金,113.5,114.0,109.5,110.0,-,2.5,16604431,1837600900.0,-6081599,1243000,197787,6187515,1243000,509000,12269114,0,311213
20260915,2812,台中銀,19.5,19.5,19.2,19.35,-,0.1,14214013,274517204.0,-5600525,11000,169000,3568104,40000,169000,9168629,29000,0
20260915,00891,中信關鍵半導體,34.97,35.01,34.54,34.54,-,0.47,11757872,408805922.0,-4214588,0,-1298207,918512,0,1724000,5133100,0,3022207
20260915,2889,國票金,17.1,17.1,16.65,16.85,-,0.2,12957544,217488760.0,-5861000,0,100217,3328000,0,114000,9189000,0,13783
20260915,1301,台塑,62.1,62.5,61.2,62.0,-,0.9,17895998,1106799845.0,-5809722,-5000,-51270,4163610,0,248711,9973332,5000,299981
20260915,00935,野村臺灣新科技50,57.8,58.4,57.35,57.4,-,0.6,13104275,757441482.0,-2145806,432000,-4328466,1099194,432000,2926000,3245000,0,7254466
20260915,3711,日月光投控,601.0,608.0,592.0,592.0,-,20.0,14790324,8853707627.0,-5096924,-972000,-74295,5062292,176000,422171,10159216,1148000,496466
20260915,6005,群益證,31.85,31.85,31.1,31.1,-,1.0,9479912,296207838.0,-6216468,18000,0,371910,78000,0,6588378,60000,0
20260915,1326,台化,66.6,66.8,64.9,65.8,-,1.8,23789944,1558736967.0,-7503086,27000,-232049,7440147,30000,177500,14943233,3000,409549
20260915,2408,南亞科,473.5,476.5,465.5,465.5,-,7.5,34239430,16117638243.0,-6568377,-1525000,167468,8950011,22000,963371,15518388,1547000,795903
20260915,3481,群創,47.8,48.1,46.8,46.8,-,0.85,77381620,3673791636.0,-6356831,-200,-1952908,14176359,16800,584523,20533190,17000,2537431
20260915,2344,華邦電,162.5,164.0,158.5,159.5,-,0.5,71179694,11454285195.0,-4095284,-5474000,1037727,23539596,33000,1533572,27634880,5507000,495845
20260915,00830,國泰費城半導體,79.45,79.6,78.95,79.0,-,1.95,12678858,1005248974.0,-6771809,0,-2364372,55692,0,858000,6827501,0,3222372
20260915,2481,強茂,158.0,163.5,152.0,153.5,-,5.5,58386182,9179278766.0,-10846456,892000,-370807,12688621,892000,326934,23535077,0,697741
20260915,2610,華航,20.25,20.25,19.9,19.9,-,0.3,22908902,457837541.0,-10365354,-231000,158192,2114796,355000,595000,12480150,586000,436808
20260915,00881,國泰台灣科技龍頭,49.48,49.83,49.2,49.21,-,0.33,21742653,1077190219.0,-4244947,0,-6423865,2028153,0,4020000,6273100,0,10443865
20260915,1101,台泥,24.0,24.05,23.8,23.8,-,0.1,20277886,484020484.0,-11863321,-201000,377641,4719872,0,456000,16583193,201000,78359
20260915,0056,元大高股息,55.2,55.25,54.85,55.0,-,0.4,25385973,1396603917.0,-14399210,0,1483425,1902841,0,3670015,16302051,0,2186590
20260915,2885,元大金,70.7,70.7,68.2,68.3,-,2.5,23441138,1614782373.0,-13466870,-197000,81613,7075209,144000,405322,20542079,341000,323709
20260915,2834,臺企銀,18.4,18.5,18.0,18.0,-,0.35,42777943,776319335.0,-13984751,-63000,317412,16415844,10000,391000,30400595,73000,73588
20260915,2303,聯電,140.5,141.0,138.0,138.5,-,4.0,102009653,14225802799.0,-23400191,9489479,-600600,30286142,10536479,1407063,53686333,1047000,2007663
20260915,2883,凱基金,38.7,38.95,38.0,38.15,-,0.65,54357732,2078497417.0,-16415364,-183000,550728,26846522,817000,836000,43261886,1000000,285272
20260915,1303,南亞,230.0,230.5,221.0,221.5,-,12.5,55715933,12503434125.0,-16389070,3289,-763664,11841261,941289,479478,28230331,938000,1243142
20260915,2801,彰銀,28.65,28.65,27.75,28.0,-,0.55,38455068,1076740200.0,-21978244,3842000,224982,6139046,4141000,660000,28117290,299000,435018
20260915,2002,中鋼,18.8,18.8,18.65,18.65,-,0.15,30609530,572343422.0,-20768018,-110000,258601,2216238,0,297000,22984256,110000,38399
20260915,2324,仁寶,38.3,38.45,36.9,36.95,-,0.95,46454725,1733483277.0,-19035391,-266000,-2089568,11055578,4000,197000,30090969,270000,2286568
20260915,00896,中信綠能及電動車,28.0,28.0,27.65,27.69,-,0.14,26399495,733474169.0,-144200,0,-23870866,386800,0,20016,531000,0,23890882
20260915,00878,國泰永續高股息,34.23,34.25,34.05,34.2,-,0.03,41758073,1426459335.0,-14492991,-100000,-9886262,2272567,0,2735000,16765558,100000,12621262
20260915,00929,復華台灣科技優息,28.6,28.63,28.46,28.46,-,0.14,39914078,1138581534.0,-1712724,0,-29564708,3158276,0,1151999,4871000,0,30716707
20260915,0050,元大台灣50,106.75,106.95,106.15,106.25,-,0.65,63373313,6750982162.0,-38426153,0,5058489,5777946,0,7378839,44204099,0,2320350
20260915,2409,友達,28.35,28.75,27.75,27.9,-,0.8,238024652,6676787546.0,-37756960,0,-4132553,55258378,14000,728000,93015338,14000,4860553
20260915,00961,FT臺灣永續高息,13.41,13.42,13.31,13.33,-,0.07,54044811,721026764.0,-2182000,0,-46125119,299000,0,312000,2481000,0,46437119
20260915,00712,復華富時不動產,8.32,8.32,8.28,8.29,-,0.03,59203742,491045865.0,-39699,0,-51874675,29301,0,693000,69000,0,52567675
20260915,00918,大華優利高填息30,35.56,35.56,35.36,35.43,-,0.08,85508489,3030862532.0,-1312390,0,-67874622,2402160,0,2504000,3714550,0,70378622
20260915,6770,力積電,70.0,70.1,66.7,66.9,-,3.8,162022743,11034560029.0,-72078419,52000,-2644329,25558480,59000,1007162,97636899,7000,3651491
20260915,00919,群益台灣精選高息,32.96,32.97,32.65,32.74,-,0.15,219696767,7190142722.0,-23915415,-1609000,-143908377,7827697,0,5752500,31743112,1609000,149660877
