tradeDate,stockCode,stockName,openPrice,highPrice,lowPrice,closePrice,changeSign,change,totalShares,totalAmount,foreignNetShares,investmentNetShares,dealerNetShares,foreignBuyShares,investmentBuyShares,dealerBuyShares,foreignSellShares,investmentSellShares,dealerSellShares
20260112,00940,元大台灣價值高息,9.4,9.47,9.39,9.47,+,0.12,90034164,849847494.0,7855700,0,67640543,8459000,0,71155543,603300,0,3515000
20260112,00878,國泰永續高股息,22.29,22.32,22.2,22.27,+,0.17,84859652,1889041910.0,8665315,0,52607720,9122182,0,56245734,456867,0,3638014
20260112,00919,群益台灣精選高息,23.07,23.15,23.03,23.13,+,0.19,93882497,2169830439.0,17369505,0,42206393,18691787,0,51545477,1322282,0,9339084
20260112,00929,復華台灣科技優息,18.82,18.9,18.78,18.86,+,0.32,57430484,1082444468.0,4540360,0,40781238,6906360,0,42455003,2366000,0,1673765
20260112,00939,統一台灣高息動能,15.14,15.17,15.08,15.16,+,0.13,37621572,569671840.0,4135178,0,30906929,4440178,0,32166929,305000,0,1260000
20260112,2002,中鋼,19.0,19.8,18.95,19.55,+,0.55,78551494,1532028521.0,30922791,-437024,-1146752,44219497,0,915673,13296706,437024,2062425
20260112,1101,台泥,23.85,25.1,23.8,24.95,+,1.3,98217134,2410810272.0,25106458,-264000,3691726,41589781,0,4196178,16483323,264000,504452
20260112,2312,金寶,23.15,25.05,23.05,25.05,+,2.25,124090953,3072039524.0,24334500,0,2523446,34676000,0,5408458,10341500,0,2885012
20260112,6770,力積電,49.0,50.0,48.0,49.8,+,2.3,70940203,3501551086.0,20897517,17000,3206401,25888350,17000,4036633,4990833,0,830232
20260112,2367,燿華,31.4,33.65,31.25,33.65,+,3.05,118461767,3938828341.0,17854800,0,3033520,31528000,0,3462932,13673200,0,429412
20260112,2883,凱基金,17.5,17.7,17.45,17.65,+,0.2,36274014,638703947.0,20781471,-1792001,252280,25348425,8000,253280,4566954,1800001,1000
20260112,3037,欣興,234.5,246.0,234.5,243.5,+,18.0,41637350,10057501060.0,14089397,291000,705273,22317712,292000,1253815,8228315,1000,548542
20260112,1303,南亞,63.1,65.4,61.9,64.7,+,2.8,88763068,5656658024.0,14420438,-1557524,2136155,35340156,1854000,2751721,20919718,3411524,615566
20260112,8422,可寧衛*,42.85,42.95,42.8,42.95,+,3.9,59797614,2566419500.0,14233980,-18000,139624,15463000,0,489624,1229020,18000,350000
20260112,00918,大華優利高填息30,22.8,22.87,22.77,22.83,+,0.16,23349952,532754141.0,849443,0,13459232,1237443,0,15256423,388000,0,1797191
20260112,00900,富邦特選高股息30,14.24,14.29,14.18,14.26,+,0.12,17995224,256367415.0,2904570,0,10890332,3072000,0,11254201,167430,0,363869
20260112,1605,華新,39.35,40.45,38.5,39.55,+,1.95,241477642,9582741257.0,3046820,5508100,3092191,67538088,5808000,7459985,64491268,299900,4367794
20260112,1314,中石化,7.93,8.11,7.92,8.11,+,0.22,21065318,169058055.0,11096595,0,94000,13233595,0,110000,2137000,0,16000
20260112,00713,元大台灣高息低波,51.05,51.25,51.05,51.2,+,0.2,15560724,796040508.0,1650965,0,8720137,2045215,0,9174593,394250,0,454456
20260112,9904,寶成,31.5,32.4,31.35,32.2,+,0.95,19193950,615537381.0,12054250,-2223639,152221,14141000,8000,233230,2086750,2231639,81009
20260112,9105,泰金寶-DR,5.82,6.25,5.82,6.02,+,0.27,83179267,507250152.0,9376000,0,599149,24018000,0,613657,14642000,0,14508
20260112,2337,旺宏,60.0,61.2,58.6,61.2,+,2.9,61046671,3678966630.0,7176980,153000,2524741,12198800,153000,3146378,5021820,0,621637
20260112,2027,大成鋼,35.9,36.85,35.65,36.45,+,0.8,20258101,737955921.0,9249873,2000,450100,11775873,2000,658681,2526000,0,208581
20260112,00961,FT臺灣永續高息,9.85,9.95,9.85,9.94,+,0.18,10173928,100822105.0,754000,0,8471275,754000,0,9339865,0,0,868590
20260112,00946,群益科技高息成長,9.89,10.02,9.89,10.01,+,0.19,14269674,142395409.0,331000,0,8839434,477000,0,10625733,146000,0,1786299
20260112,00936,台新永續高息中小,16.83,17.07,16.82,17.04,+,0.21,8952228,152346300.0,-74000,0,8725882,16000,0,8748882,90000,0,23000
20260112,2605,新興,27.65,28.95,26.8,28.9,+,1.15,25496699,723179864.0,7270200,0,547616,13167200,0,966649,5897000,0,419033
20260112,2481,強茂,81.5,84.8,81.0,84.4,+,5.0,21726963,1811059199.0,5486152,980001,820504,8347200,990001,880164,2861048,10000,59660
20260112,00712,復華富時不動產,9.55,9.55,9.47,9.5,,0.0,31634487,300497148.0,-3678576,0,10662778,2215000,0,14106999,5893576,0,3444221
20260112,0056,元大高股息,37.65,37.75,37.62,37.67,+,0.27,46400775,1747755118.0,6160982,0,481999,9741474,0,904483,3580492,0,422484
20260112,2634,漢翔,52.5,55.3,52.0,54.6,+,1.5,19440207,1055751184.0,4994354,3000,939908,8379300,3000,1253042,3384946,0,313134
20260112,1312,國喬,12.6,13.6,12.5,12.85,+,0.45,39564935,521720829.0,5345929,0,548543,12012000,0,1555522,6666071,0,1006979
20260112,2313,華通,119.5,127.0,117.0,127.0,+,11.5,103712779,12863419003.0,5565082,1660000,-1492243,28207412,1660000,1339954,22642330,0,2832197
20260112,4916,事欣科,59.1,62.5,58.8,62.0,+,3.8,19246726,1182400259.0,5128850,0,587125,7604000,0,627555,2475150,0,40430
20260112,2371,大同,31.25,32.7,30.8,32.45,+,1.25,33080539,1052953753.0,4134710,-505901,1729598,9803210,0,1907843,5668500,505901,178245
20260112,2327,國巨*,244.5,253.0,242.5,247.5,+,6.0,31140755,7733285156.0,3558618,2163812,-470188,11345764,2248000,682420,7787146,84188,1152608
20260112,3715,定穎投控,143.5,150.0,139.0,144.5,+,5.0,121852894,17614746014.0,6225242,2353,-1125586,38913569,1320000,1203560,32688327,1317647,2329146
20260112,00915,凱基優選高股息30,23.21,23.28,23.16,23.22,+,0.08,7951182,184635457.0,139000,0,4743950,197000,0,6956950,58000,0,2213000
20260112,1301,台塑,41.85,42.45,40.95,41.5,+,0.5,26875389,1119039729.0,5635558,-34863,-809360,12442644,0,477129,6807086,34863,1286489
20260112,3149,正達,41.1,45.0,40.85,44.7,+,3.3,19406917,853502637.0,4740000,0,388,7261000,0,10388,2521000,0,10000
20260112,3711,日月光投控,280.0,296.0,275.0,283.0,+,11.0,24777955,7029714853.0,3582400,777945,83753,12924188,1051000,508484,9341788,273055,424731
20260112,8070,長華*,46.1,47.45,45.9,47.15,+,1.6,6999691,328615609.0,4282300,-144000,124326,4988300,1000,126275,706000,145000,1949
20260112,2485,兆赫,26.4,27.5,26.4,27.5,+,2.5,13048200,355689941.0,3582000,0,196693,4101000,0,205693,519000,0,9000
20260112,2618,長榮航,36.9,37.35,36.7,37.1,+,0.55,34236391,1269403032.0,9901067,-6492494,359135,16892939,4000,515739,6991872,6496494,156604
20260112,1326,台化,32.1,32.5,31.95,32.45,+,0.55,12134433,391024268.0,3659276,0,78916,6528967,0,322649,2869691,0,243733
20260112,4938,和碩,69.8,70.8,69.7,70.8,+,1.4,8284842,583415796.0,4549126,-811886,-14961,5803594,523000,90039,1254468,1334886,105000
20260112,8046,南電,244.5,260.5,243.0,254.5,+,14.0,16616387,4193466603.0,3262937,-40000,472630,6563300,101000,608527,3300363,141000,135897
20260112,00896,中信綠能及電動車,19.8,19.96,19.8,19.95,+,0.29,4556299,90672744.0,369000,0,3317117,369000,0,3661117,0,0,344000
20260112,2308,台達電,1040.0,1065.0,1035.0,1055.0,+,40.0,12690911,13366609360.0,2883681,462118,241248,6274834,535000,511409,3391153,72882,270161
20260112,2455,全新,150.0,162.0,150.0,162.0,+,14.5,17579434,2810859462.0,1953964,818000,776896,5882000,846000,894716,3928036,28000,117820
20260112,2408,南亞科,225.5,239.0,222.0,239.0,+,21.5,15870590,3660092159.0,2772975,7927,542688,5745770,9000,1646837,2972795,1073,1104149
20260112,00922,國泰台灣領袖50,27.38,27.41,27.22,27.31,+,0.16,9055173,247376006.0,3205000,0,-88679,3220000,0,2822950,15000,0,2911629
20260112,2889,國票金,16.75,17.0,16.75,17.0,+,0.25,5236959,88388208.0,3070856,-4000,-1000,3680856,0,0,610000,4000,1000
20260112,2208,台船,20.05,20.75,19.9,20.65,+,0.55,5951184,121643922.0,3036308,3000,1000,3211308,3000,1000,175000,0,0
20260112,2610,華航,20.65,20.8,20.5,20.75,+,0.3,21707249,448991457.0,4871138,-1824000,-225176,10988097,5000,652500,6116959,1829000,877676
20260112,1711,永光,21.2,22.3,21.1,21.85,+,0.8,14235244,313130788.0,2690143,0,81841,4979000,0,91895,2288857,0,10054
20260112,1609,大亞,38.3,39.9,38.3,39.7,+,1.6,6612094,258828747.0,2496168,-61000,260076,3201971,0,279810,705803,61000,19734
20260112,9933,中鼎,31.6,32.35,31.4,32.15,+,0.55,3984028,127686176.0,2447925,-76000,288695,2821925,0,300695,374000,76000,12000
20260112,2344,華邦電,98.1,102.5,96.5,102.0,+,4.2,56471038,5640623149.0,2498529,14487,145543,13241742,16000,2637157,10743213,1513,2491614
20260112,2377,微星,98.2,100.5,97.4,100.0,+,2.6,13094714,1302279294.0,2432065,98671,111588,5661518,404000,143882,3229453,305329,32294
20260112,3167,大量,223.5,238.5,221.5,232.0,+,11.5,12189501,2819632946.0,2201985,254000,148965,4449285,254000,184752,2247300,0,35787
20260112,6153,嘉聯益,15.25,15.8,15.2,15.65,+,0.55,4643436,72557088.0,2486441,0,98000,3027000,0,110000,540559,0,12000
20260112,3305,昇貿,112.5,121.5,111.0,121.5,+,11.0,26286338,3109709523.0,2080955,0,472870,6237000,0,562499,4156045,0,89629
20260112,3028,增你強,39.5,41.95,39.5,41.3,+,2.45,7890453,323888937.0,2468000,0,-984,3471000,0,1016,1003000,0,2000
20260112,2374,佳能,78.9,80.6,78.6,79.9,+,1.5,5909689,470795349.0,2261801,-10000,78940,2699000,0,80940,437199,10000,2000
20260112,1102,亞泥,37.1,37.6,37.0,37.5,+,0.4,6289612,235531119.0,4530348,-2296272,6000,5328609,9000,14000,798261,2305272,8000
20260112,1519,華城,794.0,829.0,791.0,817.0,+,31.0,8598836,6953053573.0,2079782,107563,31224,3766690,109000,345250,1686908,1437,314026
20260112,00909,國泰數位支付服務,42.25,42.45,42.2,42.36,+,0.46,5365600,227190974.0,2653802,0,-543886,2887102,0,1202114,233300,0,1746000
20260112,6213,聯茂,115.5,117.5,115.0,117.0,+,2.5,6164970,719332358.0,2079965,0,14675,2820000,0,94043,740035,0,79368
20260112,4142,國光生,20.2,20.7,20.2,20.45,+,0.5,4442730,91217755.0,2080000,0,0,2358000,0,0,278000,0,0
20260112,2891,中信金,50.0,50.4,49.8,50.0,+,0.3,23012022,1149960884.0,10175315,-8117838,1184,17649125,13000,523663,7473810,8130838,522479
20260112,2603,長榮,195.5,196.0,193.5,195.5,+,2.0,7398786,1442898558.0,3017228,-795930,-164293,4871546,1000,126477,1854318,796930,290770
20260112,5243,乙盛-KY,79.9,83.8,79.6,82.9,+,4.0,4750208,390200763.0,1976000,0,56521,2496000,0,59030,520000,0,2509
20260112,3189,景碩,172.5,182.5,172.5,181.0,+,12.5,31251113,5598128879.0,1168682,357000,484543,10015692,360000,863831,8847010,3000,379288
20260112,2049,上銀,199.0,206.0,196.5,205.5,+,8.5,4107968,830914855.0,1790102,-1000,141941,2537372,0,160146,747270,1000,18205
20260112,3380,明泰,32.0,33.35,32.0,33.0,+,1.35,5321858,175315612.0,1848796,0,79092,2586000,0,90095,737204,0,11003
20260112,2009,第一銅,48.75,49.9,48.3,49.9,+,2.2,11290481,555558291.0,1815187,0,104911,3814000,0,177056,1998813,0,72145
20260112,2855,統一證,26.75,26.9,26.5,26.65,+,0.15,5658723,151138895.0,1912476,-41000,0,3110476,2000,0,1198000,43000,0
20260112,3673,TPK-KY,41.5,43.15,41.3,43.1,+,2.0,3725731,158907564.0,1620000,0,235896,2096000,0,251495,476000,0,15599
20260112,6257,矽格,119.0,121.5,118.0,119.5,+,2.0,14163924,1696247865.0,2382428,-138000,-418267,5957100,109000,573577,3574672,247000,991844
20260112,2630,亞航,52.3,55.6,51.6,54.7,+,1.3,10808013,588016540.0,1662000,0,90407,3568000,0,164761,1906000,0,74354
20260112,2406,國碩,28.0,28.05,27.5,28.05,+,2.55,18465894,517713645.0,1520000,0,178995,2200000,0,182995,680000,0,4000
20260112,9955,佳龍,32.1,33.55,32.1,33.55,+,3.05,5171602,171017118.0,1698000,0,77,2255000,0,77,557000,0,0
20260112,2355,敬鵬,31.8,34.15,31.8,33.95,+,2.25,8221934,275915591.0,1513700,-8137,189871,2834000,0,208067,1320300,8137,18196
20260112,00733,富邦臺灣中小,48.32,49.05,48.32,48.89,+,0.75,2169083,105967780.0,241000,0,1428003,262000,0,1620003,21000,0,192000
20260112,2478,大毅,63.0,66.3,62.7,65.0,+,2.8,3810378,248435514.0,1641000,0,13145,2125000,0,15145,484000,0,2000
20260112,1608,華榮,37.6,38.2,37.35,38.05,+,0.75,6112349,231599281.0,1510000,-12909,128629,2924000,0,164379,1414000,12909,35750
20260112,2347,聯強,64.4,64.5,63.2,64.2,+,0.3,6251917,400481606.0,705720,980254,-66204,2653000,1321000,53804,1947280,340746,120008
20260112,2356,英業達,43.05,43.9,43.0,43.65,+,0.75,10732077,467203716.0,674572,616000,328253,4625372,827000,358253,3950800,211000,30000
20260112,1905,華紙,11.95,12.25,11.85,12.15,+,0.2,3253554,39203157.0,1589807,0,6063,1899000,0,12063,309193,0,6000
20260112,2520,冠德,32.95,33.75,32.65,33.65,+,0.9,2451761,81753996.0,1567000,-2900,28377,1829000,0,33343,262000,2900,4966
20260112,8033,雷虎,150.0,162.0,148.0,156.5,+,5.5,20476539,3216020014.0,1501700,0,69048,5925900,0,261177,4424200,0,192129
20260112,3135,凌航,103.5,103.5,99.9,103.5,+,9.0,5792522,598376280.0,1478500,0,58483,1741000,0,58483,262500,0,0
20260112,2316,楠梓電,98.5,103.0,98.5,101.0,+,3.3,5734308,582251806.0,1328000,-124000,326483,2674000,0,338282,1346000,124000,11799
20260112,1313,聯成,10.3,10.65,10.2,10.35,+,0.3,5066534,52861232.0,1511000,0,1000,2532000,0,5000,1021000,0,4000
20260112,00930,永豐ESG低碳高息,17.71,17.86,17.71,17.82,+,0.11,1637336,29189399.0,6000,0,1431027,8000,0,1526027,2000,0,95000
20260112,2375,凱美,90.7,96.2,90.7,93.9,+,3.3,4454175,420206041.0,1420550,0,11890,2233550,0,30033,813000,0,18143
20260112,2352,佳世達,24.2,24.65,23.9,24.5,+,0.4,5734547,140243533.0,1500900,-93000,22587,2856000,1000,54587,1355100,94000,32000
20260112,3714,富采,34.95,36.0,34.75,35.3,+,0.35,3743977,132763297.0,1420845,0,-4341,1976000,0,10000,555155,0,14341
20260112,00944,野村趨勢動能高息,14.97,15.03,14.96,14.97,+,0.08,1500198,22490960.0,10000,0,1402748,22000,0,1414748,12000,0,12000
20260112,1434,福懋,16.0,16.3,16.0,16.25,+,0.35,3232335,52258938.0,1944371,-546000,1000,2267371,1000,1000,323000,547000,0
20260112,2637,慧洋-KY,70.9,72.0,69.6,71.7,+,0.4,5139984,365763921.0,2264000,-732487,-137073,3528000,1000,50692,1264000,733487,187765
20260112,6239,力成,210.5,220.0,206.5,220.0,+,20.0,26466782,5693749747.0,-641757,1077000,911109,6674129,1194000,1165040,7315886,117000,253931
20260112,6269,台郡,57.0,60.4,57.0,60.0,+,3.4,2453520,144566300.0,1036000,0,291150,1385000,0,297215,349000,0,6065
20260112,3708,上緯投控,111.5,121.5,111.0,119.5,+,9.0,4011099,474240165.0,1178822,-11000,150782,1618000,0,151162,439178,11000,380
20260112,2332,友訊,14.85,15.4,14.75,15.35,+,0.55,3096398,47005211.0,1177000,0,130509,1826000,0,132509,649000,0,2000
20260112,4906,正文,26.3,27.3,26.25,27.25,+,0.95,2848913,76666939.0,1328022,-10855,-37912,1678000,0,10223,349978,10855,48135
20260112,00932,兆豐永續高息等權,14.6,14.7,14.6,14.68,+,0.13,1325454,19454245.0,5000,0,1254619,5000,0,1254619,0,0,0
20260112,4958,臻鼎-KY,145.5,158.5,145.5,158.5,+,14.0,20185651,3154316825.0,1667258,-800000,340745,5886100,3000,692199,4218842,803000,351454
20260112,00902,中信電池及儲能,13.49,13.53,13.32,13.46,+,0.06,2464252,33140250.0,1572000,0,-384869,1617000,0,328421,45000,0,713290
20260112,2867,三商壽,7.8,7.8,7.7,7.74,-,0.05,13743131,106338915.0,1181711,0,-16000,4885000,0,8000,3703289,0,24000
20260112,2104,國際中橡,11.15,11.45,11.05,11.35,+,0.4,2539083,28655324.0,1138519,0,17969,1633000,0,19000,494481,0,1031
20260112,2324,仁寶,29.7,31.6,29.7,30.35,+,0.8,34610054,1058546974.0,1287333,-491000,357108,16120278,50000,629905,14832945,541000,272797
20260112,9938,百和,53.0,53.9,52.6,53.8,+,1.1,2233077,119436230.0,1437044,-309000,-39,1774324,0,11000,337280,309000,11039
20260112,2880,華南金,31.85,32.2,31.7,32.1,+,0.25,8931155,286235157.0,122155,888870,75000,4232676,1569000,83000,4110521,680130,8000
20260112,00901,永豐智能車供應鏈,26.51,26.55,26.41,26.5,+,0.3,1576299,41749267.0,71000,0,999173,73000,0,1427188,2000,0,428015
20260112,6806,森崴能源,38.75,40.4,38.65,40.05,+,1.2,1988912,79143947.0,1056482,0,-1498,1272000,0,2502,215518,0,4000
20260112,1402,遠東新,28.35,28.5,28.25,28.4,+,0.05,5458500,154889070.0,2175180,-1059000,-95000,4192720,6000,11000,2017540,1065000,106000
20260112,2401,凌陽,20.45,20.9,20.3,20.7,+,0.45,2394790,49512208.0,981000,0,19859,1330000,0,25469,349000,0,5610
20260112,2614,東森,22.35,23.15,22.35,23.0,+,0.75,1976740,44957730.0,968830,-11000,-21949,1320000,0,1051,351170,11000,23000
20260112,00850,元大臺灣ESG永續,57.85,58.2,57.85,57.95,+,0.45,1713373,99353437.0,39086,0,878490,129086,0,949457,90000,0,70967
20260112,2399,映泰,25.1,27.25,25.0,27.05,+,2.25,15474639,413856132.0,914700,0,903,4494000,0,903,3579300,0,0
20260112,1310,台苯,8.7,9.0,8.67,8.75,+,0.11,3021885,26713638.0,877000,0,-132,1315000,0,3000,438000,0,3132
20260112,4919,新唐,53.1,55.0,52.5,55.0,+,2.0,2985206,161570414.0,780178,0,71777,1568000,0,81842,787822,0,10065
20260112,5469,瀚宇博,96.3,98.4,95.5,97.0,+,1.6,8994019,872329217.0,899577,-1000,-52170,2901162,0,133316,2001585,1000,185486
20260112,2103,台橡,15.1,15.35,15.0,15.25,+,0.2,1691690,25734407.0,852998,0,-8000,1068000,0,0,215002,0,8000
20260112,2504,國產,37.5,38.0,37.45,38.0,+,0.65,2456623,92851240.0,1236000,-389137,-18143,1731000,0,15,495000,389137,18158
20260112,2419,仲琦,26.1,28.15,25.75,28.15,+,2.55,7266331,201452561.0,953920,0,-127043,1604000,0,60007,650080,0,187050
20260112,00951,台新日本半導體,12.17,12.52,12.17,12.44,+,0.34,2873374,35591642.0,1665000,0,-840012,1713000,0,37988,48000,0,878000
20260112,5388,中磊,78.6,80.2,78.0,79.9,+,1.4,3394180,269458133.0,805331,0,11508,1737000,0,14971,931669,0,3463
20260112,6962,奕力-KY,37.8,38.2,37.5,38.2,+,0.7,1805310,68379724.0,806800,0,-1962,917800,0,12038,111000,0,14000
20260112,6282,康舒,48.1,50.1,48.05,48.75,+,3.2,153881588,7577062656.0,-2063547,45000,2820846,38096445,100000,4322003,40159992,55000,1501157
20260112,00949,復華日本龍頭,18.87,19.2,18.87,19.17,+,0.43,2230519,42580776.0,1551252,0,-760187,1555252,0,275112,4000,0,1035299
20260112,4739,康普,68.9,73.0,68.2,71.3,+,3.2,2036599,143327378.0,786467,-41000,36690,1035467,0,74311,249000,41000,37621
20260112,9958,世紀鋼,133.5,140.0,133.0,139.0,+,6.5,1646789,225975279.0,717366,-14000,48792,1004500,1000,57795,287134,15000,9003
20260112,1727,中華化,45.6,48.1,45.2,47.0,+,1.4,9459200,445241850.0,748000,0,-980,2471000,0,7000,1723000,0,7980
20260112,7769,鴻勁,3305.0,3445.0,3295.0,3445.0,+,150.0,1622823,5499487730.0,593969,125950,18385,927334,126000,39642,333365,50,21257
20260112,2498,宏達電,46.35,46.7,46.15,46.25,+,0.3,4709598,218283845.0,727875,-2000,7495,1540032,0,33000,812157,2000,25505
20260112,00907,永豐優息存股,15.39,15.44,15.36,15.43,+,0.04,943537,14540327.0,6000,0,726997,7000,0,771000,1000,0,44003
20260112,3047,訊舟,17.9,18.75,17.85,18.5,+,0.6,2597436,48055476.0,714000,0,-61,1036000,0,0,322000,0,61
20260112,3406,玉晶光,464.0,474.0,461.5,463.0,+,7.0,1802804,843682562.0,666569,-31000,75330,1051769,1000,146376,385200,32000,71046
20260112,2379,瑞昱,513.0,558.0,513.0,539.0,+,29.0,4499719,2416416257.0,511613,-184216,381130,2108183,21000,460326,1596570,205216,79196
20260112,5608,四維航,18.1,18.15,17.75,18.0,+,0.1,1779196,32018254.0,702000,0,693,1060000,0,693,358000,0,0
20260112,6120,達運,12.6,13.4,12.55,13.25,+,0.8,4497664,58857002.0,687000,0,14000,1758000,0,15000,1071000,0,1000
20260112,00960,野村全球航運龍頭,15.1,15.1,15.02,15.05,-,0.05,1149402,17296529.0,-9000,0,699000,2000,0,709000,11000,0,10000
20260112,2365,昆盈,35.05,35.5,34.85,35.45,+,0.6,1640532,57793809.0,686305,0,-232,820305,0,0,134000,0,232
20260112,1522,堤維西,46.6,47.5,46.5,46.8,+,1.35,1529344,71731250.0,689000,-6523,-1257,899000,0,2949,210000,6523,4206
20260112,6753,龍德造船,133.5,141.5,132.0,138.0,+,4.0,2771429,382365805.0,584000,0,95834,1084000,0,164187,500000,0,68353
20260112,3022,威強電,65.5,68.0,65.0,67.8,+,2.7,1510983,101000458.0,653648,0,3580,786648,0,13228,133000,0,9648
20260112,2354,鴻準,59.1,59.8,59.1,59.6,+,0.7,3826698,227718108.0,638907,1000,16508,1539907,4000,57201,901000,3000,40693
20260112,2328,廣宇,48.0,48.7,47.85,48.3,+,0.8,2199351,106304899.0,623786,0,7907,893000,0,31368,269214,0,23461
20260112,1721,三晃,15.5,15.65,15.2,15.35,,0.0,2581903,39708034.0,628000,0,-2000,783000,0,0,155000,0,2000
20260112,4526,東台,31.8,32.7,31.8,32.1,+,0.9,3805312,122905408.0,618000,0,3310,1460000,0,3317,842000,0,7
20260112,00701,國泰股利精選30,29.33,29.48,29.3,29.32,+,0.01,1641965,48202497.0,194000,0,421051,234000,0,846000,40000,0,424949
20260112,00934,中信成長高股息,21.66,21.82,21.59,21.79,+,0.32,4297010,93409210.0,-146000,0,758973,219000,0,1554464,365000,0,795491
20260112,00892,富邦台灣半導體,23.41,23.51,23.2,23.42,+,0.32,1182829,27687057.0,-26000,0,628181,18000,0,858542,44000,0,230361
20260112,2353,宏碁,26.3,27.0,26.25,26.85,+,0.6,42033532,1125049717.0,-403837,570744,433377,20381788,1516000,902807,20785625,945256,469430
20260112,9914,美利達,81.0,81.0,79.6,80.4,-,0.6,1463807,117211349.0,588750,0,4895,937000,0,12000,348250,0,7105
20260112,2439,美律,100.0,102.0,99.8,102.0,+,2.0,1892044,190985022.0,588000,-2754,2449,979000,0,19722,391000,2754,17273
20260112,1309,台達化,11.45,12.05,11.45,11.7,+,0.25,2225458,26178770.0,586585,0,-2,992585,0,0,406000,0,2
20260112,1589,永冠-KY,16.45,16.75,16.35,16.75,+,0.4,924862,15356113.0,583000,0,0,716000,0,0,133000,0,0
20260112,2305,全友,11.85,12.4,11.7,12.4,+,1.1,3625297,44683262.0,363000,0,217725,549000,0,217725,186000,0,0
20260112,2010,春源,21.1,21.45,21.1,21.4,+,0.35,2522511,53772781.0,439000,0,137000,980000,0,141000,541000,0,4000
20260112,1409,新纖,14.85,15.0,14.7,14.9,+,0.05,3869215,57461799.0,578000,0,-3589,1741000,0,3000,1163000,0,6589
20260112,2723,美食-KY,72.0,74.8,71.3,74.7,+,4.6,1556114,114167894.0,553000,0,1334,1135000,0,2334,582000,0,1000
20260112,1215,卜蜂,139.5,141.0,139.0,141.0,+,2.5,1075861,150892886.0,278000,251000,23302,533000,258000,28302,255000,7000,5000
20260112,3035,智原,168.5,172.0,167.5,170.5,+,3.0,2607044,442656476.0,302385,-1000,250658,929000,0,286551,626615,1000,35893
20260112,8996,高力,698.0,698.0,690.0,698.0,+,63.0,3615791,2522878351.0,483440,23000,31312,741000,43000,151312,257560,20000,120000
20260112,6477,安集,35.0,36.65,34.65,35.55,+,0.55,2045629,73349772.0,535000,0,1716,1008000,0,2000,473000,0,284
20260112,1304,台聚,11.25,11.6,11.15,11.35,+,0.25,5314153,60513181.0,530837,0,-278,2289837,0,1000,1759000,0,1278
20260112,2472,立隆電,111.0,114.0,110.5,111.0,+,1.0,4139786,464497024.0,608288,-107000,27980,1590780,0,127807,982492,107000,99827
20260112,3050,鈺德,13.5,13.75,13.4,13.7,+,0.5,1561575,21248828.0,496000,0,25000,727000,0,25000,231000,0,0
20260112,3704,合勤控,32.55,33.1,32.05,33.05,+,0.55,1646498,54030031.0,485927,0,17838,882200,0,18000,396273,0,162
20260112,2612,中航,61.5,62.1,60.3,62.1,+,1.3,1619561,99637785.0,529000,0,-31439,841000,0,3751,312000,0,35190
20260112,6446,藥華藥,518.0,523.0,514.0,517.0,+,5.0,1544346,800231299.0,500245,-10000,3074,791796,0,38074,291551,10000,35000
20260112,3025,星通,72.3,77.2,71.3,75.0,+,4.1,5104141,383746307.0,487952,0,2710,1435000,0,4065,947048,0,1355
20260112,1616,億泰,27.1,28.3,27.0,28.2,+,0.85,1559991,43440161.0,489000,0,-854,808000,0,0,319000,0,854
20260112,6285,啟碁,105.0,112.5,104.0,111.0,+,7.5,18527417,2029570882.0,-139369,37000,581510,4981100,37000,603583,5120469,0,22073
20260112,1611,中電,13.25,13.3,13.15,13.2,+,0.15,910791,12050351.0,478000,0,0,593000,0,0,115000,0,0
20260112,8222,寶一,42.95,45.2,41.7,43.95,+,1.15,4113474,180109250.0,472000,0,-1,1440000,0,0,968000,0,1
20260112,00905,FT臺灣Smart,18.22,18.3,18.2,18.26,+,0.18,1469007,26787904.0,34000,0,430567,47000,0,685000,13000,0,254433
20260112,1442,名軒,30.2,30.65,29.85,30.6,+,0.6,966222,29304577.0,458000,0,-349,735000,0,1311,277000,0,1660
20260112,1909,榮成,9.86,10.25,9.81,10.15,+,0.33,2984239,29845587.0,495000,0,-38661,943000,0,2339,448000,0,41000
20260112,2645,長榮航太,145.0,149.5,143.5,147.5,+,2.5,2699499,396883718.0,369266,1000,81873,1152000,1000,91406,782734,0,9533
20260112,1603,華電,38.6,39.3,38.6,39.0,+,0.65,1096689,42886441.0,437000,-4000,10000,496000,0,11000,59000,4000,1000
20260112,4564,元翎,17.2,17.65,16.9,16.95,-,0.25,1311913,22651579.0,440000,0,1812,580000,0,5000,140000,0,3188
20260112,2360,致茂,931.0,963.0,921.0,954.0,+,31.0,3263663,3085996799.0,637398,-237682,39072,2065792,2000,170768,1428394,239682,131696
20260112,6550,北極星藥業-KY,30.4,30.95,30.3,30.95,+,0.55,821364,25179902.0,434000,0,0,441000,0,0,7000,0,0
20260112,3701,大眾控,52.1,55.9,51.5,55.9,+,4.9,4006303,216984688.0,406316,0,27000,585316,0,32000,179000,0,5000
20260112,6005,群益證,27.0,27.05,26.55,26.65,-,0.15,7325542,195675206.0,1433000,-1000000,0,3995000,7000,0,2562000,1007000,0
20260112,8261,富鼎,90.2,91.4,89.2,90.5,+,1.7,785595,71260896.0,449000,-3000,-21969,531000,0,5317,82000,3000,27286
20260112,2492,華新科,125.0,130.0,124.0,125.0,+,1.0,8629727,1094306587.0,635950,0,-217049,2995000,0,160144,2359050,0,377193
20260112,3006,晶豪科,142.5,146.5,142.0,146.0,+,10.0,4257354,614253645.0,445162,0,-26868,745025,0,334132,299863,0,361000
20260112,1503,士電,175.0,177.0,172.0,175.5,+,1.5,2182794,382151986.0,332070,-1155,75921,862709,0,102728,530639,1155,26807
20260112,2905,三商,15.7,16.1,15.7,16.0,+,0.3,920972,14693317.0,407000,0,-5000,526000,0,0,119000,0,5000
20260112,00941,中信上游半導體,19.02,19.23,19.02,19.17,+,0.56,8739014,167583260.0,6053000,0,-5656302,6136000,0,863362,83000,0,6519664
20260112,2034,允強,20.85,21.3,20.65,21.2,+,0.45,2095665,44168066.0,312001,0,77078,869001,0,85000,557000,0,7922
20260112,3016,嘉晶,57.0,60.5,56.3,58.3,+,1.7,4759170,280494776.0,303844,0,79684,1551000,0,127565,1247156,0,47881
20260112,2351,順德,74.3,75.0,73.7,73.8,+,0.1,990497,73505284.0,378000,0,4243,493000,0,6883,115000,0,2640
20260112,2392,正崴,37.2,38.25,37.15,38.0,+,0.8,2078509,78712468.0,412086,0,-33794,845000,0,21369,432914,0,55163
20260112,1809,中釉,19.05,19.8,19.0,19.3,+,0.55,3083448,60147983.0,375000,0,2000,974000,0,3000,599000,0,1000
20260112,8404,百和興業-KY,24.1,24.85,23.9,24.75,+,0.85,1660322,40689328.0,380000,-5000,-184,625000,0,0,245000,5000,184
20260112,00893,國泰智能電動車,33.0,33.03,32.97,32.99,+,0.08,1127556,37211149.0,439000,0,-65922,439000,0,424000,0,0,489922
20260112,2457,飛宏,28.25,29.0,28.05,28.1,+,0.1,3888831,110653069.0,310841,0,57262,1370000,0,73193,1059159,0,15931
20260112,6215,和椿,108.5,110.0,106.5,108.0,+,4.0,1525499,164761017.0,361000,0,6182,522000,0,11765,161000,0,5583
20260112,4976,佳凌,30.05,30.9,30.05,30.7,+,0.8,658272,20226536.0,366000,0,-533,413000,0,0,47000,0,533
20260112,1449,佳和,12.4,12.4,12.1,12.4,+,1.1,3394435,42054070.0,425960,0,-68166,484000,0,31834,58040,0,100000
20260112,4956,光鋐,20.2,21.0,20.2,20.6,+,0.45,970274,20039950.0,352000,0,2794,460000,0,5000,108000,0,2206
20260112,00643,群益深証中小,18.06,18.34,18.03,18.29,+,0.3,3772048,68788956.0,316000,0,37647,357000,0,3138220,41000,0,3100573
20260112,00954,中信日本半導體,13.1,13.38,13.1,13.31,+,0.35,1696625,22576611.0,984000,0,-634163,989000,0,55256,5000,0,689419
20260112,2542,興富發,40.25,40.35,39.65,39.7,-,0.2,5160014,206099367.0,560072,-278000,67113,2854748,0,112612,2294676,278000,45499
20260112,1104,環泥,29.9,30.4,29.9,30.15,+,0.25,678172,20478836.0,346000,0,2940,400000,0,8000,54000,0,5060
20260112,00639,富邦深100,15.65,15.76,15.45,15.76,+,0.17,1401469,21850706.0,-23000,0,371619,72000,0,1017500,95000,0,645881
20260112,1529,樂事綠能,20.3,20.6,20.0,20.55,+,1.15,2789541,56732671.0,347000,0,-35,824000,0,0,477000,0,35
20260112,00923,群益台ESG低碳50,27.5,27.56,27.37,27.42,+,0.16,1576630,43277375.0,85300,0,259851,97300,0,683064,12000,0,423213
20260112,00943,兆豐電子高息等權,14.56,14.68,14.56,14.68,+,0.22,393252,5750254.0,0,0,342955,3000,0,345325,3000,0,2370
20260112,6133,金橋,22.0,22.1,21.3,21.4,+,1.1,3468429,75171860.0,340000,0,50,1082000,0,50,742000,0,0
20260112,3042,晶技,80.8,81.4,80.3,81.3,+,0.9,1427178,115330693.0,327000,-12000,20270,721000,0,24900,394000,12000,4630
20260112,1210,大成,51.5,51.8,51.4,51.6,+,0.4,1001751,51722936.0,429001,-101000,5000,584001,0,6000,155000,101000,1000
20260112,1504,東元,84.0,84.5,83.3,83.6,+,0.2,9593660,804364330.0,493366,-262729,101887,3362424,0,141333,2869058,262729,39446
20260112,6192,巨路,113.0,115.5,112.5,115.0,+,4.5,769437,87920503.0,428000,0,-101000,463000,0,2000,35000,0,103000
20260112,2495,普安,32.2,33.8,32.15,32.5,+,0.5,7925353,261687195.0,323000,0,2624,1901050,0,8231,1578050,0,5607
20260112,6670,復盛應用,265.0,272.5,264.5,272.0,+,9.0,892573,240522239.0,486000,-207094,45251,661000,0,46251,175000,207094,1000
20260112,8103,瀚荃,96.1,97.6,93.3,96.0,+,0.9,3237493,308786599.0,397811,85000,-160951,1176000,85000,49,778189,0,161000
20260112,6108,競國,14.4,15.25,14.35,15.15,+,0.8,1517631,22547355.0,325000,0,-4001,386000,0,0,61000,0,4001
20260112,2233,宇隆,213.0,223.0,212.0,220.0,+,11.0,1986437,433694940.0,222000,75000,23647,738000,75000,28684,516000,0,5037
20260112,8213,志超,33.7,35.45,33.7,34.75,+,1.3,1757765,61241057.0,318000,0,0,636000,0,0,318000,0,0
20260112,3026,禾伸堂,104.0,106.0,103.5,105.0,+,1.0,1008087,105884309.0,315000,-5000,5021,601000,0,13021,286000,5000,8000
20260112,2613,中櫃,24.0,24.5,23.85,24.35,+,0.35,497134,12064666.0,292000,0,21000,350000,0,21000,58000,0,0
20260112,8464,億豐,380.0,394.0,378.5,394.0,+,17.0,866088,335634712.0,300810,-2687,14640,751810,0,17641,451000,2687,3001
20260112,3321,同泰,19.0,20.0,18.95,19.9,+,0.9,1111179,21660353.0,307000,0,0,430000,0,0,123000,0,0
20260112,1612,宏泰,34.35,34.95,34.35,34.6,+,0.5,793209,27487397.0,311000,0,-4047,463000,0,1075,152000,0,5122
20260112,6923,中台,101.5,106.0,101.5,104.0,+,3.0,844057,88257227.0,293157,0,9162,404157,0,13050,111000,0,3888
20260112,3703,欣陸,23.05,23.4,22.8,23.4,+,0.35,1327029,30713316.0,144000,0,157000,577000,0,190000,433000,0,33000
20260112,1325,恆大,31.3,31.75,31.15,31.2,+,0.55,861763,27096392.0,297998,0,0,408000,0,0,110002,0,0
20260112,2383,台光電,1565.0,1610.0,1555.0,1610.0,+,45.0,3348576,5318295400.0,376029,-75248,-4369,1896325,2200,79277,1520296,77448,83646
20260112,00926,凱基全球菁英55,23.61,23.68,23.61,23.63,+,0.07,1113510,26327749.0,12000,0,280132,21000,0,733132,9000,0,453000
20260112,6206,飛捷,91.9,94.5,91.9,94.3,+,3.0,1028609,96284914.0,291200,-2612,-1891,536200,0,6116,245000,2612,8007
20260112,4770,上品,251.0,262.0,250.0,253.5,+,9.0,1463651,374011398.0,212066,0,74297,574000,0,78300,361934,0,4003
20260112,1536,和大,54.3,54.7,54.1,54.2,+,0.2,1357070,73653615.0,283999,0,1422,504000,0,9000,220001,0,7578
20260112,3041,揚智,27.2,27.2,26.05,26.45,+,1.7,5792608,156519473.0,260000,0,18868,1043000,0,24410,783000,0,5542
20260112,4934,太極,14.05,15.1,14.05,14.5,+,0.45,1131439,16536309.0,274000,0,1000,384000,0,2000,110000,0,1000
20260112,6869,雲豹能源,91.5,93.2,91.2,92.7,+,1.3,864638,79789148.0,266445,0,2000,513000,0,3000,246555,0,1000
20260112,2431,聯昌,11.75,12.1,11.75,12.0,+,0.2,511769,6134169.0,267000,0,0,299000,0,0,32000,0,0
20260112,1305,華夏,11.3,11.85,11.2,11.6,+,0.45,3249763,37539625.0,265000,0,1837,852000,0,5024,587000,0,3187
20260112,6505,台塑化,48.2,48.75,47.95,48.55,+,0.95,3709041,179344290.0,288095,-16959,-13430,1780569,0,46593,1492474,16959,60023
20260112,3694,海華,60.0,62.5,60.0,61.8,+,3.3,2059430,126413516.0,224545,0,31585,637783,0,33365,413238,0,1780
20260112,4915,致伸,80.0,80.3,79.2,80.0,+,0.6,2069478,165219268.0,512856,-256673,-2059,1330000,0,1941,817144,256673,4000
20260112,00921,兆豐龍頭等權重,17.82,17.87,17.8,17.86,+,0.05,674824,12039647.0,9000,0,244307,31000,0,360307,22000,0,116000
20260112,1514,亞力,98.6,99.6,97.1,99.0,+,1.2,2928619,289034836.0,230687,0,22028,1181687,0,30645,951000,0,8617
20260112,1713,國化,48.4,51.7,47.45,51.4,+,4.1,3136872,159274107.0,249000,0,-37,475000,0,963,226000,0,1000
20260112,3532,台勝科,115.0,121.5,114.5,121.0,+,10.5,8842980,1062872024.0,67905,0,179498,2149000,0,299388,2081095,0,119890
20260112,2425,承啟,30.6,31.7,30.6,31.5,+,1.45,711520,22256938.0,246000,0,0,392000,0,0,146000,0,0
20260112,0061,元大寶滬深,23.85,24.06,23.82,24.02,+,0.2,364743,8745399.0,50000,0,194782,50000,0,219016,0,0,24234
20260112,2913,農林,13.3,13.4,13.2,13.3,+,0.05,1018855,13531869.0,243000,0,-1000,355000,0,0,112000,0,1000
20260112,6405,悅城,30.0,32.45,30.0,31.7,+,1.85,1561980,49510140.0,241000,0,-1693,440000,0,307,199000,0,2000
20260112,4968,立積,125.5,128.0,125.5,127.5,+,3.5,836454,106157662.0,236000,0,2527,349000,0,7787,113000,0,5260
20260112,3712,永崴投控,24.7,25.1,24.7,24.9,,0.0,811217,20212450.0,235000,0,-1025,432000,0,1000,197000,0,2025
20260112,8104,錸寶,31.8,33.0,31.45,32.4,+,0.95,860076,27714594.0,232350,0,0,298000,0,0,65650,0,0
20260112,4949,有成精密,37.5,38.35,37.3,38.15,+,1.3,378982,14409435.0,229000,0,3000,255000,0,3000,26000,0,0
20260112,2302,麗正,17.9,18.65,17.9,18.05,+,0.35,720839,13248346.0,235000,-3000,0,331000,0,0,96000,3000,0
20260112,2426,鼎元,16.5,16.95,16.45,16.8,+,0.3,636183,10669442.0,228000,0,-1716,313000,0,1000,85000,0,2716
20260112,7786,東方風能,167.0,172.5,165.0,168.0,-,3.0,803139,135462782.0,220006,0,1000,342006,0,2000,122000,0,1000
20260112,3607,谷崧,14.3,14.7,14.3,14.5,+,0.3,373216,5430586.0,216000,0,3000,248000,0,3000,32000,0,0
20260112,4961,天鈺,148.0,148.5,145.5,147.5,+,0.5,974444,143538881.0,190742,22000,4098,411000,22000,7110,220258,0,3012
20260112,8341,日友,78.6,85.1,78.6,85.1,+,7.7,1298355,109268090.0,210000,0,4574,346000,0,30514,136000,0,25940
20260112,1618,合機,41.2,42.1,41.15,41.85,+,0.85,823774,34376584.0,213398,0,0,431000,0,0,217602,0,0
20260112,2031,新光鋼,38.65,39.35,38.6,39.25,+,0.7,1002797,39109893.0,234474,0,-22745,481474,0,25000,247000,0,47745
20260112,1723,中碳,69.4,70.4,69.1,70.4,+,1.0,558268,39008562.0,210737,0,0,281000,0,0,70263,0,0
20260112,2006,東和鋼鐵,67.8,69.4,67.6,69.0,+,1.2,1777980,122163156.0,781000,-534742,-38000,1215000,0,0,434000,534742,38000
20260112,6414,樺漢,291.5,293.5,288.5,293.5,+,5.5,751305,218988904.0,177433,16000,14482,373000,29000,20408,195567,13000,5926
20260112,6456,GIS-KY,42.35,42.95,41.9,42.9,+,1.05,788170,33590878.0,184983,0,22280,492000,0,23280,307017,0,1000
20260112,3209,全科,32.1,32.55,32.1,32.35,+,0.25,519037,16786518.0,207000,0,0,269000,0,0,62000,0,0
20260112,2427,三商電,26.55,26.85,26.55,26.7,+,0.3,705492,18862997.0,206000,0,0,292000,0,0,86000,0,0
20260112,2417,圓剛,39.1,40.1,38.8,39.8,+,0.85,784507,30908828.0,197000,0,4000,311000,0,4000,114000,0,0
20260112,3356,奇偶,47.15,47.6,46.95,47.45,+,0.9,330421,15664151.0,201000,0,-15,223000,0,0,22000,0,15
20260112,9136,巨騰-DR,8.06,8.22,8.04,8.2,+,0.15,706600,5765271.0,200000,0,0,222000,0,0,22000,0,0
20260112,1710,東聯,12.55,12.75,12.4,12.65,+,0.1,1346121,16920958.0,197000,0,-637,549000,0,0,352000,0,637
20260112,5222,全訊,130.5,134.0,130.0,132.5,+,3.5,773483,102493548.0,301805,-118000,12448,377000,0,18053,75195,118000,5605
20260112,6191,精成科,114.0,116.5,113.5,116.5,+,2.5,11243149,1297368612.0,-60000,201000,46935,2677120,201000,211397,2737120,0,164462
20260112,5607,遠雄港,49.4,50.2,49.25,49.55,+,0.85,716492,35605087.0,181000,0,6000,293000,0,6000,112000,0,0
20260112,6672,騰輝電子-KY,92.2,94.8,91.0,93.4,+,2.4,1333021,124618597.0,186000,0,0,480000,0,0,294000,0,0
20260112,2331,精英,23.2,24.2,23.1,23.85,+,0.85,5929103,140649398.0,-225000,300000,105234,1736000,300000,139291,1961000,0,34057
20260112,2023,燁輝,14.8,15.0,14.75,14.8,,0.0,1105534,16444631.0,180000,0,0,608000,0,0,428000,0,0
20260112,1471,首利,9.7,9.91,9.55,9.77,-,0.01,663139,6491884.0,180000,0,-1000,223000,0,0,43000,0,1000
20260112,00897,富邦基因免疫生技,9.27,9.29,9.24,9.27,-,0.03,1411820,13084433.0,988500,0,-810245,1002500,0,177217,14000,0,987462
20260112,4585,達明,335.0,356.0,334.0,351.5,+,15.5,754851,262208203.0,170930,0,7279,267000,0,9055,96070,0,1776
20260112,8163,達方,30.15,30.55,30.15,30.45,+,0.4,468770,14247454.0,192000,-7711,-6448,265000,0,1157,73000,7711,7605
20260112,6272,驊陞,41.55,43.25,41.55,42.05,+,0.55,857713,36262756.0,177000,0,0,251000,0,0,74000,0,0
20260112,3004,豐達科,112.0,116.0,111.0,116.0,+,5.0,712128,81315768.0,108894,0,67073,215000,0,73552,106106,0,6479
20260112,2032,新鋼,16.5,16.95,16.5,16.75,+,0.5,1402693,23419605.0,174000,0,0,425000,0,0,251000,0,0
20260112,2611,志信,14.95,15.1,14.8,15.1,+,0.3,384767,5760541.0,174000,0,0,185000,0,0,11000,0,0
20260112,2468,華經,41.1,41.35,40.7,40.95,+,0.55,375499,15405353.0,172000,0,-1000,241000,0,0,69000,0,1000
20260112,00690,兆豐藍籌30,46.67,47.09,46.67,47.0,+,0.37,370380,17392621.0,1325,0,162182,2000,0,203198,675,0,41016
20260112,3605,宏致,60.0,62.2,60.0,62.2,+,2.3,1536071,93710937.0,185000,0,-23635,441000,0,5718,256000,0,29353
20260112,3031,佰鴻,19.4,19.9,19.4,19.75,+,0.35,348609,6879081.0,161000,0,0,218000,0,0,57000,0,0
20260112,1308,亞聚,13.15,13.5,13.05,13.35,+,0.4,1785447,23734869.0,154686,0,-3,768686,0,0,614000,0,3
20260112,6591,動力-KY,73.8,74.9,73.8,74.5,+,0.8,373686,27803433.0,153000,0,200,215000,0,200,62000,0,0
20260112,7750,新代,873.0,893.0,872.0,887.0,+,32.0,336895,297884809.0,156000,0,-2927,192000,0,73,36000,0,3000
20260112,1597,直得,73.2,75.0,73.2,74.4,+,1.6,275476,20456393.0,150000,0,987,172000,0,2987,22000,0,2000
20260112,4566,時碩工業,56.2,57.4,56.1,56.9,+,0.9,388432,22154096.0,150900,0,0,193900,0,0,43000,0,0
20260112,2236,百達-KY,113.5,118.5,113.5,114.5,+,2.0,523317,60952874.0,174386,0,-24000,270535,0,0,96149,0,24000
20260112,2204,中華,58.6,59.4,58.3,58.8,+,1.0,1375077,81082276.0,175000,-27643,2260,653000,0,2745,478000,27643,485
20260112,2493,揚博,127.0,129.0,123.5,127.0,+,3.0,2862400,362405794.0,214482,0,-66572,966000,0,27345,751518,0,93917
20260112,6152,百一,10.4,11.15,10.25,11.05,+,0.8,1600715,17324903.0,145000,0,2682,276000,0,4682,131000,0,2000
20260112,2607,榮運,57.8,57.9,57.5,57.9,+,0.3,385552,22267416.0,146713,-3000,3000,243000,0,3000,96287,3000,0
20260112,1464,得力,11.15,11.4,11.15,11.3,+,0.15,435800,4912141.0,146000,0,0,186000,0,0,40000,0,0
20260112,8476,台境*,18.8,18.8,18.8,18.8,+,1.7,1016048,19101699.0,-12000,0,157576,0,0,157576,12000,0,0
20260112,6442,光聖,1390.0,1450.0,1355.0,1415.0,+,15.0,5647614,7944820560.0,-6375,91967,58438,1596230,119000,92972,1602605,27033,34534
20260112,2420,新巨,50.1,51.1,50.1,50.8,+,0.8,282997,14350672.0,144000,0,0,161000,0,0,17000,0,0
20260112,6438,迅得,137.0,140.0,137.0,140.0,+,3.0,419466,58127338.0,146000,0,-2001,204000,0,0,58000,0,2001
20260112,2606,裕民,61.9,62.4,60.8,61.9,-,0.3,5869880,362302005.0,793000,-616101,-34311,2947000,0,52148,2154000,616101,86459
20260112,6271,同欣電,123.0,127.5,121.5,126.5,+,3.5,3041378,378691286.0,-127283,42000,226664,748017,42000,273386,875300,0,46722
20260112,3024,憶聲,11.05,11.15,10.9,11.15,+,0.05,821056,9053331.0,140000,0,0,285000,0,0,145000,0,0
20260112,3015,全漢,51.3,52.5,51.3,52.2,+,1.4,327344,17027340.0,164000,-28186,3512,197000,0,7000,33000,28186,3488
20260112,2471,資通,51.9,52.8,51.4,52.0,+,2.2,373616,19355662.0,139000,0,0,156000,0,2000,17000,0,2000
20260112,3545,敦泰,52.2,53.2,51.7,53.1,+,0.3,1230446,64591322.0,135350,0,2671,438000,0,6202,302650,0,3531
20260112,6525,捷敏-KY,75.5,77.3,75.5,77.2,+,1.7,331896,25499793.0,135000,0,3000,150000,0,3000,15000,0,0
20260112,7788,松川精密,137.5,140.0,132.0,140.0,+,5.0,355423,49005530.0,139000,0,-1000,166000,0,0,27000,0,1000
20260112,00952,凱基台灣AI50,12.3,12.35,12.25,12.3,+,0.12,2592356,31941989.0,33000,0,100857,34000,0,1134635,1000,0,1033778
20260112,6909,創控,45.4,47.55,44.0,47.55,+,4.3,1507591,69875520.0,132000,0,1498,378000,0,1498,246000,0,0
20260112,2338,光罩,37.05,38.4,37.05,37.65,+,0.7,1422190,53794061.0,113000,0,18952,399000,0,39128,286000,0,20176
20260112,6112,邁達特,46.75,47.85,46.75,47.45,+,0.65,423746,20109248.0,131000,0,15,168000,0,145,37000,0,130
20260112,6589,台康生技,63.5,64.9,63.4,63.7,+,0.6,563934,36101526.0,131143,0,-479,250000,0,1000,118857,0,1479
20260112,00636,國泰中國A50,27.62,27.7,27.3,27.69,+,0.07,515610,14191719.0,37000,0,92936,39000,0,260057,2000,0,167121
20260112,6558,興能高,36.9,36.9,36.25,36.7,+,0.3,468355,17144085.0,128000,0,-548,202000,0,0,74000,0,548
20260112,5225,東科-KY,101.0,102.0,100.5,101.0,+,0.5,254444,25746550.0,121000,0,6162,138000,0,7162,17000,0,1000
20260112,2505,國揚,21.0,21.0,19.95,19.95,+,0.5,1940171,39612221.0,81000,0,46000,230000,0,59000,149000,0,13000
20260112,2497,怡利電,53.3,53.4,51.6,51.6,-,1.4,651247,33956254.0,123000,0,968,222000,0,1000,99000,0,32
20260112,2491,吉祥全,18.6,19.35,18.6,19.1,+,0.45,474841,9031371.0,124000,0,-1000,184000,0,0,60000,0,1000
20260112,1218,泰山,18.25,18.35,18.2,18.35,+,0.1,446735,8176703.0,123000,0,0,172000,0,0,49000,0,0
20260112,2436,偉詮電,48.4,49.2,48.4,48.4,+,0.05,1147435,55891259.0,115000,0,6708,342000,0,6809,227000,0,101
20260112,3504,揚明光,51.4,52.3,51.3,52.0,+,0.9,229403,11917356.0,120000,0,0,134000,0,1000,14000,0,1000
20260112,3034,聯詠,383.0,384.5,377.0,383.0,+,3.0,3080168,1176328726.0,178828,-52255,-7323,1534845,133000,77000,1356017,185255,84323
20260112,6614,資拓宏宇,49.2,51.1,49.1,49.75,+,0.4,272710,13601270.0,123020,0,-4000,130020,0,0,7000,0,4000
20260112,9919,康那香,16.6,17.1,16.6,16.8,+,0.3,776731,13054591.0,118000,0,0,224000,0,0,106000,0,0
20260112,1440,南紡,13.4,13.4,13.25,13.35,,0.0,943034,12581710.0,119000,0,-2138,336000,0,1190,217000,0,3328
20260112,4755,三福化,112.5,113.0,111.0,112.5,+,0.5,226753,25373588.0,115000,0,1000,137000,0,1000,22000,0,0
20260112,2362,藍天,37.6,38.2,37.6,38.2,+,0.5,443463,16864920.0,111000,0,4982,233000,0,6000,122000,0,1018
20260112,2348,海悅,81.8,82.3,81.3,82.0,+,0.7,253422,20750864.0,114571,0,713,157571,0,2000,43000,0,1287
20260112,6235,華孚,62.7,63.5,62.6,63.1,+,0.5,595404,37539050.0,121900,-5000,-2913,272000,0,87,150100,5000,3000
20260112,6873,泓德能源,96.5,99.7,96.5,99.4,+,3.0,501735,49357252.0,114100,0,-524,233100,0,2566,119000,0,3090
20260112,00731,復華富時高息低波,70.2,70.3,70.05,70.05,+,0.2,640136,44935296.0,30000,0,83001,30000,0,583001,0,0,500000
20260112,3717,聯嘉投控,17.2,17.5,17.05,17.1,-,0.05,617897,10644471.0,112000,0,0,200000,0,0,88000,0,0
20260112,6658,聯策,55.6,56.9,55.5,56.6,+,1.0,317528,17858186.0,112000,0,-454,147000,0,0,35000,0,454
20260112,6831,邁科,273.5,276.0,269.0,269.0,-,3.5,871501,236185795.0,109208,0,1000,204208,0,1000,95000,0,0
20260112,4545,銘鈺,38.35,39.65,38.35,38.6,+,0.65,406106,15826508.0,111000,0,-1000,178000,0,0,67000,0,1000
20260112,00972,野村日本動能高息,18.79,19.2,18.75,19.1,+,0.38,502369,9561930.0,-4000,0,113966,1000,0,466132,5000,0,352166
20260112,8478,東哥遊艇,192.5,195.0,192.0,193.0,+,3.0,246567,47706347.0,109020,0,0,151000,0,0,41980,0,0
20260112,1342,八貫,93.0,95.4,93.0,95.1,+,2.8,406290,38383296.0,83000,0,25000,114000,0,25000,31000,0,0
20260112,3257,虹冠電,64.6,65.5,64.5,65.1,+,0.8,371939,24208170.0,107000,0,0,152000,0,0,45000,0,0
20260112,1540,喬福,23.1,23.1,22.8,22.9,+,0.1,274595,6303003.0,106000,0,0,127000,0,0,21000,0,0
20260112,1219,福壽,13.4,13.55,13.35,13.45,-,0.05,289069,3897286.0,85000,0,20000,116000,0,21000,31000,0,1000
20260112,2484,希華,20.7,21.1,20.7,20.95,+,0.4,553516,11569551.0,105000,0,-422,172000,0,0,67000,0,422
20260112,2231,為升,96.9,98.6,95.1,97.9,+,1.0,531885,51726483.0,104124,0,256,212124,0,7075,108000,0,6819
20260112,1904,正隆,17.7,17.7,17.55,17.7,,0.0,904674,15944718.0,143000,0,-40000,367000,0,0,224000,0,40000
20260112,3032,偉訓,74.5,75.8,73.9,74.0,-,0.4,468327,34895887.0,101000,0,853,179000,0,5000,78000,0,4147
20260112,00717,富邦美國特別股,15.35,15.4,15.35,15.39,+,0.04,114354,1759243.0,-1000,0,101393,0,0,101393,1000,0,0
20260112,2397,友通,60.5,61.7,60.1,61.7,+,1.2,296088,18099147.0,95000,0,2000,121000,0,2000,26000,0,0
20260112,00700,富邦恒生國企,18.55,18.81,18.55,18.81,+,0.26,252282,4721998.0,67000,0,27118,67000,0,82162,0,0,55044
20260112,2444,兆勁,11.65,12.2,11.45,12.2,+,1.1,1506005,18133383.0,89000,0,2364,99000,0,2364,10000,0,0
20260112,2069,運錩,18.6,19.2,18.6,19.2,+,0.65,737668,14051811.0,95000,0,-4000,134000,0,0,39000,0,4000
20260112,6834,天二科技,31.3,32.8,30.8,32.8,+,2.95,1628854,52390946.0,81000,0,9853,306000,0,9853,225000,0,0
20260112,6164,華興,11.95,12.4,11.95,12.35,+,0.5,473339,5758872.0,87000,0,3000,143000,0,3000,56000,0,0
20260112,2387,精元,38.35,38.85,38.25,38.8,+,0.5,275000,10604134.0,90000,0,0,124000,0,0,34000,0,0
20260112,00894,中信小資高價30,29.04,29.12,28.88,29.05,+,0.32,1924501,55836020.0,-136800,0,226240,53200,0,792884,190000,0,566644
20260112,6890,來億-KY,252.5,261.0,248.0,255.5,+,5.0,908352,232962222.0,51945,20000,16374,279797,20000,24996,227852,0,8622
20260112,1598,岱宇,19.85,19.85,19.6,19.8,+,0.2,232993,4599875.0,87000,0,-145,93000,0,0,6000,0,145
20260112,3010,華立,109.5,110.0,108.5,109.5,+,0.5,959448,104711478.0,164000,-79038,1684,371000,1000,8188,207000,80038,6504
20260112,2527,宏璟,32.15,32.2,31.85,32.2,+,2.9,1920920,61813993.0,73000,0,13180,138000,0,17180,65000,0,4000
20260112,6689,伊雲谷,60.5,61.2,60.0,61.2,+,0.9,171580,10430474.0,86000,0,0,109000,0,0,23000,0,0
20260112,6168,宏齊,19.8,20.45,19.8,20.25,+,0.45,462401,9374506.0,78000,0,7000,185000,0,7000,107000,0,0
20260112,6799,來頡,84.9,86.7,84.4,85.5,+,1.7,360755,30933305.0,85000,0,-1,117000,0,0,32000,0,1
20260112,1515,力山,26.8,27.2,26.8,27.0,,0.0,317644,8599768.0,86000,0,-1304,128000,0,1000,42000,0,2304
20260112,6573,虹揚-KY,14.95,15.5,14.95,15.25,+,0.35,285898,4382111.0,86000,0,-2000,147000,0,4000,61000,0,6000
20260112,3596,智易,175.5,177.5,174.0,177.0,+,4.0,519901,91538251.0,86178,0,-2252,286000,0,1500,199822,0,3752
20260112,00739,元大MSCI A股,27.59,27.71,27.43,27.71,+,0.27,118990,3280020.0,2000,0,81101,2000,0,105250,0,0,24149
20260112,1467,南緯,8.2,8.2,7.82,8.05,-,0.15,677448,5456507.0,82000,0,0,104000,0,6000,22000,0,6000
20260112,2482,連宇,17.3,18.4,17.2,17.8,+,0.65,340964,6076807.0,81000,0,767,111000,0,1000,30000,0,233
20260112,2453,凌群,54.5,55.2,54.0,55.2,+,2.0,1101223,60339052.0,34000,0,44000,248000,0,45000,214000,0,1000
20260112,6189,豐藝,44.35,44.7,44.1,44.45,+,0.1,412002,18275619.0,75997,0,873,173797,0,2000,97800,0,1127
20260112,4576,大銀微系統,109.5,111.5,107.0,110.5,+,1.5,864049,94760539.0,77000,0,-1228,248000,0,13000,171000,0,14228
20260112,6768,志強-KY,105.0,107.0,104.0,107.0,+,3.0,556367,58924181.0,149668,-74369,358,239668,0,3000,90000,74369,2642
20260112,6695,芯鼎,43.9,45.15,43.9,44.25,+,0.4,320179,14277981.0,76000,0,-1000,140000,0,0,64000,0,1000
20260112,1340,勝悅-KY,6.9,6.9,6.67,6.68,-,0.03,566477,3792723.0,74690,0,0,120000,0,0,45310,0,0
20260112,4736,泰博,123.5,126.0,123.5,125.0,+,1.5,266122,33311942.0,72000,0,2000,78000,0,2000,6000,0,0
20260112,4571,鈞興-KY,163.5,166.0,163.5,166.0,+,1.5,151320,24923102.0,72178,0,1756,81178,0,1756,9000,0,0
20260112,2597,潤弘,180.0,181.5,178.5,179.5,,0.0,469122,84475949.0,77600,-3000,-1209,233000,0,0,155400,3000,1209
20260112,6449,鈺邦,169.0,175.0,167.5,170.0,+,1.5,598972,102649645.0,73000,0,133,192000,0,16407,119000,0,16274
20260112,2536,宏普,25.45,25.55,25.35,25.35,,0.0,338444,8609633.0,72001,0,0,122001,0,0,50000,0,0
20260112,00938,凱基優選30,18.05,18.12,18.04,18.1,+,0.08,1070173,19351453.0,62000,0,9924,64000,0,927000,2000,0,917076
20260112,1451,年興,17.25,17.35,17.15,17.25,+,0.05,284585,4903483.0,71000,0,0,105000,0,0,34000,0,0
20260112,5244,弘凱,38.5,38.5,37.95,38.2,-,0.15,253961,9710077.0,70000,0,0,92000,0,0,22000,0,0
20260112,1419,新紡,71.4,73.4,71.4,73.3,+,0.5,304986,22119262.0,72000,0,-3039,141000,0,18064,69000,0,21103
20260112,3591,艾笛森,18.3,18.35,18.1,18.2,-,0.1,203428,3702547.0,16122,0,51918,52000,0,52000,35878,0,82
20260112,4164,承業醫,37.0,37.1,36.3,36.3,,0.0,1032753,37842808.0,61000,0,5927,423000,0,16000,362000,0,10073
20260112,4763,材料*-KY,52.8,53.3,52.3,53.0,+,0.6,6432436,339417331.0,346642,-296391,16521,3864642,0,28070,3518000,296391,11549
20260112,8454,富邦媒,206.0,210.0,205.5,208.0,+,2.5,342464,71134342.0,66232,0,-16,197818,0,1984,131586,0,2000
20260112,6885,全福生技,28.5,28.7,28.2,28.35,+,0.1,207867,5903228.0,65000,0,1000,91000,0,1000,26000,0,0
20260112,00962,台新AI優息動能,11.01,11.12,11.01,11.07,+,0.13,177800,1966767.0,-1000,0,66939,0,0,91933,1000,0,24994
20260112,1702,南僑,38.9,39.3,38.9,39.25,+,0.4,381792,14921237.0,94000,-7158,-22000,171000,0,0,77000,7158,22000
20260112,5292,華懋,175.0,181.0,175.0,180.0,+,6.0,327980,58561323.0,64000,0,0,119000,0,0,55000,0,0
20260112,2462,良得電,23.95,24.8,23.8,24.15,+,0.65,864281,21013838.0,64000,0,-315,202000,0,1000,138000,0,1315
20260112,3528,安馳,69.7,70.6,68.8,69.6,+,2.3,480663,33571678.0,63200,0,0,158200,0,0,95000,0,0
20260112,3686,達能,17.8,18.75,17.8,18.2,+,0.2,208967,3811600.0,61000,0,1000,82000,0,1000,21000,0,0
20260112,2477,美隆電,24.9,25.0,24.65,24.65,-,0.35,296854,7358679.0,50000,0,10000,74000,0,10000,24000,0,0
20260112,3416,融程電,148.5,150.5,148.5,150.0,+,1.5,213010,31857522.0,60485,0,-500,115200,0,3500,54715,0,4000
20260112,5283,禾聯碩,58.9,60.2,58.9,60.2,+,1.3,132096,7887830.0,58200,0,1000,71000,0,1000,12800,0,0
20260112,8072,陞泰,30.65,31.1,30.4,30.75,+,0.45,181976,5590476.0,58000,0,1000,79000,0,1000,21000,0,0
20260112,00657,國泰日經225,63.45,63.45,63.1,63.1,+,2.05,84686,5355793.0,4000,0,54645,5000,0,60645,1000,0,6000
20260112,6928,攸泰科技,50.9,52.9,50.1,52.7,+,1.8,232083,12104331.0,60000,0,-1711,87000,0,316,27000,0,2027
20260112,00661,元大日經225,68.85,69.5,68.85,69.05,+,2.3,154235,10668170.0,11000,0,47270,12000,0,65270,1000,0,18000
20260112,3055,蔚華科,73.6,75.7,72.8,73.5,+,1.4,590364,44012083.0,60000,0,-1967,234000,0,490,174000,0,2457
20260112,3311,閎暉,31.5,32.3,31.5,31.95,+,0.5,177045,5660616.0,58000,0,-45,81000,0,0,23000,0,45
20260112,6202,盛群,38.65,38.7,38.2,38.65,+,0.25,435765,16781818.0,57000,0,204,179000,0,360,122000,0,156
20260112,6243,迅杰,35.0,35.8,34.0,35.1,-,0.1,233300,8211615.0,57000,0,-13,94000,0,0,37000,0,13
20260112,2390,云辰,10.15,10.15,9.99,10.0,+,0.04,297476,2978660.0,56000,0,0,75000,0,0,19000,0,0
20260112,3092,鴻碩,27.6,29.5,27.6,29.5,+,1.9,831230,23651707.0,60945,0,-5000,64000,0,0,3055,0,5000
20260112,2254,巨鎧精密-創,59.9,60.2,59.0,59.0,-,0.9,73000,4355800.0,0,0,55000,4000,0,55000,4000,0,0
20260112,3550,聯穎,15.55,15.8,15.25,15.35,+,0.2,927180,14375116.0,41000,0,12998,238000,0,13000,197000,0,2
20260112,2601,益航,5.52,5.56,5.48,5.5,-,0.02,1039304,5719975.0,53000,0,0,218000,0,0,165000,0,0
20260112,6657,華安,42.1,43.3,41.85,41.85,,0.0,224999,9541272.0,53000,0,0,103000,0,0,50000,0,0
20260112,00876,元大全球5G,55.15,56.0,55.15,55.65,+,1.15,520987,28969084.0,419605,0,-367492,422105,0,7815,2500,0,375307
20260112,2440,太空梭,14.4,15.3,14.35,14.9,+,0.5,458272,6836877.0,53000,0,-1000,112000,0,0,59000,0,1000
20260112,00762,元大全球AI,84.55,84.95,84.55,84.75,+,0.6,575399,48785513.0,266400,0,-215219,272000,0,174781,5600,0,390000
20260112,6426,統新,90.0,92.0,89.5,92.0,+,2.9,615336,55881698.0,56000,0,-4919,178000,0,1081,122000,0,6000
20260112,2851,中再保,26.7,26.85,26.5,26.8,+,0.2,961610,25627319.0,51000,1000,-1000,307000,1000,0,256000,0,1000
20260112,3557,嘉威,36.0,38.0,36.0,37.7,+,2.1,301033,11276862.0,51000,0,0,68000,0,0,17000,0,0
20260112,2250,IKKA-KY,71.5,72.8,70.8,72.8,+,2.0,86261,6235657.0,51000,0,0,55000,0,0,4000,0,0
20260112,4562,穎漢,37.0,37.6,36.45,36.7,+,0.1,338225,12447240.0,50028,0,-75,94028,0,0,44000,0,75
20260112,1786,科妍,76.5,76.9,75.3,76.9,+,1.3,242224,18482354.0,48000,0,1600,88000,0,1877,40000,0,277
20260112,2546,根基,89.6,90.1,88.4,89.0,-,0.3,168830,15025917.0,49405,0,0,85000,0,0,35595,0,0
20260112,2388,威盛,50.3,52.0,49.75,51.8,+,1.8,3332288,169850282.0,-24000,0,73386,1202000,0,87927,1226000,0,14541
20260112,2429,銘旺科,76.0,77.3,75.2,76.6,+,0.6,533496,40816675.0,52364,0,-3303,167000,0,1000,114636,0,4303
20260112,6205,詮欣,60.1,61.7,59.8,61.5,+,1.3,730313,44354148.0,13000,0,36000,36000,0,40000,23000,0,4000
20260112,8462,柏文,161.0,161.0,157.0,159.0,+,0.5,115498,18273659.0,30000,0,19000,53000,0,19000,23000,0,0
20260112,00898,國泰基因免疫革命,8.27,8.27,8.21,8.23,-,0.04,368097,3032129.0,-5000,0,53386,3000,0,97000,8000,0,43614
20260112,1446,宏和,18.15,18.3,18.05,18.1,-,0.05,273208,4969553.0,49000,0,-1000,78000,0,2000,29000,0,3000
20260112,6906,現觀科,73.2,74.0,71.0,73.0,-,0.2,111775,8136333.0,48000,0,0,66000,0,0,18000,0,0
20260112,1568,倉佑,23.5,23.8,23.2,23.2,-,0.4,313229,7325542.0,57000,0,-9060,90000,0,0,33000,0,9060
20260112,2428,興勤,174.5,178.5,173.0,174.0,+,2.0,566070,99123899.0,132000,-90000,5869,273000,0,15570,141000,90000,9701
20260112,3003,健和興,46.6,46.65,46.1,46.2,+,0.1,277044,12829005.0,47000,0,-22,111000,0,570,64000,0,592
20260112,00908,富邦入息REITs+,14.2,14.2,14.17,14.17,-,0.03,137661,1952163.0,0,0,45398,0,0,95000,0,0,49602
20260112,6277,宏正,60.9,62.1,60.9,61.3,+,0.5,160891,9922619.0,45000,0,83,74000,0,1001,29000,0,918
20260112,2020,美亞,23.45,23.8,23.4,23.7,+,0.25,283208,6694365.0,44000,0,0,124000,0,0,80000,0,0
20260112,8438,昶昕,50.7,52.5,50.5,51.9,+,1.1,414975,21387555.0,2000,0,42000,3000,0,42000,1000,0,0
20260112,1709,和益,16.9,17.0,16.85,16.9,,0.0,276070,4676442.0,41000,0,0,74000,0,0,33000,0,0
20260112,3094,聯傑,24.85,25.05,24.5,24.6,-,0.2,361233,8919817.0,33000,0,7945,82000,0,8000,49000,0,55
20260112,2017,官田鋼,8.84,9.09,8.82,8.85,+,0.01,757078,6741510.0,35000,0,5107,148000,0,7000,113000,0,1893
20260112,00703,台新MSCI中國,22.25,22.45,22.23,22.44,+,0.27,97091,2169447.0,1000,0,38857,1000,0,83114,0,0,44257
20260112,2385,群光,117.0,117.5,116.0,117.0,+,1.0,3007751,351551659.0,557868,-416142,-102056,1387050,4000,7000,829182,420142,109056
20260112,1527,鑽全,32.8,33.1,32.7,32.95,,0.0,131480,4324089.0,38000,0,952,55000,0,1000,17000,0,48
20260112,1558,伸興,102.0,104.5,102.0,103.0,-,0.5,123983,12797808.0,31000,0,7213,54000,0,16213,23000,0,9000
20260112,7740,熙特爾-創,155.0,160.0,155.0,159.5,+,6.0,96414,15256379.0,39000,0,-2000,47000,0,0,8000,0,2000
20260112,1432,大魯閣,18.0,18.1,17.8,18.0,+,0.05,249026,4471481.0,36999,0,0,37000,0,0,1,0,0
20260112,2483,百容,19.05,19.2,18.85,19.0,+,0.1,85545,1619705.0,38000,0,-3000,38000,0,0,0,0,3000
20260112,1725,元禎,28.1,28.35,27.85,28.3,+,0.15,138607,3896114.0,34000,0,1000,41000,0,2000,7000,0,1000
20260112,3229,晟鈦,24.0,24.95,23.7,24.95,+,2.25,250128,6192127.0,32000,0,2437,43000,0,3437,11000,0,1000
20260112,3518,柏騰,21.55,21.75,21.45,21.5,-,0.2,307059,6626099.0,34000,0,0,75000,0,0,41000,0,0
20260112,6863,永道-KY,123.5,130.0,123.5,130.0,+,11.5,244781,31646030.0,24000,0,9266,37000,0,10780,13000,0,1514
20260112,3038,全台,23.25,23.4,23.2,23.4,+,0.2,186833,4349762.0,31000,0,2000,60000,0,2000,29000,0,0
20260112,2753,八方雲集,192.5,193.0,191.0,192.5,,0.0,170319,32715822.0,26000,-2000,8950,73000,0,8951,47000,2000,1
20260112,00903,富邦元宇宙,17.8,17.8,17.75,17.77,-,0.1,132313,2351698.0,28000,0,4801,29000,0,50093,1000,0,45292
20260112,6585,鼎基,88.0,90.1,87.8,89.1,+,0.7,95235,8498164.0,30900,0,1201,47000,0,1201,16100,0,0
20260112,3617,碩天,194.5,196.0,191.0,194.5,+,4.0,261275,50770866.0,23975,0,7454,133000,0,9454,109025,0,2000
20260112,2033,佳大,16.1,16.35,16.1,16.15,+,0.05,164581,2673488.0,31062,0,-40,36062,0,0,5000,0,40
20260112,1735,日勝化,17.0,17.75,16.8,17.6,+,0.85,266861,4623745.0,36000,0,-5025,74000,0,0,38000,0,5025
20260112,2108,南帝,23.65,24.6,23.55,24.35,+,0.7,927322,22354186.0,30000,0,104,339000,0,1000,309000,0,896
20260112,8016,矽創,189.0,189.5,186.5,189.5,+,2.0,839405,157993799.0,13160,15663,1198,183000,17000,4198,169840,1337,3000
20260112,6216,居易,26.2,26.5,26.15,26.45,+,0.15,207039,5457622.0,30000,0,0,53000,0,0,23000,0,0
20260112,1626,艾美特-KY,11.0,11.35,10.5,11.2,+,0.2,406833,4515532.0,28000,0,1000,38000,0,9000,10000,0,8000
20260112,3011,今皓,14.05,14.4,13.95,14.0,-,0.1,539678,7613241.0,29000,0,0,140000,0,0,111000,0,0
20260112,9911,櫻花,82.9,84.0,82.9,83.8,+,0.9,235614,19709122.0,31000,-1000,-1000,102000,0,0,71000,1000,1000
20260112,00736,國泰新興市場,28.81,28.81,28.75,28.8,+,0.01,135446,3898740.0,0,0,28983,0,0,129000,0,0,100017
20260112,6166,凌華,60.8,61.4,60.7,61.1,+,0.6,482584,29441430.0,-12000,0,40263,202000,0,40270,214000,0,7
20260112,4414,如興,11.0,11.25,10.95,11.15,+,0.25,200235,2230121.0,36000,0,-8000,38000,0,0,2000,0,8000
20260112,2465,麗臺,58.5,59.4,58.2,58.4,,0.0,283279,16586023.0,28000,0,0,54000,0,0,26000,0,0
20260112,2464,盟立,65.5,66.7,65.4,65.8,+,0.4,1280723,84378525.0,7500,0,20054,170500,0,28483,163000,0,8429
20260112,4583,台灣精銳,691.0,700.0,683.0,700.0,+,8.0,319751,221612110.0,23329,0,3711,99329,0,13120,76000,0,9409
20260112,1103,嘉泥,14.0,14.1,13.95,14.05,+,0.1,502346,7052794.0,27000,0,0,105000,0,0,78000,0,0
20260112,6230,尼得科超眾,115.0,120.0,115.0,118.0,+,5.5,136164,16100438.0,26000,0,214,54000,0,259,28000,0,45
20260112,4572,駐龍,149.5,153.0,149.5,152.5,+,1.5,39089,5936212.0,26000,0,0,31000,0,0,5000,0,0
20260112,6552,易華電,26.3,26.3,25.45,25.8,+,0.2,149111,3836984.0,26000,0,-1000,45000,0,0,19000,0,1000
20260112,2460,建通,24.3,24.3,23.5,23.5,+,0.05,434065,10292364.0,27000,0,-2008,81000,0,0,54000,0,2008
20260112,00728,第一金工業30,39.49,39.72,39.47,39.47,+,0.17,120288,4759565.0,-2000,0,26811,6000,0,71015,8000,0,44204
20260112,1225,福懋油,28.1,28.35,27.85,28.25,+,0.35,110343,3091739.0,23510,0,1000,28000,0,1000,4490,0,0
20260112,8467,波力-KY,162.0,173.0,161.0,173.0,+,7.0,177102,30043010.0,24000,0,499,45000,0,500,21000,0,1
20260112,5306,桂盟,88.5,89.4,88.3,89.0,+,0.1,105228,9360764.0,24000,0,0,37000,0,0,13000,0,0
20260112,2007,燁興,8.09,8.22,8.09,8.15,+,0.11,362313,2953351.0,24000,0,0,41000,0,0,17000,0,0
20260112,5215,科嘉-KY,35.0,35.7,35.0,35.4,+,0.5,61231,2165077.0,17529,0,6000,25000,0,6000,7471,0,0
20260112,3338,泰碩,48.65,49.45,48.55,48.7,+,0.15,173911,8484740.0,23000,0,0,56000,0,0,33000,0,0
20260112,6201,亞弘電,55.5,55.5,55.3,55.5,+,0.1,37519,2079367.0,23000,0,0,23000,0,0,0,0,0
20260112,1733,五鼎,30.55,30.55,29.85,29.9,,0.0,334641,10052164.0,27000,-3000,-1000,151000,0,0,124000,3000,1000
20260112,00645,富邦日本,50.45,50.9,50.45,50.65,+,1.44,403750,20461902.0,27989,0,-5913,31020,0,229504,3031,0,235417
20260112,00771,元大US高息特別股,16.22,16.26,16.22,16.23,,0.0,28405,461026.0,0,0,21516,0,0,21516,0,0,0
20260112,9940,信義,22.9,23.25,22.75,22.85,+,0.15,655120,15044706.0,24593,0,-4450,253000,0,3000,228407,0,7450
20260112,3716,中化控股,33.45,33.65,33.4,33.6,,0.0,124853,4180882.0,20000,0,0,29000,0,0,9000,0,0
20260112,1437,勤益控,33.2,33.2,32.8,32.85,-,0.05,96998,3193101.0,11000,0,8000,44000,0,8000,33000,0,0
20260112,1473,台南,24.15,24.15,23.65,23.9,-,0.25,183226,4354579.0,18000,0,1000,76000,0,1000,58000,0,0
20260112,6901,鑽石投資,17.0,17.1,16.65,16.9,-,0.05,651592,10995943.0,18000,0,1000,222000,0,1000,204000,0,0
20260112,7730,暉盛-創,97.0,101.0,97.0,98.5,+,2.1,56636,5629444.0,17000,0,2000,18000,0,7000,1000,0,5000
20260112,9905,大華,20.05,20.05,19.95,20.05,,0.0,93422,1869845.0,19000,0,0,22000,0,0,3000,0,0
20260112,2929,淘帝-KY,7.71,7.71,7.61,7.65,-,0.09,263467,2018511.0,18849,0,0,36849,0,0,18000,0,0
20260112,1537,廣隆,123.5,124.0,122.0,122.0,-,1.0,136097,16729771.0,19000,0,-242,37000,0,2000,18000,0,2242
20260112,6756,威鋒電子,81.7,81.8,80.9,81.4,+,0.7,78508,6383600.0,17000,0,0,41000,0,0,24000,0,0
20260112,1903,士紙,55.8,55.9,55.0,55.5,+,0.1,141304,7826467.0,17000,0,0,47000,0,0,30000,0,0
20260112,6214,精誠,117.5,119.0,117.5,118.5,+,2.0,975916,115520562.0,14800,0,1840,322000,0,6000,307200,0,4160
20260112,8045,達運光電,75.1,77.0,74.7,75.0,+,2.9,158504,11970060.0,11000,0,5074,70000,0,6196,59000,0,1122
20260112,9927,泰銘,68.1,69.2,68.1,68.9,+,1.0,137223,9432948.0,16000,0,0,50000,0,0,34000,0,0
20260112,5285,界霖,49.5,50.3,49.5,49.8,+,0.1,140939,7024361.0,18000,0,-2000,55000,0,0,37000,0,2000
20260112,4441,振大環球,245.0,246.5,243.0,245.0,,0.0,55339,13523346.0,16000,0,0,26000,0,0,10000,0,0
20260112,3346,麗清,19.15,19.15,18.9,18.95,+,0.05,134247,2550730.0,16000,0,0,37000,0,0,21000,0,0
20260112,4960,誠美材,13.4,14.3,13.4,13.8,+,0.5,6180025,86672343.0,24000,0,-8089,2024000,0,4000,2000000,0,12089
20260112,1233,天仁,32.15,32.2,32.1,32.2,+,0.05,17753,570555.0,-1000,0,16000,0,0,16000,1000,0,0
20260112,4588,玖鼎電力,61.0,61.9,59.9,61.2,+,1.0,88421,5394536.0,17000,0,-2000,21000,0,1000,4000,0,3000
20260112,9942,茂順,106.5,107.0,106.0,107.0,+,1.0,66380,7065870.0,13000,0,2000,16000,0,2000,3000,0,0
20260112,6281,全國電,62.3,62.6,62.3,62.5,-,0.1,60671,3793488.0,14000,0,1000,17000,0,1000,3000,0,0
20260112,4438,廣越,73.4,74.2,73.0,73.4,,0.0,99756,7325535.0,13708,0,1000,32000,0,1000,18292,0,0
20260112,8162,微矽電子-創,38.0,38.05,36.5,36.5,-,1.0,105121,3884277.0,6000,0,8674,7000,0,24000,1000,0,15326
20260112,0051,元大中型100,95.8,97.3,95.8,97.1,+,1.9,81661,7909232.0,2000,0,12158,3000,0,22158,1000,0,10000
20260112,2707,晶華,190.5,191.0,190.0,191.0,,0.0,58451,11135687.0,14050,0,0,21050,0,0,7000,0,0
20260112,2748,雲品,42.5,42.5,42.1,42.4,,0.0,111752,4737718.0,14000,0,0,33000,0,0,19000,0,0
20260112,6835,圓裕,38.85,39.15,38.4,38.6,-,0.35,107975,4190107.0,10000,0,4000,17000,0,4000,7000,0,0
20260112,0053,元大電子,151.55,152.25,150.8,150.8,+,0.3,35952,5441958.0,0,0,13043,0,0,16000,0,0,2957
20260112,2248,華勝-KY,49.8,50.5,49.3,49.95,+,0.7,67340,3379770.0,13000,0,0,19000,0,0,6000,0,0
20260112,6957,裕慶-KY,194.5,201.0,190.0,191.5,-,2.5,287921,55925366.0,-5000,0,18000,51000,0,21000,56000,0,3000
20260112,2816,旺旺保,29.0,29.55,29.0,29.35,+,0.5,97673,2864541.0,14000,0,-1000,33000,0,0,19000,0,1000
20260112,6916,華凌,18.35,18.35,17.85,18.0,-,0.15,117110,2117162.0,10000,0,2962,14000,0,3000,4000,0,38
20260112,1256,鮮活果汁-KY,159.5,162.0,157.5,158.5,,0.0,103601,16477692.0,12760,0,0,31000,0,2000,18240,0,2000
20260112,2438,翔耀,21.65,22.0,21.6,21.8,+,0.15,97041,2110385.0,12000,0,0,17000,0,0,5000,0,0
20260112,8411,福貞-KY,12.1,12.1,11.95,11.95,-,0.25,113925,1366829.0,10000,0,2000,10000,0,2000,0,0,0
20260112,2636,台驊控股,67.1,67.1,66.1,66.8,-,0.3,342557,22828810.0,9000,0,3000,78000,0,3000,69000,0,0
20260112,3266,昇陽,14.1,14.1,14.0,14.0,-,0.2,31233,439595.0,1000,0,11000,2000,0,11000,1000,0,0
20260112,5288,豐祥-KY,149.5,152.0,146.5,149.0,+,3.0,201996,30276559.0,7000,0,5000,60000,0,5000,53000,0,0
20260112,6491,晶碩,288.0,288.0,285.5,287.0,-,1.0,156869,44979277.0,2312,0,9174,50311,0,11468,47999,0,2294
20260112,5706,鳳凰,51.0,51.1,50.4,50.5,-,0.3,128232,6509105.0,11000,0,474,32000,0,474,21000,0,0
20260112,2109,華豐,14.95,15.05,14.95,15.0,+,0.05,213265,3198684.0,11000,0,0,35000,0,0,24000,0,0
20260112,2022,聚亨,8.4,8.65,8.35,8.41,+,0.01,890452,7557609.0,8000,0,3000,250000,0,3000,242000,0,0
20260112,1217,愛之味,10.5,10.55,10.4,10.45,,0.0,587089,6142469.0,11000,0,0,140000,0,0,129000,0,0
20260112,6115,鎰勝,46.85,46.85,46.8,46.8,+,0.05,58595,2743165.0,11000,0,-89,21000,0,0,10000,0,89
20260112,6781,AES-KY,1285.0,1300.0,1250.0,1300.0,+,30.0,1129482,1444966595.0,41610,-25130,-5679,245858,0,66953,204248,25130,72632
20260112,6921,嘉雨思-創,63.8,63.8,60.0,61.0,-,2.5,53700,3294128.0,-1000,0,10000,0,0,17000,1000,0,7000
20260112,8201,無敵,14.15,14.3,14.0,14.2,,0.0,134067,1901468.0,0,0,9000,1000,0,9000,1000,0,0
20260112,5434,崇越,309.0,310.0,303.5,304.0,+,1.5,531371,162525762.0,35865,-29000,2095,245110,1000,5400,209245,30000,3305
20260112,5907,大洋-KY,5.57,5.59,5.49,5.52,-,0.03,96000,531290.0,8000,0,0,14000,0,0,6000,0,0
20260112,2496,卓越,67.9,69.0,67.6,68.7,+,0.8,51682,3531057.0,5000,0,3000,6000,0,3000,1000,0,0
20260112,6952,大武山,43.05,43.65,43.0,43.05,+,0.05,38565,1660395.0,9000,0,-1000,9000,0,0,0,0,1000
20260112,6887,寶綠特-KY,60.4,63.5,59.3,61.0,+,3.2,52380,3233260.0,5000,0,3000,7000,0,3000,2000,0,0
20260112,6645,金萬林-創,18.35,18.35,17.95,18.0,-,0.35,22109,400269.0,1000,0,7000,2000,0,8000,1000,0,1000
20260112,2424,隴華,31.8,33.0,31.5,32.6,+,1.05,35559,1150775.0,8000,0,0,9000,0,0,1000,0,0
20260112,2115,六暉-KY,24.2,24.35,24.2,24.3,-,0.05,41362,1004284.0,8000,0,0,9000,0,0,1000,0,0
20260112,00702,國泰標普低波高息,23.48,23.53,23.48,23.52,+,0.07,132727,3120397.0,0,0,7681,0,0,113897,0,0,106216
20260112,1531,高林股,11.9,11.95,11.8,11.8,-,0.15,79304,941744.0,-6000,0,13000,7000,0,13000,13000,0,0
20260112,1439,雋揚,29.65,30.2,29.65,30.2,+,0.25,120178,3609636.0,7000,0,0,20000,0,0,13000,0,0
20260112,1474,弘裕,10.35,10.35,10.2,10.3,-,0.05,483577,4948015.0,7000,0,0,7000,0,0,0,0,0
20260112,1445,大宇,12.45,12.6,12.4,12.45,,0.0,57611,716925.0,6000,0,1000,7000,0,1000,1000,0,0
20260112,8367,建新國際,42.65,43.15,42.65,43.0,+,0.35,34103,1463063.0,7000,0,0,7000,0,0,0,0,0
20260112,6184,大豐電,47.3,47.45,47.0,47.15,-,0.15,86141,4059774.0,7000,0,0,19000,0,0,12000,0,0
20260112,3043,科風,21.05,21.25,21.0,21.15,+,0.1,80032,1687525.0,7000,0,0,8000,0,0,1000,0,0
20260112,2762,世界健身-KY,76.1,77.2,76.1,76.3,+,0.5,27073,2075405.0,6600,0,0,12600,0,0,6000,0,0
20260112,3308,聯德,22.4,23.05,22.05,22.9,+,1.85,275474,6222106.0,0,0,6492,0,0,6492,0,0,0
20260112,4148,全宇生技-KY,38.0,39.8,38.0,39.1,+,1.35,70928,2764229.0,6150,0,0,14150,0,4000,8000,0,4000
20260112,4952,凌通,36.8,37.0,36.2,36.55,+,0.4,105036,3834593.0,6000,0,0,31000,0,0,25000,0,0
20260112,2702,華園,11.95,12.1,11.9,11.9,,0.0,67317,807751.0,6000,0,0,7000,0,0,1000,0,0
20260112,6743,安普新,27.45,27.55,27.2,27.2,-,0.25,96404,2638447.0,6000,0,0,22000,0,0,16000,0,0
20260112,6796,晉弘,93.2,93.2,91.1,91.8,+,0.5,43662,4013508.0,6000,0,0,14000,0,0,8000,0,0
20260112,1541,錩泰,23.0,23.0,22.65,22.7,-,0.3,54207,1235258.0,-2000,0,8000,3000,0,8000,5000,0,0
20260112,2461,光群雷,16.45,16.65,16.25,16.3,-,0.05,367295,6022135.0,7000,0,-1000,82000,0,0,75000,0,1000
20260112,1732,毛寶,27.8,28.35,27.7,28.1,+,0.25,195923,5511346.0,10000,0,-4000,65000,0,0,55000,0,4000
20260112,00660,元大歐洲50,43.3,43.5,43.3,43.4,+,0.43,38102,1652973.0,0,0,5000,0,0,9000,0,0,4000
20260112,6674,鋐寶科技,19.75,20.3,19.75,20.0,+,0.05,29168,585175.0,5000,0,0,8000,0,0,3000,0,0
20260112,6534,正瀚-創,90.0,90.8,89.0,90.1,+,0.1,56006,5044342.0,5000,0,0,20000,0,0,15000,0,0
20260112,2524,京城,41.7,41.7,41.4,41.5,-,0.15,72867,3024838.0,5000,0,0,22000,0,0,17000,0,0
20260112,4569,六方科-KY,147.5,152.0,147.5,149.0,+,2.0,18140,2722770.0,5000,0,0,7000,0,0,2000,0,0
20260112,00851,台新全球AI,58.1,58.1,57.5,57.85,+,0.45,18809,1084940.0,0,0,4230,0,0,6000,0,0,1770
20260112,1776,展宇,15.4,15.45,15.15,15.3,-,0.15,42530,649906.0,4000,0,0,4000,0,1000,0,0,1000
20260112,1535,中宇,53.1,53.8,53.0,53.1,,0.0,52085,2776124.0,4000,0,0,11000,0,0,7000,0,0
20260112,2852,第一保,27.7,27.85,27.65,27.8,+,0.1,278209,7727869.0,3000,0,1000,77000,0,1000,74000,0,0
20260112,2616,山隆,13.35,13.4,13.25,13.35,,0.0,128054,1707381.0,4000,0,0,30000,0,0,26000,0,0
20260112,2516,新建,14.85,14.85,14.5,14.6,+,0.3,183260,2690444.0,6000,0,-2000,30000,0,0,24000,0,2000
20260112,6951,青新-創,73.9,79.0,73.9,78.4,+,4.5,284912,21946570.0,11000,0,-7001,35000,0,8999,24000,0,16000
20260112,9930,中聯資源,70.6,71.2,70.4,71.0,+,0.8,130470,9243777.0,9000,0,-5254,36000,0,1000,27000,0,6254
20260112,6423,億而得-創,80.8,82.9,80.8,80.8,+,0.1,42509,3476026.0,5050,0,-1689,14050,0,7311,9000,0,9000
20260112,00714,群益道瓊美國地產,20.14,20.25,20.14,20.19,-,0.01,241850,4884980.0,102000,0,-98804,103000,0,132000,1000,0,230804
20260112,1438,三地開發,33.35,33.5,32.9,33.25,+,0.3,138580,4580951.0,3000,0,9,6000,0,9,3000,0,0
20260112,1465,偉全,12.5,12.55,12.5,12.55,,0.0,48835,611988.0,3000,0,0,4000,0,0,1000,0,0
20260112,1235,興泰,45.0,45.05,44.9,45.0,,0.0,18319,824312.0,3000,0,0,7000,0,0,4000,0,0
20260112,1338,廣華-KY,20.05,20.25,20.0,20.05,-,0.25,103972,2084307.0,3000,0,0,8000,0,0,5000,0,0
20260112,1526,日馳,16.7,16.9,16.65,16.7,-,0.2,52823,883496.0,3000,0,0,3000,0,0,0,0,0
20260112,2028,威致,17.9,18.3,17.9,18.25,+,0.4,110837,2016488.0,3000,0,0,11000,0,0,8000,0,0
20260112,6914,阜爾運通,145.5,147.5,145.0,145.0,-,1.0,104968,15329936.0,1000,0,2000,29000,0,2000,28000,0,0
20260112,2945,三商家購,37.4,37.5,37.4,37.5,+,0.2,9297,348492.0,3000,0,0,3000,0,0,0,0,0
20260112,4440,宜新實業,17.35,17.35,17.1,17.2,,0.0,100000,1721450.0,3000,0,0,4000,0,0,1000,0,0
20260112,6790,永豐實,38.35,38.5,38.35,38.4,+,0.05,78568,3016644.0,3000,0,-38,13000,0,0,10000,0,38
20260112,8466,美吉吉-KY,21.5,21.75,21.45,21.5,,0.0,30962,666722.0,2309,0,0,10000,0,0,7691,0,0
20260112,1323,永裕,19.4,19.45,18.5,18.95,-,0.5,243429,4617510.0,2000,0,0,25000,0,0,23000,0,0
20260112,1525,江申,63.2,64.2,63.2,63.7,,0.0,11086,704363.0,2000,0,0,3000,0,2000,1000,0,2000
20260112,2008,高興昌,29.05,29.15,29.05,29.15,-,0.35,7568,220099.0,1000,0,1000,1000,0,1000,0,0,0
20260112,2434,統懋,30.95,30.95,30.25,30.25,-,0.65,44348,1354720.0,2000,0,0,2000,0,0,0,0,0
20260112,2432,倚天酷碁-創,24.9,24.95,24.75,24.9,+,0.15,20022,497843.0,4000,0,-2000,5000,0,0,1000,0,2000
20260112,7705,三商餐飲,39.85,40.15,39.6,39.95,+,0.7,64638,2577257.0,3000,0,-1000,8000,0,0,5000,0,1000
20260112,6579,研揚,112.0,114.0,112.0,113.0,+,1.5,78512,8889768.0,2000,0,0,16000,0,0,14000,0,0
20260112,3494,誠研,8.49,8.62,8.4,8.62,+,0.13,190221,1615395.0,3000,0,-1000,12000,0,0,9000,0,1000
20260112,2904,匯僑,17.1,17.15,17.05,17.1,+,0.05,45615,779579.0,2000,0,0,3000,0,0,1000,0,0
20260112,2722,夏都,25.2,25.2,24.95,25.1,-,0.1,28319,709858.0,2000,0,0,10000,0,0,8000,0,0
20260112,1423,利華,38.0,38.6,37.9,38.4,+,0.4,32326,1230725.0,2000,0,-6,3000,0,0,1000,0,6
20260112,9906,欣巴巴,49.55,49.55,48.8,49.05,-,0.5,76106,3740707.0,1925,0,0,32925,0,0,31000,0,0
20260112,2414,精技,41.25,41.25,40.9,40.9,+,0.1,114493,4696173.0,1000,0,0,23000,0,0,22000,0,0
20260112,0057,富邦摩台,204.75,204.75,204.7,204.75,+,1.45,4293,876797.0,0,0,1000,0,0,1000,0,0,0
20260112,2314,台揚,20.9,20.9,20.5,20.5,-,0.8,361959,7470693.0,1000,0,0,1000,0,0,0,0,0
20260112,1443,立益物流,26.9,27.0,26.8,26.85,-,0.1,19987,536856.0,0,0,1000,0,0,1000,0,0,0
20260112,1457,宜進,15.5,15.55,15.45,15.5,-,0.1,114975,1782482.0,1000,0,0,1000,0,0,0,0,0
20260112,1454,台富,12.9,13.0,12.85,13.0,+,0.1,20952,271021.0,2000,0,-1000,3000,0,0,1000,0,1000
20260112,1315,達新,64.0,64.0,63.7,63.9,,0.0,29074,1857341.0,1000,0,0,1000,0,0,0,0,0
20260112,1410,南染,34.2,34.7,33.9,33.9,-,0.25,31062,1064068.0,1000,0,0,2000,0,0,1000,0,0
20260112,8481,政伸,40.95,41.0,40.5,40.5,,0.0,4325,176174.0,1000,0,0,1000,0,0,0,0,0
20260112,8487,愛爾達-創,80.5,80.5,79.4,79.4,-,0.5,10260,819434.0,-2000,0,3000,0,0,3000,2000,0,0
20260112,9943,好樂迪,60.3,60.3,60.1,60.1,,0.0,45658,2749006.0,1000,0,0,6000,0,0,5000,0,0
20260112,6464,台數科,76.5,77.0,76.5,77.0,,0.0,6065,466505.0,1000,0,0,2000,0,0,1000,0,0
20260112,6416,瑞祺電通,88.0,88.6,87.0,87.8,+,0.6,209209,18370166.0,0,0,1000,70000,0,1000,70000,0,0
20260112,6641,基士德-KY,19.5,21.35,19.5,21.35,+,1.9,245170,5099997.0,4000,0,-3000,23000,0,0,19000,0,3000
20260112,6771,平和環保-創,45.2,45.2,44.45,45.0,+,1.2,17894,803400.0,2000,0,-1000,4000,0,1000,2000,0,2000
20260112,6754,匯僑設計,47.65,47.75,47.6,47.65,,0.0,8183,390007.0,1000,0,0,1000,0,0,0,0,0
20260112,2701,萬企,11.0,11.05,11.0,11.0,,0.0,97486,1073804.0,1000,0,0,2000,0,0,1000,0,0
20260112,3437,榮創,15.0,15.85,14.8,15.2,+,0.05,874214,13436555.0,-64000,0,65000,202000,0,65000,266000,0,0
20260112,4737,華廣,54.3,54.8,53.7,54.3,-,0.9,173334,9387651.0,1000,0,0,62000,0,0,61000,0,0
20260112,7631,聚賢研發-創,148.0,148.5,135.0,135.0,-,14.5,187176,26466805.0,-16000,0,16996,4000,0,32000,20000,0,15004
20260112,6918,愛派司,84.0,84.0,83.2,83.3,-,0.6,220636,18511576.0,0,0,0,6000,0,0,6000,0,0
20260112,6666,羅麗芬-KY,45.95,47.0,45.95,46.4,+,1.1,18175,844130.0,0,0,0,1000,0,0,1000,0,0
20260112,6581,鋼聯,106.0,107.0,105.0,106.5,+,1.5,16364,1739091.0,0,0,0,2000,0,0,2000,0,0
20260112,4935,茂林-KY,40.3,41.1,40.1,40.7,+,0.4,53179,2147082.0,0,0,0,5000,0,0,5000,0,0
20260112,5538,東明-KY,32.9,33.5,32.9,33.2,+,0.3,33436,1112382.0,0,0,0,2000,0,0,2000,0,0
20260112,4581,光隆精密-KY,51.2,51.7,51.2,51.7,,0.0,19301,993549.0,0,0,0,0,0,1000,0,0,1000
20260112,4439,冠星-KY,103.5,104.5,103.5,104.5,+,1.5,7000,725500.0,0,0,0,1000,0,0,1000,0,0
20260112,3296,勝德,23.5,23.75,23.45,23.6,+,0.1,64685,1525804.0,-2000,0,2000,5000,0,2000,7000,0,0
20260112,2608,嘉里大榮,33.05,33.1,32.9,33.1,+,0.1,265012,8744555.0,0,0,0,50000,0,0,50000,0,0
20260112,3021,鴻名,17.95,18.9,17.95,18.45,+,0.7,421185,7790402.0,-13000,0,13000,34000,0,19000,47000,0,6000
20260112,1539,巨庭,17.15,17.15,17.0,17.05,,0.0,37115,633659.0,0,0,0,1000,0,0,1000,0,0
20260112,1583,程泰,44.85,46.45,44.8,45.05,+,0.65,21482,980637.0,0,0,0,2000,0,0,2000,0,0
20260112,1452,宏益,11.75,11.8,11.75,11.75,,0.0,71803,844297.0,0,0,0,1000,0,0,1000,0,0
20260112,1805,寶徠,12.2,12.2,11.95,12.1,+,0.1,73170,880350.0,0,0,0,8000,0,0,8000,0,0
20260112,1533,車王電,31.8,32.25,31.6,32.0,+,0.3,80880,2582028.0,1000,0,-1035,15000,0,0,14000,0,1035
20260112,4930,燦星網,22.0,22.0,21.75,21.9,-,0.1,36730,805276.0,0,0,-282,1000,0,0,1000,0,282
20260112,2617,台航,31.4,31.45,30.9,31.3,-,0.1,821169,25548859.0,-7000,0,6178,305000,0,7000,312000,0,822
20260112,6719,力智,181.5,186.0,181.5,183.5,+,2.0,297057,54550114.0,-1000,-3000,3047,121000,0,5497,122000,3000,2450
20260112,4119,旭富,52.4,52.4,50.0,51.2,,0.0,427384,21924784.0,-2000,0,1018,105000,0,13021,107000,0,12003
20260112,4137,麗豐-KY,103.0,105.5,103.0,105.0,+,2.5,236124,24693004.0,-1000,0,0,69000,0,0,70000,0,0
20260112,3168,眾福科,40.6,41.95,40.6,41.0,+,0.65,13518,561554.0,-1000,0,0,0,0,0,1000,0,0
20260112,4994,傳奇,101.5,103.0,101.0,101.0,-,0.5,28160,2879094.0,-1000,0,0,2000,0,0,3000,0,0
20260112,2706,第一店,12.85,12.9,12.85,12.85,,0.0,118376,1523190.0,-1000,0,0,0,0,0,1000,0,0
20260112,2910,統領,20.85,20.85,20.85,20.85,+,0.1,4000,83400.0,-1000,0,0,0,0,0,1000,0,0
20260112,2923,鼎固-KY,20.25,20.3,19.85,19.85,,0.0,12354,248073.0,-2000,0,1000,0,0,1000,2000,0,0
20260112,6742,澤米,45.9,46.05,45.15,45.25,-,0.3,134214,6121276.0,-1000,0,0,53000,0,0,54000,0,0
20260112,6606,建德工業,25.3,25.45,25.25,25.4,+,0.2,37494,949404.0,-1000,0,0,0,0,0,1000,0,0
20260112,6807,峰源-KY,46.0,46.1,45.35,45.35,,0.0,12085,550830.0,0,0,-1000,0,0,0,0,0,1000
20260112,6861,睿生光電,67.0,67.0,65.4,65.7,+,0.3,241235,15954813.0,0,-1000,0,52000,0,0,52000,1000,0
20260112,9929,秋雨,10.2,10.7,10.2,10.45,,0.0,11090,116838.0,-1000,0,0,0,0,0,1000,0,0
20260112,9918,欣天然,39.65,39.65,39.65,39.65,-,0.05,10128,401551.0,-1000,0,0,0,0,0,1000,0,0
20260112,8488,吉源-KY,10.2,10.2,10.1,10.1,+,0.23,16030,163007.0,-1000,0,0,2000,0,0,3000,0,0
20260112,8940,新天地,20.85,20.85,20.45,20.5,+,0.15,27620,569023.0,-1000,0,0,1000,0,0,2000,0,0
20260112,1413,宏洲,9.65,9.94,9.65,9.94,-,0.04,112268,1094147.0,0,0,-1000,0,0,0,0,0,1000
20260112,1418,東華,19.8,20.2,19.8,20.05,+,0.25,25439,512403.0,-1000,0,0,0,0,0,1000,0,0
20260112,1435,中福,21.35,21.35,21.35,21.35,,0.0,3554,75612.0,-1000,0,0,0,0,0,1000,0,0
20260112,1453,大將,12.15,12.3,12.15,12.2,+,0.05,51390,625713.0,-1000,0,0,0,0,0,1000,0,0
20260112,1456,怡華,13.45,13.45,12.95,13.45,-,0.05,47337,626456.0,0,0,-1000,12000,0,1000,12000,0,2000
20260112,1726,永記,75.9,76.0,75.9,76.0,+,0.2,10690,811731.0,-1000,0,0,0,0,0,1000,0,0
20260112,00730,富邦臺灣優質高息,23.48,23.89,23.44,23.49,+,0.03,325118,7660980.0,-5000,0,3628,11000,0,169909,16000,0,166281
20260112,2731,雄獅,171.5,171.5,168.5,169.5,-,1.5,786727,133556509.0,-51950,0,50574,204050,0,86097,256000,0,35523
20260112,3054,立萬利,30.7,31.65,30.05,30.4,-,0.25,45117,1373011.0,-2000,0,0,6000,0,0,8000,0,0
20260112,4555,氣立,39.2,39.4,38.5,39.2,+,0.1,123883,4826637.0,-4000,0,2000,26000,0,2000,30000,0,0
20260112,8429,金麗-KY,7.56,7.62,7.56,7.56,,0.0,146429,1110372.0,-2000,0,0,1000,0,0,3000,0,0
20260112,8442,威宏-KY,72.3,73.5,72.3,73.0,+,0.7,108828,7958129.0,-6000,0,4000,23000,0,14000,29000,0,10000
20260112,9926,新海,49.5,49.5,49.3,49.3,-,0.2,30687,1514490.0,-2000,0,0,0,0,0,2000,0,0
20260112,6671,三能-KY,36.95,37.0,36.9,36.9,+,0.15,9028,333480.0,-2000,0,0,0,0,0,2000,0,0
20260112,2433,互盛電,46.85,47.0,46.85,46.95,-,0.05,55211,2588351.0,-2000,0,0,1000,0,0,3000,0,0
20260112,1468,昶和,11.65,11.9,11.6,11.85,+,0.15,38000,447100.0,-1000,0,-1000,0,0,0,1000,0,1000
20260112,1475,業旺,31.85,32.1,31.4,31.65,-,0.05,45150,1434610.0,-2000,0,0,3000,0,0,5000,0,0
20260112,1512,瑞利,7.37,7.37,7.23,7.3,-,0.06,59794,434318.0,-1000,0,-1000,0,0,0,1000,0,1000
20260112,1220,台榮,12.55,12.55,12.4,12.55,,0.0,139493,1738737.0,-2000,0,0,4000,0,0,6000,0,0
20260112,1521,大億,23.8,24.0,23.8,23.95,+,0.15,12312,294624.0,-2000,0,0,0,0,0,2000,0,0
20260112,2642,宅配通,25.75,25.75,25.6,25.65,-,0.1,62135,1594722.0,-2065,0,0,10000,0,0,12065,0,0
20260112,5258,虹堡,63.0,65.1,63.0,64.1,+,1.2,310355,19961299.0,0,0,-2072,79000,0,0,79000,0,2072
20260112,4999,鑫禾,23.55,23.8,23.55,23.7,-,0.3,38752,918960.0,-3000,0,751,5000,0,3000,8000,0,2249
20260112,1762,中化生,25.05,25.05,24.95,24.95,,0.0,76344,1910054.0,-3000,0,286,5000,0,2000,8000,0,1714
20260112,00737,國泰AI機器人,37.74,37.76,37.63,37.64,-,0.1,575119,21683124.0,0,0,-2779,0,0,425273,0,0,428052
20260112,2012,春雨,17.0,17.05,16.95,17.05,+,0.05,33424,567970.0,-4000,0,1000,0,0,1000,4000,0,0
20260112,1203,味王,39.65,39.9,39.35,39.35,-,0.3,62110,2459248.0,-3000,0,0,1000,0,0,4000,0,0
20260112,1516,川飛,21.25,21.5,21.2,21.25,,0.0,19126,406539.0,-3000,0,0,2000,0,0,5000,0,0
20260112,3150,鈺寶-創,20.55,20.75,20.2,20.65,,0.0,48091,983710.0,1000,0,-4000,7000,0,7000,6000,0,11000
20260112,2939,永邑-KY,23.15,23.15,22.45,22.65,-,1.05,50177,1144138.0,-3000,0,0,2000,0,0,5000,0,0
20260112,6794,向榮生技,89.6,89.6,86.0,88.6,+,2.6,93001,8174086.0,-3000,0,0,36000,0,0,39000,0,0
20260112,7791,皇家可口,72.0,72.0,71.5,72.0,,0.0,17713,1271098.0,-3000,0,0,0,0,0,3000,0,0
20260112,9912,偉聯,12.15,12.25,11.95,12.0,+,0.05,68252,817524.0,-3000,0,0,10000,0,0,13000,0,0
20260112,7722,LINEPAY,554.0,554.0,547.0,548.0,-,3.0,24389,13400885.0,-3260,0,0,4000,0,0,7260,0,0
20260112,6988,威力暘-創,14.8,16.95,14.8,16.45,+,1.0,89851,1442819.0,-2909,0,-1000,1091,0,23000,4000,0,24000
20260112,9946,三發地產,19.45,19.45,18.9,18.9,-,0.15,503094,9604534.0,-38974,0,35000,95026,0,35000,134000,0,0
20260112,9902,台火,17.0,17.05,16.85,16.9,-,0.1,154031,2607521.0,-4000,0,0,26000,0,0,30000,0,0
20260112,9931,欣高,33.7,33.75,33.5,33.75,,0.0,23813,800194.0,-4000,0,0,2000,0,0,6000,0,0
20260112,9934,成霖,9.98,10.0,9.93,9.98,,0.0,235362,2346567.0,-8000,0,4000,38000,0,4000,46000,0,0
20260112,6969,成信實業*-創,32.7,32.7,32.7,32.7,+,2.95,28160,920832.0,0,0,-4000,0,0,0,0,0,4000
20260112,4133,亞諾法,23.45,23.5,23.3,23.3,+,0.05,82456,1930699.0,-4000,0,0,5000,0,0,9000,0,0
20260112,3679,新至陞,114.5,115.0,113.0,114.5,,0.0,48030,5491345.0,-4000,0,0,10000,0,0,14000,0,0
20260112,1459,聯發,11.8,11.85,11.75,11.75,-,0.05,66988,788921.0,-3000,0,-1000,0,0,0,3000,0,1000
20260112,2114,鑫永銓,90.4,90.6,89.9,90.0,+,0.1,23304,2098368.0,-4000,0,0,0,0,0,4000,0,0
20260112,2423,固緯,54.8,55.9,53.9,54.0,-,0.5,126224,6860352.0,-2000,0,-2000,33000,0,0,35000,0,2000
20260112,8926,台汽電,41.0,41.1,40.8,41.05,+,0.15,648868,26565781.0,-4000,0,-70,195000,0,0,199000,0,70
20260112,1476,儒鴻,411.0,411.0,401.5,403.0,-,2.5,857926,346828289.0,25862,-5672,-24309,538231,0,7149,512369,5672,31458
20260112,1817,凱撒衛,38.2,38.3,38.2,38.25,-,0.05,29689,1136118.0,-5000,0,144,0,0,1000,5000,0,856
20260112,1324,地球,11.2,11.2,11.15,11.2,-,0.15,53963,603996.0,-5000,0,0,5000,0,0,10000,0,0
20260112,6902,GOGOLOOK,75.5,75.5,73.8,74.8,+,1.3,23117,1713123.0,-5000,0,0,2000,0,0,7000,0,0
20260112,6226,光鼎,7.45,7.69,7.36,7.54,+,0.09,357207,2679791.0,-11000,0,6000,5000,0,6000,16000,0,0
20260112,3501,維熹,48.2,48.35,47.8,47.85,-,0.4,202740,9727398.0,-4000,0,-1184,40000,0,2000,44000,0,3184
20260112,6949,沛爾生醫-創,332.0,336.0,327.0,327.0,-,6.5,83453,27672710.0,-6000,0,317,16000,0,3000,22000,0,2683
20260112,6924,榮惠-KY創,77.1,77.1,76.1,76.1,-,0.9,27016,2068324.0,-6000,0,0,3000,0,6000,9000,0,6000
20260112,6504,南六,41.65,42.0,41.35,41.35,-,0.3,33205,1383760.0,-6000,0,0,0,0,0,6000,0,0
20260112,9917,中保科,110.0,111.0,110.0,110.0,,0.0,453247,50066969.0,16000,-19000,-3000,176000,0,2000,160000,19000,5000
20260112,8443,阿瘦,11.1,11.15,11.1,11.1,-,0.05,14595,162366.0,-6000,0,0,0,0,0,6000,0,0
20260112,3530,晶相光,76.7,77.2,75.7,76.0,-,0.3,436148,33272660.0,7000,0,-13000,99000,0,0,92000,0,13000
20260112,5007,三星,56.0,56.0,55.7,55.7,-,0.1,19528,1090209.0,-6000,0,0,1000,0,0,7000,0,0
20260112,1337,再生-KY,4.86,4.91,4.83,4.84,-,0.01,321290,1564014.0,-6000,0,0,21000,0,0,27000,0,0
20260112,2227,裕日車,54.6,55.1,54.6,54.7,+,0.1,43481,2382142.0,-6000,0,0,2000,0,0,8000,0,0
20260112,3705,永信,57.5,57.7,56.8,57.2,-,0.2,305998,17462036.0,-8474,0,1871,93526,0,4907,102000,0,3036
20260112,1707,葡萄王,124.5,124.5,124.0,124.5,+,0.5,84333,10479577.0,-6992,0,0,10008,0,0,17000,0,0
20260112,2514,龍邦,14.75,14.9,14.7,14.75,,0.0,170891,2526254.0,-11000,0,3946,25000,0,5000,36000,0,1054
20260112,6830,汎銓,185.0,192.0,183.0,189.0,+,4.5,1411819,265418534.0,-38890,0,30917,373110,0,52147,412000,0,21230
20260112,8374,羅昇,84.2,85.9,83.5,84.8,+,0.4,482724,40877211.0,-5000,0,-2976,84000,0,1435,89000,0,4411
20260112,8463,潤泰材,26.9,27.2,26.8,26.85,+,0.05,106156,2859025.0,-7000,0,-999,6000,0,1,13000,0,1000
20260112,7721,微程式,48.25,48.8,48.05,48.1,+,0.2,52001,2514796.0,-8000,0,0,3000,0,0,11000,0,0
20260112,1783,和康生,45.45,45.45,45.05,45.35,+,0.5,169915,7691992.0,-13000,0,5000,12000,0,5000,25000,0,0
20260112,1232,大統益,144.5,145.0,144.0,144.5,,0.0,49874,7209096.0,-7000,0,-1000,7000,0,0,14000,0,1000
20260112,00861,元大全球未來通訊,58.35,58.65,58.35,58.45,+,0.5,112986,6613782.0,25653,0,-34226,27005,0,0,1352,0,34226
20260112,1615,大山,48.4,48.65,48.2,48.5,+,0.2,93747,4537735.0,-12777,0,4000,14000,0,4000,26777,0,0
20260112,1730,花仙子,52.9,52.9,52.5,52.5,,0.0,19586,1029823.0,-10000,0,1048,0,0,1058,10000,0,10
20260112,1236,宏亞,25.35,25.5,25.25,25.5,+,0.05,71566,1817438.0,-9000,0,0,1000,0,0,10000,0,0
20260112,6958,日盛台駿,15.4,15.4,15.0,15.05,-,0.4,163462,2467359.0,-8000,0,-1000,13000,0,2000,21000,0,3000
20260112,6715,嘉基,105.5,105.5,102.0,103.0,-,2.5,79105,8165083.0,-9000,0,0,11000,0,0,20000,0,0
20260112,6283,淳安,24.55,24.75,24.4,24.5,,0.0,209656,5151285.0,-9000,0,0,65000,0,0,74000,0,0
20260112,4536,拓凱,161.0,162.0,158.0,161.0,-,1.0,273883,43913807.0,-9000,0,-182,91000,0,5000,100000,0,5182
20260112,6598,ABC-KY,24.8,25.45,24.25,24.25,+,1.1,834392,20840268.0,-18001,0,8711,33000,0,9711,51001,0,1000
20260112,1906,寶隆,12.1,12.15,11.95,12.15,+,0.05,66854,807350.0,-9000,0,-373,0,0,0,9000,0,373
20260112,1752,南光,37.1,37.3,36.5,36.75,-,0.35,137240,5078441.0,-11000,0,1000,7000,0,1000,18000,0,0
20260112,1472,三洋實業,90.2,90.2,88.1,88.1,-,2.0,19051,1681129.0,-10000,0,0,1000,0,0,11000,0,0
20260112,7736,虎山,86.3,86.5,84.9,85.8,-,0.5,60144,5146531.0,-10000,0,0,6000,0,0,16000,0,0
20260112,3164,景岳,18.4,18.45,18.25,18.25,,0.0,27695,507696.0,-10000,0,0,0,0,0,10000,0,0
20260112,5546,永固-KY,23.0,23.4,22.8,23.25,+,0.25,61640,1424293.0,-9000,0,-1000,6000,0,0,15000,0,1000
20260112,6183,關貿,95.2,96.5,95.2,96.0,+,0.8,38407,3690567.0,-3000,0,-7400,1000,0,600,4000,0,8000
20260112,3014,聯陽,115.5,115.5,114.0,115.0,,0.0,837555,95915436.0,65827,-76142,-115,344000,26000,0,278173,102142,115
20260112,3130,一零四,224.5,224.5,223.0,223.0,,0.0,20752,4640177.0,-11999,0,1039,1000,0,1039,12999,0,0
20260112,2849,安泰銀,13.35,13.4,13.35,13.35,,0.0,33403,447064.0,-10000,0,-1000,0,0,0,10000,0,1000
20260112,2506,太設,9.07,9.19,9.05,9.1,+,0.03,206831,1885114.0,-11000,0,0,11000,0,0,22000,0,0
20260112,1108,幸福,14.9,14.95,14.9,14.9,,0.0,144728,2157820.0,-10000,0,-1000,0,0,0,10000,0,1000
20260112,9937,全國,57.5,57.7,57.0,57.0,-,0.3,28555,1633935.0,-11000,0,-244,4000,0,361,15000,0,605
20260112,3588,通嘉,52.0,53.2,51.3,52.6,+,0.6,924650,48302562.0,-12000,0,307,238000,0,2000,250000,0,1693
20260112,6965,中傑-KY,88.5,88.5,87.0,87.2,-,0.2,97324,8484527.0,-13000,0,1027,29000,0,1027,42000,0,0
20260112,6936,永鴻生技,35.9,35.9,35.65,35.7,-,0.1,63420,2268942.0,-12000,0,0,1000,0,0,13000,0,0
20260112,4771,望隼,180.0,180.0,177.0,177.0,-,1.0,65248,11631926.0,-12000,0,0,15000,0,0,27000,0,0
20260112,2373,震旦行,56.5,56.5,55.8,55.8,-,0.4,43380,2428880.0,-12000,0,0,1000,0,0,13000,0,0
20260112,1466,聚隆,14.15,14.2,13.85,14.05,+,0.05,92253,1289571.0,-13000,0,1000,12000,0,1000,25000,0,0
20260112,1463,強盛新,17.6,17.6,17.3,17.35,-,0.2,125680,2187989.0,-12000,0,0,2000,0,0,14000,0,0
20260112,1506,正道,12.0,12.0,11.7,11.95,-,0.05,120141,1426915.0,-14000,0,2000,0,0,2000,14000,0,0
20260112,1339,昭輝,42.05,42.3,41.65,41.85,-,0.2,43895,1835354.0,-12000,0,-812,3000,0,0,15000,0,812
20260112,2243,宏旭-KY,11.55,11.55,11.25,11.4,-,0.05,157953,1798573.0,-10000,0,-3000,0,0,0,10000,0,3000
20260112,3652,精聯,29.25,29.25,28.35,28.35,-,0.5,124325,3555670.0,-13000,0,0,8000,0,0,21000,0,0
20260112,2704,國賓,42.35,42.7,42.3,42.65,+,0.25,45150,1917377.0,-13004,0,0,17000,0,0,30004,0,0
20260112,4552,力達-KY,23.6,23.75,23.55,23.65,-,0.05,71338,1689801.0,-19120,0,6000,16000,0,6000,35120,0,0
20260112,1789,神隆,23.15,24.2,23.15,23.65,+,0.25,6260008,147655073.0,-16649,0,3165,1487351,0,7000,1504000,0,3835
20260112,1417,嘉裕,8.84,8.84,8.68,8.81,+,0.01,302895,2649860.0,-14000,0,0,5000,0,0,19000,0,0
20260112,6792,詠業,51.0,52.4,51.0,51.3,+,0.9,53596,2765993.0,-14000,0,0,1000,0,0,15000,0,0
20260112,6582,申豐,31.55,32.0,31.55,31.75,,0.0,43341,1376428.0,-15000,0,0,4000,0,0,19000,0,0
20260112,2739,寒舍,35.3,35.35,35.05,35.05,-,0.15,49095,1726142.0,-15000,0,0,0,0,0,15000,0,0
20260112,4190,佐登-KY,29.7,29.75,29.45,29.6,-,0.2,62461,1850351.0,-15000,0,0,8000,0,0,23000,0,0
20260112,6141,柏承,12.2,12.35,11.95,12.1,,0.0,500537,6060846.0,-14000,0,-1000,63000,0,0,77000,0,1000
20260112,1528,恩德,22.5,22.95,22.05,22.45,+,0.5,4295908,96651997.0,-17000,0,1000,300000,0,1000,317000,0,0
20260112,1530,亞崴,27.5,27.9,27.05,27.1,-,0.4,56308,1549631.0,-16000,0,0,10000,0,0,26000,0,0
20260112,1760,寶齡富錦,64.0,64.4,63.8,63.8,-,0.3,108107,6926975.0,-16000,0,0,24000,0,0,40000,0,0
20260112,00875,國泰網路資安,38.9,38.9,38.8,38.81,-,0.17,31809,1235733.0,1000,0,-17161,1000,0,5000,0,0,22161
20260112,6931,青松健康,61.7,61.7,60.1,60.2,-,0.1,113670,6914180.0,-18000,0,0,7000,0,0,25000,0,0
20260112,1731,美吾華,22.0,22.0,21.75,21.8,-,0.1,173323,3791322.0,-18000,0,0,2000,0,0,20000,0,0
20260112,00709,富邦歐洲,37.95,38.11,37.95,38.09,+,0.24,58346,2222839.0,8000,0,-26000,9000,0,7000,1000,0,33000
20260112,6451,訊芯-KY,155.5,155.5,153.0,154.0,+,1.0,466561,71825936.0,-9000,0,-9199,106000,0,6032,115000,0,15231
20260112,4426,利勤,9.32,9.35,9.2,9.2,+,0.04,150535,1396141.0,-19745,0,1000,11000,0,1000,30745,0,0
20260112,9921,巨大,89.2,89.4,87.3,88.7,-,0.3,889555,78586129.0,29426,-50000,1600,405398,0,42023,375972,50000,40423
20260112,9935,慶豐富,20.05,20.1,19.85,19.9,-,0.2,129317,2583164.0,-18000,0,-1000,16000,0,0,34000,0,1000
20260112,1460,宏遠,6.4,6.41,6.33,6.41,+,0.01,827821,5286022.0,86000,0,-105000,203000,0,0,117000,0,105000
20260112,2459,敦吉,66.4,66.6,66.3,66.6,+,0.6,78876,5241114.0,-18000,0,-1000,8000,0,3000,26000,0,4000
20260112,2015,豐興,62.9,63.8,62.7,63.6,+,1.0,350939,22223328.0,-12000,-7000,0,125000,0,0,137000,7000,0
20260112,4106,雃博,22.1,22.2,22.0,22.15,-,0.05,89515,1977950.0,-19000,0,-38,0,0,0,19000,0,38
20260112,1617,榮星,14.5,14.5,14.4,14.5,+,0.05,116265,1682276.0,-20000,0,661,5000,0,1000,25000,0,339
20260112,2430,燦坤,22.7,22.7,22.55,22.55,-,0.15,43262,978201.0,-19629,0,0,1000,0,0,20629,0,0
20260112,1614,三洋電,34.0,34.15,33.85,33.9,-,0.25,84717,2875790.0,-20000,0,0,1000,0,0,21000,0,0
20260112,00678,群益那斯達克生技,35.4,35.53,35.38,35.47,-,0.25,306148,10866864.0,-3126,0,-17487,14015,0,215000,17141,0,232487
20260112,4557,永新-KY,79.0,80.1,78.8,79.3,+,0.5,157166,12510213.0,-21000,0,0,43000,0,0,64000,0,0
20260112,5203,訊連,88.2,89.4,88.2,88.3,+,0.1,97673,8645204.0,-21000,0,-18,18000,0,410,39000,0,428
20260112,00916,國泰全球品牌50,27.49,27.55,27.47,27.48,-,0.01,176980,4869331.0,3000,0,-24034,4000,0,39000,1000,0,63034
20260112,1436,華友聯,62.0,62.1,60.9,61.8,+,0.1,214217,13139225.0,-19795,0,-1425,74205,0,838,94000,0,2263
20260112,1720,生達,60.1,60.1,59.2,59.7,-,0.4,241104,14359087.0,-25500,0,4000,49500,0,4000,75000,0,0
20260112,1517,利奇,10.85,11.05,10.75,10.9,+,0.05,172547,1887555.0,-22000,0,375,30000,0,1000,52000,0,625
20260112,7610,聯友金屬-創,171.0,183.5,161.0,183.5,+,16.5,2165711,379415908.0,-30000,0,8055,374000,0,31234,404000,0,23179
20260112,2025,千興,11.6,12.25,11.25,11.7,-,0.1,708226,8264136.0,-27000,0,5000,100000,0,8000,127000,0,3000
20260112,1234,黑松,37.4,37.4,37.15,37.15,-,0.3,158617,5902099.0,-17000,0,-5533,35000,0,1000,52000,0,6533
20260112,1416,廣豐,11.7,11.85,11.7,11.85,+,0.05,208004,2447449.0,-22728,0,0,3280,0,0,26008,0,0
20260112,8499,鼎炫-KY,330.0,330.0,320.5,323.5,-,1.5,155657,50333775.0,-23240,0,371,47000,0,1371,70240,0,1000
20260112,6838,台新藥,27.1,27.25,26.6,26.7,-,0.45,324725,8719044.0,-24000,0,1000,71000,0,1000,95000,0,0
20260112,4560,強信-KY,32.45,33.5,31.75,33.5,+,1.05,537244,17357529.0,-24000,0,0,274000,0,2000,298000,0,2000
20260112,6776,展碁國際,58.8,58.8,57.6,58.0,-,1.5,1477532,85798502.0,-24091,0,-2,119000,0,0,143091,0,2
20260112,3138,耀登,133.5,136.5,132.5,136.5,+,12.0,1529445,206539202.0,-10000,0,-14385,112000,0,29615,122000,0,44000
20260112,2450,神腦,28.95,28.95,28.6,28.65,-,0.1,144355,4139075.0,-25000,0,0,19000,0,0,44000,0,0
20260112,9103,美德醫療-DR,4.6,4.8,4.6,4.7,+,0.12,1139972,5366050.0,-26000,0,0,137000,0,0,163000,0,0
20260112,3592,瑞鼎,222.0,222.0,216.5,222.0,+,1.5,654917,143721145.0,-46580,15000,3877,241503,15000,5000,288083,0,1123
20260112,4155,訊映,14.6,14.65,14.45,14.55,-,0.1,190222,2768638.0,-27000,0,-1000,5000,0,0,32000,0,1000
20260112,3454,晶睿,98.8,98.9,98.7,98.7,-,0.1,282542,27911235.0,-29000,0,0,3000,0,0,32000,0,0
20260112,4551,智伸科,119.0,119.5,118.0,119.5,+,2.0,372188,44188785.0,-24000,0,-5171,113000,0,3069,137000,0,8240
20260112,2727,王品,219.0,219.0,217.0,217.5,,0.0,226780,49341851.0,-25980,-6253,3000,66020,0,3000,92000,6253,0
20260112,7765,中華資安,276.0,278.0,271.0,271.5,-,7.0,91416,25010952.0,-30000,-957,0,2000,0,1000,32000,957,1000
20260112,6698,旭暉應材,34.5,34.55,33.25,33.5,-,0.1,396791,13438019.0,-30000,0,-1000,68000,0,1000,98000,0,2000
20260112,9925,新保,40.85,41.0,40.75,40.75,-,0.05,167146,6827409.0,-16000,0,-15000,26000,0,10000,42000,0,25000
20260112,2509,全坤建,15.6,15.6,15.4,15.45,-,0.15,226912,3514570.0,-34000,0,3000,8000,0,3000,42000,0,0
20260112,2539,櫻花建,48.7,48.7,47.85,48.35,+,0.15,484482,23360575.0,-25960,-5543,0,151019,0,0,176979,5543,0
20260112,5484,慧友,41.0,41.0,39.5,39.8,-,0.4,251589,10011628.0,-32123,0,0,34000,0,0,66123,0,0
20260112,2415,錩新,27.0,27.1,26.8,26.9,+,0.15,210553,5665548.0,-38000,0,5825,7000,0,8825,45000,0,3000
20260112,6526,達發,440.0,441.5,434.5,435.5,-,1.0,207878,90762889.0,28932,-60300,-1011,63000,0,2000,34068,60300,3011
20260112,00911,兆豐洲際半導體,35.58,35.92,35.58,35.83,+,0.62,411386,14742636.0,1000,0,-33730,2100,0,181000,1100,0,214730
20260112,6625,必應,82.0,83.4,81.9,83.0,+,1.2,250163,20669427.0,-33000,0,0,54000,0,0,87000,0,0
20260112,2906,高林,12.45,12.65,12.35,12.6,+,0.2,225981,2817803.0,-34000,0,1000,30000,0,1000,64000,0,0
20260112,2395,研華,293.5,293.5,286.0,288.0,-,0.5,1383957,398455108.0,-17019,-18204,1582,529065,2000,28700,546084,20204,27118
20260112,6862,三集瑞-KY,166.0,176.0,166.0,169.0,+,3.5,387802,66467627.0,-8000,0,-26474,98000,0,1000,106000,0,27474
20260112,3447,展達,47.9,48.5,47.45,47.55,-,0.45,409597,19611888.0,-24000,0,-12518,86000,0,1000,110000,0,13518
20260112,4104,佳醫,79.2,79.5,78.9,79.2,,0.0,189888,15010605.0,-37000,0,235,26000,0,4000,63000,0,3765
20260112,3040,遠見,52.9,54.5,52.7,53.1,+,0.3,135127,7231302.0,-37000,0,0,8000,0,0,45000,0,0
20260112,6128,上福,22.05,22.75,22.0,22.5,+,0.45,189392,4246407.0,-38000,0,-10,43000,0,0,81000,0,10
20260112,2247,汎德永業,271.5,272.5,266.5,272.0,+,0.5,200782,53914050.0,-38150,0,0,9000,0,1000,47150,0,1000
20260112,2106,建大,19.3,19.5,19.25,19.5,+,0.15,322239,6239555.0,-39000,0,0,113000,0,0,152000,0,0
20260112,6117,迎廣,82.2,82.8,81.1,81.7,-,0.5,484165,39633405.0,-36555,0,-3000,124445,0,0,161000,0,3000
20260112,1718,中纖,6.94,7.03,6.92,6.95,+,0.03,4010261,27949838.0,-40130,0,0,920870,0,0,961000,0,0
20260112,2705,六福,16.5,16.8,16.5,16.65,+,0.15,129037,2151172.0,-41000,0,0,1000,0,0,42000,0,0
20260112,2228,劍麟,109.0,110.0,106.5,106.5,-,3.0,620461,66637014.0,-40000,0,-1006,27000,0,0,67000,0,1006
20260112,1455,集盛,7.77,7.77,7.68,7.69,-,0.05,384584,2960681.0,-41000,0,-114,20000,0,0,61000,0,114
20260112,1734,杏輝,30.55,30.75,30.5,30.6,+,0.05,137422,4205171.0,-42000,0,0,13000,0,0,55000,0,0
20260112,5525,順天,27.9,27.9,27.0,27.15,-,0.8,197861,5414942.0,-46000,0,4000,1000,0,4000,47000,0,0
20260112,00920,富邦ESG綠色電力,18.7,18.9,18.7,18.82,+,0.22,277112,5213578.0,-68000,0,25058,5000,0,130325,73000,0,105267
20260112,00971,野村美國研發龍頭,16.21,16.21,16.1,16.12,-,0.06,1089945,17584558.0,37000,0,-82233,39000,0,330000,2000,0,412233
20260112,3583,辛耘,348.5,354.5,344.0,346.0,+,2.0,495318,171879841.0,-47000,0,792,119000,0,8500,166000,0,7708
20260112,6533,晶心科,250.0,250.0,246.0,246.5,-,0.5,243797,60429921.0,-44625,0,-2841,22000,0,1000,66625,0,3841
20260112,2107,厚生,24.55,24.6,24.4,24.45,-,0.15,234032,5731136.0,-50490,0,0,15000,0,0,65490,0,0
20260112,6933,AMAX-KY,150.0,157.0,150.0,152.5,+,3.5,253582,39136024.0,-50000,0,-787,51000,0,0,101000,0,787
20260112,3419,譁裕,13.9,14.4,13.85,14.2,+,0.4,671603,9406796.0,-51000,0,0,25000,0,0,76000,0,0
20260112,1714,和桐,9.0,9.13,8.82,8.89,-,0.06,9266696,82982308.0,-136700,0,85000,1916300,0,112000,2053000,0,27000
20260112,1737,臺鹽,31.6,31.6,31.45,31.5,-,0.05,113016,3559685.0,-52000,0,0,13000,0,0,65000,0,0
20260112,1321,大洋,34.85,34.85,34.5,34.65,-,0.35,206276,7157554.0,-52000,0,-225,29000,0,0,81000,0,225
20260112,6605,帝寶,141.0,141.5,137.0,139.5,-,1.5,430684,59929493.0,-48000,0,-6106,168000,0,1000,216000,0,7106
20260112,1109,信大,15.4,15.45,15.35,15.4,,0.0,197466,3039444.0,-55000,0,-334,0,0,2000,55000,0,2334
20260112,7749,意騰-KY,459.0,462.0,444.0,444.0,-,11.0,251170,112630734.0,-49633,0,-6078,47367,0,3000,97000,0,9078
20260112,6515,穎崴,3510.0,3580.0,3425.0,3470.0,-,20.0,1060254,3708163355.0,-83390,46881,-19870,405252,116000,10853,488642,69119,30723
20260112,3057,喬鼎,19.15,20.0,19.15,19.45,-,1.8,1681511,32667183.0,55000,0,-112000,235000,0,0,180000,0,112000
20260112,2832,台產,50.2,50.2,49.85,50.0,-,0.1,162510,8126133.0,-66800,-6000,15000,28000,0,17000,94800,6000,2000
20260112,6691,洋基工程,608.0,618.0,584.0,593.0,+,10.0,1741253,1040406355.0,-52682,-7000,-72,598618,1000,28342,651300,8000,28414
20260112,6782,視陽,178.0,178.0,174.5,175.0,-,3.0,155115,27241887.0,-60000,0,-202,26000,0,1000,86000,0,1202
20260112,1414,東和,17.9,18.8,17.85,18.2,,0.0,198373,3594965.0,-32600,-59000,31000,12000,0,34000,44600,59000,3000
20260112,3669,圓展,39.85,41.8,39.15,40.4,+,0.6,395427,16144600.0,-60000,0,-2000,51000,0,0,111000,0,2000
20260112,7711,永擎,262.0,262.0,257.0,258.0,-,6.0,238831,61783697.0,-63000,0,1000,4000,0,1000,67000,0,0
20260112,2102,泰豐,19.7,19.75,19.6,19.7,-,0.05,176724,3474768.0,-62000,0,0,34000,0,0,96000,0,0
20260112,8210,勤誠,923.0,933.0,902.0,911.0,+,1.0,1364206,1246159480.0,-63597,-4000,5424,390000,0,31000,453597,4000,25576
20260112,1604,聲寶,24.0,24.0,23.9,23.95,-,0.05,218853,5244180.0,-62000,0,-1000,16000,0,0,78000,0,1000
20260112,3413,京鼎,278.5,280.5,277.0,279.5,+,2.5,728579,202899404.0,-63997,-4000,4871,193003,11000,8000,257000,15000,3129
20260112,2402,毅嘉,56.5,58.7,56.2,57.3,+,0.3,10752153,616215348.0,-203950,0,139442,2540050,0,190008,2744000,0,50566
20260112,00899,FT潔淨能源,21.43,21.55,21.43,21.52,+,0.28,265573,5713919.0,-2000,0,-65942,0,0,64,2000,0,66006
20260112,3563,牧德,513.0,518.0,502.0,503.0,-,6.0,728165,369838275.0,-58152,-1000,-9135,171900,0,11201,230052,1000,20336
20260112,7799,禾榮科,382.0,411.0,379.0,399.5,+,18.0,843844,337373989.0,-66499,0,-1952,309000,0,48,375499,0,2000
20260112,2038,海光,15.0,15.25,14.75,14.95,+,0.25,717390,10786988.0,-69000,0,0,96000,0,0,165000,0,0
20260112,5471,松翰,33.0,33.3,32.75,32.75,-,0.25,316016,10393892.0,-71000,0,1272,36000,0,3000,107000,0,1728
20260112,6136,富爾特,23.9,24.0,23.8,23.85,-,0.15,176631,4216982.0,-23000,0,-47000,8000,0,0,31000,0,47000
20260112,4912,聯德控股-KY,91.6,95.2,91.3,91.3,-,0.3,431129,40024569.0,-87000,0,16000,80000,0,16000,167000,0,0
20260112,5533,皇鼎,14.25,14.3,14.2,14.25,,0.0,154140,2193002.0,-72000,0,0,2000,0,0,74000,0,0
20260112,1201,味全,14.45,14.45,14.3,14.4,-,0.05,304279,4366943.0,-78000,0,2705,17000,0,3000,95000,0,295
20260112,1524,耿鼎,30.0,30.1,29.65,29.7,-,0.35,1066944,31793737.0,-74900,0,-963,127100,0,0,202000,0,963
20260112,6142,友勁,9.08,9.17,9.06,9.1,+,0.05,519218,4725119.0,-82000,0,0,133000,0,0,215000,0,0
20260112,6944,兆聯實業,753.0,774.0,726.0,740.0,+,14.0,1244255,929893601.0,-95837,-417,14207,349163,0,55308,445000,417,41101
20260112,00895,富邦未來車,40.22,40.25,40.15,40.16,+,0.01,370279,14879682.0,6000,0,-88607,17000,0,51000,11000,0,139607
20260112,2535,達欣工,65.4,65.4,64.4,64.7,-,0.7,379021,24538463.0,-138000,0,54537,32000,0,55544,170000,0,1007
20260112,0055,元大MSCI金融,32.05,32.05,31.84,31.91,-,0.03,212666,6788285.0,-25000,0,-58899,5000,0,6021,30000,0,64920
20260112,3058,立德,9.49,9.54,9.32,9.42,-,0.07,1251083,11778042.0,-78000,0,-6000,276000,0,0,354000,0,6000
20260112,9908,大台北,29.85,29.9,29.8,29.8,-,0.05,231431,6908485.0,-84000,0,-6,5000,0,0,89000,0,6
20260112,4720,德淵,17.35,18.0,17.35,17.55,-,0.05,1563352,27676066.0,-85000,0,0,264000,0,0,349000,0,0
20260112,2207,和泰車,542.0,546.0,539.0,540.0,-,4.0,233337,126317279.0,-68786,-16124,-96,94396,0,1300,163182,16124,1396
20260112,2615,萬海,79.6,79.6,78.6,79.6,+,0.4,3829379,303246756.0,206898,-253625,-38876,1531898,0,11905,1325000,253625,50781
20260112,4108,懷特,14.0,14.05,13.7,13.8,-,0.2,290700,4018593.0,-88000,0,0,0,0,0,88000,0,0
20260112,2030,彰源,15.55,15.8,15.35,15.7,+,0.45,1146543,17926418.0,-89000,0,-2,197000,0,0,286000,0,2
20260112,2538,基泰,11.0,11.05,10.85,10.95,-,0.15,391506,4278354.0,-89225,0,0,54000,0,0,143225,0,0
20260112,6431,光麗-KY,27.75,30.25,27.55,29.9,+,2.4,843501,24972446.0,-90000,0,70,144000,0,70,234000,0,0
20260112,1110,東泥,16.45,16.55,16.25,16.5,+,0.05,409060,6700201.0,-83000,0,-7000,7000,0,0,90000,0,7000
20260112,1590,亞德客-KY,1005.0,1010.0,961.0,970.0,-,30.0,692530,674541395.0,-60976,-985,-32967,382222,0,6471,443198,985,39438
20260112,9924,福興,50.2,50.2,49.7,49.75,-,0.45,242810,12120459.0,-36000,0,-60000,23000,0,0,59000,0,60000
20260112,00783,富邦中証500,27.7,28.21,27.68,28.07,+,0.57,426719,11920651.0,0,0,-96832,0,0,292198,0,0,389030
20260112,2359,所羅門,131.5,131.5,130.0,131.0,+,1.0,934857,121989516.0,-99000,0,1237,115000,0,8000,214000,0,6763
20260112,5534,長虹,86.1,86.5,84.5,84.6,-,1.4,740679,63061558.0,-141140,0,42615,198012,0,49577,339152,0,6962
20260112,3661,世芯-KY,3610.0,3710.0,3535.0,3630.0,+,60.0,1680804,6115735100.0,-194657,45465,48982,500120,65500,84699,694777,20035,35717
20260112,3046,建碁,53.2,54.2,52.6,53.3,-,0.3,418201,22292731.0,-95000,0,-6027,58000,0,0,153000,0,6027
20260112,2029,盛餘,21.2,21.25,21.05,21.1,-,0.15,210224,4445716.0,-102000,0,468,10000,0,1000,112000,0,532
20260112,3002,歐格,23.1,23.55,23.0,23.0,-,0.3,983740,22829526.0,-60000,0,-43000,201000,0,0,261000,0,43000
20260112,2545,皇翔,39.9,39.9,39.3,39.45,-,0.25,299803,11835525.0,-103365,0,0,68635,0,0,172000,0,0
20260112,8081,致新,215.0,216.5,214.0,215.0,,0.0,328692,70600350.0,-59692,-42000,-5256,73000,14000,0,132692,56000,5256
20260112,6854,錼創科技-KY創,127.0,128.0,121.5,123.0,-,3.0,514423,64072139.0,-110000,0,1022,71000,0,18000,181000,0,16978
20260112,2062,橋椿,20.8,20.8,20.5,20.5,-,0.35,229031,4725537.0,-111000,0,999,13000,0,2000,124000,0,1001
20260112,2239,英利-KY,33.45,33.45,31.25,31.25,-,2.2,180968,5739629.0,-120000,0,9437,8000,0,11000,128000,0,1563
20260112,6409,旭隼,1030.0,1030.0,1000.0,1005.0,-,20.0,457069,461972550.0,-70777,-17035,-23801,162134,0,3057,232911,17035,26858
20260112,2413,環科,44.4,47.3,44.4,47.3,+,4.3,4916756,227858878.0,-104000,0,-14000,101000,0,0,205000,0,14000
20260112,1231,聯華食,95.5,95.5,94.2,94.3,-,1.2,302808,28615422.0,-119826,0,993,18100,0,10000,137926,0,9007
20260112,2421,建準,159.5,159.5,155.0,155.5,-,1.0,2177157,340253910.0,54039,-133000,-40283,911000,0,47767,856961,133000,88050
20260112,3443,創意,2375.0,2475.0,2335.0,2435.0,+,70.0,2536550,6108892615.0,-169657,-4042,52793,689016,45000,113814,858673,49042,61021
20260112,3533,嘉澤,1460.0,1460.0,1385.0,1430.0,+,20.0,1428298,2030201350.0,-106108,139,-18523,581906,2000,21450,688014,1861,39973
20260112,5234,達興材料,366.0,369.5,355.5,356.0,-,9.0,1582026,569457494.0,-90052,-4000,-31784,337000,0,53802,427052,4000,85586
20260112,2820,華票,16.4,16.45,16.4,16.4,,0.0,650533,10685619.0,-126000,0,0,77000,0,0,203000,0,0
20260112,8114,振樺電,183.5,195.0,181.5,191.0,+,7.5,2434672,462972791.0,-419105,288000,3473,553000,288000,39739,972105,0,36266
20260112,2903,遠百,22.6,22.6,22.3,22.4,,0.0,1774618,39821066.0,24000,-153000,0,694000,2000,0,670000,155000,0
20260112,5522,遠雄,75.2,75.4,72.8,72.9,-,2.4,1535459,112732359.0,116465,-250000,4000,725000,0,16000,608535,250000,12000
20260112,2211,長榮鋼,102.0,102.0,100.0,101.0,-,1.0,1107282,111714666.0,-77800,-56688,1775,408200,1000,4000,486000,57688,2225
20260112,2540,愛山林,45.6,46.7,45.25,46.6,+,0.85,703400,32314313.0,-116000,-10000,-7000,198000,0,0,314000,10000,7000
20260112,1736,喬山,153.0,154.5,148.0,149.5,-,1.5,1911563,288815863.0,-131000,0,-2831,908000,0,9000,1039000,0,11831
20260112,00956,中信日經高股息,11.96,12.23,11.95,12.17,+,0.26,406651,4927477.0,55000,0,-190936,142000,0,41866,87000,0,232802
20260112,2480,敦陽科,151.0,151.0,146.0,148.5,-,3.0,466047,68666655.0,-111000,0,-25550,46000,0,12000,157000,0,37550
20260112,4766,南寶,325.0,328.0,320.0,320.5,-,3.5,328213,105860116.0,-131000,-8000,1246,47000,0,14765,178000,8000,13519
20260112,3052,夆典,11.9,12.0,11.8,11.85,,0.0,418062,4964484.0,-142000,0,0,43000,0,0,185000,0,0
20260112,2850,新產,116.0,116.5,115.0,116.0,-,1.0,285245,33060916.0,-137000,-8000,-148,73000,0,2000,210000,8000,2148
20260112,2241,艾姆勒,35.2,35.2,34.1,34.25,-,0.45,294975,10142020.0,-149000,0,0,20000,0,0,169000,0,0
20260112,1582,信錦,63.6,63.6,62.6,63.3,,0.0,555819,35069444.0,-157000,0,-645,125000,0,9000,282000,0,9645
20260112,2488,漢平,45.6,45.6,44.75,45.05,-,0.8,656229,29539164.0,-155000,0,-3000,40000,0,12000,195000,0,15000
20260112,2474,可成,204.0,207.5,204.0,206.5,+,2.5,3064450,632447073.0,508189,-682267,12717,1622498,4000,97589,1114309,686267,84872
20260112,00913,兆豐台灣晶圓製造,27.32,27.53,27.22,27.49,+,0.65,316601,8693468.0,-15000,0,-147318,0,0,114113,15000,0,261431
20260112,1712,興農,45.0,45.1,44.5,45.1,+,0.1,567482,25472365.0,-154000,-1000,-12961,90000,0,39,244000,1000,13000
20260112,3048,益登,42.35,42.75,41.7,41.75,-,0.2,3779999,158941860.0,-147000,0,-25412,559000,0,39,706000,0,25451
20260112,2363,矽統,49.7,49.7,48.85,49.1,+,0.3,4333494,213236466.0,-145000,0,-27952,904000,0,15061,1049000,0,43013
20260112,2323,中環,10.9,11.15,10.8,10.9,+,0.1,9465960,103645986.0,-190911,0,17000,2905000,0,21000,3095911,0,4000
20260112,6937,天虹,243.0,244.5,236.0,237.5,-,8.5,551927,132012858.0,-176006,-1000,1926,50010,0,10811,226016,1000,8885
20260112,6224,聚鼎,42.35,42.35,41.05,41.6,-,1.35,481613,20006011.0,-182900,0,7000,43100,0,7000,226000,0,0
20260112,2013,中鋼構,42.9,43.1,42.5,42.6,+,0.05,269497,11512310.0,-181000,0,4146,16000,0,5000,197000,0,854
20260112,2201,裕隆,31.45,31.8,31.15,31.65,+,0.2,4846026,152229825.0,-213000,0,33267,1985000,0,50029,2198000,0,16762
20260112,4977,眾達-KY,129.0,131.5,128.0,131.0,+,3.5,2341204,305338252.0,-206000,0,24472,497000,0,33005,703000,0,8533
20260112,2537,聯上發,11.75,12.0,11.55,11.65,-,0.05,1708445,20029943.0,-189000,0,7196,471000,0,8000,660000,0,804
20260112,4532,瑞智,24.8,24.8,24.35,24.4,-,0.35,1090625,26686378.0,-178000,-11409,3850,214000,0,5001,392000,11409,1151
20260112,2301,光寶科,162.0,165.5,162.0,164.5,+,4.5,11161468,1829411362.0,119176,-745889,439551,3882711,258000,483863,3763535,1003889,44312
20260112,2059,川湖,3375.0,3375.0,3275.0,3365.0,+,50.0,683660,2286119810.0,-107602,-70153,-10025,187807,1200,20460,295409,71353,30485
20260112,6278,台表科,96.3,96.5,95.7,96.2,+,0.2,897279,86182331.0,-88332,-90600,-11248,223000,0,2000,311332,90600,13248
20260112,9907,統一實,18.55,18.7,18.45,18.6,,0.0,3181946,59008365.0,-539840,355428,-8000,1298000,501000,2000,1837840,145572,10000
20260112,3090,日電貿,100.5,104.5,100.5,101.5,+,0.5,5696637,581333369.0,-55844,-9683,-129947,1749000,0,90508,1804844,9683,220455
20260112,00668,國泰美國道瓊,56.9,57.0,56.7,56.9,,0.0,236171,13436666.0,-2000,0,-195173,0,0,18828,2000,0,214001
20260112,6472,保瑞,515.0,516.0,502.0,505.0,-,12.0,778874,395104558.0,-180450,0,-18296,155000,0,23938,335450,0,42234
20260112,00770,國泰北美科技,58.9,58.9,58.35,58.35,,0.0,848500,49662693.0,10564,0,-211809,40000,0,206000,29436,0,417809
20260112,6024,群益期,52.2,52.5,51.7,51.8,-,0.4,290124,15039460.0,-203000,0,0,12000,0,0,215000,0,0
20260112,00652,富邦印度,37.23,37.23,36.82,36.82,-,0.53,560921,20736822.0,3000,0,-206312,7000,0,64000,4000,0,270312
20260112,4942,嘉彰,39.3,39.35,38.75,39.0,-,0.7,373559,14565698.0,-150000,0,-54177,12000,0,0,162000,0,54177
20260112,5284,jpp-KY,276.5,276.5,269.0,270.5,-,4.0,1302530,353371582.0,-177428,0,-28619,131000,0,17326,308428,0,45945
20260112,3645,達邁,53.9,55.5,53.4,53.9,+,0.9,2075334,112554027.0,-207000,0,-216,573000,0,1060,780000,0,1276
20260112,1560,中砂,419.5,422.0,411.0,416.5,+,7.0,1808702,753211126.0,-194186,1000,-17458,545814,3000,55344,740000,2000,72802
20260112,1806,冠軍,8.89,8.89,8.81,8.84,-,0.05,800584,7072962.0,-212000,0,0,76000,0,0,288000,0,0
20260112,4540,全球傳動,35.85,36.75,35.65,35.65,-,0.2,770371,27685048.0,-213000,0,-149,94000,0,6000,307000,0,6149
20260112,3056,富華新,18.1,18.1,17.8,17.8,-,0.3,1287976,22999696.0,-215000,0,-3,229000,0,0,444000,0,3
20260112,8039,台虹,85.5,85.8,83.6,85.1,+,0.4,7217602,611505430.0,-27875,-7000,-181914,1986425,1000,14670,2014300,8000,196584
20260112,2014,中鴻,16.25,16.9,16.1,16.65,+,0.3,10160687,168566534.0,-755302,0,530438,3097698,0,606876,3853000,0,76438
20260112,2548,華固,116.5,117.5,114.0,116.0,+,0.5,815964,94327715.0,-206557,0,-20499,235280,0,22094,441837,0,42593
20260112,6592,和潤企業,60.3,61.0,59.0,60.1,-,0.8,1833813,109794681.0,-232310,0,5109,476000,0,9534,708310,0,4425
20260112,2206,三陽工業,61.0,61.0,60.3,60.4,-,0.5,610567,36987797.0,-178000,-50337,0,132000,1000,0,310000,51337,0
20260112,6165,浪凡,47.1,47.1,45.5,45.55,-,1.2,673619,30949350.0,-230000,0,0,34000,0,0,264000,0,0
20260112,5515,建國,40.35,40.5,38.9,39.15,-,0.65,1418452,55872583.0,-331000,100000,0,324000,100000,0,655000,0,0
20260112,2511,太子,8.6,8.6,8.45,8.54,+,0.01,1239882,10543675.0,-234000,0,2000,269000,0,3000,503000,0,1000
20260112,2547,日勝生,10.85,10.9,10.75,10.85,+,0.05,956158,10336175.0,-235000,0,0,216000,0,0,451000,0,0
20260112,3019,亞光,141.0,142.0,140.5,140.5,,0.0,2049347,288718668.0,-221630,0,-14491,306400,0,35310,528030,0,49801
20260112,3008,大立光,2530.0,2530.0,2450.0,2490.0,-,40.0,1163495,2899796810.0,-172461,-8181,-58573,413753,500,15262,586214,8681,73835
20260112,2258,鴻華先進-創,40.7,40.8,39.8,39.9,-,0.65,773643,30977245.0,-242000,0,2580,20000,0,6000,262000,0,3420
20260112,2908,特力,20.15,20.15,19.8,20.15,-,0.05,382671,7669272.0,-240000,0,0,10000,0,0,250000,0,0
20260112,1563,巧新,47.7,47.7,46.1,46.35,-,1.35,765705,35633708.0,-242000,0,-1000,104000,0,0,346000,0,1000
20260112,9910,豐泰,106.0,106.0,104.0,104.0,-,3.0,2265820,237739291.0,-218858,-28154,1276,811882,0,15000,1030740,28154,13724
20260112,2393,億光,56.2,56.2,55.2,55.8,-,0.3,3572369,198452195.0,460501,-708472,-4706,1329000,0,2000,868499,708472,6706
20260112,4306,炎洲,14.25,14.25,14.0,14.2,-,0.05,949241,13396004.0,-255000,0,0,186000,0,0,441000,0,0
20260112,2442,新美齊,23.4,23.4,22.95,23.15,-,0.25,746218,17229045.0,-258424,0,310,77576,0,3000,336000,0,2690
20260112,5519,隆大,33.15,33.45,31.95,32.2,-,1.15,1039619,33866065.0,-243000,0,-17451,222000,0,8000,465000,0,25451
20260112,2405,輔信,17.2,17.4,17.0,17.1,-,0.15,3943371,67698942.0,-262000,0,0,957000,0,0,1219000,0,0
20260112,00963,中信全球高股息,11.75,11.75,11.7,11.73,-,0.02,1392673,16331580.0,477820,0,-747646,490000,0,358000,12180,0,1105646
20260112,6919,康霈*,148.5,149.5,147.0,147.5,,0.0,2118548,314092249.0,-275058,-441,3000,177106,0,5000,452164,441,2000
20260112,00692,富邦公司治理,61.35,61.45,61.1,61.25,+,0.35,1704313,104449918.0,-93983,0,-178701,30017,0,607204,124000,0,785905
20260112,2454,聯發科,1445.0,1450.0,1425.0,1445.0,+,25.0,4496882,6470457220.0,112436,-346876,-41118,2460852,10700,24117,2348416,357576,65235
20260112,1444,力麗,6.2,6.2,6.08,6.09,-,0.12,1217658,7439843.0,-276000,0,0,143000,0,0,419000,0,0
20260112,00646,元大S&P500,68.85,68.95,68.7,68.8,+,0.15,2729694,187841399.0,24994,0,-310171,68344,0,471000,43350,0,781171
20260112,2364,倫飛,66.6,67.0,66.0,66.1,-,1.3,457061,30284481.0,-285500,0,-47,20000,0,0,305500,0,47
20260112,3049,精金,6.98,7.22,6.91,7.11,+,0.15,4797123,34045339.0,-285679,0,-742,1001321,0,30,1287000,0,772
20260112,9939,宏全,119.5,120.0,117.0,117.5,-,2.5,1188290,140005676.0,-273200,-39000,25118,184000,0,30000,457200,39000,4882
20260112,3062,建漢,23.5,25.25,23.45,24.75,+,1.5,11928240,293304112.0,-287000,0,-2686,3093000,0,3266,3380000,0,5952
20260112,1907,永豐餘,25.3,25.35,25.0,25.3,,0.0,1101203,27709005.0,-294966,-9999,14112,330034,0,18000,625000,9999,3888
20260112,3653,健策,2605.0,2605.0,2495.0,2535.0,-,30.0,1384636,3532738950.0,-198228,-94028,-17,625370,500,58029,823598,94528,58046
20260112,6412,群電,81.8,81.8,80.3,81.0,-,0.2,2049845,165275644.0,964050,-1261838,4581,1072050,0,17000,108000,1261838,12419
20260112,6177,達麗,54.1,54.1,52.4,53.0,-,1.2,2001736,106116557.0,-294100,0,657,884000,0,11000,1178100,0,10343
20260112,1319,東陽,95.1,95.1,93.7,93.8,-,0.9,1666253,156970312.0,319100,-653262,25456,643100,0,34573,324000,653262,9117
20260112,8215,明基材,20.9,21.1,20.55,20.65,,0.0,1068136,22205692.0,-253000,-66000,0,220000,0,0,473000,66000,0
20260112,2368,金像電,654.0,679.0,654.0,666.0,+,29.0,10662290,7113039395.0,-419310,-109156,207067,3580695,52000,421702,4000005,161156,214635
20260112,2646,星宇航空,23.4,23.55,23.35,23.35,,0.0,3649853,85402564.0,-321026,0,-1000,767974,0,0,1089000,0,1000
20260112,6541,泰福-KY,51.0,51.7,50.1,51.0,-,1.7,1226459,62302294.0,-323000,0,-1281,176000,0,8000,499000,0,9281
20260112,3376,新日興,233.0,238.0,227.5,234.0,+,5.5,9070358,2112228313.0,-280856,11000,-54472,2388128,12000,272529,2668984,1000,327001
20260112,4722,國精化,165.5,168.5,162.0,163.0,-,5.0,1624124,267912722.0,-325000,-3000,325,220000,0,26000,545000,3000,25675
20260112,4746,台耀,60.2,60.3,58.2,58.3,-,1.3,1007002,59125744.0,-319000,0,-9946,101000,0,1166,420000,0,11112
20260112,6805,富世達,1390.0,1400.0,1320.0,1330.0,-,35.0,2369395,3187045375.0,447211,-740000,-36659,993301,0,82567,546090,740000,119226
20260112,1587,吉茂,53.8,53.9,51.3,51.8,-,1.4,2017564,104976157.0,-331000,0,34,279000,0,3000,610000,0,2966
20260112,3030,德律,175.5,179.0,170.5,176.5,+,3.5,2658093,466116407.0,-387000,0,55217,511000,0,209145,898000,0,153928
20260112,2467,志聖,261.5,262.0,249.5,254.0,-,5.0,3026389,769785286.0,-242010,27000,-124029,815000,27000,36032,1057010,0,160061
20260112,3060,銘異,33.75,35.15,33.45,34.6,+,1.45,12863588,441960101.0,-342000,0,2199,3008000,0,17000,3350000,0,14801
20260112,2449,京元電子,267.5,271.0,263.5,270.0,+,6.5,24159085,6475317064.0,546231,-1382542,486984,7785216,164000,648076,7238985,1546542,161092
20260112,6155,鈞寶,49.0,50.7,48.4,48.8,+,0.8,13400490,663726429.0,-357000,0,-1765,2737000,0,8669,3094000,0,10434
20260112,8249,菱光,53.7,54.1,52.5,53.3,,0.0,1929317,103157661.0,-360750,0,-425,262250,0,233,623000,0,658
20260112,9802,鈺齊-KY,102.5,103.0,101.5,102.5,-,0.5,1168679,119445079.0,-304697,0,-56861,484000,0,3000,788697,0,59861
20260112,00912,中信臺灣智慧50,22.67,22.71,22.62,22.67,+,0.14,961844,21802576.0,-1675,0,-360194,51325,0,248000,53000,0,608194
20260112,6668,中揚光,40.5,41.85,40.0,41.3,+,2.25,3006910,123463607.0,-350779,0,-17836,575000,0,0,925779,0,17836
20260112,3023,信邦,194.5,195.5,193.5,194.0,+,1.0,1234133,239889390.0,-52000,-319105,-2262,510000,0,0,562000,319105,2262
20260112,3027,盛達,24.7,25.5,24.4,24.85,-,0.1,1275371,31757926.0,-372960,0,-3000,136040,0,0,509000,0,3000
20260112,2912,統一超,221.5,224.5,221.5,223.0,+,2.0,1355890,302700565.0,-122843,-260398,6174,445253,0,7194,568096,260398,1020
20260112,6994,富威電力,100.0,101.0,92.0,92.6,-,1.7,1274526,121468423.0,-386000,0,-4890,139000,0,22000,525000,0,26890
20260112,2476,鉅祥,93.0,93.0,91.2,91.4,-,0.6,1415207,129811184.0,-363000,0,-28181,159000,0,5000,522000,0,33181
20260112,2530,華建,30.05,30.2,29.25,29.6,-,0.6,1413682,41745191.0,-575219,200000,-17000,217000,200000,93000,792219,0,110000
20260112,8011,台通,21.5,22.4,21.45,22.05,+,0.5,2545751,56099388.0,-386000,0,-13000,406000,0,3000,792000,0,16000
20260112,1708,東鹼,32.7,32.85,32.15,32.3,-,0.4,1145001,37027830.0,-401000,0,-2832,113000,0,0,514000,0,2832
20260112,00964,中信亞太高股息,12.06,12.09,12.03,12.07,+,0.05,841448,10152291.0,74000,0,-477991,90000,0,231000,16000,0,708991
20260112,2534,宏盛,20.45,20.45,20.05,20.35,-,0.1,1033259,20872205.0,-391800,0,-22866,58200,0,2000,450000,0,24866
20260112,5531,鄉林,9.02,9.04,9.02,9.02,-,0.02,1072493,9675843.0,-421000,0,0,3000,0,0,424000,0,0
20260112,2466,冠西電,68.1,68.8,65.3,66.2,-,1.8,1990443,134358259.0,-355000,0,-66000,258000,0,0,613000,0,66000
20260112,1227,佳格,29.7,29.7,29.45,29.6,-,0.1,881377,26040864.0,-428000,2000,-619,33000,2000,9000,461000,0,9619
20260112,2515,中工,13.5,13.5,13.2,13.4,+,0.15,10534435,140611720.0,-429290,0,-1462,4944000,0,4539,5373290,0,6001
20260112,2836,高雄銀,12.25,12.25,12.1,12.15,-,0.1,1307125,15909806.0,-424661,0,-11989,153000,0,1000,577661,0,12989
20260112,6197,佳必琪,152.0,153.5,148.0,149.0,+,0.5,1682617,252265807.0,-427030,0,-15871,226000,0,22000,653030,0,37871
20260112,3543,州巧,47.15,48.2,45.35,45.75,-,1.0,7889117,368052244.0,-445000,0,-6250,1787000,0,2000,2232000,0,8250
20260112,00935,野村臺灣新科技50,32.44,32.58,32.35,32.47,+,0.51,4444520,144300639.0,-57365,0,-400834,141435,0,2317419,198800,0,2718253
20260112,3665,貿聯-KY,1450.0,1450.0,1380.0,1395.0,-,30.0,2527551,3538281241.0,373463,-797440,-44471,1150746,4000,47365,777283,801440,91836
20260112,6706,惠特,121.5,123.0,118.5,119.0,-,1.5,3163839,381666652.0,-497000,0,28217,660000,0,45221,1157000,0,17004
20260112,6789,采鈺,277.0,277.0,268.0,268.5,-,8.5,1884293,510483455.0,-465527,-1000,-19200,215058,0,31000,680585,1000,50200
20260112,1316,上曜,14.7,14.7,14.3,14.6,,0.0,4147069,58414577.0,-479000,-11000,470,499000,0,1000,978000,11000,530
20260112,1477,聚陽,317.0,317.5,309.5,313.5,-,4.0,1279558,402229775.0,-195916,-287004,-8746,435084,1000,15772,631000,288004,24518
20260112,2329,華泰,59.6,62.5,59.0,59.9,+,2.6,52774762,3187670755.0,-2610870,0,2095933,11348650,0,2782217,13959520,0,686284
20260112,6757,台灣虎航,66.6,66.6,65.6,66.1,-,0.6,1134390,74820833.0,-510000,0,-17562,209000,0,9000,719000,0,26562
20260112,1447,力鵬,5.27,5.28,5.16,5.16,-,0.11,1225616,6361164.0,-530000,0,0,22000,0,0,552000,0,0
20260112,00757,統一FANG+,117.4,117.55,117.2,117.35,-,0.25,3125057,366705173.0,-209288,-100000,-227402,44775,0,578000,254063,100000,805402
20260112,5269,祥碩,1480.0,1480.0,1380.0,1380.0,-,20.0,3021905,4272731980.0,-622241,61795,13089,926513,63000,123768,1548754,1205,110679
20260112,3051,力特,19.55,20.3,19.0,20.1,+,0.6,2279450,45235307.0,-565000,0,9000,302000,0,9000,867000,0,0
20260112,1532,勤美,25.6,25.7,25.2,25.3,-,0.3,1019001,25813674.0,-546720,-10391,726,114280,0,6000,661000,10391,5274
20260112,2345,智邦,1235.0,1240.0,1180.0,1205.0,-,10.0,4120740,4959339110.0,-321682,-157217,-91751,1571351,1500,58368,1893033,158717,150119
20260112,6176,瑞儀,124.0,124.5,121.5,124.0,+,1.0,1616359,199351127.0,-470445,-76055,-27836,302000,2000,44000,772445,78055,71836
20260112,2101,南港,37.3,37.4,36.65,36.9,-,0.4,1830140,67478655.0,-581799,0,2834,408042,0,15489,989841,0,12655
20260112,3312,弘憶股,42.5,42.5,40.75,40.8,-,1.1,2983457,123314217.0,-585000,0,0,197000,0,0,782000,0,0
20260112,3029,零壹,111.0,112.0,109.5,110.5,-,2.0,1639384,181193308.0,-609843,-2398,26546,192000,0,59213,801843,2398,32667
20260112,4764,雙鍵,128.0,128.0,119.0,122.5,-,8.5,4428083,544902463.0,-600000,0,-1000,615000,0,6000,1215000,0,7000
20260112,6196,帆宣,278.5,280.0,266.0,272.5,-,3.5,2758381,751416418.0,-595782,0,-13565,549100,0,64044,1144882,0,77609
20260112,3013,晟銘電,124.5,125.5,123.0,124.0,+,0.5,2225636,277041532.0,-615367,0,5347,335000,0,11500,950367,0,6153
20260112,2543,皇昌,63.9,64.9,62.8,63.1,-,0.3,2477027,157499044.0,-627292,0,11541,482000,0,20729,1109292,0,9188
20260112,1810,和成,20.0,20.0,18.85,19.35,-,1.0,16599172,322341709.0,-621760,-15725,20736,2447000,0,107000,3068760,15725,86264
20260112,3044,健鼎,322.0,326.5,313.5,313.5,-,5.0,3834170,1225694818.0,208115,-823500,-4295,1356553,4500,37325,1148438,828000,41620
20260112,2458,義隆,120.0,120.0,117.0,117.5,-,2.0,2163993,255891339.0,89000,-703158,-8920,693000,27000,16000,604000,730158,24920
20260112,1307,三芳,31.75,31.75,31.0,31.35,-,0.6,1213642,37902335.0,-629000,0,-1427,186000,0,7000,815000,0,8427
20260112,3702,大聯大,64.2,64.5,62.9,63.6,-,0.6,9099177,580210553.0,-659857,170000,-151588,2729000,516000,42145,3388857,346000,193733
20260112,6209,今國光,59.0,61.1,58.8,59.5,+,0.5,4205566,251504860.0,-634951,0,-10985,977402,0,21000,1612353,0,31985
20260112,1229,聯華,46.8,46.8,46.25,46.25,-,0.55,1914563,88783481.0,-648483,-5000,-10961,202567,0,19000,851050,5000,29961
20260112,6116,彩晶,10.1,10.7,9.86,10.65,+,0.15,44987969,466093007.0,-1858000,0,1189799,831000,0,1469000,2689000,0,279201
20260112,2882,國泰金,76.4,76.4,75.3,76.1,+,0.2,18324024,1390440172.0,5409195,-6267437,187090,14245938,8000,597340,8836743,6275437,410250
20260112,2369,菱生,26.0,27.25,25.9,26.05,+,1.05,28241066,749437857.0,-720000,0,43872,7653000,0,229755,8373000,0,185883
20260112,2357,華碩,538.0,546.0,534.0,546.0,+,17.0,6272483,3388821008.0,-604347,-119044,32081,4145745,4000,118792,4750092,123044,86711
20260112,4989,榮科,51.0,53.5,50.6,51.0,+,0.7,12420088,641679768.0,-697970,0,900,2362030,0,11000,3060000,0,10100
20260112,2489,瑞軒,15.6,16.2,15.35,15.75,+,0.1,6566733,103939902.0,-634611,0,-66215,1508750,0,6789,2143361,0,73004
20260112,3515,華擎,246.0,246.0,237.5,238.0,-,8.0,1525854,365029607.0,-586800,-128000,-8355,142000,0,34000,728800,128000,42355
20260112,2528,皇普,30.5,30.55,29.7,30.05,-,0.95,1250394,37479883.0,-722000,0,-11000,186000,0,0,908000,0,11000
20260112,00885,富邦越南,18.92,19.02,18.8,18.8,-,0.06,6828084,128972390.0,335180,0,-1090378,1412180,0,1130675,1077000,0,2221053
20260112,3005,神基,117.0,118.0,116.0,116.5,,0.0,2179154,254752524.0,-329179,-420000,-25191,652000,1000,24000,981179,421000,49191
20260112,2342,茂矽,33.2,34.5,32.65,32.85,+,0.45,6239993,208823635.0,-799000,0,2357,1089000,0,15000,1888000,0,12643
20260112,00662,富邦NASDAQ,104.1,104.1,103.8,103.9,+,0.1,2956104,307316616.0,-757482,0,-49400,58518,0,447000,816000,0,496400
20260112,6669,緯穎,4300.0,4305.0,4095.0,4095.0,-,145.0,3018835,12577772423.0,-531652,-229154,-72723,856186,20400,167637,1387838,249554,240360
20260112,8473,山林水,37.7,40.35,37.35,39.1,+,2.4,4017185,157902127.0,-833000,0,-984,491000,0,7016,1324000,0,8000
20260112,3045,台灣大,107.5,108.0,106.5,107.5,,0.0,7123747,763462608.0,423786,-1436627,178000,2641680,17000,207000,2217894,1453627,29000
20260112,00924,復華S&P500成長,29.47,29.5,29.44,29.45,-,0.02,2640763,77816547.0,-465730,0,-380325,30270,0,701000,496000,0,1081325
20260112,3033,威健,30.9,31.75,30.65,31.2,+,0.15,5106652,159151441.0,-1054000,0,200475,1001000,0,225547,2055000,0,25072
20260112,00735,國泰臺韓科技,58.1,58.4,57.8,57.8,+,0.3,1021443,59445956.0,-23000,0,-832000,26000,0,27000,49000,0,859000
20260112,1773,勝一,171.0,171.0,161.5,162.0,-,4.5,2647603,436468527.0,-867800,0,5458,329200,0,26480,1197000,0,21022
20260112,1802,台玻,35.05,35.75,34.65,34.85,-,0.15,39104348,1371885752.0,-1060376,0,187671,9905400,0,665186,10965776,0,477515
20260112,1513,中興電,147.5,148.0,145.0,146.0,-,0.5,3366868,492663317.0,-551613,-250213,-75059,1036387,0,100000,1588000,250213,175059
20260112,2404,漢唐,1010.0,1030.0,979.0,982.0,-,12.0,4817516,4801899490.0,-870147,-34083,6369,1226895,371000,165252,2097042,405083,158883
20260112,1795,美時,294.5,294.5,285.0,285.5,-,7.0,2404028,692858091.0,-855413,-955,-80439,239107,0,55000,1094520,955,135439
20260112,3622,洋華,69.3,70.6,67.1,67.7,-,0.7,3317326,227046620.0,-952000,0,-2616,449000,0,14000,1401000,0,16616
20260112,3036,文曄,146.0,146.5,143.0,144.0,-,2.5,6749380,975219943.0,-260600,-731755,18671,3587200,7000,44670,3847800,738755,25999
20260112,6443,元晶,32.05,34.8,32.05,34.8,+,3.15,61726695,2105716271.0,-1428109,0,401796,7724000,0,417796,9152109,0,16000
20260112,2609,陽明,56.2,56.2,55.2,56.1,-,0.1,10847180,604526293.0,-582819,-429000,-35372,3892475,0,30000,4475294,429000,65372
20260112,1722,台肥,46.4,46.45,46.05,46.15,-,0.25,2026052,93431608.0,-1068998,-3000,1959,191002,0,9000,1260000,3000,7041
20260112,1216,統一,75.6,76.1,75.3,75.6,+,0.3,9238387,698644617.0,4840366,-5992724,62279,6750178,0,73055,1909812,5992724,10776
20260112,4904,遠傳,89.2,89.6,88.6,89.0,-,0.6,2411457,214470106.0,-966896,-175787,50654,878402,15000,61000,1845298,190787,10346
20260112,9941,裕融,82.3,82.3,80.6,80.8,-,1.5,2377003,192492308.0,-856650,-259000,-576,233000,0,18000,1089650,259000,18576
20260112,00752,中信中國50,26.71,27.16,26.6,27.12,+,0.51,3980446,107431919.0,366000,0,-1508404,462000,0,456486,96000,0,1964890
20260112,3059,華晶科,40.1,40.1,39.2,39.6,-,0.85,4628589,183041530.0,-1165208,0,-13719,696030,0,54000,1861238,0,67719
20260112,2105,正新,30.15,30.65,30.1,30.5,+,0.35,11100494,337458010.0,2423539,-3620280,-23768,6084500,0,147951,3660961,3620280,171719
20260112,6531,愛普*,489.0,489.0,460.5,472.0,-,8.0,5609627,2641017884.0,-1015392,-2000,-216091,1363357,0,38256,2378749,2000,254347
20260112,2838,聯邦銀,19.0,19.0,18.8,18.85,-,0.05,1877486,35431667.0,-1122533,-134000,10849,115467,0,16000,1238000,134000,5151
20260112,2501,國建,24.15,24.35,23.5,23.6,-,0.45,3303953,78387460.0,-1017700,-20000,-223702,730000,2000,3000,1747700,22000,226702
20260112,2486,一詮,91.6,91.8,90.5,91.0,-,0.1,4155576,378045703.0,-1237398,0,-52384,354000,0,33000,1591398,0,85384
20260112,00917,中信特選金融,28.01,29.59,27.81,28.94,+,1.23,4598303,131697215.0,-25500,0,-1264309,186500,0,247848,212000,0,1512157
20260112,00882,中信中國高股息,15.46,15.54,15.4,15.46,,0.0,8871756,137060082.0,85000,0,-1392732,199000,0,1238000,114000,0,2630732
20260112,2340,台亞,27.75,28.55,27.45,27.75,-,0.25,4485435,124790458.0,-1305616,0,-19718,884958,0,10065,2190574,0,29783
20260112,8028,昇陽半導體,194.0,195.0,189.5,192.5,+,3.0,6351619,1220426650.0,-1485500,15000,108464,960520,20000,198000,2446020,5000,89536
20260112,2915,潤泰全,52.4,52.4,51.8,52.1,-,0.1,2230724,116069489.0,-1339500,-92000,-21875,195000,0,7000,1534500,92000,28875
20260112,3017,奇鋐,1395.0,1400.0,1340.0,1355.0,-,20.0,5695057,7775639930.0,-539921,-994303,-27185,1641181,7000,333694,2181102,1001303,360879
20260112,2349,錸德,15.2,15.5,14.6,15.25,-,0.3,19270581,290890993.0,-1609000,0,4000,1267000,0,16000,2876000,0,12000
20260112,2845,遠東銀,12.85,12.9,12.8,12.8,-,0.05,6505354,83513311.0,-1696232,-11000,-3000,931768,0,0,2628000,11000,3000
20260112,2887,台新新光金,20.95,21.05,20.8,20.9,+,0.05,39841932,831438747.0,1656435,-3252661,-119155,19043990,20000,936000,17387555,3272661,1055155
20260112,8131,福懋科,67.0,68.6,65.6,66.5,+,1.4,16981853,1137851777.0,-1749159,2000,-92836,3536000,2000,20016,5285159,0,112852
20260112,4967,十銓,207.0,207.0,197.0,202.0,+,0.5,19356585,3900205075.0,-1914000,-3000,21659,3609000,0,64227,5523000,3000,42568
20260112,2633,台灣高鐵,27.95,27.95,27.6,27.6,-,0.4,3354348,92855075.0,-1865394,-9000,-27774,628171,0,4000,2493565,9000,31774
20260112,3450,聯鈞,263.5,265.0,257.0,257.0,-,3.5,7011307,1819845632.0,-1992896,58000,-73538,776195,63000,114752,2769091,5000,188290
20260112,00947,台新臺灣IC設計,20.84,21.44,20.7,21.43,+,0.86,7902402,167658110.0,200500,0,-2211891,403500,0,3422801,203000,0,5634692
20260112,6415,矽力*-KY,236.0,238.0,228.0,236.0,-,0.5,13638657,3183042283.0,-2251195,336000,-100313,6282089,343000,94777,8533284,7000,195090
20260112,2412,中華電,133.0,134.0,132.5,133.5,,0.0,4675744,624093129.0,-1844646,-112694,-75833,1140848,5000,7651,2985494,117694,83484
20260112,9945,潤泰新,29.5,29.5,29.05,29.4,+,0.05,5002338,146143214.0,-2145400,0,17258,898000,0,57000,3043400,0,39742
20260112,1808,潤隆,36.5,36.95,34.4,34.5,-,1.45,4248848,149371426.0,-2184000,0,0,464000,0,0,2648000,0,0
20260112,2376,技嘉,240.0,241.0,235.5,235.5,-,4.5,6379591,1512902298.0,-2170323,-257000,15975,687767,2000,205000,2858090,259000,189025
20260112,3576,聯合再生,9.05,9.75,8.91,9.36,+,0.29,14709604,137988633.0,-2426000,0,-2000,1662000,0,21000,4088000,0,23000
20260112,8105,凌巨,14.7,15.2,14.25,14.5,-,0.05,18983947,279564669.0,-2448000,0,-20000,3503000,0,0,5951000,0,20000
20260112,5871,中租-KY,105.0,105.5,103.5,104.0,-,1.0,5890653,613591591.0,-1439174,-1012247,-21772,1575602,0,2000,3014776,1012247,23772
20260112,00891,中信關鍵半導體,21.6,21.69,21.45,21.58,+,0.36,10572254,227984141.0,-2480900,0,-115810,397100,0,2314483,2878000,0,2430293
20260112,2801,彰銀,20.6,20.6,20.45,20.55,+,0.05,14484886,296983075.0,-2510133,-24000,-80652,6713555,0,1000,9223688,24000,81652
20260112,2897,王道銀行,9.15,9.16,9.1,9.14,-,0.02,4053512,36968626.0,-2646292,-2000,-7545,116000,7000,1000,2762292,9000,8545
20260112,00904,台新臺灣半導體30,25.84,25.96,25.7,25.93,+,0.48,7708079,199464334.0,6078,0,-2759340,117078,0,1983518,111000,0,4742858
20260112,8271,宇瞻,136.0,138.5,128.5,132.0,+,3.5,24943814,3315984705.0,-2743296,-4000,-150025,4820709,0,27610,7564005,4000,177635
20260112,2441,超豐,91.6,97.0,90.2,93.9,+,2.4,24060254,2264713201.0,-3029780,-226000,322550,4293369,50000,497444,7323149,276000,174894
20260112,2881,富邦金,95.6,95.8,95.0,95.0,-,0.5,13610868,1295407136.0,3005779,-6148441,203761,7695823,7000,480135,4690044,6155441,276374
20260112,1717,長興,52.6,56.0,52.0,54.1,+,2.7,77203130,4199295948.0,-4533300,388000,1096104,21872200,390000,1424882,26405500,2000,328778
20260112,00910,第一金太空衛星,51.2,53.8,51.1,52.0,+,1.9,7328233,382949299.0,-78192,0,-3033342,195905,0,413396,274097,0,3446738
20260112,8021,尖點,218.5,228.0,214.0,218.0,+,2.5,33767317,7469704802.0,-3713938,784000,-249170,6481062,788000,314000,10195000,4000,563170
20260112,00965,元大航太防衛科技,25.0,25.25,25.0,25.16,+,0.35,9171450,231131520.0,-803208,-650000,-2136492,153225,0,1248508,956433,650000,3385000
20260112,2812,台中銀,20.9,21.05,20.8,20.85,+,0.05,8280173,172832052.0,-3891447,-9000,-18578,986553,0,15000,4878000,9000,33578
20260112,4927,泰鼎-KY,39.0,39.3,38.1,38.5,,0.0,21297074,821410325.0,-3976902,0,-99742,3099100,0,5232,7076002,0,104974
20260112,3535,晶彩科,94.0,94.0,85.2,85.4,-,9.1,14390223,1264849145.0,-4154739,0,0,2219000,0,10000,6373739,0,10000
20260112,6139,亞翔,609.0,616.0,574.0,579.0,-,22.0,10669326,6249026158.0,-4313184,-187077,-27523,1599785,1000,396556,5912969,188077,424079
20260112,2885,元大金,40.75,40.75,40.1,40.5,-,0.3,14398643,581718124.0,-94612,-4074837,-444207,7134611,12000,119000,7229223,4086837,563207
20260112,3706,神達,89.8,89.9,88.0,88.0,-,0.8,16201236,1435654346.0,-3539337,-794000,-341815,2217229,6000,183308,5756566,800000,525123
20260112,5521,工信,24.25,25.3,23.4,24.55,+,0.3,24699653,602325773.0,-4917400,0,97808,5052000,0,257000,9969400,0,159192
20260112,8110,華東,75.7,76.5,73.4,74.8,+,3.4,72215722,5398291265.0,-4945950,2000,-4908,13702050,2000,78807,18648000,0,83715
20260112,2892,第一金,29.55,29.6,29.3,29.4,-,0.3,16974964,499805061.0,-5144419,-124817,102514,6982516,0,140000,12126935,124817,37486
20260112,2382,廣達,285.5,286.0,278.0,280.5,-,2.5,20975317,5888590408.0,-5152667,-188432,-162472,7336708,19000,10870,12489375,207432,173342
20260112,2886,兆豐金,40.65,40.65,40.25,40.3,-,0.35,13307479,536795214.0,-5192368,-494243,15327,3097628,0,42000,8289996,494243,26673
20260112,8112,至上,80.0,81.9,78.0,79.0,+,1.0,44666052,3569782508.0,-3317428,-3140116,511653,9435750,1000,1110644,12753178,3141116,598991
20260112,3481,群創,21.0,22.0,21.0,22.0,+,2.0,123914785,2696596326.0,-17562733,-154892,11068478,6827000,0,11480048,24389733,154892,411570
20260112,2451,創見,255.0,257.0,236.0,237.0,-,4.5,24171429,5871155714.0,-6726609,4709,-20682,3755446,72000,315457,10482055,67291,336139
20260112,5880,合庫金,24.15,24.2,23.95,23.95,-,0.15,14765238,354491475.0,-6770353,-122645,31984,1889365,0,37000,8659718,122645,5016
20260112,5876,上海商銀,40.6,40.6,40.0,40.1,-,0.5,11200759,449697309.0,-6784806,-607000,-35217,1682848,1000000,36000,8467654,1607000,71217
20260112,00881,國泰台灣科技龍頭,34.81,34.84,34.63,34.75,+,0.31,22464314,780643883.0,-2696754,0,-6480235,579246,0,2542000,3276000,0,9022235
20260112,00830,國泰費城半導體,62.05,62.1,61.7,61.75,+,0.75,23120072,1430465449.0,-2697585,0,-7234938,605017,0,2157000,3302602,0,9391938
20260112,2330,台積電,1700.0,1705.0,1690.0,1690.0,+,10.0,34556660,58621235802.0,-10255629,19943,188247,15697949,364400,558757,25953578,344457,370510
20260112,00927,群益半導體收益,23.72,23.95,23.63,23.95,+,0.65,25332924,603836898.0,-1079000,0,-8982401,810000,0,3586743,1889000,0,12569144
20260112,2317,鴻海,233.0,233.0,228.5,228.5,-,2.0,32968055,7573734159.0,-9959778,-538693,-124774,7799941,84000,279505,17759719,622693,404279
20260112,0052,富邦科技,41.05,41.08,40.83,40.9,+,0.24,37846609,1550745623.0,1104069,-200000,-12404729,3520869,0,4097000,2416800,200000,16501729
20260112,2890,永豐金,29.0,29.15,28.65,28.75,-,0.45,20244681,583487769.0,-12422135,-765290,53397,3123378,3000,180000,15545513,768290,126603
20260112,2834,臺企銀,16.1,16.15,15.8,15.95,-,0.2,33165029,529063919.0,-15002974,-21000,-24553,3457052,0,42000,18460026,21000,66553
20260112,2884,玉山金,32.6,32.7,32.5,32.5,-,0.35,29140164,949189444.0,-13698465,-2764813,208493,7181679,0,355000,20880144,2764813,146507
20260112,2303,聯電,57.0,57.4,54.8,55.3,+,0.2,187847375,10558718620.0,-14484353,-7474012,357049,57269859,2596000,3965958,71754212,10070012,3608909
20260112,8150,南茂,62.0,63.3,59.0,59.2,+,0.9,176483785,10841091110.0,-24422936,13000,-224763,33638709,13000,2075240,58061645,0,2300003
20260112,3231,緯創,150.5,151.0,146.0,146.0,-,3.0,45603596,6726000112.0,-19469328,-5059830,-769268,5162280,29000,405500,24631608,5088830,1174768
20260112,0050,元大台灣50,70.5,70.55,70.05,70.35,+,0.5,84346348,5928941344.0,-16538822,2100000,-10958323,3829975,2200000,8645000,20368797,100000,19603323
20260112,2409,友達,14.65,15.9,14.25,15.3,+,0.8,490312435,7497345174.0,-115599638,-231346,2461282,101468082,34000,5844026,217067720,265346,3382744
