tradeDate,stockCode,stockName,openPrice,highPrice,lowPrice,closePrice,changeSign,change,totalShares,totalAmount,foreignNetShares,investmentNetShares,dealerNetShares,foreignBuyShares,investmentBuyShares,dealerBuyShares,foreignSellShares,investmentSellShares,dealerSellShares
20260629,2409,友達,28.1,30.7,27.6,30.6,+,2.65,748906413,22647836514.0,177670132,-308947,3434906,264366321,38703,6885761,86696189,347650,3450855
20260629,00712,復華富時不動產,8.76,8.8,8.73,8.77,+,0.14,44635800,391549510.0,3236000,0,25900114,3243000,0,27539914,7000,0,1639800
20260629,6116,彩晶,18.3,20.0,17.85,19.25,+,1.0,154865927,2988455249.0,23080431,0,375945,58752671,0,842078,35672240,0,466133
20260629,2887,台新新光金,32.4,33.3,32.1,33.0,+,1.1,84652109,2786716598.0,19106129,3402772,93367,51745875,3596772,1826751,32639746,194000,1733384
20260629,3016,嘉晶,129.5,129.5,119.0,121.5,,0.0,19713887,2318106477.0,13958782,0,-40512,16478607,0,25137,2519825,0,65649
20260629,2890,永豐金,39.3,39.8,38.95,39.5,+,0.35,48480064,1911405382.0,5684181,5203004,114444,40767984,5347239,244444,35083803,144235,130000
20260629,00878,國泰永續高股息,32.95,33.2,32.72,32.9,+,0.19,38299924,1262861830.0,8828338,0,1954850,13884588,0,8563052,5056250,0,6608202
20260629,2834,臺企銀,17.9,18.05,17.8,17.8,+,0.05,42809242,766542705.0,9844813,-116315,34453,25474533,8000,42453,15629720,124315,8000
20260629,00918,大華優利高填息30,31.29,31.75,31.2,31.43,+,0.28,26828831,843730858.0,3756230,0,6005662,7954230,0,9563318,4198000,0,3557656
20260629,3706,神達,84.4,89.2,84.4,86.4,+,2.9,32056963,2807540698.0,5236159,4147000,62887,16041259,4151000,360788,10805100,4000,297901
20260629,00940,元大台灣價值高息,12.43,12.61,12.41,12.48,+,0.14,15044003,188307357.0,4520030,0,4684105,5545030,0,7537233,1025000,0,2853128
20260629,1402,遠東新,28.7,29.1,28.5,29.05,+,0.55,26221988,759081736.0,-7501668,16569233,-59156,7691136,16597233,49541,15192804,28000,108697
20260629,2892,第一金,32.8,33.2,32.55,33.0,+,0.35,41996773,1382675420.0,-6826601,15256513,356238,21522532,15309513,443905,28349133,53000,87667
20260629,2352,佳世達,29.6,32.2,29.6,31.0,+,1.7,41934019,1335535705.0,2423308,5647000,146336,14458400,5647000,312689,12035092,0,166353
20260629,4938,和碩,82.0,85.7,81.6,82.2,+,1.2,26382148,2197767710.0,7918954,-1504418,474330,16953515,2771582,566723,9034561,4276000,92393
20260629,2105,正新,29.55,30.25,29.4,30.25,+,0.85,14630568,438528171.0,6734350,-299355,92826,10924350,6000,96915,4190000,305355,4089
20260629,2891,中信金,71.3,71.8,69.7,70.3,,0.0,40574544,2854498222.0,4591511,1142600,745711,27255289,4352183,953224,22663778,3209583,207513
20260629,1301,台塑,52.7,53.5,52.1,53.2,+,1.0,21674448,1148168078.0,5987870,-10000,-1852,11845005,0,321896,5857135,10000,323748
20260629,1802,台玻,66.0,69.1,65.0,68.0,+,2.0,42637166,2880354486.0,4902715,-6000,923578,19469415,0,1358693,14566700,6000,435115
20260629,1314,中石化,7.98,8.15,7.95,8.11,+,0.14,24608649,199197915.0,5738111,0,-62706,10109277,0,49000,4371166,0,111706
20260629,2377,微星,134.0,141.0,133.5,139.0,+,7.5,23150630,3203152092.0,1726988,4003369,-67172,8818288,4006369,306180,7091300,3000,373352
20260629,1303,南亞,145.0,154.5,145.0,151.5,+,3.5,26522886,3995629573.0,-625937,7505877,-1269880,8720157,7522877,623184,9346094,17000,1893064
20260629,2609,陽明,50.8,51.7,50.4,51.4,+,1.3,17994950,921155521.0,5430306,-61532,175242,12748082,6348,298095,7317776,67880,122853
20260629,2002,中鋼,19.2,19.25,19.0,19.05,+,0.05,29363026,561081853.0,4666978,-50000,21329,18402395,0,147623,13735417,50000,126294
20260629,2883,凱基金,30.1,30.8,29.55,29.65,-,0.25,94167607,2836112038.0,8248799,-2342986,-1274240,48679953,3213778,692503,40431154,5556764,1966743
20260629,4763,材料*-KY,44.45,47.85,44.4,47.85,+,4.35,14723967,694783692.0,4156433,-2000,357322,6213740,0,367322,2057307,2000,10000
20260629,1717,長興,71.0,73.7,70.5,72.9,,0.0,10227180,742747403.0,3813727,466000,163265,5589727,470000,274629,1776000,4000,111364
20260629,2327,國巨*,985.0,1065.0,979.0,1040.0,+,25.0,40955663,42284258030.0,3152275,1796423,-526439,21041088,1922072,561720,17888813,125649,1088159
20260629,8046,南電,1105.0,1140.0,1035.0,1080.0,-,45.0,22848830,24826731030.0,2358882,1906125,44003,9265720,2191125,512653,6906838,285000,468650
20260629,5880,合庫金,24.9,25.05,24.7,24.85,+,0.15,17812295,442873503.0,3788673,80962,238275,13097025,260114,284275,9308352,179152,46000
20260629,00929,復華台灣科技優息,29.96,30.34,29.68,29.99,+,0.03,34356722,1030870214.0,6523834,0,-2470924,9676014,0,12924055,3152180,0,15394979
20260629,2851,中再保,35.4,35.5,34.55,34.65,,0.0,9906774,344670479.0,3988000,1000,8000,5225000,1000,13000,1237000,0,5000
20260629,2371,大同,26.5,27.4,26.45,27.15,+,0.95,10050178,271702274.0,3535434,2000,232298,5598684,2000,277319,2063250,0,45021
20260629,1718,中纖,11.85,12.25,11.85,12.25,+,1.1,33754509,408403043.0,3430000,0,119930,5575000,0,536930,2145000,0,417000
20260629,6191,精成科,104.5,110.5,104.5,106.0,+,5.5,34470615,3744170397.0,483315,2793000,102881,7411440,2795000,549390,6928125,2000,446509
20260629,00900,富邦特選高股息30,19.0,19.21,18.88,18.98,+,0.11,6317375,120309065.0,1083000,0,2293414,2262000,0,3010993,1179000,0,717579
20260629,1216,統一,75.5,75.9,74.9,75.7,+,1.1,9580653,724223578.0,1230933,1679886,311093,6116084,1738886,325110,4885151,59000,14017
20260629,2801,彰銀,23.5,23.6,23.35,23.55,+,0.15,21669772,508805669.0,3421970,-192806,-76000,15195921,10000,39000,11773951,202806,115000
20260629,2880,華南金,37.55,37.8,37.0,37.3,+,0.4,24107283,904078130.0,-1294079,3708369,676169,10945643,9737369,691272,12239722,6029000,15103
20260629,2886,兆豐金,47.35,47.4,46.15,46.2,+,0.05,25963801,1207693064.0,-1454927,3953962,552668,18436015,4191872,718668,19890942,237910,166000
20260629,00713,元大台灣高息低波,59.85,60.2,59.75,60.0,+,0.35,5262575,315902820.0,1044254,0,1913469,1060254,0,2536469,16000,0,623000
20260629,2382,廣達,368.0,372.0,363.0,367.0,+,5.0,11562314,4232663431.0,-695137,2930530,265176,4681642,2946079,280809,5376779,15549,15633
20260629,2406,國碩,36.5,38.0,36.5,38.0,+,3.45,21077784,793862992.0,2114860,0,231422,4135000,0,240422,2020140,0,9000
20260629,00885,富邦越南,19.09,19.2,18.97,18.98,+,0.1,4564996,87169319.0,1939000,0,317411,2413000,0,1394419,474000,0,1077008
20260629,00881,國泰台灣科技龍頭,52.7,53.8,52.7,53.0,+,0.3,8469517,450241662.0,1302580,-180000,1081866,3007580,0,2640477,1705000,180000,1558611
20260629,2845,遠東銀,13.1,13.2,13.0,13.1,+,0.1,16355168,213999854.0,-6691789,8897740,-59000,3764211,8913000,17000,10456000,15260,76000
20260629,2356,英業達,64.0,67.1,63.8,64.3,+,1.0,24364922,1585266833.0,-2265056,4657180,-248264,9558956,4684180,388099,11824012,27000,636363
20260629,9914,美利達,74.4,80.9,74.4,78.0,+,4.4,6798092,535073730.0,2025156,-1000,23108,3814540,0,76413,1789384,1000,53305
20260629,2812,台中銀,19.8,20.0,19.8,19.95,+,0.15,7124996,142036783.0,1970601,-94083,29000,4047300,12000,29000,2076699,106083,0
20260629,2027,大成鋼,40.3,40.7,39.75,40.4,+,0.5,8928643,360551286.0,-456359,2385500,-92695,4092851,2463000,253376,4549210,77500,346071
20260629,3605,宏致,73.9,80.6,73.7,78.0,+,4.0,4664251,367891219.0,1747810,0,30219,2405090,0,156038,657280,0,125819
20260629,6505,台塑化,54.4,55.3,53.4,55.3,+,1.8,7702486,420522250.0,1841079,28670,-100292,5543304,48670,205248,3702225,20000,305540
20260629,3714,富采,61.8,63.7,61.3,62.4,+,0.8,6293749,394322853.0,1745104,0,-6322,3212104,0,24168,1467000,0,30490
20260629,2458,義隆,174.0,188.0,172.5,180.0,+,8.0,13624032,2469907619.0,450750,1076574,103238,5185850,1395291,228464,4735100,318717,125226
20260629,2472,立隆電,381.5,413.5,369.0,412.5,+,36.5,17289564,6931836367.0,80613,1408000,65825,5211823,1409000,238506,5131210,1000,172681
20260629,3035,智原,204.5,213.0,200.0,210.5,+,4.0,7268934,1514772450.0,1482718,0,35744,3536718,0,277254,2054000,0,241510
20260629,2492,華新科,534.0,540.0,487.0,514.0,-,26.0,4254951,2160764685.0,1538322,2000,-61226,2185819,7000,150500,647497,5000,211726
20260629,2605,新興,29.3,30.15,29.3,29.9,+,0.6,4888219,145686794.0,1372000,-3000,65187,2931000,0,145877,1559000,3000,80690
20260629,4927,泰鼎-KY,45.65,47.0,44.25,44.35,-,1.3,6659260,301189157.0,1379664,0,-1961,2847664,0,30000,1468000,0,31961
20260629,4532,瑞智,25.3,26.15,25.3,26.15,+,2.35,7054828,183999440.0,1297000,0,29542,1756000,0,32542,459000,0,3000
20260629,8028,昇陽半導體,287.5,300.5,284.5,288.5,+,3.0,4339222,1267715861.0,1003974,251000,15121,2085277,252000,66360,1081303,1000,51239
20260629,1711,永光,42.8,44.15,42.1,43.6,+,1.05,5311731,230754719.0,1228000,0,32239,2863000,0,50937,1635000,0,18698
20260629,3673,TPK-KY,76.5,78.5,74.5,76.5,,0.0,9270291,712777882.0,1628227,0,-386124,4456422,0,242440,2828195,0,628564
20260629,3049,精金,13.0,13.6,13.0,13.5,+,0.5,3746884,50045396.0,1202445,0,-1000,1501878,0,4000,299433,0,5000
20260629,2365,昆盈,31.8,34.6,31.8,33.6,+,1.8,5928746,200455396.0,1200295,0,-3595,2729295,0,6014,1529000,0,9609
20260629,5876,上海商銀,42.4,42.8,41.85,42.8,+,0.4,12920496,546756704.0,-6252124,7433000,11317,3750158,7846000,71000,10002282,413000,59683
20260629,2301,光寶科,203.0,213.5,203.0,211.5,+,10.0,21805825,4588180768.0,2069576,-1136882,246328,11154476,78118,466588,9084900,1215000,220260
20260629,2006,東和鋼鐵,69.8,71.0,69.3,70.0,+,0.2,4505806,315874434.0,2182822,-1066728,3729,3263822,487000,4150,1081000,1553728,421
20260629,00924,復華S&P500成長,31.42,31.85,31.42,31.79,+,0.4,2345069,74436883.0,587250,0,523747,590250,0,1024001,3000,0,500254
20260629,9105,泰金寶-DR,9.32,9.51,9.2,9.33,+,0.01,30095251,281550084.0,1125000,0,-23159,6544000,0,7666,5419000,0,30825
20260629,6139,亞翔,919.0,965.0,891.0,955.0,+,77.0,10236515,9662218174.0,663052,750000,-326546,3780911,753000,203418,3117859,3000,529964
20260629,3034,聯詠,519.0,530.0,514.0,523.0,+,14.0,6486737,3340026630.0,700306,431434,-66583,4890222,479062,143703,4189916,47628,210286
20260629,00946,群益科技高息成長,14.93,15.32,14.93,15.06,+,0.25,3037758,45980208.0,110000,0,951370,746000,0,1890716,636000,0,939346
20260629,1609,大亞,35.7,37.2,35.55,36.85,+,1.55,4260227,155035309.0,1018427,-1000,32874,1850427,1000,66705,832000,2000,33831
20260629,2233,宇隆,197.5,202.5,193.0,193.0,-,21.0,5070899,999072733.0,1046135,0,-35692,2181530,0,17000,1135395,0,52692
20260629,2367,燿華,53.3,55.8,52.7,54.7,+,1.9,12996021,705026123.0,1020113,0,-15631,4746413,0,136285,3726300,0,151916
20260629,2201,裕隆,27.05,27.4,27.05,27.4,+,0.6,2130160,58141323.0,985168,-3000,6234,1710768,0,12358,725600,3000,6124
20260629,1504,東元,68.4,70.2,68.4,69.0,+,1.1,8204579,568060899.0,923606,-34578,66759,4541606,0,150627,3618000,34578,83868
20260629,2547,日勝生,10.9,11.05,10.9,11.0,+,0.1,2078002,22813282.0,944920,-4000,0,1263920,0,0,319000,4000,0
20260629,6550,北極星藥業-KY,12.5,13.3,12.5,13.25,+,0.75,1513600,19752977.0,922000,0,0,1053000,0,1000,131000,0,1000
20260629,2436,偉詮電,71.3,73.0,70.0,71.5,+,0.7,3640016,261390873.0,871767,20000,25806,1834767,20000,48000,963000,0,22194
20260629,2395,研華,463.0,486.0,457.5,472.5,+,17.0,4574854,2163876108.0,800086,76969,24444,3907553,79269,38970,3107467,2300,14526
20260629,2485,兆赫,52.5,54.9,52.3,53.3,+,1.1,7367998,394716950.0,1095647,0,-197387,2703667,0,41917,1608020,0,239304
20260629,5434,崇越,507.0,539.0,504.0,539.0,+,49.0,3535837,1892707717.0,524520,335000,38190,1494554,591000,48846,970034,256000,10656
20260629,2633,台灣高鐵,26.35,26.5,26.05,26.5,+,0.45,12792404,337462325.0,-7119972,8055000,-38345,2648028,8102000,9000,9768000,47000,47345
20260629,3023,信邦,313.5,337.0,308.5,325.0,+,18.5,4209089,1391773673.0,-258147,1070000,72863,1772853,1071000,87008,2031000,1000,14145
20260629,00915,凱基優選高股息30,32.06,32.48,31.85,32.1,+,0.09,3098693,99498161.0,-11000,0,891983,691000,0,2075849,702000,0,1183866
20260629,4766,南寶,344.0,348.5,338.0,339.0,-,1.0,1094686,373538784.0,854115,0,-3085,884115,0,0,30000,0,3085
20260629,4142,國光生,16.95,17.55,16.9,17.5,+,0.7,1713947,29769843.0,839851,0,2000,1049500,0,2000,209649,0,0
20260629,00916,國泰全球品牌50,24.8,25.06,24.69,25.02,+,0.46,2128852,53237747.0,441000,0,380311,562000,0,1228659,121000,0,848348
20260629,4722,國精化,286.5,313.0,284.0,306.5,+,17.0,3748560,1141224292.0,-122202,907000,36160,957922,907000,42068,1080124,0,5908
20260629,5269,祥碩,1390.0,1500.0,1385.0,1475.0,+,110.0,2006581,2938151195.0,455437,269000,55183,944036,269000,129281,488599,0,74098
20260629,2328,廣宇,48.5,49.25,48.2,48.75,+,0.75,2929371,142873388.0,807090,7000,-34795,1467090,7000,27276,660000,0,62071
20260629,6962,奕力-KY,36.6,38.1,36.55,37.4,+,0.8,2983300,112073463.0,754000,10000,5772,1941000,10000,7457,1187000,0,1685
20260629,8105,凌巨,22.5,23.7,22.05,22.9,+,0.25,14741046,340565323.0,761610,0,1000,5260610,0,1000,4499000,0,0
20260629,2610,華航,23.7,23.9,22.95,23.1,-,0.1,56663975,1319414810.0,455221,-147705,454247,23248206,53000,662750,22792985,200705,208503
20260629,1905,華紙,16.25,17.5,16.15,16.95,+,0.45,9414606,158949483.0,729210,0,31993,2887210,0,44710,2158000,0,12717
20260629,00939,統一台灣高息動能,21.32,21.52,21.19,21.26,+,0.02,4479601,95695127.0,66000,0,689589,943000,0,2608550,877000,0,1918961
20260629,2454,聯發科,3870.0,4000.0,3825.0,3910.0,+,30.0,11358316,44541787045.0,1125600,-615665,242090,6373569,259375,599023,5247969,875040,356933
20260629,2484,希華,76.8,77.2,69.2,69.2,-,7.6,63268906,4627297136.0,1024830,0,-294427,16429830,0,42000,15405000,0,336427
20260629,00909,國泰數位支付服務,48.4,49.15,48.38,49.11,+,1.55,1567776,76614700.0,884000,0,-157969,959000,0,432232,75000,0,590201
20260629,2308,台達電,1860.0,1970.0,1850.0,1905.0,+,95.0,16741799,32118902642.0,233391,-79656,555563,9172409,173344,929518,8939018,253000,373955
20260629,1617,榮星,18.95,18.95,18.95,18.95,+,1.7,1156495,21915546.0,-6000,0,712996,2000,0,712996,8000,0,0
20260629,00965,元大航太防衛科技,24.28,24.6,24.28,24.55,+,0.42,1558648,38247378.0,-60000,0,760003,232000,0,974796,292000,0,214793
20260629,2542,興富發,42.9,43.15,42.65,43.1,+,0.2,3929105,168846471.0,666100,12000,20887,2446401,30000,22004,1780301,18000,1117
20260629,3704,合勤控,43.7,45.85,43.5,45.25,+,2.25,4248331,190905716.0,698290,0,-1044,2062290,0,4000,1364000,0,5044
20260629,2401,凌陽,31.7,33.0,30.9,31.4,-,0.25,7568820,241650959.0,678121,25000,-9592,3397072,25000,64127,2718951,0,73719
20260629,00910,第一金太空衛星,59.0,59.35,59.0,59.25,+,1.9,2563970,151782218.0,888185,0,-195463,1095185,0,156999,207000,0,352462
20260629,2464,盟立,158.0,165.5,154.5,160.0,+,4.5,6753936,1086618105.0,669165,0,12415,2693228,0,79322,2024063,0,66907
20260629,1210,大成,55.2,56.0,55.2,55.2,,0.0,3533572,196459255.0,-203024,748000,126000,1782976,752000,128000,1986000,4000,2000
20260629,2049,上銀,310.0,324.0,308.0,318.5,+,11.5,2760770,878942127.0,597419,-2062,75451,1980127,0,100896,1382708,2062,25445
20260629,2376,技嘉,320.0,330.0,320.0,325.0,+,5.5,4846763,1582156594.0,-840479,1412236,90699,1973555,1414236,123812,2814034,2000,33113
20260629,1736,喬山,119.5,129.5,119.5,129.5,+,11.0,1606692,205253210.0,539630,119000,3129,820630,120000,3129,281000,1000,0
20260629,3413,京鼎,300.5,324.5,300.0,314.0,+,15.0,2814988,888550687.0,579914,0,61707,1391914,0,66834,812000,0,5127
20260629,00752,中信中國50,20.42,21.04,20.42,20.96,+,0.7,2776807,57726178.0,325000,0,312535,680000,0,1005429,355000,0,692894
20260629,3056,富華新,14.7,14.8,14.4,14.55,+,0.05,1451078,21097575.0,629631,0,5865,1016631,0,7077,387000,0,1212
20260629,5521,工信,10.15,10.35,10.1,10.2,+,0.05,2506946,25589486.0,607930,0,1379,1597930,0,2000,990000,0,621
20260629,2103,台橡,20.25,20.75,20.1,20.65,+,0.4,2451973,50131773.0,586109,2000,14677,1282109,2000,27920,696000,0,13243
20260629,6120,達運,13.75,14.3,13.45,14.15,+,0.55,2283405,32183429.0,576679,33000,-9312,1285679,33000,2000,709000,0,11312
20260629,1722,台肥,47.8,47.8,47.25,47.7,+,0.5,1268476,60309574.0,606253,-4000,-3000,989253,0,9000,383000,4000,12000
20260629,1809,中釉,47.85,51.0,47.3,50.3,+,2.45,3832027,188694356.0,575411,0,-1000,1393711,0,3000,818300,0,4000
20260629,2101,南港,31.15,32.2,31.15,31.85,+,0.7,3579344,112388314.0,567010,0,2000,1031010,0,2000,464000,0,0
20260629,3596,智易,183.0,189.5,183.0,188.0,+,6.5,1772638,332188878.0,96274,444364,22946,968274,444364,30946,872000,0,8000
20260629,2483,百容,55.7,58.3,53.3,55.7,,0.0,25252090,1403694547.0,566000,0,-12000,6910000,0,0,6344000,0,12000
20260629,00757,統一FANG+,124.25,125.6,124.25,125.3,+,2.95,1794070,224372742.0,457163,0,96063,479183,0,500063,22020,0,404000
20260629,2481,強茂,168.5,177.0,163.5,166.0,-,9.0,9757903,1643546337.0,1884897,-1058000,-274558,3417473,0,142263,1532576,1058000,416821
20260629,3017,奇鋐,2220.0,2315.0,2220.0,2300.0,+,45.0,3084014,7032758260.0,312425,214187,19928,1818761,232187,85060,1506336,18000,65132
20260629,00894,中信小資高價30,46.9,47.68,46.56,47.06,+,0.46,3670588,173025185.0,364250,0,180137,942250,0,2371797,578000,0,2191660
20260629,1476,儒鴻,317.0,326.0,316.5,325.5,+,10.0,1878113,605985924.0,300834,233847,4568,1441054,246125,7844,1140220,12278,3276
20260629,2104,國際中橡,9.99,10.1,9.95,9.99,,0.0,3037490,30415283.0,528022,0,2941,1443031,0,4000,915009,0,1059
20260629,2342,茂矽,51.2,53.0,51.2,52.4,+,1.4,1859295,96696076.0,544000,0,-27000,685000,0,0,141000,0,27000
20260629,2495,普安,50.3,51.5,49.1,49.8,-,0.5,4423754,222362088.0,512698,13000,-17171,1828798,13000,2772,1316100,0,19943
20260629,1316,上曜,10.15,10.45,10.15,10.35,+,0.25,1420445,14735101.0,503000,0,881,804000,0,1000,301000,0,119
20260629,1309,台達化,14.5,14.65,14.25,14.3,-,0.15,1831589,26408143.0,515641,0,-27490,926641,0,2000,411000,0,29490
20260629,6446,藥華藥,1205.0,1270.0,1205.0,1270.0,+,115.0,2907656,3675398120.0,439746,-1000,34695,752040,0,58955,312294,1000,24260
20260629,3550,聯穎,31.4,31.45,29.65,30.45,-,0.95,5600505,169387861.0,472126,0,-1529,2503242,0,8000,2031116,0,9529
20260629,3305,昇貿,130.5,138.0,129.0,133.5,+,4.0,2620424,351655781.0,422779,0,46161,1266779,0,106504,844000,0,60343
20260629,2442,新美齊,19.0,19.3,19.0,19.25,+,0.3,955773,18349412.0,459000,0,0,604000,0,0,145000,0,0
20260629,6166,凌華,142.0,149.0,137.5,139.5,-,2.5,2136389,303979169.0,454028,0,2663,1026229,0,9000,572201,0,6337
20260629,1714,和桐,18.2,19.4,18.2,18.9,+,0.35,7186003,136739823.0,415000,0,39000,1389000,0,72000,974000,0,33000
20260629,4746,台耀,51.2,53.1,51.2,53.0,+,2.2,853386,44788541.0,436951,0,12554,590201,0,12554,153250,0,0
20260629,3406,玉晶光,702.0,705.0,652.0,657.0,-,43.0,3953398,2648654650.0,659830,-252000,40961,1942207,0,129600,1282377,252000,88639
20260629,8476,台境*,24.0,25.0,24.0,24.75,+,0.95,2400719,59323101.0,449960,0,-5000,907190,0,0,457230,0,5000
20260629,1707,葡萄王,95.4,95.5,93.3,93.8,-,1.6,1499403,140948203.0,447040,1000,-3715,629100,1000,39000,182060,0,42715
20260629,2379,瑞昱,759.0,814.0,751.0,783.0,+,43.0,6208784,4904492932.0,-347427,824037,-35272,3337857,896037,131202,3685284,72000,166474
20260629,00936,台新永續高息中小,20.78,21.05,20.64,20.81,+,0.03,1383551,28819478.0,27000,0,403983,348000,0,922801,321000,0,518818
20260629,00895,富邦未來車,50.3,50.7,50.25,50.6,+,0.3,956655,48348891.0,239000,0,191167,266000,0,598859,27000,0,407692
20260629,2478,大毅,221.0,221.0,198.5,205.0,-,13.0,1079893,226734119.0,427959,0,1000,479959,0,16000,52000,0,15000
20260629,2208,台船,17.3,17.9,17.3,17.55,+,0.35,2599727,45895063.0,1014000,-589000,3000,1191000,0,3000,177000,589000,0
20260629,1795,美時,184.5,194.5,184.5,190.5,+,7.5,1829555,349743423.0,449283,-1000,-26776,788358,0,33069,339075,1000,59845
20260629,4960,誠美材,26.2,26.3,25.35,25.7,+,0.05,3739046,96553043.0,424623,0,-9352,2072494,0,13508,1647871,0,22860
20260629,3653,健策,3470.0,3480.0,3280.0,3320.0,-,85.0,1116741,3734960585.0,318092,82051,10608,631422,82051,70930,313330,0,60322
20260629,2206,三陽工業,61.5,62.2,61.5,62.0,+,0.5,899657,55721666.0,295246,101000,3000,482246,104000,3000,187000,3000,0
20260629,9907,統一實,14.95,15.2,14.95,15.2,+,0.25,4608973,69599849.0,2926020,-2537000,4495,3684020,2000,9000,758000,2539000,4505
20260629,3583,辛耘,814.0,885.0,806.0,861.0,+,49.0,1675852,1446235343.0,387555,0,5561,813767,0,87154,426212,0,81593
20260629,2913,農林,10.7,10.85,10.65,10.8,+,0.2,1436787,15408475.0,382000,0,6571,660000,0,6571,278000,0,0
20260629,5871,中租-KY,115.0,116.0,114.5,115.0,+,1.5,6604239,761635877.0,415136,-58000,21000,4822062,2000,23000,4406926,60000,2000
20260629,2539,櫻花建,38.95,39.3,38.4,39.3,+,1.2,732696,28520915.0,377321,0,0,506321,0,0,129000,0,0
20260629,1477,聚陽,217.0,222.5,217.0,222.0,+,6.0,2322716,512754668.0,403089,-17547,-15847,1280167,476000,13821,877078,493547,29668
20260629,6239,力成,315.0,315.5,303.5,311.0,-,3.0,21621237,6671950088.0,3273598,-2703000,-202683,9861172,135000,669261,6587574,2838000,871944
20260629,8163,達方,41.0,41.0,39.25,39.4,-,1.4,2373332,94774391.0,366362,0,-13625,1147362,0,5789,781000,0,19414
20260629,00896,中信綠能及電動車,26.62,27.18,26.62,26.96,+,0.35,4639839,125284586.0,595000,0,-244259,1243000,0,2181431,648000,0,2425690
20260629,1440,南紡,13.1,13.35,13.0,13.25,+,0.25,1570751,20802338.0,348262,-6000,5928,867262,0,6632,519000,6000,704
20260629,1312,國喬,14.0,14.25,13.9,14.15,+,0.15,13460216,189535458.0,358020,0,-17938,4531020,0,17999,4173000,0,35937
20260629,8215,明基材,28.5,29.55,28.15,28.9,+,0.75,1266733,36942419.0,337192,0,917,722192,0,1506,385000,0,589
20260629,3030,德律,319.0,326.5,316.0,321.5,+,6.5,1839804,589927080.0,306274,1000,30641,936274,2000,59433,630000,1000,28792
20260629,00907,永豐優息存股,16.22,16.34,16.14,16.15,+,0.02,1074890,17462430.0,69000,0,265371,198000,0,670018,129000,0,404647
20260629,1789,神隆,20.35,20.85,20.3,20.5,+,0.5,1120311,22978180.0,325000,0,9000,583000,0,9000,258000,0,0
20260629,6491,晶碩,322.0,332.0,322.0,331.0,+,9.0,639485,210923409.0,282627,45000,2002,386627,45000,2052,104000,0,50
20260629,2204,中華,54.9,55.7,54.9,55.6,+,0.6,668838,37059067.0,327205,-9465,6386,500248,1000,7000,173043,10465,614
20260629,1560,中砂,708.0,754.0,705.0,738.0,+,35.0,1582209,1162341034.0,90605,181000,44540,816563,181000,63634,725958,0,19094
20260629,1434,福懋,16.9,17.15,16.75,17.0,+,0.3,2275739,38643046.0,306690,-3000,6000,956690,0,6000,650000,3000,0
20260629,1904,正隆,21.25,21.5,21.05,21.35,+,0.1,1268909,27037970.0,299750,-4000,9000,833000,0,9000,533250,4000,0
20260629,1227,佳格,29.05,29.35,29.0,29.35,+,0.3,694195,20264390.0,303000,-2000,2998,450000,0,3000,147000,2000,2
20260629,3062,建漢,24.05,25.45,23.85,24.85,+,0.85,3063231,75506020.0,317540,0,-14940,1376540,0,15225,1059000,0,30165
20260629,6706,惠特,144.0,147.0,139.0,140.5,-,3.0,1886380,268442971.0,330773,0,-28185,905472,0,3562,574699,0,31747
20260629,1305,華夏,13.0,13.2,12.9,12.9,-,0.1,1857049,24119096.0,397724,0,-96602,796724,0,11000,399000,0,107602
20260629,3090,日電貿,308.0,316.5,298.0,304.0,-,6.0,906138,280495445.0,-46871,340172,6000,222229,380000,37000,269100,39828,31000
20260629,3026,禾伸堂,728.0,770.0,728.0,766.0,+,37.0,1035852,781411448.0,378493,16000,-100201,467293,16000,76953,88800,0,177154
20260629,2392,正崴,37.25,38.35,36.5,37.75,+,0.75,1513366,57061198.0,305440,-2000,-9771,891440,0,7903,586000,2000,17674
20260629,00923,群益台ESG低碳50,41.35,42.15,41.32,41.79,+,0.61,3609224,150714613.0,471050,0,-177406,743050,0,2095692,272000,0,2273098
20260629,6409,旭隼,999.0,1070.0,991.0,1020.0,+,43.0,1906119,1975651195.0,-184423,466587,10523,699515,467587,31056,883938,1000,20533
20260629,6472,保瑞,419.0,453.0,419.0,437.5,+,25.5,3026054,1334842011.0,240584,0,45501,1234716,0,138978,994132,0,93477
20260629,00926,凱基全球菁英55,24.03,24.36,24.03,24.35,+,0.32,1397414,33965000.0,964250,0,-679050,974250,0,350793,10000,0,1029843
20260629,2429,銘旺科,37.9,41.6,37.9,40.85,+,2.95,908978,36613887.0,284695,0,121,310020,0,121,25325,0,0
20260629,3701,大眾控,44.1,45.0,43.5,44.1,+,0.6,817331,36030811.0,284122,0,-788,506122,0,1300,222000,0,2088
20260629,1563,巧新,64.3,65.1,61.5,62.6,-,1.8,1621271,102739494.0,281496,0,570,737846,0,5000,456350,0,4430
20260629,2486,一詮,226.0,227.0,217.5,224.5,-,0.5,5356184,1196437814.0,357280,0,-77757,2422090,0,195989,2064810,0,273746
20260629,00971,野村美國研發龍頭,16.19,16.54,16.19,16.52,+,0.33,526554,8678318.0,5000,0,267192,5000,0,471499,0,0,204307
20260629,9938,百和,43.25,44.45,43.25,44.45,+,1.2,871860,38465057.0,263962,0,7074,498000,0,7142,234038,0,68
20260629,1810,和成,19.5,20.5,19.5,19.9,+,0.5,2097871,42091650.0,259000,0,6440,800000,0,8000,541000,0,1560
20260629,3346,麗清,24.05,25.45,23.9,24.7,+,0.8,1694855,42253715.0,260000,0,-687,660000,0,3000,400000,0,3687
20260629,00934,中信成長高股息,27.72,28.09,27.57,27.78,+,0.33,3540936,98712272.0,705000,0,-446889,880000,0,1746112,175000,0,2193001
20260629,3645,達邁,87.5,89.2,86.3,87.3,+,0.2,1187816,104023030.0,271764,0,-15206,606764,0,6269,335000,0,21475
20260629,1219,福壽,12.5,12.55,12.35,12.55,+,0.15,459532,5731139.0,254995,0,1000,299000,0,1000,44005,0,0
20260629,6753,龍德造船,122.5,132.0,122.5,128.5,+,7.0,2595715,335000716.0,60200,0,193883,633200,0,227236,573000,0,33353
20260629,1597,直得,142.0,143.5,135.5,138.0,-,1.5,1030973,143110825.0,265418,0,-15458,577598,0,10482,312180,0,25940
20260629,7780,大研生醫*,17.9,18.2,17.9,18.05,+,0.15,1134267,20490358.0,240893,0,6500,535000,0,6500,294107,0,0
20260629,6415,矽力*-KY,572.0,598.0,572.0,598.0,+,26.0,1332321,777840409.0,189420,75000,-18823,679984,76000,17975,490564,1000,36798
20260629,3661,世芯-KY,3900.0,4015.0,3890.0,3985.0,+,115.0,1290876,5105531495.0,215808,14046,9624,800142,14046,42245,584334,0,32621
20260629,4977,眾達-KY,166.0,169.0,162.0,167.0,+,2.5,1638049,271174076.0,252014,0,-18178,936374,0,8140,684360,0,26318
20260629,3712,永崴投控,17.35,18.2,17.35,18.1,+,0.75,636451,11407945.0,230498,0,189,422069,0,1000,191571,0,811
20260629,00949,復華日本龍頭,20.3,20.37,20.26,20.29,+,0.01,459555,9336342.0,145000,0,85478,151000,0,210999,6000,0,125521
20260629,8033,雷虎,146.0,154.5,144.5,154.5,+,14.0,11574293,1759411782.0,34517,0,194359,1666000,0,194359,1631483,0,0
20260629,2543,皇昌,38.15,39.4,38.15,38.65,+,0.35,876363,33989184.0,230102,-1000,-1988,360102,0,3000,130000,1000,4988
20260629,2903,遠百,23.35,23.45,22.95,23.45,+,0.3,6292892,145679784.0,-2114922,2358000,-16592,1442078,2363000,22000,3557000,5000,38592
20260629,6224,聚鼎,73.8,75.3,70.0,70.2,-,4.6,1050357,75703449.0,226000,0,-1000,492000,0,0,266000,0,1000
20260629,3048,益登,63.0,63.9,61.2,61.6,-,1.4,3225243,201542713.0,297588,0,-73810,1555687,0,9060,1258099,0,82870
20260629,6449,鈺邦,342.5,353.0,332.5,338.0,-,2.0,1294271,439151226.0,240388,0,-17010,656488,0,5478,416100,0,22488
20260629,1734,杏輝,32.15,32.9,32.15,32.7,+,0.7,586942,19111045.0,221535,0,0,268535,0,0,47000,0,0
20260629,6414,樺漢,361.5,370.0,358.0,360.0,-,1.5,1203232,438428154.0,563602,-340000,-4883,875102,0,38698,311500,340000,43581
20260629,9136,巨騰-DR,14.7,14.95,13.8,14.1,-,0.55,908426,12797696.0,220000,0,-1579,340000,0,77,120000,0,1656
20260629,6278,台表科,191.0,201.0,189.5,194.0,+,3.5,5249019,1027410891.0,-67585,391710,-107925,1849515,1222000,47139,1917100,830290,155064
20260629,1218,泰山,17.8,18.0,17.8,18.0,+,0.25,438482,7858583.0,214000,0,1000,295000,0,1000,81000,0,0
20260629,9933,中鼎,42.3,42.45,41.7,41.95,,0.0,2132074,89323455.0,192600,-2000,22000,1282000,1000,26000,1089400,3000,4000
20260629,00692,富邦公司治理,89.65,91.35,89.65,90.4,+,1.2,1226349,111068398.0,187050,0,23296,378050,0,604719,191000,0,581423
20260629,3533,嘉澤,2135.0,2175.0,2110.0,2135.0,+,30.0,676032,1444280570.0,203938,12500,-8603,478277,12500,11532,274339,0,20135
20260629,4949,有成精密,81.2,83.3,77.1,77.1,-,4.9,1529996,121205871.0,207001,0,-16,488001,0,6050,281000,0,6066
20260629,00964,中信亞太高股息,13.84,13.84,13.72,13.77,+,0.11,3338622,45959755.0,614000,0,-410123,679000,0,2233799,65000,0,2643922
20260629,3501,維熹,39.95,40.15,39.7,40.0,,0.0,908073,36311420.0,203000,0,-65,415000,0,5000,212000,0,5065
20260629,6873,泓德能源,80.3,82.8,80.3,82.7,+,3.3,387264,31828310.0,198000,0,1847,242000,0,2847,44000,0,1000
20260629,3135,凌航,188.0,189.0,177.0,181.0,-,5.0,1889312,344453025.0,203669,0,-5120,716925,0,10000,513256,0,15120
20260629,00930,永豐ESG低碳高息,24.52,24.78,24.35,24.55,+,0.03,1429478,35076079.0,-355000,0,552732,201000,0,1084325,556000,0,531593
20260629,2302,麗正,46.7,49.35,45.7,47.2,+,0.1,4582974,216718394.0,198150,0,-3000,1382150,0,0,1184000,0,3000
20260629,6405,悅城,59.9,62.5,59.9,60.8,+,0.3,714536,43682063.0,195001,0,0,410001,0,0,215000,0,0
20260629,6155,鈞寶,85.0,87.1,81.8,84.2,-,1.9,4002697,337589572.0,189049,0,1585,1204049,0,9000,1015000,0,7415
20260629,8462,柏文,137.5,145.0,137.5,142.0,+,6.0,334727,47538000.0,190151,0,0,242151,0,0,52000,0,0
20260629,5471,松翰,58.0,60.4,57.5,58.6,+,0.1,2505516,147355865.0,190384,0,-1409,1174384,0,6000,984000,0,7409
20260629,2614,東森,18.15,18.35,18.1,18.25,+,0.25,455249,8292084.0,188956,0,0,246250,0,0,57294,0,0
20260629,3665,貿聯-KY,1855.0,1915.0,1820.0,1880.0,+,25.0,1592882,2959200095.0,274665,-75889,-13129,1025537,27111,58918,750872,103000,72047
20260629,6531,愛普*,975.0,1005.0,954.0,980.0,-,10.0,3044513,2995996356.0,148733,52000,-17178,1371876,52000,113391,1223143,0,130569
20260629,4576,大銀微系統,200.0,208.5,200.0,204.5,+,4.0,1141836,234247065.0,155267,0,27521,652267,0,34652,497000,0,7131
20260629,3703,欣陸,21.55,21.7,21.3,21.45,+,0.1,629067,13524009.0,179678,-2000,3942,300678,0,4000,121000,2000,58
20260629,6781,AES-KY,1105.0,1150.0,1085.0,1130.0,+,25.0,810789,910632140.0,168227,0,12663,377812,0,24662,209585,0,11999
20260629,1464,得力,10.1,10.3,10.1,10.3,+,0.2,537545,5508475.0,185000,0,-5000,297000,0,0,112000,0,5000
20260629,1611,中電,12.8,13.2,12.8,13.2,+,0.4,676298,8828157.0,180138,0,-199,338138,0,2000,158000,0,2199
20260629,6525,捷敏-KY,143.0,148.5,140.0,143.0,-,3.0,2038990,291528242.0,176292,0,3000,759292,0,3000,583000,0,0
20260629,8996,高力,1370.0,1475.0,1370.0,1475.0,+,105.0,669708,958346190.0,252907,-57274,-20072,474850,6000,14000,221943,63274,34072
20260629,8473,山林水,48.1,49.35,48.1,48.7,+,0.6,727890,35542929.0,172332,0,1000,370332,0,1000,198000,0,0
20260629,5284,jpp-KY,361.0,376.5,353.0,376.5,+,21.5,521906,192599165.0,122020,0,50964,230020,0,56327,108000,0,5363
20260629,00963,中信全球高股息,12.61,12.64,12.59,12.63,+,0.14,576414,7274592.0,5000,0,164558,5000,0,247558,0,0,83000
20260629,00690,兆豐藍籌30,77.8,79.4,77.65,78.6,+,0.9,515212,40440873.0,-1000,0,167828,86000,0,269404,87000,0,101576
20260629,3591,艾笛森,26.65,27.65,26.2,26.2,-,0.25,1729064,46318487.0,40970,0,125688,565002,0,126000,524032,0,312
20260629,1568,倉佑,37.4,38.85,36.2,37.35,-,0.1,895830,33703098.0,198000,0,-32000,402000,0,0,204000,0,32000
20260629,00952,凱基台灣AI50,17.99,18.49,17.99,18.24,+,0.32,3072912,56187282.0,-251000,0,415607,504000,0,1940481,755000,0,1524874
20260629,2615,萬海,77.8,78.6,77.0,78.6,+,1.9,5336935,415708567.0,154905,-36748,45203,2827001,6112,79727,2672096,42860,34524
20260629,1907,永豐餘,27.15,27.35,27.05,27.35,+,0.35,650503,17701378.0,161887,-7000,8102,420887,0,8102,259000,7000,0
20260629,3705,永信,53.7,54.8,53.7,54.3,+,0.6,291406,15862579.0,171000,0,-9000,207000,0,5000,36000,0,14000
20260629,2417,圓剛,43.0,44.6,42.85,43.0,+,0.35,721191,31532503.0,160995,0,0,366858,0,0,205863,0,0
20260629,2548,華固,103.5,103.5,101.5,102.5,,0.0,1391490,142255340.0,262138,-24000,-79111,770028,0,16000,507890,24000,95111
20260629,6742,澤米,65.2,66.2,62.8,64.4,-,0.7,2360049,152215478.0,157747,0,-270,953757,0,2000,796010,0,2270
20260629,6589,台康生技,46.3,48.8,46.3,48.2,+,2.1,1520190,73134712.0,157141,0,334,628141,0,2000,471000,0,1666
20260629,9941,裕融,79.3,80.0,79.2,79.5,+,0.9,722995,57526091.0,154510,1000,1000,484000,1000,2000,329490,0,1000
20260629,3321,同泰,24.65,24.65,22.8,23.35,-,1.0,913832,21630565.0,176001,0,-20000,330001,0,1000,154000,0,21000
20260629,6477,安集,29.75,31.15,29.75,30.4,+,0.8,663885,20325910.0,155000,0,-250,296000,0,1000,141000,0,1250
20260629,2419,仲琦,26.9,27.85,26.9,27.45,+,0.55,857011,23499490.0,147000,0,7448,441000,0,9000,294000,0,1552
20260629,3014,聯陽,154.5,159.0,153.0,157.5,+,3.0,1906916,298975601.0,44518,120934,-11623,897347,124727,2919,852829,3793,14542
20260629,2421,建準,138.5,141.5,137.0,138.0,+,1.0,1748162,243327037.0,192557,-1000,-37960,1021163,0,15581,828606,1000,53541
20260629,2727,王品,247.0,249.0,247.0,249.0,+,2.5,305285,75789491.0,150739,0,1000,212739,0,1000,62000,0,0
20260629,1103,嘉泥,13.6,13.6,13.4,13.45,+,0.05,239064,3220429.0,149000,0,2000,188000,0,2000,39000,0,0
20260629,3588,通嘉,72.6,72.6,67.0,68.0,-,3.6,1978448,136381938.0,153443,0,-3000,744443,0,0,591000,0,3000
20260629,2461,光群雷,17.0,17.35,16.95,17.0,+,0.05,794651,13549829.0,148745,0,0,336171,0,0,187426,0,0
20260629,00893,國泰智能電動車,45.2,45.2,44.66,44.98,-,0.26,1290591,57907673.0,578800,0,-434208,599000,0,521612,20200,0,955820
20260629,00700,富邦恒生國企,15.23,15.56,15.21,15.49,+,0.41,376090,5796927.0,81000,0,61358,196000,0,85663,115000,0,24305
20260629,2387,精元,39.1,39.25,38.7,38.9,+,0.05,617409,24071716.0,-4000,144476,1698,213000,144476,2000,217000,0,302
20260629,5607,遠雄港,49.9,50.8,49.9,50.5,+,0.3,320728,16177491.0,143000,-1000,0,237000,0,5000,94000,1000,5000
20260629,00652,富邦印度,33.06,33.34,33.06,33.3,+,0.26,594649,19798133.0,495000,0,-353882,497000,0,33118,2000,0,387000
20260629,1616,億泰,21.75,22.45,21.75,22.1,+,0.3,461596,10228247.0,115000,0,25423,205000,0,29000,90000,0,3577
20260629,8926,台汽電,77.5,78.8,75.7,76.9,+,0.7,6460899,498017818.0,-1535626,1674000,825,1658140,1677000,6000,3193766,3000,5175
20260629,8103,瀚荃,96.8,98.6,94.7,95.6,+,0.4,998470,95981115.0,152490,0,-15745,517000,0,600,364510,0,16345
20260629,00932,兆豐永續高息等權,17.23,17.43,17.2,17.27,+,0.12,595056,10273673.0,212000,0,-75925,336000,0,222100,124000,0,298025
20260629,2836,高雄銀,12.3,12.3,12.2,12.25,,0.0,657515,8060185.0,135000,-5000,6000,283000,0,6000,148000,5000,0
20260629,2530,華建,18.45,19.2,18.45,19.15,+,0.7,702293,13319952.0,105200,-3000,30000,487200,0,30000,382000,3000,0
20260629,1436,華友聯,45.1,45.2,44.8,44.85,+,0.3,242612,10898434.0,133000,-1000,0,148000,0,0,15000,1000,0
20260629,1587,吉茂,26.7,27.65,26.65,27.4,+,0.7,248332,6750775.0,133000,0,-1076,166000,0,0,33000,0,1076
20260629,5243,乙盛-KY,100.0,102.0,99.1,99.5,+,0.7,1426938,142978384.0,118849,1000,11922,672849,1000,51476,554000,0,39554
20260629,4540,全球傳動,55.5,57.1,55.1,55.6,+,0.2,955987,53555867.0,131019,0,158,379019,0,3000,248000,0,2842
20260629,4989,榮科,78.6,82.4,78.1,79.4,,0.0,4123530,329505219.0,133000,0,-2887,1061000,0,46558,928000,0,49445
20260629,9919,康那香,13.6,13.8,13.6,13.75,+,0.2,374980,5142117.0,127000,0,1000,217000,0,1000,90000,0,0
20260629,3032,偉訓,75.6,78.2,75.2,77.2,+,1.9,528627,40760475.0,126149,0,-320,285149,0,3000,159000,0,3320
20260629,1702,南僑,31.3,31.55,31.3,31.5,+,0.25,211858,6669018.0,123000,0,905,146000,0,1000,23000,0,95
20260629,3013,晟銘電,103.0,107.5,102.0,104.5,+,1.5,1425747,148491646.0,66360,-1000,58037,504360,0,82222,438000,1000,24185
20260629,3031,佰鴻,29.35,31.1,29.2,30.65,+,1.25,1992019,60547918.0,119536,0,473,683536,0,1018,564000,0,545
20260629,00850,元大臺灣ESG永續,88.25,90.1,88.25,89.25,+,1.2,883414,78814436.0,1922,0,117050,149022,0,459691,147100,0,342641
20260629,00943,兆豐電子高息等權,21.65,21.95,21.65,21.74,+,0.11,192741,4208118.0,21000,0,95349,44000,0,134154,23000,0,38805
20260629,2707,晶華,178.5,180.0,178.0,180.0,+,1.5,171690,30712744.0,109130,1000,4000,125130,1000,4000,16000,0,0
20260629,3716,中化控股,34.45,35.2,34.45,35.2,+,0.55,210809,7374452.0,114000,0,0,146000,0,0,32000,0,0
20260629,1460,宏遠,7.01,7.13,7.01,7.1,+,0.08,504295,3577488.0,114000,0,0,156000,0,0,42000,0,0
20260629,3617,碩天,210.0,218.5,210.0,213.5,+,5.0,507567,109248050.0,91104,8997,13896,302454,8997,16096,211350,0,2200
20260629,6438,迅得,145.5,154.5,145.5,151.0,+,5.5,561642,84836718.0,99094,0,14190,265094,0,20131,166000,0,5941
20260629,8422,可寧衛*,27.0,27.95,27.0,27.65,,0.0,7855017,217203665.0,580100,-167000,-300729,3136100,0,33745,2556000,167000,334474
20260629,2612,中航,51.5,52.3,51.5,52.0,+,0.5,332757,17305394.0,113820,0,-1527,241000,0,0,127180,0,1527
20260629,4956,光鋐,37.0,37.65,36.3,36.6,-,0.15,922366,34036500.0,110140,0,89,446200,0,2000,336060,0,1911
20260629,6285,啟碁,238.5,244.0,233.5,236.0,,0.0,5227168,1244052204.0,77896,-33554,65301,2724189,5000,192626,2646293,38554,127325
20260629,2611,志信,13.5,13.6,13.45,13.55,+,0.1,268162,3628284.0,109320,0,0,141320,0,0,32000,0,0
20260629,8114,振樺電,184.0,187.0,181.5,182.5,-,2.5,558532,102602975.0,110071,1000,-2715,322140,1000,2000,212069,0,4715
20260629,2511,太子,8.06,8.14,8.06,8.12,+,0.06,705515,5720469.0,100000,0,8000,393000,0,8000,293000,0,0
20260629,1773,勝一,167.0,168.0,165.0,168.0,+,3.0,399108,66504876.0,104854,0,2786,206100,1000,4000,101246,1000,1214
20260629,3545,敦泰,55.1,56.0,54.7,54.7,+,0.2,879714,48703910.0,110129,5000,-7779,405130,5000,781,295001,0,8560
20260629,3021,鴻名,26.7,27.35,26.3,27.35,+,0.5,409220,11081931.0,107000,0,0,217000,0,0,110000,0,0
20260629,6526,達發,627.0,646.0,624.0,636.0,+,10.0,559108,355069532.0,65917,40000,994,269192,41000,8144,203275,1000,7150
20260629,00905,FT臺灣Smart,27.15,27.74,27.15,27.4,+,0.35,1861056,51070080.0,370000,0,-263676,567000,0,837835,197000,0,1101511
20260629,6869,雲豹能源,71.0,75.0,70.6,74.0,+,4.5,726368,53123559.0,65229,0,38651,235000,0,40935,169771,0,2284
20260629,9958,世紀鋼,111.5,115.0,111.0,112.0,,0.0,2086274,235230352.0,96108,0,6315,1041890,1000,42189,945782,1000,35874
20260629,1201,味全,12.2,12.35,12.2,12.3,+,0.1,336910,4132791.0,101000,0,995,227000,0,1000,126000,0,5
20260629,6782,視陽,190.0,195.0,190.0,195.0,+,5.0,181614,35160196.0,101094,0,372,141094,0,372,40000,0,0
20260629,3543,州巧,29.0,29.3,28.5,28.6,+,0.15,451061,13064273.0,101190,0,0,312190,0,0,211000,0,0
20260629,2528,皇普,20.75,21.05,20.5,21.05,+,0.15,333788,6936344.0,102000,-1000,0,171000,0,0,69000,1000,0
20260629,1503,士電,235.0,247.0,234.5,237.5,+,4.0,4823942,1161791252.0,202471,-1000,-102374,1618581,0,110108,1416110,1000,212482
20260629,2440,太空梭,16.2,16.85,16.0,16.75,+,0.7,794755,13054269.0,98356,0,0,260356,0,0,162000,0,0
20260629,6757,台灣虎航,62.2,63.9,61.0,61.3,-,1.3,3610231,223863705.0,145328,0,-49106,1374528,0,20953,1229200,0,70059
20260629,4952,凌通,54.6,57.2,54.5,56.7,+,2.5,949247,53457955.0,101020,0,-5000,406280,0,3000,305260,0,8000
20260629,7799,禾榮科,385.5,416.5,381.5,416.5,+,37.5,831462,341029286.0,91000,0,4133,261000,0,6133,170000,0,2000
20260629,1604,聲寶,23.1,23.8,23.1,23.4,+,0.35,851479,19975432.0,94000,0,1000,254000,0,1000,160000,0,0
20260629,2457,飛宏,27.2,28.15,26.9,27.6,+,0.6,2381538,65652992.0,151629,0,-57454,1052629,0,9000,901000,0,66454
20260629,2106,建大,16.85,17.1,16.85,17.1,+,0.25,678102,11525511.0,90000,-4000,8000,372000,0,8000,282000,4000,0
20260629,9103,美德醫療-DR,5.21,5.26,5.15,5.24,+,0.1,535951,2794004.0,93000,0,381,184000,0,501,91000,0,120
20260629,6024,群益期,60.5,61.5,60.5,61.2,+,0.8,282846,17298169.0,92256,1000,0,143100,1000,0,50844,0,0
20260629,2428,興勤,301.0,305.0,294.0,298.0,+,1.5,816271,244902652.0,88697,0,2497,399697,0,6965,311000,0,4468
20260629,6442,光聖,1630.0,1645.0,1575.0,1600.0,-,80.0,2624601,4224023460.0,318138,-178000,-50982,967258,1000,130128,649120,179000,181110
20260629,2305,全友,36.0,37.55,35.5,36.15,+,1.05,1431929,52067500.0,111000,0,-23000,262000,0,9000,151000,0,32000
20260629,3094,聯傑,39.6,41.45,38.35,40.55,+,0.85,3981245,158575852.0,88000,0,0,1534000,0,5000,1446000,0,5000
20260629,3044,健鼎,509.0,516.0,498.0,499.5,-,8.5,4423932,2229493743.0,394270,-321977,15466,3272499,52023,49023,2878229,374000,33557
20260629,3532,台勝科,341.0,343.5,325.0,331.0,-,5.0,500945,166947401.0,111043,0,-23989,202044,1000,19476,91001,1000,43465
20260629,1325,恆大,24.05,24.25,23.8,24.1,-,0.3,437095,10496461.0,87000,0,0,154000,0,0,67000,0,0
20260629,3312,弘憶股,59.5,59.9,56.9,58.0,-,1.1,3366345,195734335.0,92076,0,-5768,1044426,0,9000,952350,0,14768
20260629,9802,鈺齊-KY,72.5,73.8,72.5,73.6,+,1.1,401098,29335178.0,83500,-1000,2792,315000,0,4000,231500,1000,1208
20260629,1225,福懋油,29.4,29.7,29.15,29.15,-,0.25,274309,8074149.0,83000,0,0,122000,0,0,39000,0,0
20260629,4934,太極,16.45,17.15,16.35,16.75,+,0.45,640729,10807097.0,83410,0,-1000,306410,0,0,223000,0,1000
20260629,3356,奇偶,58.9,60.4,58.5,58.8,+,1.5,584620,34744464.0,82017,0,0,259017,0,0,177000,0,0
20260629,2816,旺旺保,33.25,33.5,33.15,33.2,+,0.15,207518,6892612.0,82000,0,0,100000,0,0,18000,0,0
20260629,1439,雋揚,23.95,24.5,23.95,24.4,+,0.45,103004,2476646.0,82000,0,0,89000,0,0,7000,0,0
20260629,2636,台驊控股,68.5,69.3,68.5,68.9,+,0.7,284864,19655368.0,80955,0,593,143000,0,1000,62045,0,407
20260629,00783,富邦中証500,31.0,31.24,30.56,30.65,-,0.22,673855,20790943.0,146000,0,-65020,197000,0,470028,51000,0,535048
20260629,4414,如興,8.38,8.55,8.38,8.48,+,0.1,197628,1679279.0,80703,0,0,117000,0,0,36297,0,0
20260629,1445,大宇,10.75,11.85,10.75,11.8,+,1.0,597075,7014139.0,80000,0,398,112000,0,1398,32000,0,1000
20260629,6214,精誠,129.0,132.0,129.0,129.0,+,1.0,1218275,158305424.0,66638,12390,1041,642638,12390,2463,576000,0,1422
20260629,1342,八貫,112.5,114.0,111.0,112.5,+,1.5,561620,63203762.0,80047,0,0,275340,0,0,195293,0,0
20260629,1419,新紡,65.1,66.0,64.1,65.0,-,0.5,243035,15756980.0,80000,-1000,490,124000,0,34000,44000,1000,33510
20260629,2923,鼎固-KY,24.4,26.05,23.65,26.05,+,2.35,171283,4342685.0,80000,0,-634,114000,0,9366,34000,0,10000
20260629,1529,樂事綠能,21.8,22.65,21.75,22.05,+,0.3,316380,7036869.0,77000,0,0,172000,0,0,95000,0,0
20260629,00709,富邦歐洲,39.14,39.44,39.14,39.3,+,0.2,105726,4154618.0,-12000,0,89000,0,0,90000,12000,0,1000
20260629,6165,浪凡,47.0,47.9,46.7,47.05,+,0.35,205567,9731373.0,77000,0,0,114000,0,0,37000,0,0
20260629,8222,寶一,34.85,36.7,34.5,35.65,+,1.45,802800,28775258.0,77000,0,-1000,293000,0,0,216000,0,1000
20260629,1446,宏和,16.7,16.75,16.4,16.55,+,0.1,236474,3927288.0,76000,0,0,122000,0,0,46000,0,0
20260629,1582,信錦,84.1,84.5,81.8,82.4,-,1.0,1375021,114269758.0,154000,-56277,-22005,539000,0,41165,385000,56277,63170
20260629,2062,橋椿,18.8,19.0,18.8,19.0,+,0.25,139029,2631081.0,74000,0,955,110000,0,1000,36000,0,45
20260629,6994,富威電力,47.0,48.45,47.0,48.1,+,1.35,447669,21428807.0,74000,0,4,216000,0,4,142000,0,0
20260629,8404,百和興業-KY,16.3,16.6,16.25,16.45,+,0.3,284810,4680356.0,71000,0,999,149000,0,1000,78000,0,1
20260629,6257,矽格,222.0,226.5,220.0,224.5,+,0.5,6536225,1458318379.0,385102,-239000,-76197,3302202,76000,101846,2917100,315000,178043
20260629,1531,高林股,12.75,13.0,12.75,12.85,+,0.1,227786,2939097.0,69000,0,0,79000,0,0,10000,0,0
20260629,2348,海悅,70.9,71.8,70.9,71.4,+,1.2,291119,20793118.0,68929,0,-2,123000,0,0,54071,0,2
20260629,6790,永豐實,40.3,40.5,40.15,40.45,+,0.35,146275,5894108.0,68005,0,0,110005,0,0,42000,0,0
20260629,7740,熙特爾-創,143.0,153.0,141.0,149.5,+,8.0,340327,50660272.0,68000,0,-197,170000,0,15006,102000,0,15203
20260629,8213,志超,35.65,36.4,35.65,36.1,+,0.45,406936,14636391.0,69000,0,-2253,279000,0,0,210000,0,2253
20260629,4590,富田-創,73.7,76.8,73.6,76.6,+,3.4,239396,18133887.0,67000,0,-424,97000,0,0,30000,0,424
20260629,1603,華電,31.0,31.55,31.0,31.25,+,0.15,208813,6530082.0,67000,0,-1000,94000,0,0,27000,0,1000
20260629,8341,日友,74.6,75.9,74.5,75.5,,0.0,321119,24175714.0,64690,0,1105,127000,0,4000,62310,0,2895
20260629,1733,五鼎,28.9,29.55,28.7,29.55,+,0.65,171509,5012710.0,65252,0,0,89252,0,0,24000,0,0
20260629,2849,安泰銀,14.4,14.6,14.4,14.55,+,0.15,119962,1743491.0,65000,0,0,75000,0,0,10000,0,0
20260629,2108,南帝,27.0,27.45,26.95,27.35,+,0.35,639564,17392728.0,62999,0,1913,263000,0,2000,200001,0,87
20260629,00737,國泰AI機器人,36.92,37.9,36.92,37.81,+,0.9,159760,6030732.0,15000,0,49818,18000,0,84654,3000,0,34836
20260629,3029,零壹,96.7,97.8,96.5,97.4,+,1.6,509345,49597500.0,9000,56903,-1529,154000,56903,1404,145000,0,2933
20260629,1712,興農,39.0,39.35,39.0,39.15,+,0.25,270165,10595256.0,62730,-1000,2624,156000,1000,3000,93270,2000,376
20260629,2493,揚博,273.0,273.0,251.0,266.0,-,6.0,1214799,317852381.0,97242,0,-33103,141382,0,1000,44140,0,34103
20260629,2017,官田鋼,9.03,9.1,8.95,9.01,+,0.01,638852,5768393.0,61995,0,2000,186040,0,2000,124045,0,0
20260629,5234,達興材料,386.0,399.0,378.5,391.0,+,13.5,388284,152284318.0,54223,0,9353,180223,0,18353,126000,0,9000
20260629,6928,攸泰科技,48.0,52.8,48.0,51.7,+,3.7,976672,50866039.0,60000,0,3482,240000,0,3482,180000,0,0
20260629,1215,卜蜂,114.0,116.0,114.0,115.5,+,1.5,706145,81192254.0,62920,-1000,722,374000,0,3000,311080,1000,2278
20260629,2601,益航,5.35,5.45,5.35,5.39,+,0.04,1120456,6042781.0,62306,0,0,277000,0,0,214694,0,0
20260629,6698,旭暉應材,42.2,45.65,42.15,44.2,+,2.0,1359415,60712541.0,62000,0,0,464000,0,0,402000,0,0
20260629,6670,復盛應用,251.5,251.5,244.0,249.5,-,1.5,1006511,249124095.0,-288000,311993,37575,299000,324000,83000,587000,12007,45425
20260629,3059,華晶科,48.5,50.8,47.8,48.4,+,0.05,10071152,497228462.0,4050,0,57133,2220150,0,88547,2216100,0,31414
20260629,1626,艾美特-KY,10.05,10.8,10.0,10.8,+,0.98,435457,4624027.0,61000,0,126,93000,0,126,32000,0,0
20260629,1909,榮成,9.42,9.57,9.38,9.46,-,0.01,1499651,14214657.0,35717,0,25000,670717,0,25000,635000,0,0
20260629,6579,研揚,153.0,155.5,152.5,154.0,+,3.5,182672,28144018.0,61614,-1000,0,86614,0,0,25000,1000,0
20260629,00770,國泰北美科技,68.05,68.05,66.3,66.55,+,0.15,223786,14889520.0,42000,0,18586,64000,0,55829,22000,0,37243
20260629,1442,名軒,27.0,27.35,26.85,26.85,-,0.15,167042,4504507.0,60500,0,0,101000,0,0,40500,0,0
20260629,4560,強信-KY,32.4,32.95,32.4,32.75,+,0.35,271001,8835431.0,64000,0,-4000,190000,0,0,126000,0,4000
20260629,4104,佳醫,68.6,69.2,68.5,69.2,+,0.5,171255,11796675.0,66000,0,-6000,80000,0,0,14000,0,6000
20260629,00875,國泰網路資安,48.8,48.81,48.67,48.72,+,2.32,253693,12370647.0,-168000,0,227735,1000,0,228386,169000,0,651
20260629,4807,日成-KY,39.0,39.0,35.9,36.6,-,1.3,375517,13878213.0,59000,0,0,156000,0,0,97000,0,0
20260629,2360,致茂,2015.0,2140.0,2015.0,2080.0,+,45.0,2035574,4215238660.0,67288,-9723,1173,1764762,43357,24817,1697474,53080,23644
20260629,1532,勤美,22.5,22.85,22.5,22.65,+,0.1,352737,8020843.0,62832,-5226,998,201832,0,1000,139000,5226,2
20260629,2466,冠西電,58.8,60.8,58.0,59.0,+,1.0,824108,48522786.0,60310,0,-2000,205310,0,1000,145000,0,3000
20260629,7803,雲象科技-創,21.7,23.45,21.35,23.3,+,1.6,246533,5504394.0,58000,0,1,94000,0,1,36000,0,0
20260629,6838,台新藥,23.6,24.1,23.6,24.1,+,0.6,157527,3765662.0,58000,0,0,64000,0,0,6000,0,0
20260629,2491,吉祥全,39.05,41.0,38.4,41.0,+,1.95,635086,25332389.0,59000,0,-1000,239000,0,0,180000,0,1000
20260629,9940,信義,19.0,19.25,18.95,19.15,+,0.2,261174,4991270.0,49000,0,8913,141000,0,9000,92000,0,87
20260629,2460,建通,35.4,36.75,35.0,35.3,-,0.7,1564948,55643335.0,55000,0,2000,484000,0,2000,429000,0,0
20260629,6789,采鈺,495.0,517.0,492.0,497.5,+,5.5,1462106,736724863.0,62694,2000,-8481,538412,3000,29337,475718,1000,37818
20260629,3380,明泰,31.9,33.4,31.55,32.7,+,1.2,2381170,77933111.0,60206,-2000,-2034,1223206,0,26094,1163000,2000,28128
20260629,4736,泰博,123.0,123.5,123.0,123.5,+,0.5,99104,12211250.0,56000,0,0,68000,0,0,12000,0,0
20260629,1437,勤益控,30.15,30.2,29.65,30.1,,0.0,140592,4231394.0,55000,0,0,79000,0,0,24000,0,0
20260629,2020,美亞,21.5,21.55,21.2,21.55,+,0.1,218419,4689021.0,54000,0,1000,81000,0,1000,27000,0,0
20260629,2908,特力,21.4,21.45,21.2,21.45,+,0.25,93539,1998114.0,51000,0,4000,70000,0,4000,19000,0,0
20260629,00730,富邦臺灣優質高息,28.35,29.5,28.35,28.94,+,0.59,209914,6076150.0,-5000,0,59925,53000,0,95634,58000,0,35709
20260629,2852,第一保,26.35,26.6,26.35,26.5,+,0.2,241036,6383695.0,59029,-4412,0,159029,0,0,100000,4412,0
20260629,2509,全坤建,13.2,13.25,13.0,13.1,-,0.1,249318,3267235.0,54040,0,0,91040,0,0,37000,0,0
20260629,1467,南緯,7.0,7.28,7.0,7.17,+,0.17,377022,2702659.0,59000,0,-5000,160000,0,0,101000,0,5000
20260629,1231,聯華食,88.0,88.2,87.7,88.1,+,1.0,276548,24331496.0,54063,-1000,788,121063,0,1000,67000,1000,212
20260629,4536,拓凱,164.5,165.5,164.0,165.5,+,1.5,114057,18804543.0,50152,0,0,83262,0,0,33110,0,0
20260629,6206,飛捷,125.0,128.0,124.0,124.5,-,1.0,511221,64298440.0,50472,2160,-3829,191302,2160,3724,140830,0,7553
20260629,3003,健和興,66.3,67.6,64.8,65.6,-,0.1,904723,59591521.0,45052,0,3575,365100,0,7000,320048,0,3425
20260629,9934,成霖,9.88,10.0,9.88,9.96,+,0.1,609303,6056062.0,48295,0,0,298295,0,0,250000,0,0
20260629,2607,榮運,48.65,49.0,48.65,48.65,+,0.2,245804,12007554.0,46000,0,2000,157000,0,2000,111000,0,0
20260629,6215,和椿,99.9,103.0,99.6,100.5,+,1.5,670554,67860530.0,43398,0,3702,275000,0,10888,231602,0,7186
20260629,6625,必應,77.3,79.2,77.3,78.9,+,1.6,162254,12756656.0,46919,0,0,61919,0,0,15000,0,0
20260629,5531,鄉林,7.91,8.0,7.91,7.95,+,0.07,255415,2031292.0,46800,0,0,171000,0,0,124200,0,0
20260629,00917,中信特選金融,22.19,22.19,22.1,22.15,-,0.05,458594,10153110.0,-13000,0,59800,7000,0,204000,20000,0,144200
20260629,2368,金像電,1190.0,1205.0,1145.0,1155.0,-,35.0,5167061,6022786860.0,1593754,-1541781,-5480,3706244,54219,116629,2112490,1596000,122109
20260629,6669,緯穎,4350.0,4705.0,4335.0,4580.0,+,300.0,1872365,8560960295.0,78438,-78614,45878,981390,16386,88375,902952,95000,42497
20260629,2506,太設,8.82,8.82,8.71,8.79,+,0.01,1013093,8902601.0,45000,0,0,54000,0,0,9000,0,0
20260629,3622,洋華,54.8,56.0,54.5,55.8,+,1.5,272777,15087993.0,-61298,104595,1355,70000,104595,1530,131298,0,175
20260629,8104,錸寶,37.0,38.0,36.7,36.8,-,0.3,664268,24668904.0,43100,0,0,238100,0,0,195000,0,0
20260629,1618,合機,39.6,40.8,39.6,40.55,+,0.95,505555,20437066.0,43000,0,0,220000,0,0,177000,0,0
20260629,2390,云辰,11.85,11.9,11.6,11.85,+,0.2,444424,5225018.0,39000,0,4000,192000,0,4000,153000,0,0
20260629,9908,大台北,29.55,29.75,29.55,29.6,+,0.05,188323,5582767.0,41000,0,1971,99000,0,2000,58000,0,29
20260629,7827,漢康-KY創,176.0,178.0,168.0,171.5,-,3.0,425216,72966075.0,40960,0,2000,174460,0,26000,133500,0,24000
20260629,2505,國揚,18.2,18.35,18.1,18.15,+,0.1,131510,2393962.0,40400,0,2000,84000,0,2000,43600,0,0
20260629,1449,佳和,14.1,14.75,14.05,14.45,+,0.45,1495698,21630375.0,36650,0,5000,429000,0,5000,392350,0,0
20260629,1590,亞德客-KY,1360.0,1420.0,1345.0,1355.0,-,5.0,1074562,1470164295.0,8364,31736,1015,959718,31736,9550,951354,0,8535
20260629,1417,嘉裕,8.31,8.5,8.31,8.45,+,0.1,126839,1067537.0,41030,0,0,49030,0,0,8000,0,0
20260629,2540,愛山林,52.9,53.5,52.8,53.0,+,0.1,353385,18764499.0,36000,0,5000,189000,0,5000,153000,0,0
20260629,2477,美隆電,21.6,21.6,20.35,20.95,-,0.4,309580,6492543.0,40000,0,1000,88000,0,1000,48000,0,0
20260629,3025,星通,66.8,68.7,66.4,67.1,,0.0,323423,21902811.0,41000,0,0,166000,0,0,125000,0,0
20260629,7821,神數,41.15,42.45,40.8,41.45,+,0.3,167757,6975268.0,42000,0,-1000,81000,0,0,39000,0,1000
20260629,2616,山隆,13.35,13.45,13.35,13.45,+,0.1,162676,2176119.0,41000,0,-121,70000,0,0,29000,0,121
20260629,1760,寶齡富錦,59.8,61.6,59.8,60.6,+,1.0,168260,10248089.0,40380,0,0,69380,0,0,29000,0,0
20260629,1720,生達,62.9,63.3,62.9,63.2,+,0.5,105007,6622237.0,39000,1000,0,59000,1000,0,20000,0,0
20260629,2359,所羅門,127.5,131.5,126.5,128.5,+,2.0,1278627,164793838.0,76380,0,-36426,485380,0,7966,409000,0,44392
20260629,6117,迎廣,72.5,73.6,71.9,72.1,+,0.4,206785,15006854.0,41990,0,-2336,101716,0,3000,59726,0,5336
20260629,3266,昇陽,13.6,13.8,13.3,13.8,+,0.2,68576,928018.0,43000,0,-4000,51000,0,1000,8000,0,5000
20260629,1725,元禎,34.6,35.8,34.6,35.2,+,0.6,223036,7881014.0,39000,0,0,90000,0,5000,51000,0,5000
20260629,6426,統新,195.0,195.0,188.0,190.0,-,3.0,584197,111544854.0,38910,0,0,294000,0,0,255090,0,0
20260629,2748,雲品,39.1,40.05,39.1,39.8,+,0.5,94194,3739486.0,38905,0,0,61000,0,0,22095,0,0
20260629,7750,新代,2010.0,2065.0,1985.0,2065.0,+,60.0,204791,414379050.0,39047,0,-189,150135,0,812,111088,0,1001
20260629,3209,全科,60.3,60.4,58.1,58.4,-,1.8,1842685,108816301.0,192442,-117838,-36331,672650,0,5000,480208,117838,41331
20260629,4155,訊映,14.4,15.05,14.4,14.8,+,0.35,177031,2621136.0,37455,0,0,73455,0,0,36000,0,0
20260629,3050,鈺德,12.35,12.45,12.15,12.15,-,0.1,835398,10202588.0,38000,0,-1000,288000,0,1000,250000,0,2000
20260629,2014,中鴻,17.5,17.6,17.35,17.4,-,0.1,2126393,37096243.0,45000,0,-8000,589000,0,4000,544000,0,12000
20260629,8411,福貞-KY,11.8,11.95,11.7,11.95,+,0.1,295685,3506322.0,36000,0,1000,61000,0,1000,25000,0,0
20260629,00908,富邦入息REITs+,15.15,15.21,15.15,15.2,+,0.13,97594,1480873.0,44000,0,-7877,45000,0,15171,1000,0,23048
20260629,2431,聯昌,10.9,11.25,10.9,11.15,+,0.15,397210,4402639.0,35000,0,1000,152000,0,1000,117000,0,0
20260629,3607,谷崧,16.2,16.6,16.1,16.15,+,0.05,409989,6709501.0,36000,0,0,193000,0,0,157000,0,0
20260629,2015,豐興,60.5,61.0,60.4,61.0,+,0.8,180765,10981373.0,40000,0,-4000,114000,0,3000,74000,0,7000
20260629,6585,鼎基,129.5,130.5,123.0,128.5,-,0.5,584166,74130275.0,36000,0,0,231000,0,0,195000,0,0
20260629,2617,台航,29.15,29.45,29.15,29.45,+,0.3,398236,11669993.0,34000,0,1990,190000,0,2000,156000,0,10
20260629,1517,利奇,10.3,10.75,10.3,10.5,+,0.25,517420,5452146.0,41000,0,-5289,122000,0,2000,81000,0,7289
20260629,8478,東哥遊艇,148.0,155.0,147.0,152.5,+,6.0,361758,55106898.0,36109,0,-1000,133119,0,0,97010,0,1000
20260629,4555,氣立,46.5,48.45,45.75,47.1,+,1.35,340912,16122620.0,35000,0,96,153000,0,1000,118000,0,904
20260629,8438,昶昕,94.8,97.8,94.1,95.8,+,3.1,620789,59519490.0,37063,0,-2000,251063,0,0,214000,0,2000
20260629,3052,夆典,10.65,10.7,10.6,10.6,+,0.05,116655,1241410.0,35000,0,0,47000,0,0,12000,0,0
20260629,2022,聚亨,7.59,7.67,7.59,7.64,+,0.05,287969,2196513.0,35000,0,0,91000,0,0,56000,0,0
20260629,1806,冠軍,8.08,8.14,8.07,8.1,+,0.04,119959,971563.0,33000,0,2000,41000,0,2000,8000,0,0
20260629,4169,泰宗,193.0,209.5,193.0,209.0,+,17.0,549884,112647853.0,48000,0,-13599,124000,0,401,76000,0,14000
20260629,3167,大量,774.0,785.0,774.0,774.0,+,9.0,357349,277930995.0,64080,-30000,0,157100,0,2000,93020,30000,2000
20260629,2608,嘉里大榮,28.9,29.0,28.7,28.7,-,0.05,119977,3453233.0,33000,0,1000,63000,0,6000,30000,0,5000
20260629,00728,第一金工業30,63.15,64.25,63.0,63.15,+,0.5,153651,9738864.0,-1000,0,34860,52000,0,79961,53000,0,45101
20260629,1527,鑽全,33.7,33.7,33.25,33.35,+,0.15,95586,3188914.0,32000,0,0,61000,0,0,29000,0,0
20260629,3058,立德,9.05,9.18,9.05,9.15,+,0.1,485588,4428263.0,31000,0,1000,207000,0,1000,176000,0,0
20260629,3055,蔚華科,96.0,105.5,93.6,105.5,+,9.5,2857928,295789337.0,-11997,0,42889,326003,0,74297,338000,0,31408
20260629,6937,天虹,252.5,275.0,252.5,258.0,+,8.0,532481,140527095.0,91000,-70000,9624,225000,0,26623,134000,70000,16999
20260629,6768,志強-KY,77.6,79.1,75.5,76.0,-,1.3,509634,39228292.0,27234,0,3187,150234,0,7000,123000,0,3813
20260629,2524,京城,35.3,35.95,35.25,35.3,+,0.1,88594,3139348.0,27530,0,2000,65130,0,2000,37600,0,0
20260629,2706,第一店,12.35,12.5,12.35,12.45,+,0.05,99678,1238006.0,29000,0,0,36000,0,0,7000,0,0
20260629,00717,富邦美國特別股,14.78,14.78,14.73,14.77,-,0.01,57078,841842.0,8000,0,21000,8000,0,23000,0,0,2000
20260629,9946,三發地產,19.55,19.55,19.05,19.25,-,0.3,754975,14529674.0,29000,0,0,140000,0,0,111000,0,0
20260629,00944,野村趨勢動能高息,21.55,21.94,21.55,21.76,+,0.22,1926978,41949218.0,-217000,0,245726,296000,0,1600870,513000,0,1355144
20260629,6861,睿生光電,303.0,321.0,299.0,319.5,+,16.5,544387,170673442.0,40436,0,-11861,236436,0,6365,196000,0,18226
20260629,9935,慶豐富,18.9,19.2,18.9,19.15,+,0.25,110516,2108522.0,28200,0,0,42200,0,0,14000,0,0
20260629,6796,晉弘,56.5,56.9,55.6,55.7,-,0.8,74025,4143714.0,28000,0,0,38000,0,0,10000,0,0
20260629,6657,華安,34.9,36.1,34.9,36.1,+,1.2,77022,2761018.0,28000,0,0,36000,0,0,8000,0,0
20260629,2397,友通,58.2,58.5,57.5,57.6,+,0.4,339558,19685743.0,28000,0,0,131000,0,0,103000,0,0
20260629,1727,中華化,89.0,92.0,87.5,88.0,,0.0,2925687,261447027.0,29255,0,-1960,929103,0,41231,899848,0,43191
20260629,5306,桂盟,85.3,87.1,85.2,85.7,,0.0,87402,7508122.0,29000,0,-2000,46000,0,0,17000,0,2000
20260629,7610,聯友金屬-創,2220.0,2220.0,2050.0,2100.0,+,75.0,196749,418190125.0,26705,0,0,49305,0,0,22600,0,0
20260629,2514,龍邦,13.05,13.05,12.9,12.9,,0.0,142871,1848956.0,26000,0,336,47000,0,3000,21000,0,2664
20260629,2613,中櫃,21.1,21.9,21.1,21.6,+,0.5,168401,3635675.0,26000,0,0,75000,0,0,49000,0,0
20260629,2701,萬企,10.5,10.6,10.45,10.6,+,0.15,72176,760352.0,26000,0,0,29000,0,0,3000,0,0
20260629,4771,望隼,188.5,191.5,188.5,191.0,+,3.5,127585,24308436.0,26000,0,0,41000,0,0,15000,0,0
20260629,1474,弘裕,10.1,10.2,10.05,10.15,+,0.05,110125,1110765.0,26000,0,0,31000,0,0,5000,0,0
20260629,6558,興能高,28.1,28.7,27.95,28.1,+,0.2,221473,6265756.0,25000,0,0,105000,0,0,80000,0,0
20260629,1457,宜進,14.05,14.25,14.05,14.25,+,0.2,83611,1184011.0,25000,0,0,39000,0,0,14000,0,0
20260629,4108,懷特,11.9,12.05,11.8,12.0,+,0.1,179071,2142188.0,28000,0,-3000,38000,0,0,10000,0,3000
20260629,1524,耿鼎,28.8,29.0,28.5,28.6,,0.0,271882,7806381.0,26000,0,-2000,80000,0,0,54000,0,2000
20260629,9911,櫻花,83.6,83.6,83.1,83.6,+,1.0,203166,16941094.0,29837,0,-6000,140837,1000,0,111000,1000,6000
20260629,1540,喬福,21.3,21.65,21.25,21.45,+,0.2,120234,2581452.0,23000,0,0,60000,0,0,37000,0,0
20260629,1735,日勝化,21.65,22.35,21.65,21.95,+,0.55,173565,3829415.0,25000,0,-2973,89000,0,1003,64000,0,3976
20260629,2243,宏旭-KY,50.1,56.6,50.1,53.2,+,0.2,322983,17195789.0,20000,0,2000,39000,0,2000,19000,0,0
20260629,3040,遠見,37.1,38.0,37.0,37.65,+,0.15,113895,4276990.0,22000,0,0,39000,0,0,17000,0,0
20260629,8499,鼎炫-KY,301.5,312.5,296.0,309.0,+,9.0,102084,31369167.0,23000,0,-1006,77000,0,256,54000,0,1262
20260629,2723,美食-KY,68.1,69.5,67.6,68.1,-,0.1,316273,21620139.0,21834,0,0,187000,0,0,165166,0,0
20260629,3047,訊舟,14.9,15.3,14.7,14.95,+,0.05,917856,13779177.0,20389,0,1375,367389,0,2000,347000,0,625
20260629,2383,台光電,5255.0,5450.0,5255.0,5450.0,+,195.0,953667,5119692240.0,72513,-30576,-20368,746089,3174,2341,673576,33750,22709
20260629,3437,榮創,21.05,21.55,20.8,20.95,-,0.1,748565,15803315.0,22000,0,-1000,371000,0,0,349000,0,1000
20260629,2115,六暉-KY,20.4,20.75,20.4,20.5,+,0.1,63040,1298121.0,23000,0,-2000,29000,0,0,6000,0,2000
20260629,2030,彰源,18.6,18.9,18.35,18.4,-,0.35,1118997,20722047.0,19779,0,1000,376262,0,1000,356483,0,0
20260629,3708,上緯投控,108.0,110.5,107.0,107.0,-,1.5,442362,47846186.0,24396,0,-3636,187000,0,2000,162604,0,5636
20260629,6854,錼創科技-KY創,122.0,126.0,122.0,125.0,+,4.0,263983,32666375.0,23000,0,-2797,79000,0,15000,56000,0,17797
20260629,1762,中化生,36.5,37.35,36.35,37.05,+,0.8,228191,8425986.0,20141,0,-1,103141,0,0,83000,0,1
20260629,2012,春雨,15.5,16.8,15.5,16.65,+,1.35,755808,12521738.0,22000,0,-1918,96000,0,4082,74000,0,6000
20260629,2028,威致,16.0,16.5,15.9,16.2,+,0.2,157339,2543964.0,20000,0,0,82000,0,0,62000,0,0
20260629,5533,皇鼎,13.9,14.0,13.9,14.0,+,0.1,175348,2445511.0,20000,0,0,28000,0,0,8000,0,0
20260629,4440,宜新實業,17.05,17.25,17.0,17.1,+,0.05,48060,821370.0,20000,0,0,27000,0,0,7000,0,0
20260629,9905,大華,21.2,21.35,21.15,21.25,+,0.15,244254,5189723.0,20000,0,0,52000,0,0,32000,0,0
20260629,9937,全國,55.2,55.4,55.2,55.4,+,0.2,30819,1704224.0,17000,0,2947,22000,0,4000,5000,0,1053
20260629,6916,華凌,19.6,21.0,19.5,20.05,+,0.45,98238,2000277.0,20000,0,-193,45000,0,5000,25000,0,5193
20260629,8374,羅昇,83.5,86.9,83.0,83.2,-,0.8,310426,26279887.0,21000,0,-1609,118000,0,1325,97000,0,2934
20260629,9925,新保,40.45,40.65,40.45,40.55,+,0.1,177004,7177223.0,18220,0,1000,67220,0,1000,49000,0,0
20260629,6689,伊雲谷,63.2,64.7,62.7,63.0,-,0.3,125499,7953878.0,19000,0,38,58000,0,2000,39000,0,1962
20260629,4195,基米-創,15.2,15.45,15.1,15.4,+,0.2,70330,1073139.0,29000,0,-10000,34000,0,0,5000,0,10000
20260629,4137,麗豐-KY,109.0,110.5,109.0,110.5,+,2.5,187463,20597763.0,19000,0,-2,58000,0,0,39000,0,2
20260629,2236,百達-KY,142.5,150.0,141.5,147.0,+,5.5,864193,126190671.0,18193,0,0,249193,0,0,231000,0,0
20260629,9955,佳龍,26.7,26.8,26.2,26.45,+,0.3,108439,2881626.0,18060,0,0,59060,0,0,41000,0,0
20260629,00714,群益道瓊美國地產,22.18,22.35,22.18,22.3,+,0.2,23390,521387.0,7507,0,10505,7507,0,11475,0,0,970
20260629,3557,嘉威,24.6,25.35,24.6,25.3,,0.0,70850,1777268.0,18000,0,0,32000,0,0,14000,0,0
20260629,1539,巨庭,15.5,15.6,15.4,15.45,-,0.05,33318,515978.0,17000,0,1000,19000,0,1000,2000,0,0
20260629,1598,岱宇,19.4,19.65,19.25,19.35,+,0.15,191733,3735671.0,17460,0,505,95460,0,1000,78000,0,495
20260629,3338,泰碩,70.3,70.5,67.6,68.4,-,0.6,723840,50067942.0,17882,0,-205,287000,0,2000,269118,0,2205
20260629,00657,國泰日經225,80.65,80.65,80.4,80.4,-,0.3,29208,2351557.0,118,0,17265,118,0,22036,0,0,4771
20260629,1709,和益,21.1,21.4,21.1,21.3,+,0.25,704484,14968378.0,17351,0,0,252351,0,0,235000,0,0
20260629,6142,友勁,9.29,9.39,9.13,9.2,+,0.13,367814,3404764.0,17000,0,0,136000,0,0,119000,0,0
20260629,6958,日盛台駿,16.5,16.65,16.25,16.3,-,0.1,60583,993350.0,17000,0,0,22000,0,0,5000,0,0
20260629,7711,永擎,320.5,329.0,319.5,324.0,+,3.5,194551,62997995.0,17105,0,-250,81130,0,134,64025,0,384
20260629,3015,全漢,59.9,60.7,58.5,58.7,-,1.0,645793,38298677.0,-24686,37255,4263,213314,37255,6000,238000,0,1737
20260629,00901,永豐智能車供應鏈,45.2,46.15,45.2,45.85,+,0.65,395931,18093009.0,149000,0,-132218,171000,0,197277,22000,0,329495
20260629,1558,伸興,91.0,91.0,90.1,90.4,+,0.4,48513,4386443.0,16000,-455,749,23000,0,749,7000,455,0
20260629,1805,寶徠,10.3,10.4,10.25,10.35,+,0.05,62581,645402.0,16000,0,0,22000,0,0,6000,0,0
20260629,00736,國泰新興市場,30.72,31.09,30.72,30.95,+,0.15,194922,6032040.0,105000,0,-89000,105000,0,81000,0,0,170000
20260629,1786,科妍,52.8,55.7,52.8,55.5,+,2.9,392059,21228603.0,24500,0,-8802,133000,0,2679,108500,0,11481
20260629,00731,復華富時高息低波,89.0,89.65,88.25,88.25,-,0.3,706670,62733692.0,55000,0,-39374,59000,0,628615,4000,0,667989
20260629,4438,廣越,59.9,59.9,58.7,59.3,+,0.9,42023,2479498.0,15000,0,189,24000,0,189,9000,0,0
20260629,2516,新建,13.7,13.8,13.65,13.75,+,0.05,111151,1526284.0,15000,0,0,31000,0,0,16000,0,0
20260629,2722,夏都,22.95,23.3,22.95,23.0,+,0.05,46552,1071560.0,14000,0,1000,21000,0,1000,7000,0,0
20260629,1337,再生-KY,4.83,4.91,4.83,4.86,+,0.03,101948,495804.0,15000,0,0,43000,0,0,28000,0,0
20260629,3443,創意,4425.0,4520.0,4355.0,4420.0,,0.0,947448,4191250805.0,-22750,20177,17467,456372,20177,41502,479122,0,24035
20260629,3045,台灣大,119.5,120.0,118.0,118.0,-,0.5,13774394,1634258181.0,-5363107,5207862,169795,4582957,5240862,180651,9946064,33000,10856
20260629,3652,精聯,39.55,39.55,37.6,38.4,-,1.15,736863,28520171.0,13000,0,1000,312000,0,1000,299000,0,0
20260629,1410,南染,24.85,25.8,24.4,25.5,+,0.65,130124,3232947.0,14000,0,0,29000,0,0,15000,0,0
20260629,1623,大東電,211.0,215.0,211.0,212.0,+,1.5,86119,18266208.0,23000,0,-9000,26000,0,0,3000,0,9000
20260629,4737,華廣,57.2,57.8,56.3,57.2,+,0.2,65872,3762820.0,14000,0,-6,36000,0,0,22000,0,6
20260629,6951,青新-創,77.7,77.9,76.6,76.6,-,0.4,57265,4419044.0,15000,0,-1045,18000,0,1000,3000,0,2045
20260629,6933,AMAX-KY,139.0,142.0,137.5,139.0,+,1.5,79005,11052706.0,14991,0,-1372,38000,0,0,23009,0,1372
20260629,6277,宏正,69.9,70.4,68.5,68.7,-,0.2,84130,5820078.0,13000,0,366,32000,0,7000,19000,0,6634
20260629,3010,華立,123.0,125.5,123.0,123.5,+,1.5,1770543,219282434.0,912000,-909285,10627,1447000,13715,11861,535000,923000,1234
20260629,4770,上品,210.0,212.5,209.0,211.5,+,1.5,149371,31473785.0,13300,0,-226,64300,0,1000,51000,0,1226
20260629,2102,泰豐,18.0,18.1,17.8,17.9,,0.0,237770,4267759.0,13020,0,0,101020,0,0,88000,0,0
20260629,2025,千興,12.9,13.3,12.75,13.05,+,0.15,400547,5203076.0,21000,0,-8000,152000,0,0,131000,0,8000
20260629,1452,宏益,10.8,10.95,10.8,10.95,+,0.15,53354,579509.0,13000,0,0,13000,0,0,0,0,0
20260629,4564,元翎,15.45,16.3,15.45,15.7,+,0.3,473188,7475111.0,13000,0,-18,141000,0,2000,128000,0,2018
20260629,00636,國泰中國A50,28.5,28.68,28.2,28.46,-,0.1,738300,20933777.0,248000,0,-235039,258000,0,363505,10000,0,598544
20260629,2228,劍麟,85.3,86.4,84.6,85.8,+,1.7,107006,9155614.0,7000,0,5739,60000,0,6000,53000,0,261
20260629,2534,宏盛,16.5,17.1,16.45,16.65,+,0.05,1405501,23320361.0,7251,0,4991,400000,0,5000,392749,0,9
20260629,2069,運錩,18.3,18.5,18.25,18.4,+,0.15,176237,3232372.0,12000,0,0,48000,0,0,36000,0,0
20260629,1732,毛寶,26.1,26.4,26.05,26.3,+,0.3,73078,1917291.0,12000,0,0,19000,0,0,7000,0,0
20260629,3043,科風,21.65,22.0,21.4,21.85,+,0.35,78543,1706459.0,11998,0,0,26000,0,0,14002,0,0
20260629,6691,洋基工程,811.0,834.0,795.0,795.0,+,2.0,2340221,1907647037.0,-460472,470000,2449,819395,470000,33006,1279867,0,30557
20260629,4764,雙鍵,285.0,294.0,279.0,282.5,+,7.0,416120,119055842.0,63911,0,-51958,121911,0,6000,58000,0,57958
20260629,0061,元大寶滬深,25.28,25.49,25.16,25.25,-,0.02,457088,11552687.0,402000,-158000,-232347,407000,0,0,5000,158000,232347
20260629,1109,信大,14.7,14.7,14.5,14.55,-,0.05,143332,2095458.0,12000,0,-379,26000,0,0,14000,0,379
20260629,2373,震旦行,58.8,58.8,58.1,58.1,,0.0,23906,1392749.0,11000,0,0,14000,0,0,3000,0,0
20260629,6281,全國電,50.7,51.3,50.7,51.3,+,0.5,41977,2141155.0,11000,0,0,26000,0,0,15000,0,0
20260629,2545,皇翔,37.75,38.25,37.75,38.1,+,0.4,171558,6542141.0,8664,0,1994,59000,0,2000,50336,0,6
20260629,1203,味王,43.05,43.1,42.8,43.1,+,0.6,17511,752425.0,10000,0,89,15000,0,89,5000,0,0
20260629,1456,怡華,14.6,14.6,14.05,14.25,-,0.05,136302,1936078.0,10000,0,0,27000,0,2000,17000,0,2000
20260629,2910,統領,22.9,23.6,22.6,23.0,+,0.1,15000,345700.0,10000,0,0,10000,0,0,0,0,0
20260629,6794,向榮生技,77.5,79.9,77.5,79.0,+,0.8,39805,3134702.0,10000,0,0,15000,0,0,5000,0,0
20260629,2059,川湖,7080.0,7275.0,6920.0,7110.0,+,120.0,248723,1768028485.0,5943,8389,-4949,148340,8389,5427,142397,0,10376
20260629,00703,台新MSCI中國,18.51,18.51,17.93,18.0,+,0.51,49984,900153.0,0,0,9159,0,0,35267,0,0,26108
20260629,4912,聯德控股-KY,83.9,85.0,83.6,84.9,+,1.2,203500,17140822.0,9000,0,0,83000,0,0,74000,0,0
20260629,5007,三星,55.6,55.9,55.5,55.7,+,0.1,17303,964368.0,9000,0,0,14000,0,0,5000,0,0
20260629,1453,大將,11.25,11.3,11.0,11.1,-,0.15,109866,1221102.0,9000,0,0,11000,0,0,2000,0,0
20260629,1321,大洋,30.9,31.0,30.7,31.0,+,0.3,60001,1849380.0,8000,0,1000,29000,0,1000,21000,0,0
20260629,6957,裕慶-KY,185.5,190.5,185.5,190.0,+,4.0,62685,11845681.0,8000,0,425,21000,0,425,13000,0,0
20260629,2536,宏普,21.05,21.4,21.05,21.2,+,0.2,371633,7884643.0,9100,0,-1000,76100,0,0,67000,0,1000
20260629,1473,台南,19.9,20.0,19.75,19.75,-,0.1,93704,1861006.0,8020,0,0,27020,0,0,19000,0,0
20260629,1459,聯發,11.55,11.7,11.55,11.65,+,0.15,93064,1080271.0,8000,0,0,30000,0,0,22000,0,0
20260629,4942,嘉彰,37.8,37.9,37.35,37.4,+,0.1,25152,943499.0,8000,0,0,14000,0,0,6000,0,0
20260629,5525,順天,21.55,21.7,21.4,21.4,-,0.2,105595,2277711.0,0,0,8000,14000,0,8000,14000,0,0
20260629,6885,全福生技,20.8,21.3,20.75,21.1,+,0.3,162184,3416770.0,8000,0,0,62000,0,0,54000,0,0
20260629,2459,敦吉,63.6,64.1,63.5,63.5,+,0.2,42285,2693682.0,7000,0,0,16000,0,0,9000,0,0
20260629,1521,大億,25.35,26.0,25.35,25.95,+,0.05,82332,2132527.0,9000,0,-2000,18000,0,1000,9000,0,3000
20260629,4557,永新-KY,46.9,47.7,46.9,47.65,+,0.85,30892,1465295.0,6493,0,0,15000,0,0,8507,0,0
20260629,6914,阜爾運通,143.0,144.0,143.0,143.0,+,0.5,82429,11818596.0,6090,0,0,20090,0,0,14000,0,0
20260629,7791,皇家可口,61.3,62.4,61.2,62.4,+,1.2,37124,2294920.0,7060,0,-1000,16060,0,0,9000,0,1000
20260629,6931,青松健康,39.9,40.45,39.65,39.9,-,0.1,35200,1405366.0,6000,0,0,11000,0,0,5000,0,0
20260629,8466,美吉吉-KY,16.0,16.6,15.9,16.15,+,0.15,35231,569383.0,6000,0,0,13000,0,1000,7000,0,1000
20260629,9930,中聯資源,66.6,66.6,66.3,66.5,+,0.2,48021,3191657.0,4000,0,2000,16000,0,2000,12000,0,0
20260629,1235,興泰,36.5,36.7,36.2,36.5,+,0.35,15526,565677.0,7000,0,-1000,11000,0,0,4000,0,1000
20260629,1752,南光,32.6,32.85,32.6,32.85,+,0.25,34686,1135777.0,6000,0,0,10000,0,0,4000,0,0
20260629,1783,和康生,38.5,38.95,38.5,38.8,+,0.7,89317,3464557.0,6000,0,0,13000,0,0,7000,0,0
20260629,2227,裕日車,49.5,49.5,48.8,48.8,+,0.05,24961,1223965.0,6000,0,0,15000,0,0,9000,0,0
20260629,6196,帆宣,538.0,555.0,528.0,532.0,+,1.0,2144433,1159302537.0,-13425,16000,3285,792725,17000,36736,806150,1000,33451
20260629,1537,廣隆,125.0,126.0,125.0,125.0,,0.0,34394,4314388.0,5809,0,0,9000,0,0,3191,0,0
20260629,3530,晶相光,67.7,71.8,67.7,68.2,+,0.6,303830,21138323.0,5050,0,0,127050,0,0,122000,0,0
20260629,3686,達能,17.45,17.5,16.5,16.6,-,0.1,202754,3428460.0,5000,0,0,79000,0,2000,74000,0,2000
20260629,2433,互盛電,44.6,44.6,44.3,44.55,+,0.3,37155,1651679.0,5000,0,0,22000,0,0,17000,0,0
20260629,1512,瑞利,6.79,6.87,6.7,6.71,-,0.06,155848,1048870.0,5000,0,0,13000,0,0,8000,0,0
20260629,1454,台富,12.65,12.75,12.65,12.75,,0.0,26628,338309.0,5000,0,0,6000,0,0,1000,0,0
20260629,1438,三地開發,22.8,23.3,22.4,22.9,+,0.1,112258,2558679.0,5000,0,0,25000,0,0,20000,0,0
20260629,1435,中福,22.65,24.9,22.0,24.9,+,2.25,139385,3318705.0,5000,0,0,7000,0,0,2000,0,0
20260629,2008,高興昌,30.55,30.55,30.0,30.55,+,0.5,20003,604940.0,6000,0,-1000,15000,0,0,9000,0,1000
20260629,6464,台數科,78.0,78.0,77.6,78.0,+,0.2,41200,3204211.0,5000,0,0,9000,0,1000,4000,0,1000
20260629,8487,愛爾達-創,77.7,78.2,77.6,77.6,-,0.1,30286,2356017.0,5000,0,0,10000,0,0,5000,0,0
20260629,9944,新麗,17.5,17.7,17.5,17.55,+,0.05,43824,768984.0,5000,0,0,7000,0,0,2000,0,0
20260629,6230,尼得科超眾,123.0,125.0,121.0,121.0,-,1.0,40550,4966184.0,5059,0,-61,19059,0,53,14000,0,114
20260629,00972,野村日本動能高息,19.31,19.32,19.2,19.22,+,0.03,195076,3764601.0,-49000,0,53873,1000,0,160897,50000,0,107024
20260629,4585,達明,296.0,302.0,295.5,296.5,+,1.0,154272,45979424.0,6000,0,-1178,47000,0,0,41000,0,1178
20260629,3416,融程電,165.5,169.0,164.5,166.5,+,3.0,352891,58761104.0,7112,0,-3080,127112,0,100,120000,0,3180
20260629,4133,亞諾法,20.3,20.7,20.3,20.7,+,0.45,121621,2508352.0,4000,0,0,27000,0,0,23000,0,0
20260629,5484,慧友,45.1,46.9,43.8,45.6,+,1.7,525847,23998656.0,5000,0,-1000,156000,0,0,151000,0,1000
20260629,2762,世界健身-KY,80.6,82.3,80.6,81.7,+,0.9,172443,14055597.0,4000,0,0,88000,0,0,84000,0,0
20260629,1416,廣豐,10.8,10.9,10.75,10.75,-,0.05,146152,1575709.0,4000,0,0,15000,0,0,11000,0,0
20260629,1468,昶和,11.8,11.9,11.65,11.85,,0.0,51001,602162.0,4000,0,0,7000,0,0,3000,0,0
20260629,1525,江申,63.7,63.7,62.3,62.4,-,0.2,28450,1793833.0,4000,0,0,10000,0,6000,6000,0,6000
20260629,1541,錩泰,21.8,22.25,21.2,21.45,,0.0,28857,621506.0,3000,0,1000,9000,0,1000,6000,0,0
20260629,6614,資拓宏宇,39.85,40.0,39.65,39.65,,0.0,40350,1608650.0,9000,0,-5000,15000,0,0,6000,0,5000
20260629,6128,上福,20.2,20.5,20.2,20.4,+,0.4,34852,708253.0,4000,0,-1,14000,0,0,10000,0,1
20260629,1903,士紙,46.5,46.95,46.35,46.95,+,0.5,275331,12814484.0,3930,0,0,47010,0,2000,43080,0,2000
20260629,2330,台積電,2330.0,2395.0,2330.0,2370.0,+,30.0,38133782,90337385683.0,-1912490,919216,996850,26335534,1287446,1353401,28248024,368230,356551
20260629,6949,沛爾生醫-創,861.0,888.0,847.0,856.0,-,6.0,139411,119867667.0,3021,0,440,62021,0,6111,59000,0,5671
20260629,2247,汎德永業,232.5,233.0,230.5,233.0,+,2.0,31535,7319808.0,1090,0,2000,15090,0,2000,14000,0,0
20260629,7769,鴻勁,6400.0,6580.0,6230.0,6395.0,-,105.0,662739,4222632635.0,432,833,1796,368088,5033,24489,367656,4200,22693
20260629,6988,威力暘-創,13.3,13.3,13.3,13.3,-,0.05,16008,212908.0,0,0,3000,0,0,3000,0,0,0
20260629,6504,南六,35.55,35.85,35.55,35.75,-,0.25,18491,659097.0,3000,0,0,6000,0,0,3000,0,0
20260629,8463,潤泰材,21.6,21.6,21.25,21.25,+,0.1,42137,897972.0,3000,0,0,23000,0,0,20000,0,0
20260629,1906,寶隆,11.1,11.2,11.05,11.2,+,0.1,39810,442399.0,3000,0,0,16000,0,0,13000,0,0
20260629,2024,志聯,14.1,14.2,14.1,14.2,+,0.4,11030,156304.0,3000,0,0,3000,0,0,0,0,0
20260629,1583,程泰,48.75,49.8,48.75,49.45,+,0.4,13780,677975.0,4000,0,-1000,8000,0,0,4000,0,1000
20260629,1475,業旺,27.25,27.25,27.15,27.2,-,0.1,7016,190800.0,3000,0,0,5000,0,0,2000,0,0
20260629,1441,大東,9.03,9.05,9.03,9.03,,0.0,43696,394848.0,3000,0,0,3000,0,0,0,0,0
20260629,1443,立益物流,25.95,26.05,25.8,25.95,+,0.3,6008,155953.0,3000,0,0,6000,0,0,3000,0,0
20260629,1323,永裕,19.65,19.7,19.45,19.7,+,0.3,17275,338230.0,3000,0,0,7000,0,0,4000,0,0
20260629,3150,鈺寶-創,18.8,19.0,18.7,19.0,+,0.2,39005,732090.0,1000,0,2000,8000,0,3000,7000,0,1000
20260629,2945,三商家購,42.9,42.9,41.2,41.75,-,1.25,33127,1393039.0,3000,0,0,11000,0,0,8000,0,0
20260629,5244,弘凱,35.7,37.2,35.7,35.95,-,0.15,101353,3668788.0,3000,0,0,33000,0,0,30000,0,0
20260629,1726,永記,78.4,78.5,78.0,78.2,-,0.2,20410,1596711.0,2936,0,0,9000,0,0,6064,0,0
20260629,5292,華懋,210.0,212.5,208.0,212.0,+,4.0,82404,17359916.0,-12000,0,14863,28000,0,14863,40000,0,0
20260629,3535,晶彩科,113.5,118.0,111.5,112.0,,0.0,1361073,155075690.0,2908,0,-480,351908,0,6000,349000,0,6480
20260629,2702,華園,12.4,12.5,12.3,12.3,-,0.05,38374,474685.0,2020,0,0,6020,0,0,4000,0,0
20260629,2939,永邑-KY,19.1,19.35,18.7,19.15,+,0.05,17002,324990.0,2000,0,0,7000,0,0,5000,0,0
20260629,2901,欣欣,23.5,24.05,23.3,23.85,+,0.2,9734,230808.0,2000,0,0,4000,0,0,2000,0,0
20260629,00660,元大歐洲50,45.56,45.62,45.33,45.62,+,0.06,8168,371466.0,0,0,2000,0,0,2000,0,0,0
20260629,3593,力銘,15.5,15.7,14.95,15.7,-,0.1,35522,538797.0,2000,0,0,4000,0,0,2000,0,0
20260629,4552,力達-KY,20.4,20.4,19.7,20.0,-,0.15,85825,1715742.0,3000,0,-1000,24000,0,1000,21000,0,2000
20260629,1413,宏洲,9.31,9.4,9.31,9.37,+,0.06,24216,226446.0,2000,0,0,4000,0,0,2000,0,0
20260629,2109,華豐,14.55,14.55,14.5,14.5,,0.0,42891,623365.0,2000,0,0,14000,0,0,12000,0,0
20260629,8443,阿瘦,11.3,11.45,11.25,11.45,-,0.05,43356,490272.0,2000,0,0,4000,0,0,2000,0,0
20260629,9929,秋雨,11.2,11.2,10.75,11.05,,0.0,14166,154917.0,3000,0,-1000,5000,0,0,2000,0,1000
20260629,9926,新海,49.45,49.85,49.2,49.4,+,0.3,11408,563442.0,2000,0,0,8000,0,0,6000,0,0
20260629,6581,鋼聯,106.5,107.0,106.0,106.0,,0.0,7567,805102.0,2000,0,0,3000,0,0,1000,0,0
20260629,7705,三商餐飲,31.6,31.6,31.55,31.6,+,0.05,19878,628118.0,2000,0,0,3000,0,0,1000,0,0
20260629,6965,中傑-KY,79.3,79.3,77.7,78.2,-,0.4,10162,795349.0,2000,0,0,10000,0,0,8000,0,0
20260629,6936,永鴻生技,32.8,32.8,32.35,32.35,+,0.1,15300,496099.0,2000,0,0,3000,0,0,1000,0,0
20260629,8442,威宏-KY,41.1,41.2,40.3,40.95,+,0.45,26265,1073417.0,756,0,1000,8000,0,1000,7244,0,0
20260629,7818,溢泰實業,62.9,63.0,62.1,63.0,+,0.1,183066,11493061.0,1061,0,0,14061,0,0,13000,0,0
20260629,4572,駐龍,143.0,146.5,143.0,143.0,,0.0,27659,4007661.0,1050,0,0,8050,0,0,7000,0,0
20260629,2704,國賓,44.0,44.6,44.0,44.3,+,0.3,41836,1850571.0,1016,0,0,33016,0,0,32000,0,0
20260629,4190,佐登-KY,24.05,24.1,23.85,24.0,-,0.05,74275,1781853.0,1001,0,0,8001,0,0,7000,0,0
20260629,2380,虹光,23.85,23.85,21.5,21.5,,0.0,249691,5522063.0,1000,0,0,1000,0,0,0,0,0
20260629,00771,元大US高息特別股,15.71,15.71,15.7,15.7,-,0.01,11300,177136.0,0,0,1000,0,0,1000,0,0,0
20260629,2007,燁興,7.08,7.22,7.08,7.16,+,0.1,199185,1423507.0,1000,0,0,49000,0,0,48000,0,0
20260629,1341,富林-KY,57.8,58.0,57.0,57.0,-,0.5,4012,230958.0,1000,0,0,2000,0,0,1000,0,0
20260629,1233,天仁,28.4,28.4,28.3,28.3,+,0.1,10166,288378.0,1000,0,0,4000,0,0,3000,0,0
20260629,1220,台榮,11.45,11.55,11.45,11.5,+,0.05,34676,399612.0,1000,0,0,7000,0,0,6000,0,0
20260629,7732,金興精密,35.8,35.8,35.2,35.8,+,0.05,11000,391900.0,1000,0,0,4000,0,0,3000,0,0
20260629,8481,政伸,41.35,41.6,41.2,41.6,+,0.25,8001,331341.0,1000,0,0,1000,0,0,0,0,0
20260629,8482,商億-KY,50.0,50.0,49.6,49.95,,0.0,3200,159650.0,1000,0,0,2000,0,0,1000,0,0
20260629,8488,吉源-KY,10.2,10.2,10.05,10.05,+,0.05,4000,40550.0,1000,0,0,3000,0,0,2000,0,0
20260629,1536,和大,47.6,48.2,47.1,47.6,+,0.5,879212,41935866.0,7000,0,-6001,339000,0,10377,332000,0,16378
20260629,4755,三福化,135.5,136.5,133.0,135.0,+,2.0,119501,16161684.0,946,0,-10,51000,0,0,50054,0,10
20260629,6863,永道-KY,90.4,91.9,90.1,90.4,+,0.2,92519,8407947.0,1000,0,-111,49000,0,1000,48000,0,1111
20260629,7823,奧義賽博-KY創,81.5,81.5,78.5,78.7,-,0.3,30885,2444630.0,1000,0,-149,1000,0,0,0,0,149
20260629,2474,可成,202.0,207.5,201.0,203.0,+,3.0,5483461,1121710681.0,-1134345,1124086,10784,1660711,1664918,45925,2795056,540832,35141
20260629,3149,正達,98.0,101.0,92.7,92.7,-,5.1,19314301,1857671225.0,-811,0,988,5411189,0,41000,5412000,0,40012
20260629,7730,暉盛-創,178.5,181.5,178.0,179.0,+,5.5,40308,7242137.0,3090,0,-3000,14090,0,10000,11000,0,13000
20260629,0057,富邦摩台,307.9,310.0,307.9,309.4,+,3.8,6789,2098084.0,1,0,41,1,0,2041,0,0,2000
20260629,1418,東華,18.0,18.0,17.85,17.85,+,0.05,2973,52773.0,0,0,0,2000,0,0,2000,0,0
20260629,1470,大統新創,22.25,22.25,21.7,21.7,-,0.15,2000,43950.0,0,0,0,1000,0,0,1000,0,0
20260629,1451,年興,16.95,17.05,16.9,17.0,+,0.15,97602,1657117.0,0,0,0,15000,0,0,15000,0,0
20260629,2114,鑫永銓,88.5,89.0,88.0,88.1,-,0.4,69516,6146385.0,0,0,0,28000,0,3000,28000,0,3000
20260629,2254,巨鎧精密-創,59.3,59.5,59.3,59.5,+,0.2,2000,118800.0,1000,0,-1000,2000,0,0,1000,0,1000
20260629,6887,寶綠特-KY,35.65,36.05,35.6,36.05,+,0.75,19228,685882.0,0,0,0,2000,0,0,2000,0,0
20260629,7736,虎山,72.0,72.0,70.9,70.9,+,0.1,10004,712184.0,0,0,0,4000,0,0,4000,0,0
20260629,6272,驊陞,31.35,31.35,30.6,30.6,-,0.05,103204,3186252.0,0,0,0,29000,0,0,29000,0,0
20260629,6655,科定,121.0,122.5,121.0,122.5,+,1.5,3005,366112.0,0,0,0,2000,0,0,2000,0,0
20260629,8467,波力-KY,120.0,120.0,117.0,117.5,-,1.5,9218,1089512.0,0,0,0,5000,0,0,5000,0,0
20260629,6799,來頡,98.0,99.0,96.0,96.7,-,0.5,356884,34750862.0,18000,0,-18074,151000,0,1029,133000,0,19103
20260629,7786,東方風能,126.0,126.0,123.0,123.0,-,2.0,110262,13686638.0,-166,0,0,42000,0,0,42166,0,0
20260629,2467,志聖,565.0,598.0,556.0,569.0,+,9.0,1182119,683155677.0,354,-1000,454,504382,0,25224,504028,1000,24770
20260629,6923,中台,72.8,74.7,72.7,74.4,+,1.6,69261,5086497.0,-3000,0,2015,30000,0,2015,33000,0,0
20260629,6666,羅麗芬-KY,43.4,43.5,43.1,43.4,+,0.3,17444,753872.0,-1000,0,0,2000,0,0,3000,0,0
20260629,6674,鋐寶科技,17.2,17.2,17.0,17.1,-,0.05,10093,172543.0,-1000,0,0,2000,0,0,3000,0,0
20260629,6201,亞弘電,47.85,48.45,47.85,48.45,+,0.4,19024,913955.0,-1000,0,0,3000,0,0,4000,0,0
20260629,9912,偉聯,12.25,12.5,12.25,12.45,-,0.05,22978,284870.0,-1000,0,0,2000,0,0,3000,0,0
20260629,4178,永笙-KY,17.85,18.8,17.5,18.2,+,0.6,430936,7886445.0,0,0,-1000,77000,0,1000,77000,0,2000
20260629,5538,東明-KY,32.4,32.8,31.35,32.3,-,0.25,26523,860497.0,1000,0,-2000,13000,0,0,12000,0,2000
20260629,4994,傳奇,91.1,91.5,89.1,90.7,+,1.6,14000,1265400.0,-1000,0,0,4000,0,0,5000,0,0
20260629,2314,台揚,13.85,14.4,13.85,14.4,+,0.6,249175,3544679.0,-1000,0,0,0,0,0,1000,0,0
20260629,1324,地球,10.25,10.45,10.25,10.35,+,0.1,48613,504594.0,-1000,0,0,3000,0,0,4000,0,0
20260629,1526,日馳,14.0,14.2,13.9,14.0,+,0.1,84434,1183226.0,-1000,0,0,9000,0,0,10000,0,0
20260629,1516,川飛,19.3,19.35,19.3,19.35,+,0.05,9291,179436.0,-1000,0,0,1000,0,0,2000,0,0
20260629,9942,茂順,116.5,117.5,116.5,117.5,+,1.0,69780,8157552.0,-1194,0,0,24000,0,0,25194,0,0
20260629,1256,鮮活果汁-KY,176.5,179.5,175.5,176.0,-,1.0,47553,8424141.0,-1300,0,0,17000,0,0,18300,0,0
20260629,2432,倚天酷碁-創,27.4,27.9,27.4,27.9,+,0.3,32757,910083.0,0,0,-1627,6000,0,4373,6000,0,6000
20260629,0051,元大中型100,142.75,146.25,142.75,145.05,+,2.6,95890,13898215.0,14003,0,-15707,27003,0,14349,13000,0,30056
20260629,3518,柏騰,29.1,29.85,28.8,29.2,+,0.3,397143,11636197.0,-1850,0,0,171150,0,0,173000,0,0
20260629,00739,元大MSCI A股,29.2,29.34,29.09,29.25,-,0.15,194813,5694018.0,156000,0,-157891,157000,0,23268,1000,0,181159
20260629,2239,英利-KY,21.7,22.35,21.7,21.9,+,0.05,49018,1076845.0,-2000,0,9,13000,0,9,15000,0,0
20260629,3419,譁裕,13.75,14.35,13.6,13.7,+,0.15,144474,1986094.0,-2999,0,1000,29001,0,3000,32000,0,2000
20260629,2423,固緯,72.0,74.8,71.6,72.0,-,1.5,134903,9793860.0,-5000,0,3000,64000,0,6000,69000,0,3000
20260629,2496,卓越,64.6,64.6,64.1,64.1,+,0.7,9870,634574.0,-2000,0,0,0,0,0,2000,0,0
20260629,2471,資通,52.1,52.4,51.8,52.0,+,0.3,116167,6055462.0,-2000,0,0,36000,0,0,38000,0,0
20260629,2712,遠雄來,14.9,15.2,14.7,15.2,+,0.2,20662,306868.0,-2000,0,0,1000,0,0,3000,0,0
20260629,8940,新天地,16.7,16.7,16.35,16.35,,0.0,18539,305458.0,-2000,0,0,4000,0,0,6000,0,0
20260629,9902,台火,13.6,13.7,13.5,13.55,+,0.05,59897,813730.0,-2000,0,0,11000,0,0,13000,0,0
20260629,6722,輝創,35.2,35.75,35.2,35.75,+,0.55,53105,1884572.0,0,0,-2000,4000,0,0,4000,0,2000
20260629,6645,金萬林-創,15.5,16.05,15.5,16.0,+,0.5,19604,310352.0,-1000,0,-1000,3000,0,0,4000,0,1000
20260629,6606,建德工業,24.65,24.9,24.5,24.7,+,0.05,28308,698595.0,-1000,0,-1000,6000,0,0,7000,0,1000
20260629,6908,宏碁遊戲-創,37.3,37.75,37.3,37.35,+,0.15,8000,299700.0,1000,0,-3000,2000,0,1000,1000,0,4000
20260629,3054,立萬利,63.9,63.9,62.4,62.7,+,1.1,50259,3161985.0,-1975,0,-100,7025,0,1000,9000,0,1100
20260629,00903,富邦元宇宙,20.36,20.45,20.36,20.43,+,0.21,29302,599106.0,1000,0,-3684,1000,0,8006,0,0,11690
20260629,4583,台灣精銳,577.0,588.0,574.0,578.0,+,2.0,64586,37467094.0,-1000,0,-1893,22000,0,0,23000,0,1893
20260629,00851,台新全球AI,71.0,72.35,71.0,72.2,+,1.2,7293,522674.0,-1000,0,-2000,0,0,0,1000,0,2000
20260629,2904,匯僑,14.15,14.15,14.0,14.1,-,0.05,62832,884337.0,-3000,0,0,7000,0,0,10000,0,0
20260629,1817,凱撒衛,40.0,40.8,40.0,40.15,+,0.35,213878,8627534.0,-3000,0,0,46000,0,10000,49000,0,10000
20260629,6918,愛派司,74.0,74.0,72.6,72.7,-,0.5,25130,1830407.0,-4000,0,1000,4000,0,1000,8000,0,0
20260629,6952,大武山,35.4,36.0,35.4,35.9,+,0.5,13100,468599.0,-3000,0,0,3000,0,0,6000,0,0
20260629,6534,正瀚-創,91.1,91.1,89.8,90.3,+,0.5,19000,1712800.0,-3000,0,0,9000,0,1000,12000,0,1000
20260629,8367,建新國際,39.7,40.1,39.7,40.0,+,0.1,33567,1339472.0,-3000,0,0,3000,0,0,6000,0,0
20260629,4119,旭富,44.4,45.05,44.2,44.25,-,0.25,120563,5363703.0,-4007,0,1000,40000,0,1000,44007,0,0
20260629,6183,關貿,90.2,90.2,89.0,89.0,,0.0,16531,1476555.0,3000,0,-6342,7000,0,1000,4000,0,7342
20260629,4999,鑫禾,20.0,20.3,19.95,20.0,,0.0,58304,1171739.0,-4000,0,281,11000,0,1000,15000,0,719
20260629,4571,鈞興-KY,161.0,166.0,161.0,163.5,+,1.0,138954,22718672.0,2000,0,-6000,58000,0,0,56000,0,6000
20260629,4581,光隆精密-KY,50.0,50.0,50.0,50.0,,0.0,7001,350050.0,0,0,-4000,0,0,0,0,0,4000
20260629,4582,聚恆-創,24.45,25.0,24.45,24.5,+,0.1,84437,2071142.0,-2000,0,-2000,12000,0,1000,14000,0,3000
20260629,4439,冠星-KY,90.0,91.0,90.0,91.0,,0.0,15029,1354812.0,-4000,0,0,1000,0,0,5000,0,0
20260629,1110,東泥,14.95,15.05,14.85,15.0,+,0.1,126736,1896447.0,-4000,0,0,45000,0,0,49000,0,0
20260629,1236,宏亞,25.85,25.9,25.75,25.8,,0.0,25282,651948.0,-4000,0,0,3000,0,0,7000,0,0
20260629,1713,國化,49.65,50.1,49.55,49.55,+,0.05,202316,10065318.0,-4000,0,0,77000,0,0,81000,0,0
20260629,6921,嘉雨思-創,68.4,69.0,68.4,69.0,+,0.7,8137,558590.0,-3000,0,-1000,1000,0,0,4000,0,1000
20260629,6641,基士德-KY,18.0,18.05,17.95,17.95,,0.0,33858,609034.0,-5000,0,0,2000,0,0,7000,0,0
20260629,1614,三洋電,31.6,31.9,31.6,31.65,+,0.25,65118,2066788.0,-2000,0,-3000,10000,0,0,12000,0,3000
20260629,4148,全宇生技-KY,29.5,30.55,29.5,30.55,+,1.05,33778,1009150.0,-4000,0,-1000,5000,0,1000,9000,0,2000
20260629,5546,永固-KY,16.0,16.45,15.8,16.45,+,0.3,24018,388939.0,-4000,0,-1000,6000,0,0,10000,0,1000
20260629,6754,匯僑設計,44.5,44.55,44.1,44.25,+,0.25,13621,602932.0,-5000,-153,0,1000,0,0,6000,153,0
20260629,6807,峰源-KY,33.65,33.7,32.8,33.45,+,0.65,14005,465215.0,-6000,0,0,5000,0,0,11000,0,0
20260629,9918,欣天然,43.0,43.35,42.7,42.7,-,0.5,75433,3244810.0,-6000,0,0,25000,0,0,31000,0,0
20260629,3494,誠研,7.71,7.98,7.71,7.94,-,0.02,37409,296015.0,-6000,0,0,1000,0,0,7000,0,0
20260629,00962,台新AI優息動能,14.35,14.64,14.35,14.47,+,0.19,664274,9659370.0,318000,0,-324041,492000,0,64602,174000,0,388643
20260629,00645,富邦日本,55.95,56.15,55.8,55.9,+,0.05,70561,3950721.0,1127,0,-7196,1127,0,22000,0,0,29196
20260629,1465,偉全,12.6,12.8,12.45,12.6,,0.0,128502,1617896.0,-6980,0,0,6020,0,0,13000,0,0
20260629,5288,豐祥-KY,175.5,178.0,175.0,175.5,,0.0,84294,14830711.0,-8000,1000,0,30000,1000,0,38000,0,0
20260629,6598,ABC-KY,22.55,23.1,22.55,22.85,+,0.05,108016,2472223.0,-7000,0,0,26000,0,3000,33000,0,3000
20260629,1304,台聚,13.25,13.4,13.05,13.2,,0.0,3093252,40776050.0,188831,0,-196199,1240831,0,11000,1052000,0,207199
20260629,2364,倫飛,64.7,66.9,64.7,65.7,+,1.1,151829,10021289.0,-7000,0,-458,49000,0,0,56000,0,458
20260629,8081,致新,302.5,315.5,302.5,310.5,+,8.0,1010414,313130793.0,-61001,53072,369,378526,53072,6235,439527,0,5866
20260629,3528,安馳,98.2,101.5,96.8,98.2,+,1.5,667603,66307508.0,-7805,0,0,256195,0,1000,264000,0,1000
20260629,3432,台端,17.9,18.2,17.4,17.65,-,0.25,20822,371098.0,-8000,0,0,3000,0,0,11000,0,0
20260629,4569,六方科-KY,165.5,174.5,165.5,168.0,+,1.5,71483,12153049.0,-8000,0,0,25000,0,0,33000,0,0
20260629,3164,景岳,15.95,16.2,15.9,15.95,+,0.05,38410,614625.0,-6000,0,-2000,4000,0,0,10000,0,2000
20260629,00702,國泰標普低波高息,24.41,24.85,24.41,24.85,+,0.36,69216,1713766.0,0,0,-8000,0,0,21000,0,0,29000
20260629,2250,IKKA-KY,61.0,62.0,60.6,60.7,-,0.1,103333,6318004.0,-8000,0,0,45000,0,0,53000,0,0
20260629,6771,平和環保-創,38.55,38.55,38.0,38.15,+,0.05,26504,1011639.0,-13000,0,5000,2000,0,7000,15000,0,2000
20260629,4106,雃博,23.0,23.35,23.0,23.35,+,0.15,62151,1442714.0,-9000,0,905,9000,0,1000,18000,0,95
20260629,5203,訊連,66.4,70.0,66.4,68.8,+,1.8,542249,37228763.0,-7346,0,-1023,163654,0,0,171000,0,1023
20260629,00668,國泰美國道瓊,60.45,60.6,60.4,60.6,+,0.35,237979,14378202.0,-2000,0,-6565,0,0,208435,2000,0,215000
20260629,8045,達運光電,58.8,59.8,57.9,58.5,,0.0,85562,5011684.0,-8329,0,-259,25671,0,1016,34000,0,1275
20260629,00899,FT潔淨能源,25.26,25.61,25.26,25.6,-,0.35,44221,1127316.0,1150,0,-9757,2000,0,0,850,0,9757
20260629,5258,虹堡,47.45,48.1,47.05,48.0,+,1.45,296768,14128795.0,-8981,0,311,131019,0,1000,140000,0,689
20260629,2414,精技,58.4,59.5,58.3,59.1,+,0.4,408150,24024092.0,-10850,0,2000,156150,0,2000,167000,0,0
20260629,2248,華勝-KY,55.0,55.5,54.7,55.0,+,0.3,23020,1270810.0,-7000,0,-2000,3000,0,0,10000,0,2000
20260629,1730,花仙子,53.6,53.9,53.6,53.8,+,0.2,66001,3543838.0,-1000,0,-8000,8000,0,0,9000,0,8000
20260629,9906,欣巴巴,40.7,42.75,40.2,40.35,-,1.1,99811,4082648.0,-14000,0,5000,37000,0,5000,51000,0,0
20260629,4562,穎漢,33.1,34.25,32.75,32.8,-,0.4,255983,8538736.0,-8184,0,-1142,95816,0,1000,104000,0,2142
20260629,1463,強盛新,17.45,17.45,17.15,17.3,-,0.15,42194,727889.0,-11000,0,1000,8000,0,1000,19000,0,0
20260629,1447,力鵬,6.4,6.84,6.4,6.84,+,0.62,4881834,33287407.0,-25000,0,14791,231000,0,14791,256000,0,0
20260629,9927,泰銘,68.5,68.5,68.2,68.3,-,0.1,56239,3845910.0,-10350,0,0,11000,0,0,21350,0,0
20260629,7822,倍利科,1100.0,1120.0,1060.0,1060.0,-,55.0,193563,210630140.0,4809,0,-15207,35000,0,1000,30191,0,16207
20260629,1234,黑松,33.5,33.7,33.4,33.5,,0.0,224100,7507917.0,-10760,0,0,67240,0,5000,78000,0,5000
20260629,7722,LINEPAY,323.0,327.0,314.0,315.5,-,4.5,142384,45374085.0,-10543,0,-228,33361,0,202,43904,0,430
20260629,7765,中華資安,221.5,222.5,220.0,220.5,+,2.0,38696,8558721.0,-9000,0,-2000,10000,0,0,19000,0,2000
20260629,1315,達新,62.5,62.6,62.1,62.1,+,0.1,51062,3189944.0,-11000,0,0,11000,0,0,22000,0,0
20260629,1414,東和,17.7,18.5,17.45,18.3,+,0.7,221702,3966037.0,-11000,0,0,72000,0,2000,83000,0,2000
20260629,4930,燦星網,17.05,17.1,16.8,16.8,-,0.1,41342,697958.0,-11000,0,0,3000,0,0,14000,0,0
20260629,8201,無敵,12.9,13.0,12.85,12.85,-,0.15,45387,586294.0,-11000,0,-27,1000,0,0,12000,0,27
20260629,3130,一零四,221.0,222.0,221.0,221.0,+,0.5,39863,8825733.0,-11189,0,0,12810,0,0,23999,0,0
20260629,1530,亞崴,29.15,29.15,28.1,28.2,-,0.4,75419,2146883.0,-10000,0,-1301,22000,0,3000,32000,0,4301
20260629,6456,GIS-KY,68.7,71.5,67.3,70.9,+,2.9,4398134,307964233.0,-43420,0,31586,1506951,0,46945,1550371,0,15359
20260629,5215,科嘉-KY,42.5,43.3,42.5,42.65,-,0.3,144293,6189965.0,-16000,0,4000,38000,0,5000,54000,0,1000
20260629,3679,新至陞,109.0,109.0,107.5,108.0,-,0.5,37650,4072545.0,-12000,0,0,4000,0,0,16000,0,0
20260629,00904,台新臺灣半導體30,41.8,42.55,41.57,42.03,+,0.23,1705511,71741587.0,127000,0,-139078,426000,0,772818,299000,0,911896
20260629,00921,兆豐龍頭等權重,22.41,22.7,22.41,22.61,+,0.21,219471,4960558.0,120000,0,-132091,124000,0,32300,4000,0,164391
20260629,7631,聚賢研發-創,175.0,178.5,167.0,177.0,,0.0,1311212,229647424.0,-1000,0,-11397,63000,0,34251,64000,0,45648
20260629,1466,聚隆,14.0,14.8,14.0,14.8,+,0.7,197523,2820700.0,-11654,0,-1000,49346,0,1000,61000,0,2000
20260629,2642,宅配通,20.8,20.8,20.5,20.65,-,0.1,48050,992126.0,-13000,0,0,5000,0,0,18000,0,0
20260629,6582,申豐,33.5,33.85,33.0,33.2,-,0.3,85695,2860204.0,-14000,0,1000,20000,0,1000,34000,0,0
20260629,2331,精英,20.8,21.2,20.65,20.95,+,0.35,1666617,34970507.0,23702,-31000,-5710,821765,0,4000,798063,31000,9710
20260629,2850,新產,141.5,142.0,139.5,140.0,,0.0,193382,27198580.0,-15000,-1000,2902,106000,0,3000,121000,1000,98
20260629,2906,高林,14.95,15.6,14.8,15.6,+,1.4,5362833,81789255.0,-15000,0,1563,662000,0,14563,677000,0,13000
20260629,3168,眾福科,43.0,43.7,42.65,42.85,+,0.3,27256,1171440.0,-14000,0,0,6000,0,0,20000,0,0
20260629,6830,汎銓,487.5,514.0,485.0,502.0,+,6.0,407591,203701721.0,17329,0,-31359,40282,0,48000,22953,0,79359
20260629,5225,東科-KY,71.6,72.8,71.2,71.7,+,0.1,125912,9041301.0,-13000,0,-1323,38000,0,0,51000,0,1323
20260629,00646,元大S&P500,73.45,74.25,73.45,74.2,+,0.85,2989784,221250281.0,-416314,150000,251823,30686,150000,1707216,447000,0,1455393
20260629,2207,和泰車,488.0,490.0,477.0,478.5,-,2.5,509554,245502100.0,-12224,-6891,4501,380740,2000,5000,392964,8891,499
20260629,2033,佳大,15.75,16.1,15.75,16.1,-,0.1,91241,1457464.0,-15000,0,0,10000,0,0,25000,0,0
20260629,2430,燦坤,18.15,18.25,18.15,18.2,+,0.05,110822,2016155.0,-15000,0,0,9000,0,0,24000,0,0
20260629,6969,成信實業*-創,24.5,24.5,24.0,24.2,-,0.3,61092,1479983.0,1000,0,-16000,1000,0,12000,0,0,28000
20260629,1308,亞聚,13.9,13.95,13.75,13.8,+,0.05,898134,12414736.0,-14591,0,-968,314409,0,2000,329000,0,2968
20260629,4545,銘鈺,37.75,37.75,36.8,37.05,+,0.05,119129,4440069.0,-16000,0,0,42000,0,0,58000,0,0
20260629,6671,三能-KY,24.55,24.55,24.35,24.4,-,0.05,27096,662093.0,-6000,0,-10021,0,0,5000,6000,0,15021
20260629,6591,動力-KY,53.5,53.9,52.6,52.9,-,0.1,116172,6175421.0,-17000,0,728,17000,0,3000,34000,0,2272
20260629,5285,界霖,99.8,101.0,96.0,98.8,-,1.0,4493019,443632877.0,-16524,0,0,1976709,0,0,1993233,0,0
20260629,1104,環泥,26.7,27.1,26.55,27.0,+,0.45,937210,25068107.0,173000,-3000,-186528,406000,0,12000,233000,3000,198528
20260629,9943,好樂迪,56.6,56.8,56.3,56.8,+,0.2,97412,5520474.0,-17159,0,0,23000,0,0,40159,0,0
20260629,1723,中碳,83.6,83.9,82.4,83.0,-,0.6,407922,33963672.0,-10656,0,-6646,151344,0,1000,162000,0,7646
20260629,00762,元大全球AI,116.5,116.5,115.15,115.75,-,1.25,479154,55381801.0,-237896,0,220026,104,0,332000,238000,0,111974
20260629,2538,基泰,9.85,9.92,9.84,9.86,+,0.02,160127,1582663.0,-18000,0,0,64000,0,0,82000,0,0
20260629,1731,美吾華,21.95,22.0,21.8,21.8,,0.0,296781,6498408.0,-18000,0,0,22000,0,0,40000,0,0
20260629,2832,台產,55.5,55.9,54.9,55.5,-,0.3,173602,9589065.0,-23020,0,4612,51210,0,5000,74230,0,388
20260629,6164,華興,12.75,13.0,12.6,12.6,-,0.05,633974,8074504.0,-18810,0,0,283190,0,0,302000,0,0
20260629,8429,金麗-KY,6.17,6.26,6.14,6.16,-,0.01,155674,962505.0,-19000,0,0,20000,0,0,39000,0,0
20260629,1533,車王電,36.0,36.35,35.1,35.4,-,0.3,150655,5341139.0,-15000,0,-4000,31000,0,0,46000,0,4000
20260629,1338,廣華-KY,16.75,16.85,16.6,16.7,+,0.1,102043,1704157.0,-19000,0,0,8000,0,0,27000,0,0
20260629,2038,海光,13.3,13.55,13.15,13.2,-,0.05,354976,4711851.0,-20136,0,1000,75000,0,1000,95136,0,0
20260629,1776,展宇,19.85,20.15,19.55,19.55,-,0.3,223301,4426263.0,-19906,0,0,25094,0,0,45000,0,0
20260629,3669,圓展,34.6,34.6,33.6,33.6,+,0.1,73541,2490250.0,-20000,0,0,21000,0,0,41000,0,0
20260629,6243,迅杰,40.15,41.3,39.15,39.25,-,3.75,541265,21658299.0,-20000,0,0,20000,0,2000,40000,0,2000
20260629,7760,享溫馨,32.45,33.0,32.1,32.9,+,0.4,118205,3874765.0,-19000,0,-1000,12000,0,0,31000,0,1000
20260629,9931,欣高,35.75,35.75,34.7,35.1,+,0.3,78070,2734809.0,-20000,0,-13,10000,0,0,30000,0,13
20260629,00956,中信日經高股息,12.03,12.08,12.0,12.03,-,0.02,118919,1431347.0,21000,0,-41140,21000,0,24000,0,0,65140
20260629,3296,勝德,27.85,29.0,27.85,28.6,+,0.75,114108,3251307.0,-20000,0,-1000,30000,0,1000,50000,0,2000
20260629,6133,金橋,21.75,22.1,21.65,21.95,+,0.35,410775,8968518.0,-20000,0,-1000,169000,0,0,189000,0,1000
20260629,6184,大豐電,43.75,44.05,43.55,43.6,-,0.25,124326,5431973.0,-21000,0,0,17000,0,0,38000,0,0
20260629,00922,國泰台灣領袖50,39.72,40.32,39.57,40.0,+,0.43,8548884,341488320.0,-652987,0,631748,2315013,0,3245518,2968000,0,2613770
20260629,6834,天二科技,118.0,118.0,109.0,109.0,-,12.0,931683,104719874.0,-21551,0,0,42449,0,0,64000,0,0
20260629,4426,利勤,7.88,7.88,7.71,7.72,+,0.07,88297,687950.0,-21000,0,-1000,20000,0,0,41000,0,1000
20260629,6890,來億-KY,215.5,228.5,201.5,201.5,-,22.0,1188582,250946860.0,9469,0,-31540,297789,0,14000,288320,0,45540
20260629,6906,現觀科,90.0,90.2,87.5,88.9,,0.0,75205,6676917.0,-23000,0,773,17000,0,1000,40000,0,227
20260629,3308,聯德,21.85,22.6,21.1,21.15,-,0.35,87266,1864237.0,-22000,0,-290,18000,0,1000,40000,0,1290
20260629,1339,昭輝,43.6,43.85,42.9,43.0,-,0.4,82830,3575759.0,-16000,0,-6620,13000,0,1000,29000,0,7620
20260629,4588,玖鼎電力,57.4,58.6,57.4,57.5,+,0.1,44297,2559162.0,-22000,0,-781,7000,0,0,29000,0,781
20260629,1472,三洋實業,84.5,89.9,82.3,89.9,,0.0,77489,6618122.0,-22000,0,-1000,13000,0,0,35000,0,1000
20260629,1432,大魯閣,15.35,15.35,15.15,15.2,-,0.05,261171,3981233.0,-23498,0,0,60502,0,0,84000,0,0
20260629,1340,勝悅-KY,5.29,5.38,5.26,5.3,+,0.01,98535,522722.0,-23000,0,-1000,12000,0,0,35000,0,1000
20260629,2032,新鋼,16.7,16.95,16.55,16.85,+,0.15,341736,5707707.0,-24150,0,0,143000,0,0,167150,0,0
20260629,8162,微矽電子-創,80.1,80.7,76.8,77.5,-,3.2,713013,55706741.0,-30000,0,5013,197000,0,21173,227000,0,16160
20260629,2705,六福,16.15,16.2,16.05,16.15,,0.0,103932,1676431.0,-25000,0,0,38000,0,0,63000,0,0
20260629,2929,淘帝-KY,5.64,5.74,5.6,5.6,-,0.1,271632,1533441.0,-26000,0,0,22000,0,0,48000,0,0
20260629,1615,大山,44.85,45.0,44.4,44.6,+,0.4,79001,3531003.0,-26000,0,0,18000,0,0,44000,0,0
20260629,6416,瑞祺電通,80.0,80.2,79.0,79.0,+,0.1,169330,13456396.0,-26000,0,0,53000,0,0,79000,0,0
20260629,7768,頌勝科技,335.5,342.0,333.0,333.5,-,5.5,95305,32033312.0,-27220,0,0,8000,0,0,35220,0,0
20260629,6756,威鋒電子,94.7,96.4,93.5,94.0,-,0.7,190421,18073117.0,-25000,0,-2475,78000,0,1000,103000,0,3475
20260629,2905,三商,14.9,15.0,14.65,14.8,,0.0,535957,7929920.0,-31000,0,3204,225000,0,4000,256000,0,796
20260629,3138,耀登,121.0,121.5,114.5,116.5,+,0.5,593999,69986919.0,-26761,0,-1712,259239,0,0,286000,0,1712
20260629,1535,中宇,49.75,49.95,49.65,49.65,-,0.1,44742,2226796.0,-29000,0,0,5000,0,0,34000,0,0
20260629,6431,光麗-KY,17.65,18.0,17.2,17.95,-,0.25,145001,2549617.0,-30000,0,1000,11000,0,1000,41000,0,0
20260629,00733,富邦臺灣中小,73.3,74.7,72.8,74.0,+,0.95,762710,56166607.0,138000,0,-167865,375000,0,183324,237000,0,351189
20260629,2211,長榮鋼,94.7,94.9,93.6,93.8,+,0.2,211087,19868354.0,-30210,-1000,1239,87000,1000,3397,117210,2000,2158
20260629,6658,聯策,209.5,217.0,204.0,213.0,,0.0,1556434,327728408.0,-30564,0,0,330436,0,0,361000,0,0
20260629,1217,愛之味,9.72,9.83,9.72,9.79,+,0.03,436320,4271948.0,-31790,0,1000,193210,0,1000,225000,0,0
20260629,6141,柏承,38.35,40.0,38.0,38.25,-,0.75,777632,30044325.0,-31132,0,0,14018,0,0,45150,0,0
20260629,2013,中鋼構,43.15,44.25,43.15,43.95,+,0.2,186964,8223132.0,-66975,0,35746,39025,0,36000,106000,0,254
20260629,6192,巨路,119.0,121.5,119.0,121.5,+,2.5,143643,17277186.0,-31990,0,0,33010,0,0,65000,0,0
20260629,2438,翔耀,21.35,21.45,21.2,21.25,-,0.05,93342,1990322.0,-32003,0,0,13000,0,0,45003,0,0
20260629,3447,展達,36.65,37.25,36.05,36.05,-,0.55,208531,7611726.0,-33000,0,0,57000,0,0,90000,0,0
20260629,3027,盛達,20.0,20.35,19.85,19.95,-,0.15,193605,3878632.0,-33000,0,-12,56000,0,0,89000,0,12
20260629,2497,怡利電,56.2,57.2,55.5,55.8,+,0.8,346947,19501791.0,-32990,0,-550,114010,0,0,147000,0,550
20260629,2351,順德,196.0,201.0,190.5,197.5,+,1.0,4436503,873106128.0,-46736,0,12945,1851505,0,48653,1898241,0,35708
20260629,1423,利華,37.4,37.9,36.5,36.5,-,0.75,67200,2493340.0,-14000,0,-20000,13000,0,0,27000,0,20000
20260629,2427,三商電,21.95,22.3,21.9,22.2,+,0.45,307264,6807951.0,-34780,0,0,91220,0,0,126000,0,0
20260629,1737,臺鹽,31.8,31.95,31.7,31.75,,0.0,140635,4471827.0,-35000,0,0,47000,0,0,82000,0,0
20260629,6792,詠業,63.9,64.4,62.0,62.2,-,1.4,69051,4336566.0,-35000,0,0,13000,0,0,48000,0,0
20260629,2911,麗嬰房,7.17,7.65,6.8,7.22,+,0.2,424559,3030999.0,-2000,0,-33998,123000,0,2,125000,0,34000
20260629,3694,海華,56.2,57.7,56.0,56.6,+,0.9,534449,30300123.0,-28910,0,-7427,227090,0,1001,256000,0,8428
20260629,00876,元大全球5G,100.5,100.7,99.25,99.75,-,1.25,265916,26614023.0,24117,0,-60770,45117,0,61114,21000,0,121884
20260629,2450,神腦,29.05,29.05,28.85,28.85,-,0.1,134781,3901740.0,-38000,0,1000,26000,0,1000,64000,0,0
20260629,6216,居易,22.45,23.1,22.45,22.5,+,0.35,151640,3439188.0,-38000,0,998,40000,0,1000,78000,0,2
20260629,00701,國泰股利精選30,39.1,39.58,38.95,39.14,-,0.07,679482,26672602.0,102000,0,-140654,122000,0,341022,20000,0,481676
20260629,2535,達欣工,94.7,95.4,91.6,93.0,-,1.3,538633,50207853.0,-36297,0,-2430,243000,1000,7000,279297,1000,9430
20260629,4976,佳凌,38.25,39.95,37.2,37.6,-,0.65,2256755,86650266.0,-42900,0,3937,605100,0,9000,648000,0,5063
20260629,5519,隆大,34.1,34.55,34.1,34.2,+,0.2,335538,11498834.0,-50000,0,11000,79000,0,11000,129000,0,0
20260629,6835,圓裕,35.7,35.8,35.0,35.15,-,0.3,86435,3055646.0,-39000,0,0,11000,0,0,50000,0,0
20260629,6934,心誠鎂,66.1,67.2,64.5,66.5,+,0.5,55937,3643625.0,-39000,0,0,2000,0,0,41000,0,0
20260629,4441,振大環球,186.0,187.5,184.0,185.5,-,4.5,85767,15923631.0,-39557,0,0,8040,0,0,47597,0,0
20260629,2597,潤弘,166.5,166.5,163.5,163.5,-,0.5,247154,40634978.0,-44000,0,4000,113000,1000,4000,157000,1000,0
20260629,00661,元大日經225,89.2,89.3,88.5,88.85,-,0.5,81728,7261745.0,5000,0,-45747,5000,0,11737,0,0,57484
20260629,2107,厚生,25.4,25.7,25.35,25.4,,0.0,330192,8417106.0,-41390,0,0,112610,0,0,154000,0,0
20260629,6412,群電,89.4,92.7,88.2,92.3,+,3.8,1685713,154010077.0,-61000,26115,-7041,660000,26115,17388,721000,0,24429
20260629,1232,大統益,140.5,141.5,140.5,140.5,-,0.5,119409,16818331.0,-42000,0,0,12000,0,0,54000,0,0
20260629,3038,全台,21.6,22.0,21.45,21.8,,0.0,249587,5445176.0,-41900,-1876,1000,51100,0,1000,93000,1876,0
20260629,2488,漢平,53.6,54.4,53.6,54.1,,0.0,159289,8594266.0,-43347,0,-104,37653,0,0,81000,0,104
20260629,6136,富爾特,25.25,25.25,25.1,25.1,,0.0,200297,5040143.0,-44000,0,0,46000,0,0,90000,0,0
20260629,2424,隴華,10.35,10.4,10.0,10.0,-,0.4,104615,1064142.0,-45000,0,0,0,0,0,45000,0,0
20260629,6533,晶心科,193.0,195.5,189.0,191.0,-,1.0,329810,63209754.0,-50217,5000,64,119287,5000,4155,169504,0,4091
20260629,5222,全訊,117.5,123.0,117.5,120.5,+,3.5,585289,70618699.0,-49134,0,3822,185366,0,5210,234500,0,1388
20260629,3002,歐格,20.7,21.2,20.7,20.7,+,0.05,287706,6016690.0,-46000,0,0,56000,0,0,102000,0,0
20260629,2465,麗臺,72.0,72.6,70.3,70.4,-,1.4,801156,57168903.0,-46000,0,-282,271000,0,0,317000,0,282
20260629,0053,元大電子,237.6,239.55,236.2,236.85,+,3.35,86141,20501195.0,25,0,-46737,10025,0,16000,10000,0,62737
20260629,2405,輔信,17.15,17.55,17.0,17.05,,0.0,1730344,29778173.0,-48830,0,2000,731170,0,2000,780000,0,0
20260629,2455,全新,339.0,348.0,333.0,336.0,-,12.0,1920109,651113062.0,122593,0,-170515,1026593,1000,75665,904000,1000,246180
20260629,3057,喬鼎,19.25,19.45,18.95,19.45,+,0.3,169797,3258727.0,-48000,0,0,45000,0,0,93000,0,0
20260629,5283,禾聯碩,52.6,53.0,52.1,52.4,-,0.1,92740,4876299.0,-49749,0,0,12350,0,0,62099,0,0
20260629,8072,陞泰,29.1,29.3,28.5,28.65,-,0.35,217440,6273119.0,-52345,0,0,36000,0,0,88345,0,0
20260629,9924,福興,40.1,40.15,39.8,39.9,-,0.1,132519,5288897.0,-48000,-1138,-4000,18000,0,1000,66000,1138,5000
20260629,2029,盛餘,20.6,20.8,20.6,20.6,+,0.05,134337,2780149.0,-54000,0,696,29000,0,2000,83000,0,1304
20260629,2453,凌群,55.1,56.0,54.9,55.0,-,0.3,307865,17025731.0,-53980,0,0,103020,0,0,157000,0,0
20260629,3563,牧德,667.0,684.0,653.0,660.0,,0.0,459629,306390644.0,-44000,0,-10555,148000,0,18680,192000,0,29235
20260629,5534,長虹,79.0,79.1,78.4,78.5,-,0.2,457367,35973191.0,-47831,0,-7000,170568,0,3000,218399,0,10000
20260629,6541,泰福-KY,38.25,41.35,38.25,39.3,+,0.75,683205,27150645.0,-55000,0,26,234000,0,3000,289000,0,2974
20260629,2468,華經,34.85,35.1,34.15,34.35,-,0.15,480549,16558380.0,-56000,0,551,110000,0,1000,166000,0,449
20260629,1506,正道,10.0,10.1,9.98,10.1,+,0.11,200649,2009001.0,-56000,0,0,17000,0,0,73000,0,0
20260629,3004,豐達科,127.5,131.0,126.0,126.5,-,1.0,271263,34608305.0,-56040,0,-266,44960,0,0,101000,0,266
20260629,2546,根基,93.2,94.2,93.0,93.6,+,1.2,162917,15271881.0,-57990,0,0,25050,0,0,83040,0,0
20260629,7749,意騰-KY,417.5,424.0,412.0,414.0,-,3.0,254840,106178725.0,0,-55000,-3045,82000,0,167,82000,55000,3212
20260629,3257,虹冠電,63.4,64.7,62.1,62.7,-,2.6,841268,53180103.0,-59000,0,0,226000,0,0,285000,0,0
20260629,6515,穎崴,8190.0,8190.0,7505.0,8015.0,-,175.0,405444,3215497115.0,114172,-172000,-1675,231388,18000,21454,117216,190000,23129
20260629,00920,富邦ESG綠色電力,25.49,25.51,25.33,25.49,-,0.09,516997,13171890.0,63000,0,-122927,68000,0,360892,5000,0,483819
20260629,2462,良得電,24.05,24.05,23.5,23.75,-,0.05,501785,11871720.0,-61000,0,0,98000,0,5000,159000,0,5000
20260629,6112,邁達特,42.35,43.6,42.25,43.3,+,1.1,435292,18787969.0,-64999,0,3002,120001,0,3347,185000,0,345
20260629,5515,建國,40.7,40.75,39.65,40.5,+,0.05,593252,23764897.0,-52274,-10000,-304,135750,0,0,188024,10000,304
20260629,6283,淳安,23.0,23.4,22.55,22.8,-,0.35,331045,7596038.0,-70000,0,4000,113000,0,4000,183000,0,0
20260629,4566,時碩工業,59.5,63.5,59.5,61.0,+,1.8,538327,33123372.0,-65410,0,-825,163590,0,1000,229000,0,1825
20260629,3005,神基,96.1,98.7,95.8,98.5,+,2.5,3285673,320894672.0,584200,-671096,20556,1838200,85904,42056,1254000,757000,21500
20260629,4935,茂林-KY,36.45,36.6,36.0,36.3,-,0.15,146599,5305796.0,-67000,0,0,24000,0,0,91000,0,0
20260629,6902,GOGOLOOK,132.0,132.0,126.0,126.0,-,8.0,155362,19965933.0,-68000,0,1000,17000,0,1000,85000,0,0
20260629,6115,鎰勝,48.25,48.95,48.1,48.15,+,0.15,192002,9302374.0,-63900,0,-3556,41100,0,2000,105000,0,5556
20260629,2420,新巨,60.1,61.0,59.7,60.3,+,0.1,396925,23885533.0,-593,-67194,0,139407,6000,0,140000,73194,0
20260629,3592,瑞鼎,264.0,270.5,263.5,268.0,+,4.5,809161,216611830.0,-88322,20025,362,375000,40000,3097,463322,19975,2735
20260629,5608,四維航,14.3,14.3,14.1,14.15,+,0.05,857735,12160231.0,-68000,0,-155,359000,0,0,427000,0,155
20260629,1522,堤維西,30.0,30.25,29.85,30.0,+,0.15,275062,8246842.0,-65000,-5303,705,45000,0,1086,110000,5303,381
20260629,2753,八方雲集,190.0,191.0,188.0,189.0,-,1.0,346421,65609783.0,-67000,0,-2929,101000,0,1000,168000,0,3929
20260629,7721,微程式,70.3,71.9,68.9,69.1,-,1.1,233936,16345363.0,-70000,0,0,24000,0,0,94000,0,0
20260629,2434,統懋,43.2,44.2,39.05,39.5,-,2.6,793600,32935257.0,-68300,0,-2000,244700,0,1000,313000,0,3000
20260629,6805,富世達,1660.0,1690.0,1610.0,1625.0,-,15.0,587218,961358915.0,-44733,-25000,-2261,224663,25000,22299,269396,50000,24560
20260629,3229,晟鈦,42.4,43.8,41.85,41.95,-,0.6,267036,11380366.0,-65000,0,-9000,46000,0,0,111000,0,9000
20260629,6552,易華電,28.4,29.7,28.4,29.0,-,0.4,143163,4171880.0,-75000,0,0,31000,0,1000,106000,0,1000
20260629,1108,幸福,13.8,13.8,13.65,13.7,,0.0,179778,2466307.0,-77000,0,0,35000,0,0,112000,0,0
20260629,2606,裕民,60.1,60.4,59.5,60.1,+,0.5,2049309,122904768.0,346750,-375000,-50563,1338750,0,42000,992000,375000,92563
20260629,6944,兆聯實業,994.0,998.0,962.0,984.0,+,8.0,469831,458857641.0,-66482,0,-12445,213520,0,8642,280002,0,21087
20260629,4164,承業醫,28.65,29.3,28.65,29.15,,0.0,811290,23619942.0,41000,0,-123431,284000,0,3000,243000,0,126431
20260629,00913,兆豐台灣晶圓製造,52.0,53.1,51.55,52.3,+,0.3,2335057,122301201.0,165000,0,-247476,388000,0,879573,223000,0,1127049
20260629,3008,大立光,4640.0,4730.0,4315.0,4380.0,-,340.0,3846275,17176960810.0,188341,-280945,7593,1637865,1055,205144,1449524,282000,197551
20260629,6205,詮欣,74.2,76.0,72.5,73.4,-,0.8,566731,41999987.0,-87825,0,0,110000,0,0,197825,0,0
20260629,6668,中揚光,39.5,40.1,38.5,38.75,-,0.3,452775,17751948.0,-89000,0,0,115000,0,0,204000,0,0
20260629,4961,天鈺,167.0,169.5,165.0,165.0,,0.0,578804,96243904.0,-141170,53000,-895,240000,54000,1000,381170,1000,1895
20260629,2231,為升,88.2,94.9,88.2,92.0,+,3.8,553844,51314903.0,-99000,0,7888,104000,0,15609,203000,0,7721
20260629,2402,毅嘉,64.9,65.9,63.4,64.3,+,0.2,2146484,138332757.0,48778,0,-142997,820270,0,14000,771492,0,156997
20260629,7795,長廣,470.0,506.0,461.0,506.0,+,45.5,825062,404484372.0,-78000,0,-18978,145000,0,26022,223000,0,45000
20260629,6715,嘉基,470.0,470.0,422.0,424.0,-,31.0,280420,122684009.0,-108198,0,11132,59094,0,16000,167292,0,4868
20260629,4968,立積,110.5,113.0,109.0,110.5,,0.0,635832,70376109.0,-101997,0,3472,210018,0,10967,312015,0,7495
20260629,1528,恩德,23.15,23.9,23.1,23.5,+,0.6,1633831,38489460.0,-99671,0,-363,470329,0,3000,570000,0,3363
20260629,00678,群益那斯達克生技,39.21,40.14,39.21,40.06,+,1.36,748318,29908619.0,-353000,0,251788,101000,0,487335,454000,0,235547
20260629,6831,邁科,806.0,850.0,790.0,794.0,-,3.0,1023509,834670894.0,-198401,100000,-3928,362023,100000,4210,560424,0,8138
20260629,1519,華城,781.0,804.0,779.0,783.0,+,3.0,1663884,1312211303.0,-96304,-1000,-6016,759390,0,46806,855694,1000,52822
20260629,00882,中信中國高股息,14.68,14.82,14.66,14.81,+,0.16,7882082,116235575.0,986000,0,-1089945,1099000,0,1746880,113000,0,2836825
20260629,2637,慧洋-KY,72.4,73.1,70.9,72.6,+,0.9,2266513,163107809.0,-302018,231000,-35321,1274574,232000,7000,1576592,1000,42321
20260629,5907,大洋-KY,4.83,4.88,4.8,4.8,-,0.01,186725,900363.0,-108000,0,0,22000,0,0,130000,0,0
20260629,5388,中磊,76.5,78.2,76.2,77.4,+,0.8,1715271,132716883.0,27000,-117500,-18964,1032000,25500,35634,1005000,143000,54598
20260629,2739,寒舍,37.7,38.1,36.9,37.8,+,0.3,266555,10019829.0,-110000,0,0,23000,0,0,133000,0,0
20260629,00861,元大全球未來通訊,93.3,93.5,92.95,93.2,-,1.35,223436,20835657.0,-87655,0,-22449,1345,0,84000,89000,0,106449
20260629,2476,鉅祥,128.0,131.0,125.0,126.5,+,0.5,3103574,396529097.0,-125290,0,14487,1046396,0,50355,1171686,0,35868
20260629,3024,憶聲,12.0,12.05,11.85,12.05,+,0.05,851869,10190056.0,-112000,0,0,218000,0,0,330000,0,0
20260629,8011,台通,17.0,17.25,16.9,17.0,,0.0,674378,11502630.0,-113700,0,0,129300,0,0,243000,0,0
20260629,2034,允強,20.2,20.4,20.0,20.15,+,0.25,788504,15915344.0,-77451,0,-36378,268549,0,2000,346000,0,38378
20260629,6189,豐藝,50.3,50.5,49.15,49.25,-,1.25,1224700,60803827.0,-133002,23837,-6205,320998,24837,4518,454000,1000,10723
20260629,1721,三晃,22.9,23.65,22.7,23.1,+,0.2,679999,15744858.0,-118000,0,0,141000,0,0,259000,0,0
20260629,8210,勤誠,1245.0,1250.0,1200.0,1215.0,-,15.0,839585,1021322170.0,123938,-235000,-7181,373546,35000,34213,249608,270000,41394
20260629,8249,菱光,47.45,48.15,46.15,46.5,-,1.05,740329,34703422.0,-112000,0,-8641,118000,0,0,230000,0,8641
20260629,3046,建碁,50.6,50.7,49.6,49.9,-,0.3,207254,10363231.0,-120852,0,-173,25148,0,1000,146000,0,1173
20260629,1307,三芳,34.35,34.9,34.3,34.65,+,0.3,688766,23843206.0,-123000,0,-1258,231000,0,0,354000,0,1258
20260629,1471,首利,10.9,10.95,10.4,10.5,-,0.2,793905,8434626.0,-124503,0,0,128497,0,3000,253000,0,3000
20260629,6776,展碁國際,53.6,53.8,53.0,53.7,+,0.1,291652,15586395.0,-123000,0,-2000,53090,0,0,176090,0,2000
20260629,9917,中保科,106.0,106.0,105.0,106.0,+,0.5,770445,81328376.0,-129038,-1000,1452,275962,0,3000,405000,1000,1548
20260629,2482,連宇,16.95,17.0,16.4,16.4,-,0.4,300799,4994936.0,-129980,0,-455,14020,0,4000,144000,0,4455
20260629,2031,新光鋼,38.55,38.95,38.25,38.3,-,0.25,443412,17082020.0,-132022,-1000,382,150013,0,3000,282035,1000,2618
20260629,00902,中信電池及儲能,14.65,14.87,14.52,14.79,+,0.17,1586487,23220168.0,129000,0,-261907,231000,0,483501,102000,0,745408
20260629,0055,元大MSCI金融,42.2,42.64,41.69,41.8,-,0.38,712463,29951818.0,70000,0,-205332,232000,0,59073,162000,0,264405
20260629,2537,聯上發,10.95,11.05,10.8,10.9,+,0.05,744148,8113206.0,-152300,0,14724,175000,0,15000,327300,0,276
20260629,2915,潤泰全,52.7,52.7,51.7,52.0,,0.0,1231764,64085612.0,-142282,0,2926,494218,0,3000,636500,0,74
20260629,6909,創控,55.5,58.0,54.7,55.5,+,0.5,1090058,61232170.0,-140000,0,0,247000,0,0,387000,0,0
20260629,2258,鴻華先進-創,32.7,32.95,31.5,31.8,+,0.25,548423,17475712.0,-152000,0,11844,135000,0,40001,287000,0,28157
20260629,8454,富邦媒,322.0,325.0,304.0,304.0,-,21.5,2344639,724117004.0,-108500,-31857,-440,785511,30143,8000,894011,62000,8440
20260629,3515,華擎,235.0,237.0,231.0,232.0,,0.0,576190,134908782.0,-159642,23822,-8126,254358,23822,2870,414000,0,10996
20260629,2489,瑞軒,43.0,43.5,41.5,42.35,+,0.2,10019702,426240308.0,-31673,10000,-123676,3003327,11000,54899,3035000,1000,178575
20260629,6919,康霈*,99.3,102.0,98.5,99.0,+,0.9,3585293,359256905.0,-161741,-4000,18819,1148540,0,24866,1310281,4000,6047
20260629,6573,虹揚-KY,20.0,21.3,19.5,19.75,-,0.1,1050641,21172183.0,-151000,0,0,214000,0,0,365000,0,0
20260629,8016,矽創,313.0,328.5,306.5,317.0,+,6.0,3834179,1229706631.0,-12016,-133275,-6256,1398999,46000,64153,1411015,179275,70409
20260629,2731,雄獅,149.0,149.5,147.5,148.0,,0.0,662869,98297685.0,-154000,1000,-1438,118000,1000,12000,272000,0,13438
20260629,8131,福懋科,70.6,73.4,69.0,70.9,+,1.4,4661381,332662184.0,-161147,1000,2156,1784290,1000,70671,1945437,0,68515
20260629,6152,百一,13.4,13.95,13.25,13.4,+,0.35,820673,11110490.0,-155888,0,-3000,118112,0,2000,274000,0,5000
20260629,2023,燁輝,13.7,13.75,13.55,13.65,-,0.05,1975109,26931152.0,-165000,-6000,6000,552000,0,6000,717000,6000,0
20260629,3504,揚明光,82.0,83.1,77.3,77.8,-,4.6,1550538,123186318.0,-164305,0,-1000,482695,0,0,647000,0,1000
20260629,2355,敬鵬,51.8,54.0,51.2,52.8,+,1.1,5579348,294710745.0,-134638,0,-31387,2072362,0,89250,2207000,0,120637
20260629,3092,鴻碩,29.65,29.8,28.7,29.25,-,0.35,424043,12367010.0,-166000,0,-89,58000,0,0,224000,0,89
20260629,5706,鳳凰,46.8,47.2,46.2,47.0,,0.0,665908,31226682.0,-168931,0,-51,66069,0,3000,235000,0,3051
20260629,2072,世紀風電,164.5,164.5,151.0,152.0,-,12.5,989157,153799679.0,-132990,-37000,0,116010,0,0,249000,37000,0
20260629,2444,兆勁,12.55,12.75,12.4,12.55,+,0.15,362074,4527432.0,-171000,0,1000,17000,0,1000,188000,0,0
20260629,6862,三集瑞-KY,188.0,192.0,182.5,183.5,-,4.5,539426,100878293.0,-148000,0,-23141,102000,0,2000,250000,0,25141
20260629,8464,億豐,356.0,359.5,343.0,346.5,-,4.0,1442525,503073698.0,-418209,246674,234,924934,260000,2000,1343143,13326,1766
20260629,3028,增你強,80.9,83.0,78.5,81.4,+,0.5,3831698,310727527.0,-274653,80164,20827,1256349,80164,43180,1531002,0,22353
20260629,3311,閎暉,36.95,37.8,36.15,36.25,-,0.7,403199,14784585.0,-173146,0,-1125,51000,0,1000,224146,0,2125
20260629,1608,華榮,32.8,33.45,32.8,32.95,+,0.15,1525952,50546139.0,-170585,-2000,-3116,567210,0,3607,737795,2000,6723
20260629,2645,長榮航太,174.0,180.0,171.5,172.0,+,1.5,2535677,444871160.0,-201301,-4000,17510,774904,0,36074,976205,4000,18564
20260629,4720,德淵,22.9,24.6,22.5,24.6,+,2.2,4918105,119600534.0,-196000,-1963,6548,843000,0,6548,1039000,1963,0
20260629,2323,中環,11.0,11.15,10.85,11.0,+,0.1,4736057,52146515.0,-227911,39000,-2709,1937089,39000,33291,2165000,0,36000
20260629,6108,競國,18.25,18.4,18.05,18.1,-,0.05,444025,8068932.0,-193621,0,-2000,78379,0,0,272000,0,2000
20260629,6235,華孚,39.5,40.3,38.8,38.95,-,0.55,704484,27682910.0,-197000,0,0,187000,0,1000,384000,0,1000
20260629,6202,盛群,65.0,66.9,62.8,63.0,-,0.9,5212999,334902482.0,-209700,21000,-10221,2004390,21000,32307,2214090,0,42528
20260629,3376,新日興,196.5,201.0,194.0,194.5,,0.0,3470247,683461080.0,-346900,149000,-1803,1268100,250000,69185,1615000,101000,70988
20260629,6695,芯鼎,60.7,61.5,58.1,58.9,-,1.4,1592958,94898160.0,-204905,0,649,503095,0,1000,708000,0,351
20260629,4739,康普,109.5,110.0,103.0,105.0,-,1.0,2662442,282235498.0,-169317,0,-37784,869892,0,9000,1039209,0,46784
20260629,8271,宇瞻,200.5,200.5,192.5,193.5,-,4.5,1977678,387118595.0,-196223,0,-11158,546100,0,32609,742323,0,43767
20260629,3051,力特,26.5,27.25,26.3,26.55,+,0.05,1066251,28452570.0,-206341,0,-2599,268728,0,2000,475069,0,4599
20260629,2349,錸德,12.85,13.15,12.85,12.85,,0.0,2351319,30456423.0,-209176,0,0,535311,0,0,744487,0,0
20260629,6209,今國光,81.3,82.1,78.0,79.2,-,2.1,7199275,574407487.0,-186966,0,-23822,1980034,0,124465,2167000,0,148287
20260629,00892,富邦台灣半導體,43.23,44.1,42.95,43.33,+,0.07,1946206,84787351.0,114700,0,-335951,424700,0,851876,310000,0,1187827
20260629,1455,集盛,9.52,10.05,9.52,9.61,+,0.08,1303397,12753008.0,-233000,0,10105,286000,0,13000,519000,0,2895
20260629,6153,嘉聯益,21.6,21.95,20.2,20.8,-,0.95,15079342,316563058.0,-136638,0,-87981,5194362,0,65000,5331000,0,152981
20260629,00898,國泰基因免疫革命,9.16,9.34,9.16,9.3,+,0.34,2692292,25007070.0,-535000,0,306462,149000,0,554462,684000,0,248000
20260629,6451,訊芯-KY,597.0,638.0,563.0,563.0,-,35.0,8465872,5108268961.0,-229763,0,917,2244382,0,84148,2474145,0,83231
20260629,8021,尖點,545.0,545.0,515.0,522.0,-,13.0,1657837,871952784.0,-317306,0,85000,547694,0,111000,865000,0,26000
20260629,2439,美律,88.8,90.1,88.7,89.6,,0.0,1474067,131997431.0,-42898,-179530,-26409,662902,28785,7000,705800,208315,33409
20260629,2480,敦陽科,154.5,154.5,148.5,150.0,-,3.0,466652,70128324.0,-265000,12604,1236,53000,12604,13000,318000,0,11764
20260629,6719,力智,262.0,268.0,256.0,261.5,-,4.5,3358278,877912828.0,-159167,0,-94477,1101150,0,53596,1260317,0,148073
20260629,00911,兆豐洲際半導體,65.35,65.35,64.05,64.45,-,1.25,814134,52477003.0,12061,0,-265802,45061,0,353000,33000,0,618802
20260629,3041,揚智,27.4,27.75,26.7,26.8,-,0.5,1985892,53902291.0,-256000,0,799,772000,0,6000,1028000,0,5201
20260629,2413,環科,47.55,48.5,46.3,46.55,-,1.0,1698714,80273437.0,-264000,0,2000,558000,0,4000,822000,0,2000
20260629,2501,國建,24.15,24.2,23.8,24.2,+,0.05,2093641,50309960.0,-278400,0,10594,807600,0,13000,1086000,0,2406
20260629,7788,松川精密,257.0,269.5,248.5,267.0,+,17.0,2053784,539001671.0,-381917,0,108139,449938,0,130717,831855,0,22578
20260629,00961,FT臺灣永續高息,12.59,12.63,12.52,12.57,+,0.07,3481769,43847332.0,744000,0,-1020066,760000,0,1172684,16000,0,2192750
20260629,2375,凱美,197.5,200.5,188.0,192.5,-,5.0,11310587,2194901233.0,-238310,0,-58752,3509445,0,53872,3747755,0,112624
20260629,2241,艾姆勒,46.5,47.3,44.2,45.4,-,0.5,2985546,134991880.0,-305823,0,-629,1082202,0,4000,1388025,0,4629
20260629,6177,達麗,45.65,46.0,45.3,45.3,-,0.35,1084243,49287359.0,-312371,0,-2795,191000,0,0,503371,0,2795
20260629,2415,錩新,35.0,37.9,34.55,37.45,+,2.9,3203957,117183746.0,-322609,0,-488,490638,0,2023,813247,0,2511
20260629,00912,中信臺灣智慧50,33.35,33.9,33.35,33.51,+,0.33,1599646,53627678.0,-124750,0,-200376,208250,0,849190,333000,0,1049566
20260629,2345,智邦,2395.0,2430.0,2290.0,2340.0,-,40.0,3066800,7184716365.0,-195811,-170258,35797,1707778,64742,133255,1903589,235000,97458
20260629,4967,十銓,268.0,270.0,261.0,264.0,-,1.0,2269059,602041908.0,-310572,0,-25273,743478,0,22095,1054050,0,47368
20260629,2009,第一銅,38.1,38.3,37.8,37.95,-,0.1,1095342,41684256.0,-331500,0,-8186,202500,0,4000,534000,0,12186
20260629,2897,王道銀行,10.4,10.55,10.4,10.5,,0.0,2712475,28418059.0,-352035,0,10000,761000,0,10000,1113035,0,0
20260629,2404,漢唐,1380.0,1450.0,1350.0,1360.0,+,20.0,4708422,6545475345.0,-483532,129000,456,1497217,381000,170138,1980749,252000,169682
20260629,00639,富邦深100,18.4,18.43,18.03,18.11,-,0.29,2970619,54068186.0,162000,0,-517590,594000,0,1488631,432000,0,2006221
20260629,00947,台新臺灣IC設計,38.13,39.08,38.0,38.34,+,0.27,8436299,325321994.0,308750,0,-673208,1455750,0,2122115,1147000,0,2795323
20260629,6605,帝寶,137.0,139.5,136.5,139.0,+,2.0,856045,118539567.0,-363022,-1000,-2223,123978,0,3000,487000,1000,5223
20260629,3022,威強電,81.3,83.8,81.0,82.3,+,1.0,1718920,141552045.0,-372480,12388,-7646,460520,12388,8362,833000,0,16008
20260629,2316,楠梓電,235.0,235.0,208.5,210.0,-,20.0,1933414,418372574.0,-351929,0,-21635,484003,0,9000,835932,0,30635
20260629,6168,宏齊,30.6,31.45,29.5,29.8,-,0.45,5107259,154166908.0,-378595,0,0,1743705,0,0,2122300,0,0
20260629,00662,富邦NASDAQ,119.6,120.5,119.5,120.4,+,1.3,11686036,1404100985.0,8661263,0,-9052492,9086263,0,776162,425000,0,9828654
20260629,1513,中興電,176.5,180.5,175.0,175.5,,0.0,6747459,1196040329.0,-1041700,730604,-80729,1767620,760000,162510,2809320,29396,243239
20260629,2527,宏璟,40.35,40.75,39.15,39.45,-,0.9,1052677,41834305.0,-392115,-1266,0,242000,0,2000,634115,1266,2000
20260629,6271,同欣電,262.0,267.0,241.5,243.0,-,12.0,16815023,4265618576.0,-133383,1000,-261448,5806430,1000,236360,5939813,0,497808
20260629,8039,台虹,141.5,143.5,135.5,137.5,,0.0,3554368,495380072.0,-237465,0,-161161,1360559,0,91455,1598024,0,252616
20260629,3011,今皓,14.6,15.2,14.5,14.6,+,0.15,1985923,29386273.0,-406000,0,0,427000,0,1000,833000,0,1000
20260629,2630,亞航,42.45,44.65,42.45,44.45,+,2.7,4630932,204313316.0,-421153,0,266,1058847,0,11959,1480000,0,11693
20260629,3037,欣興,999.0,1010.0,950.0,976.0,+,1.0,28369251,27874514236.0,-2028734,1544770,55652,10520223,1549770,620785,12548957,5000,565133
20260629,4306,炎洲,15.9,16.05,15.75,15.9,,0.0,1379753,21897274.0,-433980,0,0,316020,0,0,750000,0,0
20260629,2520,冠德,34.45,34.95,33.9,34.5,+,0.4,2404941,83044816.0,-426153,-6000,-3851,844147,0,13000,1270300,6000,16851
20260629,4526,東台,39.15,40.3,38.2,38.4,-,0.45,2857215,111746060.0,-420975,0,-17538,796025,0,2620,1217000,0,20158
20260629,00960,野村全球航運龍頭,17.17,17.17,16.79,16.94,-,0.23,1647052,27892904.0,-1252000,0,813191,0,0,1031000,1252000,0,217809
20260629,2504,國產,33.0,33.05,32.45,32.75,-,0.05,5352654,175070897.0,-2984147,2541254,4004,823000,2566000,11000,3807147,24746,6996
20260629,2338,光罩,47.75,49.2,47.25,47.75,+,0.25,2364111,113623884.0,-396986,0,-45104,884014,0,12015,1281000,0,57119
20260629,1808,潤隆,30.6,30.9,29.85,29.9,-,0.7,1058114,31956951.0,-465165,0,22000,247000,0,22000,712165,0,0
20260629,6197,佳必琪,368.5,371.5,344.0,344.5,-,19.5,4363046,1554923869.0,-402448,-1000,-40085,1111262,0,102770,1513710,1000,142855
20260629,6592,和潤企業,64.7,65.1,63.5,64.0,-,0.5,1258588,80619524.0,-412756,0,-34977,311000,0,10000,723756,0,44977
20260629,1612,宏泰,37.25,37.5,36.85,37.0,-,0.05,1079228,39986330.0,-442000,0,-6252,225000,0,4000,667000,0,10252
20260629,2362,藍天,42.4,42.5,41.2,41.2,-,0.9,1308527,54486329.0,-460000,1000,8050,472000,1000,19000,932000,0,10950
20260629,9910,豐泰,70.0,72.1,70.0,70.6,+,1.1,2666915,189343448.0,-471722,-1000,7317,1259118,5000,9000,1730840,6000,1683
20260629,6743,安普新,32.25,33.8,30.6,30.75,-,0.4,1477363,46810958.0,-483300,0,0,243700,0,0,727000,0,0
20260629,9921,巨大,76.9,80.0,76.7,77.1,+,0.6,3147338,246309056.0,-683103,198000,-1942,962034,199000,8389,1645137,1000,10331
20260629,00735,國泰臺韓科技,113.45,114.5,111.6,112.0,-,1.5,2923011,329784548.0,-298045,0,-204912,694955,0,122546,993000,0,327458
20260629,2385,群光,102.0,103.0,100.5,101.0,-,1.0,5106815,517414693.0,604115,-1086884,-25910,2856115,19124,90000,2252000,1106008,115910
20260629,2363,矽統,67.0,70.0,66.3,68.7,+,0.1,18166588,1242903954.0,-551350,25000,17368,6267650,25000,168623,6819000,0,151255
20260629,00891,中信關鍵半導體,35.85,36.43,35.65,36.04,+,0.23,17280430,623197492.0,1958400,0,-2467712,5655400,0,4128298,3697000,0,6596010
20260629,4551,智伸科,225.0,230.0,209.0,224.5,-,0.5,1543910,336969851.0,-250962,-260000,1369,561038,0,18293,812000,260000,16924
20260629,2912,統一超,225.5,226.5,223.5,224.0,+,1.0,2538084,571216129.0,-344470,-22796,-146874,1253671,1000,4000,1598141,23796,150874
20260629,5522,遠雄,65.0,65.5,63.4,63.9,-,0.2,1918011,122802316.0,348000,-864000,-4000,1197000,2000,3000,849000,866000,7000
20260629,1229,聯華,42.9,43.1,42.6,42.7,+,0.25,2779577,119241603.0,-548362,-6000,7941,1014000,0,13000,1562362,6000,5059
20260629,4916,事欣科,95.7,100.5,95.7,96.2,+,0.5,5309267,520688161.0,-555800,0,9220,1706200,0,33053,2262000,0,23833
20260629,00954,中信日本半導體,21.12,21.48,21.0,21.17,-,0.33,2764084,58678791.0,-41985,0,-513234,153015,0,1202626,195000,0,1715860
20260629,6901,鑽石投資,17.95,18.75,17.65,18.05,-,0.25,4722512,86114905.0,-552439,0,-5000,998061,0,0,1550500,0,5000
20260629,1515,力山,30.85,33.55,30.35,31.45,+,0.95,5499347,177242886.0,-601034,0,5742,1233048,0,9158,1834082,0,3416
20260629,8070,長華*,53.8,54.4,52.6,53.0,-,0.7,5249184,280350212.0,-569947,17853,-56255,2065553,19853,7000,2635500,2000,63255
20260629,6672,騰輝電子-KY,290.0,294.0,276.0,281.5,-,10.5,6114801,1735407138.0,-576064,0,-33349,1730136,0,33634,2306200,0,66983
20260629,1514,亞力,119.0,122.5,118.0,119.0,+,0.5,2693374,322332090.0,-606893,-1000,-5679,649107,0,20000,1256000,1000,25679
20260629,9945,潤泰新,26.9,27.05,26.65,26.95,+,0.35,7477340,200785654.0,-622742,-8000,15731,3052133,0,26401,3674875,8000,10670
20260629,1708,東鹼,53.6,54.4,52.1,53.9,+,0.4,8791775,467633795.0,-663855,0,25559,2318145,0,71937,2982000,0,46378
20260629,00951,台新日本半導體,20.0,20.09,19.69,19.89,-,0.28,3560594,70787413.0,-616252,0,-41720,136748,0,1512232,753000,0,1553952
20260629,3006,晶豪科,228.0,231.5,219.0,223.5,-,3.5,6992258,1565950086.0,-603791,14000,-92757,2437709,15000,323303,3041500,1000,416060
20260629,4919,新唐,167.0,174.0,164.0,170.5,+,2.0,9025551,1531411706.0,-231020,13000,-479524,3211383,13000,80707,3442403,0,560231
20260629,9939,宏全,129.5,130.5,127.0,127.0,-,2.0,1631897,209304748.0,-707000,-1000,-21763,382000,0,8000,1089000,1000,29763
20260629,2498,宏達電,43.3,43.7,42.9,43.2,+,0.3,5093698,220398408.0,-784387,0,51607,1453534,0,99206,2237921,0,47599
20260629,2451,創見,282.5,285.5,271.5,275.0,-,3.5,4621254,1278912182.0,-794720,82000,-20880,2072455,86000,74125,2867175,4000,95005
20260629,1319,東陽,77.5,78.5,75.8,76.2,-,1.1,6739591,515827199.0,1508748,-2350232,100099,3019748,1000,151000,1511000,2351232,50901
20260629,2393,億光,67.6,67.8,66.3,66.7,-,0.9,2454801,164345388.0,-7393,-731447,-11010,1119000,14794,20000,1126393,746241,31010
20260629,1310,台苯,10.15,10.35,9.95,10.0,+,0.09,7365104,74504426.0,-733253,0,-17000,1999897,0,2000,2733150,0,19000
20260629,2347,聯強,94.9,95.5,91.2,91.5,-,1.3,9666498,898877736.0,-2847658,1976631,94691,3693803,4027631,102096,6541461,2051000,7405
20260629,00643,群益深証中小,20.45,20.5,19.81,19.95,-,0.46,3725071,74685536.0,136000,0,-940204,347000,0,2362280,211000,0,3302484
20260629,3019,亞光,140.0,142.0,137.5,138.0,-,1.5,4055583,565256381.0,-500010,0,-331956,1246371,0,35000,1746381,0,366956
20260629,3450,聯鈞,525.0,525.0,501.0,505.0,-,25.0,8125227,4147511530.0,-814969,-1000,-16036,2350743,0,88421,3165712,1000,104457
20260629,2357,華碩,702.0,710.0,694.0,703.0,+,2.0,4626002,3243505657.0,-832176,-131166,114784,1740062,615520,279177,2572238,746686,164393
20260629,2374,佳能,74.5,75.7,73.0,73.0,-,1.8,4656986,345384511.0,-685852,-1000,-162139,731198,0,6066,1417050,1000,168205
20260629,3060,銘異,36.35,38.2,35.55,36.65,+,0.3,5884089,217588270.0,-859830,0,-2000,1961426,0,4000,2821256,0,6000
20260629,1444,力麗,7.59,8.15,7.59,8.15,+,0.74,13365937,108204303.0,-943000,0,73668,1241000,0,74668,2184000,0,1000
20260629,00897,富邦基因免疫生技,11.08,11.21,11.08,11.17,+,0.46,3448585,38497610.0,-1927000,0,1037859,52000,0,1527983,1979000,0,490124
20260629,2353,宏碁,32.65,33.25,31.75,32.2,+,0.3,31206797,1004474602.0,5367028,-6519159,212782,12484628,1896841,450356,7117600,8416000,237574
20260629,2855,統一證,50.1,51.6,49.8,50.3,+,0.3,7182818,362586716.0,-946975,-2000,0,2895125,5000,0,3842100,7000,0
20260629,2388,威盛,71.9,73.9,70.1,70.7,-,0.2,4085676,292014715.0,-798853,30000,-180203,1302147,30000,38221,2101000,0,218424
20260629,2399,映泰,48.5,49.9,47.6,47.9,-,0.6,5449379,264496254.0,-1017608,0,-763,1619715,0,15000,2637323,0,15763
20260629,8112,至上,91.9,96.5,90.9,92.1,+,0.9,17742767,1660597599.0,-3988892,2890964,22271,5734108,2898793,437305,9723000,7829,415034
20260629,2332,友訊,17.35,17.95,17.1,17.3,+,0.15,5898977,102824608.0,-1099652,0,16161,1598168,0,32000,2697820,0,15839
20260629,1710,東聯,14.15,15.3,14.05,15.25,+,1.15,15215158,226734701.0,-1388086,0,292141,3741270,0,391687,5129356,0,99546
20260629,1313,聯成,12.6,12.65,12.1,12.2,-,0.15,7593674,92969904.0,-1118567,0,-2313,1786337,0,6000,2904904,0,8313
20260629,8261,富鼎,250.0,255.0,234.5,246.0,+,2.0,12020463,2945731356.0,-1191283,5000,45841,2995717,5000,147864,4187000,0,102023
20260629,2312,金寶,33.6,34.45,33.05,33.6,+,0.1,23171845,783519550.0,-717000,20000,-448214,7695000,20000,286556,8412000,0,734770
20260629,00938,凱基優選30,24.26,24.48,24.12,24.18,+,0.04,3127310,75934399.0,-131000,0,-1019421,328000,0,1520554,459000,0,2539975
20260629,4904,遠傳,108.5,108.5,104.0,106.0,-,1.0,23358344,2478438101.0,-8184359,6694108,330444,5909497,10114108,1143343,14093856,3420000,812899
20260629,2425,承啟,39.95,42.4,39.2,41.1,+,1.65,7224384,299806490.0,-1179085,0,-1000,1596000,0,0,2775085,0,1000
20260629,2340,台亞,36.4,36.95,35.2,35.7,-,0.75,6723729,241634767.0,-1078240,0,-112953,2240948,0,73297,3319188,0,186250
20260629,3036,文曄,216.0,216.0,207.0,209.0,-,6.5,11053112,2306650305.0,1313370,-2219951,-309482,6438545,89049,265000,5125175,2309000,574482
20260629,3717,聯嘉投控,25.9,25.95,25.1,25.95,+,2.35,20834636,539390496.0,-1244000,0,-9042,821000,0,112958,2065000,0,122000
20260629,3702,大聯大,108.0,108.0,103.5,104.5,-,2.0,7796543,823495650.0,-2518243,1477194,-221828,3540987,1498000,117938,6059230,20806,339766
20260629,2838,聯邦銀,23.0,23.0,22.05,22.25,-,0.2,3410371,76149376.0,-1279000,-8000,-2088,971000,4000,18000,2250000,12000,20088
20260629,3042,晶技,194.5,194.5,183.0,185.5,-,7.5,16273016,3068874922.0,-453330,-590000,-267131,6013430,0,93584,6466760,590000,360715
20260629,2646,星宇航空,21.25,21.35,21.0,21.05,-,0.15,4645305,98077532.0,-1316246,-5000,3409,796954,0,12000,2113200,5000,8591
20260629,6269,台郡,71.6,71.8,67.5,68.4,-,3.2,8996200,621090658.0,-1167425,-1000,-162543,2832526,0,65348,3999951,1000,227891
20260629,5469,瀚宇博,90.8,94.0,89.3,89.3,+,1.9,17968576,1648841947.0,-3706740,2075000,288828,3844260,2077000,348699,7551000,2000,59871
20260629,00935,野村臺灣新科技50,58.55,59.8,58.35,58.95,+,0.15,12644932,746273151.0,1337500,235000,-2977683,3235500,235000,2794849,1898000,0,5772532
20260629,00941,中信上游半導體,28.68,28.68,28.38,28.61,-,0.21,2411463,68812352.0,56415,0,-1470994,203415,0,269000,147000,0,1739994
20260629,2354,鴻準,55.4,55.9,54.6,54.8,-,0.1,4739149,261610119.0,-1446915,-2000,9945,1667085,2000,68344,3114000,4000,58399
20260629,00927,群益半導體收益,39.87,40.69,39.63,40.15,+,0.34,17429429,700193726.0,2591025,190000,-4227926,5886025,190000,4051192,3295000,0,8279118
20260629,6226,光鼎,19.35,20.05,18.45,20.05,+,1.8,28664751,561384310.0,-1480510,0,-1160,4795490,0,21840,6276000,0,23000
20260629,1326,台化,54.4,55.5,53.1,54.9,+,0.7,17116244,933891496.0,-1571872,-7000,88490,5980058,0,402999,7551930,7000,314509
20260629,2820,華票,17.8,17.85,17.65,17.7,-,0.1,3368034,59721418.0,-1508000,0,5000,289000,0,5000,1797000,0,0
20260629,2889,國票金,14.85,14.95,14.75,14.8,,0.0,3979390,58987469.0,-1529000,5000,12000,1166000,5000,12000,2695000,0,0
20260629,6213,聯茂,359.5,359.5,335.0,344.0,-,2.5,17126748,5920844586.0,-1707723,1000,156400,5477981,1000,650070,7185704,0,493670
20260629,6443,元晶,34.35,37.05,34.35,34.65,+,0.15,8529912,301698387.0,-1558940,0,-8367,1882060,0,36208,3441000,0,44575
20260629,4906,正文,41.7,42.5,40.2,41.3,-,0.2,9703043,400776992.0,-1470900,0,-102865,3590100,0,32959,5061000,0,135824
20260629,2867,三商壽,8.54,8.55,8.38,8.4,,0.0,9651922,81306713.0,-1665000,0,8000,4221000,0,8000,5886000,0,0
20260629,3033,威健,50.0,50.0,48.6,48.8,-,0.2,4475160,219379676.0,-1387000,-12059,-272258,1095000,0,11416,2482000,12059,283674
20260629,2515,中工,13.0,13.3,12.85,12.95,,0.0,9782090,127422952.0,-1696202,-6000,-2599,3219986,0,6000,4916188,6000,8599
20260629,2881,富邦金,132.0,134.5,128.0,128.5,-,5.5,31098290,4042142468.0,-2022388,-67465,367984,16462511,1210198,841071,18484899,1277663,473087
20260629,2603,長榮,184.5,186.0,181.0,184.0,+,3.0,17830028,3268472888.0,1083164,-393711,-2424104,8520993,46634,267624,7437829,440345,2691728
20260629,2010,春源,24.05,24.15,23.6,23.65,-,0.3,2729842,64916254.0,-1739250,0,2726,314000,0,5000,2053250,0,2274
20260629,4958,臻鼎-KY,590.0,599.0,561.0,573.0,-,7.0,29695362,17176264852.0,-1713399,73755,-97136,8852839,592755,738056,10566238,519000,835192
20260629,3711,日月光投控,628.0,632.0,611.0,627.0,-,5.0,17955704,11210810380.0,-442086,-1393129,70640,8931602,503871,599208,9373688,1897000,528568
20260629,3189,景碩,825.0,833.0,782.0,810.0,+,13.0,31131139,25302720507.0,-5431078,3479000,138251,7450628,3486000,841447,12881706,7000,703196
20260629,8110,華東,57.1,57.3,54.1,55.3,-,1.7,12332870,689124073.0,-2131906,0,-15990,2933850,0,54469,5065756,0,70459
20260629,2408,南亞科,456.0,465.0,440.5,453.0,+,4.0,77020287,35003999370.0,-2700682,3370159,-2832625,30328314,3898159,999773,33028996,528000,3832398
20260629,3231,緯創,154.0,158.0,153.5,154.5,+,1.5,27017688,4201637902.0,-6967519,4395614,394035,9508951,4410614,621607,16476470,15000,227572
20260629,2426,鼎元,77.8,79.2,75.8,77.2,-,0.4,10798191,834416830.0,-2179024,0,-650,2674321,0,48676,4853345,0,49326
20260629,2618,長榮航,44.65,45.0,43.65,43.9,+,0.1,44004546,1947214549.0,-5959106,3548534,168761,16010966,3747226,768580,21970072,198692,599819
20260629,6176,瑞儀,87.5,87.9,86.1,86.9,-,0.8,5506887,477969556.0,-789376,-1628838,-20232,1617050,32946,71000,2406426,1661784,91232
20260629,2885,元大金,66.9,67.2,65.4,65.7,-,0.6,29084327,1922120095.0,6352373,-9368819,450044,20881747,598909,545903,14529374,9967728,95859
20260629,2329,華泰,53.4,54.1,51.8,52.3,-,1.1,6585853,347518842.0,-2374736,6000,-226099,1313100,6000,219002,3687836,0,445101
20260629,2441,超豐,135.0,135.5,128.0,129.0,-,5.5,8997312,1177343501.0,-1843270,-539000,-232692,2771730,117000,82000,4615000,656000,314692
20260629,2634,漢翔,50.1,53.1,50.1,52.0,+,2.8,26324332,1366672261.0,-3355072,-10000,671218,5072930,0,822880,8428002,10000,151662
20260629,3715,定穎投控,170.0,171.5,165.0,166.0,-,2.5,5656135,948821331.0,-2404075,0,-319352,985075,0,58977,3389150,0,378329
20260629,2313,華通,222.5,228.0,218.0,221.0,-,1.5,26070297,5806871158.0,-3065433,23000,310201,9336886,26000,809382,12402319,3000,499181
20260629,6005,群益證,38.3,38.35,37.5,37.55,-,0.25,10065553,380065983.0,1761560,-4640550,0,4705141,2000,0,2943581,4642550,0
20260629,2449,京元電子,311.0,316.0,304.0,308.5,+,0.5,16785342,5192831026.0,-2745001,-345741,51975,5912460,77259,369244,8657461,423000,317269
20260629,6282,康舒,55.3,55.7,53.7,54.2,+,0.1,18403400,1005360688.0,-2927225,0,-234174,5713625,0,162717,8640850,0,396891
20260629,0052,富邦科技,60.85,61.9,60.75,61.35,+,0.75,24098322,1479974333.0,-271373,0,-3005262,4742627,0,3719456,5014000,0,6724718
20260629,0056,元大高股息,51.75,52.35,51.6,51.8,+,0.35,36288209,1884040763.0,-1720057,0,-1660559,10608179,0,1099432,12328236,0,2759991
20260629,1605,華新,35.7,36.1,35.1,35.4,,0.0,17681140,629093887.0,-2938735,-10792,-436007,6441265,208,230574,9380000,11000,666581
20260629,1409,新纖,26.05,26.9,25.4,25.9,-,0.2,25094132,657409098.0,-3402794,-6000,-46004,6691206,0,65488,10094000,6000,111492
20260629,3481,群創,65.2,69.3,63.5,67.0,+,2.0,602285246,40617452457.0,-6080377,111666,2421799,158533191,131666,11796587,164613568,20000,9374788
20260629,3576,聯合再生,16.7,17.5,16.6,16.8,+,0.3,9600462,162636642.0,-3805000,0,7469,765000,0,16000,4570000,0,8531
20260629,2369,菱生,40.8,40.95,37.9,38.25,-,2.7,24834166,966490658.0,-3553766,0,-507219,7633234,0,30000,11187000,0,537219
20260629,1102,亞泥,36.1,36.25,35.35,35.45,-,0.3,15890417,564492341.0,767828,-6157286,908309,7197199,11651,944526,6429371,6168937,36217
20260629,2412,中華電,144.0,144.5,142.0,142.0,-,1.0,23910632,3409212744.0,-9510493,4121556,760955,6237197,4178556,771955,15747690,57000,11000
20260629,4915,致伸,65.0,66.9,64.0,65.0,,0.0,14371665,940964473.0,-1447200,107000,-3632786,3674800,107000,249255,5122000,0,3882041
20260629,00830,國泰費城半導體,93.8,94.6,93.45,94.6,-,1.1,12387589,1163177479.0,-6083914,0,-708981,2420766,0,778000,8504680,0,1486981
20260629,2324,仁寶,34.75,35.05,34.05,34.2,-,0.6,55785591,1915543532.0,-638961,-7065903,604175,26497053,1717097,1236120,27136014,8783000,631945
20260629,9904,寶成,25.35,25.45,25.25,25.4,+,0.1,25104021,636505098.0,-5420010,-4165717,-235920,7112194,11000,79000,12532204,4176717,314920
20260629,2344,華邦電,209.0,212.5,201.0,203.0,-,3.5,149900066,30988309944.0,-20610326,11985901,-3331006,43422167,11995901,2251304,64032493,10000,5582310
20260629,2882,國泰金,105.0,105.5,100.5,101.5,-,4.5,68446464,6990338533.0,-12158610,-30490,-225731,46195461,285379,534053,58354071,315869,759784
20260629,2884,玉山金,35.05,35.1,34.35,34.5,-,0.05,49520416,1714900767.0,-17276062,4074060,497372,19076165,4230529,885372,36352227,156469,388000
20260629,00919,群益台灣精選高息,29.74,29.97,29.37,29.46,-,0.1,103774668,3071047728.0,-10239434,0,-2589533,24699997,0,15305704,34939431,0,17895237
20260629,1101,台泥,24.7,24.7,24.1,24.15,,0.0,25608721,620924569.0,-14648828,-81000,-24899,4557896,7000,38655,19206724,88000,63554
20260629,2303,聯電,164.5,167.0,160.0,164.0,,0.0,222684902,36486287232.0,10372333,-26113192,-1477008,92202300,8807982,2218062,81829967,34921174,3695070
20260629,0050,元大台灣50,103.35,105.35,103.3,104.45,+,1.35,106661221,11134777810.0,-21649761,6270000,-2319632,17825083,6270000,26813446,39474844,0,29133078
20260629,2317,鴻海,250.0,252.0,246.0,246.5,-,2.0,49210311,12235300546.0,-20344952,1866782,333826,16645544,1904011,1187859,36990496,37229,854033
20260629,8150,南茂,100.0,101.0,90.4,90.5,,0.0,53141548,4999405742.0,-17488518,172000,-1353073,11212200,175000,754339,28700718,3000,2107412
20260629,2337,旺宏,166.0,167.5,158.0,158.5,-,4.0,83896529,13594425289.0,-20271919,157000,-1545676,20170802,162000,854958,40442721,5000,2400634
20260629,6770,力積電,79.9,82.3,77.6,78.9,+,0.6,220163758,17540081599.0,-26786141,114000,-776881,60587842,114000,3599770,87373983,0,4376651
