tradeDate,stockCode,stockName,openPrice,highPrice,lowPrice,closePrice,changeSign,change,totalShares,totalAmount,foreignNetShares,investmentNetShares,dealerNetShares,foreignBuyShares,investmentBuyShares,dealerBuyShares,foreignSellShares,investmentSellShares,dealerSellShares
20260508,00919,群益台灣精選高息,25.52,25.72,25.31,25.47,+,0.04,208518290,5321523748.0,29064082,0,102020608,43094862,0,108608373,14030780,0,6587765
20260508,3481,群創,29.85,31.45,28.65,29.4,-,0.35,785095023,23552169690.0,96566203,3706000,604009,295537054,3706000,7767120,198970851,0,7163111
20260508,0056,元大高股息,44.7,45.2,44.29,44.85,+,0.13,97813252,4385073972.0,46497999,0,11678483,57520685,0,12022491,11022686,0,344008
20260508,00940,元大台灣價值高息,11.05,11.21,11.0,11.15,+,0.15,78491823,873230250.0,5023435,0,46762407,14062000,0,52141516,9038565,0,5379109
20260508,00918,大華優利高填息30,25.03,25.23,24.83,25.1,+,0.21,54809176,1374130495.0,8979260,0,36649492,10956260,0,37512339,1977000,0,862847
20260508,2881,富邦金,94.5,96.9,94.1,96.7,+,2.2,58348270,5620496097.0,37499278,-6848620,221686,50261729,612000,1017686,12762451,7460620,796000
20260508,2317,鴻海,254.0,256.0,245.5,250.0,-,3.5,102375417,25681314188.0,30089479,342176,-1500275,68898629,378000,1088610,38809150,35824,2588885
20260508,00929,復華台灣科技優息,25.15,25.6,24.66,25.1,+,0.02,66359539,1674707435.0,-7961390,0,30550755,15482110,0,35278726,23443500,0,4727971
20260508,2892,第一金,29.4,29.6,29.05,29.5,+,0.35,39860395,1171402181.0,19114161,88600,151187,36575757,90000,448187,17461596,1400,297000
20260508,2883,凱基金,22.6,22.95,22.3,22.9,+,0.45,60958656,1388008282.0,17894986,358000,-133596,38568828,774000,1217550,20673842,416000,1351146
20260508,1216,統一,70.2,73.4,70.0,73.2,+,3.8,35053381,2529514661.0,16940647,767489,-78280,26622299,2698000,248720,9681652,1930511,327000
20260508,4906,正文,41.5,42.55,39.8,40.0,+,1.3,124068900,5195436286.0,16510679,0,138688,34576679,0,836188,18066000,0,697500
20260508,00713,元大台灣高息低波,54.35,54.8,54.35,54.75,+,0.45,19725911,1076966048.0,162821,0,14225315,1638545,0,14395315,1475724,0,170000
20260508,00900,富邦特選高股息30,16.76,17.0,16.65,16.92,+,0.25,18694145,315104415.0,6341714,0,7430103,7621001,0,9051777,1279287,0,1621674
20260508,2027,大成鋼,39.1,39.8,38.65,39.6,+,0.5,33348864,1308708830.0,12942158,-716000,1380744,17275287,200000,2471741,4333129,916000,1090997
20260508,00878,國泰永續高股息,27.87,28.13,27.54,27.82,-,0.07,115201554,3210861173.0,-2594961,0,15932914,7405939,0,41245086,10000900,0,25312172
20260508,00915,凱基優選高股息30,26.45,26.63,26.31,26.49,+,0.28,15615691,413666146.0,3026000,0,9280814,3645000,0,11407751,619000,0,2126937
20260508,2890,永豐金,31.15,31.3,30.6,31.0,+,0.1,35823012,1110753013.0,12193582,392662,-453886,25748186,553000,367243,13554604,160338,821129
20260508,2886,兆豐金,40.0,40.2,39.65,40.2,+,0.55,21349073,853951436.0,11720283,3110,-153687,17880204,10000,390313,6159921,6890,544000
20260508,6282,康舒,50.8,53.2,49.25,50.4,-,0.3,53598042,2762616219.0,10801572,0,247059,24689129,0,1389697,13887557,0,1142638
20260508,2882,國泰金,79.5,80.8,79.3,80.0,+,1.0,36917624,2953584280.0,16243801,-6258078,661231,30495163,60000,1182231,14251362,6318078,521000
20260508,6116,彩晶,9.37,9.77,9.02,9.2,-,0.2,84005911,789102527.0,10430150,0,8192,34214150,0,430583,23784000,0,422391
20260508,00882,中信中國高股息,15.97,16.02,15.91,16.01,+,0.04,11741821,187739512.0,1637000,0,7782484,1768000,0,7826455,131000,0,43971
20260508,3450,聯鈞,376.0,414.5,375.0,410.0,+,32.5,40990138,16386094651.0,9368887,0,-136351,19732377,0,714204,10363490,0,850555
20260508,2356,英業達,50.0,51.0,48.85,49.55,-,0.4,37330101,1859872047.0,9713498,-152000,-580713,22528495,7000,163571,12814997,159000,744284
20260508,2363,矽統,58.0,62.2,57.1,59.4,+,1.5,34532746,2075726229.0,8514473,0,262935,15051123,0,452154,6536650,0,189219
20260508,5388,中磊,80.6,86.0,80.6,85.1,+,4.8,17005673,1430069430.0,7934500,0,269926,11395000,0,395368,3460500,0,125442
20260508,3231,緯創,146.0,149.0,143.5,146.5,+,0.5,44206588,6459322047.0,7444098,-27000,87665,22719291,7000,732767,15275193,34000,645102
20260508,3033,威健,42.4,45.0,41.95,43.85,+,0.95,21596063,940273860.0,7812660,-28631,-372996,11432660,0,457256,3620000,28631,830252
20260508,2327,國巨*,390.0,400.0,369.5,389.0,+,17.5,96857168,37575899358.0,667438,6097156,51921,35464460,6223000,1587181,34797022,125844,1535260
20260508,3006,晶豪科,196.5,215.0,194.5,202.0,+,5.5,43461379,8909200586.0,6307447,0,-159342,17717666,0,381793,11410219,0,541135
20260508,8112,至上,87.0,90.5,85.2,89.3,+,2.4,30008808,2654499349.0,5489350,-503998,973600,12284350,0,1626774,6795000,503998,653174
20260508,2884,玉山金,32.5,32.5,31.9,32.5,+,0.4,40274456,1299079071.0,15786062,-9006898,-836494,31644653,40000,454820,15858591,9046898,1291314
20260508,2885,元大金,56.9,57.1,55.4,56.5,+,0.4,26118691,1468917361.0,4501244,288100,111867,16460924,1100000,523002,11959680,811900,411135
20260508,2313,華通,245.5,259.5,239.0,253.5,+,4.0,86924245,21754843681.0,3880095,892000,29766,31137122,892000,1278517,27257027,0,1248751
20260508,2891,中信金,57.0,57.0,55.6,56.4,+,0.2,56787112,3207526280.0,8763203,-3736286,-241795,40292600,1122000,1366995,31529397,4858286,1608790
20260508,00646,元大S&P500,72.8,72.8,72.5,72.55,-,0.45,8727645,633200216.0,2218545,0,2173971,2232645,0,4044000,14100,0,1870029
20260508,2542,興富發,39.5,40.1,39.5,40.0,+,0.6,9527576,380007644.0,4332270,21000,-12569,6644270,21000,46431,2312000,0,59000
20260508,2376,技嘉,316.0,323.5,304.5,317.0,+,8.0,21918327,6924074463.0,4094635,-108000,37145,10697454,1000,775231,6602819,109000,738086
20260508,2451,創見,313.0,330.0,301.5,312.5,+,10.0,22628468,7155955827.0,4261104,-383690,74285,10063438,0,229708,5802334,383690,155423
20260508,2301,光寶科,208.0,214.5,198.5,204.0,+,0.5,98460939,20399945595.0,10059376,-4807472,-1341233,50178917,180000,1071739,40119541,4987472,2412972
20260508,2103,台橡,19.95,21.15,19.8,20.3,+,1.05,23456135,489750454.0,3585987,0,28804,7222000,0,192672,3636013,0,163868
20260508,2867,三商壽,7.81,7.83,7.75,7.83,+,0.02,6736625,52567867.0,962000,0,2652000,2711000,0,2725000,1749000,0,73000
20260508,00939,統一台灣高息動能,18.36,18.37,17.96,18.08,-,0.21,8880705,161312871.0,2327050,0,1030072,3506050,0,3911785,1179000,0,2881713
20260508,3026,禾伸堂,313.5,330.0,297.0,330.0,+,30.0,22732968,7300786169.0,765452,2145000,257289,5197730,2291000,536101,4432278,146000,278812
20260508,3034,聯詠,464.0,498.0,455.5,498.0,+,45.0,20155564,9890044645.0,2025201,646109,312733,8252473,904000,838683,6227272,257891,525950
20260508,2395,研華,450.0,488.0,449.5,476.5,+,32.5,10464742,4995165389.0,2770319,49000,-16631,7912959,49000,91528,5142640,0,108159
20260508,8033,雷虎,152.5,164.0,152.5,159.0,+,7.5,12296051,1953462754.0,2627090,0,58000,4566100,0,133000,1939010,0,75000
20260508,2351,順德,179.5,183.0,170.0,183.0,+,16.5,14140300,2544595897.0,2711130,0,-47826,4735130,0,250452,2024000,0,298278
20260508,2606,裕民,65.3,66.5,64.9,65.0,-,0.1,6973994,456524328.0,3213406,-567000,-18260,4768104,1000,70916,1554698,568000,89176
20260508,00932,兆豐永續高息等權,16.62,16.79,16.59,16.7,+,0.1,3961880,66187427.0,-495000,0,3079430,127000,0,3463571,622000,0,384141
20260508,3714,富采,71.0,78.2,71.0,71.1,-,0.3,66254983,4950692134.0,2467953,0,82199,19496467,0,313094,17028514,0,230895
20260508,3048,益登,42.45,43.4,41.05,42.4,+,0.3,11908499,506062076.0,2299412,0,207592,4500155,0,275900,2200743,0,68308
20260508,2377,微星,100.5,103.5,98.9,100.0,-,1.0,13009977,1314912293.0,2559977,6000,-90285,6393089,6000,178874,3833112,0,269159
20260508,6165,浪凡,51.2,53.8,51.1,52.0,+,0.6,4250055,221244135.0,2392000,0,0,3195000,0,1000,803000,0,1000
20260508,2357,華碩,640.0,670.0,638.0,650.0,+,11.0,9024005,5913195261.0,3219819,-996764,47746,5556161,224000,199452,2336342,1220764,151706
20260508,5521,工信,12.1,12.25,11.2,11.55,-,0.45,12172904,140059625.0,2252100,0,4000,5196100,0,22000,2944000,0,18000
20260508,00930,永豐ESG低碳高息,21.39,21.7,21.15,21.51,+,0.15,5227511,112184602.0,203000,0,1963518,556000,0,4384547,353000,0,2421029
20260508,2634,漢翔,49.5,51.6,49.5,50.1,+,0.6,11067177,559705885.0,1988094,-5000,67983,4213094,0,104156,2225000,5000,36173
20260508,3706,神達,87.2,88.4,85.2,86.2,-,1.2,16332332,1416917123.0,2072962,-1902,-26746,5278160,0,220603,3205198,1902,247349
20260508,00909,國泰數位支付服務,47.72,47.8,47.32,47.52,-,1.15,4090026,193976807.0,1286000,0,754544,1566000,0,1075364,280000,0,320820
20260508,2393,億光,72.7,74.7,72.7,73.7,+,1.2,5034699,371605270.0,1334270,608185,31280,2921270,734000,71561,1587000,125815,40281
20260508,8926,台汽電,48.0,49.2,47.8,49.1,+,2.35,6852068,331928936.0,1883929,0,-24,2954129,0,18976,1070200,0,19000
20260508,3305,昇貿,118.5,119.5,110.5,115.0,-,3.5,5892560,680282792.0,1935374,0,-53830,2842424,0,204610,907050,0,258440
20260508,2897,王道銀行,10.15,10.15,10.1,10.15,+,0.05,2798687,28340974.0,1834219,0,45000,2030219,0,81000,196000,0,36000
20260508,2458,義隆,144.5,155.0,144.0,151.5,+,7.5,8538310,1291262023.0,2794070,-959805,37694,4607101,0,183315,1813031,959805,145621
20260508,4961,天鈺,161.5,174.0,160.5,170.0,+,9.0,4471411,759224840.0,1879942,0,-13387,2496992,0,48881,617050,0,62268
20260508,6695,芯鼎,48.95,52.9,48.55,52.9,+,4.75,7375991,384262197.0,1860400,0,1425,2714400,0,11469,854000,0,10044
20260508,8210,勤誠,1345.0,1415.0,1335.0,1415.0,+,125.0,6155787,8589372600.0,766455,1044000,-8727,1881305,1045000,233676,1114850,1000,242403
20260508,2404,漢唐,999.0,1050.0,996.0,1015.0,+,18.0,6940987,7130185100.0,1804164,-63000,54918,3265758,301000,334106,1461594,364000,279188
20260508,2312,金寶,28.6,29.8,27.7,27.95,-,0.6,44666989,1280218376.0,2934364,-726000,-419108,13218364,0,683590,10284000,726000,1102698
20260508,2108,南帝,27.5,29.25,27.3,28.5,+,1.7,4856018,137905032.0,1752000,0,30540,2345000,0,45540,593000,0,15000
20260508,2379,瑞昱,555.0,592.0,551.0,592.0,+,53.0,9246415,5419185809.0,1882431,-264000,117582,3670122,0,389130,1787691,264000,271548
20260508,00757,統一FANG+,124.85,125.0,124.6,124.9,+,0.45,2149800,268304065.0,277774,0,1430336,295824,0,1467336,18050,0,37000
20260508,3045,台灣大,110.0,110.5,109.5,110.0,,0.0,7901444,869840758.0,2494025,-840738,4972,4305110,16000,150852,1811085,856738,145880
20260508,6285,啟碁,250.0,270.0,241.5,247.5,-,8.5,49912937,12745796761.0,1580243,287000,-254674,18226389,1037000,409595,16646146,750000,664269
20260508,2610,華航,18.65,18.65,18.35,18.55,-,0.05,21303401,393887802.0,1960561,-313427,-37773,9108142,0,76000,7147581,313427,113773
20260508,6446,藥華藥,668.0,724.0,668.0,724.0,+,65.0,6129316,4375444773.0,1509300,0,65736,2418190,0,176127,908890,0,110391
20260508,3035,智原,178.5,185.0,173.0,178.0,-,3.0,10769382,1930776976.0,1528294,0,-21647,3642714,0,288919,2114420,0,310566
20260508,2382,廣達,343.5,345.5,335.5,340.5,-,3.5,17406713,5929009384.0,1384251,164851,-46663,9014610,266000,239216,7630359,101149,285879
20260508,4938,和碩,84.5,85.3,83.9,84.4,+,0.1,10969204,927841389.0,1926424,-428511,-18307,6313193,44000,184625,4386769,472511,202932
20260508,3014,聯陽,132.0,140.5,131.5,135.5,+,4.0,9650080,1318713833.0,1440063,-7516,2331,3080185,0,23419,1640122,7516,21088
20260508,00907,永豐優息存股,14.88,14.91,14.83,14.89,,0.0,1910735,28420746.0,314000,0,1070831,319000,0,1194836,5000,0,124005
20260508,6155,鈞寶,51.4,55.9,50.5,53.2,+,2.3,20993602,1126372139.0,1391673,0,-18547,5189800,0,184983,3798127,0,203530
20260508,4904,遠傳,95.5,96.4,94.8,95.9,+,0.5,8954831,858955669.0,913246,481000,-48268,6606258,1812000,64732,5693012,1331000,113000
20260508,2472,立隆電,198.5,221.5,197.5,221.5,+,20.0,10762892,2327126794.0,1318660,-359,237,3147150,0,186682,1828490,359,186445
20260508,00885,富邦越南,19.35,19.43,19.29,19.29,-,0.03,4929122,95428906.0,375070,0,941842,1178000,0,1892305,802930,0,950463
20260508,6919,康霈*,103.0,105.0,101.5,104.0,+,3.0,5302421,546710661.0,1316012,0,530,2823627,0,55348,1507615,0,54818
20260508,2645,長榮航太,160.0,169.0,160.0,164.0,+,5.0,3730569,617271592.0,1176217,-58000,127906,1782227,1000,168910,606010,59000,41004
20260508,00923,群益台ESG低碳50,38.36,38.75,37.92,38.35,-,0.33,5130832,196692470.0,-132980,0,1368632,482020,0,2496177,615000,0,1127545
20260508,00934,中信成長高股息,25.34,25.92,25.29,25.79,+,0.56,7058503,181396469.0,825000,0,388514,2060000,0,3200346,1235000,0,2811832
20260508,2338,光罩,54.0,57.0,50.2,51.5,-,2.8,22940351,1229516466.0,1278050,0,-130773,7604250,0,127192,6326200,0,257965
20260508,6505,台塑化,53.2,53.7,52.3,53.0,+,0.7,9478746,500774722.0,1070975,64611,3036,5592200,70000,202530,4521225,5389,199494
20260508,6414,樺漢,351.5,361.0,345.0,346.5,-,5.0,3040018,1067719130.0,1218250,-60000,-44068,1654250,0,49233,436000,60000,93301
20260508,2305,全友,17.8,17.8,17.2,17.8,+,1.6,9100241,161883506.0,1083000,0,-7379,1367000,0,27475,284000,0,34854
20260508,3532,台勝科,260.0,271.0,250.0,257.5,-,5.5,13841349,3585008124.0,536273,863000,-335038,4746056,863000,103885,4209783,0,438923
20260508,6789,采鈺,580.0,608.0,566.0,603.0,+,22.0,10024190,5927811712.0,1045648,13000,-5772,3073715,13000,132115,2028067,0,137887
20260508,2201,裕隆,27.9,28.25,27.7,27.75,+,0.05,4559425,127397935.0,1005132,0,-5681,2120222,0,20618,1115090,0,26299
20260508,00924,復華S&P500成長,31.45,31.56,31.45,31.49,+,0.05,1895243,59707884.0,355027,0,616199,372027,0,918999,17000,0,302800
20260508,3545,敦泰,54.0,59.2,54.0,56.7,+,2.8,8326854,479856196.0,849902,0,104334,2520000,0,147198,1670098,0,42864
20260508,00965,元大航太防衛科技,26.08,26.08,25.86,26.0,-,0.15,3855677,100088946.0,334000,-600000,1215511,380000,0,2674382,46000,600000,1458871
20260508,2633,台灣高鐵,26.6,26.65,26.35,26.55,+,0.2,5513444,146174188.0,914182,-7500,16000,3458280,0,61000,2544098,7500,45000
20260508,6214,精誠,126.0,128.0,125.0,125.5,+,0.5,1975688,250378726.0,912202,0,1288,1218288,0,6610,306086,0,5322
20260508,2328,廣宇,53.6,53.6,51.2,51.8,-,1.8,9667820,505825884.0,1086100,0,-205581,3046100,0,55000,1960000,0,260581
20260508,00712,復華富時不動產,9.06,9.06,9.02,9.03,-,0.03,18784238,169572473.0,-528,0,851197,2472,0,857999,3000,0,6802
20260508,2630,亞航,50.5,51.9,49.95,50.4,+,0.65,2732916,139393073.0,791999,0,-7893,1150999,0,25999,359000,0,33892
20260508,00971,野村美國研發龍頭,16.48,16.56,16.48,16.51,+,0.04,911544,15044206.0,46000,0,731375,54000,0,739375,8000,0,8000
20260508,8996,高力,1055.0,1065.0,1000.0,1015.0,-,60.0,3937724,4016694855.0,754806,-22401,36918,1917061,132000,174096,1162255,154401,137178
20260508,2208,台船,21.25,21.9,21.05,21.7,+,0.9,10171002,218608660.0,1105144,-4000,-335000,3166011,0,13000,2060867,4000,348000
20260508,6196,帆宣,398.0,429.0,398.0,410.0,+,17.0,6222739,2577843084.0,709859,-222,49060,2326260,0,137831,1616401,222,88771
20260508,6669,緯穎,4920.0,5250.0,4890.0,5200.0,+,320.0,4060772,20737937730.0,-70198,767239,55009,1490416,769401,212909,1560614,2162,157900
20260508,4967,十銓,296.0,309.5,283.5,298.0,+,1.0,17663841,5251675098.0,858741,0,-109593,5713678,0,111518,4854937,0,221111
20260508,6206,飛捷,121.0,123.5,117.5,119.0,+,2.0,5367458,647338323.0,714018,-6931,34699,1718018,0,85593,1004000,6931,50894
20260508,3013,晟銘電,105.5,108.0,104.0,107.0,+,2.0,3307219,352768809.0,617822,0,107065,1322822,0,123674,705000,0,16609
20260508,2727,王品,234.0,238.5,231.0,234.5,+,3.5,1561030,365053271.0,779710,-69243,1597,872710,48000,2960,93000,117243,1363
20260508,5607,遠雄港,50.0,52.6,50.0,51.9,+,3.6,2757481,142679476.0,728110,0,-38979,1084150,0,21,356040,0,39000
20260508,00936,台新永續高息中小,19.73,19.84,19.48,19.66,+,0.01,5081445,99956774.0,1000,0,674539,217000,0,2555805,216000,0,1881266
20260508,6443,元晶,41.4,41.4,39.05,39.95,-,0.25,3193755,128223015.0,667550,0,4000,1175000,0,8000,507450,0,4000
20260508,2646,星宇航空,20.6,20.7,20.4,20.6,,0.0,4015737,82467157.0,671228,0,-4017,1350228,0,38618,679000,0,42635
20260508,6197,佳必琪,231.0,231.5,217.0,218.5,-,13.0,5163534,1152490129.0,714338,0,-58700,1899338,0,60475,1185000,0,119175
20260508,6426,統新,234.0,262.0,231.0,262.0,+,23.5,6006348,1521760149.0,582900,0,66910,1507000,0,66910,924100,0,0
20260508,00735,國泰臺韓科技,96.5,96.8,94.45,95.3,-,1.45,4451961,425036293.0,254040,0,376396,445040,0,1221696,191000,0,845300
20260508,2428,興勤,182.0,193.0,178.0,190.5,+,2.0,3916661,735162185.0,603939,0,23950,1767939,0,53440,1164000,0,29490
20260508,2059,川湖,5320.0,5320.0,5185.0,5320.0,+,480.0,1475214,7837967775.0,402303,236665,-13448,503669,236665,60457,101366,0,73905
20260508,00717,富邦美國特別股,15.08,15.14,15.08,15.14,+,0.06,632986,9566204.0,578000,0,37000,584000,0,38000,6000,0,1000
20260508,6781,AES-KY,1180.0,1260.0,1180.0,1230.0,+,75.0,3561809,4371135985.0,590937,1,18665,1221913,1,110912,630976,0,92247
20260508,2912,統一超,229.5,233.5,229.0,232.0,+,3.5,3176895,735952889.0,686185,-83951,-2003,2796011,0,12997,2109826,83951,15000
20260508,3665,貿聯-KY,2760.0,2800.0,2710.0,2750.0,-,30.0,1930030,5312966295.0,531723,21000,-4691,1164483,204000,42951,632760,183000,47642
20260508,8163,達方,29.0,31.3,28.85,29.75,+,1.25,5398910,163539536.0,480209,0,57520,1790209,0,109637,1310000,0,52117
20260508,00895,富邦未來車,48.5,48.53,48.36,48.5,+,0.15,983655,47651909.0,226000,0,298594,282000,0,521594,56000,0,223000
20260508,2330,台積電,2300.0,2310.0,2265.0,2290.0,-,20.0,31730352,72760055995.0,-857673,1268992,107646,18585696,1451008,859603,19443369,182016,751957
20260508,8454,富邦媒,191.0,198.0,190.0,196.0,+,7.0,1665255,324124890.0,325454,161000,51,865212,161000,6051,539758,0,6000
20260508,6449,鈺邦,179.0,193.0,178.0,183.0,+,4.0,2827466,524841941.0,469167,-179,8253,885222,0,48587,416055,179,40334
20260508,2455,全新,335.0,341.0,329.0,337.0,-,5.0,2191135,731381199.0,506020,7000,-41053,1009065,7000,110922,503045,0,151975
20260508,1809,中釉,34.75,37.25,33.65,36.0,+,1.5,23648739,844327136.0,469055,0,1000,6342055,0,2000,5873000,0,1000
20260508,4912,聯德控股-KY,91.4,97.2,90.4,94.3,+,2.9,2058769,193634220.0,462985,0,0,936821,0,0,473836,0,0
20260508,6753,龍德造船,141.5,151.0,141.5,145.0,+,4.0,3707074,543999957.0,372060,0,84027,1060160,0,144469,688100,0,60442
20260508,3209,全科,55.1,56.2,53.5,55.0,+,0.3,2450625,134870625.0,449112,-2960,-5016,947112,0,4057,498000,2960,9073
20260508,6805,富世達,1925.0,2035.0,1900.0,1980.0,+,60.0,2786603,5541384025.0,241195,195200,3561,1277550,201200,67930,1036355,6000,64369
20260508,3592,瑞鼎,247.0,262.0,247.0,258.5,+,16.0,2731957,701205979.0,202370,206516,11729,983500,210000,37783,781130,3484,26054
20260508,6177,達麗,46.0,47.35,46.0,46.8,+,0.85,1554038,72751472.0,407011,0,13000,800011,0,13000,393000,0,0
20260508,3019,亞光,143.0,148.0,141.5,144.0,+,1.0,8286655,1200986562.0,370848,-497,49099,2318088,0,115459,1947240,497,66360
20260508,3055,蔚華科,84.3,95.7,84.3,91.2,+,4.2,10370498,932941249.0,318950,0,96168,2657700,0,197419,2338750,0,101251
20260508,8114,振樺電,188.0,198.5,188.0,198.5,+,18.0,3261620,641377256.0,366566,0,46338,833016,0,61954,466450,0,15616
20260508,3704,合勤控,35.9,36.35,35.0,35.3,-,0.1,2171276,77342520.0,413000,0,-5000,920000,0,5000,507000,0,10000
20260508,2385,群光,132.0,134.5,131.0,134.0,+,3.0,4902522,653151589.0,-274516,729311,-47659,1693131,1232000,21444,1967647,502689,69103
20260508,1563,巧新,43.8,44.05,43.0,43.9,+,0.35,1017603,44313022.0,403000,0,0,524000,0,0,121000,0,0
20260508,2049,上銀,322.0,324.5,308.0,319.5,+,1.5,6374214,2023174042.0,537864,-276,-138846,3002000,0,171839,2464136,276,310685
20260508,3550,聯穎,22.0,22.4,20.7,21.35,-,0.65,3453534,74433788.0,394200,0,179,1148700,0,7000,754500,0,6821
20260508,00701,國泰股利精選30,31.57,31.75,31.54,31.61,+,0.04,876367,27706688.0,17000,0,370589,40000,0,695245,23000,0,324656
20260508,4722,國精化,216.0,236.5,213.0,236.5,+,21.5,10764769,2452625172.0,492332,0,-111859,2800732,0,167915,2308400,0,279774
20260508,3533,嘉澤,2850.0,2850.0,2675.0,2700.0,-,150.0,1770467,4833188795.0,335953,91001,-50442,1101316,97001,19522,765363,6000,69964
20260508,3515,華擎,246.0,250.0,242.5,245.5,-,1.0,1409465,347653174.0,110970,0,261996,445000,0,278209,334030,0,16213
20260508,3413,京鼎,308.0,317.5,304.5,315.5,+,6.5,2846218,887032560.0,341725,0,20662,1299820,0,34374,958095,0,13712
20260508,00639,富邦深100,17.49,17.55,17.42,17.53,+,0.01,786119,13757450.0,-5000,0,361722,159000,0,522000,164000,0,160278
20260508,3016,嘉晶,120.0,120.0,110.5,117.0,-,1.5,3059056,351980806.0,260900,0,86969,676000,0,109500,415100,0,22531
20260508,2548,華固,125.0,125.5,122.0,123.5,-,1.0,2348796,289784192.0,-109279,414000,38837,687017,414000,49000,796296,0,10163
20260508,2520,冠德,29.5,30.25,29.25,30.05,+,0.6,1561111,46515283.0,345000,0,-3880,591000,0,25122,246000,0,29002
20260508,6409,旭隼,800.0,833.0,799.0,821.0,+,31.0,1620725,1325932309.0,306611,-2000,36427,1011077,0,41236,704466,2000,4809
20260508,00733,富邦臺灣中小,65.8,66.3,64.1,65.05,-,0.75,1701791,111278694.0,818936,0,-479834,1219000,0,308146,400064,0,787980
20260508,9910,豐泰,71.0,74.4,70.7,73.8,+,3.7,3581786,261672130.0,-217890,573863,-25050,1365245,592000,14000,1583135,18137,39050
20260508,3661,世芯-KY,4805.0,5000.0,4680.0,4890.0,+,95.0,3239543,15780426555.0,190539,117000,10333,1255908,124000,126286,1065369,7000,115953
20260508,3135,凌航,164.5,185.0,156.5,177.0,+,7.5,11066363,1847292208.0,337610,0,-22395,2465610,0,17538,2128000,0,39933
20260508,2069,運錩,19.6,20.0,19.4,19.6,+,0.7,908234,17854004.0,315017,0,-3000,386017,0,0,71000,0,3000
20260508,6526,達發,750.0,787.0,734.0,753.0,+,33.0,6700896,5102636780.0,13733,347000,-49670,2039080,347000,142285,2025347,0,191955
20260508,2436,偉詮電,73.3,74.5,70.5,72.0,-,2.0,6379087,461409679.0,489938,0,-181488,2033938,0,22000,1544000,0,203488
20260508,1590,亞德客-KY,1515.0,1515.0,1470.0,1505.0,+,15.0,1622930,2423518700.0,320136,2000,-15000,1437162,2000,32796,1117026,0,47796
20260508,2478,大毅,80.3,83.8,77.9,78.1,-,2.0,11626145,938604923.0,367685,0,-61924,3577068,0,11534,3209383,0,73458
20260508,1307,三芳,31.5,32.3,31.5,32.2,+,0.7,1464570,46783993.0,-170000,153582,320006,324000,153582,320006,494000,0,0
20260508,4178,永笙-KY,19.0,19.1,18.7,19.0,,0.0,1492221,28133699.0,295000,0,-640,301000,0,0,6000,0,640
20260508,00893,國泰智能電動車,43.79,43.79,43.52,43.6,-,0.29,619120,27000137.0,-1000,0,294313,15000,0,331000,16000,0,36687
20260508,00926,凱基全球菁英55,24.84,24.85,24.8,24.83,-,0.02,615809,15284438.0,6000,0,280945,6000,0,517000,0,0,236055
20260508,00731,復華富時高息低波,75.2,75.65,75.1,75.55,+,0.85,729222,55014121.0,316869,0,-42743,324000,0,372057,7131,0,414800
20260508,1810,和成,18.6,19.25,18.45,18.5,-,0.05,3210929,60153200.0,285885,-15606,796,816000,0,5000,530115,15606,4204
20260508,6192,巨路,121.5,126.5,121.5,124.0,+,2.5,788416,98280412.0,361020,0,-94078,407020,0,6922,46000,0,101000
20260508,00951,台新日本半導體,17.09,17.18,16.88,17.08,+,0.03,2704808,45977356.0,-234000,0,497235,25000,0,1042000,259000,0,544765
20260508,00960,野村全球航運龍頭,17.7,17.7,17.55,17.56,-,0.19,752534,13227336.0,-63000,0,326097,0,0,531000,63000,0,204903
20260508,7769,鴻勁,5885.0,6040.0,5770.0,5800.0,-,35.0,1128305,6660855280.0,281679,-21000,-8711,703651,85000,31889,421972,106000,40600
20260508,6830,汎銓,881.0,884.0,787.0,787.0,-,87.0,2939296,2413544623.0,257802,0,-12074,855057,0,72486,597255,0,84560
20260508,2360,致茂,2325.0,2370.0,2210.0,2230.0,-,95.0,4059124,9194054510.0,248050,71675,-74293,2903833,115002,46412,2655783,43327,120705
20260508,2302,麗正,20.15,20.35,19.1,19.55,-,0.6,1144345,22585527.0,243033,0,-1000,470033,0,1000,227000,0,2000
20260508,2015,豐興,62.5,62.8,61.8,62.5,,0.0,474805,29568228.0,282098,-36000,-7000,392098,0,8000,110000,36000,15000
20260508,1444,力麗,5.97,6.02,5.97,6.0,+,0.02,721460,4326313.0,239038,0,0,266038,0,13000,27000,0,13000
20260508,2352,佳世達,25.1,25.4,24.8,24.85,-,0.35,5032164,125941753.0,237498,0,-6422,2188000,0,5000,1950502,0,11422
20260508,2332,友訊,14.2,14.55,13.9,13.95,-,0.25,3873771,54932876.0,210000,0,7906,1595000,0,24000,1385000,0,16094
20260508,00692,富邦公司治理,84.9,85.4,84.05,85.05,-,0.25,1382137,117304278.0,-133000,0,349684,136000,0,869874,269000,0,520190
20260508,3716,中化控股,34.45,35.2,34.1,35.0,+,0.4,867830,30056520.0,214067,0,0,441067,0,0,227000,0,0
20260508,2836,高雄銀,11.95,11.95,11.85,11.9,-,0.05,835414,9951603.0,235089,0,-23000,433089,0,34000,198000,0,57000
20260508,3057,喬鼎,21.35,22.2,20.75,21.6,+,0.3,934905,20140264.0,212522,0,-2000,312522,0,0,100000,0,2000
20260508,2440,太空梭,17.7,17.9,16.5,16.75,-,0.75,1341194,22758613.0,201069,0,2000,426069,0,3000,225000,0,1000
20260508,4566,時碩工業,68.8,70.5,65.3,67.2,-,1.8,1503795,101397205.0,202051,0,42,556051,0,3000,354000,0,2958
20260508,00905,FT臺灣Smart,24.88,25.03,24.46,24.82,-,0.12,2108797,52285924.0,-59000,0,259803,164000,0,896424,223000,0,636621
20260508,9934,成霖,9.15,9.28,9.1,9.27,+,0.12,808408,7438938.0,202769,0,-3000,436769,0,0,234000,0,3000
20260508,9940,信義,19.6,19.75,19.55,19.6,-,0.15,741327,14554542.0,214000,0,-16000,330000,0,10000,116000,0,26000
20260508,8045,達運光電,72.5,75.4,72.5,73.3,+,0.9,405786,30144045.0,196756,0,671,249756,0,2002,53000,0,1331
20260508,1460,宏遠,7.26,7.33,7.25,7.25,-,0.03,942538,6867943.0,200024,0,-4000,333024,0,0,133000,0,4000
20260508,2101,南港,34.7,34.95,34.05,34.5,-,0.2,1039087,35872088.0,198230,0,-8000,467172,0,14000,268942,0,22000
20260508,1626,艾美特-KY,11.2,11.2,10.9,10.95,-,0.2,251217,2759133.0,188000,0,2000,215000,0,2000,27000,0,0
20260508,5222,全訊,137.0,142.0,136.5,139.0,+,2.5,1191807,165706131.0,174000,-1000,16730,419000,0,27834,245000,1000,11104
20260508,7788,松川精密,172.0,182.5,170.5,176.0,+,4.5,1097040,195063663.0,190642,0,-1848,381642,0,5950,191000,0,7798
20260508,00949,復華日本龍頭,19.79,19.85,19.66,19.76,-,0.14,2086124,41222710.0,27435,0,160516,117000,0,1551117,89565,0,1390601
20260508,6768,志強-KY,83.5,87.5,83.5,87.5,+,3.1,1345888,116035816.0,65086,121286,1000,638086,130000,10817,573000,8714,9817
20260508,00770,國泰北美科技,62.15,62.6,62.15,62.4,-,0.05,502704,31366709.0,161000,0,20698,165000,0,116698,4000,0,96000
20260508,5471,松翰,44.2,45.95,43.1,45.35,+,1.25,1866419,83634582.0,183000,0,-4000,666000,0,2000,483000,0,6000
20260508,3046,建碁,50.5,52.4,49.65,50.6,+,0.95,804968,40876760.0,136500,0,40111,248500,0,43000,112000,0,2889
20260508,5285,界霖,58.4,62.3,57.1,61.7,+,4.1,1669682,100504212.0,175700,0,-1000,479700,0,2000,304000,0,3000
20260508,3051,力特,27.25,27.35,25.8,26.0,-,1.15,3312105,87364323.0,172000,0,1532,808000,0,8000,636000,0,6468
20260508,00921,兆豐龍頭等權重,21.39,21.58,21.25,21.4,+,0.01,268851,5754879.0,100000,0,70838,126000,0,102311,26000,0,31473
20260508,00944,野村趨勢動能高息,18.66,18.75,18.38,18.6,-,0.06,1285873,23879368.0,-348000,0,514114,118000,0,1083214,466000,0,569100
20260508,00899,FT潔淨能源,26.5,26.5,26.05,26.07,-,0.62,624015,16355033.0,-21000,0,183200,18000,0,323278,39000,0,140078
20260508,00643,群益深証中小,20.09,20.27,20.07,20.21,+,0.01,1749067,35195063.0,-26000,0,188087,0,0,1683157,26000,0,1495070
20260508,6166,凌華,85.0,88.7,84.1,87.3,+,0.8,4415815,383593019.0,-3700,0,164400,1681100,0,257201,1684800,0,92801
20260508,2923,鼎固-KY,27.0,29.0,26.55,28.25,+,1.25,207164,5750876.0,156000,0,3000,176200,0,4000,20200,0,1000
20260508,00903,富邦元宇宙,20.0,20.21,20.0,20.16,+,0.27,418993,8450589.0,78000,0,78775,78000,0,277775,0,0,199000
20260508,6834,天二科技,48.0,48.1,45.8,48.1,+,4.35,5906614,281817988.0,170000,0,-14775,808000,0,12757,638000,0,27532
20260508,2849,安泰銀,14.15,14.15,13.95,14.1,+,0.15,180683,2538023.0,127000,0,28000,131000,0,28000,4000,0,0
20260508,3041,揚智,24.75,25.4,24.1,24.3,-,0.35,1936162,47827139.0,156800,0,-2147,661800,0,4000,505000,0,6147
20260508,2401,凌陽,25.55,26.35,24.65,25.3,-,0.1,11519199,295168261.0,156000,0,-1980,4257000,0,63562,4101000,0,65542
20260508,2014,中鴻,18.3,18.3,17.75,17.85,-,0.35,3449416,61773628.0,153306,0,0,1102306,0,17000,949000,0,17000
20260508,00902,中信電池及儲能,17.46,17.52,17.24,17.26,-,0.2,1343059,23306471.0,-56000,0,207209,25000,0,382000,81000,0,174791
20260508,3022,威強電,75.3,76.2,73.7,73.7,-,1.6,1200946,89697010.0,153000,0,-3531,444000,0,2001,291000,0,5532
20260508,2414,精技,48.25,49.9,48.2,48.9,+,0.6,548027,26885870.0,146000,0,-2000,240000,0,0,94000,0,2000
20260508,3028,增你強,76.2,81.5,75.0,79.8,+,3.8,9299422,729977284.0,153219,0,-9900,2758326,0,65859,2605107,0,75759
20260508,2258,鴻華先進-創,28.95,29.8,28.6,28.7,+,0.4,1295807,37580478.0,144000,0,-3330,468000,0,33095,324000,0,36425
20260508,2538,基泰,9.89,10.05,9.89,9.96,+,0.07,299016,2975232.0,140000,0,-2000,155000,0,0,15000,0,2000
20260508,00938,凱基優選30,21.29,21.43,21.28,21.4,+,0.12,1862221,39760774.0,-448000,0,585241,0,0,1698571,448000,0,1113330
20260508,6525,捷敏-KY,108.0,113.5,104.5,106.5,-,3.0,2029485,220564455.0,178050,-18147,-25020,639050,0,2000,461000,18147,27020
20260508,6189,豐藝,48.5,49.2,48.2,49.0,+,0.65,745446,36368339.0,148000,-14759,1000,314000,0,3000,166000,14759,2000
20260508,1218,泰山,19.1,19.2,19.0,19.1,+,0.05,794440,15185086.0,130330,0,1000,268330,0,7000,138000,0,6000
20260508,2072,世紀風電,180.0,183.5,177.5,180.5,+,1.5,478389,86099574.0,90996,40000,0,174018,40000,0,83022,0,0
20260508,8213,志超,38.0,38.5,37.45,38.0,+,0.1,1122368,42832716.0,125000,0,2508,436000,0,4508,311000,0,2000
20260508,6176,瑞儀,102.0,106.0,101.5,104.5,+,2.5,7469421,777501745.0,200488,-109456,31899,2614310,10000,121968,2413822,119456,90069
20260508,5434,崇越,428.0,434.0,420.5,423.0,+,4.5,1255271,534935672.0,43508,81000,-3507,424034,92000,13147,380526,11000,16654
20260508,00897,富邦基因免疫生技,9.87,9.87,9.75,9.75,-,0.24,1262472,12337944.0,-507000,0,627464,0,0,735000,507000,0,107536
20260508,6715,嘉基,442.0,450.5,423.5,445.0,-,22.0,2156817,942324357.0,-399490,519000,755,505510,519000,16000,905000,0,15245
20260508,2450,神腦,29.7,29.95,29.7,29.9,+,0.2,210882,6292895.0,96000,0,22000,116000,0,25000,20000,0,3000
20260508,9942,茂順,120.5,122.0,120.0,121.5,+,1.5,209940,25392048.0,115653,0,0,121653,0,0,6000,0,0
20260508,6024,群益期,58.4,58.4,57.9,58.2,,0.0,258284,15011632.0,115072,0,0,143072,0,0,28000,0,0
20260508,2547,日勝生,10.3,10.35,10.25,10.3,+,0.05,1522202,15666015.0,125000,0,-10000,459000,0,0,334000,0,10000
20260508,00752,中信中國50,24.5,24.5,24.26,24.3,-,0.15,749583,18230568.0,-46000,0,159887,7000,0,329000,53000,0,169113
20260508,2545,皇翔,38.55,38.95,38.4,38.95,-,0.05,418167,16184479.0,92190,0,19000,167190,0,26000,75000,0,7000
20260508,5269,祥碩,1360.0,1440.0,1360.0,1410.0,+,40.0,3488152,4903621830.0,1952,5001,104141,1297310,5001,181767,1295358,0,77626
20260508,2427,三商電,21.35,22.0,21.3,21.55,+,0.2,843956,18128434.0,113000,0,-3000,390000,0,0,277000,0,3000
20260508,3003,健和興,55.7,56.8,55.3,55.8,+,0.1,863154,48521955.0,108976,0,326,295040,0,2326,186064,0,2000
20260508,1735,日勝化,26.0,26.4,25.15,25.4,-,0.5,700394,17890050.0,107679,0,1384,232700,0,9000,125021,0,7616
20260508,4555,氣立,42.1,43.1,41.4,42.65,+,0.65,367604,15582105.0,108039,0,0,170039,0,0,62000,0,0
20260508,1519,華城,894.0,939.0,876.0,896.0,+,5.0,5195517,4725363212.0,-28243,24674,108240,1731324,25000,220138,1759567,326,111898
20260508,00916,國泰全球品牌50,27.6,27.67,27.6,27.64,+,0.04,182245,5036663.0,46000,0,57470,47000,0,61470,1000,0,4000
20260508,00645,富邦日本,53.85,53.9,53.45,53.9,-,0.35,334197,17933811.0,19,0,102447,19,0,257000,0,0,154553
20260508,2359,所羅門,120.5,124.0,118.0,119.5,-,1.0,1773337,213748829.0,98750,0,3291,508061,0,14601,409311,0,11310
20260508,3025,星通,63.7,66.2,62.8,63.3,-,0.2,1119876,72057721.0,103400,0,-2196,430400,0,2000,327000,0,4196
20260508,1907,永豐餘,24.2,24.2,23.95,24.05,,0.0,1062337,25536615.0,109000,-9923,2000,462000,0,25000,353000,9923,23000
20260508,2832,台產,52.8,53.8,52.7,53.6,+,0.9,319750,16990556.0,75114,0,25895,125114,0,26895,50000,0,1000
20260508,6901,鑽石投資,13.3,13.3,13.0,13.0,-,0.2,657104,8598199.0,99000,0,1000,197000,0,2000,98000,0,1000
20260508,2453,凌群,55.0,55.5,54.2,54.6,-,0.4,336462,18495577.0,98798,0,0,128798,0,1000,30000,0,1000
20260508,00737,國泰AI機器人,36.64,36.84,36.64,36.84,+,0.2,208277,7663753.0,35000,0,61589,36000,0,77110,1000,0,15521
20260508,1611,中電,11.9,12.1,11.85,11.9,,0.0,607072,7254120.0,106000,0,-10684,227000,0,10000,121000,0,20684
20260508,1103,嘉泥,13.4,13.6,13.4,13.4,-,0.05,202306,2725663.0,96000,0,-1000,111000,0,9000,15000,0,10000
20260508,9917,中保科,114.0,114.0,113.0,114.0,+,0.5,299167,34002900.0,32528,63000,-1000,107051,64000,6000,74523,1000,7000
20260508,2491,吉祥全,18.8,21.1,18.8,21.1,+,1.9,2414190,48882473.0,91000,0,3165,508000,0,5165,417000,0,2000
20260508,3528,安馳,89.5,92.6,87.6,91.0,+,2.5,1489525,134755463.0,93510,0,0,440510,0,0,347000,0,0
20260508,1909,榮成,9.19,9.25,9.11,9.17,+,0.01,2371119,21753674.0,107999,0,-15000,876000,0,22000,768001,0,37000
20260508,7610,聯友金屬-創,762.0,825.0,750.0,792.0,+,33.0,1187186,940915451.0,119728,0,-27081,321948,0,35263,202220,0,62344
20260508,2537,聯上發,10.55,10.55,10.25,10.25,-,0.25,621814,6443416.0,94000,0,-3000,214000,0,2000,120000,0,5000
20260508,3311,閎暉,32.6,32.85,31.8,32.4,+,0.85,372960,12081451.0,88704,0,1717,155732,0,2717,67028,0,1000
20260508,00943,兆豐電子高息等權,18.8,19.06,18.62,18.86,+,0.08,213868,4032457.0,99000,0,-11403,129000,0,20144,30000,0,31547
20260508,1714,和桐,9.15,9.36,9.15,9.23,+,0.09,2594650,24007530.0,85000,0,2439,883000,0,2942,798000,0,503
20260508,2420,新巨,55.0,56.0,55.0,55.5,,0.0,695633,38615293.0,89058,0,-2000,256058,0,5000,167000,0,7000
20260508,0055,元大MSCI金融,34.22,34.45,33.98,34.39,+,0.17,290682,9954311.0,-7000,0,92221,1000,0,118022,8000,0,25801
20260508,2908,特力,20.95,20.95,20.7,20.9,+,0.1,287561,6002260.0,82000,0,0,98000,0,0,16000,0,0
20260508,8429,金麗-KY,6.55,6.58,6.49,6.53,-,0.02,238344,1553173.0,82000,0,0,87000,0,0,5000,0,0
20260508,1229,聯華,41.75,42.35,41.75,42.15,+,0.45,3007407,126582167.0,80196,0,-426,979857,0,27998,899661,0,28424
20260508,7750,新代,2610.0,2710.0,2545.0,2545.0,-,60.0,457167,1198364900.0,72561,0,5433,199561,0,9239,127000,0,3806
20260508,3443,創意,5465.0,5555.0,5210.0,5210.0,-,240.0,2898906,15622703065.0,-176659,367000,-116337,1097673,367000,65490,1274332,0,181827
20260508,4571,鈞興-KY,197.5,197.5,185.0,190.0,-,7.5,875632,166488331.0,81156,0,-7236,258160,0,1071,177004,0,8307
20260508,2467,志聖,555.0,564.0,524.0,537.0,-,17.0,1940823,1051195795.0,107152,17000,-50643,726152,26000,27422,619000,9000,78065
20260508,2801,彰銀,21.05,21.1,20.8,20.95,+,0.05,18931502,395787083.0,717836,-715122,68000,9611206,22000,271000,8893370,737122,203000
20260508,1533,車王電,34.8,35.95,33.0,33.85,-,0.05,978234,33434733.0,77753,0,-9000,245753,0,0,168000,0,9000
20260508,8341,日友,75.5,76.0,74.9,75.8,+,0.3,301182,22733449.0,66900,0,1000,130900,0,3000,64000,0,2000
20260508,2483,百容,24.1,24.4,23.3,23.8,+,0.1,453504,10856358.0,66700,0,1000,172700,0,2000,106000,0,1000
20260508,1449,佳和,13.2,13.3,12.85,12.95,-,0.15,1191208,15561940.0,66900,0,-9,369900,0,0,303000,0,9
20260508,1608,華榮,34.6,35.1,33.75,34.0,-,0.3,5032660,173246040.0,209000,-28606,-114281,1569000,0,31803,1360000,28606,146084
20260508,6757,台灣虎航,56.0,60.0,55.7,57.0,+,1.8,7144245,412534056.0,41922,0,23445,2023059,0,59446,1981137,0,36001
20260508,00850,元大臺灣ESG永續,82.3,82.7,81.05,82.2,-,0.3,928465,76163249.0,-73925,0,139045,104075,0,312086,178000,0,173041
20260508,7786,東方風能,139.5,141.5,137.5,139.5,+,2.0,215432,29992876.0,65000,0,0,90000,0,0,25000,0,0
20260508,6668,中揚光,37.75,38.0,36.6,36.7,-,1.5,503430,18734257.0,62600,0,0,163600,0,1000,101000,0,1000
20260508,6115,鎰勝,47.8,48.1,47.65,47.85,+,0.05,274966,13162962.0,59000,0,0,81000,0,2000,22000,0,2000
20260508,00678,群益那斯達克生技,36.06,36.06,35.55,35.59,-,0.73,179403,6394358.0,-27000,0,85495,0,0,140014,27000,0,54519
20260508,2486,一詮,278.0,289.0,277.5,281.5,+,3.5,2255138,635499702.0,53151,0,5130,794151,0,52500,741000,0,47370
20260508,4942,嘉彰,38.05,38.3,37.9,38.05,+,0.15,101501,3869686.0,58000,0,0,60000,0,2000,2000,0,2000
20260508,6835,圓裕,37.25,38.5,37.25,38.4,+,0.9,341557,12985091.0,57500,0,0,156500,0,0,99000,0,0
20260508,4137,麗豐-KY,108.0,108.0,106.0,107.5,,0.0,202153,21609026.0,57500,0,-4,77000,0,1000,19500,0,1004
20260508,2204,中華,55.3,55.5,54.4,54.4,-,0.6,951391,52147984.0,-111956,167677,0,238044,184000,8000,350000,16323,8000
20260508,2029,盛餘,20.25,20.25,20.05,20.1,-,0.05,176664,3555082.0,57000,0,-2000,77000,0,7000,20000,0,9000
20260508,1464,得力,10.1,10.1,9.99,10.0,-,0.05,430720,4315132.0,57000,0,-2000,156000,0,7000,99000,0,9000
20260508,1762,中化生,38.75,38.75,38.75,38.75,+,3.5,1200197,46507547.0,-3000,0,55965,0,0,120965,3000,0,65000
20260508,1438,三地開發,20.4,22.1,20.0,20.45,+,0.35,711649,15247638.0,47800,0,5004,311800,0,18004,264000,0,13000
20260508,9905,大華,21.45,21.5,21.2,21.3,+,0.1,96005,2049582.0,52000,0,0,63000,0,0,11000,0,0
20260508,2705,六福,16.05,16.1,15.85,15.9,-,0.2,512166,8179670.0,50973,0,1000,104000,0,1000,53027,0,0
20260508,2704,國賓,42.7,42.7,42.0,42.5,+,0.5,109151,4610953.0,57021,0,-6000,92021,0,0,35000,0,6000
20260508,8072,陞泰,28.9,29.2,28.2,28.75,+,0.25,253492,7254337.0,50582,0,23,113600,0,23,63018,0,0
20260508,1210,大成,52.2,52.9,52.2,52.9,+,0.6,1921851,101114966.0,266147,-214000,-2659,837147,0,15000,571000,214000,17659
20260508,0061,元大寶滬深,24.86,24.97,24.69,24.82,-,0.1,186776,4627028.0,68000,0,-18541,69000,0,7066,1000,0,25607
20260508,2007,燁興,7.38,7.4,7.28,7.37,-,0.01,426289,3124627.0,45000,0,4000,102000,0,5000,57000,0,1000
20260508,6799,來頡,88.8,90.7,87.0,88.9,,0.0,363924,32407348.0,47300,0,634,139300,0,1879,92000,0,1245
20260508,8438,昶昕,90.0,90.0,85.9,89.8,-,0.6,642199,56765766.0,47500,0,0,226500,0,0,179000,0,0
20260508,2762,世界健身-KY,74.5,76.0,72.9,74.0,+,0.1,181448,13499325.0,47800,0,-1000,53800,0,0,6000,0,1000
20260508,6491,晶碩,281.5,285.5,280.0,283.0,-,1.0,361759,101938790.0,48492,0,-2080,151500,0,1000,103008,0,3080
20260508,4764,雙鍵,350.5,350.5,330.0,340.0,+,10.0,424580,143041077.0,46708,0,-1000,110000,0,2000,63292,0,3000
20260508,6281,全國電,50.5,51.1,50.1,51.0,+,1.0,194012,9808203.0,47700,0,-2000,93700,0,0,46000,0,2000
20260508,1709,和益,18.5,18.8,18.5,18.65,+,0.15,476966,8897909.0,50000,0,-5000,172000,0,6000,122000,0,11000
20260508,1219,福壽,13.4,13.45,13.35,13.4,,0.0,334222,4475762.0,45000,0,0,134000,0,5000,89000,0,5000
20260508,5258,虹堡,48.95,53.3,48.9,53.3,+,4.8,2531194,130912324.0,42000,0,2449,624000,0,9449,582000,0,7000
20260508,5234,達興材料,396.5,424.5,396.5,408.0,+,9.5,1110916,454939950.0,32805,0,11410,427072,0,73305,394267,0,61895
20260508,5203,訊連,65.2,66.6,65.2,65.6,+,0.4,223344,14735036.0,44058,0,0,92058,0,1000,48000,0,1000
20260508,4440,宜新實業,17.7,18.1,17.6,18.1,+,0.4,105070,1878320.0,44000,0,0,46000,0,0,2000,0,0
20260508,2432,倚天酷碁-創,27.25,27.75,27.2,27.6,+,0.35,124483,3424776.0,46400,0,-2400,51400,0,1000,5000,0,3400
20260508,1201,味全,12.45,12.45,12.3,12.4,+,0.05,401495,4964785.0,41000,0,3000,188000,0,15000,147000,0,12000
20260508,00661,元大日經225,81.3,81.3,80.4,80.95,-,0.65,134189,10845152.0,-4000,0,47726,0,0,78488,4000,0,30762
20260508,4737,華廣,58.8,59.5,58.3,58.8,+,0.3,124629,7347774.0,43000,0,0,73000,0,0,30000,0,0
20260508,2466,冠西電,53.2,54.6,50.0,50.4,-,2.8,790479,41050273.0,44000,0,-1000,161000,0,1000,117000,0,2000
20260508,3669,圓展,40.0,41.15,39.2,39.5,-,0.1,283127,11360662.0,42642,0,0,103642,0,0,61000,0,0
20260508,6863,永道-KY,101.5,103.5,101.5,103.0,+,1.5,104493,10718066.0,42522,0,39,51522,0,1039,9000,0,1000
20260508,4585,達明,338.0,345.5,327.0,329.5,-,8.0,585354,196045140.0,20605,0,21889,127705,0,29322,107100,0,7433
20260508,3705,永信,55.5,55.5,55.1,55.3,-,0.1,114070,6307149.0,42000,0,430,68000,0,1000,26000,0,570
20260508,6722,輝創,40.55,40.9,40.05,40.7,+,0.4,112106,4560431.0,40800,0,0,44800,0,0,4000,0,0
20260508,9937,全國,56.8,57.2,56.8,57.1,+,0.3,47123,2685978.0,39000,0,1307,45000,0,1307,6000,0,0
20260508,1732,毛寶,26.9,27.65,26.5,26.5,+,0.1,747810,20219819.0,40300,0,0,158300,0,0,118000,0,0
20260508,2820,華票,16.85,16.9,16.75,16.85,,0.0,1088081,18321911.0,40073,0,0,274073,0,18000,234000,0,18000
20260508,2723,美食-KY,66.4,67.1,65.6,66.8,+,0.5,275602,18305535.0,39069,0,1000,94094,0,3000,55025,0,2000
20260508,2243,宏旭-KY,23.8,23.8,23.8,23.8,-,2.6,2037725,48497827.0,39500,0,0,39500,0,0,0,0,0
20260508,4560,強信-KY,35.3,35.6,34.95,35.2,-,0.45,351032,12405538.0,39000,0,0,219000,0,0,180000,0,0
20260508,3043,科風,20.1,20.8,20.1,20.35,+,0.45,198633,4048731.0,39300,0,-1000,62300,0,1000,23000,0,2000
20260508,2471,資通,52.9,53.7,52.9,53.1,+,0.2,191080,10175867.0,37400,0,0,73400,0,0,36000,0,0
20260508,6216,居易,23.45,23.9,23.35,23.85,+,0.4,367627,8679134.0,43000,0,-6000,120000,0,3000,77000,0,9000
20260508,6776,展碁國際,59.0,59.8,57.8,58.3,+,0.5,526419,30856686.0,36600,0,0,184600,0,0,148000,0,0
20260508,2109,華豐,14.0,14.0,13.95,14.0,,0.0,108031,1510528.0,36000,0,0,36000,0,0,0,0,0
20260508,2431,聯昌,10.85,11.15,10.75,10.8,-,0.05,555230,6068859.0,34800,0,340,228800,0,1000,194000,0,660
20260508,1558,伸興,91.3,91.7,91.1,91.3,,0.0,76239,6966138.0,35400,-383,0,40400,0,1000,5000,383,1000
20260508,1457,宜進,14.65,14.65,14.5,14.5,-,0.05,99567,1445959.0,35000,0,0,36000,0,0,1000,0,0
20260508,4807,日成-KY,20.6,21.65,20.55,21.55,+,0.45,147157,3125770.0,35000,0,0,59000,0,2000,24000,0,2000
20260508,1324,地球,10.25,10.35,10.2,10.3,+,0.1,149932,1542695.0,33500,0,0,38500,0,0,5000,0,0
20260508,00875,國泰網路資安,42.09,42.59,42.09,42.58,+,0.52,66616,2833807.0,38695,0,-5333,42000,0,17667,3305,0,23000
20260508,00908,富邦入息REITs+,14.3,14.31,14.28,14.29,-,0.04,79539,1137023.0,16000,0,16811,16000,0,38000,0,0,21189
20260508,2852,第一保,26.2,26.25,26.1,26.15,+,0.05,187394,4898893.0,40000,-2253,-5000,70000,0,0,30000,2253,5000
20260508,2913,農林,11.3,11.35,11.15,11.25,-,0.05,1645182,18479059.0,34000,0,-1366,412000,0,11000,378000,0,12366
20260508,3617,碩天,196.5,198.5,194.0,197.0,+,2.0,277034,54589437.0,33700,0,-1501,92700,0,1332,59000,0,2833
20260508,1109,信大,15.45,15.45,15.4,15.4,,0.0,122570,1891915.0,31000,0,1000,72000,0,4000,41000,0,3000
20260508,1110,東泥,15.25,15.35,14.85,15.0,-,0.1,125657,1888911.0,37000,0,-5000,73000,0,1000,36000,0,6000
20260508,8162,微矽電子-創,56.1,58.9,53.9,54.7,-,1.5,898690,50405661.0,24500,0,7426,234500,0,33158,210000,0,25732
20260508,3021,鴻名,16.4,16.5,16.25,16.3,+,0.05,129031,2108793.0,26700,0,5000,29700,0,5000,3000,0,0
20260508,8222,寶一,37.7,39.0,37.2,37.95,+,0.7,736620,28090918.0,31500,0,0,265500,0,0,234000,0,0
20260508,9924,福興,43.5,43.65,43.25,43.3,-,0.1,95959,4167760.0,32001,-883,0,38011,0,2000,6010,883,2000
20260508,1108,幸福,14.65,14.65,14.55,14.55,-,0.05,141483,2064422.0,31000,0,0,40000,0,0,9000,0,0
20260508,1227,佳格,28.95,29.15,28.9,29.05,+,0.2,581438,16879382.0,35000,0,-4000,193000,0,15000,158000,0,19000
20260508,1540,喬福,21.15,21.4,20.6,20.9,-,0.25,285802,5979391.0,25599,0,5000,88600,0,5000,63001,0,0
20260508,00876,元大全球5G,82.75,82.8,82.1,82.4,-,0.95,156034,12859121.0,-11994,0,42283,2006,0,64788,14000,0,22505
20260508,1597,直得,181.0,181.0,166.0,173.0,-,7.5,1606201,275932341.0,39000,0,-9259,220600,0,8000,181600,0,17259
20260508,6902,GOGOLOOK,102.5,103.5,100.0,103.0,+,0.5,156220,15877233.0,29254,0,0,48254,0,0,19000,0,0
20260508,1232,大統益,148.0,149.0,147.5,148.0,,0.0,154961,22986379.0,30024,0,-1000,57024,0,3000,27000,0,4000
20260508,1806,冠軍,8.29,8.29,8.2,8.25,+,0.03,248201,2039427.0,30000,0,-1000,105000,0,4000,75000,0,5000
20260508,1773,勝一,176.5,178.0,171.5,172.5,-,4.0,885777,154044498.0,45025,0,-16330,315049,0,6908,270024,0,23238
20260508,2033,佳大,15.1,15.2,14.9,15.2,+,0.05,163720,2461063.0,25600,0,3000,38600,0,3000,13000,0,0
20260508,6796,晉弘,69.7,70.9,68.7,69.7,,0.0,111303,7714514.0,28300,0,0,53300,0,0,25000,0,0
20260508,5525,順天,23.15,23.5,23.1,23.5,+,0.35,88989,2073232.0,31000,0,-3000,48000,0,0,17000,0,3000
20260508,2608,嘉里大榮,30.1,30.1,29.95,30.0,,0.0,357470,10723265.0,27000,0,1000,132000,0,5000,105000,0,4000
20260508,1903,士紙,49.55,49.85,49.25,49.3,-,0.2,147554,7303356.0,29000,0,-1000,62000,0,0,33000,0,1000
20260508,00901,永豐智能車供應鏈,41.59,41.93,40.88,41.4,-,0.3,816644,33928625.0,26000,0,1689,92000,0,676000,66000,0,674311
20260508,2423,固緯,66.5,68.0,64.6,65.7,+,1.2,372475,24755304.0,29071,0,-2000,125071,0,6000,96000,0,8000
20260508,2816,旺旺保,30.4,30.5,30.25,30.4,+,0.35,108631,3300858.0,27000,0,0,52000,0,0,25000,0,0
20260508,6958,日盛台駿,19.1,19.15,18.95,19.05,-,0.05,52078,990783.0,27000,0,0,36000,0,0,9000,0,0
20260508,2482,連宇,16.55,16.85,16.55,16.7,+,0.05,165268,2755423.0,30500,0,-3829,45500,0,4000,15000,0,7829
20260508,4108,懷特,12.0,12.25,12.0,12.1,+,0.1,213286,2570129.0,27000,0,-1000,41000,0,1000,14000,0,2000
20260508,3266,昇陽,13.8,13.8,13.35,13.75,+,0.25,76437,1033947.0,25000,0,0,39000,0,0,14000,0,0
20260508,2459,敦吉,66.4,67.1,66.4,66.7,+,0.1,108300,7227577.0,25700,0,-1000,43700,0,1000,18000,0,2000
20260508,6918,愛派司,74.2,74.9,74.0,74.4,+,0.2,44691,3323020.0,24200,0,0,26200,0,0,2000,0,0
20260508,2706,第一店,12.5,12.55,12.4,12.5,+,0.1,119718,1493206.0,24000,0,0,48000,0,0,24000,0,0
20260508,2701,萬企,10.8,10.85,10.65,10.7,,0.0,98527,1060093.0,24000,0,0,46000,0,0,22000,0,0
20260508,00714,群益道瓊美國地產,21.57,21.57,21.5,21.51,-,0.06,38114,820811.0,0,0,23945,1000,0,24214,1000,0,269
20260508,9929,秋雨,13.0,13.0,11.55,12.45,-,0.15,79225,940164.0,22700,0,370,23700,0,2000,1000,0,1630
20260508,4414,如興,10.1,10.1,9.97,10.0,+,0.03,360520,3610934.0,24000,0,-1000,93000,0,0,69000,0,1000
20260508,6862,三集瑞-KY,195.0,198.5,180.5,187.0,+,3.0,2617274,496589082.0,17300,0,5699,758100,0,47990,740800,0,42291
20260508,3031,佰鴻,30.4,31.0,29.15,29.55,-,1.0,2199161,65628296.0,66000,0,-43025,626000,0,12000,560000,0,55025
20260508,1474,弘裕,9.97,10.05,9.93,10.05,+,0.08,78219,780852.0,22900,0,0,24900,0,0,2000,0,0
20260508,1414,東和,16.4,16.6,16.2,16.2,-,0.4,337928,5529390.0,23000,0,-1000,100000,0,0,77000,0,1000
20260508,5007,三星,58.4,58.4,57.6,58.0,,0.0,45413,2631655.0,21000,0,1000,31000,0,1000,10000,0,0
20260508,8476,台境*,17.35,17.4,16.95,17.15,-,0.15,529029,9089930.0,22000,0,0,178000,0,0,156000,0,0
20260508,1537,廣隆,123.0,123.0,122.5,122.5,-,0.5,94892,11645777.0,21600,0,0,30600,0,1000,9000,0,1000
20260508,6558,興能高,29.2,30.9,28.85,29.25,+,0.05,1032286,30796554.0,26574,0,-5000,333600,0,1000,307026,0,6000
20260508,1526,日馳,15.75,15.9,15.55,15.6,-,0.15,139444,2182294.0,21400,0,0,50400,0,0,29000,0,0
20260508,8467,波力-KY,129.0,130.5,127.5,130.5,-,0.5,65820,8495581.0,21320,0,0,29320,0,0,8000,0,0
20260508,6689,伊雲谷,70.3,71.0,69.2,69.5,-,1.2,242660,16910746.0,20500,0,719,80500,0,4000,60000,0,3281
20260508,8411,福貞-KY,12.35,12.35,12.15,12.25,-,0.1,63145,772176.0,21000,0,0,32000,0,0,11000,0,0
20260508,1731,美吾華,21.8,21.8,21.6,21.7,-,0.05,148237,3211974.0,20900,0,0,41900,0,0,21000,0,0
20260508,3060,銘異,29.3,29.7,27.8,28.0,-,0.9,2684914,77004579.0,16900,0,3997,871900,0,5000,855000,0,1003
20260508,6598,ABC-KY,22.25,22.7,22.2,22.5,-,0.1,158135,3545796.0,22700,0,-2000,43700,0,0,21000,0,2000
20260508,9930,中聯資源,70.7,70.7,69.9,70.0,-,0.1,70078,4917906.0,19000,0,1000,34000,0,5000,15000,0,4000
20260508,2025,千興,11.05,11.5,11.05,11.3,-,0.65,445156,5037051.0,36000,0,-16000,53600,0,0,17600,0,16000
20260508,9927,泰銘,69.7,69.7,68.7,69.2,+,0.7,105904,7301446.0,19847,0,0,37847,0,2000,18000,0,2000
20260508,7705,三商餐飲,32.25,32.65,32.25,32.3,-,0.1,56833,1839617.0,19504,0,0,25504,0,0,6000,0,0
20260508,8039,台虹,136.5,138.0,130.0,132.5,-,4.0,6335951,848114837.0,223703,0,-204571,2048351,0,43787,1824648,0,248358
20260508,2030,彰源,16.5,16.5,16.2,16.4,,0.0,584131,9529731.0,20043,0,-1000,167043,0,3000,147000,0,4000
20260508,1419,新紡,64.8,64.8,63.8,64.3,,0.0,64742,4158251.0,18000,0,1000,46000,0,4000,28000,0,3000
20260508,2929,淘帝-KY,5.57,5.66,5.51,5.52,-,0.03,199344,1109020.0,18800,0,0,29800,0,0,11000,0,0
20260508,3494,誠研,8.03,8.09,7.93,8.02,-,0.01,79480,636162.0,15400,0,2972,22400,0,3000,7000,0,28
20260508,4590,富田-創,79.3,80.6,78.2,78.6,-,0.4,229174,18147050.0,18400,0,-247,68400,0,1198,50000,0,1445
20260508,6272,驊陞,32.0,32.75,31.55,31.55,-,0.4,358874,11549989.0,16000,0,2000,107000,0,2000,91000,0,0
20260508,7760,享溫馨,34.0,35.1,34.0,34.5,+,0.1,240533,8350761.0,48000,0,-30000,53000,0,0,5000,0,30000
20260508,1416,廣豐,11.4,11.4,11.25,11.3,,0.0,169570,1917282.0,18000,0,0,51000,0,0,33000,0,0
20260508,2227,裕日車,54.0,54.0,52.9,53.8,+,1.2,38816,2082121.0,18000,0,0,24000,0,0,6000,0,0
20260508,6573,虹揚-KY,12.7,12.8,12.4,12.7,,0.0,128524,1614394.0,16600,0,1000,31600,0,1000,15000,0,0
20260508,2012,春雨,15.0,15.2,14.9,15.1,,0.0,47401,714271.0,19000,0,-2000,27000,0,0,8000,0,2000
20260508,1468,昶和,12.4,12.45,12.15,12.45,-,0.05,50000,615200.0,17000,0,0,17000,0,2000,0,0,2000
20260508,2373,震旦行,57.0,57.3,56.3,56.8,,0.0,51467,2923416.0,19000,0,-2000,30000,0,0,11000,0,2000
20260508,1475,業旺,27.35,27.8,27.35,27.7,+,0.3,86728,2391330.0,16500,0,0,19500,0,0,3000,0,0
20260508,1473,台南,20.8,20.8,20.5,20.65,-,0.05,75353,1550839.0,16000,0,0,34000,0,0,18000,0,0
20260508,6838,台新藥,26.7,27.15,26.65,26.9,+,0.2,111834,3001275.0,17703,0,-2000,43000,0,0,25297,0,2000
20260508,1339,昭輝,41.8,43.2,41.15,41.6,+,1.05,274692,11506119.0,15500,0,-70,69500,0,2004,54000,0,2074
20260508,00912,中信臺灣智慧50,30.75,30.85,30.31,30.52,-,0.33,1184944,36200713.0,-268000,0,283219,160000,0,763393,428000,0,480174
20260508,1459,聯發,11.9,11.9,11.75,11.9,,0.0,106055,1255805.0,15000,0,0,32000,0,0,17000,0,0
20260508,1235,興泰,45.2,45.8,45.15,45.8,+,1.0,19352,879007.0,15000,0,0,17000,0,0,2000,0,0
20260508,6201,亞弘電,50.5,50.7,50.2,50.6,+,0.1,52577,2652252.0,15000,0,0,21000,0,0,6000,0,0
20260508,2546,根基,85.5,85.8,85.3,85.4,-,0.1,84646,7239467.0,16914,0,-2000,35932,0,0,19018,0,2000
20260508,6183,關貿,93.4,93.4,92.2,92.7,+,0.9,24336,2254889.0,15000,0,-96,19000,0,0,4000,0,96
20260508,00700,富邦恒生國企,17.86,17.86,17.7,17.75,-,0.08,178247,3163498.0,-10000,0,24749,1000,0,68000,11000,0,43251
20260508,3652,精聯,29.9,30.15,29.5,29.5,-,0.45,168234,4997906.0,12500,0,2000,43500,0,3000,31000,0,1000
20260508,6771,平和環保-創,44.3,44.3,43.8,43.8,-,0.5,73754,3244109.0,11200,0,3000,13200,0,20000,2000,0,17000
20260508,1517,利奇,10.4,10.4,10.1,10.1,-,0.1,191994,1952796.0,12000,0,2017,36000,0,6000,24000,0,3983
20260508,1234,黑松,35.3,35.35,35.1,35.2,-,0.05,134010,4716235.0,14000,0,0,57000,0,0,43000,0,0
20260508,6464,台數科,77.1,77.1,76.1,76.2,,0.0,44768,3416171.0,14000,0,0,16000,0,0,2000,0,0
20260508,1456,怡華,14.45,14.45,13.5,14.2,,0.0,186586,2614106.0,18600,0,-5000,29600,0,4000,11000,0,9000
20260508,6792,詠業,58.7,58.7,56.6,56.8,-,1.9,161069,9226314.0,13300,0,0,71300,0,0,58000,0,0
20260508,5538,東明-KY,31.8,31.8,31.15,31.15,-,0.35,40073,1257297.0,11000,0,2000,23000,0,4000,12000,0,2000
20260508,1203,味王,44.0,44.0,43.05,44.0,+,0.65,46176,2024971.0,15000,0,-2000,23000,0,0,8000,0,2000
20260508,2028,威致,17.25,17.55,16.75,17.15,+,0.05,294930,5056524.0,24000,0,-11000,75000,0,4000,51000,0,15000
20260508,6614,資拓宏宇,41.3,41.4,40.95,41.0,-,0.35,76496,3150008.0,18600,0,-6000,27600,0,0,9000,0,6000
20260508,2597,潤弘,157.0,157.5,154.5,156.0,,0.0,927146,144428312.0,11236,0,1000,404036,0,5000,392800,0,4000
20260508,4572,駐龍,147.0,149.5,146.5,148.0,,0.0,37465,5533616.0,14033,0,-2000,17033,0,0,3000,0,2000
20260508,2008,高興昌,28.25,28.25,27.15,28.15,+,0.5,57202,1580736.0,12000,0,0,26000,0,0,14000,0,0
20260508,6581,鋼聯,111.5,111.5,109.0,110.0,+,0.5,41294,4565710.0,11800,0,0,17800,0,0,6000,0,0
20260508,2247,汎德永業,214.0,217.5,214.0,215.0,,0.0,88160,19008591.0,11626,0,0,40626,0,0,29000,0,0
20260508,8466,美吉吉-KY,15.7,15.7,15.35,15.55,-,0.1,46820,725162.0,11600,0,0,13600,0,0,2000,0,0
20260508,8462,柏文,147.0,149.5,147.0,148.0,+,0.5,100617,14876172.0,11591,0,0,21591,0,1000,10000,0,1000
20260508,2722,夏都,24.1,24.25,23.4,23.5,+,0.1,51030,1211425.0,12000,0,-1000,24000,0,0,12000,0,1000
20260508,5515,建國,39.6,40.05,39.55,39.95,+,0.35,321837,12842404.0,7000,-9000,12997,107000,0,13000,100000,9000,3
20260508,8374,羅昇,91.5,93.0,87.5,88.6,-,1.9,1167794,105333590.0,9616,0,971,250616,0,11886,241000,0,10915
20260508,6951,青新-創,81.7,83.1,81.7,82.0,+,0.9,63788,5275724.0,13300,0,-3000,21300,0,0,8000,0,3000
20260508,6641,基士德-KY,19.05,19.75,19.05,19.2,+,0.1,127307,2471084.0,7300,0,2800,15300,0,3000,8000,0,200
20260508,2228,劍麟,91.2,91.2,88.6,88.6,-,1.9,185140,16579099.0,10583,0,-556,68600,0,1000,58017,0,1556
20260508,00703,台新MSCI中國,20.63,20.63,20.57,20.58,-,0.12,15009,308733.0,0,0,10001,0,0,11001,0,0,1000
20260508,2910,統領,23.4,23.4,22.85,22.85,,0.0,12461,287648.0,10000,0,0,11000,0,0,1000,0,0
20260508,1465,偉全,12.45,12.45,12.15,12.3,,0.0,52194,641688.0,9700,0,0,9700,0,0,0,0,0
20260508,2904,匯僑,16.2,16.2,15.75,15.85,-,0.05,70109,1110341.0,8500,0,1000,13500,0,1000,5000,0,0
20260508,6645,金萬林-創,12.8,13.05,12.7,13.0,+,0.1,39775,512845.0,10400,0,-1000,10400,0,0,0,0,1000
20260508,7730,暉盛-創,178.5,178.5,168.0,168.0,-,1.5,119223,20572491.0,14300,0,-5000,37300,0,7000,23000,0,12000
20260508,1516,川飛,21.7,21.95,21.55,21.7,-,0.15,34320,744900.0,10300,0,-1000,11300,0,1000,1000,0,2000
20260508,1527,鑽全,32.45,32.55,32.1,32.4,-,0.05,339718,10973857.0,11000,0,-2000,87000,0,0,76000,0,2000
20260508,1737,臺鹽,31.65,31.8,31.5,31.55,,0.0,77611,2451730.0,9000,0,0,21000,0,0,12000,0,0
20260508,1805,寶徠,10.8,10.9,10.7,10.75,,0.0,99728,1075213.0,12900,0,-4000,14900,0,1000,2000,0,5000
20260508,1452,宏益,11.2,11.3,11.1,11.2,,0.0,62648,700428.0,8900,0,0,12900,0,0,4000,0,0
20260508,8464,億豐,333.0,346.5,326.5,343.0,+,16.0,1130607,385191403.0,-5438,-2130,16310,809571,0,21310,815009,2130,5000
20260508,2712,遠雄來,17.3,17.4,16.85,17.4,+,0.4,16880,287525.0,6700,0,2000,7700,0,2000,1000,0,0
20260508,1512,瑞利,7.45,7.45,7.2,7.35,+,0.07,48022,347469.0,9700,0,-1000,9700,0,0,0,0,1000
20260508,1752,南光,34.45,34.45,33.45,33.9,+,0.4,54904,1851445.0,8700,0,0,17700,0,0,9000,0,0
20260508,00657,國泰日經225,73.9,74.05,73.35,73.95,-,0.55,493234,36464248.0,-11000,0,19225,1000,0,477229,12000,0,458004
20260508,2434,統懋,32.25,32.25,31.0,31.95,-,0.55,42067,1335743.0,8100,0,0,16100,0,0,8000,0,0
20260508,6415,矽力*-KY,426.0,438.0,419.5,425.5,+,1.0,2272485,973399423.0,-8642,39000,-22284,1074969,39000,16000,1083611,0,38284
20260508,2514,龍邦,13.35,13.35,13.15,13.25,,0.0,217515,2880650.0,8000,0,0,46000,0,5000,38000,0,5000
20260508,2433,互盛電,45.75,45.9,45.5,45.75,+,0.15,45398,2076679.0,8000,0,0,18000,0,2000,10000,0,2000
20260508,1530,亞崴,26.2,26.2,25.95,26.2,+,0.25,19040,496860.0,7700,0,0,9700,0,0,2000,0,0
20260508,1413,宏洲,9.68,9.68,9.44,9.65,+,0.01,12800,122122.0,7700,0,0,7700,0,0,0,0,0
20260508,1568,倉佑,29.15,29.95,28.6,28.9,-,0.55,283879,8284210.0,6679,0,1000,97700,0,3000,91021,0,2000
20260508,2945,三商家購,40.15,41.45,40.15,41.45,+,0.55,15863,645496.0,7500,0,0,7500,0,0,0,0,0
20260508,6671,三能-KY,30.8,30.8,29.7,30.05,,0.0,52925,1582906.0,3400,0,4080,16400,0,11000,13000,0,6920
20260508,9931,欣高,34.5,34.6,34.25,34.6,+,0.1,82492,2840723.0,7800,0,-382,44800,0,0,37000,0,382
20260508,1410,南染,28.0,28.6,27.6,27.6,-,0.4,143064,4000853.0,7400,0,0,25400,0,1000,18000,0,1000
20260508,1437,勤益控,29.15,29.15,28.85,29.0,-,0.1,139343,4035111.0,7000,0,0,35000,0,0,28000,0,0
20260508,00783,富邦中証500,30.17,30.2,30.05,30.05,,0.0,40830,1231417.0,-5000,0,11868,0,0,22868,5000,0,11000
20260508,1583,程泰,48.45,48.45,47.0,47.5,-,0.95,29310,1402293.0,6800,0,0,11800,0,0,5000,0,0
20260508,9944,新麗,16.35,16.5,16.3,16.5,+,0.05,124637,2039865.0,6700,0,0,9700,0,0,3000,0,0
20260508,1525,江申,62.2,62.4,61.6,61.7,-,0.6,13561,840815.0,6500,0,41,7500,0,4041,1000,0,4000
20260508,6674,鋐寶科技,18.5,18.5,18.2,18.4,-,0.15,20017,366763.0,7500,0,-1000,8500,0,0,1000,0,1000
20260508,6952,大武山,40.0,40.0,37.55,37.55,-,0.25,42272,1628814.0,6500,0,0,14500,0,0,8000,0,0
20260508,3168,眾福科,44.6,45.9,44.3,45.9,+,1.3,146567,6668700.0,5500,0,1000,14500,0,1000,9000,0,0
20260508,00728,第一金工業30,57.7,58.5,56.55,57.05,-,0.55,246161,14100498.0,-1000,0,7461,8000,0,157781,9000,0,150320
20260508,6969,成信實業*-創,28.8,28.95,28.5,28.95,+,0.15,40550,1168467.0,7300,0,-1000,7300,0,0,0,0,1000
20260508,9902,台火,14.6,14.95,13.9,13.9,-,0.65,355810,5053057.0,9700,0,-3407,42700,0,2000,33000,0,5407
20260508,9908,大台北,29.6,29.6,29.4,29.45,,0.0,268071,7901727.0,6000,0,0,101000,0,10000,95000,0,10000
20260508,5546,永固-KY,16.7,16.7,16.25,16.55,-,0.15,10000,164550.0,5000,0,1000,7000,0,1000,2000,0,0
20260508,2642,宅配通,21.5,21.5,21.2,21.5,+,0.05,173953,3716240.0,5700,0,0,44700,0,0,39000,0,0
20260508,1423,利華,42.0,42.0,40.8,40.85,-,0.2,17733,728190.0,7700,0,-2000,10700,0,0,3000,0,2000
20260508,1439,雋揚,27.3,27.3,26.1,26.85,+,0.45,16658,442680.0,4600,0,1000,8600,0,1000,4000,0,0
20260508,2901,欣欣,23.6,23.65,23.6,23.65,+,0.05,15047,356036.0,4500,0,1000,5500,0,1000,1000,0,0
20260508,8443,阿瘦,11.55,11.8,11.55,11.8,,0.0,35930,419052.0,5500,0,0,5500,0,0,0,0,0
20260508,6754,匯僑設計,46.2,46.2,45.6,45.95,+,0.4,23444,1074522.0,5500,-139,0,7500,0,0,2000,139,0
20260508,00917,中信特選金融,21.8,21.8,21.57,21.59,-,0.2,936510,20234425.0,-145863,0,151193,137,0,445000,146000,0,293807
20260508,2496,卓越,65.2,66.2,65.2,65.9,+,1.4,44336,2913689.0,5100,0,0,7100,0,0,2000,0,0
20260508,2516,新建,13.75,13.75,13.2,13.2,-,0.1,320953,4272387.0,5000,0,0,19000,0,0,14000,0,0
20260508,9926,新海,49.55,49.55,49.15,49.35,-,0.1,68274,3366021.0,5000,0,0,20000,0,0,15000,0,0
20260508,00771,元大US高息特別股,16.07,16.08,15.99,16.04,-,0.03,44765,717827.0,0,0,5000,0,0,6000,0,0,1000
20260508,1463,強盛新,18.65,18.7,18.2,18.25,-,0.35,65033,1194994.0,5000,0,0,32000,0,0,27000,0,0
20260508,00636,國泰中國A50,28.6,28.6,28.29,28.42,-,0.17,146144,4153689.0,-2000,0,6817,4000,0,48455,6000,0,41638
20260508,2365,昆盈,36.3,37.85,35.9,36.25,-,0.15,8343403,306605985.0,-78977,0,83689,2571023,0,90883,2650000,0,7194
20260508,9911,櫻花,83.6,83.7,83.0,83.2,-,0.4,264735,22068961.0,1779,0,2932,99000,0,6000,97221,0,3068
20260508,2115,六暉-KY,21.75,21.75,21.25,21.3,-,0.15,66099,1415392.0,3700,0,1000,12700,0,1000,9000,0,0
20260508,3321,同泰,16.85,17.0,16.4,16.5,-,0.35,350092,5821709.0,5600,0,-1000,66600,0,1000,61000,0,2000
20260508,8481,政伸,40.85,41.45,40.5,40.9,-,0.3,21604,884542.0,3500,0,1000,4500,0,1000,1000,0,0
20260508,6504,南六,39.65,40.35,39.55,39.8,+,0.15,56320,2249023.0,5500,0,-1000,18500,0,0,13000,0,1000
20260508,1623,大東電,245.0,248.5,243.0,246.0,,0.0,178907,43994577.0,5500,0,-1000,5500,0,0,0,0,1000
20260508,1521,大億,24.85,25.0,24.7,24.9,+,0.05,20906,520287.0,4500,0,0,5500,0,0,1000,0,0
20260508,6916,華凌,18.5,18.95,18.25,18.8,+,0.3,28800,533764.0,3500,0,985,6500,0,2000,3000,0,1015
20260508,1472,三洋實業,91.3,91.3,89.9,91.2,-,0.1,17603,1599150.0,4400,0,0,7400,0,0,3000,0,0
20260508,1341,富林-KY,62.6,63.5,61.8,62.1,+,0.3,28404,1770476.0,4400,0,0,5400,0,0,1000,0,0
20260508,3130,一零四,221.0,225.0,220.5,222.0,+,1.0,63638,14119032.0,3148,0,1177,7200,0,4177,4052,0,3000
20260508,6955,邦睿生技-創,161.0,161.0,159.0,159.0,-,2.0,15218,2429897.0,3200,0,819,3200,0,3000,0,0,2181
20260508,2024,志聯,14.2,14.3,14.2,14.3,+,0.35,6086,86690.0,3700,0,0,3700,0,0,0,0,0
20260508,6906,現觀科,64.6,67.7,63.7,67.7,+,6.1,403664,27056339.0,-3000,0,6662,117000,0,6662,120000,0,0
20260508,2250,IKKA-KY,65.2,65.3,62.5,63.5,-,1.0,80292,5079588.0,3300,0,352,14300,0,1002,11000,0,650
20260508,1470,大統新創,22.9,22.9,22.15,22.55,+,0.3,16605,370330.0,3600,0,0,7600,0,0,4000,0,0
20260508,1233,天仁,29.3,29.3,28.8,28.8,,0.0,17023,493515.0,3600,0,0,4600,0,0,1000,0,0
20260508,1342,八貫,96.1,96.5,93.3,94.2,-,1.4,415981,39458456.0,18516,0,-15000,131516,0,0,113000,0,15000
20260508,6957,裕慶-KY,162.0,162.0,159.0,159.5,-,2.5,97800,15636479.0,4400,0,-886,25400,0,0,21000,0,886
20260508,6585,鼎基,97.1,97.1,91.2,94.0,+,5.7,1040394,98733982.0,1500,0,2001,166500,0,2001,165000,0,0
20260508,7736,虎山,76.8,76.8,74.2,76.7,,0.0,20907,1587058.0,3500,0,0,6500,0,0,3000,0,0
20260508,8201,無敵,12.65,12.7,12.55,12.7,,0.0,36413,459718.0,3400,0,0,4400,0,0,1000,0,0
20260508,1441,大東,9.82,9.94,9.79,9.81,-,0.01,65515,643905.0,3400,0,0,7400,0,0,4000,0,0
20260508,2254,巨鎧精密-創,68.2,68.5,68.2,68.5,+,0.3,3400,234100.0,3400,0,0,3400,0,0,0,0,0
20260508,2438,翔耀,23.4,23.4,22.5,22.6,-,0.7,258530,5897408.0,3400,0,0,68400,0,0,65000,0,0
20260508,2939,永邑-KY,24.5,24.75,24.2,24.6,-,0.2,9302,228076.0,3300,0,0,3300,0,0,0,0,0
20260508,4581,光隆精密-KY,50.6,50.6,50.0,50.0,-,0.8,13221,666030.0,3200,0,0,4200,0,0,1000,0,0
20260508,6908,宏碁遊戲-創,40.1,40.1,39.55,40.1,-,0.3,10358,413486.0,3005,0,0,3005,0,0,0,0,0
20260508,2506,太設,8.8,8.8,8.66,8.75,+,0.05,80570,700944.0,3000,0,0,35000,0,0,32000,0,0
20260508,1417,嘉裕,8.74,8.74,8.62,8.71,-,0.06,74714,650206.0,3000,0,0,24000,0,0,21000,0,0
20260508,1445,大宇,12.95,12.95,12.55,12.7,-,0.05,13928,177190.0,3900,0,-1000,7900,0,0,4000,0,1000
20260508,1453,大將,11.8,11.8,11.5,11.6,-,0.1,47309,549312.0,2800,0,0,10800,0,0,8000,0,0
20260508,1256,鮮活果汁-KY,171.5,177.0,169.5,176.0,+,8.0,235864,40980556.0,6765,0,-4000,35200,0,0,28435,0,4000
20260508,1315,達新,62.0,62.0,61.6,61.8,+,0.3,15048,929586.0,2700,0,0,7700,0,0,5000,0,0
20260508,8482,商億-KY,50.0,50.0,50.0,50.0,,0.0,2700,138500.0,2700,0,0,2700,0,0,0,0,0
20260508,1786,科妍,57.2,58.2,56.8,56.8,-,0.8,264535,15141496.0,2554,0,-9,66554,0,1194,64000,0,1203
20260508,2114,鑫永銓,87.0,88.2,87.0,88.2,+,0.4,91226,7971379.0,2500,0,0,17500,0,0,15000,0,0
20260508,8488,吉源-KY,10.1,10.1,10.1,10.1,+,0.05,2832,28986.0,2445,0,0,2445,0,0,0,0,0
20260508,6666,羅麗芬-KY,41.9,41.9,41.0,41.4,+,0.05,17023,705401.0,2300,0,0,4300,0,0,2000,0,0
20260508,6794,向榮生技,82.2,84.7,82.2,83.3,+,0.2,44604,3706822.0,2300,0,0,10300,0,0,8000,0,0
20260508,3229,晟鈦,40.8,42.0,40.6,40.75,-,2.25,252767,10410017.0,2200,0,0,6200,0,0,4000,0,0
20260508,7721,微程式,73.8,74.5,72.0,72.1,-,1.7,349671,25530300.0,2110,0,0,95300,0,0,93190,0,0
20260508,4190,佐登-KY,24.7,24.95,24.6,24.6,-,0.1,26620,657882.0,2000,0,0,4000,0,0,2000,0,0
20260508,00851,台新全球AI,63.3,63.6,63.15,63.3,,0.0,12138,768390.0,-1000,0,3000,0,0,3000,1000,0,0
20260508,1454,台富,14.7,14.7,13.75,14.05,+,0.4,67593,947481.0,5900,0,-4000,13900,0,1000,8000,0,5000
20260508,2429,銘旺科,53.5,54.9,52.8,53.8,+,0.3,371834,19936561.0,1600,0,0,5600,0,0,4000,0,0
20260508,1817,凱撒衛,38.6,38.6,38.5,38.5,-,0.1,73197,2821584.0,1500,0,0,12500,0,0,11000,0,0
20260508,1418,東華,18.75,19.3,18.75,19.1,+,0.2,5327,101501.0,1300,0,5,2300,0,5,1000,0,0
20260508,6655,科定,138.5,138.5,138.5,138.5,+,0.5,2600,367898.0,1600,0,-373,2600,0,0,1000,0,373
20260508,8487,愛爾達-創,78.5,78.7,76.4,78.7,-,0.2,105013,8135174.0,200,0,999,7200,0,3000,7000,0,2001
20260508,9925,新保,40.6,40.6,40.4,40.4,,0.0,130482,5278341.0,1000,0,0,54000,0,5000,53000,0,5000
20260508,7732,金興精密,35.05,35.9,35.05,35.85,-,0.05,9000,320100.0,1000,0,0,3000,0,0,2000,0,0
20260508,5906,台南-KY,49.0,49.0,47.3,47.3,-,2.7,4010,193100.0,1000,0,0,1000,0,0,0,0,0
20260508,4583,台灣精銳,784.0,784.0,747.0,762.0,+,7.0,195974,149650500.0,-1256,0,2191,73704,0,6698,74960,0,4507
20260508,6887,寶綠特-KY,39.95,39.95,39.0,39.95,,0.0,12595,500998.0,500,0,0,3500,0,1000,3000,0,1000
20260508,6807,峰源-KY,35.0,35.8,34.9,35.4,-,0.7,12784,452415.0,400,0,0,4400,0,0,4000,0,0
20260508,9912,偉聯,12.45,12.7,12.45,12.65,,0.0,34830,437392.0,400,0,0,2400,0,0,2000,0,0
20260508,5907,大洋-KY,5.38,5.45,5.27,5.3,,0.0,271674,1456626.0,1000,0,-1000,63000,0,0,62000,0,1000
20260508,4148,全宇生技-KY,36.35,36.4,36.2,36.25,-,0.15,19083,692565.0,0,0,0,7000,0,0,7000,0,0
20260508,4439,冠星-KY,98.0,99.0,98.0,99.0,+,0.1,15000,1475700.0,0,0,0,2000,0,0,2000,0,0
20260508,3018,隆銘綠能,10.45,10.45,10.1,10.15,-,0.3,54651,556331.0,-1,0,0,0,0,0,1,0,0
20260508,7823,奧義賽博-KY創,90.6,90.6,88.0,89.9,-,0.7,32803,2925697.0,-800,0,568,5200,0,1000,6000,0,432
20260508,6582,申豐,31.0,31.8,31.0,31.7,+,0.8,85942,2698050.0,-1300,0,1000,22700,0,1000,24000,0,0
20260508,6928,攸泰科技,51.5,51.5,49.3,49.9,-,1.3,117617,5948491.0,-400,0,0,30600,0,0,31000,0,0
20260508,1541,錩泰,23.2,24.65,23.15,23.4,+,0.15,250293,5873624.0,-500,0,0,39500,0,4000,40000,0,4000
20260508,2850,新產,133.0,133.5,132.0,132.5,+,1.0,320231,42515062.0,52035,-54000,1389,132035,0,6000,80000,54000,4611
20260508,6921,嘉雨思-創,93.5,93.5,90.5,90.9,-,1.7,32655,2986760.0,-3800,0,3149,9200,0,3149,13000,0,0
20260508,6719,力智,186.0,190.0,185.0,187.0,-,1.0,696607,130539986.0,625,0,-1285,230625,0,1000,230000,0,2285
20260508,2535,達欣工,75.1,75.3,74.2,74.2,-,0.9,241844,18057892.0,-973,0,0,82041,0,5000,83014,0,5000
20260508,8478,東哥遊艇,168.0,169.5,166.5,169.0,+,1.0,107116,18013204.0,-376,0,-611,31625,0,1000,32001,0,1611
20260508,3679,新至陞,119.5,121.0,119.0,120.5,+,1.0,79303,9501380.0,-2000,0,1000,13000,0,1000,15000,0,0
20260508,1725,元禎,31.6,31.9,30.95,31.45,-,0.25,236639,7438818.0,0,0,-1009,73000,0,0,73000,0,1009
20260508,1535,中宇,51.3,51.3,50.3,50.3,-,0.1,56418,2851010.0,-1100,0,0,22900,0,0,24000,0,0
20260508,1443,立益物流,26.7,26.9,26.35,26.8,+,1.05,40110,1067890.0,-1100,0,0,13900,0,3000,15000,0,3000
20260508,2397,友通,60.4,60.4,58.6,59.2,-,0.7,263054,15584944.0,-200,0,-1000,75800,0,1000,76000,0,2000
20260508,1906,寶隆,11.2,11.2,10.95,11.0,,0.0,45809,506778.0,-1000,0,-927,11000,0,2000,12000,0,2927
20260508,1506,正道,10.5,10.6,10.45,10.5,,0.0,130170,1368498.0,3000,0,-5000,11000,0,0,8000,0,5000
20260508,8367,建新國際,42.5,42.5,41.85,42.05,+,0.15,128665,5404159.0,-2400,0,0,10600,0,0,13000,0,0
20260508,6936,永鴻生技,34.1,34.4,34.05,34.3,+,0.2,45687,1562893.0,-2500,0,0,7500,0,0,10000,0,0
20260508,1730,花仙子,53.0,53.0,52.8,52.8,-,0.1,26906,1422647.0,-2600,0,-12,5400,0,0,8000,0,12
20260508,4441,振大環球,197.5,200.0,195.0,195.0,-,2.5,35190,6931035.0,-2829,0,0,8171,0,0,11000,0,0
20260508,6924,榮惠-KY創,93.3,94.0,92.3,94.0,,0.0,13025,1216116.0,-2900,0,0,100,0,0,3000,0,0
20260508,0057,富邦摩台,290.35,290.4,287.9,288.35,-,3.35,8464,2441629.0,-3000,0,11,0,0,3018,3000,0,3007
20260508,4155,訊映,13.2,13.25,13.0,13.05,-,0.15,251631,3292466.0,-3000,0,0,33000,0,0,36000,0,0
20260508,2540,愛山林,51.9,52.1,51.2,51.3,-,0.7,510937,26369279.0,-2000,0,-1000,203000,0,17000,205000,0,18000
20260508,7791,皇家可口,64.6,64.8,64.2,64.4,-,0.2,70242,4533108.0,-3400,0,0,7600,0,0,11000,0,0
20260508,2248,華勝-KY,55.4,56.0,53.5,55.6,+,1.2,46407,2528220.0,-1700,0,-2000,8300,0,0,10000,0,2000
20260508,5306,桂盟,80.3,81.1,80.2,80.9,+,0.6,150850,12160221.0,-2926,0,-1000,43074,0,0,46000,0,1000
20260508,9943,好樂迪,57.3,57.3,56.0,56.5,-,0.2,61800,3481705.0,-5100,0,1000,16900,0,1000,22000,0,0
20260508,3583,辛耘,804.0,813.0,773.0,788.0,-,9.0,1833135,1457145685.0,-202688,128000,70372,397617,128000,105546,600305,0,35174
20260508,1323,永裕,19.25,19.4,18.95,19.25,,0.0,101173,1938370.0,-4372,0,0,19628,0,0,24000,0,0
20260508,1338,廣華-KY,16.1,16.45,15.7,15.7,-,0.35,85007,1367871.0,-4400,0,0,16600,0,0,21000,0,0
20260508,4994,傳奇,98.5,98.9,96.6,97.9,-,0.6,14513,1417509.0,-4500,0,0,3500,0,1000,8000,0,1000
20260508,00660,元大歐洲50,43.29,43.29,42.83,43.11,-,0.78,14839,639189.0,0,0,-5000,0,0,1000,0,0,6000
20260508,9935,慶豐富,18.3,18.3,18.05,18.25,+,0.1,197285,3586486.0,-5000,0,0,67000,0,0,72000,0,0
20260508,6790,永豐實,40.4,40.4,39.85,40.05,+,0.15,116925,4671962.0,-5000,0,0,34000,0,0,39000,0,0
20260508,1337,再生-KY,5.04,5.1,5.0,5.01,-,0.02,388531,1958305.0,-4000,0,-1000,81000,0,2000,85000,0,3000
20260508,1220,台榮,12.3,12.4,12.25,12.25,-,0.05,131856,1623773.0,-5000,0,0,16000,0,0,21000,0,0
20260508,1726,永記,76.4,76.6,76.1,76.6,+,0.6,41775,3187048.0,-5000,0,0,22000,0,0,27000,0,0
20260508,8473,山林水,35.7,35.7,34.15,34.6,-,0.8,905425,31508502.0,-10000,0,4350,239000,0,17000,249000,0,12650
20260508,7722,LINEPAY,282.0,287.0,280.0,280.5,-,1.5,113334,32031447.0,-5648,0,-73,33092,0,1000,38740,0,1073
20260508,4999,鑫禾,21.0,21.25,20.9,21.0,-,0.1,157157,3308139.0,-7000,0,937,24000,0,2000,31000,0,1063
20260508,1733,五鼎,28.3,28.5,28.05,28.35,+,0.1,127439,3600102.0,-1300,0,-5000,42700,0,2000,44000,0,7000
20260508,4930,燦星網,17.85,17.85,17.7,17.85,-,0.05,167658,2984228.0,-6350,0,0,19650,0,0,26000,0,0
20260508,3164,景岳,17.75,17.75,17.4,17.4,-,0.1,54408,949405.0,-6400,0,0,5600,0,0,12000,0,0
20260508,8442,威宏-KY,50.8,50.8,50.1,50.4,-,0.2,46800,2358069.0,-6500,0,0,7500,0,0,14000,0,0
20260508,1776,展宇,17.25,17.25,16.95,17.0,-,0.35,81402,1387101.0,-9600,0,3000,10400,0,3000,20000,0,0
20260508,5215,科嘉-KY,39.15,39.6,38.0,38.35,-,0.8,146941,5689428.0,-6000,0,-1000,30000,0,1000,36000,0,2000
20260508,1783,和康生,39.95,39.95,39.35,39.4,-,0.3,78570,3108863.0,-7388,0,0,14612,0,1000,22000,0,1000
20260508,00702,國泰標普低波高息,23.8,23.83,23.8,23.83,-,0.05,121275,2888687.0,50,0,-8000,50,0,100000,0,0,108000
20260508,1707,葡萄王,112.5,114.0,112.5,113.0,+,0.5,142141,16125420.0,-7943,0,-49,43057,0,2000,51000,0,2049
20260508,6128,上福,20.55,20.55,20.3,20.5,+,0.1,173685,3543398.0,-8000,0,0,22000,0,4000,30000,0,4000
20260508,5519,隆大,33.2,33.25,32.8,33.1,-,0.05,346930,11467301.0,-8000,0,0,79000,0,4000,87000,0,4000
20260508,6965,中傑-KY,86.9,86.9,84.3,84.7,-,1.2,47369,4026774.0,-6000,0,-2000,16000,0,0,22000,0,2000
20260508,6416,瑞祺電通,84.8,85.5,83.2,84.5,-,0.1,222318,18739129.0,-9000,0,1000,64000,0,2000,73000,0,1000
20260508,2430,燦坤,19.95,19.95,19.85,19.9,,0.0,106507,2119346.0,-7200,0,-1000,23800,0,1000,31000,0,2000
20260508,1432,大魯閣,16.75,16.9,16.7,16.85,+,0.1,255315,4287135.0,-8385,0,0,56615,0,0,65000,0,0
20260508,1236,宏亞,26.4,26.55,26.15,26.35,,0.0,64445,1697102.0,-8400,0,0,9600,0,0,18000,0,0
20260508,2239,英利-KY,22.4,22.5,22.2,22.2,-,0.2,38869,870836.0,-8200,0,-1020,16800,0,2000,25000,0,3020
20260508,2488,漢平,52.3,52.3,51.6,51.9,+,0.2,160494,8307761.0,-9400,0,0,39600,0,1000,49000,0,1000
20260508,00730,富邦臺灣優質高息,26.28,27.01,26.28,26.93,+,0.65,560294,15002455.0,112000,0,-121583,134000,0,77612,22000,0,199195
20260508,00739,元大MSCI A股,28.96,28.96,28.69,28.83,-,0.09,24615,709283.0,-1000,0,-8861,0,0,5161,1000,0,14022
20260508,9802,鈺齊-KY,80.9,80.9,79.3,80.4,-,0.6,829103,66558184.0,-193920,184000,-111,202080,184000,8000,396000,0,8111
20260508,4133,亞諾法,22.5,22.85,21.95,21.95,,0.0,211680,4715527.0,-11000,0,0,64000,0,0,75000,0,0
20260508,2102,泰豐,18.8,18.9,18.7,18.8,+,0.1,251028,4720581.0,-10001,0,-1000,72000,0,0,82001,0,1000
20260508,00962,台新AI優息動能,13.65,13.83,13.37,13.58,-,0.03,1717708,23490547.0,6000,0,-17856,96000,0,1315897,90000,0,1333753
20260508,1466,聚隆,15.95,15.95,15.6,15.6,-,0.35,104411,1646469.0,-11175,0,-1000,34825,0,1000,46000,0,2000
20260508,7765,中華資安,243.5,249.0,243.5,243.5,+,0.5,93095,22869298.0,-8700,-949,-3000,14300,0,0,23000,949,3000
20260508,4426,利勤,8.03,8.13,7.87,8.04,+,0.04,350251,2802786.0,-5000,0,-8000,49000,0,0,54000,0,8000
20260508,00736,國泰新興市場,30.81,30.99,30.81,30.88,-,0.28,129638,4005829.0,0,0,-13000,0,0,112000,0,0,125000
20260508,2911,麗嬰房,5.01,5.12,4.95,5.11,+,0.02,88149,445720.0,-13000,0,-151,6000,0,0,19000,0,151
20260508,1617,榮星,15.3,15.3,14.9,15.05,,0.0,257267,3884392.0,-13000,0,-261,51000,0,1000,64000,0,1261
20260508,6742,澤米,38.85,40.0,38.65,38.65,-,0.2,281319,11089297.0,-13500,0,0,80500,0,0,94000,0,0
20260508,0053,元大電子,221.15,224.9,220.0,222.05,-,3.45,49753,11038489.0,-20000,0,6416,1000,0,22377,21000,0,15961
20260508,6933,AMAX-KY,170.5,172.0,162.0,165.0,-,5.5,211808,35189694.0,-8700,0,-5196,41300,0,11,50000,0,5207
20260508,6164,華興,12.65,12.8,12.4,12.45,-,0.2,510249,6435921.0,-19000,0,5000,120000,0,6000,139000,0,1000
20260508,2616,山隆,14.05,14.05,13.85,14.0,-,0.05,329240,4585137.0,-16100,0,1867,85900,0,2000,102000,0,133
20260508,1515,力山,22.0,22.2,21.85,21.95,-,0.05,334355,7369883.0,-13250,0,-1000,132000,0,2000,145250,0,3000
20260508,1587,吉茂,32.6,32.9,31.7,32.4,-,0.15,285129,9192483.0,-15400,0,913,89600,0,2000,105000,0,1087
20260508,1325,恆大,27.15,28.25,27.05,27.3,+,0.75,1253091,34500601.0,-15421,0,0,300600,0,0,316021,0,0
20260508,1231,聯華食,86.7,88.0,86.4,86.5,-,0.2,308676,26812319.0,-14903,0,-759,113097,0,4000,128000,0,4759
20260508,7822,倍利科,1300.0,1300.0,1250.0,1260.0,-,40.0,242256,307560020.0,-15700,0,-7,22400,0,6,38100,0,13
20260508,6515,穎崴,9950.0,10190.0,9630.0,9630.0,-,230.0,282321,2772426800.0,6331,-25000,2751,144407,19000,10231,138076,44000,7480
20260508,1436,華友聯,48.7,49.1,48.45,48.85,-,0.2,286167,13941966.0,-16000,0,0,90000,0,0,106000,0,0
20260508,1614,三洋電,32.25,32.25,31.85,32.0,+,0.05,72268,2313609.0,-16000,0,0,31000,0,0,47000,0,0
20260508,6230,尼得科超眾,157.0,163.5,155.0,156.5,+,1.5,229431,36684634.0,-15000,0,-1228,59000,0,3000,74000,0,4228
20260508,2906,高林,12.5,12.55,12.4,12.4,-,0.1,83908,1046016.0,-17000,0,0,18000,0,3000,35000,0,3000
20260508,2480,敦陽科,148.5,149.5,146.0,148.0,+,1.0,322484,47717932.0,-12400,-5077,338,92700,0,4183,105100,5077,3845
20260508,1503,士電,200.5,210.0,198.5,202.5,+,3.0,6374753,1300804469.0,-170331,0,152733,1892171,0,244493,2062502,0,91760
20260508,4536,拓凱,152.0,152.5,149.5,151.0,,0.0,139880,21142072.0,-18000,0,1,37000,0,1001,55000,0,1000
20260508,4545,銘鈺,31.35,31.35,30.05,30.05,-,0.6,128254,3917816.0,-18000,0,0,26000,0,1000,44000,0,1000
20260508,2013,中鋼構,42.9,43.2,42.65,42.8,-,0.15,124237,5336510.0,-13000,0,-5032,37000,0,6000,50000,0,11032
20260508,2528,皇普,22.45,22.8,22.2,22.25,-,0.15,377530,8469143.0,-17748,0,-1000,127252,0,1000,145000,0,2000
20260508,3432,台端,20.8,20.8,19.65,20.2,-,0.6,320008,6390747.0,-18800,0,0,46200,0,0,65000,0,0
20260508,6934,心誠鎂,78.9,80.5,77.5,78.1,-,0.5,81380,6416467.0,-18800,0,0,18200,0,0,37000,0,0
20260508,6184,大豐電,47.5,47.5,46.5,46.7,-,0.2,102089,4769226.0,-19000,0,0,19000,0,0,38000,0,0
20260508,1446,宏和,15.75,15.85,15.75,15.8,+,0.05,124124,1958825.0,-19000,0,0,32000,0,0,51000,0,0
20260508,2461,光群雷,17.0,17.05,16.5,16.5,-,0.5,681948,11366715.0,-22000,0,3000,192000,0,3000,214000,0,0
20260508,2905,三商,13.6,13.75,13.5,13.65,+,0.15,398294,5439879.0,-13000,0,-6001,137000,0,15000,150000,0,21001
20260508,3308,聯德,21.95,22.35,20.8,21.25,-,0.1,256550,5525018.0,-19600,0,0,51400,0,7000,71000,0,7000
20260508,2524,京城,36.6,38.0,36.3,36.85,+,0.45,245598,9150222.0,-17000,0,-3000,54000,0,0,71000,0,3000
20260508,7821,神數,46.4,46.55,45.0,45.45,-,0.6,221168,10115590.0,-19000,0,-1000,30000,0,0,49000,0,1000
20260508,00898,國泰基因免疫革命,8.19,8.19,8.09,8.1,-,0.09,209550,1698732.0,-41000,0,20618,0,0,25000,41000,0,4382
20260508,1539,巨庭,15.9,15.95,15.55,15.75,-,0.05,111278,1750342.0,-20500,0,0,2500,0,0,23000,0,0
20260508,6988,威力暘-創,14.2,15.1,14.2,14.5,+,0.35,114320,1701014.0,8300,0,-30000,12300,0,15000,4000,0,45000
20260508,4771,望隼,192.0,192.0,185.0,187.5,-,4.0,302515,56694504.0,-22000,0,0,58000,0,0,80000,0,0
20260508,3138,耀登,154.0,162.0,152.0,155.0,,0.0,1810899,284294777.0,-29723,0,7314,509423,0,22125,539146,0,14811
20260508,6949,沛爾生醫-創,684.0,709.0,660.0,690.0,+,6.0,186257,126899517.0,-24600,0,1772,55400,0,15001,80000,0,13229
20260508,5288,豐祥-KY,153.5,153.5,151.0,152.0,-,1.5,178251,27118316.0,-23000,0,99,42000,0,6000,65000,0,5901
20260508,6606,建德工業,25.4,25.5,24.8,25.35,+,0.2,242865,6113444.0,-22200,0,-1000,24800,0,1000,47000,0,2000
20260508,6579,研揚,132.5,135.0,131.0,135.0,+,1.5,324631,43339620.0,-21963,0,-2000,63037,0,3000,85000,0,5000
20260508,1467,南緯,7.22,7.22,7.11,7.13,-,0.01,128792,919370.0,-25000,0,1000,21000,0,1000,46000,0,0
20260508,5283,禾聯碩,53.0,53.0,52.3,52.5,-,0.5,118701,6248080.0,-20391,0,-4000,17624,0,0,38015,0,4000
20260508,4569,六方科-KY,174.0,178.5,170.5,171.0,-,4.5,87202,15105304.0,-25000,0,0,15000,0,0,40000,0,0
20260508,8463,潤泰材,22.45,22.45,22.0,22.2,-,0.05,83032,1837077.0,-20000,0,-5000,24000,0,0,44000,0,5000
20260508,2739,寒舍,34.95,34.95,34.55,34.7,-,0.05,77156,2674340.0,-25400,0,0,6600,0,0,32000,0,0
20260508,3040,遠見,42.35,42.35,40.5,40.9,-,1.45,297047,12196925.0,-25500,0,0,56500,0,0,82000,0,0
20260508,6533,晶心科,247.0,252.5,238.0,238.5,-,7.5,1292732,316354513.0,-23024,0,-3724,404013,0,13722,427037,0,17446
20260508,2707,晶華,170.0,172.0,170.0,170.5,+,0.5,177899,30384850.0,-28100,0,665,62900,0,3000,91000,0,2335
20260508,8940,新天地,19.0,19.0,17.7,18.3,-,0.1,231499,4259372.0,-29500,0,2000,20500,0,5000,50000,0,3000
20260508,4169,泰宗,154.0,160.0,153.5,156.0,+,3.0,172403,27219686.0,-28000,0,0,13000,0,0,41000,0,0
20260508,4106,雃博,22.2,22.25,22.05,22.2,,0.0,87999,1947485.0,-28000,0,0,20000,0,2000,48000,0,2000
20260508,3150,鈺寶-創,18.45,20.2,18.45,19.95,+,1.4,386215,7558833.0,-4700,0,-24000,25300,0,38000,30000,0,62000
20260508,5533,皇鼎,14.25,14.25,14.0,14.05,-,0.1,177082,2486493.0,-29000,0,0,24000,0,0,53000,0,0
20260508,1713,國化,48.25,48.3,46.85,47.5,+,0.15,168413,7999336.0,-24000,0,-5000,32000,0,0,56000,0,5000
20260508,2753,八方雲集,181.0,182.5,180.5,180.5,,0.0,181811,32979363.0,-25429,-3928,0,41571,0,1000,67000,3928,1000
20260508,6139,亞翔,719.0,735.0,693.0,714.0,-,7.0,3093168,2214961097.0,-89791,44708,15588,999666,55000,83373,1089457,10292,67785
20260508,3501,維熹,48.0,48.3,47.3,47.35,-,0.6,110211,5262111.0,-30201,0,0,31820,0,1000,62021,0,1000
20260508,1723,中碳,80.2,82.0,78.7,79.9,+,1.2,1227386,98302861.0,-14658,0,-15740,433342,0,6068,448000,0,21808
20260508,2236,百達-KY,131.5,135.0,131.5,135.0,,0.0,406558,54184302.0,-30600,0,0,102400,0,0,133000,0,0
20260508,8499,鼎炫-KY,285.0,295.0,275.0,282.0,-,6.0,327978,93405268.0,-29700,0,-1486,120300,0,1616,150000,0,3102
20260508,6931,青松健康,43.7,44.5,43.0,43.6,-,0.1,115555,5040235.0,-31500,0,-1000,23500,0,0,55000,0,1000
20260508,7799,禾榮科,361.5,361.5,341.0,343.5,-,18.0,380106,132837446.0,-35320,0,2000,82680,0,4000,118000,0,2000
20260508,6914,阜爾運通,147.0,147.0,144.5,145.0,-,1.5,83019,12072537.0,-33500,0,0,6500,0,0,40000,0,0
20260508,6431,光麗-KY,19.8,21.3,19.8,21.0,+,1.6,660646,13945236.0,-35000,0,1359,89000,0,1359,124000,0,0
20260508,6625,必應,74.2,74.2,73.3,74.0,-,0.1,99767,7345653.0,-33600,0,-302,7400,0,2000,41000,0,2302
20260508,2511,太子,7.98,7.98,7.61,7.81,-,0.07,2789036,21737530.0,7000,0,-42000,704000,0,32000,697000,0,74000
20260508,6658,聯策,160.0,163.5,160.0,160.5,-,2.5,524483,84645974.0,-35700,0,500,17300,0,500,53000,0,0
20260508,3557,嘉威,30.5,30.5,29.0,29.45,-,0.6,132761,3919642.0,-32400,0,-3000,18600,0,0,51000,0,3000
20260508,0051,元大中型100,133.4,133.65,130.45,131.65,,0.0,114062,15075661.0,-27999,0,-7869,2001,0,36171,30000,0,44040
20260508,6937,天虹,320.0,323.5,300.0,306.5,-,13.5,836167,260385400.0,-12475,0,-23451,205525,0,14493,218000,0,37944
20260508,2748,雲品,40.9,40.95,39.8,40.1,-,0.45,203283,8191134.0,-36300,0,0,29700,0,2000,66000,0,2000
20260508,00709,富邦歐洲,38.09,38.17,38.03,38.11,-,0.66,54609,2080881.0,28,0,-37000,28,0,0,0,0,37000
20260508,7711,永擎,468.0,468.0,445.0,467.0,-,4.0,394591,181243219.0,-22500,0,-15000,37500,0,0,60000,0,15000
20260508,2364,倫飛,65.0,65.2,63.7,63.9,-,1.4,116438,7472141.0,-37600,0,63,22400,0,63,60000,0,0
20260508,1451,年興,17.0,17.0,16.6,16.7,-,0.15,160976,2690295.0,-31000,0,-7000,45000,0,5000,76000,0,12000
20260508,9906,欣巴巴,37.0,37.5,36.2,36.2,-,0.9,122391,4495345.0,-39420,0,0,28580,0,2000,68000,0,2000
20260508,6605,帝寶,130.0,131.5,129.0,130.0,,0.0,348248,45300825.0,-38961,0,-650,72039,0,3000,111000,0,3650
20260508,4552,力達-KY,20.2,20.2,19.85,20.15,,0.0,188945,3772561.0,-37000,0,-3000,24000,0,0,61000,0,3000
20260508,9918,欣天然,43.6,43.8,42.8,42.8,-,0.8,148522,6423665.0,-42000,0,0,48000,0,0,90000,0,0
20260508,1531,高林股,13.05,13.05,12.75,13.0,,0.0,212302,2734508.0,-42000,0,0,80000,0,0,122000,0,0
20260508,3686,達能,17.8,18.1,17.6,17.6,-,0.5,164555,2930884.0,-41001,0,-1000,25000,0,0,66001,0,1000
20260508,1615,大山,45.6,46.5,44.55,44.7,-,0.8,455009,20574843.0,-44000,0,1000,97000,0,2000,141000,0,1000
20260508,1340,勝悅-KY,5.8,5.8,5.6,5.63,-,0.17,229945,1298381.0,-41001,0,-2000,78000,0,0,119001,0,2000
20260508,00954,中信日本半導體,18.22,18.32,18.01,18.19,+,0.03,1604572,29115811.0,-123985,0,80659,19015,0,632069,143000,0,551410
20260508,2527,宏璟,34.9,35.2,33.85,34.65,+,0.05,304090,10468478.0,-36000,-647,-7000,80000,0,5000,116000,647,12000
20260508,2415,錩新,27.8,28.45,27.7,28.0,+,0.4,204206,5719869.0,-43400,0,-415,52600,0,585,96000,0,1000
20260508,6831,邁科,535.0,573.0,527.0,540.0,-,19.0,2677629,1460997323.0,-72420,6000,22447,782580,6000,61857,855000,0,39410
20260508,1808,潤隆,28.4,28.65,28.2,28.45,+,0.05,849324,24135958.0,-44025,0,0,282000,0,0,326025,0,0
20260508,4588,玖鼎電力,59.7,59.7,58.1,58.7,-,1.6,165779,9750584.0,-41700,0,-2331,20300,0,0,62000,0,2331
20260508,2425,承啟,31.0,31.9,30.5,30.85,-,0.15,443717,13830939.0,-51300,0,7000,88700,0,7000,140000,0,0
20260508,6277,宏正,72.3,72.3,70.3,70.5,-,1.0,235254,16678540.0,-46200,0,1007,98800,0,5000,145000,0,3993
20260508,2207,和泰車,494.0,494.0,478.5,487.0,,0.0,372928,180697237.0,-5039,-39000,-1773,260615,1000,16588,265654,40000,18361
20260508,1321,大洋,29.75,29.75,29.25,29.55,+,0.05,180399,5327451.0,-42000,0,-4000,27000,0,3000,69000,0,7000
20260508,4557,永新-KY,52.4,53.2,50.4,51.0,-,2.9,186552,9616480.0,-49000,0,2000,28000,0,2000,77000,0,0
20260508,9946,三發地產,15.95,16.15,15.85,16.15,+,0.3,500888,8014020.0,-44000,0,-3000,96000,0,3000,140000,0,6000
20260508,6136,富爾特,24.85,25.95,24.85,25.95,+,1.1,815412,20855005.0,-45201,0,-2279,168800,0,4000,214001,0,6279
20260508,4562,穎漢,37.45,39.05,36.75,37.7,-,0.55,807316,30480248.0,-49000,0,1000,160000,0,2000,209000,0,1000
20260508,2107,厚生,26.5,26.55,26.1,26.1,-,0.4,304467,7983011.0,-48000,0,0,107000,0,0,155000,0,0
20260508,00861,元大全球未來通訊,81.55,81.55,80.6,81.2,-,0.75,195333,15834705.0,-19988,0,-29215,12,0,82000,20000,0,111215
20260508,6806,森崴能源,21.5,21.5,20.2,20.35,-,1.0,465639,9606719.0,-49671,0,0,64357,0,0,114028,0,0
20260508,7740,熙特爾-創,175.5,175.5,168.0,170.5,+,2.0,283105,48447383.0,-48600,0,-1550,50400,0,1000,99000,0,2550
20260508,6657,華安,41.1,41.5,40.25,41.0,-,0.1,252862,10299887.0,-53440,0,0,54600,0,0,108040,0,0
20260508,1604,聲寶,22.9,22.9,22.7,22.75,-,0.1,306368,6971571.0,-56000,0,2000,69000,0,8000,125000,0,6000
20260508,3054,立萬利,76.0,76.0,69.0,70.4,-,5.1,672518,48102912.0,-52200,0,-2300,137800,0,5000,190000,0,7300
20260508,1618,合機,39.85,40.4,39.1,39.2,-,0.5,1286929,51097534.0,-66960,0,12091,353040,0,18000,420000,0,5909
20260508,4119,旭富,47.5,47.7,46.55,46.65,-,0.65,183993,8638815.0,-53020,0,-2000,43000,0,2000,96020,0,4000
20260508,6885,全福生技,23.0,23.2,22.15,22.4,-,0.4,452799,10168247.0,-53100,0,-2000,96900,0,0,150000,0,2000
20260508,6962,奕力-KY,37.2,38.8,36.8,38.3,+,1.55,11988409,456718799.0,-57000,0,1210,2866000,0,44330,2923000,0,43120
20260508,2702,華園,15.55,15.55,14.4,14.6,-,1.3,452596,6709698.0,-56000,0,0,44000,0,2000,100000,0,2000
20260508,5484,慧友,38.9,38.9,37.6,37.95,-,0.55,257528,9815807.0,-56000,0,0,47000,0,0,103000,0,0
20260508,2034,允強,21.55,21.55,20.95,21.2,-,0.35,1339264,28308826.0,37018,0,-94656,408018,0,7347,371000,0,102003
20260508,1476,儒鴻,341.5,347.5,339.0,344.0,+,9.0,1515124,520467289.0,-62470,-9195,13788,896734,0,23725,959204,9195,9937
20260508,4935,茂林-KY,38.15,38.15,36.75,37.25,-,0.65,141503,5271999.0,-57000,0,-1000,21000,0,3000,78000,0,4000
20260508,3056,富華新,13.55,13.55,13.35,13.4,-,0.15,884818,11865721.0,-52340,0,-6869,264000,0,9131,316340,0,16000
20260508,2477,美隆電,21.25,21.25,20.75,21.0,-,0.25,306842,6444328.0,-57800,0,-2000,113000,0,2000,170800,0,4000
20260508,7631,聚賢研發-創,127.5,127.5,120.0,123.5,-,4.5,143812,17714540.0,-59900,0,0,6100,0,1000,66000,0,1000
20260508,6226,光鼎,12.85,12.9,12.15,12.3,-,0.3,1088887,13588617.0,-61000,0,1000,178000,0,1000,239000,0,0
20260508,3447,展達,39.8,39.8,37.7,39.4,+,0.2,227097,8833217.0,-60500,0,-1000,29500,0,0,90000,0,1000
20260508,6142,友勁,8.86,9.0,8.73,8.73,-,0.12,531641,4697528.0,-64000,0,1000,145000,0,1000,209000,0,0
20260508,3011,今皓,13.6,14.05,13.45,13.45,-,0.15,1253554,17228684.0,-64200,0,0,342800,0,0,407000,0,0
20260508,3416,融程電,171.0,178.5,168.5,175.5,+,4.0,1538176,267431740.0,-65200,0,12,361800,0,16890,427000,0,16878
20260508,00652,富邦印度,33.2,33.36,33.12,33.22,+,0.09,329897,10971249.0,-16000,0,-50036,0,0,162000,16000,0,212036
20260508,2424,隴華,17.8,19.25,17.2,19.25,+,1.75,448277,8081914.0,-65900,0,-148,78100,0,1852,144000,0,2000
20260508,6477,安集,36.5,36.95,33.9,35.05,-,1.75,1601826,57261545.0,-69017,0,2703,425000,0,5000,494017,0,2297
20260508,3605,宏致,86.3,86.6,82.1,83.3,-,3.9,7012631,590084762.0,43200,0,-109589,1479200,0,92548,1436000,0,202137
20260508,1225,福懋油,32.85,32.85,31.8,32.0,-,0.85,188558,6061559.0,-66999,0,0,28001,0,0,95000,0,0
20260508,2509,全坤建,13.55,13.6,13.4,13.4,-,0.15,303948,4094421.0,-67000,0,0,35000,0,0,102000,0,0
20260508,6168,宏齊,27.0,27.85,26.0,26.1,-,0.85,4546720,122004799.0,-66000,0,-1000,1348000,0,3000,1414000,0,4000
20260508,5244,弘凱,40.5,42.5,39.9,42.0,+,1.65,1447184,60015404.0,-66024,0,-1000,358000,0,0,424024,0,1000
20260508,00956,中信日經高股息,12.27,12.27,12.1,12.18,-,0.18,394327,4793347.0,-107000,0,39686,0,0,231000,107000,0,191314
20260508,3296,勝德,22.2,24.15,22.0,23.45,+,1.25,502833,11570088.0,-65300,0,-2064,74700,0,1017,140000,0,3081
20260508,9955,佳龍,30.25,30.25,29.75,29.85,-,0.3,305936,9162782.0,-68300,0,0,65720,0,0,134020,0,0
20260508,3518,柏騰,38.0,39.3,35.0,36.0,-,1.85,3209354,117901583.0,-68300,0,0,867700,0,1000,936000,0,1000
20260508,4104,佳醫,70.5,71.2,70.4,70.6,,0.0,369575,26167840.0,-70000,0,1675,47000,0,9000,117000,0,7325
20260508,2613,中櫃,22.65,22.9,22.1,22.3,-,0.35,312848,7011628.0,-69000,0,0,50000,0,0,119000,0,0
20260508,3002,歐格,18.15,18.4,17.7,17.8,-,0.3,272258,4886501.0,-69300,0,0,43700,0,0,113000,0,0
20260508,3015,全漢,51.6,52.0,50.2,50.7,-,0.6,370240,18849202.0,56000,-125952,424,146000,0,4000,90000,125952,3576
20260508,1455,集盛,8.11,8.15,8.08,8.08,-,0.03,438224,3551624.0,-66700,0,-3000,157300,0,9000,224000,0,12000
20260508,3703,欣陸,20.95,20.95,20.5,20.7,-,0.2,1216574,25195438.0,-66000,0,-4000,532000,0,17000,598000,0,21000
20260508,6994,富威電力,65.0,65.4,63.9,64.4,-,1.0,331870,21422048.0,-70500,0,-32,69500,0,1000,140000,0,1032
20260508,4551,智伸科,135.0,137.5,132.5,135.0,,0.0,637560,86380229.0,-55000,0,-16128,181000,0,3798,236000,0,19926
20260508,3530,晶相光,68.2,68.4,65.1,65.2,-,2.3,440426,29318620.0,-70500,0,-750,90500,0,4000,161000,0,4750
20260508,6854,錼創科技-KY創,155.0,155.0,145.0,147.0,-,6.5,906397,134615523.0,-75100,0,3791,114900,0,19000,190000,0,15209
20260508,6552,易華電,30.5,30.65,28.9,29.6,-,1.4,428014,12717767.0,-71380,0,0,83620,0,0,155000,0,0
20260508,1720,生達,61.0,61.5,60.8,61.1,-,0.1,241638,14760631.0,-74000,0,1359,69000,0,4000,143000,0,2641
20260508,3027,盛達,19.3,19.5,19.05,19.2,+,0.1,568504,10945415.0,-73200,0,0,145800,0,0,219000,0,0
20260508,2607,榮運,48.25,48.25,47.7,47.9,-,0.1,206116,9869059.0,-76000,0,0,55000,0,6000,131000,0,6000
20260508,1471,首利,11.5,11.5,11.0,11.1,-,0.3,536580,5969583.0,-76000,0,0,72000,0,0,148000,0,0
20260508,3059,華晶科,40.6,41.05,39.25,39.35,-,0.95,3848549,154491464.0,-52000,0,-25606,1187000,0,4085,1239000,0,29691
20260508,2889,國票金,14.65,14.65,14.5,14.65,+,0.1,2112276,30811469.0,-137920,0,60000,640080,0,108000,778000,0,48000
20260508,6108,競國,22.15,22.55,21.8,21.8,-,2.4,5126816,112372272.0,-76000,0,-5343,387000,0,2000,463000,0,7343
20260508,1603,華電,32.7,32.95,32.05,32.1,-,0.55,443306,14391894.0,-80859,0,-1000,96160,0,0,177019,0,1000
20260508,8070,長華*,48.9,48.9,47.45,48.2,-,0.25,2884776,138713695.0,-56855,-14692,-11044,1127010,0,12000,1183865,14692,23044
20260508,4934,太極,19.2,19.8,18.0,18.5,-,0.45,3397758,64047023.0,-88000,0,4000,784000,0,5000,872000,0,1000
20260508,6243,迅杰,36.05,36.7,34.15,34.45,-,1.4,728074,25734140.0,-85000,0,1000,194000,0,1000,279000,0,0
20260508,1760,寶齡富錦,66.7,66.7,64.1,64.4,-,1.5,250090,16189663.0,-84400,0,0,14600,0,0,99000,0,0
20260508,2476,鉅祥,115.0,115.5,109.0,112.0,-,2.5,6334767,708773761.0,-148880,0,64342,1773120,0,253085,1922000,0,188743
20260508,00941,中信上游半導體,24.95,24.95,24.7,24.76,-,0.53,1396932,34609903.0,-297990,0,211659,18010,0,330000,316000,0,118341
20260508,2020,美亞,21.85,22.05,21.85,21.95,+,0.1,491126,10771876.0,-86400,0,0,82000,0,3000,168400,0,3000
20260508,3189,景碩,487.0,487.5,445.5,458.0,-,34.5,28689133,13326516382.0,3659759,-3549000,-197950,11572947,169000,1151113,7913188,3718000,1349063
20260508,1736,喬山,128.5,128.5,123.0,125.0,-,5.0,462371,57942063.0,-88964,0,1716,158036,0,8000,247000,0,6284
20260508,6534,正瀚-創,97.8,97.8,93.5,95.8,-,1.0,208375,19747347.0,-88300,0,1000,43700,0,8000,132000,0,7000
20260508,7768,頌勝科技,368.0,381.0,348.0,350.0,-,34.5,1027633,368813829.0,-88000,0,0,56000,0,0,144000,0,0
20260508,3008,大立光,2585.0,2620.0,2530.0,2570.0,-,5.0,1447944,3720567470.0,-57953,-127,-30590,564840,1,52142,622793,128,82732
20260508,6890,來億-KY,154.5,157.5,150.0,154.0,-,0.5,747248,114550420.0,-90684,0,366,352144,0,5000,442828,0,4634
20260508,3257,虹冠電,54.4,55.2,53.0,54.9,+,0.8,480112,26134819.0,-91400,0,1000,112600,0,1000,204000,0,0
20260508,5706,鳳凰,51.8,51.8,51.1,51.4,-,0.5,200992,10339592.0,-91000,0,0,20000,0,1000,111000,0,1000
20260508,1447,力鵬,4.99,4.99,4.95,4.95,-,0.03,525995,2611127.0,-91000,0,0,151000,0,0,242000,0,0
20260508,3338,泰碩,73.1,74.1,71.4,72.9,-,0.4,2151382,156449637.0,-92400,0,1202,557600,0,9000,650000,0,7798
20260508,8271,宇瞻,255.0,260.5,242.0,260.5,+,12.5,1857976,469177606.0,-82324,0,-13000,143800,0,1000,226124,0,14000
20260508,6541,泰福-KY,40.05,40.65,39.3,39.3,-,0.65,394995,15743329.0,-97063,0,0,72000,0,0,169063,0,0
20260508,2348,海悅,71.7,71.7,70.4,70.9,-,0.4,311024,22027029.0,-98000,0,7,50000,0,3000,148000,0,2993
20260508,2038,海光,14.2,14.25,13.8,13.9,-,0.3,289762,4045692.0,-97000,0,-1000,58000,0,3000,155000,0,4000
20260508,6133,金橋,22.5,22.75,21.8,21.95,-,0.5,1085878,24044881.0,-96000,0,-2000,280000,0,0,376000,0,2000
20260508,2390,云辰,9.55,9.85,9.36,9.46,-,0.09,799013,7622422.0,-93001,0,-5581,170000,0,9000,263001,0,14581
20260508,6224,聚鼎,86.5,87.9,78.3,78.7,-,8.3,3024953,246380862.0,-98970,0,0,1140030,0,1000,1239000,0,1000
20260508,2612,中航,59.1,59.1,57.7,57.9,-,0.7,463116,26993282.0,-96985,0,-2204,72015,0,1000,169000,0,3204
20260508,2454,聯發科,3320.0,3670.0,3320.0,3630.0,+,210.0,9525653,33977538350.0,-500994,185364,213384,5348067,223000,313485,5849061,37636,100101
20260508,1442,名軒,26.75,27.6,26.3,27.1,+,0.35,663209,17836515.0,-50903,0,-52141,205097,0,3990,256000,0,56131
20260508,3356,奇偶,56.1,56.6,54.2,55.1,-,1.0,705028,38976347.0,-103436,0,-21,112656,0,1979,216092,0,2000
20260508,7795,長廣,373.0,380.0,362.0,363.0,-,17.0,515358,189775471.0,-103500,0,0,76500,0,0,180000,0,0
20260508,3058,立德,8.36,8.63,8.27,8.34,-,0.06,676963,5688750.0,-104000,0,0,146000,0,0,250000,0,0
20260508,2032,新鋼,17.1,17.1,16.35,16.55,-,0.2,794740,13222704.0,-106100,0,1000,155900,0,2000,262000,0,1000
20260508,4736,泰博,128.0,128.0,125.0,126.0,-,1.5,319724,40450034.0,-96000,0,-11000,27000,0,0,123000,0,11000
20260508,2022,聚亨,8.15,8.21,8.0,8.04,-,0.05,586610,4732752.0,-107001,0,-1000,146000,0,2000,253001,0,3000
20260508,3023,信邦,306.0,307.0,298.0,302.5,-,7.5,2192440,662062883.0,-86965,1000,-22519,1257035,1000,15297,1344000,0,37816
20260508,6438,迅得,175.5,175.5,169.0,170.5,-,3.5,1420766,244415084.0,-69645,0,-38922,259355,0,1032,329000,0,39954
20260508,5292,華懋,230.0,232.5,224.5,226.0,-,4.5,232855,52883034.0,-113204,0,602,28000,0,1102,141204,0,500
20260508,6923,中台,83.2,84.2,81.6,83.0,-,0.2,183452,15200561.0,-112400,0,-480,30600,0,1000,143000,0,1480
20260508,2419,仲琦,30.7,31.6,29.85,30.05,-,0.65,1974298,60560083.0,-113000,0,-118,448000,0,13000,561000,0,13118
20260508,6591,動力-KY,58.2,59.2,57.2,57.9,-,0.3,471735,27510012.0,-111700,0,-2222,81300,0,0,193000,0,2222
20260508,6869,雲豹能源,87.5,88.6,85.5,87.3,+,0.4,826992,72078712.0,-128984,0,11777,198066,0,14203,327050,0,2426
20260508,5522,遠雄,70.0,70.4,69.5,70.0,+,0.3,1202130,84035073.0,233536,-351000,-97,654536,0,14000,421000,351000,14097
20260508,00972,野村日本動能高息,18.82,18.82,18.6,18.68,-,0.29,344306,6439420.0,0,0,-117777,0,0,192000,0,0,309777
20260508,4306,炎洲,13.25,13.3,13.1,13.15,,0.0,881077,11603306.0,-118000,0,0,106000,0,0,224000,0,0
20260508,2614,東森,20.25,20.25,20.05,20.1,-,0.1,648900,13064855.0,-118000,0,0,72000,0,0,190000,0,0
20260508,1217,愛之味,9.69,9.72,9.64,9.66,-,0.01,660431,6394885.0,-119078,0,0,111000,0,7000,230078,0,7000
20260508,7749,意騰-KY,514.0,555.0,509.0,514.0,+,9.0,2687587,1437387156.0,-122700,0,3120,476300,0,45774,599000,0,42654
20260508,3094,聯傑,34.05,34.2,30.1,30.9,-,2.45,9979840,322358913.0,-114900,0,-5773,2319100,0,13043,2434000,0,18816
20260508,6743,安普新,30.3,30.3,29.2,29.8,-,0.15,607560,18039383.0,-124000,0,0,108000,0,0,232000,0,0
20260508,2611,志信,13.55,13.6,13.35,13.4,-,0.1,496897,6687504.0,-125000,0,0,54000,0,0,179000,0,0
20260508,00762,元大全球AI,107.6,107.9,107.25,107.6,,0.0,498464,53601820.0,-196000,0,69691,0,0,198691,196000,0,129000
20260508,2233,宇隆,287.0,297.5,280.0,292.0,-,3.0,905849,261457958.0,-82600,0,-45046,103400,0,6348,186000,0,51394
20260508,1560,中砂,588.0,617.0,568.0,572.0,-,5.0,3249555,1911019688.0,-106560,60000,-81909,1080120,60000,95463,1186680,0,177372
20260508,5534,長虹,78.6,79.5,78.4,78.4,-,0.2,942557,74416305.0,-281000,150000,1249,122000,150000,33074,403000,0,31825
20260508,3712,永崴投控,21.05,21.3,20.35,20.65,-,0.4,604701,12588354.0,-129000,0,-1542,189000,0,1000,318000,0,2542
20260508,2915,潤泰全,43.9,44.2,43.25,43.25,-,0.5,1858512,80999202.0,-133000,2000,0,653000,2000,14000,786000,0,14000
20260508,8249,菱光,50.5,50.5,49.2,49.65,-,0.75,515005,25685465.0,-135100,0,-1410,115900,0,2000,251000,0,3410
20260508,4576,大銀微系統,238.0,240.5,218.0,228.0,-,14.0,7370350,1679264884.0,11508,85000,-234820,1928551,85000,42350,1917043,0,277170
20260508,00668,國泰美國道瓊,56.95,56.95,56.8,56.85,-,0.25,367937,20920934.0,-2000,0,-136652,0,0,219348,2000,0,356000
20260508,6215,和椿,112.5,116.0,109.0,112.0,-,0.5,2253484,253294631.0,-156990,0,17772,505000,0,29234,661990,0,11462
20260508,6873,泓德能源,95.0,95.0,91.9,91.9,-,1.9,487412,45368303.0,-142250,0,1708,111000,0,14253,253250,0,12545
20260508,1721,三晃,29.95,29.95,27.85,28.5,-,1.5,3096013,89141067.0,-86000,0,-56000,80000,0,2000,166000,0,58000
20260508,2536,宏普,20.95,21.05,20.6,20.65,-,0.2,461117,9556227.0,-142000,0,-3000,61000,0,2000,203000,0,5000
20260508,2880,華南金,33.8,33.8,32.95,33.3,,0.0,19776951,660044531.0,1948171,-1681000,-412585,16651145,90000,225580,14702974,1771000,638165
20260508,2636,台驊控股,68.2,68.5,67.5,67.7,-,0.4,400439,27169554.0,-146000,0,-523,68000,0,3000,214000,0,3523
20260508,2465,麗臺,86.3,88.4,79.5,80.5,-,5.8,3983062,331250305.0,-147301,0,0,942699,0,1000,1090000,0,1000
20260508,4438,廣越,61.1,61.1,57.0,58.3,-,2.7,398553,23384201.0,-148000,0,364,48000,0,3000,196000,0,2636
20260508,6589,台康生技,46.0,46.65,45.1,45.35,-,0.75,679404,30997575.0,-150000,0,753,190000,0,6181,340000,0,5428
20260508,2460,建通,33.05,33.35,32.0,32.0,-,1.65,1204604,39161459.0,-76000,0,-74000,165000,0,2000,241000,0,76000
20260508,1789,神隆,20.3,20.3,19.8,19.8,-,0.15,775344,15437285.0,-158000,0,8000,177000,0,21000,335000,0,13000
20260508,4968,立積,120.0,125.5,117.5,119.5,,0.0,2217431,268904459.0,-142000,0,-8759,581000,0,30578,723000,0,39337
20260508,3588,通嘉,60.8,63.0,59.0,59.2,-,2.5,953592,57881674.0,-152566,0,0,179450,0,0,332016,0,0
20260508,3030,德律,410.0,421.0,383.0,389.5,-,28.0,3349873,1337963086.0,-92458,21000,-81645,731142,21000,19000,823600,0,100645
20260508,5225,東科-KY,76.3,76.4,74.1,74.4,-,2.5,634930,47669270.0,-152000,0,-1523,86000,0,3000,238000,0,4523
20260508,3004,豐達科,121.5,123.5,116.5,117.0,-,3.0,503034,60338935.0,-176532,0,21544,79534,0,34000,256066,0,12456
20260508,4746,台耀,55.3,55.5,53.8,54.3,-,0.5,917961,50042961.0,-314250,161000,-4012,131000,161000,16,445250,0,4028
20260508,2241,艾姆勒,30.9,30.9,29.5,29.65,-,1.05,583442,17428071.0,-159282,0,2000,51718,0,2000,211000,0,0
20260508,6861,睿生光電,408.0,413.0,375.0,376.0,-,29.0,537326,209109919.0,-157700,0,0,30300,0,0,188000,0,0
20260508,1409,新纖,16.8,17.0,16.7,16.8,,0.0,5209058,87723064.0,-265712,0,104521,1568288,0,174241,1834000,0,69720
20260508,2106,建大,17.55,17.6,17.2,17.2,-,0.3,602485,10456738.0,-165000,0,1000,160000,0,13000,325000,0,12000
20260508,3607,谷崧,14.7,15.0,14.5,14.55,-,0.1,513241,7570414.0,-166200,0,0,57800,0,0,224000,0,0
20260508,6691,洋基工程,663.0,681.0,652.0,654.0,-,17.0,646795,428505401.0,11634,-165000,-12981,200515,1000,4000,188881,166000,16981
20260508,1734,杏輝,30.7,30.9,30.55,30.65,-,0.1,314170,9643798.0,-168023,0,0,42000,0,0,210023,0,0
20260508,1598,岱宇,20.8,22.5,20.55,22.2,+,1.4,1373029,29785419.0,-160055,0,-11000,245000,0,3000,405055,0,14000
20260508,3419,譁裕,15.1,15.5,14.2,14.5,-,0.5,584046,8630236.0,-172200,0,-2000,46800,0,1000,219000,0,3000
20260508,6531,愛普*,894.0,894.0,833.0,875.0,-,50.0,3479516,2989589579.0,-57192,-13000,-104066,473018,12000,19000,530210,25000,123066
20260508,2468,華經,36.0,38.1,35.7,35.8,-,0.1,1120561,41131874.0,-174501,0,0,183519,0,0,358020,0,0
20260508,2362,藍天,39.95,40.4,39.35,39.9,-,0.05,990677,39580582.0,-172000,0,-3000,249000,0,8000,421000,0,11000
20260508,3050,鈺德,12.45,12.6,12.05,12.3,-,0.2,714366,8770194.0,-175000,0,0,127000,0,2000,302000,0,2000
20260508,3038,全台,23.25,23.3,22.75,22.85,-,0.45,405497,9310328.0,-172000,-958,-3000,43000,0,2000,215000,958,5000
20260508,4770,上品,228.5,228.5,220.5,223.5,-,5.0,429786,96225382.0,-171900,0,-4777,48100,0,1000,220000,0,5777
20260508,2383,台光電,4810.0,4905.0,4670.0,4750.0,-,210.0,2812108,13483465270.0,-138420,3296,-42580,1188747,110060,146556,1327167,106764,189136
20260508,8103,瀚荃,120.5,123.5,115.5,116.0,-,5.5,1597748,189855213.0,-109489,0,-68773,411511,0,1000,521000,0,69773
20260508,00911,兆豐洲際半導體,53.35,53.35,52.55,52.65,-,1.35,474852,25046507.0,-7896,0,-171302,12104,0,135000,20000,0,306302
20260508,2017,官田鋼,8.85,8.97,8.72,8.84,,0.0,664205,5882131.0,-182958,0,1000,167042,0,6000,350000,0,5000
20260508,5531,鄉林,8.55,8.67,8.43,8.47,-,0.02,768694,6557851.0,-182000,0,0,154000,0,0,336000,0,0
20260508,3052,夆典,10.75,10.75,10.6,10.65,-,0.1,527693,5626752.0,-188000,0,6000,107000,0,7000,295000,0,1000
20260508,2838,聯邦銀,20.7,20.7,20.4,20.55,,0.0,1801637,36922842.0,-216907,0,33348,974093,0,102000,1191000,0,68652
20260508,8104,錸寶,34.6,36.0,33.7,33.75,-,0.85,1030401,35591026.0,-189300,0,0,198700,0,0,388000,0,0
20260508,2031,新光鋼,39.85,39.85,39.05,39.65,-,0.1,680846,26847984.0,-210000,-16012,30743,152000,0,35000,362000,16012,4257
20260508,4532,瑞智,23.05,23.3,22.75,22.95,,0.0,909802,20925369.0,-173000,-28568,6271,294000,0,15000,467000,28568,8729
20260508,3346,麗清,17.1,18.3,17.1,17.45,+,0.25,981798,17302373.0,-192326,0,-3000,260800,0,0,453126,0,3000
20260508,8021,尖點,424.0,424.0,400.0,401.0,-,24.5,960519,391008675.0,-144689,-59000,6000,66008,0,32000,210697,59000,26000
20260508,3504,揚明光,65.3,65.9,62.1,62.1,-,3.2,769862,49116115.0,-199200,0,0,143800,0,1000,343000,0,1000
20260508,3708,上緯投控,121.5,121.5,117.0,118.5,-,2.0,730189,86864682.0,-180000,0,-21865,169000,0,9490,349000,0,31355
20260508,3591,艾笛森,24.2,24.75,22.65,23.6,-,0.8,2578806,61454650.0,-205000,0,37,667000,0,8000,872000,0,7963
20260508,6944,兆聯實業,996.0,1045.0,964.0,964.0,-,21.0,1621564,1621330903.0,-45478,-137413,-22590,540714,0,31575,586192,137413,54165
20260508,3543,州巧,39.0,41.5,39.0,39.85,+,0.85,1708125,69302236.0,-206200,0,-1000,534800,0,0,741000,0,1000
20260508,3092,鴻碩,32.0,32.7,30.95,30.95,-,1.05,781648,24663582.0,-200262,0,-7000,140738,0,1000,341000,0,8000
20260508,2444,兆勁,13.9,14.2,13.15,13.15,-,0.7,1105713,15042656.0,-207301,0,0,225700,0,0,433001,0,0
20260508,8404,百和興業-KY,17.75,17.75,17.15,17.15,-,0.6,533884,9245562.0,-205000,0,-2630,76000,0,7000,281000,0,9630
20260508,3312,弘憶股,42.6,43.3,41.05,41.75,-,0.7,1970910,83192005.0,-210000,0,-1000,426000,0,5000,636000,0,6000
20260508,4952,凌通,49.75,51.4,48.25,48.9,,0.0,1070322,53108454.0,-211000,0,-95,154000,0,7000,365000,0,7095
20260508,3622,洋華,57.0,57.5,55.7,56.4,-,0.7,550310,31083566.0,-215000,0,-360,77000,0,4950,292000,0,5310
20260508,6670,復盛應用,256.0,258.0,251.5,254.0,-,4.5,499223,126605983.0,-276968,54774,5789,114032,67000,10000,391000,12226,4211
20260508,1313,聯成,11.3,11.6,11.1,11.1,,0.0,4782289,53956274.0,-190000,0,-27525,1603000,0,18918,1793000,0,46443
20260508,3701,大眾控,62.6,63.7,59.7,60.9,-,1.7,2778426,170532062.0,-217000,0,-1000,675000,0,0,892000,0,1000
20260508,4755,三福化,144.0,144.5,137.5,139.0,-,3.5,786355,110349141.0,-207700,0,-11000,130300,0,1000,338000,0,12000
20260508,6405,悅城,63.1,67.2,62.1,64.4,+,3.3,2973689,194679920.0,-349200,0,127086,40800,0,128000,390000,0,914
20260508,1104,環泥,28.5,28.5,28.15,28.3,,0.0,571469,16180480.0,-215000,0,-7421,142000,0,15000,357000,0,22421
20260508,3049,精金,13.1,13.35,12.55,12.75,-,0.35,6791201,87518028.0,-153120,0,-74000,1208000,0,0,1361120,0,74000
20260508,4142,國光生,18.05,18.2,17.75,17.8,-,0.15,1182112,21188576.0,-224930,0,-2958,242070,0,7023,467000,0,9981
20260508,4976,佳凌,29.85,30.6,28.9,28.95,-,0.85,740359,21914126.0,-227900,0,-1000,166100,0,6000,394000,0,7000
20260508,2231,為升,118.0,121.5,114.0,116.0,-,2.0,965293,113557534.0,-241883,0,11000,255117,0,13000,497000,0,2000
20260508,1616,億泰,22.6,22.85,22.15,22.15,-,0.2,929892,20871601.0,-230000,0,-1000,225000,0,0,455000,0,1000
20260508,8105,凌巨,13.85,14.3,13.45,13.55,-,0.3,2228695,31002153.0,-234000,0,1000,636000,0,7000,870000,0,6000
20260508,00896,中信綠能及電動車,26.75,27.04,26.3,26.63,-,0.27,2124073,56730886.0,-138000,0,-101256,236000,0,793799,374000,0,895055
20260508,6909,創控,59.5,61.6,55.7,56.9,-,2.6,1979970,115880272.0,-246500,0,1198,321500,0,6000,568000,0,4802
20260508,2387,精元,41.65,41.85,40.6,40.75,-,0.9,815719,33560869.0,-249017,0,-258,224000,0,3000,473017,0,3258
20260508,1612,宏泰,37.05,37.2,36.35,36.7,-,0.5,1257492,46259504.0,-404000,153500,-900,171000,153500,6000,575000,0,6900
20260508,8011,台通,19.85,20.2,19.2,19.3,-,0.35,2091105,41211563.0,-261000,0,2000,261000,0,2000,522000,0,0
20260508,2505,國揚,17.9,17.9,17.55,17.75,-,0.1,656000,11588354.0,-262000,0,1000,53000,0,7000,315000,0,6000
20260508,1529,樂事綠能,23.1,23.8,22.7,22.9,+,0.05,1494283,34625497.0,-263000,0,-2000,351000,0,0,614000,0,2000
20260508,6235,華孚,43.65,44.3,42.9,43.0,-,0.4,939003,40816645.0,-267841,0,0,196159,0,2000,464000,0,2000
20260508,1712,興農,42.2,42.2,41.8,41.95,-,0.35,700589,29368341.0,-268000,0,-26,186000,0,11000,454000,0,11026
20260508,3563,牧德,816.0,835.0,798.0,802.0,-,14.0,1560269,1267830091.0,-270573,0,2352,321427,0,72334,592000,0,69982
20260508,3149,正達,50.9,51.4,48.25,48.25,-,2.65,9062420,449963296.0,-271000,0,686,1703000,0,10000,1974000,0,9314
20260508,4949,有成精密,97.9,102.5,93.7,93.7,-,4.4,3687681,361686818.0,-274409,0,1677,821009,0,14000,1095418,0,12323
20260508,2851,中再保,31.4,31.4,31.05,31.15,-,0.2,1246828,38977605.0,-278000,0,3000,315000,0,20000,593000,0,17000
20260508,1477,聚陽,223.0,225.5,218.0,221.5,+,1.0,2623338,581985202.0,-972534,693967,2423,872026,714000,38037,1844560,20033,35614
20260508,1316,上曜,11.35,11.45,11.15,11.2,-,0.15,1780506,20111267.0,-282000,0,-1005,390000,0,1000,672000,0,2005
20260508,6412,群電,87.0,89.0,85.2,86.0,-,1.1,1717376,149295697.0,-276050,0,-13703,330000,0,10389,606050,0,24092
20260508,6117,迎廣,85.0,85.0,79.5,80.7,-,4.6,1558069,127302192.0,-310987,0,19000,214116,0,34000,525103,0,15000
20260508,6756,威鋒電子,100.0,101.5,92.0,92.8,-,4.5,1551191,150623711.0,-274500,0,-20480,309700,0,4000,584200,0,24480
20260508,2462,良得電,21.3,22.35,21.3,21.85,+,0.6,1023411,22383486.0,-292000,0,-3824,177000,0,5000,469000,0,8824
20260508,6152,百一,13.8,14.3,13.45,13.5,-,0.45,1795466,24663180.0,-301000,0,3000,301000,0,3000,602000,0,0
20260508,6782,視陽,203.5,203.5,194.5,196.0,-,7.5,809792,159734284.0,-314793,0,12000,136400,0,15000,451193,0,3000
20260508,8016,矽創,271.0,279.5,262.0,273.0,+,7.5,7424424,2027008506.0,-256223,-3725,-44286,1871827,0,117279,2128050,3725,161565
20260508,00920,富邦ESG綠色電力,26.37,26.37,25.84,25.9,-,0.88,639197,16597739.0,-113927,0,-194314,4073,0,134000,118000,0,328314
20260508,1532,勤美,20.95,21.05,20.65,20.65,-,0.15,977300,20293281.0,-24000,-287979,-37,201000,0,5000,225000,287979,5037
20260508,1582,信錦,88.5,90.4,86.7,87.8,-,0.9,2027041,179121307.0,-288000,0,-24039,474000,0,97945,762000,0,121984
20260508,2211,長榮鋼,99.6,99.6,98.0,98.5,-,0.6,613286,60395107.0,-304989,-7109,-140,124011,0,5000,429000,7109,5140
20260508,9914,美利達,56.2,57.7,55.6,55.7,-,0.4,1574072,88383708.0,-309270,0,-3738,620000,0,13000,929270,0,16738
20260508,2474,可成,206.0,207.0,199.5,205.0,-,1.0,5464424,1108434403.0,-966516,743958,-93825,2198052,765000,64288,3164568,21042,158113
20260508,2023,燁輝,14.05,14.5,13.9,14.4,+,0.4,3877161,55002249.0,-307000,0,-10292,963000,0,29708,1270000,0,40000
20260508,6283,淳安,26.25,26.45,25.3,25.65,-,0.9,1468599,37739436.0,-321100,0,697,187900,0,9000,509000,0,8303
20260508,6698,旭暉應材,31.05,33.5,30.8,32.9,+,1.85,1623770,53118803.0,-321500,0,0,266500,0,0,588000,0,0
20260508,2534,宏盛,18.85,18.9,18.5,18.75,-,0.15,1161520,21740226.0,-312689,0,-16020,320311,0,12000,633000,0,28020
20260508,2601,益航,4.93,4.95,4.86,4.91,-,0.01,1803930,8834939.0,-334000,0,0,257000,0,0,591000,0,0
20260508,6205,詮欣,90.7,91.2,84.3,84.9,-,5.8,4844701,422012966.0,-331000,0,-5002,900000,0,17000,1231000,0,22002
20260508,1305,華夏,13.2,13.25,12.7,12.75,-,0.25,3097176,39918872.0,-344260,0,7943,590740,0,21041,935000,0,13098
20260508,9938,百和,45.5,45.5,44.75,44.8,-,0.8,2090312,94156923.0,-618847,278165,325,520156,294000,8000,1139003,15835,7675
20260508,00690,兆豐藍籌30,73.25,74.1,72.05,73.3,-,0.1,800375,58600430.0,-51901,0,-296106,26099,0,164574,78000,0,460680
20260508,2062,橋椿,20.7,20.85,20.2,20.3,-,0.4,582956,11921339.0,-339000,-10000,939,75000,0,4000,414000,10000,3061
20260508,2439,美律,86.5,87.0,85.8,86.2,-,0.3,1322280,114301206.0,-313936,-4247,-32515,307064,0,13601,621000,4247,46116
20260508,2617,台航,29.75,29.75,29.3,29.4,-,0.4,1156747,34132370.0,-354382,0,385,232618,0,6480,587000,0,6095
20260508,2375,凱美,92.1,95.5,89.5,90.4,-,0.9,9064706,838838645.0,-347170,-355,-8454,2218830,0,77869,2566000,355,86323
20260508,2497,怡利電,61.0,62.7,60.0,60.7,+,0.2,2984759,183030026.0,-349200,0,-14287,486800,0,5702,836000,0,19989
20260508,3090,日電貿,120.0,123.5,112.0,113.5,-,2.5,28382734,3330765351.0,-182704,0,-181282,8226296,0,265038,8409000,0,446320
20260508,2421,建準,149.5,159.0,148.0,149.0,-,0.5,14241433,2179867395.0,-503165,0,137808,3830142,0,242527,4333307,0,104719
20260508,3047,訊舟,14.7,14.95,14.3,14.4,-,0.35,1289480,18767655.0,-370000,0,884,262000,0,7000,632000,0,6116
20260508,3694,海華,61.6,62.4,59.8,60.0,-,1.9,1400908,85274807.0,-371239,0,-2977,245000,0,3000,616239,0,5977
20260508,1702,南僑,34.55,34.65,34.25,34.35,,0.0,675274,23196182.0,-84000,-284274,-9103,95000,0,5000,179000,284274,14103
20260508,9919,康那香,14.55,15.1,14.55,14.55,+,0.2,1768687,26141004.0,-375500,0,-2000,291500,0,3000,667000,0,5000
20260508,6550,北極星藥業-KY,18.1,18.4,17.5,17.6,-,0.45,949361,16849652.0,-381000,0,0,191000,0,0,572000,0,0
20260508,3010,華立,134.0,135.5,131.5,133.5,+,1.5,1539901,205592452.0,-329746,-54000,12,541254,0,10000,871000,54000,9988
20260508,1308,亞聚,13.85,13.95,13.35,13.4,-,0.35,3128933,42465044.0,-379000,0,-8952,534000,0,18000,913000,0,26952
20260508,1722,台肥,47.2,47.2,46.55,46.55,-,0.25,2754555,128816758.0,-379491,0,-10460,586122,0,31000,965613,0,41460
20260508,2539,櫻花建,40.3,40.3,39.25,39.35,,0.0,1166771,46152799.0,-387360,-5501,-1000,241000,0,6000,628360,5501,7000
20260508,1536,和大,55.6,55.7,52.8,53.7,-,1.8,2554876,138691538.0,-327955,0,-70423,762045,0,44175,1090000,0,114598
20260508,00913,兆豐台灣晶圓製造,43.99,44.68,42.93,43.54,-,0.52,1433990,62603318.0,-630000,0,228911,116000,0,734615,746000,0,505704
20260508,3406,玉晶光,518.0,522.0,498.0,506.0,-,7.0,1358757,688067330.0,-360833,-34000,-8134,453115,0,24101,813948,34000,32235
20260508,2206,三陽工業,58.0,58.3,57.9,58.0,+,0.1,1256687,72908296.0,-272895,-130304,0,351105,0,11000,624000,130304,11000
20260508,3017,奇鋐,2405.0,2500.0,2350.0,2445.0,+,30.0,5937295,14501631015.0,-696016,235500,51887,2102856,480000,314954,2798872,244500,263067
20260508,3029,零壹,100.0,102.0,98.0,98.3,-,1.7,1506354,149861581.0,-402150,-9610,-11004,282000,0,18383,684150,9610,29387
20260508,5284,jpp-KY,377.5,389.0,356.0,360.0,-,17.0,3045507,1131150068.0,-227440,0,-198462,742599,0,63098,970039,0,261560
20260508,6456,GIS-KY,70.5,70.6,65.3,65.5,-,5.4,11819557,797710014.0,-387575,0,-44979,3896425,0,103607,4284000,0,148586
20260508,1514,亞力,120.5,131.0,120.0,123.5,+,4.0,18383578,2298750893.0,-668816,0,236178,4157752,0,465651,4826568,0,229473
20260508,6112,邁達特,44.75,45.3,44.35,44.35,-,0.85,919656,41000931.0,-436000,0,-6027,131000,0,5413,567000,0,11440
20260508,8081,致新,257.5,262.5,251.0,253.5,-,4.0,1507275,385740594.0,-185331,-259000,-48,444759,0,23840,630090,259000,23888
20260508,2530,華建,21.5,21.5,21.05,21.5,+,0.35,1632729,34852002.0,-253000,-29000,-175000,448000,0,20000,701000,29000,195000
20260508,7780,大研生醫*,18.95,19.2,18.6,18.65,-,0.1,2454946,46139265.0,-452000,0,-5954,364000,0,0,816000,0,5954
20260508,2413,環科,45.75,49.3,45.6,46.1,+,0.9,4029013,190684482.0,-458100,0,-703,1142900,0,6018,1601000,0,6721
20260508,2368,金像電,1460.0,1460.0,1305.0,1330.0,-,120.0,7086129,9570314935.0,-131209,-335550,-9774,2171017,363000,344958,2302226,698550,354732
20260508,4564,元翎,18.85,19.15,17.9,18.0,-,0.95,1272643,23356807.0,-493000,0,10862,117000,0,18022,610000,0,7160
20260508,6472,保瑞,416.0,434.0,412.5,419.0,+,5.0,2043556,863412295.0,-507062,0,20133,388208,0,65264,895270,0,45131
20260508,4989,榮科,102.5,104.0,94.0,94.7,-,8.3,15355888,1499450878.0,-508765,0,19404,3347470,0,275136,3856235,0,255732
20260508,5243,乙盛-KY,107.5,112.0,104.0,107.0,,0.0,5148018,556458349.0,-489000,0,-2238,1149000,0,182504,1638000,0,184742
20260508,00904,台新臺灣半導體30,38.91,39.36,38.15,38.71,-,0.24,5020021,194986304.0,-286100,0,-205563,273000,0,2893550,559100,0,3099113
20260508,2442,新美齊,18.65,18.8,18.45,18.65,,0.0,1514613,28144949.0,-508000,0,1000,232000,0,1000,740000,0,0
20260508,6141,柏承,33.3,36.0,32.85,33.1,-,3.4,2781944,93727084.0,-533000,0,0,190000,0,1000,723000,0,1000
20260508,3167,大量,745.0,745.0,684.0,684.0,-,71.0,1641282,1144098189.0,-180511,-341000,-13744,351704,0,29000,532215,341000,42744
20260508,2493,揚博,136.5,138.0,130.0,131.5,-,9.5,4012582,535841408.0,-454975,1000,-84148,660115,1000,41900,1115090,0,126048
20260508,3437,榮創,26.5,27.3,25.65,25.85,-,0.75,4013715,105709205.0,-514000,0,-35000,736000,0,2000,1250000,0,37000
20260508,2331,精英,20.6,21.05,20.25,20.35,-,0.25,2481387,51009531.0,-524000,-29000,-4012,650000,0,9000,1174000,29000,13012
20260508,1434,福懋,15.95,16.0,15.8,15.85,-,0.1,1475101,23384494.0,-559000,0,-3000,366000,0,26000,925000,0,29000
20260508,9958,世紀鋼,106.5,107.0,102.5,103.0,-,2.5,1370323,142600446.0,-546803,0,-15268,191787,0,12269,738590,0,27537
20260508,3717,聯嘉投控,24.25,24.75,23.45,24.05,-,0.15,6716856,161280583.0,-149000,0,-414000,1184000,0,2000,1333000,0,416000
20260508,1904,正隆,17.6,17.6,17.4,17.45,-,0.1,1277929,22318216.0,-559000,0,-4890,172000,0,19000,731000,0,23890
20260508,9103,美德醫療-DR,4.75,4.9,4.72,4.86,+,0.22,2197590,10635214.0,-571000,0,0,384000,0,0,955000,0,0
20260508,3535,晶彩科,131.0,135.0,125.0,128.5,-,3.5,4894231,635037075.0,-573300,0,0,1029500,0,19000,1602800,0,19000
20260508,2006,東和鋼鐵,67.8,67.8,66.3,67.4,-,0.2,2125816,142241605.0,-368049,-121630,-84149,1258116,0,20310,1626165,121630,104459
20260508,00963,中信全球高股息,12.77,12.77,12.67,12.67,-,0.12,1450531,18398088.0,-936000,0,348498,0,0,681000,936000,0,332502
20260508,2605,新興,34.65,34.65,33.0,33.05,-,1.35,6967733,234173479.0,-12751,0,-592599,941249,0,77000,954000,0,669599
20260508,2323,中環,10.75,11.0,10.55,10.55,-,0.3,6010742,64547748.0,-594000,0,-15001,2015000,0,35000,2609000,0,50001
20260508,3044,健鼎,500.0,501.0,475.5,481.0,-,19.0,4629651,2249649675.0,-568703,128000,-188132,2183594,152000,59405,2752297,24000,247537
20260508,2374,佳能,79.6,81.1,77.1,78.5,-,1.2,8950990,704862720.0,-502100,0,-130119,2126000,0,78968,2628100,0,209087
20260508,1304,台聚,13.15,13.25,12.7,12.7,-,0.3,5050191,64924310.0,-594944,0,-39076,1171056,0,23000,1766000,0,62076
20260508,1528,恩德,27.7,27.9,26.3,26.55,-,1.15,6355392,171449939.0,-638000,0,1358,1719000,0,11000,2357000,0,9642
20260508,9945,潤泰新,23.6,23.7,23.4,23.4,-,0.2,4918875,115615712.0,-654878,0,5577,1837000,0,63051,2491878,0,57474
20260508,1710,東聯,12.35,12.45,12.1,12.1,-,0.25,2189216,26698736.0,-662000,0,10449,455000,0,32000,1117000,0,21551
20260508,4766,南寶,368.0,394.5,352.5,392.0,+,21.0,2736506,1026494412.0,-647447,-37000,17940,420169,0,43908,1067616,37000,25968
20260508,1708,東鹼,38.1,38.7,37.15,37.2,-,0.9,3689998,138627277.0,-569525,0,-120177,746021,0,6596,1315546,0,126773
20260508,2543,皇昌,43.6,44.2,42.2,42.2,-,1.35,2758729,118374510.0,-399579,0,-292115,494421,0,40000,894000,0,332115
20260508,2417,圓剛,50.6,53.6,49.85,50.4,-,1.2,4972850,255179566.0,-687068,0,-9410,1044053,0,15000,1731121,0,24410
20260508,6153,嘉聯益,19.0,19.2,18.1,18.35,-,0.6,4736052,87982290.0,-700565,0,2086,1327000,0,18000,2027565,0,15914
20260508,2426,鼎元,70.2,72.6,66.9,67.5,-,6.5,6152299,423495832.0,-124600,0,-585000,289400,0,249000,414000,0,834000
20260508,6278,台表科,181.5,201.0,176.5,201.0,+,18.0,30433241,5863638019.0,-662495,39000,-107131,8013605,337000,525658,8676100,298000,632789
20260508,2492,華新科,159.5,164.5,152.5,156.0,-,4.0,39690340,6311897746.0,-302594,1000,-445510,13508340,1000,404151,13810934,0,849661
20260508,4526,東台,36.05,36.65,34.2,34.5,-,1.7,4861969,171533483.0,-693041,0,-58454,1081000,0,3420,1774041,0,61874
20260508,6442,光聖,2050.0,2065.0,1965.0,1965.0,-,130.0,2513797,5038554745.0,-480721,-260000,-17988,394385,0,120513,875106,260000,138501
20260508,1718,中纖,6.35,6.42,6.28,6.34,-,0.01,4962962,31468222.0,-770483,0,8780,1958517,0,38124,2729000,0,29344
20260508,6451,訊芯-KY,478.0,490.0,441.0,441.0,-,49.0,5839111,2664780554.0,-733317,0,-35668,1001459,0,131140,1734776,0,166808
20260508,5876,上海商銀,38.95,38.95,38.6,38.9,+,0.1,5777976,223961907.0,-395638,-183807,-191360,3596999,0,86000,3992637,183807,277360
20260508,9941,裕融,76.1,76.2,74.8,75.7,-,0.5,3108629,234198138.0,-1205138,434541,-1246,568300,444000,27000,1773438,9459,28246
20260508,2504,國產,35.0,35.2,34.65,34.75,-,0.25,2022384,70572879.0,-768811,-64041,57239,381000,0,83000,1149811,64041,25761
20260508,3032,偉訓,71.6,72.3,68.0,70.7,-,1.0,2347838,165945967.0,-774414,0,-7299,324586,0,8002,1099000,0,15301
20260508,00964,中信亞太高股息,14.47,14.5,14.29,14.35,-,0.17,3416706,49125302.0,-161000,0,-633208,44000,0,1643000,205000,0,2276208
20260508,1102,亞泥,34.95,35.35,34.9,34.95,,0.0,6615592,232070483.0,111198,-779651,-127000,3860716,22000,46000,3749518,801651,173000
20260508,1795,美時,234.5,242.0,232.5,236.5,+,3.5,6067935,1443036821.0,-837184,-948,41740,1262076,0,160581,2099260,948,118841
20260508,3024,憶聲,14.55,14.7,14.0,14.25,-,0.35,4213654,59773609.0,-825000,0,2000,563000,0,3000,1388000,0,1000
20260508,9939,宏全,111.5,112.0,109.5,111.5,+,1.0,1452741,160624961.0,-766948,-57308,1142,188052,0,11000,955000,57308,9858
20260508,2515,中工,13.25,13.4,13.1,13.1,-,0.15,3251769,43056625.0,-825510,0,-1002,774490,0,2000,1600000,0,3002
20260508,2342,茂矽,45.75,46.7,42.4,43.8,-,2.15,31903418,1429648346.0,-761345,0,-68035,8354175,0,7000,9115520,0,75035
20260508,9933,中鼎,37.9,38.4,36.75,36.8,-,0.5,7089802,265681668.0,-805788,0,-65712,2315000,0,17664,3120788,0,83376
20260508,6202,盛群,58.7,58.7,54.2,55.2,-,2.3,3486863,195833632.0,-879006,0,2000,614014,0,38461,1493020,0,36461
20260508,6592,和潤企業,62.4,62.4,60.5,60.7,-,1.7,1309354,79660143.0,-883000,0,-1685,159000,0,23000,1042000,0,24685
20260508,3005,神基,99.0,100.0,97.5,98.2,-,0.9,3464878,342150975.0,-761922,-107083,-26381,899078,0,41247,1661000,107083,67628
20260508,2731,雄獅,162.0,162.0,158.5,159.5,-,4.0,2364668,377847806.0,-1038372,139000,-325,187628,139000,20000,1226000,0,20325
20260508,9921,巨大,68.1,68.3,66.0,66.0,-,1.8,1770297,118041355.0,-880947,0,-19693,425000,0,28000,1305947,0,47693
20260508,1309,台達化,17.7,17.85,16.75,16.85,-,0.55,7688320,131931115.0,-920500,0,11306,1437500,0,29000,2358000,0,17694
20260508,2637,慧洋-KY,77.0,77.4,74.2,74.6,-,2.2,2607176,195546999.0,-854000,-12575,-42966,737000,0,11082,1591000,12575,54048
20260508,2501,國建,23.5,23.5,22.95,23.0,-,0.5,2409427,55743892.0,-903000,0,-8748,771000,0,22000,1674000,0,30748
20260508,8028,昇陽半導體,230.5,241.0,225.0,226.0,-,3.0,13241198,3079237327.0,-962840,0,38806,3556360,0,244530,4519200,0,205724
20260508,1905,華紙,12.7,12.75,12.4,12.45,-,0.25,2751642,34440105.0,-955000,0,8764,279000,0,31000,1234000,0,22236
20260508,00892,富邦台灣半導體,41.73,42.56,41.15,41.73,-,0.08,3570650,149767805.0,-303000,0,-645162,605000,0,801286,908000,0,1446448
20260508,2402,毅嘉,70.7,70.7,66.7,68.0,-,2.1,8389732,574201924.0,-841198,0,-115127,1665225,0,127100,2506423,0,242227
20260508,00952,凱基台灣AI50,17.55,17.77,16.98,17.24,-,0.31,4985635,86577386.0,-975000,0,18249,348000,0,2772773,1323000,0,2754524
20260508,8422,可寧衛*,28.4,28.6,27.7,27.9,-,0.5,7641789,214413385.0,-824950,-133000,-13364,2050050,0,66463,2875000,133000,79827
20260508,2412,中華電,136.0,136.5,135.5,136.5,+,1.0,9445587,1286473078.0,-1034714,-2000,60032,4098789,0,147032,5133503,2000,87000
20260508,00830,國泰費城半導體,78.45,78.85,78.45,78.6,-,0.95,9518676,748518105.0,1166581,0,-2147970,3309581,0,1131000,2143000,0,3278970
20260508,1440,南紡,12.4,12.45,12.15,12.25,-,0.15,2036232,24940907.0,-965001,0,-17854,296000,0,27000,1261001,0,44854
20260508,00881,國泰台灣科技龍頭,50.5,51.0,49.72,50.45,-,0.5,16581555,834928536.0,-3741549,0,2751335,2063453,0,6125212,5805002,0,3373877
20260508,2855,統一證,40.35,40.55,39.05,40.0,+,0.3,11856512,471777903.0,-979973,-10734,0,3912027,13000,0,4892000,23734,0
20260508,1522,堤維西,32.8,33.3,32.0,32.1,-,2.05,5454156,177663048.0,-983000,-2708,-5781,1017000,0,31000,2000000,2708,36781
20260508,1727,中華化,77.4,78.5,71.1,72.3,-,5.9,8658563,643141637.0,-1016100,0,765,1875900,0,92000,2892000,0,91235
20260508,2903,遠百,22.35,22.35,22.15,22.15,-,0.1,2017490,44797990.0,-858760,-163000,-1000,229240,0,17000,1088000,163000,18000
20260508,6120,達運,13.45,13.75,12.85,12.9,-,0.4,4290593,56781810.0,-1065000,0,20810,1046000,0,49824,2111000,0,29014
20260508,2399,映泰,43.2,44.55,42.1,42.3,-,1.2,14536476,628213117.0,-1192000,0,127858,2932000,0,167000,4124000,0,39142
20260508,2405,輔信,15.35,15.45,14.9,14.95,-,0.4,2420887,36569875.0,-1066000,0,0,402000,0,0,1468000,0,0
20260508,4916,事欣科,63.6,66.0,61.7,62.0,-,1.1,7070240,451111399.0,-1069000,0,928,1637000,0,80881,2706000,0,79953
20260508,6271,同欣電,181.5,185.5,178.0,181.5,+,1.5,7838365,1429990394.0,-1167454,0,86523,1764134,0,168945,2931588,0,82422
20260508,2392,正崴,40.9,41.15,38.8,38.8,-,1.7,3618765,143754630.0,-1055940,0,-29535,858000,0,17223,1913940,0,46758
20260508,2009,第一銅,39.05,39.05,37.8,37.9,-,1.4,2032902,77787044.0,-1091258,0,-8769,176742,0,23000,1268000,0,31769
20260508,5608,四維航,15.55,15.55,15.05,15.15,-,0.4,2287526,34830943.0,-1135001,0,-503,126000,0,1000,1261001,0,1503
20260508,1215,卜蜂,134.5,136.5,130.5,134.0,-,4.0,3515991,469279743.0,-1232001,25000,64337,305000,25000,107000,1537001,0,42663
20260508,1524,耿鼎,30.0,30.0,28.8,29.1,-,1.15,2797807,81996023.0,17016,0,-1165000,497016,0,0,480000,0,1165000
20260508,2347,聯強,84.2,84.9,82.2,82.2,-,1.7,3652563,303497306.0,-639796,-435112,-73282,1667251,103000,23986,2307047,538112,97268
20260508,1319,東陽,80.0,81.2,78.7,80.2,+,0.2,4910456,394075824.0,-1777380,709434,-99226,796159,720000,16073,2573539,10566,115299
20260508,6257,矽格,216.0,218.5,204.0,211.0,-,2.0,17813044,3776708160.0,-417111,-100000,-650069,5043057,127000,150924,5460168,227000,800993
20260508,2104,國際中橡,10.5,10.8,10.3,10.3,-,0.1,3141718,33013592.0,-1171001,0,-4401,445000,0,18476,1616001,0,22877
20260508,2340,台亞,40.8,40.8,37.2,37.3,-,3.5,15424349,596521031.0,-651292,0,-531050,3456837,0,23321,4108129,0,554371
20260508,2485,兆赫,67.7,71.2,66.0,68.6,+,0.9,39430194,2707701521.0,-1183910,0,-447,8756300,0,126892,9940210,0,127339
20260508,8261,富鼎,126.5,127.5,120.5,126.0,-,2.0,4695505,586791797.0,-1079582,0,-121545,766637,0,17219,1846219,0,138764
20260508,00910,第一金太空衛星,66.7,67.25,66.7,67.1,-,1.75,2329625,156069552.0,-674917,0,-566179,23083,0,105000,698000,0,671179
20260508,4164,承業醫,29.55,29.85,28.45,28.5,-,0.9,2569925,74253351.0,-1269879,0,22303,174121,0,52000,1444000,0,29697
20260508,3645,達邁,97.7,102.0,91.7,94.1,-,2.9,8983418,865165316.0,-1424000,0,174641,1880000,0,302232,3304000,0,127591
20260508,3673,TPK-KY,61.8,62.3,58.5,59.0,-,1.5,8371463,503415020.0,-1000790,0,-274741,1689210,0,44723,2690000,0,319464
20260508,4763,材料*-KY,41.9,42.55,41.35,41.9,-,0.05,6274617,261741334.0,-1265606,-5350,-17715,1755394,0,45078,3021000,5350,62793
20260508,1310,台苯,8.84,8.91,8.62,8.63,-,0.25,3764830,32756075.0,-1293431,0,1615,419569,0,10000,1713000,0,8385
20260508,4720,德淵,27.0,27.65,25.5,26.05,-,1.85,6028679,160101889.0,-1285200,-1003,-6029,683800,0,0,1969000,1003,6029
20260508,1711,永光,58.0,59.0,57.5,57.5,-,4.5,6846499,398253237.0,-1208706,0,-92000,249294,0,48000,1458000,0,140000
20260508,1513,中興電,157.0,163.5,157.0,158.0,+,1.5,17757265,2828659053.0,-1399723,-159160,252729,4610777,1000,428193,6010500,160160,175464
20260508,2406,國碩,34.6,35.4,32.85,33.0,-,1.9,14502856,494008500.0,-1328000,0,-287,3127606,0,6000,4455606,0,6287
20260508,2388,威盛,75.0,76.5,70.8,71.4,-,4.2,13102042,957240800.0,-700945,0,-633109,3586055,0,93183,4287000,0,726292
20260508,5880,合庫金,23.1,23.15,22.95,23.05,+,0.05,15616976,359873934.0,-1684124,98756,227942,7299466,107000,456024,8983590,8244,228082
20260508,3380,明泰,32.6,33.2,31.7,31.9,-,0.7,3659248,118516249.0,-1338000,0,-23825,746000,0,14200,2084000,0,38025
20260508,2812,台中銀,19.85,19.95,19.75,19.75,+,0.05,14905785,295276896.0,-1445839,3265,61000,5749161,9000,140000,7195000,5735,79000
20260508,2603,長榮,212.5,214.0,211.0,211.5,-,2.0,12482776,2649103154.0,421725,-1731211,-77938,4870792,15000,241332,4449067,1746211,319270
20260508,2464,盟立,112.0,122.0,109.0,122.0,+,11.0,55247054,6554425708.0,-1928212,0,526603,10126003,0,952364,12054215,0,425761
20260508,00922,國泰台灣領袖50,36.48,36.74,36.02,36.47,-,0.23,10691603,389456874.0,-1022679,0,-391369,1359405,0,3075163,2382084,0,3466532
20260508,6269,台郡,66.9,66.9,62.7,63.2,-,3.2,5013368,321657210.0,-1331450,0,-88017,1010550,0,33647,2342000,0,121664
20260508,8215,明基材,29.3,29.4,27.0,27.05,-,2.55,5631124,157856674.0,-1411504,0,-25265,947510,0,7000,2359014,0,32265
20260508,8131,福懋科,70.0,70.0,64.3,65.9,-,4.4,8615904,576006219.0,-949126,0,-493247,1999029,0,40163,2948155,0,533410
20260508,5469,瀚宇博,84.4,84.5,80.8,81.8,-,2.5,3930290,323885292.0,-1512000,0,23723,698000,0,80250,2210000,0,56527
20260508,3376,新日興,214.0,216.0,202.0,202.5,-,12.5,6381364,1320066558.0,-1325600,-10000,-156389,1251500,0,138514,2577100,10000,294903
20260508,2337,旺宏,160.0,164.5,149.0,153.0,-,11.5,169291306,26267936157.0,1095741,-1448000,-1156833,51757279,0,2317014,50661538,1448000,3473847
20260508,2329,華泰,62.2,62.4,58.2,59.7,-,2.6,18616885,1121757477.0,-775243,0,-761755,5122757,0,525448,5898000,0,1287203
20260508,00662,富邦NASDAQ,115.65,115.95,115.55,115.8,+,0.4,3130306,362328250.0,5230,0,-1593435,22230,0,179744,17000,0,1773179
20260508,2371,大同,31.1,31.8,30.5,30.55,-,0.3,26689408,830570937.0,-1970491,36000,342186,7902752,36000,550066,9873243,0,207880
20260508,2316,楠梓電,117.0,117.0,110.0,112.5,-,4.0,5313455,600109025.0,-1567945,0,-63016,1179055,0,99497,2747000,0,162513
20260508,6672,騰輝電子-KY,226.5,226.5,205.0,208.0,-,18.0,6478240,1379704623.0,-1651259,0,-35994,914013,0,84083,2565272,0,120077
20260508,6213,聯茂,295.5,301.0,277.0,287.5,-,12.0,5525643,1597481132.0,-1632346,0,-60072,341475,0,31000,1973821,0,91072
20260508,3042,晶技,167.0,168.0,148.0,154.0,-,9.0,17578039,2764437497.0,-261751,-9000,-1425049,5335352,0,166367,5597103,9000,1591416
20260508,4739,康普,93.3,95.0,84.3,86.9,-,6.2,6778076,601777333.0,-1603101,0,-116878,1235000,0,98158,2838101,0,215036
20260508,3036,文曄,240.5,240.5,240.5,240.5,+,21.5,6029324,1450052210.0,-1442527,-381741,96470,254000,0,100470,1696527,381741,4000
20260508,9907,統一實,17.25,17.25,17.0,17.1,-,0.15,3918226,67087097.0,-1715000,-21721,-9000,443000,554000,22000,2158000,575721,31000
20260508,6706,惠特,172.0,182.5,170.0,172.5,-,2.0,12469562,2190835718.0,-1681073,0,-132672,2791470,0,87383,4472543,0,220055
20260508,00961,FT臺灣永續高息,11.07,11.13,10.95,11.03,-,0.01,7820683,86446365.0,-76000,0,-1741622,289000,0,2468000,365000,0,4209622
20260508,00894,中信小資高價30,47.6,47.71,46.19,46.81,-,1.07,5353113,251948857.0,-2852002,0,1028777,217000,0,2570153,3069002,0,1541376
20260508,2349,錸德,12.8,12.95,12.4,12.45,-,0.35,4317243,54178314.0,-1897000,0,-2000,174000,0,0,2071000,0,2000
20260508,3062,建漢,26.8,28.9,26.55,26.8,+,0.25,16460048,454632235.0,-2043001,0,62869,3628000,0,109949,5671001,0,47080
20260508,00947,台新臺灣IC設計,35.57,36.31,34.69,35.79,+,0.06,9372205,333771869.0,-255000,0,-1761559,1032000,0,2276364,1287000,0,4037923
20260508,2345,智邦,2400.0,2425.0,2305.0,2375.0,-,185.0,10934471,25609223875.0,-1883537,-355328,219209,4080035,547000,539786,5963572,902328,320577
20260508,2845,遠東銀,12.3,12.3,12.2,12.2,-,0.05,6699191,81895764.0,-2143263,5000,77000,1082258,5000,141000,3225521,0,64000
20260508,8046,南電,942.0,942.0,853.0,854.0,-,93.0,20326159,17851124234.0,-1460154,-475000,-132386,5794220,556000,1140642,7254374,1031000,1273028
20260508,2489,瑞軒,43.8,44.9,41.4,41.6,-,2.65,38356228,1637527324.0,-1432659,0,-691477,7847425,0,110088,9280084,0,801565
20260508,3653,健策,3775.0,4010.0,3490.0,3650.0,-,225.0,5820794,21132449025.0,-862381,-1765940,458576,1178014,17070,593708,2040395,1783010,135132
20260508,6209,今國光,72.2,73.3,65.9,66.0,-,6.2,15090186,1041207545.0,-1841856,0,-334009,2666500,0,59188,4508356,0,393197
20260508,00946,群益科技高息成長,12.85,13.05,12.65,12.89,+,0.04,9864760,127069904.0,-548000,0,-1655780,1199000,0,2730228,1747000,0,4386008
20260508,1312,國喬,12.15,12.2,11.6,11.6,-,0.5,4496298,53198014.0,-1911000,0,-435083,615000,0,41000,2526000,0,476083
20260508,2457,飛宏,25.5,25.55,24.2,24.25,-,1.3,4431797,109088759.0,-2310000,0,-62323,500000,0,79004,2810000,0,141327
20260508,1609,大亞,35.2,37.15,35.15,36.05,+,2.0,27013965,975307633.0,-2646095,0,194306,6104920,0,276774,8751015,0,82468
20260508,2441,超豐,93.5,93.9,88.6,90.5,-,2.9,7727829,702934657.0,-2295028,-24000,-159240,1784072,0,61341,4079100,24000,220581
20260508,2618,長榮航,35.4,35.7,35.2,35.65,+,0.25,34415959,1220992509.0,-4079274,1700559,-148646,13340613,2129000,385758,17419887,428441,534404
20260508,4956,光鋐,53.5,56.2,48.3,49.0,-,3.8,14999016,782729043.0,-2563021,0,-6074,2616000,0,9454,5179021,0,15528
20260508,3596,智易,169.0,178.0,168.0,178.0,+,10.5,6662872,1172125940.0,-2763629,0,57213,1266421,0,97630,4030050,0,40417
20260508,4540,全球傳動,74.0,75.5,68.2,68.6,-,7.1,20684195,1465225218.0,-2662145,0,-223130,3517044,0,40000,6179189,0,263130
20260508,2355,敬鵬,52.7,54.0,50.3,51.8,-,0.9,13063505,678941743.0,-2532882,0,-415592,3010118,0,118388,5543000,0,533980
20260508,2367,燿華,61.4,65.0,60.5,61.7,+,0.3,62713175,3934111345.0,-3153141,0,147844,13466130,0,715467,16619271,0,567623
20260508,8110,華東,50.9,51.9,47.4,48.55,-,2.55,13039829,643339394.0,-3048024,0,-54721,2639800,0,54013,5687824,0,108734
20260508,1402,遠東新,26.2,26.2,25.9,26.1,+,0.1,10420581,271436716.0,-2963032,-98000,-63200,4809725,30000,111000,7772757,128000,174200
20260508,2105,正新,32.2,32.3,31.75,32.1,+,0.1,11623944,372539461.0,-2945952,-60814,-144646,3992018,32000,68638,6937970,92814,213284
20260508,2408,南亞科,282.0,289.0,260.0,274.0,-,13.0,130863185,35916310367.0,-4297715,1797000,-675472,36053249,1805000,1461733,40350964,8000,2137205
20260508,4958,臻鼎-KY,427.0,427.5,392.0,401.0,-,26.0,43760993,17794918413.0,-2788977,199000,-643292,14891003,199000,1288464,17679980,0,1931756
20260508,2615,萬海,78.1,78.1,76.3,76.5,-,1.7,7766212,596862111.0,-3112331,-161737,1814,1541428,0,72000,4653759,161737,70186
20260508,4919,新唐,172.5,179.0,164.0,167.5,-,9.5,39775866,6829799228.0,-3064830,0,-238407,10280028,0,310639,13344858,0,549046
20260508,9105,泰金寶-DR,5.72,5.81,5.6,5.68,-,0.07,19225977,109335191.0,-3317000,0,-93387,2784000,0,122,6101000,0,93509
20260508,2481,強茂,103.0,104.5,98.5,99.5,-,4.0,15039951,1517424786.0,-2917016,-218689,-534520,4238473,0,97620,7155489,218689,632140
20260508,00935,野村臺灣新科技50,54.3,55.05,53.25,54.2,-,0.65,17479717,947944677.0,77683,235000,-3995433,1677685,235000,5586000,1600002,0,9581433
20260508,1101,台泥,25.6,25.7,24.95,25.0,-,0.5,27759197,699541255.0,-3849302,0,-7224,11342104,0,394585,15191406,0,401809
20260508,2484,希華,44.4,47.6,41.4,41.8,-,3.05,30250470,1335517230.0,-3938000,0,-22679,5932000,0,14000,9870000,0,36679
20260508,3576,聯合再生,17.4,18.3,16.8,17.45,+,0.25,57284480,1005207374.0,-3896500,0,-106040,8753100,0,106000,12649600,0,212040
20260508,6239,力成,227.5,229.5,217.5,222.0,-,8.5,16620076,3712350736.0,-3043076,-258000,-868524,4612005,92000,416104,7655081,350000,1284628
20260508,4927,泰鼎-KY,58.1,58.2,53.5,54.4,-,3.7,15425411,855922885.0,-4107900,0,-99000,2321100,0,38000,6429000,0,137000
20260508,3702,大聯大,105.5,113.5,105.5,113.5,+,10.0,25183767,2813810002.0,-2625170,1253000,-2858500,5438016,1964000,376453,8063186,711000,3234953
20260508,1504,東元,74.6,74.7,70.5,72.8,-,1.2,40799820,2967615859.0,-4079177,366416,-528833,12456530,371000,376985,16535707,4584,905818
20260508,2308,台達電,2230.0,2250.0,2170.0,2200.0,-,80.0,11802071,26136627365.0,-4460889,111500,30927,3574715,374500,598061,8035604,263000,567134
20260508,4915,致伸,73.3,73.3,71.3,72.5,-,1.1,7556989,544675090.0,-4808120,386266,-481,937090,682000,45000,5745210,295734,45481
20260508,3715,定穎投控,189.0,190.5,177.0,180.5,-,8.5,19061361,3477390218.0,-4322845,0,-151510,3460839,0,401336,7783684,0,552846
20260508,6005,群益證,31.5,31.6,30.3,30.55,-,0.6,26522019,815320804.0,-4673402,31018,0,7644000,1013000,0,12317402,981982,0
20260508,5871,中租-KY,115.5,115.5,110.5,112.5,-,2.0,11385514,1271407044.0,-3818418,-1037121,-7607,3835022,8000,103000,7653440,1045121,110607
20260508,6191,精成科,100.0,100.0,94.2,95.5,-,4.5,13565521,1310575634.0,-4729670,0,-145347,2000330,0,184752,6730000,0,330099
20260508,2010,春源,24.6,24.6,23.3,23.4,-,1.45,7813178,185647460.0,-5018663,0,6000,490337,0,17000,5509000,0,11000
20260508,2354,鴻準,63.0,63.0,60.2,61.4,-,1.9,25532398,1562936034.0,-5009977,0,-409404,4549924,0,206672,9559901,0,616076
20260508,2369,菱生,32.8,33.75,30.25,30.7,-,2.3,20342123,644139230.0,-4530191,0,-909326,4593030,0,99561,9123221,0,1008887
20260508,9904,寶成,26.2,26.2,25.75,25.9,-,0.05,11645528,301389986.0,-3898953,-1462425,-105276,3916000,27000,53000,7814953,1489425,158276
20260508,0052,富邦科技,57.2,57.5,56.2,57.1,-,0.45,33899557,1931235133.0,-619956,-380000,-4573091,3218434,30000,5734502,3838390,410000,10307593
20260508,2495,普安,39.0,39.05,36.8,36.8,-,4.05,16485885,613138627.0,-5560102,0,-198173,1741100,0,9530,7301202,0,207703
20260508,2498,宏達電,40.9,41.25,39.3,39.35,-,1.1,12845816,513535936.0,-5444781,0,-339698,2034050,0,53000,7478831,0,392698
20260508,1314,中石化,7.25,7.33,7.13,7.14,-,0.11,21973327,158264460.0,-6349400,0,13429,4287000,0,84000,10636400,0,70571
20260508,00927,群益半導體收益,34.75,35.3,33.78,34.73,-,0.05,34611008,1201929783.0,-9298000,0,2670091,4189000,0,9366707,13487000,0,6696616
20260508,2324,仁寶,29.9,30.25,29.15,29.65,+,0.2,60000149,1779411370.0,-6422494,-442000,-298956,22382917,32000,347200,28805411,474000,646156
20260508,3711,日月光投控,524.0,529.0,511.0,516.0,-,24.0,23722301,12355793802.0,-7779914,584030,-84163,9275638,613000,1393966,17055552,28970,1478129
20260508,2353,宏碁,28.1,28.6,27.8,27.8,-,0.3,29518900,829626302.0,-5041832,-2415000,-218462,8979898,41000,66962,14021730,2456000,285424
20260508,1301,台塑,51.0,51.3,48.15,48.55,-,1.0,38566032,1889146798.0,-7919220,0,-159774,18826002,0,429700,26745222,0,589474
20260508,2609,陽明,50.7,50.7,49.8,49.9,-,0.8,17222047,861702879.0,-8773225,28150,18636,2901519,42000,162000,11674744,13850,143364
20260508,3037,欣興,871.0,872.0,808.0,818.0,-,78.0,36009716,30174708339.0,-5767319,-2105000,-922669,8113169,437000,3368763,13880488,2542000,4291432
20260508,2449,京元電子,336.0,341.0,306.5,311.0,-,28.0,40147269,12796627240.0,-6745053,-1464863,-1172878,10374635,131000,1068320,17119688,1595863,2241198
20260508,2409,友達,18.45,18.9,17.75,17.85,-,0.5,206094211,3759293502.0,-6425959,0,-3241452,59887540,0,1359078,66313499,0,4600530
20260508,1717,長興,80.1,80.6,74.7,77.9,-,1.8,38807375,3005112082.0,-10479196,0,-554893,7760165,0,739345,18239361,0,1294238
20260508,1802,台玻,71.4,71.8,67.3,68.9,-,1.9,84842556,5896637070.0,-10238829,0,-1476764,20257835,0,791166,30496664,0,2267930
20260508,2303,聯電,96.5,98.8,89.9,91.3,-,5.2,219273944,20543105676.0,-11332191,2535487,-3297332,69794903,5184040,2197467,81127094,2648553,5494799
20260508,4960,誠美材,43.7,44.05,39.35,39.35,-,4.35,35928179,1466021468.0,-11906743,0,-217171,4091518,0,21000,15998261,0,238171
20260508,2002,中鋼,18.85,18.85,18.6,18.75,-,0.1,37205235,694657964.0,-13107973,21000,203123,8705645,22000,476524,21813618,1000,273401
20260508,8150,南茂,100.5,103.0,88.3,92.7,-,5.4,101806451,9629787829.0,-13308485,0,360379,27349390,0,1600813,40657875,0,1240434
20260508,1303,南亞,89.5,90.8,86.6,88.6,-,1.7,61558376,5461498663.0,-11042123,70696,-2958817,24970424,113000,774527,36012547,42304,3733344
20260508,2344,華邦電,111.0,115.0,103.5,107.0,-,7.0,174129448,18923329101.0,-15612820,1781000,-623066,55613396,1781000,1325524,71226216,0,1948590
20260508,2834,臺企銀,16.2,16.3,16.0,16.25,+,0.1,42813107,690757338.0,-15629615,12358,44000,9065079,18000,233000,24694694,5642,189000
20260508,1326,台化,50.0,50.1,46.6,46.95,-,2.5,42319894,2020243538.0,-18031223,0,-329451,9808822,0,472000,27840045,0,801451
20260508,2887,台新新光金,24.1,24.2,23.75,23.8,-,0.2,110828395,2643945292.0,36299325,-55368700,196371,67761397,364000,1024581,31462072,55732700,828210
20260508,00891,中信關鍵半導體,34.31,34.82,33.71,34.19,-,0.15,75937483,2606860933.0,281937,0,-31983479,6227387,0,7247658,5945450,0,39231137
20260508,1605,華新,36.0,36.05,32.65,33.75,-,2.1,116777785,3996306571.0,-37010695,0,-687114,19944265,0,1677525,56954960,0,2364639
20260508,0050,元大台灣50,97.35,97.7,95.85,97.0,-,0.7,131188123,12716275565.0,-46154724,0,-17526010,15876574,0,11637204,62031298,0,29163214
20260508,6770,力積電,65.0,66.5,60.1,61.4,-,2.5,442180347,28155548511.0,-59021925,0,-6516821,100903399,0,1939060,159925324,0,8455881
