tradeDate,stockCode,stockName,openPrice,highPrice,lowPrice,closePrice,changeSign,change,totalShares,totalAmount,foreignNetShares,investmentNetShares,dealerNetShares,foreignBuyShares,investmentBuyShares,dealerBuyShares,foreignSellShares,investmentSellShares,dealerSellShares
20260717,00712,復華富時不動產,9.1,9.13,9.06,9.06,+,0.04,111034351,1011000141.0,37670000,0,59241199,37700000,0,62765999,30000,0,3524800
20260717,2884,玉山金,34.6,35.5,34.5,35.1,+,0.2,97753866,3437953911.0,53198585,627848,6652825,76674824,915993,7340291,23476239,288145,687466
20260717,3481,群創,53.4,55.1,52.6,52.6,-,4.7,343294756,18422033674.0,59977392,-27059349,-4191783,121974873,306651,5609644,61997481,27366000,9801427
20260717,2886,兆豐金,46.6,47.6,46.3,47.6,+,1.0,52531019,2488424758.0,15667186,1685467,8760995,31340539,7545794,9121184,15673353,5860327,360189
20260717,2867,三商壽,8.9,9.13,8.88,8.98,+,0.07,37939427,342349292.0,24279000,0,563000,30273000,0,844000,5994000,0,281000
20260717,2891,中信金,62.8,62.9,61.3,62.1,-,0.9,85999991,5337648599.0,21940191,-7090767,8547101,58447872,1385180,9401523,36507681,8475947,854422
20260717,2002,中鋼,18.8,18.95,18.6,18.65,-,0.15,49685809,933011451.0,22834174,14000,-228332,33445627,14000,240667,10611453,0,468999
20260717,2324,仁寶,35.6,36.95,35.2,36.0,+,0.05,100499425,3632792142.0,22238354,-1762153,1578485,63836174,181847,2653212,41597820,1944000,1074727
20260717,2887,台新新光金,36.0,36.0,35.05,35.55,-,0.6,96011039,3410368655.0,-9594495,19398790,11011482,39063050,19694790,11923458,48657545,296000,911976
20260717,2812,台中銀,20.25,20.55,20.2,20.55,+,0.3,31205183,636011186.0,17703124,2873993,-11000,23427514,2889000,99000,5724390,15007,110000
20260717,2880,華南金,39.3,40.25,39.05,40.15,+,0.75,40233191,1605478473.0,-1225451,11454399,9077896,14214574,11685399,9482174,15440025,231000,404278
20260717,2412,中華電,136.5,140.0,136.0,138.0,+,2.0,37689493,5207048921.0,17038876,1020408,727450,24020978,1150408,908450,6982102,130000,181000
20260717,2892,第一金,33.8,34.3,33.55,34.1,+,0.15,45041190,1532986125.0,7607939,9309611,1691149,26546220,9549611,2012207,18938281,240000,321058
20260717,2834,臺企銀,18.0,18.2,17.95,18.05,-,0.1,36418045,657598093.0,14738357,-138882,-27000,23886001,40000,155000,9147644,178882,182000
20260717,2883,凱基金,30.0,30.45,29.7,30.0,-,0.55,52680322,1583370086.0,5800711,-296010,9025895,28755826,774865,10053510,22955115,1070875,1027615
20260717,6505,台塑化,79.6,84.0,78.2,81.3,+,1.3,165705194,13356058442.0,5813702,7917997,316241,57600506,7917997,3203067,51786804,0,2886826
20260717,1216,統一,78.5,80.0,78.5,80.0,+,1.0,30854709,2451170466.0,4248063,6315773,3261636,15048150,6315773,3463636,10800087,0,202000
20260717,1402,遠東新,27.6,28.2,27.6,27.7,-,0.1,23024082,642767541.0,13671993,-22389,-30161,18502993,66611,128873,4831000,89000,159034
20260717,1102,亞泥,32.8,33.75,32.8,33.25,+,0.25,30738998,1026975555.0,13589278,-1653571,331723,22409072,27976,1481864,8819794,1681547,1150141
20260717,5876,上海商銀,44.9,45.65,44.75,45.2,+,0.25,24572743,1114690703.0,12019824,-2878000,2772270,16281923,2246000,2872761,4262099,5124000,100491
20260717,2610,華航,20.75,20.9,20.35,20.75,-,0.15,37907575,784080128.0,5908640,6406550,-401436,19947185,6436000,319783,14038545,29450,721219
20260717,3045,台灣大,110.5,113.0,110.5,111.0,+,0.5,30120065,3353890531.0,14731552,-4947629,1510886,22267270,571371,1685419,7535718,5519000,174533
20260717,2801,彰銀,23.75,24.05,23.75,23.9,-,0.05,26104491,623948315.0,1442793,9759445,-84000,11598385,9980000,145000,10155592,220555,229000
20260717,2105,正新,33.25,34.6,33.2,33.6,+,0.05,29397587,998205125.0,15438095,-4653106,-298291,19255091,13813,2076349,3816996,4666919,2374640
20260717,2881,富邦金,124.5,125.5,123.0,124.5,-,0.5,33387724,4147340201.0,6338170,2403691,1655283,23742408,2641292,1937971,17404238,237601,282688
20260717,5880,合庫金,25.5,25.55,25.25,25.35,-,0.15,27329813,695167643.0,8093071,406801,1785114,16653097,687872,2033114,8560026,281071,248000
20260717,9904,寶成,24.8,25.45,24.45,24.6,,0.0,48298513,1203031098.0,13262801,-4140726,819690,27224001,7000,1134033,13961200,4147726,314343
20260717,2603,長榮,200.0,202.5,198.0,198.0,-,2.0,17211340,3443689371.0,9613680,-1083218,917260,12298296,135402,1216958,2684616,1218620,299698
20260717,2890,永豐金,39.75,40.05,39.4,40.0,+,0.15,49256681,1962588217.0,-9758663,8953778,9513856,19612405,12137788,9865832,29371068,3184010,351976
20260717,1101,台泥,23.7,24.2,23.5,23.5,-,0.45,38899989,928496290.0,12409763,-3729000,-183193,20469251,0,223678,8059488,3729000,406871
20260717,2618,長榮航,41.7,42.1,41.15,41.2,-,0.7,37789355,1565117317.0,16608429,-10375072,2251503,25422968,2154087,2841844,8814539,12529159,590341
20260717,1714,和桐,15.85,15.95,15.15,15.3,-,0.9,23016457,354684869.0,7786000,115000,-17493,12565000,406000,51000,4779000,291000,68493
20260717,2332,友訊,21.65,22.25,20.45,20.5,-,2.0,33710835,713322301.0,7731837,0,-230266,16016837,0,192000,8285000,0,422266
20260717,2882,國泰金,97.0,97.4,94.3,94.3,-,3.0,28465794,2720768652.0,8077522,-2638351,1848346,19018926,852891,2613485,10941404,3491242,765139
20260717,2845,遠東銀,13.45,13.6,13.3,13.4,-,0.15,12354336,166344848.0,6340477,-68000,-28000,9030477,12000,60000,2690000,80000,88000
20260717,2027,大成鋼,40.65,41.6,40.4,40.65,-,0.35,15766038,644468385.0,3945490,1186673,619005,9349873,1198000,1329690,5404383,11327,710685
20260717,2489,瑞軒,34.4,34.5,32.05,32.15,-,3.05,14492969,476825278.0,5676176,0,-304091,8097176,0,134329,2421000,0,438420
20260717,2634,漢翔,62.0,65.0,60.8,61.2,-,3.3,37076047,2305195077.0,6041455,280000,-1137070,14170099,280000,185614,8128644,0,1322684
20260717,3576,聯合再生,17.65,17.85,16.85,17.85,+,0.15,59360600,1047483800.0,5159578,0,-84000,50759090,0,26000,45599512,0,110000
20260717,9914,美利達,82.2,87.7,82.0,84.0,-,0.2,26060205,2213106010.0,5204425,0,-134639,12296625,0,316599,7092200,0,451238
20260717,00882,中信中國高股息,14.75,14.87,14.56,14.56,-,0.28,12837189,188506932.0,3689050,0,1320530,4050050,0,3384209,361000,0,2063679
20260717,00713,元大台灣高息低波,60.7,60.95,60.2,60.25,-,0.65,10258696,621917600.0,-192513,0,5087966,554887,0,6209374,747400,0,1121408
20260717,2609,陽明,49.5,50.3,49.2,49.2,-,1.0,16323681,809342134.0,4729653,-58819,-118054,9697330,15614,71663,4967677,74433,189717
20260717,2337,旺宏,127.0,129.5,124.0,125.0,-,11.5,68546901,8645455626.0,4524621,201000,-502456,26232814,316000,944966,21708193,115000,1447422
20260717,3042,晶技,177.5,179.5,168.0,168.5,-,18.0,12317985,2112203555.0,4338261,93000,-339569,6720206,99000,178065,2381945,6000,517634
20260717,5871,中租-KY,120.0,121.5,119.0,119.5,-,1.0,10604544,1273394946.0,641314,3271485,177745,4658448,3299485,214745,4017134,28000,37000
20260717,00885,富邦越南,18.25,18.34,18.16,18.21,+,0.18,5566031,101611580.0,1796018,0,1915789,2311018,0,2795953,515000,0,880164
20260717,2481,強茂,154.0,159.5,151.0,151.5,-,15.5,17063887,2633517486.0,4505229,0,-881901,10576675,0,355166,6071446,0,1237067
20260717,7788,松川精密,250.5,256.5,235.0,235.0,-,26.0,5342296,1292984407.0,3520843,0,-74737,3953073,0,13305,432230,0,88042
20260717,2493,揚博,218.5,229.5,211.5,211.5,-,23.0,7562871,1651498557.0,3379098,50000,-22121,4946498,50000,63702,1567400,0,85823
20260717,00752,中信中國50,23.56,23.62,22.71,22.71,-,0.94,5324044,122891407.0,102000,0,3233370,632000,0,3550442,530000,0,317072
20260717,00757,統一FANG+,132.0,132.0,130.25,130.35,-,5.0,4376216,571908568.0,988386,0,2319112,1157386,0,2634080,169000,0,314968
20260717,2542,興富發,43.5,43.55,42.5,43.3,-,0.05,13232423,571852774.0,-3560317,6804000,-67977,3472821,6804000,109386,7033138,0,177363
20260717,2367,燿華,46.5,46.75,44.65,44.8,-,3.6,13846991,626793064.0,3455994,0,-291001,7558205,0,105072,4102211,0,396073
20260717,6116,彩晶,15.5,15.65,15.0,15.0,-,1.1,35264620,536911091.0,3173930,0,-60575,10389105,0,121000,7215175,0,181575
20260717,4904,遠傳,101.0,104.5,101.0,103.0,+,2.0,20826869,2149379073.0,2736581,-1734980,1830651,13046592,1363020,1896167,10310011,3098000,65516
20260717,00900,富邦特選高股息30,18.42,18.44,18.0,18.0,-,0.88,10229789,186081588.0,2511005,0,243917,3971005,0,2706708,1460000,0,2462791
20260717,4938,和碩,82.3,83.7,82.1,82.2,-,1.0,15671687,1296388275.0,5559490,-4016000,1143189,11758949,62000,1277704,6199459,4078000,134515
20260717,3026,禾伸堂,690.0,720.0,690.0,690.0,-,76.0,9139921,6397579223.0,3498262,-708500,-180587,4609512,187000,99994,1111250,895500,280581
20260717,00940,元大台灣價值高息,12.06,12.13,11.87,11.88,-,0.4,22519764,270779770.0,-28815,0,2597398,2439185,0,9355439,2468000,0,6758041
20260717,2645,長榮航太,222.0,231.5,214.5,216.5,-,15.0,7507056,1648978390.0,2907431,-358000,9661,4797199,1000,188283,1889768,359000,178622
20260717,2382,廣達,346.0,349.0,324.5,325.5,-,26.5,33474930,11172132520.0,4455424,-3327759,1405176,15227806,1183810,1850628,10772382,4511569,445452
20260717,6213,聯茂,312.5,336.0,311.0,319.0,-,6.0,28504801,9260069327.0,1254123,1643000,-417670,10283830,1659000,361861,9029707,16000,779531
20260717,8028,昇陽半導體,331.0,351.5,315.0,315.0,-,35.0,14239467,4752488131.0,1947075,596000,-122614,6149475,596000,39738,4202400,0,162352
20260717,3090,日電貿,201.0,210.0,191.0,194.5,-,14.5,16650576,3306674509.0,5332894,-2898000,-36991,8461152,394000,76956,3128258,3292000,113947
20260717,3714,富采,55.5,56.0,52.5,52.5,-,5.2,11845962,636183240.0,2556799,0,-219868,5443259,0,87309,2886460,0,307177
20260717,6443,元晶,29.3,29.85,28.0,29.85,,0.0,9872529,283842615.0,2195368,0,41000,5291368,0,49000,3096000,0,8000
20260717,2375,凱美,156.5,159.0,148.5,148.5,-,16.0,5818872,883589520.0,2150418,46000,-12800,3327418,46000,54396,1177000,0,67196
20260717,00916,國泰全球品牌50,26.75,26.75,26.57,26.58,-,0.19,3187388,84989542.0,23000,0,2133787,135000,0,2887393,112000,0,753606
20260717,2601,益航,6.95,6.95,6.67,6.7,-,0.26,5726389,38629682.0,2133000,0,7000,2823000,0,10000,690000,0,3000
20260717,9945,潤泰新,26.7,26.9,26.0,26.25,-,0.6,7713371,204631496.0,2161827,0,-93463,4281827,0,45318,2120000,0,138781
20260717,3715,定穎投控,132.5,133.0,123.5,123.5,-,13.5,11026800,1393630799.0,2355795,-126000,-163257,5002445,10000,270000,2646650,136000,433257
20260717,8039,台虹,194.0,201.0,188.0,192.5,-,7.0,57744349,11263134818.0,-370763,1966000,400836,18667477,1966000,1002660,19038240,0,601824
20260717,9105,泰金寶-DR,8.55,8.72,8.31,8.39,-,0.41,29288266,249415676.0,2282300,0,-381123,5549300,0,4353,3267000,0,385476
20260717,2485,兆赫,45.85,45.9,43.2,43.4,-,3.9,6470706,285379542.0,2094821,-144000,-58828,3382821,0,71536,1288000,144000,130364
20260717,2504,國產,31.4,32.25,31.4,31.8,+,0.25,4141826,132400214.0,1838053,-19000,-4000,3046053,0,23000,1208000,19000,27000
20260717,2633,台灣高鐵,26.0,26.25,25.8,25.95,-,0.2,6460053,168178503.0,1838283,-18000,-24000,4873780,25000,31000,3035497,43000,55000
20260717,2201,裕隆,28.9,29.1,28.65,28.8,-,0.1,4424300,127605708.0,2340352,-529000,-78695,3163352,1000,33492,823000,530000,112187
20260717,2472,立隆電,293.5,307.5,288.0,288.0,-,32.0,4980041,1459304049.0,2097212,-313000,-54868,2933071,54000,31569,835859,367000,86437
20260717,2646,星宇航空,21.55,21.55,21.1,21.2,-,0.35,6506005,138528688.0,1670172,0,-2066,2852172,0,79000,1182000,0,81066
20260717,2483,百容,45.35,47.25,43.5,43.5,-,4.8,4113165,184616649.0,1623710,0,7000,2508710,0,7000,885000,0,0
20260717,1210,大成,58.6,59.2,57.9,57.9,-,0.8,3355073,196553083.0,1662300,-263000,189789,2077000,0,208869,414700,263000,19080
20260717,2357,華碩,705.0,719.0,700.0,700.0,-,15.0,4776948,3386699668.0,1263384,-208358,498233,2975465,219642,523437,1712081,428000,25204
20260717,2305,全友,33.8,34.1,31.7,32.15,-,2.25,4890885,160214828.0,1461312,22000,68963,2484150,22000,74000,1022838,0,5037
20260717,2630,亞航,55.9,58.4,53.4,53.4,-,3.5,10665607,588580812.0,1580393,0,-48056,4660006,0,104227,3079613,0,152283
20260717,6834,天二科技,98.8,102.0,96.3,96.3,-,10.7,3987512,392204860.0,1427000,27000,16353,2234000,27000,31180,807000,0,14827
20260717,3005,神基,111.0,114.5,109.0,110.0,-,3.5,6620178,735335720.0,1992307,-724000,199379,3293040,19000,396450,1300733,743000,197071
20260717,2478,大毅,150.0,154.0,142.5,142.5,-,15.5,4609738,672312657.0,1391000,57000,-5981,2574000,57000,11000,1183000,0,16981
20260717,00939,統一台灣高息動能,21.14,21.31,21.05,21.05,-,0.42,6082845,128937674.0,1534000,0,-93954,2067000,0,2715000,533000,0,2808954
20260717,6141,柏承,42.0,44.0,40.6,40.7,-,3.05,4392534,186096202.0,1409900,0,13652,2015000,0,40000,605100,0,26348
20260717,1718,中纖,14.0,14.1,13.4,13.65,-,1.0,10095989,139490874.0,1507000,1000,-103000,1884000,1000,187000,377000,0,290000
20260717,2615,萬海,80.3,81.5,79.5,79.5,-,1.2,8251508,662248886.0,2320767,-791707,-146260,4607480,43137,91532,2286713,834844,237792
20260717,2912,統一超,245.0,246.5,240.5,243.0,-,2.5,5619379,1371165275.0,15022,1390738,-45314,2227881,1410312,18000,2212859,19574,63314
20260717,2356,英業達,59.6,61.2,58.4,58.5,-,2.2,43532534,2582137827.0,8131996,-7344588,571226,22883447,90412,2130247,14751451,7435000,1559021
20260717,3532,台勝科,424.0,470.0,424.0,424.0,-,47.0,9795006,4317382701.0,1000654,354000,-8367,3550890,354000,136141,2550236,0,144508
20260717,1308,亞聚,15.05,15.15,14.3,14.35,-,0.7,4865528,70799490.0,1327964,0,2401,2372060,0,38000,1044096,0,35599
20260717,2903,遠百,22.35,22.6,22.2,22.35,-,0.05,2034389,45638785.0,1335079,0,-6000,1665193,0,18000,330114,0,24000
20260717,6919,康霈*,115.0,116.5,102.5,103.5,-,10.0,12681670,1388224454.0,1430588,0,-103319,4851949,0,61317,3421361,0,164636
20260717,8261,富鼎,251.0,260.0,251.0,251.0,-,27.5,4198508,1060414327.0,1220320,36000,30765,1268106,36000,79199,47786,0,48434
20260717,2426,鼎元,58.5,59.8,55.7,55.7,-,6.1,10110891,573825007.0,1563973,0,-293069,3497973,0,60071,1934000,0,353140
20260717,6177,達麗,47.5,48.95,47.3,47.5,-,0.5,2462112,118467408.0,1209489,0,25000,1527489,0,33000,318000,0,8000
20260717,1808,潤隆,32.0,32.3,31.7,32.2,+,0.1,2530871,81131803.0,1141828,0,6000,1450828,0,11000,309000,0,5000
20260717,8046,南電,1155.0,1220.0,1150.0,1150.0,-,125.0,16446877,19277185740.0,983815,82079,52174,6221501,377079,618336,5237686,295000,566162
20260717,1709,和益,26.7,27.9,25.95,26.05,-,1.15,5891152,157296325.0,891295,0,195025,2187392,0,221000,1296097,0,25975
20260717,2464,盟立,152.0,154.0,142.0,143.0,-,14.5,7441355,1092690651.0,1218872,0,-140815,2921973,0,143398,1703101,0,284213
20260717,3034,聯詠,461.0,473.0,456.0,460.5,-,11.0,5508622,2561516094.0,1780619,-984873,263400,4161510,214127,367976,2380891,1199000,104576
20260717,2889,國票金,15.8,15.85,15.6,15.7,-,0.15,7668636,120539042.0,1065588,-62000,21000,3947000,0,87000,2881412,62000,66000
20260717,6277,宏正,74.0,81.6,73.2,80.5,+,6.3,3666335,294397816.0,985865,34000,4697,1325000,34000,46697,339135,0,42000
20260717,1809,中釉,41.3,41.8,39.45,39.95,-,3.65,2846191,115421553.0,990005,0,23728,1378005,0,40103,388000,0,16375
20260717,2368,金像電,964.0,980.0,927.0,927.0,-,78.0,5632652,5336846851.0,1062007,13462,-82714,3197535,407462,296794,2135528,394000,379508
20260717,1229,聯華,41.0,41.6,40.5,40.85,-,0.6,3087290,126457813.0,164181,877000,-60340,1331181,877000,36000,1167000,0,96340
20260717,2399,映泰,39.05,39.6,37.15,37.3,-,3.35,4199975,159932496.0,1056054,-85000,6410,1912054,0,16002,856000,85000,9592
20260717,00960,野村全球航運龍頭,18.01,18.08,17.92,17.92,+,0.04,1118144,20148275.0,-10000,0,986707,0,0,996707,10000,0,10000
20260717,9939,宏全,124.5,126.0,123.5,125.5,,0.0,2866062,357396678.0,813691,170000,-13477,1823575,170000,7534,1009884,0,21011
20260717,6525,捷敏-KY,183.0,186.0,172.5,172.5,-,19.0,4734953,844272059.0,1027171,31000,-108225,2036328,31000,8384,1009157,0,116609
20260717,2101,南港,34.55,35.0,33.75,34.0,-,0.55,3003610,103189109.0,892306,0,55174,1592306,0,69453,700000,0,14279
20260717,2915,潤泰全,51.0,51.7,50.7,50.9,,0.0,3925368,200866881.0,1138912,1000,-206000,2015912,1000,19000,877000,0,225000
20260717,1215,卜蜂,112.0,112.5,110.5,110.5,-,2.0,1942004,215877550.0,1009900,-87000,6233,1331400,0,13000,321500,87000,6767
20260717,2455,全新,295.0,297.5,282.0,282.0,-,31.0,5171996,1481050001.0,860891,47000,6123,2245452,54000,279751,1384561,7000,273628
20260717,2855,統一證,44.85,44.95,43.9,44.15,-,2.2,7363368,326830347.0,388676,443000,0,2620000,469000,0,2231324,26000,0
20260717,6271,同欣電,214.5,220.0,202.0,203.0,-,21.0,8637163,1786869153.0,1450786,-368000,-259340,3898136,0,97797,2447350,368000,357137
20260717,2208,台船,20.35,21.0,19.9,19.9,-,0.85,9310761,188137891.0,741001,0,51000,3257701,0,70000,2516700,0,19000
20260717,00910,第一金太空衛星,54.85,54.85,53.25,53.4,-,3.6,2779820,149460015.0,493518,0,286678,709768,0,552195,216250,0,265517
20260717,6449,鈺邦,261.0,267.0,250.5,254.0,-,24.0,1871537,481431561.0,720387,44000,-10879,1238571,44000,24057,518184,0,34936
20260717,9917,中保科,107.5,109.5,107.0,109.0,+,1.0,1261508,136862960.0,539219,217000,-3000,786419,217000,6000,247200,0,9000
20260717,9907,統一實,15.3,15.3,15.0,15.1,-,0.2,5724440,86401810.0,1802000,-1054000,-2943,3095000,39000,32000,1293000,1093000,34943
20260717,2006,東和鋼鐵,72.3,72.3,70.0,70.2,-,2.2,2363507,167130886.0,736350,9407,-6419,1588380,21407,12000,852030,12000,18419
20260717,3189,景碩,705.0,711.0,693.0,693.0,-,77.0,3693770,2573124165.0,1165953,-145616,-282586,1778707,3384,65684,612754,149000,348270
20260717,2014,中鴻,17.5,17.75,17.0,17.05,-,0.55,5992115,103578656.0,730001,0,-4000,2944001,0,23000,2214000,0,27000
20260717,2379,瑞昱,699.0,733.0,696.0,718.0,+,6.0,7045073,5047330129.0,1268672,-796530,248143,4644716,444470,368655,3376044,1241000,120512
20260717,6706,惠特,117.0,118.0,110.0,110.5,-,11.5,2842108,319918885.0,900365,0,-193959,1425365,0,36000,525000,0,229959
20260717,9921,巨大,85.8,89.4,84.9,86.6,-,1.4,13375509,1164572791.0,578957,1000,118999,5564707,1000,258921,4985750,0,139922
20260717,2605,新興,31.0,31.6,30.5,31.0,-,0.25,5547824,171376036.0,668939,168000,-143419,2944030,168000,149859,2275091,0,293278
20260717,3645,達邁,74.0,74.1,69.0,69.4,-,6.0,2188150,154796416.0,732833,-61000,11277,1315207,0,47713,582374,61000,36436
20260717,00898,國泰基因免疫革命,9.46,9.46,9.22,9.22,-,0.24,931501,8632727.0,418000,0,246165,497000,0,341260,79000,0,95095
20260717,4919,新唐,145.0,148.5,141.0,141.0,-,15.5,7758251,1109285045.0,781838,2000,-121560,2130838,2000,74803,1349000,0,196363
20260717,2501,國建,22.8,23.0,22.3,22.4,-,0.5,2903041,65353753.0,342882,333000,-20726,1589882,333000,45834,1247000,0,66560
20260717,3703,欣陸,20.75,20.75,20.4,20.5,-,0.25,1564713,32160521.0,240000,395000,-6098,776000,395000,14000,536000,0,20098
20260717,3029,零壹,103.5,106.5,101.5,102.5,-,2.0,1883005,196039973.0,615059,0,1436,1005059,0,8436,390000,0,7000
20260717,2547,日勝生,10.3,10.45,10.2,10.3,,0.0,5348058,55088135.0,541940,0,66002,2750940,0,72000,2209000,0,5998
20260717,1528,恩德,21.35,21.35,19.8,20.15,-,1.45,2239240,45544332.0,658000,-69000,11616,1085000,0,23000,427000,69000,11384
20260717,2302,麗正,43.3,44.15,40.25,40.3,-,4.4,3867620,160833023.0,523080,39000,30000,1444080,39000,67000,921000,0,37000
20260717,9103,美德醫療-DR,5.07,5.42,5.03,5.28,+,0.21,4231006,22219265.0,583000,0,-4037,1054000,0,658,471000,0,4695
20260717,1708,東鹼,55.3,56.4,51.5,52.5,-,3.4,7383483,395852117.0,508300,100000,-32314,2287300,100000,30706,1779000,0,63020
20260717,00915,凱基優選高股息30,31.2,31.49,30.67,30.71,-,1.05,5698997,176812760.0,181250,0,391453,863250,0,4141259,682000,0,3749806
20260717,2103,台橡,24.1,24.5,23.35,23.5,-,1.05,8033829,190958030.0,1273919,-410000,-296242,2846159,0,217252,1572240,410000,513494
20260717,2428,興勤,280.0,280.0,263.0,264.0,-,25.0,1623802,438801382.0,627517,-38000,-21896,1072233,0,10000,444716,38000,31896
20260717,6209,今國光,74.5,74.8,69.3,69.3,-,7.6,7468902,529258972.0,780822,0,-220627,2314177,0,182980,1533355,0,403607
20260717,2527,宏璟,49.05,49.95,47.45,48.1,-,1.45,3693888,178760195.0,475898,78000,5401,1416000,78000,44989,940102,0,39588
20260717,6197,佳必琪,312.0,320.5,302.5,304.5,-,21.0,2735728,848359200.0,565010,35000,-43716,1113010,35000,66211,548000,0,109927
20260717,5534,長虹,81.7,82.6,80.9,81.2,-,0.5,1169886,95493647.0,583922,0,-29363,755500,0,7798,171578,0,37161
20260717,2539,櫻花建,40.8,41.6,40.8,40.8,-,0.4,1771263,72707306.0,707920,-162000,6000,1036120,0,12000,328200,162000,6000
20260717,6414,樺漢,392.0,415.0,392.0,395.0,-,5.0,2520535,1017801574.0,692458,2000,-174261,1223267,4000,52000,530809,2000,226261
20260717,00897,富邦基因免疫生技,11.24,11.24,10.98,11.02,-,0.22,1264077,13951207.0,595000,0,-91099,640000,0,460000,45000,0,551099
20260717,6405,悅城,47.75,47.75,43.6,44.0,-,4.4,1324996,59630471.0,502106,0,1172,727106,0,5000,225000,0,3828
20260717,3605,宏致,83.0,84.7,78.7,79.3,-,5.6,4997023,406027733.0,678642,0,-178538,2209642,0,37110,1531000,0,215648
20260717,1563,巧新,64.5,67.5,61.0,61.0,-,4.1,2525852,161238563.0,347099,0,152121,1104099,0,156000,757000,0,3879
20260717,2511,太子,8.63,8.67,8.47,8.53,-,0.11,2145338,18341288.0,508653,0,-11000,835653,0,30000,327000,0,41000
20260717,2458,義隆,170.5,172.0,163.0,164.5,-,11.0,3391412,566038339.0,558434,82000,-154127,1429244,82000,37000,870810,0,191127
20260717,00924,復華S&P500成長,32.79,32.79,32.48,32.49,-,0.76,3344178,108863822.0,-1071350,0,1555702,32650,0,2341999,1104000,0,786297
20260717,2355,敬鵬,45.0,45.45,43.2,43.4,-,3.2,6762546,297573383.0,949242,-188000,-290342,3097226,0,28749,2147984,188000,319091
20260717,4956,光鋐,31.5,31.7,29.3,29.65,-,2.9,1751306,52752253.0,550000,-42000,-37330,924000,0,23000,374000,42000,60330
20260717,4927,泰鼎-KY,38.35,38.35,36.15,36.5,-,2.8,4544987,168605125.0,467420,0,-1278,1794420,0,39000,1327000,0,40278
20260717,6155,鈞寶,64.4,64.9,60.2,60.2,-,6.6,2070003,127882803.0,411267,31000,22529,1033328,31000,36007,622061,0,13478
20260717,1514,亞力,103.5,105.5,101.0,102.5,-,4.0,3809426,392510920.0,499516,0,-43542,1253588,0,77173,754072,0,120715
20260717,1905,華紙,14.6,14.65,14.1,14.35,-,0.45,3416020,49206626.0,686200,-244000,-2049,1516200,0,55061,830000,244000,57110
20260717,1476,儒鴻,335.0,342.0,331.5,333.5,-,5.5,1989785,666348565.0,798151,-351298,-14977,1367370,8377,15025,569219,359675,30002
20260717,4960,誠美材,22.7,22.7,21.3,21.55,-,1.65,3748646,82180029.0,432000,0,-6864,1767000,0,15105,1335000,0,21969
20260717,3673,TPK-KY,69.0,69.5,64.5,65.5,-,6.1,8741193,579720845.0,713357,117000,-406253,2682462,117000,87922,1969105,0,494175
20260717,3701,大眾控,40.3,40.6,39.2,39.2,-,2.0,1094875,43506622.0,404990,0,12125,702000,0,17592,297010,0,5467
20260717,4977,眾達-KY,137.0,139.5,130.0,130.0,-,14.0,1711769,227231543.0,521887,-41000,-67230,759236,0,6000,237349,41000,73230
20260717,6166,凌華,125.0,126.5,118.0,119.5,-,8.5,1935083,232792346.0,396340,0,16314,856340,0,32000,460000,0,15686
20260717,6446,藥華藥,1225.0,1260.0,1190.0,1195.0,-,65.0,3377763,4108886810.0,505867,-82603,-11119,1488880,17397,69236,983013,100000,80355
20260717,4989,榮科,75.0,76.0,70.4,70.4,-,7.8,7565468,544731195.0,416400,0,-5998,2112500,0,6000,1696100,0,11998
20260717,9941,裕融,83.9,84.6,82.1,82.4,-,1.8,1664306,138564784.0,414666,-10000,9,1009266,0,12170,594600,10000,12161
20260717,00917,中信特選金融,24.0,24.01,23.82,23.83,-,0.17,1057337,25218492.0,-103000,0,497162,3000,0,595598,106000,0,98436
20260717,00936,台新永續高息中小,20.05,20.25,19.66,19.67,-,0.76,1200636,23905668.0,344000,0,49295,428000,0,480231,84000,0,430936
20260717,1907,永豐餘,28.4,28.8,27.95,28.15,-,0.25,1878375,53241293.0,445443,11700,-64000,1105443,11700,34000,660000,0,98000
20260717,3048,益登,52.9,53.7,50.5,50.7,-,5.1,2870790,148072521.0,437431,0,-46041,1213431,0,33000,776000,0,79041
20260717,3535,晶彩科,93.7,94.4,90.0,91.7,-,5.4,1919406,176479208.0,390082,0,1134,783434,0,12000,393352,0,10866
20260717,1217,愛之味,10.0,10.05,9.93,9.96,-,0.09,773723,7729813.0,381000,0,-2000,490000,0,7000,109000,0,9000
20260717,8222,寶一,39.45,41.0,37.05,37.25,-,2.95,1385183,53173040.0,356000,0,14000,572000,0,14000,216000,0,0
20260717,3550,聯穎,24.1,24.25,22.25,22.5,-,2.2,3356607,76499138.0,327553,40000,1484,1398577,40000,9000,1071024,0,7516
20260717,4536,拓凱,163.5,167.5,163.5,165.5,+,2.0,572723,94818687.0,363986,2000,1357,460986,2000,3545,97000,0,2188
20260717,6214,精誠,138.0,139.5,136.0,137.0,-,3.0,1463916,201374581.0,375351,-2925,-6064,695197,2075,12000,319846,5000,18064
20260717,2383,台光電,4715.0,4835.0,4495.0,4495.0,-,495.0,3166294,14640682465.0,249692,39249,75505,2020593,74249,192181,1770901,35000,116676
20260717,00965,元大航太防衛科技,24.93,24.93,24.32,24.35,-,0.75,1976015,48456939.0,-1065000,0,1421720,28000,0,1438000,1093000,0,16280
20260717,6226,光鼎,22.75,23.5,22.55,22.55,-,2.5,1628680,37030007.0,350650,1000,2000,360650,1000,2000,10000,0,0
20260717,6573,虹揚-KY,20.6,21.7,19.95,20.25,-,1.8,1113852,22749735.0,331499,0,20000,559500,0,21000,228001,0,1000
20260717,2548,華固,102.0,102.5,101.0,101.0,-,2.0,1995186,202566476.0,501699,-94000,-58058,1426699,0,8500,925000,94000,66558
20260717,00949,復華日本龍頭,20.65,20.65,19.98,20.1,-,0.57,624692,12613298.0,-28000,0,376027,34000,0,432999,62000,0,56972
20260717,2727,王品,214.0,219.5,214.0,218.5,+,3.5,880882,191544356.0,406094,1000,-62563,563094,1000,2000,157000,0,64563
20260717,2530,華建,19.1,19.75,19.1,19.5,+,0.1,824099,16034187.0,323000,0,10000,540000,0,12000,217000,0,2000
20260717,4551,智伸科,193.0,196.0,185.0,188.0,-,10.0,1105782,208638626.0,212220,130000,-15404,673220,130000,8677,461000,0,24081
20260717,4967,十銓,217.0,224.5,208.0,209.0,-,16.5,3409697,728633903.0,390590,24000,-88542,1079525,24000,16763,688935,0,105305
20260717,6477,安集,39.75,41.25,38.1,38.1,-,2.9,5899872,233183688.0,306901,0,18424,1957001,0,25474,1650100,0,7050
20260717,2023,燁輝,13.65,13.8,13.55,13.6,-,0.05,1799674,24543548.0,210534,0,113619,698534,0,147000,488000,0,33381
20260717,3406,玉晶光,543.0,547.0,515.0,519.0,-,38.0,1723470,913045364.0,363481,3000,-44979,1064986,3000,49456,701505,0,94435
20260717,1604,聲寶,23.4,23.6,23.25,23.3,-,0.3,702479,16432416.0,324000,0,-3000,428000,0,6000,104000,0,9000
20260717,5434,崇越,579.0,602.0,562.0,562.0,-,34.0,3120683,1821230117.0,-14580,362466,-27241,1412041,511466,55000,1426621,149000,82241
20260717,1477,聚陽,216.5,222.0,214.0,216.0,-,3.5,2093556,454999288.0,306651,1000,12586,1247400,5000,49001,940749,4000,36415
20260717,4949,有成精密,75.8,75.8,69.1,69.1,-,7.6,1441792,101484332.0,345425,-28000,528,535425,0,2000,190000,28000,1472
20260717,1909,榮成,10.25,10.3,10.0,10.1,-,0.3,4112764,41599535.0,269588,0,40000,1820588,0,66000,1551000,0,26000
20260717,8016,矽創,285.5,292.0,282.0,286.0,-,9.0,1571382,451347921.0,221400,90000,-10381,863644,90000,23890,642244,0,34271
20260717,2106,建大,18.2,18.65,18.0,18.1,-,0.2,1658114,30279652.0,302280,0,-8001,730280,0,17000,428000,0,25001
20260717,6890,來億-KY,170.0,177.0,168.0,173.0,+,0.5,688249,117868096.0,289780,0,-2174,464696,0,8410,174916,0,10584
20260717,8464,億豐,361.0,364.0,357.0,359.0,+,0.5,598429,215395321.0,281678,6857,-1859,543890,8866,7028,262212,2009,8887
20260717,6742,澤米,49.95,49.95,46.1,46.4,-,4.6,1015051,48466232.0,269000,0,10280,512000,0,19000,243000,0,8720
20260717,00652,富邦印度,33.21,33.41,33.12,33.35,+,0.13,398768,13258661.0,121000,81000,73205,123000,81000,154205,2000,0,81000
20260717,3036,文曄,193.0,197.0,187.0,188.5,-,7.5,9447981,1799454633.0,3092830,-3152752,326822,5846035,22248,802477,2753205,3175000,475655
20260717,2608,嘉里大榮,29.35,29.6,29.25,29.4,+,0.05,398264,11735756.0,245082,0,19000,272082,0,32000,27000,0,13000
20260717,1467,南緯,8.95,8.95,8.55,8.7,-,0.25,692639,6016267.0,240000,0,18000,413000,0,18000,173000,0,0
20260717,2342,茂矽,45.0,45.65,42.3,42.3,-,4.7,4174574,181157039.0,230369,0,26896,1573470,0,39000,1343101,0,12104
20260717,2540,愛山林,54.3,54.5,53.5,53.5,-,0.8,715388,38597741.0,260888,0,-6000,406888,0,18000,146000,0,24000
20260717,9946,三發地產,18.45,18.55,17.75,17.95,-,0.35,917502,16556453.0,160739,68000,23000,337000,68000,24000,176261,0,1000
20260717,2347,聯強,85.9,88.2,85.2,85.3,-,2.0,9156645,786839105.0,4619771,-5269000,900928,6793891,600000,942399,2174120,5869000,41471
20260717,3717,聯嘉投控,23.75,23.75,22.1,22.45,-,1.65,4629743,105599118.0,230782,0,16320,1369026,0,26000,1138244,0,9680
20260717,8476,台境*,23.5,24.1,23.35,23.85,+,0.15,1507957,35899394.0,174000,52000,19000,517000,52000,19000,343000,0,0
20260717,5522,遠雄,69.4,70.0,68.1,68.1,-,1.3,1203903,82770157.0,423273,-230000,51000,861273,0,70000,438000,230000,19000
20260717,2495,普安,40.9,41.65,39.35,39.4,-,3.2,3855257,154292732.0,324293,0,-81850,1468293,0,20001,1144000,0,101851
20260717,00700,富邦恒生國企,17.16,17.39,16.82,16.82,-,0.54,524599,8974837.0,130000,0,106208,166000,0,191101,36000,0,84893
20260717,3312,弘憶股,50.6,51.3,48.1,48.3,-,3.9,2083960,102746420.0,270845,0,-37847,816140,0,21915,545295,0,59762
20260717,2351,順德,180.0,183.0,172.5,172.5,-,19.0,4240446,740355013.0,464696,-72000,-159878,1356838,0,6874,892142,72000,166752
20260717,3135,凌航,149.5,153.5,143.5,144.5,-,11.5,1411681,207647133.0,207452,0,19843,533183,0,32188,325731,0,12345
20260717,2258,鴻華先進-創,32.5,32.55,31.75,32.1,-,0.4,582854,18712279.0,213000,0,9000,280000,0,55000,67000,0,46000
20260717,9934,成霖,10.7,10.8,10.55,10.6,-,0.2,1090053,11623855.0,216679,0,1000,428679,0,2000,212000,0,1000
20260717,6605,帝寶,130.0,132.5,128.5,129.0,-,2.0,624735,81482731.0,206820,4000,957,326820,4000,4958,120000,0,4001
20260717,2534,宏盛,17.15,17.35,16.8,17.05,-,0.35,595331,10149761.0,212000,0,-3000,290000,0,8000,78000,0,11000
20260717,6272,驊陞,28.7,28.7,27.05,27.05,-,1.65,583259,16066793.0,199999,0,7000,292000,0,8000,92001,0,1000
20260717,2491,吉祥全,33.3,34.2,30.7,31.55,-,2.55,702608,22601592.0,171000,24000,10000,362000,24000,13000,191000,0,3000
20260717,3055,蔚華科,168.0,174.5,162.0,163.0,-,17.0,1487720,246910383.0,202645,0,1445,260645,0,2000,58000,0,555
20260717,00714,群益道瓊美國地產,22.55,22.8,22.55,22.79,+,0.6,530198,12065238.0,341000,0,-141641,341000,0,164609,0,0,306250
20260717,6426,統新,168.0,168.0,154.5,157.0,-,14.0,632605,100792125.0,263187,0,-65701,433195,0,7300,170008,0,73001
20260717,2427,三商電,24.45,24.45,23.25,23.75,-,1.1,1483153,35462815.0,153410,0,44000,407410,0,44000,254000,0,0
20260717,00907,永豐優息存股,16.49,16.51,16.26,16.3,-,0.19,1889959,30961280.0,-249000,0,446306,93000,0,957570,342000,0,511264
20260717,6719,力智,238.0,238.0,222.0,223.5,-,20.5,2059899,470425235.0,267639,0,-71753,790645,0,40134,523006,0,111887
20260717,6224,聚鼎,61.8,61.8,57.8,58.5,-,4.5,900757,53438813.0,194400,0,-2000,475400,0,18000,281000,0,20000
20260717,6491,晶碩,353.0,356.5,333.0,335.0,-,24.5,613660,209945949.0,213121,-23000,559,341121,0,21018,128000,23000,20459
20260717,1582,信錦,75.0,75.3,71.7,71.7,-,4.9,1705463,124611743.0,337296,-63000,-84647,642296,0,12000,305000,63000,96647
20260717,00926,凱基全球菁英55,25.76,25.76,25.36,25.37,-,0.39,1129237,28699944.0,-463600,0,647665,9400,0,1040021,473000,0,392356
20260717,2905,三商,15.3,15.45,15.15,15.2,-,0.3,1213043,18525878.0,106990,0,72194,421000,0,94000,314010,0,21806
20260717,8341,日友,76.5,77.1,75.8,76.1,-,1.0,346169,26382835.0,141089,38000,-1441,173089,38000,3559,32000,0,5000
20260717,00895,富邦未來車,50.3,50.3,49.06,49.09,-,2.26,733482,36241624.0,-210000,0,381527,7000,0,541000,217000,0,159473
20260717,3443,創意,3950.0,4050.0,3780.0,3835.0,-,350.0,2361511,9221110205.0,136355,44631,-10767,1266405,104631,87458,1130050,60000,98225
20260717,2015,豐興,63.7,64.1,63.4,63.7,-,0.6,365224,23276921.0,67926,105000,-3000,221926,105000,7000,154000,0,10000
20260717,9940,信義,20.3,20.45,19.9,19.95,-,0.35,813786,16359299.0,157250,0,6999,320250,0,30000,163000,0,23001
20260717,4155,訊映,15.85,16.35,15.7,16.05,-,0.1,530277,8498830.0,138478,0,24000,290478,0,25000,152000,0,1000
20260717,6205,詮欣,66.0,66.0,61.0,61.4,-,5.4,768301,48126766.0,160900,0,1247,357900,0,5000,197000,0,3753
20260717,2207,和泰車,493.0,507.0,486.0,486.0,-,7.0,806549,398876311.0,439465,-275468,-1915,614064,1655,10085,174599,277123,12000
20260717,9933,中鼎,40.1,40.55,39.15,39.15,-,1.65,3370530,133653423.0,611945,-445986,-4436,1390455,0,19000,778510,445986,23436
20260717,6409,旭隼,993.0,1025.0,964.0,967.0,-,53.0,846942,834018307.0,87504,85485,-13917,350654,154485,13651,263150,69000,27568
20260717,1506,正道,10.7,11.4,10.7,11.25,+,0.3,1186378,13196624.0,131300,0,25000,306300,0,26000,175000,0,1000
20260717,0055,元大MSCI金融,42.05,42.13,41.75,41.82,-,0.47,319841,13408288.0,57010,0,98666,99010,0,101060,42000,0,2394
20260717,5388,中磊,85.0,86.2,83.1,83.3,-,3.3,4564591,384844429.0,255499,0,-103181,1643499,0,58709,1388000,0,161890
20260717,1447,力鵬,8.15,8.3,8.15,8.16,-,0.46,2301151,18857458.0,-25406,174000,528,169000,174000,4000,194406,0,3472
20260717,2546,根基,95.3,96.4,94.7,96.1,+,0.4,320483,30646773.0,77000,65000,7000,137000,65000,7000,60000,0,0
20260717,1537,廣隆,125.5,126.5,124.5,125.0,-,1.5,321844,40254818.0,147261,1000,-622,181262,1000,2000,34001,0,2622
20260717,1522,堤維西,29.35,29.65,28.8,28.95,-,0.45,795205,23167480.0,138000,0,9523,301000,0,18000,163000,0,8477
20260717,2706,第一店,12.75,12.8,12.55,12.75,,0.0,335197,4239791.0,154000,0,-8000,181000,0,3000,27000,0,11000
20260717,4739,康普,88.3,89.0,82.5,84.1,-,6.3,2666107,228289475.0,212032,0,-67144,961032,0,16933,749000,0,84077
20260717,2849,安泰銀,14.65,14.95,14.6,14.95,+,0.05,305797,4502166.0,139000,0,2000,209000,0,14000,70000,0,12000
20260717,2908,特力,21.8,22.0,21.8,21.95,+,0.05,188732,4137577.0,126564,0,14000,158564,0,16000,32000,0,2000
20260717,2923,鼎固-KY,33.7,36.45,32.75,35.8,-,0.05,275014,9719776.0,133001,0,7533,195001,0,38000,62000,0,30467
20260717,1455,集盛,9.28,9.36,9.12,9.18,-,0.15,1703970,15726611.0,128000,0,10951,578000,0,48000,450000,0,37049
20260717,2528,皇普,22.2,22.3,21.9,22.05,-,0.2,323081,7120067.0,135850,0,2000,206600,0,3000,70750,0,1000
20260717,1219,福壽,12.3,12.35,12.1,12.15,-,0.25,722125,8788795.0,139000,0,-4000,305000,0,4000,166000,0,8000
20260717,1519,華城,672.0,688.0,655.0,655.0,-,36.0,2550700,1693725457.0,202266,-31019,-37111,1136880,2381,84284,934614,33400,121395
20260717,1732,毛寶,26.6,26.85,26.3,26.35,-,0.15,443181,11778158.0,131000,0,2000,168000,0,2000,37000,0,0
20260717,00971,野村美國研發龍頭,17.39,17.39,17.06,17.07,-,0.32,358433,6141478.0,-103000,0,233368,3000,0,267928,106000,0,34560
20260717,8454,富邦媒,264.0,266.5,253.0,254.0,-,13.5,967959,249553935.0,250588,-121435,1163,522372,9565,13220,271784,131000,12057
20260717,3437,榮創,18.8,18.85,17.8,17.9,-,1.3,1147798,20902843.0,128000,0,1000,454000,0,1000,326000,0,0
20260717,6024,群益期,64.5,65.2,64.0,64.5,-,0.7,563545,36301109.0,4015,125000,-1000,178015,125000,1000,174000,0,2000
20260717,2395,研華,518.0,519.0,502.0,513.0,,0.0,2570650,1312083866.0,-340996,491171,-22692,1166201,506171,87264,1507197,15000,109956
20260717,6861,睿生光電,245.0,245.0,225.0,225.0,-,25.0,676294,155390821.0,122388,0,3858,270527,0,12124,148139,0,8266
20260717,6598,ABC-KY,25.0,27.7,25.0,27.65,+,2.45,1790410,48763220.0,124000,0,1000,290000,0,3000,166000,0,2000
20260717,3017,奇鋐,2160.0,2335.0,2145.0,2200.0,-,25.0,5543230,12498608770.0,-132482,252619,1675,2188384,305619,232573,2320866,53000,230898
20260717,2597,潤弘,165.0,165.5,163.5,164.5,,0.0,364835,59974100.0,110480,9585,559,252480,9585,6559,142000,0,6000
20260717,5907,大洋-KY,4.83,4.93,4.83,4.9,-,0.03,257449,1252511.0,120000,0,0,170000,0,0,50000,0,0
20260717,6592,和潤企業,61.9,62.0,60.3,60.4,-,1.5,703621,42974461.0,430893,-308000,-3402,537893,0,11598,107000,308000,15000
20260717,1444,力麗,8.14,8.27,8.0,8.12,-,0.08,3683916,29865079.0,-320290,361000,78000,975000,361000,126000,1295290,0,48000
20260717,2492,華新科,307.5,307.5,307.5,307.5,-,34.0,3561269,1095089740.0,201049,11000,-93566,2645069,11000,52733,2444020,0,146299
20260717,1305,華夏,13.25,13.25,12.6,12.65,-,0.5,3049506,39101032.0,118778,0,-644,1205778,0,38000,1087000,0,38644
20260717,6585,鼎基,126.0,126.0,122.0,123.5,-,3.5,441390,54677672.0,100000,9000,8800,192000,9000,9000,92000,0,200
20260717,6589,台康生技,45.4,46.05,44.75,44.85,-,1.4,831576,37736175.0,119641,0,-3096,421000,0,8000,301359,0,11096
20260717,4807,日成-KY,40.15,41.45,39.4,40.6,-,2.2,642927,25951754.0,91596,0,20956,253596,0,29000,162000,0,8044
20260717,1342,八貫,115.0,116.0,113.0,115.0,-,1.5,589380,67581410.0,95064,16000,434,237067,16000,434,142003,0,0
20260717,5515,建國,41.9,41.9,41.2,41.6,-,0.3,364157,15113302.0,16498,54000,38948,104498,58000,49000,88000,4000,10052
20260717,6830,汎銓,367.5,383.0,356.0,358.5,-,37.0,1051797,386210274.0,118588,0,-10156,453863,0,15228,335275,0,25384
20260717,7610,聯友金屬-創,2565.0,2570.0,2365.0,2410.0,-,190.0,903514,2220125965.0,107761,0,-407,309008,0,23189,201247,0,23596
20260717,4540,全球傳動,54.1,55.8,51.6,51.6,-,4.9,1843706,97913332.0,101470,0,3014,648470,0,21000,547000,0,17986
20260717,00956,中信日經高股息,12.45,12.47,12.31,12.33,-,0.15,455735,5649321.0,141000,0,-37032,147000,0,181100,6000,0,218132
20260717,1702,南僑,33.65,34.1,33.5,33.9,+,0.25,560844,18936278.0,104385,0,-1000,155385,0,6000,51000,0,7000
20260717,2038,海光,13.05,13.1,12.3,12.65,-,0.4,1049414,13294966.0,100200,0,2000,413000,0,7000,312800,0,5000
20260717,6790,永豐實,38.9,38.95,38.45,38.9,-,0.05,294243,11402243.0,59000,41000,2000,153000,41000,2000,94000,0,0
20260717,2616,山隆,13.7,13.75,13.45,13.6,-,0.1,291867,3966767.0,102000,0,-3,153000,0,1000,51000,0,1003
20260717,8033,雷虎,219.0,219.0,219.0,219.0,-,24.0,3089355,676568745.0,152184,66000,-117999,189724,66000,27000,37540,0,144999
20260717,9930,中聯資源,63.6,63.7,63.2,63.2,-,0.4,233549,14807767.0,78000,21000,1000,114000,25000,11000,36000,4000,10000
20260717,3056,富華新,14.75,14.8,14.3,14.45,-,0.35,1486001,21593063.0,95000,0,4632,761000,0,18000,666000,0,13368
20260717,00901,永豐智能車供應鏈,43.75,43.75,41.94,41.95,-,3.35,979937,41624929.0,-167000,0,265105,221000,0,633009,388000,0,367904
20260717,9925,新保,41.4,41.45,41.15,41.25,-,0.15,301097,12429657.0,93140,0,4000,183140,0,11000,90000,0,7000
20260717,9911,櫻花,84.1,84.4,83.4,83.8,-,0.4,299831,25149166.0,93755,5000,-2000,195755,5000,2000,102000,0,4000
20260717,6416,瑞祺電通,93.2,95.8,90.7,91.3,-,3.6,646995,60048215.0,67001,0,27000,259001,0,29000,192000,0,2000
20260717,00932,兆豐永續高息等權,17.36,17.41,17.02,17.04,-,0.6,329518,5666234.0,-7600,0,100929,24400,0,156000,32000,0,55071
20260717,1463,強盛新,17.4,17.65,17.35,17.65,-,0.05,107077,1872301.0,93000,0,0,93000,0,1000,0,0,1000
20260717,9908,大台北,29.05,29.2,29.05,29.15,,0.0,314578,9159776.0,95000,0,-3000,111000,0,8000,16000,0,11000
20260717,2929,淘帝-KY,5.79,5.9,5.64,5.88,+,0.04,272081,1550249.0,77000,0,15000,114000,0,15000,37000,0,0
20260717,00908,富邦入息REITs+,15.41,15.6,15.41,15.56,+,0.15,118927,1851285.0,-1000,0,92472,0,0,94000,1000,0,1528
20260717,4133,亞諾法,20.35,22.35,20.35,22.35,+,2.0,1530488,33705140.0,78000,0,12935,192000,0,15935,114000,0,3000
20260717,1590,亞德客-KY,1330.0,1335.0,1245.0,1265.0,-,85.0,893126,1143104525.0,18553,93000,-21421,630505,118000,14033,611952,25000,35454
20260717,6670,復盛應用,261.0,265.0,257.5,259.5,-,3.5,387631,100940065.0,180913,-90000,-2000,279913,4000,2000,99000,94000,4000
20260717,2316,楠梓電,172.0,172.0,159.5,159.5,-,17.5,2695065,439520718.0,71094,68000,-51167,918633,68000,35742,847539,0,86909
20260717,2753,八方雲集,175.0,177.5,175.0,175.0,-,3.5,317435,55866343.0,88000,1000,-2167,140000,1000,1000,52000,0,3167
20260717,6753,龍德造船,142.0,148.0,137.0,139.0,-,7.0,3568894,507170953.0,277312,0,-194763,1276971,0,26290,999659,0,221053
20260717,8404,百和興業-KY,17.25,17.25,16.75,16.8,-,0.25,402037,6829071.0,86101,0,-4000,181101,0,5000,95000,0,9000
20260717,3008,大立光,4090.0,4200.0,3985.0,4010.0,-,250.0,2064267,8418089105.0,102072,55110,-75348,776592,87110,85786,674520,32000,161134
20260717,1419,新紡,66.4,67.1,65.8,66.1,-,0.6,174945,11645501.0,-4000,86000,-1000,65000,86000,6000,69000,0,7000
20260717,3138,耀登,109.5,109.5,100.0,100.5,-,8.5,616262,62598489.0,86884,0,-7225,262982,0,3000,176098,0,10225
20260717,1597,直得,132.5,136.0,127.5,128.0,-,10.5,1006051,131813214.0,129275,-38000,-11807,452585,0,56924,323310,38000,68731
20260717,1103,嘉泥,13.65,13.7,13.5,13.6,-,0.05,347463,4728114.0,76000,0,3000,170000,0,18000,94000,0,15000
20260717,2404,漢唐,1210.0,1250.0,1160.0,1160.0,-,90.0,3355987,4017226545.0,253104,-88000,-86152,1493439,110000,98067,1240335,198000,184219
20260717,4736,泰博,130.0,130.0,126.5,129.0,-,1.0,302089,38771958.0,52231,28000,-5000,118231,28000,3000,66000,0,8000
20260717,1110,東泥,15.95,16.25,15.65,15.7,-,0.4,344020,5477064.0,67000,0,7000,138000,0,10000,71000,0,3000
20260717,1806,冠軍,8.3,8.35,8.15,8.24,-,0.16,440110,3626389.0,75000,0,-1000,125000,0,5000,50000,0,6000
20260717,1234,黑松,33.6,33.85,33.45,33.65,-,0.1,129332,4345813.0,70000,0,3000,86000,0,4000,16000,0,1000
20260717,00717,富邦美國特別股,14.85,14.85,14.77,14.77,-,0.09,136290,2016138.0,28000,0,43000,28000,0,58000,0,0,15000
20260717,6472,保瑞,412.0,417.0,392.5,396.0,-,19.5,1636354,654392153.0,155956,-2000,-83100,646802,0,99172,490846,2000,182272
20260717,2506,太設,8.7,8.84,8.65,8.76,-,0.04,234924,2056400.0,71000,0,-1000,76000,0,2000,5000,0,3000
20260717,2415,錩新,34.0,34.0,32.3,32.75,-,2.0,577882,19015108.0,28000,37000,3552,227000,37000,5000,199000,0,1448
20260717,2466,冠西電,119.5,122.0,113.0,122.0,+,1.0,1299122,151967212.0,-11070,67000,12000,35000,67000,13000,46070,0,1000
20260717,2545,皇翔,35.2,35.2,34.2,34.3,-,0.55,378507,13051964.0,69923,0,-3123,177254,0,5000,107331,0,8123
20260717,00646,元大S&P500,76.4,76.4,75.9,76.05,-,0.8,2241500,170587882.0,-119470,285000,-99273,4530,285000,345000,124000,0,444273
20260717,1464,得力,10.7,10.85,10.5,10.6,-,0.15,736009,7830202.0,64000,0,2000,221000,0,2000,157000,0,0
20260717,8210,勤誠,1125.0,1175.0,1095.0,1095.0,-,80.0,1157719,1299228505.0,54961,30000,-19920,554884,32000,22630,499923,2000,42550
20260717,6183,關貿,91.0,91.4,89.7,91.4,+,0.3,87890,7994082.0,21000,43000,1000,28000,43000,2000,7000,0,1000
20260717,8374,羅昇,80.0,82.3,76.3,77.1,-,5.7,404619,31890648.0,75157,0,-10343,167157,0,3706,92000,0,14049
20260717,2072,世紀風電,143.5,143.5,138.0,139.5,-,5.0,458465,64193793.0,63000,0,1000,161000,0,3000,98000,0,2000
20260717,9926,新海,50.1,50.8,49.8,50.8,+,0.7,71884,3609509.0,61000,0,2000,62000,0,2000,1000,0,0
20260717,4104,佳醫,72.0,72.0,70.6,70.7,-,1.3,287245,20402600.0,78956,0,-15990,139000,0,11104,60044,0,27094
20260717,9802,鈺齊-KY,75.0,75.8,73.4,73.7,-,2.2,721605,53661708.0,192683,-132000,0,400683,0,3000,208000,132000,3000
20260717,6533,晶心科,221.0,228.0,210.0,210.0,-,18.0,1510088,329057087.0,51109,0,7313,524466,0,18210,473357,0,10897
20260717,00731,復華富時高息低波,88.1,88.6,87.55,87.65,-,0.95,604513,53418163.0,-37000,0,94735,0,0,597202,37000,0,502467
20260717,1231,聯華食,92.4,93.0,90.1,90.6,-,1.3,898415,82257191.0,56600,0,1031,293600,0,11397,237000,0,10366
20260717,1416,廣豐,11.1,11.1,11.0,11.1,,0.0,758661,8380984.0,58000,0,-1000,88000,0,1000,30000,0,2000
20260717,2442,新美齊,19.5,19.5,19.0,19.15,-,0.35,1832802,35230857.0,56000,0,1000,594000,0,2000,538000,0,1000
20260717,2701,萬企,10.75,10.85,10.65,10.85,+,0.05,157316,1691232.0,58000,0,-1000,63000,0,2000,5000,0,3000
20260717,1598,岱宇,19.9,20.25,19.45,19.85,-,0.45,341896,6768175.0,57077,0,-1009,166000,0,4000,108923,0,5009
20260717,6949,沛爾生醫-創,1100.0,1120.0,1025.0,1030.0,-,75.0,450939,479378855.0,50795,0,5121,253458,0,13034,202663,0,7913
20260717,00645,富邦日本,56.5,56.5,54.6,54.9,-,2.15,303703,16807648.0,-875,96000,-40826,2125,96000,113091,3000,0,153917
20260717,1532,勤美,23.45,23.6,23.0,23.1,-,0.45,595411,13833721.0,55000,0,-1262,241000,0,6000,186000,0,7262
20260717,8462,柏文,160.0,161.0,153.5,156.5,-,3.5,271928,42715847.0,47178,3000,3000,125524,3000,6000,78346,0,3000
20260717,2524,京城,37.95,38.45,37.2,37.2,-,1.25,131894,5006443.0,42000,0,10000,72000,0,11000,30000,0,1000
20260717,2509,全坤建,13.55,13.65,13.05,13.2,-,0.35,205117,2715336.0,36000,0,13000,48000,0,13000,12000,0,0
20260717,2008,高興昌,30.45,31.05,30.0,31.05,+,0.05,66133,2028523.0,46000,0,3000,52000,0,3000,6000,0,0
20260717,2707,晶華,178.0,179.5,177.0,178.5,-,1.0,161714,28816197.0,45063,4000,-242,70063,4000,2000,25000,0,2242
20260717,8104,錸寶,36.55,36.55,34.3,34.3,-,2.8,1016999,35648852.0,45484,0,3000,217484,0,5000,172000,0,2000
20260717,8438,昶昕,83.9,85.8,76.6,77.5,-,7.6,710389,55987938.0,39000,0,8000,282000,0,18000,243000,0,10000
20260717,3266,昇陽,14.15,14.15,13.7,14.05,+,0.05,106617,1493827.0,42000,0,4000,50000,0,7000,8000,0,3000
20260717,4108,懷特,12.0,12.0,11.55,11.7,-,0.3,267143,3137548.0,42999,0,3000,53000,0,4000,10001,0,1000
20260717,4178,永笙-KY,19.2,20.35,19.2,20.0,+,1.5,2145619,43264628.0,40000,0,5023,293000,0,8023,253000,0,3000
20260717,2115,六暉-KY,21.75,21.8,21.6,21.7,-,0.15,139301,3021820.0,45000,0,-1000,48000,0,0,3000,0,1000
20260717,00899,FT潔淨能源,24.5,24.85,24.5,24.52,-,0.64,91611,2252674.0,-2000,0,45332,3000,0,51000,5000,0,5668
20260717,7740,熙特爾-創,156.0,159.0,152.0,153.0,-,5.5,303480,46939572.0,42000,0,1102,120000,0,12166,78000,0,11064
20260717,8478,東哥遊艇,154.5,158.0,150.5,150.5,-,5.0,399450,61622867.0,41135,0,1247,164000,0,6000,122865,0,4753
20260717,3004,豐達科,146.0,149.5,141.5,141.5,-,7.5,775732,111749213.0,44926,0,-4201,235359,0,2000,190433,0,6201
20260717,6958,日盛台駿,17.5,18.0,17.5,18.0,+,0.05,81027,1448638.0,37000,0,3000,55000,0,7000,18000,0,4000
20260717,1529,樂事綠能,20.25,20.5,20.2,20.25,-,0.3,676454,13759633.0,34700,0,4000,282000,0,4000,247300,0,0
20260717,4764,雙鍵,300.0,313.0,296.0,296.0,-,32.5,2330379,700509377.0,71084,0,-32433,519134,0,18829,448050,0,51262
20260717,2247,汎德永業,223.5,226.5,221.5,224.0,-,1.5,94397,21131046.0,15574,23000,0,37574,23000,0,22000,0,0
20260717,3022,威強電,83.0,84.3,79.4,79.5,-,5.3,1371158,111311825.0,60099,0,-22239,450099,0,15853,390000,0,38092
20260717,2468,華經,36.05,36.8,34.7,34.8,-,2.05,428236,15211562.0,32000,0,5000,112000,0,5000,80000,0,0
20260717,9905,大華,20.65,20.8,20.55,20.7,-,0.05,94155,1943328.0,31000,0,6000,44000,0,8000,13000,0,2000
20260717,2243,宏旭-KY,51.9,54.5,51.6,52.0,-,1.0,772791,40800653.0,14690,-2000,24000,275690,0,24000,261000,2000,0
20260717,6515,穎崴,6600.0,6600.0,6030.0,6055.0,,0.0,746101,4594958720.0,353012,-320000,3568,508180,4000,24526,155168,324000,20958
20260717,6606,建德工業,25.6,26.1,25.55,25.9,-,0.1,296358,7649030.0,28000,0,8000,65000,0,8000,37000,0,0
20260717,5243,乙盛-KY,92.5,93.8,88.5,88.7,-,7.3,1989552,179923417.0,28279,4000,3049,715435,4000,71980,687156,0,68931
20260717,9918,欣天然,43.3,44.25,43.3,44.2,+,0.2,52383,2304929.0,33000,0,1000,36000,0,1000,3000,0,0
20260717,5525,順天,21.8,22.1,21.5,21.8,-,0.35,99173,2160128.0,27000,0,7000,50000,0,7000,23000,0,0
20260717,8411,福貞-KY,12.6,12.7,12.3,12.5,-,0.2,143342,1796211.0,33000,0,1000,36000,0,1000,3000,0,0
20260717,1437,勤益控,30.6,30.65,30.3,30.65,-,0.05,154561,4715145.0,37000,0,-3000,49000,0,1000,12000,0,4000
20260717,2910,統領,23.05,23.8,22.8,23.45,-,0.85,234798,5476713.0,33000,0,1000,46000,0,5000,13000,0,4000
20260717,9942,茂順,124.5,125.5,123.0,123.0,-,2.5,220812,27401786.0,11526,2000,19000,67676,2000,19000,56150,0,0
20260717,1414,東和,18.1,18.4,17.9,18.3,-,0.25,417796,7578086.0,25000,0,7000,87000,0,8000,62000,0,1000
20260717,8162,微矽電子-創,68.3,70.1,65.0,66.0,-,4.5,434937,29100892.0,17095,0,13979,149215,0,31000,132120,0,17021
20260717,9924,福興,41.05,41.05,40.15,40.25,-,0.45,115427,4673992.0,32400,0,-2000,46000,0,2000,13600,0,4000
20260717,6281,全國電,51.5,51.5,51.0,51.1,-,0.5,105502,5403745.0,30322,0,0,36322,0,0,6000,0,0
20260717,4438,廣越,61.7,61.8,60.2,60.9,-,0.9,83596,5098007.0,32000,0,-1792,39000,0,1208,7000,0,3000
20260717,00737,國泰AI機器人,38.31,38.31,37.76,37.84,-,0.9,341206,12964337.0,-74000,0,104109,15000,0,167478,89000,0,63369
20260717,2227,裕日車,50.3,50.6,49.8,50.1,-,0.2,86996,4350667.0,28000,0,2000,40000,0,4000,12000,0,2000
20260717,1451,年興,17.3,17.35,17.15,17.25,,0.0,191826,3308380.0,28000,0,2000,52000,0,2000,24000,0,0
20260717,1615,大山,47.35,47.35,45.5,47.3,-,0.05,286722,13428962.0,-28000,56000,2000,45000,56000,5000,73000,0,3000
20260717,3679,新至陞,110.5,110.5,108.5,109.5,-,1.0,80072,8756845.0,26258,0,3000,34258,0,5000,8000,0,2000
20260717,2248,華勝-KY,63.4,67.3,62.5,62.5,-,2.9,392024,25139643.0,26001,0,3000,114001,0,4000,88000,0,1000
20260717,6581,鋼聯,109.0,109.0,107.0,109.0,+,1.0,45050,4865435.0,29000,0,0,30000,0,1000,1000,0,1000
20260717,2637,慧洋-KY,81.6,81.9,79.2,79.4,-,3.1,2795263,224408254.0,35218,69000,-76124,1794491,70000,15112,1759273,1000,91236
20260717,00771,元大US高息特別股,15.88,15.88,15.87,15.87,-,0.03,38433,609995.0,0,0,28039,0,0,28039,0,0,0
20260717,6768,志強-KY,70.3,71.1,69.9,70.0,-,1.0,595020,41797791.0,162200,-125000,-9447,296200,0,1415,134000,125000,10862
20260717,5538,東明-KY,34.6,34.85,33.9,34.8,+,0.1,40421,1397432.0,29000,0,-2000,35000,0,2000,6000,0,4000
20260717,1235,興泰,37.05,37.7,35.9,36.75,-,0.3,42274,1541949.0,25000,0,2000,26000,0,5000,1000,0,3000
20260717,4414,如興,8.57,8.6,8.4,8.41,-,0.19,170337,1442650.0,28000,0,-1000,71000,0,2000,43000,0,3000
20260717,00739,元大MSCI A股,28.5,28.5,27.56,27.56,-,1.23,192376,5352866.0,137000,0,-110273,145000,0,13131,8000,0,123404
20260717,2705,六福,16.2,16.55,16.05,16.2,-,0.1,229547,3733951.0,23000,0,3000,60000,0,4000,37000,0,1000
20260717,2423,固緯,81.5,81.5,75.0,77.7,-,5.0,443325,34570682.0,-42000,42000,26000,154000,42000,30000,196000,0,4000
20260717,3607,谷崧,15.8,15.8,14.75,14.75,-,1.05,801689,12079926.0,-1618,0,27000,199382,0,29000,201000,0,2000
20260717,1457,宜進,14.3,14.4,14.1,14.25,-,0.15,66043,940227.0,29000,0,-4000,36000,0,2000,7000,0,6000
20260717,8481,政伸,44.4,44.5,41.6,41.6,-,2.75,153897,6595344.0,21000,0,4000,34000,0,4000,13000,0,0
20260717,1736,喬山,128.0,132.5,126.0,126.0,-,3.0,603907,77662384.0,21130,0,3812,321130,0,15000,300000,0,11188
20260717,2231,為升,115.0,117.5,109.5,109.5,-,8.5,1265284,142188355.0,56500,0,-31690,356000,0,19371,299500,0,51061
20260717,5288,豐祥-KY,186.0,190.0,183.5,184.5,-,3.0,190031,35403790.0,23032,1000,555,75032,1000,2633,52000,0,2078
20260717,1568,倉佑,31.0,31.5,30.0,30.3,-,1.45,539950,16491639.0,-37300,0,61391,229700,0,74000,267000,0,12609
20260717,6933,AMAX-KY,156.0,160.5,153.5,154.0,-,7.5,272715,42649989.0,23981,0,37,94123,0,1387,70142,0,1350
20260717,1439,雋揚,26.3,26.45,25.55,25.55,-,0.9,253021,6605509.0,21000,0,3000,51000,0,4000,30000,0,1000
20260717,1456,怡華,13.95,14.1,13.35,14.0,+,0.05,102074,1416597.0,23000,0,0,34000,0,3000,11000,0,3000
20260717,1203,味王,44.95,45.95,44.05,45.95,+,0.95,38909,1753002.0,24000,0,-1000,32000,0,2000,8000,0,3000
20260717,6952,大武山,35.8,35.8,35.4,35.75,-,0.05,27100,962669.0,23000,0,0,24000,0,0,1000,0,0
20260717,1734,杏輝,32.4,32.5,32.0,32.25,-,0.25,467429,15040195.0,21991,0,1000,110000,0,1000,88009,0,0
20260717,3694,海華,62.5,64.0,60.0,60.1,-,4.3,1688312,103926596.0,33352,0,-11529,355479,0,21000,322127,0,32529
20260717,00972,野村日本動能高息,20.27,20.29,20.1,20.1,-,0.32,44825,904662.0,0,0,21566,0,0,33000,0,0,11434
20260717,7803,雲象科技-創,22.3,22.35,20.85,21.15,-,1.45,392163,8484220.0,-6000,0,27210,63000,0,36000,69000,0,8790
20260717,2484,希華,86.5,87.4,80.7,80.7,-,8.9,22534430,1859213290.0,19144,67000,-65013,5556451,67000,43000,5537307,0,108013
20260717,9944,新麗,17.9,18.1,17.6,17.95,,0.0,78804,1408597.0,19000,0,2000,26000,0,2000,7000,0,0
20260717,9937,全國,55.8,55.8,54.7,55.0,-,0.2,65989,3634127.0,19000,0,2000,26000,0,3000,7000,0,1000
20260717,2477,美隆電,21.45,21.6,20.65,20.95,-,0.55,260129,5473186.0,21995,0,-1000,113000,0,2000,91005,0,3000
20260717,2029,盛餘,20.65,20.7,20.3,20.45,-,0.2,296512,6069650.0,23012,0,-3000,89012,0,4000,66000,0,7000
20260717,1474,弘裕,10.5,10.55,10.25,10.45,-,0.15,100491,1043703.0,18000,0,2000,24000,0,4000,6000,0,2000
20260717,4440,宜新實業,17.3,17.55,17.3,17.5,-,0.25,54318,948621.0,18000,0,2000,25000,0,2000,7000,0,0
20260717,5531,鄉林,7.78,7.86,7.73,7.73,-,0.17,603092,4693897.0,8905,0,11000,216905,0,14000,208000,0,3000
20260717,3296,勝德,27.0,27.0,25.4,25.6,-,1.55,145959,3789261.0,19000,0,894,60000,0,2000,41000,0,1106
20260717,2723,美食-KY,65.3,65.4,63.0,63.0,-,2.3,384232,24516388.0,72000,-53000,807,131000,0,5000,59000,53000,4193
20260717,1722,台肥,47.9,47.9,47.05,47.1,-,0.7,1952905,92564113.0,16563,13000,-10540,782383,13000,15000,765820,0,25540
20260717,1731,美吾華,20.7,20.7,20.4,20.55,-,0.15,220563,4529635.0,20000,0,-1000,23000,0,0,3000,0,1000
20260717,2702,華園,13.15,13.15,12.85,13.0,-,0.15,55432,719622.0,17000,0,2000,22000,0,4000,5000,0,2000
20260717,6965,中傑-KY,78.1,79.2,78.0,79.0,-,0.3,30349,2393543.0,16000,0,3000,23000,0,3000,7000,0,0
20260717,6988,威力暘-創,13.05,13.3,12.55,12.8,-,0.5,89109,1154391.0,11000,0,8000,17000,0,35000,6000,0,27000
20260717,7786,東方風能,130.0,130.5,126.5,127.5,-,3.5,245483,31356547.0,12456,0,6000,128557,0,6000,116101,0,0
20260717,6184,大豐電,42.7,43.0,42.6,42.6,-,0.35,54421,2325620.0,17000,0,1000,20000,0,1000,3000,0,0
20260717,8940,新天地,16.25,16.6,16.05,16.05,-,0.2,102630,1663503.0,15000,0,3000,15000,0,4000,0,0,1000
20260717,1454,台富,13.0,13.0,12.4,12.55,-,0.45,69247,869977.0,18000,0,0,22000,0,1000,4000,0,1000
20260717,2028,威致,15.55,15.7,15.2,15.45,-,0.25,198227,3048975.0,17000,0,1000,53000,0,2000,36000,0,1000
20260717,6969,成信實業*-創,25.3,25.3,24.0,24.0,-,1.7,105642,2595957.0,-5000,0,22741,8000,0,28103,13000,0,5362
20260717,1321,大洋,32.25,32.35,31.45,31.75,-,0.5,124000,3943950.0,21000,0,-4000,55000,0,3000,34000,0,7000
20260717,1903,士紙,48.55,48.95,48.15,48.65,+,0.1,149837,7264148.0,17000,0,0,73000,0,1000,56000,0,1000
20260717,2373,震旦行,54.2,54.3,53.6,54.3,+,0.2,56032,3019820.0,17000,0,0,29000,0,3000,12000,0,3000
20260717,1617,榮星,22.65,23.0,21.55,21.55,-,2.35,1113023,24294296.0,15000,0,1993,29000,0,2000,14000,0,7
20260717,3702,大聯大,111.5,113.0,108.0,109.5,-,4.0,11654119,1285579201.0,-1277389,112000,1182262,3781069,2076000,1442042,5058458,1964000,259780
20260717,3447,展達,32.0,32.0,30.15,30.25,-,2.25,539505,16584457.0,16001,0,0,175001,0,0,159000,0,0
20260717,3557,嘉威,26.0,26.45,25.1,25.55,-,1.0,107731,2751207.0,17000,0,-1000,39000,0,0,22000,0,1000
20260717,6887,寶綠特-KY,37.6,40.75,37.6,39.45,+,1.9,144265,5662897.0,17000,0,-1000,32000,0,4000,15000,0,5000
20260717,6655,科定,118.5,121.0,116.0,121.0,+,2.5,23224,2759283.0,16000,0,0,17000,0,1000,1000,0,1000
20260717,2607,榮運,47.25,47.25,45.85,46.1,-,1.2,450052,20902428.0,19670,0,-4015,158170,0,10000,138500,0,14015
20260717,2348,海悅,79.9,79.9,77.2,78.0,-,1.9,1027175,80514656.0,33459,0,-18386,334459,0,2621,301000,0,21007
20260717,1726,永記,78.9,80.5,78.9,80.5,+,1.0,227355,18143921.0,-32000,47000,0,58000,47000,1000,90000,0,1000
20260717,1220,台榮,11.25,11.35,11.25,11.35,+,0.05,66086,747298.0,14000,0,1000,15000,0,1000,1000,0,0
20260717,3164,景岳,16.45,16.45,16.2,16.3,-,0.2,42890,697717.0,13000,0,2000,16000,0,2000,3000,0,0
20260717,2480,敦陽科,159.0,159.5,156.5,156.5,-,5.0,256507,40437679.0,-13824,30000,-1266,91176,30000,2000,105000,0,3266
20260717,1109,信大,13.85,14.0,13.75,13.8,-,0.1,334822,4635413.0,16000,0,-1298,78000,0,4000,62000,0,5298
20260717,1527,鑽全,34.2,34.2,33.5,33.55,-,0.6,204628,6900436.0,14418,0,0,67418,0,1000,53000,0,1000
20260717,1452,宏益,11.95,11.95,11.4,11.45,-,0.4,183572,2125738.0,11000,0,3000,31000,0,4000,20000,0,1000
20260717,3150,鈺寶-創,17.25,17.45,17.0,17.2,-,0.35,31001,531917.0,4000,0,10000,6000,0,13000,2000,0,3000
20260717,6792,詠業,56.0,56.0,53.0,53.5,-,3.4,175200,9522500.0,-2000,0,16000,54000,0,16000,56000,0,0
20260717,8442,威宏-KY,45.8,45.8,44.9,45.0,-,0.6,143296,6452143.0,10000,0,3982,40000,0,4000,30000,0,18
20260717,3528,安馳,85.3,86.6,82.5,84.0,-,5.0,508536,43091674.0,14000,0,-259,170000,0,3000,156000,0,3259
20260717,4994,傳奇,89.1,92.4,89.1,92.3,+,0.6,19105,1752310.0,11000,0,2000,12000,0,2000,1000,0,0
20260717,1583,程泰,49.5,50.7,49.25,49.3,-,0.9,49541,2452420.0,7000,0,6000,20000,0,7000,13000,0,1000
20260717,6885,全福生技,21.6,21.6,20.65,20.75,-,0.9,442891,9324026.0,14000,0,-1000,160000,0,0,146000,0,1000
20260717,6934,心誠鎂,79.5,79.5,76.5,79.5,-,1.5,42900,3320193.0,13000,0,0,19000,0,0,6000,0,0
20260717,7760,享溫馨,33.2,34.2,33.2,34.2,+,0.15,68338,2312547.0,2000,0,11000,16000,0,12000,14000,0,1000
20260717,00770,國泰北美科技,66.5,66.55,65.7,65.75,-,2.5,491790,32506974.0,120010,0,-107045,154010,0,41000,34000,0,148045
20260717,5471,松翰,58.7,59.0,55.2,55.9,-,4.2,3245960,184542376.0,-44707,0,57083,1264702,0,71000,1309409,0,13917
20260717,7736,虎山,70.8,71.1,70.0,70.1,-,0.7,38135,2685031.0,11000,0,1000,13000,0,1000,2000,0,0
20260717,1531,高林股,12.9,13.0,12.85,12.9,-,0.2,197732,2552665.0,13000,0,-1000,51000,0,0,38000,0,1000
20260717,2762,世界健身-KY,85.7,85.8,83.4,83.9,-,2.2,61313,5171992.0,9000,0,3000,27000,0,4000,18000,0,1000
20260717,2417,圓剛,41.8,41.8,39.5,39.65,-,2.5,1256491,50837910.0,7020,0,4000,465020,0,7000,458000,0,3000
20260717,2109,華豐,14.75,14.75,14.45,14.6,-,0.15,108546,1579463.0,12000,0,-1000,33000,0,1000,21000,0,2000
20260717,1614,三洋電,31.4,31.4,30.9,31.4,+,0.05,97847,3048303.0,5000,0,6000,33000,0,7000,28000,0,1000
20260717,1473,台南,20.15,20.15,19.9,20.0,-,0.2,60709,1213420.0,11000,0,0,24000,0,1000,13000,0,1000
20260717,1626,艾美特-KY,10.35,10.35,10.05,10.1,-,0.25,39481,399522.0,11000,0,0,13000,0,1000,2000,0,1000
20260717,1225,福懋油,27.0,27.15,26.7,26.85,-,0.3,129845,3499507.0,10139,0,0,54140,0,1000,44001,0,1000
20260717,7750,新代,1880.0,1940.0,1805.0,1815.0,-,140.0,216264,402077320.0,12195,0,-2183,118055,0,4157,105860,0,6340
20260717,1236,宏亞,23.1,24.1,23.0,23.55,+,0.4,196101,4648012.0,12001,0,-2000,25001,0,1000,13000,0,3000
20260717,1413,宏洲,9.46,9.5,9.35,9.5,+,0.03,14033,132801.0,10000,0,0,10000,0,0,0,0,0
20260717,4581,光隆精密-KY,50.5,51.0,50.1,50.8,,0.0,22070,1110462.0,10000,0,0,11000,0,0,1000,0,0
20260717,6955,邦睿生技-創,111.0,112.0,109.0,112.0,-,1.0,34001,3760113.0,9000,0,1000,11000,0,9000,2000,0,8000
20260717,6794,向榮生技,78.8,81.0,77.0,77.4,-,0.9,57038,4448067.0,9000,0,1000,20000,0,1000,11000,0,0
20260717,3059,華晶科,43.0,43.5,41.35,41.55,-,2.7,3693732,155808910.0,178078,0,-168251,1096078,0,10000,918000,0,178251
20260717,00702,國泰標普低波高息,24.97,24.97,24.79,24.82,+,0.07,114243,2839075.0,0,0,9564,0,0,109564,0,0,100000
20260717,00709,富邦歐洲,40.39,40.54,40.04,40.2,-,0.19,200702,8096849.0,-19000,133000,-105000,0,133000,35000,19000,0,140000
20260717,2712,遠雄來,15.0,15.0,14.25,14.35,-,0.65,52018,757370.0,9000,0,0,9000,0,0,0,0,0
20260717,2433,互盛電,42.4,42.4,41.8,41.8,-,0.2,80887,3388504.0,10000,0,-1000,16000,0,1000,6000,0,2000
20260717,4148,全宇生技-KY,30.0,30.2,29.5,30.05,-,0.2,44629,1334291.0,7000,0,2000,9000,0,2000,2000,0,0
20260717,1525,江申,67.8,68.0,66.0,68.0,+,1.1,33586,2268888.0,7000,0,2000,17000,0,7000,10000,0,5000
20260717,1441,大東,9.17,9.17,9.02,9.1,-,0.1,34337,312409.0,8000,0,1000,8000,0,2000,0,0,1000
20260717,1470,大統新創,23.0,23.2,22.1,23.1,+,0.1,34021,782378.0,9000,0,0,11000,0,1000,2000,0,1000
20260717,1475,業旺,27.3,27.3,27.3,27.3,,0.0,10648,293767.0,9000,0,0,9000,0,0,0,0,0
20260717,8467,波力-KY,106.5,107.0,100.0,102.5,-,4.0,30935,3158946.0,9000,0,0,13000,0,0,4000,0,0
20260717,9929,秋雨,11.0,11.4,11.0,11.4,+,0.05,12000,135800.0,9000,0,0,11000,0,0,2000,0,0
20260717,6951,青新-創,73.1,73.1,71.5,72.2,-,1.1,94574,6825073.0,4000,0,4684,21000,0,8000,17000,0,3316
20260717,2488,漢平,49.0,49.5,48.7,49.1,-,0.4,172755,8482042.0,6632,0,2000,82632,0,5000,76000,0,3000
20260717,6658,聯策,169.5,172.5,160.0,160.5,-,14.5,919293,151231570.0,114440,-14000,-92141,375440,0,27000,261000,14000,119141
20260717,00783,富邦中証500,28.73,28.73,27.7,27.7,-,1.46,253267,7138039.0,0,0,8125,2000,0,215377,2000,0,207252
20260717,7818,溢泰實業,69.8,69.8,66.8,68.6,-,1.1,205869,14035573.0,3000,0,5000,37000,0,7000,34000,0,2000
20260717,4557,永新-KY,51.3,51.7,49.6,50.9,-,0.1,84267,4224572.0,8000,0,0,38000,0,0,30000,0,0
20260717,4426,利勤,8.58,8.58,8.15,8.25,-,0.22,166128,1371559.0,5000,0,3000,23000,0,4000,18000,0,1000
20260717,1201,味全,12.7,12.9,12.55,12.6,-,0.1,708176,8990228.0,17001,0,-9003,182001,0,10000,165000,0,19003
20260717,4569,六方科-KY,165.0,166.0,156.5,158.5,-,9.0,122977,19729733.0,6000,0,1990,40000,0,4000,34000,0,2010
20260717,00903,富邦元宇宙,20.77,20.77,20.51,20.52,-,0.93,517517,10663325.0,-380000,0,387349,5000,0,496107,385000,0,108758
20260717,6937,天虹,281.5,291.0,264.0,269.0,-,19.5,971123,269883068.0,55250,0,-47956,385250,0,32115,330000,0,80071
20260717,7791,皇家可口,63.0,63.6,62.4,63.6,+,0.1,57758,3645592.0,5000,0,2000,12000,0,2000,7000,0,0
20260717,6614,資拓宏宇,39.0,39.05,38.1,38.2,-,0.85,125814,4848817.0,7000,0,0,34000,0,1000,27000,0,1000
20260717,8463,潤泰材,21.6,21.6,21.2,21.5,-,0.1,56484,1211013.0,5000,0,2000,16000,0,2000,11000,0,0
20260717,2450,神腦,28.85,28.95,28.65,28.65,-,0.15,175125,5038877.0,3000,0,4000,42000,0,10000,39000,0,6000
20260717,2496,卓越,61.0,61.0,60.0,60.5,-,1.0,31243,1889026.0,7000,0,0,10000,0,0,3000,0,0
20260717,2901,欣欣,23.85,24.1,23.8,24.05,-,0.05,22160,532129.0,6000,0,1000,8000,0,1000,2000,0,0
20260717,1443,立益物流,26.6,27.05,25.85,27.05,+,0.05,36749,978309.0,5000,0,2000,17000,0,3000,12000,0,1000
20260717,1315,達新,64.0,64.3,63.5,63.8,-,1.0,29831,1905971.0,5000,0,2000,11000,0,3000,6000,0,1000
20260717,1730,花仙子,51.7,51.7,51.2,51.4,-,0.2,32199,1656598.0,6000,0,1000,14000,0,1000,8000,0,0
20260717,1906,寶隆,10.9,11.0,10.7,10.95,-,0.2,112859,1222755.0,3000,0,4000,22000,0,5000,19000,0,1000
20260717,4582,聚恆-創,28.0,28.35,26.95,27.8,-,0.2,265914,7355614.0,6020,0,450,74070,0,15450,68050,0,15000
20260717,2722,夏都,22.5,22.7,21.85,22.15,-,0.3,132195,2928007.0,9000,0,-3000,33000,0,5000,24000,0,8000
20260717,2434,統懋,88.5,88.5,81.8,81.8,-,9.0,428072,35790255.0,5000,0,1000,7000,0,1000,2000,0,0
20260717,1468,昶和,12.6,13.8,12.35,13.6,+,0.95,79075,1039782.0,1000,0,5000,22000,0,10000,21000,0,5000
20260717,8488,吉源-KY,10.05,10.1,10.05,10.1,-,0.15,10000,100950.0,8000,0,-2000,9000,0,0,1000,0,2000
20260717,6666,羅麗芬-KY,44.0,44.9,43.75,44.9,-,0.05,46271,2047710.0,5000,0,1000,10000,0,4000,5000,0,3000
20260717,7822,倍利科,949.0,949.0,873.0,874.0,-,89.0,221388,198500592.0,5000,0,1000,62000,0,1000,57000,0,0
20260717,1445,大宇,11.9,11.9,11.25,11.35,-,0.4,66687,763260.0,4999,0,1000,10000,0,2000,5001,0,1000
20260717,8487,愛爾達-創,75.5,76.8,75.5,76.0,-,0.9,57433,4361252.0,4000,0,1995,17000,0,2000,13000,0,5
20260717,1438,三地開發,21.5,21.5,20.8,20.95,-,0.45,70073,1472363.0,3000,0,2938,15000,0,6000,12000,0,3062
20260717,6625,必應,78.0,78.0,76.6,77.0,-,1.6,290116,22375138.0,6000,0,-702,76000,0,1000,70000,0,1702
20260717,2059,川湖,8575.0,8575.0,7835.0,7890.0,-,765.0,859138,6978750095.0,-46022,17161,34041,406342,44161,68971,452364,27000,34930
20260717,1410,南染,27.55,27.55,26.6,26.6,-,0.4,113120,3034384.0,3000,0,2000,22000,0,3000,19000,0,1000
20260717,1453,大將,11.0,11.2,10.95,11.1,-,0.2,69937,773006.0,3000,0,2000,10000,0,3000,7000,0,1000
20260717,1512,瑞利,6.78,6.78,6.65,6.75,-,0.04,42409,283956.0,4000,0,1000,5000,0,1000,1000,0,0
20260717,6754,匯僑設計,43.4,43.4,42.0,42.45,,0.0,16678,705098.0,6000,0,-1000,7000,0,0,1000,0,1000
20260717,2614,東森,18.5,18.5,18.0,18.0,-,0.5,627457,11414059.0,3988,0,1000,188000,0,2000,184012,0,1000
20260717,2364,倫飛,69.1,70.2,66.8,67.1,-,3.7,271606,18487042.0,5055,0,-245,87055,0,0,82000,0,245
20260717,6908,宏碁遊戲-創,35.6,35.6,34.95,35.6,-,0.45,21340,751151.0,3000,0,1660,6000,0,2000,3000,0,340
20260717,3543,州巧,30.4,30.6,29.05,29.05,-,1.9,917090,27206554.0,-2536,0,7000,297000,0,7000,299536,0,0
20260717,7768,頌勝科技,318.0,320.0,300.0,303.0,-,18.5,177079,54185338.0,4002,0,0,29002,0,1000,25000,0,1000
20260717,1323,永裕,20.35,20.35,19.85,20.2,,0.0,50146,1006541.0,2001,0,2000,17001,0,6000,15000,0,4000
20260717,5007,三星,56.0,56.5,55.5,55.5,-,0.9,50881,2845423.0,10000,-9000,3000,23000,0,4000,13000,9000,1000
20260717,2904,匯僑,13.9,13.9,13.7,13.85,-,0.05,35556,490454.0,3000,0,1000,5000,0,1000,2000,0,0
20260717,2939,永邑-KY,18.8,19.2,18.8,19.15,+,0.35,7000,133450.0,2000,0,2000,4000,0,2000,2000,0,0
20260717,3432,台端,17.5,17.5,16.7,17.0,-,0.75,39880,679568.0,4000,0,0,10000,0,0,6000,0,0
20260717,6201,亞弘電,49.15,49.15,47.85,49.05,+,0.05,69131,3358695.0,2000,0,2000,15000,0,3000,13000,0,1000
20260717,9912,偉聯,12.45,12.6,12.35,12.6,-,0.1,36758,459548.0,3000,0,1000,5000,0,3000,2000,0,2000
20260717,6722,輝創,33.6,34.45,33.0,33.05,-,1.4,51736,1734174.0,2999,0,1000,11000,0,1000,8001,0,0
20260717,1418,東華,18.95,18.95,18.05,18.35,-,0.15,12865,236330.0,4000,0,-38,4000,0,0,0,0,38
20260717,1472,三洋實業,88.1,90.0,88.1,88.7,-,0.9,192220,16996243.0,2000,0,1000,10000,0,1000,8000,0,0
20260717,2024,志聯,14.05,14.05,13.75,14.0,-,0.05,11008,153702.0,3000,0,0,6000,0,0,3000,0,0
20260717,3021,鴻名,23.2,23.2,21.45,21.75,-,1.85,334896,7372084.0,-33000,0,36000,90000,0,36000,123000,0,0
20260717,2432,倚天酷碁-創,28.55,28.55,28.05,28.05,-,0.5,65000,1837150.0,-1000,0,4000,10000,0,7000,11000,0,3000
20260717,4439,冠星-KY,100.0,102.5,98.5,100.0,-,0.5,24810,2482582.0,2000,0,1000,8000,0,1000,6000,0,0
20260717,6674,鋐寶科技,16.65,16.8,15.85,15.95,-,0.95,54071,875402.0,1000,0,2000,16000,0,2000,15000,0,0
20260717,6936,永鴻生技,32.0,32.1,31.75,31.75,-,0.95,87279,2782926.0,2000,0,1000,5000,0,1000,3000,0,0
20260717,7705,三商餐飲,31.05,31.05,30.45,30.45,-,0.8,48998,1499620.0,3000,0,0,13000,0,0,10000,0,0
20260717,8367,建新國際,40.5,40.5,40.1,40.3,-,0.2,39000,1569400.0,3000,0,0,12000,0,2000,9000,0,2000
20260717,9931,欣高,34.0,34.0,33.7,33.95,,0.0,562980,20686519.0,2000,0,1000,13000,0,1000,11000,0,0
20260717,8466,美吉吉-KY,17.65,17.75,16.75,16.95,-,0.8,94272,1616715.0,-2000,0,5000,23000,0,5000,25000,0,0
20260717,3705,永信,55.6,55.6,54.2,54.2,-,1.3,265888,14585717.0,81910,-80000,1000,126000,0,1000,44090,80000,0
20260717,2642,宅配通,20.65,20.65,20.1,20.1,-,0.65,105783,2161953.0,-4000,0,6000,18000,0,6000,22000,0,0
20260717,1340,勝悅-KY,5.29,5.32,5.2,5.25,-,0.08,154297,808489.0,-11000,0,13000,11000,0,13000,22000,0,0
20260717,1805,寶徠,10.2,10.2,10.0,10.2,+,0.05,162843,1638666.0,-2000,0,4000,15000,0,7000,17000,0,3000
20260717,8443,阿瘦,11.25,11.35,11.25,11.35,-,0.05,11167,126385.0,2000,0,0,2000,0,0,0,0,0
20260717,5906,台南-KY,37.95,38.0,37.95,38.0,+,0.05,3040,115354.0,2000,0,0,3000,0,0,1000,0,0
20260717,6921,嘉雨思-創,68.8,68.8,63.5,64.4,-,3.4,34242,2230893.0,-3001,0,5000,5000,0,16000,8001,0,11000
20260717,2838,聯邦銀,20.75,20.9,20.4,20.5,-,0.4,5659626,113738433.0,63744,-79000,16823,1756000,0,140000,1692256,79000,123177
20260717,2114,鑫永銓,88.6,88.9,86.7,87.8,-,1.5,190950,16789337.0,-949,0,2000,23051,0,2000,24000,0,0
20260717,2254,巨鎧精密-創,60.1,60.2,58.0,58.6,-,0.9,11180,662047.0,-3000,0,4000,3000,0,8000,6000,0,4000
20260717,1541,錩泰,21.95,22.4,21.55,22.0,-,0.5,9112,200140.0,-1000,0,2000,3000,0,3000,4000,0,1000
20260717,1417,嘉裕,8.75,8.86,8.73,8.73,-,0.15,310962,2728570.0,-1000,0,2000,43000,0,2000,44000,0,0
20260717,1465,偉全,13.1,13.15,12.7,12.9,-,0.2,94529,1220667.0,2000,0,-1000,16000,0,4000,14000,0,5000
20260717,3052,夆典,10.85,10.85,10.7,10.8,-,0.05,355842,3826501.0,2000,0,-1000,105000,0,1000,103000,0,2000
20260717,3168,眾福科,43.6,43.6,43.05,43.5,-,0.35,18805,816919.0,4000,0,-3000,11000,0,0,7000,0,3000
20260717,6671,三能-KY,23.95,24.0,23.9,24.0,+,0.05,29000,695550.0,1000,0,0,2000,0,1000,1000,0,1000
20260717,8482,商億-KY,49.45,49.45,47.05,47.8,-,0.7,9060,432287.0,1000,0,0,5000,0,1000,4000,0,1000
20260717,00736,國泰新興市場,30.8,30.86,30.64,30.78,-,0.81,103887,3199519.0,0,0,1000,0,0,103000,0,0,102000
20260717,2945,三商家購,41.0,41.0,40.1,40.1,-,1.05,20083,814395.0,-5001,0,6000,1000,0,6000,6001,0,0
20260717,2543,皇昌,39.5,40.6,38.2,38.25,-,1.5,2345321,91937696.0,-11134,0,12104,698866,0,29015,710000,0,16911
20260717,6924,榮惠-KY創,113.5,113.5,112.0,113.0,-,3.0,15687,1767156.0,-3000,0,3956,2000,0,6000,5000,0,2044
20260717,8114,振樺電,193.5,193.5,183.5,184.5,-,9.5,612407,114364063.0,7070,3000,-9233,226070,3000,1001,219000,0,10234
20260717,7631,聚賢研發-創,142.0,142.0,137.5,138.5,-,6.0,41562,5802241.0,-6000,0,6407,8000,0,9188,14000,0,2781
20260717,1256,鮮活果汁-KY,188.5,188.5,180.5,185.0,-,4.0,85477,15710621.0,-2615,0,3000,25385,0,3000,28000,0,0
20260717,2514,龍邦,12.7,12.95,12.7,12.85,-,0.1,183573,2359574.0,-12000,0,12235,66000,0,26000,78000,0,13765
20260717,3018,隆銘綠能,11.75,11.75,11.65,11.65,-,0.1,9957,116180.0,80,0,0,80,0,0,0,0,0
20260717,5203,訊連,66.5,67.2,64.9,65.1,-,2.3,289617,19032682.0,-167,0,203,128000,0,5000,128167,0,4797
20260717,1341,富林-KY,58.9,58.9,57.5,58.6,-,0.6,14013,813957.0,0,0,0,5000,0,1000,5000,0,1000
20260717,9928,中視,18.3,18.3,17.2,17.55,-,0.85,131471,2358559.0,0,0,0,0,0,1000,0,0,1000
20260717,6657,華安,35.3,35.8,33.8,33.95,-,2.0,252890,8700505.0,-1,0,0,96000,0,0,96001,0,0
20260717,2482,連宇,18.75,19.2,18.0,18.1,-,1.1,1031069,19155183.0,998,0,-1000,323126,0,0,322128,0,1000
20260717,1339,昭輝,44.2,44.2,43.4,43.4,-,0.85,98633,4306427.0,3000,0,-3348,40000,0,8000,37000,0,11348
20260717,00875,國泰網路資安,53.0,53.0,52.5,52.5,-,0.95,80290,4237908.0,-13000,0,12516,4000,0,50000,17000,0,37484
20260717,6534,正瀚-創,92.6,93.5,90.8,91.8,-,1.9,107755,9930899.0,-3700,0,3191,32300,0,11191,36000,0,8000
20260717,2013,中鋼構,41.0,41.0,40.5,40.5,-,0.5,147203,6004047.0,29000,-30000,296,59000,0,4000,30000,30000,3704
20260717,6431,光麗-KY,17.5,18.1,16.5,17.5,-,0.5,245112,4184386.0,-1000,0,261,35000,0,1000,36000,0,739
20260717,2535,達欣工,89.4,89.4,86.0,86.5,-,2.8,453414,39522254.0,-26447,6000,19621,137553,6000,29002,164000,0,9381
20260717,2380,虹光,19.6,19.9,18.8,18.8,-,0.8,56847,1081556.0,-960,0,0,1040,0,0,2000,0,0
20260717,2430,燦坤,18.0,18.1,17.85,18.0,,0.0,135316,2423287.0,-3999,0,3000,19001,0,6000,23000,0,3000
20260717,5546,永固-KY,17.0,17.0,16.35,16.7,-,0.05,34170,570065.0,-3000,0,2000,7000,0,3000,10000,0,1000
20260717,7732,金興精密,35.5,35.8,35.2,35.65,,0.0,16000,567850.0,5000,0,-6000,8000,0,1000,3000,0,7000
20260717,00660,元大歐洲50,45.65,45.65,45.41,45.41,-,0.69,3310,150777.0,0,0,-1000,0,0,0,0,0,1000
20260717,1310,台苯,10.55,10.65,10.05,10.15,-,0.55,6467446,66238136.0,-103000,0,101575,1657000,0,119000,1760000,0,17425
20260717,6464,台數科,74.6,78.0,74.6,77.1,,0.0,130649,10071399.0,-1569,0,0,45591,0,4000,47160,0,4000
20260717,6582,申豐,32.8,32.8,32.05,32.3,-,0.5,45387,1463773.0,-2000,0,0,12000,0,1000,14000,0,1000
20260717,6641,基士德-KY,18.2,18.2,17.7,17.7,-,0.3,24355,433626.0,-5000,0,3000,3000,0,3000,8000,0,0
20260717,6796,晉弘,59.2,59.9,57.3,57.4,-,1.6,72728,4218435.0,-4000,0,2000,19000,0,2000,23000,0,0
20260717,8429,金麗-KY,6.25,6.26,6.1,6.11,-,0.15,201018,1244964.0,-2000,0,0,22000,0,1000,24000,0,1000
20260717,3669,圓展,35.15,35.15,33.0,33.6,-,1.7,311696,10493593.0,-2000,0,0,79000,0,0,81000,0,0
20260717,3593,力銘,16.95,16.95,15.3,15.35,-,1.6,31110,484901.0,-2000,0,0,0,0,0,2000,0,0
20260717,4190,佐登-KY,25.55,25.55,24.9,25.25,-,0.4,44344,1119817.0,-7000,0,5000,4000,0,5000,11000,0,0
20260717,3494,誠研,8.02,8.02,7.63,7.63,-,0.14,91149,701819.0,-2000,0,0,5000,0,1000,7000,0,1000
20260717,1459,聯發,11.85,11.85,11.55,11.7,,0.0,85950,1001686.0,-2001,0,0,32000,0,2000,34001,0,2000
20260717,00678,群益那斯達克生技,40.46,40.54,40.28,40.28,-,0.34,227300,9181107.0,129000,0,-131154,135000,0,66049,6000,0,197203
20260717,00930,永豐ESG低碳高息,24.06,24.06,23.42,23.42,-,0.97,616943,14641464.0,133211,0,-135602,206211,0,95050,73000,0,230652
20260717,3130,一零四,205.0,205.5,203.0,203.5,,0.0,108565,22144040.0,-4500,0,2000,44000,0,2000,48500,0,0
20260717,1587,吉茂,26.15,26.15,25.1,25.1,-,1.05,625056,15887062.0,-6999,0,4460,188001,0,8000,195000,0,3540
20260717,2425,承啟,42.1,42.7,40.9,41.25,-,2.1,1641305,68214198.0,-117550,33000,82000,447450,33000,84000,565000,0,2000
20260717,4737,華廣,55.9,55.9,54.8,54.8,-,1.8,138084,7619538.0,2006,0,-5000,43000,0,11000,40994,0,16000
20260717,4930,燦星網,16.95,16.95,16.65,16.75,-,0.25,34563,581141.0,-4000,0,1000,5000,0,2000,9000,0,1000
20260717,1324,地球,10.4,10.4,10.0,10.2,-,0.2,222205,2257948.0,-2000,0,-1000,9000,0,0,11000,0,1000
20260717,00851,台新全球AI,70.0,70.0,68.6,68.6,-,3.55,11148,772195.0,-3000,0,0,0,0,0,3000,0,0
20260717,7823,奧義賽博-KY創,84.8,84.8,82.6,83.9,-,1.0,34358,2864272.0,-5000,0,1786,8000,0,3000,13000,0,1214
20260717,5215,科嘉-KY,40.25,40.25,38.45,38.5,-,1.95,195500,7645513.0,-6000,0,2499,44000,0,5000,50000,0,2501
20260717,3016,嘉晶,108.0,111.0,104.5,104.5,-,11.5,5936314,631526003.0,-2390,0,-1338,1880855,0,74939,1883245,0,76277
20260717,6771,平和環保-創,38.7,38.9,38.45,38.5,-,0.2,38563,1487879.0,-3930,0,0,5070,0,0,9000,0,0
20260717,6645,金萬林-創,14.35,14.35,13.4,13.45,-,0.85,106268,1478703.0,-7000,0,3000,5000,0,13000,12000,0,10000
20260717,2505,國揚,18.1,18.1,17.6,17.6,-,0.5,270587,4807189.0,-1000,0,-3000,137000,0,7000,138000,0,10000
20260717,5244,弘凱,32.5,32.65,31.0,31.15,-,1.95,345573,10979869.0,-4000,0,0,110000,0,0,114000,0,0
20260717,1817,凱撒衛,38.35,38.6,38.3,38.6,,0.0,28150,1082038.0,-6001,0,2000,5000,0,2000,11001,0,0
20260717,1712,興農,39.55,39.7,39.4,39.5,-,0.05,533869,21100259.0,-13000,10000,-1225,219000,10000,9000,232000,0,10225
20260717,00668,國泰美國道瓊,61.75,61.75,61.45,61.45,-,0.55,35016,2155524.0,4000,0,-8428,4000,0,9684,0,0,18112
20260717,5306,桂盟,96.8,100.0,94.9,95.9,-,3.3,1237890,120622612.0,-3916,0,-520,423084,0,12000,427000,0,12520
20260717,1521,大億,25.4,25.6,25.1,25.6,-,0.2,35698,905516.0,-5000,0,0,5000,0,2000,10000,0,2000
20260717,7765,中華資安,225.5,228.0,222.5,222.5,-,3.5,79320,17804697.0,-6000,0,0,17000,0,0,23000,0,0
20260717,1227,佳格,30.15,30.3,29.85,29.95,-,0.3,1197576,36006612.0,-21,0,-6000,396000,0,13000,396021,0,19000
20260717,3054,立萬利,56.6,60.8,55.0,55.5,-,4.0,64441,3633366.0,-2000,0,-4131,18000,0,4000,20000,0,8131
20260717,1530,亞崴,30.05,30.05,29.3,29.6,-,0.45,53051,1570541.0,-9000,0,2353,12000,0,5000,21000,0,2647
20260717,8201,無敵,12.45,12.45,12.1,12.25,-,0.4,72342,886468.0,-10823,0,3000,12000,0,3000,22823,0,0
20260717,2012,春雨,15.95,15.95,15.4,15.45,-,0.5,63595,988097.0,-11000,0,3000,24000,0,3000,35000,0,0
20260717,1535,中宇,50.4,50.4,49.85,50.0,-,0.2,109337,5472035.0,-8000,0,0,33000,0,0,41000,0,0
20260717,1423,利華,36.95,37.0,36.35,37.0,,0.0,26916,986737.0,-9000,0,942,8000,0,3000,17000,0,2058
20260717,2832,台產,56.9,57.5,56.4,56.4,-,0.8,225664,12821646.0,-21462,0,13000,58538,0,20000,80000,0,7000
20260717,4583,台灣精銳,577.0,589.0,557.0,560.0,-,43.0,89867,51373165.0,-9787,0,830,26000,0,7514,35787,0,6684
20260717,6807,峰源-KY,33.3,33.55,32.5,33.55,+,0.1,31111,1029379.0,-8000,0,-1000,2000,0,0,10000,0,1000
20260717,5533,皇鼎,14.0,14.05,13.75,13.95,+,0.15,351902,4899289.0,-5000,0,-4000,61000,0,2000,66000,0,6000
20260717,6504,南六,36.35,36.35,35.55,35.8,-,0.5,70466,2521457.0,-10000,0,1000,13000,0,1000,23000,0,0
20260717,00921,兆豐龍頭等權重,23.25,23.25,22.63,22.63,-,0.91,46711,1066677.0,-4000,0,-5016,7000,0,9000,11000,0,14016
20260717,00703,台新MSCI中國,19.75,19.75,19.19,19.24,-,0.56,13700,264779.0,0,0,-9299,0,0,1083,0,0,10382
20260717,1558,伸興,94.3,94.3,92.4,93.1,-,1.5,106445,9901589.0,-9536,0,0,19464,0,11000,29000,0,11000
20260717,9902,台火,13.9,13.9,13.5,13.5,-,0.4,159060,2155211.0,-9000,0,-657,14000,0,3000,23000,0,3657
20260717,6916,華凌,20.65,20.65,19.45,19.45,-,0.85,78334,1548476.0,-13000,0,3000,11000,0,3000,24000,0,0
20260717,1233,天仁,29.3,29.3,28.2,28.45,-,0.1,54024,1544016.0,-12000,0,2000,19000,0,2000,31000,0,0
20260717,2438,翔耀,19.55,19.55,18.55,18.55,-,1.0,174181,3277578.0,-22000,0,12000,44000,0,13000,66000,0,1000
20260717,4552,力達-KY,19.3,19.35,19.0,19.1,-,0.45,85432,1634606.0,-10000,0,0,13000,0,0,23000,0,0
20260717,4195,基米-創,16.5,16.6,16.3,16.4,-,0.5,160881,2639499.0,-13708,0,3000,28292,0,3000,42000,0,0
20260717,4999,鑫禾,19.75,19.75,19.3,19.35,-,0.4,105997,2063609.0,-9000,0,-1938,13000,0,3000,22000,0,4938
20260717,2704,國賓,45.65,45.8,44.6,45.55,-,0.15,94167,4267886.0,-12000,0,1000,43000,0,2000,55000,0,1000
20260717,2314,台揚,12.7,13.0,12.6,12.8,-,0.55,162553,2066988.0,-11000,0,0,2000,0,0,13000,0,0
20260717,6451,訊芯-KY,458.0,461.5,429.5,429.5,-,47.5,1959118,855395332.0,16769,-22000,-6214,572000,0,12598,555231,22000,18812
20260717,4137,麗豐-KY,96.7,97.0,95.0,95.0,-,1.7,158255,15172493.0,-12000,2000,-1640,56000,2000,2000,68000,0,3640
20260717,6918,愛派司,72.2,72.8,71.6,71.6,-,1.2,61444,4435038.0,-14900,0,3000,3100,0,4000,18000,0,1000
20260717,1737,臺鹽,32.0,32.05,31.85,31.85,-,0.15,140806,4494451.0,-17000,0,5000,39000,0,6000,56000,0,1000
20260717,1516,川飛,17.25,17.25,16.35,16.4,-,1.0,40384,678048.0,-12000,0,-2,4000,0,0,16000,0,2
20260717,9927,泰銘,70.3,70.3,68.4,68.9,-,1.5,195055,13490049.0,-12616,0,0,28384,0,2000,41000,0,2000
20260717,7722,LINEPAY,311.0,311.0,296.5,300.0,-,13.5,126831,38285366.0,-18542,8000,-2209,25068,8000,1195,43610,0,3404
20260717,6136,富爾特,24.0,24.3,24.0,24.15,-,0.2,173740,4188083.0,-14000,0,1000,16000,0,4000,30000,0,3000
20260717,1725,元禎,29.8,29.95,29.1,29.1,-,0.85,91357,2688807.0,-18000,0,5000,34000,0,6000,52000,0,1000
20260717,6165,浪凡,50.5,50.6,49.4,49.5,-,1.4,2184948,108324404.0,-13698,0,0,160302,0,0,174000,0,0
20260717,6906,現觀科,72.9,72.9,69.0,70.3,-,1.1,102108,7136307.0,-21000,0,7059,25000,0,9000,46000,0,1941
20260717,4771,望隼,196.5,203.0,193.5,195.5,-,7.5,199754,39346940.0,-14879,0,742,63127,0,1000,78006,0,258
20260717,1786,科妍,51.5,52.0,51.1,51.2,-,1.2,374723,19293499.0,2000,0,-16805,132000,0,1000,130000,0,17805
20260717,5283,禾聯碩,52.8,53.3,52.2,53.0,-,0.4,110089,5816266.0,-17136,0,2000,21000,0,2000,38136,0,0
20260717,1733,五鼎,31.55,31.65,31.05,31.15,-,0.5,221430,6926884.0,-19599,0,4000,51401,0,4000,71000,0,0
20260717,4766,南寶,338.0,345.0,331.5,332.0,-,7.0,441177,148231008.0,-46708,33000,-2467,176292,35000,2050,223000,2000,4517
20260717,2424,隴華,9.23,9.23,8.88,8.88,-,0.35,66284,593266.0,-17000,0,0,0,0,0,17000,0,0
20260717,2069,運錩,18.35,18.65,18.3,18.65,+,0.05,499054,9207727.0,-21000,0,4000,84000,0,4000,105000,0,0
20260717,3308,聯德,20.65,20.7,19.8,19.9,-,1.2,128686,2582197.0,-19001,0,1570,22000,0,4000,41001,0,2430
20260717,6526,達發,595.0,599.0,561.0,563.0,-,56.0,909195,525024502.0,-41611,21000,2916,300605,21000,55000,342216,0,52084
20260717,1783,和康生,40.8,41.0,40.0,40.15,-,0.65,178223,7243539.0,-29000,0,11000,15000,0,13000,44000,0,2000
20260717,6230,尼得科超眾,118.0,118.0,111.5,113.0,-,5.0,65826,7447279.0,-16001,0,-2479,18000,0,0,34001,0,2479
20260717,3002,歐格,19.2,19.2,17.9,18.15,-,1.15,415990,7612513.0,-29800,0,10863,73200,0,17000,103000,0,6137
20260717,2613,中櫃,21.55,21.8,21.0,21.0,-,0.55,309566,6567371.0,-20000,0,1000,65000,0,1000,85000,0,0
20260717,6931,青松健康,39.1,39.4,38.8,38.8,-,0.8,74840,2922603.0,-21000,0,1000,11000,0,1000,32000,0,0
20260717,1776,展宇,19.1,19.1,17.85,18.0,-,0.5,197296,3568847.0,-29000,0,9000,34000,0,9000,63000,0,0
20260717,4169,泰宗,259.5,273.0,241.0,252.0,-,14.0,378620,96927981.0,-21000,0,956,15000,0,1000,36000,0,44
20260717,7795,長廣,510.0,518.0,507.0,507.0,-,56.0,434928,221077030.0,-26551,0,6000,10927,0,7000,37478,0,1000
20260717,6283,淳安,21.45,21.75,21.15,21.2,-,0.65,287289,6141578.0,-20000,0,-1000,76000,0,2000,96000,0,3000
20260717,2239,英利-KY,20.4,20.45,19.7,19.85,-,0.3,206616,4112253.0,-22000,0,1000,15000,0,8000,37000,0,7000
20260717,3563,牧德,682.0,685.0,631.0,631.0,-,70.0,1013888,657585668.0,86497,-23000,-84499,392030,0,7241,305533,23000,91740
20260717,1533,車王電,33.5,33.9,32.8,32.95,-,1.05,193226,6409587.0,-31000,0,9000,52000,0,9000,83000,0,0
20260717,7821,神數,41.3,41.3,40.0,40.0,-,1.6,134748,5426048.0,-23000,0,1000,24000,0,1000,47000,0,0
20260717,6902,GOGOLOOK,128.0,129.5,124.0,125.0,-,6.0,135103,17037825.0,-21000,0,-1000,27000,0,2000,48000,0,3000
20260717,8249,菱光,46.5,46.5,44.2,44.2,-,2.45,503858,22693788.0,-33250,0,11000,128000,0,14000,161250,0,3000
20260717,6591,動力-KY,44.75,44.75,43.0,43.4,-,1.95,316838,13936522.0,-26025,0,3531,103000,0,9000,129025,0,5469
20260717,2102,泰豐,18.9,18.95,18.5,18.5,-,0.5,262426,4893300.0,72080,-100000,5000,133080,0,6000,61000,100000,1000
20260717,2025,千興,11.7,11.75,11.45,11.55,-,0.15,326634,3785990.0,-32000,0,9000,81000,0,15000,113000,0,6000
20260717,1337,再生-KY,5.05,5.05,4.91,4.96,-,0.09,452579,2243235.0,-23000,0,0,109000,0,2000,132000,0,2000
20260717,4119,旭富,46.8,47.45,45.8,46.35,-,0.65,193244,8969388.0,-24000,0,1000,53000,0,4000,77000,0,3000
20260717,8499,鼎炫-KY,278.0,288.5,275.0,277.5,-,14.5,95318,26603943.0,-25001,0,1871,24000,0,3000,49001,0,1129
20260717,3419,譁裕,12.35,12.65,12.3,12.55,,0.0,373426,4660065.0,-23000,0,-1000,94000,0,0,117000,0,1000
20260717,6838,台新藥,24.15,24.15,22.8,22.8,-,1.2,224042,5199170.0,-25001,0,1000,16000,0,1000,41001,0,0
20260717,9943,好樂迪,53.0,53.6,52.8,52.8,-,0.3,179976,9553944.0,-24000,0,-1000,33000,0,5000,57000,0,6000
20260717,4572,駐龍,147.0,147.0,143.0,145.0,-,3.5,49409,7134003.0,-27048,0,2000,8050,0,2000,35098,0,0
20260717,00657,國泰日經225,76.5,76.5,74.0,74.65,-,3.75,47898,3610185.0,0,0,-25398,0,0,6088,0,0,31486
20260717,9906,欣巴巴,41.7,42.35,39.7,41.0,-,0.6,140039,5744264.0,-25000,0,-1000,55000,0,6000,80000,0,7000
20260717,6128,上福,20.3,20.3,20.0,20.0,-,0.6,118574,2389293.0,-25000,0,-1212,19000,0,2000,44000,0,3212
20260717,4562,穎漢,33.15,33.2,32.05,32.05,-,1.25,288572,9387958.0,-24000,0,-2336,71000,0,2000,95000,0,4336
20260717,0057,富邦摩台,304.5,304.5,295.65,295.65,-,19.5,50327,15160240.0,-9989,0,-16784,11,0,9000,10000,0,25784
20260717,3040,遠見,38.2,39.0,38.05,38.65,-,0.15,265841,10234760.0,-6999,-21000,1000,51001,0,1000,58000,21000,0
20260717,00943,兆豐電子高息等權,21.56,21.6,20.97,20.97,-,0.98,163548,3466655.0,-4000,0,-23291,51000,0,36000,55000,0,59291
20260717,8021,尖點,473.0,473.0,454.5,454.5,-,50.5,953467,435082502.0,-111132,74000,9770,157436,74000,33000,268568,0,23230
20260717,6957,裕慶-KY,248.5,254.0,241.0,246.5,-,3.0,410818,101561720.0,-28000,0,299,103000,0,3000,131000,0,2701
20260717,6862,三集瑞-KY,161.5,161.5,151.5,154.0,-,11.5,533729,83323614.0,-1235,0,-27572,106766,0,9207,108001,0,36779
20260717,1460,宏遠,7.02,7.17,6.96,7.05,-,0.01,869113,6099573.0,-30530,0,1000,163740,0,4000,194270,0,3000
20260717,1338,廣華-KY,16.6,16.6,15.85,16.25,-,0.3,110364,1778392.0,-29000,0,-1000,8000,0,1000,37000,0,2000
20260717,6928,攸泰科技,51.8,53.5,48.95,49.1,-,2.4,375770,18965787.0,-49000,0,19000,114000,0,19000,163000,0,0
20260717,5269,祥碩,1480.0,1495.0,1395.0,1435.0,-,80.0,703710,1024588920.0,-89980,109000,-49232,79020,109000,20335,169000,0,69567
20260717,1752,南光,32.15,32.15,31.4,31.55,-,0.35,113111,3569816.0,-31000,0,0,21000,0,0,52000,0,0
20260717,00701,國泰股利精選30,39.14,39.14,38.09,38.13,-,1.01,845567,32398255.0,-618948,0,587786,11052,0,612592,630000,0,24806
20260717,2413,環科,43.2,43.2,40.45,40.7,-,3.3,1364647,56880630.0,-33005,0,1730,460000,0,11000,493005,0,9270
20260717,00861,元大全球未來通訊,86.4,86.4,84.45,84.65,-,4.05,231888,19651248.0,-173994,0,142708,1006,0,168000,175000,0,25292
20260717,4571,鈞興-KY,157.5,157.5,150.5,152.0,-,8.0,341097,52273352.0,-26593,1000,-6532,126407,1000,3142,153000,0,9674
20260717,00920,富邦ESG綠色電力,24.36,24.36,23.73,23.78,-,1.1,584776,13946054.0,-272986,0,240454,6014,0,429791,279000,0,189337
20260717,4942,嘉彰,37.6,37.7,36.7,36.7,-,0.9,226766,8391465.0,-30000,0,-3000,27000,0,1000,57000,0,4000
20260717,3311,閎暉,35.5,36.0,33.05,33.8,-,1.8,878340,29950403.0,-56000,0,23000,273000,0,26000,329000,0,3000
20260717,2033,佳大,14.95,14.95,14.55,14.6,-,0.4,174611,2558165.0,-32999,0,-1000,8001,0,0,41000,0,1000
20260717,3057,喬鼎,16.4,16.4,15.6,15.7,-,1.15,159855,2547938.0,-33000,0,-1000,37000,0,0,70000,0,1000
20260717,2007,燁興,7.03,7.17,7.01,7.12,-,0.09,501194,3550256.0,-38001,0,1000,100000,0,3000,138001,0,2000
20260717,7730,暉盛-創,175.0,175.5,168.0,168.0,-,12.0,121284,20797759.0,-40000,0,2860,10001,0,7000,50001,0,4140
20260717,6835,圓裕,32.8,32.8,31.75,32.05,-,0.6,124095,3984025.0,-41000,0,3000,14000,0,5000,55000,0,2000
20260717,2611,志信,14.45,14.45,13.95,14.0,-,0.25,419352,5883974.0,-43000,0,5000,126000,0,5000,169000,0,0
20260717,1707,葡萄王,92.5,93.1,90.9,90.9,-,1.6,447377,41104195.0,29765,-69000,1000,149000,4000,8000,119235,73000,7000
20260717,5292,華懋,173.5,173.5,164.0,167.0,-,7.5,246739,41274256.0,-18800,-15000,-4531,70200,0,2000,89000,15000,6531
20260717,7769,鴻勁,6430.0,6460.0,6030.0,6070.0,-,625.0,809842,5017435757.0,-54305,9021,6615,457332,9021,51246,511637,0,44631
20260717,6805,富世達,1350.0,1440.0,1340.0,1345.0,-,70.0,967492,1337742760.0,-18210,-14000,-6660,381332,14000,11588,399542,28000,18248
20260717,6743,安普新,30.05,30.4,29.4,29.5,-,0.8,361715,10763157.0,-65600,0,26000,92000,0,27000,157600,0,1000
20260717,5285,界霖,89.0,89.2,84.4,85.1,-,7.2,1826755,157505288.0,-36108,0,-3512,639022,0,15000,675130,0,18512
20260717,2414,精技,61.1,61.2,59.6,60.0,-,1.8,487955,29434979.0,-115000,44000,30000,103000,44000,31000,218000,0,1000
20260717,2739,寒舍,34.7,35.15,34.0,34.0,-,1.2,137750,4734366.0,-43000,0,2000,31000,0,2000,74000,0,0
20260717,0053,元大電子,230.15,230.15,221.75,221.75,-,16.25,102290,23226904.0,32,0,-41946,32,0,45000,0,0,86946
20260717,4560,強信-KY,34.05,34.05,33.5,33.8,-,0.25,205030,6928738.0,-42000,0,-2000,91000,0,0,133000,0,2000
20260717,4106,雃博,25.3,25.3,24.7,25.0,-,0.3,300788,7502732.0,-41000,0,-4656,61000,0,6000,102000,0,10656
20260717,2431,聯昌,10.9,10.9,10.5,10.55,-,0.35,491281,5228377.0,-44898,0,-1000,106102,0,0,151000,0,1000
20260717,3652,精聯,30.05,30.05,28.8,29.0,-,1.8,260971,7620869.0,-65000,0,19000,75000,0,19000,140000,0,0
20260717,6923,中台,78.8,78.8,76.0,76.8,-,2.1,141702,10926835.0,-37950,0,-8349,35050,0,2000,73000,0,10349
20260717,6115,鎰勝,45.65,45.8,45.1,45.15,-,0.55,175270,7943151.0,-47000,0,0,45000,0,2000,92000,0,2000
20260717,00893,國泰智能電動車,44.56,44.56,43.72,43.73,-,2.18,1081849,47595685.0,-506350,0,458293,8005,0,730000,514355,0,271707
20260717,7749,意騰-KY,372.0,380.0,358.0,358.5,-,28.5,255400,93773416.0,-49124,0,233,58876,0,2000,108000,0,1767
20260717,6689,伊雲谷,62.3,63.0,60.6,60.9,-,2.3,260768,15979153.0,-52000,0,2850,56000,0,5000,108000,0,2150
20260717,2520,冠德,36.0,36.15,35.5,35.7,-,0.2,3190506,114342323.0,-42284,0,-7121,1257716,0,61000,1300000,0,68121
20260717,6914,阜爾運通,145.5,146.0,144.0,144.0,-,2.5,148479,21580551.0,-51632,0,1000,12368,0,1000,64000,0,0
20260717,4164,承業醫,27.5,27.55,26.75,26.9,-,0.7,1002810,27147591.0,-52000,0,872,312000,0,23000,364000,0,22128
20260717,00730,富邦臺灣優質高息,27.9,28.02,27.2,27.2,-,1.07,258367,7135687.0,-65000,0,13407,20000,0,138025,85000,0,124618
20260717,1720,生達,64.5,64.5,63.5,63.5,-,1.0,305364,19508237.0,-57000,4000,1000,49000,4000,5000,106000,0,4000
20260717,4441,振大環球,177.5,179.0,172.0,174.0,-,6.5,299965,52373049.0,-55646,0,3000,83354,0,3000,139000,0,0
20260717,2850,新產,146.5,148.5,144.0,145.0,-,2.5,334877,48778158.0,-59058,5000,376,133035,5000,11000,192093,0,10624
20260717,1524,耿鼎,27.0,27.35,26.55,26.6,-,0.8,719652,19317178.0,-61943,0,8000,181057,0,8000,243000,0,0
20260717,00728,第一金工業30,61.25,61.25,59.65,59.65,-,4.75,230113,13914260.0,-111000,0,56444,5000,0,119000,116000,0,62556
20260717,2748,雲品,40.3,40.35,39.25,39.6,-,0.7,262467,10400159.0,-51000,0,-4000,30000,0,2000,81000,0,6000
20260717,7711,永擎,303.5,308.0,295.0,295.0,-,19.0,311672,93467357.0,-54207,0,-1117,62793,0,10139,117000,0,11256
20260717,00902,中信電池及儲能,12.5,12.53,12.27,12.28,-,0.51,1750462,21690623.0,-345000,0,288872,42000,0,623000,387000,0,334128
20260717,5484,慧友,46.9,46.9,42.5,42.5,-,4.05,453647,19967787.0,-36001,-25000,3000,48000,0,3000,84001,25000,0
20260717,3092,鴻碩,25.8,25.8,24.0,24.0,-,1.4,543766,13261296.0,-71000,0,12174,107000,0,14000,178000,0,1826
20260717,1446,宏和,14.45,14.45,14.0,14.0,-,0.4,353881,5006680.0,-65000,0,6000,53000,0,6000,118000,0,0
20260717,4976,佳凌,34.5,35.35,33.05,33.05,-,2.25,1164781,39742414.0,-59121,0,-281,259000,0,5000,318121,0,5281
20260717,2516,新建,14.0,14.0,13.7,13.9,+,0.15,224640,3113338.0,-89000,0,29000,21000,0,30000,110000,0,1000
20260717,2537,聯上發,11.3,11.3,10.85,10.95,-,0.35,1176262,12937505.0,-61653,0,1000,316347,0,3000,378000,0,2000
20260717,3596,智易,187.0,190.0,181.0,181.5,-,7.5,905371,167234804.0,-30690,0,-31280,442310,0,4352,473000,0,35632
20260717,9935,慶豐富,18.7,18.7,18.35,18.45,-,0.3,339219,6267913.0,-69999,0,8000,84001,0,8000,154000,0,0
20260717,6668,中揚光,35.6,35.6,34.6,34.6,-,1.4,470919,16468303.0,-75000,0,13000,97000,0,15000,172000,0,2000
20260717,1713,國化,48.05,48.05,47.3,47.4,-,0.8,205816,9776458.0,-62000,0,0,40000,0,1000,102000,0,1000
20260717,2031,新光鋼,40.4,40.45,39.15,39.35,-,1.1,894588,35564044.0,-58000,0,-6262,412000,0,5000,470000,0,11262
20260717,3338,泰碩,67.7,67.7,63.8,63.8,-,4.4,587746,38230035.0,-66972,0,2371,184110,0,7000,251082,0,4629
20260717,8072,陞泰,28.05,28.5,27.0,27.05,-,1.15,327289,8953624.0,-66001,0,0,74000,0,0,140001,0,0
20260717,1539,巨庭,16.75,16.95,16.1,16.3,-,0.65,340239,5613052.0,-72000,0,5986,25000,0,7000,97000,0,1014
20260717,4555,氣立,49.1,50.8,46.4,46.5,-,3.4,601909,29053379.0,-83000,0,16968,156000,0,20000,239000,0,3032
20260717,3043,科風,21.7,21.7,20.35,20.45,-,1.8,272001,5680868.0,-68000,0,1000,56000,0,1000,124000,0,0
20260717,6117,迎廣,66.6,67.5,66.2,66.2,-,1.7,385915,25682771.0,-64000,0,-3407,79000,0,6000,143000,0,9407
20260717,7827,漢康-KY創,165.5,167.0,158.5,159.0,-,10.5,222940,36019644.0,-78781,0,11224,26389,0,18000,105170,0,6776
20260717,1325,恆大,26.0,26.05,25.0,25.1,-,0.75,358678,9122497.0,-71850,0,1000,73150,0,1000,145000,0,0
20260717,3032,偉訓,79.0,79.3,75.8,76.1,-,3.5,757531,58263322.0,-61000,0,-12499,78000,0,19000,139000,0,31499
20260717,6863,永道-KY,104.5,104.5,98.1,99.1,-,5.9,197855,19887164.0,-85020,0,11510,14000,0,13000,99020,0,1490
20260717,1904,正隆,22.25,22.3,21.85,21.9,-,0.5,1477308,32472601.0,-85731,0,12000,645468,0,47000,731199,0,35000
20260717,6854,錼創科技-KY創,108.0,108.0,101.5,103.0,-,5.0,477389,49261194.0,-74958,0,54,115043,0,16000,190001,0,15946
20260717,2820,華票,16.6,16.65,16.4,16.45,-,0.2,4251155,70060128.0,-119690,0,44271,924000,0,69000,1043690,0,24729
20260717,3321,同泰,20.0,20.0,18.65,18.9,-,1.35,583660,11060116.0,-149000,0,72000,109000,0,72000,258000,0,0
20260717,2390,云辰,11.7,11.85,11.15,11.2,-,0.9,1158178,13276143.0,-86311,0,8880,292000,0,14000,378311,0,5120
20260717,4588,玖鼎電力,53.2,53.3,51.3,51.6,-,2.6,176888,9241502.0,-78187,0,337,24000,0,3000,102187,0,2663
20260717,3716,中化控股,34.4,34.5,33.9,33.9,-,0.6,193666,6604261.0,-79000,0,1000,21000,0,2000,100000,0,1000
20260717,0061,元大寶滬深,25.0,25.0,24.06,24.06,-,0.98,323412,7866440.0,-138000,0,59895,6000,0,81000,144000,0,21105
20260717,00944,野村趨勢動能高息,21.0,21.0,20.54,20.55,-,0.91,842183,17419017.0,-234000,0,155189,179000,0,498000,413000,0,342811
20260717,4935,茂林-KY,35.8,35.8,34.5,34.75,-,1.4,348134,12184691.0,-80000,0,1000,72000,0,4000,152000,0,3000
20260717,1735,日勝化,20.8,20.8,19.8,20.0,-,1.3,300345,6050014.0,-50000,-21000,-8010,101000,0,16000,151000,21000,24010
20260717,2250,IKKA-KY,62.8,66.2,61.8,61.8,-,2.5,383997,24455585.0,-81000,0,1000,78000,0,2000,159000,0,1000
20260717,1616,億泰,20.5,20.5,19.8,19.8,-,0.85,1077373,21596099.0,-81000,0,995,226000,0,8000,307000,0,7005
20260717,1104,環泥,27.0,27.1,26.6,26.6,-,0.35,517243,13828247.0,-78000,0,-2087,173000,0,16000,251000,0,18087
20260717,00918,大華優利高填息30,31.25,31.59,30.97,31.01,-,0.76,34374545,1074756334.0,5605903,0,-5686344,11960148,0,1967453,6354245,0,7653797
20260717,2816,旺旺保,34.35,34.55,33.65,33.65,-,1.05,390639,13282321.0,-83000,0,2000,49000,0,4000,132000,0,2000
20260717,9136,巨騰-DR,12.7,12.7,11.6,12.1,-,0.35,339666,4115082.0,-81000,0,0,44000,0,0,125000,0,0
20260717,3504,揚明光,68.3,68.5,63.6,64.0,-,5.6,781771,51204297.0,-79965,0,-1526,215035,0,15496,295000,0,17022
20260717,2228,劍麟,80.3,81.2,78.0,78.3,-,2.4,202231,15995279.0,-82108,0,526,29000,0,3000,111108,0,2474
20260717,2429,銘旺科,45.15,46.0,42.55,42.55,-,4.7,987378,43114915.0,-98231,0,16000,138000,0,16000,236231,0,0
20260717,5706,鳳凰,46.85,46.85,45.7,45.9,-,1.05,335111,15420285.0,-82000,0,-260,52000,0,2000,134000,0,2260
20260717,7721,微程式,65.2,67.3,61.6,61.8,-,3.8,260519,16471862.0,-83000,0,0,41000,0,0,124000,0,0
20260717,3617,碩天,212.0,214.5,204.0,204.0,-,9.5,591379,123458047.0,-67000,0,-16710,178000,0,9178,245000,0,25888
20260717,6192,巨路,119.0,119.0,115.0,115.0,-,5.5,328740,38231802.0,-92000,3000,2476,48000,3000,6000,140000,0,3524
20260717,3038,全台,20.8,21.0,20.5,20.55,-,0.55,308074,6380663.0,-85897,0,-1000,64103,0,2000,150000,0,3000
20260717,1466,聚隆,17.9,18.5,17.0,17.1,-,1.6,1231209,21501355.0,-88990,0,2000,222010,0,3000,311000,0,1000
20260717,2471,資通,52.9,52.9,51.6,51.8,-,1.2,293325,15263157.0,-88000,0,0,37000,0,0,125000,0,0
20260717,1723,中碳,88.8,91.9,87.5,88.2,-,1.5,1969387,175591969.0,-50698,0,-37880,769302,0,10752,820000,0,48632
20260717,6541,泰福-KY,39.75,39.75,38.3,38.4,-,1.9,655861,25439333.0,-92000,0,2547,152000,0,6000,244000,0,3453
20260717,3622,洋華,55.2,55.2,53.1,53.2,-,2.0,558894,30011036.0,-82198,0,-7307,81802,0,5000,164000,0,12307
20260717,6782,視陽,196.0,198.0,192.0,193.0,-,6.0,290566,56439526.0,-115801,0,26276,52199,0,36000,168000,0,9724
20260717,00639,富邦深100,17.53,17.53,16.78,16.78,-,0.93,1419779,24252789.0,-134000,0,43751,211000,0,865909,345000,0,822158
20260717,00762,元大全球AI,109.55,109.55,105.85,106.0,-,7.0,519245,55283387.0,-232940,0,142194,4060,0,290000,237000,0,147806
20260717,6558,興能高,28.6,28.6,27.3,27.3,-,1.65,492939,13685728.0,-91425,0,0,116000,0,0,207425,0,0
20260717,3257,虹冠電,56.2,56.2,54.1,54.1,-,2.7,750002,41306434.0,-127000,0,33000,142000,0,36000,269000,0,3000
20260717,2731,雄獅,146.5,146.5,143.0,143.0,-,3.5,543723,78431246.0,-99000,4986,-184,80000,4986,3000,179000,0,3184
20260717,6698,旭暉應材,38.1,38.1,35.5,35.6,-,2.8,424557,15454259.0,-106800,0,12000,107200,0,12000,214000,0,0
20260717,6873,泓德能源,86.8,86.8,80.4,81.4,-,5.4,557052,46130608.0,-81132,0,-14746,119010,0,10001,200142,0,24747
20260717,3229,晟鈦,40.6,43.5,39.25,40.9,+,0.45,938806,38754143.0,-94000,0,-2122,228000,0,14000,322000,0,16122
20260717,3046,建碁,53.0,54.1,52.1,52.4,-,1.8,357480,18947703.0,-99674,0,1434,99326,0,5000,199000,0,3566
20260717,9955,佳龍,24.95,24.95,24.0,24.0,-,1.05,360096,8739168.0,-100000,0,-1000,78000,0,0,178000,0,1000
20260717,2911,麗嬰房,7.5,7.5,7.12,7.13,-,0.37,277585,2013177.0,-95000,0,-6000,27000,0,8000,122000,0,14000
20260717,6781,AES-KY,1010.0,1020.0,946.0,960.0,-,85.0,1317599,1288786155.0,-55611,0,-45496,369410,0,81100,425021,0,126596
20260717,1449,佳和,13.6,13.6,12.85,13.05,-,0.5,761454,9971823.0,-99540,0,-2000,130460,0,3000,230000,0,5000
20260717,1432,大魯閣,15.2,15.2,14.85,14.95,-,0.3,545228,8187026.0,-103564,0,1000,60035,0,1000,163599,0,0
20260717,4585,達明,318.0,324.0,301.0,301.5,-,22.5,573405,177374432.0,-102540,0,-640,107560,0,9110,210100,0,9750
20260717,1760,寶齡富錦,61.5,61.5,59.9,60.0,-,1.5,300944,18170282.0,-107000,0,3000,43000,0,3000,150000,0,0
20260717,6112,邁達特,42.15,42.6,41.3,41.55,-,0.7,502268,20966035.0,-98000,0,-6060,54000,0,2000,152000,0,8060
20260717,3025,星通,57.4,57.7,55.6,55.8,-,2.6,503976,28458319.0,-112000,0,6611,134000,0,12000,246000,0,5389
20260717,6756,威鋒電子,95.3,95.3,90.5,91.6,-,4.4,308803,28454068.0,-120000,0,12620,76000,0,17000,196000,0,4380
20260717,3533,嘉澤,1985.0,2005.0,1860.0,1865.0,-,155.0,1577240,3043268226.0,-37486,-44767,-25140,1299365,7233,18380,1336851,52000,43520
20260717,6715,嘉基,392.0,412.5,385.0,391.0,-,20.0,660291,261988279.0,-83000,-17000,-8364,173000,0,6801,256000,17000,15165
20260717,5284,jpp-KY,293.0,295.0,276.0,278.0,-,21.5,704436,200152305.0,-74834,0,-33930,230166,0,5102,305000,0,39032
20260717,4576,大銀微系統,201.0,206.0,192.5,194.0,-,17.0,1438327,284171407.0,-78394,0,-35763,547096,0,11186,625490,0,46949
20260717,1307,三芳,32.7,32.85,31.9,32.05,-,0.65,1005377,32420264.0,-109955,0,-5044,433045,0,1000,543000,0,6044
20260717,1442,名軒,29.4,29.9,29.0,29.55,+,0.15,795965,23427674.0,-118625,0,3135,213375,0,5135,332000,0,2000
20260717,3592,瑞鼎,241.5,242.5,230.0,232.0,-,14.0,700818,164707583.0,99162,-218000,3345,294000,27000,5000,194838,245000,1655
20260717,2108,南帝,28.55,28.6,27.7,27.75,-,0.8,970067,27159645.0,-257058,142000,-1223,260000,142000,9041,517058,0,10264
20260717,00661,元大日經225,83.9,84.15,81.45,82.15,-,4.6,339285,28214719.0,-102950,0,-14879,2050,0,152080,105000,0,166959
20260717,3049,精金,11.8,11.85,11.3,11.4,-,0.6,4030697,46476754.0,-74505,0,-46987,660100,0,4000,734605,0,50987
20260717,2020,美亞,21.5,21.5,21.1,21.2,-,0.3,538840,11458700.0,-120000,0,-1687,141000,0,4000,261000,0,5687
20260717,1721,三晃,23.0,23.0,21.2,21.25,-,1.8,1847076,40495168.0,-127791,0,6000,250209,0,9000,378000,0,3000
20260717,2233,宇隆,224.5,235.0,214.0,218.5,-,11.0,1930894,432363353.0,-76123,0,-47266,674050,0,5562,750173,0,52828
20260717,5258,虹堡,54.0,54.3,50.7,50.8,-,3.2,810414,42275815.0,-125100,0,1000,219000,0,2000,344100,0,1000
20260717,6776,展碁國際,55.1,55.1,53.3,53.5,-,1.9,308504,16622016.0,-141050,0,16000,28000,0,16000,169050,0,0
20260717,1773,勝一,178.0,181.5,173.0,174.5,-,7.0,801968,141583458.0,-136239,7000,4055,158832,7000,21308,295071,0,17253
20260717,3024,憶聲,13.6,14.65,13.6,14.2,+,0.55,9581674,135952465.0,-180688,0,55000,2395312,0,55000,2576000,0,0
20260717,3013,晟銘電,93.1,93.9,88.4,88.8,-,7.7,2508350,226964077.0,-4296,0,-121470,711000,0,12669,715296,0,134139
20260717,5225,東科-KY,71.4,71.5,69.5,69.5,-,2.6,419616,29520889.0,-124815,0,-1860,103000,0,3000,227815,0,4860
20260717,4590,富田-創,91.0,91.0,86.1,88.0,-,4.0,444258,39053752.0,-127000,0,-171,80000,0,1000,207000,0,1171
20260717,3686,達能,16.4,16.4,15.5,15.5,-,0.6,284481,4455418.0,-128000,0,0,11000,0,0,139000,0,0
20260717,6552,易華電,27.4,27.4,25.65,25.75,-,1.65,261039,6848501.0,-139000,0,11000,19000,0,11000,158000,0,0
20260717,3416,融程電,168.5,170.0,161.0,162.0,-,10.0,618809,102000371.0,-112028,0,-17305,146000,0,23000,258028,0,40305
20260717,6152,百一,12.65,12.65,12.0,12.0,-,0.65,794079,9635521.0,-132116,0,2000,113000,0,3000,245116,0,1000
20260717,2459,敦吉,66.0,67.0,65.2,65.3,-,1.9,357478,23526715.0,-132000,0,1000,74000,0,2000,206000,0,1000
20260717,2453,凌群,52.2,52.7,51.1,51.1,-,1.7,723353,37440133.0,-152000,0,21000,121000,0,22000,273000,0,1000
20260717,6669,緯穎,4900.0,4995.0,4620.0,4620.0,-,495.0,1627532,7766703780.0,-3963,-74602,-53150,806811,16398,79610,810774,91000,132760
20260717,2377,微星,142.0,146.5,137.5,141.5,-,3.5,15886902,2252846582.0,129426,-254000,-7301,4792100,719000,482047,4662674,973000,489348
20260717,6216,居易,22.5,22.65,21.8,21.8,-,0.8,329774,7285826.0,-134000,0,773,38000,0,6000,172000,0,5227
20260717,3712,永崴投控,16.75,17.05,16.3,16.55,-,0.5,1268431,21185169.0,-145000,0,10000,331000,0,10000,476000,0,0
20260717,2241,艾姆勒,39.0,39.0,36.2,36.55,-,2.4,1250123,46211451.0,-138000,0,2960,402000,0,16000,540000,0,13040
20260717,0051,元大中型100,138.8,139.15,135.6,135.6,-,7.2,230425,31587434.0,6001,0,-142415,9001,0,2000,3000,0,144415
20260717,5222,全訊,120.5,121.0,115.0,115.0,-,6.5,659619,77326743.0,-116573,0,-20411,131020,0,4000,247593,0,24411
20260717,1540,喬福,22.05,22.25,21.45,21.65,-,0.8,822844,17952220.0,-146000,0,8000,148000,0,8000,294000,0,0
20260717,8045,達運光電,59.5,59.7,55.5,55.8,-,4.7,294837,16840058.0,-141001,0,1874,59000,0,5000,200001,0,3126
20260717,6994,富威電力,40.4,40.4,39.45,39.45,-,1.15,720993,28640844.0,-139999,0,-1,197001,0,1000,337000,0,1001
20260717,9910,豐泰,67.9,69.3,66.8,66.8,-,1.0,2924044,198100693.0,949567,-1087715,-3043,1523906,28285,22012,574339,1116000,25055
20260717,3413,京鼎,355.5,383.5,352.0,371.0,-,11.0,7028634,2617300802.0,93411,0,-236224,2082538,0,53499,1989127,0,289723
20260717,2906,高林,14.05,14.1,13.75,14.1,+,0.1,454289,6327720.0,-141000,0,-2000,50000,0,2000,191000,0,4000
20260717,2032,新鋼,16.25,16.25,15.65,15.8,-,0.55,435872,6933718.0,-148000,0,2000,70000,0,3000,218000,0,1000
20260717,4746,台耀,53.0,53.0,51.9,52.0,-,1.0,500995,26217226.0,-141095,0,-5476,135000,0,5068,276095,0,10544
20260717,2462,良得電,21.2,21.2,20.4,20.45,-,0.9,416678,8607009.0,-150000,0,1787,81000,0,6000,231000,0,4213
20260717,5234,達興材料,350.0,358.0,343.5,344.0,-,20.0,488050,170173778.0,-142064,3000,-9391,136445,3000,22000,278509,0,31391
20260717,8473,山林水,46.3,46.3,43.9,44.0,-,2.7,773860,34743470.0,-146026,0,-3353,190040,0,3000,336066,0,6353
20260717,4770,上品,226.5,230.0,213.0,214.0,-,12.5,576870,127589164.0,-153000,0,3574,75000,0,32800,228000,0,29226
20260717,5236,凌陽創新,150.0,150.0,144.0,144.5,-,8.0,329775,48265412.0,-152230,0,1748,52000,0,6000,204230,0,4252
20260717,6189,豐藝,49.3,49.3,47.3,47.35,-,1.7,879700,42179439.0,-159294,0,8124,233706,0,23428,393000,0,15304
20260717,2852,第一保,26.9,26.9,26.45,26.5,-,0.4,415069,11044741.0,-154057,0,1000,56000,0,2000,210057,0,1000
20260717,2474,可成,186.5,190.0,185.5,186.5,-,2.5,5042503,945345060.0,-934630,791000,-10422,1465790,1354000,253452,2400420,563000,263874
20260717,4545,銘鈺,34.45,34.7,34.0,34.1,-,1.05,287737,9834904.0,-156000,0,1000,17000,0,2000,173000,0,1000
20260717,3346,麗清,22.1,22.1,20.65,20.7,-,1.6,1265481,26776328.0,-156000,0,-649,306000,0,5000,462000,0,5649
20260717,6869,雲豹能源,69.2,69.4,66.2,66.2,-,3.7,906338,61162201.0,-121960,0,-36684,256040,0,6385,378000,0,43069
20260717,3027,盛達,19.1,19.1,18.25,18.35,-,0.85,430582,7963597.0,-172000,0,12081,97000,0,14000,269000,0,1919
20260717,3501,維熹,40.4,40.6,39.8,39.95,-,0.7,379057,15197872.0,-165000,0,3000,97000,0,3000,262000,0,0
20260717,1762,中化生,36.75,36.75,35.0,35.15,-,1.9,412253,14633815.0,-165000,0,726,45000,0,10000,210000,0,9274
20260717,2236,百達-KY,157.0,162.0,157.0,161.0,,0.0,538652,85705068.0,-169510,0,4000,109490,0,5000,279000,0,1000
20260717,2030,彰源,17.6,17.8,17.25,17.25,-,0.65,859923,14983967.0,-173000,0,5000,187000,0,12000,360000,0,7000
20260717,6412,群電,82.0,82.7,78.7,78.9,-,4.6,1759405,141278485.0,-45700,0,-123067,583300,0,25600,629000,0,148667
20260717,2461,光群雷,16.85,16.85,15.9,16.05,-,0.85,978374,15874827.0,-186802,0,16000,163250,0,17000,350052,0,1000
20260717,4912,聯德控股-KY,86.0,86.0,82.0,82.4,-,5.1,391678,32700458.0,-176003,0,5000,76000,0,5000,252003,0,0
20260717,6909,創控,46.0,46.2,43.5,43.9,-,3.0,800993,35901484.0,-172000,0,0,164000,0,23000,336000,0,23000
20260717,1526,日馳,15.1,17.25,15.05,17.25,+,1.55,4027433,67854952.0,-172000,0,-194,259000,0,6497,431000,0,6691
20260717,9919,康那香,14.1,14.1,13.8,13.95,-,0.15,660802,9190183.0,-173000,0,-2000,117000,0,3000,290000,0,5000
20260717,6944,兆聯實業,1000.0,1035.0,971.0,976.0,-,59.0,667458,664013808.0,-145240,306,-31952,229418,306,7501,374658,0,39453
20260717,2538,基泰,9.9,9.91,9.77,9.86,-,0.04,544213,5356755.0,-185000,0,8000,111000,0,10000,296000,0,2000
20260717,2913,農林,11.35,11.45,11.1,11.2,-,0.3,2680878,30169105.0,-133000,0,-45001,716000,0,13000,849000,0,58001
20260717,3653,健策,3260.0,3350.0,3150.0,3210.0,-,185.0,1110713,3604319270.0,-319057,149033,-8286,361410,154033,32701,680467,5000,40987
20260717,6695,芯鼎,55.1,55.4,51.2,52.3,-,4.0,1157646,61698504.0,-186803,0,8049,334197,0,15000,521000,0,6951
20260717,2022,聚亨,7.91,7.91,7.6,7.62,-,0.29,941354,7227711.0,-200091,0,19000,138000,0,22000,338091,0,3000
20260717,1623,大東電,227.0,227.0,216.0,217.0,-,12.5,500548,110747344.0,-177090,0,-4068,124000,0,2003,301090,0,6071
20260717,1618,合機,37.8,38.05,37.3,37.35,-,0.85,1020585,38300717.0,-171001,0,-10529,85000,0,3000,256001,0,13529
20260717,2062,橋椿,19.15,19.25,18.75,18.8,-,0.45,399135,7543238.0,-181000,0,-768,52000,0,4000,233000,0,4768
20260717,6550,北極星藥業-KY,12.65,12.75,12.1,12.2,-,0.6,1333703,16399551.0,-185000,0,1000,391000,0,7000,576000,0,6000
20260717,4564,元翎,19.95,21.5,19.3,19.3,-,0.7,11696258,237695373.0,-268830,0,83955,2596170,0,96000,2865000,0,12045
20260717,1436,華友聯,46.1,46.1,44.9,44.95,-,1.05,672116,30455496.0,-196025,0,3000,133000,0,6000,329025,0,3000
20260717,3014,聯陽,129.0,130.0,125.0,125.0,-,6.5,1668803,212100685.0,-196300,8000,-5255,608350,58000,28000,804650,50000,33255
20260717,6757,台灣虎航,57.5,57.5,56.1,56.2,-,1.7,1658124,93950728.0,-289000,0,94497,441000,0,159000,730000,0,64503
20260717,4722,國精化,242.0,245.5,228.0,228.0,-,25.0,1567730,365312057.0,-63481,0,-131323,333031,0,9904,396512,0,141227
20260717,7799,禾榮科,426.5,458.0,406.0,415.5,-,21.5,1662962,714931011.0,-179082,0,-16563,440918,0,2000,620000,0,18563
20260717,8103,瀚荃,80.6,82.2,78.2,78.7,-,4.7,1208316,96477645.0,-129530,0,-67319,387000,0,5001,516530,0,72320
20260717,6108,競國,17.25,17.3,16.5,16.5,-,0.95,926351,15469896.0,-222582,0,24449,95778,0,28000,318360,0,3551
20260717,3665,貿聯-KY,1855.0,1915.0,1765.0,1765.0,-,190.0,3375931,6200655565.0,-413214,260706,-54512,1859251,324190,74023,2272465,63484,128535
20260717,2465,麗臺,79.3,79.9,75.5,76.4,-,4.4,1782214,137450255.0,-214012,0,6000,461299,0,7000,675311,0,1000
20260717,1603,華電,29.4,29.4,28.5,28.55,-,0.85,564257,16299795.0,-217999,0,5000,79001,0,6000,297000,0,1000
20260717,2345,智邦,2190.0,2205.0,2090.0,2090.0,-,230.0,3429156,7356255795.0,-424424,138313,72961,1881144,180313,300533,2305568,42000,227572
20260717,2107,厚生,26.05,26.05,25.65,25.7,-,0.35,400570,10341752.0,-223417,0,8000,89350,0,9000,312767,0,1000
20260717,2836,高雄銀,12.7,12.7,12.55,12.6,-,0.1,2957101,37410745.0,-207340,0,-11000,982000,0,24000,1189340,0,35000
20260717,2420,新巨,59.1,59.1,56.9,57.7,-,1.6,956591,55170033.0,-192525,0,-27001,201000,0,11000,393525,0,38001
20260717,4720,德淵,21.3,21.35,20.2,20.35,-,1.55,1461971,30196234.0,-184000,-38000,2418,403000,0,10000,587000,38000,7582
20260717,3530,晶相光,60.0,60.0,56.4,56.8,-,4.2,326582,18907491.0,-219000,0,-836,35000,0,5000,254000,0,5836
20260717,3051,力特,23.8,23.85,22.75,22.9,-,1.15,829821,19181143.0,-216028,0,-5532,211000,0,7000,427028,0,12532
20260717,6142,友勁,9.58,9.8,9.33,9.39,-,0.66,1924517,18320139.0,-224555,0,2000,510000,0,3000,734555,0,1000
20260717,4755,三福化,131.0,132.0,126.0,126.5,-,9.0,555614,71436055.0,-223900,0,-1232,95100,0,2000,319000,0,3232
20260717,6799,來頡,88.8,88.8,82.0,82.2,-,7.6,606495,51443095.0,-254650,0,27678,125350,0,31000,380000,0,3322
20260717,5519,隆大,28.35,28.5,28.0,28.0,-,0.45,757682,21299932.0,-230701,0,-902,196299,0,7000,427000,0,7902
20260717,3518,柏騰,27.9,27.9,26.0,26.7,-,1.7,1319332,35474274.0,-237000,0,4000,251000,0,4000,488000,0,0
20260717,3515,華擎,205.0,205.5,200.0,200.5,-,7.0,564225,114439110.0,-223000,0,-12900,59000,0,1000,282000,0,13900
20260717,2617,台航,28.85,28.95,28.3,28.45,-,0.55,903153,25788412.0,-234638,0,-1308,313362,0,9199,548000,0,10507
20260717,6442,光聖,1280.0,1325.0,1230.0,1300.0,-,50.0,2497384,3229546125.0,-240598,4000,-3033,784414,4000,48336,1025012,0,51369
20260717,2362,藍天,41.85,42.15,40.4,40.4,-,2.0,1224294,50151458.0,68102,-309000,-1816,388020,0,22000,319918,309000,23816
20260717,3591,艾笛森,22.8,22.8,21.1,21.25,-,2.1,1554684,33875794.0,-225711,0,-18000,462289,0,30000,688000,0,48000
20260717,3588,通嘉,59.5,59.5,54.2,54.9,-,4.9,778857,43548019.0,-246608,0,940,199862,0,10000,446470,0,9060
20260717,2206,三陽工業,64.2,64.3,63.4,63.5,-,0.7,1245711,79573556.0,-241998,0,-5000,357002,0,11000,599000,0,16000
20260717,2010,春源,21.25,21.25,20.85,20.9,-,0.35,1388307,29165553.0,-430000,186000,-4058,252000,186000,11000,682000,0,15058
20260717,2009,第一銅,37.9,38.1,37.0,37.0,-,1.25,1276584,47875581.0,-209001,0,-40902,134000,0,7000,343001,0,47902
20260717,2204,中華,57.5,57.9,56.2,56.2,-,1.7,1322593,75303536.0,-63115,-274000,85873,351885,0,97000,415000,274000,11127
20260717,5607,遠雄港,50.0,50.8,49.05,49.05,-,1.85,636724,31632943.0,-253970,0,2000,105030,0,3000,359000,0,1000
20260717,1515,力山,42.0,43.65,40.4,40.95,-,3.9,2601593,108186729.0,-346970,67000,25722,80030,67000,34192,427000,0,8470
20260717,2851,中再保,36.55,37.4,35.8,36.0,-,0.9,2203755,80607318.0,-335208,20000,60642,665067,20000,97539,1000275,0,36897
20260717,3023,信邦,315.0,319.5,302.0,303.0,-,12.0,1832154,566228106.0,-272516,-111000,128839,845140,187000,138379,1117656,298000,9540
20260717,6579,研揚,153.5,156.5,150.0,150.0,-,9.5,497085,75750325.0,-224690,0,-30325,61310,0,11000,286000,0,41325
20260717,9938,百和,46.5,47.1,45.75,45.85,-,0.75,2428967,112832527.0,-438000,0,182244,438000,0,220562,876000,0,38318
20260717,6235,華孚,41.45,41.9,39.6,39.75,-,2.6,1199208,48488513.0,-258325,0,-2000,265000,0,3000,523325,0,5000
20260717,00636,國泰中國A50,28.53,28.53,27.68,27.76,-,0.91,1283661,35876135.0,149000,0,-409770,356000,0,457000,207000,0,866770
20260717,3708,上緯投控,99.8,99.9,95.1,95.1,-,6.4,835237,81498639.0,-212876,-29000,-20461,110000,0,104000,322876,29000,124461
20260717,6438,迅得,152.5,153.5,145.0,145.0,-,9.5,853369,126870528.0,-214459,0,-48229,208401,0,4000,422860,0,52229
20260717,2460,建通,31.5,32.5,30.5,31.65,-,0.5,928046,28976994.0,-264563,0,0,129437,0,9000,394000,0,9000
20260717,8996,高力,1025.0,1060.0,1015.0,1015.0,-,110.0,1707983,1745808365.0,-375333,28955,75335,539010,33000,123058,914343,4045,47723
20260717,2497,怡利電,58.5,59.0,55.8,55.8,-,3.8,611701,34947789.0,-274002,0,518,107000,0,3105,381002,0,2587
20260717,4306,炎洲,15.05,15.05,14.6,14.75,-,0.45,1633780,24130377.0,-273104,0,-3000,380000,0,3000,653104,0,6000
20260717,1471,首利,10.05,10.05,9.75,9.76,-,0.29,775726,7647164.0,-283200,0,0,96000,0,2000,379200,0,2000
20260717,1108,幸福,12.6,12.6,12.25,12.25,-,0.4,1010498,12530340.0,-284270,0,1000,137730,0,3000,422000,0,2000
20260717,8926,台汽電,65.9,67.1,65.3,65.5,-,1.5,4995161,329346838.0,86714,-406932,33302,1777640,4068,77000,1690926,411000,43698
20260717,4566,時碩工業,65.0,65.3,60.5,60.6,-,5.3,1225369,76183842.0,-278960,0,-8534,177040,0,6000,456000,0,14534
20260717,6206,飛捷,123.5,123.5,118.0,119.0,-,6.0,1516681,181854857.0,-455730,183000,-15490,338270,183000,13769,794000,0,29259
20260717,2360,致茂,1810.0,1905.0,1810.0,1850.0,-,140.0,4068026,7606420743.0,-727648,334016,101751,2499689,428016,150642,3227337,94000,48891
20260717,2397,友通,57.1,57.2,54.7,54.8,-,3.5,723159,40381389.0,-297000,0,-1000,83000,0,1000,380000,0,2000
20260717,2444,兆勁,12.1,12.1,11.35,11.35,-,0.75,799294,9241276.0,-306465,0,1000,106535,0,2000,413000,0,1000
20260717,2211,長榮鋼,95.2,95.2,94.1,94.2,-,1.0,1391074,131517544.0,-297000,-6000,-5756,159000,0,10000,456000,6000,15756
20260717,6531,愛普*,863.0,877.0,819.0,819.0,-,90.0,3134508,2602405085.0,167355,-494717,18496,1178064,76283,132375,1010709,571000,113879
20260717,2385,群光,105.5,106.0,102.5,102.5,-,3.0,6905032,716497930.0,1430339,-2034664,295456,3963166,8336,340000,2532827,2043000,44544
20260717,6196,帆宣,557.0,580.0,535.0,542.0,-,48.0,2481756,1381423360.0,-179197,8000,-138049,712969,8000,70565,892166,0,208614
20260717,2636,台驊控股,63.7,64.0,62.5,62.5,-,1.6,678800,42966718.0,-270000,-42000,2193,74000,0,16000,344000,42000,13807
20260717,2440,太空梭,16.5,16.55,15.5,15.55,-,1.05,665216,10572638.0,-310000,0,-1000,122000,0,5000,432000,0,6000
20260717,3044,健鼎,408.0,412.0,394.0,397.5,-,24.5,4152785,1663164659.0,-124475,-362570,168990,2399710,265432,281232,2524185,628002,112242
20260717,00912,中信臺灣智慧50,33.0,33.0,31.08,31.08,-,2.02,665803,21091922.0,-121470,0,-199186,83530,0,80046,205000,0,279232
20260717,3010,華立,115.0,116.5,113.0,113.0,-,4.5,1291090,147937377.0,-293750,0,-27309,309250,0,9000,603000,0,36309
20260717,8163,達方,34.35,34.6,32.65,32.8,-,2.55,1541158,51477316.0,-295232,0,-29292,443768,0,13000,739000,0,42292
20260717,8011,台通,16.8,16.8,16.1,16.25,-,0.6,1048503,17156752.0,-327000,0,-1000,182000,0,1000,509000,0,2000
20260717,4961,天鈺,164.0,164.0,154.0,154.0,-,14.0,1062102,168173792.0,-294317,-24000,-11083,234958,36000,22000,529275,60000,33083
20260717,1789,神隆,20.4,20.6,19.85,19.85,-,0.8,822897,16483311.0,-321980,0,-8073,155049,0,20000,477029,0,28073
20260717,00946,群益科技高息成長,14.5,14.59,14.22,14.25,-,0.53,3664442,52811283.0,269350,0,-601476,1102350,0,969666,833000,0,1571142
20260717,4952,凌通,50.7,51.0,48.4,48.4,-,3.8,814561,40355624.0,-375000,0,41489,138000,0,48000,513000,0,6511
20260717,2017,官田鋼,9.11,9.16,8.85,8.91,-,0.26,670164,6004669.0,-330000,0,-4000,121000,0,5000,451000,0,9000
20260717,1316,上曜,10.35,10.4,10.05,10.05,-,0.3,2930416,29673901.0,-346523,0,1998,813339,0,2000,1159862,0,2
20260717,3050,鈺德,11.9,12.1,11.5,11.5,-,0.75,876015,10265348.0,-348000,0,0,70000,0,2000,418000,0,2000
20260717,6278,台表科,172.5,172.5,164.5,164.5,-,13.0,5182165,864658344.0,274049,-529000,-93497,1904561,0,135824,1630512,529000,229321
20260717,8081,致新,251.5,256.0,240.0,240.5,-,13.5,1405521,345642172.0,-260003,-43000,-47156,354001,32000,24933,614004,75000,72089
20260717,3015,全漢,57.7,58.4,55.4,55.9,-,3.2,1260320,71350733.0,-399863,60000,-14067,314467,60000,10000,714330,0,24067
20260717,2451,創見,237.5,242.5,230.0,230.0,-,17.5,4691737,1101241641.0,152596,-486000,-20612,1984479,61000,74470,1831883,547000,95082
20260717,00904,台新臺灣半導體30,39.14,39.76,38.0,38.0,-,3.0,2907611,112379496.0,146050,0,-502372,258050,0,1153150,112000,0,1655522
20260717,1409,新纖,25.5,25.6,24.1,24.3,-,1.7,24215195,598257874.0,-89070,0,-268121,7878930,0,100376,7968000,0,368497
20260717,6831,邁科,622.0,636.0,612.0,612.0,-,68.0,640741,395975160.0,-137000,-220000,-2531,121000,0,2000,258000,220000,4531
20260717,3661,世芯-KY,3585.0,3655.0,3480.0,3480.0,-,290.0,2162718,7695166250.0,-296286,7029,-72389,642773,7029,165628,939059,0,238017
20260717,2034,允強,20.2,20.2,19.55,19.6,-,0.65,2012597,39926597.0,-340755,0,-26796,604245,0,10000,945000,0,36796
20260717,3305,昇貿,117.0,117.0,109.0,109.0,-,11.0,2859889,319964779.0,-102930,0,-266309,830070,0,18014,933000,0,284323
20260717,4526,東台,33.85,34.4,32.4,32.55,-,2.7,2710408,89936044.0,-328799,0,-41198,585184,0,7320,913983,0,48518
20260717,6691,洋基工程,733.0,758.0,702.0,704.0,-,50.0,1159148,832116467.0,-415245,57000,-13874,308721,57000,37461,723966,0,51335
20260717,00876,元大全球5G,91.75,91.75,87.2,87.25,-,6.55,1030968,91013566.0,-630185,0,255716,13815,0,565000,644000,0,309284
20260717,2419,仲琦,26.65,26.7,25.25,25.5,-,1.7,1307011,33886660.0,-307000,-64000,-11912,275000,0,6000,582000,64000,17912
20260717,1218,泰山,16.55,16.6,16.35,16.4,-,0.3,1366421,22504328.0,-386000,0,-2060,275000,0,11000,661000,0,13060
20260717,00643,群益深証中小,19.73,19.73,18.78,18.78,-,1.17,2681459,51005644.0,-85000,0,-305867,174000,0,1967218,259000,0,2273085
20260717,6215,和椿,103.0,105.5,99.4,99.9,-,6.1,1104367,111468773.0,-368089,0,-24006,131000,0,4000,499089,0,28006
20260717,1810,和成,27.5,29.6,27.0,27.15,-,1.75,19243717,534445244.0,-494192,14688,78799,5404292,14688,116000,5898484,0,37201
20260717,8215,明基材,26.3,26.55,25.2,25.3,-,1.85,1353118,34728287.0,-393000,0,-14635,208000,0,6000,601000,0,20635
20260717,3030,德律,299.0,306.0,288.0,288.0,-,22.0,2374581,701202407.0,-297236,7000,-123223,659553,7000,24452,956789,0,147675
20260717,3704,合勤控,44.9,46.9,44.8,45.7,-,0.95,4787968,220442659.0,-473770,0,55199,1634750,0,93000,2108520,0,37801
20260717,3583,辛耘,800.0,801.0,747.0,747.0,-,83.0,1414605,1080581874.0,-357600,-34000,-30623,331310,0,58056,688910,34000,88679
20260717,3011,今皓,12.45,12.45,12.0,12.0,-,0.45,1111809,13443279.0,-429000,0,1000,150000,0,1000,579000,0,0
20260717,1611,中電,12.6,12.65,12.2,12.2,-,0.45,829485,10243499.0,-433000,0,-1004,112000,0,12000,545000,0,13004
20260717,3167,大量,802.0,821.0,766.0,766.0,-,85.0,3085624,2417240495.0,-538710,126000,-21830,600868,163000,14000,1139578,37000,35830
20260717,6456,GIS-KY,67.5,68.3,64.8,64.8,-,4.9,2981499,197666237.0,-352201,0,-87419,337000,0,19757,689201,0,107176
20260717,6164,華興,13.75,13.75,12.6,12.75,-,0.9,1393784,18169161.0,-453949,0,9000,246000,0,9000,699949,0,0
20260717,00962,台新AI優息動能,14.24,14.38,13.9,13.93,-,0.69,873008,12343896.0,-468800,0,22906,28200,0,261290,497000,0,238384
20260717,1795,美時,195.0,197.5,188.0,188.0,-,10.0,2002053,383339639.0,-366364,0,-83661,243636,0,39000,610000,0,122661
20260717,6415,矽力*-KY,441.0,468.5,434.5,435.0,-,38.0,8284139,3721698667.0,260337,-701000,-12245,5470048,516000,63529,5209711,1217000,75774
20260717,8105,凌巨,17.3,17.3,16.55,16.65,-,1.0,5047309,84779914.0,-553999,96000,5000,1882001,96000,13000,2436000,0,8000
20260717,3356,奇偶,58.5,58.5,55.9,56.2,-,3.4,956404,54754625.0,-485117,0,31803,60857,0,39000,545974,0,7197
20260717,00909,國泰數位支付服務,43.99,44.0,43.04,43.04,-,2.84,2479835,107872385.0,-902865,0,449332,35135,0,1381000,938000,0,931668
20260717,8213,志超,33.8,33.9,32.8,32.8,-,1.3,942037,31278566.0,-453999,0,-5000,152001,0,7000,606000,0,12000
20260717,00894,中信小資高價30,45.2,45.21,43.2,43.21,-,3.52,4065055,179029517.0,-1017113,0,553466,498366,0,2027000,1515479,0,1473534
20260717,2612,中航,53.8,53.8,51.2,51.3,-,2.9,825924,42879298.0,-466743,0,-1142,100257,0,5000,567000,0,6142
20260717,1319,東陽,74.9,75.5,73.5,73.6,-,2.0,2556559,189942046.0,-208164,-190000,-73055,602444,14000,20000,810608,204000,93055
20260717,6202,盛群,61.5,62.0,57.7,57.7,-,6.4,5877481,345520781.0,-440049,3000,-39764,1702951,3000,66131,2143000,0,105895
20260717,2374,佳能,70.1,71.6,67.7,67.7,-,4.3,6013426,417303884.0,-337491,0,-154863,1344509,0,48095,1682000,0,202958
20260717,2387,精元,38.75,38.75,37.8,38.1,-,0.65,782854,29823489.0,-510900,0,837,75100,0,11000,586000,0,10163
20260717,1612,宏泰,31.55,31.55,30.9,31.05,-,0.65,1578462,49172569.0,-597000,90000,-3932,404000,90000,10000,1001000,0,13932
20260717,3545,敦泰,51.0,51.1,48.5,48.5,-,3.5,1657344,82366747.0,-480210,1000,-38257,376000,1000,32000,856210,0,70257
20260717,2536,宏普,19.6,19.95,19.3,19.45,-,0.35,2422026,47588533.0,-520000,0,0,718000,0,2000,1238000,0,2000
20260717,00963,中信全球高股息,12.95,13.09,12.95,13.04,+,0.1,2470510,32277265.0,-24000,0,-524000,0,0,806000,24000,0,1330000
20260717,1309,台達化,15.25,15.25,14.35,14.4,-,0.75,3533438,51744804.0,-593953,0,43588,630047,0,64474,1224000,0,20886
20260717,2467,志聖,595.0,604.0,558.0,558.0,-,62.0,2141488,1229554047.0,-479856,-25706,-47714,611000,30294,13208,1090856,56000,60922
20260717,1513,中興電,165.0,166.0,158.5,158.5,-,8.5,5265751,849100244.0,611345,-983835,-185263,1977478,13000,227562,1366133,996835,412825
20260717,3041,揚智,25.1,25.1,23.1,23.25,-,2.3,2171724,51797662.0,-625001,0,56435,362000,0,67000,987001,0,10565
20260717,3031,佰鴻,27.95,27.95,26.2,26.2,-,1.75,1413057,37947331.0,-548892,-43000,21097,158000,0,33000,706892,43000,11903
20260717,2328,廣宇,48.45,49.0,46.15,46.2,-,3.15,4008919,189024687.0,-224074,0,-357655,1118126,0,100079,1342200,0,457734
20260717,1440,南紡,13.2,13.3,12.85,12.95,-,0.45,2967726,38698430.0,-557977,0,-28882,806023,0,57000,1364000,0,85882
20260717,2476,鉅祥,128.0,129.0,118.5,118.5,-,13.0,3795806,466182713.0,-364642,0,-254156,1067858,0,40000,1432500,0,294156
20260717,3058,立德,9.0,9.01,8.6,8.62,-,0.48,1332573,11660019.0,-626000,0,0,154000,0,2000,780000,0,2000
20260717,8110,華東,45.9,46.4,43.6,43.65,-,4.15,6774000,301818546.0,-642865,0,2495,1540060,0,134890,2182925,0,132395
20260717,6133,金橋,22.4,22.55,21.0,21.05,-,1.65,2140867,46386657.0,-642976,0,0,351024,0,1000,994000,0,1000
20260717,4968,立積,102.0,102.0,99.8,100.0,-,4.0,1430597,143916441.0,-641084,0,-17148,115916,0,27000,757000,0,44148
20260717,00733,富邦臺灣中小,66.95,67.1,64.3,64.35,-,5.6,1337977,88028680.0,-328900,0,-350008,136100,0,324000,465000,0,674008
20260717,3209,全科,59.2,59.2,55.6,55.9,-,4.1,1855710,106121251.0,-582130,-103000,3602,357000,6000,28000,939130,109000,24398
20260717,6789,采鈺,506.0,507.0,473.5,473.5,-,52.5,2792545,1355219083.0,-447950,-158000,-76945,541304,3000,67189,989254,161000,144134
20260717,2365,昆盈,31.3,31.6,29.65,29.65,-,2.05,3299309,101008646.0,-671970,0,-13424,752030,0,1000,1424000,0,14424
20260717,1232,大統益,167.0,178.0,164.5,168.5,+,6.5,3376937,574971199.0,-723588,27000,10994,665412,27000,17000,1389000,0,6006
20260717,3060,銘異,31.6,31.6,29.2,29.45,-,2.8,3772668,113636975.0,-745366,63000,-3519,1003010,63000,12000,1748376,0,15519
20260717,4934,太極,16.05,16.05,15.2,15.25,-,1.05,1266801,19585832.0,-709000,0,16000,60000,0,17000,769000,0,1000
20260717,2049,上銀,321.0,325.0,306.0,306.0,-,26.0,2852114,894133335.0,-640557,54827,-141623,814739,55000,86373,1455296,173,227996
20260717,4142,國光生,17.35,17.35,16.8,16.8,-,0.55,1458918,24715431.0,-734000,0,-6460,170000,0,8000,904000,0,14460
20260717,1517,利奇,12.3,13.3,12.0,12.15,+,0.05,12510836,159736273.0,-742991,0,-432,1292009,0,35524,2035000,0,35956
20260717,4532,瑞智,25.25,25.3,24.4,24.7,-,0.7,2128943,52686216.0,-531000,0,-223000,479000,0,14000,1010000,0,237000
20260717,4915,致伸,66.5,67.0,64.9,64.9,-,2.0,4100636,269133554.0,-159930,-618000,12196,1117270,0,24652,1277200,618000,12456
20260717,2454,聯發科,3470.0,3570.0,3370.0,3370.0,-,330.0,10967157,37833367830.0,-294464,-125387,-346345,4922767,267613,818564,5217231,393000,1164909
20260717,00964,中信亞太高股息,13.86,13.92,13.71,13.71,-,0.34,1387566,19156644.0,-207000,0,-564000,18000,0,143000,225000,0,707000
20260717,6168,宏齊,26.0,26.05,24.5,24.75,-,2.0,2864289,71912447.0,-813980,0,4199,760020,0,39000,1574000,0,34801
20260717,3450,聯鈞,450.0,457.0,432.0,432.0,-,48.0,4187634,1832785893.0,-929379,140000,-32509,481013,140000,28082,1410392,0,60591
20260717,9958,世紀鋼,116.5,118.0,111.0,111.0,-,7.5,2818095,320018344.0,-769028,5000,-63646,709029,5000,24000,1478057,0,87646
20260717,6243,迅杰,48.0,52.5,47.5,51.6,+,3.65,15677569,791495279.0,-856698,0,11094,2741302,0,42001,3598000,0,30907
20260717,00911,兆豐洲際半導體,54.85,54.85,53.1,53.6,-,3.5,1467446,79136280.0,-12780,0,-859825,32220,0,254000,45000,0,1113825
20260717,1536,和大,52.0,52.4,49.1,49.45,-,3.35,2940729,148070974.0,-769652,0,-104976,500348,0,42478,1270000,0,147454
20260717,3003,健和興,65.0,65.0,60.0,60.0,-,6.0,1604430,99002753.0,-896527,0,19910,251000,0,48000,1147527,0,28090
20260717,00690,兆豐藍籌30,77.05,77.05,72.4,72.55,-,4.8,1606306,118009651.0,14380,0,-893277,111380,0,366000,97000,0,1259277
20260717,6139,亞翔,832.0,863.0,794.0,799.0,-,69.0,4892811,4000087496.0,-857458,226000,-252933,1245071,234000,162758,2102529,8000,415691
20260717,6285,啟碁,246.5,249.0,232.5,234.5,-,22.5,8847055,2108161669.0,-896770,53000,-41211,2723900,53000,347934,3620670,0,389145
20260717,6901,鑽石投資,19.0,19.7,18.1,18.35,-,0.75,6631224,125522241.0,-908015,0,10000,1337985,0,13000,2246000,0,3000
20260717,3094,聯傑,38.9,39.4,36.9,36.9,-,4.05,4085113,154871833.0,-861003,0,-38040,752997,0,9000,1614000,0,47040
20260717,2439,美律,84.7,85.5,82.1,82.1,-,3.7,2247959,187666447.0,-793326,-5000,-130773,419700,0,15035,1213026,5000,145808
20260717,1609,大亞,37.9,38.2,36.75,36.8,-,1.8,6772370,252208303.0,-597872,-13000,-318563,1723181,0,219116,2321053,13000,537679
20260717,8070,長華*,49.6,50.7,47.85,48.1,-,3.1,5296785,258898622.0,-1191543,348000,-88956,1253457,348000,37353,2445000,0,126309
20260717,1560,中砂,688.0,702.0,656.0,656.0,-,72.0,1886676,1258260625.0,-940384,62000,-62905,271333,62000,66000,1211717,0,128905
20260717,3062,建漢,22.7,22.7,21.4,21.4,-,1.5,4025752,88362030.0,-893500,0,-52687,536000,0,19000,1429500,0,71687
20260717,4916,事欣科,106.0,108.5,100.0,102.0,-,8.5,6467375,674807438.0,-883100,36000,-119946,1278000,36000,21000,2161100,0,140946
20260717,2402,毅嘉,61.3,62.2,58.5,58.5,-,4.8,4004389,240470718.0,-784926,21000,-219655,549127,21000,38405,1334053,0,258060
20260717,2606,裕民,62.8,62.9,60.8,60.8,-,2.8,3654468,225262587.0,275146,-1204000,-57788,1582517,1000,87000,1307371,1205000,144788
20260717,1503,士電,200.5,201.5,192.0,194.0,-,10.0,3642298,713520335.0,-1016171,245000,-246682,812383,245000,143000,1828554,0,389682
20260717,2376,技嘉,330.0,332.0,323.5,325.0,-,12.0,8552370,2792358800.0,-1441686,192485,230592,2212312,959485,425002,3653998,767000,194410
20260717,00735,國泰臺韓科技,98.6,98.6,93.05,93.05,-,8.25,6603672,627748068.0,-374637,0,-645932,994213,0,407000,1368850,0,1052932
20260717,8271,宇瞻,185.5,205.5,184.0,190.0,+,2.5,10777264,2078712278.0,-1064805,-13000,6702,2977433,38000,66039,4042238,51000,59337
20260717,2104,國際中橡,10.95,11.05,10.55,10.6,-,0.5,6123126,65966006.0,-1078429,0,-6932,1396239,0,22000,2474668,0,28932
20260717,2331,精英,20.0,20.0,19.4,19.4,-,1.0,2862428,56130889.0,-1076000,0,-31895,434000,0,10000,1510000,0,41895
20260717,00850,元大臺灣ESG永續,86.6,86.95,84.05,84.05,-,5.75,1906983,163010464.0,-410835,66000,-766356,220165,66000,205000,631000,0,971356
20260717,7780,大研生醫*,17.8,17.95,17.25,17.3,-,0.6,3000830,52514647.0,-1140000,0,-14538,267000,0,5000,1407000,0,19538
20260717,2421,建準,131.0,133.5,127.0,127.0,-,8.0,2469056,318169603.0,-1056136,7000,-105965,438000,7000,36362,1494136,0,142327
20260717,3149,正達,81.8,89.8,79.3,79.6,,0.0,15884113,1333236473.0,-1177867,0,12847,3111133,0,112000,4289000,0,99153
20260717,4906,正文,37.1,37.55,35.35,35.65,-,2.1,7509331,271302758.0,-760752,-214000,-205465,2112248,0,40051,2873000,214000,245516
20260717,6672,騰輝電子-KY,255.0,257.0,241.0,241.0,-,26.5,3321978,813158813.0,-1183985,-4000,-51514,612215,0,23923,1796200,4000,75437
20260717,00938,凱基優選30,24.61,24.61,23.81,23.81,-,0.84,2995525,72076168.0,-472000,0,-809527,72000,0,1596000,544000,0,2405527
20260717,2392,正崴,37.0,37.6,35.55,35.55,-,0.95,3824857,138977623.0,-1279000,0,-2895,925000,0,27517,2204000,0,30412
20260717,3706,神達,88.2,88.5,86.0,88.3,-,1.6,14420694,1259621258.0,-2051648,1587000,-850448,2495856,1609000,91921,4547504,22000,942369
20260717,5469,瀚宇博,71.0,71.2,68.0,68.0,-,5.2,4258828,295347486.0,-1302996,0,-20244,1018010,0,77000,2321006,0,97244
20260717,3047,訊舟,15.55,15.55,14.6,14.65,-,0.9,2454528,36614114.0,-1325311,0,876,344000,0,6000,1669311,0,5124
20260717,8422,可寧衛*,26.7,26.75,25.85,25.85,-,1.15,8952661,233562130.0,-1283800,0,-84526,1903200,0,91490,3187000,0,176016
20260717,2401,凌陽,29.2,29.25,27.3,27.4,-,2.6,6993370,196069779.0,-992438,5000,-401175,1908594,5000,82488,2901032,0,483663
20260717,6962,奕力-KY,33.85,33.95,32.35,32.45,-,1.85,3465010,114435718.0,-1361000,1000,-31553,499000,1000,15197,1860000,0,46750
20260717,00941,中信上游半導體,27.2,27.2,26.5,26.62,-,1.11,4104986,109651203.0,-1603019,0,208030,331981,0,1204353,1935000,0,996323
20260717,2349,錸德,11.75,11.75,11.25,11.25,-,0.65,4000082,45701727.0,-1438900,0,2000,384100,0,4000,1823000,0,2000
20260717,2498,宏達電,42.3,42.75,41.0,41.05,-,2.3,6695792,279236074.0,-1028786,1000,-431787,977400,1000,50134,2006186,0,481921
20260717,1313,聯成,12.7,12.7,12.1,12.2,-,0.65,6920671,85032881.0,-1467399,0,-32222,2017601,0,34000,3485000,0,66222
20260717,00692,富邦公司治理,87.85,87.85,85.1,85.1,-,5.4,3016780,260790341.0,12087,0,-1531952,202087,0,856000,190000,0,2387952
20260717,2353,宏碁,30.5,30.55,29.5,29.6,-,1.15,37559214,1122817292.0,1720836,-4196865,953648,13737190,82135,1630000,12016354,4279000,676352
20260717,2352,佳世達,30.6,31.25,29.85,30.4,-,0.95,15867366,483599912.0,-4177701,2838000,-192490,4306210,2838000,111173,8483911,0,303663
20260717,3028,增你強,70.1,71.3,67.4,68.0,,0.0,3317724,229195319.0,-1508180,0,-29438,622000,0,34255,2130180,0,63693
20260717,1727,中華化,88.5,89.2,81.9,82.4,-,8.6,4358116,365157829.0,-1541629,0,-10234,570014,0,39020,2111643,0,49254
20260717,3376,新日興,192.0,194.0,186.0,187.0,-,7.5,4050712,766178076.0,-1270929,0,-309607,649071,0,107723,1920000,0,417330
20260717,2457,飛宏,26.4,26.4,24.55,24.55,-,2.2,3977487,99900806.0,-1447980,0,-133826,643020,0,26001,2091000,0,159827
20260717,2405,輔信,16.95,17.1,16.6,16.6,-,0.6,3328203,55720239.0,-1582000,0,0,264000,0,1000,1846000,0,1000
20260717,5521,工信,10.3,10.3,9.99,10.05,-,0.3,6467763,65150727.0,-1641000,0,1124,1266000,0,18000,2907000,0,16876
20260717,3035,智原,195.0,198.0,183.5,184.0,-,19.5,7282714,1376208596.0,-1391555,125000,-402444,1362345,125000,129372,2753900,0,531816
20260717,2340,台亞,33.9,33.9,32.1,32.45,-,2.45,5255804,172322349.0,-1445810,0,-234804,1133100,0,30216,2578910,0,265020
20260717,5608,四維航,14.25,14.25,13.55,13.55,-,0.75,3361883,46481568.0,-1707760,0,3018,520000,0,6000,2227760,0,2982
20260717,8112,至上,84.3,85.5,81.8,81.9,-,3.9,14255947,1186802561.0,-653556,-696000,-398598,5918468,0,314628,6572024,696000,713226
20260717,00952,凱基台灣AI50,17.89,17.9,17.21,17.22,-,1.14,3275750,57320713.0,69300,0,-1820718,363300,0,397940,294000,0,2218658
20260717,1608,華榮,33.0,33.1,32.2,32.25,-,1.0,3338994,108709827.0,-1763370,8774,-17900,413000,8774,23000,2176370,0,40900
20260717,6191,精成科,92.0,92.0,87.8,89.2,-,4.3,6423729,572300645.0,-1537799,0,-247332,978201,0,111440,2516000,0,358772
20260717,2354,鴻準,55.5,56.0,53.8,54.0,-,2.4,7115922,388546591.0,-1494119,13000,-392415,2059201,13000,35000,3553320,0,427415
20260717,2312,金寶,32.65,33.1,31.2,31.3,-,2.3,22526888,718225802.0,-1116007,0,-776100,6832329,0,138000,7948336,0,914100
20260717,2436,偉詮電,60.3,60.3,57.5,57.7,-,3.5,4412186,258007505.0,-1849984,2000,-78139,818000,2000,33493,2667984,0,111632
20260717,2393,億光,68.8,69.1,66.5,66.5,-,3.0,3865261,261076694.0,-2368000,89000,274304,503000,307000,377000,2871000,218000,102696
20260717,2897,王道銀行,10.45,10.55,10.4,10.4,-,0.15,6677357,69883464.0,-2012000,0,0,1906000,0,51000,3918000,0,51000
20260717,3006,晶豪科,209.0,211.0,198.0,198.0,-,22.0,11459777,2314502600.0,-1755894,-116000,-159287,2577912,15000,353843,4333806,131000,513130
20260717,00913,兆豐台灣晶圓製造,49.73,49.73,47.81,47.81,-,4.54,3619780,175877140.0,-270000,0,-1792471,341000,0,543000,611000,0,2335471
20260717,00947,台新臺灣IC設計,33.53,33.6,32.32,32.32,-,2.9,11257354,370988494.0,-51250,0,-2022527,1103750,0,2387979,1155000,0,4410506
20260717,6269,台郡,59.5,59.8,56.0,56.2,-,4.9,6524741,374406808.0,-1935121,0,-255488,998000,0,66717,2933121,0,322205
20260717,6153,嘉聯益,17.8,17.8,16.85,16.95,-,1.25,6011354,103216604.0,-2191914,0,-24255,1303086,0,38000,3495000,0,62255
20260717,3019,亞光,138.0,139.0,130.0,131.0,-,10.5,5479792,734894334.0,-1737598,0,-503546,971092,0,55000,2708690,0,558546
20260717,00934,中信成長高股息,26.92,26.92,26.03,26.07,-,1.24,5383970,142663192.0,117050,0,-2388065,1028050,0,1031144,911000,0,3419209
20260717,3380,明泰,31.8,31.8,29.7,29.8,-,2.4,3844346,117031154.0,-2218427,0,-90111,327574,0,10000,2546001,0,100111
20260717,1304,台聚,14.25,14.4,13.3,13.35,-,0.65,9606097,131171285.0,-2248000,0,-146099,2522000,0,101000,4770000,0,247099
20260717,2388,威盛,71.0,71.0,65.8,65.9,-,6.7,8071677,550098912.0,-1812236,-260000,-341400,1939884,7000,115166,3752120,267000,456566
20260717,00954,中信日本半導體,19.7,19.7,18.55,18.78,-,2.1,5877005,112504819.0,-1559600,0,-855258,251400,0,1343000,1811000,0,2198258
20260717,00951,台新日本半導體,18.27,18.38,17.39,17.6,-,1.94,7903913,141664122.0,-2511251,0,65441,467749,0,1837000,2979000,0,1771559
20260717,00892,富邦台灣半導體,38.92,38.97,37.58,37.58,-,2.84,7708162,294973382.0,2495,0,-2526334,1012995,0,1953491,1010500,0,4479825
20260717,2329,華泰,47.0,47.75,44.8,45.15,-,3.8,7799389,358091959.0,-2586198,316000,-355609,1277802,316000,154000,3864000,0,509609
20260717,00905,FT臺灣Smart,25.48,25.49,24.62,24.62,-,1.74,5765277,144195764.0,16850,0,-2668405,303850,0,1255196,287000,0,3923601
20260717,2359,所羅門,139.0,145.0,138.5,141.0,-,6.0,9184934,1294602288.0,-2632669,0,-40087,1951626,0,87674,4584295,0,127761
20260717,2317,鴻海,238.0,241.5,233.0,234.0,-,8.5,69006897,16280738874.0,-4268235,-695769,2133647,38170240,1339231,3390603,42438475,2035000,1256956
20260717,4763,材料*-KY,46.8,47.75,45.1,45.35,-,2.1,9555433,441613776.0,-3086073,480791,-229476,1507553,480791,30704,4593626,0,260180
20260717,6282,康舒,50.6,51.1,48.6,48.8,-,4.2,23945206,1186588838.0,-1887070,0,-971136,6415045,0,1163692,8302115,0,2134828
20260717,6176,瑞儀,87.8,87.9,84.5,84.5,-,4.1,6280539,538100958.0,-2708964,-96000,-111766,1627117,134000,62000,4336081,230000,173766
20260717,6120,達運,13.5,13.55,13.2,13.2,-,1.0,6051906,80663664.0,-3108808,0,116383,1012192,0,142107,4121000,0,25724
20260717,1326,台化,67.5,70.5,65.4,66.1,-,2.8,81696148,5527380970.0,-2838383,6000,-392909,28386443,6000,839706,31224826,0,1232615
20260717,1710,東聯,17.2,17.55,16.05,16.4,-,1.1,20656606,342806509.0,-3167011,0,-121369,7902200,0,21257,11069211,0,142626
20260717,4958,臻鼎-KY,525.0,542.0,521.0,521.0,-,57.0,21751343,11452719387.0,-3437430,495175,-359715,4937521,556175,614710,8374951,61000,974425
20260717,2338,光罩,46.15,46.5,43.2,43.2,-,4.8,5492437,242319087.0,-3291854,0,-51749,433211,0,41500,3725065,0,93249
20260717,00662,富邦NASDAQ,119.9,119.9,118.7,118.85,-,3.4,6420018,766195583.0,50727,135000,-3559875,62007,135000,506000,11280,0,4065875
20260717,1504,東元,68.5,69.5,66.7,66.8,-,3.1,13757675,931426477.0,-4142321,1136342,-415433,2817833,1141000,357000,6960154,4658,772433
20260717,2441,超豐,135.0,136.0,125.5,126.5,-,12.5,9771318,1263901644.0,-3884329,846000,-475422,1892100,846000,151000,5776429,0,626422
20260717,00923,群益台ESG低碳50,40.22,40.5,39.07,39.07,-,2.74,6985402,277593816.0,-933405,0,-2653959,743595,0,1283148,1677000,0,3937107
20260717,8131,福懋科,74.2,75.5,69.0,69.0,-,7.6,9985222,711951230.0,-3467769,-138000,-7284,2160666,0,215438,5628435,138000,222722
20260717,2486,一詮,250.0,251.5,235.5,235.5,-,26.0,9630353,2314042181.0,-3642561,0,-123437,1371000,0,153001,5013561,0,276438
20260717,6257,矽格,230.5,230.5,214.5,214.5,-,23.5,7864448,1717477588.0,-3759112,-176463,-142097,1092420,60537,108000,4851532,237000,250097
20260717,3037,欣興,809.0,842.0,794.0,794.0,-,88.0,30076422,24294663987.0,-4628465,670489,-392033,8437602,676489,1567838,13066067,6000,1959871
20260717,2406,國碩,33.1,33.1,30.6,30.75,-,3.2,13351419,419705701.0,-4738011,152000,-6008,2348000,152000,5000,7086011,0,11008
20260717,00896,中信綠能及電動車,26.8,26.8,25.76,25.78,-,1.63,7301335,190728636.0,-2334465,0,-2287731,939535,0,626466,3274000,0,2914197
20260717,6239,力成,320.5,325.0,286.5,288.0,-,28.5,43365963,13107441543.0,-3741911,-957185,-25082,13757916,420815,995204,17499827,1378000,1020286
20260717,1303,南亞,205.0,211.0,199.0,199.0,-,22.0,118646763,23851955158.0,-50130158,48781656,-3419882,20543802,48781656,2591128,70673960,0,6011010
20260717,2308,台達電,1820.0,1825.0,1735.0,1740.0,-,165.0,14248513,25316884160.0,-5361502,234962,170946,5000139,385962,696466,10361641,151000,525520
20260717,3231,緯創,144.0,144.5,139.0,139.0,-,7.5,38762694,5468764556.0,-279312,-5244705,388474,18370398,241295,1804650,18649710,5486000,1416176
20260717,1711,永光,42.0,42.5,39.55,39.55,-,4.35,13069074,525014544.0,-5249184,0,-110575,1280100,0,16299,6529284,0,126874
20260717,6005,群益證,34.0,34.1,33.0,33.0,-,1.65,14506061,484509232.0,-456843,-4911535,0,4145157,639000,0,4602000,5550535,0
20260717,00961,FT臺灣永續高息,12.44,12.5,12.32,12.34,-,0.18,16204053,201042197.0,34324,0,-5613397,798324,0,1182000,764000,0,6795397
20260717,2327,國巨*,710.0,724.0,699.0,699.0,-,77.0,47311948,33261065568.0,-2415654,-2588521,-726846,22817591,293479,504772,25233245,2882000,1231618
20260717,2515,中工,12.9,12.9,12.2,12.25,-,0.75,17678419,220249634.0,-5124602,-795000,-238383,2526000,0,45000,7650602,795000,283383
20260717,1312,國喬,13.4,13.45,12.8,12.85,-,0.6,17938166,233528287.0,-6105000,0,-462057,3369000,0,221000,9474000,0,683057
20260717,2363,矽統,60.0,60.4,56.7,56.7,-,6.3,13570328,779776271.0,-6494104,0,-281478,1313400,0,105000,7807504,0,386478
20260717,2371,大同,26.9,26.9,26.05,26.05,-,1.05,16581015,436408189.0,-5637245,-1066000,-157126,1995220,0,77000,7632465,1066000,234126
20260717,2369,菱生,38.0,38.2,35.9,35.9,-,3.95,14815237,541252117.0,-6904772,0,-321420,2032360,0,86000,8937132,0,407420
20260717,2323,中環,10.7,10.75,10.2,10.25,-,0.7,12749640,132474010.0,-7071396,0,-662326,2316181,0,18000,9387577,0,680326
20260717,1434,福懋,19.5,20.2,19.0,19.2,-,0.25,25296096,495735306.0,-7736453,0,-17884,4041547,0,33000,11778000,0,50884
20260717,1717,長興,68.6,69.3,64.1,64.5,-,6.3,18722852,1238106804.0,-7469575,3476,-680540,3048748,3476,430052,10518323,0,1110592
20260717,1605,華新,33.8,34.05,32.5,32.6,-,2.15,28250357,933798405.0,-7517251,12951,-685445,5715149,12951,751957,13232400,0,1437402
20260717,1802,台玻,59.5,59.5,56.6,56.6,-,5.1,34186803,1981840216.0,-6822203,1000,-1728427,5115450,1000,538571,11937653,0,2266998
20260717,2408,南亞科,400.5,413.5,395.5,395.5,-,43.5,82626113,33153398478.0,-8661280,249528,-251997,15395028,2034528,2111179,24056308,1785000,2363176
20260717,2885,元大金,66.4,66.5,64.0,65.0,-,1.7,53549728,3488748922.0,-14862144,1165361,4779496,22655341,5384999,5123023,37517485,4219638,343527
20260717,1301,台塑,65.0,65.9,62.0,62.8,-,2.8,73534184,4673484404.0,-7855654,5000,-1744529,21090622,5000,692416,28946276,0,2436945
20260717,00830,國泰費城半導體,85.0,85.25,83.1,83.1,-,5.95,19720490,1661304982.0,-4559815,0,-5706246,1825845,0,467000,6385660,0,6173246
20260717,3033,威健,51.7,52.6,48.8,48.8,-,5.4,27583986,1380014897.0,-9622828,138000,-817798,4370172,138000,81073,13993000,0,898871
20260717,2301,光寶科,209.0,210.0,196.5,196.5,-,21.5,28679929,5811093226.0,-8395661,-2412733,478994,7978419,234267,1690484,16374080,2647000,1211490
20260717,00881,國泰台灣科技龍頭,51.15,51.35,49.51,49.53,-,3.52,21726884,1094210495.0,-2089352,0,-9983446,1583698,0,1108000,3673050,0,11091446
20260717,3711,日月光投控,625.0,635.0,614.0,614.0,-,68.0,27892135,17319327044.0,-11742575,-60887,-578757,5795384,945113,1473714,17537959,1006000,2052471
20260717,8150,南茂,116.0,119.0,110.5,110.5,-,12.0,76481631,8740408598.0,-11245973,0,-1568154,20838440,0,441732,32084413,0,2009886
20260717,1314,中石化,9.03,9.08,8.58,8.64,-,0.42,61550218,537878413.0,-13228374,0,-401266,12556626,0,297000,25785000,0,698266
20260717,2409,友達,26.5,26.75,25.55,25.8,-,1.85,210939319,5497167013.0,-15636466,3696350,-2024823,51105963,3696350,1144349,66742429,0,3169172
20260717,00927,群益半導體收益,37.09,37.2,35.68,35.68,-,3.02,64181210,2337113381.0,-4730947,0,-11023570,12197053,0,5964697,16928000,0,16988267
20260717,2313,華通,219.5,222.0,212.0,212.0,-,23.5,34563669,7373745381.0,-15161048,80000,-1548858,3115502,80000,190399,18276550,0,1739257
20260717,00935,野村臺灣新科技50,55.2,55.4,53.4,53.4,-,4.55,32386625,1763260413.0,-5699636,0,-11952962,4008434,0,3962000,9708070,0,15914962
20260717,00922,國泰台灣領袖50,39.04,39.11,37.91,37.91,-,2.49,30685086,1181278782.0,-6616197,0,-11407278,1651803,0,6771000,8268000,0,18178278
20260717,2449,京元電子,306.0,306.0,286.5,286.5,-,31.5,38187576,11063421477.0,-16942912,-3505416,-2078843,6517589,257584,804363,23460501,3763000,2883206
20260717,00891,中信關鍵半導體,34.78,34.78,33.33,33.35,-,2.66,39845506,1353729925.0,-8359105,0,-16956151,3679670,0,925000,12038775,0,17881151
20260717,2344,華邦電,159.5,162.5,155.0,155.0,-,17.0,110525648,17318240534.0,-28376118,-1438402,-2671034,17211637,2736598,2845381,45587755,4175000,5516415
20260717,00878,國泰永續高股息,32.16,32.39,31.78,31.81,-,1.14,77583327,2489737673.0,-27840119,0,-9043278,5640381,0,8383000,33480500,0,17426278
20260717,2330,台積電,2375.0,2395.0,2290.0,2290.0,-,180.0,97362670,229051751965.0,-44183964,1488520,2759348,17479318,2004037,10930917,61663282,515517,8171569
20260717,0052,富邦科技,59.75,60.15,57.9,57.9,-,4.3,66848132,3949787792.0,-7286003,0,-35550428,2498997,0,5423000,9785000,0,40973428
20260717,2303,聯電,145.5,148.0,144.0,144.0,-,16.0,252067369,36420104789.0,-45935242,5846495,-16252076,28921044,14191495,3073818,74856286,8345000,19325894
20260717,00919,群益台灣精選高息,29.17,29.35,28.9,28.93,-,0.62,143917491,4187669303.0,-29798141,0,-27189826,7963272,0,11719200,37761413,0,38909026
20260717,00929,復華台灣科技優息,29.51,29.51,28.5,28.52,-,1.38,103183073,2987960716.0,-6649112,0,-64420689,10373888,0,2047999,17023000,0,66468688
20260717,6770,力積電,72.4,73.4,68.9,68.9,-,7.6,273270140,19269894321.0,-115284424,739000,-7154731,44244289,758000,1166921,159528713,19000,8321652
20260717,0056,元大高股息,51.4,51.45,50.4,50.75,-,1.9,186636686,9495032735.0,-11983828,0,-148412664,3884240,0,296994,15868068,0,148709658
20260717,0050,元大台灣50,102.9,103.05,100.0,100.15,-,6.25,520545951,52822527292.0,-222198166,2776000,-197590439,21596568,2776000,23335991,243794734,0,220926430
