tradeDate,stockCode,stockName,openPrice,highPrice,lowPrice,closePrice,changeSign,change,totalShares,totalAmount,foreignNetShares,investmentNetShares,dealerNetShares,foreignBuyShares,investmentBuyShares,dealerBuyShares,foreignSellShares,investmentSellShares,dealerSellShares
20260804,2301,光寶科,233.5,252.0,233.0,252.0,+,22.5,67014546,16539004190.0,28743314,1727,12284,37461593,3059,996570,8718279,1332,984286
20260804,2408,南亞科,400.0,436.0,400.0,436.0,+,39.5,119676759,50637992661.0,24800057,1648000,-87556,50330351,1648000,1994915,25530294,0,2082471
20260804,3231,緯創,186.5,198.0,183.0,195.0,+,9.0,153901367,29533146551.0,18453095,5570000,-47220,66659042,5924000,2974810,48205947,354000,3022030
20260804,0056,元大高股息,49.85,51.0,49.63,50.6,+,0.78,37286568,1880552388.0,10936465,-200000,7344718,17656421,0,8920432,6719956,200000,1575714
20260804,1216,統一,72.5,73.9,72.4,73.9,+,0.9,25972113,1901212972.0,17235518,-1643000,-225950,22879029,3000,482366,5643511,1646000,708316
20260804,2324,仁寶,36.0,37.35,35.85,37.0,+,0.65,43359006,1598725018.0,13719705,417000,73452,26620805,528000,721412,12901100,111000,647960
20260804,6770,力積電,55.0,60.1,54.4,60.1,+,5.4,186379339,10831833800.0,10945252,0,1827262,48666630,0,3838671,37721378,0,2011409
20260804,2332,友訊,22.1,24.4,22.0,23.85,+,1.65,69942109,1660083361.0,11921179,0,632601,25625019,0,961696,13703840,0,329095
20260804,2409,友達,23.9,24.85,23.7,24.45,+,0.55,130656613,3170953591.0,10987913,733000,-744572,48493913,823000,1399788,37506000,90000,2144360
20260804,2885,元大金,68.5,70.8,68.2,69.0,+,1.0,36549901,2543838531.0,5258761,5350341,-592055,24132443,6647341,174508,18873682,1297000,766563
20260804,2356,英業達,63.5,66.8,62.9,66.0,+,2.1,34604438,2266558204.0,8852315,707000,273337,20187557,800000,804367,11335242,93000,531030
20260804,00940,元大台灣價值高息,12.08,12.28,12.04,12.23,+,0.11,14347266,175140045.0,3343239,0,6090035,3861239,0,8856727,518000,0,2766692
20260804,2891,中信金,65.0,65.5,64.3,64.8,,0.0,43740149,2835865823.0,9427162,1215235,-1287957,30286188,4512235,313223,20859026,3297000,1601180
20260804,8112,至上,81.1,85.7,80.8,85.2,+,3.8,17224178,1454348952.0,9262742,0,81085,11358898,0,682791,2096156,0,601706
20260804,2887,台新新光金,34.75,35.9,34.75,35.55,+,0.25,46044713,1636649307.0,13478964,-2052000,-2345308,39726129,29000,246999,26247165,2081000,2592307
20260804,2890,永豐金,39.3,40.6,39.3,39.6,-,0.45,31750523,1266028306.0,10937166,-973000,-1377474,27222226,4000,25922,16285060,977000,1403396
20260804,2618,長榮航,42.85,44.15,42.0,43.8,+,0.1,49619542,2156480373.0,11232843,-1941000,-798353,29524374,116000,936330,18291531,2057000,1734683
20260804,2377,微星,141.5,151.0,139.5,149.5,+,6.5,19543217,2879638879.0,7199717,-304000,740214,12390448,2000,999596,5190731,306000,259382
20260804,2883,凱基金,29.85,30.65,29.85,30.55,+,0.15,37259812,1133188246.0,12142012,-2115000,-2752002,29416629,5000,430800,17274617,2120000,3182802
20260804,3706,神達,88.8,91.9,88.7,91.3,+,1.8,14277936,1299917322.0,7228450,-21000,58202,9731350,0,284111,2502900,21000,225909
20260804,3006,晶豪科,207.5,217.5,207.5,217.5,+,19.5,16630560,3572347424.0,6182459,0,151673,10289071,0,425616,4106612,0,273943
20260804,00918,大華優利高填息30,32.9,33.46,32.68,33.25,+,0.28,24432034,809993088.0,7152860,0,-1023243,9004060,0,6251627,1851200,0,7274870
20260804,1605,華新,32.35,34.3,32.35,33.75,+,0.95,22515258,755211313.0,5956128,0,-46690,11592412,0,781259,5636284,0,827949
20260804,2344,華邦電,145.0,157.0,144.0,157.0,+,14.0,121631665,18502608259.0,4638042,1308000,-292167,40795154,1653000,1426649,36157112,345000,1718816
20260804,4938,和碩,85.2,89.4,85.2,88.4,+,1.8,15092982,1334619812.0,5585066,61000,-46881,12472903,102000,263244,6887837,41000,310125
20260804,2610,華航,22.2,22.6,21.9,22.45,,0.0,35115668,784705551.0,5860037,403000,-706444,23178836,842000,413695,17318799,439000,1120139
20260804,2376,技嘉,323.5,338.0,320.0,332.0,+,7.5,10157491,3375410854.0,5591552,-97000,-1112662,7939924,1000,207537,2348372,98000,1320199
20260804,00900,富邦特選高股息30,18.2,18.5,18.12,18.38,+,0.13,5502783,101123974.0,3059000,0,1168382,3270000,0,1818745,211000,0,650363
20260804,00965,元大航太防衛科技,25.5,26.03,25.5,26.01,+,0.81,6354672,164176621.0,2636000,0,1408465,2783000,0,3231681,147000,0,1823216
20260804,1802,台玻,47.1,52.3,47.1,52.3,+,4.75,40657799,2070050372.0,3793481,0,73599,13874042,0,1211035,10080561,0,1137436
20260804,2388,威盛,75.0,80.7,74.4,80.3,+,4.4,8797535,688191483.0,3021303,0,632824,4335362,0,709437,1314059,0,76613
20260804,1402,遠東新,26.7,27.15,26.7,27.15,+,0.25,13974311,376838753.0,5881559,-1890000,-439636,11762559,21000,24000,5881000,1911000,463636
20260804,3037,欣興,878.0,948.0,873.0,924.0,+,59.0,54032638,49201314756.0,-2383236,5933000,-167583,19713484,6020000,1062864,22096720,87000,1230447
20260804,00919,群益台灣精選高息,29.43,29.67,29.26,29.51,+,0.06,43726869,1290552498.0,13986841,0,-10963330,19797379,0,2980239,5810538,0,13943569
20260804,6282,康舒,44.2,48.0,44.2,47.9,+,3.25,14828817,693321113.0,2632368,184000,-52118,6233368,184000,597886,3601000,0,650004
20260804,2393,億光,54.4,57.9,54.2,57.5,,0.0,11557392,650144391.0,4273829,-23769,-1614156,6311829,0,636010,2038000,23769,2250166
20260804,9105,泰金寶-DR,8.27,8.4,8.0,8.3,+,0.03,13894823,115096070.0,2303600,0,9200,4378000,0,9325,2074400,0,125
20260804,2006,東和鋼鐵,78.8,82.9,78.4,82.5,+,2.1,5570117,455999921.0,2440866,-225000,-83394,4394530,9000,85234,1953664,234000,168628
20260804,2609,陽明,50.3,51.0,50.3,51.0,+,0.2,10095490,511790773.0,2398997,1000,-270781,6979149,10000,4030,4580152,9000,274811
20260804,2881,富邦金,127.0,131.0,127.0,128.5,-,1.0,29296209,3772804932.0,-1301130,4902285,-1620589,14527496,6904285,188383,15828626,2002000,1808972
20260804,3714,富采,49.9,53.7,49.65,53.7,+,3.3,6292873,329892784.0,1970744,0,-31003,3306194,0,26800,1335450,0,57803
20260804,2308,台達電,1530.0,1680.0,1520.0,1620.0,+,40.0,20958807,33572208185.0,3588651,-1555022,-163160,12897234,36475,376112,9308583,1591497,539272
20260804,2323,中環,10.0,10.4,9.97,10.3,+,0.15,5080849,52003485.0,1898807,0,-37136,3579135,0,25864,1680328,0,63000
20260804,6116,彩晶,12.35,13.0,12.2,12.95,+,0.45,20300482,259036347.0,1850604,0,-12837,7933773,0,319518,6083169,0,332355
20260804,2312,金寶,31.1,32.65,31.05,32.3,+,0.55,13600114,434419437.0,1745221,0,51090,5091011,0,396353,3345790,0,345263
20260804,2882,國泰金,98.6,102.0,98.6,99.2,-,1.3,25339993,2526940539.0,-1200409,4519000,-1617279,11930375,4842000,257399,13130784,323000,1874678
20260804,2486,一詮,221.0,227.0,214.5,221.0,+,14.5,8720374,1935443831.0,1310695,650000,-272047,4163337,650000,151106,2852642,0,423153
20260804,8131,福懋科,59.1,66.0,59.0,66.0,+,6.0,8432843,538150470.0,1553261,0,104394,3504261,0,152173,1951000,0,47779
20260804,8271,宇瞻,219.5,226.0,213.0,224.0,+,4.5,7506374,1665161243.0,1468507,88602,44863,3027530,88602,134091,1559023,0,89228
20260804,2313,華通,185.5,202.0,185.5,198.5,+,13.0,47270045,9245815653.0,-5327541,7088000,-161599,16627351,7098000,1219758,21954892,10000,1381357
20260804,3034,聯詠,515.0,532.0,514.0,524.0,+,5.0,4340914,2275716564.0,1870255,-285000,-454,3527150,28000,132896,1656895,313000,133350
20260804,1909,榮成,9.95,10.2,9.91,10.1,+,0.05,3688496,37199432.0,1660000,0,-105000,3014000,0,10000,1354000,0,115000
20260804,2484,希華,63.2,69.9,63.2,69.9,+,6.3,30167206,2071498099.0,1501364,0,22788,7297886,0,111536,5796522,0,88748
20260804,2880,華南金,42.0,44.1,42.0,43.25,+,0.2,25543219,1110466779.0,-5928181,7874085,-501209,11187662,8209085,884571,17115843,335000,1385780
20260804,4958,臻鼎-KY,418.0,452.0,417.5,444.0,+,22.5,35726879,15618174894.0,1194716,27000,185361,12757368,438000,773360,11562652,411000,587999
20260804,1717,長興,61.0,63.8,60.9,63.6,+,1.9,7146949,448432251.0,1328493,200000,-128995,3234246,200000,95468,1905753,0,224463
20260804,6285,啟碁,239.5,253.5,239.0,252.5,+,13.5,7880235,1958589173.0,1275240,87000,30071,4004200,101000,173129,2728960,14000,143058
20260804,2464,盟立,147.0,162.0,147.0,162.0,+,14.5,14109475,2214886072.0,781474,344000,241743,4449251,344000,378459,3667777,0,136716
20260804,00946,群益科技高息成長,14.43,14.72,14.3,14.68,,0.0,2031278,29556988.0,966000,0,401057,1059000,0,720584,93000,0,319527
20260804,6213,聯茂,290.0,313.0,289.0,310.0,+,21.0,21166434,6463212911.0,1075660,108000,121631,9693617,109000,559002,8617957,1000,437371
20260804,1504,東元,64.1,65.7,64.1,65.4,+,0.1,5515776,358785595.0,1528100,0,-282691,3310100,0,42030,1782000,0,324721
20260804,2912,統一超,218.0,222.0,218.0,221.5,+,1.0,3765893,829488071.0,1684329,-393000,-59162,2982083,1000,8643,1297754,394000,67805
20260804,3042,晶技,157.0,169.5,156.0,169.5,+,15.0,18717263,3149853172.0,1315194,130000,-219813,4308000,130000,263722,2992806,0,483535
20260804,1513,中興電,154.0,160.0,154.0,159.0,+,3.5,2773779,437771584.0,1303176,-77000,-6386,1934025,0,62781,630849,77000,69167
20260804,00916,國泰全球品牌50,26.94,27.24,26.94,27.2,+,0.33,1546731,42040485.0,813945,0,344744,860000,0,550744,46055,0,206000
20260804,2371,大同,25.0,25.45,24.85,25.25,,0.0,6337976,159900588.0,1882512,-532000,-227108,4455512,0,18453,2573000,532000,245561
20260804,3033,威健,46.15,48.45,46.0,48.2,+,1.5,5701765,272282527.0,921585,197000,2134,2459585,206000,254401,1538000,9000,252267
20260804,2305,全友,31.65,33.2,31.45,32.6,+,0.65,7906891,255769962.0,1108062,2000,-4329,2807062,2000,1000,1699000,0,5329
20260804,4927,泰鼎-KY,30.0,30.5,29.25,30.45,+,0.2,3429164,103267889.0,1095000,0,-15700,1893000,0,1000,798000,0,16700
20260804,6120,達運,12.7,13.45,12.6,13.4,+,0.6,2708272,35807984.0,1113027,0,-35898,1788127,0,102,675100,0,36000
20260804,2357,華碩,781.0,816.0,781.0,806.0,+,7.0,4052111,3262144603.0,936812,277000,-141281,2187853,511000,132739,1251041,234000,274020
20260804,2352,佳世達,28.0,29.0,28.0,28.9,+,0.45,3723497,106983667.0,1133641,0,-76015,2397641,0,35630,1264000,0,111645
20260804,00752,中信中國50,24.5,24.69,24.23,24.23,-,0.13,2550326,62293574.0,236000,-500000,1321265,327000,0,1556025,91000,500000,234760
20260804,3702,大聯大,113.5,120.5,113.5,117.5,+,1.5,8678579,1018289884.0,1674666,-562000,-72076,5688811,66000,136242,4014145,628000,208318
20260804,2451,創見,276.0,288.5,271.0,284.5,+,3.5,9541079,2689157000.0,1171638,-138276,2260,3711890,5724,100420,2540252,144000,98160
20260804,3149,正達,65.3,67.8,65.3,65.8,-,0.4,7267464,483103669.0,1040020,0,-7449,2384020,0,20000,1344000,0,27449
20260804,2401,凌陽,25.55,27.3,25.35,27.15,+,1.3,3623619,96544671.0,964822,0,46256,2093020,0,107302,1128198,0,61046
20260804,6176,瑞儀,85.0,87.4,85.0,87.1,+,0.9,4458193,386239792.0,1183879,-216000,29430,2625442,0,92879,1441563,216000,63449
20260804,3017,奇鋐,2595.0,2675.0,2560.0,2600.0,+,50.0,5548736,14509938570.0,506495,527110,-84624,2858142,542110,335079,2351647,15000,419703
20260804,2615,萬海,85.1,86.8,85.1,86.1,,0.0,5374847,462246081.0,1149657,-15000,-192988,3198009,0,87281,2048352,15000,280269
20260804,00885,富邦越南,18.34,18.43,18.27,18.38,+,0.11,2596568,47691344.0,147000,0,741110,991000,0,1095358,844000,0,354248
20260804,2340,台亞,29.6,31.8,29.05,31.7,+,2.3,4176639,129304027.0,815689,0,70627,1981381,0,127245,1165692,0,56618
20260804,5876,上海商銀,43.85,45.0,43.85,44.15,-,0.5,8402224,372291283.0,2551648,-1323000,-360620,7016810,53000,166117,4465162,1376000,526737
20260804,5388,中磊,86.4,89.6,86.3,89.2,+,1.8,2752969,244251539.0,742175,0,118456,1344561,0,161202,602386,0,42746
20260804,2867,三商壽,9.73,9.88,9.7,9.76,-,0.06,13481475,131809710.0,1487433,0,-635000,7217000,0,1511000,5729567,0,2146000
20260804,00947,台新臺灣IC設計,32.99,33.7,32.47,33.35,+,0.7,20151400,668889851.0,4661100,-11650000,7831954,7119500,150000,8861463,2458400,11800000,1029509
20260804,00927,群益半導體收益,34.7,35.29,34.3,35.02,+,0.22,11348745,395548398.0,888015,0,-65450,3785015,0,2753360,2897000,0,2818810
20260804,6206,飛捷,132.0,141.5,132.0,140.0,+,6.5,5730423,791028745.0,774536,-1000,43403,2087536,0,122716,1313000,1000,79313
20260804,3665,貿聯-KY,2105.0,2300.0,2105.0,2300.0,+,205.0,3964720,8854887565.0,386159,404200,18129,1684002,410200,165863,1297843,6000,147734
20260804,00717,富邦美國特別股,15.0,15.01,14.97,15.01,+,0.18,777951,11665657.0,696000,0,74505,696000,0,74505,0,0,0
20260804,00936,台新永續高息中小,20.49,21.05,20.49,20.94,+,0.35,1192337,24841628.0,667000,0,77129,668000,0,487739,1000,0,410610
20260804,2345,智邦,2355.0,2360.0,2280.0,2320.0,-,15.0,4443582,10304733550.0,672685,36000,24050,3039870,125000,142346,2367185,89000,118296
20260804,1907,永豐餘,28.85,29.7,28.65,29.5,+,0.35,2012411,58999842.0,684497,224000,-191000,1387054,224000,0,702557,0,191000
20260804,00939,統一台灣高息動能,22.07,22.26,21.91,22.1,+,0.03,3547217,78429342.0,1258000,0,-551342,1483000,0,1496295,225000,0,2047637
20260804,00952,凱基台灣AI50,17.36,17.8,17.29,17.69,+,0.33,2152183,37803243.0,167000,0,533435,238000,0,1391243,71000,0,857808
20260804,2405,輔信,16.1,16.3,15.9,16.2,+,0.4,1586600,25645201.0,727000,0,-27000,1074000,0,0,347000,0,27000
20260804,2354,鴻準,56.3,56.9,55.6,56.0,-,0.4,3075309,172763125.0,799682,-15000,-102892,1627682,0,59623,828000,15000,162515
20260804,3413,京鼎,313.0,325.5,308.5,321.5,+,6.0,1465059,469102712.0,685832,0,-8541,1009264,0,31758,323432,0,40299
20260804,2637,慧洋-KY,81.6,84.5,81.2,83.9,+,0.9,3633470,303143932.0,889406,-237000,6772,2366209,508000,61883,1476803,745000,55111
20260804,3035,智原,160.0,171.0,157.0,166.0,+,6.0,6345057,1043750710.0,680944,0,-31131,2585834,0,146903,1904890,0,178034
20260804,4906,正文,32.95,34.25,32.5,34.25,+,1.3,3351215,112819605.0,588389,0,51810,1557824,0,78793,969435,0,26983
20260804,3653,健策,3710.0,4145.0,3710.0,4145.0,+,375.0,2786267,11277873830.0,-111979,694601,47502,763478,701601,241066,875457,7000,193564
20260804,00643,群益深証中小,18.08,18.4,18.05,18.4,+,0.29,3034629,55541709.0,53000,0,564246,60000,0,2847514,7000,0,2283268
20260804,2455,全新,349.0,353.0,347.5,353.0,+,32.0,5155026,1816257678.0,521911,4000,86635,1112000,11000,173055,590089,7000,86420
20260804,6165,浪凡,47.8,51.4,47.65,50.4,+,2.7,1120304,56120825.0,614765,0,-10000,734765,0,0,120000,0,10000
20260804,00924,復華S&P500成長,33.3,33.52,33.29,33.5,+,0.6,2105085,70411029.0,165112,0,428218,165149,0,1485800,37,0,1057582
20260804,2363,矽統,49.25,51.4,49.05,51.4,+,1.55,4845138,245170044.0,548970,0,28459,2324399,0,70563,1775429,0,42104
20260804,6239,力成,239.0,259.0,235.5,256.5,+,18.0,23856677,5968044527.0,197354,471000,-93362,7962852,1564000,691321,7765498,1093000,784683
20260804,3673,TPK-KY,57.1,59.9,56.3,59.9,+,2.2,5120119,300457839.0,600482,0,-27433,2028677,0,92573,1428195,0,120006
20260804,2375,凱美,121.0,124.5,117.5,122.0,+,1.0,4443359,538647540.0,508367,80000,-15453,1695368,80000,34227,1187001,0,49680
20260804,00951,台新日本半導體,17.51,17.75,17.34,17.65,+,0.07,2554456,44810775.0,109000,0,457724,529000,0,1552912,420000,0,1095188
20260804,2454,聯發科,4095.0,4095.0,3800.0,3865.0,-,45.0,17318591,67643468265.0,-601091,1293567,-134635,8971536,1324836,437045,9572627,31269,571680
20260804,1711,永光,32.0,34.25,31.85,34.25,+,1.7,2774936,92600044.0,498795,0,10405,1395795,0,30513,897000,0,20108
20260804,3026,禾伸堂,479.5,505.0,479.5,498.0,+,38.5,3768241,1884270105.0,702098,-386350,192272,980098,4650,348812,278000,391000,156540
20260804,2317,鴻海,249.0,254.5,246.0,250.0,-,3.0,41095656,10291326035.0,2130602,-520491,-1104101,22715202,204995,792055,20584600,725486,1896156
20260804,2353,宏碁,28.6,29.4,28.5,29.05,+,0.25,13523920,391917691.0,1148540,-336000,-311985,6543540,111000,177023,5395000,447000,489008
20260804,4916,事欣科,95.0,103.0,94.1,101.5,+,6.5,4927410,488657383.0,428377,0,64958,1615377,0,80688,1187000,0,15730
20260804,8114,振樺電,215.0,227.0,212.0,224.0,+,9.0,1704079,376204915.0,379809,111000,-3090,898809,111000,6609,519000,0,9699
20260804,4967,十銓,260.0,260.0,248.0,256.5,+,16.5,9548945,2441846851.0,423506,1010,59322,2645170,1010,117788,2221664,0,58466
20260804,00915,凱基優選高股息30,31.37,31.7,31.14,31.54,+,0.17,4951905,155341808.0,1147000,0,-678232,1580000,0,3267458,433000,0,3945690
20260804,2426,鼎元,58.0,60.8,54.7,60.8,+,5.5,12273675,719991446.0,534361,0,-67049,4209000,0,156290,3674639,0,223339
20260804,3504,揚明光,76.3,80.3,73.6,78.2,+,2.9,9149555,708219216.0,395000,0,63823,2405000,0,98584,2010000,0,34761
20260804,2606,裕民,63.0,63.9,62.5,63.4,+,0.4,2932706,185334329.0,1074604,-601000,-17185,1937172,0,89316,862568,601000,106501
20260804,6278,台表科,144.0,153.0,143.5,153.0,+,7.5,2759750,414216688.0,269162,105930,79785,1188462,158930,112223,919300,53000,32438
20260804,00910,第一金太空衛星,57.7,59.0,57.7,59.0,+,3.05,1206613,70634208.0,92121,0,358497,143301,0,372497,51180,0,14000
20260804,2472,立隆電,228.5,239.0,225.0,236.0,+,5.5,3358583,780350162.0,600143,-160540,639,1651555,20460,44464,1051412,181000,43825
20260804,2329,華泰,41.85,43.6,41.7,43.25,+,0.9,2654914,113959364.0,493229,0,-56772,1150729,0,72021,657500,0,128793
20260804,6768,志強-KY,68.5,68.7,64.6,64.9,-,4.1,3701081,242321844.0,549500,-117000,-5136,1070000,0,0,520500,117000,5136
20260804,2855,統一證,43.65,44.95,43.65,44.75,+,0.6,4254783,189403497.0,421000,5000,0,2322000,580000,0,1901000,575000,0
20260804,3028,增你強,63.5,67.7,63.1,67.7,+,3.8,1542985,102419935.0,422952,1040,444,809991,1040,14707,387039,0,14263
20260804,3443,創意,4200.0,4335.0,4085.0,4145.0,-,40.0,3005664,12655876735.0,279239,150000,-8750,1444563,160000,151750,1165324,10000,160500
20260804,00960,野村全球航運龍頭,18.97,19.06,18.97,19.04,+,0.11,477150,9074929.0,-4000,0,420448,1000,0,420448,5000,0,0
20260804,2495,普安,35.0,37.55,35.0,37.5,+,2.2,2476401,91099653.0,380852,0,34415,1080000,0,48495,699148,0,14080
20260804,2542,興富發,43.55,44.15,43.45,44.15,+,0.3,7108178,311522166.0,-1330164,62000,1682698,3405836,83000,1894059,4736000,21000,211361
20260804,2049,上銀,333.0,350.0,327.5,332.0,,0.0,5562635,1881555623.0,-406291,782000,33705,2195078,850000,196027,2601369,68000,162322
20260804,3015,全漢,54.0,56.7,53.5,56.3,+,2.2,941508,52414238.0,415183,3000,-11608,582000,3000,1392,166817,0,13000
20260804,2009,第一銅,37.15,37.7,36.7,37.55,+,1.0,1571023,58546666.0,403343,0,-6020,697343,0,26980,294000,0,33000
20260804,2634,漢翔,60.0,62.1,59.9,60.5,-,0.2,21596625,1315184130.0,745981,-324000,-31548,6872634,13000,371361,6126653,337000,402909
20260804,6415,矽力*-KY,416.0,435.0,406.0,424.0,-,0.5,5973218,2508291004.0,729044,-314000,-25576,3864217,20000,38454,3135173,334000,64030
20260804,2379,瑞昱,691.0,725.0,674.0,723.0,+,19.0,4183410,2957900628.0,356488,100864,-93122,2256899,273000,73411,1900411,172136,166533
20260804,2457,飛宏,21.9,23.15,21.8,23.0,+,0.7,1179940,26870081.0,381578,0,-24048,701578,0,16428,320000,0,40476
20260804,6269,台郡,53.5,56.3,53.4,56.1,+,2.0,4478451,245939610.0,337210,0,19511,2058360,0,77842,1721150,0,58331
20260804,2367,燿華,38.0,40.45,38.0,40.45,+,2.45,7636672,302978639.0,402486,0,-49300,2795232,0,176339,2392746,0,225639
20260804,00934,中信成長高股息,27.51,27.99,27.28,27.78,+,0.39,4285540,118875037.0,3053000,0,-2700798,3144000,0,343848,91000,0,3044646
20260804,1434,福懋,16.9,17.4,16.9,17.35,+,0.25,2613696,44915538.0,480199,0,-131910,1574199,0,0,1094000,0,131910
20260804,3189,景碩,755.0,767.0,754.0,767.0,+,69.0,6043831,4620580377.0,-19594,235000,127365,2065951,235000,258055,2085545,0,130690
20260804,1563,巧新,53.9,57.4,53.7,57.1,+,2.1,756181,42282110.0,344062,0,-5851,538350,0,1149,194288,0,7000
20260804,2441,超豐,111.0,121.0,108.0,119.5,+,9.0,13939179,1603059385.0,-616859,833000,119769,4940705,835000,382862,5557564,2000,263093
20260804,8046,南電,1020.0,1045.0,978.0,1045.0,+,92.0,5508466,5641045892.0,291990,-149000,189687,2223545,16000,317980,1931555,165000,128293
20260804,2338,光罩,37.05,39.1,36.9,38.9,+,1.3,1511354,57912806.0,357179,0,-26114,811560,0,4496,454381,0,30610
20260804,3060,銘異,27.2,28.8,27.2,28.8,+,1.05,1280579,36215046.0,341219,2000,-13070,606000,2000,1062,264781,0,14132
20260804,6257,矽格,192.0,202.5,190.0,199.5,+,4.0,4557236,901718821.0,430899,-139000,33421,2499050,120000,118615,2068151,259000,85194
20260804,00896,中信綠能及電動車,25.85,26.4,25.63,26.12,+,0.32,1584879,41330977.0,660000,0,-334748,783000,0,308489,123000,0,643237
20260804,3704,合勤控,45.45,46.35,43.05,45.9,+,0.55,4289401,192750660.0,353817,0,-36117,1892430,0,7000,1538613,0,43117
20260804,3004,豐達科,123.5,126.0,121.0,125.5,+,1.0,1309751,161543609.0,318751,0,-2401,568000,0,2118,249249,0,4519
20260804,6456,GIS-KY,55.6,58.7,55.6,58.0,+,1.5,1745658,100209148.0,328897,0,-15108,773500,0,6732,444603,0,21840
20260804,1708,東鹼,48.3,50.4,47.95,49.7,+,1.1,3316969,163437645.0,307273,4000,-5649,1086853,4000,14323,779580,0,19972
20260804,2436,偉詮電,56.6,59.2,56.4,59.0,+,1.6,1505800,87700902.0,274481,0,30158,743941,0,54955,469460,0,24797
20260804,3209,全科,55.2,58.2,55.1,58.1,+,2.6,1582198,90789072.0,295980,0,8175,954000,0,19478,658020,0,11303
20260804,2392,正崴,33.7,35.0,33.5,34.85,+,0.4,967594,33396524.0,322217,0,-19169,666023,0,2427,343806,0,21596
20260804,1904,正隆,20.8,21.5,20.6,21.35,+,0.2,1452198,30778799.0,446137,0,-145000,908731,0,6000,462594,0,151000
20260804,3062,建漢,19.85,20.25,19.7,20.15,+,0.15,1660810,33354231.0,316472,0,-18934,904472,0,0,588000,0,18934
20260804,4960,誠美材,19.0,20.35,18.8,20.35,+,1.15,2274449,45036050.0,306381,0,-15782,1106381,0,2056,800000,0,17838
20260804,1536,和大,48.0,51.0,47.9,50.2,+,1.45,1562786,77316859.0,272335,0,16791,723304,0,68853,450969,0,52062
20260804,4746,台耀,51.9,52.6,51.3,52.4,+,0.5,536091,27943786.0,188980,0,94293,289210,0,101490,100230,0,7197
20260804,8996,高力,1000.0,1030.0,990.0,1030.0,+,90.0,3449430,3520615990.0,-1041,584000,-301127,1068054,584000,26539,1069095,0,327666
20260804,8163,達方,30.3,32.75,30.3,32.1,+,1.3,1281898,40909205.0,138506,0,143128,740506,0,165369,602000,0,22241
20260804,9921,巨大,82.5,85.0,82.4,84.0,,0.0,1464478,123048896.0,280367,0,387,1016378,0,44490,736011,0,44103
20260804,00733,富邦臺灣中小,59.8,61.65,59.8,61.45,+,1.85,874987,53262621.0,105000,0,174533,285000,0,419486,180000,0,244953
20260804,2605,新興,31.2,31.65,30.75,31.25,+,0.05,2604958,81423508.0,307000,0,-37784,1062000,0,74699,755000,0,112483
20260804,2461,光群雷,16.2,16.85,16.2,16.85,+,0.65,992465,16516640.0,283000,0,-14000,446000,0,0,163000,0,14000
20260804,3605,宏致,83.0,92.6,82.7,92.6,+,8.4,7975211,705652653.0,144665,0,123441,2002665,0,213533,1858000,0,90092
20260804,2031,新光鋼,38.35,39.1,38.25,39.05,+,0.75,1145031,44334157.0,303000,-12000,-23999,526000,0,8001,223000,12000,32000
20260804,3047,訊舟,14.2,14.5,14.05,14.5,+,0.3,523300,7513549.0,272000,0,-5000,345000,0,0,73000,0,5000
20260804,2355,敬鵬,38.1,39.5,37.7,39.5,+,1.25,3851967,150069994.0,161315,0,102247,2092315,0,146410,1931000,0,44163
20260804,1519,華城,693.0,717.0,690.0,713.0,+,10.0,1467343,1036572921.0,251627,0,10553,704784,0,61225,453157,0,50672
20260804,3059,華晶科,38.5,39.5,38.35,38.95,+,0.6,1622619,63227555.0,299947,0,-43965,767097,0,1001,467150,0,44966
20260804,00907,永豐優息存股,16.79,16.84,16.7,16.77,-,0.04,628579,10551261.0,4000,0,249867,23000,0,310000,19000,0,60133
20260804,1517,利奇,11.15,11.55,11.1,11.25,-,0.05,781338,8777881.0,309017,0,-57000,362401,0,0,53384,0,57000
20260804,4576,大銀微系統,197.0,210.5,196.5,201.0,+,4.0,1415612,287335046.0,221833,0,25357,630297,0,48873,408464,0,23516
20260804,3044,健鼎,375.0,397.0,371.0,392.0,+,18.0,3573260,1385384864.0,276461,56000,-86935,2603921,102000,35045,2327460,46000,121980
20260804,1447,力鵬,6.89,6.92,6.73,6.85,-,0.04,1354648,9243861.0,282522,12000,-52000,544674,12000,0,262152,0,52000
20260804,00909,國泰數位支付服務,45.97,45.97,45.3,45.62,+,0.68,341424,15552477.0,51500,0,190946,52500,0,193066,1000,0,2120
20260804,5243,乙盛-KY,79.5,83.3,78.9,83.2,+,2.8,1154562,94861750.0,144178,0,97526,616264,0,119212,472086,0,21686
20260804,8039,台虹,191.5,203.5,190.5,200.0,+,9.5,30999017,6135730479.0,-753398,750000,244461,8902880,750000,879991,9656278,0,635530
20260804,6805,富世達,1490.0,1615.0,1490.0,1590.0,+,120.0,1919276,3027573375.0,28698,185000,25640,647597,186000,69609,618899,1000,43969
20260804,1342,八貫,98.1,100.0,97.5,100.0,+,1.9,502269,49812082.0,240040,1000,-2782,299380,1000,868,59340,0,3650
20260804,00898,國泰基因免疫革命,9.37,9.45,9.35,9.44,+,0.07,691190,6518266.0,476000,0,-244861,482000,0,62582,6000,0,307443
20260804,6189,豐藝,46.4,48.1,46.4,47.9,+,0.7,438993,20917500.0,246410,-5000,-14047,324410,0,3088,78000,5000,17135
20260804,2465,麗臺,75.3,78.4,75.2,78.0,+,2.5,711541,55001826.0,229000,0,-2050,365000,0,1000,136000,0,3050
20260804,6214,精誠,146.0,150.5,143.5,150.0,+,1.5,2334274,342854961.0,288757,0,-61923,853206,0,5124,564449,0,67047
20260804,2359,所羅門,132.5,135.5,129.0,132.0,-,0.5,4343532,574316861.0,310935,0,-85589,1796935,0,41727,1486000,0,127316
20260804,6191,精成科,81.6,83.8,81.4,83.0,+,0.8,2452034,202620359.0,265477,0,-40555,924085,0,10626,658608,0,51181
20260804,6153,嘉聯益,14.7,15.5,14.65,15.5,+,0.7,3465473,52737611.0,263346,0,-40868,1551458,0,8982,1288112,0,49850
20260804,1409,新纖,21.45,22.7,21.45,22.6,+,0.8,8766388,195343444.0,296859,58000,-134054,3154289,58000,59671,2857430,0,193725
20260804,4720,德淵,19.05,19.2,18.75,19.15,+,0.15,648380,12308747.0,226000,0,-6355,387000,0,1000,161000,0,7355
20260804,4526,東台,28.1,30.2,27.8,29.75,+,1.65,2881192,84583445.0,204654,0,13672,1182000,0,20375,977346,0,6703
20260804,6142,友勁,9.45,10.0,9.45,9.89,+,0.34,577636,5688798.0,225000,0,-8000,302000,0,1000,77000,0,9000
20260804,4540,全球傳動,47.7,50.4,47.7,50.0,+,1.0,1685026,83190273.0,214221,0,-2035,730000,0,3000,515779,0,5035
20260804,6412,群電,77.2,82.3,77.2,81.8,+,3.1,1428286,115062675.0,215017,0,-2955,701007,0,34430,485990,0,37385
20260804,7750,新代,2235.0,2415.0,2180.0,2330.0,+,95.0,650457,1520012790.0,60314,145000,3739,284654,145000,20986,224340,0,17247
20260804,1313,聯成,10.4,10.75,10.4,10.7,+,0.15,2028154,21473854.0,379459,0,-171000,1086028,0,0,706569,0,171000
20260804,1905,華紙,12.7,13.25,12.65,13.15,+,0.35,2534787,32946277.0,258770,0,-50971,1185770,0,28962,927000,0,79933
20260804,3029,零壹,104.0,106.5,103.5,106.5,+,2.5,1092521,114806113.0,221550,-3000,-13081,618252,0,1000,396702,3000,14081
20260804,00932,兆豐永續高息等權,16.95,17.17,16.95,17.16,+,0.11,272392,4659026.0,25000,0,177208,83000,0,178528,58000,0,1320
20260804,3041,揚智,22.05,22.45,21.6,22.25,+,0.5,687394,15240661.0,200000,0,-2000,392000,0,0,192000,0,2000
20260804,00702,國泰標普低波高息,25.22,25.22,25.16,25.22,+,0.02,199261,5018177.0,0,0,193981,0,0,193981,0,0,0
20260804,6944,兆聯實業,718.0,795.0,718.0,786.0,+,60.0,798474,613498316.0,129734,49000,12511,392904,50000,51194,263170,1000,38683
20260804,00930,永豐ESG低碳高息,23.35,23.45,23.12,23.38,-,0.04,1335410,31045057.0,-166000,0,354689,18000,0,1275456,184000,0,920767
20260804,1310,台苯,7.2,7.43,7.16,7.43,+,0.09,3592533,26214358.0,212453,0,-24000,1417654,0,0,1205201,0,24000
20260804,00700,富邦恒生國企,18.03,18.24,17.91,17.91,-,0.11,395701,7135901.0,182000,0,4003,183000,0,140338,1000,0,136335
20260804,1582,信錦,68.2,70.5,67.6,70.5,+,2.3,953835,66160130.0,191168,0,-8023,554200,0,7060,363032,0,15083
20260804,00893,國泰智能電動車,42.58,43.2,42.58,43.11,+,0.43,1342556,57794039.0,-490000,0,671697,34000,0,1254075,524000,0,582378
20260804,6166,凌華,129.0,131.0,120.5,126.5,+,2.5,4318620,538217387.0,230109,0,-49254,1727400,0,15478,1497291,0,64732
20260804,3030,德律,296.5,304.0,291.0,296.5,+,10.0,1953991,580895380.0,144454,-900,36846,849884,1100,79845,705430,2000,42999
20260804,2614,東森,18.05,18.25,18.0,18.2,,0.0,567714,10271576.0,185934,0,-7000,264934,0,0,79000,0,7000
20260804,3701,大眾控,36.2,39.1,36.0,39.1,+,2.85,842524,31985025.0,177187,0,408,549187,0,5408,372000,0,5000
20260804,3563,牧德,625.0,652.0,620.0,648.0,+,24.0,568995,364823359.0,162600,0,13480,315100,0,25670,152500,0,12190
20260804,00895,富邦未來車,49.2,49.54,49.13,49.25,+,0.15,991416,48906549.0,-286000,0,456242,14000,0,870999,300000,0,414757
20260804,6719,力智,205.0,211.0,203.5,208.5,+,1.5,1058021,220121740.0,172687,0,-3150,517974,0,21304,345287,0,24454
20260804,3049,精金,10.05,10.35,10.0,10.2,+,0.05,1455675,14843028.0,185949,0,-17503,522000,0,712,336051,0,18215
20260804,2414,精技,56.7,59.7,56.7,59.6,+,2.3,433320,25361434.0,254210,2000,-88000,314210,2000,0,60000,0,88000
20260804,1618,合機,38.65,39.3,38.3,38.85,+,0.3,637637,24755967.0,185630,0,-18095,294137,0,0,108507,0,18095
20260804,3592,瑞鼎,232.0,241.5,231.5,241.0,+,8.5,379267,90455956.0,222937,-51000,-6552,297149,0,448,74212,51000,7000
20260804,4566,時碩工業,65.8,67.8,65.2,67.6,+,1.1,1000623,66536007.0,163251,0,-2315,455251,0,6000,292000,0,8315
20260804,5521,工信,10.0,10.4,10.0,10.25,+,0.1,2317367,23691228.0,196000,0,-36000,1182000,0,0,986000,0,36000
20260804,1476,儒鴻,342.5,355.5,341.5,354.5,+,8.0,1242049,435698073.0,192614,3000,-36864,946247,3000,21913,753633,0,58777
20260804,6789,采鈺,422.0,442.5,421.5,440.0,+,9.5,1238124,537561284.0,149393,2000,5574,545532,4000,51730,396139,2000,46156
20260804,4968,立積,95.0,100.0,95.0,99.5,+,3.6,738185,72619861.0,152770,0,3131,366870,0,11172,214100,0,8041
20260804,2417,圓剛,39.2,41.1,39.1,40.9,+,0.9,556578,22507842.0,160000,0,-4552,342000,0,0,182000,0,4552
20260804,6438,迅得,137.0,144.0,137.0,144.0,+,6.0,394497,56130754.0,137986,0,15684,242042,0,22555,104056,0,6871
20260804,8210,勤誠,1070.0,1180.0,1070.0,1150.0,+,55.0,1523096,1735912175.0,-67803,218000,2554,503801,220000,30571,571604,2000,28017
20260804,4142,國光生,16.6,16.95,16.6,16.9,+,0.1,660543,11087862.0,188000,0,-36000,379000,0,0,191000,0,36000
20260804,6235,華孚,38.2,38.6,37.7,38.6,+,0.4,489728,18755395.0,158000,0,-9566,302000,0,434,144000,0,10000
20260804,00739,元大MSCI A股,27.69,27.9,27.69,27.9,+,0.21,157178,4361016.0,18000,0,130213,19000,0,133329,1000,0,3116
20260804,2419,仲琦,23.9,24.6,23.75,24.45,+,0.45,753224,18261413.0,170792,0,-24534,384792,0,3,214000,0,24537
20260804,4977,眾達-KY,125.5,132.5,125.0,131.0,+,9.5,3228959,417053504.0,112827,0,29392,1258460,0,40093,1145633,0,10701
20260804,1617,榮星,16.65,18.25,16.5,18.25,+,1.65,3952433,70998275.0,94405,0,47373,877876,0,68347,783471,0,20974
20260804,2342,茂矽,33.15,36.7,33.05,36.7,+,3.05,2487212,87913391.0,144256,0,-3027,876256,0,4000,732000,0,7027
20260804,3229,晟鈦,48.7,49.8,45.1,47.75,+,0.3,1139317,54755801.0,141920,0,-1000,456020,0,0,314100,0,1000
20260804,00971,野村美國研發龍頭,17.5,17.6,17.48,17.57,+,0.23,284973,5005243.0,-1000,0,138719,1000,0,244249,2000,0,105530
20260804,2497,怡利電,44.8,46.5,44.8,46.25,+,0.6,479650,22027771.0,144000,0,-6964,257000,0,1100,113000,0,8064
20260804,3094,聯傑,35.05,36.45,34.7,35.4,+,0.25,1371041,48864842.0,141229,0,-6000,448229,0,0,307000,0,6000
20260804,1524,耿鼎,26.3,26.45,26.1,26.45,+,0.05,339205,8926602.0,142391,0,-10000,184000,0,0,41609,0,10000
20260804,2103,台橡,21.05,21.85,21.05,21.8,+,0.6,2693149,57940753.0,230079,0,-98939,1354141,0,46104,1124062,0,145043
20260804,2397,友通,55.3,57.5,55.0,57.3,+,2.0,367689,20722261.0,140135,0,-9000,238135,0,0,98000,0,9000
20260804,4912,聯德控股-KY,86.6,89.0,86.1,88.9,+,2.3,358688,31419081.0,137000,0,-6000,203000,0,0,66000,0,6000
20260804,8476,台境*,19.2,20.2,19.05,20.2,+,1.0,463085,9070876.0,136230,2000,-8512,241230,2000,0,105000,0,8512
20260804,1727,中華化,70.3,72.4,69.8,72.4,+,1.6,1007924,72098622.0,132744,0,-4681,471094,0,11336,338350,0,16017
20260804,5608,四維航,13.1,13.3,13.05,13.25,+,0.05,564153,7444637.0,131575,0,-5000,291000,0,3000,159425,0,8000
20260804,2434,統懋,49.55,54.7,49.3,54.7,+,4.95,736689,38355808.0,125000,0,0,275000,0,1000,150000,0,1000
20260804,6525,捷敏-KY,127.0,138.5,126.5,136.0,+,8.5,2597190,345494347.0,107838,-3000,18935,1056034,1000,25154,948196,4000,6219
20260804,1316,上曜,9.96,10.1,9.91,10.05,,0.0,1283256,12804457.0,154000,0,-31000,708000,0,0,554000,0,31000
20260804,6491,晶碩,351.0,371.5,351.0,365.5,+,9.5,856331,309298066.0,49270,71000,1713,479105,71000,15461,429835,0,13748
20260804,2612,中航,52.0,53.5,51.7,53.2,+,1.2,275268,14561771.0,128200,0,-7100,173200,0,0,45000,0,7100
20260804,2458,義隆,154.0,160.0,153.0,157.5,+,1.0,1775639,278792608.0,244873,-104000,-20316,1070420,0,30436,825547,104000,50752
20260804,00926,凱基全球菁英55,26.24,26.35,26.24,26.32,+,0.32,421802,11089091.0,18000,0,101274,22000,0,333379,4000,0,232105
20260804,6443,元晶,24.75,25.8,24.55,25.8,+,0.85,4041216,102425823.0,114375,0,4853,2098375,0,26000,1984000,0,21147
20260804,8454,富邦媒,243.0,254.0,241.5,253.5,+,6.0,724551,180748011.0,152341,0,-34945,450195,0,5895,297854,0,40840
20260804,3712,永崴投控,17.85,19.0,17.85,18.75,+,0.55,405392,7544273.0,111055,0,6000,273055,0,14000,162000,0,8000
20260804,3708,上緯投控,90.6,94.4,90.5,94.4,+,2.9,265761,24662538.0,123100,0,-7618,177100,0,390,54000,0,8008
20260804,6416,瑞祺電通,91.8,95.5,91.5,94.6,+,1.7,434383,40644458.0,121000,0,-6000,225000,0,0,104000,0,6000
20260804,5469,瀚宇博,67.0,68.5,66.8,68.2,+,0.8,1547899,105093369.0,156000,0,-41461,869000,0,7000,713000,0,48461
20260804,00949,復華日本龍頭,21.47,21.48,21.26,21.39,-,0.1,804496,17230982.0,-8000,0,119159,4000,0,713691,12000,0,594532
20260804,3583,辛耘,667.0,725.0,667.0,699.0,+,29.0,811432,568563224.0,122051,-23000,10571,421036,0,28988,298985,23000,18417
20260804,2431,聯昌,10.05,10.5,10.05,10.5,+,0.4,167209,1718961.0,112000,0,-4054,133000,0,0,21000,0,4054
20260804,00636,國泰中國A50,28.1,28.21,28.01,28.19,+,0.17,193119,5425899.0,3000,0,104724,3000,0,134000,0,0,29276
20260804,00962,台新AI優息動能,14.35,14.75,14.28,14.66,+,0.24,1228086,17930882.0,932000,0,-824531,959000,0,99048,27000,0,923579
20260804,00921,兆豐龍頭等權重,22.71,23.09,22.71,22.99,+,0.3,348765,8028386.0,194000,0,-86823,200000,0,126178,6000,0,213001
20260804,1308,亞聚,12.4,12.8,12.4,12.75,+,0.15,1273388,16090550.0,160135,0,-53315,686454,0,0,526319,0,53315
20260804,1467,南緯,9.21,9.32,9.04,9.07,-,0.21,460520,4218599.0,139106,0,-33000,258016,0,7000,118910,0,40000
20260804,00730,富邦臺灣優質高息,27.9,28.4,27.84,28.4,+,0.22,158687,4465135.0,108000,0,-2839,109000,0,43122,1000,0,45961
20260804,3645,達邁,67.1,70.2,66.5,69.1,+,1.6,1070672,73235132.0,110127,0,-6054,523250,0,9263,413123,0,15317
20260804,00972,野村日本動能高息,21.4,21.4,21.24,21.3,-,0.21,186785,3980919.0,0,0,101627,0,0,176000,0,0,74373
20260804,8033,雷虎,175.5,180.0,175.5,178.5,+,6.0,892286,158667955.0,111593,3000,-13000,341593,3000,0,230000,0,13000
20260804,6112,邁達特,39.55,41.55,39.4,41.55,+,2.1,530165,21633567.0,112000,0,-10513,265000,0,487,153000,0,11000
20260804,6155,鈞寶,53.1,55.3,52.3,54.7,+,1.2,1700295,91690749.0,103634,2000,-4807,688000,2000,1117,584366,0,5924
20260804,8215,明基材,22.85,23.45,22.4,23.3,+,0.45,574200,13293060.0,111630,0,-14213,350615,0,6000,238985,0,20213
20260804,3305,昇貿,101.0,109.5,101.0,109.5,+,7.0,1734125,183816533.0,64619,0,32183,645594,0,95467,580975,0,63284
20260804,7788,松川精密,189.0,204.0,188.5,203.5,+,11.0,938106,185959887.0,29100,0,66698,352100,0,97665,323000,0,30967
20260804,00770,國泰北美科技,67.35,68.0,67.35,67.85,+,1.25,307276,20818084.0,1923,0,93699,2000,0,227816,77,0,134117
20260804,5269,祥碩,1340.0,1395.0,1325.0,1360.0,+,20.0,567612,775743470.0,89746,1000,3569,305038,2000,31069,215292,1000,27500
20260804,00920,富邦ESG綠色電力,23.82,24.28,23.82,24.12,+,0.3,207902,5006423.0,-100000,0,194017,0,0,195017,100000,0,1000
20260804,2347,聯強,89.8,96.2,89.8,93.8,+,2.1,2526516,235647341.0,186792,33000,-127305,1784792,67000,70723,1598000,34000,198028
20260804,6695,芯鼎,51.1,52.0,50.4,51.0,,0.0,403559,20664520.0,94000,0,-1995,191000,0,5,97000,0,2000
20260804,6589,台康生技,45.35,47.5,45.05,47.4,+,1.3,679594,31321865.0,107171,0,-15354,369171,0,6646,262000,0,22000
20260804,3416,融程電,172.0,178.0,171.5,178.0,+,4.5,421400,73914640.0,98881,0,-7228,202881,0,1018,104000,0,8246
20260804,9934,成霖,10.55,10.75,10.45,10.7,+,0.15,487988,5178726.0,121159,0,-30000,220159,0,0,99000,0,30000
20260804,3715,定穎投控,102.0,107.5,99.7,104.5,,0.0,6384991,661015084.0,113574,-44000,21554,2823100,0,109711,2709526,44000,88157
20260804,2059,川湖,8720.0,9495.0,8720.0,9495.0,+,860.0,866327,8051008280.0,-106326,233500,-36276,245549,237500,42685,351875,4000,78961
20260804,6831,邁科,591.0,621.0,580.0,617.0,+,52.0,1701335,1044881602.0,-14979,135000,-29277,833253,280000,29730,848232,145000,59007
20260804,3591,艾笛森,19.95,20.6,19.6,20.45,+,0.6,763073,15358522.0,99198,0,-9150,393198,0,0,294000,0,9150
20260804,4961,天鈺,150.5,156.5,150.5,156.5,+,3.0,353957,54573723.0,106639,0,-16719,227639,0,4680,121000,0,21399
20260804,9958,世紀鋼,105.0,106.0,104.0,105.5,,0.0,1174739,123396336.0,232102,-116000,-28125,576000,0,10320,343898,116000,38445
20260804,1702,南僑,33.0,33.55,33.0,33.55,+,0.35,278327,9268413.0,132173,0,-45000,217173,0,0,85000,0,45000
20260804,6215,和椿,91.2,92.9,90.0,92.6,+,1.0,449921,41372121.0,83949,0,2157,195040,0,5588,111091,0,3431
20260804,00894,中信小資高價30,45.16,46.15,44.8,45.36,+,0.15,1322531,60000796.0,296555,0,-210586,480555,0,353741,184000,0,564327
20260804,2383,台光電,4995.0,5210.0,4875.0,5140.0,+,160.0,2925218,14831829755.0,-1722,157000,-70850,1512118,169000,94137,1513840,12000,164987
20260804,6706,惠特,98.6,106.0,97.9,106.0,+,7.7,1915043,197115658.0,57970,0,25601,706970,0,35704,649000,0,10103
20260804,00905,FT臺灣Smart,24.56,24.94,24.26,24.69,+,0.09,1142924,28150931.0,178000,0,-95789,477000,0,351270,299000,0,447059
20260804,2362,藍天,43.8,45.65,43.65,44.7,-,0.05,902474,40435711.0,129605,0,-47534,513151,0,6503,383546,0,54037
20260804,00917,中信特選金融,24.12,24.27,24.1,24.26,+,0.14,445809,10804562.0,106000,0,-26410,110000,0,84870,4000,0,111280
20260804,9935,慶豐富,19.55,19.85,19.4,19.75,+,0.15,294064,5790819.0,106213,-2134,-26000,146540,0,0,40327,2134,26000
20260804,5203,訊連,63.5,65.7,63.5,65.7,+,1.6,129899,8436647.0,82380,0,-5000,100380,0,2000,18000,0,7000
20260804,4555,氣立,42.1,42.1,40.6,41.8,+,1.15,175869,7281886.0,78000,0,-1000,121000,0,2000,43000,0,3000
20260804,8464,億豐,372.5,379.5,371.5,375.5,-,0.5,384945,144339064.0,99864,-2813,-20057,328944,3000,45,229080,5813,20102
20260804,6579,研揚,159.0,166.0,159.0,163.5,+,0.5,518255,84441632.0,100138,0,-24001,237138,0,2000,137000,0,26001
20260804,2427,三商電,22.8,23.15,22.65,23.05,+,0.25,687909,15786552.0,83000,0,-7000,225000,0,0,142000,0,7000
20260804,5285,界霖,73.1,75.6,72.7,75.3,+,1.8,525814,39252282.0,82200,0,-6730,285200,0,270,203000,0,7000
20260804,8473,山林水,40.2,41.35,40.0,41.35,+,1.05,429285,17482377.0,79000,0,-5268,179000,0,0,100000,0,5268
20260804,6781,AES-KY,958.0,1030.0,956.0,1010.0,+,46.0,778039,781509645.0,33617,0,40043,332070,0,66444,298453,0,26401
20260804,1721,三晃,20.0,20.25,19.35,20.1,+,0.5,489721,9789973.0,80521,0,-7000,183979,0,0,103458,0,7000
20260804,6224,聚鼎,54.0,56.0,53.1,56.0,+,2.0,400279,21873021.0,78000,0,-6000,245000,0,0,167000,0,6000
20260804,2601,益航,6.25,6.38,6.2,6.26,+,0.02,1590619,10007747.0,90980,0,-19000,476000,0,0,385020,0,19000
20260804,1528,恩德,17.65,18.2,17.45,18.15,+,0.4,757470,13595521.0,74319,0,-4030,320319,0,0,246000,0,4030
20260804,1307,三芳,31.1,31.8,31.1,31.75,+,0.4,403347,12708839.0,129025,-12000,-49394,272025,0,10000,143000,12000,59394
20260804,2467,志聖,493.0,515.0,493.0,503.0,+,5.5,1053691,528530704.0,156205,-76000,-12768,504205,0,11204,348000,76000,23972
20260804,3022,威強電,90.2,92.4,90.2,90.9,-,1.1,1410747,128476747.0,73115,0,-6001,537115,0,24000,464000,0,30001
20260804,7740,熙特爾-創,143.5,155.0,142.5,153.0,+,10.5,230602,34266597.0,76000,0,-8983,113000,0,18065,37000,0,27048
20260804,3013,晟銘電,78.4,83.2,78.3,82.5,+,2.5,888803,72527206.0,63000,0,3420,373000,0,28359,310000,0,24939
20260804,3032,偉訓,78.9,80.4,78.9,79.2,+,0.2,290747,23123143.0,68000,0,-2000,168000,0,0,100000,0,2000
20260804,9924,福興,38.25,38.5,38.15,38.4,,0.0,182954,7009142.0,82000,0,-17000,104000,0,0,22000,0,17000
20260804,9136,巨騰-DR,11.6,11.8,11.3,11.5,+,0.2,387306,4494086.0,65000,0,-311,111000,0,92,46000,0,403
20260804,1444,力麗,7.15,7.19,7.03,7.14,-,0.01,856920,6098437.0,155402,17000,-108000,385000,17000,0,229598,0,108000
20260804,0061,元大寶滬深,24.46,24.64,24.46,24.64,+,0.18,92247,2265970.0,58000,0,6381,58000,0,18166,0,0,11785
20260804,6449,鈺邦,223.0,227.5,216.0,227.5,+,2.5,1812802,404267875.0,64244,0,-219,693000,0,19294,628756,0,19513
20260804,3617,碩天,216.5,221.5,216.5,221.0,+,2.0,323340,71112138.0,67338,0,-4310,158350,0,2840,91012,0,7150
20260804,6133,金橋,20.0,20.55,19.9,20.4,+,0.35,308226,6262786.0,65000,0,-2000,148000,0,0,83000,0,2000
20260804,00876,元大全球5G,85.4,85.5,84.0,84.95,+,0.4,134510,11401343.0,-998,0,62000,3002,0,64000,4000,0,2000
20260804,5258,虹堡,53.9,55.2,53.1,54.4,+,0.9,555153,30151208.0,68000,0,-7000,282000,0,0,214000,0,7000
20260804,1471,首利,9.55,9.61,9.35,9.5,,0.0,190068,1806486.0,58000,0,2000,90000,0,4000,32000,0,2000
20260804,6947,台鎔科技,69.8,76.7,69.3,76.7,+,6.9,903776,67544996.0,57005,0,117,199005,0,117,142000,0,0
20260804,1522,堤維西,28.0,28.25,27.7,28.25,+,0.25,346591,9726145.0,80586,0,-24000,204093,0,0,123507,0,24000
20260804,1477,聚陽,215.0,225.5,215.0,222.0,+,3.5,2220287,490809000.0,-40077,140417,-44296,791769,147000,36151,831846,6583,80447
20260804,3447,展達,26.8,27.55,26.8,27.4,+,0.6,130619,3555608.0,58000,0,-2000,85000,0,0,27000,0,2000
20260804,00897,富邦基因免疫生技,11.02,11.08,11.02,11.06,+,0.01,263234,2907532.0,-101000,0,156426,2000,0,212001,103000,0,55575
20260804,8374,羅昇,73.7,77.5,73.2,76.0,+,1.3,243382,18395642.0,63847,0,-9314,125000,0,6,61153,0,9320
20260804,1540,喬福,19.85,20.15,19.75,20.15,+,0.35,170366,3408328.0,57000,0,-3000,98000,0,0,41000,0,3000
20260804,6698,旭暉應材,32.2,33.0,32.0,33.0,+,0.3,190540,6190735.0,53000,0,-1000,124000,0,0,71000,0,1000
20260804,3018,隆銘綠能,14.35,14.45,13.7,14.3,-,0.05,95278,1344516.0,53000,0,-1000,54000,0,0,1000,0,1000
20260804,1503,士電,192.0,196.0,192.0,195.0,,0.0,1209568,234929818.0,81857,-1000,-29759,507247,0,23000,425390,1000,52759
20260804,00731,復華富時高息低波,90.2,90.75,89.9,90.3,+,0.1,1200471,108525710.0,49000,0,44,103000,0,992029,54000,0,991985
20260804,2453,凌群,52.5,53.1,52.3,52.7,+,0.1,119298,6280657.0,68364,0,-20000,83000,0,0,14636,0,20000
20260804,2365,昆盈,28.4,29.55,28.05,29.55,+,1.1,1051673,30616283.0,56000,0,-7658,411000,0,831,355000,0,8489
20260804,6742,澤米,43.8,45.2,43.5,44.8,+,1.0,395334,17614562.0,50000,0,-2001,173000,0,0,123000,0,2001
20260804,00762,元大全球AI,109.9,111.3,109.9,111.0,+,3.0,117105,12951513.0,0,0,47043,1000,0,92088,1000,0,45045
20260804,1466,聚隆,15.6,15.9,15.4,15.85,+,0.3,390460,6124274.0,50039,0,-3000,145039,0,0,95000,0,3000
20260804,6909,創控,39.95,40.6,39.55,40.2,+,0.15,287500,11575800.0,48000,0,-1000,145000,0,0,97000,0,1000
20260804,3050,鈺德,11.05,11.25,11.05,11.25,+,0.05,336868,3769323.0,55000,0,-9000,89000,0,0,34000,0,9000
20260804,3346,麗清,19.3,19.85,19.1,19.85,+,0.55,212607,4169598.0,48000,0,-2108,109000,0,1,61000,0,2109
20260804,4164,承業醫,25.4,26.0,25.05,25.8,+,0.1,546554,13964448.0,58876,0,-13794,260010,0,1000,201134,0,14794
20260804,1449,佳和,12.25,12.3,12.1,12.25,+,0.05,240611,2942283.0,46411,0,-3000,79000,0,0,32589,0,3000
20260804,6949,沛爾生醫-創,841.0,884.0,821.0,874.0,+,30.0,140127,121461277.0,45000,0,-1961,86000,0,10000,41000,0,11961
20260804,3437,榮創,16.85,17.6,16.65,17.45,+,0.6,549211,9463081.0,46000,0,-3000,253000,0,0,207000,0,3000
20260804,00652,富邦印度,34.3,34.47,34.17,34.41,+,0.12,525667,18061811.0,1000,0,41913,1000,0,436913,0,0,395000
20260804,7799,禾榮科,343.5,358.0,342.5,355.0,+,3.0,312509,108949303.0,47624,0,-5909,133624,0,0,86000,0,5909
20260804,3014,聯陽,124.5,128.0,123.5,128.0,+,1.5,646793,81796232.0,60999,-7872,-12935,353019,0,4214,292020,7872,17149
20260804,3002,歐格,16.25,16.45,16.05,16.35,+,0.1,158990,2592593.0,42000,0,-1860,92000,0,1000,50000,0,2860
20260804,6216,居易,21.8,21.9,21.75,21.85,+,0.05,155384,3392708.0,46000,0,-6000,58000,0,0,12000,0,6000
20260804,3545,敦泰,48.8,50.6,48.45,49.9,,0.0,788808,39019481.0,52080,0,-12866,455120,0,478,403040,0,13344
20260804,6994,富威電力,36.1,36.7,35.8,36.3,+,0.05,355325,12875825.0,40000,0,-999,146000,0,1001,106000,0,2000
20260804,6869,雲豹能源,66.6,68.8,66.2,67.4,+,1.5,530478,35704615.0,42980,0,-4562,232000,0,11101,189020,0,15663
20260804,1337,再生-KY,4.66,4.66,4.58,4.65,-,0.01,287970,1326748.0,44171,0,-6000,81560,0,0,37389,0,6000
20260804,4949,有成精密,61.9,63.2,60.7,63.2,+,2.1,312563,19502899.0,41000,0,-3442,132000,0,0,91000,0,3442
20260804,6776,展碁國際,55.1,55.6,54.9,55.2,+,0.2,130254,7196733.0,56268,0,-21010,66350,0,0,10082,0,21010
20260804,1615,大山,41.6,42.35,41.6,42.3,+,0.4,101872,4290637.0,42000,0,-7000,75000,0,1000,33000,0,8000
20260804,00678,群益那斯達克生技,39.88,40.0,39.81,39.98,-,0.33,428403,17110428.0,156000,0,-121457,157000,0,264952,1000,0,386409
20260804,6689,伊雲谷,59.2,60.8,58.0,60.7,+,1.9,156492,9318090.0,40000,0,-6000,73000,0,0,33000,0,6000
20260804,4562,穎漢,29.7,30.4,29.05,30.1,+,0.4,123466,3701115.0,40000,0,-6000,73000,0,0,33000,0,6000
20260804,0051,元大中型100,135.15,137.0,133.95,135.9,+,2.05,76587,10390917.0,107,0,33768,1107,0,41768,1000,0,8000
20260804,4571,鈞興-KY,150.0,154.5,149.0,152.0,+,0.5,159618,24364424.0,33000,0,855,74000,0,3005,41000,0,2150
20260804,1414,東和,19.1,19.85,18.5,19.8,+,0.9,447970,8592207.0,37753,0,-4000,145857,0,3000,108104,0,7000
20260804,8105,凌巨,15.75,16.45,15.6,16.25,+,0.5,2491486,40152181.0,38732,4000,-9000,1381702,4000,16000,1342970,0,25000
20260804,6141,柏承,30.4,33.4,30.15,33.4,+,3.0,1188376,38996535.0,34000,0,-1102,193000,0,2898,159000,0,4000
20260804,6657,華安,29.75,30.65,29.4,30.65,+,0.25,69538,2102839.0,32000,0,0,41000,0,0,9000,0,0
20260804,3257,虹冠電,51.3,52.0,50.8,51.2,-,0.3,197745,10178817.0,36960,0,-5000,85020,0,0,48060,0,5000
20260804,3046,建碁,52.2,53.5,51.9,53.2,+,1.0,181574,9605528.0,29414,0,2000,84460,0,7000,55046,0,5000
20260804,00728,第一金工業30,59.9,61.6,59.9,61.1,+,1.1,360144,21926135.0,125000,0,-93937,146000,0,191153,21000,0,285090
20260804,5284,jpp-KY,288.5,299.5,285.0,299.5,+,15.5,443216,129536843.0,34180,0,-4260,155180,0,10036,121000,0,14296
20260804,00737,國泰AI機器人,39.53,39.95,39.53,39.9,+,0.93,142777,5686626.0,-11000,0,40908,1000,0,51908,12000,0,11000
20260804,6863,永道-KY,134.0,137.0,132.5,134.0,,0.0,342031,45824010.0,36190,0,-7001,111190,0,0,75000,0,7001
20260804,00639,富邦深100,16.51,16.95,16.49,16.95,+,0.42,452816,7602434.0,2000,0,26996,22000,0,200648,20000,0,173652
20260804,8016,矽創,273.5,281.5,270.5,280.0,+,4.0,884607,245802094.0,228854,-201000,183,554965,0,9473,326111,201000,9290
20260804,3321,同泰,18.55,18.8,18.4,18.5,-,0.15,189218,3522510.0,30997,0,-3288,96000,0,0,65003,0,3288
20260804,7768,頌勝科技,244.0,253.0,244.0,252.0,+,0.5,82835,20686260.0,30000,0,-2578,45000,0,0,15000,0,2578
20260804,8028,昇陽半導體,260.0,269.5,260.0,268.0,+,7.5,888117,236741127.0,32678,0,-6000,243788,0,7000,211110,0,13000
20260804,00964,中信亞太高股息,13.77,13.9,13.76,13.87,+,0.14,3007911,41615584.0,768000,0,-741364,776000,0,1809647,8000,0,2551011
20260804,4582,聚恆-創,27.0,27.6,27.0,27.5,+,0.4,138008,3775616.0,33000,0,-7000,64000,0,17000,31000,0,24000
20260804,7822,倍利科,761.0,817.0,761.0,813.0,+,35.0,155078,124172194.0,27005,0,-1161,66005,0,0,39000,0,1161
20260804,2471,資通,48.1,48.8,48.1,48.7,+,0.3,71444,3471179.0,26000,0,-1000,39000,0,0,13000,0,1000
20260804,6558,興能高,24.4,25.5,24.15,25.05,+,0.65,231761,5757542.0,28920,0,-4000,118920,0,0,90000,0,4000
20260804,1309,台達化,12.35,12.8,12.35,12.7,+,0.15,1272916,16033357.0,48979,0,-24297,462979,0,3855,414000,0,28152
20260804,3694,海華,54.2,56.0,54.0,55.2,+,1.2,880289,48614638.0,30547,0,-5880,331408,0,2120,300861,0,8000
20260804,3027,盛達,18.05,18.5,18.05,18.2,,0.0,181894,3314195.0,57306,0,-33000,113307,0,0,56001,0,33000
20260804,3024,憶聲,12.25,12.5,12.2,12.4,+,0.15,604536,7442224.0,29242,0,-5000,200242,0,0,171000,0,5000
20260804,2468,華經,33.0,33.5,32.9,33.25,+,0.25,229131,7601724.0,27071,0,-3000,106090,0,0,79019,0,3000
20260804,3011,今皓,11.25,11.7,11.2,11.55,+,0.15,483192,5551029.0,26000,0,-2000,203000,0,0,177000,0,2000
20260804,3669,圓展,39.1,40.75,38.55,38.65,-,0.65,575180,22661189.0,29000,0,-5000,226000,0,1000,197000,0,6000
20260804,4133,亞諾法,21.3,21.55,21.1,21.15,+,0.15,140543,2981894.0,38000,0,-14000,64000,0,0,26000,0,14000
20260804,7705,三商餐飲,30.05,30.2,29.65,30.0,-,0.2,124301,3707573.0,32000,0,-8000,47000,0,1000,15000,0,9000
20260804,6606,建德工業,26.1,26.15,25.5,26.1,,0.0,261245,6766066.0,37000,0,-14000,65000,0,0,28000,0,14000
20260804,1256,鮮活果汁-KY,182.0,186.5,181.0,185.5,+,3.5,75980,13976109.0,28000,0,-6000,43000,0,0,15000,0,6000
20260804,2429,銘旺科,31.55,32.2,30.9,31.0,-,0.35,487888,15325820.0,23999,0,-2000,120000,0,0,96001,0,2000
20260804,1598,岱宇,19.85,20.5,19.7,20.45,+,0.3,313521,6337650.0,32909,0,-11329,87057,0,0,54148,0,11329
20260804,6668,中揚光,35.0,35.8,34.65,35.35,+,0.35,508203,17864116.0,28198,0,-7000,154198,0,0,126000,0,7000
20260804,2482,連宇,16.3,16.55,16.2,16.25,-,0.05,230347,3747507.0,48040,0,-26916,119040,0,2000,71000,0,28916
20260804,3296,勝德,22.4,23.2,22.35,23.1,+,0.45,49101,1130167.0,25015,0,-4000,44015,0,0,19000,0,4000
20260804,3055,蔚華科,98.2,102.0,95.7,102.0,+,8.9,572061,57800177.0,-32000,0,53000,71000,0,57000,103000,0,4000
20260804,6591,動力-KY,44.3,44.5,43.9,44.5,+,0.2,102681,4539357.0,22000,0,-1000,34000,0,0,12000,0,1000
20260804,4108,懷特,11.15,11.25,11.0,11.2,-,0.1,464037,5150736.0,25000,0,-4000,100000,0,0,75000,0,4000
20260804,1435,中福,23.7,25.85,23.7,24.1,-,0.3,47367,1178174.0,25000,0,-5000,35000,0,0,10000,0,5000
20260804,2062,橋椿,18.7,19.25,18.65,19.25,+,0.4,314368,5956270.0,60000,0,-40000,161000,0,0,101000,0,40000
20260804,4552,力達-KY,17.4,17.95,17.35,17.95,+,0.35,69813,1229424.0,30000,0,-10000,48000,0,0,18000,0,10000
20260804,7689,大鵬科CLMX,172.0,172.0,164.0,167.0,-,4.0,270551,44954431.0,20000,0,-627,20000,0,0,0,0,627
20260804,1432,大魯閣,15.0,15.1,14.95,15.05,+,0.05,130625,1966009.0,21000,0,-2000,44000,0,0,23000,0,2000
20260804,8462,柏文,166.0,167.5,162.0,164.0,-,1.0,202232,33119689.0,28782,0,-10000,71000,0,0,42218,0,10000
20260804,6906,現觀科,68.8,69.6,67.7,68.7,+,0.1,46706,3214440.0,19000,0,-1115,36000,0,0,17000,0,1115
20260804,00875,國泰網路資安,53.3,53.75,53.3,53.65,+,1.05,381609,20410436.0,264000,0,-246163,268000,0,60837,4000,0,307000
20260804,8103,瀚荃,73.9,75.7,73.0,75.7,+,1.8,436858,32501173.0,23950,0,-6462,201000,0,1001,177050,0,7463
20260804,6669,緯穎,5935.0,6385.0,5800.0,6205.0,+,280.0,2967872,18234879925.0,-442587,507099,-47499,1087559,517130,119426,1530146,10031,166925
20260804,4545,銘鈺,32.25,32.85,32.2,32.7,+,0.25,67078,2189086.0,19000,0,-2000,35000,0,1000,16000,0,3000
20260804,2316,楠梓電,147.5,154.0,146.0,152.5,+,3.5,1596848,241185886.0,65294,-54000,5433,725149,3000,31542,659855,57000,26109
20260804,00943,兆豐電子高息等權,21.0,21.23,20.82,21.23,+,0.28,255914,5369915.0,-106000,0,122704,10000,0,226099,116000,0,103395
20260804,5244,弘凱,30.7,31.75,30.65,31.5,+,0.7,94726,2970474.0,18445,0,-2000,53445,0,0,35000,0,2000
20260804,3311,閎暉,31.55,32.3,31.35,31.95,+,0.1,175301,5576794.0,22000,0,-5635,102000,0,1000,80000,0,6635
20260804,00899,FT潔淨能源,23.81,23.94,23.78,23.8,-,0.01,36095,859124.0,-1000,0,17173,0,0,17173,1000,0,0
20260804,6283,淳安,20.05,20.5,20.05,20.4,+,0.05,61021,1232871.0,19000,0,-3000,39000,0,0,20000,0,3000
20260804,3686,達能,14.3,14.45,14.1,14.45,+,0.15,124058,1775029.0,33000,0,-18000,53000,0,0,20000,0,18000
20260804,6890,來億-KY,163.0,166.0,160.5,163.5,-,2.5,363361,59273898.0,102678,-70000,-17763,211041,0,2689,108363,70000,20452
20260804,6277,宏正,77.0,81.0,76.1,77.7,+,0.3,540642,42440150.0,30000,0,-15400,220000,0,35600,190000,0,51000
20260804,2108,南帝,27.2,27.6,27.05,27.45,-,0.05,380105,10410758.0,48000,0,-33771,245000,0,229,197000,0,34000
20260804,1539,巨庭,16.1,16.2,16.05,16.1,-,0.2,45000,725400.0,31000,0,-17000,37000,0,0,6000,0,17000
20260804,6117,迎廣,63.8,65.6,63.8,64.5,,0.0,101292,6571152.0,16000,0,-2000,50000,0,1000,34000,0,3000
20260804,9912,偉聯,12.7,12.85,12.65,12.85,+,0.05,34861,445489.0,15000,0,-1000,18000,0,0,3000,0,1000
20260804,6969,成信實業*-創,33.4,34.9,33.4,34.45,+,1.05,138477,4760893.0,15000,0,-1000,17000,0,0,2000,0,1000
20260804,4999,鑫禾,18.35,18.5,18.25,18.45,,0.0,74949,1378474.0,20020,0,-6425,30020,0,2000,10000,0,8425
20260804,6658,聯策,144.0,149.0,143.0,147.5,+,4.5,278187,40714079.0,14062,0,-781,109062,0,1084,95000,0,1865
20260804,5236,凌陽創新,145.0,149.0,144.5,148.0,+,3.5,113051,16658624.0,14200,0,-1036,43200,0,303,29000,0,1339
20260804,3150,鈺寶-創,15.55,16.2,15.55,16.2,+,0.15,38001,608065.0,18000,0,-5000,20000,0,0,2000,0,5000
20260804,1590,亞德客-KY,1405.0,1480.0,1390.0,1425.0,+,10.0,986816,1411230675.0,17846,8734,-14289,821939,9734,16730,804093,1000,31019
20260804,1541,錩泰,21.6,22.55,20.9,22.3,+,0.9,47879,1035687.0,14000,0,-2000,25000,0,0,11000,0,2000
20260804,00861,元大全球未來通訊,84.75,85.15,84.25,84.75,,0.0,90959,7696939.0,-43998,0,55428,2,0,57022,44000,0,1594
20260804,4569,六方科-KY,162.0,164.5,161.0,163.0,+,4.0,44293,7213095.0,12000,0,-1000,18000,0,0,6000,0,1000
20260804,1475,業旺,26.9,27.35,26.65,27.0,-,0.15,43000,1154350.0,12000,0,-1000,17000,0,0,5000,0,1000
20260804,1906,寶隆,11.15,11.15,10.9,11.15,+,0.05,79919,882420.0,18000,0,-7000,32000,0,0,14000,0,7000
20260804,2547,日勝生,10.15,10.3,10.15,10.3,,0.0,1261890,12932551.0,179000,-12918,-155621,879000,0,0,700000,12918,155621
20260804,6205,詮欣,57.4,60.0,57.0,60.0,+,2.7,438284,25685747.0,18024,0,-7649,171024,0,781,153000,0,8430
20260804,4190,佐登-KY,24.3,25.35,24.3,25.3,,0.0,35715,891947.0,9000,0,1000,14000,0,4000,5000,0,3000
20260804,1776,展宇,16.7,16.75,16.35,16.65,-,0.05,81144,1344082.0,9000,0,1000,30000,0,2000,21000,0,1000
20260804,1623,大東電,213.0,214.5,212.5,213.0,-,1.0,55978,11936341.0,11950,0,-2077,31000,0,0,19050,0,2077
20260804,2207,和泰車,507.0,520.0,506.0,517.0,-,5.0,545943,280907865.0,57553,3000,-51259,467609,3000,0,410056,0,51259
20260804,2069,運錩,18.6,18.7,18.45,18.55,-,0.05,246960,4592075.0,50000,0,-41000,82000,0,0,32000,0,41000
20260804,00645,富邦日本,55.65,55.95,55.45,55.95,+,0.2,150033,8360367.0,6128,0,2772,6128,0,119096,0,0,116324
20260804,2420,新巨,54.1,54.4,53.7,54.3,-,0.1,436216,23584657.0,20153,0,-12002,171153,0,0,151000,0,12002
20260804,6201,亞弘電,48.55,49.5,48.55,49.15,+,0.65,189496,9285330.0,14000,0,-6000,34000,0,0,20000,0,6000
20260804,9902,台火,13.7,13.75,13.6,13.75,+,0.05,56409,770900.0,15000,0,-7000,26000,0,0,11000,0,7000
20260804,1423,利華,35.1,35.5,35.05,35.5,+,0.2,41962,1476993.0,20000,0,-12000,30000,0,0,10000,0,12000
20260804,1786,科妍,49.5,50.4,49.1,50.4,+,0.9,135112,6695086.0,14000,0,-6002,81000,0,1000,67000,0,7002
20260804,7711,永擎,291.5,300.0,290.5,299.5,+,6.0,163825,48539027.0,11242,0,-3820,83592,0,60,72350,0,3880
20260804,2254,巨鎧精密-創,60.4,61.0,59.8,61.0,+,0.4,16035,965494.0,4000,0,3024,8000,0,7024,4000,0,4000
20260804,00661,元大日經225,81.6,82.55,81.6,82.35,-,0.15,35759,2933710.0,2000,0,5009,2000,0,17420,0,0,12411
20260804,2038,海光,12.1,12.25,12.0,12.25,+,0.15,284897,3459770.0,26000,0,-19000,130000,0,0,104000,0,19000
20260804,1413,宏洲,9.27,9.33,8.9,9.24,-,0.22,291553,2665822.0,12000,0,-5000,15000,0,1000,3000,0,6000
20260804,6281,全國電,51.5,51.9,51.2,51.3,-,0.6,64559,3330261.0,12000,0,-5000,34000,0,1000,22000,0,6000
20260804,4581,光隆精密-KY,49.95,51.6,49.95,51.3,+,0.5,18037,911751.0,5000,0,2000,5000,0,3000,0,0,1000
20260804,5538,東明-KY,33.2,33.95,33.2,33.75,-,0.3,45004,1512782.0,11000,0,-4000,31000,0,0,20000,0,4000
20260804,2642,宅配通,20.05,20.3,20.05,20.25,+,0.25,38030,765227.0,10000,0,-3000,19000,0,0,9000,0,3000
20260804,2613,中櫃,20.0,20.15,19.8,20.15,+,0.15,179161,3585582.0,14000,0,-7000,72000,0,0,58000,0,7000
20260804,3557,嘉威,24.95,27.25,24.6,27.25,+,2.45,121921,3161638.0,11000,0,-4000,22000,0,1000,11000,0,5000
20260804,3025,星通,54.0,55.2,53.8,54.9,+,0.9,145020,7934980.0,7948,0,-1000,70000,0,0,62052,0,1000
20260804,6957,裕慶-KY,214.0,214.5,210.5,210.5,-,2.5,116443,24686478.0,12000,0,-5661,39000,0,0,27000,0,5661
20260804,8072,陞泰,26.7,26.85,26.45,26.65,,0.0,63535,1693969.0,8000,0,-2000,20000,0,0,12000,0,2000
20260804,6128,上福,19.9,20.35,19.8,20.2,-,0.05,99100,1993002.0,30000,0,-24000,52000,0,0,22000,0,24000
20260804,6666,羅麗芬-KY,43.8,44.05,42.45,42.7,-,2.15,119335,5144978.0,7000,0,-1000,27000,0,1000,20000,0,2000
20260804,2906,高林,12.8,12.85,12.65,12.85,+,0.05,141855,1809493.0,33000,0,-27000,61000,0,0,28000,0,27000
20260804,00668,國泰美國道瓊,62.95,63.05,62.95,63.05,+,0.75,19171,1207157.0,1000,0,5000,1000,0,8000,0,0,3000
20260804,3679,新至陞,109.0,109.0,108.0,108.5,-,0.5,50352,5469131.0,12000,-480,-6000,14000,0,0,2000,480,6000
20260804,3051,力特,21.65,22.3,21.4,21.9,+,0.4,453137,9950813.0,15496,0,-10000,237496,0,0,222000,0,10000
20260804,00783,富邦中証500,27.24,27.81,27.24,27.81,+,0.54,31458,859846.0,30000,0,-24605,30000,0,395,0,0,25000
20260804,7722,LINEPAY,267.5,274.0,267.5,273.0,+,1.0,75125,20389909.0,11163,0,-5802,32163,0,733,21000,0,6535
20260804,3023,信邦,298.5,303.0,296.0,299.5,,0.0,944245,283087242.0,-105009,125000,-14841,584345,129000,6636,689354,4000,21477
20260804,1512,瑞利,6.69,6.72,6.63,6.69,,0.0,82533,551453.0,7000,0,-2000,20000,0,0,13000,0,2000
20260804,1418,東華,18.15,18.2,17.95,18.0,-,0.05,15033,271715.0,6000,0,-1000,8000,0,1000,2000,0,2000
20260804,8467,波力-KY,98.0,99.0,97.7,99.0,+,0.1,10108,992728.0,4999,0,-59,7000,0,0,2001,0,59
20260804,2228,劍麟,78.7,80.4,78.3,79.0,+,0.3,98512,7779660.0,10000,0,-5994,58000,0,6,48000,0,6000
20260804,1525,江申,67.9,68.7,67.1,68.2,-,0.4,16442,1115974.0,6000,0,-2000,10000,0,0,4000,0,2000
20260804,1203,味王,46.75,48.5,44.6,48.45,+,0.1,92559,4322049.0,21000,0,-17000,55000,0,2000,34000,0,19000
20260804,6955,邦睿生技-創,115.5,119.5,115.5,117.0,,0.0,27000,3162000.0,3000,0,1000,6000,0,12000,3000,0,11000
20260804,6754,匯僑設計,41.4,42.1,41.4,41.8,,0.0,17000,711350.0,5000,0,-1000,11000,0,0,6000,0,1000
20260804,2505,國揚,17.65,17.85,17.6,17.8,,0.0,172949,3066618.0,31000,0,-27188,105000,0,0,74000,0,27188
20260804,7730,暉盛-創,153.0,158.0,153.0,157.0,+,5.0,104502,16216057.0,5000,0,-1249,36000,0,17000,31000,0,18249
20260804,8249,菱光,41.3,42.35,41.2,41.7,-,0.15,170765,7146108.0,17422,0,-14000,82422,0,1000,65000,0,15000
20260804,8162,微矽電子-創,49.9,52.6,49.6,51.9,+,2.1,165665,8506727.0,15000,0,-11709,82000,0,15291,67000,0,27000
20260804,8367,建新國際,40.2,40.65,40.15,40.65,+,0.15,28770,1159034.0,5000,0,-2000,15000,0,0,10000,0,2000
20260804,7736,虎山,70.4,70.4,69.0,70.3,-,0.1,22208,1554960.0,7000,0,-4000,13000,0,0,6000,0,4000
20260804,5525,順天,22.8,23.3,22.8,23.0,-,0.05,186997,4302042.0,6000,0,-3000,61000,0,12000,55000,0,15000
20260804,4952,凌通,47.0,48.1,46.7,48.0,+,0.5,223168,10632626.0,11000,0,-8000,108000,0,0,97000,0,8000
20260804,4148,全宇生技-KY,30.55,30.9,30.2,30.9,+,0.25,51865,1582321.0,10000,0,-7000,23000,0,0,13000,0,7000
20260804,3168,眾福科,40.55,41.3,40.5,41.15,+,0.75,31000,1269950.0,8000,0,-5000,18000,0,0,10000,0,5000
20260804,1516,川飛,15.4,16.2,15.25,16.05,+,0.25,21189,327360.0,8000,0,-5000,8000,0,0,0,0,5000
20260804,1597,直得,125.0,133.0,123.5,131.0,+,6.0,1347798,173883985.0,-32580,0,35305,534987,0,56906,567567,0,21601
20260804,2477,美隆電,21.7,22.2,21.65,21.65,-,0.35,156749,3420629.0,29400,-1729,-25000,75000,0,0,45600,1729,25000
20260804,00714,群益道瓊美國地產,22.61,22.74,22.61,22.71,+,0.07,380594,8629254.0,91000,0,-88550,176000,0,199450,85000,0,288000
20260804,8442,威宏-KY,44.3,45.0,44.15,44.3,,0.0,50665,2257551.0,-2000,-600,5000,17000,0,7000,19000,600,2000
20260804,2364,倫飛,71.5,71.7,70.3,70.9,+,0.2,118344,8392052.0,16016,0,-14000,49292,0,0,33276,0,14000
20260804,0053,元大電子,227.15,229.6,226.35,226.8,-,2.0,35138,7983381.0,-8994,0,11000,6,0,15000,9000,0,4000
20260804,00736,國泰新興市場,31.62,31.62,31.59,31.6,+,0.01,107047,3382411.0,0,0,2000,0,0,104000,0,0,102000
20260804,00771,元大US高息特別股,15.73,15.73,15.73,15.73,-,0.09,4694,73778.0,0,0,2000,0,0,2000,0,0,0
20260804,3043,科風,19.75,20.0,19.6,19.7,,0.0,49183,974247.0,10000,0,-8000,20000,0,1000,10000,0,9000
20260804,2910,統領,24.25,25.4,24.25,25.35,+,0.3,41680,1043188.0,5000,0,-3000,25000,0,1000,20000,0,4000
20260804,2901,欣欣,23.75,24.45,23.6,24.3,,0.0,19276,463292.0,9000,0,-7000,13000,0,0,4000,0,7000
20260804,6641,基士德-KY,17.35,17.8,17.35,17.7,+,0.2,34194,605584.0,6000,0,-4000,9000,0,0,3000,0,4000
20260804,6792,詠業,54.9,55.7,54.4,55.4,+,0.4,26000,1436299.0,3000,0,-1000,18000,0,0,15000,0,1000
20260804,6184,大豐電,42.0,42.85,42.0,42.4,-,0.1,54933,2318876.0,6000,0,-4000,26000,0,0,20000,0,4000
20260804,2033,佳大,15.2,15.75,15.2,15.75,+,0.25,81181,1260991.0,3000,0,-1000,16000,0,0,13000,0,1000
20260804,1439,雋揚,27.15,28.5,27.15,28.5,+,0.45,55002,1553793.0,5000,0,-3000,16000,0,1000,11000,0,4000
20260804,3054,立萬利,47.5,49.7,47.2,49.3,+,0.85,73230,3574874.0,8000,0,-6036,38000,0,0,30000,0,6036
20260804,4585,達明,285.0,292.0,282.5,287.0,-,2.5,163384,46853120.0,13000,0,-11099,49000,0,3331,36000,0,14430
20260804,3164,景岳,16.15,16.45,16.0,16.15,-,0.1,57191,923790.0,14000,0,-12126,19000,0,0,5000,0,12126
20260804,1436,華友聯,36.6,36.6,35.8,36.2,-,0.2,119556,4310840.0,6444,0,-5000,66247,0,0,59803,0,5000
20260804,1470,大統新創,22.7,23.3,22.7,23.3,+,0.05,6000,138000.0,2000,0,-1000,2000,0,2000,0,0,3000
20260804,3031,佰鴻,21.6,23.1,21.25,22.5,+,0.9,901307,20068786.0,7000,0,-6000,320000,0,1000,313000,0,7000
20260804,6136,富爾特,24.3,24.65,24.3,24.45,-,0.05,124310,3037174.0,37000,0,-36000,65000,0,2000,28000,0,38000
20260804,6625,必應,77.1,77.7,76.5,77.0,-,0.2,77913,6001995.0,5000,0,-4000,28000,0,0,23000,0,4000
20260804,6671,三能-KY,22.7,23.3,22.7,23.25,+,0.2,33001,761672.0,7000,0,-6000,10000,0,0,3000,0,6000
20260804,9906,欣巴巴,39.15,39.25,38.5,39.2,-,0.3,50484,1968290.0,14000,0,-13000,38000,0,0,24000,0,13000
20260804,8201,無敵,11.5,11.65,11.5,11.5,-,0.1,19129,221020.0,3000,0,-2000,6000,0,0,3000,0,2000
20260804,4438,廣越,60.0,60.6,59.9,60.5,-,0.1,33656,2023648.0,3000,0,-2007,16000,0,0,13000,0,2007
20260804,6902,GOGOLOOK,123.5,123.5,118.5,120.5,-,2.5,139172,16653635.0,1820,0,-1000,29040,0,0,27220,0,1000
20260804,8081,致新,250.0,256.0,248.0,254.0,+,4.0,724413,183056049.0,94913,-90000,-4329,338243,0,313,243330,90000,4642
20260804,00908,富邦入息REITs+,15.83,15.89,15.82,15.82,-,0.01,320899,5086360.0,-288000,0,288516,1000,0,307090,289000,0,18574
20260804,3535,晶彩科,80.5,84.7,79.3,84.1,+,4.1,788948,65291971.0,3646,0,-3269,328646,0,3000,325000,0,6269
20260804,1558,伸興,90.2,92.0,90.2,91.7,+,0.5,60777,5546222.0,5346,0,-5000,27346,0,0,22000,0,5000
20260804,00703,台新MSCI中國,20.49,20.49,20.27,20.39,+,0.19,4997,101383.0,0,0,283,0,0,2283,0,0,2000
20260804,2428,興勤,220.0,229.5,219.0,226.0,+,2.0,589246,132069170.0,9106,0,-8824,307106,0,1331,298000,0,10155
20260804,2424,隴華,8.03,8.3,8.03,8.18,+,0.15,7000,57270.0,0,0,0,2000,0,0,2000,0,0
20260804,2496,卓越,58.5,59.9,58.5,59.9,+,0.4,17378,1030824.0,4000,0,-4000,8000,0,0,4000,0,4000
20260804,8104,錸寶,29.75,30.75,29.65,30.4,+,0.4,475188,14453358.0,0,0,0,178000,0,2000,178000,0,2000
20260804,7732,金興精密,35.0,35.6,35.0,35.6,+,0.05,19000,672700.0,1000,0,-1000,6000,0,0,5000,0,1000
20260804,7721,微程式,59.7,62.0,58.5,60.1,+,0.4,64502,3906697.0,1000,0,-1000,33000,0,0,32000,0,1000
20260804,9928,中視,18.05,18.1,17.8,17.95,-,0.2,34079,613156.0,0,0,0,0,0,2000,0,0,2000
20260804,9929,秋雨,11.4,11.4,11.15,11.3,-,0.2,17997,200665.0,5000,0,-5000,6000,0,0,1000,0,5000
20260804,4439,冠星-KY,101.5,101.5,100.5,101.5,,0.0,7905,797905.0,1000,0,-1000,2000,0,0,1000,0,1000
20260804,5906,台南-KY,37.65,38.5,37.65,38.5,-,2.5,3150,120181.0,1000,0,-1000,1000,0,0,0,0,1000
20260804,6796,晉弘,55.6,56.5,55.2,56.4,+,0.8,16231,905363.0,1000,0,-1000,6000,0,0,5000,0,1000
20260804,6908,宏碁遊戲-創,31.1,33.15,31.1,33.15,-,0.7,6035,194788.0,2000,0,-2010,3000,0,2000,1000,0,4010
20260804,6951,青新-創,70.7,71.5,70.7,71.0,-,0.3,27810,1976519.0,5000,0,-5163,16000,0,0,11000,0,5163
20260804,1603,華電,28.85,29.25,28.85,29.1,-,0.1,193728,5628039.0,52595,0,-53000,79595,0,0,27000,0,53000
20260804,3092,鴻碩,22.7,23.15,22.6,23.1,+,0.25,186401,4282952.0,2240,0,-3000,85240,0,0,83000,0,3000
20260804,2233,宇隆,193.5,204.5,192.5,204.0,+,10.5,673917,134244877.0,-10593,0,9711,256460,0,19430,267053,0,9719
20260804,1441,大東,8.86,9.07,8.84,9.05,+,0.11,25863,229964.0,1000,0,-2000,7000,0,0,6000,0,2000
20260804,1341,富林-KY,57.3,58.6,57.3,58.6,+,0.9,5759,331094.0,1000,0,-2000,1000,0,0,0,0,2000
20260804,3056,富華新,13.85,14.05,13.85,14.0,,0.0,617500,8619449.0,58000,0,-59000,277000,0,0,219000,0,59000
20260804,3432,台端,15.5,16.3,15.5,15.95,-,0.05,16187,258702.0,0,0,-1000,3000,0,0,3000,0,1000
20260804,3593,力銘,12.65,12.65,12.35,12.6,-,0.15,18012,223796.0,-1000,0,0,0,0,0,1000,0,0
20260804,2939,永邑-KY,19.1,19.1,18.4,18.4,-,0.55,32007,592229.0,0,0,-1000,7000,0,1000,7000,0,2000
20260804,2432,倚天酷碁-創,27.9,28.35,27.9,28.35,+,0.1,23000,645650.0,10000,0,-11000,14000,0,0,4000,0,11000
20260804,6934,心誠鎂,76.4,76.5,73.4,73.9,-,2.7,17099,1284030.0,0,0,-1000,4000,0,0,4000,0,1000
20260804,7760,享溫馨,33.8,34.05,32.9,34.0,+,0.2,41000,1387150.0,0,0,-1000,5000,0,1000,5000,0,2000
20260804,8443,阿瘦,11.3,11.5,11.3,11.5,,0.0,8290,94624.0,0,0,-1000,1000,0,0,1000,0,1000
20260804,8404,百和興業-KY,16.05,16.4,16.0,16.35,,0.0,244526,3964346.0,31000,0,-32000,136000,0,2000,105000,0,34000
20260804,8488,吉源-KY,9.81,9.91,9.81,9.91,-,0.19,2000,19720.0,1000,0,-2000,1000,0,0,0,0,2000
20260804,6655,科定,114.0,119.0,114.0,117.5,-,0.5,11013,1284041.0,2000,0,-3000,6000,0,0,4000,0,3000
20260804,6581,鋼聯,107.5,109.0,107.5,109.0,+,0.5,27134,2926523.0,5000,0,-6000,18000,0,0,13000,0,6000
20260804,4588,玖鼎電力,50.1,50.8,49.45,50.6,,0.0,59621,2993759.0,5000,0,-6000,20000,0,0,15000,0,6000
20260804,00660,元大歐洲50,47.11,47.11,47.11,47.11,+,0.07,5143,241313.0,0,0,-1000,0,0,0,0,0,1000
20260804,2415,錩新,30.5,31.2,30.5,31.0,+,0.35,158798,4893190.0,-1030,2000,-2000,63000,2000,1000,64030,0,3000
20260804,4771,望隼,185.5,187.5,184.0,187.5,+,1.0,80798,14977680.0,3116,0,-4315,38116,0,0,35000,0,4315
20260804,6952,大武山,34.6,34.9,34.6,34.8,-,0.55,19298,671216.0,5000,0,-6218,11000,0,0,6000,0,6218
20260804,9103,美德醫療-DR,5.23,5.23,5.06,5.12,,0.0,642043,3278228.0,-1000,0,-628,145000,0,0,146000,0,628
20260804,7823,奧義賽博-KY創,78.1,81.2,78.1,81.0,+,2.7,12127,972233.0,0,0,-1989,3000,0,11,3000,0,2000
20260804,6835,圓裕,30.1,31.25,30.1,30.75,+,0.1,24300,742592.0,-1000,0,-1000,13000,0,0,14000,0,1000
20260804,2945,三商家購,40.7,41.5,40.7,41.45,+,0.35,8501,348270.0,0,0,-2000,4000,0,0,4000,0,2000
20260804,2911,麗嬰房,6.93,6.98,6.78,6.86,-,0.08,115503,791234.0,0,0,-2000,31000,0,0,31000,0,2000
20260804,1233,天仁,28.65,29.0,28.3,29.0,+,0.05,21272,607818.0,3000,0,-5000,12000,0,0,9000,0,5000
20260804,1324,地球,9.99,10.1,9.91,9.96,-,0.02,25452,253625.0,2000,0,-4000,10000,0,0,8000,0,4000
20260804,1521,大億,24.85,25.25,24.85,25.1,-,0.3,16409,410297.0,1000,0,-3000,7000,0,0,6000,0,3000
20260804,00851,台新全球AI,70.0,70.0,70.0,70.0,+,0.9,3046,211594.0,0,0,-2000,0,0,0,0,0,2000
20260804,6962,奕力-KY,30.75,31.45,30.7,31.15,-,0.1,1270878,39588242.0,26000,0,-28030,520000,0,2495,494000,0,30525
20260804,6645,金萬林-創,13.0,13.15,11.75,13.15,+,0.1,44505,557239.0,-2000,0,-504,3000,0,6000,5000,0,6504
20260804,4737,華廣,54.9,55.1,54.2,55.0,+,0.1,57382,3131441.0,2067,0,-5000,21067,0,0,19000,0,5000
20260804,6988,威力暘-創,12.2,12.2,11.9,11.9,-,0.05,7113,85332.0,-2000,0,-983,1000,0,1017,3000,0,2000
20260804,6928,攸泰科技,48.0,49.95,48.0,49.6,+,1.0,88219,4356114.0,-1000,0,-2000,33000,0,0,34000,0,2000
20260804,9937,全國,54.8,55.5,54.8,55.4,-,0.2,58093,3197116.0,10000,0,-13000,41000,0,0,31000,0,13000
20260804,2024,志聯,13.45,13.55,13.4,13.55,,0.0,8200,110264.0,0,0,-3000,2000,0,0,2000,0,3000
20260804,1533,車王電,31.5,32.2,31.25,32.05,,0.0,83149,2650556.0,0,0,-3000,38000,0,5000,38000,0,8000
20260804,1583,程泰,49.1,49.75,49.1,49.3,-,0.7,27475,1352273.0,2000,0,-5000,15000,0,0,13000,0,5000
20260804,2008,高興昌,30.65,31.1,30.5,30.55,-,0.45,74244,2276797.0,8000,0,-11000,37000,0,3000,29000,0,14000
20260804,1725,元禎,29.5,30.2,29.35,29.85,-,0.05,63199,1881841.0,1000,0,-4000,39000,0,0,38000,0,4000
20260804,1443,立益物流,25.55,26.35,25.5,25.85,-,0.65,29078,748261.0,-1000,0,-2000,13000,0,0,14000,0,2000
20260804,1453,大將,11.0,11.2,10.95,11.2,+,0.05,24585,272095.0,2000,0,-5000,13000,0,0,11000,0,5000
20260804,00709,富邦歐洲,41.1,41.23,41.01,41.16,+,0.16,36105,1482760.0,0,0,-3000,0,0,24000,0,0,27000
20260804,6873,泓德能源,77.5,79.2,76.9,78.1,+,0.2,179567,14037769.0,11000,0,-14081,75000,0,1000,64000,0,15081
20260804,00938,凱基優選30,24.55,24.81,24.55,24.72,-,0.09,1522829,37608425.0,534000,0,-537174,556000,0,890112,22000,0,1427286
20260804,6924,榮惠-KY創,101.5,110.0,101.5,108.5,+,8.5,99805,10637206.0,10000,0,-13196,28000,0,30608,18000,0,43804
20260804,6916,華凌,19.45,19.45,18.15,18.35,+,0.3,63180,1161427.0,-2000,0,-1200,14000,0,3800,16000,0,5000
20260804,0057,富邦摩台,299.55,302.85,299.55,301.65,-,2.15,42956,12890049.0,7,0,-3977,7,0,35026,0,0,39003
20260804,6936,永鴻生技,31.65,31.85,31.6,31.8,-,0.05,33656,1068335.0,1000,0,-5000,5000,0,0,4000,0,5000
20260804,9944,新麗,17.8,17.85,17.55,17.7,-,0.05,35954,635888.0,9000,0,-13000,18000,0,0,9000,0,13000
20260804,8481,政伸,40.0,40.4,39.8,40.2,+,0.2,17136,685605.0,-1000,0,-3000,8000,0,0,9000,0,3000
20260804,6807,峰源-KY,34.9,35.65,34.3,35.3,+,0.4,26008,906230.0,-1000,0,-3000,9000,0,0,10000,0,3000
20260804,6674,鋐寶科技,15.15,15.45,15.05,15.45,+,0.05,12000,183300.0,-3000,0,-1000,4000,0,0,7000,0,1000
20260804,1445,大宇,10.45,10.7,10.4,10.7,-,0.05,40053,423808.0,1000,0,-5000,11000,0,0,10000,0,5000
20260804,1752,南光,31.45,32.2,31.45,31.8,+,0.15,30015,950617.0,5000,0,-9000,13000,0,1000,8000,0,10000
20260804,1817,凱撒衛,38.25,38.45,38.25,38.4,-,0.1,43610,1669830.0,-2000,0,-2000,7000,0,0,9000,0,2000
20260804,1530,亞崴,27.55,27.75,27.35,27.5,-,0.15,31386,862797.0,8000,0,-12045,21000,0,0,13000,0,12045
20260804,8487,愛爾達-創,76.4,76.4,74.8,75.0,-,0.2,22161,1669537.0,-9000,0,4933,2000,0,6001,11000,0,1068
20260804,2489,瑞軒,27.9,30.25,27.45,30.1,+,2.2,9912361,287183213.0,-31040,3050,23810,3011960,3050,103848,3043000,0,80038
20260804,4441,振大環球,173.5,178.5,173.5,178.5,+,3.0,34264,6042362.0,-2000,0,-2250,12000,0,0,14000,0,2250
20260804,5434,崇越,508.0,522.0,507.0,509.0,+,3.0,1252060,642200787.0,455155,-437000,-22512,841687,6000,9663,386532,443000,32175
20260804,6799,來頡,78.0,79.7,77.1,79.1,+,1.3,214858,16901787.0,-920,0,-3604,109080,0,0,110000,0,3604
20260804,6552,易華電,23.65,24.4,23.65,24.35,+,0.55,105704,2546816.0,-3000,0,-2000,39000,0,0,42000,0,2000
20260804,5546,永固-KY,13.15,13.8,13.15,13.8,+,0.3,13904,189303.0,-5000,0,0,4000,0,3000,9000,0,3000
20260804,4930,燦星網,16.0,16.15,15.95,16.05,-,0.05,18936,303518.0,-3000,0,-2000,8000,0,0,11000,0,2000
20260804,9931,欣高,33.55,33.9,33.45,33.85,+,0.05,33325,1119301.0,-2000,0,-3000,18000,0,0,20000,0,3000
20260804,9946,三發地產,17.7,17.9,17.65,17.9,+,0.1,160777,2861813.0,-13000,4000,4000,50000,4000,12000,63000,0,8000
20260804,2712,遠雄來,14.4,14.6,14.4,14.6,+,0.2,13120,189683.0,-4000,0,-1000,5000,0,0,9000,0,1000
20260804,2115,六暉-KY,21.7,22.15,21.7,21.85,,0.0,31173,679144.0,-3000,0,-2000,10000,0,0,13000,0,2000
20260804,1473,台南,19.65,19.9,19.55,19.75,-,0.05,48827,961374.0,4000,0,-9000,21000,0,0,17000,0,9000
20260804,1735,日勝化,19.4,20.1,19.4,19.8,+,0.25,154743,3067822.0,16000,0,-21412,77000,0,21000,61000,0,42412
20260804,1454,台富,12.75,13.0,12.65,13.0,,0.0,24694,314714.0,0,0,-6000,7000,0,0,7000,0,6000
20260804,9918,欣天然,42.25,42.85,42.15,42.8,-,0.15,39163,1663157.0,-2000,0,-4000,22000,0,0,24000,0,4000
20260804,4994,傳奇,88.2,89.2,87.0,89.2,-,0.9,27534,2427914.0,0,0,-6000,9000,0,0,9000,0,6000
20260804,6887,寶綠特-KY,35.05,38.8,35.0,38.0,+,2.0,63222,2348307.0,-1000,0,-5000,12000,0,2000,13000,0,7000
20260804,1459,聯發,12.8,12.95,12.8,12.95,+,0.15,187561,2414724.0,964,0,-7000,32457,0,0,31493,0,7000
20260804,00944,野村趨勢動能高息,20.19,20.34,20.12,20.25,+,0.06,98611,1993665.0,1000,0,-7084,2000,0,72460,1000,0,79544
20260804,1568,倉佑,27.7,28.0,27.0,27.9,+,0.75,383821,10597431.0,-9052,0,2965,133000,0,6000,142052,0,3035
20260804,6414,樺漢,428.0,443.0,428.0,436.5,-,1.0,2019031,879559788.0,7778,0,-14288,958217,0,55172,950439,0,69460
20260804,00903,富邦元宇宙,20.92,21.08,20.92,21.08,+,0.56,164273,3457757.0,1000,0,-7762,1000,0,128238,0,0,136000
20260804,7827,漢康-KY創,149.0,154.5,149.0,153.5,+,3.0,182069,27707026.0,-2000,0,-4850,63000,0,4174,65000,0,9024
20260804,7835,永悅健康-創,29.1,29.1,28.35,28.8,-,0.2,23104,664947.0,-4000,0,-3000,0,0,0,4000,0,3000
20260804,7803,雲象科技-創,19.55,20.2,19.55,19.75,+,0.25,71100,1412720.0,-7000,0,0,22000,0,15000,29000,0,15000
20260804,6771,平和環保-創,38.1,38.7,37.9,38.65,+,0.8,25184,965127.0,2000,0,-9000,9000,0,1000,7000,0,10000
20260804,5215,科嘉-KY,37.9,38.75,37.7,38.5,-,0.05,58553,2243821.0,4000,0,-11000,30000,0,1000,26000,0,12000
20260804,1626,艾美特-KY,9.82,9.82,9.72,9.72,-,0.09,48996,477789.0,-3000,0,-4000,17000,0,0,20000,0,4000
20260804,1535,中宇,46.2,46.4,45.6,45.75,-,0.45,44596,2047750.0,-1000,0,-6000,31000,0,0,32000,0,6000
20260804,1730,花仙子,51.0,51.5,50.7,51.2,-,0.1,33899,1735019.0,3000,0,-10000,15000,0,0,12000,0,10000
20260804,1438,三地開發,22.7,22.8,22.2,22.7,-,0.2,42643,962749.0,-5000,0,-2000,13000,0,1000,18000,0,3000
20260804,1410,南染,25.65,26.35,25.45,25.7,,0.0,40015,1028782.0,-5000,0,-2000,11000,0,0,16000,0,2000
20260804,1236,宏亞,24.4,25.0,24.4,24.85,+,0.15,48907,1208752.0,-4000,0,-3000,11000,0,0,15000,0,3000
20260804,5292,華懋,159.0,164.0,159.0,163.0,+,2.0,55957,9104715.0,-6000,0,-1061,29000,0,219,35000,0,1280
20260804,6515,穎崴,6305.0,6595.0,6090.0,6575.0,+,325.0,307211,1962028675.0,5666,-9000,-3841,156186,23000,4413,150520,32000,8254
20260804,4551,智伸科,158.0,164.0,156.0,163.0,+,3.0,410126,66019990.0,-5491,2000,-3877,197000,2000,1020,202491,0,4897
20260804,7765,中華資安,222.5,223.0,220.5,221.5,-,1.0,27557,6119280.0,-6000,0,-2000,3000,0,0,9000,0,2000
20260804,6958,日盛台駿,18.5,18.85,18.5,18.7,-,0.15,81214,1510973.0,3000,0,-11000,45000,0,4000,42000,0,15000
20260804,1456,怡華,13.85,14.1,13.8,14.0,-,0.1,40465,563933.0,-6000,0,-2000,6000,0,2000,12000,0,4000
20260804,2413,環科,39.25,40.5,39.25,39.95,,0.0,727753,29122194.0,-1998,0,-6015,254002,0,0,256000,0,6015
20260804,4536,拓凱,165.0,166.0,164.0,166.0,+,1.0,600648,99155470.0,88075,-80000,-16116,548075,0,0,460000,80000,16116
20260804,3010,華立,114.0,118.0,113.5,117.0,+,1.0,399946,46458430.0,19144,0,-27364,206144,0,1046,187000,0,28410
20260804,6921,嘉雨思-創,60.1,60.5,59.7,59.8,-,0.9,32386,1951423.0,-6000,0,-2335,8000,0,8000,14000,0,10335
20260804,2421,建準,134.0,137.5,133.5,135.5,-,1.0,1381098,187312317.0,53802,0,-62218,662704,0,7106,608902,0,69324
20260804,2483,百容,36.3,40.1,36.3,39.6,+,1.6,237872,9333971.0,-3000,0,-6000,42000,0,0,45000,0,6000
20260804,2373,震旦行,53.0,53.5,53.0,53.5,+,0.1,69727,3705998.0,2000,0,-11000,34000,0,0,32000,0,11000
20260804,6918,愛派司,70.4,70.4,69.7,70.4,,0.0,30415,2129123.0,-3000,0,-6000,2000,0,0,5000,0,6000
20260804,8463,潤泰材,20.9,21.2,20.9,21.05,-,0.05,45838,964589.0,7000,0,-16000,19000,0,0,12000,0,16000
20260804,9926,新海,49.1,49.6,49.1,49.6,-,0.1,26206,1290920.0,-4000,0,-5000,12000,0,0,16000,0,5000
20260804,8482,商億-KY,49.4,49.8,47.8,48.8,-,1.15,26415,1292830.0,-7000,0,-2000,10000,0,0,17000,0,2000
20260804,6722,輝創,32.55,33.25,32.55,32.9,-,0.5,25224,829442.0,-6000,0,-3000,9000,0,0,15000,0,3000
20260804,2248,華勝-KY,58.6,59.0,58.0,58.1,-,1.3,66087,3860900.0,-9000,0,0,8000,0,1000,17000,0,1000
20260804,1340,勝悅-KY,5.04,5.11,5.01,5.05,+,0.01,88277,444906.0,-4000,0,-5000,17000,0,0,21000,0,5000
20260804,00901,永豐智能車供應鏈,42.39,43.58,42.39,42.92,-,0.07,1462449,62828238.0,-607000,0,597957,2000,0,1430301,609000,0,832344
20260804,00657,國泰日經225,75.15,75.7,74.95,75.5,-,0.05,372044,27979791.0,-989,0,-8106,4011,0,354157,5000,0,362263
20260804,4440,宜新實業,17.45,17.45,17.3,17.4,-,0.05,40748,707325.0,4000,0,-13140,10000,0,0,6000,0,13140
20260804,7631,聚賢研發-創,136.0,136.0,129.0,132.5,,0.0,39868,5256092.0,-9000,0,-209,4000,0,11080,13000,0,11289
20260804,6192,巨路,111.5,114.0,111.5,114.0,+,1.0,116031,13081273.0,5000,0,-14275,45000,0,0,40000,0,14275
20260804,6405,悅城,35.7,38.65,35.65,38.65,+,2.55,734232,27715752.0,-9000,0,-364,278000,0,2000,287000,0,2364
20260804,6782,視陽,186.0,190.0,186.0,190.0,+,1.0,160195,30114858.0,-1405,0,-8113,68595,0,0,70000,0,8113
20260804,8940,新天地,15.35,15.4,15.2,15.35,-,0.05,111206,1703696.0,-9980,0,0,6020,0,1000,16000,0,1000
20260804,5007,三星,55.6,56.5,55.5,56.5,,0.0,108079,6036623.0,-1000,0,-9000,45000,0,2000,46000,0,11000
20260804,2702,華園,12.6,12.6,12.4,12.5,-,0.1,29679,370603.0,0,0,-10000,5000,0,0,5000,0,10000
20260804,2433,互盛電,41.7,41.95,41.6,41.85,+,0.05,48961,2043277.0,0,0,-10000,24000,0,0,24000,0,10000
20260804,1452,宏益,11.2,11.25,11.15,11.2,,0.0,55477,620989.0,-7000,0,-3000,15000,0,0,22000,0,3000
20260804,1472,三洋實業,88.2,89.8,85.1,89.5,+,1.1,46907,4129722.0,-8000,0,-2000,12000,0,2000,20000,0,4000
20260804,2012,春雨,15.2,15.45,15.15,15.35,-,0.3,106361,1626169.0,15000,0,-25000,49000,0,0,34000,0,25000
20260804,00911,兆豐洲際半導體,52.5,52.65,52.0,52.45,-,0.05,187357,9808388.0,4228,0,-14346,5228,0,10000,1000,0,24346
20260804,4583,台灣精銳,478.5,498.0,466.5,490.5,+,2.5,177583,86554233.0,-3198,0,-7413,72802,0,1000,76000,0,8413
20260804,1220,台榮,11.15,11.3,11.15,11.25,,0.0,66448,743598.0,14071,0,-24883,34348,0,1000,20277,0,25883
20260804,1723,中碳,82.1,83.4,81.8,83.3,-,0.2,418549,34590502.0,14595,0,-25495,253000,0,4208,238405,0,29703
20260804,2025,千興,12.3,12.3,11.85,12.05,+,0.15,222495,2671452.0,-9000,0,-2000,55000,0,1000,64000,0,3000
20260804,1235,興泰,36.0,36.7,35.7,35.9,-,1.3,35210,1267510.0,-3000,0,-8000,18000,0,1000,21000,0,9000
20260804,6794,向榮生技,76.5,76.5,74.3,75.8,-,1.1,50000,3774500.0,-10000,0,-1000,9000,0,0,19000,0,1000
20260804,2509,全坤建,13.1,13.25,12.9,13.25,+,0.2,110112,1437537.0,-7000,0,-4000,20000,0,0,27000,0,4000
20260804,2722,夏都,21.6,22.75,21.55,22.2,+,0.05,60312,1333222.0,-2000,0,-9000,20000,0,2000,22000,0,11000
20260804,3003,健和興,56.1,58.1,55.9,57.8,+,0.7,295683,16917801.0,-3022,0,-8131,152978,0,6177,156000,0,14308
20260804,6409,旭隼,921.0,950.0,917.0,941.0,+,7.0,311435,291551857.0,-850,1000,-11994,187188,2000,8135,188038,1000,20129
20260804,3661,世芯-KY,3265.0,3410.0,3200.0,3390.0,+,140.0,1610365,5364832955.0,-37255,9000,16390,630685,10000,54395,667940,1000,38005
20260804,3652,精聯,29.5,30.45,29.3,30.0,+,0.55,103131,3091262.0,-8995,0,-3000,38005,0,0,47000,0,3000
20260804,3494,誠研,6.87,7.09,6.74,6.88,-,0.19,144713,988535.0,-10000,0,-2000,9000,0,0,19000,0,2000
20260804,4169,泰宗,160.5,165.5,160.0,162.0,+,1.5,204909,33179280.0,-12000,0,0,14000,0,1000,26000,0,1000
20260804,6931,青松健康,37.65,38.0,37.5,37.6,-,0.35,52020,1967968.0,-5000,0,-7000,9000,0,0,14000,0,7000
20260804,8466,美吉吉-KY,16.6,16.95,16.55,16.9,+,0.2,51129,856635.0,-1000,0,-11000,21000,0,1000,22000,0,12000
20260804,1468,昶和,13.95,14.1,13.55,14.0,,0.0,77043,1067299.0,-3000,0,-9000,16000,0,2000,19000,0,11000
20260804,1315,達新,62.6,63.6,62.6,63.5,+,0.1,44755,2819082.0,-5000,0,-7000,16000,0,0,21000,0,7000
20260804,8499,鼎炫-KY,255.0,255.0,244.0,247.0,+,4.0,33735,8329370.0,-10000,0,-2050,9000,0,1000,19000,0,3050
20260804,6756,威鋒電子,93.6,96.5,93.5,96.0,+,0.6,93235,8895832.0,-11000,0,-1051,29000,0,1000,40000,0,2051
20260804,6183,關貿,90.6,91.7,90.6,91.7,-,0.2,54269,4944499.0,-1000,0,-11056,21000,0,0,22000,0,11056
20260804,2247,汎德永業,225.0,225.0,223.0,224.0,-,4.0,104865,23496281.0,-8466,-497,-4000,21586,0,0,30052,497,4000
20260804,6230,尼得科超眾,107.5,108.0,106.0,107.5,-,2.0,57955,6212436.0,-7000,0,-6000,26000,0,0,33000,0,6000
20260804,4414,如興,8.35,8.42,8.2,8.38,+,0.03,223782,1857368.0,-6000,0,-7000,54000,0,2000,60000,0,9000
20260804,4560,強信-KY,31.5,31.5,31.05,31.45,,0.0,234004,7329270.0,-1000,0,-12000,136000,0,1000,137000,0,13000
20260804,5283,禾聯碩,53.4,54.5,53.4,53.8,-,1.0,34020,1830619.0,-11000,0,-2000,8000,0,0,19000,0,2000
20260804,2314,台揚,12.0,12.1,12.0,12.05,+,0.05,86250,1040541.0,-13000,0,0,1000,0,0,14000,0,0
20260804,00902,中信電池及儲能,12.78,12.92,12.73,12.92,+,0.28,504367,6475171.0,192842,0,-206189,197000,0,81266,4158,0,287455
20260804,6108,競國,16.75,17.1,16.7,16.9,,0.0,398524,6738796.0,-4360,0,-9000,85002,0,0,89362,0,9000
20260804,2395,研華,567.0,588.0,564.0,576.0,,0.0,3976598,2284444026.0,301231,-228318,-86321,2871885,1000,76159,2570654,229318,162480
20260804,7749,意騰-KY,329.0,340.5,329.0,339.0,+,1.0,106545,35987168.0,-12000,0,-1575,35000,0,0,47000,0,1575
20260804,2114,鑫永銓,87.1,87.9,87.1,87.9,-,0.2,37213,3250097.0,-4903,0,-9000,13097,0,0,18000,0,9000
20260804,6715,嘉基,342.0,360.0,339.0,348.5,+,6.5,447791,156498428.0,-15396,0,1469,176602,0,8004,191998,0,6535
20260804,3338,泰碩,63.9,64.9,62.8,64.3,+,0.5,526098,33745167.0,49,0,-14000,256129,0,0,256080,0,14000
20260804,2444,兆勁,10.9,11.0,10.8,10.9,,0.0,149003,1622724.0,-12000,0,-2000,56000,0,0,68000,0,2000
20260804,4426,利勤,7.98,7.99,7.79,7.93,-,0.05,85291,674015.0,-6000,0,-8000,19000,0,0,25000,0,8000
20260804,4572,駐龍,140.0,140.5,139.0,139.5,-,0.5,24084,3366473.0,-9000,0,-5000,7000,0,0,16000,0,5000
20260804,2250,IKKA-KY,56.9,57.6,56.6,57.6,+,0.7,37702,2152311.0,-13000,0,-1000,7000,0,0,20000,0,1000
20260804,1338,廣華-KY,15.65,15.65,15.15,15.45,+,0.15,98026,1495797.0,-14000,0,0,8000,0,2000,22000,0,2000
20260804,1323,永裕,19.9,19.95,19.65,19.75,-,0.2,63402,1252495.0,8000,0,-22000,19000,0,2000,11000,0,24000
20260804,3308,聯德,19.9,20.35,19.75,19.95,+,0.1,62344,1244263.0,-2000,0,-12093,23000,0,1000,25000,0,13093
20260804,1451,年興,17.5,17.55,17.35,17.55,,0.0,93622,1631850.0,-9245,0,-5000,17000,0,0,26245,0,5000
20260804,1762,中化生,31.6,32.15,31.6,32.15,+,0.05,75566,2409531.0,-5664,0,-9000,30336,0,0,36000,0,9000
20260804,3622,洋華,53.3,54.0,53.3,53.7,-,0.2,182883,9822890.0,16000,0,-30790,65000,0,229,49000,0,31019
20260804,8411,福貞-KY,12.95,13.0,12.75,12.8,-,0.25,182035,2334951.0,14000,0,-29000,39000,0,3000,25000,0,32000
20260804,6464,台數科,76.3,79.0,76.0,78.9,-,0.2,49065,3826935.0,-11000,0,-4000,24000,0,0,35000,0,4000
20260804,4119,旭富,47.6,48.4,47.3,48.0,-,0.75,106728,5109706.0,3000,0,-18500,38000,0,1000,35000,0,19500
20260804,4590,富田-創,79.5,80.3,79.1,80.0,-,0.5,83113,6630026.0,-15000,0,-610,19000,0,1000,34000,0,1610
20260804,7610,聯友金屬-創,1450.0,1450.0,1450.0,1450.0,+,130.0,283829,411515240.0,-12738,0,-3000,5000,0,0,17738,0,3000
20260804,8429,金麗-KY,6.02,6.04,5.97,5.98,-,0.05,262866,1576232.0,-12000,0,-4000,21000,0,0,33000,0,4000
20260804,3266,昇陽,13.6,13.8,13.55,13.65,-,0.3,103080,1404171.0,-5000,0,-11000,37000,0,2000,42000,0,13000
20260804,3008,大立光,4030.0,4355.0,4010.0,4355.0,+,395.0,1870025,7952341745.0,-84018,19000,48413,349307,26000,113291,433325,7000,64878
20260804,2705,六福,16.2,16.2,16.0,16.15,,0.0,102987,1656251.0,6000,0,-23000,34000,0,0,28000,0,23000
20260804,5907,大洋-KY,4.96,5.0,4.91,5.0,,0.0,188000,933720.0,-13000,0,-4000,41000,0,0,54000,0,4000
20260804,6582,申豐,31.9,31.9,31.3,31.35,-,0.55,95628,3010370.0,-7000,0,-10000,23000,0,0,30000,0,10000
20260804,2239,英利-KY,19.9,20.2,19.7,20.0,-,0.15,123521,2477063.0,-10000,0,-7000,13000,0,1000,23000,0,8000
20260804,1465,偉全,12.55,12.65,12.4,12.5,-,0.1,56980,711778.0,0,0,-17167,19000,0,0,19000,0,17167
20260804,1760,寶齡富錦,58.1,59.2,58.1,58.8,-,0.2,69113,4062957.0,-16000,0,-2000,17000,0,0,33000,0,2000
20260804,2904,匯僑,13.3,13.3,13.2,13.25,-,0.05,31570,417889.0,-8000,0,-10000,5000,0,0,13000,0,10000
20260804,2491,吉祥全,24.1,26.45,23.7,26.45,+,2.4,268918,6863317.0,-14000,0,-4086,58000,0,914,72000,0,5000
20260804,6861,睿生光電,198.0,208.0,198.0,206.0,+,8.0,349336,71106550.0,-18410,0,120,134037,0,3092,152447,0,2972
20260804,3040,遠見,35.8,35.8,34.85,35.8,+,0.3,70816,2505183.0,-18000,0,-1000,5000,0,0,23000,0,1000
20260804,2349,錸德,10.7,10.85,10.55,10.8,+,0.1,1163368,12463403.0,6629,0,-26000,431629,0,0,425000,0,26000
20260804,4137,麗豐-KY,94.7,94.9,94.4,94.5,-,0.6,92355,8738069.0,-12000,-1038,-6841,38000,0,1000,50000,1038,7841
20260804,5484,慧友,40.0,41.3,38.8,39.8,-,0.6,215909,8643567.0,-20000,0,0,55000,0,2000,75000,0,2000
20260804,7791,皇家可口,59.1,59.3,59.0,59.3,-,0.2,57171,3384397.0,-12000,0,-8000,6000,0,0,18000,0,8000
20260804,2438,翔耀,17.95,17.95,17.5,17.6,-,0.4,68299,1204485.0,-19000,0,-1000,15000,0,0,34000,0,1000
20260804,1726,永記,76.8,77.0,76.3,76.9,-,0.3,42478,3251901.0,-13000,0,-7000,14000,0,0,27000,0,7000
20260804,8438,昶昕,59.2,63.5,59.1,62.9,+,2.0,311388,19346219.0,-19970,0,-165,145952,0,1043,165922,0,1208
20260804,8045,達運光電,53.8,56.0,53.8,55.2,+,1.7,89576,4926941.0,-17000,0,-3998,37000,0,2,54000,0,4000
20260804,4807,日成-KY,38.65,39.0,36.2,36.7,-,2.3,94363,3535730.0,-22000,0,1000,13000,0,3000,35000,0,2000
20260804,3419,譁裕,12.05,12.05,11.85,12.0,-,0.05,62576,749075.0,-17000,0,-4000,6000,0,0,23000,0,4000
20260804,1457,宜進,14.1,14.3,14.05,14.3,,0.0,160216,2268509.0,-9000,0,-12000,46000,0,0,55000,0,12000
20260804,3130,一零四,202.5,204.0,202.5,203.5,+,0.5,34549,7018743.0,-16962,0,-5000,9000,0,0,25962,0,5000
20260804,2611,志信,13.5,13.5,13.25,13.35,-,0.1,167547,2241172.0,6000,0,-28000,64000,0,0,58000,0,28000
20260804,6914,阜爾運通,147.0,147.0,146.0,146.5,-,1.0,41397,6066025.0,-14129,0,-8013,6000,0,0,20129,0,8013
20260804,6862,三集瑞-KY,136.0,140.5,135.0,138.0,+,0.5,259886,35736265.0,-21000,0,-1978,83000,0,0,104000,0,1978
20260804,6614,資拓宏宇,35.75,35.9,35.2,35.55,-,0.35,97023,3450217.0,-20000,0,-3000,9000,0,0,29000,0,3000
20260804,9905,大華,20.8,20.8,20.5,20.6,-,0.1,121170,2495803.0,-2000,0,-21000,30000,0,0,32000,0,21000
20260804,2929,淘帝-KY,5.59,5.59,5.52,5.58,-,0.02,100766,560443.0,-14000,0,-9000,8000,0,0,22000,0,9000
20260804,1614,三洋電,30.85,31.1,30.85,30.95,-,0.35,83016,2571304.0,-16000,0,-7000,26000,0,2000,42000,0,9000
20260804,2227,裕日車,49.25,50.0,49.0,49.85,-,0.35,53313,2631066.0,-17022,0,-6000,21000,0,1000,38022,0,7000
20260804,1325,恆大,26.15,26.4,26.05,26.05,-,0.05,157011,4103483.0,-21055,0,-2000,40945,0,0,62000,0,2000
20260804,3532,台勝科,284.0,291.5,284.0,291.5,+,26.5,570073,164866917.0,-24948,-1000,2764,55472,0,35764,80420,1000,33000
20260804,6965,中傑-KY,75.5,76.0,75.1,75.9,-,1.1,38454,2898740.0,-21000,0,-3000,5000,0,1000,26000,0,4000
20260804,6504,南六,39.5,39.7,38.25,38.75,-,0.9,96705,3777888.0,-16000,0,-8000,25000,0,0,41000,0,8000
20260804,5519,隆大,28.0,28.05,27.75,28.05,+,0.05,117411,3274910.0,-12000,0,-12058,45000,0,0,57000,0,12058
20260804,6670,復盛應用,256.0,259.5,254.5,258.0,-,1.5,334236,85981209.0,14938,-51000,10258,215938,9000,18000,201000,60000,7742
20260804,6272,驊陞,24.15,24.8,23.75,24.55,+,0.4,128218,3093461.0,-26000,0,0,43000,0,5000,69000,0,5000
20260804,3057,喬鼎,15.3,15.3,14.55,14.55,-,0.45,102728,1509459.0,-24000,0,-2000,23000,0,0,47000,0,2000
20260804,2109,華豐,14.35,14.4,14.25,14.4,-,0.05,69060,990760.0,-10030,0,-16000,17000,0,0,27030,0,16000
20260804,6152,百一,11.9,12.1,11.7,11.8,-,0.1,301665,3596196.0,-23000,0,-4000,82000,0,0,105000,0,4000
20260804,3528,安馳,88.0,89.5,86.1,88.1,+,0.9,394848,34744211.0,-20000,0,-7030,143000,0,0,163000,0,7030
20260804,8478,東哥遊艇,149.5,151.0,149.0,150.5,-,0.5,106832,16021736.0,-22400,0,-5136,23000,0,2000,45400,0,7136
20260804,00692,富邦公司治理,86.95,87.8,85.4,86.65,-,0.8,1291965,111911665.0,334000,0,-361670,493000,0,601641,159000,0,963311
20260804,1474,弘裕,10.05,10.05,9.95,10.0,,0.0,120544,1204645.0,-22000,0,-6000,17000,0,0,39000,0,6000
20260804,1731,美吾華,20.55,20.55,20.4,20.45,-,0.05,92192,1884685.0,-23000,0,-5000,6000,0,0,29000,0,5000
20260804,1732,毛寶,26.5,26.9,26.25,26.5,,0.0,136805,3612887.0,-25000,0,-3000,21000,0,0,46000,0,3000
20260804,6271,同欣電,168.0,179.5,166.0,179.5,+,11.5,8147776,1417168042.0,-401804,0,373412,2294115,0,495632,2695919,0,122220
20260804,7821,神數,39.65,40.0,39.65,39.75,-,0.25,91657,3650179.0,-15000,0,-14000,7000,0,0,22000,0,14000
20260804,1783,和康生,39.7,40.05,39.6,39.95,-,0.1,56346,2238472.0,-15000,0,-14000,10000,0,0,25000,0,14000
20260804,5288,豐祥-KY,190.5,193.5,185.0,193.5,+,4.0,239432,45615798.0,-80000,56000,-5373,37000,56000,627,117000,0,6000
20260804,6691,洋基工程,652.0,685.0,652.0,679.0,+,17.0,432499,291008534.0,-20745,3000,-11918,182255,3000,5691,203000,0,17609
20260804,4106,雃博,23.25,23.75,23.2,23.75,+,0.35,132065,3116369.0,-20786,0,-8999,9214,0,1,30000,0,9000
20260804,4755,三福化,110.5,114.0,110.5,113.5,,0.0,174292,19694790.0,-23000,0,-6850,88000,0,0,111000,0,6850
20260804,3038,全台,20.7,20.85,20.65,20.85,-,0.05,117109,2427868.0,2001,0,-32000,39001,0,0,37000,0,32000
20260804,1463,強盛新,17.7,17.7,17.55,17.7,-,0.05,86008,1515736.0,-22000,0,-8000,17000,0,0,39000,0,8000
20260804,4736,泰博,128.0,129.0,127.5,128.0,-,0.5,96347,12349306.0,-13989,0,-16166,31011,0,0,45000,0,16166
20260804,1460,宏遠,6.7,6.77,6.66,6.73,-,0.04,279425,1868537.0,-14602,0,-16000,81001,0,0,95603,0,16000
20260804,1506,正道,10.25,10.4,10.15,10.2,-,0.25,182509,1867002.0,-28000,0,-3077,26000,0,0,54000,0,3077
20260804,1773,勝一,150.5,155.0,150.0,155.0,+,3.5,381716,58337204.0,-19000,0,-12771,141000,0,17196,160000,0,29967
20260804,1417,嘉裕,8.21,8.32,8.2,8.25,-,0.02,98944,814928.0,-26000,0,-6000,21000,0,0,47000,0,6000
20260804,2524,京城,35.0,35.25,34.7,35.05,-,0.55,85359,2984536.0,-24000,0,-8000,42000,0,1000,66000,0,9000
20260804,6164,華興,11.55,11.75,11.35,11.7,+,0.2,385816,4474273.0,-30000,0,-2000,135000,0,0,165000,0,2000
20260804,1903,士紙,47.15,47.25,47.0,47.05,-,0.1,172446,8121695.0,-23007,0,-9000,45000,0,0,68007,0,9000
20260804,2072,世紀風電,158.0,163.5,157.5,163.5,+,4.5,570253,92035521.0,-24000,0,-8156,157000,0,2,181000,0,8158
20260804,2616,山隆,13.35,13.35,13.25,13.25,-,0.1,104189,1386338.0,-28000,0,-4187,17000,0,0,45000,0,4187
20260804,3588,通嘉,51.0,54.8,51.0,52.4,+,0.3,199841,10572332.0,-33943,0,1000,66110,0,4000,100053,0,3000
20260804,1587,吉茂,24.15,24.55,23.95,24.35,-,0.15,114767,2787391.0,-31108,0,-2000,37000,0,0,68108,0,2000
20260804,3515,華擎,196.0,199.5,195.5,198.5,+,1.0,273421,53957893.0,-27000,0,-6870,101000,0,179,128000,0,7049
20260804,4935,茂林-KY,34.05,35.25,34.05,34.65,-,0.45,97116,3372721.0,-25000,0,-9000,28000,0,0,53000,0,9000
20260804,1446,宏和,13.75,13.75,13.5,13.6,-,0.15,259070,3512103.0,10000,0,-44000,76000,0,0,66000,0,44000
20260804,1527,鑽全,32.5,32.5,32.25,32.5,+,0.25,188168,6085605.0,7000,0,-41149,39000,0,0,32000,0,41149
20260804,4976,佳凌,37.5,38.8,36.8,37.3,-,0.7,5857134,220539621.0,-25585,0,-9000,1357415,0,0,1383000,0,9000
20260804,9939,宏全,128.0,131.0,128.0,131.0,+,2.5,1205597,156012085.0,84191,-112000,-7127,576191,0,25296,492000,112000,32423
20260804,2462,良得電,19.8,20.05,19.6,19.8,-,0.05,208871,4141764.0,-33000,0,-2202,57000,0,3000,90000,0,5202
20260804,1339,昭輝,44.4,44.6,43.85,44.4,,0.0,80901,3571231.0,-15000,0,-20871,16000,0,1000,31000,0,21871
20260804,1464,得力,10.25,10.3,10.2,10.25,-,0.05,283823,2911377.0,-27989,0,-8000,73011,0,0,101000,0,8000
20260804,4557,永新-KY,50.8,50.8,48.75,49.65,-,0.35,416100,20598416.0,-34000,0,-2000,18000,0,1000,52000,0,3000
20260804,1514,亞力,98.7,100.0,97.6,99.9,+,1.2,1151173,114153260.0,-12403,0,-23880,472088,0,7619,484491,0,31499
20260804,3530,晶相光,54.1,54.8,53.2,54.4,+,0.4,128527,6967314.0,-33344,0,-3000,35656,0,0,69000,0,3000
20260804,5222,全訊,110.0,112.0,109.5,111.5,+,0.5,120863,13419000.0,-24661,0,-12000,37339,0,0,62000,0,12000
20260804,00850,元大臺灣ESG永續,86.0,87.3,85.0,86.15,-,0.25,769168,66134946.0,52082,35000,-124022,123082,35000,323841,71000,0,447863
20260804,3021,鴻名,20.45,21.6,20.15,21.3,+,1.15,379631,8006831.0,-34000,0,-3000,80000,0,1000,114000,0,4000
20260804,2516,新建,13.9,14.05,13.85,13.9,-,0.05,160650,2238392.0,-22000,0,-15000,7000,0,0,29000,0,15000
20260804,2597,潤弘,159.5,160.5,159.5,160.5,-,1.5,133578,21384780.0,-18933,0,-18476,56000,0,0,74933,0,18476
20260804,6923,中台,74.6,76.8,74.5,74.5,-,1.1,86175,6451475.0,-36000,0,-2000,19000,0,0,55000,0,2000
20260804,5306,桂盟,89.0,91.1,89.0,89.7,-,0.2,87723,7899080.0,-18000,0,-20000,29000,0,0,47000,0,20000
20260804,5531,鄉林,7.81,7.85,7.7,7.78,-,0.07,299187,2323841.0,-5000,0,-33000,170000,0,0,175000,0,33000
20260804,6937,天虹,256.0,264.0,254.0,254.0,-,4.5,232804,60095093.0,-33000,0,-5140,85000,0,7186,118000,0,12326
20260804,6426,統新,161.5,173.5,160.0,173.5,+,15.5,546716,92250405.0,-44015,0,5857,77000,0,6858,121015,0,1001
20260804,1611,中電,11.7,12.0,11.6,12.0,+,0.2,486567,5776420.0,-16593,0,-22000,206886,0,0,223479,0,22000
20260804,8222,寶一,36.0,37.25,35.85,36.75,+,0.85,1385447,50912974.0,-37971,0,-1000,458029,0,0,496000,0,1000
20260804,1805,寶徠,9.85,9.85,9.65,9.7,-,0.3,179032,1736350.0,-18000,0,-21000,21000,0,3000,39000,0,24000
20260804,2423,固緯,70.1,72.7,69.5,72.5,+,0.3,131121,9293852.0,-31036,0,-8000,50000,0,1000,81036,0,9000
20260804,9955,佳龍,22.8,22.8,22.45,22.75,-,0.05,159344,3596542.0,-37000,0,-3000,42000,0,0,79000,0,3000
20260804,5533,皇鼎,13.95,13.95,13.9,13.95,-,0.05,86184,1199821.0,-30000,0,-10000,19000,0,0,49000,0,10000
20260804,2028,威致,15.2,15.4,15.0,15.2,-,0.3,193952,2944310.0,-30000,0,-10000,27000,0,0,57000,0,10000
20260804,2636,台驊控股,65.6,65.9,65.1,65.6,-,0.5,249645,16329359.0,-26356,0,-15011,141000,0,0,167356,0,15011
20260804,1733,五鼎,32.6,32.6,31.8,32.25,-,0.15,130316,4174161.0,-32424,0,-11000,33000,0,0,65424,0,11000
20260804,00913,兆豐台灣晶圓製造,45.42,46.28,45.03,45.88,+,0.46,1356482,61888949.0,37000,0,-80640,538000,0,395811,501000,0,476451
20260804,3312,弘憶股,44.1,48.6,43.55,48.6,+,4.4,1999369,94405657.0,-25000,0,-18911,660000,0,10695,685000,0,29606
20260804,9942,茂順,114.5,114.5,114.0,114.0,-,1.0,64087,7314454.0,-37026,0,-7000,10000,0,0,47026,0,7000
20260804,2514,龍邦,12.5,12.75,12.45,12.55,-,0.05,152395,1909133.0,-22000,0,-22672,46000,0,3000,68000,0,25672
20260804,1537,廣隆,126.0,126.5,125.0,125.5,-,1.0,131856,16564247.0,-28000,0,-17331,21000,0,0,49000,0,17331
20260804,4766,南寶,314.0,319.5,313.5,319.0,-,1.0,162261,51373994.0,-34000,0,-11728,60000,0,538,94000,0,12266
20260804,3607,谷崧,14.0,14.1,13.8,13.95,-,0.05,249075,3467131.0,-40000,0,-6000,55000,0,0,95000,0,6000
20260804,00912,中信臺灣智慧50,31.8,32.45,31.66,32.05,+,0.04,545837,17431605.0,-26000,0,-20183,185000,0,262717,211000,0,282900
20260804,2460,建通,30.15,31.5,29.9,30.5,+,0.1,356475,10835282.0,-32630,0,-14000,98370,0,1000,131000,0,15000
20260804,3596,智易,178.0,182.0,178.0,180.5,-,1.5,625292,112755917.0,65550,-97000,-15307,401597,0,4000,336047,97000,19307
20260804,3138,耀登,94.4,94.4,90.6,94.3,+,4.1,421841,39309133.0,-46748,0,-45,190412,0,3628,237160,0,3673
20260804,4155,訊映,14.35,14.35,14.25,14.3,-,0.1,134046,1913211.0,-27000,0,-20000,43000,0,0,70000,0,20000
20260804,1529,樂事綠能,17.05,17.4,16.95,17.15,+,0.05,236621,4059204.0,-42000,0,-5000,57000,0,0,99000,0,5000
20260804,2762,世界健身-KY,85.0,85.7,84.3,84.7,-,1.1,126267,10720432.0,-47054,0,0,10000,0,4000,57054,0,4000
20260804,00892,富邦台灣半導體,38.97,39.41,38.5,38.91,-,0.03,4109522,159810144.0,41150,0,-88920,559150,0,2855655,518000,0,2944575
20260804,4195,基米-創,14.9,15.2,14.9,15.0,,0.0,158115,2381067.0,-46000,0,-2846,12000,0,12000,58000,0,14846
20260804,6115,鎰勝,45.0,45.4,45.0,45.1,-,0.15,113364,5114532.0,-12000,0,-37000,32000,0,0,44000,0,37000
20260804,2430,燦坤,16.7,16.7,16.5,16.7,,0.0,134274,2227534.0,-5000,0,-44000,16000,0,0,21000,0,44000
20260804,1319,東陽,70.7,72.0,70.7,72.0,+,0.6,1102871,78771049.0,-20725,-5000,-25309,495275,1000,23000,516000,6000,48309
20260804,4532,瑞智,23.75,24.2,23.7,24.1,+,0.1,572668,13740599.0,-16790,-23718,-13001,212210,0,21000,229000,23718,34001
20260804,00956,中信日經高股息,13.08,13.08,13.01,13.03,-,0.1,181770,2369390.0,-64000,0,10018,0,0,89000,64000,0,78982
20260804,6838,台新藥,23.4,23.55,23.2,23.5,-,0.2,127477,2976751.0,-50000,0,-4000,11000,0,0,61000,0,4000
20260804,9927,泰銘,69.1,69.3,68.4,68.8,-,1.2,94347,6501535.0,-46000,0,-8000,14000,0,2000,60000,0,10000
20260804,4739,康普,78.5,82.9,78.4,82.6,+,3.4,1019329,82912756.0,-95618,0,40635,278382,0,55061,374000,0,14426
20260804,1737,臺鹽,32.05,32.15,32.0,32.05,-,0.2,144732,4638714.0,-66000,0,11000,13000,0,30000,79000,0,19000
20260804,6139,亞翔,763.0,792.0,754.0,786.0,+,21.0,4172688,3231758825.0,-431465,262760,113529,1150241,262760,212568,1581706,0,99039
20260804,3376,新日興,177.0,181.5,176.0,179.5,-,0.5,1919677,343851160.0,-218000,0,162701,905000,0,198272,1123000,0,35571
20260804,0055,元大MSCI金融,44.05,44.48,43.89,43.92,-,0.23,316149,13968697.0,-102976,109000,-61344,11024,109000,33000,114000,0,94344
20260804,3501,維熹,38.0,38.2,38.0,38.1,+,0.05,118264,4502387.0,-53000,0,-3000,21000,0,0,74000,0,3000
20260804,2701,萬企,10.55,10.6,10.5,10.55,-,0.05,98640,1040912.0,-31000,0,-25000,22000,0,0,53000,0,25000
20260804,6431,光麗-KY,19.8,19.8,17.2,18.55,+,0.3,165434,3082018.0,-64000,0,8000,12000,0,9000,76000,0,1000
20260804,1321,大洋,31.65,31.95,31.3,31.55,-,0.4,157069,4949984.0,-33000,0,-23004,31000,0,0,64000,0,23004
20260804,1709,和益,22.95,25.2,22.65,25.2,+,2.25,3901124,94912354.0,-25947,0,-30999,1064109,0,39001,1090056,0,70000
20260804,2440,太空梭,15.6,15.6,15.3,15.4,-,0.2,199674,3069571.0,-41000,0,-17000,51000,0,0,92000,0,17000
20260804,1616,億泰,18.65,19.6,18.65,19.4,+,0.6,397862,7660310.0,-27183,0,-31212,141817,0,0,169000,0,31212
20260804,2007,燁興,6.95,7.02,6.91,7.0,-,0.03,187718,1307810.0,-47000,0,-12000,55000,0,0,102000,0,12000
20260804,1304,台聚,11.05,11.4,11.0,11.4,+,0.25,2410768,27119881.0,35124,0,-94155,1183124,0,1060,1148000,0,95215
20260804,00690,兆豐藍籌30,73.5,74.55,72.6,73.45,+,0.05,308773,22711661.0,-13300,0,-47105,10000,0,116706,23300,0,163811
20260804,3543,州巧,32.85,33.1,32.15,32.85,-,0.15,1137535,37062034.0,-59648,0,-1000,334352,0,1000,394000,0,2000
20260804,5607,遠雄港,47.25,48.25,47.1,47.85,+,0.1,391246,18668254.0,-44990,0,-16000,207010,0,0,252000,0,16000
20260804,9910,豐泰,66.5,67.7,66.5,67.4,+,0.2,1283504,85944769.0,6513,12000,-79592,752440,12000,4000,745927,0,83592
20260804,6605,帝寶,132.0,135.0,132.0,134.0,+,0.5,178859,23949040.0,-40806,0,-20610,37194,0,0,78000,0,20610
20260804,1215,卜蜂,102.0,103.5,100.5,103.5,+,0.5,1652696,168747384.0,-42393,0,-19041,804250,0,14000,846643,0,33041
20260804,1806,冠軍,7.96,8.0,7.93,8.0,-,0.03,155109,1235966.0,-37000,0,-25000,40000,0,0,77000,0,25000
20260804,1234,黑松,33.15,33.65,33.15,33.55,-,0.3,146779,4898698.0,-26000,0,-36020,56000,0,4000,82000,0,40020
20260804,1455,集盛,8.56,8.77,8.52,8.73,+,0.13,563494,4888406.0,-37046,0,-25010,264000,0,1000,301046,0,26010
20260804,3533,嘉澤,1940.0,2050.0,1930.0,2010.0,,0.0,847754,1692562235.0,-109987,44560,3277,412249,76560,59537,522236,32000,56260
20260804,1531,高林股,12.85,12.95,12.75,12.9,-,0.1,99194,1274748.0,-59346,0,-4000,8000,0,0,67346,0,4000
20260804,1419,新紡,66.6,67.6,65.7,66.5,-,1.3,310186,20630100.0,-90523,55000,-28000,44477,55000,0,135000,0,28000
20260804,1440,南紡,12.1,12.35,12.05,12.3,+,0.05,1236387,15085880.0,93000,0,-157796,624000,0,1000,531000,0,158796
20260804,2331,精英,18.5,19.3,18.45,19.3,+,0.6,1886129,36014878.0,-34905,0,-30000,724905,0,1000,759810,0,31000
20260804,4178,永笙-KY,17.9,18.2,17.55,17.65,-,0.25,129993,2299641.0,-61134,0,-4000,26866,0,2000,88000,0,6000
20260804,5234,達興材料,319.5,329.0,318.5,320.5,-,4.5,206993,66760440.0,-58550,0,-6620,77450,0,2000,136000,0,8620
20260804,7818,溢泰實業,62.4,62.6,61.6,61.8,-,1.4,134287,8344192.0,-66000,0,-1000,9000,0,3000,75000,0,4000
20260804,2528,皇普,19.15,19.3,19.1,19.15,-,0.35,200236,3848487.0,-53000,-5136,-10000,60000,0,1000,113000,5136,11000
20260804,2739,寒舍,34.15,34.35,33.9,33.9,-,0.65,142670,4858181.0,-64999,0,-4000,12050,0,4000,77049,0,8000
20260804,2450,神腦,28.45,28.55,28.4,28.5,-,0.15,95333,2713319.0,-56000,0,-13000,14000,0,0,70000,0,13000
20260804,6472,保瑞,391.0,397.0,390.0,392.0,-,4.5,414390,162501855.0,-46328,0,-23633,146903,0,10349,193231,0,33982
20260804,1416,廣豐,10.8,10.8,10.65,10.75,-,0.05,211611,2272024.0,-65997,0,-4000,6003,0,0,72000,0,4000
20260804,3058,立德,8.25,8.28,8.12,8.23,-,0.05,369825,3022886.0,-65000,0,-5000,84000,0,0,149000,0,5000
20260804,2816,旺旺保,33.55,33.65,33.3,33.6,-,0.15,125689,4205308.0,-50000,0,-21000,32000,0,0,82000,0,21000
20260804,2032,新鋼,15.45,15.6,15.4,15.6,+,0.15,215799,3343593.0,-28000,0,-43000,79000,0,0,107000,0,43000
20260804,1532,勤美,21.1,21.5,21.1,21.5,-,0.1,403294,8625231.0,-45000,0,-27000,113000,0,0,158000,0,27000
20260804,00757,統一FANG+,136.4,137.5,136.4,137.4,+,4.35,2086359,285909406.0,83000,0,-155041,88000,0,426959,5000,0,582000
20260804,2706,第一店,12.5,12.5,12.4,12.45,-,0.1,168430,2097342.0,-22000,0,-51000,46000,0,0,68000,0,51000
20260804,2506,太設,8.62,8.7,8.55,8.56,-,0.1,176996,1520554.0,-65000,0,-9000,71000,0,0,136000,0,9000
20260804,1110,東泥,15.8,16.0,15.7,15.9,-,0.1,291559,4619228.0,-52000,0,-23000,54000,0,0,106000,0,23000
20260804,1442,名軒,28.6,29.1,28.55,29.05,-,0.1,243683,7014314.0,-61537,0,-14342,60469,0,17000,122006,0,31342
20260804,1108,幸福,11.9,12.05,11.85,12.05,-,0.05,243280,2907260.0,-33000,0,-43000,63000,0,0,96000,0,43000
20260804,2351,順德,156.5,168.0,155.0,165.5,,0.0,4153010,671219126.0,-51010,-50000,23912,1538000,0,128176,1589010,50000,104264
20260804,1560,中砂,670.0,697.0,665.0,675.0,+,4.0,1247916,847790419.0,-487028,435000,-25723,309524,436000,26399,796552,1000,52122
20260804,6477,安集,35.15,37.8,35.15,36.05,+,0.5,1865188,67986272.0,-66629,0,-11172,532371,0,1000,599000,0,12172
20260804,6598,ABC-KY,31.35,31.6,30.25,31.5,+,0.15,485328,14988321.0,-67740,0,-11000,87260,0,0,155000,0,11000
20260804,6531,愛普*,740.0,806.0,740.0,806.0,+,73.0,1695350,1338044654.0,-43662,-35000,-162,669057,1000,33138,712719,36000,33300
20260804,6534,正瀚-創,92.5,94.5,91.5,94.5,+,1.5,169583,15798372.0,-77000,0,-3531,15000,0,19515,92000,0,23046
20260804,4942,嘉彰,34.2,34.2,33.85,34.0,-,0.5,145412,4944379.0,-48000,0,-33041,19000,0,0,67000,0,33041
20260804,2390,云辰,10.25,10.4,10.15,10.35,+,0.05,420369,4331800.0,-52618,0,-29000,138011,0,0,190629,0,29000
20260804,2459,敦吉,63.7,64.1,63.6,63.9,-,0.1,117366,7484925.0,-50000,0,-33000,8000,0,0,58000,0,33000
20260804,2013,中鋼構,40.45,40.6,40.35,40.6,,0.0,120300,4864884.0,-52000,0,-31518,22000,0,2000,74000,0,33518
20260804,1789,神隆,18.8,19.1,18.7,19.0,-,0.05,925447,17409306.0,17369,0,-100902,278369,0,1000,261000,0,101902
20260804,2402,毅嘉,53.6,54.1,52.7,53.8,+,0.6,1560300,83622217.0,-61735,0,-23076,544120,0,15002,605855,0,38078
20260804,6550,北極星藥業-KY,11.05,11.15,10.9,11.05,-,0.15,703141,7730580.0,-66959,0,-18000,221041,0,0,288000,0,18000
20260804,8213,志超,29.3,29.85,29.2,29.7,,0.0,345511,10221789.0,-67030,0,-18000,168000,0,1000,235030,0,19000
20260804,6024,群益期,57.7,58.2,57.5,58.2,-,0.1,582265,33676874.0,-79462,0,-6000,286000,0,0,365462,0,6000
20260804,4770,上品,213.0,215.5,212.0,212.0,-,2.0,197979,42179397.0,-77000,0,-9573,31000,0,1000,108000,0,10573
20260804,6885,全福生技,20.85,20.9,20.5,20.7,-,0.4,322380,6666266.0,-87000,0,0,35000,0,2000,122000,0,2000
20260804,1713,國化,46.1,46.1,45.8,46.1,,0.0,236484,10874517.0,-56000,0,-32026,41000,0,0,97000,0,32026
20260804,6243,迅杰,48.1,51.8,47.55,50.5,+,2.4,3377689,168567621.0,63194,0,-151308,918205,0,11502,855011,0,162810
20260804,6790,永豐實,38.05,38.45,38.0,38.45,+,0.25,207731,7918468.0,-3000,0,-86376,72000,0,0,75000,0,86376
20260804,1225,福懋油,24.35,24.35,23.75,23.9,-,0.8,317438,7605885.0,-84000,0,-6000,14000,0,0,98000,0,6000
20260804,2029,盛餘,20.1,20.45,20.1,20.45,,0.0,268372,5441324.0,-52000,0,-38339,51000,0,1000,103000,0,39339
20260804,6585,鼎基,115.0,122.0,114.5,117.5,+,5.5,799632,93727176.0,-87676,0,-2735,367324,0,7,455000,0,2742
20260804,9943,好樂迪,51.1,51.4,50.9,51.0,-,0.5,180864,9235432.0,-74000,0,-17000,15000,0,0,89000,0,17000
20260804,3716,中化控股,32.4,32.4,32.1,32.25,-,0.15,140346,4518610.0,-78700,0,-13000,15300,0,0,94000,0,13000
20260804,6196,帆宣,485.0,507.0,485.0,492.0,-,2.0,1521506,752937121.0,6057,-101650,3555,578324,9350,41874,572267,111000,38319
20260804,6533,晶心科,230.0,231.5,224.5,225.5,-,6.0,800299,181852638.0,-85494,0,-7178,236506,0,313,322000,0,7491
20260804,2243,宏旭-KY,43.35,45.2,42.4,43.3,+,0.1,270490,11743748.0,-88885,1000,-5000,103215,1000,0,192100,0,5000
20260804,2727,王品,227.0,227.5,225.0,226.5,-,1.5,347935,78597150.0,-81913,0,-11553,205030,0,5000,286943,0,16553
20260804,2753,八方雲集,179.0,179.0,176.5,178.5,-,1.0,244309,43366598.0,-80000,-1984,-11980,53000,0,20,133000,1984,12000
20260804,8011,台通,16.8,16.8,16.45,16.5,-,0.25,481873,7990393.0,-91000,0,-4000,178000,0,0,269000,0,4000
20260804,2748,雲品,38.0,38.1,37.7,37.95,-,0.25,131309,4970397.0,-73000,0,-22000,9000,0,0,82000,0,22000
20260804,3518,柏騰,25.65,26.35,25.55,25.8,-,0.1,260209,6763214.0,-95000,0,-2000,71000,0,2000,166000,0,4000
20260804,6526,達發,567.0,593.0,549.0,575.0,+,23.0,940874,536616457.0,86432,-185000,1317,344456,0,23698,258024,185000,22381
20260804,1109,信大,13.6,13.7,13.55,13.6,-,0.1,228427,3107514.0,-62469,0,-36887,33531,0,0,96000,0,36887
20260804,1526,日馳,18.3,18.45,17.45,17.8,-,0.5,920667,16374121.0,-98525,0,-1000,193091,0,0,291616,0,1000
20260804,1734,杏輝,31.4,31.8,31.3,31.75,+,0.05,245665,7756321.0,-94677,0,-6000,35450,0,0,130127,0,6000
20260804,2704,國賓,46.0,46.0,45.25,45.3,-,2.1,199990,9104315.0,-87000,0,-14000,65000,0,2000,152000,0,16000
20260804,7786,東方風能,123.5,124.5,121.5,122.0,-,3.0,202772,24812622.0,-99170,0,-2000,26000,0,1000,125170,0,3000
20260804,6933,AMAX-KY,151.5,169.0,151.5,169.0,+,15.0,1119110,186363556.0,-103798,0,2329,174202,0,5620,278000,0,3291
20260804,2328,廣宇,42.0,43.4,41.95,42.85,+,0.15,1256054,53757769.0,-1400,0,-103531,443090,0,15437,444490,0,118968
20260804,2908,特力,21.45,21.55,21.4,21.4,-,0.3,178123,3820018.0,-88000,0,-17000,50000,0,0,138000,0,17000
20260804,5706,鳳凰,44.15,44.15,43.75,43.85,-,0.3,216469,9498833.0,-97000,0,-8246,19000,0,3000,116000,0,11246
20260804,9917,中保科,108.0,109.0,108.0,108.5,-,1.0,413281,44812323.0,-68971,2000,-39303,165629,2000,0,234600,0,39303
20260804,4956,光鋐,27.75,30.3,27.65,29.7,+,1.95,1676567,49305202.0,-103180,0,-4758,529820,0,1081,633000,0,5839
20260804,2476,鉅祥,118.0,121.5,118.0,119.0,,0.0,1109853,132386930.0,-216982,68000,38867,326290,68000,80507,543272,0,41640
20260804,1609,大亞,34.35,35.8,34.3,35.35,+,0.7,3408265,120299802.0,-102725,0,-7430,1341274,0,114763,1443999,0,122193
20260804,2723,美食-KY,61.6,61.6,61.0,61.2,-,1.0,203144,12433267.0,-85286,0,-25602,41000,0,1000,126286,0,26602
20260804,6672,騰輝電子-KY,211.0,221.0,210.5,218.5,+,7.0,2044862,441880149.0,-94100,2000,-20799,562000,2000,28568,656100,0,49367
20260804,5515,建國,42.5,42.75,42.0,42.25,-,0.5,396486,16749772.0,-105090,0,-8215,97000,0,7913,202090,0,16128
20260804,9911,櫻花,81.4,81.8,81.4,81.7,-,0.3,278530,22722294.0,-51750,0,-61602,82000,0,0,133750,0,61602
20260804,9908,大台北,28.9,29.2,28.85,29.1,-,0.1,191260,5543615.0,-93000,0,-21260,50000,0,1000,143000,0,22260
20260804,9930,中聯資源,62.5,62.5,61.9,62.4,-,0.8,204848,12742514.0,-77000,0,-37925,40000,0,1000,117000,0,38925
20260804,5225,東科-KY,73.7,74.1,72.4,73.6,-,0.7,330064,24184788.0,-110000,0,-5137,85000,0,0,195000,0,5137
20260804,7769,鴻勁,6395.0,6505.0,6140.0,6190.0,-,235.0,910749,5744198010.0,-143243,43000,-17226,524357,46000,41108,667600,3000,58334
20260804,2107,厚生,25.3,25.55,25.2,25.4,-,0.05,211573,5362776.0,-67385,0,-51000,46000,0,4000,113385,0,55000
20260804,6541,泰福-KY,37.25,37.5,36.6,37.15,-,0.85,363914,13488653.0,-109940,0,-8690,44060,0,4000,154000,0,12690
20260804,3705,永信,53.2,53.5,53.1,53.3,-,0.5,180351,9609336.0,-89000,0,-31000,16000,0,0,105000,0,31000
20260804,2015,豐興,63.3,64.6,62.5,63.8,-,1.6,393823,25168529.0,-118131,40000,-44000,143300,40000,1000,261431,0,45000
20260804,1608,華榮,34.25,34.25,34.25,34.25,+,3.1,5652537,193599271.0,-171000,-13000,61557,0,0,98557,171000,13000,37000
20260804,2832,台產,59.4,59.5,58.2,58.8,-,1.5,250416,14774586.0,-119000,-2242,-4762,24000,0,8000,143000,2242,12762
20260804,6573,虹揚-KY,16.3,18.45,16.3,18.25,+,1.4,484904,8614879.0,-125000,0,-2939,90000,0,61,215000,0,3000
20260804,1437,勤益控,30.9,31.2,30.75,30.85,-,0.4,328784,10183040.0,-114000,0,-14000,34000,0,11000,148000,0,25000
20260804,2017,官田鋼,8.69,8.69,8.55,8.61,-,0.04,298820,2570389.0,-100000,0,-30000,95000,0,0,195000,0,30000
20260804,6854,錼創科技-KY創,100.5,100.5,92.2,94.1,+,2.4,470481,44917640.0,-128000,0,-3514,80000,0,11000,208000,0,14514
20260804,8341,日友,75.6,75.6,74.9,75.3,-,0.7,239291,17993284.0,-119269,0,-14572,14000,0,3000,133269,0,17572
20260804,00904,台新臺灣半導體30,38.44,38.64,37.48,38.13,+,0.02,790988,30145606.0,119000,0,-254345,339000,0,69356,220000,0,323701
20260804,2030,彰源,16.8,17.1,16.75,17.1,+,0.2,564296,9542896.0,-111150,0,-25000,133000,0,0,244150,0,25000
20260804,1217,愛之味,9.79,9.85,9.76,9.79,-,0.06,839216,8219307.0,-18000,0,-121000,345000,0,0,363000,0,121000
20260804,1312,國喬,11.3,11.7,11.2,11.6,+,0.15,4541790,52286290.0,170076,0,-311255,1539076,0,17745,1369000,0,329000
20260804,2231,為升,95.5,97.5,94.1,94.2,-,2.2,369061,35079483.0,-135759,0,-7973,63005,0,7000,198764,0,14973
20260804,2406,國碩,30.8,31.8,30.8,31.3,+,0.4,4979158,155581780.0,-127630,7000,-23409,1333000,7000,1966,1460630,0,25375
20260804,2546,根基,103.5,103.5,99.0,99.9,-,4.1,469954,47345304.0,-185162,57000,-17120,60180,57000,11000,245342,0,28120
20260804,4104,佳醫,69.8,69.8,69.2,69.7,-,0.3,220345,15315944.0,-121000,0,-25100,20000,0,0,141000,0,25100
20260804,8070,長華*,46.4,47.45,45.9,46.9,-,0.1,2023065,94800689.0,-47390,-9000,-89901,1006713,0,4835,1054103,9000,94736
20260804,2387,精元,37.4,37.6,37.3,37.5,-,0.25,428567,16046421.0,-115100,-3987,-28243,75000,0,2000,190100,3987,30243
20260804,3052,夆典,10.55,10.8,10.45,10.55,,0.0,369178,3898796.0,-105000,0,-43000,18000,0,0,123000,0,43000
20260804,2022,聚亨,7.58,7.6,7.51,7.57,+,0.01,692350,5228860.0,-111492,0,-40000,175508,0,5000,287000,0,45000
20260804,3450,聯鈞,418.0,444.5,411.0,432.0,+,23.0,18820452,8061245065.0,-1100209,929000,18779,4571517,929000,125618,5671726,0,106839
20260804,3167,大量,587.0,587.0,587.0,587.0,+,53.0,469794,275769078.0,-30770,-58000,-67000,14000,0,0,44770,58000,67000
20260804,1604,聲寶,23.15,23.2,23.05,23.05,-,0.3,290591,6718758.0,-125807,0,-31000,37000,0,0,162807,0,31000
20260804,3356,奇偶,58.4,58.4,56.9,57.6,-,0.8,368821,21173903.0,-153321,0,-4259,88679,0,0,242000,0,4259
20260804,2852,第一保,26.8,26.8,26.65,26.7,-,0.3,275300,7361746.0,-143000,0,-15000,22000,0,0,165000,0,15000
20260804,2236,百達-KY,133.5,140.5,132.5,137.0,,0.0,1036716,141122878.0,-207965,0,48886,223035,0,50001,431000,0,1115
20260804,2607,榮運,46.5,46.95,46.45,46.95,-,0.2,400305,18684715.0,-116114,0,-43000,156000,0,0,272114,0,43000
20260804,4764,雙鍵,261.0,270.0,256.0,259.0,-,4.0,1719062,451293669.0,-235271,77000,-931,336000,77000,10397,571271,0,11328
20260804,1736,喬山,123.0,124.5,120.0,122.5,,0.0,972991,118447752.0,-120633,-30000,-14000,340000,0,0,460633,30000,14000
20260804,2369,菱生,32.1,33.65,31.6,33.2,+,1.2,17118658,561523136.0,-217347,0,50984,6106953,0,153848,6324300,0,102864
20260804,4934,太極,14.25,14.45,14.0,14.35,+,0.1,392066,5589778.0,-163650,0,-5000,85350,0,0,249000,0,5000
20260804,1795,美時,185.0,187.0,183.0,186.0,-,1.0,1117469,206420178.0,-27008,-77000,-66561,337000,0,12000,364008,77000,78561
20260804,4306,炎洲,14.05,14.15,14.0,14.05,-,0.1,658652,9270185.0,-11133,0,-161159,298000,0,3000,309133,0,164159
20260804,2850,新產,162.0,163.5,159.0,159.0,-,6.0,486356,78359487.0,-147111,0,-28000,138000,0,5000,285111,0,33000
20260804,9933,中鼎,36.0,36.85,35.8,36.45,+,0.45,1845705,67209891.0,-115813,0,-59355,754000,0,4000,869813,0,63355
20260804,6743,安普新,27.1,27.1,25.9,26.2,,0.0,529233,13881749.0,-171000,-1872,-3092,21000,0,0,192000,1872,3092
20260804,2535,達欣工,87.9,88.7,87.1,88.3,-,1.1,472456,41505379.0,-241274,85000,-19954,104000,85000,1000,345274,0,20954
20260804,00701,國泰股利精選30,38.82,39.0,38.66,38.68,-,0.21,543481,21094100.0,-318049,0,140112,10000,0,262426,328049,0,122314
20260804,2020,美亞,21.0,21.15,20.9,21.05,-,0.15,278807,5848073.0,-111000,0,-67262,29000,0,1000,140000,0,68262
20260804,1232,大統益,152.0,152.5,150.5,151.5,-,2.0,308228,46597371.0,-156847,0,-22000,27394,0,0,184241,0,22000
20260804,2104,國際中橡,9.49,9.64,9.45,9.59,+,0.05,1958482,18695615.0,-86497,0,-92973,958503,0,27,1045000,0,93000
20260804,2530,華建,19.3,19.6,18.95,19.25,-,0.4,1206745,23182664.0,-164000,-7969,-9000,385000,0,16000,549000,7969,25000
20260804,2543,皇昌,36.0,36.75,35.95,36.65,,0.0,751969,27255463.0,-147981,0,-33284,251120,0,1000,399101,0,34284
20260804,1201,味全,12.15,12.15,12.05,12.1,-,0.1,376320,4553611.0,-110000,0,-72000,97000,0,0,207000,0,72000
20260804,2034,允強,18.3,18.65,18.25,18.6,+,0.05,645589,11910266.0,-104000,0,-80567,239000,0,0,343000,0,80567
20260804,6757,台灣虎航,55.8,56.5,55.6,55.9,-,0.6,1041029,58215736.0,-160484,0,-25000,362516,0,2000,523000,0,27000
20260804,2404,漢唐,1095.0,1120.0,1090.0,1110.0,+,5.0,1758238,1941119505.0,253257,-437000,-2168,935917,3000,58543,682660,440000,60711
20260804,2466,冠西電,97.1,98.9,93.4,95.1,-,2.3,1191093,113450634.0,-191564,3000,-3000,308436,3000,0,500000,0,3000
20260804,9914,美利達,75.5,76.9,75.3,76.2,-,0.2,1339385,101851736.0,-131492,-19000,-41511,748018,0,4015,879510,19000,45526
20260804,3019,亞光,130.0,132.0,128.0,131.0,-,2.0,3444030,448495281.0,-178949,0,-15734,1067051,0,138000,1246000,0,153734
20260804,1305,華夏,10.9,11.2,10.8,11.15,+,0.15,1347206,14837152.0,-165742,0,-31778,451258,0,1000,617000,0,32778
20260804,9919,康那香,13.85,14.0,13.7,13.9,+,0.1,410343,5663743.0,-148000,0,-53000,67000,0,0,215000,0,53000
20260804,3550,聯穎,21.05,21.9,20.7,21.85,+,0.95,1122465,24012334.0,-195350,2000,-7659,305000,2000,0,500350,0,7659
20260804,2731,雄獅,145.5,146.5,144.0,146.0,-,0.5,396829,57599970.0,-179000,0,-23537,88000,0,1000,267000,0,24537
20260804,1720,生達,56.2,56.4,55.8,56.4,-,0.5,290976,16343456.0,-170650,0,-33208,41000,0,1000,211650,0,34208
20260804,2374,佳能,66.5,67.8,66.3,67.4,+,0.1,2336799,156900802.0,-179710,0,-26064,598052,0,20773,777762,0,46837
20260804,9940,信義,20.45,20.6,20.35,20.4,-,0.25,506144,10366669.0,-173000,0,-34227,138000,0,18000,311000,0,52227
20260804,2534,宏盛,16.95,17.05,16.75,16.9,-,0.25,519510,8758398.0,-131000,0,-76376,138000,0,3000,269000,0,79376
20260804,2645,長榮航太,182.5,188.5,182.5,188.0,+,3.5,2064490,384490107.0,-107972,-72000,-28391,689028,0,38000,797000,72000,66391
20260804,3717,聯嘉投控,22.4,23.3,22.4,23.15,+,0.3,1758895,40450075.0,-153970,0,-56000,543030,0,2000,697000,0,58000
20260804,6209,今國光,69.9,70.7,68.3,69.1,,0.0,4762725,330779643.0,-155442,0,-55126,1089115,0,55487,1244557,0,110613
20260804,2488,漢平,48.35,48.35,47.1,48.25,-,2.55,405154,19383640.0,-191190,0,-25020,20000,0,0,211190,0,25020
20260804,2849,安泰銀,14.8,14.95,14.65,14.65,-,0.65,541466,8002596.0,-154000,0,-63000,223000,0,2000,377000,0,65000
20260804,00954,中信日本半導體,18.64,18.96,18.49,18.84,+,0.11,2689587,50510860.0,-544000,0,323892,61000,0,1653629,605000,0,1329737
20260804,00963,中信全球高股息,13.44,13.48,13.44,13.47,+,0.03,1136591,15297729.0,97000,0,-324000,106000,0,188000,9000,0,512000
20260804,1612,宏泰,30.0,30.6,29.85,30.35,-,0.1,647606,19611393.0,-165000,-14000,-49599,262000,0,4000,427000,14000,53599
20260804,3036,文曄,200.0,214.0,199.5,212.5,+,8.0,9844027,2070773087.0,-2253292,2150000,-129224,3104428,2213000,151611,5357720,63000,280835
20260804,2348,海悅,67.0,68.5,66.8,67.8,,0.0,1057188,71492048.0,-232573,0,-6610,164001,0,5390,396574,0,12000
20260804,1710,東聯,13.2,13.7,13.05,13.5,+,0.1,4454046,59687553.0,-107115,0,-132903,1782288,0,5001,1889403,0,137904
20260804,2707,晶華,177.5,177.5,175.0,176.0,-,3.0,317286,55935338.0,-222795,0,-20914,23205,0,3000,246000,0,23914
20260804,2545,皇翔,32.2,32.6,31.8,32.5,-,0.25,431873,13878427.0,-220000,0,-28805,70000,0,1000,290000,0,29805
20260804,9941,裕融,81.4,81.9,81.1,81.1,-,0.8,1013356,82498936.0,-199000,-6000,-46771,389000,0,3000,588000,6000,49771
20260804,3380,明泰,28.8,29.35,28.55,29.25,+,0.2,1245182,36199933.0,-178686,0,-78063,568936,0,5064,747622,0,83127
20260804,6901,鑽石投資,16.3,16.9,16.15,16.85,-,0.1,1545085,25459735.0,-248000,0,-11000,418000,0,12000,666000,0,23000
20260804,2923,鼎固-KY,31.8,32.0,29.7,29.75,-,3.25,575229,17382000.0,-212001,0,-47000,144000,0,40000,356001,0,87000
20260804,1231,聯華食,80.0,80.4,79.0,80.0,-,0.4,574721,45807176.0,-238900,0,-24633,141100,0,10000,380000,0,34633
20260804,1219,福壽,11.05,11.05,10.65,10.75,-,0.25,890033,9604577.0,-201283,0,-68000,139000,0,0,340283,0,68000
20260804,2617,台航,28.25,28.45,28.1,28.4,-,0.15,623727,17661839.0,-246090,0,-24515,139000,0,0,385090,0,24515
20260804,2608,嘉里大榮,28.6,28.7,28.45,28.7,-,0.15,402475,11499199.0,-245000,0,-26569,77000,0,6000,322000,0,32569
20260804,2480,敦陽科,150.5,152.0,148.5,151.0,-,1.5,740433,111207732.0,-255000,-6000,-10688,223000,0,14000,478000,6000,24688
20260804,8021,尖點,370.0,390.5,363.5,390.5,+,35.5,5308977,2017737736.0,-201416,-73000,2200,1635033,27000,37200,1836449,100000,35000
20260804,9925,新保,40.1,40.25,40.05,40.25,-,0.1,578230,23202112.0,-214000,0,-59000,126000,0,0,340000,0,59000
20260804,2102,泰豐,19.0,19.05,18.6,18.85,-,0.4,540570,10179300.0,-251961,0,-22073,92039,0,0,344000,0,22073
20260804,3135,凌航,159.5,169.0,158.0,165.5,+,5.5,1972769,324501869.0,-272299,0,-6470,382763,0,15154,655062,0,21624
20260804,6753,龍德造船,128.0,133.0,128.0,130.5,+,1.0,1209946,158068757.0,-271913,0,-11021,236087,0,28357,508000,0,39378
20260804,2851,中再保,34.35,35.05,34.35,34.7,-,0.1,1015758,35242159.0,-255583,0,-33749,505000,0,38029,760583,0,71778
20260804,5471,松翰,53.7,56.4,53.5,55.2,+,0.7,4129764,227252876.0,-269126,0,-34041,1167069,0,24320,1436195,0,58361
20260804,7795,長廣,400.0,424.0,389.0,418.0,+,32.5,1232067,507765037.0,-317626,0,14243,366374,0,21001,684000,0,6758
20260804,6197,佳必琪,303.0,313.0,299.0,308.0,+,5.5,2286877,699878572.0,-244073,43000,-104727,509372,43000,27840,753445,0,132567
20260804,3406,玉晶光,486.5,507.0,486.0,502.0,+,14.0,1822929,909963215.0,-115020,-234000,42990,636960,1000,119517,751980,235000,76527
20260804,2537,聯上發,11.0,11.05,10.85,10.9,-,0.15,736209,8023913.0,-297000,0,-10006,127000,0,1000,424000,0,11006
20260804,5534,長虹,76.8,77.7,76.7,77.5,-,0.1,690166,53224346.0,-385960,100000,-26601,131050,100000,8000,517010,0,34601
20260804,2302,麗正,40.1,42.8,40.0,41.9,+,1.9,5241672,217444070.0,-312427,2000,-2519,1167923,2000,2908,1480350,0,5427
20260804,4564,元翎,16.1,16.4,15.9,16.0,-,0.05,2055044,33089545.0,-301000,0,-11957,620000,0,1000,921000,0,12957
20260804,1707,葡萄王,89.8,89.9,88.7,89.6,-,0.9,501411,44727884.0,-299950,0,-22187,33000,0,5000,332950,0,27187
20260804,2211,長榮鋼,86.0,86.5,85.5,86.5,-,0.5,606599,52160579.0,-243000,-4000,-79270,134000,0,5000,377000,4000,84270
20260804,2538,基泰,9.36,9.37,9.29,9.34,-,0.14,384098,3580018.0,-325000,0,-11000,15000,0,0,340000,0,11000
20260804,2258,鴻華先進-創,30.3,30.55,29.35,30.0,-,1.4,1264325,37975577.0,-284450,0,-58354,225000,0,81000,509450,0,139354
20260804,2101,南港,33.0,33.7,32.7,33.7,+,0.35,1665091,55090358.0,-292594,0,-51079,646499,0,21529,939093,0,72608
20260804,2905,三商,16.7,16.85,16.2,16.35,-,0.7,1829304,30239346.0,-285402,0,-68000,507000,0,0,792402,0,68000
20260804,6442,光聖,1315.0,1395.0,1310.0,1395.0,+,125.0,2290322,3106648515.0,-389837,0,15648,458410,0,55538,848247,0,39890
20260804,1103,嘉泥,13.0,13.05,12.9,12.95,-,0.2,566918,7362998.0,-352000,0,-64000,48000,0,0,400000,0,64000
20260804,6830,汎銓,390.0,415.0,384.0,403.0,+,22.5,3022215,1209190554.0,-447141,0,26197,702816,0,60838,1149957,0,34641
20260804,7780,大研生醫*,16.6,16.6,16.4,16.6,-,0.2,985726,16276573.0,-392800,0,-29471,82200,0,2000,475000,0,31471
20260804,1515,力山,30.0,30.0,27.35,28.1,-,1.4,656556,18368957.0,-398000,3000,-28000,86000,3000,0,484000,0,28000
20260804,2014,中鴻,16.6,16.8,16.6,16.75,+,0.05,1642375,27397906.0,-323000,0,-102000,408000,0,0,731000,0,102000
20260804,2360,致茂,1960.0,2025.0,1890.0,1925.0,-,35.0,6067684,11774967945.0,2044768,-2553000,64016,4008287,37000,227686,1963519,2590000,163670
20260804,4919,新唐,124.0,130.5,122.0,129.5,+,5.0,8058169,1023870933.0,-193521,-161000,-102166,2496311,3000,82371,2689832,164000,184537
20260804,6592,和潤企業,59.8,60.0,59.1,59.9,-,1.0,850297,50707321.0,-407030,-4140,-52963,287000,0,10000,694030,4140,62963
20260804,00922,國泰台灣領袖50,38.81,39.35,38.38,38.77,-,0.18,7306249,283888832.0,1154000,0,-1624687,2673000,0,2106212,1519000,0,3730899
20260804,2913,農林,10.85,10.9,10.7,10.85,+,0.05,1334034,14422760.0,-423000,0,-51000,348000,0,2000,771000,0,53000
20260804,2241,艾姆勒,32.6,35.8,32.15,34.6,+,2.0,1085456,36849429.0,-480970,0,-2923,266331,0,6000,747301,0,8923
20260804,1809,中釉,33.6,37.7,33.35,37.7,+,3.4,3011234,109576774.0,-535860,0,48223,735140,0,66009,1271000,0,17786
20260804,5522,遠雄,64.2,64.7,64.0,64.1,-,1.0,755525,48501041.0,-402023,39,-98000,181010,4000,0,583033,3961,98000
20260804,1301,台塑,53.1,55.7,52.9,55.3,+,1.5,23236509,1270686912.0,762896,-164000,-1105183,9932376,0,808993,9169480,164000,1914176
20260804,1227,佳格,28.6,28.8,28.5,28.7,-,0.25,976042,27953061.0,-372000,0,-136504,243000,0,3000,615000,0,139504
20260804,6446,藥華藥,1205.0,1275.0,1200.0,1215.0,+,50.0,4174034,5177661750.0,-491618,26000,-46471,1886162,52000,58970,2377780,26000,105441
20260804,2539,櫻花建,41.5,41.85,40.65,41.15,-,1.25,1752881,72311926.0,-471000,0,-46350,558000,0,9000,1029000,0,55350
20260804,4722,國精化,190.0,206.0,188.0,203.0,+,15.5,2155472,424621787.0,-586235,0,67071,514427,0,88681,1100662,0,21610
20260804,2439,美律,79.2,81.6,79.2,81.2,+,0.5,1946612,156970202.0,-514578,0,-17211,429000,0,63415,943578,0,80626
20260804,2399,映泰,36.8,40.0,36.35,39.85,+,3.45,9392215,365139183.0,-551000,0,11859,2805000,0,67493,3356000,0,55634
20260804,2206,三陽工業,62.4,63.4,60.1,60.1,-,3.9,2263578,139082043.0,-170232,-324000,-61000,824000,0,2000,994232,324000,63000
20260804,2630,亞航,47.65,49.8,47.65,48.95,+,1.05,2945482,144469146.0,-606000,0,44032,594000,0,71802,1200000,0,27770
20260804,2536,宏普,17.8,18.0,17.6,17.95,-,0.1,1267909,22603846.0,-572000,0,-11000,243000,0,0,815000,0,11000
20260804,2485,兆赫,38.65,40.8,38.45,40.8,+,2.5,7336906,291661237.0,-633999,0,40366,1862101,0,108582,2496100,0,68216
20260804,6451,訊芯-KY,384.0,398.0,372.0,391.0,+,16.5,5223219,2015724988.0,-622131,0,27259,1315821,0,56573,1937952,0,29314
20260804,2540,愛山林,57.8,58.8,55.8,55.8,-,4.2,2489106,142513292.0,-704765,0,92000,617235,0,170000,1322000,0,78000
20260804,00941,中信上游半導體,25.81,25.81,25.43,25.68,+,0.17,1735719,44453190.0,-154050,0,-464140,120000,0,501857,274050,0,965997
20260804,9802,鈺齊-KY,71.5,71.8,68.8,69.7,-,2.3,2046794,142874493.0,-609000,0,-9191,501000,0,7000,1110000,0,16191
20260804,1712,興農,38.7,38.95,38.5,38.95,,0.0,998143,38581816.0,-538000,-5754,-76385,140000,0,4000,678000,5754,80385
20260804,2010,春源,20.95,21.0,20.85,20.9,-,0.2,1004853,21031785.0,-541000,0,-82709,142000,0,2000,683000,0,84709
20260804,3005,神基,113.0,114.5,112.5,114.0,-,0.5,2723095,308392885.0,-294593,-166969,-169641,1012407,8000,15308,1307000,174969,184949
20260804,2208,台船,18.6,19.25,18.6,19.0,+,0.15,2192245,41551488.0,-600746,0,-47000,386246,0,0,986992,0,47000
20260804,2520,冠德,34.15,34.4,33.9,34.1,-,0.6,1244146,42482057.0,-674052,0,24392,177948,0,103000,852000,0,78608
20260804,00713,元大台灣高息低波,60.9,60.95,60.55,60.8,-,0.05,3107622,188932766.0,-93745,0,-559189,258255,0,607097,352000,0,1166286
20260804,3016,嘉晶,87.0,95.4,86.1,94.8,+,7.0,10624004,968608692.0,-670389,0,13080,3190800,0,142119,3861189,0,129039
20260804,3703,欣陸,20.25,20.4,20.15,20.4,-,0.1,1838343,37237342.0,-575950,0,-87256,351050,0,19000,927000,0,106256
20260804,2106,建大,17.9,18.25,17.8,18.25,+,0.05,1183123,21267307.0,-589000,0,-86000,201000,0,0,790000,0,86000
20260804,2548,華固,97.6,98.0,97.2,97.5,-,0.9,1021286,99590329.0,-626038,0,-64130,140961,0,30000,766999,0,94130
20260804,6005,群益證,34.05,35.2,34.05,34.85,+,0.3,7340299,254941144.0,-1899658,1204000,0,2354000,1204000,0,4253658,0,0
20260804,2603,長榮,205.0,207.0,205.0,206.0,-,1.5,5794882,1194296071.0,-537306,-55000,-131581,3207799,141000,65092,3745105,196000,196673
20260804,2493,揚博,201.5,220.0,199.0,220.0,+,20.0,4958019,1041700982.0,-800988,9000,31166,1508169,9000,80941,2309157,0,49775
20260804,5871,中租-KY,112.0,112.5,111.0,111.5,-,1.5,5026552,561652655.0,-155310,-478000,-170957,3359790,7000,1000,3515100,485000,171957
20260804,1104,環泥,26.6,26.6,26.35,26.45,-,0.45,988957,26166553.0,-773838,0,-32331,68000,0,1000,841838,0,33331
20260804,2897,王道銀行,10.1,10.25,10.1,10.2,,0.0,4000394,40699854.0,768000,-1334000,-253000,1940000,0,0,1172000,1334000,253000
20260804,6177,達麗,47.1,47.4,46.75,47.3,-,0.05,1457603,68493914.0,-815000,-6898,-9000,222000,0,30000,1037000,6898,39000
20260804,2385,群光,105.0,105.5,103.5,104.0,-,2.0,2551966,265925002.0,-648954,-153000,-45811,997046,5000,26000,1646000,158000,71811
20260804,2478,大毅,116.0,125.0,112.0,121.5,+,3.5,10562869,1255273596.0,-728098,-124000,-23506,3969902,2000,28358,4698000,126000,51864
20260804,2474,可成,181.5,183.5,181.0,181.0,-,1.5,2345739,426662865.0,-670475,-176000,-34459,889655,6000,54000,1560130,182000,88459
20260804,6202,盛群,57.5,59.5,56.3,58.1,-,0.6,5826518,335290591.0,-1264048,374000,-2173,1479952,374000,36795,2744000,0,38968
20260804,1229,聯華,39.9,40.45,39.9,40.1,-,0.1,2731605,109378179.0,-370718,-317000,-213609,878282,0,14000,1249000,317000,227609
20260804,2501,國建,22.2,22.4,22.05,22.25,-,0.4,2611754,57928029.0,-250000,-566000,-97510,1200000,0,8000,1450000,566000,105510
20260804,2915,潤泰全,52.0,52.3,51.5,51.8,-,0.7,1983863,102719738.0,-784400,1000,-143362,634712,1000,3000,1419112,0,146362
20260804,2368,金像電,901.0,903.0,858.0,897.0,+,25.0,13604855,12028098143.0,-1801339,885000,-25560,7138035,1225000,298608,8939374,340000,324168
20260804,2027,大成鋼,43.65,44.35,43.65,44.25,-,0.2,12225004,537516979.0,3083276,-3573000,-466325,6080912,0,602235,2997636,3573000,1068560
20260804,2903,遠百,22.1,22.2,21.95,22.1,-,0.25,2220347,48961121.0,-959810,0,-21028,661190,0,55000,1621000,0,76028
20260804,4915,致伸,64.2,64.6,63.4,63.6,-,1.0,3147437,200979037.0,-952825,-6000,-39519,747175,0,22000,1700000,6000,61519
20260804,2105,正新,30.0,30.45,30.0,30.45,+,0.15,5089646,153800718.0,-504759,-210000,-299248,2386241,19000,16808,2891000,229000,316056
20260804,2511,太子,8.35,8.5,8.32,8.5,,0.0,2118602,17816321.0,-741000,0,-286000,493000,0,0,1234000,0,286000
20260804,6226,光鼎,22.2,22.8,21.3,22.0,+,0.45,25383140,559841993.0,-881601,2000,-150052,7321468,2000,0,8203069,0,150052
20260804,2527,宏璟,44.75,44.75,42.2,42.55,-,2.5,1878858,80614354.0,-969987,0,-71955,314213,0,0,1284200,0,71955
20260804,00646,元大S&P500,77.4,77.75,77.4,77.7,+,0.9,2359393,183209456.0,-390810,0,-652129,29240,0,213871,420050,0,866000
20260804,8422,可寧衛*,26.3,26.55,26.0,26.25,-,0.55,5403753,142138700.0,-860004,17000,-201744,1398996,17000,16826,2259000,0,218570
20260804,1326,台化,55.5,59.3,55.5,58.2,+,1.9,28720049,1657186936.0,-706559,283000,-626004,10693394,283000,2012376,11399953,0,2638380
20260804,2498,宏達電,39.9,40.3,39.65,40.1,+,0.2,4229303,169002466.0,-933800,0,-125316,1206200,0,118201,2140000,0,243517
20260804,8261,富鼎,171.5,187.0,165.5,180.0,+,9.0,10985922,1953170219.0,-934495,-136000,6535,3036630,1000,164767,3971125,137000,158232
20260804,2646,星宇航空,21.05,21.35,20.95,21.15,-,0.2,5506550,116472647.0,-11888,-894000,-201940,2281112,0,0,2293000,894000,201940
20260804,8926,台汽電,61.5,63.2,61.2,62.6,+,0.8,3547554,221023605.0,-1064000,0,-102250,673000,0,11000,1737000,0,113250
20260804,0052,富邦科技,58.8,59.6,58.2,58.65,-,0.5,30596726,1796402160.0,5995865,300000,-7466450,10736865,300000,8796003,4741000,0,16262453
20260804,00735,國泰臺韓科技,94.2,96.4,93.45,94.75,-,0.75,3924617,371303264.0,-809385,0,-404000,444615,0,585000,1254000,0,989000
20260804,6834,天二科技,89.0,95.0,85.1,93.5,+,5.8,6338164,568870796.0,-1217943,5000,-732,1284057,5000,41688,2502000,0,42420
20260804,2204,中華,51.1,51.5,50.0,50.6,-,0.9,2368048,119997084.0,-882990,-268951,-79429,250010,0,68000,1133000,268951,147429
20260804,6919,康霈*,107.5,110.0,103.5,108.0,-,1.5,6781755,720143001.0,-1144494,0,-110793,2416764,0,24345,3561258,0,135138
20260804,00935,野村臺灣新科技50,54.1,54.85,53.35,54.05,-,0.35,12868056,694845410.0,-2428856,0,1172780,2263144,0,5143905,4692000,0,3971125
20260804,2201,裕隆,27.25,27.4,27.0,27.2,-,0.25,3334040,90597888.0,-1431117,278000,-136493,797883,278000,38583,2229000,0,175076
20260804,2442,新美齊,19.35,19.4,18.95,19.1,-,0.1,2654980,50695530.0,-1289000,0,-45000,183000,0,0,1472000,0,45000
20260804,2845,遠東銀,13.25,13.4,13.25,13.3,-,0.05,5373358,71440733.0,-975000,1000,-361000,2703000,1000,0,3678000,0,361000
20260804,4904,遠傳,102.0,102.5,99.9,101.0,-,2.5,11770734,1187619526.0,-254119,-1020000,-61965,7722478,0,213000,7976597,1020000,274965
20260804,1210,大成,55.8,56.0,55.3,55.5,-,0.5,4170737,231711409.0,-1142000,0,-279693,1928000,0,21297,3070000,0,300990
20260804,1810,和成,23.7,25.25,23.7,24.9,+,1.05,9007890,222311569.0,-1407477,0,-14523,2162071,0,5000,3569548,0,19523
20260804,3576,聯合再生,16.6,16.95,16.5,16.6,-,0.05,8391148,139813674.0,-1346380,0,-97000,2637620,0,0,3984000,0,97000
20260804,9938,百和,42.9,43.1,42.35,42.7,,0.0,2278722,97407929.0,-320000,-801430,-325707,203000,0,3000,523000,801430,328707
20260804,4989,榮科,61.8,67.2,60.4,67.2,+,6.1,9392616,604416824.0,-1376455,0,-75103,1536545,0,84280,2913000,0,159383
20260804,1218,泰山,15.5,15.6,15.2,15.25,-,0.45,3085151,47437226.0,-1470980,0,-66270,200020,0,5000,1671000,0,71270
20260804,2838,聯邦銀,20.7,21.1,20.35,20.45,-,0.45,4318091,89014807.0,-1189427,0,-376443,2209573,0,35000,3399000,0,411443
20260804,00830,國泰費城半導體,82.0,83.05,81.45,82.55,-,0.05,4683325,385261317.0,-1432950,190000,-380098,466100,190000,475000,1899050,0,855098
20260804,2836,高雄銀,11.85,11.95,11.75,11.9,-,0.05,3453425,40878366.0,-1469000,0,-163308,714000,0,0,2183000,0,163308
20260804,2023,燁輝,13.6,13.65,13.45,13.65,-,0.05,2917540,39535333.0,-1377991,0,-302000,370009,0,0,1748000,0,302000
20260804,6168,宏齊,24.65,25.25,23.8,24.5,+,1.0,6742031,164888134.0,-1675890,0,-37311,1530110,0,10000,3206000,0,47311
20260804,2425,承啟,48.3,50.9,46.5,50.2,+,1.9,16737026,825611247.0,-1716793,1000,-8716,3901207,1000,5000,5618000,0,13716
20260804,1808,潤隆,32.45,32.7,31.65,32.45,-,0.65,3034727,97697893.0,-1560840,0,-206000,573160,0,35000,2134000,0,241000
20260804,00882,中信中國高股息,15.29,15.38,15.15,15.15,-,0.12,4422069,67224637.0,-123000,0,-1760704,21000,0,379445,144000,0,2140149
20260804,00662,富邦NASDAQ,119.8,120.4,119.6,120.35,+,1.65,3851715,462680882.0,-1503885,0,-482638,5115,0,477345,1509000,0,959983
20260804,1314,中石化,7.53,7.71,7.53,7.65,-,0.01,18767317,143347264.0,-1710146,0,-335606,6358552,0,96000,8068698,0,431606
20260804,2504,國產,31.1,31.25,30.7,30.75,-,0.75,4262625,131561143.0,-1978000,-14767,-91921,1161000,0,2000,3139000,14767,93921
20260804,8150,南茂,78.0,85.0,77.7,82.5,+,4.9,39268066,3195626138.0,-1747163,30000,-396463,12766577,30000,407177,14513740,0,803640
20260804,6505,台塑化,65.6,68.8,65.4,68.2,+,0.5,20035162,1349184482.0,-1029546,-55000,-1084241,7252602,0,613316,8282148,55000,1697557
20260804,00712,復華富時不動產,8.84,8.87,8.82,8.83,-,0.01,9847571,87061911.0,-1435000,0,-812801,53000,0,523999,1488000,0,1336800
20260804,2449,京元電子,229.0,248.0,224.0,245.5,+,12.0,31680298,7571100620.0,-3728450,1662737,-203720,11224297,1681870,911231,14952747,19133,1114951
20260804,1722,台肥,45.25,45.4,44.95,45.1,-,0.4,3697013,166834910.0,-2334308,0,-128659,342692,0,22000,2677000,0,150659
20260804,9945,潤泰新,26.65,27.05,26.45,26.7,-,0.25,6793387,180864780.0,-2667200,0,-294647,1954800,0,18964,4622000,0,313611
20260804,2481,強茂,127.5,130.0,121.0,130.0,+,1.0,33192372,4183425373.0,-5765561,2770050,-81333,8597574,3755050,618895,14363135,985000,700228
20260804,2515,中工,12.0,12.05,11.8,12.0,-,0.05,5761587,68724519.0,-2816000,0,-269664,1080000,0,10001,3896000,0,279665
20260804,3048,益登,55.0,55.8,51.7,55.8,+,5.0,16234234,888667294.0,-3337000,0,45927,3362000,0,113383,6699000,0,67456
20260804,2633,台灣高鐵,25.8,25.9,25.65,25.75,-,0.15,6064271,156084134.0,-1420400,-1664000,-253855,2057600,79000,0,3478000,1743000,253855
20260804,3045,台灣大,111.5,112.0,110.0,111.0,-,1.0,10565568,1171403501.0,-2596700,-945638,99358,4011521,2000,255000,6608221,947638,155642
20260804,3090,日電貿,137.5,148.0,133.5,144.0,+,6.5,20071384,2853540703.0,-3407004,14000,-161265,5170329,14000,240950,8577333,0,402215
20260804,2382,廣達,291.0,305.0,291.0,300.5,+,4.0,24772410,7447912196.0,-2549175,-682000,-431961,13994678,19000,149000,16543853,701000,580961
20260804,9907,統一實,14.95,15.0,14.7,14.75,-,0.3,7996354,118369533.0,-2084000,-1375614,-235171,1530000,0,4000,3614000,1375614,239171
20260804,8110,華東,41.0,44.0,40.5,43.45,+,2.65,16567840,705026808.0,-3645000,0,-71678,2762000,0,44576,6407000,0,116254
20260804,2820,華票,16.45,16.5,16.2,16.3,-,0.2,5286694,86416733.0,-3655140,0,-83400,951860,0,4000,4607000,0,87400
20260804,4763,材料*-KY,49.15,50.1,48.4,48.45,-,1.4,8866673,433682449.0,-3769426,0,-476685,1184000,0,30362,4953426,0,507047
20260804,2412,中華電,138.0,138.5,136.0,136.5,-,2.5,15621576,2138146500.0,-2905602,-855939,-586760,4475370,13061,53000,7380972,869000,639760
20260804,5880,合庫金,26.5,26.85,26.4,26.55,-,0.35,32000104,851092878.0,-5278184,1824000,-984125,14315663,2172000,274000,19593847,348000,1258125
20260804,1714,和桐,14.35,14.55,13.65,14.55,+,0.2,21367010,303015704.0,-4953268,613000,-163598,5124354,613000,9000,10077622,0,172598
20260804,2889,國票金,15.4,15.5,15.25,15.4,-,0.15,8143376,124838762.0,-4914000,0,-351291,1116000,0,15000,6030000,0,366291
20260804,1102,亞泥,32.35,32.5,32.2,32.4,-,0.3,10095354,326168997.0,-3217127,-1915000,-209707,2579200,28000,152031,5796327,1943000,361738
20260804,2337,旺宏,113.0,121.0,109.5,120.0,+,9.5,118147457,13836825160.0,-4110588,-1228000,-339516,45245842,47000,1259186,49356430,1275000,1598702
20260804,2327,國巨*,581.0,583.0,545.0,566.0,+,14.0,97625584,54979297443.0,-5992640,1762268,-1499030,40985309,1997268,1210645,46977949,235000,2709675
20260804,00923,群益台ESG低碳50,40.25,40.81,39.79,40.2,-,0.19,13180541,529495933.0,-1544961,0,-5363131,1978039,0,3219355,3523000,0,8582486
20260804,2492,華新科,251.0,263.0,243.5,259.5,+,20.0,33258827,8513298893.0,-5616389,-258000,-1275493,8046599,393000,1014732,13662988,651000,2290225
20260804,3481,群創,45.65,48.55,44.7,47.8,+,2.0,348151865,16242834512.0,-4964493,-666000,-1592476,87074251,0,9935696,92038744,666000,11528172
20260804,2884,玉山金,38.05,38.55,37.85,38.0,-,0.45,40822496,1554274799.0,-5841793,-442687,-1072439,22279047,303313,263000,28120840,746000,1335439
20260804,00929,復華台灣科技優息,27.57,28.29,27.33,28.15,+,0.58,29714585,830705258.0,3265918,0,-10637669,8796918,0,3027678,5531000,0,13665347
20260804,2303,聯電,118.5,120.0,115.5,118.5,+,0.5,181714211,21507335264.0,-1699577,-4974000,-2084657,69911896,3003000,1693828,71611473,7977000,3778485
20260804,2886,兆豐金,50.6,51.6,50.5,50.7,-,0.9,35883860,1834536641.0,-12338148,4182245,-816595,11925753,4798245,689966,24263901,616000,1506561
20260804,00961,FT臺灣永續高息,12.97,13.06,12.87,13.03,+,0.11,16698431,216760214.0,-2512000,0,-6777952,886000,0,861570,3398000,0,7639522
20260804,1303,南亞,165.0,179.0,164.5,170.5,+,5.5,91900316,15661862217.0,-10078121,400000,-630157,27114693,622000,2288943,37192814,222000,2919100
20260804,2002,中鋼,18.75,18.9,18.65,18.85,,0.0,35645479,668457159.0,-8522335,5000,-1924121,14354623,5000,63528,22876958,0,1987649
20260804,3711,日月光投控,606.0,606.0,573.0,585.0,-,25.0,52645565,30852871336.0,-13160893,2971547,-1809808,23278169,3029547,1998114,36439062,58000,3807922
20260804,1101,台泥,23.6,23.7,23.45,23.55,-,0.25,25392309,597866992.0,-12259096,0,-503654,7296850,0,245000,19555946,0,748654
20260804,2330,台積電,2335.0,2360.0,2310.0,2320.0,-,50.0,41021199,95455231293.0,-12429517,433720,-2326919,15247428,1490421,378642,27676945,1056701,2705561
20260804,00891,中信關鍵半導體,33.72,34.32,33.31,33.86,+,0.14,26180754,885082283.0,-2805130,0,-13957225,4518870,0,1024677,7324000,0,14981902
20260804,00881,國泰台灣科技龍頭,50.7,51.6,50.0,50.9,+,0.05,35521278,1805723560.0,-8788209,0,-8557237,4418791,0,8214000,13207000,0,16771237
20260804,2892,第一金,35.4,36.25,35.15,35.3,-,0.65,54577296,1940302532.0,-20160754,1234000,1316030,18570724,1836000,2349873,38731478,602000,1033843
20260804,9904,寶成,24.05,24.1,23.75,23.75,-,0.55,28043708,668833307.0,-17770098,10000,147872,2280902,30000,438000,20051000,20000,290128
20260804,0050,元大台灣50,100.65,102.25,99.75,100.65,-,1.35,121774200,12269605488.0,8554454,8878000,-42211967,36901386,8878000,6218322,28346932,0,48430289
20260804,1718,中纖,9.84,10.15,9.51,9.99,+,0.39,70749997,697422742.0,-25033035,20000,-194894,13871332,20000,570569,38904367,0,765463
20260804,00878,國泰永續高股息,32.52,32.88,32.32,32.57,,0.0,57183322,1864958457.0,-5926582,0,-19732663,10084552,0,10343447,16011134,0,30076110
20260804,2812,台中銀,19.05,19.15,18.75,18.9,,0.0,41664976,788800429.0,-29219854,2619000,-1613665,4088149,2619000,93000,33308003,0,1706665
20260804,2834,臺企銀,16.8,17.05,16.8,16.9,,0.0,77008842,1301556673.0,-30317151,3306000,-3628420,15199778,3306000,2000,45516929,0,3630420
20260804,2801,彰銀,25.3,25.65,25.15,25.2,-,0.2,68817435,1743540268.0,-37600382,3052000,-1221496,10389328,3082000,258000,47989710,30000,1479496
