tradeDate,stockCode,stockName,openPrice,highPrice,lowPrice,closePrice,changeSign,change,totalShares,totalAmount,foreignNetShares,investmentNetShares,dealerNetShares,foreignBuyShares,investmentBuyShares,dealerBuyShares,foreignSellShares,investmentSellShares,dealerSellShares
20260313,2337,旺宏,108.0,108.5,104.5,108.5,+,9.5,237974791,25707720303.0,34432923,2046000,2927746,46092127,2721000,5184138,11659204,675000,2256392
20260313,1303,南亞,76.3,85.0,75.9,83.5,+,6.0,135671073,11072365360.0,27421195,5681331,4504548,56970126,6006000,5885638,29548931,324669,1381090
20260313,3715,定穎投控,147.5,166.5,145.5,166.0,+,14.5,59800350,9598630675.0,13157379,-17000,666904,24373099,0,1399274,11215720,17000,732370
20260313,2887,台新新光金,24.55,24.85,24.3,24.75,+,0.1,77188746,1906622048.0,-14413059,26987000,-87833,33762786,28704000,1255033,48175845,1717000,1342866
20260313,3189,景碩,283.0,317.5,280.0,317.5,+,28.5,48278519,14713038086.0,5494855,4160916,161882,14127182,4165000,877007,8632327,4084,715125
20260313,1409,新纖,16.05,16.5,15.75,16.45,+,0.65,25092919,407743827.0,9053000,-1000,460404,12568000,0,520678,3515000,1000,60274
20260313,00878,國泰永續高股息,22.18,22.42,22.12,22.3,+,0.03,42176424,940588727.0,6421378,0,2532662,7660478,0,11723826,1239100,0,9191164
20260313,00940,元大台灣價值高息,9.6,9.67,9.56,9.65,-,0.04,18179047,175244101.0,1967950,0,6269217,3061000,0,9304000,1093050,0,3034783
20260313,1605,華新,31.4,32.35,31.25,32.05,,0.0,26121318,831552395.0,7184493,46000,168566,13241555,46000,709029,6057062,0,540463
20260313,00929,復華台灣科技優息,19.4,19.62,19.3,19.56,,0.0,26417855,515525727.0,-769000,0,7070872,3383000,0,16105449,4152000,0,9034577
20260313,2892,第一金,28.8,29.0,28.65,28.9,+,0.05,19913159,575065523.0,6433635,64000,-404689,17044787,154000,28000,10611152,90000,432689
20260313,2426,鼎元,32.95,33.95,31.5,33.85,+,2.95,85311969,2833708322.0,5793953,0,-41397,22191003,0,113640,16397050,0,155037
20260313,2313,華通,197.0,212.5,193.0,211.5,+,11.5,73017515,14999362356.0,3839082,246000,1155353,21534570,264000,2277198,17695488,18000,1121845
20260313,3037,欣興,468.0,509.0,468.0,508.0,+,28.0,21131674,10464396608.0,4854584,-35000,206899,10007493,9000,689871,5152909,44000,482972
20260313,8028,昇陽半導體,169.0,190.5,168.5,189.0,+,15.5,19857280,3699822432.0,4193901,-1000,351076,7245100,0,653683,3051199,1000,302607
20260313,00965,元大航太防衛科技,25.89,25.9,25.79,25.88,-,0.11,6255174,161521052.0,2684000,0,1700602,2749000,0,2161000,65000,0,460398
20260313,6213,聯茂,130.5,139.0,129.0,137.5,+,5.0,16533005,2242588855.0,3859543,0,427393,7958409,0,521596,4098866,0,94203
20260313,4958,臻鼎-KY,169.5,188.5,168.5,188.5,+,17.0,24900754,4584258540.0,3984465,-6000,71818,11825767,0,363654,7841302,6000,291836
20260313,8039,台虹,125.5,140.0,122.0,128.0,,0.0,79235960,10402025194.0,3856086,-2000,-107495,27433850,0,710865,23577764,2000,818360
20260313,3231,緯創,131.0,135.0,130.0,134.0,+,1.5,33552441,4476668951.0,3895059,-1323000,951287,18321105,62000,1156132,14426046,1385000,204845
20260313,2884,玉山金,32.95,33.25,32.85,33.05,,0.0,27550528,909301897.0,4770536,-837000,-414303,19720814,197000,169775,14950278,1034000,584078
20260313,6531,愛普*,485.5,534.0,478.5,531.0,+,45.5,18080531,9268119509.0,2987909,264,63372,7076397,1000,353380,4088488,736,290008
20260313,2486,一詮,134.0,152.0,133.0,152.0,+,13.5,20135875,2978280411.0,1679735,935000,199002,5052000,935000,311257,3372265,0,112255
20260313,3209,全科,37.95,40.45,37.9,39.85,+,2.3,9013447,356730063.0,2810220,-1487,-25773,4105020,0,636,1294800,1487,26409
20260313,9933,中鼎,34.1,34.6,33.6,33.85,-,0.4,10517409,358603616.0,2743157,19000,-28879,6049157,22000,2833,3306000,3000,31712
20260313,00939,統一台灣高息動能,15.51,15.71,15.5,15.64,-,0.06,6603208,103338771.0,426000,0,2200245,473000,0,5648062,47000,0,3447817
20260313,2327,國巨*,246.0,259.5,246.0,258.0,+,6.5,14665886,3740717413.0,2867197,-341774,49352,6192669,33000,304277,3325472,374774,254925
20260313,00713,元大台灣高息低波,51.9,52.15,51.8,52.05,-,0.05,5435391,282729201.0,57171,0,2418807,170171,0,3082013,113000,0,663206
20260313,3645,達邁,77.9,86.0,77.6,80.9,+,0.7,30254445,2496739990.0,2302353,0,84169,8932353,0,157396,6630000,0,73227
20260313,3036,文曄,230.5,237.5,227.0,235.5,+,4.0,9067980,2113561180.0,1442353,938492,-94452,5316000,1118000,158577,3873647,179508,253029
20260313,6153,嘉聯益,16.0,17.0,15.9,16.85,+,0.45,6555863,109704966.0,2484000,0,-201685,3649000,0,14000,1165000,0,215685
20260313,1714,和桐,9.02,9.35,9.0,9.23,+,0.06,6024401,55394013.0,2332000,0,-89357,3483000,0,0,1151000,0,89357
20260313,2367,燿華,71.5,73.8,71.1,72.6,-,0.4,14760679,1074255751.0,2059690,0,6017,2979231,0,134394,919541,0,128377
20260313,3706,神達,82.0,83.5,81.5,82.7,-,0.3,11522934,953514891.0,1732621,-1000,163831,4272221,0,285902,2539600,1000,122071
20260313,6191,精成科,95.0,100.5,95.0,99.5,+,3.1,7800446,772666032.0,2858114,-1071000,58082,4243364,1000,95431,1385250,1072000,37349
20260313,2481,強茂,93.0,97.5,92.1,96.9,+,2.1,22262924,2127858778.0,2718000,-1619000,735560,8260000,0,918226,5542000,1619000,182666
20260313,4977,眾達-KY,166.5,187.0,165.0,187.0,+,17.0,17543561,3151764405.0,1570152,0,155107,4941100,0,195062,3370948,0,39955
20260313,00947,台新臺灣IC設計,23.33,23.73,23.1,23.46,+,0.05,3405284,79745670.0,583238,0,1089930,911238,0,1595847,328000,0,505917
20260313,0056,元大高股息,38.19,38.65,38.19,38.5,-,0.03,31249170,1202315752.0,559253,0,1080720,7506753,0,1623709,6947500,0,542989
20260313,6770,力積電,62.0,64.8,61.9,64.3,+,1.2,135963192,8658930507.0,780600,-52000,896249,41766942,2000,2349684,40986342,54000,1453435
20260313,00692,富邦公司治理,66.5,67.35,66.25,66.9,-,0.55,2607483,174204462.0,466298,0,986941,697298,0,1547000,231000,0,560059
20260313,4967,十銓,187.5,202.5,187.5,197.0,+,8.5,7377107,1451790145.0,1436443,0,1795,2866857,0,46009,1430414,0,44214
20260313,00915,凱基優選高股息30,23.24,23.42,23.23,23.36,-,0.08,6915196,161442026.0,294000,0,1139440,416000,0,5699423,122000,0,4559983
20260313,2376,技嘉,228.5,236.0,227.5,233.0,+,5.0,5762518,1338415077.0,1385210,3000,22136,3011221,7000,110806,1626011,4000,88670
20260313,6282,康舒,44.9,46.4,44.8,46.1,+,0.2,8284599,378490984.0,1422951,16000,-42741,3611051,16000,228957,2188100,0,271698
20260313,2412,中華電,136.0,136.5,135.5,136.0,,0.0,7695995,1047302524.0,1561985,-102000,-185000,5506142,105000,11000,3944157,207000,196000
20260313,3049,精金,12.65,12.85,12.25,12.45,-,0.55,11087026,139291941.0,1368300,0,-95512,3060300,0,6000,1692000,0,101512
20260313,00900,富邦特選高股息30,14.1,14.24,14.09,14.2,-,0.05,6899916,97796202.0,-466000,0,1722222,732000,0,2458550,1198000,0,736328
20260313,1528,恩德,21.55,22.65,21.4,22.4,+,0.3,3186106,70794168.0,1261002,0,-5002,1699002,0,1000,438000,0,6002
20260313,2393,億光,62.2,64.9,62.2,64.4,+,1.5,4682454,300490182.0,1112395,-9063,135556,2111395,0,151888,999000,9063,16332
20260313,6415,矽力*-KY,270.0,286.5,269.0,280.0,+,8.0,15668241,4380793402.0,1130405,200000,-93327,9403102,205000,146205,8272697,5000,239532
20260313,6919,康霈*,123.0,124.0,118.5,121.0,-,5.5,13127287,1591158395.0,1252832,0,-30000,4115397,0,4000,2862565,0,34000
20260313,00757,統一FANG+,112.0,112.0,111.6,111.8,+,0.2,1977812,221124144.0,-120151,0,1339978,98199,0,1398978,218350,0,59000
20260313,4938,和碩,76.8,78.9,75.6,75.8,-,1.3,54869124,4226952917.0,1149649,90082,-22183,23477023,125000,268371,22327374,34918,290554
20260313,00885,富邦越南,17.55,17.8,17.3,17.65,+,0.03,5238960,91868201.0,-1030731,0,2203820,505269,0,2814741,1536000,0,610921
20260313,1717,長興,62.3,65.9,61.2,64.7,+,1.3,24504259,1574762431.0,648350,-6487,530880,7241000,0,735020,6592650,6487,204140
20260313,2890,永豐金,31.9,32.1,31.5,31.75,-,0.15,16531090,526218692.0,1134991,387000,-356360,12885858,506000,203230,11750867,119000,559590
20260313,5876,上海商銀,38.85,39.6,38.85,39.5,+,0.35,9119800,359230243.0,1323420,-31000,-129464,6950039,0,28167,5626619,31000,157631
20260313,2880,華南金,33.8,34.15,33.6,33.85,,0.0,12540109,424330931.0,1459605,203000,-537386,10196630,341000,38000,8737025,138000,575386
20260313,3044,健鼎,353.5,392.0,352.5,380.0,+,21.0,7891977,3017057087.0,-182179,1205000,100437,3280050,1297000,200414,3462229,92000,99977
20260313,2301,光寶科,158.0,171.5,157.5,167.0,+,7.5,27991686,4674142932.0,942237,33000,101833,12399927,157000,799909,11457690,124000,698076
20260313,5871,中租-KY,100.5,103.0,100.5,102.0,+,0.5,7181621,733617656.0,995969,4501,13760,5783324,29000,53160,4787355,24499,39400
20260313,6197,佳必琪,168.0,179.0,168.0,175.5,+,4.5,5543245,967864249.0,1002987,1000,7232,2002001,1000,173597,999014,0,166365
20260313,00902,中信電池及儲能,14.34,14.59,14.31,14.47,+,0.08,2454103,35530316.0,1239000,0,-234923,1331000,0,548359,92000,0,783282
20260313,6451,訊芯-KY,188.0,215.5,188.0,215.5,+,19.5,6107165,1266885014.0,846330,0,113726,1921000,0,179052,1074670,0,65326
20260313,2464,盟立,66.9,70.9,66.9,70.9,+,2.5,2739988,191605457.0,905000,0,13446,1293000,0,46446,388000,0,33000
20260313,2867,三商壽,7.87,8.01,7.86,7.9,-,0.02,9494797,75145477.0,330795,0,576000,5930469,0,1098000,5599674,0,522000
20260313,8261,富鼎,101.0,111.0,100.0,111.0,+,10.0,9304687,1006655932.0,723156,0,178027,1898000,0,192559,1174844,0,14532
20260313,00904,台新臺灣半導體30,27.69,28.6,27.69,28.53,+,0.01,2794537,79017765.0,565280,0,333417,861000,0,1320992,295720,0,987575
20260313,2340,台亞,25.9,27.5,25.7,27.15,+,0.65,3397050,91187594.0,860000,0,35634,1492000,0,66281,632000,0,30647
20260313,3149,正達,45.65,46.85,45.1,46.5,+,0.1,3813923,176247789.0,886082,0,-3958,1686082,0,5000,800000,0,8958
20260313,3380,明泰,35.3,36.6,34.7,36.15,+,0.25,6215516,223217161.0,901000,-2000,-25883,2362000,0,31582,1461000,2000,57465
20260313,00643,群益深証中小,18.45,18.73,18.45,18.68,+,0.23,3249838,60618192.0,41000,0,813656,107000,0,3053776,66000,0,2240120
20260313,8926,台汽電,46.3,47.15,45.85,46.1,+,0.2,2953216,136972649.0,871000,-2000,-26890,1399000,0,4000,528000,2000,30890
20260313,3090,日電貿,89.0,93.4,88.5,92.4,+,2.4,2456024,226141768.0,840000,-1815,-66,1335000,0,14616,495000,1815,14682
20260313,2845,遠東銀,12.3,12.4,12.3,12.35,-,0.05,7682478,94807006.0,851707,0,-17000,3136409,0,160000,2284702,0,177000
20260313,2451,創見,223.5,237.0,222.0,236.0,+,10.5,7447449,1721932868.0,698887,-5329,117185,2548197,800,185054,1849310,6129,67869
20260313,3711,日月光投控,334.0,343.0,326.5,341.5,+,6.5,14244185,4810664187.0,536361,213113,20168,9667723,301000,180466,9131362,87887,160298
20260313,00882,中信中國高股息,16.14,16.34,16.14,16.24,+,0.1,12339320,200362605.0,821000,0,-58198,1280000,0,4302925,459000,0,4361123
20260313,2436,偉詮電,58.1,61.5,57.7,60.8,+,2.0,5192107,312717412.0,649000,0,105285,2011000,0,116036,1362000,0,10751
20260313,00905,FT臺灣Smart,19.35,19.64,19.3,19.52,-,0.09,2146150,41852224.0,242145,0,455157,385145,0,1250820,143000,0,795663
20260313,3042,晶技,91.8,93.9,90.8,93.5,+,1.4,2174672,202584917.0,710000,-76000,38093,1049000,0,81328,339000,76000,43235
20260313,3703,欣陸,21.8,22.3,21.75,22.3,+,0.4,1494448,32948109.0,682000,0,-12362,983000,0,15000,301000,0,27362
20260313,00752,中信中國50,24.45,24.99,24.45,24.93,+,0.38,1771733,43982960.0,462000,0,185069,479000,0,913019,17000,0,727950
20260313,3450,聯鈞,268.0,283.5,263.5,281.0,+,6.5,19732735,5428787832.0,605442,9000,27437,5517115,9000,269073,4911673,0,241636
20260313,1809,中釉,24.5,27.0,24.45,26.0,+,0.85,5507855,143293368.0,624000,0,-10848,1818000,0,3000,1194000,0,13848
20260313,3708,上緯投控,127.0,132.0,125.5,130.0,+,1.5,1875123,243873279.0,490990,123000,-23452,955000,123000,20915,464010,0,44367
20260313,00952,凱基台灣AI50,12.6,12.91,12.53,12.87,+,0.1,1694216,21703316.0,10500,0,579900,196000,0,1148051,185500,0,568151
20260313,1514,亞力,112.0,116.0,111.5,115.5,+,2.0,1946756,222736883.0,528863,0,45338,1044000,0,67887,515137,0,22549
20260313,2903,遠百,22.9,23.35,22.9,23.25,+,0.1,2550677,59183053.0,575000,-6000,-1000,1331000,0,43000,756000,6000,44000
20260313,3543,州巧,47.85,52.4,46.85,51.5,+,3.4,4061250,205973945.0,568662,0,-1958,1450662,0,1042,882000,0,3000
20260313,6285,啟碁,162.5,172.0,160.0,167.5,,0.0,15266458,2541289977.0,932266,-526000,159064,5984316,722000,428158,5052050,1248000,269094
20260313,3704,合勤控,32.0,33.15,31.65,32.5,+,0.35,2116280,68793153.0,567000,-1000,-12234,1182000,0,1000,615000,1000,13234
20260313,3167,大量,368.0,390.5,356.0,390.5,+,35.5,8981729,3431795810.0,438128,83000,28076,2256000,93000,105114,1817872,10000,77038
20260313,1582,信錦,89.8,91.9,87.8,90.3,-,1.1,5683499,510064528.0,506000,0,41001,1742000,0,53134,1236000,0,12133
20260313,4526,東台,32.8,34.2,32.75,33.75,+,1.2,7894206,265158475.0,504000,0,42413,2398000,0,55677,1894000,0,13264
20260313,4960,誠美材,22.6,23.25,22.4,23.25,+,2.1,19728385,453570711.0,559605,0,-13664,3562000,0,58336,3002395,0,72000
20260313,4763,材料*-KY,42.3,44.4,42.0,44.1,+,1.5,4516971,196171009.0,521202,-39777,60298,1968202,0,106713,1447000,39777,46415
20260313,00636,國泰中國A50,26.97,27.16,26.82,27.13,+,0.35,744872,20132819.0,73000,0,459333,73000,0,584674,0,0,125341
20260313,00909,國泰數位支付服務,38.74,39.25,38.74,39.16,+,0.17,1236429,48425993.0,468000,0,60007,480000,0,244107,12000,0,184100
20260313,2365,昆盈,34.0,35.55,33.85,34.8,+,0.05,4853478,168853015.0,457000,0,63925,1906000,0,79930,1449000,0,16005
20260313,6831,邁科,293.0,324.5,292.5,318.5,+,19.5,1590565,499203675.0,502867,0,0,740000,0,0,237133,0,0
20260313,8021,尖點,230.0,246.0,228.0,243.5,+,7.0,8761319,2093882572.0,908920,-45000,-374330,2785122,12000,33641,1876202,57000,407971
20260313,3028,增你強,49.5,50.9,49.05,50.6,+,0.9,2575968,129615462.0,470000,0,12011,1199000,0,15348,729000,0,3337
20260313,1210,大成,52.9,53.4,52.7,52.9,,0.0,2324368,123398629.0,506600,-15000,-10827,1123000,0,26923,616400,15000,37750
20260313,2851,中再保,28.7,29.05,28.55,28.9,+,0.05,1720550,49764374.0,499000,0,-50602,773000,0,0,274000,0,50602
20260313,00639,富邦深100,15.74,15.99,15.74,15.98,+,0.27,761151,12126693.0,53000,0,390035,55000,0,574093,2000,0,184058
20260313,3135,凌航,108.0,112.0,108.0,110.0,-,1.5,2564718,283037165.0,439585,0,-1465,1064000,0,0,624415,0,1465
20260313,2355,敬鵬,42.15,43.5,41.35,42.3,-,0.65,7502265,319562881.0,430000,-9010,15723,2536000,0,147838,2106000,9010,132115
20260313,2352,佳世達,23.35,24.15,23.0,24.15,+,0.5,7548803,179475555.0,340058,32000,64604,3530003,32000,113794,3189945,0,49190
20260313,2913,農林,12.1,12.35,12.1,12.25,,0.0,1171849,14344182.0,464000,0,-49387,645000,0,3000,181000,0,52387
20260313,1218,泰山,19.2,19.3,19.0,19.15,+,0.1,2681452,51283174.0,430001,0,-24909,871001,0,1726,441000,0,26635
20260313,00910,第一金太空衛星,55.5,56.4,55.5,56.25,+,0.2,1043091,58588416.0,322490,0,77773,335490,0,228549,13000,0,150776
20260313,1529,樂事綠能,27.05,29.85,27.05,28.85,+,1.35,8202623,236079623.0,390000,0,-1886,1955000,0,4114,1565000,0,6000
20260313,00949,復華日本龍頭,19.47,19.62,19.42,19.43,-,0.04,1040790,20307366.0,74000,0,297582,74000,0,720000,0,0,422418
20260313,1808,潤隆,30.3,31.45,30.15,31.4,+,0.65,1337654,41572907.0,385000,0,-24985,913100,0,14015,528100,0,39000
20260313,2472,立隆電,104.5,111.5,104.0,109.5,+,3.5,1998329,218128715.0,295000,0,62078,830000,0,88987,535000,0,26909
20260313,2351,順德,86.0,89.3,85.1,88.9,+,1.3,1480613,130109193.0,269250,0,81099,658000,0,103964,388750,0,22865
20260313,6176,瑞儀,96.8,97.0,95.4,97.0,-,0.2,2262342,218255389.0,395000,1748,-47458,1338000,43000,34130,943000,41252,81588
20260313,6215,和椿,106.5,113.0,105.5,111.5,+,4.0,1464985,162146646.0,327545,0,19280,554388,0,25614,226843,0,6334
20260313,6271,同欣電,145.5,153.0,144.0,150.0,+,0.5,3850332,573257506.0,269000,0,74017,1731000,0,190610,1462000,0,116593
20260313,8046,南電,456.0,515.0,456.0,515.0,+,46.5,3385129,1703025840.0,485098,-191000,46198,1488322,6000,310496,1003224,197000,264298
20260313,3013,晟銘電,91.6,100.5,90.6,100.5,+,8.9,5764118,564829071.0,264000,0,74170,1756000,0,128393,1492000,0,54223
20260313,6133,金橋,23.7,24.7,23.2,24.1,+,0.05,1835957,44248788.0,339000,0,-7000,769000,0,0,430000,0,7000
20260313,8215,明基材,20.4,22.55,20.05,22.55,+,2.05,6247398,137992112.0,305000,19000,4242,928000,19000,14242,623000,0,10000
20260313,3030,德律,275.0,281.5,268.0,277.5,-,0.5,11319760,3124908111.0,319482,60000,-56195,3713753,60000,208981,3394271,0,265176
20260313,00946,群益科技高息成長,9.89,10.03,9.87,10.0,+,0.01,5045661,50408849.0,-360000,0,681636,308000,0,2038307,668000,0,1356671
20260313,3031,佰鴻,20.45,21.7,20.45,21.35,+,0.6,2195319,46680433.0,324000,0,-5549,698000,0,1000,374000,0,6549
20260313,2439,美律,81.0,85.4,80.8,84.7,+,4.4,3688413,309871185.0,467000,-131491,-29315,1855000,1000,29682,1388000,132491,58997
20260313,9941,裕融,74.2,76.2,73.9,75.7,+,0.7,904123,68146229.0,296000,-1000,8626,643000,0,27000,347000,1000,18374
20260313,00960,野村全球航運龍頭,16.93,17.05,16.88,16.9,-,0.4,1090936,18501372.0,10000,0,283030,10000,0,470000,0,0,186970
20260313,4142,國光生,17.35,17.55,17.0,17.5,+,0.15,1113685,19374270.0,289101,0,-9062,603101,0,6000,314000,0,15062
20260313,00717,富邦美國特別股,14.92,15.0,14.92,15.0,+,0.03,455497,6816773.0,419000,0,-151322,419000,0,0,0,0,151322
20260313,5469,瀚宇博,85.5,88.9,84.6,87.6,+,0.3,2574938,224816971.0,356421,-78000,-15044,1157067,27000,20035,800646,105000,35079
20260313,5515,建國,35.45,36.4,35.35,35.7,-,0.4,1470405,52700029.0,251000,0,5806,633000,0,37594,382000,0,31788
20260313,00944,野村趨勢動能高息,15.11,15.27,15.0,15.21,-,0.02,545869,8292958.0,-15000,0,270727,2000,0,497000,17000,0,226273
20260313,00930,永豐ESG低碳高息,17.54,17.63,17.41,17.58,-,0.05,1256140,22047872.0,15000,0,234579,34000,0,1138094,19000,0,903515
20260313,6024,群益期,55.1,56.4,54.7,56.0,+,0.6,877151,48907901.0,246949,0,0,401000,0,0,154051,0,0
20260313,00893,國泰智能電動車,33.58,33.71,33.52,33.59,-,0.31,1642041,55207637.0,1272000,0,-1028131,1298000,0,157686,26000,0,1185817
20260313,6164,華興,11.9,13.05,11.85,12.55,+,0.65,5288021,67816869.0,233002,0,5869,728002,0,18869,495000,0,13000
20260313,0061,元大寶滬深,23.74,24.03,23.74,23.94,+,0.2,267043,6392738.0,0,0,234857,0,0,236351,0,0,1494
20260313,3583,辛耘,372.0,388.0,372.0,384.0,+,4.0,2535065,970065993.0,229623,0,2853,820000,0,44613,590377,0,41760
20260313,2354,鴻準,53.0,54.2,52.6,53.7,-,0.2,3256626,174478680.0,294341,0,-63429,1596000,1000,18525,1301659,1000,81954
20260313,8150,南茂,59.8,61.1,59.4,60.5,-,0.6,6863879,414015073.0,294000,0,-63828,2108000,0,34809,1814000,0,98637
20260313,1227,佳格,29.1,29.75,29.1,29.65,+,0.4,795459,23506269.0,268000,0,-39371,508000,0,0,240000,0,39371
20260313,2395,研華,340.0,344.0,336.5,342.5,-,2.5,2283902,779732771.0,235797,9000,-17787,1549434,12000,15065,1313637,3000,32852
20260313,00926,凱基全球菁英55,23.21,23.42,23.21,23.3,+,0.09,470673,10980856.0,6000,0,216917,6000,0,381090,0,0,164173
20260313,2543,皇昌,73.3,75.9,73.3,73.5,-,1.1,3856521,286675493.0,247134,0,-24238,988622,0,77621,741488,0,101859
20260313,4739,康普,73.5,79.0,73.1,77.9,+,2.0,2192970,168411605.0,384321,7000,-170413,773796,7000,22513,389475,0,192926
20260313,1723,中碳,71.0,77.3,70.6,76.1,+,5.8,3751803,285252284.0,208000,0,12765,708000,0,25349,500000,0,12584
20260313,2302,麗正,18.3,18.7,18.2,18.5,-,0.1,799778,14789329.0,217000,0,-7016,340000,0,0,123000,0,7016
20260313,8110,華東,52.7,53.8,52.2,53.2,-,0.5,8526333,451372880.0,220724,0,-11661,2645724,0,15419,2425000,0,27080
20260313,00700,富邦恒生國企,17.52,17.75,17.52,17.69,+,0.17,345821,6096602.0,138000,0,68074,140000,0,139000,2000,0,70926
20260313,4540,全球傳動,47.05,49.45,46.9,48.6,+,0.4,1683934,81903510.0,203000,0,-409,595000,0,645,392000,0,1054
20260313,8438,昶昕,63.8,72.2,63.8,70.0,+,3.4,2734911,190091019.0,202750,0,-1449,804750,0,1000,602000,0,2449
20260313,3413,京鼎,301.5,308.0,300.5,305.0,,0.0,1321715,402118933.0,179821,-3000,23747,503000,0,44715,323179,3000,20968
20260313,00941,中信上游半導體,21.5,21.59,21.48,21.5,-,0.07,1415028,30468886.0,417712,0,-218453,431712,0,556000,14000,0,774453
20260313,3034,聯詠,385.5,390.0,385.5,388.0,-,1.5,2149312,833214294.0,180929,-2850,17476,1485869,16000,48361,1304940,18850,30885
20260313,2548,華固,115.5,116.5,114.5,116.5,,0.0,744085,86292994.0,141205,0,54259,388000,0,70032,246795,0,15773
20260313,3010,華立,129.0,131.0,128.5,130.5,+,0.5,1465844,190209645.0,177057,5503,8346,664050,7000,33000,486993,1497,24654
20260313,3406,玉晶光,412.0,429.5,400.5,429.5,+,9.0,1572963,657947355.0,233575,-1000,-41900,1046265,0,51721,812690,1000,93621
20260313,6962,奕力-KY,29.7,30.4,29.6,30.0,-,0.15,1717344,51449544.0,201001,-3000,-8293,629001,0,4140,428000,3000,12433
20260313,2484,希華,26.7,27.4,26.45,26.9,,0.0,525460,14203057.0,194000,0,-4414,321000,0,1255,127000,0,5669
20260313,7795,長廣,375.0,412.0,375.0,400.0,+,11.5,573386,228320363.0,183617,3000,-1000,232000,3000,0,48383,0,1000
20260313,00892,富邦台灣半導體,27.8,28.35,27.58,28.22,+,0.01,751838,21140187.0,-39000,0,224605,1000,0,510000,40000,0,285395
20260313,2478,大毅,66.2,68.6,65.7,67.8,+,0.7,2042762,138120109.0,184000,-1000,-3373,759000,0,1576,575000,1000,4949
20260313,1773,勝一,142.0,156.0,141.5,150.5,+,6.5,1726998,262232368.0,163400,-1000,17028,615400,0,25780,452000,1000,8752
20260313,9955,佳龍,35.25,35.6,34.95,35.15,-,0.55,739753,26073545.0,157000,0,16389,305000,0,17389,148000,0,1000
20260313,3338,泰碩,57.6,59.9,57.6,58.6,-,0.2,807129,47619246.0,173001,0,-3000,315001,0,0,142000,0,3000
20260313,2431,聯昌,12.15,12.6,12.0,12.5,+,0.25,1045552,12955452.0,170000,0,-306,370000,0,1000,200000,0,1306
20260313,00932,兆豐永續高息等權,14.46,14.5,14.38,14.48,-,0.06,462337,6677086.0,-9000,0,174650,4000,0,397364,13000,0,222714
20260313,1436,華友聯,53.6,54.4,53.1,54.0,+,0.4,302184,16302578.0,167699,0,-4000,209000,0,0,41301,0,4000
20260313,2458,義隆,140.0,143.5,139.5,143.0,,0.0,4077235,578088219.0,26000,209376,-72792,1700000,221000,41855,1674000,11624,114647
20260313,2368,金像電,900.0,965.0,893.0,935.0,+,24.0,12446530,11607875564.0,-396047,483000,75276,4465528,490000,281248,4861575,7000,205972
20260313,8454,富邦媒,173.0,175.5,173.0,174.5,-,0.5,499011,86834998.0,168294,0,-6885,300488,0,2000,132194,0,8885
20260313,4164,承業醫,30.5,31.4,30.3,30.9,+,0.2,552886,17144407.0,168000,0,-7430,348000,0,3000,180000,0,10430
20260313,3026,禾伸堂,104.0,108.5,103.5,108.0,+,2.5,866748,92563432.0,139000,9800,10040,400000,10800,20824,261000,1000,10784
20260313,3002,歐格,20.1,20.65,19.9,20.4,+,0.1,320100,6532745.0,158000,0,-423,216000,0,1000,58000,0,1423
20260313,2645,長榮航太,157.5,163.0,157.0,160.5,+,1.0,942165,151239973.0,159112,-2000,-31,452025,0,17808,292913,2000,17839
20260313,6768,志強-KY,92.5,93.7,91.4,93.2,+,0.7,669558,62100858.0,151000,-1167,6725,481000,0,9729,330000,1167,3004
20260313,1513,中興電,154.5,158.5,154.0,158.0,+,0.5,2484363,390650308.0,355798,-148000,-53702,1254000,0,28000,898202,148000,81702
20260313,1471,首利,11.7,13.0,11.5,13.0,+,1.15,1911919,24099976.0,152000,0,1246,305000,0,6246,153000,0,5000
20260313,7788,松川精密,155.5,156.0,150.0,151.0,-,6.0,626263,95090209.0,152000,0,-1000,210000,0,0,58000,0,1000
20260313,8016,矽創,195.5,202.0,195.5,201.0,+,3.0,868237,174023539.0,143823,-2659,4420,480613,0,11420,336790,2659,7000
20260313,6672,騰輝電子-KY,94.6,98.6,93.1,97.5,+,1.9,938917,91098087.0,148000,0,-2893,457000,0,2633,309000,0,5526
20260313,2419,仲琦,28.9,29.75,28.4,29.35,+,0.25,1000445,29172694.0,148100,0,-5834,377100,0,4001,229000,0,9835
20260313,6890,來億-KY,159.0,164.0,156.0,162.5,+,2.5,607639,97515776.0,158195,0,-16145,325195,0,16000,167000,0,32145
20260313,2414,精技,43.5,44.35,43.5,44.25,+,0.65,447915,19707312.0,143000,0,-2237,199000,0,0,56000,0,2237
20260313,3607,谷崧,14.15,14.8,13.95,14.55,+,0.55,832733,12098525.0,156000,0,-17015,274000,0,1000,118000,0,18015
20260313,3023,信邦,239.0,250.0,236.0,246.5,+,5.5,2465483,604280539.0,256979,-128000,6124,1372000,5000,28134,1115021,133000,22010
20260313,3321,同泰,15.6,15.8,15.15,15.5,-,0.2,316801,4931857.0,136000,0,-2000,159000,0,0,23000,0,2000
20260313,00895,富邦未來車,40.2,40.3,40.11,40.18,-,0.42,569215,22892781.0,107000,0,25384,107000,0,280000,0,0,254616
20260313,00936,台新永續高息中小,17.4,17.61,17.32,17.6,+,0.11,2419394,42425309.0,90000,0,41598,322000,0,917451,232000,0,875853
20260313,2402,毅嘉,49.4,51.4,49.25,51.3,+,1.0,2396574,121516259.0,130519,0,-405,857519,0,36044,727000,0,36449
20260313,2855,統一證,30.0,30.35,29.9,30.25,-,0.05,3450526,104017946.0,136117,-8000,0,1621117,0,0,1485000,8000,0
20260313,2912,統一超,215.0,218.5,215.0,218.5,+,3.5,3192065,693566990.0,153514,-7323,-19230,2555434,0,14905,2401920,7323,34135
20260313,6112,邁達特,47.8,48.75,47.35,47.8,-,0.55,859262,41237304.0,119000,0,6801,353000,0,12290,234000,0,5489
20260313,3591,艾笛森,18.3,20.1,18.0,20.1,+,1.8,2225204,43966723.0,119000,0,3869,390000,0,8137,271000,0,4268
20260313,6937,天虹,262.0,279.0,262.0,275.5,+,10.0,1416056,385405367.0,85177,3000,33782,463999,3000,62060,378822,0,28278
20260313,3025,星通,61.2,62.7,60.6,61.8,+,0.2,677709,41971843.0,122000,0,-1000,267000,0,0,145000,0,1000
20260313,00971,野村美國研發龍頭,15.28,15.28,15.22,15.23,-,0.09,359030,5474043.0,118000,0,2950,121000,0,116000,3000,0,113050
20260313,8104,錸寶,34.95,35.25,34.2,34.7,-,0.3,548813,19124183.0,121516,0,-622,235516,0,378,114000,0,1000
20260313,2477,美隆電,24.15,24.6,24.1,24.5,+,0.25,325305,7926411.0,122000,0,-1130,169000,0,3000,47000,0,4130
20260313,6155,鈞寶,43.2,45.1,42.2,44.2,+,0.9,829423,36525542.0,122000,0,-1300,309000,0,1000,187000,0,2300
20260313,6214,精誠,109.5,112.0,109.5,111.0,,0.0,467408,52014888.0,128001,0,-7476,234001,0,0,106000,0,7476
20260313,2457,飛宏,27.2,27.75,26.85,27.4,-,0.45,2408166,65926685.0,189444,0,-68955,1005000,0,58056,815556,0,127011
20260313,00908,富邦入息REITs+,13.8,13.87,13.8,13.84,-,0.01,329117,4553148.0,218000,0,-99628,218000,0,103000,0,0,202628
20260313,2059,川湖,3220.0,3470.0,3180.0,3365.0,+,75.0,711594,2389553550.0,40385,62000,9545,352624,87000,50404,312239,25000,40859
20260313,6209,今國光,51.6,53.0,51.2,51.5,-,0.6,1889189,98213918.0,115219,0,-3482,629500,0,8002,514281,0,11484
20260313,6558,興能高,29.7,30.25,29.1,30.1,+,0.3,422220,12583094.0,110467,0,1000,213000,0,2000,102533,0,1000
20260313,6117,迎廣,69.1,72.1,68.3,71.5,+,2.7,599208,42658349.0,110000,0,1053,207000,0,4000,97000,0,2947
20260313,9911,櫻花,91.8,92.5,91.3,92.3,+,0.4,444872,40979721.0,113000,-2000,-1090,232000,0,7910,119000,2000,9000
20260313,3622,洋華,59.7,60.9,59.1,60.0,+,0.1,450679,27090651.0,117324,-1000,-6917,199000,0,2407,81676,1000,9324
20260313,3356,奇偶,47.55,48.6,47.5,47.9,-,0.35,475626,22815299.0,103000,0,6333,168000,0,8394,65000,0,2061
20260313,2421,建準,139.0,150.5,138.5,144.5,+,3.5,11205819,1650492072.0,78650,3000,26873,4810650,4000,248155,4732000,1000,221282
20260313,4722,國精化,174.0,194.0,172.0,185.5,+,8.5,3373355,626247135.0,-44845,48000,104664,931000,60000,126742,975845,12000,22078
20260313,1735,日勝化,21.5,23.75,21.35,23.75,+,2.15,3443098,80702346.0,98000,0,9339,320000,0,18339,222000,0,9000
20260313,00899,FT潔淨能源,23.37,23.43,23.32,23.32,-,0.05,254672,5953232.0,50,0,105758,50,0,113758,0,0,8000
20260313,6776,展碁國際,55.8,56.7,55.4,56.6,+,0.4,305510,17185007.0,106000,0,-1000,151000,0,0,45000,0,1000
20260313,6742,澤米,40.9,44.1,40.9,42.55,+,0.3,376856,16181170.0,104000,0,-1102,193000,0,0,89000,0,1102
20260313,3048,益登,37.55,37.95,36.9,37.9,+,0.6,2470413,92960121.0,90000,0,12199,738000,0,23248,648000,0,11049
20260313,1432,大魯閣,19.0,19.55,18.6,18.85,-,0.15,7111197,135258141.0,196031,0,-95000,668031,0,0,472000,0,95000
20260313,2031,新光鋼,38.85,39.25,38.6,39.15,+,0.3,725107,28294035.0,113002,0,-12142,319002,0,1000,206000,0,13142
20260313,3717,聯嘉投控,18.65,19.2,18.4,19.0,+,0.1,1036119,19557867.0,117000,0,-16336,323000,0,1664,206000,0,18000
20260313,8404,百和興業-KY,20.3,20.45,20.1,20.15,-,0.35,576577,11676438.0,113000,0,-12764,224000,0,1000,111000,0,13764
20260313,2420,新巨,51.0,51.1,50.6,50.9,,0.0,309401,15735244.0,105000,0,-6363,128000,0,0,23000,0,6363
20260313,3047,訊舟,15.9,16.2,15.6,15.9,-,0.05,751387,11971357.0,103000,0,-4536,261000,0,0,158000,0,4536
20260313,1789,神隆,20.6,20.8,20.3,20.75,+,0.05,885175,18160966.0,127000,0,-28960,364000,0,0,237000,0,28960
20260313,6472,保瑞,453.0,458.0,441.0,456.5,-,5.5,1276797,572986362.0,95778,0,2007,471400,0,52571,375622,0,50564
20260313,3305,昇貿,96.2,103.0,96.2,102.0,-,2.5,3223199,322688651.0,154000,0,-56689,872000,0,49194,718000,0,105883
20260313,2211,長榮鋼,100.5,103.0,100.5,103.0,+,1.5,669997,68378470.0,111000,-4324,-10291,336000,0,2655,225000,4324,12946
20260313,3060,銘異,27.5,28.15,27.1,27.65,-,0.15,2119712,58602969.0,100000,0,-4146,852000,0,4000,752000,0,8146
20260313,00739,元大MSCI A股,27.72,27.91,27.69,27.86,+,0.25,100252,2787839.0,4000,0,91138,4000,0,92286,0,0,1148
20260313,2342,茂矽,30.8,31.2,30.55,30.75,-,0.55,981997,30271574.0,96541,0,-1433,399541,0,2305,303000,0,3738
20260313,2308,台達電,1355.0,1405.0,1340.0,1385.0,+,15.0,7798371,10731873930.0,267955,-178000,4275,4154424,109000,214618,3886469,287000,210343
20260313,2630,亞航,48.65,50.3,48.5,49.55,+,0.2,719594,35682765.0,101000,0,-7375,263000,0,290,162000,0,7665
20260313,4968,立積,105.0,106.0,102.5,104.0,-,1.0,1039269,108093623.0,99831,0,-7682,465001,0,15002,365170,0,22684
20260313,3019,亞光,127.0,131.0,127.0,130.5,+,1.0,1987135,257499239.0,-152099,-100000,344224,461001,0,358000,613100,100000,13776
20260313,00963,中信全球高股息,12.3,12.38,12.29,12.35,+,0.05,1693007,20888513.0,238000,0,-146211,238000,0,860000,0,0,1006211
20260313,8131,福懋科,62.0,63.3,61.1,63.2,-,0.1,2893287,180910442.0,115460,-1000,-22706,1027000,0,20000,911540,1000,42706
20260313,2375,凱美,78.9,81.7,77.7,80.5,+,0.7,795862,63985731.0,98473,0,-7977,334516,0,3000,236043,0,10977
20260313,1560,中砂,446.0,464.5,443.0,460.0,+,4.0,1698053,775504050.0,112484,-8000,-14014,786674,1000,36579,674190,9000,50593
20260313,1736,喬山,127.0,131.0,127.0,129.5,+,0.5,389340,50447757.0,97000,0,-8170,241000,0,1000,144000,0,9170
20260313,8249,菱光,50.5,51.4,50.5,50.9,-,0.4,504388,25759117.0,96000,0,-7193,177000,0,2000,81000,0,9193
20260313,6405,悅城,30.75,31.25,30.35,30.85,-,0.6,472357,14592162.0,86000,0,-1,214000,0,0,128000,0,1
20260313,6192,巨路,117.5,122.5,116.5,120.5,+,3.0,463373,55938562.0,95000,0,-10000,217000,0,1000,122000,0,11000
20260313,6269,台郡,53.1,56.0,52.7,55.1,+,1.0,2584650,141960780.0,630000,-536000,-11541,1603000,0,30290,973000,536000,41831
20260313,2634,漢翔,50.1,51.3,50.1,50.8,+,0.3,4525926,229912777.0,77151,40000,-35095,1760151,45000,30052,1683000,5000,65147
20260313,00913,兆豐台灣晶圓製造,29.75,29.96,29.34,29.69,-,0.26,358767,10668394.0,-22000,0,102891,16000,0,239500,38000,0,136609
20260313,4961,天鈺,141.0,145.0,140.5,144.5,+,1.0,365946,52603388.0,87637,-1000,-6007,248000,0,3426,160363,1000,9433
20260313,3058,立德,9.2,9.32,9.01,9.19,-,0.06,790710,7259584.0,82000,0,-2000,249000,0,0,167000,0,2000
20260313,4119,旭富,53.2,55.5,52.7,54.1,+,0.7,308824,16824255.0,84000,0,-4002,126000,0,1000,42000,0,5002
20260313,3515,華擎,207.5,212.5,206.0,210.5,+,2.0,495350,104200252.0,90623,-1000,-9892,312000,0,3571,221377,1000,13463
20260313,00898,國泰基因免疫革命,8.03,8.03,7.99,7.99,-,0.13,392792,3144268.0,29000,0,50253,29000,0,101000,0,0,50747
20260313,6142,友勁,9.56,9.86,9.4,9.75,+,0.19,414161,4016473.0,82000,0,-5000,151000,0,2000,69000,0,7000
20260313,6141,柏承,18.05,20.0,18.0,20.0,+,1.8,4067032,79120187.0,79965,0,-3486,122465,0,514,42500,0,4000
20260313,9103,美德醫療-DR,5.11,5.17,5.1,5.12,-,0.05,603518,3097630.0,74000,0,0,141000,0,0,67000,0,0
20260313,8210,勤誠,873.0,901.0,865.0,894.0,+,13.0,1934869,1713773869.0,81361,-10000,-794,725435,0,37785,644074,10000,38579
20260313,6534,正瀚-創,82.0,83.7,81.9,81.9,-,0.7,201934,16675327.0,71229,0,-1000,98000,0,1000,26771,0,2000
20260313,2425,承啟,30.8,32.0,30.3,30.65,-,0.4,1441344,44829140.0,73000,0,-3440,435000,0,1000,362000,0,4440
20260313,00897,富邦基因免疫生技,9.64,9.81,9.64,9.78,-,0.13,733017,7177626.0,259000,0,-189983,263000,0,259000,4000,0,448983
20260313,3447,展達,40.95,43.0,40.7,42.6,+,1.05,305716,12873439.0,61000,0,7864,115000,0,9483,54000,0,1619
20260313,8222,寶一,38.0,38.15,36.95,37.7,-,0.25,228984,8611820.0,68000,0,0,135000,0,1000,67000,0,1000
20260313,2476,鉅祥,75.9,83.0,75.7,82.3,+,5.3,1944297,156402370.0,107000,0,-39400,653000,0,16148,546000,0,55548
20260313,00850,元大臺灣ESG永續,62.4,63.3,62.2,62.8,-,0.4,1053570,66096144.0,-182000,-10000,259169,43000,0,660537,225000,10000,401368
20260313,6272,驊陞,35.8,36.4,35.15,36.0,+,1.0,346054,12362719.0,65000,0,-1000,148000,0,0,83000,0,1000
20260313,5269,祥碩,1210.0,1245.0,1210.0,1225.0,,0.0,809456,995387260.0,58855,-210,4456,469265,0,21465,410410,210,17009
20260313,2236,百達-KY,111.0,113.5,109.5,113.0,-,0.5,375468,41779724.0,63906,0,-2000,145939,0,0,82033,0,2000
20260313,1340,勝悅-KY,7.18,7.49,7.18,7.4,+,0.02,394712,2919411.0,63000,0,-2000,129000,0,0,66000,0,2000
20260313,6426,統新,121.0,142.0,121.0,142.0,+,12.5,688081,93516811.0,3000,0,57500,43000,0,92000,40000,0,34500
20260313,1457,宜進,15.45,15.9,15.45,15.75,+,0.4,316666,4996678.0,65000,0,-5000,121000,0,1000,56000,0,6000
20260313,2636,台驊控股,69.0,69.9,68.7,69.0,-,0.4,652893,45249597.0,65887,0,-6001,247000,0,0,181113,0,6001
20260313,2850,新產,117.0,120.0,116.5,120.0,+,3.0,586765,69959996.0,73192,-1000,-12955,242000,0,47,168808,1000,13002
20260313,7722,LINEPAY,340.5,345.0,331.5,337.0,-,11.5,345837,116616067.0,59485,0,-436,158784,0,5564,99299,0,6000
20260313,2429,銘旺科,47.9,50.3,46.5,50.3,+,2.4,314178,15021364.0,59000,0,-1000,124000,0,0,65000,0,1000
20260313,4934,太極,18.8,19.1,18.2,18.65,-,0.45,1237499,23148854.0,61102,0,-3103,305102,0,5069,244000,0,8172
20260313,1342,八貫,87.3,89.6,87.2,89.0,+,0.3,297301,26415210.0,56150,0,120,134000,0,1120,77850,0,1000
20260313,6885,全福生技,24.4,25.0,24.3,24.9,+,0.15,223649,5555197.0,58000,0,-2000,123000,0,0,65000,0,2000
20260313,00962,台新AI優息動能,10.89,11.05,10.82,11.0,,0.0,525280,5779875.0,-72000,0,127062,20000,0,472616,92000,0,345554
20260313,2516,新建,14.15,14.2,13.7,13.75,-,0.15,648101,9020682.0,58000,0,-3000,145000,0,0,87000,0,3000
20260313,00903,富邦元宇宙,16.08,16.17,16.08,16.13,-,0.02,263919,4264530.0,111000,0,-57349,111000,0,42651,0,0,100000
20260313,2362,藍天,38.6,39.65,38.6,39.3,+,0.2,623968,24498488.0,70000,0,-17000,337000,0,0,267000,0,17000
20260313,8033,雷虎,140.0,143.0,140.0,141.5,-,3.0,354368,50250259.0,58596,0,-6000,111596,0,0,53000,0,6000
20260313,00875,國泰網路資安,38.59,38.68,38.59,38.59,-,0.02,240980,9309780.0,213000,0,-161105,215000,0,16000,2000,0,177105
20260313,6449,鈺邦,159.0,161.0,154.5,160.5,-,0.5,436654,69466120.0,47823,0,3614,174000,0,8000,126177,0,4386
20260313,5284,jpp-KY,263.0,270.5,262.0,268.5,,0.0,518842,138608638.0,61696,0,-10351,172696,0,263,111000,0,10614
20260313,1623,大東電,196.0,199.5,193.0,196.5,-,3.5,232180,45701673.0,50112,0,1000,79000,0,1000,28888,0,0
20260313,3092,鴻碩,31.85,32.2,30.8,32.1,+,0.25,455415,14439776.0,52000,0,-1001,75000,0,0,23000,0,1001
20260313,2382,廣達,286.0,290.0,283.5,289.0,+,0.5,10001210,2871788100.0,-253088,382727,-78816,5511400,549000,93650,5764488,166273,172466
20260313,2723,美食-KY,73.5,75.8,73.2,73.4,-,1.4,615157,45612481.0,57247,0,-7154,338247,0,0,281000,0,7154
20260313,8473,山林水,37.6,38.65,37.5,37.75,+,0.65,959272,36431852.0,53000,0,-3200,247000,0,0,194000,0,3200
20260313,9917,中保科,112.0,113.5,111.5,113.0,+,0.5,886768,100094224.0,71370,-10000,-12000,422720,0,0,351350,10000,12000
20260313,6901,鑽石投資,14.35,15.15,14.25,14.9,+,0.3,886159,13141448.0,71000,0,-22000,410000,0,0,339000,0,22000
20260313,3504,揚明光,57.2,58.7,56.2,58.1,+,1.1,381459,21978323.0,54000,0,-5533,165000,0,0,111000,0,5533
20260313,3494,誠研,8.38,8.47,8.22,8.47,+,0.09,187555,1570166.0,52000,0,-5000,68000,0,0,16000,0,5000
20260313,3712,永崴投控,22.2,22.5,21.9,22.3,-,0.3,393824,8761240.0,53000,0,-6095,160000,0,6000,107000,0,12095
20260313,1463,強盛新,17.65,17.95,17.65,17.95,+,0.15,87528,1564104.0,47000,0,-1074,77000,0,1000,30000,0,2074
20260313,2069,運錩,18.75,19.15,18.75,19.15,+,0.1,156782,2986943.0,62000,0,-18000,94000,0,0,32000,0,18000
20260313,00762,元大全球AI,82.85,82.85,82.55,82.55,-,0.3,138021,11419054.0,44000,0,-282,45000,0,29115,1000,0,29397
20260313,3059,華晶科,37.25,37.75,36.9,37.45,-,0.05,1048218,39166374.0,54734,0,-11478,431734,0,3002,377000,0,14480
20260313,3437,榮創,19.0,19.4,18.6,19.4,+,1.75,5666495,109083596.0,24000,0,18747,456000,0,33747,432000,0,15000
20260313,6477,安集,38.5,40.0,38.5,39.5,-,0.15,1328446,52166283.0,44900,0,-3860,527000,0,1000,482100,0,4860
20260313,4952,凌通,44.0,44.95,43.5,44.3,-,0.25,552512,24531851.0,41000,0,-100,185000,0,4773,144000,0,4873
20260313,1446,宏和,16.2,16.5,16.2,16.4,+,0.1,200098,3278598.0,35000,0,4238,75000,0,12000,40000,0,7762
20260313,9925,新保,40.65,40.85,40.65,40.7,,0.0,232851,9481484.0,33000,0,3985,117000,0,16000,84000,0,12015
20260313,6753,龍德造船,132.0,135.5,130.0,135.5,+,1.5,594554,79441274.0,74941,0,-38386,294000,0,12000,219059,0,50386
20260313,00921,兆豐龍頭等權重,18.94,18.95,18.83,18.93,-,0.09,228128,4310401.0,-32000,0,68428,10000,0,184000,42000,0,115572
20260313,7750,新代,1310.0,1335.0,1295.0,1320.0,-,25.0,156526,206737745.0,39239,0,-3000,93000,0,2000,53761,0,5000
20260313,6830,汎銓,380.5,383.0,349.5,349.5,-,38.5,1285169,473374649.0,28858,0,7022,218003,0,19351,189145,0,12329
20260313,5522,遠雄,67.6,67.7,66.4,66.9,+,1.7,1410727,94461660.0,69700,0,-34116,745000,0,13000,675300,0,47116
20260313,4532,瑞智,26.2,26.4,26.05,26.15,-,0.25,1012455,26542638.0,49000,-5622,-8124,412000,0,10142,363000,5622,18266
20260313,2348,海悅,71.1,71.9,70.2,71.9,+,0.3,200719,14335901.0,37390,0,-3595,107000,0,405,69610,0,4000
20260313,4566,時碩工業,53.5,56.1,53.2,54.9,+,0.8,285377,15652628.0,35000,0,-1399,101000,0,0,66000,0,1399
20260313,6278,台表科,99.4,101.0,99.0,100.0,,0.0,1043806,104338954.0,115000,-37281,-44487,570000,50000,4522,455000,87281,49009
20260313,6743,安普新,23.6,23.65,23.0,23.15,-,0.45,291861,6778664.0,36000,0,-3000,90000,0,5000,54000,0,8000
20260313,2258,鴻華先進-創,32.65,32.85,32.2,32.25,-,0.85,1625647,52746502.0,73351,0,-41692,698351,0,50000,625000,0,91692
20260313,00731,復華富時高息低波,70.9,71.25,70.9,71.05,-,0.3,612309,43497390.0,93000,0,-62366,94000,0,506672,1000,0,569038
20260313,4440,宜新實業,17.75,18.1,17.7,18.05,+,0.35,135988,2443261.0,20000,0,10000,30000,0,10000,10000,0,0
20260313,3050,鈺德,12.65,13.0,12.6,12.9,-,0.05,646714,8293441.0,42001,0,-12283,195001,0,0,153000,0,12283
20260313,2231,為升,80.6,82.9,80.6,82.1,-,0.2,255303,20961884.0,36156,0,-6865,110000,0,13679,73844,0,20544
20260313,3702,大聯大,73.0,74.5,72.2,74.5,+,1.0,10668535,781663015.0,-2052750,2180000,-98234,2111000,2210000,239301,4163750,30000,337535
20260313,6951,青新-創,77.9,79.9,77.9,79.9,+,1.7,151816,11993699.0,35000,0,-6805,56000,0,4195,21000,0,11000
20260313,3346,麗清,19.5,19.9,19.15,19.7,+,0.2,217777,4263080.0,30000,0,-2000,93000,0,0,63000,0,2000
20260313,4155,訊映,13.4,13.45,13.2,13.35,-,0.2,438520,5840550.0,30000,0,-2062,66000,0,0,36000,0,2062
20260313,6671,三能-KY,30.3,32.0,29.3,31.45,+,0.85,222014,6767903.0,24000,0,3800,56000,0,17000,32000,0,13200
20260313,6790,永豐實,39.9,40.15,39.7,40.05,+,0.1,241677,9676055.0,28000,0,-2000,78000,0,2000,50000,0,4000
20260313,3557,嘉威,31.0,31.0,30.45,30.45,-,0.5,109574,3349194.0,27000,0,-1002,43000,0,0,16000,0,1002
20260313,00668,國泰美國道瓊,54.65,54.8,54.6,54.65,+,0.1,59870,3272950.0,0,0,24301,1000,0,48000,1000,0,23699
20260313,5706,鳳凰,51.0,51.6,51.0,51.1,-,0.1,168536,8632443.0,25000,0,-1850,58000,0,1000,33000,0,2850
20260313,6283,淳安,20.8,21.0,20.55,20.8,-,0.25,151559,3150021.0,23044,0,-1477,66044,0,0,43000,0,1477
20260313,6670,復盛應用,271.5,277.0,269.0,276.0,+,4.5,173579,47621713.0,2812,8689,9875,102000,10000,12892,99188,1311,3017
20260313,6550,北極星藥業-KY,24.1,24.1,24.1,24.1,-,2.65,995985,24003124.0,21308,0,0,21308,0,0,0,0,0
20260313,2359,所羅門,114.0,116.5,113.5,116.0,,0.0,679124,78370791.0,23720,0,-2751,242720,0,7909,219000,0,10660
20260313,2929,淘帝-KY,6.96,7.05,6.96,7.0,,0.0,308376,2160140.0,22000,0,-1047,41000,0,0,19000,0,1047
20260313,3032,偉訓,60.6,68.0,59.9,68.0,+,6.1,2114410,138320510.0,-99750,0,120322,475000,0,120323,574750,0,1
20260313,1526,日馳,17.4,17.5,17.15,17.4,,0.0,103895,1809104.0,28001,0,-7541,41001,0,0,13000,0,7541
20260313,6573,虹揚-KY,13.8,14.15,13.5,14.15,+,0.35,120057,1669485.0,19000,0,966,42000,0,10000,23000,0,9034
20260313,1338,廣華-KY,15.1,15.2,14.9,15.15,+,0.25,181405,2735249.0,20999,0,-1062,51000,0,0,30001,0,1062
20260313,2417,圓剛,34.85,34.95,34.3,34.8,-,0.4,277949,9657799.0,24000,0,-4144,112000,0,0,88000,0,4144
20260313,5225,東科-KY,91.0,93.4,91.0,92.5,-,0.3,253493,23482313.0,25325,0,-5478,69000,0,0,43675,0,5478
20260313,3443,創意,2255.0,2330.0,2245.0,2285.0,-,5.0,1503131,3445391875.0,233530,-196210,-17583,690893,56000,28536,457363,252210,46119
20260313,4562,穎漢,32.7,33.35,31.95,32.85,+,0.15,204389,6702423.0,19000,0,0,88000,0,1000,69000,0,1000
20260313,8374,羅昇,71.0,73.8,71.0,73.5,+,0.6,203071,14779362.0,18883,0,-260,77000,0,1799,58117,0,2059
20260313,4545,銘鈺,32.0,33.0,31.85,32.2,-,0.1,138286,4473530.0,23000,0,-5000,67000,0,0,44000,0,5000
20260313,3029,零壹,113.5,116.0,113.5,115.0,-,0.5,648775,74575068.0,10535,-4794,11746,213390,0,19000,202855,4794,7254
20260313,3046,建碁,47.2,48.15,46.95,47.45,+,0.15,195512,9329549.0,17000,0,433,70000,0,4000,53000,0,3567
20260313,6552,易華電,26.15,26.7,26.15,26.4,-,0.4,90167,2389192.0,18000,0,-1000,43000,0,0,25000,0,1000
20260313,6931,青松健康,51.3,51.3,50.4,51.1,+,0.2,155169,7889627.0,17000,0,0,42000,0,0,25000,0,0
20260313,2731,雄獅,172.5,175.0,172.0,173.5,-,2.0,570298,98787042.0,17703,0,-1145,247000,0,14419,229297,0,15564
20260313,8499,鼎炫-KY,265.0,284.0,264.0,277.5,+,6.5,146864,40351198.0,14000,0,2517,64000,0,2659,50000,0,142
20260313,1540,喬福,22.8,22.8,22.45,22.6,-,0.2,171948,3889952.0,20000,0,-3586,70000,0,1000,50000,0,4586
20260313,4571,鈞興-KY,161.0,165.5,160.0,164.0,+,2.0,230597,37740682.0,18555,0,-2492,61000,0,0,42445,0,2492
20260313,3432,台端,16.5,16.65,16.2,16.55,-,0.05,74703,1235373.0,17000,0,-1000,23000,0,0,6000,0,1000
20260313,3416,融程電,143.5,148.5,143.0,148.0,+,1.5,206136,30182917.0,-1000,0,17000,54000,0,22000,55000,0,5000
20260313,6598,ABC-KY,24.1,25.35,24.0,25.05,+,0.5,121963,3025690.0,24000,0,-8000,52000,0,0,28000,0,8000
20260313,00851,台新全球AI,56.6,56.8,56.6,56.8,-,0.1,142995,8098546.0,-1000,0,16112,0,0,134016,1000,0,117904
20260313,2397,友通,55.0,55.6,54.7,55.0,-,0.1,95169,5247806.0,18000,0,-3000,36000,0,0,18000,0,3000
20260313,1537,廣隆,122.5,125.0,122.5,125.0,+,1.5,72101,8974967.0,17000,0,-2433,30000,0,1291,13000,0,3724
20260313,1597,直得,75.0,76.4,74.2,75.6,+,0.4,177146,13386103.0,15000,0,-1000,77000,0,1000,62000,0,2000
20260313,3312,弘憶股,33.05,33.5,32.0,33.2,+,0.05,497103,16411291.0,20000,0,-6000,159000,0,0,139000,0,6000
20260313,6781,AES-KY,991.0,1030.0,991.0,1005.0,-,5.0,540564,547153205.0,15970,0,-2749,199000,0,10973,183030,0,13722
20260313,4590,富田-創,71.0,71.4,70.8,70.8,-,1.4,146804,10425433.0,13000,0,0,33000,0,1000,20000,0,1000
20260313,2491,吉祥全,15.45,16.55,15.3,16.15,+,0.65,232766,3747164.0,16000,0,-3000,73000,0,3000,57000,0,6000
20260313,3056,富華新,15.1,15.15,14.9,14.95,-,0.25,2544714,38168387.0,28150,0,-15798,759150,0,3000,731000,0,18798
20260313,6862,三集瑞-KY,185.5,199.5,183.0,194.0,+,3.0,702645,136548178.0,-738,0,12958,214000,0,26601,214738,0,13643
20260313,1217,愛之味,10.2,10.3,10.2,10.25,+,0.05,452505,4630553.0,26000,0,-14213,131000,0,0,105000,0,14213
20260313,2705,六福,16.3,16.55,16.25,16.5,+,0.2,183366,3011195.0,3000,0,8000,26000,0,10000,23000,0,2000
20260313,7799,禾榮科,424.0,438.5,420.0,420.0,-,12.0,327401,140503569.0,13000,0,-2000,119000,0,1000,106000,0,3000
20260313,6906,現觀科,68.5,71.4,68.3,70.7,+,1.0,42796,2993178.0,6000,0,4000,16000,0,5000,10000,0,1000
20260313,2392,正崴,35.25,35.75,34.9,35.65,,0.0,1611246,57134623.0,6100,0,3721,582100,0,77000,576000,0,73279
20260313,8162,微矽電子-創,36.8,37.65,36.6,37.25,+,0.15,95333,3541931.0,12000,0,-2227,32000,0,5000,20000,0,7227
20260313,6928,攸泰科技,48.3,49.6,48.3,49.2,-,0.6,59013,2906399.0,10000,0,-260,30000,0,740,20000,0,1000
20260313,6695,芯鼎,40.15,40.15,39.15,39.95,-,0.25,162429,6469457.0,10001,0,-762,81001,0,1000,71000,0,1762
20260313,5244,弘凱,34.5,37.9,33.95,36.85,+,2.35,530744,19431715.0,11000,0,-1867,146000,0,135,135000,0,2002
20260313,3669,圓展,33.35,34.55,33.35,34.4,+,0.4,49650,1696711.0,9000,0,0,23000,0,2000,14000,0,2000
20260313,1453,大將,12.45,12.75,12.35,12.35,-,0.1,73930,917672.0,9000,0,-48,21000,0,2000,12000,0,2048
20260313,6216,居易,25.3,25.75,25.2,25.5,-,0.1,106076,2704587.0,11000,0,-2269,34000,0,0,23000,0,2269
20260313,3016,嘉晶,58.3,60.1,57.9,59.8,+,0.1,1121553,66397843.0,-3000,0,11201,412000,0,24704,415000,0,13503
20260313,00916,國泰全球品牌50,25.81,25.81,25.72,25.75,-,0.07,156509,4032456.0,47100,0,-39031,48100,0,13000,1000,0,52031
20260313,4737,華廣,58.8,60.5,57.7,60.4,+,1.6,143086,8527918.0,9000,0,-1075,53000,0,0,44000,0,1075
20260313,00861,元大全球未來通訊,64.4,64.45,64.05,64.05,-,0.5,189907,12195322.0,-94996,0,102636,17004,0,122000,112000,0,19364
20260313,3055,蔚華科,58.9,59.0,57.5,57.7,-,1.2,318202,18442038.0,14000,0,-6401,93000,0,2000,79000,0,8401
20260313,1762,中化生,29.0,29.15,28.6,28.6,-,0.85,190444,5489400.0,7001,0,-21,34001,0,5000,27000,0,5021
20260313,1618,合機,41.0,41.65,40.6,41.45,+,0.2,541758,22353064.0,16000,0,-9563,203000,0,0,187000,0,9563
20260313,1416,廣豐,11.7,11.7,11.6,11.7,,0.0,219127,2548327.0,15000,0,-8614,40000,0,0,25000,0,8614
20260313,9942,茂順,116.0,117.0,115.5,116.5,+,0.5,85447,9910506.0,7218,0,-1000,30000,0,0,22782,0,1000
20260313,6934,心誠鎂,78.8,79.6,73.9,79.3,+,0.5,165691,12812910.0,6000,0,0,33000,0,0,27000,0,0
20260313,6281,全國電,60.1,60.4,59.4,60.3,+,0.1,89106,5357818.0,7000,0,-1000,37000,0,0,30000,0,1000
20260313,3229,晟鈦,19.05,19.8,17.8,18.85,-,0.05,198917,3690916.0,6000,0,0,39000,0,1000,33000,0,1000
20260313,6715,嘉基,295.0,313.0,288.0,305.0,+,1.0,1050442,313827437.0,21942,0,-15978,57000,0,10101,35058,0,26079
20260313,7765,中華資安,233.5,233.5,230.0,230.0,-,3.5,145190,33559595.0,13608,-1912,-6000,29000,0,5000,15392,1912,11000
20260313,2233,宇隆,225.0,230.0,220.5,226.5,+,0.5,437265,99315633.0,2204,0,3404,112000,0,14224,109796,0,10820
20260313,3043,科風,21.35,21.65,21.2,21.35,+,0.05,53416,1140956.0,3000,0,2159,14000,0,7159,11000,0,5000
20260313,6416,瑞祺電通,82.1,82.5,81.1,81.9,-,0.3,146774,12010963.0,7000,0,-2000,61000,0,0,54000,0,2000
20260313,1472,三洋實業,91.8,91.9,91.3,91.3,-,0.3,101191,9274829.0,-4000,0,8977,4000,0,9000,8000,0,23
20260313,4912,聯德控股-KY,85.5,88.0,84.7,87.5,+,1.7,201169,17473461.0,4000,0,601,58000,0,1000,54000,0,399
20260313,7791,皇家可口,65.6,65.9,65.5,65.5,,0.0,86853,5697006.0,7000,0,-2561,22000,0,0,15000,0,2561
20260313,7823,奧義賽博-KY創,82.6,82.6,80.8,82.0,-,0.6,17844,1453409.0,4000,0,291,4000,0,1000,0,0,709
20260313,0051,元大中型100,108.2,109.1,107.2,108.6,-,0.1,59820,6469964.0,0,0,4221,5000,0,14001,5000,0,9780
20260313,00771,元大US高息特別股,16.16,16.23,16.15,16.23,+,0.06,13356,215740.0,0,0,4000,0,0,5000,0,0,1000
20260313,2904,匯僑,17.4,17.4,16.9,17.0,-,0.35,190649,3253643.0,2000,0,2000,15000,0,3000,13000,0,1000
20260313,4133,亞諾法,23.15,23.3,23.0,23.15,-,0.15,57215,1325386.0,5000,0,-1000,12000,0,0,7000,0,1000
20260313,3592,瑞鼎,216.0,219.0,215.5,219.0,-,1.0,254358,55429056.0,5757,-1278,-1000,124565,0,1000,118808,1278,2000
20260313,3530,晶相光,59.0,59.5,57.6,59.1,+,0.3,96652,5685619.0,6000,0,-2834,52000,0,1040,46000,0,3874
20260313,00714,群益道瓊美國地產,20.9,21.03,20.9,21.0,+,0.22,156140,3282229.0,5000,0,-1852,5000,0,120000,0,0,121852
20260313,1220,台榮,12.9,12.95,12.85,12.85,-,0.05,143503,1850269.0,3001,0,0,28001,0,4000,25000,0,4000
20260313,9912,偉聯,12.2,12.35,12.1,12.2,,0.0,186202,2281494.0,3000,0,0,8000,0,0,5000,0,0
20260313,2642,宅配通,23.8,23.9,23.55,23.9,-,0.15,44114,1051719.0,5000,0,-2000,16000,0,0,11000,0,2000
20260313,1817,凱撒衛,38.55,38.7,38.55,38.65,-,0.05,34210,1322613.0,4000,0,-1013,11000,0,0,7000,0,1013
20260313,2748,雲品,39.75,40.5,39.75,40.0,-,0.4,66435,2659867.0,13000,0,-10189,28000,0,1811,15000,0,12000
20260313,6799,來頡,74.6,76.8,74.6,76.8,+,1.2,74980,5713025.0,5000,0,-2227,18000,0,139,13000,0,2366
20260313,8114,振樺電,170.5,177.0,170.5,175.5,+,1.5,280249,49046943.0,12474,-1000,-9101,134286,0,0,121812,1000,9101
20260313,3679,新至陞,116.0,117.0,116.0,116.5,+,0.5,55394,6465421.0,1138,0,1050,18000,0,2050,16862,0,1000
20260313,6902,GOGOLOOK,77.5,80.6,76.6,77.9,+,1.3,126477,10005489.0,0,0,2000,12000,0,7000,12000,0,5000
20260313,6756,威鋒電子,78.0,78.8,77.3,78.3,+,0.8,181259,14181639.0,5000,0,-3000,59000,0,0,54000,0,3000
20260313,1568,倉佑,22.4,22.4,22.15,22.15,+,0.05,78372,1740948.0,3000,0,-1000,22000,0,0,19000,0,1000
20260313,1439,雋揚,27.35,27.8,27.35,27.45,+,0.15,15303,420123.0,0,0,2000,9000,0,3000,9000,0,1000
20260313,2466,冠西電,45.15,45.15,43.35,43.35,-,1.95,316113,13833179.0,4000,0,-2000,75000,0,0,71000,0,2000
20260313,2939,永邑-KY,26.65,26.65,25.55,25.65,-,1.5,82783,2139494.0,2000,0,-16,12000,0,0,10000,0,16
20260313,6955,邦睿生技-創,167.5,167.5,165.0,165.5,,0.0,23001,3815677.0,-3000,0,4000,0,0,8000,3000,0,4000
20260313,5215,科嘉-KY,36.85,37.25,36.75,37.1,+,0.05,36143,1337952.0,2000,0,-1000,8000,0,0,6000,0,1000
20260313,2438,翔耀,20.55,20.85,20.5,20.6,-,0.5,76880,1588071.0,1000,0,0,19000,0,1000,18000,0,1000
20260313,1456,怡華,13.45,13.9,13.25,13.55,+,0.1,116651,1572045.0,2000,0,-1000,30000,0,0,28000,0,1000
20260313,1732,毛寶,26.25,27.0,26.25,26.35,,0.0,104853,2777444.0,1000,0,0,29000,0,0,28000,0,0
20260313,2314,台揚,17.35,17.35,16.7,16.75,-,0.65,428067,7223265.0,1000,0,0,1000,0,0,0,0,0
20260313,6918,愛派司,83.8,85.4,83.7,84.5,+,0.7,82622,6972816.0,3000,0,-2014,12000,0,0,9000,0,2014
20260313,2114,鑫永銓,88.5,89.5,88.5,88.9,+,0.1,61489,5470440.0,2000,0,-1024,15000,0,0,13000,0,1024
20260313,1776,展宇,14.95,15.35,14.9,14.95,,0.0,119248,1791379.0,4000,0,-3026,13000,0,0,9000,0,3026
20260313,00938,凱基優選30,18.33,18.49,18.33,18.46,-,0.12,1545604,28506970.0,63000,0,-62110,64000,0,1438000,1000,0,1500110
20260313,4583,台灣精銳,632.0,641.0,625.0,631.0,-,10.0,283697,178966107.0,-2859,0,2900,86000,0,12380,88859,0,9480
20260313,4560,強信-KY,32.65,33.1,32.3,32.95,+,0.1,316092,10318439.0,-2000,0,2000,177000,0,3000,179000,0,1000
20260313,8462,柏文,142.0,145.5,141.5,145.5,+,2.0,92985,13377062.0,2000,0,-2000,27000,0,0,25000,0,2000
20260313,1325,恆大,27.15,27.6,27.1,27.5,+,0.35,152751,4187739.0,1000,0,-1000,35000,0,0,34000,0,1000
20260313,8101,華冠,15.0,15.0,15.0,15.0,,0.0,6683,100184.0,0,0,-2,0,0,0,0,0,2
20260313,1451,年興,17.8,17.95,17.75,17.8,-,0.1,171607,3061799.0,2000,0,-2085,37000,0,0,35000,0,2085
20260313,6641,基士德-KY,19.15,19.35,18.8,19.0,-,0.1,56380,1071064.0,3000,0,-3164,10000,0,0,7000,0,3164
20260313,3168,眾福科,41.15,41.15,40.25,40.8,-,0.35,35295,1440722.0,-1000,0,787,8000,0,2000,9000,0,1213
20260313,1323,永裕,18.55,18.6,18.5,18.55,,0.0,61686,1144435.0,-8000,0,7761,5000,0,9000,13000,0,1239
20260313,00943,兆豐電子高息等權,14.86,14.96,14.83,14.95,+,0.01,61432,915292.0,0,0,-610,0,0,31000,0,0,31610
20260313,8442,威宏-KY,61.5,63.2,61.5,63.0,+,0.6,58061,3650533.0,0,0,-945,13000,0,2055,13000,0,3000
20260313,00701,國泰股利精選30,28.73,28.81,28.6,28.73,-,0.12,365884,10493598.0,59000,0,-59982,71000,0,113000,12000,0,172982
20260313,6916,華凌,18.2,18.35,18.1,18.15,-,0.4,35585,648486.0,0,0,-1000,10000,0,0,10000,0,1000
20260313,6835,圓裕,38.15,39.2,37.9,38.8,+,0.1,184120,7092480.0,-1000,0,0,22000,0,0,23000,0,0
20260313,9906,欣巴巴,42.85,42.85,41.2,41.7,-,0.3,99951,4184140.0,-20000,0,19000,30000,0,23000,50000,0,4000
20260313,9928,中視,17.6,17.9,17.6,17.9,+,0.05,26266,466453.0,0,0,-1000,0,0,0,0,0,1000
20260313,3593,力銘,13.1,13.1,13.0,13.0,-,0.1,20058,261446.0,-1000,0,0,0,0,0,1000,0,0
20260313,2022,聚亨,9.07,9.12,8.94,9.05,,0.0,576634,5200035.0,-20000,0,19000,114000,0,24000,134000,0,5000
20260313,1236,宏亞,27.0,27.6,27.0,27.25,-,0.1,52136,1420280.0,-3000,0,1994,11000,0,3000,14000,0,1006
20260313,0057,富邦摩台,225.15,226.35,224.35,225.1,-,2.5,26479,5982478.0,0,0,-1256,0,0,22030,0,0,23286
20260313,3257,虹冠電,55.5,56.3,55.0,55.9,-,0.2,178254,9945355.0,4000,0,-5300,68000,0,0,64000,0,5300
20260313,1810,和成,17.65,17.7,17.35,17.7,+,0.05,776679,13654526.0,42057,-31436,-12000,323057,0,0,281000,31436,12000
20260313,7740,熙特爾-創,200.0,204.0,194.0,204.0,+,6.0,425215,84698373.0,0,0,-1468,136000,0,1532,136000,0,3000
20260313,00660,元大歐洲50,42.08,42.18,42.06,42.18,+,0.41,8034,339123.0,0,0,-2000,0,0,1000,0,0,3000
20260313,2901,欣欣,23.7,24.15,23.6,23.6,-,0.35,30634,729454.0,-4000,0,2000,4000,0,3000,8000,0,1000
20260313,5907,大洋-KY,5.74,5.94,5.74,5.91,+,0.02,93009,547671.0,1000,0,-3000,38000,0,0,37000,0,3000
20260313,2509,全坤建,14.0,14.0,13.8,13.85,-,0.2,210279,2927261.0,2000,0,-4000,34000,0,0,32000,0,4000
20260313,1475,業旺,27.85,28.25,27.85,28.05,+,0.25,51107,1433685.0,-1000,0,-1086,10000,0,0,11000,0,1086
20260313,6201,亞弘電,51.3,51.6,51.2,51.3,-,0.3,64876,3330287.0,-1000,0,-1240,7000,0,0,8000,0,1240
20260313,7786,東方風能,150.5,151.0,145.0,145.0,-,5.0,380514,56123373.0,755,0,-3000,91000,0,3000,90245,0,6000
20260313,2483,百容,20.95,21.65,20.9,21.45,,0.0,99326,2116506.0,9000,0,-11821,37000,0,1000,28000,0,12821
20260313,2535,達欣工,73.7,74.0,72.5,73.3,+,1.2,504559,36892035.0,-24000,0,21029,175000,0,31000,199000,0,9971
20260313,4588,玖鼎電力,59.1,59.9,58.3,59.5,-,0.1,61681,3666121.0,-4000,0,1000,18000,0,2000,22000,0,1000
20260313,4581,光隆精密-KY,49.6,49.75,49.5,49.55,-,0.35,20199,1000950.0,-3000,0,0,2000,0,0,5000,0,0
20260313,6957,裕慶-KY,161.0,166.0,161.0,165.0,-,2.0,24747,4072870.0,-3501,0,501,10000,0,1501,13501,0,1000
20260313,7705,三商餐飲,36.4,36.5,35.85,35.9,-,0.5,50907,1835321.0,-3000,0,0,9000,0,0,12000,0,0
20260313,6606,建德工業,24.75,24.9,24.5,24.55,-,0.4,108867,2679625.0,-2000,0,-1000,21000,0,0,23000,0,1000
20260313,3296,勝德,21.75,22.05,21.75,21.85,-,0.2,42931,940786.0,-2000,0,-1008,13000,0,0,15000,0,1008
20260313,8482,商億-KY,46.7,48.9,46.7,48.9,+,0.85,12102,574161.0,-2000,0,-1102,9000,0,0,11000,0,1102
20260313,2316,楠梓電,89.0,92.8,88.0,91.4,+,0.6,1980714,180605792.0,-9900,0,6617,714100,0,35015,724000,0,28398
20260313,6792,詠業,57.0,57.5,56.6,57.0,-,0.4,94474,5390199.0,-3000,0,-425,11000,0,575,14000,0,1000
20260313,1617,榮星,14.95,15.1,14.95,15.05,-,0.1,62259,936839.0,-10000,0,6301,19000,0,13000,29000,0,6699
20260313,00730,富邦臺灣優質高息,22.76,22.91,22.63,22.82,-,0.18,184861,4215158.0,-10000,0,6133,2000,0,63000,12000,0,56867
20260313,8487,愛爾達-創,82.0,82.0,80.6,80.7,-,1.3,16821,1362568.0,-3999,0,0,1,0,0,4000,0,0
20260313,7736,虎山,83.4,84.7,83.0,83.8,+,0.1,30221,2531961.0,-2000,0,-2000,10000,0,0,12000,0,2000
20260313,8443,阿瘦,11.85,11.95,11.8,11.8,-,0.05,46916,555304.0,-4000,0,0,4000,0,0,8000,0,0
20260313,6807,峰源-KY,43.4,44.0,43.05,43.9,,0.0,11098,485169.0,-4000,0,0,2000,0,0,6000,0,0
20260313,6666,羅麗芬-KY,40.4,41.6,40.4,40.85,-,0.75,21016,858565.0,-4000,0,0,2000,0,0,6000,0,0
20260313,2496,卓越,69.9,69.9,68.6,68.8,-,0.2,8959,619104.0,-3000,0,-1000,1000,0,0,4000,0,1000
20260313,2033,佳大,16.0,16.2,15.9,16.2,+,0.2,104120,1671869.0,-3000,0,-1000,7000,0,0,10000,0,1000
20260313,1470,大統新創,21.85,22.75,21.85,22.2,-,0.15,10000,221450.0,-3000,0,-1000,4000,0,0,7000,0,1000
20260313,1341,富林-KY,58.2,59.5,58.2,59.2,+,0.4,11482,676820.0,-4000,0,0,1000,0,0,5000,0,0
20260313,1410,南染,32.75,32.9,31.85,31.85,-,0.9,29000,943150.0,-3000,0,-1000,2000,0,0,5000,0,1000
20260313,2434,統懋,29.6,29.6,29.5,29.6,,0.0,22271,658789.0,-4000,0,0,0,0,0,4000,0,0
20260313,2254,巨鎧精密-創,68.6,68.9,67.7,68.0,-,0.4,39002,2671744.0,-5000,0,998,8000,0,6000,13000,0,5002
20260313,2424,隴華,31.4,31.4,30.05,30.15,-,1.25,105631,3214437.0,-4031,0,0,1000,0,0,5031,0,0
20260313,6442,光聖,1625.0,1695.0,1625.0,1690.0,,0.0,680062,1145319700.0,-4439,-5000,5370,150042,4000,27000,154481,9000,21630
20260313,6754,匯僑設計,44.9,45.0,43.55,45.0,,0.0,27042,1203152.0,-4000,-70,-8,5000,0,0,9000,70,8
20260313,6589,台康生技,56.7,57.6,56.6,56.7,-,1.0,539648,30728538.0,6000,0,-10174,174000,0,1000,168000,0,11174
20260313,5484,慧友,37.6,41.25,37.6,40.75,-,0.15,586177,23393517.0,-4000,0,-191,140000,0,0,144000,0,191
20260313,5906,台南-KY,49.5,49.5,49.4,49.4,-,0.1,5230,258728.0,-5000,0,0,0,0,0,5000,0,0
20260313,6184,大豐電,47.8,48.0,47.6,47.9,-,0.05,64331,3081797.0,-3000,0,-2000,23000,0,0,26000,0,2000
20260313,2712,遠雄來,15.8,16.0,15.7,15.85,-,0.15,48238,763498.0,-4000,0,-1000,9000,0,1000,13000,0,2000
20260313,4439,冠星-KY,85.0,86.3,84.9,86.0,+,1.0,37415,3203598.0,-5000,0,0,9000,0,0,14000,0,0
20260313,4190,佐登-KY,28.7,28.9,28.55,28.55,-,0.15,22128,635391.0,-5000,0,0,4000,0,0,9000,0,0
20260313,6224,聚鼎,40.55,41.4,40.1,40.8,+,0.1,80374,3290046.0,-2000,0,-3000,32000,0,0,34000,0,3000
20260313,8429,金麗-KY,7.07,7.11,7.05,7.06,-,0.05,154600,1093497.0,-3000,0,-2000,16000,0,0,19000,0,2000
20260313,7732,金興精密,36.25,36.7,36.25,36.3,-,0.4,12024,438128.0,-4000,0,-1000,2000,0,0,6000,0,1000
20260313,1438,三地開發,29.55,29.9,29.5,29.65,-,0.4,17421,517374.0,-4000,0,-1000,8000,0,0,12000,0,1000
20260313,4572,駐龍,144.0,145.0,144.0,144.0,-,2.0,10214,1473987.0,-5000,0,-17,2000,0,0,7000,0,17
20260313,8481,政伸,41.8,41.8,41.65,41.7,-,0.1,9122,380751.0,-5000,0,-22,1000,0,0,6000,0,22
20260313,8940,新天地,18.9,19.0,18.75,18.8,-,0.1,26273,496166.0,-5000,0,-29,4000,0,0,9000,0,29
20260313,6582,申豐,31.1,32.0,31.1,31.55,-,0.25,46396,1467506.0,-3000,0,-2045,15000,0,0,18000,0,2045
20260313,4807,日成-KY,16.55,16.7,16.25,16.55,-,0.2,36037,600832.0,-5441,0,0,1000,0,0,6441,0,0
20260313,6414,樺漢,272.0,277.5,271.0,276.0,+,2.0,347375,95749365.0,-2140,-3000,-503,134443,0,5374,136583,3000,5877
20260313,6230,尼得科超眾,168.0,173.0,167.5,171.0,+,3.0,79885,13596727.0,-3861,0,-2107,11000,0,1000,14861,0,3107
20260313,2722,夏都,23.3,23.3,23.1,23.15,-,0.35,60865,1411628.0,0,0,-6000,19000,0,0,19000,0,6000
20260313,6965,中傑-KY,82.5,83.9,81.9,82.5,-,0.9,64310,5314284.0,-5000,0,-1000,23000,0,1000,28000,0,2000
20260313,2248,華勝-KY,48.3,48.95,48.0,48.75,-,0.15,25001,1208748.0,-5000,0,-1000,3000,0,0,8000,0,1000
20260313,2025,千興,11.05,11.05,10.45,10.6,-,0.05,80765,856283.0,-7000,0,1000,13000,0,3000,20000,0,2000
20260313,2007,燁興,7.94,7.94,7.86,7.87,-,0.06,314664,2478938.0,0,0,-6000,95000,0,0,95000,0,6000
20260313,7631,聚賢研發-創,118.5,118.5,115.0,117.5,-,2.5,13659,1593853.0,-4000,0,-2001,0,0,1000,4000,0,3001
20260313,2488,漢平,47.7,47.8,47.6,47.6,-,0.1,111558,5318931.0,-2000,0,-4004,15000,0,0,17000,0,4004
20260313,6771,平和環保-創,46.0,46.0,44.05,44.15,+,0.1,29175,1295055.0,-7000,0,971,1000,0,5000,8000,0,4029
20260313,2423,固緯,47.05,48.2,47.05,47.65,+,0.35,137370,6563073.0,-4000,-1000,-1182,42000,0,3000,46000,1000,4182
20260313,3588,通嘉,48.35,50.1,48.35,49.6,-,0.3,177070,8747683.0,-4118,0,-2203,77001,0,1797,81119,0,4000
20260313,1707,葡萄王,119.0,120.0,119.0,119.5,-,0.5,83288,9959073.0,-4622,-1000,-1256,34000,0,5000,38622,1000,6256
20260313,1713,國化,47.5,48.45,46.9,46.9,,0.0,475600,22637654.0,-9000,0,2000,116000,0,7000,125000,0,5000
20260313,1583,程泰,42.85,44.5,42.85,43.1,-,0.25,24027,1040492.0,-6000,0,-1000,7000,0,0,13000,0,1000
20260313,1441,大東,9.92,10.0,9.92,9.94,-,0.01,13566,134999.0,-6000,0,-1000,0,0,0,6000,0,1000
20260313,1324,地球,10.5,10.5,10.4,10.4,-,0.05,71656,747244.0,-6000,0,-1000,7000,0,0,13000,0,1000
20260313,1315,達新,63.6,63.7,63.0,63.3,-,0.3,32987,2090548.0,-7000,0,0,6000,0,1000,13000,0,1000
20260313,6969,成信實業*-創,28.15,28.35,27.75,28.0,-,0.1,77341,2171253.0,-4000,0,-3000,3000,0,0,7000,0,3000
20260313,8488,吉源-KY,9.76,9.9,9.69,9.74,-,0.16,12000,117230.0,-6000,0,-1000,2000,0,0,8000,0,1000
20260313,2432,倚天酷碁-創,27.8,28.55,27.8,28.3,+,0.5,49119,1391202.0,4000,0,-11007,15000,0,0,11000,0,11007
20260313,1418,東華,19.6,19.6,18.5,18.5,-,0.5,13671,255176.0,-6000,0,-1021,1000,0,0,7000,0,1021
20260313,2739,寒舍,34.05,34.15,33.75,33.9,-,0.2,83297,2832655.0,-6000,0,-1039,19000,0,0,25000,0,1039
20260313,1530,亞崴,26.7,26.7,26.35,26.45,-,0.55,92759,2458223.0,-5000,0,-2128,15000,0,0,20000,0,2128
20260313,6887,寶綠特-KY,43.85,45.15,43.6,44.65,-,0.75,26170,1157031.0,-6000,0,-1170,2000,0,0,8000,0,1170
20260313,6581,鋼聯,109.5,110.0,109.5,110.0,+,0.5,20869,2294678.0,-7000,0,-502,4000,0,498,11000,0,1000
20260313,8081,致新,236.0,244.0,234.5,241.5,+,2.5,281666,67828771.0,-2884,-2000,-2646,99300,0,1519,102184,2000,4165
20260313,6515,穎崴,6250.0,6420.0,6130.0,6285.0,-,45.0,457767,2871186800.0,6982,-2615,-11951,219326,7000,10620,212344,9615,22571
20260313,6949,沛爾生醫-創,562.0,579.0,557.0,574.0,-,3.0,152514,86784049.0,-7161,0,-595,50000,0,12000,57161,0,12595
20260313,6438,迅得,145.5,150.5,144.0,148.0,+,0.5,643223,95253763.0,-20341,1000,11557,181000,1000,18148,201341,0,6591
20260313,1468,昶和,12.15,12.35,12.0,12.2,,0.0,50000,607650.0,-7000,0,-1000,7000,0,2000,14000,0,3000
20260313,1752,南光,36.35,37.0,36.35,36.55,-,0.05,37173,1357577.0,-7000,0,-1000,2000,0,0,9000,0,1000
20260313,1533,車王電,29.9,30.9,29.75,30.55,+,0.25,80568,2456271.0,-6000,0,-2046,17000,0,3000,23000,0,5046
20260313,4106,雃博,22.5,22.6,22.4,22.4,-,0.25,79712,1792357.0,-5000,0,-3053,5000,0,1000,10000,0,4053
20260313,00728,第一金工業30,43.69,44.18,43.57,44.06,-,0.25,177650,7767468.0,-54000,0,45898,0,0,144293,54000,0,98395
20260313,6183,關貿,93.0,93.8,92.0,93.5,-,0.3,70012,6524096.0,-5999,0,-2122,16001,0,2000,22000,0,4122
20260313,1730,花仙子,53.5,53.5,52.7,53.0,-,0.4,93445,4954214.0,-8000,0,-230,0,0,4578,8000,0,4808
20260313,3054,立萬利,65.0,72.2,62.7,72.2,+,6.5,930306,62624004.0,3000,0,-11352,34000,0,22650,31000,0,34002
20260313,2364,倫飛,62.5,63.4,62.5,62.9,-,0.9,56308,3544818.0,-7800,0,-766,11200,0,238,19000,0,1004
20260313,3716,中化控股,33.5,33.7,33.35,33.4,-,0.1,77089,2575273.0,-6999,0,-2000,31001,0,0,38000,0,2000
20260313,2505,國揚,19.05,19.8,19.05,19.15,+,0.65,977172,18905124.0,-5000,0,-4000,227000,0,7000,232000,0,11000
20260313,7721,微程式,49.25,51.0,49.15,50.1,-,0.9,107606,5359207.0,-8000,0,-1000,18000,0,0,26000,0,1000
20260313,8201,無敵,13.1,13.65,13.1,13.6,+,0.3,99368,1325866.0,-7000,0,-2000,0,0,0,7000,0,2000
20260313,6674,鋐寶科技,18.25,18.5,18.05,18.15,-,0.25,15002,274986.0,-8000,0,-1000,1000,0,0,9000,0,1000
20260313,2024,志聯,15.15,15.15,14.65,14.75,-,0.15,18577,274929.0,-8000,0,-1000,3000,0,0,11000,0,1000
20260313,1233,天仁,32.1,32.1,31.25,31.25,-,0.45,17339,547910.0,-9000,0,0,2000,0,1000,11000,0,1000
20260313,8466,美吉吉-KY,19.75,19.8,19.25,19.3,-,0.45,26448,515155.0,-8000,0,-1246,5000,0,1000,13000,0,2246
20260313,2492,華新科,122.5,130.5,122.5,129.5,+,4.5,6122436,785301195.0,-244426,2000,233073,1763030,2000,299416,2007456,0,66343
20260313,2520,冠德,32.85,33.4,32.75,32.85,-,0.45,1570933,51891078.0,10902,0,-20666,938902,0,14553,928000,0,35219
20260313,1524,耿鼎,29.05,29.3,28.8,29.15,+,0.1,574197,16667483.0,-10000,0,142,101000,0,2142,111000,0,2000
20260313,00702,國泰標普低波高息,23.84,23.92,23.84,23.91,+,0.02,120391,2877282.0,3000,0,-12877,3000,0,101123,0,0,114000
20260313,8367,建新國際,45.9,46.15,45.55,45.8,-,0.1,40127,1841741.0,-8000,0,-2000,7000,0,0,15000,0,2000
20260313,6936,永鴻生技,33.85,34.35,33.85,33.95,-,0.2,59057,2009451.0,-9000,0,-1000,7000,0,0,16000,0,1000
20260313,2945,三商家購,39.55,40.0,39.55,39.85,+,0.05,20139,802461.0,-11000,0,1000,1000,0,1000,12000,0,0
20260313,3164,景岳,17.95,18.2,17.95,18.15,+,0.1,50843,920203.0,-9000,0,-1000,7000,0,0,16000,0,1000
20260313,6431,光麗-KY,24.0,24.3,23.45,23.6,-,0.85,124015,2937532.0,-9000,0,-1000,16000,0,0,25000,0,1000
20260313,1525,江申,60.6,62.2,60.6,62.0,+,0.4,42208,2598622.0,-9000,0,-1000,7000,0,8000,16000,0,9000
20260313,9929,秋雨,10.35,10.35,10.05,10.1,-,0.3,28518,289706.0,-9000,0,-1018,1000,0,0,10000,0,1018
20260313,6235,華孚,49.15,49.4,48.6,49.0,-,0.55,540099,26485605.0,-4999,0,-5095,233001,0,8000,238000,0,13095
20260313,0053,元大電子,167.35,169.8,167.35,169.6,-,1.15,25876,4379806.0,5000,0,-15121,5000,0,1000,0,0,16121
20260313,1515,力山,24.95,25.15,24.6,24.85,-,0.15,214587,5355555.0,-6000,0,-4246,73000,0,2000,79000,0,6246
20260313,2430,燦坤,22.55,22.85,22.55,22.75,-,0.05,73379,1670142.0,-5000,0,-5398,13000,0,0,18000,0,5398
20260313,6838,台新藥,26.0,26.0,25.4,25.4,-,0.4,336983,8609251.0,-9000,0,-2000,86000,0,0,95000,0,2000
20260313,00736,國泰新興市場,28.63,28.72,28.63,28.68,-,0.1,115292,3300761.0,0,0,-11000,0,0,102000,0,0,113000
20260313,6504,南六,38.75,39.7,38.75,38.85,-,0.1,40410,1581950.0,-12000,0,1000,5000,0,3000,17000,0,2000
20260313,6196,帆宣,277.5,283.5,275.5,276.0,-,7.5,1369502,381896308.0,-6900,2000,-6159,381100,2000,11337,388000,0,17496
20260313,3533,嘉澤,1800.0,1825.0,1725.0,1750.0,-,55.0,2986166,5278824665.0,-205388,244000,-49686,1547298,357000,33783,1752686,113000,83469
20260313,2482,連宇,16.35,16.35,16.0,16.2,-,0.2,140966,2274377.0,-5999,0,-5381,14001,0,0,20000,0,5381
20260313,1423,利華,40.3,40.35,39.7,39.9,-,1.25,219509,8772351.0,-7000,0,-4410,20000,0,0,27000,0,4410
20260313,2461,光群雷,15.4,15.55,15.15,15.45,+,0.05,846655,13021648.0,11002,0,-23000,200002,0,0,189000,0,23000
20260313,1454,台富,12.85,13.3,12.8,12.9,+,0.05,33906,438749.0,-11000,0,-1000,4000,0,2000,15000,0,3000
20260313,3150,鈺寶-創,15.85,16.4,15.8,15.9,-,0.25,51154,823014.0,-2999,0,-9001,7001,0,8012,10000,0,17013
20260313,6952,大武山,39.5,40.2,39.5,40.0,-,0.2,22051,880850.0,-7000,0,-5030,2000,0,0,9000,0,5030
20260313,2062,橋椿,20.3,20.4,20.2,20.25,-,0.15,170405,3453759.0,-14000,-3000,4969,42000,0,9000,56000,3000,4031
20260313,1531,高林股,12.05,12.3,12.05,12.2,+,0.55,320758,3903288.0,-27000,0,14876,13000,0,19354,40000,0,4478
20260313,1521,大億,24.5,25.8,24.5,25.05,-,0.2,25108,630474.0,-9000,0,-3139,6000,0,0,15000,0,3139
20260313,2374,佳能,70.0,71.4,69.5,70.6,-,0.3,2457078,173442964.0,-26105,10000,3960,628965,10000,33953,655070,0,29993
20260313,00703,台新MSCI中國,20.99,20.99,20.72,20.85,+,0.25,183606,3815504.0,0,0,-12186,0,0,165817,0,0,178003
20260313,6655,科定,129.5,130.5,127.0,129.0,-,2.0,18538,2399843.0,-11528,0,-1000,1000,0,0,12528,0,1000
20260313,2762,世界健身-KY,74.0,75.0,74.0,74.0,-,0.9,61008,4533927.0,-10584,0,-2029,19100,0,0,29684,0,2029
20260313,3094,聯傑,23.2,23.25,22.85,23.2,-,0.05,139660,3230894.0,-10000,0,-3000,37000,0,0,47000,0,3000
20260313,3021,鴻名,16.3,16.55,16.1,16.25,-,0.1,80461,1313978.0,2000,0,-15000,26000,0,0,24000,0,15000
20260313,6645,金萬林-創,14.5,14.5,13.95,14.15,-,0.3,70830,1003869.0,-6000,0,-7000,3000,0,10000,9000,0,17000
20260313,6988,威力暘-創,14.05,16.25,13.85,15.75,+,0.95,35154,504229.0,-9000,0,-4000,0,0,6000,9000,0,10000
20260313,9944,新麗,16.4,16.5,16.2,16.5,+,0.05,54897,898093.0,-12000,0,-1000,6000,0,1000,18000,0,2000
20260313,1516,川飛,24.2,24.5,23.1,23.4,-,1.1,81742,1942123.0,-14000,0,1000,0,0,1000,14000,0,0
20260313,1443,立益物流,24.85,24.9,24.8,24.8,-,0.05,20834,518905.0,-11000,0,-2000,3000,0,0,14000,0,2000
20260313,2536,宏普,22.3,22.55,22.25,22.4,-,0.2,222546,4987649.0,-9001,0,-4000,96999,0,0,106000,0,4000
20260313,1783,和康生,43.65,43.65,43.05,43.3,-,0.35,45225,1956861.0,-2000,0,-11004,16000,0,0,18000,0,11004
20260313,1558,伸興,93.9,96.3,93.9,94.0,+,0.1,41165,3914110.0,-16000,-193,2572,6000,0,11045,22000,193,8473
20260313,1541,錩泰,24.65,25.0,24.65,25.0,+,0.1,26023,647222.0,-16000,0,2000,0,0,3000,16000,0,1000
20260313,1435,中福,20.15,20.25,19.05,19.05,-,0.55,17098,330976.0,-13000,0,-1000,2000,0,0,15000,0,1000
20260313,5285,界霖,47.9,48.1,46.4,47.85,-,0.15,96766,4608536.0,-9000,0,-5000,26000,0,0,35000,0,5000
20260313,3652,精聯,27.1,27.6,27.1,27.35,-,0.05,55057,1509060.0,-14000,0,0,4000,0,1000,18000,0,1000
20260313,6794,向榮生技,82.5,82.5,78.6,78.6,-,2.4,121336,9682274.0,-13000,0,-1000,18000,0,0,31000,0,1000
20260313,6277,宏正,59.9,60.5,59.5,60.2,+,0.1,79076,4741944.0,-9468,0,-4690,24000,0,176,33468,0,4866
20260313,4994,傳奇,101.0,101.0,97.0,97.0,-,1.0,24029,2368849.0,-13266,0,-1000,0,0,0,13266,0,1000
20260313,1339,昭輝,41.4,41.95,41.1,41.25,-,0.15,58988,2438779.0,-11000,0,-3758,5000,0,2000,16000,0,5758
20260313,6782,視陽,187.5,190.5,187.5,190.5,+,1.5,151315,28599076.0,-14751,0,-14,44300,0,1987,59051,0,2001
20260313,5283,禾聯碩,56.6,56.7,56.0,56.7,+,0.1,71875,4060899.0,-10000,0,-5000,2000,0,0,12000,0,5000
20260313,1626,艾美特-KY,10.65,10.7,10.35,10.4,-,0.25,120138,1255791.0,-12000,0,-3000,12000,0,1000,24000,0,4000
20260313,1615,大山,45.25,46.6,45.2,45.95,+,0.9,221394,10163170.0,-9000,0,-6002,87000,0,0,96000,0,6002
20260313,4999,鑫禾,22.0,22.7,21.9,22.5,+,0.35,169484,3775742.0,-12000,0,-3009,5000,0,6000,17000,0,9009
20260313,1465,偉全,12.35,12.35,12.1,12.3,-,0.1,151214,1848149.0,-18000,0,2956,6000,0,5000,24000,0,2044
20260313,00657,國泰日經225,63.5,63.5,63.2,63.2,-,0.5,24171,1531778.0,0,0,-15582,1000,0,2000,1000,0,17582
20260313,6585,鼎基,87.8,87.8,84.1,84.1,-,3.7,56354,4818846.0,-15000,0,-619,9000,0,381,24000,0,1000
20260313,1737,臺鹽,31.5,31.65,31.5,31.6,+,0.05,59524,1880284.0,-26000,0,10191,9000,0,12191,35000,0,2000
20260313,2115,六暉-KY,22.55,22.6,22.4,22.5,-,0.05,71181,1602301.0,-12000,0,-4000,4000,0,0,16000,0,4000
20260313,1506,正道,11.45,11.6,11.4,11.45,-,0.1,101104,1158188.0,-14000,0,-2000,6000,0,0,20000,0,2000
20260313,1452,宏益,11.1,11.15,11.05,11.1,-,0.1,59002,655688.0,-14000,0,-2060,5000,0,0,19000,0,2060
20260313,3694,海華,55.8,57.1,55.5,56.2,,0.0,800427,45077718.0,-12168,0,-4435,299837,0,1101,312005,0,5536
20260313,2538,基泰,10.15,10.25,10.05,10.15,,0.0,757399,7671334.0,-26997,0,10308,86000,0,16000,112997,0,5692
20260313,4555,氣立,34.8,35.4,34.8,35.05,-,0.05,84434,2966818.0,-15000,0,-1814,26000,0,186,41000,0,2000
20260313,00783,富邦中証500,29.2,29.33,29.05,29.27,+,0.18,122026,3556668.0,0,0,-16932,0,0,99113,0,0,116045
20260313,1417,嘉裕,8.52,8.7,8.51,8.63,+,0.03,247480,2123382.0,-28000,0,11000,13000,0,14000,41000,0,3000
20260313,1539,巨庭,17.0,17.25,17.0,17.25,,0.0,54175,930703.0,-15000,0,-2042,9000,0,0,24000,0,2042
20260313,6491,晶碩,277.0,279.5,275.0,278.0,-,2.0,132497,36866548.0,9838,-25000,-2000,59000,0,0,49162,25000,2000
20260313,8072,陞泰,27.95,28.2,27.6,27.85,-,0.35,131220,3675459.0,-16000,0,-2000,57000,0,0,73000,0,2000
20260313,1805,寶徠,10.2,10.35,10.15,10.25,,0.0,76511,781656.0,-13000,0,-5000,3000,0,0,16000,0,5000
20260313,1413,宏洲,9.6,9.6,9.58,9.59,+,0.01,47705,457390.0,-17000,0,-1000,1000,0,0,18000,0,1000
20260313,9943,好樂迪,58.1,58.3,58.1,58.2,-,0.2,87332,5081329.0,-15771,0,-2417,10000,0,68,25771,0,2485
20260313,3138,耀登,180.0,188.0,176.0,184.0,-,1.0,3931016,719260604.0,-17778,0,-760,1038000,0,10000,1055778,0,10760
20260313,00770,國泰北美科技,51.65,51.8,51.6,51.65,-,0.2,396535,20501734.0,156000,0,-174708,159000,0,0,3000,0,174708
20260313,6924,榮惠-KY創,69.3,75.6,69.3,74.8,+,6.0,114473,8545551.0,-9000,0,-10000,1000,0,0,10000,0,10000
20260313,5546,永固-KY,18.65,18.65,17.0,17.2,-,1.45,78036,1364461.0,-18000,0,-1000,3000,0,0,21000,0,1000
20260313,1473,台南,24.05,24.4,23.7,24.4,,0.0,61518,1478969.0,-17000,0,-2000,6000,0,0,23000,0,2000
20260313,2616,山隆,18.4,18.8,17.5,17.55,-,0.65,2500025,45653592.0,-39000,0,19802,1000,0,33000,40000,0,13198
20260313,6861,睿生光電,177.0,177.5,172.0,172.5,-,5.0,442369,77258911.0,-21000,0,1000,8000,0,5000,29000,0,4000
20260313,2727,王品,228.0,229.5,227.5,228.0,-,2.0,335875,76752452.0,-11390,-3505,-5255,149004,0,0,160394,3505,5255
20260313,8463,潤泰材,26.75,27.35,26.75,27.3,+,0.5,89155,2411030.0,-17000,0,-3155,5000,0,0,22000,0,3155
20260313,6796,晉弘,78.6,78.6,76.3,76.3,-,1.3,65739,5033810.0,-20000,0,-1000,5000,0,0,25000,0,1000
20260313,4569,六方科-KY,138.5,142.0,138.5,140.5,-,4.0,118977,16664860.0,-21000,0,0,16000,0,0,37000,0,0
20260313,6139,亞翔,507.0,534.0,507.0,524.0,+,3.0,1272800,666005900.0,-53900,-9000,41900,448100,0,97685,502000,9000,55785
20260313,1760,寶齡富錦,59.8,60.1,59.1,59.6,-,0.3,95790,5726246.0,-17000,0,-4000,35000,0,0,52000,0,4000
20260313,1731,美吾華,21.9,22.0,21.85,21.9,+,0.05,60447,1323881.0,-20000,0,-1000,1000,0,1000,21000,0,2000
20260313,2247,汎德永業,240.0,245.0,240.0,245.0,+,1.0,70699,17157559.0,-20000,0,-1000,15000,0,1000,35000,0,2000
20260313,2239,英利-KY,24.2,24.35,24.0,24.3,-,0.15,82017,1979790.0,-18000,0,-3564,7000,0,436,25000,0,4000
20260313,3617,碩天,177.0,180.0,175.0,178.0,-,1.5,191556,34098576.0,-16538,0,-5176,60000,0,1000,76538,0,6176
20260313,7730,暉盛-創,144.0,147.5,139.5,145.0,+,1.5,226201,32451676.0,-21000,0,-1000,49000,0,1000,70000,0,2000
20260313,6834,天二科技,27.95,28.7,27.65,28.35,+,0.35,107823,3057608.0,-25000,0,2827,33000,0,5000,58000,0,2173
20260313,6464,台數科,74.0,75.9,73.7,75.3,-,0.2,61490,4633161.0,-21568,0,-1000,15174,0,3000,36742,0,4000
20260313,6921,嘉雨思-創,72.5,75.0,71.6,72.7,-,2.2,64105,4676043.0,-25000,0,2000,5000,0,6000,30000,0,4000
20260313,4426,利勤,9.03,9.11,9.03,9.07,-,0.04,88926,806511.0,-21000,0,-2000,13000,0,0,34000,0,2000
20260313,1906,寶隆,11.4,11.45,11.15,11.25,-,0.2,70312,793294.0,-18000,0,-5000,4000,0,4000,22000,0,9000
20260313,2702,華園,11.5,11.55,11.3,11.35,-,0.15,57350,652193.0,-20000,0,-3068,3000,0,0,23000,0,3068
20260313,2243,宏旭-KY,16.8,16.8,15.0,15.6,+,0.3,3620381,58552910.0,-15000,0,-8192,133000,0,1000,148000,0,9192
20260313,1721,三晃,18.05,18.95,17.05,18.95,+,1.7,5044969,93051483.0,-42000,0,18142,615000,0,26347,657000,0,8205
20260313,1445,大宇,13.25,13.25,12.8,13.0,-,0.2,50295,657902.0,-22000,0,-2000,8000,0,0,30000,0,2000
20260313,4764,雙鍵,160.5,165.0,152.0,162.0,-,1.5,11774052,1869484288.0,-54225,0,29740,3028000,0,66965,3082225,0,37225
20260313,4585,達明,312.0,312.0,306.0,310.5,-,3.5,219751,67818299.0,-25392,3000,-2584,46000,3000,0,71392,0,2584
20260313,3454,晶睿,99.3,99.5,99.3,99.4,,0.0,286757,28496265.0,-23990,0,-1000,9000,0,0,32990,0,1000
20260313,4148,全宇生技-KY,38.95,41.1,38.95,39.85,+,1.75,473956,19014493.0,-24000,0,-1000,38000,0,2000,62000,0,3000
20260313,2433,互盛電,46.15,46.3,46.05,46.3,+,0.05,52483,2420445.0,-19000,0,-6482,3000,0,0,22000,0,6482
20260313,6541,泰福-KY,42.1,42.45,41.8,42.05,-,0.7,467594,19660250.0,-21000,0,-4899,142000,0,2000,163000,0,6899
20260313,8411,福貞-KY,12.05,12.1,12.0,12.1,-,0.05,66220,799312.0,-23000,0,-3000,1000,0,0,24000,0,3000
20260313,2471,資通,52.2,52.8,51.8,52.3,-,0.5,217036,11371491.0,-33000,0,7000,63000,0,8000,96000,0,1000
20260313,2459,敦吉,65.3,65.7,64.8,65.4,-,0.1,58821,3845062.0,-3000,-20000,-3000,7000,0,0,10000,20000,3000
20260313,2008,高興昌,28.1,28.15,28.0,28.1,-,0.4,35959,1009517.0,-23000,0,-3000,2000,0,0,25000,0,3000
20260313,8467,波力-KY,153.5,157.5,152.5,153.5,-,3.0,49355,7593070.0,-26433,0,160,12000,0,160,38433,0,0
20260313,2013,中鋼構,43.3,44.1,43.3,43.9,+,0.25,131405,5744572.0,-25000,0,-1533,37000,0,8000,62000,0,9533
20260313,3130,一零四,223.5,223.5,222.0,223.0,,0.0,44201,9857846.0,-25543,0,-1000,2000,0,0,27543,0,1000
20260313,6189,豐藝,44.3,44.85,44.0,44.7,+,0.2,578252,25778150.0,-17602,-2000,-7000,212398,0,0,230000,2000,7000
20260313,1256,鮮活果汁-KY,164.0,164.5,161.0,161.0,-,4.0,60180,9738366.0,-27000,0,94,3000,0,206,30000,0,112
20260313,3011,今皓,12.25,12.3,11.95,12.3,-,0.1,465579,5645495.0,-25000,0,-2000,135000,0,0,160000,0,2000
20260313,2910,統領,20.7,20.7,20.45,20.6,-,0.05,30000,617800.0,-25000,0,-2000,1000,0,0,26000,0,2000
20260313,3308,聯德,23.1,23.45,22.4,22.45,-,0.65,251434,5727488.0,-26000,0,-1249,36000,0,4000,62000,0,5249
20260313,6115,鎰勝,46.4,46.7,46.4,46.6,-,0.15,110309,5132769.0,-24000,0,-4000,12000,0,0,36000,0,4000
20260313,1235,興泰,38.1,38.4,35.8,36.4,-,1.75,44851,1660511.0,-25000,0,-3000,7000,0,0,32000,0,3000
20260313,2493,揚博,101.0,104.0,99.5,104.0,+,1.5,355760,36366689.0,-12034,0,-16467,155000,0,5099,167034,0,21566
20260313,4746,台耀,52.5,55.9,51.5,55.1,+,3.9,2308651,125333307.0,-33000,0,4102,676000,0,7102,709000,0,3000
20260313,4552,力達-KY,22.75,23.1,22.6,23.1,+,0.3,64674,1474407.0,-10000,0,-19216,8000,0,4000,18000,0,23216
20260313,8341,日友,76.0,77.0,76.0,76.7,-,0.1,138184,10585780.0,-24614,0,-4674,43000,0,1361,67614,0,6035
20260313,1466,聚隆,17.0,18.4,16.75,18.0,+,1.25,541916,9617960.0,-27000,0,-2530,75000,0,2000,102000,0,4530
20260313,5525,順天,24.35,24.95,24.35,24.55,-,0.35,117941,2903348.0,-31010,0,1406,25000,0,11406,56010,0,10000
20260313,6719,力智,173.0,174.5,172.5,173.5,-,2.5,169846,29487668.0,-26849,0,-2847,56000,0,3000,82849,0,5847
20260313,00645,富邦日本,50.65,51.0,50.5,50.55,-,0.35,540345,27472725.0,55000,0,-84812,56000,0,314000,1000,0,398812
20260313,1437,勤益控,31.5,31.6,31.35,31.4,-,0.05,76138,2396208.0,-27000,0,-3071,11000,0,0,38000,0,3071
20260313,1232,大統益,150.0,150.0,149.0,149.5,-,0.5,124966,18672688.0,-26141,0,-4009,25000,0,0,51141,0,4009
20260313,6863,永道-KY,90.0,92.7,89.5,89.9,-,1.7,81361,7356221.0,-28000,0,-2289,15000,0,1031,43000,0,3320
20260313,2250,IKKA-KY,64.6,64.9,64.1,64.1,-,1.2,65941,4247979.0,-29000,0,-1367,8000,0,0,37000,0,1367
20260313,1733,五鼎,29.3,29.4,29.1,29.1,-,0.4,82151,2401722.0,-26000,0,-5000,11000,0,0,37000,0,5000
20260313,4930,燦星網,20.7,20.7,20.4,20.55,-,0.15,91837,1891699.0,-21000,0,-10063,1000,0,0,22000,0,10063
20260313,00920,富邦ESG綠色電力,20.92,21.1,20.91,20.96,+,0.04,531016,11142675.0,177000,0,-208905,178000,0,192459,1000,0,401364
20260313,5538,東明-KY,30.1,30.55,30.1,30.4,-,0.15,45012,1368114.0,-30000,0,-2000,4000,0,0,34000,0,2000
20260313,2338,光罩,48.0,51.2,48.0,50.0,+,0.5,1738284,86704832.0,-24957,0,-7099,174000,0,3000,198957,0,10099
20260313,00709,富邦歐洲,37.58,37.65,37.5,37.5,+,0.2,47255,1775054.0,1000,0,-33064,1000,0,4000,0,0,37064
20260313,6243,迅杰,32.2,32.55,32.0,32.15,-,0.55,96912,3118667.0,-31000,0,-1223,24000,0,0,55000,0,1223
20260313,4766,南寶,313.5,318.5,307.5,313.0,-,0.5,300933,94118345.0,-24110,0,-8509,132687,0,2000,156797,0,10509
20260313,1726,永記,75.4,75.5,75.2,75.2,-,0.4,43703,3291571.0,-29358,0,-3318,1000,0,0,30358,0,3318
20260313,3022,威強電,60.2,61.2,59.8,61.0,+,0.4,325275,19773980.0,-27000,-2000,-3697,120000,0,1303,147000,2000,5000
20260313,2020,美亞,23.95,24.15,23.8,23.8,-,0.2,271359,6505626.0,-25000,0,-8009,50000,0,0,75000,0,8009
20260313,6591,動力-KY,62.8,64.2,62.5,64.2,+,1.1,193867,12330386.0,-33369,0,-570,30001,0,0,63370,0,570
20260313,6136,富爾特,23.65,23.8,23.65,23.75,-,0.05,61853,1467930.0,-31000,0,-3000,1000,0,0,32000,0,3000
20260313,3266,昇陽,13.45,13.45,12.85,13.1,-,0.4,164000,2157050.0,-28000,0,-6000,24000,0,4000,52000,0,10000
20260313,3057,喬鼎,15.25,15.25,14.9,15.05,-,0.25,125907,1896143.0,-33000,0,-1000,26000,0,0,59000,0,1000
20260313,1734,杏輝,30.7,30.95,30.7,30.85,-,0.05,174786,5384749.0,-33000,0,-1000,19000,0,1000,52000,0,2000
20260313,1604,聲寶,24.9,25.05,24.8,25.0,+,0.1,497521,12405308.0,-23000,0,-11000,116000,0,0,139000,0,11000
20260313,0055,元大MSCI金融,32.42,32.46,32.24,32.35,-,0.07,99473,3219319.0,-4846,0,-29236,3154,0,18000,8000,0,47236
20260313,5258,虹堡,44.75,46.6,44.6,45.9,+,1.7,1118258,51242972.0,219001,0,-253154,465001,0,417,246000,0,253571
20260313,00924,復華S&P500成長,28.3,28.33,28.26,28.28,-,0.07,1344528,38037143.0,76000,0,-110644,112000,0,238000,36000,0,348644
20260313,4942,嘉彰,37.55,37.65,37.35,37.4,-,0.15,82022,3074634.0,-31000,0,-4175,6000,0,0,37000,0,4175
20260313,3528,安馳,61.2,62.4,60.8,62.1,-,0.2,202903,12539153.0,-32000,0,-3200,58000,0,0,90000,0,3200
20260313,2227,裕日車,50.0,50.4,49.9,50.4,+,0.2,241413,12148782.0,-33431,0,-2000,13000,0,1000,46431,0,3000
20260313,2906,高林,12.75,12.8,12.6,12.65,-,0.15,90467,1148541.0,-21000,0,-14611,8000,0,0,29000,0,14611
20260313,2546,根基,83.2,83.7,82.9,83.4,-,0.3,86487,7220721.0,-33999,0,-2000,13001,0,0,47000,0,2000
20260313,2109,華豐,15.0,15.1,15.0,15.1,+,0.1,156963,2359931.0,-32000,0,-4000,6000,0,0,38000,0,4000
20260313,6165,浪凡,47.0,48.5,45.6,48.5,+,4.4,3359757,161234250.0,-42000,0,5878,298000,0,5878,340000,0,0
20260313,2413,環科,46.5,47.0,45.75,46.25,-,0.9,2154771,99645498.0,-36000,0,-1000,659000,0,0,695000,0,1000
20260313,9924,福興,45.05,45.3,44.95,45.1,,0.0,84401,3811434.0,-32600,-444,-4000,15400,0,0,48000,444,4000
20260313,1587,吉茂,38.1,38.1,37.2,37.5,-,0.35,531884,19964681.0,-35000,0,-2628,148000,0,0,183000,0,2628
20260313,4108,懷特,13.55,13.6,13.3,13.45,-,0.1,180260,2415772.0,-37000,0,-1000,1000,0,1000,38000,0,2000
20260313,4976,佳凌,28.95,29.55,28.85,29.0,-,0.35,269447,7828187.0,-34000,0,-4019,46000,0,0,80000,0,4019
20260313,1614,三洋電,32.05,32.4,32.05,32.25,-,0.3,49659,1602338.0,-34000,0,-4116,3000,0,0,37000,0,4116
20260313,1467,南緯,7.11,7.13,7.06,7.09,-,0.12,198395,1405548.0,-19000,0,-19391,16000,0,0,35000,0,19391
20260313,5292,華懋,178.0,185.0,178.0,181.0,+,1.5,179730,32791243.0,-38950,0,0,77000,0,0,115950,0,0
20260313,1474,弘裕,10.0,10.0,9.98,9.99,,0.0,86565,865120.0,-37000,0,-2056,3000,0,0,40000,0,2056
20260313,7610,聯友金屬-創,337.0,337.0,310.0,321.0,-,11.0,632877,202757129.0,-38097,0,-1000,4000,0,0,42097,0,1000
20260313,2527,宏璟,28.95,29.5,28.8,29.0,-,0.1,239886,6978187.0,-29000,-325,-10257,62000,0,0,91000,325,10257
20260313,6579,研揚,111.5,111.5,109.5,110.0,-,2.0,149216,16459641.0,-36000,0,-4000,33000,0,2000,69000,0,6000
20260313,1203,味王,38.15,38.85,38.1,38.6,+,0.2,54160,2079696.0,-36000,0,-4000,4000,0,0,40000,0,4000
20260313,2373,震旦行,54.8,56.0,54.5,55.3,+,0.2,112022,6166297.0,-38000,0,-2000,14000,0,2000,52000,0,4000
20260313,6614,資拓宏宇,44.05,44.05,42.8,42.8,-,1.5,93794,4028762.0,-35000,0,-5646,6000,0,0,41000,0,5646
20260313,9905,大華,20.5,21.95,20.45,21.65,+,1.15,672637,14387917.0,-31000,0,-9670,100000,0,5000,131000,0,14670
20260313,5533,皇鼎,14.15,14.3,14.15,14.25,,0.0,119390,1700344.0,-38000,0,-3000,7000,0,0,45000,0,3000
20260313,1512,瑞利,8.0,8.0,7.72,7.84,-,0.17,307460,2409832.0,-35000,0,-6000,6000,0,0,41000,0,6000
20260313,9931,欣高,45.0,46.55,39.6,40.0,-,2.5,1862754,79866750.0,-40000,0,-1288,266000,0,7000,306000,0,8288
20260313,1419,新紡,62.4,63.7,62.4,63.4,-,0.3,100458,6352955.0,-34000,0,-7705,32000,0,7000,66000,0,14705
20260313,2428,興勤,156.0,161.0,155.0,160.0,+,2.0,487880,77464133.0,-40532,0,-2086,189000,0,3000,229532,0,5086
20260313,5288,豐祥-KY,138.0,142.0,138.0,140.0,+,0.5,124764,17442344.0,-40507,0,-2301,22000,0,0,62507,0,2301
20260313,3518,柏騰,20.15,20.4,20.15,20.15,-,0.15,129640,2624399.0,-41000,0,-1825,25000,0,0,66000,0,1825
20260313,2467,志聖,350.0,370.0,350.0,363.5,-,1.5,548403,198177941.0,-62972,-1000,21097,97871,0,33999,160843,1000,12902
20260313,2816,旺旺保,30.55,30.8,29.85,29.95,-,0.55,306390,9229215.0,-42000,0,-1000,29000,0,1000,71000,0,2000
20260313,2029,盛餘,20.6,20.6,20.25,20.35,-,0.4,150938,3081726.0,-35000,0,-8001,17000,0,0,52000,0,8001
20260313,1455,集盛,8.82,8.9,8.74,8.86,+,0.04,467215,4133023.0,-26000,0,-17229,123000,0,0,149000,0,17229
20260313,1201,味全,14.0,14.15,14.0,14.05,-,0.1,238394,3353385.0,-18000,0,-25998,72000,0,2002,90000,0,28000
20260313,6128,上福,23.3,23.3,22.9,22.9,-,0.6,155637,3584690.0,-39000,0,-5038,12000,0,2000,51000,0,7038
20260313,2012,春雨,15.6,15.6,15.05,15.05,-,0.3,125235,1897846.0,-39000,0,-5130,5000,0,1000,44000,0,6130
20260313,8478,東哥遊艇,163.0,165.0,163.0,163.5,-,4.5,158031,25892251.0,-39350,0,-5178,28000,0,1000,67350,0,6178
20260313,2497,怡利電,41.65,42.6,41.65,41.8,-,0.8,155303,6516469.0,-44000,0,-580,35000,0,2000,79000,0,2580
20260313,6533,晶心科,188.5,195.0,187.0,192.0,-,0.5,426972,82011166.0,-43808,0,-880,231000,0,6042,274808,0,6922
20260313,4557,永新-KY,61.4,61.7,60.8,61.0,-,1.3,104755,6412025.0,-44000,0,-1000,12000,0,0,56000,0,1000
20260313,8011,台通,20.5,20.75,20.1,20.4,-,0.15,1833673,37484686.0,-43000,0,-2000,314000,0,4000,357000,0,6000
20260313,2427,三商電,24.4,24.7,24.2,24.45,+,0.05,678621,16662540.0,-43000,0,-2000,203000,0,0,246000,0,2000
20260313,1725,元禎,25.9,29.5,25.9,29.5,+,2.65,446026,12882993.0,-36000,0,-9632,56000,0,2000,92000,0,11632
20260313,6933,AMAX-KY,135.5,136.0,133.0,133.0,-,3.5,130315,17464265.0,-45500,0,-427,12000,0,1000,57500,0,1427
20260313,2241,艾姆勒,29.0,29.25,28.8,28.9,-,0.45,123791,3584223.0,-44000,0,-2000,28000,0,0,72000,0,2000
20260313,6914,阜爾運通,150.0,151.5,148.5,149.0,-,1.5,155536,23329395.0,-46353,0,0,31000,0,0,77353,0,0
20260313,00737,國泰AI機器人,33.79,33.79,33.6,33.64,-,0.17,104424,3517108.0,23100,0,-69637,24100,0,4000,1000,0,73637
20260313,4771,望隼,176.0,177.0,174.0,175.0,-,2.5,74932,13113921.0,-45626,0,-1000,7000,0,0,52626,0,1000
20260313,3686,達能,18.75,18.75,18.1,18.5,-,0.1,188249,3470406.0,-44998,0,-2000,30002,0,0,75000,0,2000
20260313,1786,科妍,66.0,66.2,65.3,65.7,-,0.7,222492,14636264.0,-44000,0,-3168,37000,0,1000,81000,0,4168
20260313,8045,達運光電,78.1,78.5,75.6,76.0,-,2.1,174674,13391859.0,-54000,0,6752,17000,0,10000,71000,0,3248
20260313,9921,巨大,72.1,72.4,70.8,71.0,-,1.1,2080808,148301501.0,-44470,-1000,-1829,981000,0,38000,1025470,1000,39829
20260313,9802,鈺齊-KY,85.1,86.0,84.1,85.8,-,0.2,961372,81895877.0,-23000,-20000,-4412,246000,0,6000,269000,20000,10412
20260313,2462,良得電,22.2,22.3,21.85,22.2,-,0.2,293772,6483777.0,-45000,0,-2461,58000,0,5000,103000,0,7461
20260313,9927,泰銘,66.5,66.8,66.1,66.8,+,0.2,124573,8277632.0,-38745,0,-9000,16000,0,0,54745,0,9000
20260313,4935,茂林-KY,35.6,36.2,35.6,36.2,+,0.15,110210,3960780.0,-39000,0,-9000,21000,0,0,60000,0,9000
20260313,2450,神腦,29.25,29.25,29.15,29.15,-,0.2,154698,4516989.0,-42000,0,-6000,5000,0,0,47000,0,6000
20260313,9902,台火,15.0,15.0,14.75,14.8,-,0.2,380031,5631165.0,-46000,0,-3392,29000,0,1000,75000,0,4392
20260313,2480,敦陽科,142.0,144.5,142.0,142.0,-,1.0,258027,36909426.0,-48813,-1000,-383,72000,0,5186,120813,1000,5569
20260313,2504,國產,37.35,37.7,37.2,37.7,-,0.05,1131227,42424454.0,-128000,-9051,86629,502000,0,137000,630000,9051,50371
20260313,2524,京城,40.05,40.05,39.6,39.75,-,0.7,99563,3962700.0,-42000,0,-8847,26000,0,0,68000,0,8847
20260313,5007,三星,54.5,55.1,54.5,54.9,-,0.4,62187,3411672.0,-46000,0,-5000,5000,0,0,51000,0,5000
20260313,3051,力特,21.6,21.6,21.2,21.3,-,0.3,534702,11431642.0,-46000,0,-5000,154000,0,0,200000,0,5000
20260313,6722,輝創,40.75,41.15,40.2,41.0,-,0.6,87350,3553381.0,-50000,0,-1000,4000,0,0,54000,0,1000
20260313,1589,永冠-KY,7.5,7.98,7.5,7.98,+,0.72,1158662,9138116.0,-51000,0,-163,2000,0,0,53000,0,163
20260313,4438,廣越,60.1,60.1,58.6,58.9,-,2.1,274425,16203264.0,-62000,0,10570,6000,0,14000,68000,0,3430
20260313,3563,牧德,629.0,706.0,629.0,698.0,+,56.0,5137167,3476153699.0,-75977,0,24241,1038035,0,150080,1114012,0,125839
20260313,6446,藥華藥,659.0,668.0,646.0,657.0,-,7.0,2270652,1484610309.0,187443,-224000,-15209,819842,13000,48048,632399,237000,63257
20260313,3041,揚智,23.65,23.95,23.45,23.55,-,0.45,495401,11698537.0,-50000,0,-2024,118000,0,1000,168000,0,3024
20260313,6205,詮欣,51.8,57.0,50.3,57.0,+,5.1,1214433,66374354.0,-53000,0,860,184000,0,3461,237000,0,2601
20260313,9958,世紀鋼,126.5,129.0,126.0,127.5,-,1.0,791330,100930503.0,-36499,4000,-21033,377156,5000,11491,413655,1000,32524
20260313,2707,晶華,185.0,185.0,183.5,184.5,-,1.0,114938,21192955.0,-59898,-1000,6694,22000,0,11000,81898,1000,4306
20260313,7749,意騰-KY,399.5,399.5,390.5,390.5,-,8.5,139473,54750792.0,-54253,0,-1160,19000,0,0,73253,0,1160
20260313,3311,閎暉,31.5,32.05,31.35,31.6,-,0.25,204172,6459244.0,-51999,0,-3759,40001,0,2000,92000,0,5759
20260313,2506,太設,8.92,8.96,8.8,8.92,-,0.04,167023,1477569.0,-51000,0,-5000,13000,0,0,64000,0,5000
20260313,2032,新鋼,15.25,15.3,15.1,15.15,-,0.15,207206,3143672.0,-54000,0,-2000,38000,0,0,92000,0,2000
20260313,6698,旭暉應材,29.55,30.35,29.5,30.15,,0.0,131194,3934274.0,-52999,0,-3225,16001,0,1000,69000,0,4225
20260313,1108,幸福,15.1,15.2,14.95,15.2,+,0.1,214123,3228879.0,-52000,0,-5000,5000,0,0,57000,0,5000
20260313,1563,巧新,41.3,41.3,40.65,40.7,-,0.6,360664,14746684.0,-55000,0,-4527,93000,0,0,148000,0,4527
20260313,2390,云辰,9.8,9.81,9.69,9.71,-,0.11,278812,2719118.0,-52000,0,-7584,57000,0,5000,109000,0,12584
20260313,6668,中揚光,34.4,35.35,34.3,34.3,-,1.0,254329,8801472.0,-57000,0,-2618,57000,0,0,114000,0,2618
20260313,1720,生達,63.5,63.9,62.9,62.9,-,0.6,352911,22335190.0,-52000,0,-7648,83000,0,2000,135000,0,9648
20260313,2701,萬企,10.8,10.85,10.75,10.75,-,0.05,73641,794219.0,-54000,0,-6000,1000,0,0,55000,0,6000
20260313,2460,建通,22.6,24.05,22.6,23.75,+,0.65,437057,10254179.0,-59000,0,-1757,132000,0,7000,191000,0,8757
20260313,2107,厚生,24.85,25.05,24.8,25.0,,0.0,448420,11197777.0,-57000,0,-4000,13000,0,0,70000,0,4000
20260313,9930,中聯資源,69.6,70.6,69.6,70.0,-,0.1,105768,7411113.0,-49000,0,-12000,26000,0,6000,75000,0,18000
20260313,4551,智伸科,119.5,123.5,119.0,121.5,+,0.5,288028,35041207.0,-53776,0,-8001,96000,0,5000,149776,0,13001
20260313,1459,聯發,11.75,11.75,11.65,11.65,-,0.1,339656,3963770.0,-49000,0,-13000,17000,0,0,66000,0,13000
20260313,2331,精英,23.9,24.25,23.55,23.7,-,0.45,3185104,75726684.0,-35386,0,-26975,857000,0,14000,892386,0,40975
20260313,1219,福壽,13.55,13.6,13.45,13.55,+,0.05,155759,2105554.0,-55000,0,-10000,3000,0,0,58000,0,10000
20260313,1449,佳和,10.7,10.9,10.7,10.75,-,0.1,452719,4882070.0,-65000,0,-2,102000,0,1000,167000,0,1002
20260313,3015,全漢,50.6,51.3,50.2,51.0,,0.0,209647,10664028.0,-64120,3445,-5092,60000,6000,0,124120,2555,5092
20260313,6958,日盛台駿,17.3,17.45,16.65,17.45,-,0.1,171322,2915518.0,-56000,0,-10167,17000,0,1000,73000,0,11167
20260313,1234,黑松,36.15,36.25,36.05,36.15,-,0.25,156996,5678760.0,-60000,0,-6810,35000,0,1000,95000,0,7810
20260313,4414,如興,10.85,11.4,10.85,11.4,+,1.0,1284933,14563540.0,-87000,0,19965,50000,0,26965,137000,0,7000
20260313,6909,創控,43.0,43.4,42.05,42.2,-,2.1,929307,39485959.0,-66999,0,-43,173001,0,0,240000,0,43
20260313,6689,伊雲谷,71.5,73.5,70.8,71.7,+,0.2,844575,61180484.0,-65000,0,-2470,177000,0,1089,242000,0,3559
20260313,2820,華票,16.95,17.05,16.85,17.05,+,0.05,1031561,17492916.0,-1000,0,-68000,686000,0,0,687000,0,68000
20260313,9926,新海,52.2,54.0,50.5,50.7,-,0.4,467689,24261987.0,-66000,0,-3000,59000,0,0,125000,0,3000
20260313,00690,兆豐藍籌30,52.3,52.75,51.55,52.05,-,0.55,279460,14550174.0,54000,0,-123729,61000,0,66463,7000,0,190192
20260313,4536,拓凱,160.0,161.0,158.0,159.0,-,2.0,422642,67345291.0,-52158,0,-18711,122000,0,4016,174158,0,22727
20260313,3004,豐達科,107.0,107.5,105.0,106.5,-,1.5,216427,23024012.0,-68269,0,-2769,38000,0,0,106269,0,2769
20260313,7711,永擎,194.5,202.0,194.5,197.5,-,4.0,158079,31313116.0,-74253,0,2000,14000,0,3000,88253,0,1000
20260313,3535,晶彩科,120.5,128.0,119.0,126.0,+,2.0,8801276,1084959636.0,-77140,0,4808,2601617,0,29102,2678757,0,24294
20260313,3673,TPK-KY,39.0,39.55,38.55,38.95,-,0.4,1403931,54795742.0,-82002,0,9353,537000,0,33201,619002,0,23848
20260313,9919,康那香,15.75,15.75,15.55,15.6,-,0.05,234673,3666344.0,-62000,0,-12000,16000,0,0,78000,0,12000
20260313,4441,振大環球,219.0,221.0,204.0,204.0,-,15.0,214469,45113576.0,-63040,0,-11000,56000,0,8000,119040,0,19000
20260313,2537,聯上發,10.1,10.15,9.97,10.1,,0.0,676190,6793992.0,-72999,0,-1197,110001,0,2000,183000,0,3197
20260313,5434,崇越,325.0,334.5,323.0,331.5,-,1.0,652389,215649070.0,-65757,-2349,-6103,405070,0,4000,470827,2349,10103
20260313,00894,中信小資高價30,32.96,33.54,32.64,33.2,-,0.09,1499868,49773546.0,-102030,0,27045,149000,0,647553,251030,0,620508
20260313,1110,東泥,15.55,15.85,15.55,15.85,,0.0,217527,3409424.0,-66000,0,-9000,37000,0,0,103000,0,9000
20260313,9935,慶豐富,19.6,19.65,19.4,19.55,-,0.05,190333,3714202.0,-72999,0,-2077,17001,0,0,90000,0,2077
20260313,1590,亞德客-KY,1010.0,1035.0,1005.0,1020.0,-,10.0,584909,597424745.0,-67032,-6000,-2332,421927,1000,5465,488959,7000,7797
20260313,5306,桂盟,87.5,88.1,87.3,87.5,-,0.4,122815,10758677.0,-76000,0,0,9000,0,1000,85000,0,1000
20260313,2704,國賓,42.5,43.05,42.5,42.6,-,0.45,135693,5773363.0,-69000,0,-8000,34000,0,0,103000,0,8000
20260313,00972,野村日本動能高息,19.0,19.07,18.93,18.93,-,0.07,206903,3929950.0,-57000,0,-20018,2000,0,80000,59000,0,100018
20260313,3705,永信,52.5,53.1,52.4,52.9,,0.0,284873,15001543.0,-76000,-1000,-838,67000,0,9053,143000,1000,9891
20260313,1616,億泰,25.75,25.95,25.3,25.5,-,0.35,807254,20654523.0,-74000,0,-3858,185000,0,1000,259000,0,4858
20260313,2465,麗臺,54.7,55.6,54.1,54.8,-,1.7,395243,21684474.0,-76429,0,-2020,26000,0,0,102429,0,2020
20260313,2501,國建,22.7,22.95,22.65,22.85,,0.0,1447957,32991341.0,-41200,0,-37259,629800,0,7000,671000,0,44259
20260313,2706,第一店,12.5,12.55,12.45,12.5,-,0.05,125424,1566563.0,-69000,0,-10215,2000,0,0,71000,0,10215
20260313,2015,豐興,68.8,69.3,67.1,67.1,-,1.8,567793,38629567.0,-66000,0,-14000,309000,0,11000,375000,0,25000
20260313,2405,輔信,14.75,14.9,14.65,14.75,-,0.15,1143590,16861987.0,-76000,0,-4000,386000,0,0,462000,0,4000
20260313,00912,中信臺灣智慧50,24.4,24.63,24.24,24.44,-,0.29,409471,10002731.0,-24000,0,-56378,22000,0,229012,46000,0,285390
20260313,6525,捷敏-KY,84.0,86.3,84.0,84.7,+,0.8,680062,58033889.0,-79000,0,-2000,103000,0,0,182000,0,2000
20260313,2514,龍邦,13.65,13.7,13.45,13.7,,0.0,425800,5790461.0,-76000,0,-5471,9000,0,11000,85000,0,16471
20260313,2415,錩新,26.5,27.9,25.8,27.85,+,0.45,586121,15637162.0,-75000,0,-6490,53000,0,4486,128000,0,10976
20260313,1109,信大,15.3,15.4,15.25,15.35,,0.0,174609,2677340.0,-74000,0,-8000,4000,0,3000,78000,0,11000
20260313,1307,三芳,33.1,33.6,33.05,33.35,-,0.1,1009970,33697964.0,-72000,0,-10288,305000,0,16712,377000,0,27000
20260313,2030,彰源,15.35,15.5,15.3,15.35,-,0.2,222224,3416394.0,-76000,0,-6408,27000,0,1000,103000,0,7408
20260313,6944,兆聯實業,800.0,826.0,782.0,786.0,-,1.0,2887614,2308319770.0,3020,8167,-95380,1177000,9000,50663,1173980,833,146043
20260313,6226,光鼎,9.18,10.05,8.9,10.05,+,0.87,2297159,22658502.0,-97000,0,11213,108000,0,13924,205000,0,2711
20260313,4564,元翎,20.1,20.15,19.7,20.05,-,0.1,839893,16802804.0,-79000,0,-7000,158000,0,0,237000,0,7000
20260313,6526,達發,540.0,566.0,531.0,533.0,-,16.0,1068994,582005069.0,-102435,17000,-1658,232885,17000,26118,335320,0,27776
20260313,2534,宏盛,20.05,20.2,20.0,20.2,-,0.05,593801,11925030.0,-70000,0,-17243,134000,0,0,204000,0,17243
20260313,4576,大銀微系統,120.5,123.5,119.5,121.5,-,1.0,788556,95946606.0,-90000,0,2089,187000,0,39983,277000,0,37894
20260313,1464,得力,10.65,10.75,10.65,10.7,-,0.05,209789,2247402.0,-82000,0,-6000,30000,0,0,112000,0,6000
20260313,2444,兆勁,13.0,13.8,12.7,13.2,+,0.2,647707,8586482.0,-88000,0,0,128000,0,1000,216000,0,1000
20260313,9940,信義,19.9,20.25,19.7,20.15,+,0.05,517932,10367777.0,-22000,0,-66050,218000,0,3000,240000,0,69050
20260313,2108,南帝,25.1,25.95,25.1,25.85,+,0.45,785438,20156767.0,-76000,0,-13085,223000,0,0,299000,0,13085
20260313,5203,訊連,63.6,63.9,63.1,63.9,+,0.2,280025,17786446.0,-90000,0,893,83000,0,4075,173000,0,3182
20260313,1536,和大,51.2,52.8,50.8,52.5,+,0.5,1789639,92983710.0,449795,-565000,22683,876000,0,45246,426205,565000,22563
20260313,1215,卜蜂,153.0,155.5,152.0,153.5,-,1.5,726899,111583728.0,-201999,127000,-17573,213001,130000,11000,415000,3000,28573
20260313,1517,利奇,11.5,11.5,11.2,11.2,-,0.35,237728,2691716.0,-87000,0,-6287,5000,0,7000,92000,0,13287
20260313,2440,太空梭,14.25,14.5,14.15,14.5,-,0.2,317745,4546588.0,-92000,0,-2000,18000,0,0,110000,0,2000
20260313,1104,環泥,29.45,30.05,29.45,30.0,+,0.2,552564,16514202.0,-49999,0,-45003,190001,0,0,240000,0,45003
20260313,6923,中台,85.5,85.8,84.8,85.8,-,0.1,215442,18346309.0,-93232,0,-1880,42000,0,120,135232,0,2000
20260313,1414,東和,19.8,19.9,19.4,19.85,,0.0,290554,5707523.0,-97000,0,1000,24000,0,3000,121000,0,2000
20260313,00901,永豐智能車供應鏈,29.71,29.89,29.39,29.72,-,0.28,234103,6952265.0,5000,0,-101365,44000,0,39000,39000,0,140365
20260313,2908,特力,19.9,20.0,19.85,20.0,,0.0,167868,3340334.0,-91000,0,-5732,21000,0,6268,112000,0,12000
20260313,2228,劍麟,90.0,90.4,89.8,89.8,-,0.6,255825,23047309.0,-96734,0,-2100,52892,0,3000,149626,0,5100
20260313,2597,潤弘,169.5,173.0,169.5,170.5,-,0.5,269474,45975698.0,-87000,0,-12000,93000,0,0,180000,0,12000
20260313,3605,宏致,59.3,60.7,59.2,59.6,-,0.4,947785,56730503.0,-92653,0,-7144,141000,0,4074,233653,0,11218
20260313,9918,欣天然,54.3,55.0,47.2,47.75,-,2.35,3477375,178490956.0,-96000,0,-3915,438000,0,0,534000,0,3915
20260313,00876,元大全球5G,61.95,62.0,61.55,61.75,-,0.45,516259,31888145.0,90008,0,-190487,94008,0,261000,4000,0,451487
20260313,4927,泰鼎-KY,43.15,46.2,43.1,44.6,+,0.65,4190026,188260434.0,-92920,0,-9740,524080,0,5000,617000,0,14740
20260313,2379,瑞昱,467.0,472.5,466.0,470.0,-,3.0,1682064,790670151.0,-98056,-5689,-970,1111861,17000,19284,1209917,22689,20254
20260313,3035,智原,152.5,153.0,150.0,151.5,-,2.0,1510596,228794141.0,-105989,-1611,2880,349061,0,80123,455050,1611,77243
20260313,3038,全台,22.8,23.2,22.7,23.1,+,0.3,316556,7282794.0,-102999,-481,-3101,53001,0,2,156000,481,3103
20260313,5243,乙盛-KY,72.0,73.4,71.3,73.0,-,0.1,712434,51728576.0,-100098,0,-6793,279000,0,2264,379098,0,9057
20260313,8476,台境*,18.5,19.2,18.4,19.0,+,0.2,645293,12226291.0,-99000,0,-8694,133000,0,2100,232000,0,10794
20260313,2038,海光,14.8,14.85,14.65,14.7,-,0.2,306018,4512068.0,-104999,0,-6000,60001,0,0,165000,0,6000
20260313,1903,士紙,49.9,50.2,49.75,49.95,-,0.55,191853,9579952.0,-106000,0,-6366,26000,0,2000,132000,0,8366
20260313,00956,中信日經高股息,12.12,12.19,12.07,12.07,-,0.06,454473,5520058.0,75024,0,-187501,92024,0,154000,17000,0,341501
20260313,5531,鄉林,8.58,8.94,8.58,8.94,+,0.15,725027,6375138.0,-110000,0,-4000,81000,0,15000,191000,0,19000
20260313,2611,志信,14.9,15.0,14.8,14.85,-,0.2,252720,3763608.0,-102000,0,-14454,23000,0,0,125000,0,14454
20260313,2832,台產,48.15,48.15,47.7,47.9,-,0.35,206958,9915151.0,-116500,0,-488,17000,0,5000,133500,0,5488
20260313,00661,元大日經225,69.55,69.75,69.25,69.25,-,0.6,149575,10380365.0,2042,0,-121210,2042,0,3000,0,0,124210
20260313,2547,日勝生,11.05,11.15,11.05,11.1,,0.0,1740870,19288585.0,-119000,0,-1226,292000,0,15000,411000,0,16226
20260313,1612,宏泰,33.9,34.25,33.75,34.15,-,0.05,501802,17084824.0,-112000,0,-8388,115000,0,1000,227000,0,9388
20260313,6605,帝寶,135.0,136.0,133.0,133.5,+,0.5,500014,67092728.0,-118000,0,-2996,155000,0,4000,273000,0,6996
20260313,8070,長華*,42.9,43.95,42.85,43.75,+,0.1,2429488,105700893.0,-65000,-8000,-48062,1142000,0,2938,1207000,8000,51000
20260313,6202,盛群,53.3,54.3,52.7,53.9,-,0.5,1747341,93583020.0,-106300,0,-17320,526000,0,5062,632300,0,22382
20260313,3501,維熹,49.25,49.5,48.8,49.05,-,0.95,336063,16489915.0,-119000,0,-5803,44000,0,1000,163000,0,6803
20260313,2102,泰豐,18.8,19.0,18.65,18.7,-,0.3,380666,7154467.0,-116998,0,-8000,97002,0,0,214000,0,8000
20260313,1231,聯華食,88.0,90.0,87.3,89.3,+,1.3,582267,51769992.0,-114000,-1000,-10126,149000,0,0,263000,1000,10126
20260313,2363,矽統,50.5,51.4,50.0,50.6,-,0.4,2035795,103312305.0,-112000,-10000,-3454,495000,0,13999,607000,10000,17453
20260313,6657,華安,48.8,48.8,46.5,47.95,-,0.6,406649,19401032.0,-124000,0,-2000,66000,0,0,190000,0,2000
20260313,1527,鑽全,32.15,32.5,32.05,32.5,+,0.1,274613,8862149.0,-122998,0,-5000,19002,0,0,142000,0,5000
20260313,2028,威致,17.45,17.6,17.3,17.3,-,0.35,227164,3954811.0,-128000,0,-4000,8000,0,0,136000,0,4000
20260313,4137,麗豐-KY,107.5,109.0,107.0,107.0,-,1.5,289106,31061232.0,-127797,0,-5162,30000,0,2000,157797,0,7162
20260313,9937,全國,57.2,57.7,55.7,56.9,,0.0,252032,14279233.0,-130000,0,-4547,22000,0,2000,152000,0,6547
20260313,6873,泓德能源,99.5,100.5,98.9,99.5,-,2.0,321008,31989850.0,-114000,0,-22413,59000,0,0,173000,0,22413
20260313,4736,泰博,125.0,126.0,124.5,125.0,-,1.0,289641,36239009.0,-138500,0,-2611,11500,0,0,150000,0,2611
20260313,3003,健和興,50.5,51.1,50.0,50.3,-,1.2,387221,19556764.0,-133000,0,-9020,65000,0,1000,198000,0,10020
20260313,1535,中宇,54.6,55.5,53.7,53.8,+,0.2,398297,21559239.0,-141000,0,-2000,44000,0,0,185000,0,2000
20260313,1442,名軒,25.55,27.5,25.0,27.35,+,1.6,1197079,31845436.0,-90000,0,-53553,346000,0,1000,436000,0,54553
20260313,8163,達方,28.35,28.55,28.2,28.4,-,0.1,577172,16366752.0,-103000,-3800,-36766,193000,0,6000,296000,3800,42766
20260313,2530,華建,25.45,25.85,25.2,25.35,-,0.6,846443,21559961.0,-261000,0,117000,262000,0,154000,523000,0,37000
20260313,3532,台勝科,123.0,128.0,121.0,126.0,,0.0,1257261,156441204.0,-158000,0,13985,287000,0,62757,445000,0,48772
20260313,3419,譁裕,15.5,15.5,14.85,14.85,-,0.85,406300,6111506.0,-143000,0,-2000,25000,0,0,168000,0,2000
20260313,3008,大立光,2315.0,2360.0,2305.0,2345.0,-,10.0,793314,1850534185.0,-140347,-3257,-3302,271030,0,22459,411377,3257,25761
20260313,1598,岱宇,19.85,20.15,19.7,19.8,-,0.4,2728431,51801782.0,-146000,0,-5000,52000,0,0,198000,0,5000
20260313,1321,大洋,33.25,33.6,32.8,33.1,-,0.6,251291,8312513.0,-146000,0,-5223,6000,0,0,152000,0,5223
20260313,6669,緯穎,4060.0,4085.0,3955.0,4070.0,-,15.0,1203388,4852458295.0,109276,-264000,3231,543239,0,36668,433963,264000,33437
20260313,2613,中櫃,25.85,26.05,25.5,25.7,-,0.2,707102,18148748.0,-143000,0,-9146,105000,0,98,248000,0,9244
20260313,6625,必應,78.5,78.6,77.6,78.1,-,0.4,253906,19833381.0,-140000,0,-12842,26000,0,6000,166000,0,18842
20260313,00678,群益那斯達克生技,35.37,35.55,35.35,35.55,-,0.36,471534,16722755.0,0,0,-155791,0,0,296884,0,0,452675
20260313,3040,遠見,47.25,48.8,45.6,48.55,+,4.15,1275265,60983558.0,-106000,0,-58702,112000,0,1998,218000,0,60700
20260313,6166,凌華,60.0,60.8,59.3,59.8,-,1.4,461280,27639031.0,-151950,0,-13389,94050,0,3000,246000,0,16389
20260313,2753,八方雲集,187.5,187.5,185.5,185.5,-,2.0,321356,59913259.0,-157138,0,-8375,76000,0,0,233138,0,8375
20260313,4104,佳醫,76.0,76.0,75.4,75.7,-,0.6,486045,36786301.0,-162066,0,-5039,15000,0,31000,177066,0,36039
20260313,2349,錸德,12.8,13.1,12.75,12.9,-,0.2,2588080,33445548.0,-160001,0,-8000,336999,0,0,497000,0,8000
20260313,3545,敦泰,42.7,43.7,42.7,43.2,-,0.4,956697,41232885.0,-156000,-1000,-11093,350000,0,6235,506000,1000,17328
20260313,1702,南僑,35.6,35.85,35.55,35.6,-,0.25,463431,16525381.0,-169999,-3527,3223,60001,0,19000,230000,3527,15777
20260313,1225,福懋油,33.8,33.8,32.25,32.55,-,0.25,538314,17603795.0,-107275,0,-64000,90000,0,6000,197275,0,70000
20260313,00911,兆豐洲際半導體,36.53,36.53,35.78,35.93,-,0.61,372915,13404016.0,229,0,-173411,229,0,133000,0,0,306411
20260313,6177,達麗,45.6,46.1,45.05,45.9,+,0.15,446719,20470938.0,-179350,0,6050,172650,0,20000,352000,0,13950
20260313,4755,三福化,157.0,169.5,155.0,169.5,+,15.0,4174867,692875483.0,-198698,0,23314,677000,0,34314,875698,0,11000
20260313,3027,盛達,21.35,21.6,21.3,21.35,-,0.45,427033,9140191.0,-174999,0,-1157,88001,0,0,263000,0,1157
20260313,3017,奇鋐,1855.0,1930.0,1815.0,1865.0,-,10.0,5993158,11284071615.0,-217154,171000,-130919,2506084,189000,118356,2723238,18000,249275
20260313,6854,錼創科技-KY創,141.5,151.5,140.0,143.5,,0.0,1529406,223103050.0,-178469,0,1074,321000,0,50611,499469,0,49537
20260313,4720,德淵,15.55,16.0,15.3,15.55,-,0.45,746895,11696537.0,-182000,-504,2000,109000,0,3000,291000,504,1000
20260313,2387,精元,43.7,44.45,43.5,43.55,-,0.3,1487413,65395293.0,-241000,0,59353,271000,0,67000,512000,0,7647
20260313,3024,憶聲,10.25,10.25,10.05,10.15,-,0.1,626712,6349138.0,-181000,0,-4000,134000,0,0,315000,0,4000
20260313,1519,華城,902.0,929.0,902.0,921.0,-,1.0,2092269,1921552602.0,-96052,-77656,-12709,715755,4000,62407,811807,81656,75116
20260313,2905,三商,15.5,15.65,15.4,15.65,+,0.15,591550,9192808.0,-157000,0,-31259,202000,0,6000,359000,0,37259
20260313,5534,長虹,75.1,75.8,74.6,75.3,-,0.1,721462,54345932.0,-173000,0,-22296,263000,0,1145,436000,0,23441
20260313,5607,遠雄港,49.0,49.55,48.9,49.25,-,0.95,497366,24462644.0,-186000,0,-10987,109000,0,0,295000,0,10987
20260313,9946,三發地產,17.65,18.15,17.6,18.1,+,0.3,796785,14346287.0,-214000,0,16352,183000,0,23000,397000,0,6648
20260313,1476,儒鴻,372.5,377.5,369.0,372.0,-,6.0,565655,210717776.0,-197573,-1344,-3093,218627,0,26407,416200,1344,29500
20260313,00652,富邦印度,33.84,33.84,33.44,33.5,-,0.5,822146,27640065.0,10000,0,-212039,10000,0,310000,0,0,522039
20260313,8103,瀚荃,86.0,87.0,84.5,85.4,-,1.9,1035362,88763197.0,-203630,0,15,340070,0,5652,543700,0,5637
20260313,2328,廣宇,46.0,46.6,45.35,46.1,+,0.05,2828077,130421765.0,-324001,0,118083,930000,0,195728,1254001,0,77645
20260313,2453,凌群,54.0,56.7,53.4,56.2,+,1.6,2136809,119108088.0,-203000,0,-5000,122000,0,0,325000,0,5000
20260313,6108,競國,16.15,16.15,15.75,15.75,-,0.55,436983,6946655.0,-210999,0,-3001,54001,0,1000,265000,0,4001
20260313,6412,群電,79.5,81.0,79.0,80.4,-,0.1,1164121,93371214.0,-207000,-1398,-13231,435000,0,6000,642000,1398,19231
20260313,1806,冠軍,8.67,8.68,8.6,8.62,-,0.07,456086,3937043.0,-210000,0,-12000,19000,0,0,229000,0,12000
20260313,1103,嘉泥,13.45,13.55,13.45,13.5,-,0.1,359275,4845238.0,-171999,0,-52000,42001,0,0,214000,0,52000
20260313,2812,台中銀,20.7,21.0,20.7,20.8,-,0.15,7421684,154632598.0,-47152,0,-177000,2907359,0,126000,2954511,0,303000
20260313,2106,建大,18.5,18.55,18.0,18.25,-,0.35,1609303,29375782.0,-206000,-4000,-14431,338000,0,25000,544000,4000,39431
20260313,2014,中鴻,17.4,17.55,17.3,17.35,-,0.3,3442189,59883725.0,-62250,0,-162210,1171000,0,11113,1233250,0,173323
20260313,9934,成霖,9.68,9.75,9.57,9.59,-,0.2,517447,4981024.0,-236000,0,11380,70000,0,17380,306000,0,6000
20260313,2511,太子,8.13,8.17,8.12,8.14,-,0.04,831898,6772753.0,-172000,0,-55000,272000,0,0,444000,0,55000
20260313,3033,威健,30.15,30.4,29.9,30.4,+,0.05,1337752,40378288.0,-200000,-2126,-26017,519000,0,13000,719000,2126,39017
20260313,2540,愛山林,46.5,47.05,46.35,46.35,-,0.45,631875,29384913.0,-193000,0,-38000,190000,0,0,383000,0,38000
20260313,1503,士電,199.0,204.5,199.0,203.0,-,0.5,1919741,387696511.0,-214653,-3000,-22623,632597,0,59433,847250,3000,82056
20260313,2388,威盛,49.0,49.15,48.15,48.25,-,0.75,2223934,107962747.0,-209000,0,-32903,692000,0,60030,901000,0,92933
20260313,2017,官田鋼,9.74,9.74,9.56,9.58,-,0.2,761243,7359594.0,-232000,0,-13531,101000,0,2000,333000,0,15531
20260313,00923,群益台ESG低碳50,28.57,28.99,28.47,28.8,-,0.18,6652412,191155801.0,-52000,0,-198709,867000,0,3251955,919000,0,3450664
20260313,4770,上品,264.5,266.0,257.0,258.5,-,7.5,1243351,324459724.0,-260517,0,6993,244000,0,43730,504517,0,36737
20260313,2034,允強,20.0,20.25,19.9,20.0,-,0.3,733633,14725688.0,-238000,0,-22432,273000,0,0,511000,0,22432
20260313,2849,安泰銀,12.9,13.05,12.85,12.95,-,0.05,327462,4239927.0,-216000,0,-47732,17000,0,3000,233000,0,50732
20260313,2360,致茂,1435.0,1530.0,1415.0,1530.0,+,35.0,2667646,3909511780.0,-162334,-157115,54293,1491960,7000,113057,1654294,164115,58764
20260313,1447,力鵬,5.47,5.47,5.4,5.44,-,0.05,503240,2735200.0,-254000,0,-12000,42000,0,0,296000,0,12000
20260313,1909,榮成,9.23,9.33,9.16,9.24,-,0.08,1378085,12715150.0,-222954,0,-46128,522046,0,6000,745000,0,52128
20260313,6806,森崴能源,40.3,40.9,39.9,39.95,-,0.65,1242738,49876373.0,-258190,0,-12547,244810,0,3000,503000,0,15547
20260313,6994,富威電力,85.1,86.3,83.0,83.1,-,3.5,467728,39525260.0,-267000,0,-3908,33000,0,0,300000,0,3908
20260313,2401,凌陽,20.9,21.15,20.7,20.9,-,0.4,1871797,39123244.0,-234000,0,-40507,564000,0,14023,798000,0,54530
20260313,1316,上曜,12.85,12.9,12.75,12.8,-,0.15,1108954,14213027.0,-291000,0,16454,192000,0,26000,483000,0,9546
20260313,1460,宏遠,6.84,6.84,6.74,6.8,-,0.04,695148,4739648.0,-268000,0,-9000,24000,0,0,292000,0,9000
20260313,6592,和潤企業,62.6,63.5,62.2,62.6,-,1.2,795424,49953930.0,-260000,0,-17615,258000,0,4000,518000,0,21615
20260313,3550,聯穎,17.55,18.35,16.95,18.35,+,1.65,4933142,88477115.0,-283000,0,3512,932000,0,5512,1215000,0,2000
20260313,9914,美利達,69.8,70.0,68.6,69.2,-,0.6,942937,65436499.0,-272001,0,-9155,284000,0,5000,556001,0,14155
20260313,2608,嘉里大榮,31.25,31.45,31.15,31.15,-,0.4,371459,11614175.0,-243000,0,-38503,62000,0,8000,305000,0,46503
20260313,2923,鼎固-KY,17.95,18.7,17.5,18.3,-,0.2,401717,7229330.0,-256672,0,-27000,28000,0,0,284672,0,27000
20260313,5471,松翰,42.25,42.5,41.25,41.4,-,1.5,537050,22427834.0,-286000,0,-7260,58000,0,1000,344000,0,8260
20260313,2208,台船,21.2,21.75,21.05,21.5,-,0.15,3563050,76508080.0,-265778,-6000,-25000,1575222,0,0,1841000,6000,25000
20260313,2207,和泰車,490.0,492.0,488.0,488.5,-,6.5,464789,227594464.0,-288104,-2000,-8460,87061,0,22000,375165,2000,30460
20260313,5222,全訊,137.0,137.0,132.5,133.5,-,2.0,721095,96638195.0,-159748,-101000,-46596,112379,0,0,272127,101000,46596
20260313,1727,中華化,55.0,60.8,53.0,60.8,+,5.5,23335254,1337342488.0,-242295,0,-67729,4772000,0,29373,5014295,0,97102
20260313,7780,大研生醫*,19.5,20.0,19.25,19.6,+,0.05,2259711,44350633.0,-288000,0,-22608,537000,0,0,825000,0,22608
20260313,1611,中電,13.3,13.55,13.0,13.25,-,0.25,861582,11456268.0,-302997,0,-9547,165003,0,0,468000,0,9547
20260313,6658,聯策,64.7,70.4,64.4,69.3,+,4.7,4101026,276960597.0,-306000,0,-7651,838000,0,2035,1144000,0,9686
20260313,1609,大亞,35.8,36.35,35.55,35.95,-,0.25,2513599,90405238.0,-302998,16000,-33461,768002,17000,20831,1071000,1000,54292
20260313,2545,皇翔,36.55,36.7,35.55,36.55,-,0.85,680592,24596603.0,-292000,0,-28767,126000,0,4000,418000,0,32767
20260313,4916,事欣科,60.2,61.5,59.8,60.7,-,0.4,2422369,146972999.0,-322530,0,628,542002,0,12000,864532,0,11372
20260313,2614,東森,20.85,21.3,20.7,21.0,+,0.05,1079532,22725674.0,-319000,0,-5000,196000,0,0,515000,0,5000
20260313,2103,台橡,21.1,21.75,20.9,21.7,+,0.85,12952620,277464378.0,-141000,0,-183989,3883000,0,19447,4024000,0,203436
20260313,00934,中信成長高股息,21.35,21.56,21.23,21.51,-,0.05,2173737,46601593.0,54000,0,-379011,274000,0,1084371,220000,0,1463382
20260313,3062,建漢,23.25,23.55,22.95,23.35,-,0.05,1596804,37195816.0,-310999,0,-14493,351001,0,1000,662000,0,15493
20260313,1440,南紡,12.6,12.7,12.55,12.6,-,0.05,780881,9853969.0,-281000,0,-49485,137000,0,4000,418000,0,53485
20260313,3596,智易,205.5,214.0,204.5,210.0,+,4.5,2576438,541356330.0,-406801,40000,29433,714249,40000,39459,1121050,0,10026
20260313,2385,群光,122.0,124.5,121.5,124.0,,0.0,4170624,512423947.0,-937393,473150,118717,1658000,485800,161596,2595393,12650,42879
20260313,9939,宏全,118.5,120.5,118.0,120.5,+,1.5,865990,103348128.0,-335000,-8000,-3118,88000,0,21561,423000,8000,24679
20260313,1444,力麗,6.1,6.1,6.03,6.03,-,0.07,1004480,6077908.0,-327000,0,-21383,110000,0,2000,437000,0,23383
20260313,00917,中信特選金融,20.24,20.24,20.09,20.09,-,0.17,1488865,29939334.0,239000,0,-588880,241000,0,497000,2000,0,1085880
20260313,1532,勤美,23.25,23.5,23.15,23.3,-,0.25,688818,16039266.0,-341000,-6461,-10419,57000,0,2000,398000,6461,12419
20260313,8271,宇瞻,173.5,173.5,173.5,173.5,+,15.5,2444168,424063034.0,-362000,0,1971,0,0,28971,362000,0,27000
20260313,6869,雲豹能源,102.5,104.0,102.0,103.5,-,4.0,1279726,131930867.0,-352850,0,-10962,189150,0,13000,542000,0,23962
20260313,00646,元大S&P500,67.1,67.25,67.05,67.1,,0.0,1539725,103402934.0,28264,0,-393859,54264,0,374000,26000,0,767859
20260313,2009,第一銅,42.3,43.05,42.2,42.45,-,0.8,1438162,61166713.0,-337999,0,-29167,351001,0,10769,689000,0,39936
20260313,00907,永豐優息存股,15.05,15.05,14.95,14.98,-,0.09,968181,14516729.0,-152000,0,-215960,19000,0,362027,171000,0,577987
20260313,6757,台灣虎航,53.8,54.2,52.9,53.0,-,0.8,2228753,119283340.0,-371956,0,-4144,386044,0,159000,758000,0,163144
20260313,1337,再生-KY,5.98,6.19,5.75,5.83,-,0.07,1483568,8746796.0,-376999,0,-4000,242001,0,0,619000,0,4000
20260313,2383,台光電,2580.0,2765.0,2540.0,2705.0,+,105.0,4417368,11854665823.0,-353258,59670,-87652,1723387,88000,112130,2076645,28330,199782
20260313,2305,全友,14.15,15.5,14.15,14.4,-,0.1,3417590,50532089.0,-441000,0,54545,787000,0,60000,1228000,0,5455
20260313,2498,宏達電,42.1,42.65,41.6,42.0,-,0.75,4595305,193173759.0,-329495,-1000,-57694,1598280,0,76015,1927775,1000,133709
20260313,2915,潤泰全,51.5,52.0,51.3,51.7,,0.0,1269645,65511929.0,-374146,0,-19000,407854,0,10000,782000,0,29000
20260313,5234,達興材料,400.0,404.0,392.5,394.5,-,7.5,1147286,456368455.0,-363631,17000,-47131,307000,17000,4218,670631,0,51349
20260313,6691,洋基工程,626.0,634.0,618.0,618.0,-,18.0,594914,370231150.0,-378100,-2000,-18357,72000,0,11704,450100,2000,30061
20260313,6789,采鈺,341.0,355.0,338.5,345.5,-,7.5,3621186,1258065825.0,-312503,-1000,-86553,867497,1000,62523,1180000,2000,149076
20260313,2601,益航,6.44,6.44,6.12,6.22,-,0.2,4663534,29004227.0,-397000,0,-9000,268000,0,1000,665000,0,10000
20260313,2539,櫻花建,47.5,47.95,47.05,47.8,-,0.2,1447737,68608524.0,-379482,-11082,-20000,254518,0,8000,634000,11082,28000
20260313,3661,世芯-KY,3260.0,3270.0,3180.0,3190.0,-,125.0,1918959,6178027240.0,-256498,-128000,-28077,533327,10000,71136,789825,138000,99213
20260313,2104,國際中橡,12.5,12.75,12.35,12.4,-,0.2,3536216,44092393.0,-406999,0,-6023,1073001,0,23000,1480000,0,29023
20260313,4306,炎洲,13.3,13.55,13.15,13.25,,0.0,1142137,15150138.0,-407940,0,-6273,101000,0,19000,508940,0,25273
20260313,3653,健策,3410.0,3420.0,3225.0,3245.0,-,195.0,2263723,7474968110.0,-356652,-88300,26485,596677,1000,179686,953329,89300,153201
20260313,2204,中華,56.7,57.9,56.7,56.8,-,0.7,919235,52527598.0,-396605,-6947,-18411,228000,0,0,624605,6947,18411
20260313,00733,富邦臺灣中小,54.95,55.8,54.0,55.45,-,0.4,1295929,71752358.0,4010,0,-434425,172010,0,239455,168000,0,673880
20260313,6409,旭隼,793.0,793.0,761.0,766.0,-,44.0,1381293,1067931613.0,-437282,0,-12031,544688,0,11000,981970,0,23031
20260313,2528,皇普,26.9,27.0,26.7,26.75,-,0.15,922500,24729512.0,-476050,0,-6000,69000,0,0,545050,0,6000
20260313,9136,巨騰-DR,9.5,10.05,9.1,9.21,-,0.24,3831115,36261755.0,-486000,0,-707,361000,0,0,847000,0,707
20260313,6206,飛捷,102.0,105.5,101.5,103.5,+,1.5,2174646,225819345.0,-486000,-387,-945,348000,900,5905,834000,1287,6850
20260313,1709,和益,17.5,17.6,17.1,17.1,-,0.3,1052317,18132988.0,-482000,0,-5907,175000,0,299,657000,0,6206
20260313,2468,華經,38.45,41.95,38.2,38.5,-,0.8,5630850,223804981.0,-491000,0,1387,928000,0,11000,1419000,0,9613
20260313,3665,貿聯-KY,1590.0,1620.0,1560.0,1590.0,-,45.0,3091233,4922201965.0,-441106,-55000,2681,1295294,2000,125994,1736400,57000,123313
20260313,3376,新日興,197.0,198.0,194.5,197.0,-,2.0,2019731,397110547.0,-279316,0,-224622,524301,0,50000,803617,0,274622
20260313,2101,南港,32.05,32.45,31.8,31.9,-,0.6,2245758,71887521.0,-481958,0,-35854,554000,0,0,1035958,0,35854
20260313,4949,有成精密,62.3,68.4,62.2,68.4,+,6.2,8572622,563420012.0,-524000,0,4695,1751000,0,21791,2275000,0,17096
20260313,1722,台肥,48.4,49.5,47.0,47.5,+,0.05,8916263,428033426.0,-503700,-4000,-12998,2592300,0,80369,3096000,4000,93367
20260313,5388,中磊,78.1,78.5,77.5,78.0,-,0.8,1634191,127303751.0,-655000,0,132085,343000,0,152907,998000,0,20822
20260313,1802,台玻,52.5,58.0,52.5,57.7,+,2.7,8929369,503630986.0,-349790,-5000,-175450,2238000,0,225549,2587790,5000,400999
20260313,3014,聯陽,118.5,119.5,118.0,118.5,-,1.5,932052,110740402.0,-520624,-3772,-5908,143000,0,8000,663624,3772,13908
20260313,2542,興富發,36.25,36.6,36.15,36.55,+,0.05,2103202,76587314.0,-492845,61000,-104001,693155,74000,27000,1186000,13000,131001
20260313,2206,三陽工業,58.3,58.5,57.9,58.0,-,0.3,731824,42522256.0,-501000,-11669,-25767,79000,0,4000,580000,11669,29767
20260313,1904,正隆,17.35,17.45,17.25,17.3,-,0.2,1692792,29328479.0,-530998,0,-21023,259002,0,32000,790000,0,53023
20260313,2852,第一保,26.2,26.25,26.1,26.15,-,0.2,857482,22452101.0,-523000,-1132,-30079,23000,0,0,546000,1132,30079
20260313,2838,聯邦銀,20.05,20.15,19.9,19.95,-,0.2,2533985,50650727.0,-630032,32000,42744,976968,35000,200000,1607000,3000,157256
20260313,2617,台航,32.65,32.75,31.45,31.65,-,1.1,1458637,46488907.0,-535000,0,-22358,407000,0,12389,942000,0,34747
20260313,00735,國泰臺韓科技,66.3,67.55,66.2,66.9,-,0.45,2351928,157160670.0,-173978,0,-402152,348100,0,452000,522078,0,854152
20260313,8213,志超,33.8,34.0,33.35,33.6,-,0.95,986047,33184680.0,-576000,0,-1220,84000,0,7535,660000,0,8755
20260313,6706,惠特,122.5,128.5,115.0,127.5,+,3.5,10036211,1216353848.0,-585634,0,5889,2249000,0,253729,2834634,0,247840
20260313,9908,大台北,31.75,32.8,30.4,30.4,-,0.45,2935594,91006758.0,-560921,0,-21586,472580,0,4000,1033501,0,25586
20260313,2010,春源,24.45,24.6,23.8,24.2,+,0.4,4019763,97570670.0,-552800,0,-39000,852000,0,0,1404800,0,39000
20260313,1229,聯華,43.55,44.0,43.05,43.55,+,0.2,4417657,191717850.0,-581850,0,-17950,1246150,0,55000,1828000,0,72950
20260313,3701,大眾控,55.3,62.7,54.4,62.7,+,5.7,11738368,701839429.0,-659220,0,58560,1961000,0,64835,2620220,0,6275
20260313,00927,群益半導體收益,24.2,24.52,24.04,24.39,-,0.09,3432219,83401462.0,-125955,0,-482127,612045,0,811765,738000,0,1293892
20260313,2049,上銀,239.0,241.0,235.0,238.5,-,5.5,3084357,734293206.0,-509400,13000,-112817,924000,14000,58641,1433400,1000,171458
20260313,8464,億豐,385.0,392.5,382.5,386.0,-,1.0,1007620,390250671.0,-664059,-1374,52010,254101,0,57000,918160,1374,4990
20260313,2201,裕隆,27.75,28.25,27.65,27.85,-,0.15,2378798,66618735.0,-623656,0,-34385,599000,0,27380,1222656,0,61765
20260313,6120,達運,13.25,13.45,13.05,13.15,-,0.4,2109367,27835292.0,-667000,0,-14166,518000,0,3854,1185000,0,18020
20260313,6805,富世達,1795.0,1815.0,1755.0,1755.0,-,85.0,1798840,3196005730.0,-229184,-438000,-30625,459198,0,63286,688382,438000,93911
20260313,00662,富邦NASDAQ,100.95,101.05,100.75,100.8,-,0.5,1876825,189381069.0,321388,0,-1020405,340388,0,4000,19000,0,1024405
20260313,9938,百和,48.7,49.0,48.35,48.7,,0.0,1565095,76095631.0,-216000,-462000,-25268,542000,0,3000,758000,462000,28268
20260313,4915,致伸,71.5,72.4,71.3,72.0,+,0.1,1870362,134600383.0,-844900,142190,-13779,580100,310000,8000,1425000,167810,21779
20260313,00964,中信亞太高股息,13.84,13.9,13.79,13.8,-,0.09,2450637,33921630.0,27000,0,-756287,55000,0,1443000,28000,0,2199287
20260313,2801,彰銀,20.5,20.8,20.5,20.6,,0.0,18932498,390897068.0,-228189,-30000,-479839,10204573,0,43000,10432762,30000,522839
20260313,5521,工信,14.4,15.2,14.4,14.8,+,0.4,6325179,93862000.0,-723000,0,-15643,521000,0,2256,1244000,0,17899
20260313,00881,國泰台灣科技龍頭,36.12,36.92,36.05,36.65,-,0.14,14755469,539330837.0,-780000,0,-7543,2357000,0,4133406,3137000,0,4140949
20260313,1434,福懋,16.55,16.7,16.45,16.45,-,0.2,1609802,26578228.0,-749000,0,-45700,361000,0,1000,1110000,0,46700
20260313,6257,矽格,127.0,133.0,127.0,131.0,+,1.5,6020015,788608035.0,-525220,-263123,-10413,2321000,0,54948,2846220,263123,65361
20260313,2441,超豐,83.0,85.6,82.8,85.0,-,0.4,2775624,235477501.0,-775000,-3000,-22820,687000,0,40772,1462000,3000,63592
20260313,2356,英業達,42.35,43.25,42.2,42.65,-,0.3,11944362,510590482.0,-629788,-6000,-168094,6163962,12000,62000,6793750,18000,230094
20260313,1907,永豐餘,24.05,24.35,23.9,23.9,-,0.4,1276252,30668778.0,-757869,-19989,-45438,273131,0,5000,1031000,19989,50438
20260313,3052,夆典,11.2,11.2,11.0,11.1,-,0.1,1247210,13828705.0,-819999,0,-5000,24001,0,0,844000,0,5000
20260313,8105,凌巨,13.1,13.1,12.65,12.75,-,0.35,2067628,26393278.0,-823000,0,-13000,399000,0,0,1222000,0,13000
20260313,2332,友訊,15.0,15.35,14.75,15.1,-,0.05,3422466,51500846.0,-773000,0,-76131,1092000,0,12000,1865000,0,88131
20260313,4904,遠傳,91.2,92.4,91.0,91.8,-,0.4,4408836,404495943.0,-886077,11000,22226,2404138,37000,89607,3290215,26000,67381
20260313,7769,鴻勁,4365.0,4420.0,3895.0,3950.0,-,375.0,2901505,11721067025.0,-661318,-206000,10357,688317,35000,52110,1349635,241000,41753
20260313,2347,聯強,69.9,70.3,69.1,70.2,+,0.3,4619376,322601353.0,-1037700,39661,131306,2292000,56000,241785,3329700,16339,110479
20260313,2836,高雄銀,12.1,12.2,12.1,12.15,-,0.1,1906993,23159511.0,-819000,0,-56198,208000,0,0,1027000,0,56198
20260313,1708,東鹼,40.0,42.15,39.1,39.3,+,0.85,27454555,1116422081.0,-842000,0,-41562,6876000,0,176352,7718000,0,217914
20260313,2489,瑞軒,36.8,41.35,36.8,41.35,+,3.75,8743411,349403958.0,-541912,0,-343638,358100,0,168362,900012,0,512000
20260313,9945,潤泰新,27.8,27.95,27.7,27.9,-,0.15,4202435,117090616.0,-835825,-1000,-82119,1747300,0,4000,2583125,1000,86119
20260313,8996,高力,930.0,945.0,892.0,899.0,-,18.0,5567619,5111009450.0,-970790,82000,-32109,1213606,86000,86045,2184396,4000,118154
20260313,1710,東聯,14.2,14.4,13.7,14.1,+,0.1,6586547,92090359.0,-898000,0,-27084,1538000,0,9000,2436000,0,36084
20260313,2455,全新,218.0,240.0,216.0,237.5,+,14.5,6115804,1409967039.0,-713219,23000,-253838,998015,25000,102666,1711234,2000,356504
20260313,2006,東和鋼鐵,80.0,80.6,77.3,77.7,-,3.3,4682161,366500185.0,-617721,-10482,-331703,948529,1000,130324,1566250,11482,462027
20260313,3045,台灣大,106.0,107.0,106.0,106.5,+,0.5,8753112,933546432.0,-888601,-15000,-73000,1831644,55000,8000,2720245,70000,81000
20260313,2607,榮運,54.9,55.2,53.2,53.7,-,1.3,2011756,108655923.0,-865000,-110000,-12007,201000,0,3000,1066000,110000,15007
20260313,1310,台苯,12.2,12.6,11.45,11.85,+,0.1,21131687,250447599.0,-963000,0,-57611,4706000,0,7000,5669000,0,64611
20260313,4919,新唐,82.8,85.3,82.4,83.8,+,0.1,11318291,946685645.0,-854900,0,-183961,2174100,0,44396,3029000,0,228357
20260313,2646,星宇航空,21.7,21.7,21.45,21.5,-,0.4,3511261,75660122.0,-989728,0,-76000,308047,0,0,1297775,0,76000
20260313,4956,光鋐,29.1,31.2,27.75,31.2,+,2.8,23444796,699064744.0,-1115100,0,10762,3926000,0,45295,5041100,0,34533
20260313,1477,聚陽,285.0,294.0,280.5,285.5,-,3.5,2076442,595043045.0,-1290000,178796,6326,338000,201000,35971,1628000,22204,29645
20260313,1308,亞聚,15.2,15.8,14.65,14.95,-,0.4,10086293,152853838.0,-1213999,0,50406,2195001,0,123995,3409000,0,73589
20260313,2406,國碩,34.0,34.8,33.2,33.95,-,0.7,18531968,629459232.0,-1161700,0,-6309,4746000,0,29996,5907700,0,36305
20260313,1313,聯成,12.75,13.15,12.2,12.55,+,0.05,17502528,220132038.0,-1076000,0,-93655,4474000,0,3216,5550000,0,96871
20260313,2404,漢唐,1045.0,1045.0,1010.0,1010.0,-,55.0,2792839,2858742595.0,-1262698,105000,-34141,514248,137000,112857,1776946,32000,146998
20260313,6152,百一,18.8,19.5,18.5,19.1,-,0.65,5121520,97229827.0,-1205000,0,2957,607000,0,7957,1812000,0,5000
20260313,2886,兆豐金,38.75,39.15,38.65,38.75,-,0.05,22517289,875241748.0,-665664,16000,-555017,12572288,155000,182659,13237952,139000,737676
20260313,1712,興農,47.05,47.4,46.15,46.15,-,0.9,2279095,105948743.0,-1069000,-2000,-133756,455000,0,38000,1524000,2000,171756
20260313,2442,新美齊,20.3,20.75,19.65,19.7,-,0.25,5138392,103375360.0,-1233063,0,-8378,698000,0,0,1931063,0,8378
20260313,2897,王道銀行,9.98,9.99,9.9,9.93,-,0.05,2927393,29091463.0,-1128000,-9000,-117160,489000,0,1000,1617000,9000,118160
20260313,5519,隆大,35.3,35.3,33.7,33.9,-,1.4,2259395,76868197.0,-1286000,0,-10079,232000,0,12000,1518000,0,22079
20260313,4989,榮科,70.6,72.4,68.4,71.0,-,0.9,20812416,1472204048.0,-1339294,0,-2758,4714000,0,30000,6053294,0,32758
20260313,6005,群益證,27.35,27.95,27.3,27.8,,0.0,4948489,136943216.0,-1397761,54593,0,1267551,80000,0,2665312,25407,0
20260313,2357,華碩,574.0,594.0,573.0,589.0,+,8.0,7586095,4462936525.0,-1319435,113,-30269,2068763,10000,259587,3388198,9887,289856
20260313,3576,聯合再生,22.7,24.25,22.55,24.0,+,0.4,24416063,581434457.0,-1324918,0,-27163,858553,0,2000,2183471,0,29163
20260313,2023,燁輝,14.5,14.6,14.4,14.55,-,0.05,3076453,44591111.0,-1247000,0,-113000,420000,0,0,1667000,0,113000
20260313,5608,四維航,16.9,16.9,16.5,16.55,-,0.35,2503692,41478452.0,-1334000,0,-42969,144000,0,3670,1478000,0,46639
20260313,1304,台聚,13.4,13.9,12.65,12.85,-,0.2,13884386,180796378.0,-1340999,0,-47941,4133001,0,41000,5474000,0,88941
20260313,1905,華紙,11.55,11.7,11.5,11.5,-,0.2,2161339,24981334.0,-1374000,0,-51211,210000,0,6000,1584000,0,57211
20260313,2371,大同,31.8,32.45,31.65,31.8,-,0.4,10287452,328966814.0,-1341025,153651,-259826,3306162,161000,74689,4647187,7349,334515
20260313,00891,中信關鍵半導體,23.78,24.13,23.65,23.95,-,0.18,9432843,225421291.0,-773623,0,-688555,1903377,0,1321116,2677000,0,2009671
20260313,2027,大成鋼,36.6,36.85,36.3,36.55,-,0.3,8857151,323869696.0,-3346018,2094000,-220324,1553772,2100000,23843,4899790,6000,244167
20260313,1608,華榮,32.8,33.15,32.65,32.8,-,0.5,3186920,104785421.0,-1457000,11188,-38382,587000,25000,13735,2044000,13812,52117
20260313,1718,中纖,7.69,7.95,7.5,7.5,-,0.19,7529434,57301142.0,-1338000,0,-164529,1907000,0,32000,3245000,0,196529
20260313,8422,可寧衛*,30.4,30.45,30.0,30.2,-,0.65,9947620,300825188.0,-1384499,-11000,-162089,2105151,2000,55000,3489650,13000,217089
20260313,00935,野村臺灣新科技50,37.92,38.45,37.6,38.15,-,0.24,7452028,283717764.0,85245,0,-1645455,1148245,0,1954339,1063000,0,3599794
20260313,6168,宏齊,21.7,23.0,21.35,22.4,+,0.8,10434542,231948084.0,-1555569,0,-10015,2181431,0,2000,3737000,0,12015
20260313,1326,台化,41.85,42.65,40.9,41.7,-,0.95,41517030,1722809062.0,-1089793,16000,-505662,18569169,16000,498803,19658962,0,1004465
20260313,1305,華夏,14.5,15.0,13.6,13.75,-,0.25,16036234,226106888.0,-1574999,0,-28963,3969001,0,15000,5544000,0,43963
20260313,2474,可成,186.0,186.5,183.5,185.5,-,1.5,3101119,573681658.0,-2058538,397563,22526,561122,413600,63000,2619660,16037,40474
20260313,1711,永光,29.0,32.3,28.65,32.3,+,2.9,76690964,2361875733.0,-1494000,0,-151408,15173000,0,465044,16667000,0,616452
20260313,9907,統一實,18.15,18.25,18.05,18.1,-,0.15,3053817,55429586.0,-1713000,327,-47291,350000,25000,0,2063000,24673,47291
20260313,2612,中航,60.1,60.1,56.7,57.3,-,2.8,2626877,151994989.0,-1726000,0,-42219,306000,0,14000,2032000,0,56219
20260313,00954,中信日本半導體,14.44,14.55,14.35,14.4,-,0.33,3414148,49248060.0,234030,0,-2060117,502030,0,611000,268000,0,2671117
20260313,1504,東元,69.3,70.8,69.1,69.9,-,1.0,7812921,546038680.0,-1777693,-14000,-103580,2634869,12000,52000,4412562,26000,155580
20260313,8112,至上,88.4,89.1,83.9,87.0,-,2.2,42270714,3644500949.0,-1553013,-10023,-368437,13491122,0,1211259,15044135,10023,1579696
20260313,6456,GIS-KY,62.1,63.3,58.6,63.0,-,1.3,12993764,789210426.0,-1936866,0,-708,2479934,0,231074,4416800,0,231782
20260313,1522,堤維西,37.2,37.4,36.45,36.7,-,3.75,5461896,200160823.0,-1917880,-4575,-32727,488120,0,15956,2406000,4575,48683
20260313,4906,正文,26.5,26.5,25.8,26.15,-,0.6,3118974,81151690.0,-1940000,-6349,-14893,430000,0,12009,2370000,6349,26902
20260313,1603,華電,35.7,35.7,34.35,34.45,-,2.55,3245959,112853279.0,-1941000,0,-28756,138000,0,0,2079000,0,28756
20260313,2329,華泰,51.5,54.4,51.4,52.6,+,0.4,12770261,675025105.0,-2890000,0,911904,2122000,0,1202074,5012000,0,290170
20260313,6239,力成,198.5,203.0,196.5,201.0,-,3.5,11911176,2387768807.0,-385474,-2291185,651484,5891273,517000,812977,6276747,2808185,161493
20260313,2399,映泰,26.6,27.75,25.7,26.25,+,0.1,22137918,590232621.0,-2038008,0,-2195,4040000,0,8000,6078008,0,10195
20260313,2377,微星,93.7,95.1,92.5,92.8,-,1.5,5658936,527285899.0,-2025100,30000,-61575,1941200,33000,47981,3966300,3000,109556
20260313,2637,慧洋-KY,68.9,69.0,66.5,66.9,-,2.3,3321157,222694059.0,-2151100,-3511,-62444,370000,1700,15000,2521100,5211,77444
20260313,2345,智邦,1480.0,1490.0,1420.0,1420.0,-,85.0,6551351,9503071545.0,-2429982,-142459,308451,2197630,83000,417420,4627612,225459,108969
20260313,9910,豐泰,86.4,86.6,83.8,83.8,-,3.0,3846829,325178116.0,-2417805,-6307,48210,625000,0,111000,3042805,6307,62790
20260313,2449,京元電子,293.5,302.0,291.0,295.5,-,4.5,12594274,3736625411.0,-2449988,81699,-34340,5128764,150000,335429,7578752,68301,369769
20260313,9105,泰金寶-DR,5.7,5.76,5.67,5.67,-,0.11,7951039,45330757.0,-2429000,0,-820,680000,0,0,3109000,0,820
20260313,1319,東陽,86.4,87.6,84.3,85.8,-,1.6,4693473,399852574.0,-2556011,-65505,74551,1086000,0,158711,3642011,65505,84160
20260313,1312,國喬,14.15,14.65,13.5,13.65,-,0.4,17933214,248783417.0,-2583008,0,33757,4481992,0,134000,7065000,0,100243
20260313,1309,台達化,16.15,16.6,15.2,15.3,+,0.2,25307585,399849782.0,-2495999,0,-60503,4569001,0,34916,7065000,0,95419
20260313,2495,普安,30.0,33.2,29.85,33.1,+,2.7,12902351,415317577.0,-2692000,0,85497,2133000,0,108446,4825000,0,22949
20260313,3005,神基,135.0,136.5,132.5,136.0,,0.0,6193354,834631284.0,-2684100,-5000,60855,705400,1000,198115,3389500,6000,137260
20260313,00951,台新日本半導體,13.51,13.64,13.46,13.48,-,0.33,4259174,57572027.0,-834000,0,-1828244,85000,0,863000,919000,0,2691244
20260313,2105,正新,29.2,29.65,29.15,29.4,+,0.05,12424424,365448689.0,-2691982,117999,-167535,5321630,139000,55883,8013612,21001,223418
20260313,2615,萬海,80.6,81.0,78.3,78.7,-,1.3,11393510,899207309.0,-2646847,-17000,-110315,2014823,0,176088,4661670,17000,286403
20260313,6443,元晶,50.0,52.0,49.55,50.6,-,0.4,86391672,4402645266.0,-3228071,0,444131,19588691,0,1081200,22816762,0,637069
20260313,2317,鴻海,211.5,216.0,210.0,214.5,,0.0,36890490,7884236728.0,-2370084,-30112,-391484,18297101,148000,614437,20667185,178112,1005921
20260313,2369,菱生,26.15,28.3,26.0,27.85,+,1.2,18731639,520187350.0,-3094300,0,195854,3358000,0,247069,6452300,0,51215
20260313,00830,國泰費城半導體,54.6,54.8,54.5,54.55,-,0.7,6168708,337041736.0,-306568,0,-2700643,338792,0,129000,645360,0,2829643
20260313,2882,國泰金,71.6,72.4,71.3,71.7,-,0.8,19705392,1417714270.0,-9479471,6584816,-115057,4946766,7579000,590000,14426237,994184,705057
20260313,3714,富采,44.5,45.05,42.3,42.75,-,0.9,42387205,1854759391.0,-3097218,0,76272,10081000,0,481028,13178218,0,404756
20260313,1216,統一,70.0,70.6,69.9,70.0,-,0.1,10866730,761782150.0,-3079097,-75072,-40617,4974498,80000,76809,8053595,155072,117426
20260313,1301,台塑,45.2,46.6,45.1,45.5,-,0.75,26565686,1209402268.0,-3320706,-32000,55781,8715236,0,927858,12035942,32000,872077
20260313,2603,長榮,210.5,211.5,207.0,207.5,-,4.0,13965302,2914859031.0,-3622709,55205,-15241,5535559,78100,209375,9158268,22895,224616
20260313,2889,國票金,16.5,16.65,16.3,16.3,-,0.25,5219827,85751892.0,-3466000,-10000,-141000,645000,0,10000,4111000,10000,151000
20260313,3006,晶豪科,161.0,166.0,152.0,161.0,-,2.5,33236779,5233873666.0,-3731928,-10000,31536,10810310,0,610286,14542238,10000,578750
20260313,2454,聯發科,1730.0,1745.0,1720.0,1720.0,-,65.0,7254798,12556593370.0,-3478757,-194297,-86245,1703119,47000,267146,5181876,241297,353391
20260313,2485,兆赫,62.6,64.9,59.6,62.0,+,1.2,235666248,14641001206.0,-3551481,0,-229528,56447187,0,1512241,59998668,0,1741769
20260313,2515,中工,16.0,16.5,15.75,16.0,-,0.1,17207773,276327686.0,-3994033,85000,5001,2827000,86000,39000,6821033,1000,33999
20260313,1795,美時,245.5,247.5,233.0,237.0,-,21.5,10073678,2390168784.0,-3075192,-487909,-432816,1528808,0,153351,4604000,487909,586167
20260313,2633,台灣高鐵,25.9,26.0,25.65,25.9,-,0.1,6907077,178484204.0,-4376264,88000,-84000,1294736,100000,21000,5671000,12000,105000
20260313,00896,中信綠能及電動車,21.73,21.82,21.45,21.75,-,0.04,7086131,153518658.0,108000,0,-4575582,556000,0,1095000,448000,0,5670582
20260313,2606,裕民,59.8,60.3,58.4,58.6,-,1.5,8018895,473273808.0,-2740379,-1140513,-626320,1298371,0,383000,4038750,1140513,1009320
20260313,00918,大華優利高填息30,22.99,23.18,22.91,23.09,+,0.03,19779263,456462821.0,-862000,0,-3862983,1382000,0,5401313,2244000,0,9264296
20260313,5880,合庫金,23.05,23.2,23.0,23.0,-,0.1,13308757,307016438.0,-4510208,22000,-444472,4843404,120000,21000,9353612,98000,465472
20260313,1102,亞泥,34.8,35.0,34.55,34.8,+,0.05,9431750,327799387.0,-5141218,234949,-88554,2465219,257000,19000,7606437,22051,107554
20260313,2312,金寶,23.0,23.2,22.75,22.8,-,0.55,14120063,323620035.0,-4302980,-755000,-70238,3040001,0,163092,7342981,755000,233330
20260313,2891,中信金,51.0,51.8,50.7,51.3,,0.0,38854165,1991041553.0,-10816752,5330788,334674,20227243,6258000,932007,31043995,927212,597333
20260313,2605,新興,36.0,36.3,33.6,34.75,-,0.75,26022334,901966333.0,-4779000,90000,-867262,6294000,90000,315617,11073000,0,1182879
20260313,2618,長榮航,33.7,34.25,33.25,33.55,-,0.15,27501169,926212658.0,-7001131,941307,-762967,10385989,1739000,330089,17387120,797693,1093056
20260313,2881,富邦金,88.5,88.7,88.0,88.1,-,1.3,21699376,1915807663.0,-11897948,4514541,-312468,4910872,5675000,580000,16808820,1160459,892468
20260313,9904,寶成,30.15,30.15,29.4,29.5,-,0.7,12473892,368400153.0,-7665433,86250,-528941,1720192,96000,30255,9385625,9750,559196
20260313,2885,元大金,43.5,43.9,43.2,43.3,-,0.95,23023809,998371501.0,-7904112,-383000,-297679,8885698,411000,126765,16789810,794000,424444
20260313,2883,凱基金,20.0,20.3,19.9,20.1,+,0.1,40303538,811767780.0,-8693292,324000,-756498,16706008,855000,103070,25399300,531000,859568
20260313,1101,台泥,24.9,25.0,24.55,24.6,-,0.5,22486229,555046294.0,-9610135,73000,-573041,7640136,75000,184000,17250271,2000,757041
20260313,2324,仁寶,32.6,32.85,32.2,32.2,-,0.45,32326852,1051523185.0,-10852665,43000,-19494,6843635,84000,883929,17696300,41000,903423
20260313,2353,宏碁,27.75,27.75,27.1,27.35,-,0.55,27051044,739310630.0,-10512570,49439,-936834,5655313,109000,322000,16167883,59561,1258834
20260313,2323,中環,11.0,11.05,10.4,10.5,-,0.9,24504086,260322011.0,-12789000,0,-221048,2741000,0,8000,15530000,0,229048
20260313,2330,台積電,1840.0,1885.0,1840.0,1865.0,-,20.0,36317450,67622758569.0,-12743122,-133279,-353271,13441995,343000,779401,26185117,476279,1132672
20260313,6505,台塑化,60.9,63.0,57.1,57.9,-,1.0,70343898,4202468014.0,-11658485,19145,-1612895,14760515,35000,680946,26419000,15855,2293841
20260313,2609,陽明,62.2,62.6,59.1,59.2,-,2.9,45304442,2723604319.0,-12507784,95600,-1248188,10138766,130600,292000,22646550,35000,1540188
20260313,0052,富邦科技,44.8,45.64,44.71,45.3,-,0.35,42396559,1914689032.0,-1080545,90000,-13782097,7303677,90000,2647158,8384222,0,16429255
20260313,2408,南亞科,237.5,245.5,235.0,238.0,-,1.5,95267222,22842696759.0,-12135124,-2549000,-394388,20929555,1000,905135,33064679,2550000,1299523
20260313,00961,FT臺灣永續高息,10.34,10.36,10.25,10.28,-,0.11,18750093,192941673.0,-1004909,0,-15851199,47091,0,320000,1052000,0,16171199
20260313,6116,彩晶,9.24,9.28,8.72,8.89,-,0.54,36882976,330340793.0,-15746000,0,-1227807,4552000,0,50307,20298000,0,1278114
20260313,2303,聯電,59.8,60.2,59.0,59.5,-,1.1,64731992,3859316812.0,-25324514,5116477,2217378,15499670,7157200,3574999,40824184,2040723,1357621
20260313,1402,遠東新,27.85,28.05,27.3,27.3,-,0.65,25829529,710715249.0,-17868736,141000,-281577,4553326,152000,106000,22422062,11000,387577
20260313,2344,華邦電,109.0,114.5,108.0,109.0,,0.0,172609285,19126191407.0,-17436170,-105000,-1456481,38449276,2000,2027418,55885446,107000,3483899
20260313,2834,臺企銀,15.0,15.15,15.0,15.0,-,0.05,32471413,488631673.0,-19046500,-4000,-270256,6525516,0,159000,25572016,4000,429256
20260313,2610,華航,18.75,18.75,18.4,18.5,-,0.4,38325060,711052503.0,-21896898,0,-446649,9179414,0,991634,31076312,0,1438283
20260313,2002,中鋼,19.3,19.3,19.05,19.1,-,0.25,37371335,714620367.0,-25342589,-5000,-613615,3766071,131000,96000,29108660,136000,709615
20260313,00712,復華富時不動產,9.02,9.1,9.02,9.1,-,0.03,41496837,375485237.0,-3821724,0,-26078622,20276,0,668999,3842000,0,26747621
20260313,1314,中石化,9.18,9.55,8.62,8.74,-,0.08,137527222,1230945522.0,-29209879,0,-1858888,25049121,0,189000,54259000,0,2047888
20260313,00922,國泰台灣領袖50,30.08,30.44,29.93,30.43,-,0.04,55816869,1686081564.0,-10905938,0,-28106560,3456562,0,6079267,14362500,0,34185827
20260313,0050,元大台灣50,75.15,76.55,75.0,75.95,-,0.65,115111624,8723084020.0,-58612858,65000,-1300872,5341262,65000,13706551,63954120,0,15007423
20260313,2409,友達,16.75,17.15,16.15,16.55,-,0.7,324520122,5392253524.0,-59075417,-27000,-6112144,97273471,4000,2289493,156348888,31000,8401637
20260313,00919,群益台灣精選高息,23.58,23.7,23.41,23.65,-,0.05,241260531,5697090300.0,-4294384,0,-182121523,15135616,0,8271000,19430000,0,190392523
20260313,3481,群創,30.25,31.4,29.7,29.7,-,3.25,1369365716,41504459010.0,-274616878,156000,-12651287,167625614,271000,11587241,442242492,115000,24238528
