tradeDate,stockCode,stockName,openPrice,highPrice,lowPrice,closePrice,changeSign,change,totalShares,totalAmount,foreignNetShares,investmentNetShares,dealerNetShares,foreignBuyShares,investmentBuyShares,dealerBuyShares,foreignSellShares,investmentSellShares,dealerSellShares
20260121,00919,群益台灣精選高息,23.99,24.08,23.72,23.76,-,0.22,123253837,2948713944.0,16834381,0,35470899,26019337,0,51112749,9184956,0,15641850
20260121,00940,元大台灣價值高息,9.68,9.75,9.62,9.64,-,0.08,66359384,643018994.0,-9093000,0,41502609,2593000,0,49358710,11686000,0,7856101
20260121,00929,復華台灣科技優息,19.57,19.7,19.23,19.3,-,0.33,62633560,1222050801.0,-890852,0,32678246,8956148,0,40477402,9847000,0,7799156
20260121,2367,燿華,37.25,41.4,37.0,40.8,+,3.15,171503490,6933203095.0,25154157,521000,2144570,51916801,521000,3410446,26762644,0,1265876
20260121,2610,華航,21.9,22.7,21.9,22.25,+,0.35,56783875,1268284616.0,20601256,935345,1460647,32507600,1295000,2988715,11906344,359655,1528068
20260121,00878,國泰永續高股息,22.8,22.95,22.62,22.66,-,0.18,77290063,1759582178.0,3767103,0,13006801,6694203,0,33154211,2927100,0,20147410
20260121,00712,復華富時不動產,9.64,9.68,9.64,9.67,-,0.12,32617645,315110882.0,12855100,0,3281761,13079100,0,8116999,224000,0,4835238
20260121,1802,台玻,52.6,55.0,51.7,54.0,+,3.5,383683421,20514400989.0,17029589,0,-1869691,132255308,0,1815122,115225719,0,3684813
20260121,2618,長榮航,38.2,38.95,38.15,38.3,+,0.1,57683309,2225663762.0,20396558,-7950020,416893,29524558,0,1893943,9128000,7950020,1477050
20260121,2884,玉山金,33.0,33.35,32.85,33.35,+,0.25,33216181,1103612051.0,11116166,-2062090,1446645,25767333,0,1789814,14651167,2062090,343169
20260121,00936,台新永續高息中小,17.38,17.73,17.38,17.55,+,0.07,11140747,196183723.0,2107000,0,6629649,2357000,0,7460711,250000,0,831062
20260121,3037,欣興,312.5,328.0,310.5,321.0,+,13.0,78717699,25318088011.0,6138272,3048000,-1497219,27626635,4398000,1063018,21488363,1350000,2560237
20260121,2867,三商壽,7.86,7.94,7.8,7.89,+,0.02,12361840,97591134.0,7256034,0,-35000,9487200,0,1000,2231166,0,36000
20260121,00939,統一台灣高息動能,15.73,15.77,15.46,15.48,-,0.26,12128244,189179908.0,994100,0,5564998,1467100,0,8578052,473000,0,3013054
20260121,00946,群益科技高息成長,10.4,10.52,10.28,10.33,-,0.07,10018175,104209564.0,109000,0,6439990,309000,0,7655913,200000,0,1215923
20260121,6239,力成,251.0,255.0,238.0,239.5,-,12.0,22835862,5547307205.0,8113128,-1432000,-491996,13017210,12000,405121,4904082,1444000,897117
20260121,8422,可寧衛*,42.05,44.3,42.0,42.95,+,0.6,152926807,6624359998.0,4972720,71000,360325,37449321,709000,898978,32476601,638000,538653
20260121,00900,富邦特選高股息30,14.37,14.41,14.22,14.25,-,0.19,16126917,231004233.0,2365140,0,2961693,2402140,0,5060714,37000,0,2099021
20260121,6285,啟碁,134.0,137.0,128.0,128.5,-,1.5,35449984,4674463824.0,5069064,88000,79565,13363866,90000,484516,8294802,2000,404951
20260121,3715,定穎投控,133.5,143.5,132.0,134.0,+,2.5,72383825,9927903518.0,5184195,0,-443631,23178345,0,858217,17994150,0,1301848
20260121,8046,南電,349.5,375.5,345.0,361.0,+,19.5,47779644,17283493135.0,822941,3988000,-283731,15768489,4089000,944093,14945548,101000,1227824
20260121,9105,泰金寶-DR,6.45,6.48,6.33,6.37,-,0.15,30180753,192786065.0,4443000,0,-163903,8721000,0,2417,4278000,0,166320
20260121,1303,南亞,75.3,76.7,73.1,73.7,-,2.7,101980091,7582140456.0,8112599,-803338,-3298730,36376138,1337000,641125,28263539,2140338,3939855
20260121,1326,台化,33.45,34.4,33.35,34.05,+,0.05,15414867,522423641.0,4848500,-1000,-942406,9659000,0,277017,4810500,1000,1219423
20260121,2634,漢翔,56.9,60.0,56.5,57.4,,0.0,30203996,1757280065.0,3198600,0,643596,9209600,0,1187537,6011000,0,543941
20260121,2605,新興,29.0,29.4,28.55,28.85,-,0.15,11971591,347651092.0,3785000,200000,-172238,5875000,200000,428412,2090000,0,600650
20260121,2606,裕民,62.6,63.7,62.2,62.8,+,0.8,13248277,835499175.0,2037090,1697899,-183784,5325250,2980000,645562,3288160,1282101,829346
20260121,1711,永光,22.7,22.9,22.2,22.45,-,0.45,8683139,195153318.0,3427395,0,-47878,4632395,0,1065,1205000,0,48943
20260121,2374,佳能,81.0,85.7,80.2,82.5,+,1.5,22568195,1889497736.0,2841266,-161000,505832,7024000,0,639725,4182734,161000,133893
20260121,2880,華南金,33.1,33.55,32.95,33.35,+,0.3,15187655,506719974.0,2511479,-1147400,1772431,10780624,0,2088431,8269145,1147400,316000
20260121,2609,陽明,55.2,56.2,54.9,55.2,+,0.1,18001883,999933237.0,3034984,-117216,167400,8546984,6800,664471,5512000,124016,497071
20260121,2486,一詮,92.0,98.0,91.7,94.0,+,1.0,11527451,1095998527.0,3066287,0,-11566,4820287,0,351555,1754000,0,363121
20260121,00909,國泰數位支付服務,42.95,43.33,42.91,43.22,-,0.44,4336196,187308709.0,2077277,0,822394,2145277,0,1071512,68000,0,249118
20260121,00915,凱基優選高股息30,24.01,24.09,23.78,23.85,-,0.15,7030233,168269928.0,1381000,0,1515353,1426000,0,4601880,45000,0,3086527
20260121,2301,光寶科,159.5,167.5,159.0,161.0,-,0.5,17617790,2882272563.0,2932480,-704630,662781,8598080,32000,1007666,5665600,736630,344885
20260121,2356,英業達,45.1,49.0,44.95,46.55,+,1.75,101310950,4774214161.0,1808713,-1800000,2723441,32783200,50000,3494968,30974487,1850000,771527
20260121,00902,中信電池及儲能,13.65,13.79,13.58,13.76,+,0.11,3395715,46625456.0,1374000,0,1342796,1390000,0,1382791,16000,0,39995
20260121,6753,龍德造船,148.0,161.5,142.0,161.5,+,14.5,17130583,2667464435.0,1973150,254000,461648,4603050,254000,892355,2629900,0,430707
20260121,2328,廣宇,53.0,56.0,53.0,53.6,+,1.5,35662566,1942303818.0,1535455,0,1146449,8382500,0,1427736,6847045,0,281287
20260121,6257,矽格,135.5,140.0,132.5,134.5,-,3.5,15784950,2130549546.0,3149900,196000,-695212,6738000,719000,71070,3588100,523000,766282
20260121,2308,台達電,1130.0,1185.0,1115.0,1135.0,+,5.0,18878632,21793132075.0,2394722,-315360,538683,10020012,194640,959658,7625290,510000,420975
20260121,3149,正達,52.0,56.3,51.0,55.3,+,3.5,34507992,1858573565.0,2537080,0,7383,10120080,0,10483,7583000,0,3100
20260121,2312,金寶,34.9,34.9,33.2,33.75,-,1.2,32252845,1095304660.0,3541304,0,-1026543,5577304,0,479537,2036000,0,1506080
20260121,4916,事欣科,62.5,64.9,61.6,64.7,+,1.8,15321248,977804234.0,2380000,81000,46699,4510000,81000,114754,2130000,0,68055
20260121,1514,亞力,131.0,139.5,130.5,139.5,+,12.5,32131626,4386952935.0,2217961,0,50429,7334000,0,272992,5116039,0,222563
20260121,3019,亞光,142.0,154.5,141.0,146.0,+,2.5,18892495,2818584900.0,1859110,-380,396777,5393110,0,807930,3534000,380,411153
20260121,00713,元大台灣高息低波,51.8,51.95,51.7,51.75,-,0.25,8941505,463249845.0,37540,-90000,2287670,37735,0,3820843,195,90000,1533173
20260121,00963,中信全球高股息,11.79,11.79,11.75,11.76,-,0.05,3055302,35949948.0,1103000,0,1107544,1123000,0,1550000,20000,0,442456
20260121,1528,恩德,31.65,33.1,30.2,30.3,-,1.4,26107498,819673063.0,2053200,107000,-38021,7187200,107000,55000,5134000,0,93021
20260121,3036,文曄,147.0,152.5,146.5,151.0,+,4.0,5975308,901034816.0,990000,847245,230315,3150000,1562000,408730,2160000,714755,178415
20260121,1714,和桐,9.09,9.29,9.01,9.22,+,0.15,5350749,49047459.0,1918996,0,134000,2362996,0,151000,444000,0,17000
20260121,00882,中信中國高股息,15.13,15.21,15.11,15.18,+,0.01,7616588,115556620.0,914000,0,1126577,991000,0,2249352,77000,0,1122775
20260121,1522,堤維西,51.3,53.3,51.1,52.8,+,1.5,5151847,271694092.0,1946100,-9245,64785,2516100,0,99801,570000,9245,35016
20260121,8070,長華*,47.4,49.5,46.8,47.25,-,0.8,8500904,409643580.0,2400000,-467000,14707,4020000,0,73975,1620000,467000,59268
20260121,4526,東台,36.95,38.2,36.8,37.15,+,0.15,9343183,349586126.0,1848000,0,7780,3683000,0,10901,1835000,0,3121
20260121,6415,矽力*-KY,260.0,277.0,254.5,268.5,+,16.5,26364773,7103276354.0,-1583977,3303000,113867,7763490,3303000,498509,9347467,0,384642
20260121,1717,長興,69.1,69.7,66.0,66.7,-,3.2,45315022,3046285772.0,3598065,-1000,-1770078,14553065,0,136801,10955000,1000,1906879
20260121,2637,慧洋-KY,71.7,72.5,71.0,72.3,+,1.3,5183584,373145252.0,2502000,-697187,14926,3539000,3300,32926,1037000,700487,18000
20260121,2363,矽統,52.6,56.9,51.0,56.9,+,5.1,29990007,1637206846.0,-349920,0,2157794,4582080,0,2296507,4932000,0,138713
20260121,2104,國際中橡,12.2,12.3,11.95,12.15,-,0.15,6071036,73421692.0,1734000,0,-39000,2874000,0,21000,1140000,0,60000
20260121,2208,台船,22.0,23.75,21.95,23.3,+,0.6,18508898,424246510.0,1662688,0,20000,4554688,0,41000,2892000,0,21000
20260121,00885,富邦越南,18.94,18.99,18.82,18.87,-,0.12,4303367,81316657.0,561740,0,1102889,894740,0,2024042,333000,0,921153
20260121,9914,美利達,90.8,90.8,87.6,88.7,-,1.2,3754591,331672085.0,1572000,0,23272,2276000,0,51296,704000,0,28024
20260121,6919,康霈*,163.0,165.0,156.0,164.0,+,1.0,9236149,1486314917.0,1580076,0,-22136,3252563,0,29000,1672487,0,51136
20260121,00662,富邦NASDAQ,101.95,102.0,101.75,101.8,-,0.8,5896726,600686698.0,-136660,0,1648000,3340,0,2353000,140000,0,705000
20260121,2485,兆赫,36.7,36.7,34.3,34.45,-,2.4,9925585,351787427.0,1349000,0,91050,1832000,0,401000,483000,0,309950
20260121,2351,順德,85.0,90.7,84.3,86.0,+,2.3,8691366,751760372.0,1316950,0,99960,3296000,0,225652,1979050,0,125692
20260121,4989,榮科,64.5,65.3,61.0,61.5,-,3.5,14214558,889654032.0,1420132,0,-21839,4068132,0,15000,2648000,0,36839
20260121,3062,建漢,25.8,26.5,25.55,26.0,+,0.2,6348442,165916078.0,1383603,0,2974,2214103,0,43242,830500,0,40268
20260121,2630,亞航,55.0,58.1,54.6,55.9,+,0.4,9177564,518808724.0,1265000,0,120130,2924000,0,173881,1659000,0,53751
20260121,00930,永豐ESG低碳高息,18.12,18.23,18.0,18.02,-,0.1,2229304,40381112.0,285000,0,1097393,285000,0,1747110,0,0,649717
20260121,2342,茂矽,36.95,40.4,36.6,37.8,+,1.05,40831691,1606516475.0,1175600,0,157890,7246600,0,668540,6071000,0,510650
20260121,9907,統一實,18.55,18.6,18.4,18.6,,0.0,3177181,58753595.0,1437000,-171574,10999,1939000,0,31000,502000,171574,20001
20260121,6153,嘉聯益,16.15,16.35,15.95,16.35,+,0.3,5851141,94932311.0,1414000,0,-173000,3230000,0,14000,1816000,0,187000
20260121,2401,凌陽,22.4,22.7,22.2,22.45,-,0.25,3909028,87503955.0,1260450,0,-38196,1991000,0,24000,730550,0,62196
20260121,3047,訊舟,19.7,20.1,19.5,19.6,-,0.25,2797715,55350948.0,1194000,0,-12000,1479000,0,0,285000,0,12000
20260121,00918,大華優利高填息30,23.25,23.36,23.08,23.12,-,0.21,24115699,559632224.0,4950000,0,-3789994,5830000,0,3169473,880000,0,6959467
20260121,00951,台新日本半導體,12.87,13.02,12.87,12.96,+,0.09,2450334,31734374.0,649000,0,504541,687000,0,1271000,38000,0,766459
20260121,6757,台灣虎航,69.7,70.6,68.6,70.6,+,1.0,2493854,173759286.0,1078328,0,10003,1566020,0,48003,487692,0,38000
20260121,2324,仁寶,32.3,33.25,31.75,31.9,-,0.7,52296269,1687043760.0,2764957,-3135000,1433281,22583907,59000,2538785,19818950,3194000,1105504
20260121,00941,中信上游半導體,19.82,19.95,19.82,19.92,-,0.08,2016301,40132985.0,831280,0,196707,839000,0,434000,7720,0,237293
20260121,2349,錸德,15.45,15.9,15.0,15.0,-,0.65,14619389,222887098.0,1015000,0,-6000,2184000,0,0,1169000,0,6000
20260121,8105,凌巨,14.2,14.5,13.8,14.0,-,0.4,5862668,82259836.0,983000,0,10000,1839000,0,28000,856000,0,18000
20260121,2603,長榮,192.0,194.5,190.5,191.0,,0.0,13454968,2581550504.0,5348854,-1033898,-3324636,8927964,3770,516993,3579110,1037668,3841629
20260121,3049,精金,9.61,10.1,9.6,10.1,+,0.89,25144709,251227433.0,836000,0,137244,2192000,0,158244,1356000,0,21000
20260121,9933,中鼎,32.65,33.15,32.6,32.6,-,0.45,3517024,115319202.0,949799,-4000,6000,2244800,0,22000,1295001,4000,16000
20260121,1618,合機,45.4,47.5,45.2,46.8,+,1.4,5793207,270438676.0,944000,0,6165,1645000,0,7638,701000,0,1473
20260121,4927,泰鼎-KY,37.05,38.25,36.5,36.7,-,0.65,11038078,409939003.0,956858,0,-10089,3382000,0,10009,2425142,0,20098
20260121,6005,群益證,27.7,27.85,27.35,27.6,-,0.3,8757124,241613466.0,2356100,-1412274,0,4174100,0,0,1818000,1412274,0
20260121,00924,復華S&P500成長,28.82,28.84,28.78,28.84,-,0.28,5652713,162924518.0,137339,0,804296,137339,0,1930000,0,0,1125704
20260121,00701,國泰股利精選30,29.22,29.35,29.08,29.14,-,0.14,2188149,63915908.0,-1000,0,932654,62000,0,1555385,63000,0,622731
20260121,2338,光罩,41.05,42.3,40.7,41.9,+,0.35,3279788,136465988.0,688014,0,208824,1386014,0,228005,698000,0,19181
20260121,1810,和成,20.65,20.95,20.1,20.3,-,0.3,3789288,77639884.0,917000,-15729,-32779,1553000,0,8000,636000,15729,40779
20260121,2472,立隆電,117.0,119.0,115.0,117.5,-,1.5,3771113,441693267.0,854800,-270,-5905,1530000,0,86344,675200,270,92249
20260121,1727,中華化,47.1,48.7,46.55,46.9,-,0.55,5113952,242571217.0,775470,78000,-17585,1646500,78000,7000,871030,0,24585
20260121,00910,第一金太空衛星,55.25,56.0,55.25,55.65,-,0.2,4632347,257723671.0,1684626,0,-865000,1838246,0,302000,153620,0,1167000
20260121,2855,統一證,27.4,27.75,27.4,27.55,-,0.2,4067230,111977280.0,1398400,-592000,0,1788000,0,0,389600,592000,0
20260121,3051,力特,27.1,29.4,27.1,27.8,+,1.05,11822293,338209799.0,779000,0,10729,2708000,0,37120,1929000,0,26391
20260121,00961,FT臺灣永續高息,10.33,10.42,10.2,10.27,-,0.08,2206911,22726695.0,-3000,0,741579,4000,0,2020012,7000,0,1278433
20260121,3380,明泰,34.15,34.95,33.85,34.4,-,0.05,3032003,104609570.0,637000,0,70111,1282000,0,144351,645000,0,74240
20260121,2489,瑞軒,19.15,21.05,19.0,21.05,+,1.9,34663030,724079479.0,399312,0,278996,3502000,0,834820,3102688,0,555824
20260121,4958,臻鼎-KY,162.5,164.5,158.5,159.5,-,5.0,16380025,2633175811.0,1009752,-66000,-293463,8193360,18000,296059,7183608,84000,589522
20260121,2201,裕隆,31.85,32.4,31.7,31.9,,0.0,4418619,141199777.0,553815,0,78666,2060815,0,250644,1507000,0,171978
20260121,00643,群益深証中小,18.06,18.38,18.06,18.34,+,0.18,3861421,70636712.0,345000,0,263555,345000,0,3338078,0,0,3074523
20260121,2492,華新科,146.0,152.5,140.0,143.5,-,4.5,37039046,5399438364.0,738120,2000,-141679,11124270,2000,560471,10386150,0,702150
20260121,00893,國泰智能電動車,33.45,33.62,33.45,33.59,-,0.13,1469980,49332614.0,290000,0,296000,303000,0,986000,13000,0,690000
20260121,00932,兆豐永續高息等權,15.2,15.23,15.02,15.05,-,0.15,792069,11984700.0,-6000,0,568744,6000,0,646294,12000,0,77550
20260121,2393,億光,55.0,56.2,54.8,55.9,+,0.9,2880619,160337487.0,1150000,-373189,-225910,1882000,0,17000,732000,373189,242910
20260121,3030,德律,175.5,185.5,174.5,180.0,+,5.0,7154893,1290951402.0,242279,141000,157588,2733019,141000,231886,2490740,0,74298
20260121,00954,中信日本半導體,13.78,13.95,13.78,13.85,+,0.05,1425861,19734480.0,355500,0,169116,367500,0,688000,12000,0,518884
20260121,3010,華立,115.5,117.5,115.0,116.0,+,0.5,1546976,179900083.0,592030,-25039,-47000,876030,0,7000,284000,25039,54000
20260121,5243,乙盛-KY,81.1,84.3,81.1,81.9,-,0.5,1698052,140412669.0,494000,0,21666,799000,0,40157,305000,0,18491
20260121,9910,豐泰,99.1,100.5,99.1,99.8,-,0.2,3222236,321307984.0,862796,-356203,5290,2312084,0,28000,1449288,356203,22710
20260121,6213,聯茂,115.0,118.5,114.0,115.0,-,0.5,7814935,907401555.0,803040,0,-300533,3319040,0,127606,2516000,0,428139
20260121,00733,富邦臺灣中小,50.8,51.0,49.78,49.99,-,1.06,1786614,89834685.0,57102,0,441810,146102,0,1041849,89000,0,600039
20260121,1718,中纖,7.14,7.19,7.0,7.1,-,0.05,4131075,29331397.0,735000,0,-237000,1714000,0,65000,979000,0,302000
20260121,00898,國泰基因免疫革命,8.19,8.28,8.19,8.28,+,0.09,1014951,8388259.0,726000,0,-230000,733000,0,189000,7000,0,419000
20260121,4960,誠美材,14.05,14.1,13.9,14.05,,0.0,1218999,17068336.0,520000,0,-31000,745000,0,0,225000,0,31000
20260121,2375,凱美,102.0,106.0,100.5,103.0,-,1.0,6272022,648132575.0,595000,-270,-109977,1903000,0,35387,1308000,270,145364
20260121,2439,美律,104.5,107.5,104.5,107.5,+,2.0,2663982,283701919.0,616750,-109221,-25457,2060000,1800,26544,1443250,111021,52001
20260121,3028,增你強,40.35,41.85,40.2,40.2,-,0.15,3489696,142443005.0,484000,0,-7622,1041000,0,3378,557000,0,11000
20260121,6669,緯穎,3695.0,3720.0,3565.0,3605.0,-,65.0,2119130,7682013030.0,680809,-141900,-75870,1153951,52280,79187,473142,194180,155057
20260121,2354,鴻準,59.0,60.5,58.5,59.3,+,0.3,9704109,578183010.0,500903,13000,-53250,3826903,14000,199310,3326000,1000,252560
20260121,3044,健鼎,313.0,320.0,311.0,315.0,+,0.5,3327556,1052287256.0,799542,-336000,-7289,2330650,6000,125495,1531108,342000,132784
20260121,00897,富邦基因免疫生技,9.56,9.62,9.56,9.58,+,0.13,922909,8852784.0,-186900,0,635315,19100,0,722315,206000,0,87000
20260121,00907,永豐優息存股,15.67,15.71,15.6,15.61,-,0.07,747484,11699342.0,0,0,447977,0,0,584607,0,0,136630
20260121,00757,統一FANG+,112.5,112.8,112.45,112.7,-,1.85,4693134,528885235.0,657882,-100000,-119000,699882,0,1131000,42000,100000,1250000
20260121,1434,福懋,16.3,16.3,16.05,16.25,-,0.15,3492209,56446184.0,446000,0,-9613,1541000,0,22000,1095000,0,31613
20260121,00927,群益半導體收益,24.4,24.58,23.93,24.05,-,0.41,24622790,596890483.0,-434700,0,869972,1118300,0,9937463,1553000,0,9067491
20260121,8271,宇瞻,128.0,131.0,118.0,118.5,-,11.0,10613399,1306038943.0,508353,23000,-97814,2699355,23000,3919,2191002,0,101733
20260121,1524,耿鼎,34.55,35.0,34.3,34.5,-,0.05,5530281,191645820.0,364000,0,63077,1277000,0,66077,913000,0,3000
20260121,1519,華城,982.0,1050.0,982.0,1025.0,+,20.0,7506374,7628449751.0,347961,103672,-24987,2719996,104000,139493,2372035,328,164480
20260121,2305,全友,14.5,15.2,14.4,14.6,-,0.1,2933348,43336785.0,434000,0,-16000,988000,0,2000,554000,0,18000
20260121,3045,台灣大,108.0,108.0,107.0,107.5,,0.0,6860436,736846333.0,-126563,-528830,1072701,2608655,0,1302000,2735218,528830,229299
20260121,6191,精成科,114.0,115.5,111.0,112.0,-,3.0,7134991,806120847.0,548059,4000,-148420,2745101,4000,46304,2197042,0,194724
20260121,1712,興農,45.7,46.45,45.7,46.25,+,0.35,881517,40716999.0,415000,0,-13410,589000,0,8591,174000,0,22001
20260121,2539,櫻花建,48.0,48.7,47.7,48.65,+,0.65,901096,43636808.0,396500,-5545,6000,690000,0,12000,293500,5545,6000
20260121,4532,瑞智,25.35,25.95,25.2,25.9,+,0.4,1867430,48041721.0,323000,-11410,85323,616000,0,91324,293000,11410,6001
20260121,3673,TPK-KY,43.0,43.4,42.1,42.55,-,0.75,1922799,82087063.0,533000,0,-141457,914000,0,19567,381000,0,161024
20260121,3406,玉晶光,455.0,473.0,452.5,460.0,+,3.0,1354154,626817690.0,429025,-9000,-29085,849160,1000,45441,420135,10000,74526
20260121,2515,中工,13.3,13.3,13.05,13.05,-,0.25,4592804,60449792.0,887509,0,-500834,1974851,0,9000,1087342,0,509834
20260121,00639,富邦深100,15.47,15.66,15.46,15.57,+,0.05,1459227,22750379.0,133000,0,251327,134000,0,1165946,1000,0,914619
20260121,2607,榮運,58.3,58.7,58.2,58.6,+,0.3,689679,40324832.0,363500,-1000,4000,542000,0,14000,178500,1000,10000
20260121,7769,鴻勁,3495.0,3600.0,3490.0,3575.0,+,80.0,868658,3082900515.0,340745,4000,15880,519001,4000,42970,178256,0,27090
20260121,2030,彰源,16.05,16.05,15.5,15.75,-,0.35,1221915,19217549.0,373000,0,-13001,564000,0,3000,191000,0,16001
20260121,4564,元翎,17.3,17.45,16.95,17.15,-,0.1,952740,16370558.0,364000,0,-5458,521000,0,4000,157000,0,9458
20260121,00960,野村全球航運龍頭,14.85,14.88,14.84,14.86,,0.0,747991,11122162.0,-1000,0,347000,6000,0,525000,7000,0,178000
20260121,00762,元大全球AI,84.7,84.75,84.5,84.7,-,0.05,652865,55249342.0,89024,-100000,348000,219024,0,360000,130000,100000,12000
20260121,8213,志超,35.15,35.35,34.95,35.15,,0.0,607248,21363811.0,336500,0,-2000,400500,0,7000,64000,0,9000
20260121,2231,為升,100.5,108.0,99.5,105.0,+,5.0,2042236,213362965.0,187000,0,145040,690000,0,177280,503000,0,32240
20260121,00895,富邦未來車,40.0,40.34,40.0,40.31,-,0.26,893990,35950219.0,174000,0,155801,185000,0,561000,11000,0,405199
20260121,9921,巨大,96.0,96.0,92.9,94.2,-,1.8,3132171,294435655.0,315018,0,14702,1996118,0,45499,1681100,0,30797
20260121,2345,智邦,1175.0,1230.0,1150.0,1150.0,-,35.0,3893637,4620058965.0,829873,-371529,-129136,2291564,9200,195363,1461691,380729,324499
20260121,8033,雷虎,147.5,155.5,147.5,154.0,+,2.5,1377353,211266592.0,259500,0,66771,356500,0,121000,97000,0,54229
20260121,3016,嘉晶,68.2,72.6,66.3,72.6,+,6.6,36059396,2561913458.0,123000,0,202270,5615000,0,566808,5492000,0,364538
20260121,0061,元大寶滬深,23.73,23.94,23.69,23.85,+,0.12,420959,10027010.0,-2849,0,328090,151,0,341227,3000,0,13137
20260121,2404,漢唐,1065.0,1065.0,1005.0,1010.0,-,70.0,4332231,4443489985.0,1034320,-247000,-465753,1860937,293000,95067,826617,540000,560820
20260121,8163,達方,32.0,32.25,31.7,31.95,-,0.35,932049,29784950.0,276000,-7712,51216,437000,0,62000,161000,7712,10784
20260121,00926,凱基全球菁英55,23.42,23.42,23.32,23.36,-,0.13,662116,15450097.0,6000,0,312000,6000,0,465000,0,0,153000
20260121,6209,今國光,60.6,62.4,60.6,60.7,+,0.3,7393938,453079263.0,225756,120000,-28327,2485850,120000,26060,2260094,0,54387
20260121,2009,第一銅,49.75,50.0,49.4,49.65,-,0.55,3683428,182750159.0,248000,140000,-72126,983000,140000,50502,735000,0,122628
20260121,2101,南港,36.85,37.0,36.15,36.95,-,0.05,2098448,76862529.0,348740,0,-38320,1039000,0,40000,690260,0,78320
20260121,00921,兆豐龍頭等權重,18.14,18.25,18.05,18.09,-,0.15,574949,10430821.0,0,0,300870,0,0,503111,0,0,202241
20260121,3209,全科,33.4,33.6,33.1,33.45,+,0.05,560802,18749833.0,296000,-2974,4000,376000,0,22000,80000,2974,18000
20260121,00944,野村趨勢動能高息,15.12,15.2,14.98,15.02,-,0.14,1173891,17699637.0,-1000,0,288069,0,0,1126679,1000,0,838610
20260121,3665,貿聯-KY,1330.0,1330.0,1275.0,1300.0,-,40.0,3821730,4952588447.0,1664713,-1313840,-64621,2578477,71160,54977,913764,1385000,119598
20260121,4739,康普,75.6,80.3,74.2,77.3,-,1.3,2559249,198792260.0,218000,0,65864,835000,0,147601,617000,0,81737
20260121,8210,勤誠,896.0,940.0,895.0,909.0,+,9.0,1831114,1687438094.0,294094,-16000,5369,874105,16000,57352,580011,32000,51983
20260121,6269,台郡,57.6,58.4,56.9,58.0,+,0.4,1735110,100202620.0,546000,0,-265348,994000,0,65066,448000,0,330414
20260121,3004,豐達科,115.0,120.0,114.0,118.5,+,3.0,1618043,191018462.0,271000,0,7210,617000,0,49766,346000,0,42556
20260121,2405,輔信,17.25,17.6,17.15,17.5,+,0.15,2413107,42067610.0,280000,0,-8000,910000,0,0,630000,0,8000
20260121,8104,錸寶,36.85,38.2,35.6,37.75,+,0.4,2740454,102368218.0,270090,0,-3152,829100,0,2000,559010,0,5152
20260121,1773,勝一,156.5,157.5,154.0,155.0,-,2.5,1102578,171076857.0,273041,0,-20364,432041,0,8361,159000,0,28725
20260121,00876,元大全球5G,57.6,57.9,57.4,57.75,+,0.3,654117,37679643.0,-2000,0,247892,4000,0,588000,6000,0,340108
20260121,1611,中電,14.05,14.1,13.75,13.8,-,0.25,963038,13364008.0,224000,0,20000,419000,0,24000,195000,0,4000
20260121,6909,創控,49.05,51.2,47.4,47.5,-,2.4,1692229,82370073.0,241000,0,0,529000,0,0,288000,0,0
20260121,4576,大銀微系統,120.0,126.0,120.0,123.5,+,1.5,1537291,189299109.0,242000,0,-2313,622000,0,33503,380000,0,35816
20260121,00717,富邦美國特別股,15.34,15.35,15.33,15.35,+,0.02,257436,3950456.0,206000,0,33052,207000,0,33052,1000,0,0
20260121,8222,寶一,43.55,44.9,43.15,44.05,+,0.3,1529763,67530554.0,250000,0,-12000,633000,0,0,383000,0,12000
20260121,1301,台塑,42.0,42.7,41.6,41.85,-,0.55,16197168,678690334.0,960860,-434100,-289719,7247360,0,399000,6286500,434100,688719
20260121,5515,建國,33.8,34.0,33.45,33.6,-,0.25,830840,27993639.0,260000,-11000,-13000,443000,0,34000,183000,11000,47000
20260121,3605,宏致,62.1,64.4,61.8,62.9,+,0.6,1910576,120714831.0,223701,0,7786,528000,0,16363,304299,0,8577
20260121,2431,聯昌,13.1,13.15,12.75,12.8,-,0.3,704795,9082736.0,239000,0,-10000,356000,0,3000,117000,0,13000
20260121,2478,大毅,70.2,71.2,68.5,68.7,-,2.4,2395892,166023603.0,242000,0,-15376,897000,0,5000,655000,0,20376
20260121,6672,騰輝電子-KY,97.6,101.0,97.0,98.5,,0.0,1642527,161753599.0,224000,0,1240,573000,0,4000,349000,0,2760
20260121,4566,時碩工業,59.6,61.8,59.3,60.1,,0.0,652269,39611941.0,216000,0,5000,286000,0,9000,70000,0,4000
20260121,8473,山林水,39.8,40.25,39.7,40.0,-,0.5,895786,35810630.0,220000,0,370,339000,0,2000,119000,0,1630
20260121,3653,健策,2410.0,2410.0,2300.0,2330.0,-,130.0,3073438,7207064765.0,425983,-204399,-1883,1540946,6000,190332,1114963,210399,192215
20260121,2851,中再保,26.95,27.1,26.8,26.95,-,0.1,1015727,27332970.0,211000,0,8000,421000,0,54000,210000,0,46000
20260121,2645,長榮航太,162.0,177.0,159.0,177.0,+,16.0,9741863,1672248217.0,-270632,121000,364752,1760000,121000,466904,2030632,0,102152
20260121,1312,國喬,12.95,13.1,12.7,12.9,-,0.1,7049784,90726699.0,828000,0,-613668,3130000,0,86000,2302000,0,699668
20260121,4722,國精化,169.5,173.0,164.5,169.5,,0.0,2507413,425083363.0,305000,-97000,6005,852000,23000,10005,547000,120000,4000
20260121,4720,德淵,17.15,17.5,16.9,17.25,+,0.1,987164,17022067.0,216000,-1007,-4000,349000,0,0,133000,1007,4000
20260121,3591,艾笛森,20.6,20.6,19.9,19.95,-,0.7,968569,19475446.0,232000,0,-24000,338000,0,3000,106000,0,27000
20260121,6605,帝寶,161.0,173.0,160.5,168.0,+,5.0,1940766,326620877.0,187000,0,17739,594000,0,30996,407000,0,13257
20260121,4562,穎漢,39.7,41.8,39.7,40.85,+,0.6,1336189,54791625.0,199000,0,-216,393000,0,2000,194000,0,2216
20260121,3518,柏騰,21.35,23.45,21.35,23.45,+,2.1,1252068,28446033.0,192000,0,4690,315000,0,6690,123000,0,2000
20260121,3041,揚智,26.35,26.85,26.2,26.55,-,0.1,1318762,34953315.0,183000,0,13000,490000,0,13000,307000,0,0
20260121,2636,台驊控股,67.1,67.8,66.9,67.1,,0.0,555912,37463328.0,188000,0,7861,270000,0,10000,82000,0,2139
20260121,2493,揚博,121.5,121.5,115.0,116.0,-,5.5,1471972,172274707.0,149288,84000,-42326,510288,84000,4100,361000,0,46426
20260121,1210,大成,52.2,52.3,52.0,52.2,+,0.1,1188889,61955075.0,291700,-65000,-37000,651000,0,22000,359300,65000,59000
20260121,3686,達能,19.3,19.85,19.1,19.7,+,0.2,573384,11204075.0,191000,0,-2000,296000,0,2000,105000,0,4000
20260121,9939,宏全,118.5,119.5,117.0,119.0,+,1.5,981683,116368488.0,227000,-22000,-16000,523000,0,8000,296000,22000,24000
20260121,4976,佳凌,31.0,32.55,31.0,31.85,+,0.45,1107776,35372493.0,196000,0,-10000,385000,0,2000,189000,0,12000
20260121,3017,奇鋐,1285.0,1310.0,1280.0,1280.0,-,15.0,3616028,4671666900.0,462728,-140000,-138366,1647833,12000,75194,1185105,152000,213560
20260121,3011,今皓,14.35,14.75,13.9,14.35,,0.0,1603984,23057147.0,184000,0,0,610000,0,1000,426000,0,1000
20260121,6451,訊芯-KY,146.0,158.0,145.5,152.5,+,6.0,1856607,283739955.0,136000,0,47264,604000,0,65287,468000,0,18023
20260121,1217,愛之味,10.6,10.75,10.55,10.6,,0.0,976053,10384900.0,184000,0,-1000,274000,0,6000,90000,0,7000
20260121,00731,復華富時高息低波,72.55,72.75,72.0,72.1,-,0.35,858946,62146099.0,28000,0,152509,30000,0,782586,2000,0,630077
20260121,2617,台航,31.3,31.85,31.2,31.3,-,0.2,1085973,34265132.0,158277,0,22000,479277,0,51000,321000,0,29000
20260121,8011,台通,22.3,22.85,22.3,22.45,,0.0,1325332,29955106.0,176000,0,0,423000,0,0,247000,0,0
20260121,3701,大眾控,57.2,61.5,55.7,56.4,-,1.6,12045786,706623070.0,103000,79000,-11041,2444000,79000,17121,2341000,0,28162
20260121,2032,新鋼,16.3,16.35,15.85,15.9,-,0.5,767488,12344315.0,170000,0,-18,220000,0,0,50000,0,18
20260121,9955,佳龍,37.6,39.75,37.3,38.0,+,1.85,13296589,517049119.0,180000,0,-11953,3243000,0,5047,3063000,0,17000
20260121,5608,四維航,17.9,18.05,17.65,17.65,-,0.2,2183340,38891357.0,157000,0,8790,725000,0,10000,568000,0,1210
20260121,2392,正崴,39.7,40.8,39.45,39.9,-,0.35,1968110,79001474.0,216000,0,-51030,866000,0,30516,650000,0,81546
20260121,2108,南帝,23.8,24.1,23.55,24.05,+,0.05,648213,15493948.0,166000,0,-4541,331000,0,6000,165000,0,10541
20260121,3031,佰鴻,20.55,20.7,20.35,20.4,-,0.15,557070,11401712.0,166000,0,-6000,247000,0,2000,81000,0,8000
20260121,6698,旭暉應材,35.8,36.55,35.6,36.25,-,0.25,544490,19671385.0,158000,0,999,245000,0,1000,87000,0,1
20260121,2501,國建,22.9,22.9,22.65,22.65,-,0.25,2339124,53204530.0,561000,-365000,-39000,1430000,0,39000,869000,365000,78000
20260121,6525,捷敏-KY,80.0,81.9,79.3,80.7,+,0.7,703682,56541180.0,148000,0,7000,288000,0,9000,140000,0,2000
20260121,3550,聯穎,15.55,15.55,15.0,15.05,-,0.5,914308,13902989.0,171000,0,-16270,281000,0,3000,110000,0,19270
20260121,2460,建通,22.25,23.0,22.05,22.5,-,0.45,586410,13172895.0,151000,0,793,259000,0,7000,108000,0,6207
20260121,6271,同欣電,129.5,130.0,126.5,128.0,-,2.5,2948628,378678900.0,447607,7000,-302987,1187119,7000,61272,739512,0,364259
20260121,2497,怡利電,52.2,54.0,52.1,53.5,+,0.8,539652,28706626.0,79000,71000,-964,219000,71000,2036,140000,0,3000
20260121,2462,良得電,24.7,25.1,24.65,24.85,-,0.1,571343,14221582.0,150000,0,-2921,238000,0,2000,88000,0,4921
20260121,6152,百一,13.8,15.2,13.7,14.35,+,0.1,5083550,73245535.0,158000,0,-11000,933000,0,5000,775000,0,16000
20260121,3008,大立光,2440.0,2495.0,2435.0,2440.0,+,10.0,1115935,2750079690.0,202822,-10537,-45418,530509,1000,63722,327687,11537,109140
20260121,6405,悅城,31.45,32.4,31.15,31.3,-,0.75,486245,15354539.0,139000,0,1000,195000,0,1000,56000,0,0
20260121,1419,新紡,75.7,77.3,74.0,74.7,-,0.9,513025,38778409.0,141000,0,-2798,243000,0,5226,102000,0,8024
20260121,2359,所羅門,130.0,133.0,129.0,130.5,,0.0,1300937,170446808.0,119000,0,18555,386000,0,38126,267000,0,19571
20260121,2466,冠西電,64.3,64.3,59.2,61.3,-,3.2,811469,50380351.0,14000,117000,3000,153000,117000,5000,139000,0,2000
20260121,2006,東和鋼鐵,68.8,69.7,68.8,69.7,+,0.2,1366287,94824703.0,121000,-86743,97995,886000,0,128000,765000,86743,30005
20260121,2535,達欣工,69.0,69.6,68.4,69.4,+,0.8,497458,34375208.0,139000,0,-7000,240000,0,16000,101000,0,23000
20260121,1806,冠軍,9.26,9.27,9.11,9.13,-,0.13,625480,5731300.0,106000,0,25000,202000,0,30000,96000,0,5000
20260121,00943,兆豐電子高息等權,15.09,15.18,14.92,14.95,-,0.17,279547,4202056.0,-1000,0,131171,0,0,201581,1000,0,70410
20260121,5225,東科-KY,106.0,106.0,104.0,104.5,-,1.5,407514,42735071.0,135000,0,-5001,164000,0,2000,29000,0,7001
20260121,2421,建準,150.0,154.5,149.0,151.0,,0.0,2199939,334055348.0,164700,3000,-42033,1078700,3000,93917,914000,0,135950
20260121,00962,台新AI優息動能,11.29,11.39,11.15,11.17,-,0.17,965214,10851734.0,1000,0,123822,2000,0,774735,1000,0,650913
20260121,6442,光聖,1270.0,1355.0,1250.0,1250.0,-,20.0,4650390,6040487150.0,91614,81000,-49404,1184311,81000,65557,1092697,0,114961
20260121,6834,天二科技,33.9,33.9,32.45,33.0,-,0.9,1385413,45714032.0,123000,0,-1147,418000,0,2000,295000,0,3147
20260121,6177,達麗,50.6,50.8,50.1,50.4,-,0.5,980260,49505185.0,-236739,363000,-4580,306250,363000,26000,542989,0,30580
20260121,00903,富邦元宇宙,17.4,17.4,17.34,17.36,-,0.18,271253,4708054.0,10000,0,108000,10000,0,227000,0,0,119000
20260121,6431,光麗-KY,28.5,28.5,27.9,28.0,-,0.1,344036,9668540.0,118000,0,0,157000,0,0,39000,0,0
20260121,00636,國泰中國A50,27.01,27.18,26.9,27.02,-,0.02,1054355,28478495.0,79000,0,37520,100000,0,674465,21000,0,636945
20260121,5471,松翰,34.0,34.65,33.7,34.55,+,0.65,590139,20150403.0,119000,0,-2857,212000,0,3000,93000,0,5857
20260121,2417,圓剛,39.05,39.8,38.6,38.7,-,0.7,734956,28669148.0,116000,0,-204,257000,0,2000,141000,0,2204
20260121,2390,云辰,10.7,10.9,10.65,10.75,-,0.1,659938,7103188.0,128000,0,-16000,228000,0,1000,100000,0,17000
20260121,8374,羅昇,85.8,89.4,85.5,87.5,+,0.8,634243,55825536.0,109000,0,1728,221000,0,5867,112000,0,4139
20260121,1219,福壽,13.4,13.45,13.35,13.35,-,0.1,396140,5307045.0,94000,0,13000,118000,0,17000,24000,0,4000
20260121,6668,中揚光,38.5,39.4,38.0,39.0,+,0.35,440690,17123554.0,103000,0,1000,203000,0,2000,100000,0,1000
20260121,1414,東和,19.0,19.4,18.75,19.3,+,0.2,600364,11477187.0,130000,-55000,29000,197000,0,29000,67000,55000,0
20260121,8341,日友,80.5,81.6,79.8,79.9,-,0.9,489899,39406357.0,104402,0,-752,197000,0,3000,92598,0,3752
20260121,4551,智伸科,121.0,122.5,118.5,120.0,-,1.0,646243,77445201.0,104000,0,-568,298000,0,48000,194000,0,48568
20260121,00861,元大全球未來通訊,59.45,59.45,59.05,59.2,-,0.2,126796,7499735.0,49000,0,53775,49000,0,58000,0,0,4225
20260121,9136,巨騰-DR,8.24,8.28,8.08,8.16,-,0.07,725453,5900515.0,102000,0,0,223000,0,0,121000,0,0
20260121,6515,穎崴,3695.0,3905.0,3690.0,3825.0,+,85.0,693523,2657704305.0,68358,23894,6965,323164,46000,11243,254806,22106,4278
20260121,00938,凱基優選30,18.49,18.49,18.3,18.35,-,0.15,1090947,20051045.0,-108000,0,205832,0,0,977000,108000,0,771168
20260121,8215,明基材,20.85,21.05,20.5,20.5,-,0.5,1047742,21734134.0,104000,-2000,-5862,394000,0,6000,290000,2000,11862
20260121,3057,喬鼎,18.3,18.7,18.1,18.45,+,0.1,321025,5907259.0,96000,0,0,121000,0,0,25000,0,0
20260121,3708,上緯投控,126.0,127.5,123.0,123.0,-,3.5,1633540,203761550.0,85750,-1000,9951,433000,0,39646,347250,1000,29695
20260121,3138,耀登,165.5,179.0,165.5,172.5,+,5.0,1483839,255183235.0,77025,0,17000,127025,0,22000,50000,0,5000
20260121,5288,豐祥-KY,154.5,154.5,151.5,153.0,-,1.5,227475,34837584.0,94000,0,0,115000,0,1000,21000,0,1000
20260121,6192,巨路,118.0,121.0,117.5,121.0,+,1.5,394397,46925991.0,90940,0,0,187000,0,5000,96060,0,5000
20260121,2491,吉祥全,20.05,20.05,19.1,19.5,-,0.5,455255,8887418.0,94000,0,-5000,153000,0,4000,59000,0,9000
20260121,1597,直得,83.0,85.9,82.4,82.4,-,0.6,1145821,96324384.0,85000,0,3819,305000,0,5820,220000,0,2001
20260121,2611,志信,15.15,15.3,15.05,15.2,+,0.05,338221,5132776.0,67000,0,21000,104000,0,22000,37000,0,1000
20260121,6155,鈞寶,59.2,60.2,56.6,57.1,-,3.6,5590201,324675535.0,85030,0,1177,1382050,0,11000,1297020,0,9823
20260121,3607,谷崧,15.5,15.55,15.2,15.2,-,0.4,494164,7569296.0,85000,0,0,176000,0,4000,91000,0,4000
20260121,6438,迅得,153.5,157.0,148.5,149.0,-,7.5,1847629,281017113.0,156910,0,-73614,469010,0,4437,312100,0,78051
20260121,1215,卜蜂,151.0,155.0,151.0,154.5,+,2.5,881333,135518886.0,120226,-27000,-10699,437226,70000,20301,317000,97000,31000
20260121,2528,皇普,29.7,30.0,29.5,29.7,-,0.15,383207,11415347.0,88750,0,-7000,240000,0,0,151250,0,7000
20260121,3712,永崴投控,26.7,27.45,26.5,26.55,-,0.4,896455,23973627.0,62000,0,19134,289000,0,23000,227000,0,3866
20260121,2254,巨鎧精密-創,59.8,59.9,58.9,59.3,-,0.5,113000,6743200.0,-8000,0,87000,6000,0,88000,14000,0,1000
20260121,5285,界霖,52.7,54.5,52.5,54.5,+,1.9,1034733,55601207.0,77000,0,1000,283000,0,1000,206000,0,0
20260121,3046,建碁,53.6,53.7,52.7,53.4,-,0.2,344242,18297383.0,87000,0,-10000,160000,0,3000,73000,0,13000
20260121,1786,科妍,80.1,80.5,79.0,79.2,-,1.0,208018,16575871.0,74000,0,997,119000,0,2353,45000,0,1356
20260121,2332,友訊,16.45,16.8,16.35,16.5,-,0.05,3310151,54764145.0,234000,0,-159863,1271000,0,45000,1037000,0,204863
20260121,1527,鑽全,36.3,37.95,36.3,37.05,+,0.9,1912160,71228878.0,73000,0,1000,418000,0,2000,345000,0,1000
20260121,2731,雄獅,170.0,172.5,169.0,170.5,+,0.5,345522,59004944.0,97000,0,-23000,138000,0,5000,41000,0,28000
20260121,6949,沛爾生醫-創,429.5,445.0,429.5,433.0,+,17.5,538552,235864162.0,77000,0,-4237,228000,0,3417,151000,0,7654
20260121,3050,鈺德,14.7,14.95,14.4,14.6,-,0.05,1287901,18852464.0,111000,0,-40000,367000,0,3000,256000,0,43000
20260121,2453,凌群,54.5,56.1,54.5,54.9,-,0.1,592322,32658410.0,80000,0,-9000,212000,0,1000,132000,0,10000
20260121,6625,必應,87.4,88.4,87.4,87.4,-,0.6,164754,14474460.0,76000,0,-5000,87000,0,14000,11000,0,19000
20260121,3305,昇貿,119.5,123.0,114.5,115.0,-,4.5,9344704,1104701395.0,180250,0,-110970,2426250,0,108168,2246000,0,219138
20260121,4906,正文,27.8,28.3,27.7,28.05,+,0.05,3630640,101922593.0,149000,-10856,-68894,1085000,0,13297,936000,10856,82191
20260121,1342,八貫,96.2,96.4,95.0,95.5,-,0.7,233925,22384221.0,68000,0,0,88000,0,0,20000,0,0
20260121,3356,奇偶,49.6,49.7,48.0,49.15,-,0.45,548420,26987800.0,43000,0,24983,203000,0,25000,160000,0,17
20260121,2548,華固,106.5,108.0,106.0,106.5,,0.0,866629,92631717.0,32707,0,34929,314000,0,80998,281293,0,46069
20260121,3022,威強電,67.8,68.4,66.6,66.7,-,1.1,627791,42245597.0,79000,0,-12516,248000,0,10000,169000,0,22516
20260121,00735,國泰臺韓科技,58.55,58.8,57.85,58.05,-,0.95,912729,53146235.0,95050,0,-29000,130050,0,189000,35000,0,218000
20260121,6142,友勁,10.1,10.15,9.95,9.99,-,0.11,606649,6082416.0,69000,0,-3000,145000,0,0,76000,0,3000
20260121,8926,台汽電,42.8,43.4,42.7,43.2,+,0.15,912135,39383833.0,70000,0,-4000,335000,0,13000,265000,0,17000
20260121,8404,百和興業-KY,24.1,24.2,23.9,23.95,-,0.2,672526,16135687.0,162700,-94000,-3000,319000,0,6000,156300,94000,9000
20260121,6776,展碁國際,59.3,59.3,57.5,57.5,-,2.0,860676,50058132.0,64648,0,1000,244000,0,2000,179352,0,1000
20260121,3717,聯嘉投控,19.5,19.8,19.15,19.4,-,0.2,1799401,35014217.0,297000,0,-237000,548000,0,0,251000,0,237000
20260121,2022,聚亨,8.91,8.97,8.73,8.79,-,0.12,696309,6122311.0,29000,0,30000,133000,0,30000,104000,0,0
20260121,3437,榮創,15.6,15.8,15.3,15.45,-,0.15,772713,12009183.0,67000,0,-10000,258000,0,1000,191000,0,11000
20260121,2444,兆勁,12.45,13.65,12.25,13.65,+,1.2,3608739,48695824.0,68000,0,-11428,270000,0,10572,202000,0,22000
20260121,3419,譁裕,14.6,14.6,14.0,14.6,+,0.15,591578,8452104.0,52000,0,3000,78000,0,3000,26000,0,0
20260121,3026,禾伸堂,105.0,105.5,103.0,105.5,-,0.5,1501372,156816316.0,140600,-85400,-1894,561600,1600,9912,421000,87000,11806
20260121,00668,國泰美國道瓊,56.15,56.15,56.05,56.05,-,0.5,80471,4514456.0,0,0,52952,0,0,62000,0,0,9048
20260121,3501,維熹,55.5,55.6,53.7,54.1,-,2.0,974707,53185121.0,54000,0,-2160,255000,0,8000,201000,0,10160
20260121,1536,和大,62.5,63.9,62.1,62.1,-,1.4,2750128,172433798.0,207000,0,-155435,805000,0,43380,598000,0,198815
20260121,8996,高力,715.0,725.0,675.0,697.0,-,30.0,638448,443947762.0,93039,-30000,-13491,240039,0,10000,147000,30000,23491
20260121,2010,春源,21.1,21.15,21.0,21.1,-,0.05,1250136,26330888.0,-16000,0,64374,379000,0,78374,395000,0,14000
20260121,1734,杏輝,30.8,30.9,30.55,30.9,+,0.1,315732,9710983.0,38665,0,9000,75000,0,9000,36335,0,0
20260121,00899,FT潔淨能源,21.87,21.91,21.76,21.77,-,0.06,224577,4901534.0,-17000,0,64000,0,0,64000,17000,0,0
20260121,1464,得力,11.8,11.8,11.6,11.7,-,0.1,470451,5502743.0,47830,0,-1000,139050,0,0,91220,0,1000
20260121,1305,華夏,11.85,11.9,11.6,11.8,-,0.15,3469637,40709433.0,67000,0,-22002,1372000,0,10000,1305000,0,32002
20260121,2360,致茂,998.0,1050.0,988.0,995.0,-,35.0,3565803,3599778102.0,77471,-54436,20319,2395597,22000,121335,2318126,76436,101016
20260121,2705,六福,16.35,16.4,16.2,16.3,-,0.15,279220,4554220.0,39000,0,2000,53000,0,2000,14000,0,0
20260121,9942,茂順,111.0,111.0,109.5,110.0,-,1.5,129466,14277260.0,40500,0,0,56500,0,0,16000,0,0
20260121,2420,新巨,52.6,53.5,52.6,53.1,+,0.4,487409,25899422.0,84000,0,-45000,186000,0,2000,102000,0,47000
20260121,4119,旭富,53.1,53.1,51.8,52.4,-,0.7,222919,11657290.0,49000,0,-10000,96000,0,2000,47000,0,12000
20260121,5484,慧友,40.15,41.0,39.7,40.5,+,0.35,312673,12595143.0,8000,38000,-7000,73000,38000,0,65000,0,7000
20260121,3494,誠研,10.55,10.9,10.2,10.9,+,0.97,1161109,12475765.0,33000,0,4929,46000,0,10929,13000,0,6000
20260121,3257,虹冠電,68.8,69.9,67.5,67.5,-,1.6,882009,60335084.0,-6000,44000,-1000,240000,44000,1000,246000,0,2000
20260121,6658,聯策,57.6,57.8,56.0,56.0,-,1.0,265827,15065960.0,38000,0,-1099,100000,0,0,62000,0,1099
20260121,5283,禾聯碩,59.7,60.0,59.5,59.7,,0.0,90955,5434538.0,36800,0,-1000,48000,0,0,11200,0,1000
20260121,3058,立德,10.25,10.25,10.0,10.1,-,0.15,1030181,10407263.0,35000,0,0,243000,0,0,208000,0,0
20260121,1471,首利,10.1,10.15,10.0,10.05,-,0.05,376780,3786717.0,36000,0,-1000,50000,0,0,14000,0,1000
20260121,2471,資通,52.5,53.0,52.0,52.9,+,0.4,241456,12701289.0,31000,0,4000,63000,0,11000,32000,0,7000
20260121,4137,麗豐-KY,105.0,105.0,103.0,104.5,,0.0,129619,13493643.0,27000,0,6000,71000,0,9000,44000,0,3000
20260121,00702,國泰標普低波高息,23.28,23.28,23.19,23.19,-,0.15,160974,3738274.0,7000,0,24000,7000,0,129000,0,0,105000
20260121,2247,汎德永業,278.0,284.5,277.5,278.5,+,3.5,256292,71927260.0,32000,0,-1000,68000,0,0,36000,0,1000
20260121,2049,上銀,232.0,235.0,227.0,231.5,-,2.0,5910939,1366745970.0,41886,-1282,-9762,1565340,0,170557,1523454,1282,180319
20260121,7750,新代,855.0,865.0,850.0,863.0,-,2.0,103045,88266875.0,37000,0,-7000,62000,0,0,25000,0,7000
20260121,2442,新美齊,22.6,22.6,22.0,22.15,-,0.45,1604922,35675742.0,-92471,0,122000,335576,0,140000,428047,0,18000
20260121,6243,迅杰,35.75,36.15,35.2,35.2,-,1.05,245076,8724148.0,30000,0,-1149,82000,0,0,52000,0,1149
20260121,00934,中信成長高股息,22.18,22.32,21.86,21.89,-,0.41,4128773,91204731.0,-5850,0,34544,376150,0,1659060,382000,0,1624516
20260121,2477,美隆電,25.3,27.2,25.1,26.7,+,1.75,2334203,61483541.0,36000,0,-7866,495000,0,2134,459000,0,10000
20260121,4737,華廣,54.0,54.0,52.9,54.0,-,1.0,197071,10536851.0,27742,0,-78,103000,0,0,75258,0,78
20260121,4736,泰博,127.0,127.0,125.0,125.5,-,0.5,113121,14237477.0,15000,0,11100,41000,0,11100,26000,0,0
20260121,3443,創意,2660.0,2735.0,2610.0,2625.0,-,75.0,2650094,7035719905.0,27548,152000,-153740,997238,154000,40607,969690,2000,194347
20260121,00971,野村美國研發龍頭,15.79,15.79,15.75,15.79,-,0.09,623394,9828206.0,3310,0,21714,5000,0,228000,1690,0,206286
20260121,6115,鎰勝,47.4,47.65,47.2,47.25,-,0.15,76677,3627425.0,21000,0,4000,40000,0,6000,19000,0,2000
20260121,1233,天仁,32.45,32.5,32.15,32.2,-,0.15,42035,1358475.0,-6000,0,31000,1000,0,31000,7000,0,0
20260121,6861,睿生光電,66.5,67.2,65.8,65.8,-,1.4,177177,11753044.0,36000,-12000,102,71000,0,2000,35000,12000,1898
20260121,6283,淳安,24.1,24.1,23.75,23.85,-,0.25,163234,3900596.0,33000,0,-9000,66000,0,0,33000,0,9000
20260121,1225,福懋油,28.15,28.75,28.0,28.75,+,0.6,193735,5499424.0,24000,0,0,65000,0,0,41000,0,0
20260121,5292,華懋,213.0,226.5,211.0,223.5,+,10.5,728631,161080514.0,2000,22000,0,206000,22000,0,204000,0,0
20260121,4770,上品,250.0,257.0,242.0,243.0,-,6.5,1758275,436973176.0,57000,0,-33817,590000,0,23266,533000,0,57083
20260121,3015,全漢,55.2,55.6,54.0,54.0,-,1.6,635092,34684811.0,28000,-6186,999,216000,0,5000,188000,6186,4001
20260121,4155,訊映,14.75,14.8,14.65,14.65,-,0.2,141013,2072241.0,22000,0,0,34000,0,0,12000,0,0
20260121,4441,振大環球,273.5,279.0,273.5,275.0,+,1.5,190754,52757090.0,20000,0,2000,47000,0,5000,27000,0,3000
20260121,4555,氣立,39.4,41.05,39.4,40.45,+,0.45,176154,7167482.0,23000,0,-1262,46000,0,0,23000,0,1262
20260121,00714,群益道瓊美國地產,20.58,20.58,20.24,20.48,-,0.17,181029,3709406.0,0,0,21094,0,0,174633,0,0,153539
20260121,3454,晶睿,99.0,99.1,98.9,98.9,-,0.1,212251,21015940.0,21000,0,0,59000,0,1000,38000,0,1000
20260121,2465,麗臺,57.0,57.0,56.1,56.3,-,1.2,362019,20478453.0,21000,0,-890,44000,0,0,23000,0,890
20260121,6890,來億-KY,244.0,244.0,237.5,237.5,-,5.5,555729,132996832.0,24035,0,-4307,180820,0,19000,156785,0,23307
20260121,2488,漢平,45.8,46.1,45.8,45.9,+,0.1,193098,8864301.0,28000,0,-8970,48000,0,1031,20000,0,10001
20260121,3504,揚明光,55.8,56.8,55.5,56.0,-,0.5,226386,12735920.0,21000,0,-2000,77000,0,1000,56000,0,3000
20260121,6944,兆聯實業,752.0,754.0,733.0,734.0,-,22.0,832809,617289391.0,51752,-10417,-22739,231033,0,9687,179281,10417,32426
20260121,00739,元大MSCI A股,27.34,27.65,27.34,27.45,+,0.04,36588,1006135.0,2173,0,16276,2173,0,22280,0,0,6004
20260121,1337,再生-KY,4.85,5.33,4.85,5.33,+,0.48,2078923,10901126.0,11000,0,7042,56000,0,7042,45000,0,0
20260121,3296,勝德,24.4,24.5,24.4,24.5,+,0.1,123276,3016137.0,20000,0,-2000,38000,0,0,18000,0,2000
20260121,8201,無敵,14.35,15.75,14.35,15.75,+,1.4,996210,15522944.0,16000,0,1051,22000,0,4051,6000,0,3000
20260121,1737,臺鹽,31.6,31.65,31.5,31.65,+,0.1,110971,3500404.0,13000,0,4000,27000,0,4000,14000,0,0
20260121,6799,來頡,88.1,89.5,86.2,86.3,-,2.8,322757,28346182.0,17000,0,-8,76000,0,1000,59000,0,1008
20260121,8499,鼎炫-KY,296.5,302.0,292.5,296.0,-,6.5,153305,45455136.0,15000,0,1672,55000,0,13001,40000,0,11329
20260121,1449,佳和,12.25,12.25,11.95,12.05,-,0.1,705915,8501343.0,13968,0,2401,207000,0,4000,193032,0,1599
20260121,4952,凌通,37.6,38.95,37.6,38.45,+,0.85,408540,15630884.0,16000,0,0,96000,0,1000,80000,0,1000
20260121,2428,興勤,175.0,176.0,171.0,171.0,-,5.0,661437,114618845.0,101010,-85000,-608,260010,0,6242,159000,85000,6850
20260121,2250,IKKA-KY,75.8,78.3,75.0,77.3,+,1.5,115983,8941925.0,15000,0,0,47000,0,0,32000,0,0
20260121,7705,三商餐飲,39.55,39.8,39.45,39.45,,0.0,59717,2360185.0,11000,0,4000,16000,0,4000,5000,0,0
20260121,2365,昆盈,36.1,37.4,35.8,36.5,+,0.15,3685883,135367830.0,11000,0,3681,779000,0,10681,768000,0,7000
20260121,6794,向榮生技,86.1,88.5,86.1,87.9,+,1.4,60711,5322538.0,15000,0,-875,27000,0,0,12000,0,875
20260121,9103,美德醫療-DR,4.65,4.65,4.6,4.63,+,0.02,291215,1346996.0,14000,0,0,43000,0,0,29000,0,0
20260121,1432,大魯閣,18.3,18.8,18.15,18.55,+,0.5,877509,16275046.0,14000,0,0,59000,0,0,45000,0,0
20260121,2546,根基,88.5,89.5,88.0,89.0,-,0.5,150573,13333822.0,9814,0,4000,50000,0,7000,40186,0,3000
20260121,00851,台新全球AI,57.1,57.25,57.1,57.2,+,0.05,28814,1647030.0,10000,0,2566,10000,0,10566,0,0,8000
20260121,2536,宏普,23.6,23.8,23.0,23.2,-,0.45,725941,16856294.0,11000,0,1000,119000,0,1000,108000,0,0
20260121,1709,和益,16.9,16.95,16.85,16.9,-,0.1,264135,4467817.0,11000,0,0,55000,0,0,44000,0,0
20260121,7730,暉盛-創,103.0,103.5,100.0,103.0,-,1.0,43450,4410500.0,8000,0,3000,8000,0,13000,0,0,10000
20260121,6645,金萬林-創,18.0,18.2,17.45,17.6,-,0.25,78502,1393586.0,5000,0,6000,9000,0,19000,4000,0,13000
20260121,9927,泰銘,71.0,71.0,70.3,70.4,-,0.7,91093,6422212.0,10000,0,0,33000,0,2000,23000,0,2000
20260121,9934,成霖,10.75,10.75,10.5,10.65,-,0.15,1227383,13016005.0,24000,0,-14000,270000,0,0,246000,0,14000
20260121,2461,光群雷,16.85,17.5,16.85,17.05,+,0.2,1000889,17192259.0,-9000,0,19000,243000,0,19000,252000,0,0
20260121,00913,兆豐台灣晶圓製造,29.58,29.75,29.17,29.29,-,0.33,520368,15300251.0,-27000,0,36421,0,0,319683,27000,0,283262
20260121,3150,鈺寶-創,19.7,19.8,19.6,19.8,-,0.25,31108,611768.0,9000,0,0,13000,0,1000,4000,0,1000
20260121,6585,鼎基,93.3,94.0,92.5,93.3,,0.0,77773,7247535.0,9000,0,-160,29000,0,43,20000,0,203
20260121,8016,矽創,190.0,192.0,189.0,190.0,-,1.5,476713,90552428.0,52000,-44338,475,215000,0,9001,163000,44338,8526
20260121,1516,川飛,22.0,22.2,22.0,22.2,+,0.2,48830,1079176.0,9000,0,-1000,13000,0,0,4000,0,1000
20260121,2413,環科,47.4,48.3,45.1,45.55,-,3.1,6028505,278291485.0,-49579,54000,3000,1371421,54000,5000,1421000,0,2000
20260121,1590,亞德客-KY,1000.0,1030.0,1000.0,1025.0,,0.0,628820,640231481.0,25583,-10513,-7957,478129,0,11254,452546,10513,19211
20260121,1615,大山,49.3,49.5,48.85,49.3,,0.0,140484,6904302.0,8000,0,-1000,30000,0,0,22000,0,1000
20260121,2397,友通,60.1,61.2,60.0,60.1,-,0.3,230734,13922326.0,8000,0,-1000,80000,0,1000,72000,0,2000
20260121,1583,程泰,49.55,49.9,48.9,49.35,-,0.65,83344,4114299.0,7000,0,0,20000,0,0,13000,0,0
20260121,2482,連宇,18.4,18.8,18.25,18.35,-,0.1,229381,4231722.0,10000,0,-3000,35000,0,1000,25000,0,4000
20260121,00875,國泰網路資安,37.87,37.87,37.77,37.81,-,0.3,128945,4877437.0,-100000,0,107000,0,0,108000,100000,0,1000
20260121,6988,威力暘-創,16.5,18.15,16.5,18.15,+,1.65,128339,2283048.0,7000,0,0,9000,0,23000,2000,0,23000
20260121,6969,成信實業*-創,31.85,31.95,30.3,30.55,-,2.45,59506,1876218.0,3000,0,3000,7000,0,5000,4000,0,2000
20260121,6924,榮惠-KY創,68.2,68.2,65.2,67.7,-,2.2,18000,1218900.0,-4000,0,10000,1000,0,12000,5000,0,2000
20260121,5244,弘凱,39.85,40.45,39.2,39.4,-,0.5,251091,9994850.0,10000,0,-4000,67000,0,0,57000,0,4000
20260121,1418,東華,20.05,20.3,20.05,20.1,+,0.15,31136,628795.0,6000,0,0,8000,0,0,2000,0,0
20260121,1515,力山,28.65,28.85,28.45,28.55,-,0.3,418016,11962848.0,5000,0,0,114000,0,2000,109000,0,2000
20260121,00678,群益那斯達克生技,35.13,35.43,35.13,35.43,+,0.53,401767,14215007.0,-1000,0,6000,2000,0,358000,3000,0,352000
20260121,7631,聚賢研發-創,123.5,124.0,122.5,124.0,+,0.5,15536,1916237.0,5000,0,0,8000,0,0,3000,0,0
20260121,1309,台達化,11.7,11.7,11.5,11.7,-,0.05,712722,8282865.0,57000,0,-52927,241000,0,7000,184000,0,59927
20260121,1416,廣豐,11.7,11.7,11.5,11.65,-,0.05,250353,2911341.0,-7000,0,11000,8000,0,11000,15000,0,0
20260121,2440,太空梭,16.05,16.05,15.5,15.8,-,0.3,417761,6516324.0,9000,0,-5000,54000,0,0,45000,0,5000
20260121,4569,六方科-KY,150.5,151.5,150.0,151.5,+,1.0,14052,2120363.0,4000,0,0,8000,0,0,4000,0,0
20260121,9905,大華,20.0,20.05,20.0,20.05,,0.0,108592,2172706.0,-1000,0,5000,15000,0,6000,16000,0,1000
20260121,6901,鑽石投資,17.5,17.65,17.25,17.55,+,0.05,529224,9193094.0,15000,0,-11000,223000,0,0,208000,0,11000
20260121,3679,新至陞,113.5,114.0,113.0,114.0,+,0.5,34043,3862969.0,2000,0,1217,7000,0,2217,5000,0,1000
20260121,1410,南染,33.95,34.05,33.8,33.8,,0.0,25218,855068.0,5000,0,-2000,7000,0,0,2000,0,2000
20260121,1512,瑞利,9.3,9.3,8.8,8.83,-,0.34,646740,5797355.0,1000,0,2000,13000,0,5000,12000,0,3000
20260121,00771,元大US高息特別股,16.25,16.27,16.25,16.26,-,0.04,17291,281191.0,0,0,3000,0,0,3000,0,0,0
20260121,6464,台數科,76.1,76.9,76.0,76.0,-,0.1,22367,1705407.0,2000,0,61,9000,0,61,7000,0,0
20260121,00660,元大歐洲50,43.21,43.24,43.09,43.2,-,0.21,26848,1158472.0,0,0,2000,0,0,6000,0,0,4000
20260121,6771,平和環保-創,44.25,44.35,44.15,44.3,+,0.3,38146,1688661.0,2000,0,0,5000,0,0,3000,0,0
20260121,6666,羅麗芬-KY,44.2,44.2,43.9,43.9,-,0.3,23057,1015219.0,2000,0,0,6000,0,0,4000,0,0
20260121,4994,傳奇,105.5,105.5,103.5,104.0,-,0.5,49768,5207004.0,4000,0,-2000,7000,0,1000,3000,0,3000
20260121,1795,美時,315.5,317.0,302.5,304.0,-,10.0,5368301,1647769380.0,231713,-955,-228957,2044046,0,64504,1812333,955,293461
20260121,4588,玖鼎電力,68.0,74.1,67.3,69.2,+,1.1,683405,48092937.0,4000,0,-2991,164000,0,9,160000,0,3000
20260121,2911,麗嬰房,5.1,5.1,5.05,5.05,-,0.05,53003,268027.0,1000,0,0,1000,0,0,0,0,0
20260121,2616,山隆,13.75,13.8,13.7,13.75,,0.0,65342,896965.0,1000,0,0,6000,0,0,5000,0,0
20260121,2430,燦坤,22.75,22.8,22.6,22.7,-,0.05,89009,2019043.0,1000,0,0,11000,0,1000,10000,0,1000
20260121,2424,隴華,34.6,36.3,34.6,35.3,+,0.6,35964,1270390.0,1000,0,0,8000,0,0,7000,0,0
20260121,1563,巧新,47.95,48.15,47.5,47.55,-,0.3,526056,25086218.0,2000,0,-1000,195000,0,2000,193000,0,3000
20260121,6965,中傑-KY,82.6,83.9,82.5,82.6,,0.0,134360,11114732.0,2000,0,-1000,49000,0,0,47000,0,1000
20260121,2025,千興,13.1,13.2,12.4,12.7,-,0.7,553747,7098455.0,-10000,0,10934,49000,0,16000,59000,0,5066
20260121,6141,柏承,11.5,11.65,11.35,11.65,+,0.05,217225,2497796.0,1000,0,-1000,22000,0,1000,21000,0,2000
20260121,9912,偉聯,12.0,12.05,11.9,12.05,+,0.05,27114,325035.0,0,0,0,2000,0,0,2000,0,0
20260121,8443,阿瘦,11.25,11.6,11.25,11.4,-,0.1,25833,295915.0,0,0,0,2000,0,0,2000,0,0
20260121,2438,翔耀,22.0,22.0,21.8,21.8,-,0.2,83941,1836566.0,0,0,0,3000,0,0,3000,0,0
20260121,2434,統懋,29.8,30.65,29.4,29.8,-,0.1,54618,1629347.0,-1000,0,1000,3000,0,1000,4000,0,0
20260121,1315,達新,64.2,64.8,64.2,64.8,-,0.1,8577,551995.0,0,0,0,5000,0,0,5000,0,0
20260121,1535,中宇,52.5,53.0,52.5,53.0,+,0.2,61554,3242727.0,-1000,0,1000,19000,0,1000,20000,0,0
20260121,1521,大億,29.0,29.5,28.2,28.6,-,1.1,230298,6570362.0,1000,0,-1000,25000,0,0,24000,0,1000
20260121,2908,特力,20.35,20.35,20.15,20.25,-,0.1,82176,1661822.0,1000,0,-1000,42000,0,0,41000,0,1000
20260121,3669,圓展,39.4,39.4,37.9,38.85,-,0.55,197954,7650078.0,-5000,0,5000,39000,0,5000,44000,0,0
20260121,2415,錩新,27.7,27.95,27.45,27.95,+,0.25,215081,5954590.0,-7000,0,6619,24000,0,8619,31000,0,2000
20260121,2314,台揚,22.05,22.05,21.85,21.85,-,0.35,131411,2875492.0,-385,0,0,0,0,0,385,0,0
20260121,1752,南光,36.25,36.55,36.25,36.45,-,0.05,45609,1662278.0,0,0,-1000,7000,0,0,7000,0,1000
20260121,1467,南緯,7.81,7.81,7.7,7.73,-,0.09,289093,2236237.0,-1000,0,0,12000,0,1000,13000,0,1000
20260121,1453,大將,12.15,12.4,12.1,12.2,+,0.05,87987,1073229.0,-3000,0,2000,4000,0,2000,7000,0,0
20260121,1438,三地開發,32.8,33.05,32.45,33.05,-,0.15,44333,1450004.0,-4000,0,3000,4000,0,3000,8000,0,0
20260121,1530,亞崴,29.45,29.45,28.75,29.35,+,0.15,73701,2146768.0,0,0,-1000,17000,0,1000,17000,0,2000
20260121,1413,宏洲,9.9,10.0,9.79,9.8,-,0.1,14515,142482.0,0,0,-1000,5000,0,0,5000,0,1000
20260121,1423,利華,38.0,38.1,38.0,38.1,+,0.1,11027,419475.0,-2000,0,1000,5000,0,1000,7000,0,0
20260121,3716,中化控股,33.6,34.0,33.6,33.85,+,0.1,95105,3208460.0,-1000,0,0,8000,0,0,9000,0,0
20260121,2945,三商家購,38.8,38.8,38.5,38.5,-,0.3,5440,209868.0,-1000,0,0,1000,0,0,2000,0,0
20260121,7732,金興精密,38.2,38.85,38.2,38.5,-,0.45,7011,269325.0,0,0,-1000,3000,0,0,3000,0,1000
20260121,6807,峰源-KY,45.95,46.15,45.75,46.15,+,0.2,11026,507249.0,-1000,0,0,2000,0,0,3000,0,0
20260121,6955,邦睿生技-創,160.0,162.0,159.5,162.0,+,2.5,9000,1443000.0,-1000,0,0,2000,0,2000,3000,0,2000
20260121,8442,威宏-KY,70.1,70.3,69.6,70.3,,0.0,39122,2736773.0,0,0,-1000,6000,0,0,6000,0,1000
20260121,8940,新天地,20.8,21.1,20.4,20.45,-,0.25,39105,803952.0,-2000,0,1000,3000,0,1000,5000,0,0
20260121,8488,吉源-KY,9.9,10.1,9.9,10.1,,0.0,11134,110686.0,-1000,0,0,1000,0,0,2000,0,0
20260121,9911,櫻花,84.0,84.3,83.9,84.3,+,0.1,146942,12357476.0,-13000,-1000,13000,56000,0,17000,69000,1000,4000
20260121,8101,華冠,15.65,15.65,15.6,15.6,-,0.05,17571,274148.0,0,0,-1001,0,0,0,0,0,1001
20260121,4571,鈞興-KY,167.5,173.5,167.5,168.0,-,1.0,255646,43552148.0,12000,0,-13004,57000,0,0,45000,0,13004
20260121,2432,倚天酷碁-創,24.65,24.9,24.65,24.7,-,0.2,31200,770650.0,-3000,0,1567,1000,0,1567,4000,0,0
20260121,4977,眾達-KY,124.0,128.0,121.0,122.5,-,3.5,4085800,507988606.0,146000,0,-147574,975000,0,17999,829000,0,165573
20260121,0057,富邦摩台,210.1,211.1,209.05,209.1,-,2.05,27903,5854485.0,0,0,-1963,0,0,22037,0,0,24000
20260121,6655,科定,120.0,121.0,119.5,120.5,-,0.5,8074,971306.0,-2000,0,0,3000,0,0,5000,0,0
20260121,4807,日成-KY,17.85,17.95,17.8,17.85,,0.0,12159,217146.0,-3000,0,1000,2000,0,1000,5000,0,0
20260121,4439,冠星-KY,102.0,102.0,101.0,101.0,-,1.0,35578,3601206.0,-3000,0,1000,1000,0,1000,4000,0,0
20260121,3164,景岳,18.0,18.2,18.0,18.0,,0.0,46496,838696.0,0,0,-2000,7000,0,0,7000,0,2000
20260121,2707,晶華,190.0,190.5,188.5,190.0,,0.0,145263,27511471.0,-1000,0,-1000,57000,0,2000,58000,0,3000
20260121,2901,欣欣,24.55,24.85,24.5,24.8,+,0.2,10880,267768.0,-2000,0,0,1000,0,0,3000,0,0
20260121,1805,寶徠,11.8,11.8,11.55,11.6,-,0.25,87320,1014096.0,-3000,0,1000,3000,0,1000,6000,0,0
20260121,1731,美吾華,21.9,21.95,21.85,21.9,,0.0,83024,1816102.0,-6000,0,4000,1000,0,4000,7000,0,0
20260121,1435,中福,21.65,22.2,21.05,22.2,+,0.55,16214,346195.0,-2000,0,0,2000,0,0,4000,0,0
20260121,1341,富林-KY,57.5,58.2,57.5,58.2,+,0.7,10004,578235.0,-2000,0,0,1000,0,0,3000,0,0
20260121,1236,宏亞,24.35,24.5,24.35,24.5,,0.0,18699,456761.0,0,0,-2000,5000,0,0,5000,0,2000
20260121,1441,大東,10.35,10.35,10.25,10.35,,0.0,27319,281804.0,-2000,0,0,1000,0,0,3000,0,0
20260121,1475,業旺,32.3,32.35,32.0,32.3,-,0.3,35001,1125432.0,-4000,0,2000,1000,0,2000,5000,0,0
20260121,1456,怡華,12.95,13.2,12.95,13.15,+,0.2,26165,341133.0,-2000,0,0,5000,0,0,7000,0,0
20260121,1537,廣隆,124.0,124.0,123.0,124.0,,0.0,46718,5780747.0,0,0,-2001,15000,0,1000,15000,0,3001
20260121,2904,匯僑,17.0,17.1,16.95,17.1,+,0.05,31422,534449.0,-3769,0,1000,1231,0,1000,5000,0,0
20260121,3168,眾福科,41.05,41.5,40.65,41.25,-,0.55,21051,865110.0,-3000,0,0,3000,0,0,6000,0,0
20260121,4133,亞諾法,24.3,24.3,24.05,24.2,-,0.15,55811,1350206.0,-3000,0,0,4000,0,0,7000,0,0
20260121,1452,宏益,11.7,11.8,11.65,11.7,,0.0,40354,472773.0,-3000,0,0,2000,0,0,5000,0,0
20260121,1626,艾美特-KY,11.05,11.1,10.8,10.95,-,0.1,89317,977510.0,-2000,0,-1000,8000,0,2000,10000,0,3000
20260121,8487,愛爾達-創,80.6,80.8,80.5,80.8,+,0.1,45143,3646371.0,-3000,0,0,2000,0,0,5000,0,0
20260121,8481,政伸,42.3,42.6,42.25,42.6,-,0.2,13814,585619.0,-3000,0,0,2000,0,1000,5000,0,1000
20260121,6581,鋼聯,105.5,107.5,105.5,107.5,+,2.0,20192,2135442.0,-2000,0,-1000,2000,0,0,4000,0,1000
20260121,6183,關貿,95.1,95.9,95.1,95.9,+,0.3,19386,1849342.0,-6000,0,2900,3000,0,3000,9000,0,100
20260121,6754,匯僑設計,46.0,46.0,45.8,45.85,-,0.05,12141,556924.0,-3000,-139,0,2000,0,0,5000,139,0
20260121,4999,鑫禾,24.05,24.1,23.8,24.0,-,0.1,69112,1654470.0,-4000,0,494,5000,0,8000,9000,0,7506
20260121,5215,科嘉-KY,36.8,37.5,36.6,37.5,+,0.25,52460,1954890.0,-2000,0,-1944,5000,0,2056,7000,0,4000
20260121,4148,全宇生技-KY,39.05,39.5,38.7,38.7,-,0.35,22229,866532.0,-5000,0,1000,3000,0,1000,8000,0,0
20260121,4190,佐登-KY,29.9,29.9,29.75,29.8,-,0.1,17214,514007.0,-6000,0,2000,3000,0,2000,9000,0,0
20260121,4581,光隆精密-KY,51.7,52.2,51.7,52.0,,0.0,46339,2406243.0,-4000,0,0,3000,0,0,7000,0,0
20260121,2496,卓越,68.7,69.8,68.7,69.2,-,0.1,20201,1399469.0,-6000,0,2000,1000,0,2000,7000,0,0
20260121,3021,鴻名,18.55,18.65,18.4,18.6,+,0.05,168271,3115506.0,-10000,0,6000,3000,0,6000,13000,0,0
20260121,2712,遠雄來,17.65,17.9,17.6,17.9,,0.0,17000,300400.0,-4000,0,0,1000,0,0,5000,0,0
20260121,2033,佳大,16.1,16.15,15.9,16.0,-,0.15,196556,3144311.0,-4000,0,0,23000,0,0,27000,0,0
20260121,2459,敦吉,67.5,67.7,67.0,67.4,-,0.4,73219,4921838.0,-5000,0,1000,5000,0,5000,10000,0,4000
20260121,1525,江申,63.0,63.5,62.3,62.3,-,0.6,19045,1194217.0,-4000,0,0,2000,0,2000,6000,0,2000
20260121,1454,台富,13.0,13.05,12.65,12.8,-,0.2,53306,685542.0,-4000,0,0,4000,0,4000,8000,0,4000
20260121,6715,嘉基,106.0,110.5,105.0,107.0,+,1.0,252852,27310163.0,-3000,0,-1000,52000,0,1000,55000,0,2000
20260121,6835,圓裕,39.7,39.7,38.9,39.0,-,0.35,66228,2584455.0,-4000,0,0,12000,0,0,16000,0,0
20260121,9944,新麗,16.85,16.85,16.7,16.85,-,0.05,33345,561213.0,-3000,0,-1000,1000,0,0,4000,0,1000
20260121,6136,富爾特,24.25,24.6,24.1,24.35,+,0.1,138466,3364791.0,-12000,0,8000,19000,0,11000,31000,0,3000
20260121,6281,全國電,62.2,62.3,62.1,62.1,-,0.1,38145,2372276.0,-3000,0,-1000,4000,0,0,7000,0,1000
20260121,5906,台南-KY,50.6,51.5,50.6,51.5,+,0.9,7045,358637.0,-4014,0,0,1000,0,0,5014,0,0
20260121,1558,伸興,98.2,99.6,98.0,98.8,+,0.3,47631,4695543.0,1000,-385,-4847,21000,0,8154,20000,385,13001
20260121,00703,台新MSCI中國,22.4,22.4,22.07,22.33,-,0.15,10912,242952.0,0,0,-4808,0,0,1280,0,0,6088
20260121,9928,中視,18.15,18.25,18.0,18.05,-,0.15,91702,1658274.0,0,0,-5000,0,0,0,0,0,5000
20260121,6838,台新藥,29.15,29.9,29.15,29.3,-,0.05,329075,9702056.0,4000,0,-9000,91000,0,0,87000,0,9000
20260121,6887,寶綠特-KY,60.0,60.5,59.5,60.5,,0.0,9021,538867.0,-4000,0,-1000,3000,0,0,7000,0,1000
20260121,6742,澤米,46.25,46.75,45.75,45.85,-,0.95,347501,16018392.0,-2000,0,-3000,96000,0,1000,98000,0,4000
20260121,1472,三洋實業,87.6,88.0,87.0,87.9,+,0.3,16409,1436119.0,-4000,0,-1000,3000,0,0,7000,0,1000
20260121,1474,弘裕,10.45,10.45,10.35,10.4,-,0.05,61329,636757.0,-4000,0,-1000,1000,0,0,5000,0,1000
20260121,1466,聚隆,14.45,14.45,14.25,14.3,-,0.15,56667,809590.0,3000,0,-8000,9000,0,0,6000,0,8000
20260121,1324,地球,10.95,10.95,10.7,10.75,-,0.25,143218,1548762.0,-4000,0,-1000,2000,0,1000,6000,0,2000
20260121,2423,固緯,54.8,55.3,54.3,54.3,-,0.6,115774,6330647.0,-4000,0,-1000,28000,0,2000,32000,0,3000
20260121,2248,華勝-KY,49.3,49.55,49.2,49.25,-,0.6,25060,1236557.0,-6000,0,1000,1000,0,1000,7000,0,0
20260121,2024,志聯,15.8,15.9,15.75,15.8,-,0.1,11084,175477.0,-5000,0,0,1000,0,0,6000,0,0
20260121,6216,居易,28.55,28.65,27.95,28.15,-,0.4,292240,8230981.0,-5000,0,-440,53000,0,4000,58000,0,4440
20260121,1598,岱宇,20.5,20.5,20.15,20.25,-,0.2,266148,5397418.0,-3000,0,-2557,76000,0,3000,79000,0,5557
20260121,3703,欣陸,23.35,23.55,22.9,23.05,-,0.3,1599908,36983234.0,81000,0,-86683,422000,0,75000,341000,0,161683
20260121,7788,松川精密,138.5,149.5,138.5,142.5,+,1.0,422318,60158528.0,5035,0,-11000,102035,0,0,97000,0,11000
20260121,6914,阜爾運通,145.0,145.0,143.5,144.0,,0.0,43204,6226070.0,-8000,0,2000,3000,0,2000,11000,0,0
20260121,9929,秋雨,10.45,10.7,10.25,10.7,+,0.1,9958,104111.0,-6000,0,0,1000,0,0,7000,0,0
20260121,9918,欣天然,39.6,39.6,39.45,39.45,-,0.15,15112,596685.0,-6000,0,0,3000,0,0,9000,0,0
20260121,9943,好樂迪,59.7,59.7,59.5,59.7,,0.0,52240,3116161.0,-3000,0,-3000,4000,0,0,7000,0,3000
20260121,1760,寶齡富錦,63.3,63.8,63.1,63.8,+,0.1,124494,7895383.0,-4000,0,-2000,41000,0,0,45000,0,2000
20260121,2243,宏旭-KY,11.5,11.5,11.2,11.25,-,0.35,279889,3164112.0,-7000,0,1000,17000,0,1000,24000,0,0
20260121,1338,廣華-KY,21.0,21.1,20.5,20.7,-,0.3,135580,2815619.0,-8000,0,2000,17000,0,3000,25000,0,1000
20260121,1323,永裕,18.6,18.65,18.4,18.6,-,0.05,53130,986843.0,-5000,0,-1000,1000,0,0,6000,0,1000
20260121,1470,大統新創,21.95,22.4,21.9,22.4,,0.0,14000,308400.0,-5000,0,-1000,1000,0,0,6000,0,1000
20260121,1465,偉全,12.5,12.5,12.4,12.45,-,0.05,53846,671501.0,-9000,0,3000,1000,0,3000,10000,0,0
20260121,2642,宅配通,25.75,26.0,25.65,26.0,+,0.25,62149,1600581.0,-6110,0,0,8000,0,0,14110,0,0
20260121,4930,燦星網,22.45,22.5,22.3,22.3,-,0.15,63359,1420400.0,-5000,0,-1326,2000,0,0,7000,0,1326
20260121,1906,寶隆,12.1,12.1,11.95,12.1,,0.0,38682,465288.0,-8000,0,1452,2000,0,4000,10000,0,2548
20260121,1726,永記,76.0,76.0,75.9,76.0,+,0.1,18123,1376516.0,-7000,0,0,2000,0,0,9000,0,0
20260121,2107,厚生,24.95,25.0,24.8,24.9,-,0.1,194190,4840474.0,-1000,0,-6000,27000,0,0,28000,0,6000
20260121,2433,互盛電,46.7,46.9,46.7,46.9,+,0.15,28705,1342806.0,-8000,0,1000,1000,0,4000,9000,0,3000
20260121,1463,強盛新,17.35,17.35,17.25,17.3,-,0.05,43683,755538.0,-5000,0,-2000,5000,0,2000,10000,0,4000
20260121,5546,永固-KY,23.0,23.0,22.6,22.7,-,0.2,22096,508295.0,-7000,0,0,1000,0,0,8000,0,0
20260121,4440,宜新實業,17.6,17.6,17.25,17.45,-,0.2,61040,1065520.0,-7000,0,0,2000,0,0,9000,0,0
20260121,2702,華園,11.95,11.95,11.85,11.9,-,0.05,33217,395927.0,-7000,0,0,3000,0,1000,10000,0,1000
20260121,9902,台火,17.65,17.95,17.55,17.6,-,0.25,450891,7995648.0,-4000,0,-3000,130000,0,1000,134000,0,4000
20260121,6951,青新-創,75.7,75.7,75.1,75.4,,0.0,68662,5168054.0,0,0,-7000,10000,0,0,10000,0,7000
20260121,6931,青松健康,58.0,58.4,55.7,55.7,-,2.2,454035,25739673.0,-8000,0,1000,46000,0,1000,54000,0,0
20260121,6936,永鴻生技,35.15,35.5,35.15,35.45,,0.0,64835,2296147.0,-4000,0,-3000,4000,0,0,8000,0,3000
20260121,1445,大宇,13.7,14.4,13.4,14.1,+,0.55,533730,7461645.0,-8000,0,637,30000,0,2000,38000,0,1363
20260121,00783,富邦中証500,28.29,28.72,28.26,28.64,+,0.35,233902,6643913.0,0,0,-7604,0,0,184414,0,0,192018
20260121,2236,百達-KY,108.0,111.0,108.0,111.0,,0.0,164272,18061245.0,5382,0,-13000,49382,0,0,44000,0,13000
20260121,1776,展宇,15.65,15.7,15.5,15.7,+,0.05,34014,529791.0,-8000,0,0,1000,0,0,9000,0,0
20260121,2910,統領,20.9,20.9,20.7,20.8,-,0.1,14349,298379.0,-8000,0,0,5000,0,0,13000,0,0
20260121,6598,ABC-KY,23.9,24.1,23.35,23.45,-,0.45,137949,3277348.0,-8000,0,0,16000,0,0,24000,0,0
20260121,00908,富邦入息REITs+,14.22,14.22,14.18,14.2,-,0.02,218429,3102066.0,0,0,-8200,0,0,179141,0,0,187341
20260121,0053,元大電子,157.1,157.7,155.75,155.9,-,1.3,28493,4462970.0,1076,0,-9875,1076,0,0,0,0,9875
20260121,3338,泰碩,51.0,52.1,50.5,51.4,+,0.4,566329,29173354.0,-5999,0,-3000,150001,0,1000,156000,0,4000
20260121,2762,世界健身-KY,74.7,75.3,74.3,75.2,+,0.5,54776,4089768.0,-11000,0,2000,11000,0,3000,22000,0,1000
20260121,1439,雋揚,29.8,30.1,29.8,30.0,-,0.1,79105,2366309.0,-10000,0,1000,1000,0,1000,11000,0,0
20260121,1817,凱撒衛,38.55,38.6,38.45,38.55,,0.0,51320,1977593.0,-11000,0,2000,3000,0,2000,14000,0,0
20260121,6952,大武山,42.35,42.9,42.2,42.85,-,0.05,26357,1120370.0,-11000,0,2000,2000,0,2000,13000,0,0
20260121,6792,詠業,55.3,56.0,54.4,54.5,-,0.9,46412,2547247.0,-9000,0,0,2000,0,0,11000,0,0
20260121,7736,虎山,90.6,90.6,88.9,88.9,-,1.7,35551,3177993.0,-9000,0,0,5000,0,0,14000,0,0
20260121,6201,亞弘電,54.9,55.8,54.7,55.8,+,0.8,21353,1171581.0,-7000,0,-2000,1000,0,0,8000,0,2000
20260121,9926,新海,49.3,49.3,49.15,49.15,-,0.15,17377,854788.0,-9001,0,0,0,0,0,9001,0,0
20260121,3038,全台,24.15,24.2,23.9,24.05,-,0.05,344280,8267400.0,-4000,-962,-5001,90000,0,2000,94000,962,7001
20260121,3321,同泰,20.1,20.1,19.25,19.55,-,0.7,776833,15270820.0,-10000,0,0,160000,0,0,170000,0,0
20260121,3311,閎暉,33.55,33.95,33.1,33.25,-,0.45,248913,8322927.0,-10000,0,0,65000,0,1000,75000,0,1000
20260121,2008,高興昌,29.0,29.25,29.0,29.25,+,0.25,30212,877965.0,-9000,0,-1000,4000,0,0,13000,0,1000
20260121,6614,資拓宏宇,48.15,48.15,47.3,47.85,-,0.4,229480,10959735.0,-9000,0,-1000,17000,0,0,26000,0,1000
20260121,6641,基士德-KY,23.9,24.8,23.8,23.85,-,0.55,228748,5517673.0,-8000,0,-2001,39000,0,1000,47000,0,3001
20260121,4583,台灣精銳,747.0,764.0,733.0,753.0,+,1.0,456348,340689571.0,-167,0,-9868,133000,0,10805,133167,0,20673
20260121,6671,三能-KY,38.75,38.75,36.7,36.95,-,1.05,312272,11570838.0,-12000,0,1947,13000,0,12000,25000,0,10053
20260121,6902,GOGOLOOK,76.8,78.3,76.0,77.8,+,1.0,50537,3898760.0,-8500,0,-2000,12000,0,0,20500,0,2000
20260121,00752,中信中國50,26.73,26.91,26.7,26.79,-,0.09,943384,25272800.0,29000,0,-39683,65000,0,256625,36000,0,296308
20260121,4106,雃博,23.0,23.25,22.75,23.25,-,0.05,196460,4511405.0,-16000,0,5250,4000,0,6000,20000,0,750
20260121,1256,鮮活果汁-KY,158.0,158.5,156.0,157.0,-,5.5,81266,12772045.0,-9900,0,-1000,15100,0,1000,25000,0,2000
20260121,8464,億豐,419.0,425.0,412.5,415.0,-,13.0,769420,319534741.0,4635,-1446,-14111,593792,700,7000,589157,2146,21111
20260121,6128,上福,23.0,23.1,22.9,22.95,-,0.25,121902,2801293.0,-6000,0,-4930,26000,0,2070,32000,0,7000
20260121,3054,立萬利,30.15,30.15,29.4,29.8,-,0.4,32009,948208.0,-11000,0,5,1000,0,1005,12000,0,1000
20260121,3229,晟鈦,24.75,24.75,23.45,23.55,-,1.2,255045,6083818.0,-13000,0,2000,25000,0,4000,38000,0,2000
20260121,3652,精聯,29.45,29.45,28.6,28.6,-,0.35,65100,1879990.0,-12000,0,1000,1000,0,2000,13000,0,1000
20260121,2516,新建,14.4,14.65,14.35,14.65,+,0.2,242755,3525562.0,-9000,0,-2000,23000,0,0,32000,0,2000
20260121,9931,欣高,33.9,34.05,33.8,33.9,,0.0,21005,713020.0,-11000,0,0,2000,0,0,13000,0,0
20260121,6921,嘉雨思-創,57.0,62.1,57.0,62.1,+,5.6,69108,4237905.0,3000,0,-14000,8000,0,2000,5000,0,16000
20260121,6674,鋐寶科技,21.2,21.55,20.85,21.1,,0.0,72000,1529700.0,-11000,0,0,9000,0,0,20000,0,0
20260121,8467,波力-KY,190.0,193.0,185.0,191.0,,0.0,114326,21579970.0,-12000,0,825,20000,0,825,32000,0,0
20260121,00692,富邦公司治理,62.45,63.15,62.45,62.65,-,0.5,1235059,77488789.0,10065,0,-21913,17065,0,695557,7000,0,717470
20260121,9937,全國,59.4,59.4,58.2,58.9,-,0.1,105555,6210544.0,-13000,0,1065,13000,0,1065,26000,0,0
20260121,00736,國泰新興市場,28.75,28.75,28.69,28.69,-,0.15,113033,3245906.0,0,0,-11998,0,0,100002,0,0,112000
20260121,9935,慶豐富,20.9,20.9,20.35,20.55,-,0.25,234902,4822997.0,-25000,0,13000,28000,0,14000,53000,0,1000
20260121,2109,華豐,15.0,15.0,14.9,14.95,-,0.05,124719,1865930.0,-5000,0,-7000,8000,0,0,13000,0,7000
20260121,2028,威致,18.5,18.5,17.65,17.9,-,0.65,205132,3698962.0,-3000,0,-9000,29000,0,1000,32000,0,10000
20260121,1109,信大,15.45,15.45,15.35,15.45,,0.0,100066,1541893.0,-18000,0,6000,6000,0,10000,24000,0,4000
20260121,2547,日勝生,10.85,10.95,10.85,10.95,,0.0,985748,10752638.0,-62000,0,50000,213000,0,51000,275000,0,1000
20260121,4552,力達-KY,24.5,24.5,24.2,24.2,-,0.5,95971,2330403.0,-17000,0,5000,3000,0,6000,20000,0,1000
20260121,4771,望隼,178.0,178.0,175.5,176.0,-,0.5,46005,8112177.0,-11000,0,-1000,9000,0,0,20000,0,1000
20260121,5388,中磊,80.8,82.4,80.4,81.2,-,0.2,3657251,296851895.0,67000,-65000,-14228,1170000,0,97005,1103000,65000,111233
20260121,5538,東明-KY,32.6,32.6,32.2,32.3,-,0.3,34120,1108021.0,-13000,0,0,5000,0,0,18000,0,0
20260121,1203,味王,39.45,39.65,39.3,39.65,+,0.2,29253,1154973.0,-12000,0,-1000,1000,0,0,13000,0,1000
20260121,1468,昶和,11.9,12.0,11.8,11.9,-,0.1,43000,511800.0,-14000,0,1000,2000,0,1000,16000,0,0
20260121,1568,倉佑,26.0,26.0,25.3,25.8,-,0.2,367442,9405597.0,-17000,0,4000,56000,0,4000,73000,0,0
20260121,3055,蔚華科,73.5,74.0,71.8,71.8,-,2.1,447992,32591730.0,-10000,0,-3932,144000,0,1000,154000,0,4932
20260121,1220,台榮,12.95,13.0,12.85,12.95,,0.0,261855,3388042.0,-9000,0,-5000,13000,0,0,22000,0,5000
20260121,1232,大統益,146.0,146.0,144.5,146.0,,0.0,88428,12838514.0,-14000,0,0,21000,0,3000,35000,0,3000
20260121,00737,國泰AI機器人,36.7,36.8,36.64,36.67,-,0.4,578189,21209812.0,18000,0,-32000,23000,0,422000,5000,0,454000
20260121,6722,輝創,44.5,44.8,43.5,43.85,-,0.55,607042,26779389.0,-14000,0,0,1000,0,0,15000,0,0
20260121,9925,新保,40.7,40.9,40.65,40.9,+,0.2,270287,11011690.0,-13000,0,-1000,149000,0,19000,162000,0,20000
20260121,6230,尼得科超眾,120.5,122.0,119.5,120.0,-,1.0,53944,6485089.0,-13000,0,-1000,17000,0,1000,30000,0,2000
20260121,6790,永豐實,38.1,38.2,37.95,38.15,-,0.05,98122,3735129.0,-15000,0,711,19000,0,2000,34000,0,1289
20260121,9924,福興,49.8,49.8,49.55,49.75,-,0.1,50063,2486082.0,-16000,-887,2000,5000,0,5000,21000,887,3000
20260121,8162,微矽電子-創,35.4,38.9,35.05,38.9,+,3.5,995693,37936017.0,3000,0,-17942,86000,0,35166,83000,0,53108
20260121,7721,微程式,48.85,48.9,47.2,48.0,-,0.35,80448,3897420.0,-15000,0,0,4000,0,0,19000,0,0
20260121,9908,大台北,29.85,29.9,29.8,29.9,+,0.05,92463,2760455.0,-15000,0,0,16000,0,9000,31000,0,9000
20260121,1443,立益物流,26.7,27.0,26.3,27.0,+,0.05,32156,858227.0,-14000,0,-1000,2000,0,0,16000,0,1000
20260121,3040,遠見,50.9,50.9,49.3,49.3,-,1.7,127511,6319875.0,-11000,0,-4000,7000,0,0,18000,0,4000
20260121,1231,聯華食,93.5,93.9,93.0,93.9,,0.0,328703,30717007.0,-11100,0,-3910,97000,0,14000,108100,0,17910
20260121,2514,龍邦,15.0,15.05,14.85,14.9,-,0.1,147730,2204749.0,-22000,0,6183,11000,0,14000,33000,0,7817
20260121,2505,國揚,19.7,19.85,19.55,19.65,-,0.2,285381,5613875.0,-15000,0,-1000,64000,0,17000,79000,0,18000
20260121,2939,永邑-KY,21.9,22.8,21.0,22.8,+,0.9,54033,1175919.0,-16000,0,0,1000,0,0,17000,0,0
20260121,8462,柏文,149.0,150.0,147.5,150.0,+,0.5,110404,16416192.0,-15000,0,-1000,23000,0,2000,38000,0,3000
20260121,8367,建新國際,42.6,43.0,42.45,42.85,,0.0,51323,2185939.0,-19000,0,3000,2000,0,4000,21000,0,1000
20260121,3432,台端,20.0,20.7,19.5,19.6,-,1.55,583356,11655708.0,-13000,0,-3171,5000,0,0,18000,0,3171
20260121,4438,廣越,71.4,71.5,70.0,71.1,-,0.9,178003,12584919.0,-26000,0,9000,31000,0,9000,57000,0,0
20260121,4935,茂林-KY,40.75,40.8,40.35,40.75,,0.0,78172,3175963.0,-15000,0,-2000,9000,0,1000,24000,0,3000
20260121,2701,萬企,11.0,11.0,10.95,10.95,-,0.05,77228,846439.0,-18000,0,1000,3000,0,1000,21000,0,0
20260121,2069,運錩,19.25,19.25,18.9,19.1,-,0.15,356310,6796532.0,-7000,0,-10000,81000,0,0,88000,0,10000
20260121,1339,昭輝,44.35,44.95,43.1,44.0,-,0.9,247736,10891519.0,-13000,0,-4441,30000,0,6000,43000,0,10441
20260121,6235,華孚,63.0,64.3,62.0,62.0,-,1.0,1036227,65185366.0,79000,-85000,-11456,348000,0,2006,269000,85000,13462
20260121,2020,美亞,23.6,23.6,23.4,23.5,-,0.25,403451,9487093.0,-17000,0,-460,111000,0,6000,128000,0,6460
20260121,2723,美食-KY,76.4,77.2,74.8,76.0,-,0.5,515943,39141786.0,-9796,0,-8000,278000,0,3000,287796,0,11000
20260121,3266,昇陽,13.75,14.0,13.7,13.85,+,0.05,44176,609929.0,-15000,0,-3000,3000,0,0,18000,0,3000
20260121,1451,年興,17.85,17.85,17.7,17.8,-,0.15,139154,2472877.0,-19000,0,1000,5000,0,1000,24000,0,0
20260121,8482,商億-KY,49.0,49.0,46.65,48.25,-,1.45,35468,1715704.0,-18000,0,0,2000,0,0,20000,0,0
20260121,6582,申豐,31.7,31.85,31.0,31.4,-,0.45,101757,3214196.0,-15000,0,-3150,21000,0,1000,36000,0,4150
20260121,6916,華凌,20.05,20.2,19.6,19.6,-,0.45,101961,2019387.0,-22000,0,3000,9000,0,3000,31000,0,0
20260121,8411,福貞-KY,11.9,12.0,11.9,12.0,,0.0,51497,615027.0,-16000,0,-3000,2000,0,0,18000,0,3000
20260121,8438,昶昕,61.9,61.9,60.1,60.1,-,1.9,228879,13867775.0,-21000,5000,-3000,0,5000,0,21000,0,3000
20260121,9919,康那香,16.3,16.35,16.2,16.3,+,0.05,332074,5400439.0,-19000,0,0,56000,0,3000,75000,0,3000
20260121,2450,神腦,28.95,29.05,28.9,29.0,+,0.05,94181,2728225.0,-22000,0,3000,23000,0,6000,45000,0,3000
20260121,2114,鑫永銓,89.9,90.0,89.7,90.0,+,0.1,33192,2980850.0,-20000,0,1000,2000,0,2000,22000,0,1000
20260121,3130,一零四,223.5,223.5,222.5,223.0,-,0.5,50958,11354195.0,-20000,0,990,2000,0,1000,22000,0,10
20260121,4755,三福化,118.0,128.5,116.0,127.5,+,10.5,1731608,215972059.0,-21000,0,1987,252000,0,5987,273000,0,4000
20260121,6957,裕慶-KY,189.5,190.0,185.5,187.0,-,1.5,62516,11739953.0,-18000,0,-1040,15000,0,7,33000,0,1047
20260121,7795,長廣,329.0,350.0,318.5,325.5,-,12.0,2137010,709283690.0,-24097,0,5000,134000,0,5000,158097,0,0
20260121,3557,嘉威,37.3,37.3,36.7,36.7,-,0.6,58948,2173168.0,-14000,0,-5150,9000,0,0,23000,0,5150
20260121,0051,元大中型100,102.65,103.05,100.8,101.1,-,1.6,114337,11664278.0,-1000,0,-18649,2000,0,31000,3000,0,49649
20260121,7786,東方風能,161.0,161.0,157.0,157.0,-,3.0,253821,40259899.0,15000,-38000,3000,59000,0,3000,44000,38000,0
20260121,6423,億而得-創,84.1,88.0,82.2,85.9,+,0.4,278134,23998331.0,-20000,0,0,45000,0,6000,65000,0,6000
20260121,6184,大豐電,48.55,48.6,48.25,48.5,-,0.05,70759,3425822.0,-20000,0,0,5000,0,0,25000,0,0
20260121,3308,聯德,25.15,25.95,24.05,24.5,-,1.55,879061,21893533.0,-8000,0,-12000,105000,0,4000,113000,0,16000
20260121,6215,和椿,115.5,122.5,115.0,118.5,+,1.5,4840924,579724610.0,-66050,0,46002,961000,0,96306,1027050,0,50304
20260121,6918,愛派司,80.6,80.6,79.8,80.0,-,0.9,98918,7915011.0,-23000,0,2000,11000,0,2000,34000,0,0
20260121,1531,高林股,12.7,12.7,12.55,12.7,,0.0,111348,1406498.0,-19000,0,-2000,7000,0,0,26000,0,2000
20260121,1725,元禎,30.2,30.2,28.8,29.0,-,1.2,147502,4321094.0,-20000,0,-1000,10000,0,0,30000,0,1000
20260121,1720,生達,60.8,60.9,60.5,60.9,+,0.1,150806,9151914.0,-30000,0,9000,33000,0,15000,63000,0,6000
20260121,1762,中化生,26.3,26.3,25.9,26.2,+,0.25,109849,2863105.0,-20000,0,-1172,15000,0,2000,35000,0,3172
20260121,7765,中華資安,265.0,265.0,257.0,259.0,-,6.0,163101,42440894.0,-13000,-957,-8000,2000,0,0,15000,957,8000
20260121,6796,晉弘,88.2,88.2,86.8,87.0,-,1.3,59882,5229557.0,-22000,0,-751,9000,0,0,31000,0,751
20260121,5007,三星,55.5,55.6,55.3,55.5,,0.0,544094,30194410.0,-23000,0,0,1000,0,0,24000,0,0
20260121,4572,駐龍,152.0,152.0,150.0,150.0,-,1.0,69227,10457834.0,-22000,0,-1000,21000,0,0,43000,0,1000
20260121,1783,和康生,46.45,47.1,45.95,46.8,+,0.35,186588,8654936.0,-14000,0,-9000,26000,0,1000,40000,0,10000
20260121,8045,達運光電,75.2,75.2,72.6,72.7,-,0.6,96543,7104956.0,-23000,0,-242,18000,0,0,41000,0,242
20260121,8463,潤泰材,26.9,26.9,26.3,26.6,-,0.45,83238,2215219.0,-28000,0,4000,1000,0,5000,29000,0,1000
20260121,6168,宏齊,21.0,21.25,20.6,21.2,+,0.3,1154836,24373600.0,-25000,0,1000,258000,0,3000,283000,0,2000
20260121,1417,嘉裕,8.8,8.84,8.74,8.82,,0.0,153695,1349910.0,-23000,0,-1000,18000,0,0,41000,0,1000
20260121,1539,巨庭,20.7,20.7,20.1,20.5,-,0.15,514093,10438471.0,-24000,0,0,64000,0,1000,88000,0,1000
20260121,4942,嘉彰,38.5,38.5,38.0,38.4,-,0.1,212556,8116013.0,-29000,0,5000,71000,0,9000,100000,0,4000
20260121,2530,華建,27.95,27.95,27.6,27.85,-,0.3,752354,20847599.0,-164000,-34000,174000,178000,0,177000,342000,34000,3000
20260121,2929,淘帝-KY,7.7,7.8,7.63,7.8,+,0.04,172887,1332109.0,-24000,0,-1000,21000,0,0,45000,0,1000
20260121,1730,花仙子,52.3,52.4,52.3,52.4,,0.0,44382,2323344.0,-26000,0,1000,1000,0,1000,27000,0,0
20260121,2062,橋椿,23.2,23.7,22.55,22.65,-,0.55,831092,19196064.0,-26000,0,986,226000,0,10000,252000,0,9014
20260121,6756,威鋒電子,82.5,82.7,80.8,80.9,-,1.3,164841,13440740.0,-22000,0,-3020,54000,0,1000,76000,0,4020
20260121,1321,大洋,33.6,33.65,33.25,33.3,-,0.55,145350,4849623.0,-23000,0,-2099,29000,0,3000,52000,0,5099
20260121,6504,南六,41.4,42.0,40.75,40.9,-,0.35,115010,4721762.0,-26000,0,0,5000,0,0,31000,0,0
20260121,1235,興泰,42.0,42.1,39.8,39.9,-,2.3,65387,2677411.0,-24020,0,-2404,3200,0,0,27220,0,2404
20260121,0055,元大MSCI金融,32.3,32.31,32.0,32.1,-,0.29,343667,11045694.0,-13868,0,-12563,3151,0,200000,17019,0,212563
20260121,7749,意騰-KY,427.0,431.0,419.0,419.0,-,9.5,182876,77551404.0,-24000,0,-2567,57000,0,105,81000,0,2672
20260121,6606,建德工業,26.4,26.4,25.9,26.3,-,0.25,119669,3133357.0,-32000,0,5000,5000,0,5000,37000,0,0
20260121,2601,益航,5.59,5.65,5.55,5.56,-,0.03,1261135,7026375.0,-30000,0,3000,184000,0,3000,214000,0,0
20260121,4557,永新-KY,76.2,76.2,74.2,74.6,-,1.6,292441,21845545.0,-24955,0,-3000,72045,0,1000,97000,0,4000
20260121,8466,美吉吉-KY,23.3,23.6,23.0,23.5,-,0.25,55512,1293695.0,-26000,0,-2000,2000,0,0,28000,0,2000
20260121,6164,華興,12.8,13.15,12.6,12.65,-,0.1,1332178,17080171.0,-17000,0,-11000,250000,0,0,267000,0,11000
20260121,6206,飛捷,94.3,94.4,93.4,93.6,-,0.7,763639,71609630.0,-30000,-813,1987,416000,1800,8372,446000,2613,6385
20260121,00916,國泰全球品牌50,26.64,26.64,26.5,26.55,-,0.21,218864,5810454.0,-22000,0,-7000,0,0,30000,22000,0,37000
20260121,2102,泰豐,20.1,20.1,19.45,19.75,-,0.35,707980,13931422.0,-45000,0,15000,77000,0,15000,122000,0,0
20260121,1459,聯發,11.7,11.75,11.65,11.65,-,0.05,196266,2300287.0,-31000,0,1000,2000,0,2000,33000,0,1000
20260121,6224,聚鼎,43.6,43.8,42.55,42.85,-,0.95,175435,7544397.0,-25000,0,-5049,45000,0,1000,70000,0,6049
20260121,3528,安馳,68.0,68.4,66.8,66.8,-,2.2,297322,20052017.0,-30000,0,-50,45000,0,2000,75000,0,2050
20260121,4108,懷特,13.9,14.0,13.75,13.8,-,0.1,211201,2928019.0,-28000,0,-3000,5000,0,0,33000,0,3000
20260121,7740,熙特爾-創,174.0,174.0,168.0,168.5,-,5.5,115688,19802191.0,-30000,0,-1000,15000,0,0,45000,0,1000
20260121,2038,海光,15.15,15.15,14.8,14.8,-,0.15,383209,5701051.0,-31040,0,0,60000,0,2000,91040,0,2000
20260121,2608,嘉里大榮,32.9,33.0,32.8,33.0,+,0.05,179971,5917268.0,-34000,0,2838,50000,0,9000,84000,0,6162
20260121,6782,視陽,176.5,176.5,173.0,173.5,-,3.0,176569,30748269.0,-31000,0,-172,29000,0,2000,60000,0,2172
20260121,6958,日盛台駿,15.3,15.4,15.25,15.3,-,0.15,57313,879196.0,-27260,0,-4000,8000,0,2000,35260,0,6000
20260121,1713,國化,49.95,50.0,48.55,48.9,-,1.2,664792,32738036.0,-32000,0,0,91000,0,0,123000,0,0
20260121,1506,正道,12.85,12.9,12.5,12.55,-,0.45,464551,5861341.0,-43000,0,11000,29000,0,13000,72000,0,2000
20260121,9930,中聯資源,70.6,70.8,70.3,70.5,-,0.5,111295,7857346.0,-33000,0,898,11000,0,5000,44000,0,4102
20260121,2753,八方雲集,183.5,184.0,182.0,182.0,-,2.0,408704,74648150.0,-3000,-23000,-6361,80000,0,7000,83000,23000,13361
20260121,5306,桂盟,96.7,96.7,93.9,94.5,-,1.7,167989,15845060.0,-33000,0,0,27000,0,1000,60000,0,1000
20260121,1108,幸福,15.2,15.2,15.05,15.05,-,0.15,451689,6826166.0,-25000,0,-8000,10000,0,0,35000,0,8000
20260121,1437,勤益控,32.6,32.8,32.45,32.8,+,0.3,107219,3489418.0,-33000,0,0,10000,0,0,43000,0,0
20260121,6743,安普新,27.2,27.3,26.85,27.15,-,0.05,161330,4361892.0,-41050,0,8000,24000,0,9000,65050,0,1000
20260121,00709,富邦歐洲,38.0,38.0,37.81,37.86,-,0.25,176320,6682562.0,100,0,-33438,100,0,103000,0,0,136438
20260121,00657,國泰日經225,61.9,62.05,61.8,61.95,-,0.4,343077,21268869.0,50000,0,-83402,50000,0,238482,0,0,321884
20260121,1541,錩泰,28.65,30.25,28.55,28.7,-,0.65,475167,13887439.0,-32000,0,-1607,58000,0,0,90000,0,1607
20260121,5525,順天,26.5,26.5,25.9,26.0,-,0.5,109110,2846055.0,-35812,0,2000,12000,0,3000,47812,0,1000
20260121,6579,研揚,110.0,110.0,108.5,109.0,-,2.0,109977,12003569.0,-33000,0,-1001,23000,0,2000,56000,0,3001
20260121,2739,寒舍,34.1,34.1,33.6,33.65,-,0.45,148605,5021037.0,-34965,0,0,17035,0,0,52000,0,0
20260121,2373,震旦行,55.0,55.8,54.6,54.7,-,0.2,102658,5651175.0,-34999,0,0,10000,0,0,44999,0,0
20260121,2012,春雨,17.1,17.7,17.1,17.15,-,0.1,79847,1379610.0,-33000,0,-2000,7000,0,0,40000,0,2000
20260121,2414,精技,40.8,40.85,40.6,40.7,-,0.2,95631,3895439.0,-43050,0,8000,0,0,9000,43050,0,1000
20260121,5284,jpp-KY,267.5,267.5,260.5,260.5,-,7.0,909017,239141660.0,-1920,0,-33131,224013,0,18000,225933,0,51131
20260121,2059,川湖,3640.0,3675.0,3520.0,3520.0,-,120.0,814237,2918305125.0,3627,-3262,-35683,412739,2000,29748,409112,5262,65431
20260121,4560,強信-KY,32.65,32.9,32.25,32.45,-,0.5,192005,6255962.0,-46000,0,10000,71000,0,10000,117000,0,0
20260121,9958,世紀鋼,140.0,143.0,138.0,140.0,-,0.5,1575028,221153092.0,-385010,-1000,349817,317000,0,374463,702010,1000,24646
20260121,00700,富邦恒生國企,18.63,18.67,18.59,18.61,-,0.1,238787,4445855.0,-18000,0,-18408,8000,0,64000,26000,0,82408
20260121,6277,宏正,60.2,60.3,59.9,60.2,-,0.2,143965,8644338.0,-43000,0,6392,23000,0,8000,66000,0,1608
20260121,4536,拓凱,166.0,166.0,163.0,164.5,-,2.0,202353,33270334.0,-41000,0,4000,41000,0,5000,82000,0,1000
20260121,1436,華友聯,61.8,62.1,61.2,61.6,-,0.2,283143,17416612.0,-42301,0,4561,90000,0,9060,132301,0,4499
20260121,2480,敦陽科,140.0,142.0,139.5,140.0,,0.0,254821,35709384.0,-34500,-2000,-1489,31000,0,5000,65500,2000,6489
20260121,2816,旺旺保,29.1,29.1,28.85,29.0,-,0.1,150538,4360753.0,-50000,0,12000,20000,0,13000,70000,0,1000
20260121,6416,瑞祺電通,86.6,87.4,85.1,85.5,-,1.3,186491,16036311.0,-32000,0,-6000,42000,0,1000,74000,0,7000
20260121,6165,浪凡,44.45,44.75,44.15,44.2,-,0.3,277474,12303756.0,-38000,0,0,50000,0,1000,88000,0,1000
20260121,2906,高林,12.55,12.55,12.35,12.45,-,0.1,298486,3707458.0,-43000,0,4000,6000,0,8000,49000,0,4000
20260121,00645,富邦日本,50.4,50.5,50.2,50.25,-,0.6,234800,11822050.0,-1790,0,-37449,210,0,54000,2000,0,91449
20260121,6928,攸泰科技,56.0,57.9,54.8,55.1,-,1.4,391147,22099120.0,-35993,0,-3465,73007,0,0,109000,0,3465
20260121,6531,愛普*,500.0,514.0,484.0,490.0,-,16.0,8472400,4191241275.0,378714,-182000,-236783,3711214,16000,94991,3332500,198000,331774
20260121,6534,正瀚-創,86.2,86.5,85.1,85.8,-,0.8,85588,7332343.0,-40000,0,-307,7000,0,0,47000,0,307
20260121,2527,宏璟,29.55,29.6,29.0,29.05,-,0.55,430512,12567615.0,-36000,-650,-3716,105000,0,6000,141000,650,9716
20260121,2483,百容,19.85,20.35,19.55,19.7,-,0.2,349847,6978584.0,-41000,0,0,13000,0,1000,54000,0,1000
20260121,1103,嘉泥,13.95,14.15,13.9,14.05,+,0.05,354425,4969839.0,-40000,0,-1000,93000,0,8000,133000,0,9000
20260121,2722,夏都,25.5,25.5,24.65,24.75,-,0.45,103225,2571028.0,-40000,0,-1079,8000,0,2000,48000,0,3079
20260121,00728,第一金工業30,41.6,41.86,41.05,41.15,-,0.46,272735,11307418.0,1000,0,-43662,2000,0,138808,1000,0,182470
20260121,2227,裕日車,54.4,54.6,53.7,53.9,-,0.6,118335,6414804.0,-41160,0,-2000,4000,0,0,45160,0,2000
20260121,7722,LINEPAY,478.0,482.0,460.0,460.5,-,17.5,407826,190981627.0,-52748,0,8882,62558,0,11029,115306,0,2147
20260121,4764,雙鍵,126.0,126.0,116.0,119.0,-,8.5,1631420,197465729.0,-66000,23000,-927,184000,23000,7000,250000,0,7927
20260121,2613,中櫃,24.4,24.6,24.25,24.25,-,0.15,288688,7033051.0,-52000,0,8000,74000,0,8000,126000,0,0
20260121,6552,易華電,27.85,28.0,26.95,27.0,-,1.0,249576,6799026.0,-40000,0,-4000,25000,0,0,65000,0,4000
20260121,1707,葡萄王,121.0,121.5,121.0,121.5,,0.0,167935,20349716.0,-41055,0,-2948,11000,0,3000,52055,0,5948
20260121,1723,中碳,71.2,71.2,70.1,70.6,-,0.6,358177,25203030.0,-55000,0,10000,91000,0,14000,146000,0,4000
20260121,2241,艾姆勒,35.75,36.25,35.6,35.8,-,0.65,390727,14009205.0,-29000,0,-17000,115000,0,1000,144000,0,18000
20260121,5706,鳳凰,49.85,49.85,49.4,49.5,-,0.25,282906,14004022.0,-46050,0,-1000,57000,0,1000,103050,0,2000
20260121,9906,欣巴巴,46.65,47.1,46.1,46.5,-,1.0,152601,7081967.0,-47000,0,-2000,20000,0,2000,67000,0,4000
20260121,1234,黑松,37.05,37.2,37.0,37.1,,0.0,156813,5807792.0,-49000,0,-295,17000,0,0,66000,0,295
20260121,6670,復盛應用,277.0,279.5,275.5,278.5,+,0.5,216666,60190462.0,-24000,-14637,-10970,72000,0,2030,96000,14637,13000
20260121,6176,瑞儀,124.0,125.5,123.5,124.0,,0.0,2281248,283174745.0,357100,-449461,42435,1120100,7000,141000,763000,456461,98565
20260121,2239,英利-KY,30.1,30.1,29.45,29.95,-,0.3,140920,4190905.0,-51000,0,208,18000,0,4000,69000,0,3792
20260121,1614,三洋電,33.8,33.9,33.7,33.75,-,0.05,127410,4299219.0,-50000,0,-1000,2000,0,0,52000,0,1000
20260121,1533,車王電,33.0,33.0,32.3,32.35,-,0.75,141278,4595860.0,-54000,0,2000,11000,0,3000,65000,0,1000
20260121,2538,基泰,10.8,10.9,10.75,10.9,+,0.1,307870,3332765.0,-70000,0,17000,23000,0,18000,93000,0,1000
20260121,00661,元大日經225,67.9,68.0,67.75,67.9,-,0.4,105616,7167996.0,-1000,0,-52762,1000,0,14000,2000,0,66762
20260121,2748,雲品,41.25,41.25,40.7,40.85,-,0.4,179202,7330250.0,-52000,0,-2000,5000,0,2000,57000,0,4000
20260121,2115,六暉-KY,26.6,26.6,25.8,25.95,-,0.7,176092,4591658.0,-52000,0,-2000,15000,0,0,67000,0,2000
20260121,6024,群益期,51.2,51.2,51.0,51.1,-,0.2,333429,17033614.0,-55000,0,0,41000,0,0,96000,0,0
20260121,6278,台表科,96.8,96.8,96.0,96.1,-,0.8,1200304,115566113.0,139000,-191600,-2479,497000,0,22009,358000,191600,24488
20260121,5222,全訊,148.0,154.0,144.0,149.5,-,2.0,2911573,435867373.0,-79000,0,23898,696000,0,56895,775000,0,32997
20260121,3447,展達,46.45,47.75,46.1,46.15,-,0.55,487583,22814848.0,-54000,0,-1531,78000,0,1000,132000,0,2531
20260121,6449,鈺邦,188.0,188.0,180.5,181.0,-,9.0,1357217,248523574.0,34000,-140,-89901,350000,0,16081,316000,140,105982
20260121,4585,達明,338.5,338.5,330.0,330.0,-,8.5,346119,114845029.0,-51930,0,-4130,23070,0,0,75000,0,4130
20260121,1735,日勝化,18.25,18.3,17.1,17.25,-,0.45,193200,3374569.0,-57000,0,-295,22000,0,4000,79000,0,4295
20260121,00972,野村日本動能高息,18.74,18.81,18.74,18.76,-,0.34,99086,1861056.0,-750,0,-56576,250,0,6039,1000,0,62615
20260121,1604,聲寶,24.0,24.0,23.85,23.95,,0.0,262130,6264900.0,-53000,0,-5000,14000,0,4000,67000,0,9000
20260121,2228,劍麟,104.5,105.5,102.0,102.0,-,3.5,802247,83060663.0,-64000,0,5881,92000,0,12000,156000,0,6119
20260121,1455,集盛,8.02,8.02,7.9,8.0,-,0.02,394136,3134752.0,-40000,0,-19994,44000,0,10000,84000,0,29994
20260121,1476,儒鴻,414.5,419.5,410.0,416.0,-,5.0,740097,306480659.0,-54262,-27214,20748,473127,0,40428,527389,27214,19680
20260121,3014,聯陽,118.5,119.5,118.0,118.5,,0.0,816219,96810054.0,-54000,-7575,-135,268000,0,4000,322000,7575,4135
20260121,6863,永道-KY,121.5,121.5,117.0,117.5,-,4.5,148371,17630330.0,-62000,0,-178,24000,0,4000,86000,0,4178
20260121,6214,精誠,117.0,117.5,115.5,116.0,-,1.0,515590,59887378.0,-61000,0,-1239,147000,0,12000,208000,0,13239
20260121,1732,毛寶,27.3,27.35,27.05,27.2,-,0.1,181224,4929418.0,-59000,0,-4000,2000,0,0,61000,0,4000
20260121,3002,歐格,23.75,23.75,23.0,23.0,-,0.75,632961,14673002.0,-61000,0,-2000,121000,0,0,182000,0,2000
20260121,6906,現觀科,83.0,84.6,80.1,80.1,-,6.2,221035,18176407.0,-58000,0,-5059,31000,0,0,89000,0,5059
20260121,6426,統新,93.0,102.0,92.7,95.0,+,2.0,2991001,292607184.0,-63000,0,-926,650000,0,76,713000,0,1002
20260121,1340,勝悅-KY,6.97,7.12,6.94,7.02,+,0.04,227485,1594688.0,-61000,0,-3000,65000,0,0,126000,0,3000
20260121,5522,遠雄,68.5,68.5,67.3,67.9,-,0.2,710403,48151336.0,-66000,-7000,8000,414000,0,26000,480000,7000,18000
20260121,6589,台康生技,63.8,64.1,62.9,63.0,-,1.1,620261,39248404.0,-64000,0,-2000,133000,0,3000,197000,0,5000
20260121,2706,第一店,12.85,12.85,12.8,12.85,,0.0,130884,1681011.0,-65000,0,-1000,6000,0,0,71000,0,1000
20260121,2704,國賓,42.8,43.1,42.7,43.1,+,0.05,173068,7435278.0,-63000,0,-4000,28000,0,0,91000,0,4000
20260121,1617,榮星,17.15,17.25,16.7,16.8,-,0.35,575504,9767785.0,-75000,0,7999,120000,0,8000,195000,0,1
20260121,6591,動力-KY,71.8,72.5,71.0,71.0,-,1.5,434996,31156859.0,-67000,0,-489,88000,0,5000,155000,0,5489
20260121,7711,永擎,235.0,238.0,231.5,231.5,-,4.0,379510,88590094.0,-69000,0,0,41000,0,0,110000,0,0
20260121,5258,虹堡,63.6,63.6,61.4,61.8,-,1.8,538345,33587544.0,-75000,0,4000,80000,0,6000,155000,0,2000
20260121,8429,金麗-KY,7.51,7.52,7.43,7.47,-,0.07,371277,2774703.0,-59000,0,-12000,14000,0,0,73000,0,12000
20260121,2468,華經,40.65,41.15,40.05,40.2,-,0.45,447964,18117487.0,-71000,0,-1077,125000,0,2000,196000,0,3077
20260121,1201,味全,14.4,14.45,14.35,14.45,,0.0,228663,3290909.0,-71000,0,-2001,10000,0,10000,81000,0,12001
20260121,5203,訊連,87.1,87.1,85.5,85.8,-,1.3,301498,25929076.0,-69920,0,-5258,35080,0,3000,105000,0,8258
20260121,9938,百和,53.0,53.1,52.2,52.5,-,0.7,1260186,66245416.0,-32007,0,-45051,549000,0,7000,581007,0,52051
20260121,5234,達興材料,350.5,355.0,344.5,345.0,-,9.0,712863,247996151.0,-49898,0,-28345,173102,0,8049,223000,0,36394
20260121,6491,晶碩,282.0,282.5,279.0,279.0,-,3.5,309594,86867899.0,-78960,0,-605,96040,0,2000,175000,0,2605
20260121,1733,五鼎,29.6,29.75,29.4,29.4,-,0.15,233402,6891998.0,-32000,-46000,-2000,65000,0,0,97000,46000,2000
20260121,2015,豐興,64.0,64.0,63.0,63.2,-,1.0,337755,21403369.0,-62000,-23000,5000,147000,0,19000,209000,23000,14000
20260121,1460,宏遠,6.49,6.49,6.38,6.45,,0.0,575187,3691048.0,-25000,0,-55000,67000,0,0,92000,0,55000
20260121,2233,宇隆,233.5,236.5,225.5,226.0,-,11.0,1517642,347892229.0,-5000,31000,-106999,279000,31000,34144,284000,0,141143
20260121,00850,元大臺灣ESG永續,58.95,59.65,58.9,59.15,-,0.5,741225,43926482.0,-79934,0,-1260,27066,0,150000,107000,0,151260
20260121,3592,瑞鼎,240.0,241.0,232.5,232.5,-,9.0,1466013,345866842.0,-71025,-2556,-8139,546010,0,2000,617035,2556,10139
20260121,2727,王品,220.0,220.0,218.5,219.0,-,1.0,224461,49169118.0,-87950,-1253,6268,31050,0,10000,119000,1253,3732
20260121,2007,燁興,8.08,8.08,7.9,7.96,-,0.12,520629,4156305.0,-83000,0,-1000,17000,0,0,100000,0,1000
20260121,1903,士紙,56.0,57.0,55.6,56.0,-,0.5,328578,18518975.0,-80000,0,-5000,53000,0,3000,133000,0,8000
20260121,2832,台產,49.7,49.7,49.05,49.2,-,0.5,439989,21702253.0,-124000,-101000,140000,68000,0,145000,192000,101000,5000
20260121,1110,東泥,16.5,16.5,16.3,16.5,,0.0,544338,8924757.0,-87000,0,1000,34000,0,1000,121000,0,0
20260121,4766,南寶,320.5,322.0,317.5,319.5,-,3.5,310584,99039299.0,-72400,-12000,-2002,64000,0,8000,136400,12000,10002
20260121,2476,鉅祥,93.5,94.0,91.5,91.8,-,2.4,1801658,166750126.0,-151200,0,64573,269000,0,121000,420200,0,56427
20260121,9946,三發地產,17.8,17.8,17.2,17.35,-,0.45,371056,6477484.0,-77000,0,-10000,54000,0,7000,131000,0,17000
20260121,7791,皇家可口,71.2,71.4,70.7,71.2,,0.0,155732,11050875.0,-88000,0,0,1000,0,0,89000,0,0
20260121,6108,競國,14.95,14.95,14.65,14.9,+,0.1,295547,4376726.0,-88000,0,0,29000,0,5000,117000,0,5000
20260121,6869,雲豹能源,104.5,108.5,102.5,103.0,-,2.0,1722085,180866370.0,-85990,0,-2702,416010,0,26000,502000,0,28702
20260121,3622,洋華,68.1,70.5,67.7,68.0,-,0.3,1707094,117591101.0,-90000,0,1205,443000,0,10179,533000,0,8974
20260121,2850,新產,116.5,117.0,115.5,116.5,-,1.0,251649,29253577.0,-70000,-17000,-4000,34000,0,5000,104000,17000,9000
20260121,6937,天虹,223.0,225.0,216.5,218.0,-,8.5,358449,78904416.0,-93000,7000,-5290,59000,7000,4010,152000,0,9300
20260121,6862,三集瑞-KY,202.0,207.0,187.5,190.5,-,8.5,2108301,415077535.0,-126800,0,34910,447200,0,129933,574000,0,95023
20260121,00896,中信綠能及電動車,20.56,20.72,20.34,20.38,-,0.26,3888629,79705996.0,52000,0,-144063,355000,0,2127930,303000,0,2271993
20260121,8114,振樺電,199.5,200.5,194.0,194.0,-,6.0,898518,176327163.0,-92820,0,-559,215180,0,1000,308000,0,1559
20260121,3583,辛耘,324.5,331.0,321.5,322.0,-,5.0,437137,141896613.0,-87960,0,-6178,115040,0,7909,203000,0,14087
20260121,6691,洋基工程,594.0,598.0,584.0,590.0,-,10.0,877373,517383329.0,-79479,26000,-41343,357121,71000,21659,436600,45000,63002
20260121,6830,汎銓,183.0,184.0,180.5,182.0,-,4.0,539620,98149238.0,-61000,0,-34732,124000,0,1000,185000,0,35732
20260121,3043,科風,22.65,24.9,22.6,24.9,+,2.25,1610600,39377115.0,-94000,0,-2337,120000,0,1663,214000,0,4000
20260121,3588,通嘉,52.3,54.0,51.7,52.9,+,0.5,706982,37476621.0,-95019,0,-2218,161000,0,27,256019,0,2245
20260121,3530,晶相光,75.2,75.8,73.1,73.3,-,3.7,501760,37280135.0,-129000,34000,-3000,65000,34000,1000,194000,0,4000
20260121,1325,恆大,29.25,29.25,28.6,28.85,+,0.05,392608,11295935.0,-97000,0,-1000,47000,0,0,144000,0,1000
20260121,5907,大洋-KY,5.83,6.04,5.78,5.87,+,0.04,666097,3914616.0,-98000,0,0,52000,0,0,150000,0,0
20260121,00920,富邦ESG綠色電力,19.25,19.32,19.14,19.25,-,0.05,753315,14512679.0,390000,0,-488000,390000,0,213000,0,0,701000
20260121,2211,長榮鋼,99.6,100.0,99.3,99.4,-,0.6,1020396,101604613.0,66000,-162688,-2120,427000,0,10000,361000,162688,12120
20260121,3416,融程電,152.0,155.5,151.0,151.0,-,3.0,328397,50124973.0,-97000,0,-2302,63000,0,3498,160000,0,5800
20260121,6526,達發,430.0,430.0,422.5,422.5,-,7.0,351862,149536370.0,-103552,2000,429,61523,2000,25252,165075,0,24823
20260121,8103,瀚荃,98.0,99.9,95.2,96.1,-,2.3,3409498,331972285.0,-101100,0,-1000,932050,0,0,1033150,0,1000
20260121,1612,宏泰,38.0,38.6,37.55,37.65,-,0.65,4233207,160531603.0,-96000,0,-6520,1111000,0,50019,1207000,0,56539
20260121,1218,泰山,18.35,18.35,18.2,18.3,-,0.1,650588,11877243.0,-108000,0,4482,129000,0,12000,237000,0,7518
20260121,4961,天鈺,155.5,158.0,149.0,149.5,-,7.5,2834802,432402874.0,-38447,-3000,-62336,768553,0,24088,807000,3000,86424
20260121,6831,邁科,243.5,247.5,236.5,236.5,-,11.5,863669,207527599.0,-104000,0,0,66000,0,0,170000,0,0
20260121,8081,致新,225.5,225.5,222.0,222.5,-,3.0,363796,81389990.0,-106000,0,-351,76000,0,3281,182000,0,3632
20260121,1587,吉茂,53.7,54.5,51.6,51.6,-,3.3,1465734,77636473.0,-78000,0,-29393,190000,0,2000,268000,0,31393
20260121,2029,盛餘,20.95,21.05,20.75,20.9,-,0.1,247849,5171988.0,-102000,0,-5762,4000,0,4000,106000,0,9762
20260121,4545,銘鈺,38.75,38.75,37.0,37.35,-,1.4,452125,16970472.0,-109000,0,261,73000,0,1000,182000,0,739
20260121,3003,健和興,48.35,49.4,48.35,48.8,-,0.2,441336,21628411.0,-99000,0,-10026,98000,0,6214,197000,0,16240
20260121,6689,伊雲谷,61.8,61.8,59.5,59.8,-,0.8,347188,20815906.0,-113000,0,574,62000,0,3000,175000,0,2426
20260121,4104,佳醫,79.4,79.4,78.8,78.9,-,0.5,249094,19667198.0,-112255,0,-1157,7000,0,0,119255,0,1157
20260121,6533,晶心科,244.5,244.5,237.5,237.5,-,7.0,421366,101174980.0,-98000,0,-15495,53000,0,7587,151000,0,23082
20260121,2889,國票金,16.3,16.65,16.1,16.5,+,0.2,3983768,65357853.0,-69076,-10000,-35000,1954856,0,57000,2023932,10000,92000
20260121,2524,京城,41.7,42.4,40.95,42.3,+,0.5,396917,16436163.0,-106000,0,-8407,41000,0,0,147000,0,8407
20260121,6933,AMAX-KY,148.0,148.0,142.5,145.0,-,3.0,229867,33090462.0,-113667,0,-2582,12000,0,238,125667,0,2820
20260121,3563,牧德,491.0,497.0,483.5,486.5,-,10.0,444532,217188035.0,-56296,-39000,-21014,117000,0,8237,173296,39000,29251
20260121,8478,東哥遊艇,190.5,192.0,188.0,189.0,-,3.5,267132,50539598.0,-119461,0,2191,28000,0,6000,147461,0,3809
20260121,2464,盟立,67.8,69.5,66.4,66.7,-,1.4,3223018,218751897.0,-12000,0,-105821,820000,0,11049,832000,0,116870
20260121,6166,凌華,63.9,63.9,61.8,62.4,-,1.2,530525,33190008.0,-118000,0,-1590,146000,0,7000,264000,0,8590
20260121,6272,驊陞,42.55,42.55,40.8,40.95,-,1.45,728632,30043311.0,-120000,0,0,32000,0,0,152000,0,0
20260121,5531,鄉林,8.94,9.07,8.92,9.07,+,0.13,703224,6303095.0,-102000,0,-18000,131000,0,0,233000,0,18000
20260121,4956,光鋐,21.55,22.0,21.1,21.1,-,0.65,780814,16793440.0,-117000,0,-4404,172000,0,1000,289000,0,5404
20260121,6657,華安,47.3,47.3,45.3,45.4,-,1.95,409341,18828116.0,-116000,0,-7000,36000,0,3000,152000,0,10000
20260121,6592,和潤企業,60.8,61.5,60.2,60.7,-,0.2,1162522,70783054.0,-122000,-1000,-31,489000,0,8097,611000,1000,8128
20260121,6695,芯鼎,43.75,43.8,42.5,42.8,-,1.2,469943,20259975.0,-116000,0,-7032,86000,0,2000,202000,0,9032
20260121,2849,安泰銀,13.25,13.3,13.15,13.15,-,0.15,165563,2184703.0,-111000,0,-14000,7000,0,0,118000,0,14000
20260121,1708,東鹼,32.65,32.9,32.4,32.6,-,0.3,684018,22290172.0,-108000,0,-18870,178000,0,18200,286000,0,37070
20260121,1457,宜進,15.35,15.4,15.2,15.25,-,0.2,295908,4528064.0,-129000,0,0,3000,0,0,132000,0,0
20260121,00949,復華日本龍頭,19.09,19.09,18.99,19.02,-,0.21,1351657,25711427.0,22000,0,-151396,39000,0,446999,17000,0,598395
20260121,6112,邁達特,48.0,48.0,47.15,47.2,-,0.85,522563,24750576.0,-129000,0,-2000,107000,0,2000,236000,0,4000
20260121,7799,禾榮科,442.5,446.5,416.5,420.0,-,25.5,506534,217891688.0,-134983,0,1803,109017,0,4000,244000,0,2197
20260121,3312,弘憶股,41.2,42.05,40.3,40.35,-,1.25,1319379,54030298.0,-140000,0,5000,287000,0,7000,427000,0,2000
20260121,2425,承啟,31.4,31.65,30.9,31.0,-,0.55,414346,12885934.0,-130000,0,-6000,80000,0,2000,210000,0,8000
20260121,2506,太設,8.96,8.96,8.85,8.95,-,0.03,600805,5352969.0,-126000,0,-10000,38000,0,0,164000,0,10000
20260121,3515,華擎,228.0,228.0,222.0,222.0,-,6.0,875202,195915858.0,-127000,-1000,-8474,275000,0,20052,402000,1000,28526
20260121,3092,鴻碩,26.5,26.5,25.6,26.0,-,0.85,1118652,29032477.0,-133000,0,-4124,263000,0,5000,396000,0,9124
20260121,1517,利奇,12.8,13.2,12.6,12.85,,0.0,1193782,15420425.0,-128000,0,-14399,222000,0,7000,350000,0,21399
20260121,8454,富邦媒,195.5,195.5,191.5,192.5,-,3.5,673417,130013280.0,-116980,-28000,2570,101170,0,13000,218150,28000,10430
20260121,6226,光鼎,9.61,10.0,9.61,9.72,-,0.28,1415808,13801123.0,-151000,0,6000,116000,0,18000,267000,0,12000
20260121,4414,如興,10.9,10.9,10.6,10.65,-,0.2,468663,5030864.0,-126000,0,-19000,35000,0,3000,161000,0,22000
20260121,5434,崇越,326.0,331.0,320.0,322.0,-,9.0,616875,200408097.0,-87387,-13000,-46042,182613,2000,3164,270000,15000,49206
20260121,1477,聚陽,323.5,327.5,319.5,323.5,-,2.0,1192406,385950854.0,31005,-197752,18950,760005,0,70604,729000,197752,51654
20260121,1736,喬山,149.0,150.0,147.0,148.0,-,2.5,604909,89596941.0,-141500,0,-7140,159500,0,19000,301000,0,26140
20260121,9941,裕融,79.0,79.2,78.1,78.6,-,0.4,1765151,138811123.0,-44100,-169000,64000,840000,0,73000,884100,169000,9000
20260121,6120,達運,13.4,13.6,13.1,13.2,-,0.35,2703931,36060220.0,-81000,-30000,-38941,688000,0,13228,769000,30000,52169
20260121,1905,華紙,12.3,12.45,12.15,12.25,-,0.05,1328718,16301095.0,-112000,0,-39000,381000,0,33000,493000,0,72000
20260121,1721,三晃,20.3,20.3,19.2,19.6,-,1.25,4360293,85871158.0,-197000,0,46000,70000,0,50000,267000,0,4000
20260121,2537,聯上發,10.8,10.8,10.65,10.65,-,0.15,1146667,12282216.0,-149000,0,-3366,153000,0,5037,302000,0,8403
20260121,6472,保瑞,519.0,526.0,510.0,512.0,-,10.0,713846,368815095.0,-118417,0,-34486,113073,0,25485,231490,0,59971
20260121,2348,海悅,78.1,78.1,77.2,77.2,-,0.9,436221,33774098.0,-153700,0,-1379,69000,0,5000,222700,0,6379
20260121,1526,日馳,23.7,24.2,22.9,23.55,+,0.95,3816387,90079029.0,-159500,0,4222,685500,0,9000,845000,0,4778
20260121,3532,台勝科,136.5,143.0,130.5,132.0,-,7.5,7668047,1035663486.0,351150,0,-507626,2467150,0,73446,2116000,0,581072
20260121,1307,三芳,32.0,32.05,31.75,31.95,-,0.45,556596,17746186.0,-163000,0,2982,103000,0,10000,266000,0,7018
20260121,6805,富世達,1275.0,1345.0,1250.0,1285.0,,0.0,2509226,3241729335.0,-66046,-135000,38144,697175,209000,119183,763221,344000,81039
20260121,1473,台南,24.35,27.1,24.35,27.1,+,2.45,2793171,75215839.0,-168981,0,5414,117019,0,5414,286000,0,0
20260121,2419,仲琦,31.5,31.9,30.85,31.1,-,0.95,4122324,128973126.0,-90500,0,-74372,743000,0,34387,833500,0,108759
20260121,00730,富邦臺灣優質高息,23.67,23.67,23.13,23.28,-,0.44,396207,9250196.0,-7795,0,-161538,2205,0,69000,10000,0,230538
20260121,3705,永信,56.8,57.2,56.2,57.0,+,0.2,350713,19817626.0,-167000,0,-2794,42000,0,210,209000,0,3004
20260121,2509,全坤建,15.05,15.15,14.9,14.9,-,0.15,420013,6285478.0,-169000,0,-2000,10000,0,0,179000,0,2000
20260121,5533,皇鼎,14.25,14.25,14.05,14.2,,0.0,404308,5722517.0,-169000,0,-3000,6000,0,0,175000,0,3000
20260121,2436,偉詮電,50.2,51.2,49.65,50.0,-,0.6,2260743,113791078.0,-173700,0,1598,485300,0,7381,659000,0,5783
20260121,1503,士電,217.0,225.0,215.0,215.5,-,2.5,15604018,3426668809.0,254310,-3000,-427384,4980443,0,260811,4726133,3000,688195
20260121,6854,錼創科技-KY創,120.5,121.0,112.0,112.5,-,9.0,1358541,157199053.0,-148500,0,-28264,195500,0,33060,344000,0,61324
20260121,6558,興能高,36.95,36.95,36.1,36.15,-,0.8,845654,30781755.0,-174000,0,-3275,159000,0,6000,333000,0,9275
20260121,2427,三商電,26.8,26.8,26.2,26.3,-,0.4,939767,24813581.0,-163000,0,-15000,210000,0,0,373000,0,15000
20260121,6477,安集,36.6,37.1,35.7,35.8,-,0.65,1622612,58938316.0,-180000,0,-284,364000,0,3000,544000,0,3284
20260121,2498,宏達電,46.2,47.05,46.05,46.15,-,0.7,7212949,334062240.0,-1497500,-1000,1314317,1607500,0,1444000,3105000,1000,129683
20260121,2362,藍天,38.85,39.0,38.45,38.5,-,0.65,650970,25159349.0,-197000,0,12000,178000,0,22000,375000,0,10000
20260121,6885,全福生技,27.9,27.95,27.55,27.7,-,0.3,576446,15980572.0,-179000,0,-6000,28000,0,0,207000,0,6000
20260121,3346,麗清,22.4,22.55,22.0,22.25,-,0.55,915727,20305900.0,-189403,0,4000,126000,0,6000,315403,0,2000
20260121,6768,志強-KY,107.5,109.5,107.5,108.5,+,0.5,621589,67544805.0,-187000,-2369,3884,87000,0,25000,274000,2369,21116
20260121,6541,泰福-KY,51.0,51.0,50.3,50.5,-,0.6,554822,28028546.0,-183000,0,-3228,74000,0,0,257000,0,3228
20260121,2399,映泰,27.2,27.4,26.3,26.6,-,0.6,4055551,108505598.0,-320000,132000,1000,729000,132000,2000,1049000,0,1000
20260121,1446,宏和,18.1,18.2,17.25,17.35,-,0.75,1065346,18744115.0,-179000,0,-8000,62000,0,1000,241000,0,9000
20260121,3042,晶技,88.0,88.7,87.2,87.7,-,0.8,2559981,224709941.0,28000,-43000,-173245,885000,0,55024,857000,43000,228269
20260121,9917,中保科,108.0,108.0,107.5,108.0,,0.0,484738,52278802.0,-165504,-24000,1000,79270,0,15000,244774,24000,14000
20260121,6133,金橋,23.8,23.9,22.2,22.4,-,1.9,4668595,107307026.0,-201000,0,11992,902000,0,26000,1103000,0,14008
20260121,2429,銘旺科,74.2,76.0,73.0,73.0,-,2.9,729344,53914603.0,-190012,0,-590,67000,0,8000,257012,0,8590
20260121,1789,神隆,28.7,29.1,26.5,26.55,-,1.7,4286239,119141159.0,-199650,0,8890,220500,0,19000,420150,0,10110
20260121,2352,佳世達,25.55,25.6,25.1,25.25,-,0.3,4355641,110104043.0,-100120,2000,-93382,1582000,6000,20618,1682120,4000,114000
20260121,6923,中台,101.5,101.5,98.8,99.8,-,1.7,486440,48553950.0,-183000,0,-9754,99000,0,3906,282000,0,13660
20260121,2923,鼎固-KY,20.1,20.1,18.8,19.1,-,1.0,254970,4928488.0,-193000,0,-2000,28000,0,1000,221000,0,3000
20260121,00892,富邦台灣半導體,24.29,24.48,24.15,24.23,-,0.29,1378956,33501825.0,-177000,0,-18367,26000,0,910362,203000,0,928729
20260121,5519,隆大,32.2,32.2,31.6,31.65,-,0.55,587026,18648658.0,-219000,0,22790,136000,0,31000,355000,0,8210
20260121,2013,中鋼構,42.2,42.35,41.45,41.65,-,0.7,333829,13907383.0,-195000,0,-1655,27000,0,16000,222000,0,17655
20260121,2364,倫飛,65.4,65.4,64.5,64.9,-,1.1,373151,24241631.0,-198330,0,14,19000,0,2000,217330,0,1986
20260121,6789,采鈺,268.5,269.5,262.5,264.5,-,5.0,1134311,301232377.0,-155663,-1000,-41937,304108,1000,14853,459771,2000,56790
20260121,6781,AES-KY,1170.0,1180.0,1120.0,1125.0,-,65.0,1379334,1572528125.0,-26581,-147716,-25401,362353,400,70605,388934,148116,96006
20260121,3694,海華,61.7,63.0,60.8,60.8,-,1.3,1414394,87495095.0,-187000,0,-13691,308000,0,1000,495000,0,14691
20260121,1702,南僑,37.6,37.6,37.35,37.55,-,0.1,380706,14270391.0,-178000,-7159,-16256,28000,0,9000,206000,7159,25256
20260121,2331,精英,28.3,28.55,27.5,27.8,-,0.75,11986753,334339711.0,-207000,-34000,36899,2648000,0,225863,2855000,34000,188964
20260121,00690,兆豐藍籌30,48.69,48.87,48.11,48.26,-,0.54,1373944,66671192.0,10020,0,-214651,162020,0,758571,152000,0,973222
20260121,2597,潤弘,175.5,175.5,170.5,172.5,-,3.0,462746,79726049.0,-205700,-2000,2579,63000,0,8000,268700,2000,5421
20260121,2467,志聖,249.5,262.5,247.5,255.0,+,5.5,3223257,828517835.0,-332050,100000,26108,667100,100000,101193,999150,0,75085
20260121,6117,迎廣,79.0,80.3,77.8,78.4,-,1.1,513366,40402215.0,-192000,0,-13984,65000,0,4000,257000,0,17984
20260121,1227,佳格,29.2,29.3,29.1,29.15,-,0.15,1191884,34765835.0,-199000,0,-9105,129000,0,14000,328000,0,23105
20260121,2017,官田鋼,8.94,8.94,8.77,8.85,-,0.09,805189,7104188.0,-189000,0,-19392,89000,0,12000,278000,0,31392
20260121,2545,皇翔,37.8,37.8,37.25,37.45,-,0.35,578588,21650663.0,-211027,0,-1224,68100,0,14000,279127,0,15224
20260121,8476,台境*,22.75,23.75,21.95,22.35,-,0.85,3654809,83572302.0,-206000,0,-7000,252000,0,0,458000,0,7000
20260121,4967,十銓,206.5,209.0,197.0,198.0,-,11.5,3609654,731006411.0,-229900,19000,-4559,368100,19000,9000,598000,0,13559
20260121,00952,凱基台灣AI50,12.53,12.63,12.32,12.36,-,0.2,3516161,43805610.0,-13000,0,-202697,136000,0,2308467,149000,0,2511164
20260121,3450,聯鈞,261.0,266.0,253.0,254.0,-,5.0,11920989,3096332927.0,-103357,-44000,-71148,2304005,33000,161077,2407362,77000,232225
20260121,3617,碩天,193.0,194.0,190.0,190.5,-,3.5,433960,82819284.0,-222000,0,3475,127000,0,10000,349000,0,6525
20260121,2852,第一保,27.8,27.8,27.45,27.5,-,0.4,1085066,29889499.0,-220000,-2264,1000,160000,0,21000,380000,2264,20000
20260121,2207,和泰車,536.0,538.0,530.0,530.0,-,9.0,552128,293736824.0,-155254,-64000,-3549,167496,0,18000,322750,64000,21549
20260121,3545,敦泰,56.4,56.5,55.1,55.7,-,1.0,2327039,129709816.0,-216000,0,-7458,581000,0,17336,797000,0,24794
20260121,2520,冠德,33.0,33.05,32.6,32.9,-,0.2,1836870,60298533.0,-518692,0,292388,616808,0,318195,1135500,0,25807
20260121,6994,富威電力,93.8,95.2,91.9,91.9,-,1.9,514651,47766055.0,-225000,0,-3213,78000,0,825,303000,0,4038
20260121,4934,太極,15.4,16.65,15.2,16.65,+,1.5,5079473,83142212.0,-249000,0,19311,332000,0,20311,581000,0,1000
20260121,2387,精元,39.6,39.6,39.15,39.2,-,0.5,497215,19545089.0,-214880,0,-16009,72120,0,2000,287000,0,18009
20260121,5269,祥碩,1280.0,1280.0,1220.0,1220.0,-,70.0,1491298,1852343735.0,-104466,816,-127532,396855,1000,77301,501321,184,204833
20260121,6202,盛群,39.65,40.7,39.35,40.2,+,0.4,1620459,64990883.0,-221000,0,-10228,371000,0,8470,592000,0,18698
20260121,6719,力智,190.0,193.5,188.5,191.0,-,0.5,749863,143250153.0,-203000,-36000,1388,146000,0,19047,349000,36000,17659
20260121,3094,聯傑,26.45,27.8,26.3,26.35,+,0.65,1883692,50475437.0,-242000,0,-1194,282000,0,1001,524000,0,2195
20260121,2820,華票,16.35,16.35,16.3,16.35,,0.0,766901,12519903.0,-271000,0,20000,106000,0,40000,377000,0,20000
20260121,3025,星通,71.5,73.8,70.8,72.1,+,0.4,2230336,160957198.0,-301000,40000,9235,461000,40000,17000,762000,0,7765
20260121,4746,台耀,58.5,58.7,57.4,58.1,-,0.5,897086,51976993.0,-235000,0,-20964,166000,0,1000,401000,0,21964
20260121,2383,台光電,1590.0,1610.0,1560.0,1560.0,-,55.0,3510961,5543267825.0,356245,-482005,-134361,2227430,10160,71936,1871185,492165,206297
20260121,4540,全球傳動,46.8,49.85,45.8,49.85,+,4.5,15315033,741845058.0,-402105,0,140122,2381000,0,147122,2783105,0,7000
20260121,00956,中信日經高股息,11.87,11.87,11.8,11.81,-,0.15,896513,10601711.0,-60000,0,-203002,7000,0,502000,67000,0,705002
20260121,6873,泓德能源,117.5,120.0,114.0,114.5,-,6.0,1268476,147592482.0,-257142,0,-5980,290000,0,27000,547142,0,32980
20260121,3052,夆典,11.75,11.75,11.65,11.75,,0.0,495372,5789225.0,-271000,0,7000,16000,0,7000,287000,0,0
20260121,1447,力鵬,5.22,5.23,5.17,5.2,-,0.04,804552,4184087.0,-270000,0,0,89000,0,0,359000,0,0
20260121,3032,偉訓,73.7,74.6,72.1,72.1,-,1.9,654870,47827788.0,-275000,0,4434,87000,0,10000,362000,0,5566
20260121,8072,陞泰,33.0,34.6,32.15,32.3,-,0.5,1812459,60671185.0,-270000,0,-1000,358000,0,1000,628000,0,2000
20260121,1444,力麗,6.17,6.17,6.1,6.17,,0.0,827830,5070389.0,-274000,0,744,33000,0,16000,307000,0,15256
20260121,6205,詮欣,61.7,62.9,57.9,58.0,-,2.2,2994472,180039555.0,-275000,52000,-52419,563000,52000,3000,838000,0,55419
20260121,1540,喬福,26.95,27.7,26.5,26.5,-,0.95,1931903,52213270.0,-276000,0,-1000,320000,0,2000,596000,0,3000
20260121,3024,憶聲,11.4,11.4,11.05,11.15,-,0.3,780496,8740952.0,-266000,0,-14000,77000,0,0,343000,0,14000
20260121,1603,華電,41.6,41.8,40.2,40.3,-,1.15,1632926,66766047.0,-222000,-77000,14000,474000,0,15000,696000,77000,1000
20260121,1308,亞聚,13.4,13.5,13.25,13.35,-,0.2,1183593,15781352.0,-273000,0,-13522,313000,0,10000,586000,0,23522
20260121,5607,遠雄港,48.35,48.35,47.4,47.5,-,0.85,658631,31481182.0,-299120,0,5000,35000,0,9000,334120,0,4000
20260121,6189,豐藝,45.8,45.85,45.05,45.05,-,1.35,693079,31435764.0,-289000,-5000,-970,100000,0,4000,389000,5000,4970
20260121,3029,零壹,112.0,113.0,110.5,111.0,-,1.5,775605,86558157.0,-298000,-2399,4801,148000,0,19835,446000,2399,15034
20260121,00905,FT臺灣Smart,18.37,18.46,18.23,18.28,-,0.22,2180112,39990186.0,-48000,0,-248472,0,0,657000,48000,0,905472
20260121,4306,炎洲,14.05,14.05,13.8,13.85,-,0.15,1203188,16683012.0,-287200,0,-11000,142000,0,0,429200,0,11000
20260121,2612,中航,62.3,62.9,61.1,61.4,-,0.4,1907992,118270891.0,-286000,0,-15481,482000,0,15284,768000,0,30765
20260121,7610,聯友金屬-創,204.0,206.0,188.0,191.0,-,13.0,1690430,329524106.0,-306950,0,4400,193050,0,26017,500000,0,21617
20260121,9940,信義,22.35,22.35,22.0,22.1,-,0.3,487976,10788880.0,-333000,0,30184,28000,0,46000,361000,0,15816
20260121,4968,立積,125.5,126.5,122.0,122.0,-,4.5,1021887,126380081.0,-309000,0,-7373,146000,0,11950,455000,0,19323
20260121,4426,利勤,9.07,10.0,9.07,10.0,+,0.9,1070811,10314236.0,-317000,0,-3427,21000,0,573,338000,0,4000
20260121,4142,國光生,20.4,20.4,19.8,19.8,-,0.35,2445519,48775568.0,-335000,0,3942,385000,0,16000,720000,0,12058
20260121,1440,南紡,13.6,13.7,13.35,13.6,,0.0,2262129,30566747.0,-263999,0,-69121,545001,0,24000,809000,0,93121
20260121,00912,中信臺灣智慧50,22.44,22.44,22.14,22.17,-,0.31,1023761,22811406.0,58200,0,-394444,79200,0,411000,21000,0,805444
20260121,6412,群電,82.9,83.5,81.6,82.1,-,1.5,805466,66333360.0,-296000,-45838,3472,224000,0,13000,520000,45838,9528
20260121,6573,虹揚-KY,15.65,17.45,15.05,17.25,+,1.35,2276958,38651456.0,-342000,0,-1176,314000,0,3824,656000,0,5000
20260121,2406,國碩,30.95,31.65,29.65,30.4,-,0.8,23350020,711921151.0,-337950,0,-8648,5617050,0,6352,5955000,0,15000
20260121,2534,宏盛,20.0,20.05,19.85,19.85,-,0.15,701307,13973886.0,-312850,0,-34598,47150,0,7000,360000,0,41598
20260121,2388,威盛,53.0,53.8,51.9,52.1,-,1.6,4204295,221613631.0,-307674,-1000,-39181,1062326,0,135001,1370000,1000,174182
20260121,1560,中砂,423.0,429.0,418.0,423.0,-,2.0,2834219,1198875760.0,-281700,-28000,-39171,1073300,94000,70500,1355000,122000,109671
20260121,00911,兆豐洲際半導體,36.75,36.75,36.31,36.41,-,1.15,683900,24919644.0,5213,0,-356531,5213,0,116000,0,0,472531
20260121,6197,佳必琪,148.0,149.5,144.0,145.0,-,3.0,1298057,189790358.0,-322000,0,-30491,263000,0,17684,585000,0,48175
20260121,00770,國泰北美科技,53.5,53.5,53.3,53.45,-,0.45,984418,52551546.0,-10982,0,-344271,8018,0,119000,19000,0,463271
20260121,2543,皇昌,62.4,62.4,61.1,61.5,-,0.9,1577190,96898473.0,-326075,0,-33667,158025,0,18000,484100,0,51667
20260121,2103,台橡,15.3,15.3,14.85,15.0,-,0.25,3814619,57134974.0,-334000,-2000,-30498,848000,0,17000,1182000,2000,47498
20260121,3090,日電貿,100.0,101.5,99.1,99.5,-,2.0,4774561,476604360.0,-135000,-134683,-106704,1473000,42000,27182,1608000,176683,133886
20260121,2106,建大,21.05,21.1,20.4,20.5,-,0.6,1515514,31466453.0,-382000,0,6,298000,0,13000,680000,0,12994
20260121,1589,永冠-KY,18.2,18.6,18.05,18.35,+,0.15,2075093,37948283.0,-375000,0,-7675,431000,0,13000,806000,0,20675
20260121,3023,信邦,191.0,191.0,185.0,186.5,-,3.5,1770190,330520260.0,-418429,-16000,48929,514000,0,66000,932429,16000,17071
20260121,6414,樺漢,294.0,296.5,286.5,287.0,-,9.0,1268077,367520369.0,-145390,-124000,-120615,311200,0,22978,456590,124000,143593
20260121,3543,州巧,50.5,51.3,46.2,46.7,-,3.6,18593991,918370412.0,-266000,0,-124047,4391000,0,3000,4657000,0,127047
20260121,3661,世芯-KY,3370.0,3400.0,3240.0,3240.0,-,155.0,2195646,7237735860.0,-252466,-63519,-80400,436273,30000,198825,688739,93519,279225
20260121,1104,環泥,30.25,30.25,29.8,29.85,-,0.4,820367,24570055.0,-422000,0,19754,19000,0,28000,441000,0,8246
20260121,2323,中環,10.85,10.95,10.6,10.65,-,0.25,9918026,106553329.0,-312000,0,-90995,2980000,0,123005,3292000,0,214000
20260121,2458,義隆,117.5,119.0,116.5,117.0,-,0.5,1548885,181669413.0,6000,-491605,82211,583000,1000,94000,577000,492605,11789
20260121,1808,潤隆,32.7,32.7,32.0,32.05,-,0.55,1963266,63209329.0,-409999,0,-1000,642000,0,19000,1051999,0,20000
20260121,1582,信錦,66.6,69.0,66.3,68.6,+,1.3,2540100,173363053.0,-439068,0,18963,732000,0,25033,1171068,0,6070
20260121,3035,智原,172.5,174.5,170.0,171.0,-,1.5,3507304,602265988.0,-427313,-1000,-1828,668500,0,156084,1095813,1000,157912
20260121,2258,鴻華先進-創,38.5,38.75,38.25,38.35,-,0.45,885740,34056872.0,-421000,0,-11149,65000,0,24000,486000,0,35149
20260121,00652,富邦印度,36.49,36.49,35.95,35.95,-,0.63,819426,29694111.0,-17000,0,-424656,17000,0,24000,34000,0,448656
20260121,3056,富華新,17.55,17.55,17.4,17.4,-,0.15,1708716,29829454.0,-388565,0,-54000,187000,0,7000,575565,0,61000
20260121,3413,京鼎,281.5,284.5,276.5,276.5,-,7.0,1756533,489502860.0,-331995,-16000,-96253,174005,0,76760,506000,16000,173013
20260121,6456,GIS-KY,43.4,43.4,42.15,42.15,-,1.25,1164715,49683873.0,-439000,0,-9659,326000,0,7000,765000,0,16659
20260121,1442,名軒,30.1,30.1,29.45,29.6,-,0.45,921858,27344780.0,-455000,0,-429,155000,0,1000,610000,0,1429
20260121,1229,聯華,46.5,46.5,46.05,46.15,-,0.4,1994271,92244225.0,-451700,-5000,303,656350,0,50000,1108050,5000,49697
20260121,6139,亞翔,578.0,582.0,560.0,561.0,-,21.0,4584634,2608609348.0,-112049,-124220,-236290,1293275,5000,161700,1405324,129220,397990
20260121,2836,高雄銀,12.05,12.1,12.0,12.1,,0.0,2314291,27904090.0,-454430,0,-21984,490000,0,30000,944430,0,51984
20260121,2540,愛山林,49.4,50.2,48.75,50.1,+,0.1,1689162,83744632.0,-317978,-156000,-7815,391000,0,15000,708978,156000,22815
20260121,3027,盛達,28.0,28.25,26.65,26.65,-,1.9,2333823,63880248.0,-493000,0,4000,188000,0,8000,681000,0,4000
20260121,2504,國產,37.05,37.05,36.4,36.65,-,0.25,2015163,73712205.0,-387000,-98217,-6483,668000,0,21000,1055000,98217,27483
20260121,2542,興富發,38.05,38.2,37.85,37.85,-,0.2,5374275,204080567.0,667111,-1209000,48000,2288100,0,99000,1620989,1209000,51000
20260121,1316,上曜,14.35,14.45,14.15,14.15,-,0.25,2929883,41643260.0,-324000,-182000,7833,485000,0,8000,809000,182000,167
20260121,1532,勤美,25.05,25.05,24.7,24.9,-,0.2,1149527,28527371.0,-531000,-13073,43290,66000,0,56000,597000,13073,12710
20260121,3596,智易,180.0,184.0,178.0,178.0,-,3.0,1276075,230402466.0,-514305,20000,-12406,336295,20000,22000,850600,0,34406
20260121,2395,研華,276.5,278.0,274.5,275.0,-,5.0,3286050,906533559.0,-457925,-48000,-4468,1412325,6000,68000,1870250,54000,72468
20260121,2355,敬鵬,35.8,36.65,35.2,35.3,-,0.55,5724095,204945003.0,-447000,-20138,-45754,1440000,0,66420,1887000,20138,112174
20260121,4949,有成精密,41.7,43.85,41.2,42.4,-,0.1,2334477,99393064.0,-518431,0,1040,460569,0,6036,979000,0,4996
20260121,1216,統一,74.5,74.7,74.1,74.3,-,0.2,8055291,598977047.0,233488,-1490539,738074,3869488,0,948135,3636000,1490539,210061
20260121,3048,益登,42.0,42.0,40.35,40.5,-,1.55,4200555,172129329.0,-352866,0,-169933,572134,0,4000,925000,0,173933
20260121,4919,新唐,58.5,59.2,57.0,57.2,-,2.2,3970470,229665550.0,-313000,0,-222537,1105000,0,17601,1418000,0,240138
20260121,2385,群光,119.5,120.5,118.0,118.5,-,1.0,4076301,485492030.0,-146200,-509829,119729,2101800,9500,168000,2248000,519329,48271
20260121,1304,台聚,11.5,11.5,11.3,11.35,-,0.15,3096796,35121939.0,-445000,0,-94223,738000,0,23000,1183000,0,117223
20260121,1904,正隆,17.9,17.9,17.7,17.7,-,0.2,1154029,20484383.0,-529000,0,-20241,141000,0,20000,670000,0,40241
20260121,3533,嘉澤,1385.0,1395.0,1330.0,1330.0,-,95.0,1926663,2592979155.0,-551815,45685,-54726,441255,47000,100124,993070,1315,154850
20260121,6409,旭隼,978.0,978.0,904.0,917.0,-,68.0,1920513,1786586778.0,-539649,-4000,-20753,730901,0,32100,1270550,4000,52853
20260121,2206,三陽工業,59.8,59.8,59.2,59.4,-,0.5,1133328,67303580.0,-558000,-51338,-2452,110000,0,14000,668000,51338,16452
20260121,5534,長虹,80.6,80.7,79.2,80.0,-,0.5,1675446,133968651.0,-542000,0,-72661,551000,0,26020,1093000,0,98681
20260121,1722,台肥,46.75,46.75,46.25,46.55,-,0.3,2560755,118978029.0,-546000,-3000,-66581,831000,0,26000,1377000,3000,92581
20260121,6550,北極星藥業-KY,31.45,31.45,30.35,30.55,-,0.95,1423543,43670037.0,-615000,0,-10291,64000,0,10000,679000,0,20291
20260121,1402,遠東新,28.65,28.75,28.15,28.35,-,0.35,9334405,265007302.0,1186309,-1769000,-45000,4782309,0,230000,3596000,1769000,275000
20260121,1710,東聯,12.7,12.7,12.4,12.5,-,0.2,1761764,21967407.0,-539000,0,-90248,252000,0,16000,791000,0,106248
20260121,2511,太子,8.45,8.45,8.36,8.39,-,0.04,1494548,12531246.0,-673000,0,43000,211000,0,111000,884000,0,68000
20260121,2912,統一超,217.5,218.0,216.0,217.0,-,0.5,3486795,758064817.0,-504582,-149979,2316,1894818,35000,43000,2399400,184979,40684
20260121,00901,永豐智能車供應鏈,27.45,27.57,27.11,27.17,-,0.33,2072224,56675137.0,-195000,0,-463949,1000,0,1071734,196000,0,1535683
20260121,1310,台苯,8.9,8.9,8.7,8.72,-,0.18,1921447,16787974.0,-606000,0,-54366,188000,0,23000,794000,0,77366
20260121,2646,星宇航空,23.45,23.5,23.25,23.35,-,0.1,4791804,111935703.0,-669218,0,0,1225000,0,49000,1894218,0,49000
20260121,1616,億泰,30.4,30.85,29.55,29.65,-,0.55,3727724,112604144.0,-656000,0,-16440,605000,0,1000,1261000,0,17440
20260121,2347,聯強,64.1,64.9,63.6,64.7,+,0.5,7973372,513584875.0,893700,-1758746,187510,4122700,17000,337510,3229000,1775746,150000
20260121,2031,新光鋼,38.6,38.6,37.9,38.0,-,0.6,1147030,43719195.0,-658000,0,-25412,105000,0,9000,763000,0,34412
20260121,2905,三商,15.65,15.65,15.3,15.4,-,0.3,1719606,26558885.0,-689000,0,-12614,140000,0,14000,829000,0,26614
20260121,9802,鈺齊-KY,97.5,98.2,96.8,97.3,-,1.5,1161989,113361988.0,-700583,0,-1938,110000,0,12000,810583,0,13938
20260121,00923,群益台ESG低碳50,28.06,28.33,27.95,28.03,-,0.28,2401020,67499394.0,1100,0,-720738,123100,0,183896,122000,0,904634
20260121,3704,合勤控,37.1,39.65,36.8,39.65,+,3.6,50333615,1962005041.0,-909440,0,187126,8836060,0,515949,9745500,0,328823
20260121,00894,中信小資高價30,29.6,29.94,29.35,29.44,-,0.42,4501276,133478289.0,44000,0,-775493,248000,0,2247000,204000,0,3022493
20260121,2379,瑞昱,513.0,514.0,502.0,502.0,-,15.0,2815980,1423774015.0,-703534,-145000,112581,917566,10000,225300,1621100,155000,112719
20260121,5521,工信,26.35,26.45,25.0,25.25,-,0.75,9223403,236867194.0,-295000,0,-445580,2509000,0,19000,2804000,0,464580
20260121,6446,藥華藥,580.0,580.0,549.0,550.0,-,32.0,4174280,2342188427.0,-588383,-154000,-2226,891646,4000,60000,1480029,158000,62226
20260121,1529,樂事綠能,24.25,26.4,24.15,25.6,+,1.6,15659985,402306257.0,-751900,0,3422,2246100,0,8152,2998000,0,4730
20260121,2316,楠梓電,97.9,100.0,97.0,97.0,-,2.0,2888627,283219635.0,-638800,0,-132202,503200,0,12802,1142000,0,145004
20260121,5469,瀚宇博,103.0,104.5,98.9,99.4,-,5.1,10316191,1042151268.0,4830,-7000,-778592,3270020,0,54617,3265190,7000,833209
20260121,8028,昇陽半導體,177.0,181.0,172.0,173.5,-,5.5,7238319,1271135247.0,-319910,-344000,-121247,1671075,36000,169224,1990985,380000,290471
20260121,3711,日月光投控,295.0,298.0,290.0,291.0,-,5.0,20850621,6118441121.0,-183647,-438010,-175409,13337537,106160,493478,13521184,544170,668887
20260121,2454,聯發科,1470.0,1495.0,1450.0,1465.0,-,20.0,8818222,12981058725.0,35911,-862642,29268,4782586,280080,254943,4746675,1142722,225675
20260121,1907,永豐餘,25.05,25.1,24.8,24.85,-,0.4,1631204,40618487.0,-840970,-10001,29714,229030,0,53000,1070000,10001,23286
20260121,2302,麗正,20.3,22.0,19.95,21.35,+,1.3,7441906,159331807.0,-800000,-48000,15147,1199000,0,17147,1999000,48000,2000
20260121,4904,遠傳,90.0,90.6,89.6,89.8,-,0.5,3338679,300109977.0,-220280,-738000,119000,1826349,0,239000,2046629,738000,120000
20260121,2474,可成,204.0,207.0,203.0,204.0,-,1.0,3248484,664476251.0,-382353,-318971,-140368,1248647,9100,165124,1631000,328071,305492
20260121,1319,東陽,107.5,113.0,107.0,110.5,+,2.5,6016382,663846709.0,-1059743,9100,199547,1458447,18000,471392,2518190,8900,271845
20260121,2614,東森,22.1,22.1,21.35,21.4,-,0.7,2338749,50386547.0,-693460,-176000,5000,397000,0,5000,1090460,176000,0
20260121,2382,廣達,275.5,279.5,273.5,275.0,-,2.5,15233756,4205250605.0,-682927,-574493,392709,7289108,37000,524034,7972035,611493,131325
20260121,4164,承業醫,35.3,35.3,34.3,34.6,-,0.6,1801984,62475429.0,-875900,0,-1937,193100,0,27000,1069000,0,28937
20260121,3645,達邁,67.1,67.7,63.2,64.3,-,2.9,7058803,460224495.0,-616700,0,-274029,1389000,0,98324,2005700,0,372353
20260121,3135,凌航,136.0,140.0,125.0,126.0,-,8.0,6297753,827291748.0,-925920,0,-21000,1218080,0,20000,2144000,0,41000
20260121,6806,森崴能源,50.0,51.9,49.2,49.7,-,1.6,4208814,211324652.0,-947000,-1000,-210,823000,0,36038,1770000,1000,36248
20260121,4915,致伸,79.8,80.2,78.5,78.5,-,2.0,2842786,225090191.0,-706000,-202673,-46756,1105000,0,12653,1811000,202673,59409
20260121,2034,允強,20.6,20.7,20.35,20.5,-,0.25,2079546,42663716.0,-925000,0,-42984,275000,0,31000,1200000,0,73984
20260121,7780,大研生醫*,24.55,24.55,24.55,24.55,+,2.2,9353709,229633477.0,-785000,0,-183593,0,0,16407,785000,0,200000
20260121,4912,聯德控股-KY,99.7,99.8,92.1,93.6,-,5.2,2585295,249823728.0,-1071000,82000,-4928,308000,82000,2000,1379000,0,6928
20260121,2313,華通,146.0,151.5,143.0,144.5,-,3.5,68405080,10005509722.0,495502,-468000,-1026596,23758502,918000,848130,23263000,1386000,1874726
20260121,2455,全新,185.0,196.0,174.5,176.5,-,8.0,44169051,8201557987.0,-597237,288000,-692959,11184100,399000,621805,11781337,111000,1314764
20260121,3034,聯詠,389.0,390.0,377.5,377.5,-,14.5,5343350,2042674764.0,-444284,-632525,69916,1929016,10400,250000,2373300,642925,180084
20260121,8261,富鼎,96.0,101.0,95.7,98.2,+,1.5,7678545,753584001.0,-940880,-45000,-42689,1327120,0,53863,2268000,45000,96552
20260121,3060,銘異,36.05,36.15,34.35,34.5,-,1.9,10012844,351420490.0,-1012500,0,-20847,2063500,0,17000,3076000,0,37847
20260121,2014,中鴻,16.45,16.5,16.15,16.2,-,0.4,6135911,100043287.0,-650000,0,-395356,887000,0,63000,1537000,0,458356
20260121,2402,毅嘉,56.4,56.6,53.3,54.2,-,2.2,9335276,513899390.0,-1062780,191000,-173788,2139220,191000,37000,3202000,0,210788
20260121,3006,晶豪科,150.0,150.0,137.0,137.0,-,15.0,4847248,680567618.0,-534500,5000,-532465,620500,5000,212423,1155000,0,744888
20260121,2897,王道銀行,9.11,9.13,9.09,9.12,,0.0,3316706,30234210.0,-986000,-5000,-80000,663000,0,44000,1649000,5000,124000
20260121,3013,晟銘電,120.5,120.5,116.5,117.0,-,3.5,3681312,434662383.0,-607985,-443000,-34510,377015,0,38000,985000,443000,72510
20260121,6962,奕力-KY,38.8,40.7,38.15,39.05,+,0.2,5760385,228084231.0,-1074000,-8000,-6309,1117000,0,17593,2191000,8000,23902
20260121,2484,希華,29.9,29.95,28.0,28.5,-,1.5,6054168,174353218.0,-1102900,0,-10152,932100,0,10000,2035000,0,20152
20260121,2368,金像電,624.0,630.0,593.0,596.0,-,34.0,14388370,8703455200.0,4942367,-5697420,-361715,7318767,19000,265556,2376400,5716420,627271
20260121,00904,台新臺灣半導體30,26.37,26.63,26.11,26.28,-,0.36,7774345,204960685.0,-174000,0,-962379,561000,0,2241116,735000,0,3203495
20260121,00964,中信亞太高股息,12.54,12.57,12.46,12.5,-,0.06,3419447,42752908.0,39000,0,-1207131,113000,0,1854000,74000,0,3061131
20260121,6196,帆宣,305.5,305.5,288.0,290.0,-,18.0,3897515,1147485649.0,-1227210,173830,-129263,688290,204000,91387,1915500,30170,220650
20260121,6706,惠特,125.5,125.5,116.0,116.0,-,12.5,10089882,1198633669.0,-1191990,0,8156,1504210,0,92181,2696200,0,84025
20260121,1313,聯成,10.55,10.55,10.3,10.45,-,0.2,2952961,30697813.0,-1215000,0,-3000,616000,0,15000,1831000,0,18000
20260121,4763,材料*-KY,51.7,51.8,50.7,50.8,-,0.9,5002213,255095685.0,-1090806,-83392,-53920,856000,0,48300,1946806,83392,102220
20260121,2903,遠百,22.0,22.0,21.85,21.9,-,0.05,2641136,57900842.0,-599000,-683000,13000,603000,0,31000,1202000,683000,18000
20260121,3702,大聯大,63.2,63.7,62.7,63.2,-,0.5,6508048,410668341.0,1196900,-2290000,-185425,2786000,21000,307000,1589100,2311000,492425
20260121,6505,台塑化,46.35,46.6,45.75,45.8,-,0.55,7494506,345126878.0,-922088,-129431,-228127,3255912,0,289000,4178000,129431,517127
20260121,8039,台虹,90.0,92.7,88.4,89.2,-,2.3,19119785,1724921605.0,-549481,-138000,-596218,5216000,0,323182,5765481,138000,919400
20260121,1409,新纖,15.35,15.4,15.0,15.05,-,0.4,5394906,81719390.0,-1265000,0,-19650,1219000,0,53000,2484000,0,72650
20260121,3167,大量,230.0,230.0,219.0,219.0,-,11.0,4662230,1038632606.0,-1344000,32000,-28335,481000,95000,36000,1825000,63000,64335
20260121,00646,元大S&P500,67.8,67.85,67.65,67.75,-,0.5,3093856,209581988.0,4593,0,-1450000,26593,0,215000,22000,0,1665000
20260121,00965,元大航太防衛科技,25.94,25.94,25.74,25.84,-,0.2,5372140,138872728.0,-215572,-860000,-393131,392428,40000,836000,608000,900000,1229131
20260121,8131,福懋科,72.1,73.2,67.1,68.0,-,5.2,18332485,1271400698.0,-1667200,129000,12772,3367800,129000,128627,5035000,0,115855
20260121,2204,中華,58.1,58.1,57.0,57.0,-,1.1,2396035,137381086.0,-1377170,-189961,-2923,193830,0,19000,1571000,189961,21923
20260121,2495,普安,33.0,34.5,32.5,32.7,-,0.9,9374376,311432709.0,-1736000,189000,-25702,1430000,189000,5000,3166000,0,30702
20260121,8021,尖點,222.5,226.5,217.5,220.0,-,5.0,12415843,2739277612.0,-1569893,32000,-42308,3002027,32000,120000,4571920,0,162308
20260121,8112,至上,75.2,76.3,72.1,72.9,-,3.5,24710268,1821521970.0,-815985,-13108,-765415,5519060,0,639204,6335045,13108,1404619
20260121,2845,遠東銀,12.65,12.65,12.6,12.65,,0.0,5732984,72376658.0,-1557792,-5000,-71000,1575000,0,76000,3132792,5000,147000
20260121,2376,技嘉,236.5,244.0,235.0,236.5,-,1.5,5102857,1218793611.0,-1545926,-418000,214963,981450,7000,341826,2527376,425000,126863
20260121,2357,華碩,505.0,506.0,500.0,501.0,-,9.0,5241739,2632703483.0,-1534604,-473549,233121,1993333,10000,369000,3527937,483549,135879
20260121,8249,菱光,62.1,64.6,61.5,62.1,+,3.2,18353357,1151673116.0,-1805800,0,23918,2148200,0,215817,3954000,0,191899
20260121,2426,鼎元,20.15,21.65,19.4,19.9,-,0.25,12599400,258922630.0,-1791000,0,-25467,2074000,0,19000,3865000,0,44467
20260121,2882,國泰金,76.6,77.1,75.3,75.7,-,0.9,21849416,1658064430.0,2216051,-4010425,-51634,16579101,0,572022,14363050,4010425,623656
20260121,2449,京元電子,271.0,278.0,266.0,267.0,-,7.5,17051786,4612919687.0,-998547,-336410,-517375,5404164,41000,492203,6402711,377410,1009578
20260121,2412,中華電,133.5,133.5,132.5,133.0,,0.0,7233783,962903265.0,-1362589,-478000,-22066,2946011,80000,152934,4308600,558000,175000
20260121,2340,台亞,29.1,30.8,28.85,28.85,-,0.2,13666825,406788548.0,-1885000,0,-15761,2304000,0,227900,4189000,0,243661
20260121,1909,榮成,10.0,10.05,9.85,9.86,-,0.14,2981011,29508261.0,-1284000,0,-632000,314000,0,23000,1598000,0,655000
20260121,2913,農林,13.15,13.2,12.95,13.05,-,0.1,2936788,38336222.0,-1846950,0,-98313,112050,0,7000,1959000,0,105313
20260121,3714,富采,36.45,36.75,35.35,35.5,-,1.65,5369140,193040674.0,-1958500,0,-9567,796000,0,70000,2754500,0,79567
20260121,2377,微星,100.5,102.0,99.5,99.7,-,0.8,6716057,674093415.0,-1937374,4000,-38116,1747210,9000,189000,3684584,5000,227116
20260121,2915,潤泰全,52.0,52.0,51.0,51.3,-,0.8,3767731,193989459.0,-1840000,-201000,-20767,256000,0,24000,2096000,201000,44767
20260121,2451,創見,250.0,253.0,226.0,231.0,-,17.0,17674495,4187823751.0,-2046007,118689,-235368,3752193,333500,179548,5798200,214811,414916
20260121,3535,晶彩科,113.0,114.0,104.0,104.0,-,11.5,11330066,1223198371.0,-2134888,0,-37000,1676112,0,16000,3811000,0,53000
20260121,2023,燁輝,14.8,14.8,14.6,14.75,-,0.05,4054987,59586002.0,-2162000,0,-32000,251000,0,21000,2413000,0,53000
20260121,00922,國泰台灣領袖50,27.85,28.04,27.73,27.79,-,0.25,9574841,266563546.0,-194380,0,-2005625,77620,0,2555000,272000,0,4560625
20260121,1609,大亞,42.55,45.3,42.55,43.0,+,0.45,48425927,2121087786.0,-3552453,-2000,1260191,11406807,0,1689501,14959260,2000,429310
20260121,2615,萬海,76.6,77.6,76.0,76.0,-,0.6,7907124,605361178.0,-1949714,-369779,21730,2398286,0,176931,4348000,369779,155201
20260121,00891,中信關鍵半導體,22.65,22.79,22.38,22.46,-,0.27,16114877,364040238.0,-197025,0,-2130975,774000,0,3828242,971025,0,5959217
20260121,3376,新日興,241.0,250.0,230.0,230.0,-,4.5,19268438,4621018734.0,-2774726,575000,-135273,5223025,575000,516480,7997751,0,651753
20260121,2327,國巨*,282.0,287.5,277.0,277.5,-,12.0,57194515,16039704417.0,-262157,-78721,-2045602,18090328,247000,891299,18352485,325721,2936901
20260121,3033,威健,30.85,32.5,30.65,31.6,+,1.05,16513110,523818377.0,-2426000,-4250,-15981,2099000,0,122306,4525000,4250,138287
20260121,2890,永豐金,29.05,29.2,28.9,28.9,-,0.2,16934275,491488407.0,-2407204,-1342589,1300862,8002992,206000,1804335,10410196,1548589,503473
20260121,2838,聯邦銀,18.55,18.55,18.25,18.3,-,0.2,5023746,92160107.0,-282238,-2186000,-37000,1408102,0,85000,1690340,2186000,122000
20260121,2883,凱基金,18.0,18.0,17.8,17.8,-,0.3,41342246,738809731.0,-2075587,-2613000,2145253,17322741,0,2392000,19398328,2613000,246747
20260121,1608,華榮,39.0,39.6,38.3,38.3,-,1.1,9036112,350660108.0,-2450830,-111911,-51573,1318170,0,63001,3769000,111911,114574
20260121,5871,中租-KY,104.0,105.5,103.5,103.5,-,1.0,5603365,584227417.0,-2251791,-320248,-73166,1380871,0,49272,3632662,320248,122438
20260121,8110,華東,85.0,85.5,78.7,80.2,-,4.8,50413690,4098213320.0,-2910700,248000,-50833,10244800,248000,154000,13155500,0,204833
20260121,1101,台泥,25.75,26.45,25.5,26.15,+,0.3,57836785,1503835755.0,-4056150,-22000,1330794,15376850,0,1941831,19433000,22000,611037
20260121,2344,華邦電,112.0,112.0,103.0,105.5,-,7.5,65297844,6924443479.0,-4522107,-151000,1847172,13477793,148000,4397000,17999900,299000,2549828
20260121,2481,強茂,97.2,98.3,91.8,93.7,-,3.9,53324045,5075570400.0,676620,-2107520,-1521754,14112000,230000,584373,13435380,2337520,2106127
20260121,3005,神基,117.5,118.0,115.5,115.5,-,2.5,4535485,527628815.0,-2853776,-294000,109968,686921,5000,188000,3540697,299000,78032
20260121,1809,中釉,29.8,29.8,28.0,28.4,+,0.9,34416113,992132523.0,-3229000,0,91322,5230000,0,112000,8459000,0,20678
20260121,2105,正新,31.7,31.7,31.1,31.25,-,0.65,9342094,292234577.0,-3284000,-330879,382882,2044000,0,645273,5328000,330879,262391
20260121,1314,中石化,8.2,8.2,8.02,8.08,-,0.07,17386801,140397909.0,-2202392,0,-1080000,5020608,0,49000,7223000,0,1129000
20260121,3576,聯合再生,11.4,11.45,10.7,10.75,-,0.6,21740968,238864533.0,-3561000,0,-5868,2619000,0,25000,6180000,0,30868
20260121,2633,台灣高鐵,27.15,27.15,27.0,27.0,-,0.1,7246306,195912543.0,-3491219,-14682,-67002,1272576,0,40000,4763795,14682,107002
20260121,2027,大成鋼,36.05,36.05,35.65,35.75,-,0.4,13468257,482221554.0,-2756324,0,-876081,2258700,0,494000,5015024,0,1370081
20260121,2885,元大金,41.5,41.65,41.0,41.35,-,0.35,22466481,928312571.0,1837199,-6795028,1322189,12219299,60000,1591035,10382100,6855028,268846
20260121,5876,上海商銀,39.2,39.2,39.0,39.15,-,0.05,7305869,285535029.0,-2810254,-1722924,782325,1231846,0,908000,4042100,1722924,125675
20260121,2457,飛宏,34.0,37.0,33.25,37.0,+,3.35,71697002,2548726801.0,-4918779,0,1011988,10087000,0,1384406,15005779,0,372418
20260121,3189,景碩,206.0,218.0,200.0,200.0,-,6.5,72926558,15193069799.0,-6861969,3451000,-665444,18505672,3455000,922588,25367641,4000,1588032
20260121,9945,潤泰新,29.5,29.5,29.1,29.15,-,0.35,8020326,234525031.0,-3897000,0,-192766,1045000,0,43237,4942000,0,236003
20260121,3059,華晶科,40.85,43.6,40.25,43.35,+,2.4,17481616,748643126.0,-4451078,0,351636,2872000,0,393906,7323078,0,42270
20260121,2881,富邦金,93.7,94.0,92.8,93.0,-,1.0,20749683,1935931677.0,21518,-3982783,-324509,9653460,0,536000,9631942,3982783,860509
20260121,00935,野村臺灣新科技50,33.88,34.26,33.56,33.68,-,0.39,11300227,382649563.0,-144709,0,-4244007,763291,0,3886084,908000,0,8130091
20260121,2891,中信金,51.0,51.2,50.5,50.6,-,0.4,24895385,1263807400.0,-3122757,-3107585,1826303,12485383,2000,2328000,15608140,3109585,501697
20260121,2337,旺宏,78.8,78.8,69.2,73.3,-,3.5,88447655,6398409069.0,2393511,-11828000,4977844,14704887,50000,6050821,12311376,11878000,1072977
20260121,1513,中興電,177.0,187.5,175.0,177.5,+,1.0,91704259,16506384082.0,-4819861,-1188,-106712,19987339,0,1117376,24807200,1188,1224088
20260121,6443,元晶,42.3,43.6,39.55,39.8,-,1.0,240389188,10037000445.0,-4738858,0,-223138,47202430,0,1012903,51941288,0,1236041
20260121,2408,南亞科,266.0,267.0,245.0,251.0,-,21.0,28926625,7279068721.0,-5288761,-114000,330170,6811461,46000,2564314,12100222,160000,2234144
20260121,6116,彩晶,10.0,10.2,9.84,9.89,-,0.36,20865980,207738974.0,-3907470,0,-1269157,2124530,0,38000,6032000,0,1307157
20260121,2812,台中銀,20.6,20.65,20.5,20.5,-,0.2,13491823,277268873.0,-5182728,-5874,-62000,389000,0,95000,5571728,5874,157000
20260121,00917,中信特選金融,22.1,22.17,22.03,22.07,-,4.66,15010440,331408725.0,-410840,0,-4947090,126160,0,731000,537000,0,5678090
20260121,3706,神達,82.7,83.4,81.5,82.0,-,1.4,16029083,1317282162.0,-4943400,9560,-444402,1624700,12000,423000,6568100,2440,867402
20260121,9904,寶成,31.4,31.4,30.55,30.7,-,0.7,13641536,420982284.0,-4860000,-366991,-257465,4904000,0,626000,9764000,366991,883465
20260121,1102,亞泥,36.05,36.05,35.5,35.55,-,0.5,11445668,408248899.0,-5037055,-1155614,592708,2323945,0,683000,7361000,1155614,90292
20260121,4938,和碩,69.5,69.7,68.3,68.5,-,1.0,12692253,872762525.0,-4742862,-1557893,322370,3001407,27000,604000,7744269,1584893,281630
20260121,00947,台新臺灣IC設計,22.58,22.65,21.69,21.92,-,0.8,17370631,383470638.0,265500,0,-6819972,871500,0,4095816,606000,0,10915788
20260121,2441,超豐,107.0,107.5,98.3,98.7,-,8.8,28065110,2827541652.0,-6014000,-23000,-1208082,5197000,35000,534469,11211000,58000,1742551
20260121,2886,兆豐金,40.0,40.15,39.8,39.8,-,0.2,24333630,971353753.0,-6410617,-2425132,1398185,5926615,0,1785000,12337232,2425132,386815
20260121,2369,菱生,32.7,33.05,30.3,30.55,-,1.8,38520136,1200692004.0,-7671400,0,-489826,6660600,0,70358,14332000,0,560184
20260121,2892,第一金,29.3,29.45,29.2,29.25,-,0.2,19584715,573648881.0,-7264190,-1146200,-81173,6329856,0,359000,13594046,1146200,440173
20260121,8150,南茂,72.0,72.9,65.7,66.2,-,5.5,67294423,4589012334.0,-6006212,0,-2520228,17297788,0,347489,23304000,0,2867717
20260121,1504,東元,88.0,90.2,86.0,86.0,-,2.8,42433534,3715903954.0,-9595569,-829695,-236640,8727831,0,475351,18323400,829695,711991
20260121,5880,合庫金,23.85,23.85,23.7,23.7,-,0.15,25903068,615528112.0,-11457276,-1119419,-55000,3731964,0,296000,15189240,1119419,351000
20260121,2353,宏碁,26.6,26.8,26.05,26.15,-,0.6,36126569,950685343.0,-13559938,-1679257,1146671,8945262,40000,1481000,22505200,1719257,334329
20260121,2801,彰銀,20.45,20.45,20.2,20.2,-,0.3,30906062,627140641.0,-14927854,-20343,-870701,6197946,0,214000,21125800,20343,1084701
20260121,2834,臺企銀,15.85,15.85,15.65,15.75,-,0.1,29823357,469691748.0,-16418089,-16779,-101000,3885481,0,160000,20303570,16779,261000
20260121,2329,華泰,70.0,71.1,63.2,63.8,-,6.1,56549340,3742783277.0,-15960905,332000,-1610173,9040095,332000,632646,25001000,0,2242819
20260121,00881,國泰台灣科技龍頭,33.16,33.46,32.97,33.06,-,0.31,46355331,1537216065.0,-1532570,0,-17966938,3614430,0,6601428,5147000,0,24568366
20260121,6282,康舒,65.0,65.9,60.4,61.1,-,2.7,179864780,11315786959.0,-17080145,988000,-3560251,39925550,1144000,1583398,57005695,156000,5143649
20260121,2887,台新新光金,22.7,22.8,22.05,22.1,-,0.8,157264106,3514317441.0,-19151844,-3546500,2097579,60238906,991000,2593282,79390750,4537500,495703
20260121,3231,緯創,135.0,137.5,133.5,133.5,-,2.5,57955907,7833800047.0,-20179894,-669000,-60717,8646396,55000,1022000,28826290,724000,1082717
20260121,2002,中鋼,19.1,19.15,18.9,18.95,-,0.2,45828256,869858922.0,-20222606,-1185000,-245329,6884394,0,558000,27107000,1185000,803329
20260121,2330,台積電,1745.0,1765.0,1740.0,1740.0,-,35.0,50745376,88675053916.0,-18029456,-3632892,-182299,16846828,715000,1583001,34876284,4347892,1765300
20260121,00830,國泰費城半導體,55.3,55.35,55.0,55.25,-,1.35,33099009,1829160654.0,-1013334,0,-21022063,1057166,0,1484000,2070500,0,22506063
20260121,2317,鴻海,221.0,225.0,219.0,219.0,-,4.5,81041618,17901650432.0,-24422138,-1407562,935697,20931118,173690,1928700,45353256,1581252,993003
20260121,1605,華新,42.0,42.6,39.05,39.65,-,2.75,160574690,6479663199.0,-10298904,-10665000,-7076129,35315810,100000,861921,45614714,10765000,7938050
20260121,6770,力積電,67.0,68.5,61.6,62.6,-,5.6,182416278,11785933766.0,-35202560,45000,3550726,19473420,45000,6238823,54675980,0,2688097
20260121,2371,大同,43.0,44.5,41.0,41.05,-,1.7,196470150,8388597174.0,-33452747,-14400,-1700744,31729003,5600,1064646,65181750,20000,2765390
20260121,0052,富邦科技,42.11,42.49,42.0,42.11,-,0.53,78759240,3319817575.0,-6238405,830000,-40693529,1674595,830000,2927000,7913000,0,43620529
20260121,3481,群創,26.2,28.0,24.8,27.15,,0.0,760462270,19965253920.0,-59805564,17792700,-7612495,165353277,17821700,6633242,225158841,29000,14245737
20260121,0056,元大高股息,38.39,38.53,38.09,38.21,-,0.24,153787590,5894370393.0,-18463071,14518000,-48928121,7423749,14518000,1826459,25886820,0,50754580
20260121,2303,聯電,70.9,71.9,67.1,68.4,+,0.6,440182510,30649061232.0,-53042858,1747005,-6902718,124603015,6860000,5973264,177645873,5112995,12875982
20260121,2409,友達,16.3,16.7,15.55,15.9,-,0.7,414140275,6649493546.0,-61332158,-3882000,-2119521,118265727,84000,2589778,179597885,3966000,4709299
20260121,0050,元大台灣50,71.8,72.5,71.7,71.85,-,0.75,173683092,12502883011.0,-56688381,5000000,-54033880,1692875,5000000,11091485,58381256,0,65125365
